strategy,filter_name,target_selectivity,actual_selectivity,top_k,query_idx,filter_time_ms,search_time_ms,total_time_ms,candidates_after_filter,results_returned,recall
brute_force,verified=false AND overall>=3.0,0.2,0.2011,10,0,0.0331,24.5592,24.5923,10,10,1.0
brute_force,verified=false AND overall>=3.0,0.2,0.2011,10,1,0.0318,24.5289,24.5607,10,10,1.0
brute_force,verified=false AND overall>=3.0,0.2,0.2011,10,2,0.0311,24.7359,24.767,10,10,1.0
brute_force,verified=false AND overall>=3.0,0.2,0.2011,10,3,0.04,24.4532,24.4932,10,10,1.0
brute_force,verified=false AND overall>=3.0,0.2,0.2011,10,4,0.0519,24.3095,24.3615,10,10,1.0
brute_force,verified=false AND overall>=3.0,0.2,0.2011,10,5,0.0245,24.2547,24.2792,10,10,1.0
brute_force,verified=false AND overall>=3.0,0.2,0.2011,10,6,0.0333,24.5982,24.6315,10,10,1.0
brute_force,verified=false AND overall>=3.0,0.2,0.2011,10,7,0.1131,24.3159,24.429,10,10,1.0
brute_force,verified=false AND overall>=3.0,0.2,0.2011,10,8,0.0342,24.4142,24.4485,10,10,1.0
brute_force,verified=false AND overall>=3.0,0.2,0.2011,10,9,0.0232,24.4124,24.4355,10,10,1.0
brute_force,verified=false AND overall>=3.0,0.2,0.2011,10,10,0.0261,24.6036,24.6297,10,10,1.0
brute_force,verified=false AND overall>=3.0,0.2,0.2011,10,11,0.0357,24.5388,24.5745,10,10,1.0
brute_force,verified=false AND overall>=3.0,0.2,0.2011,10,12,0.0382,28.7211,28.7592,10,10,1.0
brute_force,verified=false AND overall>=3.0,0.2,0.2011,10,13,0.0553,24.9925,25.0477,10,10,1.0
brute_force,verified=false AND overall>=3.0,0.2,0.2011,10,14,0.0358,24.7806,24.8164,10,10,1.0
brute_force,verified=false AND overall>=3.0,0.2,0.2011,10,15,0.0322,24.7248,24.7569,10,10,1.0
brute_force,verified=false AND overall>=3.0,0.2,0.2011,10,16,0.0489,24.6686,24.7175,10,10,1.0
brute_force,verified=false AND overall>=3.0,0.2,0.2011,10,17,0.0723,24.6397,24.7121,10,10,1.0
brute_force,verified=false AND overall>=3.0,0.2,0.2011,10,18,0.0443,24.7827,24.827,10,10,1.0
brute_force,verified=false AND overall>=3.0,0.2,0.2011,10,19,0.0351,25.2423,25.2774,10,10,1.0
brute_force,verified=false AND overall>=3.0,0.2,0.2011,10,20,0.0536,25.109,25.1627,10,10,1.0
brute_force,verified=false AND overall>=3.0,0.2,0.2011,10,21,0.0358,24.2574,24.2932,10,10,1.0
brute_force,verified=false AND overall>=3.0,0.2,0.2011,10,22,0.0333,24.3221,24.3553,10,10,1.0
brute_force,verified=false AND overall>=3.0,0.2,0.2011,10,23,0.0705,25.1591,25.2296,10,10,1.0
brute_force,verified=false AND overall>=3.0,0.2,0.2011,10,24,0.0338,25.5574,25.5912,10,10,1.0
brute_force,verified=false AND overall>=3.0,0.2,0.2011,10,25,0.1505,24.4804,24.6309,10,10,1.0
brute_force,verified=false AND overall>=3.0,0.2,0.2011,10,26,0.03,24.4909,24.5209,10,10,1.0
brute_force,verified=false AND overall>=3.0,0.2,0.2011,10,27,0.0197,24.3872,24.4069,10,10,1.0
brute_force,verified=false AND overall>=3.0,0.2,0.2011,10,28,0.0611,24.3109,24.372,10,10,1.0
brute_force,verified=false AND overall>=3.0,0.2,0.2011,10,29,0.081,24.5069,24.5878,10,10,1.0
brute_force,verified=false AND overall>=3.0,0.2,0.2011,10,30,0.125,24.3873,24.5123,10,10,1.0
brute_force,verified=false AND overall>=3.0,0.2,0.2011,10,31,0.044,24.315,24.359,10,10,1.0
brute_force,verified=false AND overall>=3.0,0.2,0.2011,10,32,0.104,24.5959,24.6998,10,10,1.0
brute_force,verified=false AND overall>=3.0,0.2,0.2011,10,33,0.0368,24.5669,24.6037,10,10,1.0
brute_force,verified=false AND overall>=3.0,0.2,0.2011,10,34,0.0389,24.6332,24.6721,10,10,1.0
brute_force,verified=false AND overall>=3.0,0.2,0.2011,10,35,0.041,24.561,24.602,10,10,1.0
brute_force,verified=false AND overall>=3.0,0.2,0.2011,10,36,0.0381,24.6386,24.6767,10,10,1.0
brute_force,verified=false AND overall>=3.0,0.2,0.2011,10,37,0.0697,24.6624,24.732,10,10,1.0
brute_force,verified=false AND overall>=3.0,0.2,0.2011,10,38,0.0358,24.7299,24.7657,10,10,1.0
brute_force,verified=false AND overall>=3.0,0.2,0.2011,10,39,0.0886,24.6398,24.7285,10,10,1.0
brute_force,verified=false AND overall>=3.0,0.2,0.2011,10,40,0.0553,24.6341,24.6894,10,10,1.0
brute_force,verified=false AND overall>=3.0,0.2,0.2011,10,41,0.0902,24.5297,24.62,10,10,1.0
brute_force,verified=false AND overall>=3.0,0.2,0.2011,10,42,0.0216,24.6228,24.6444,10,10,1.0
brute_force,verified=false AND overall>=3.0,0.2,0.2011,10,43,0.118,24.6466,24.7646,10,10,1.0
brute_force,verified=false AND overall>=3.0,0.2,0.2011,10,44,0.2396,24.7062,24.9458,10,10,1.0
brute_force,verified=false AND overall>=3.0,0.2,0.2011,10,45,0.0312,24.5168,24.548,10,10,1.0
brute_force,verified=false AND overall>=3.0,0.2,0.2011,10,46,0.0288,24.7175,24.7463,10,10,1.0
brute_force,verified=false AND overall>=3.0,0.2,0.2011,10,47,0.1457,24.5406,24.6863,10,10,1.0
brute_force,verified=false AND overall>=3.0,0.2,0.2011,10,48,0.04,24.9383,24.9782,10,10,1.0
brute_force,verified=false AND overall>=3.0,0.2,0.2011,10,49,0.1358,24.9458,25.0816,10,10,1.0
naive_prefilter,verified=false AND overall>=3.0,0.2,0.2011,10,0,17.9374,14.5126,32.45,38959,10,1.0
naive_prefilter,verified=false AND overall>=3.0,0.2,0.2011,10,1,18.3219,14.5211,32.843,38959,10,1.0
naive_prefilter,verified=false AND overall>=3.0,0.2,0.2011,10,2,18.335,14.5544,32.8894,38959,10,1.0
naive_prefilter,verified=false AND overall>=3.0,0.2,0.2011,10,3,18.4202,14.9028,33.323,38959,10,1.0
naive_prefilter,verified=false AND overall>=3.0,0.2,0.2011,10,4,18.3417,15.5002,33.8419,38959,10,1.0
naive_prefilter,verified=false AND overall>=3.0,0.2,0.2011,10,5,18.6374,14.8793,33.5167,38959,10,1.0
naive_prefilter,verified=false AND overall>=3.0,0.2,0.2011,10,6,18.518,14.7426,33.2606,38959,10,1.0
naive_prefilter,verified=false AND overall>=3.0,0.2,0.2011,10,7,17.8354,14.7575,32.5929,38959,10,1.0
naive_prefilter,verified=false AND overall>=3.0,0.2,0.2011,10,8,18.4963,14.7465,33.2428,38959,10,1.0
naive_prefilter,verified=false AND overall>=3.0,0.2,0.2011,10,9,18.502,14.8384,33.3403,38959,10,1.0
naive_prefilter,verified=false AND overall>=3.0,0.2,0.2011,10,10,18.3345,14.8577,33.1921,38959,10,1.0
naive_prefilter,verified=false AND overall>=3.0,0.2,0.2011,10,11,17.5485,14.9583,32.5068,38959,10,1.0
naive_prefilter,verified=false AND overall>=3.0,0.2,0.2011,10,12,18.0615,14.9879,33.0494,38959,10,1.0
naive_prefilter,verified=false AND overall>=3.0,0.2,0.2011,10,13,17.7219,15.1562,32.8781,38959,10,1.0
naive_prefilter,verified=false AND overall>=3.0,0.2,0.2011,10,14,18.6366,15.2468,33.8834,38959,10,1.0
naive_prefilter,verified=false AND overall>=3.0,0.2,0.2011,10,15,18.7326,15.1413,33.8738,38959,10,1.0
naive_prefilter,verified=false AND overall>=3.0,0.2,0.2011,10,16,19.1123,15.8665,34.9787,38959,10,1.0
naive_prefilter,verified=false AND overall>=3.0,0.2,0.2011,10,17,18.764,15.2321,33.9961,38959,10,1.0
naive_prefilter,verified=false AND overall>=3.0,0.2,0.2011,10,18,18.4084,14.9706,33.379,38959,10,1.0
naive_prefilter,verified=false AND overall>=3.0,0.2,0.2011,10,19,18.5267,14.9605,33.4871,38959,10,1.0
naive_prefilter,verified=false AND overall>=3.0,0.2,0.2011,10,20,18.3535,14.5405,32.894,38959,10,1.0
naive_prefilter,verified=false AND overall>=3.0,0.2,0.2011,10,21,17.6623,14.5032,32.1655,38959,10,1.0
naive_prefilter,verified=false AND overall>=3.0,0.2,0.2011,10,22,17.717,14.5742,32.2912,38959,10,1.0
naive_prefilter,verified=false AND overall>=3.0,0.2,0.2011,10,23,18.346,14.4729,32.8188,38959,10,1.0
naive_prefilter,verified=false AND overall>=3.0,0.2,0.2011,10,24,18.1396,14.5506,32.6903,38959,10,1.0
naive_prefilter,verified=false AND overall>=3.0,0.2,0.2011,10,25,18.1582,14.6068,32.7651,38959,10,1.0
naive_prefilter,verified=false AND overall>=3.0,0.2,0.2011,10,26,17.6012,14.6361,32.2373,38959,10,1.0
naive_prefilter,verified=false AND overall>=3.0,0.2,0.2011,10,27,17.766,14.975,32.7411,38959,10,1.0
naive_prefilter,verified=false AND overall>=3.0,0.2,0.2011,10,28,18.3117,14.5055,32.8172,38959,10,1.0
naive_prefilter,verified=false AND overall>=3.0,0.2,0.2011,10,29,17.8807,14.4721,32.3528,38959,10,1.0
naive_prefilter,verified=false AND overall>=3.0,0.2,0.2011,10,30,18.0053,14.5017,32.507,38959,10,0.9
naive_prefilter,verified=false AND overall>=3.0,0.2,0.2011,10,31,17.8717,14.514,32.3857,38959,10,1.0
naive_prefilter,verified=false AND overall>=3.0,0.2,0.2011,10,32,17.7742,14.4455,32.2197,38959,10,1.0
naive_prefilter,verified=false AND overall>=3.0,0.2,0.2011,10,33,18.1747,14.49,32.6647,38959,10,1.0
naive_prefilter,verified=false AND overall>=3.0,0.2,0.2011,10,34,18.3086,14.41,32.7186,38959,10,1.0
naive_prefilter,verified=false AND overall>=3.0,0.2,0.2011,10,35,18.3392,14.4705,32.8097,38959,10,1.0
naive_prefilter,verified=false AND overall>=3.0,0.2,0.2011,10,36,18.0352,14.6006,32.6358,38959,10,1.0
naive_prefilter,verified=false AND overall>=3.0,0.2,0.2011,10,37,17.7645,14.478,32.2425,38959,10,1.0
naive_prefilter,verified=false AND overall>=3.0,0.2,0.2011,10,38,18.2758,14.4713,32.7471,38959,10,1.0
naive_prefilter,verified=false AND overall>=3.0,0.2,0.2011,10,39,18.2485,14.502,32.7504,38959,10,1.0
naive_prefilter,verified=false AND overall>=3.0,0.2,0.2011,10,40,18.1031,14.4429,32.546,38959,10,1.0
naive_prefilter,verified=false AND overall>=3.0,0.2,0.2011,10,41,18.2745,14.485,32.7595,38959,10,1.0
naive_prefilter,verified=false AND overall>=3.0,0.2,0.2011,10,42,18.2809,14.4213,32.7022,38959,10,1.0
naive_prefilter,verified=false AND overall>=3.0,0.2,0.2011,10,43,18.0762,14.469,32.5452,38959,10,1.0
naive_prefilter,verified=false AND overall>=3.0,0.2,0.2011,10,44,18.146,14.5263,32.6723,38959,10,1.0
naive_prefilter,verified=false AND overall>=3.0,0.2,0.2011,10,45,18.1277,14.5505,32.6782,38959,10,1.0
naive_prefilter,verified=false AND overall>=3.0,0.2,0.2011,10,46,18.19,14.4747,32.6647,38959,10,1.0
naive_prefilter,verified=false AND overall>=3.0,0.2,0.2011,10,47,17.9167,14.4858,32.4025,38959,10,1.0
naive_prefilter,verified=false AND overall>=3.0,0.2,0.2011,10,48,17.988,14.4365,32.4244,38959,10,1.0
naive_prefilter,verified=false AND overall>=3.0,0.2,0.2011,10,49,18.2368,14.4407,32.6775,38959,10,1.0
post_filter,verified=false AND overall>=3.0,0.2,0.2011,10,0,0.011,0.3494,0.3604,10,10,1.0
post_filter,verified=false AND overall>=3.0,0.2,0.2011,10,1,0.0192,0.9062,0.9255,10,10,1.0
post_filter,verified=false AND overall>=3.0,0.2,0.2011,10,2,0.0219,0.7339,0.7558,10,10,1.0
post_filter,verified=false AND overall>=3.0,0.2,0.2011,10,3,0.0308,0.7615,0.7923,10,10,1.0
post_filter,verified=false AND overall>=3.0,0.2,0.2011,10,4,0.0406,0.9356,0.9763,10,10,1.0
post_filter,verified=false AND overall>=3.0,0.2,0.2011,10,5,0.018,0.733,0.751,10,10,1.0
post_filter,verified=false AND overall>=3.0,0.2,0.2011,10,6,0.0282,0.8861,0.9143,10,10,1.0
post_filter,verified=false AND overall>=3.0,0.2,0.2011,10,7,0.0943,0.6818,0.7761,10,10,1.0
post_filter,verified=false AND overall>=3.0,0.2,0.2011,10,8,0.0271,0.9893,1.0164,10,10,1.0
post_filter,verified=false AND overall>=3.0,0.2,0.2011,10,9,0.0161,0.8996,0.9157,10,10,1.0
post_filter,verified=false AND overall>=3.0,0.2,0.2011,10,10,0.0181,0.8256,0.8437,10,10,1.0
post_filter,verified=false AND overall>=3.0,0.2,0.2011,10,11,0.023,0.8082,0.8312,10,10,1.0
post_filter,verified=false AND overall>=3.0,0.2,0.2011,10,12,0.0246,0.625,0.6496,10,10,1.0
post_filter,verified=false AND overall>=3.0,0.2,0.2011,10,13,0.0417,0.6767,0.7184,10,10,1.0
post_filter,verified=false AND overall>=3.0,0.2,0.2011,10,14,0.0312,0.5385,0.5697,10,10,1.0
post_filter,verified=false AND overall>=3.0,0.2,0.2011,10,15,0.0201,0.4412,0.4613,10,10,1.0
post_filter,verified=false AND overall>=3.0,0.2,0.2011,10,16,0.0362,0.7823,0.8185,10,10,1.0
post_filter,verified=false AND overall>=3.0,0.2,0.2011,10,17,0.0588,0.6096,0.6684,10,10,1.0
post_filter,verified=false AND overall>=3.0,0.2,0.2011,10,18,0.0283,0.721,0.7493,10,10,1.0
post_filter,verified=false AND overall>=3.0,0.2,0.2011,10,19,0.0205,0.763,0.7835,10,10,1.0
post_filter,verified=false AND overall>=3.0,0.2,0.2011,10,20,0.0368,0.5591,0.5959,10,10,1.0
post_filter,verified=false AND overall>=3.0,0.2,0.2011,10,21,0.017,0.5809,0.5978,10,10,1.0
post_filter,verified=false AND overall>=3.0,0.2,0.2011,10,22,0.0195,0.644,0.6635,10,10,1.0
post_filter,verified=false AND overall>=3.0,0.2,0.2011,10,23,0.0532,0.585,0.6381,10,10,1.0
post_filter,verified=false AND overall>=3.0,0.2,0.2011,10,24,0.016,0.8971,0.9131,10,10,1.0
post_filter,verified=false AND overall>=3.0,0.2,0.2011,10,25,0.1391,0.2723,0.4114,10,10,0.6
post_filter,verified=false AND overall>=3.0,0.2,0.2011,10,26,0.0201,0.8084,0.8285,10,10,1.0
post_filter,verified=false AND overall>=3.0,0.2,0.2011,10,27,0.0128,0.7051,0.7179,10,10,1.0
post_filter,verified=false AND overall>=3.0,0.2,0.2011,10,28,0.0356,0.7461,0.7817,10,10,0.9
post_filter,verified=false AND overall>=3.0,0.2,0.2011,10,29,0.0584,0.4897,0.5481,10,10,1.0
post_filter,verified=false AND overall>=3.0,0.2,0.2011,10,30,0.0686,0.3716,0.4402,10,10,0.0
post_filter,verified=false AND overall>=3.0,0.2,0.2011,10,31,0.0274,0.7418,0.7693,10,10,1.0
post_filter,verified=false AND overall>=3.0,0.2,0.2011,10,32,0.0861,0.6167,0.7028,10,10,1.0
post_filter,verified=false AND overall>=3.0,0.2,0.2011,10,33,0.0232,0.436,0.4592,10,10,1.0
post_filter,verified=false AND overall>=3.0,0.2,0.2011,10,34,0.0271,0.7319,0.759,10,10,1.0
post_filter,verified=false AND overall>=3.0,0.2,0.2011,10,35,0.0307,0.7755,0.8063,10,10,1.0
post_filter,verified=false AND overall>=3.0,0.2,0.2011,10,36,0.0302,0.6512,0.6815,10,10,1.0
post_filter,verified=false AND overall>=3.0,0.2,0.2011,10,37,0.0587,0.5943,0.653,10,10,1.0
post_filter,verified=false AND overall>=3.0,0.2,0.2011,10,38,0.0268,0.9364,0.9632,10,10,1.0
post_filter,verified=false AND overall>=3.0,0.2,0.2011,10,39,0.0746,0.4598,0.5344,10,10,1.0
post_filter,verified=false AND overall>=3.0,0.2,0.2011,10,40,0.0415,0.9291,0.9706,10,10,1.0
post_filter,verified=false AND overall>=3.0,0.2,0.2011,10,41,0.0735,0.5159,0.5894,10,10,1.0
post_filter,verified=false AND overall>=3.0,0.2,0.2011,10,42,0.0165,0.7588,0.7753,10,10,1.0
post_filter,verified=false AND overall>=3.0,0.2,0.2011,10,43,0.0993,0.3969,0.4962,10,10,0.9
post_filter,verified=false AND overall>=3.0,0.2,0.2011,10,44,0.207,0.5795,0.7865,10,10,1.0
post_filter,verified=false AND overall>=3.0,0.2,0.2011,10,45,0.0252,0.8351,0.8603,10,10,1.0
post_filter,verified=false AND overall>=3.0,0.2,0.2011,10,46,0.0218,0.6846,0.7064,10,10,1.0
post_filter,verified=false AND overall>=3.0,0.2,0.2011,10,47,0.1218,0.2283,0.3501,10,10,1.0
post_filter,verified=false AND overall>=3.0,0.2,0.2011,10,48,0.0304,0.814,0.8444,10,10,1.0
post_filter,verified=false AND overall>=3.0,0.2,0.2011,10,49,0.0998,0.4063,0.5061,10,10,0.9
bitmap_prefilter,verified=false AND overall>=3.0,0.2,0.2011,10,0,0.0593,13.9271,13.9865,38959,10,1.0
bitmap_prefilter,verified=false AND overall>=3.0,0.2,0.2011,10,1,0.0481,13.9389,13.987,38959,10,1.0
bitmap_prefilter,verified=false AND overall>=3.0,0.2,0.2011,10,2,0.0657,13.9105,13.9762,38959,10,1.0
bitmap_prefilter,verified=false AND overall>=3.0,0.2,0.2011,10,3,0.0468,13.9187,13.9655,38959,10,1.0
bitmap_prefilter,verified=false AND overall>=3.0,0.2,0.2011,10,4,0.0799,14.1187,14.1986,38959,10,1.0
bitmap_prefilter,verified=false AND overall>=3.0,0.2,0.2011,10,5,0.0615,13.8687,13.9301,38959,10,1.0
bitmap_prefilter,verified=false AND overall>=3.0,0.2,0.2011,10,6,0.0548,13.8243,13.8791,38959,10,1.0
bitmap_prefilter,verified=false AND overall>=3.0,0.2,0.2011,10,7,0.0511,13.7562,13.8073,38959,10,1.0
bitmap_prefilter,verified=false AND overall>=3.0,0.2,0.2011,10,8,0.0844,13.8593,13.9437,38959,10,1.0
bitmap_prefilter,verified=false AND overall>=3.0,0.2,0.2011,10,9,0.052,13.8691,13.9211,38959,10,1.0
bitmap_prefilter,verified=false AND overall>=3.0,0.2,0.2011,10,10,0.0482,13.8466,13.8948,38959,10,1.0
bitmap_prefilter,verified=false AND overall>=3.0,0.2,0.2011,10,11,0.0483,13.8665,13.9149,38959,10,1.0
bitmap_prefilter,verified=false AND overall>=3.0,0.2,0.2011,10,12,0.0459,13.9946,14.0405,38959,10,1.0
bitmap_prefilter,verified=false AND overall>=3.0,0.2,0.2011,10,13,0.0464,13.7906,13.837,38959,10,1.0
bitmap_prefilter,verified=false AND overall>=3.0,0.2,0.2011,10,14,0.0665,13.7582,13.8246,38959,10,1.0
bitmap_prefilter,verified=false AND overall>=3.0,0.2,0.2011,10,15,0.0496,13.938,13.9875,38959,10,1.0
bitmap_prefilter,verified=false AND overall>=3.0,0.2,0.2011,10,16,0.0462,13.8402,13.8864,38959,10,1.0
bitmap_prefilter,verified=false AND overall>=3.0,0.2,0.2011,10,17,0.0557,13.8766,13.9322,38959,10,1.0
bitmap_prefilter,verified=false AND overall>=3.0,0.2,0.2011,10,18,0.057,13.798,13.855,38959,10,1.0
bitmap_prefilter,verified=false AND overall>=3.0,0.2,0.2011,10,19,0.0514,13.7971,13.8485,38959,10,1.0
bitmap_prefilter,verified=false AND overall>=3.0,0.2,0.2011,10,20,0.0466,13.8276,13.8742,38959,10,1.0
bitmap_prefilter,verified=false AND overall>=3.0,0.2,0.2011,10,21,0.046,13.924,13.97,38959,10,1.0
bitmap_prefilter,verified=false AND overall>=3.0,0.2,0.2011,10,22,0.045,13.8475,13.8925,38959,10,1.0
bitmap_prefilter,verified=false AND overall>=3.0,0.2,0.2011,10,23,0.0443,13.8054,13.8497,38959,10,1.0
bitmap_prefilter,verified=false AND overall>=3.0,0.2,0.2011,10,24,0.0439,13.8113,13.8552,38959,10,1.0
bitmap_prefilter,verified=false AND overall>=3.0,0.2,0.2011,10,25,0.0449,14.9746,15.0195,38959,10,1.0
bitmap_prefilter,verified=false AND overall>=3.0,0.2,0.2011,10,26,0.0454,34.9287,34.9741,38959,10,1.0
bitmap_prefilter,verified=false AND overall>=3.0,0.2,0.2011,10,27,0.0703,18.274,18.3443,38959,10,1.0
bitmap_prefilter,verified=false AND overall>=3.0,0.2,0.2011,10,28,0.0628,13.8657,13.9284,38959,10,1.0
bitmap_prefilter,verified=false AND overall>=3.0,0.2,0.2011,10,29,0.0521,13.887,13.9391,38959,10,1.0
bitmap_prefilter,verified=false AND overall>=3.0,0.2,0.2011,10,30,0.0466,13.7715,13.8181,38959,10,0.9
bitmap_prefilter,verified=false AND overall>=3.0,0.2,0.2011,10,31,0.0449,13.8565,13.9013,38959,10,1.0
bitmap_prefilter,verified=false AND overall>=3.0,0.2,0.2011,10,32,0.0436,13.7952,13.8388,38959,10,1.0
bitmap_prefilter,verified=false AND overall>=3.0,0.2,0.2011,10,33,0.0436,13.8922,13.9358,38959,10,1.0
bitmap_prefilter,verified=false AND overall>=3.0,0.2,0.2011,10,34,0.0449,13.8617,13.9066,38959,10,1.0
bitmap_prefilter,verified=false AND overall>=3.0,0.2,0.2011,10,35,0.0436,13.8143,13.858,38959,10,1.0
bitmap_prefilter,verified=false AND overall>=3.0,0.2,0.2011,10,36,0.0434,13.8576,13.901,38959,10,1.0
bitmap_prefilter,verified=false AND overall>=3.0,0.2,0.2011,10,37,0.0444,13.7777,13.8221,38959,10,1.0
bitmap_prefilter,verified=false AND overall>=3.0,0.2,0.2011,10,38,0.0445,13.8429,13.8874,38959,10,1.0
bitmap_prefilter,verified=false AND overall>=3.0,0.2,0.2011,10,39,0.0451,13.8118,13.857,38959,10,1.0
bitmap_prefilter,verified=false AND overall>=3.0,0.2,0.2011,10,40,0.043,13.8499,13.8929,38959,10,1.0
bitmap_prefilter,verified=false AND overall>=3.0,0.2,0.2011,10,41,0.043,13.808,13.851,38959,10,1.0
bitmap_prefilter,verified=false AND overall>=3.0,0.2,0.2011,10,42,0.0435,13.8776,13.921,38959,10,1.0
bitmap_prefilter,verified=false AND overall>=3.0,0.2,0.2011,10,43,0.0447,13.9636,14.0083,38959,10,1.0
bitmap_prefilter,verified=false AND overall>=3.0,0.2,0.2011,10,44,0.0439,13.8536,13.8975,38959,10,1.0
bitmap_prefilter,verified=false AND overall>=3.0,0.2,0.2011,10,45,0.0724,13.9901,14.0625,38959,10,1.0
bitmap_prefilter,verified=false AND overall>=3.0,0.2,0.2011,10,46,0.0454,13.8303,13.8757,38959,10,1.0
bitmap_prefilter,verified=false AND overall>=3.0,0.2,0.2011,10,47,0.0426,13.7854,13.828,38959,10,1.0
bitmap_prefilter,verified=false AND overall>=3.0,0.2,0.2011,10,48,0.0435,13.811,13.8545,38959,10,1.0
bitmap_prefilter,verified=false AND overall>=3.0,0.2,0.2011,10,49,0.0433,13.866,13.9092,38959,10,1.0
brute_force,verified=false AND overall>=3.0,0.2,0.2011,50,0,0.1016,24.4162,24.5178,50,50,1.0
brute_force,verified=false AND overall>=3.0,0.2,0.2011,50,1,0.1035,24.4867,24.5902,50,50,1.0
brute_force,verified=false AND overall>=3.0,0.2,0.2011,50,2,0.1337,24.8499,24.9836,50,50,1.0
brute_force,verified=false AND overall>=3.0,0.2,0.2011,50,3,0.1901,24.8068,24.9969,50,50,1.0
brute_force,verified=false AND overall>=3.0,0.2,0.2011,50,4,0.1601,24.7268,24.8869,50,50,1.0
brute_force,verified=false AND overall>=3.0,0.2,0.2011,50,5,0.0953,24.6651,24.7604,50,50,1.0
brute_force,verified=false AND overall>=3.0,0.2,0.2011,50,6,0.1342,24.382,24.5162,50,50,1.0
brute_force,verified=false AND overall>=3.0,0.2,0.2011,50,7,0.3153,24.4306,24.7459,50,50,1.0
brute_force,verified=false AND overall>=3.0,0.2,0.2011,50,8,0.1409,24.4412,24.5821,50,50,1.0
brute_force,verified=false AND overall>=3.0,0.2,0.2011,50,9,0.1025,24.7263,24.8288,50,50,1.0
brute_force,verified=false AND overall>=3.0,0.2,0.2011,50,10,0.1073,24.6418,24.7492,50,50,1.0
brute_force,verified=false AND overall>=3.0,0.2,0.2011,50,11,0.1073,24.7143,24.8216,50,50,1.0
brute_force,verified=false AND overall>=3.0,0.2,0.2011,50,12,0.1598,24.7431,24.9029,50,50,1.0
brute_force,verified=false AND overall>=3.0,0.2,0.2011,50,13,0.199,25.0344,25.2335,50,50,1.0
brute_force,verified=false AND overall>=3.0,0.2,0.2011,50,14,0.1932,24.5677,24.7609,50,50,1.0
brute_force,verified=false AND overall>=3.0,0.2,0.2011,50,15,0.1006,24.4901,24.5907,50,50,1.0
brute_force,verified=false AND overall>=3.0,0.2,0.2011,50,16,0.2273,24.4892,24.7164,50,50,1.0
brute_force,verified=false AND overall>=3.0,0.2,0.2011,50,17,0.2532,24.5034,24.7565,50,50,1.0
brute_force,verified=false AND overall>=3.0,0.2,0.2011,50,18,0.1582,24.3812,24.5394,50,50,1.0
brute_force,verified=false AND overall>=3.0,0.2,0.2011,50,19,0.092,24.387,24.4789,50,50,1.0
brute_force,verified=false AND overall>=3.0,0.2,0.2011,50,20,0.215,24.4782,24.6931,50,50,1.0
brute_force,verified=false AND overall>=3.0,0.2,0.2011,50,21,0.0906,24.3867,24.4773,50,50,1.0
brute_force,verified=false AND overall>=3.0,0.2,0.2011,50,22,0.0866,24.3635,24.4501,50,50,0.98
brute_force,verified=false AND overall>=3.0,0.2,0.2011,50,23,0.3026,24.4703,24.7729,50,50,1.0
brute_force,verified=false AND overall>=3.0,0.2,0.2011,50,24,0.076,24.3122,24.3881,50,50,1.0
brute_force,verified=false AND overall>=3.0,0.2,0.2011,50,25,0.5183,24.4554,24.9737,50,50,1.0
brute_force,verified=false AND overall>=3.0,0.2,0.2011,50,26,0.0814,24.6016,24.683,50,50,1.0
brute_force,verified=false AND overall>=3.0,0.2,0.2011,50,27,0.1146,24.352,24.4666,50,50,1.0
brute_force,verified=false AND overall>=3.0,0.2,0.2011,50,28,0.2562,24.5253,24.7815,50,50,1.0
brute_force,verified=false AND overall>=3.0,0.2,0.2011,50,29,0.3935,24.474,24.8675,50,50,1.0
brute_force,verified=false AND overall>=3.0,0.2,0.2011,50,30,0.4078,24.3547,24.7625,50,50,1.0
brute_force,verified=false AND overall>=3.0,0.2,0.2011,50,31,0.1122,24.378,24.4902,50,50,1.0
brute_force,verified=false AND overall>=3.0,0.2,0.2011,50,32,0.4421,24.5945,25.0365,50,50,1.0
brute_force,verified=false AND overall>=3.0,0.2,0.2011,50,33,0.1204,24.5491,24.6695,50,50,1.0
brute_force,verified=false AND overall>=3.0,0.2,0.2011,50,34,0.117,24.397,24.514,50,50,1.0
brute_force,verified=false AND overall>=3.0,0.2,0.2011,50,35,0.1437,24.4754,24.6191,50,50,1.0
brute_force,verified=false AND overall>=3.0,0.2,0.2011,50,36,0.156,24.3277,24.4837,50,50,1.0
brute_force,verified=false AND overall>=3.0,0.2,0.2011,50,37,0.1789,24.4916,24.6705,50,50,1.0
brute_force,verified=false AND overall>=3.0,0.2,0.2011,50,38,0.1408,24.2821,24.4229,50,50,1.0
brute_force,verified=false AND overall>=3.0,0.2,0.2011,50,39,0.4987,24.4852,24.9839,50,50,1.0
brute_force,verified=false AND overall>=3.0,0.2,0.2011,50,40,0.1582,24.4065,24.5647,50,50,1.0
brute_force,verified=false AND overall>=3.0,0.2,0.2011,50,41,0.3998,24.6604,25.0601,50,50,1.0
brute_force,verified=false AND overall>=3.0,0.2,0.2011,50,42,0.0973,24.2808,24.3781,50,50,1.0
brute_force,verified=false AND overall>=3.0,0.2,0.2011,50,43,0.4902,24.4765,24.9667,50,50,1.0
brute_force,verified=false AND overall>=3.0,0.2,0.2011,50,44,0.877,24.4327,25.3097,50,50,1.0
brute_force,verified=false AND overall>=3.0,0.2,0.2011,50,45,0.1108,24.5343,24.6451,50,50,1.0
brute_force,verified=false AND overall>=3.0,0.2,0.2011,50,46,0.1025,24.3896,24.4921,50,50,1.0
brute_force,verified=false AND overall>=3.0,0.2,0.2011,50,47,0.413,24.4478,24.8608,50,50,0.96
brute_force,verified=false AND overall>=3.0,0.2,0.2011,50,48,0.1562,24.4637,24.6199,50,50,1.0
brute_force,verified=false AND overall>=3.0,0.2,0.2011,50,49,0.5208,24.5463,25.0671,50,50,1.0
naive_prefilter,verified=false AND overall>=3.0,0.2,0.2011,50,0,18.0672,14.5681,32.6353,38959,50,1.0
naive_prefilter,verified=false AND overall>=3.0,0.2,0.2011,50,1,18.4619,14.6137,33.0756,38959,50,1.0
naive_prefilter,verified=false AND overall>=3.0,0.2,0.2011,50,2,18.4933,14.4749,32.9682,38959,50,1.0
naive_prefilter,verified=false AND overall>=3.0,0.2,0.2011,50,3,18.4919,14.4955,32.9874,38959,50,1.0
naive_prefilter,verified=false AND overall>=3.0,0.2,0.2011,50,4,18.2916,15.2147,33.5063,38959,50,1.0
naive_prefilter,verified=false AND overall>=3.0,0.2,0.2011,50,5,18.5609,14.4636,33.0245,38959,50,1.0
naive_prefilter,verified=false AND overall>=3.0,0.2,0.2011,50,6,18.3411,14.4772,32.8183,38959,50,1.0
naive_prefilter,verified=false AND overall>=3.0,0.2,0.2011,50,7,18.1128,14.5023,32.615,38959,50,1.0
naive_prefilter,verified=false AND overall>=3.0,0.2,0.2011,50,8,18.1764,14.4583,32.6347,38959,50,1.0
naive_prefilter,verified=false AND overall>=3.0,0.2,0.2011,50,9,18.0588,14.473,32.5317,38959,50,1.0
naive_prefilter,verified=false AND overall>=3.0,0.2,0.2011,50,10,18.0982,14.6359,32.7341,38959,50,1.0
naive_prefilter,verified=false AND overall>=3.0,0.2,0.2011,50,11,18.0371,14.4917,32.5288,38959,50,1.0
naive_prefilter,verified=false AND overall>=3.0,0.2,0.2011,50,12,18.0896,14.5435,32.6332,38959,50,1.0
naive_prefilter,verified=false AND overall>=3.0,0.2,0.2011,50,13,18.0448,14.4549,32.4998,38959,50,1.0
naive_prefilter,verified=false AND overall>=3.0,0.2,0.2011,50,14,18.249,14.4503,32.6993,38959,50,1.0
naive_prefilter,verified=false AND overall>=3.0,0.2,0.2011,50,15,18.0802,14.4658,32.5459,38959,50,1.0
naive_prefilter,verified=false AND overall>=3.0,0.2,0.2011,50,16,18.1436,14.449,32.5926,38959,50,1.0
naive_prefilter,verified=false AND overall>=3.0,0.2,0.2011,50,17,18.1782,14.4861,32.6642,38959,50,1.0
naive_prefilter,verified=false AND overall>=3.0,0.2,0.2011,50,18,18.08,14.519,32.599,38959,50,1.0
naive_prefilter,verified=false AND overall>=3.0,0.2,0.2011,50,19,17.6543,14.5005,32.1548,38959,50,1.0
naive_prefilter,verified=false AND overall>=3.0,0.2,0.2011,50,20,18.1545,14.4859,32.6404,38959,50,1.0
naive_prefilter,verified=false AND overall>=3.0,0.2,0.2011,50,21,17.9806,14.4811,32.4617,38959,50,1.0
naive_prefilter,verified=false AND overall>=3.0,0.2,0.2011,50,22,18.161,14.4142,32.5752,38959,50,0.98
naive_prefilter,verified=false AND overall>=3.0,0.2,0.2011,50,23,18.2173,14.4445,32.6617,38959,50,1.0
naive_prefilter,verified=false AND overall>=3.0,0.2,0.2011,50,24,18.1513,14.4954,32.6467,38959,50,1.0
naive_prefilter,verified=false AND overall>=3.0,0.2,0.2011,50,25,17.655,14.4927,32.1477,38959,50,1.0
naive_prefilter,verified=false AND overall>=3.0,0.2,0.2011,50,26,18.1189,14.5819,32.7008,38959,50,1.0
naive_prefilter,verified=false AND overall>=3.0,0.2,0.2011,50,27,18.057,14.5427,32.5997,38959,50,1.0
naive_prefilter,verified=false AND overall>=3.0,0.2,0.2011,50,28,18.3764,14.5035,32.8799,38959,50,1.0
naive_prefilter,verified=false AND overall>=3.0,0.2,0.2011,50,29,18.2257,14.5087,32.7344,38959,50,1.0
naive_prefilter,verified=false AND overall>=3.0,0.2,0.2011,50,30,18.0997,14.5153,32.615,38959,50,1.0
naive_prefilter,verified=false AND overall>=3.0,0.2,0.2011,50,31,18.2057,14.5239,32.7296,38959,50,1.0
naive_prefilter,verified=false AND overall>=3.0,0.2,0.2011,50,32,18.0219,14.921,32.9428,38959,50,1.0
naive_prefilter,verified=false AND overall>=3.0,0.2,0.2011,50,33,18.4425,15.591,34.0335,38959,50,1.0
naive_prefilter,verified=false AND overall>=3.0,0.2,0.2011,50,34,18.4961,14.5879,33.084,38959,50,1.0
naive_prefilter,verified=false AND overall>=3.0,0.2,0.2011,50,35,17.6275,14.5754,32.2029,38959,50,1.0
naive_prefilter,verified=false AND overall>=3.0,0.2,0.2011,50,36,18.326,14.5786,32.9047,38959,50,1.0
naive_prefilter,verified=false AND overall>=3.0,0.2,0.2011,50,37,17.6024,14.5773,32.1797,38959,50,1.0
naive_prefilter,verified=false AND overall>=3.0,0.2,0.2011,50,38,18.3078,14.5267,32.8344,38959,50,1.0
naive_prefilter,verified=false AND overall>=3.0,0.2,0.2011,50,39,18.1204,14.5411,32.6615,38959,50,1.0
naive_prefilter,verified=false AND overall>=3.0,0.2,0.2011,50,40,18.2125,14.792,33.0045,38959,50,1.0
naive_prefilter,verified=false AND overall>=3.0,0.2,0.2011,50,41,18.1895,14.6978,32.8873,38959,50,1.0
naive_prefilter,verified=false AND overall>=3.0,0.2,0.2011,50,42,18.048,14.5542,32.6023,38959,50,1.0
naive_prefilter,verified=false AND overall>=3.0,0.2,0.2011,50,43,18.0834,14.5355,32.6188,38959,50,1.0
naive_prefilter,verified=false AND overall>=3.0,0.2,0.2011,50,44,18.2012,14.5126,32.7138,38959,50,1.0
naive_prefilter,verified=false AND overall>=3.0,0.2,0.2011,50,45,18.1536,14.5321,32.6857,38959,50,1.0
naive_prefilter,verified=false AND overall>=3.0,0.2,0.2011,50,46,18.1243,14.4704,32.5947,38959,50,1.0
naive_prefilter,verified=false AND overall>=3.0,0.2,0.2011,50,47,18.0978,14.5435,32.6413,38959,50,0.96
naive_prefilter,verified=false AND overall>=3.0,0.2,0.2011,50,48,18.0605,14.5451,32.6056,38959,50,1.0
naive_prefilter,verified=false AND overall>=3.0,0.2,0.2011,50,49,18.1751,14.4995,32.6746,38959,50,1.0
post_filter,verified=false AND overall>=3.0,0.2,0.2011,50,0,0.0414,0.53,0.5714,50,50,1.0
post_filter,verified=false AND overall>=3.0,0.2,0.2011,50,1,0.0976,1.0811,1.1787,50,50,1.0
post_filter,verified=false AND overall>=3.0,0.2,0.2011,50,2,0.1143,0.8271,0.9415,50,50,0.98
post_filter,verified=false AND overall>=3.0,0.2,0.2011,50,3,0.1631,0.967,1.1301,50,50,0.92
post_filter,verified=false AND overall>=3.0,0.2,0.2011,50,4,0.1471,1.1271,1.2742,50,50,0.94
post_filter,verified=false AND overall>=3.0,0.2,0.2011,50,5,0.0934,1.009,1.1023,50,50,1.0
post_filter,verified=false AND overall>=3.0,0.2,0.2011,50,6,0.1609,1.1083,1.2692,50,50,0.98
post_filter,verified=false AND overall>=3.0,0.2,0.2011,50,7,0.2956,0.7868,1.0823,50,50,0.84
post_filter,verified=false AND overall>=3.0,0.2,0.2011,50,8,0.126,1.2016,1.3277,50,50,1.0
post_filter,verified=false AND overall>=3.0,0.2,0.2011,50,9,0.0885,1.1453,1.2337,50,50,0.98
post_filter,verified=false AND overall>=3.0,0.2,0.2011,50,10,0.0925,1.0328,1.1253,50,50,0.98
post_filter,verified=false AND overall>=3.0,0.2,0.2011,50,11,0.0988,0.9942,1.093,50,50,0.92
post_filter,verified=false AND overall>=3.0,0.2,0.2011,50,12,0.1408,0.8159,0.9567,50,50,1.0
post_filter,verified=false AND overall>=3.0,0.2,0.2011,50,13,0.1894,0.8546,1.044,50,50,0.98
post_filter,verified=false AND overall>=3.0,0.2,0.2011,50,14,0.169,0.653,0.822,50,50,0.98
post_filter,verified=false AND overall>=3.0,0.2,0.2011,50,15,0.0898,0.5593,0.6491,50,50,0.98
post_filter,verified=false AND overall>=3.0,0.2,0.2011,50,16,0.2137,1.0408,1.2545,50,50,0.9
post_filter,verified=false AND overall>=3.0,0.2,0.2011,50,17,0.2402,0.782,1.0222,50,50,0.74
post_filter,verified=false AND overall>=3.0,0.2,0.2011,50,18,0.1424,0.9198,1.0621,50,50,0.98
post_filter,verified=false AND overall>=3.0,0.2,0.2011,50,19,0.0769,0.9815,1.0584,50,50,0.98
post_filter,verified=false AND overall>=3.0,0.2,0.2011,50,20,0.1798,0.6963,0.8761,50,50,0.96
post_filter,verified=false AND overall>=3.0,0.2,0.2011,50,21,0.0752,0.7465,0.8217,50,50,1.0
post_filter,verified=false AND overall>=3.0,0.2,0.2011,50,22,0.0788,0.7971,0.8759,50,50,0.9
post_filter,verified=false AND overall>=3.0,0.2,0.2011,50,23,0.276,0.7525,1.0284,50,50,0.84
post_filter,verified=false AND overall>=3.0,0.2,0.2011,50,24,0.0657,1.0995,1.1652,50,50,1.0
post_filter,verified=false AND overall>=3.0,0.2,0.2011,50,25,0.565,0.3354,0.9005,28,28,0.22
post_filter,verified=false AND overall>=3.0,0.2,0.2011,50,26,0.0686,1.0651,1.1337,50,50,1.0
post_filter,verified=false AND overall>=3.0,0.2,0.2011,50,27,0.1084,0.9924,1.1008,50,50,1.0
post_filter,verified=false AND overall>=3.0,0.2,0.2011,50,28,0.2386,0.966,1.2045,50,50,0.82
post_filter,verified=false AND overall>=3.0,0.2,0.2011,50,29,0.2762,0.6078,0.884,50,50,0.74
post_filter,verified=false AND overall>=3.0,0.2,0.2011,50,30,0.5253,0.4544,0.9797,31,31,0.62
post_filter,verified=false AND overall>=3.0,0.2,0.2011,50,31,0.096,0.9933,1.0892,50,50,0.96
post_filter,verified=false AND overall>=3.0,0.2,0.2011,50,32,0.4129,0.7477,1.1606,50,50,0.76
post_filter,verified=false AND overall>=3.0,0.2,0.2011,50,33,0.1095,0.5667,0.6762,50,50,1.0
post_filter,verified=false AND overall>=3.0,0.2,0.2011,50,34,0.103,0.9468,1.0498,50,50,1.0
post_filter,verified=false AND overall>=3.0,0.2,0.2011,50,35,0.1306,0.9981,1.1287,50,50,0.98
post_filter,verified=false AND overall>=3.0,0.2,0.2011,50,36,0.1348,0.802,0.9369,50,50,0.96
post_filter,verified=false AND overall>=3.0,0.2,0.2011,50,37,0.1626,0.7323,0.8949,50,50,0.98
post_filter,verified=false AND overall>=3.0,0.2,0.2011,50,38,0.1246,1.2305,1.3551,50,50,1.0
post_filter,verified=false AND overall>=3.0,0.2,0.2011,50,39,0.4207,0.5662,0.9868,50,50,0.68
post_filter,verified=false AND overall>=3.0,0.2,0.2011,50,40,0.1372,1.2015,1.3386,50,50,0.98
post_filter,verified=false AND overall>=3.0,0.2,0.2011,50,41,0.4055,0.6365,1.042,50,50,0.78
post_filter,verified=false AND overall>=3.0,0.2,0.2011,50,42,0.0831,0.9737,1.0567,50,50,1.0
post_filter,verified=false AND overall>=3.0,0.2,0.2011,50,43,0.3788,0.4825,0.8613,50,50,0.44
post_filter,verified=false AND overall>=3.0,0.2,0.2011,50,44,0.7156,0.7194,1.435,50,50,0.66
post_filter,verified=false AND overall>=3.0,0.2,0.2011,50,45,0.0927,1.0493,1.142,50,50,0.94
post_filter,verified=false AND overall>=3.0,0.2,0.2011,50,46,0.0892,0.8735,0.9626,50,50,1.0
post_filter,verified=false AND overall>=3.0,0.2,0.2011,50,47,0.4546,0.2985,0.7531,15,15,0.26
post_filter,verified=false AND overall>=3.0,0.2,0.2011,50,48,0.1402,1.041,1.1812,50,50,0.92
post_filter,verified=false AND overall>=3.0,0.2,0.2011,50,49,0.4398,0.503,0.9428,50,50,0.46
bitmap_prefilter,verified=false AND overall>=3.0,0.2,0.2011,50,0,0.052,13.8311,13.883,38959,50,1.0
bitmap_prefilter,verified=false AND overall>=3.0,0.2,0.2011,50,1,0.0761,13.8801,13.9562,38959,50,1.0
bitmap_prefilter,verified=false AND overall>=3.0,0.2,0.2011,50,2,0.0502,13.8968,13.947,38959,50,1.0
bitmap_prefilter,verified=false AND overall>=3.0,0.2,0.2011,50,3,0.0473,13.863,13.9102,38959,50,1.0
bitmap_prefilter,verified=false AND overall>=3.0,0.2,0.2011,50,4,0.0477,13.7988,13.8465,38959,50,1.0
bitmap_prefilter,verified=false AND overall>=3.0,0.2,0.2011,50,5,0.0465,13.7692,13.8157,38959,50,1.0
bitmap_prefilter,verified=false AND overall>=3.0,0.2,0.2011,50,6,0.045,13.9355,13.9804,38959,50,1.0
bitmap_prefilter,verified=false AND overall>=3.0,0.2,0.2011,50,7,0.0478,13.9363,13.9841,38959,50,1.0
bitmap_prefilter,verified=false AND overall>=3.0,0.2,0.2011,50,8,0.0558,13.8819,13.9377,38959,50,1.0
bitmap_prefilter,verified=false AND overall>=3.0,0.2,0.2011,50,9,0.0609,13.8748,13.9357,38959,50,1.0
bitmap_prefilter,verified=false AND overall>=3.0,0.2,0.2011,50,10,0.052,13.873,13.925,38959,50,1.0
bitmap_prefilter,verified=false AND overall>=3.0,0.2,0.2011,50,11,0.0493,14.0547,14.104,38959,50,1.0
bitmap_prefilter,verified=false AND overall>=3.0,0.2,0.2011,50,12,0.0468,13.9144,13.9612,38959,50,1.0
bitmap_prefilter,verified=false AND overall>=3.0,0.2,0.2011,50,13,0.0745,13.909,13.9836,38959,50,1.0
bitmap_prefilter,verified=false AND overall>=3.0,0.2,0.2011,50,14,0.0622,13.9679,14.0301,38959,50,1.0
bitmap_prefilter,verified=false AND overall>=3.0,0.2,0.2011,50,15,0.0583,13.8403,13.8986,38959,50,1.0
bitmap_prefilter,verified=false AND overall>=3.0,0.2,0.2011,50,16,0.0542,13.8686,13.9227,38959,50,1.0
bitmap_prefilter,verified=false AND overall>=3.0,0.2,0.2011,50,17,0.0523,13.828,13.8803,38959,50,1.0
bitmap_prefilter,verified=false AND overall>=3.0,0.2,0.2011,50,18,0.0482,13.8325,13.8807,38959,50,1.0
bitmap_prefilter,verified=false AND overall>=3.0,0.2,0.2011,50,19,0.047,13.8344,13.8814,38959,50,1.0
bitmap_prefilter,verified=false AND overall>=3.0,0.2,0.2011,50,20,0.0495,13.9353,13.9848,38959,50,1.0
bitmap_prefilter,verified=false AND overall>=3.0,0.2,0.2011,50,21,0.0478,13.8775,13.9253,38959,50,1.0
bitmap_prefilter,verified=false AND overall>=3.0,0.2,0.2011,50,22,0.0464,13.8495,13.8959,38959,50,0.98
bitmap_prefilter,verified=false AND overall>=3.0,0.2,0.2011,50,23,0.0469,13.9073,13.9542,38959,50,1.0
bitmap_prefilter,verified=false AND overall>=3.0,0.2,0.2011,50,24,0.0491,14.0082,14.0573,38959,50,1.0
bitmap_prefilter,verified=false AND overall>=3.0,0.2,0.2011,50,25,0.0463,13.8994,13.9456,38959,50,1.0
bitmap_prefilter,verified=false AND overall>=3.0,0.2,0.2011,50,26,0.0446,13.8773,13.9219,38959,50,1.0
bitmap_prefilter,verified=false AND overall>=3.0,0.2,0.2011,50,27,0.0442,13.9047,13.9489,38959,50,1.0
bitmap_prefilter,verified=false AND overall>=3.0,0.2,0.2011,50,28,0.0468,13.8806,13.9274,38959,50,1.0
bitmap_prefilter,verified=false AND overall>=3.0,0.2,0.2011,50,29,0.0448,13.8512,13.896,38959,50,1.0
bitmap_prefilter,verified=false AND overall>=3.0,0.2,0.2011,50,30,0.0444,13.823,13.8674,38959,50,1.0
bitmap_prefilter,verified=false AND overall>=3.0,0.2,0.2011,50,31,0.0448,13.9098,13.9546,38959,50,1.0
bitmap_prefilter,verified=false AND overall>=3.0,0.2,0.2011,50,32,0.0436,13.8494,13.893,38959,50,1.0
bitmap_prefilter,verified=false AND overall>=3.0,0.2,0.2011,50,33,0.044,13.9028,13.9467,38959,50,1.0
bitmap_prefilter,verified=false AND overall>=3.0,0.2,0.2011,50,34,0.0446,13.9105,13.9551,38959,50,1.0
bitmap_prefilter,verified=false AND overall>=3.0,0.2,0.2011,50,35,0.0443,13.8834,13.9277,38959,50,1.0
bitmap_prefilter,verified=false AND overall>=3.0,0.2,0.2011,50,36,0.0437,13.9437,13.9874,38959,50,1.0
bitmap_prefilter,verified=false AND overall>=3.0,0.2,0.2011,50,37,0.0442,13.878,13.9222,38959,50,1.0
bitmap_prefilter,verified=false AND overall>=3.0,0.2,0.2011,50,38,0.0444,13.8866,13.931,38959,50,1.0
bitmap_prefilter,verified=false AND overall>=3.0,0.2,0.2011,50,39,0.044,13.8987,13.9427,38959,50,1.0
bitmap_prefilter,verified=false AND overall>=3.0,0.2,0.2011,50,40,0.0442,13.8409,13.8851,38959,50,1.0
bitmap_prefilter,verified=false AND overall>=3.0,0.2,0.2011,50,41,0.0433,13.8479,13.8912,38959,50,1.0
bitmap_prefilter,verified=false AND overall>=3.0,0.2,0.2011,50,42,0.0501,13.9268,13.9769,38959,50,1.0
bitmap_prefilter,verified=false AND overall>=3.0,0.2,0.2011,50,43,0.0427,13.9548,13.9975,38959,50,1.0
bitmap_prefilter,verified=false AND overall>=3.0,0.2,0.2011,50,44,0.0433,13.8708,13.9141,38959,50,1.0
bitmap_prefilter,verified=false AND overall>=3.0,0.2,0.2011,50,45,0.0435,13.945,13.9886,38959,50,1.0
bitmap_prefilter,verified=false AND overall>=3.0,0.2,0.2011,50,46,0.0441,13.86,13.904,38959,50,1.0
bitmap_prefilter,verified=false AND overall>=3.0,0.2,0.2011,50,47,0.0423,13.8406,13.8829,38959,50,0.96
bitmap_prefilter,verified=false AND overall>=3.0,0.2,0.2011,50,48,0.0441,13.8488,13.893,38959,50,1.0
bitmap_prefilter,verified=false AND overall>=3.0,0.2,0.2011,50,49,0.0438,13.9327,13.9765,38959,50,1.0
brute_force,verified=false AND overall<=5.0,0.25,0.2486,10,0,0.0334,24.6738,24.7073,10,10,1.0
brute_force,verified=false AND overall<=5.0,0.25,0.2486,10,1,0.0249,24.7485,24.7734,10,10,1.0
brute_force,verified=false AND overall<=5.0,0.25,0.2486,10,2,0.0281,24.8385,24.8665,10,10,1.0
brute_force,verified=false AND overall<=5.0,0.25,0.2486,10,3,0.042,24.574,24.616,10,10,1.0
brute_force,verified=false AND overall<=5.0,0.25,0.2486,10,4,0.0298,24.4616,24.4915,10,10,1.0
brute_force,verified=false AND overall<=5.0,0.25,0.2486,10,5,0.0185,24.4065,24.425,10,10,1.0
brute_force,verified=false AND overall<=5.0,0.25,0.2486,10,6,0.0223,24.3838,24.406,10,10,1.0
brute_force,verified=false AND overall<=5.0,0.25,0.2486,10,7,0.0389,24.4961,24.535,10,10,1.0
brute_force,verified=false AND overall<=5.0,0.25,0.2486,10,8,0.027,24.3693,24.3963,10,10,1.0
brute_force,verified=false AND overall<=5.0,0.25,0.2486,10,9,0.0207,24.3772,24.3979,10,10,1.0
brute_force,verified=false AND overall<=5.0,0.25,0.2486,10,10,0.0238,24.3722,24.396,10,10,1.0
brute_force,verified=false AND overall<=5.0,0.25,0.2486,10,11,0.0289,24.5162,24.545,10,10,1.0
brute_force,verified=false AND overall<=5.0,0.25,0.2486,10,12,0.0309,24.5995,24.6303,10,10,1.0
brute_force,verified=false AND overall<=5.0,0.25,0.2486,10,13,0.059,24.6908,24.7498,10,10,1.0
brute_force,verified=false AND overall<=5.0,0.25,0.2486,10,14,0.0286,24.5749,24.6035,10,10,1.0
brute_force,verified=false AND overall<=5.0,0.25,0.2486,10,15,0.0261,24.4923,24.5184,10,10,1.0
brute_force,verified=false AND overall<=5.0,0.25,0.2486,10,16,0.0433,24.465,24.5083,10,10,1.0
brute_force,verified=false AND overall<=5.0,0.25,0.2486,10,17,0.0689,24.4756,24.5445,10,10,1.0
brute_force,verified=false AND overall<=5.0,0.25,0.2486,10,18,0.0195,24.3545,24.3739,10,10,1.0
brute_force,verified=false AND overall<=5.0,0.25,0.2486,10,19,0.0276,24.5098,24.5375,10,10,1.0
brute_force,verified=false AND overall<=5.0,0.25,0.2486,10,20,0.047,24.5957,24.6427,10,10,1.0
brute_force,verified=false AND overall<=5.0,0.25,0.2486,10,21,0.0296,24.8258,24.8554,10,10,1.0
brute_force,verified=false AND overall<=5.0,0.25,0.2486,10,22,0.0266,24.6303,24.6569,10,10,1.0
brute_force,verified=false AND overall<=5.0,0.25,0.2486,10,23,0.0659,24.781,24.8469,10,10,1.0
brute_force,verified=false AND overall<=5.0,0.25,0.2486,10,24,0.019,24.5849,24.6039,10,10,1.0
brute_force,verified=false AND overall<=5.0,0.25,0.2486,10,25,0.1336,24.7113,24.8448,10,10,1.0
brute_force,verified=false AND overall<=5.0,0.25,0.2486,10,26,0.0257,24.927,24.9528,10,10,1.0
brute_force,verified=false AND overall<=5.0,0.25,0.2486,10,27,0.0177,24.732,24.7497,10,10,1.0
brute_force,verified=false AND overall<=5.0,0.25,0.2486,10,28,0.0347,24.695,24.7297,10,10,1.0
brute_force,verified=false AND overall<=5.0,0.25,0.2486,10,29,0.0728,24.7968,24.8696,10,10,1.0
brute_force,verified=false AND overall<=5.0,0.25,0.2486,10,30,0.1234,24.6127,24.7361,10,10,1.0
brute_force,verified=false AND overall<=5.0,0.25,0.2486,10,31,0.033,24.6877,24.7207,10,10,1.0
brute_force,verified=false AND overall<=5.0,0.25,0.2486,10,32,0.0411,24.8068,24.8479,10,10,1.0
brute_force,verified=false AND overall<=5.0,0.25,0.2486,10,33,0.0237,24.8862,24.91,10,10,1.0
brute_force,verified=false AND overall<=5.0,0.25,0.2486,10,34,0.0303,24.5953,24.6257,10,10,1.0
brute_force,verified=false AND overall<=5.0,0.25,0.2486,10,35,0.0201,24.8394,24.8595,10,10,1.0
brute_force,verified=false AND overall<=5.0,0.25,0.2486,10,36,0.0333,24.6137,24.6471,10,10,1.0
brute_force,verified=false AND overall<=5.0,0.25,0.2486,10,37,0.0625,24.9432,25.0057,10,10,1.0
brute_force,verified=false AND overall<=5.0,0.25,0.2486,10,38,0.0242,24.548,24.5722,10,10,1.0
brute_force,verified=false AND overall<=5.0,0.25,0.2486,10,39,0.0889,24.7697,24.8586,10,10,1.0
brute_force,verified=false AND overall<=5.0,0.25,0.2486,10,40,0.0372,24.6042,24.6413,10,10,1.0
brute_force,verified=false AND overall<=5.0,0.25,0.2486,10,41,0.0396,24.4922,24.5319,10,10,1.0
brute_force,verified=false AND overall<=5.0,0.25,0.2486,10,42,0.0205,24.3043,24.3249,10,10,1.0
brute_force,verified=false AND overall<=5.0,0.25,0.2486,10,43,0.1162,24.5629,24.6791,10,10,1.0
brute_force,verified=false AND overall<=5.0,0.25,0.2486,10,44,0.0521,24.5002,24.5523,10,10,1.0
brute_force,verified=false AND overall<=5.0,0.25,0.2486,10,45,0.0323,24.7799,24.8122,10,10,1.0
brute_force,verified=false AND overall<=5.0,0.25,0.2486,10,46,0.031,24.4962,24.5272,10,10,1.0
brute_force,verified=false AND overall<=5.0,0.25,0.2486,10,47,0.1393,24.6235,24.7628,10,10,1.0
brute_force,verified=false AND overall<=5.0,0.25,0.2486,10,48,0.0384,24.5019,24.5403,10,10,1.0
brute_force,verified=false AND overall<=5.0,0.25,0.2486,10,49,0.1286,24.6513,24.78,10,10,1.0
naive_prefilter,verified=false AND overall<=5.0,0.25,0.2486,10,0,19.1982,17.1425,36.3407,48178,10,1.0
naive_prefilter,verified=false AND overall<=5.0,0.25,0.2486,10,1,18.5797,17.2732,35.853,48178,10,1.0
naive_prefilter,verified=false AND overall<=5.0,0.25,0.2486,10,2,19.1113,17.1504,36.2617,48178,10,1.0
naive_prefilter,verified=false AND overall<=5.0,0.25,0.2486,10,3,18.6212,17.0188,35.64,48178,10,1.0
naive_prefilter,verified=false AND overall<=5.0,0.25,0.2486,10,4,18.6604,16.9589,35.6193,48178,10,1.0
naive_prefilter,verified=false AND overall<=5.0,0.25,0.2486,10,5,18.9282,16.9608,35.8891,48178,10,1.0
naive_prefilter,verified=false AND overall<=5.0,0.25,0.2486,10,6,18.6354,17.0232,35.6586,48178,10,1.0
naive_prefilter,verified=false AND overall<=5.0,0.25,0.2486,10,7,18.9062,17.0315,35.9378,48178,10,1.0
naive_prefilter,verified=false AND overall<=5.0,0.25,0.2486,10,8,18.9652,17.1899,36.1551,48178,10,1.0
naive_prefilter,verified=false AND overall<=5.0,0.25,0.2486,10,9,18.8076,17.0774,35.885,48178,10,1.0
naive_prefilter,verified=false AND overall<=5.0,0.25,0.2486,10,10,18.9785,17.1121,36.0906,48178,10,1.0
naive_prefilter,verified=false AND overall<=5.0,0.25,0.2486,10,11,18.6265,17.0998,35.7263,48178,10,1.0
naive_prefilter,verified=false AND overall<=5.0,0.25,0.2486,10,12,18.7275,16.9659,35.6933,48178,10,1.0
naive_prefilter,verified=false AND overall<=5.0,0.25,0.2486,10,13,18.9277,17.0019,35.9295,48178,10,1.0
naive_prefilter,verified=false AND overall<=5.0,0.25,0.2486,10,14,18.6344,16.9481,35.5825,48178,10,1.0
naive_prefilter,verified=false AND overall<=5.0,0.25,0.2486,10,15,19.0345,16.935,35.9695,48178,10,1.0
naive_prefilter,verified=false AND overall<=5.0,0.25,0.2486,10,16,18.8929,16.9523,35.8451,48178,10,1.0
naive_prefilter,verified=false AND overall<=5.0,0.25,0.2486,10,17,18.6323,16.9926,35.6249,48178,10,1.0
naive_prefilter,verified=false AND overall<=5.0,0.25,0.2486,10,18,18.6865,17.145,35.8315,48178,10,1.0
naive_prefilter,verified=false AND overall<=5.0,0.25,0.2486,10,19,18.858,16.9946,35.8525,48178,10,1.0
naive_prefilter,verified=false AND overall<=5.0,0.25,0.2486,10,20,18.5335,16.9548,35.4883,48178,10,1.0
naive_prefilter,verified=false AND overall<=5.0,0.25,0.2486,10,21,18.7368,17.0376,35.7745,48178,10,1.0
naive_prefilter,verified=false AND overall<=5.0,0.25,0.2486,10,22,18.697,16.985,35.682,48178,10,1.0
naive_prefilter,verified=false AND overall<=5.0,0.25,0.2486,10,23,18.9029,17.0083,35.9112,48178,10,1.0
naive_prefilter,verified=false AND overall<=5.0,0.25,0.2486,10,24,18.8414,17.0393,35.8807,48178,10,1.0
naive_prefilter,verified=false AND overall<=5.0,0.25,0.2486,10,25,18.907,17.0293,35.9363,48178,10,1.0
naive_prefilter,verified=false AND overall<=5.0,0.25,0.2486,10,26,19.0491,16.9916,36.0407,48178,10,1.0
naive_prefilter,verified=false AND overall<=5.0,0.25,0.2486,10,27,19.0577,16.9899,36.0475,48178,10,1.0
naive_prefilter,verified=false AND overall<=5.0,0.25,0.2486,10,28,18.8479,17.0835,35.9315,48178,10,1.0
naive_prefilter,verified=false AND overall<=5.0,0.25,0.2486,10,29,18.5173,17.3872,35.9045,48178,10,1.0
naive_prefilter,verified=false AND overall<=5.0,0.25,0.2486,10,30,18.8669,17.0495,35.9165,48178,10,0.9
naive_prefilter,verified=false AND overall<=5.0,0.25,0.2486,10,31,18.7983,19.1233,37.9215,48178,10,1.0
naive_prefilter,verified=false AND overall<=5.0,0.25,0.2486,10,32,18.3823,17.2179,35.6002,48178,10,1.0
naive_prefilter,verified=false AND overall<=5.0,0.25,0.2486,10,33,18.8384,16.9302,35.7685,48178,10,1.0
naive_prefilter,verified=false AND overall<=5.0,0.25,0.2486,10,34,18.3986,16.9672,35.3658,48178,10,1.0
naive_prefilter,verified=false AND overall<=5.0,0.25,0.2486,10,35,18.8443,16.998,35.8422,48178,10,1.0
naive_prefilter,verified=false AND overall<=5.0,0.25,0.2486,10,36,18.5595,16.9973,35.5569,48178,10,1.0
naive_prefilter,verified=false AND overall<=5.0,0.25,0.2486,10,37,18.5507,17.0045,35.5552,48178,10,1.0
naive_prefilter,verified=false AND overall<=5.0,0.25,0.2486,10,38,18.5535,16.9816,35.5351,48178,10,1.0
naive_prefilter,verified=false AND overall<=5.0,0.25,0.2486,10,39,18.2701,17.0852,35.3553,48178,10,1.0
naive_prefilter,verified=false AND overall<=5.0,0.25,0.2486,10,40,18.6111,16.9639,35.575,48178,10,1.0
naive_prefilter,verified=false AND overall<=5.0,0.25,0.2486,10,41,18.8807,16.954,35.8347,48178,10,1.0
naive_prefilter,verified=false AND overall<=5.0,0.25,0.2486,10,42,18.2014,17.0052,35.2066,48178,10,1.0
naive_prefilter,verified=false AND overall<=5.0,0.25,0.2486,10,43,18.0779,17.2188,35.2967,48178,10,1.0
naive_prefilter,verified=false AND overall<=5.0,0.25,0.2486,10,44,19.2508,17.0304,36.2812,48178,10,1.0
naive_prefilter,verified=false AND overall<=5.0,0.25,0.2486,10,45,18.878,17.0647,35.9427,48178,10,1.0
naive_prefilter,verified=false AND overall<=5.0,0.25,0.2486,10,46,19.0808,17.0701,36.1509,48178,10,1.0
naive_prefilter,verified=false AND overall<=5.0,0.25,0.2486,10,47,18.512,17.0001,35.5122,48178,10,1.0
naive_prefilter,verified=false AND overall<=5.0,0.25,0.2486,10,48,19.1248,16.9867,36.1114,48178,10,1.0
naive_prefilter,verified=false AND overall<=5.0,0.25,0.2486,10,49,18.6536,17.0102,35.6638,48178,10,1.0
post_filter,verified=false AND overall<=5.0,0.25,0.2486,10,0,0.0117,0.3535,0.3652,10,10,1.0
post_filter,verified=false AND overall<=5.0,0.25,0.2486,10,1,0.0195,0.826,0.8455,10,10,1.0
post_filter,verified=false AND overall<=5.0,0.25,0.2486,10,2,0.0223,0.6615,0.6837,10,10,1.0
post_filter,verified=false AND overall<=5.0,0.25,0.2486,10,3,0.0297,0.679,0.7087,10,10,1.0
post_filter,verified=false AND overall<=5.0,0.25,0.2486,10,4,0.023,0.7725,0.7955,10,10,1.0
post_filter,verified=false AND overall<=5.0,0.25,0.2486,10,5,0.0179,0.7634,0.7812,10,10,1.0
post_filter,verified=false AND overall<=5.0,0.25,0.2486,10,6,0.0221,0.8574,0.8795,10,10,1.0
post_filter,verified=false AND overall<=5.0,0.25,0.2486,10,7,0.0349,0.6256,0.6605,10,10,1.0
post_filter,verified=false AND overall<=5.0,0.25,0.2486,10,8,0.1982,1.0391,1.2374,10,10,1.0
post_filter,verified=false AND overall<=5.0,0.25,0.2486,10,9,0.0227,1.1354,1.158,10,10,1.0
post_filter,verified=false AND overall<=5.0,0.25,0.2486,10,10,0.0202,0.8943,0.9145,10,10,1.0
post_filter,verified=false AND overall<=5.0,0.25,0.2486,10,11,0.0245,0.8268,0.8513,10,10,1.0
post_filter,verified=false AND overall<=5.0,0.25,0.2486,10,12,0.0262,0.6649,0.6911,10,10,1.0
post_filter,verified=false AND overall<=5.0,0.25,0.2486,10,13,0.0466,0.6977,0.7443,10,10,1.0
post_filter,verified=false AND overall<=5.0,0.25,0.2486,10,14,0.0262,0.5222,0.5484,10,10,1.0
post_filter,verified=false AND overall<=5.0,0.25,0.2486,10,15,0.0214,0.4367,0.4582,10,10,1.0
post_filter,verified=false AND overall<=5.0,0.25,0.2486,10,16,0.0392,0.8143,0.8535,10,10,1.0
post_filter,verified=false AND overall<=5.0,0.25,0.2486,10,17,0.0672,0.6406,0.7078,10,10,1.0
post_filter,verified=false AND overall<=5.0,0.25,0.2486,10,18,0.0142,0.745,0.7592,10,10,1.0
post_filter,verified=false AND overall<=5.0,0.25,0.2486,10,19,0.0213,0.7869,0.8082,10,10,1.0
post_filter,verified=false AND overall<=5.0,0.25,0.2486,10,20,0.039,0.5754,0.6144,10,10,1.0
post_filter,verified=false AND overall<=5.0,0.25,0.2486,10,21,0.0175,0.6005,0.6179,10,10,1.0
post_filter,verified=false AND overall<=5.0,0.25,0.2486,10,22,0.0207,0.6485,0.6692,10,10,1.0
post_filter,verified=false AND overall<=5.0,0.25,0.2486,10,23,0.0555,0.6099,0.6654,10,10,1.0
post_filter,verified=false AND overall<=5.0,0.25,0.2486,10,24,0.0138,0.8475,0.8613,10,10,1.0
post_filter,verified=false AND overall<=5.0,0.25,0.2486,10,25,0.1214,0.267,0.3884,10,10,0.6
post_filter,verified=false AND overall<=5.0,0.25,0.2486,10,26,0.0193,0.7642,0.7835,10,10,1.0
post_filter,verified=false AND overall<=5.0,0.25,0.2486,10,27,0.0126,0.7251,0.7377,10,10,1.0
post_filter,verified=false AND overall<=5.0,0.25,0.2486,10,28,0.029,0.7605,0.7896,10,10,0.9
post_filter,verified=false AND overall<=5.0,0.25,0.2486,10,29,0.0605,0.4972,0.5577,10,10,1.0
post_filter,verified=false AND overall<=5.0,0.25,0.2486,10,30,0.0728,0.3771,0.45,10,10,0.0
post_filter,verified=false AND overall<=5.0,0.25,0.2486,10,31,0.0273,0.8037,0.831,10,10,1.0
post_filter,verified=false AND overall<=5.0,0.25,0.2486,10,32,0.0399,0.6163,0.6561,10,10,1.0
post_filter,verified=false AND overall<=5.0,0.25,0.2486,10,33,0.0212,0.478,0.4992,10,10,1.0
post_filter,verified=false AND overall<=5.0,0.25,0.2486,10,34,0.0246,0.7833,0.8078,10,10,1.0
post_filter,verified=false AND overall<=5.0,0.25,0.2486,10,35,0.016,0.8079,0.8239,10,10,1.0
post_filter,verified=false AND overall<=5.0,0.25,0.2486,10,36,0.032,0.7148,0.7467,10,10,1.0
post_filter,verified=false AND overall<=5.0,0.25,0.2486,10,37,0.063,0.6338,0.6968,10,10,1.0
post_filter,verified=false AND overall<=5.0,0.25,0.2486,10,38,0.0194,0.9475,0.967,10,10,1.0
post_filter,verified=false AND overall<=5.0,0.25,0.2486,10,39,0.078,0.4668,0.5448,10,10,1.0
post_filter,verified=false AND overall<=5.0,0.25,0.2486,10,40,0.0323,0.9643,0.9966,10,10,1.0
post_filter,verified=false AND overall<=5.0,0.25,0.2486,10,41,0.0297,0.5159,0.5456,10,10,1.0
post_filter,verified=false AND overall<=5.0,0.25,0.2486,10,42,0.0142,0.762,0.7763,10,10,1.0
post_filter,verified=false AND overall<=5.0,0.25,0.2486,10,43,0.1018,0.3942,0.496,10,10,0.9
post_filter,verified=false AND overall<=5.0,0.25,0.2486,10,44,0.0421,0.5754,0.6175,10,10,1.0
post_filter,verified=false AND overall<=5.0,0.25,0.2486,10,45,0.0243,0.8328,0.8571,10,10,1.0
post_filter,verified=false AND overall<=5.0,0.25,0.2486,10,46,0.0231,0.6894,0.7125,10,10,1.0
post_filter,verified=false AND overall<=5.0,0.25,0.2486,10,47,0.124,0.232,0.356,10,10,1.0
post_filter,verified=false AND overall<=5.0,0.25,0.2486,10,48,0.0302,0.8185,0.8487,10,10,1.0
post_filter,verified=false AND overall<=5.0,0.25,0.2486,10,49,0.1026,0.4088,0.5114,10,10,0.9
bitmap_prefilter,verified=false AND overall<=5.0,0.25,0.2486,10,0,0.0962,16.3093,16.4055,48178,10,1.0
bitmap_prefilter,verified=false AND overall<=5.0,0.25,0.2486,10,1,0.0838,16.2884,16.3722,48178,10,1.0
bitmap_prefilter,verified=false AND overall<=5.0,0.25,0.2486,10,2,0.0737,16.2091,16.2827,48178,10,1.0
bitmap_prefilter,verified=false AND overall<=5.0,0.25,0.2486,10,3,0.0856,16.2462,16.3318,48178,10,1.0
bitmap_prefilter,verified=false AND overall<=5.0,0.25,0.2486,10,4,0.0733,16.2041,16.2773,48178,10,1.0
bitmap_prefilter,verified=false AND overall<=5.0,0.25,0.2486,10,5,0.0685,16.2047,16.2731,48178,10,1.0
bitmap_prefilter,verified=false AND overall<=5.0,0.25,0.2486,10,6,0.0761,16.1918,16.2679,48178,10,1.0
bitmap_prefilter,verified=false AND overall<=5.0,0.25,0.2486,10,7,0.0666,16.2454,16.312,48178,10,1.0
bitmap_prefilter,verified=false AND overall<=5.0,0.25,0.2486,10,8,0.0738,16.1895,16.2633,48178,10,1.0
bitmap_prefilter,verified=false AND overall<=5.0,0.25,0.2486,10,9,0.0823,16.2578,16.3401,48178,10,1.0
bitmap_prefilter,verified=false AND overall<=5.0,0.25,0.2486,10,10,0.0727,16.2595,16.3322,48178,10,1.0
bitmap_prefilter,verified=false AND overall<=5.0,0.25,0.2486,10,11,0.0735,16.1803,16.2538,48178,10,1.0
bitmap_prefilter,verified=false AND overall<=5.0,0.25,0.2486,10,12,0.0747,16.2923,16.367,48178,10,1.0
bitmap_prefilter,verified=false AND overall<=5.0,0.25,0.2486,10,13,0.0681,16.219,16.2871,48178,10,1.0
bitmap_prefilter,verified=false AND overall<=5.0,0.25,0.2486,10,14,0.0666,16.1851,16.2517,48178,10,1.0
bitmap_prefilter,verified=false AND overall<=5.0,0.25,0.2486,10,15,0.0672,16.1967,16.264,48178,10,1.0
bitmap_prefilter,verified=false AND overall<=5.0,0.25,0.2486,10,16,0.0688,16.2243,16.293,48178,10,1.0
bitmap_prefilter,verified=false AND overall<=5.0,0.25,0.2486,10,17,0.0656,16.2289,16.2945,48178,10,1.0
bitmap_prefilter,verified=false AND overall<=5.0,0.25,0.2486,10,18,0.0659,16.2559,16.3218,48178,10,1.0
bitmap_prefilter,verified=false AND overall<=5.0,0.25,0.2486,10,19,0.0654,16.3369,16.4023,48178,10,1.0
bitmap_prefilter,verified=false AND overall<=5.0,0.25,0.2486,10,20,0.066,16.205,16.271,48178,10,1.0
bitmap_prefilter,verified=false AND overall<=5.0,0.25,0.2486,10,21,0.0656,16.2397,16.3054,48178,10,1.0
bitmap_prefilter,verified=false AND overall<=5.0,0.25,0.2486,10,22,0.0677,16.2502,16.3179,48178,10,1.0
bitmap_prefilter,verified=false AND overall<=5.0,0.25,0.2486,10,23,0.064,16.2493,16.3134,48178,10,1.0
bitmap_prefilter,verified=false AND overall<=5.0,0.25,0.2486,10,24,0.0663,16.2182,16.2845,48178,10,1.0
bitmap_prefilter,verified=false AND overall<=5.0,0.25,0.2486,10,25,0.0646,16.2102,16.2747,48178,10,1.0
bitmap_prefilter,verified=false AND overall<=5.0,0.25,0.2486,10,26,0.0653,16.2381,16.3034,48178,10,1.0
bitmap_prefilter,verified=false AND overall<=5.0,0.25,0.2486,10,27,0.0654,16.2187,16.2841,48178,10,1.0
bitmap_prefilter,verified=false AND overall<=5.0,0.25,0.2486,10,28,0.0658,16.3056,16.3714,48178,10,1.0
bitmap_prefilter,verified=false AND overall<=5.0,0.25,0.2486,10,29,0.0664,16.337,16.4034,48178,10,1.0
bitmap_prefilter,verified=false AND overall<=5.0,0.25,0.2486,10,30,0.0646,16.2225,16.2871,48178,10,0.9
bitmap_prefilter,verified=false AND overall<=5.0,0.25,0.2486,10,31,0.0686,16.205,16.2736,48178,10,1.0
bitmap_prefilter,verified=false AND overall<=5.0,0.25,0.2486,10,32,0.0684,16.1767,16.2451,48178,10,1.0
bitmap_prefilter,verified=false AND overall<=5.0,0.25,0.2486,10,33,0.0674,16.1403,16.2077,48178,10,1.0
bitmap_prefilter,verified=false AND overall<=5.0,0.25,0.2486,10,34,0.0687,16.2008,16.2695,48178,10,1.0
bitmap_prefilter,verified=false AND overall<=5.0,0.25,0.2486,10,35,0.0648,16.2067,16.2715,48178,10,1.0
bitmap_prefilter,verified=false AND overall<=5.0,0.25,0.2486,10,36,0.065,16.1308,16.1957,48178,10,1.0
bitmap_prefilter,verified=false AND overall<=5.0,0.25,0.2486,10,37,0.065,16.2027,16.2676,48178,10,1.0
bitmap_prefilter,verified=false AND overall<=5.0,0.25,0.2486,10,38,0.0673,16.173,16.2404,48178,10,1.0
bitmap_prefilter,verified=false AND overall<=5.0,0.25,0.2486,10,39,0.0661,16.1257,16.1918,48178,10,1.0
bitmap_prefilter,verified=false AND overall<=5.0,0.25,0.2486,10,40,0.0632,16.2422,16.3054,48178,10,1.0
bitmap_prefilter,verified=false AND overall<=5.0,0.25,0.2486,10,41,0.0634,16.1587,16.222,48178,10,1.0
bitmap_prefilter,verified=false AND overall<=5.0,0.25,0.2486,10,42,0.0643,16.147,16.2113,48178,10,1.0
bitmap_prefilter,verified=false AND overall<=5.0,0.25,0.2486,10,43,0.0676,16.2108,16.2784,48178,10,1.0
bitmap_prefilter,verified=false AND overall<=5.0,0.25,0.2486,10,44,0.0672,16.1891,16.2564,48178,10,1.0
bitmap_prefilter,verified=false AND overall<=5.0,0.25,0.2486,10,45,0.0637,16.1315,16.1952,48178,10,1.0
bitmap_prefilter,verified=false AND overall<=5.0,0.25,0.2486,10,46,0.0649,16.2059,16.2708,48178,10,1.0
bitmap_prefilter,verified=false AND overall<=5.0,0.25,0.2486,10,47,0.0627,16.2009,16.2636,48178,10,1.0
bitmap_prefilter,verified=false AND overall<=5.0,0.25,0.2486,10,48,0.0642,16.2089,16.2731,48178,10,1.0
bitmap_prefilter,verified=false AND overall<=5.0,0.25,0.2486,10,49,0.0637,16.1972,16.2609,48178,10,1.0
brute_force,verified=false AND overall<=5.0,0.25,0.2486,50,0,0.1005,24.4805,24.581,50,50,1.0
brute_force,verified=false AND overall<=5.0,0.25,0.2486,50,1,0.1112,24.6221,24.7333,50,50,1.0
brute_force,verified=false AND overall<=5.0,0.25,0.2486,50,2,0.136,25.0295,25.1655,50,50,1.0
brute_force,verified=false AND overall<=5.0,0.25,0.2486,50,3,0.1862,24.8487,25.0349,50,50,1.0
brute_force,verified=false AND overall<=5.0,0.25,0.2486,50,4,0.1122,24.5928,24.705,50,50,1.0
brute_force,verified=false AND overall<=5.0,0.25,0.2486,50,5,0.069,24.5853,24.6542,50,50,1.0
brute_force,verified=false AND overall<=5.0,0.25,0.2486,50,6,0.1028,24.4164,24.5192,50,50,1.0
brute_force,verified=false AND overall<=5.0,0.25,0.2486,50,7,0.1365,24.4916,24.6281,50,50,1.0
brute_force,verified=false AND overall<=5.0,0.25,0.2486,50,8,0.1034,24.7019,24.8053,50,50,1.0
brute_force,verified=false AND overall<=5.0,0.25,0.2486,50,9,0.1004,24.5122,24.6125,50,50,1.0
brute_force,verified=false AND overall<=5.0,0.25,0.2486,50,10,0.096,24.3855,24.4815,50,50,1.0
brute_force,verified=false AND overall<=5.0,0.25,0.2486,50,11,0.0968,24.3796,24.4764,50,50,1.0
brute_force,verified=false AND overall<=5.0,0.25,0.2486,50,12,0.1583,24.4489,24.6072,50,50,1.0
brute_force,verified=false AND overall<=5.0,0.25,0.2486,50,13,0.1948,24.5405,24.7353,50,50,1.0
brute_force,verified=false AND overall<=5.0,0.25,0.2486,50,14,0.1141,24.5078,24.6218,50,50,1.0
brute_force,verified=false AND overall<=5.0,0.25,0.2486,50,15,0.102,24.5116,24.6137,50,50,1.0
brute_force,verified=false AND overall<=5.0,0.25,0.2486,50,16,0.2279,24.4808,24.7086,50,50,1.0
brute_force,verified=false AND overall<=5.0,0.25,0.2486,50,17,0.2501,24.5481,24.7982,50,50,1.0
brute_force,verified=false AND overall<=5.0,0.25,0.2486,50,18,0.0822,24.4797,24.5619,50,50,1.0
brute_force,verified=false AND overall<=5.0,0.25,0.2486,50,19,0.0917,24.4806,24.5723,50,50,1.0
brute_force,verified=false AND overall<=5.0,0.25,0.2486,50,20,0.2132,24.7107,24.9239,50,50,1.0
brute_force,verified=false AND overall<=5.0,0.25,0.2486,50,21,0.0871,24.4606,24.5477,50,50,1.0
brute_force,verified=false AND overall<=5.0,0.25,0.2486,50,22,0.086,24.3923,24.4783,50,50,1.0
brute_force,verified=false AND overall<=5.0,0.25,0.2486,50,23,0.2915,24.5748,24.8663,50,50,1.0
brute_force,verified=false AND overall<=5.0,0.25,0.2486,50,24,0.075,24.3983,24.4733,50,50,1.0
brute_force,verified=false AND overall<=5.0,0.25,0.2486,50,25,0.521,24.52,25.041,50,50,1.0
brute_force,verified=false AND overall<=5.0,0.25,0.2486,50,26,0.0874,24.4314,24.5188,50,50,1.0
brute_force,verified=false AND overall<=5.0,0.25,0.2486,50,27,0.077,24.46,24.537,50,50,1.0
brute_force,verified=false AND overall<=5.0,0.25,0.2486,50,28,0.1741,24.4228,24.5969,50,50,1.0
brute_force,verified=false AND overall<=5.0,0.25,0.2486,50,29,0.393,24.5368,24.9298,50,50,1.0
brute_force,verified=false AND overall<=5.0,0.25,0.2486,50,30,0.4071,24.3843,24.7913,50,50,1.0
brute_force,verified=false AND overall<=5.0,0.25,0.2486,50,31,0.1072,24.4518,24.559,50,50,1.0
brute_force,verified=false AND overall<=5.0,0.25,0.2486,50,32,0.2139,24.5349,24.7488,50,50,1.0
brute_force,verified=false AND overall<=5.0,0.25,0.2486,50,33,0.1121,24.5708,24.6829,50,50,1.0
brute_force,verified=false AND overall<=5.0,0.25,0.2486,50,34,0.1103,24.3854,24.4957,50,50,1.0
brute_force,verified=false AND overall<=5.0,0.25,0.2486,50,35,0.0859,24.5171,24.603,50,50,1.0
brute_force,verified=false AND overall<=5.0,0.25,0.2486,50,36,0.1262,24.3502,24.4764,50,50,1.0
brute_force,verified=false AND overall<=5.0,0.25,0.2486,50,37,0.1786,24.4867,24.6653,50,50,1.0
brute_force,verified=false AND overall<=5.0,0.25,0.2486,50,38,0.0922,24.3584,24.4506,50,50,1.0
brute_force,verified=false AND overall<=5.0,0.25,0.2486,50,39,0.5028,24.6015,25.1044,50,50,1.0
brute_force,verified=false AND overall<=5.0,0.25,0.2486,50,40,0.1284,24.4673,24.5957,50,50,1.0
brute_force,verified=false AND overall<=5.0,0.25,0.2486,50,41,0.1331,24.5807,24.7138,50,50,1.0
brute_force,verified=false AND overall<=5.0,0.25,0.2486,50,42,0.0881,24.3188,24.407,50,50,1.0
brute_force,verified=false AND overall<=5.0,0.25,0.2486,50,43,0.4869,24.9136,25.4005,50,50,1.0
brute_force,verified=false AND overall<=5.0,0.25,0.2486,50,44,0.1928,24.4663,24.6591,50,50,1.0
brute_force,verified=false AND overall<=5.0,0.25,0.2486,50,45,0.1119,24.5762,24.6881,50,50,1.0
brute_force,verified=false AND overall<=5.0,0.25,0.2486,50,46,0.1014,24.4745,24.576,50,50,1.0
brute_force,verified=false AND overall<=5.0,0.25,0.2486,50,47,0.4155,24.5324,24.9478,50,50,0.96
brute_force,verified=false AND overall<=5.0,0.25,0.2486,50,48,0.1559,24.5335,24.6893,50,50,1.0
brute_force,verified=false AND overall<=5.0,0.25,0.2486,50,49,0.5219,24.7891,25.311,50,50,1.0
naive_prefilter,verified=false AND overall<=5.0,0.25,0.2486,50,0,19.1383,17.135,36.2733,48178,50,1.0
naive_prefilter,verified=false AND overall<=5.0,0.25,0.2486,50,1,19.082,17.1239,36.2059,48178,50,1.0
naive_prefilter,verified=false AND overall<=5.0,0.25,0.2486,50,2,19.0573,17.0728,36.1302,48178,50,1.0
naive_prefilter,verified=false AND overall<=5.0,0.25,0.2486,50,3,18.9668,16.9869,35.9537,48178,50,1.0
naive_prefilter,verified=false AND overall<=5.0,0.25,0.2486,50,4,19.0053,17.0377,36.043,48178,50,1.0
naive_prefilter,verified=false AND overall<=5.0,0.25,0.2486,50,5,18.9181,17.072,35.9901,48178,50,1.0
naive_prefilter,verified=false AND overall<=5.0,0.25,0.2486,50,6,18.89,17.0472,35.9372,48178,50,1.0
naive_prefilter,verified=false AND overall<=5.0,0.25,0.2486,50,7,18.9145,17.0333,35.9477,48178,50,1.0
naive_prefilter,verified=false AND overall<=5.0,0.25,0.2486,50,8,18.7853,17.0646,35.8499,48178,50,1.0
naive_prefilter,verified=false AND overall<=5.0,0.25,0.2486,50,9,18.7909,17.0833,35.8742,48178,50,1.0
naive_prefilter,verified=false AND overall<=5.0,0.25,0.2486,50,10,18.8938,17.0831,35.9769,48178,50,1.0
naive_prefilter,verified=false AND overall<=5.0,0.25,0.2486,50,11,19.0132,17.0904,36.1036,48178,50,1.0
naive_prefilter,verified=false AND overall<=5.0,0.25,0.2486,50,12,18.9834,17.0683,36.0517,48178,50,1.0
naive_prefilter,verified=false AND overall<=5.0,0.25,0.2486,50,13,19.1006,17.0667,36.1673,48178,50,1.0
naive_prefilter,verified=false AND overall<=5.0,0.25,0.2486,50,14,18.9016,16.9804,35.882,48178,50,1.0
naive_prefilter,verified=false AND overall<=5.0,0.25,0.2486,50,15,18.6321,17.1097,35.7418,48178,50,1.0
naive_prefilter,verified=false AND overall<=5.0,0.25,0.2486,50,16,18.9742,17.0905,36.0647,48178,50,1.0
naive_prefilter,verified=false AND overall<=5.0,0.25,0.2486,50,17,18.409,17.4452,35.8543,48178,50,1.0
naive_prefilter,verified=false AND overall<=5.0,0.25,0.2486,50,18,18.9202,17.0077,35.9279,48178,50,1.0
naive_prefilter,verified=false AND overall<=5.0,0.25,0.2486,50,19,18.5007,17.0149,35.5156,48178,50,1.0
naive_prefilter,verified=false AND overall<=5.0,0.25,0.2486,50,20,18.241,17.0288,35.2698,48178,50,1.0
naive_prefilter,verified=false AND overall<=5.0,0.25,0.2486,50,21,18.6021,16.9694,35.5715,48178,50,1.0
naive_prefilter,verified=false AND overall<=5.0,0.25,0.2486,50,22,18.8123,17.0185,35.8308,48178,50,1.0
naive_prefilter,verified=false AND overall<=5.0,0.25,0.2486,50,23,18.6852,16.9983,35.6835,48178,50,1.0
naive_prefilter,verified=false AND overall<=5.0,0.25,0.2486,50,24,18.6108,17.0096,35.6204,48178,50,1.0
naive_prefilter,verified=false AND overall<=5.0,0.25,0.2486,50,25,18.8502,17.0564,35.9066,48178,50,1.0
naive_prefilter,verified=false AND overall<=5.0,0.25,0.2486,50,26,18.8185,17.041,35.8594,48178,50,1.0
naive_prefilter,verified=false AND overall<=5.0,0.25,0.2486,50,27,18.8457,17.017,35.8627,48178,50,1.0
naive_prefilter,verified=false AND overall<=5.0,0.25,0.2486,50,28,18.2777,16.9607,35.2384,48178,50,1.0
naive_prefilter,verified=false AND overall<=5.0,0.25,0.2486,50,29,18.7275,17.1287,35.8562,48178,50,1.0
naive_prefilter,verified=false AND overall<=5.0,0.25,0.2486,50,30,18.5675,16.9991,35.5666,48178,50,1.0
naive_prefilter,verified=false AND overall<=5.0,0.25,0.2486,50,31,18.6737,17.0125,35.6862,48178,50,1.0
naive_prefilter,verified=false AND overall<=5.0,0.25,0.2486,50,32,18.8169,16.9882,35.8051,48178,50,1.0
naive_prefilter,verified=false AND overall<=5.0,0.25,0.2486,50,33,18.7759,17.0278,35.8036,48178,50,1.0
naive_prefilter,verified=false AND overall<=5.0,0.25,0.2486,50,34,18.749,17.1447,35.8937,48178,50,1.0
naive_prefilter,verified=false AND overall<=5.0,0.25,0.2486,50,35,18.8333,17.0374,35.8707,48178,50,1.0
naive_prefilter,verified=false AND overall<=5.0,0.25,0.2486,50,36,18.9698,16.9967,35.9665,48178,50,1.0
naive_prefilter,verified=false AND overall<=5.0,0.25,0.2486,50,37,18.7295,17.0084,35.7379,48178,50,1.0
naive_prefilter,verified=false AND overall<=5.0,0.25,0.2486,50,38,18.7264,17.0028,35.7292,48178,50,1.0
naive_prefilter,verified=false AND overall<=5.0,0.25,0.2486,50,39,18.5072,16.9568,35.464,48178,50,1.0
naive_prefilter,verified=false AND overall<=5.0,0.25,0.2486,50,40,18.5895,16.9806,35.5701,48178,50,1.0
naive_prefilter,verified=false AND overall<=5.0,0.25,0.2486,50,41,18.8137,16.9809,35.7946,48178,50,1.0
naive_prefilter,verified=false AND overall<=5.0,0.25,0.2486,50,42,18.6606,16.9686,35.6292,48178,50,1.0
naive_prefilter,verified=false AND overall<=5.0,0.25,0.2486,50,43,18.9163,17.0694,35.9858,48178,50,1.0
naive_prefilter,verified=false AND overall<=5.0,0.25,0.2486,50,44,18.7647,17.0289,35.7936,48178,50,1.0
naive_prefilter,verified=false AND overall<=5.0,0.25,0.2486,50,45,18.7979,17.2328,36.0307,48178,50,1.0
naive_prefilter,verified=false AND overall<=5.0,0.25,0.2486,50,46,18.9613,17.0624,36.0237,48178,50,1.0
naive_prefilter,verified=false AND overall<=5.0,0.25,0.2486,50,47,18.7258,17.0057,35.7315,48178,50,0.96
naive_prefilter,verified=false AND overall<=5.0,0.25,0.2486,50,48,18.4934,17.0372,35.5306,48178,50,1.0
naive_prefilter,verified=false AND overall<=5.0,0.25,0.2486,50,49,18.2567,17.1712,35.428,48178,50,1.0
post_filter,verified=false AND overall<=5.0,0.25,0.2486,50,0,0.0413,0.5213,0.5626,50,50,1.0
post_filter,verified=false AND overall<=5.0,0.25,0.2486,50,1,0.1081,1.0993,1.2074,50,50,1.0
post_filter,verified=false AND overall<=5.0,0.25,0.2486,50,2,0.1218,0.8708,0.9925,50,50,0.98
post_filter,verified=false AND overall<=5.0,0.25,0.2486,50,3,0.1644,0.9159,1.0803,50,50,0.92
post_filter,verified=false AND overall<=5.0,0.25,0.2486,50,4,0.111,1.1779,1.2888,50,50,0.98
post_filter,verified=false AND overall<=5.0,0.25,0.2486,50,5,0.0742,1.1401,1.2143,50,50,1.0
post_filter,verified=false AND overall<=5.0,0.25,0.2486,50,6,0.0884,1.1289,1.2173,50,50,0.98
post_filter,verified=false AND overall<=5.0,0.25,0.2486,50,7,0.1202,0.78,0.9003,50,50,1.0
post_filter,verified=false AND overall<=5.0,0.25,0.2486,50,8,0.0886,1.1297,1.2182,50,50,1.0
post_filter,verified=false AND overall<=5.0,0.25,0.2486,50,9,0.093,1.124,1.2169,50,50,0.98
post_filter,verified=false AND overall<=5.0,0.25,0.2486,50,10,0.0852,1.0022,1.0874,50,50,0.98
post_filter,verified=false AND overall<=5.0,0.25,0.2486,50,11,0.0827,0.9792,1.0619,50,50,0.96
post_filter,verified=false AND overall<=5.0,0.25,0.2486,50,12,0.1413,0.8072,0.9485,50,50,1.0
post_filter,verified=false AND overall<=5.0,0.25,0.2486,50,13,0.1665,0.8717,1.0381,50,50,0.98
post_filter,verified=false AND overall<=5.0,0.25,0.2486,50,14,0.1032,0.6407,0.7438,50,50,0.98
post_filter,verified=false AND overall<=5.0,0.25,0.2486,50,15,0.0915,0.5572,0.6487,50,50,0.98
post_filter,verified=false AND overall<=5.0,0.25,0.2486,50,16,0.2096,1.0214,1.231,50,50,0.9
post_filter,verified=false AND overall<=5.0,0.25,0.2486,50,17,0.2381,0.7729,1.011,50,50,0.72
post_filter,verified=false AND overall<=5.0,0.25,0.2486,50,18,0.0812,0.9125,0.9938,50,50,1.0
post_filter,verified=false AND overall<=5.0,0.25,0.2486,50,19,0.078,0.9865,1.0645,50,50,0.98
post_filter,verified=false AND overall<=5.0,0.25,0.2486,50,20,0.188,0.7187,0.9067,50,50,0.96
post_filter,verified=false AND overall<=5.0,0.25,0.2486,50,21,0.0751,0.7665,0.8416,50,50,0.98
post_filter,verified=false AND overall<=5.0,0.25,0.2486,50,22,0.0865,0.7875,0.874,50,50,0.92
post_filter,verified=false AND overall<=5.0,0.25,0.2486,50,23,0.2953,0.8038,1.0991,50,50,0.86
post_filter,verified=false AND overall<=5.0,0.25,0.2486,50,24,0.0646,1.1227,1.1873,50,50,1.0
post_filter,verified=false AND overall<=5.0,0.25,0.2486,50,25,0.568,0.337,0.9049,28,28,0.22
post_filter,verified=false AND overall<=5.0,0.25,0.2486,50,26,0.0625,0.993,1.0555,50,50,1.0
post_filter,verified=false AND overall<=5.0,0.25,0.2486,50,27,0.0629,0.9198,0.9828,50,50,1.0
post_filter,verified=false AND overall<=5.0,0.25,0.2486,50,28,0.1582,0.9564,1.1146,50,50,0.94
post_filter,verified=false AND overall<=5.0,0.25,0.2486,50,29,0.2817,0.597,0.8787,50,50,0.74
post_filter,verified=false AND overall<=5.0,0.25,0.2486,50,30,0.5001,0.4525,0.9526,31,31,0.62
post_filter,verified=false AND overall<=5.0,0.25,0.2486,50,31,0.0923,0.949,1.0413,50,50,0.96
post_filter,verified=false AND overall<=5.0,0.25,0.2486,50,32,0.1801,0.7325,0.9126,50,50,0.96
post_filter,verified=false AND overall<=5.0,0.25,0.2486,50,33,0.1101,0.5699,0.68,50,50,1.0
post_filter,verified=false AND overall<=5.0,0.25,0.2486,50,34,0.0992,0.938,1.0371,50,50,1.0
post_filter,verified=false AND overall<=5.0,0.25,0.2486,50,35,0.073,0.9779,1.051,50,50,1.0
post_filter,verified=false AND overall<=5.0,0.25,0.2486,50,36,0.1053,0.802,0.9074,50,50,1.0
post_filter,verified=false AND overall<=5.0,0.25,0.2486,50,37,0.1575,0.7264,0.8838,50,50,0.98
post_filter,verified=false AND overall<=5.0,0.25,0.2486,50,38,0.0785,1.2076,1.2861,50,50,1.0
post_filter,verified=false AND overall<=5.0,0.25,0.2486,50,39,0.4184,0.5741,0.9925,50,50,0.68
post_filter,verified=false AND overall<=5.0,0.25,0.2486,50,40,0.1188,1.2212,1.34,50,50,0.98
post_filter,verified=false AND overall<=5.0,0.25,0.2486,50,41,0.1222,0.6515,0.7738,50,50,0.98
post_filter,verified=false AND overall<=5.0,0.25,0.2486,50,42,0.0753,1.0354,1.1107,50,50,1.0
post_filter,verified=false AND overall<=5.0,0.25,0.2486,50,43,0.4057,0.5095,0.9151,50,50,0.44
post_filter,verified=false AND overall<=5.0,0.25,0.2486,50,44,0.1813,0.7452,0.9265,50,50,0.92
post_filter,verified=false AND overall<=5.0,0.25,0.2486,50,45,0.1019,1.1119,1.2137,50,50,0.94
post_filter,verified=false AND overall<=5.0,0.25,0.2486,50,46,0.0946,0.8961,0.9907,50,50,1.0
post_filter,verified=false AND overall<=5.0,0.25,0.2486,50,47,0.4883,0.3114,0.7997,15,15,0.26
post_filter,verified=false AND overall<=5.0,0.25,0.2486,50,48,0.1509,1.1117,1.2626,50,50,0.92
post_filter,verified=false AND overall<=5.0,0.25,0.2486,50,49,0.4743,0.521,0.9952,50,50,0.46
bitmap_prefilter,verified=false AND overall<=5.0,0.25,0.2486,50,0,0.098,16.2657,16.3637,48178,50,1.0
bitmap_prefilter,verified=false AND overall<=5.0,0.25,0.2486,50,1,0.0685,16.3138,16.3822,48178,50,1.0
bitmap_prefilter,verified=false AND overall<=5.0,0.25,0.2486,50,2,0.0889,16.1678,16.2567,48178,50,1.0
bitmap_prefilter,verified=false AND overall<=5.0,0.25,0.2486,50,3,0.068,16.3069,16.3749,48178,50,1.0
bitmap_prefilter,verified=false AND overall<=5.0,0.25,0.2486,50,4,0.0868,16.2495,16.3363,48178,50,1.0
bitmap_prefilter,verified=false AND overall<=5.0,0.25,0.2486,50,5,0.0666,16.1758,16.2425,48178,50,1.0
bitmap_prefilter,verified=false AND overall<=5.0,0.25,0.2486,50,6,0.0681,16.2784,16.3465,48178,50,1.0
bitmap_prefilter,verified=false AND overall<=5.0,0.25,0.2486,50,7,0.0785,16.335,16.4135,48178,50,1.0
bitmap_prefilter,verified=false AND overall<=5.0,0.25,0.2486,50,8,0.0735,16.2732,16.3466,48178,50,1.0
bitmap_prefilter,verified=false AND overall<=5.0,0.25,0.2486,50,9,0.0806,16.2801,16.3607,48178,50,1.0
bitmap_prefilter,verified=false AND overall<=5.0,0.25,0.2486,50,10,0.0722,16.2121,16.2843,48178,50,1.0
bitmap_prefilter,verified=false AND overall<=5.0,0.25,0.2486,50,11,0.0681,16.325,16.3931,48178,50,1.0
bitmap_prefilter,verified=false AND overall<=5.0,0.25,0.2486,50,12,0.0693,16.2291,16.2984,48178,50,1.0
bitmap_prefilter,verified=false AND overall<=5.0,0.25,0.2486,50,13,0.0729,16.25,16.3229,48178,50,1.0
bitmap_prefilter,verified=false AND overall<=5.0,0.25,0.2486,50,14,0.0698,16.2478,16.3176,48178,50,1.0
bitmap_prefilter,verified=false AND overall<=5.0,0.25,0.2486,50,15,0.0688,16.2266,16.2954,48178,50,1.0
bitmap_prefilter,verified=false AND overall<=5.0,0.25,0.2486,50,16,0.0661,16.2062,16.2723,48178,50,1.0
bitmap_prefilter,verified=false AND overall<=5.0,0.25,0.2486,50,17,0.0653,16.2315,16.2968,48178,50,1.0
bitmap_prefilter,verified=false AND overall<=5.0,0.25,0.2486,50,18,0.066,16.2478,16.3138,48178,50,1.0
bitmap_prefilter,verified=false AND overall<=5.0,0.25,0.2486,50,19,0.069,16.2283,16.2973,48178,50,1.0
bitmap_prefilter,verified=false AND overall<=5.0,0.25,0.2486,50,20,0.0646,16.2082,16.2728,48178,50,1.0
bitmap_prefilter,verified=false AND overall<=5.0,0.25,0.2486,50,21,0.0643,16.2863,16.3507,48178,50,1.0
bitmap_prefilter,verified=false AND overall<=5.0,0.25,0.2486,50,22,0.0663,16.2337,16.3,48178,50,1.0
bitmap_prefilter,verified=false AND overall<=5.0,0.25,0.2486,50,23,0.0635,16.2306,16.2941,48178,50,1.0
bitmap_prefilter,verified=false AND overall<=5.0,0.25,0.2486,50,24,0.0629,16.4165,16.4794,48178,50,1.0
bitmap_prefilter,verified=false AND overall<=5.0,0.25,0.2486,50,25,0.0679,16.3167,16.3847,48178,50,1.0
bitmap_prefilter,verified=false AND overall<=5.0,0.25,0.2486,50,26,0.0635,16.3413,16.4047,48178,50,1.0
bitmap_prefilter,verified=false AND overall<=5.0,0.25,0.2486,50,27,0.0638,16.282,16.3458,48178,50,1.0
bitmap_prefilter,verified=false AND overall<=5.0,0.25,0.2486,50,28,0.0633,16.2237,16.2871,48178,50,1.0
bitmap_prefilter,verified=false AND overall<=5.0,0.25,0.2486,50,29,0.0633,16.2727,16.3361,48178,50,1.0
bitmap_prefilter,verified=false AND overall<=5.0,0.25,0.2486,50,30,0.0653,16.2239,16.2892,48178,50,1.0
bitmap_prefilter,verified=false AND overall<=5.0,0.25,0.2486,50,31,0.0633,16.2339,16.2973,48178,50,1.0
bitmap_prefilter,verified=false AND overall<=5.0,0.25,0.2486,50,32,0.0646,16.216,16.2805,48178,50,1.0
bitmap_prefilter,verified=false AND overall<=5.0,0.25,0.2486,50,33,0.0639,16.2394,16.3033,48178,50,1.0
bitmap_prefilter,verified=false AND overall<=5.0,0.25,0.2486,50,34,0.0634,16.2404,16.3038,48178,50,1.0
bitmap_prefilter,verified=false AND overall<=5.0,0.25,0.2486,50,35,0.0632,16.2237,16.2869,48178,50,1.0
bitmap_prefilter,verified=false AND overall<=5.0,0.25,0.2486,50,36,0.0642,16.2525,16.3168,48178,50,1.0
bitmap_prefilter,verified=false AND overall<=5.0,0.25,0.2486,50,37,0.063,16.2301,16.2931,48178,50,1.0
bitmap_prefilter,verified=false AND overall<=5.0,0.25,0.2486,50,38,0.0633,16.2761,16.3394,48178,50,1.0
bitmap_prefilter,verified=false AND overall<=5.0,0.25,0.2486,50,39,0.0645,16.2737,16.3382,48178,50,1.0
bitmap_prefilter,verified=false AND overall<=5.0,0.25,0.2486,50,40,0.0637,16.2347,16.2984,48178,50,1.0
bitmap_prefilter,verified=false AND overall<=5.0,0.25,0.2486,50,41,0.0681,16.2233,16.2913,48178,50,1.0
bitmap_prefilter,verified=false AND overall<=5.0,0.25,0.2486,50,42,0.0655,16.3072,16.3727,48178,50,1.0
bitmap_prefilter,verified=false AND overall<=5.0,0.25,0.2486,50,43,0.0649,16.4483,16.5132,48178,50,1.0
bitmap_prefilter,verified=false AND overall<=5.0,0.25,0.2486,50,44,0.0767,16.1806,16.2573,48178,50,1.0
bitmap_prefilter,verified=false AND overall<=5.0,0.25,0.2486,50,45,0.0689,16.1678,16.2367,48178,50,1.0
bitmap_prefilter,verified=false AND overall<=5.0,0.25,0.2486,50,46,0.0664,16.2271,16.2935,48178,50,1.0
bitmap_prefilter,verified=false AND overall<=5.0,0.25,0.2486,50,47,0.0648,16.2293,16.294,48178,50,0.96
bitmap_prefilter,verified=false AND overall<=5.0,0.25,0.2486,50,48,0.0645,16.2225,16.287,48178,50,1.0
bitmap_prefilter,verified=false AND overall<=5.0,0.25,0.2486,50,49,0.0658,16.2605,16.3262,48178,50,1.0
brute_force,verified=true AND overall<=4.0,0.3,0.2715,10,0,0.0418,24.6695,24.7113,10,10,1.0
brute_force,verified=true AND overall<=4.0,0.3,0.2715,10,1,0.0599,24.8192,24.8791,10,10,1.0
brute_force,verified=true AND overall<=4.0,0.3,0.2715,10,2,0.0622,24.8142,24.8765,10,10,1.0
brute_force,verified=true AND overall<=4.0,0.3,0.2715,10,3,0.0525,24.8138,24.8663,10,10,1.0
brute_force,verified=true AND overall<=4.0,0.3,0.2715,10,4,0.0255,24.6645,24.69,10,10,1.0
brute_force,verified=true AND overall<=4.0,0.3,0.2715,10,5,0.0564,24.4204,24.4768,10,10,1.0
brute_force,verified=true AND overall<=4.0,0.3,0.2715,10,6,0.0295,24.3998,24.4294,10,10,1.0
brute_force,verified=true AND overall<=4.0,0.3,0.2715,10,7,0.021,24.531,24.552,10,10,1.0
brute_force,verified=true AND overall<=4.0,0.3,0.2715,10,8,0.0358,24.4715,24.5073,10,10,1.0
brute_force,verified=true AND overall<=4.0,0.3,0.2715,10,9,0.0389,24.549,24.588,10,10,1.0
brute_force,verified=true AND overall<=4.0,0.3,0.2715,10,10,0.0388,24.3847,24.4235,10,10,1.0
brute_force,verified=true AND overall<=4.0,0.3,0.2715,10,11,0.0297,24.4065,24.4363,10,10,1.0
brute_force,verified=true AND overall<=4.0,0.3,0.2715,10,12,0.0442,24.625,24.6692,10,10,1.0
brute_force,verified=true AND overall<=4.0,0.3,0.2715,10,13,0.0688,24.5369,24.6057,10,10,1.0
brute_force,verified=true AND overall<=4.0,0.3,0.2715,10,14,0.0174,24.526,24.5434,10,10,1.0
brute_force,verified=true AND overall<=4.0,0.3,0.2715,10,15,0.0218,24.5275,24.5492,10,10,1.0
brute_force,verified=true AND overall<=4.0,0.3,0.2715,10,16,0.0632,24.5737,24.6369,10,10,1.0
brute_force,verified=true AND overall<=4.0,0.3,0.2715,10,17,0.0352,24.614,24.6492,10,10,1.0
brute_force,verified=true AND overall<=4.0,0.3,0.2715,10,18,0.029,24.4544,24.4835,10,10,1.0
brute_force,verified=true AND overall<=4.0,0.3,0.2715,10,19,0.0417,24.4669,24.5086,10,10,1.0
brute_force,verified=true AND overall<=4.0,0.3,0.2715,10,20,0.0625,24.56,24.6225,10,10,1.0
brute_force,verified=true AND overall<=4.0,0.3,0.2715,10,21,0.0266,24.4494,24.476,10,10,1.0
brute_force,verified=true AND overall<=4.0,0.3,0.2715,10,22,0.0252,24.3902,24.4154,10,10,1.0
brute_force,verified=true AND overall<=4.0,0.3,0.2715,10,23,0.0538,24.5744,24.6282,10,10,1.0
brute_force,verified=true AND overall<=4.0,0.3,0.2715,10,24,0.0585,24.3661,24.4247,10,10,1.0
brute_force,verified=true AND overall<=4.0,0.3,0.2715,10,25,0.0412,24.535,24.5762,10,10,1.0
brute_force,verified=true AND overall<=4.0,0.3,0.2715,10,26,0.0916,24.4835,24.5751,10,10,1.0
brute_force,verified=true AND overall<=4.0,0.3,0.2715,10,27,0.0392,24.5172,24.5565,10,10,1.0
brute_force,verified=true AND overall<=4.0,0.3,0.2715,10,28,0.0263,24.5545,24.5808,10,10,1.0
brute_force,verified=true AND overall<=4.0,0.3,0.2715,10,29,0.0252,24.5347,24.5599,10,10,1.0
brute_force,verified=true AND overall<=4.0,0.3,0.2715,10,30,0.0545,24.4104,24.4648,10,10,1.0
brute_force,verified=true AND overall<=4.0,0.3,0.2715,10,31,0.0332,24.6584,24.6916,10,10,1.0
brute_force,verified=true AND overall<=4.0,0.3,0.2715,10,32,0.017,24.633,24.65,10,10,1.0
brute_force,verified=true AND overall<=4.0,0.3,0.2715,10,33,0.0248,24.7048,24.7296,10,10,1.0
brute_force,verified=true AND overall<=4.0,0.3,0.2715,10,34,0.0355,24.4207,24.4563,10,10,1.0
brute_force,verified=true AND overall<=4.0,0.3,0.2715,10,35,0.0286,24.4718,24.5005,10,10,1.0
brute_force,verified=true AND overall<=4.0,0.3,0.2715,10,36,0.0161,24.4225,24.4386,10,10,1.0
brute_force,verified=true AND overall<=4.0,0.3,0.2715,10,37,0.0882,24.6195,24.7077,10,10,1.0
brute_force,verified=true AND overall<=4.0,0.3,0.2715,10,38,0.0248,24.4301,24.4549,10,10,1.0
brute_force,verified=true AND overall<=4.0,0.3,0.2715,10,39,0.076,24.5852,24.6611,10,10,1.0
brute_force,verified=true AND overall<=4.0,0.3,0.2715,10,40,0.0242,24.3275,24.3517,10,10,1.0
brute_force,verified=true AND overall<=4.0,0.3,0.2715,10,41,0.017,24.6367,24.6537,10,10,1.0
brute_force,verified=true AND overall<=4.0,0.3,0.2715,10,42,0.0462,24.3917,24.4379,10,10,1.0
brute_force,verified=true AND overall<=4.0,0.3,0.2715,10,43,0.0437,24.5361,24.5798,10,10,1.0
brute_force,verified=true AND overall<=4.0,0.3,0.2715,10,44,0.0159,24.4673,24.4832,10,10,1.0
brute_force,verified=true AND overall<=4.0,0.3,0.2715,10,45,0.1182,24.5936,24.7118,10,10,1.0
brute_force,verified=true AND overall<=4.0,0.3,0.2715,10,46,0.0425,24.4655,24.508,10,10,1.0
brute_force,verified=true AND overall<=4.0,0.3,0.2715,10,47,0.0349,24.5274,24.5623,10,10,1.0
brute_force,verified=true AND overall<=4.0,0.3,0.2715,10,48,0.064,24.601,24.6649,10,10,1.0
brute_force,verified=true AND overall<=4.0,0.3,0.2715,10,49,0.0783,24.5889,24.6672,10,10,1.0
naive_prefilter,verified=true AND overall<=4.0,0.3,0.2715,10,0,24.5683,21.2303,45.7985,52601,10,1.0
naive_prefilter,verified=true AND overall<=4.0,0.3,0.2715,10,1,24.2315,21.2954,45.5269,52601,10,1.0
naive_prefilter,verified=true AND overall<=4.0,0.3,0.2715,10,2,24.2124,21.1302,45.3426,52601,10,1.0
naive_prefilter,verified=true AND overall<=4.0,0.3,0.2715,10,3,24.305,21.131,45.436,52601,10,1.0
naive_prefilter,verified=true AND overall<=4.0,0.3,0.2715,10,4,23.8055,21.1703,44.9758,52601,10,1.0
naive_prefilter,verified=true AND overall<=4.0,0.3,0.2715,10,5,24.2844,21.1424,45.4268,52601,10,1.0
naive_prefilter,verified=true AND overall<=4.0,0.3,0.2715,10,6,24.4757,21.1924,45.668,52601,10,1.0
naive_prefilter,verified=true AND overall<=4.0,0.3,0.2715,10,7,24.6659,21.419,46.0849,52601,10,1.0
naive_prefilter,verified=true AND overall<=4.0,0.3,0.2715,10,8,24.4126,21.1804,45.593,52601,10,1.0
naive_prefilter,verified=true AND overall<=4.0,0.3,0.2715,10,9,24.431,21.1875,45.6185,52601,10,1.0
naive_prefilter,verified=true AND overall<=4.0,0.3,0.2715,10,10,24.0779,21.2114,45.2893,52601,10,1.0
naive_prefilter,verified=true AND overall<=4.0,0.3,0.2715,10,11,24.1126,21.1497,45.2623,52601,10,1.0
naive_prefilter,verified=true AND overall<=4.0,0.3,0.2715,10,12,24.3667,21.125,45.4918,52601,10,1.0
naive_prefilter,verified=true AND overall<=4.0,0.3,0.2715,10,13,24.4483,21.1228,45.5711,52601,10,1.0
naive_prefilter,verified=true AND overall<=4.0,0.3,0.2715,10,14,24.3934,21.1609,45.5543,52601,10,1.0
naive_prefilter,verified=true AND overall<=4.0,0.3,0.2715,10,15,24.3833,21.1366,45.5199,52601,10,1.0
naive_prefilter,verified=true AND overall<=4.0,0.3,0.2715,10,16,24.5325,21.0854,45.6179,52601,10,1.0
naive_prefilter,verified=true AND overall<=4.0,0.3,0.2715,10,17,24.4353,21.1106,45.546,52601,10,1.0
naive_prefilter,verified=true AND overall<=4.0,0.3,0.2715,10,18,24.4687,21.1388,45.6075,52601,10,1.0
naive_prefilter,verified=true AND overall<=4.0,0.3,0.2715,10,19,24.4444,21.1362,45.5806,52601,10,1.0
naive_prefilter,verified=true AND overall<=4.0,0.3,0.2715,10,20,24.3873,21.1253,45.5127,52601,10,1.0
naive_prefilter,verified=true AND overall<=4.0,0.3,0.2715,10,21,24.1899,21.2574,45.4473,52601,10,1.0
naive_prefilter,verified=true AND overall<=4.0,0.3,0.2715,10,22,23.8427,21.1529,44.9957,52601,10,1.0
naive_prefilter,verified=true AND overall<=4.0,0.3,0.2715,10,23,23.9583,21.1406,45.0989,52601,10,1.0
naive_prefilter,verified=true AND overall<=4.0,0.3,0.2715,10,24,24.2193,21.1667,45.386,52601,10,1.0
naive_prefilter,verified=true AND overall<=4.0,0.3,0.2715,10,25,24.2173,21.1685,45.3859,52601,10,1.0
naive_prefilter,verified=true AND overall<=4.0,0.3,0.2715,10,26,24.4711,21.2132,45.6843,52601,10,1.0
naive_prefilter,verified=true AND overall<=4.0,0.3,0.2715,10,27,24.1824,21.1885,45.3709,52601,10,1.0
naive_prefilter,verified=true AND overall<=4.0,0.3,0.2715,10,28,24.2581,21.2033,45.4614,52601,10,1.0
naive_prefilter,verified=true AND overall<=4.0,0.3,0.2715,10,29,24.3784,21.1305,45.5089,52601,10,1.0
naive_prefilter,verified=true AND overall<=4.0,0.3,0.2715,10,30,24.0554,21.149,45.2045,52601,10,1.0
naive_prefilter,verified=true AND overall<=4.0,0.3,0.2715,10,31,24.4247,21.1939,45.6186,52601,10,1.0
naive_prefilter,verified=true AND overall<=4.0,0.3,0.2715,10,32,24.2122,21.1178,45.33,52601,10,1.0
naive_prefilter,verified=true AND overall<=4.0,0.3,0.2715,10,33,24.1193,21.1147,45.234,52601,10,1.0
naive_prefilter,verified=true AND overall<=4.0,0.3,0.2715,10,34,24.371,21.1685,45.5395,52601,10,1.0
naive_prefilter,verified=true AND overall<=4.0,0.3,0.2715,10,35,23.9248,21.1567,45.0815,52601,10,1.0
naive_prefilter,verified=true AND overall<=4.0,0.3,0.2715,10,36,24.0653,21.1562,45.2215,52601,10,1.0
naive_prefilter,verified=true AND overall<=4.0,0.3,0.2715,10,37,23.9335,21.1884,45.1218,52601,10,1.0
naive_prefilter,verified=true AND overall<=4.0,0.3,0.2715,10,38,24.1163,21.212,45.3283,52601,10,1.0
naive_prefilter,verified=true AND overall<=4.0,0.3,0.2715,10,39,24.4526,21.1682,45.6208,52601,10,1.0
naive_prefilter,verified=true AND overall<=4.0,0.3,0.2715,10,40,24.149,21.1441,45.293,52601,10,1.0
naive_prefilter,verified=true AND overall<=4.0,0.3,0.2715,10,41,24.4064,21.1306,45.537,52601,10,1.0
naive_prefilter,verified=true AND overall<=4.0,0.3,0.2715,10,42,24.1655,21.1005,45.266,52601,10,1.0
naive_prefilter,verified=true AND overall<=4.0,0.3,0.2715,10,43,24.1541,21.1621,45.3162,52601,10,1.0
naive_prefilter,verified=true AND overall<=4.0,0.3,0.2715,10,44,24.1453,21.1667,45.312,52601,10,1.0
naive_prefilter,verified=true AND overall<=4.0,0.3,0.2715,10,45,24.1493,21.162,45.3113,52601,10,1.0
naive_prefilter,verified=true AND overall<=4.0,0.3,0.2715,10,46,24.0906,21.1597,45.2503,52601,10,1.0
naive_prefilter,verified=true AND overall<=4.0,0.3,0.2715,10,47,24.1043,21.1654,45.2697,52601,10,0.0
naive_prefilter,verified=true AND overall<=4.0,0.3,0.2715,10,48,24.1239,21.3,45.424,52601,10,1.0
naive_prefilter,verified=true AND overall<=4.0,0.3,0.2715,10,49,24.1073,21.1869,45.2942,52601,10,1.0
post_filter,verified=true AND overall<=4.0,0.3,0.2715,10,0,0.0131,0.354,0.3672,10,10,1.0
post_filter,verified=true AND overall<=4.0,0.3,0.2715,10,1,0.0534,0.825,0.8784,10,10,1.0
post_filter,verified=true AND overall<=4.0,0.3,0.2715,10,2,0.054,0.6616,0.7156,10,10,1.0
post_filter,verified=true AND overall<=4.0,0.3,0.2715,10,3,0.0427,0.6711,0.7138,10,10,1.0
post_filter,verified=true AND overall<=4.0,0.3,0.2715,10,4,0.02,0.7588,0.7789,10,10,1.0
post_filter,verified=true AND overall<=4.0,0.3,0.2715,10,5,0.072,0.6399,0.7119,10,10,1.0
post_filter,verified=true AND overall<=4.0,0.3,0.2715,10,6,0.0244,0.8735,0.8979,10,10,1.0
post_filter,verified=true AND overall<=4.0,0.3,0.2715,10,7,0.0173,0.6307,0.6479,10,10,1.0
post_filter,verified=true AND overall<=4.0,0.3,0.2715,10,8,0.0262,0.9198,0.946,10,10,1.0
post_filter,verified=true AND overall<=4.0,0.3,0.2715,10,9,0.0478,1.0656,1.1134,10,10,1.0
post_filter,verified=true AND overall<=4.0,0.3,0.2715,10,10,0.0439,1.0565,1.1005,10,10,1.0
post_filter,verified=true AND overall<=4.0,0.3,0.2715,10,11,0.0252,0.8927,0.9179,10,10,1.0
post_filter,verified=true AND overall<=4.0,0.3,0.2715,10,12,0.0403,0.6818,0.7222,10,10,1.0
post_filter,verified=true AND overall<=4.0,0.3,0.2715,10,13,0.0641,0.7015,0.7656,10,10,1.0
post_filter,verified=true AND overall<=4.0,0.3,0.2715,10,14,0.0138,0.5229,0.5367,10,10,1.0
post_filter,verified=true AND overall<=4.0,0.3,0.2715,10,15,0.0214,0.4505,0.472,10,10,1.0
post_filter,verified=true AND overall<=4.0,0.3,0.2715,10,16,0.0664,0.9255,0.9919,10,10,1.0
post_filter,verified=true AND overall<=4.0,0.3,0.2715,10,17,0.0328,0.6785,0.7114,10,10,0.9
post_filter,verified=true AND overall<=4.0,0.3,0.2715,10,18,0.0296,0.7613,0.7909,10,10,1.0
post_filter,verified=true AND overall<=4.0,0.3,0.2715,10,19,0.0361,0.7887,0.8247,10,10,1.0
post_filter,verified=true AND overall<=4.0,0.3,0.2715,10,20,0.0538,0.5745,0.6283,10,10,1.0
post_filter,verified=true AND overall<=4.0,0.3,0.2715,10,21,0.0233,0.6175,0.6408,10,10,1.0
post_filter,verified=true AND overall<=4.0,0.3,0.2715,10,22,0.0204,0.6659,0.6863,10,10,1.0
post_filter,verified=true AND overall<=4.0,0.3,0.2715,10,23,0.0465,0.6165,0.663,10,10,1.0
post_filter,verified=true AND overall<=4.0,0.3,0.2715,10,24,0.0509,0.8417,0.8926,10,10,1.0
post_filter,verified=true AND overall<=4.0,0.3,0.2715,10,25,0.0383,0.2587,0.297,10,10,0.9
post_filter,verified=true AND overall<=4.0,0.3,0.2715,10,26,0.075,0.7582,0.8332,10,10,1.0
post_filter,verified=true AND overall<=4.0,0.3,0.2715,10,27,0.0371,0.7269,0.764,10,10,1.0
post_filter,verified=true AND overall<=4.0,0.3,0.2715,10,28,0.0218,0.766,0.7878,10,10,1.0
post_filter,verified=true AND overall<=4.0,0.3,0.2715,10,29,0.022,0.504,0.5259,10,10,1.0
post_filter,verified=true AND overall<=4.0,0.3,0.2715,10,30,0.0641,0.3972,0.4613,10,10,0.0
post_filter,verified=true AND overall<=4.0,0.3,0.2715,10,31,0.0307,0.768,0.7987,10,10,1.0
post_filter,verified=true AND overall<=4.0,0.3,0.2715,10,32,0.0138,0.6235,0.6373,10,10,1.0
post_filter,verified=true AND overall<=4.0,0.3,0.2715,10,33,0.0226,0.4875,0.5101,10,10,1.0
post_filter,verified=true AND overall<=4.0,0.3,0.2715,10,34,0.0307,0.7958,0.8265,10,10,1.0
post_filter,verified=true AND overall<=4.0,0.3,0.2715,10,35,0.0235,0.7894,0.8129,10,10,1.0
post_filter,verified=true AND overall<=4.0,0.3,0.2715,10,36,0.0122,0.6535,0.6657,10,10,1.0
post_filter,verified=true AND overall<=4.0,0.3,0.2715,10,37,0.1018,0.7074,0.8092,10,10,1.0
post_filter,verified=true AND overall<=4.0,0.3,0.2715,10,38,0.019,0.9633,0.9822,10,10,1.0
post_filter,verified=true AND overall<=4.0,0.3,0.2715,10,39,0.0762,0.4951,0.5713,10,10,1.0
post_filter,verified=true AND overall<=4.0,0.3,0.2715,10,40,0.021,0.9495,0.9706,10,10,1.0
post_filter,verified=true AND overall<=4.0,0.3,0.2715,10,41,0.0136,0.5206,0.5342,10,10,1.0
post_filter,verified=true AND overall<=4.0,0.3,0.2715,10,42,0.0413,0.7649,0.8062,10,10,1.0
post_filter,verified=true AND overall<=4.0,0.3,0.2715,10,43,0.0361,0.4031,0.4392,10,10,0.8
post_filter,verified=true AND overall<=4.0,0.3,0.2715,10,44,0.0124,0.5773,0.5897,10,10,1.0
post_filter,verified=true AND overall<=4.0,0.3,0.2715,10,45,0.1093,0.826,0.9353,10,10,0.9
post_filter,verified=true AND overall<=4.0,0.3,0.2715,10,46,0.0378,0.6911,0.7289,10,10,1.0
post_filter,verified=true AND overall<=4.0,0.3,0.2715,10,47,0.0327,0.2357,0.2684,10,10,0.2
post_filter,verified=true AND overall<=4.0,0.3,0.2715,10,48,0.0536,0.8163,0.87,10,10,1.0
post_filter,verified=true AND overall<=4.0,0.3,0.2715,10,49,0.0692,0.4049,0.4741,10,10,0.9
bitmap_prefilter,verified=true AND overall<=4.0,0.3,0.2715,10,0,0.0743,20.3825,20.4568,52601,10,1.0
bitmap_prefilter,verified=true AND overall<=4.0,0.3,0.2715,10,1,0.0962,20.3254,20.4216,52601,10,1.0
bitmap_prefilter,verified=true AND overall<=4.0,0.3,0.2715,10,2,0.0722,20.6778,20.75,52601,10,1.0
bitmap_prefilter,verified=true AND overall<=4.0,0.3,0.2715,10,3,0.0893,21.3345,21.4237,52601,10,1.0
bitmap_prefilter,verified=true AND overall<=4.0,0.3,0.2715,10,4,0.0826,20.6385,20.7212,52601,10,1.0
bitmap_prefilter,verified=true AND overall<=4.0,0.3,0.2715,10,5,0.0802,20.2886,20.3688,52601,10,1.0
bitmap_prefilter,verified=true AND overall<=4.0,0.3,0.2715,10,6,0.0739,20.3035,20.3774,52601,10,1.0
bitmap_prefilter,verified=true AND overall<=4.0,0.3,0.2715,10,7,0.0719,20.3154,20.3873,52601,10,1.0
bitmap_prefilter,verified=true AND overall<=4.0,0.3,0.2715,10,8,0.0729,20.2756,20.3485,52601,10,1.0
bitmap_prefilter,verified=true AND overall<=4.0,0.3,0.2715,10,9,0.0695,20.3331,20.4026,52601,10,1.0
bitmap_prefilter,verified=true AND overall<=4.0,0.3,0.2715,10,10,0.07,20.2811,20.3512,52601,10,1.0
bitmap_prefilter,verified=true AND overall<=4.0,0.3,0.2715,10,11,0.0694,20.3004,20.3698,52601,10,1.0
bitmap_prefilter,verified=true AND overall<=4.0,0.3,0.2715,10,12,0.0699,20.306,20.3759,52601,10,1.0
bitmap_prefilter,verified=true AND overall<=4.0,0.3,0.2715,10,13,0.069,20.2747,20.3438,52601,10,1.0
bitmap_prefilter,verified=true AND overall<=4.0,0.3,0.2715,10,14,0.0705,20.3066,20.3771,52601,10,1.0
bitmap_prefilter,verified=true AND overall<=4.0,0.3,0.2715,10,15,0.0723,20.282,20.3543,52601,10,1.0
bitmap_prefilter,verified=true AND overall<=4.0,0.3,0.2715,10,16,0.0685,20.4229,20.4914,52601,10,1.0
bitmap_prefilter,verified=true AND overall<=4.0,0.3,0.2715,10,17,0.0899,20.402,20.4918,52601,10,1.0
bitmap_prefilter,verified=true AND overall<=4.0,0.3,0.2715,10,18,0.079,20.462,20.541,52601,10,1.0
bitmap_prefilter,verified=true AND overall<=4.0,0.3,0.2715,10,19,0.0742,20.372,20.4462,52601,10,1.0
bitmap_prefilter,verified=true AND overall<=4.0,0.3,0.2715,10,20,0.0727,20.3536,20.4263,52601,10,1.0
bitmap_prefilter,verified=true AND overall<=4.0,0.3,0.2715,10,21,0.0752,20.329,20.4042,52601,10,1.0
bitmap_prefilter,verified=true AND overall<=4.0,0.3,0.2715,10,22,0.0774,20.3576,20.435,52601,10,1.0
bitmap_prefilter,verified=true AND overall<=4.0,0.3,0.2715,10,23,0.0708,20.305,20.3758,52601,10,1.0
bitmap_prefilter,verified=true AND overall<=4.0,0.3,0.2715,10,24,0.069,20.3692,20.4381,52601,10,1.0
bitmap_prefilter,verified=true AND overall<=4.0,0.3,0.2715,10,25,0.068,20.3175,20.3855,52601,10,1.0
bitmap_prefilter,verified=true AND overall<=4.0,0.3,0.2715,10,26,0.0686,20.3243,20.3929,52601,10,1.0
bitmap_prefilter,verified=true AND overall<=4.0,0.3,0.2715,10,27,0.0682,20.355,20.4232,52601,10,1.0
bitmap_prefilter,verified=true AND overall<=4.0,0.3,0.2715,10,28,0.0694,20.3663,20.4356,52601,10,1.0
bitmap_prefilter,verified=true AND overall<=4.0,0.3,0.2715,10,29,0.068,20.3846,20.4526,52601,10,1.0
bitmap_prefilter,verified=true AND overall<=4.0,0.3,0.2715,10,30,0.0689,20.322,20.3909,52601,10,1.0
bitmap_prefilter,verified=true AND overall<=4.0,0.3,0.2715,10,31,0.0681,20.4254,20.4935,52601,10,1.0
bitmap_prefilter,verified=true AND overall<=4.0,0.3,0.2715,10,32,0.0712,20.3408,20.412,52601,10,1.0
bitmap_prefilter,verified=true AND overall<=4.0,0.3,0.2715,10,33,0.072,20.3265,20.3985,52601,10,1.0
bitmap_prefilter,verified=true AND overall<=4.0,0.3,0.2715,10,34,0.068,20.3851,20.4531,52601,10,1.0
bitmap_prefilter,verified=true AND overall<=4.0,0.3,0.2715,10,35,0.0682,20.2933,20.3615,52601,10,1.0
bitmap_prefilter,verified=true AND overall<=4.0,0.3,0.2715,10,36,0.0691,20.3279,20.397,52601,10,1.0
bitmap_prefilter,verified=true AND overall<=4.0,0.3,0.2715,10,37,0.0687,20.4339,20.5026,52601,10,1.0
bitmap_prefilter,verified=true AND overall<=4.0,0.3,0.2715,10,38,0.0687,20.3128,20.3815,52601,10,1.0
bitmap_prefilter,verified=true AND overall<=4.0,0.3,0.2715,10,39,0.0672,20.4281,20.4953,52601,10,1.0
bitmap_prefilter,verified=true AND overall<=4.0,0.3,0.2715,10,40,0.0717,20.4603,20.532,52601,10,1.0
bitmap_prefilter,verified=true AND overall<=4.0,0.3,0.2715,10,41,0.0684,20.3778,20.4462,52601,10,1.0
bitmap_prefilter,verified=true AND overall<=4.0,0.3,0.2715,10,42,0.0684,20.6592,20.7276,52601,10,1.0
bitmap_prefilter,verified=true AND overall<=4.0,0.3,0.2715,10,43,0.0782,20.2743,20.3526,52601,10,1.0
bitmap_prefilter,verified=true AND overall<=4.0,0.3,0.2715,10,44,0.0762,20.2802,20.3565,52601,10,1.0
bitmap_prefilter,verified=true AND overall<=4.0,0.3,0.2715,10,45,0.0677,20.3229,20.3906,52601,10,1.0
bitmap_prefilter,verified=true AND overall<=4.0,0.3,0.2715,10,46,0.0697,20.3629,20.4326,52601,10,1.0
bitmap_prefilter,verified=true AND overall<=4.0,0.3,0.2715,10,47,0.0705,20.3213,20.3918,52601,10,0.0
bitmap_prefilter,verified=true AND overall<=4.0,0.3,0.2715,10,48,0.0717,20.4209,20.4925,52601,10,1.0
bitmap_prefilter,verified=true AND overall<=4.0,0.3,0.2715,10,49,0.0681,20.297,20.3651,52601,10,1.0
brute_force,verified=true AND overall<=4.0,0.3,0.2715,50,0,0.171,24.6556,24.8266,50,50,1.0
brute_force,verified=true AND overall<=4.0,0.3,0.2715,50,1,0.4115,24.5919,25.0034,50,50,1.0
brute_force,verified=true AND overall<=4.0,0.3,0.2715,50,2,0.3551,24.9567,25.3118,50,50,1.0
brute_force,verified=true AND overall<=4.0,0.3,0.2715,50,3,0.1794,24.5272,24.7066,50,50,1.0
brute_force,verified=true AND overall<=4.0,0.3,0.2715,50,4,0.1042,24.7981,24.9024,50,50,1.0
brute_force,verified=true AND overall<=4.0,0.3,0.2715,50,5,0.1655,24.5384,24.7038,50,50,1.0
brute_force,verified=true AND overall<=4.0,0.3,0.2715,50,6,0.1207,24.7076,24.8283,50,50,1.0
brute_force,verified=true AND overall<=4.0,0.3,0.2715,50,7,0.0796,24.4139,24.4935,50,50,1.0
brute_force,verified=true AND overall<=4.0,0.3,0.2715,50,8,0.1016,24.5493,24.651,50,50,0.96
brute_force,verified=true AND overall<=4.0,0.3,0.2715,50,9,0.1557,24.7297,24.8855,50,50,1.0
brute_force,verified=true AND overall<=4.0,0.3,0.2715,50,10,0.1707,24.7953,24.966,50,50,1.0
brute_force,verified=true AND overall<=4.0,0.3,0.2715,50,11,0.1275,24.5685,24.696,50,50,1.0
brute_force,verified=true AND overall<=4.0,0.3,0.2715,50,12,0.1404,24.8528,24.9932,50,50,1.0
brute_force,verified=true AND overall<=4.0,0.3,0.2715,50,13,0.2752,24.7524,25.0276,50,50,1.0
brute_force,verified=true AND overall<=4.0,0.3,0.2715,50,14,0.0691,24.8255,24.8945,50,50,1.0
brute_force,verified=true AND overall<=4.0,0.3,0.2715,50,15,0.106,24.6977,24.8037,50,50,1.0
brute_force,verified=true AND overall<=4.0,0.3,0.2715,50,16,0.2889,24.8359,25.1248,50,50,1.0
brute_force,verified=true AND overall<=4.0,0.3,0.2715,50,17,0.1578,24.798,24.9558,50,50,1.0
brute_force,verified=true AND overall<=4.0,0.3,0.2715,50,18,0.1302,24.8086,24.9388,50,50,1.0
brute_force,verified=true AND overall<=4.0,0.3,0.2715,50,19,0.2192,24.6095,24.8288,50,50,1.0
brute_force,verified=true AND overall<=4.0,0.3,0.2715,50,20,0.3032,24.8353,25.1385,50,50,1.0
brute_force,verified=true AND overall<=4.0,0.3,0.2715,50,21,0.1273,24.641,24.7682,50,50,1.0
brute_force,verified=true AND overall<=4.0,0.3,0.2715,50,22,0.1803,24.6996,24.8799,50,50,1.0
brute_force,verified=true AND overall<=4.0,0.3,0.2715,50,23,0.2409,24.766,25.0068,50,50,0.98
brute_force,verified=true AND overall<=4.0,0.3,0.2715,50,24,0.2833,24.6866,24.97,50,50,1.0
brute_force,verified=true AND overall<=4.0,0.3,0.2715,50,25,0.3648,24.8323,25.1971,50,50,1.0
brute_force,verified=true AND overall<=4.0,0.3,0.2715,50,26,0.2584,24.7626,25.021,50,50,1.0
brute_force,verified=true AND overall<=4.0,0.3,0.2715,50,27,0.1276,24.6765,24.8041,50,50,1.0
brute_force,verified=true AND overall<=4.0,0.3,0.2715,50,28,0.0982,24.95,25.0482,50,50,1.0
brute_force,verified=true AND overall<=4.0,0.3,0.2715,50,29,0.1491,24.7332,24.8822,50,50,1.0
brute_force,verified=true AND overall<=4.0,0.3,0.2715,50,30,0.3055,24.6721,24.9776,50,50,1.0
brute_force,verified=true AND overall<=4.0,0.3,0.2715,50,31,0.1631,24.4099,24.573,50,50,1.0
brute_force,verified=true AND overall<=4.0,0.3,0.2715,50,32,0.0718,24.6413,24.7131,50,50,1.0
brute_force,verified=true AND overall<=4.0,0.3,0.2715,50,33,0.0869,24.552,24.639,50,50,1.0
brute_force,verified=true AND overall<=4.0,0.3,0.2715,50,34,0.1276,24.4524,24.58,50,50,1.0
brute_force,verified=true AND overall<=4.0,0.3,0.2715,50,35,0.1474,24.3675,24.5149,50,50,1.0
brute_force,verified=true AND overall<=4.0,0.3,0.2715,50,36,0.0818,24.4617,24.5435,50,50,1.0
brute_force,verified=true AND overall<=4.0,0.3,0.2715,50,37,0.2764,24.43,24.7065,50,50,1.0
brute_force,verified=true AND overall<=4.0,0.3,0.2715,50,38,0.1133,24.4884,24.6017,50,50,1.0
brute_force,verified=true AND overall<=4.0,0.3,0.2715,50,39,0.258,24.461,24.719,50,50,1.0
brute_force,verified=true AND overall<=4.0,0.3,0.2715,50,40,0.094,24.4358,24.5298,50,50,1.0
brute_force,verified=true AND overall<=4.0,0.3,0.2715,50,41,0.0731,24.4953,24.5684,50,50,1.0
brute_force,verified=true AND overall<=4.0,0.3,0.2715,50,42,0.1344,24.423,24.5573,50,50,1.0
brute_force,verified=true AND overall<=4.0,0.3,0.2715,50,43,0.2158,24.4955,24.7113,50,50,1.0
brute_force,verified=true AND overall<=4.0,0.3,0.2715,50,44,0.0662,24.5901,24.6563,50,50,1.0
brute_force,verified=true AND overall<=4.0,0.3,0.2715,50,45,0.3657,24.617,24.9827,50,50,1.0
brute_force,verified=true AND overall<=4.0,0.3,0.2715,50,46,0.1869,24.5697,24.7566,50,50,1.0
brute_force,verified=true AND overall<=4.0,0.3,0.2715,50,47,0.1674,24.5647,24.7321,50,50,1.0
brute_force,verified=true AND overall<=4.0,0.3,0.2715,50,48,0.254,24.6164,24.8704,50,50,1.0
brute_force,verified=true AND overall<=4.0,0.3,0.2715,50,49,0.3754,24.5744,24.9498,50,50,1.0
naive_prefilter,verified=true AND overall<=4.0,0.3,0.2715,50,0,24.4307,21.2935,45.7242,52601,50,1.0
naive_prefilter,verified=true AND overall<=4.0,0.3,0.2715,50,1,24.1741,21.2096,45.3837,52601,50,1.0
naive_prefilter,verified=true AND overall<=4.0,0.3,0.2715,50,2,23.8462,21.2385,45.0847,52601,50,1.0
naive_prefilter,verified=true AND overall<=4.0,0.3,0.2715,50,3,24.2638,21.2467,45.5105,52601,50,1.0
naive_prefilter,verified=true AND overall<=4.0,0.3,0.2715,50,4,23.8343,21.2357,45.07,52601,50,1.0
naive_prefilter,verified=true AND overall<=4.0,0.3,0.2715,50,5,24.5611,21.6021,46.1632,52601,50,1.0
naive_prefilter,verified=true AND overall<=4.0,0.3,0.2715,50,6,24.5695,21.2998,45.8692,52601,50,1.0
naive_prefilter,verified=true AND overall<=4.0,0.3,0.2715,50,7,24.0259,21.1908,45.2167,52601,50,1.0
naive_prefilter,verified=true AND overall<=4.0,0.3,0.2715,50,8,24.5444,21.305,45.8494,52601,50,0.96
naive_prefilter,verified=true AND overall<=4.0,0.3,0.2715,50,9,24.5205,21.2525,45.773,52601,50,1.0
naive_prefilter,verified=true AND overall<=4.0,0.3,0.2715,50,10,24.4051,21.2018,45.6069,52601,50,1.0
naive_prefilter,verified=true AND overall<=4.0,0.3,0.2715,50,11,24.4408,21.2145,45.6553,52601,50,1.0
naive_prefilter,verified=true AND overall<=4.0,0.3,0.2715,50,12,24.2908,21.2767,45.5676,52601,50,1.0
naive_prefilter,verified=true AND overall<=4.0,0.3,0.2715,50,13,24.2773,21.2427,45.5201,52601,50,1.0
naive_prefilter,verified=true AND overall<=4.0,0.3,0.2715,50,14,24.4683,21.2249,45.6932,52601,50,1.0
naive_prefilter,verified=true AND overall<=4.0,0.3,0.2715,50,15,24.532,21.2092,45.7412,52601,50,1.0
naive_prefilter,verified=true AND overall<=4.0,0.3,0.2715,50,16,24.3012,21.1034,45.4045,52601,50,1.0
naive_prefilter,verified=true AND overall<=4.0,0.3,0.2715,50,17,24.4743,21.1408,45.6151,52601,50,1.0
naive_prefilter,verified=true AND overall<=4.0,0.3,0.2715,50,18,23.9635,21.2307,45.1942,52601,50,1.0
naive_prefilter,verified=true AND overall<=4.0,0.3,0.2715,50,19,24.3167,21.1901,45.5068,52601,50,1.0
naive_prefilter,verified=true AND overall<=4.0,0.3,0.2715,50,20,24.1145,21.2505,45.365,52601,50,1.0
naive_prefilter,verified=true AND overall<=4.0,0.3,0.2715,50,21,24.1474,21.1934,45.3408,52601,50,1.0
naive_prefilter,verified=true AND overall<=4.0,0.3,0.2715,50,22,24.121,21.26,45.381,52601,50,1.0
naive_prefilter,verified=true AND overall<=4.0,0.3,0.2715,50,23,24.2763,21.1841,45.4604,52601,50,0.98
naive_prefilter,verified=true AND overall<=4.0,0.3,0.2715,50,24,24.2382,21.1541,45.3923,52601,50,1.0
naive_prefilter,verified=true AND overall<=4.0,0.3,0.2715,50,25,24.1135,21.2143,45.3279,52601,50,1.0
naive_prefilter,verified=true AND overall<=4.0,0.3,0.2715,50,26,24.4119,21.2007,45.6125,52601,50,1.0
naive_prefilter,verified=true AND overall<=4.0,0.3,0.2715,50,27,24.2963,21.3312,45.6275,52601,50,1.0
naive_prefilter,verified=true AND overall<=4.0,0.3,0.2715,50,28,24.226,21.1736,45.3997,52601,50,1.0
naive_prefilter,verified=true AND overall<=4.0,0.3,0.2715,50,29,24.5047,21.2183,45.723,52601,50,1.0
naive_prefilter,verified=true AND overall<=4.0,0.3,0.2715,50,30,24.5553,21.2763,45.8316,52601,50,0.72
naive_prefilter,verified=true AND overall<=4.0,0.3,0.2715,50,31,24.501,21.1736,45.6746,52601,50,1.0
naive_prefilter,verified=true AND overall<=4.0,0.3,0.2715,50,32,24.3247,21.2375,45.5621,52601,50,1.0
naive_prefilter,verified=true AND overall<=4.0,0.3,0.2715,50,33,24.3073,21.2282,45.5355,52601,50,1.0
naive_prefilter,verified=true AND overall<=4.0,0.3,0.2715,50,34,24.2598,21.2774,45.5372,52601,50,1.0
naive_prefilter,verified=true AND overall<=4.0,0.3,0.2715,50,35,24.3786,21.2596,45.6382,52601,50,1.0
naive_prefilter,verified=true AND overall<=4.0,0.3,0.2715,50,36,24.386,21.2357,45.6218,52601,50,1.0
naive_prefilter,verified=true AND overall<=4.0,0.3,0.2715,50,37,24.3142,21.2585,45.5727,52601,50,1.0
naive_prefilter,verified=true AND overall<=4.0,0.3,0.2715,50,38,24.4564,21.2685,45.725,52601,50,1.0
naive_prefilter,verified=true AND overall<=4.0,0.3,0.2715,50,39,24.2285,21.3442,45.5727,52601,50,1.0
naive_prefilter,verified=true AND overall<=4.0,0.3,0.2715,50,40,24.144,21.1948,45.3388,52601,50,1.0
naive_prefilter,verified=true AND overall<=4.0,0.3,0.2715,50,41,24.4483,21.1975,45.6458,52601,50,1.0
naive_prefilter,verified=true AND overall<=4.0,0.3,0.2715,50,42,24.339,21.1947,45.5337,52601,50,1.0
naive_prefilter,verified=true AND overall<=4.0,0.3,0.2715,50,43,24.4938,21.2518,45.7456,52601,50,1.0
naive_prefilter,verified=true AND overall<=4.0,0.3,0.2715,50,44,24.472,21.2407,45.7127,52601,50,1.0
naive_prefilter,verified=true AND overall<=4.0,0.3,0.2715,50,45,24.2963,21.1791,45.4754,52601,50,1.0
naive_prefilter,verified=true AND overall<=4.0,0.3,0.2715,50,46,24.3061,21.2486,45.5547,52601,50,1.0
naive_prefilter,verified=true AND overall<=4.0,0.3,0.2715,50,47,24.3378,21.474,45.8118,52601,50,0.96
naive_prefilter,verified=true AND overall<=4.0,0.3,0.2715,50,48,24.286,21.2227,45.5087,52601,50,1.0
naive_prefilter,verified=true AND overall<=4.0,0.3,0.2715,50,49,24.141,21.3103,45.4513,52601,50,1.0
post_filter,verified=true AND overall<=4.0,0.3,0.2715,50,0,0.061,0.4971,0.5581,50,50,0.96
post_filter,verified=true AND overall<=4.0,0.3,0.2715,50,1,0.361,1.0709,1.432,50,50,0.94
post_filter,verified=true AND overall<=4.0,0.3,0.2715,50,2,0.3582,0.838,1.1963,50,50,0.88
post_filter,verified=true AND overall<=4.0,0.3,0.2715,50,3,0.1627,0.9441,1.1068,50,50,0.94
post_filter,verified=true AND overall<=4.0,0.3,0.2715,50,4,0.1504,1.147,1.2974,50,50,1.0
post_filter,verified=true AND overall<=4.0,0.3,0.2715,50,5,0.1998,1.0479,1.2477,50,50,0.96
post_filter,verified=true AND overall<=4.0,0.3,0.2715,50,6,0.1001,1.2903,1.3904,50,50,1.0
post_filter,verified=true AND overall<=4.0,0.3,0.2715,50,7,0.072,0.7765,0.8485,50,50,1.0
post_filter,verified=true AND overall<=4.0,0.3,0.2715,50,8,0.093,1.1582,1.2512,50,50,0.96
post_filter,verified=true AND overall<=4.0,0.3,0.2715,50,9,0.1428,1.1504,1.2932,50,50,0.92
post_filter,verified=true AND overall<=4.0,0.3,0.2715,50,10,0.1524,1.015,1.1674,50,50,0.96
post_filter,verified=true AND overall<=4.0,0.3,0.2715,50,11,0.1186,0.9972,1.1157,50,50,0.94
post_filter,verified=true AND overall<=4.0,0.3,0.2715,50,12,0.1256,0.8198,0.9454,50,50,1.0
post_filter,verified=true AND overall<=4.0,0.3,0.2715,50,13,0.2529,0.8648,1.1178,50,50,0.92
post_filter,verified=true AND overall<=4.0,0.3,0.2715,50,14,0.0658,0.638,0.7039,50,50,1.0
post_filter,verified=true AND overall<=4.0,0.3,0.2715,50,15,0.095,0.561,0.6559,50,50,1.0
post_filter,verified=true AND overall<=4.0,0.3,0.2715,50,16,0.2677,1.051,1.3187,50,50,0.86
post_filter,verified=true AND overall<=4.0,0.3,0.2715,50,17,0.152,0.7996,0.9515,50,50,0.96
post_filter,verified=true AND overall<=4.0,0.3,0.2715,50,18,0.1164,0.9419,1.0583,50,50,0.98
post_filter,verified=true AND overall<=4.0,0.3,0.2715,50,19,0.241,0.9972,1.2382,50,50,0.8
post_filter,verified=true AND overall<=4.0,0.3,0.2715,50,20,0.3168,0.7486,1.0654,50,50,0.9
post_filter,verified=true AND overall<=4.0,0.3,0.2715,50,21,0.1227,0.8668,0.9894,50,50,0.98
post_filter,verified=true AND overall<=4.0,0.3,0.2715,50,22,0.1676,0.7985,0.966,50,50,0.88
post_filter,verified=true AND overall<=4.0,0.3,0.2715,50,23,0.2263,0.7618,0.9881,50,50,0.9
post_filter,verified=true AND overall<=4.0,0.3,0.2715,50,24,0.2635,1.1047,1.3682,50,50,0.96
post_filter,verified=true AND overall<=4.0,0.3,0.2715,50,25,0.2431,0.334,0.5771,50,50,0.68
post_filter,verified=true AND overall<=4.0,0.3,0.2715,50,26,0.2016,0.9731,1.1747,50,50,0.94
post_filter,verified=true AND overall<=4.0,0.3,0.2715,50,27,0.1093,0.937,1.0464,50,50,1.0
post_filter,verified=true AND overall<=4.0,0.3,0.2715,50,28,0.084,0.9899,1.074,50,50,0.98
post_filter,verified=true AND overall<=4.0,0.3,0.2715,50,29,0.128,0.5982,0.7262,50,50,0.98
post_filter,verified=true AND overall<=4.0,0.3,0.2715,50,30,0.5632,0.4451,1.0082,49,49,0.38
post_filter,verified=true AND overall<=4.0,0.3,0.2715,50,31,0.1422,0.976,1.1182,50,50,0.98
post_filter,verified=true AND overall<=4.0,0.3,0.2715,50,32,0.0607,0.7443,0.805,50,50,0.98
post_filter,verified=true AND overall<=4.0,0.3,0.2715,50,33,0.0817,0.5582,0.6399,50,50,1.0
post_filter,verified=true AND overall<=4.0,0.3,0.2715,50,34,0.1143,0.9777,1.092,50,50,1.0
post_filter,verified=true AND overall<=4.0,0.3,0.2715,50,35,0.1291,0.9944,1.1235,50,50,0.98
post_filter,verified=true AND overall<=4.0,0.3,0.2715,50,36,0.073,0.805,0.878,50,50,1.0
post_filter,verified=true AND overall<=4.0,0.3,0.2715,50,37,0.2475,0.7312,0.9787,50,50,0.98
post_filter,verified=true AND overall<=4.0,0.3,0.2715,50,38,0.1021,1.2327,1.3348,50,50,0.94
post_filter,verified=true AND overall<=4.0,0.3,0.2715,50,39,0.2765,0.5669,0.8434,50,50,0.72
post_filter,verified=true AND overall<=4.0,0.3,0.2715,50,40,0.0835,1.2027,1.2862,50,50,0.98
post_filter,verified=true AND overall<=4.0,0.3,0.2715,50,41,0.0652,0.6381,0.7032,50,50,1.0
post_filter,verified=true AND overall<=4.0,0.3,0.2715,50,42,0.1224,0.9643,1.0868,50,50,0.96
post_filter,verified=true AND overall<=4.0,0.3,0.2715,50,43,0.213,0.4815,0.6945,50,50,0.72
post_filter,verified=true AND overall<=4.0,0.3,0.2715,50,44,0.0576,0.7227,0.7803,50,50,1.0
post_filter,verified=true AND overall<=4.0,0.3,0.2715,50,45,0.3114,1.0379,1.3493,50,50,0.8
post_filter,verified=true AND overall<=4.0,0.3,0.2715,50,46,0.1906,0.8634,1.054,50,50,0.92
post_filter,verified=true AND overall<=4.0,0.3,0.2715,50,47,0.1408,0.2973,0.4381,50,50,0.96
post_filter,verified=true AND overall<=4.0,0.3,0.2715,50,48,0.2294,1.0489,1.2782,50,50,0.88
post_filter,verified=true AND overall<=4.0,0.3,0.2715,50,49,0.3011,0.4965,0.7976,50,50,0.72
bitmap_prefilter,verified=true AND overall<=4.0,0.3,0.2715,50,0,0.074,21.5016,21.5756,52601,50,1.0
bitmap_prefilter,verified=true AND overall<=4.0,0.3,0.2715,50,1,0.0953,20.3854,20.4807,52601,50,1.0
bitmap_prefilter,verified=true AND overall<=4.0,0.3,0.2715,50,2,0.0958,20.3052,20.401,52601,50,1.0
bitmap_prefilter,verified=true AND overall<=4.0,0.3,0.2715,50,3,0.0836,20.3367,20.4204,52601,50,1.0
bitmap_prefilter,verified=true AND overall<=4.0,0.3,0.2715,50,4,0.099,20.2817,20.3807,52601,50,1.0
bitmap_prefilter,verified=true AND overall<=4.0,0.3,0.2715,50,5,0.0827,20.2951,20.3778,52601,50,1.0
bitmap_prefilter,verified=true AND overall<=4.0,0.3,0.2715,50,6,0.0759,20.3132,20.3891,52601,50,1.0
bitmap_prefilter,verified=true AND overall<=4.0,0.3,0.2715,50,7,0.0729,20.3166,20.3895,52601,50,1.0
bitmap_prefilter,verified=true AND overall<=4.0,0.3,0.2715,50,8,0.0867,20.3195,20.4062,52601,50,0.96
bitmap_prefilter,verified=true AND overall<=4.0,0.3,0.2715,50,9,0.0767,20.4393,20.516,52601,50,1.0
bitmap_prefilter,verified=true AND overall<=4.0,0.3,0.2715,50,10,0.0763,20.348,20.4243,52601,50,1.0
bitmap_prefilter,verified=true AND overall<=4.0,0.3,0.2715,50,11,0.0725,20.3278,20.4003,52601,50,1.0
bitmap_prefilter,verified=true AND overall<=4.0,0.3,0.2715,50,12,0.0706,20.3009,20.3715,52601,50,1.0
bitmap_prefilter,verified=true AND overall<=4.0,0.3,0.2715,50,13,0.0705,20.3221,20.3926,52601,50,1.0
bitmap_prefilter,verified=true AND overall<=4.0,0.3,0.2715,50,14,0.0684,20.2948,20.3632,52601,50,1.0
bitmap_prefilter,verified=true AND overall<=4.0,0.3,0.2715,50,15,0.0697,20.2637,20.3334,52601,50,1.0
bitmap_prefilter,verified=true AND overall<=4.0,0.3,0.2715,50,16,0.0683,20.3654,20.4337,52601,50,1.0
bitmap_prefilter,verified=true AND overall<=4.0,0.3,0.2715,50,17,0.0679,20.2974,20.3653,52601,50,1.0
bitmap_prefilter,verified=true AND overall<=4.0,0.3,0.2715,50,18,0.0686,20.4338,20.5024,52601,50,1.0
bitmap_prefilter,verified=true AND overall<=4.0,0.3,0.2715,50,19,0.0739,20.3235,20.3975,52601,50,1.0
bitmap_prefilter,verified=true AND overall<=4.0,0.3,0.2715,50,20,0.0691,20.305,20.374,52601,50,1.0
bitmap_prefilter,verified=true AND overall<=4.0,0.3,0.2715,50,21,0.0708,20.2925,20.3633,52601,50,1.0
bitmap_prefilter,verified=true AND overall<=4.0,0.3,0.2715,50,22,0.0699,20.322,20.3919,52601,50,1.0
bitmap_prefilter,verified=true AND overall<=4.0,0.3,0.2715,50,23,0.0721,20.3209,20.393,52601,50,0.98
bitmap_prefilter,verified=true AND overall<=4.0,0.3,0.2715,50,24,0.0702,20.3033,20.3735,52601,50,1.0
bitmap_prefilter,verified=true AND overall<=4.0,0.3,0.2715,50,25,0.0682,20.3096,20.3779,52601,50,1.0
bitmap_prefilter,verified=true AND overall<=4.0,0.3,0.2715,50,26,0.068,20.5752,20.6432,52601,50,1.0
bitmap_prefilter,verified=true AND overall<=4.0,0.3,0.2715,50,27,0.0723,20.3063,20.3786,52601,50,1.0
bitmap_prefilter,verified=true AND overall<=4.0,0.3,0.2715,50,28,0.0669,20.4498,20.5167,52601,50,1.0
bitmap_prefilter,verified=true AND overall<=4.0,0.3,0.2715,50,29,0.069,20.2888,20.3578,52601,50,1.0
bitmap_prefilter,verified=true AND overall<=4.0,0.3,0.2715,50,30,0.0678,20.3887,20.4565,52601,50,0.72
bitmap_prefilter,verified=true AND overall<=4.0,0.3,0.2715,50,31,0.0742,20.2872,20.3615,52601,50,1.0
bitmap_prefilter,verified=true AND overall<=4.0,0.3,0.2715,50,32,0.0671,20.2515,20.3186,52601,50,1.0
bitmap_prefilter,verified=true AND overall<=4.0,0.3,0.2715,50,33,0.0673,20.3578,20.4251,52601,50,1.0
bitmap_prefilter,verified=true AND overall<=4.0,0.3,0.2715,50,34,0.0731,20.3459,20.419,52601,50,1.0
bitmap_prefilter,verified=true AND overall<=4.0,0.3,0.2715,50,35,0.0685,20.322,20.3905,52601,50,1.0
bitmap_prefilter,verified=true AND overall<=4.0,0.3,0.2715,50,36,0.0674,20.3801,20.4475,52601,50,1.0
bitmap_prefilter,verified=true AND overall<=4.0,0.3,0.2715,50,37,0.0715,20.2591,20.3305,52601,50,1.0
bitmap_prefilter,verified=true AND overall<=4.0,0.3,0.2715,50,38,0.0672,20.3451,20.4123,52601,50,1.0
bitmap_prefilter,verified=true AND overall<=4.0,0.3,0.2715,50,39,0.0675,20.4006,20.4681,52601,50,1.0
bitmap_prefilter,verified=true AND overall<=4.0,0.3,0.2715,50,40,0.068,20.5027,20.5707,52601,50,1.0
bitmap_prefilter,verified=true AND overall<=4.0,0.3,0.2715,50,41,0.077,20.3062,20.3832,52601,50,1.0
bitmap_prefilter,verified=true AND overall<=4.0,0.3,0.2715,50,42,0.0692,20.3465,20.4157,52601,50,1.0
bitmap_prefilter,verified=true AND overall<=4.0,0.3,0.2715,50,43,0.0737,20.3401,20.4138,52601,50,1.0
bitmap_prefilter,verified=true AND overall<=4.0,0.3,0.2715,50,44,0.0688,20.3125,20.3813,52601,50,1.0
bitmap_prefilter,verified=true AND overall<=4.0,0.3,0.2715,50,45,0.0723,20.378,20.4503,52601,50,1.0
bitmap_prefilter,verified=true AND overall<=4.0,0.3,0.2715,50,46,0.0686,20.3073,20.3759,52601,50,1.0
bitmap_prefilter,verified=true AND overall<=4.0,0.3,0.2715,50,47,0.0693,20.3319,20.4012,52601,50,0.96
bitmap_prefilter,verified=true AND overall<=4.0,0.3,0.2715,50,48,0.0671,20.3072,20.3742,52601,50,1.0
bitmap_prefilter,verified=true AND overall<=4.0,0.3,0.2715,50,49,0.0673,20.303,20.3703,52601,50,1.0
brute_force,overall<=4.0,0.35,0.3897,10,0,0.04,25.5218,25.5618,10,10,1.0
brute_force,overall<=4.0,0.35,0.3897,10,1,0.0475,24.8114,24.8589,10,10,1.0
brute_force,overall<=4.0,0.35,0.3897,10,2,0.0568,24.987,25.0438,10,10,1.0
brute_force,overall<=4.0,0.35,0.3897,10,3,0.044,24.798,24.842,10,10,1.0
brute_force,overall<=4.0,0.35,0.3897,10,4,0.03,24.7883,24.8183,10,10,1.0
brute_force,overall<=4.0,0.35,0.3897,10,5,0.0215,24.3875,24.409,10,10,1.0
brute_force,overall<=4.0,0.35,0.3897,10,6,0.021,24.5142,24.5352,10,10,1.0
brute_force,overall<=4.0,0.35,0.3897,10,7,0.0185,24.4046,24.4231,10,10,1.0
brute_force,overall<=4.0,0.35,0.3897,10,8,0.0238,24.7641,24.7879,10,10,1.0
brute_force,overall<=4.0,0.35,0.3897,10,9,0.0333,24.6125,24.6458,10,10,1.0
brute_force,overall<=4.0,0.35,0.3897,10,10,0.0252,24.601,24.6262,10,10,1.0
brute_force,overall<=4.0,0.35,0.3897,10,11,0.0269,24.4069,24.4338,10,10,1.0
brute_force,overall<=4.0,0.35,0.3897,10,12,0.0337,24.6424,24.6762,10,10,1.0
brute_force,overall<=4.0,0.35,0.3897,10,13,0.0495,24.5002,24.5497,10,10,1.0
brute_force,overall<=4.0,0.35,0.3897,10,14,0.0157,24.5353,24.5509,10,10,1.0
brute_force,overall<=4.0,0.35,0.3897,10,15,0.0211,24.4865,24.5076,10,10,1.0
brute_force,overall<=4.0,0.35,0.3897,10,16,0.0511,24.6265,24.6776,10,10,1.0
brute_force,overall<=4.0,0.35,0.3897,10,17,0.0353,24.5018,24.537,10,10,1.0
brute_force,overall<=4.0,0.35,0.3897,10,18,0.018,24.4613,24.4793,10,10,1.0
brute_force,overall<=4.0,0.35,0.3897,10,19,0.028,24.3949,24.4228,10,10,1.0
brute_force,overall<=4.0,0.35,0.3897,10,20,0.0617,24.59,24.6517,10,10,1.0
brute_force,overall<=4.0,0.35,0.3897,10,21,0.0281,24.5433,24.5714,10,10,1.0
brute_force,overall<=4.0,0.35,0.3897,10,22,0.0262,24.675,24.7012,10,10,1.0
brute_force,overall<=4.0,0.35,0.3897,10,23,0.0541,24.8559,24.91,10,10,1.0
brute_force,overall<=4.0,0.35,0.3897,10,24,0.0218,24.7116,24.7334,10,10,1.0
brute_force,overall<=4.0,0.35,0.3897,10,25,0.042,24.7007,24.7427,10,10,1.0
brute_force,overall<=4.0,0.35,0.3897,10,26,0.0469,24.9888,25.0357,10,10,1.0
brute_force,overall<=4.0,0.35,0.3897,10,27,0.0207,24.7629,24.7836,10,10,1.0
brute_force,overall<=4.0,0.35,0.3897,10,28,0.0244,24.7472,24.7715,10,10,1.0
brute_force,overall<=4.0,0.35,0.3897,10,29,0.0216,24.721,24.7426,10,10,1.0
brute_force,overall<=4.0,0.35,0.3897,10,30,0.0562,24.699,24.7552,10,10,1.0
brute_force,overall<=4.0,0.35,0.3897,10,31,0.029,24.6595,24.6885,10,10,1.0
brute_force,overall<=4.0,0.35,0.3897,10,32,0.0155,24.7832,24.7987,10,10,1.0
brute_force,overall<=4.0,0.35,0.3897,10,33,0.0215,24.8344,24.8559,10,10,1.0
brute_force,overall<=4.0,0.35,0.3897,10,34,0.0327,24.6487,24.6814,10,10,1.0
brute_force,overall<=4.0,0.35,0.3897,10,35,0.0199,24.628,24.6479,10,10,1.0
brute_force,overall<=4.0,0.35,0.3897,10,36,0.0169,25.2127,25.2296,10,10,1.0
brute_force,overall<=4.0,0.35,0.3897,10,37,0.0925,25.4077,25.5002,10,10,1.0
brute_force,overall<=4.0,0.35,0.3897,10,38,0.0196,25.2778,25.2975,10,10,1.0
brute_force,overall<=4.0,0.35,0.3897,10,39,0.0776,25.3499,25.4275,10,10,1.0
brute_force,overall<=4.0,0.35,0.3897,10,40,0.02,24.7333,24.7534,10,10,1.0
brute_force,overall<=4.0,0.35,0.3897,10,41,0.0181,24.8527,24.8708,10,10,1.0
brute_force,overall<=4.0,0.35,0.3897,10,42,0.0198,24.7249,24.7447,10,10,1.0
brute_force,overall<=4.0,0.35,0.3897,10,43,0.0443,24.7578,24.8021,10,10,1.0
brute_force,overall<=4.0,0.35,0.3897,10,44,0.0163,24.7357,24.752,10,10,1.0
brute_force,overall<=4.0,0.35,0.3897,10,45,0.071,24.7252,24.7962,10,10,1.0
brute_force,overall<=4.0,0.35,0.3897,10,46,0.0462,24.8038,24.85,10,10,1.0
brute_force,overall<=4.0,0.35,0.3897,10,47,0.0348,24.7532,24.788,10,10,1.0
brute_force,overall<=4.0,0.35,0.3897,10,48,0.0494,24.7377,24.787,10,10,1.0
brute_force,overall<=4.0,0.35,0.3897,10,49,0.0796,24.7763,24.8559,10,10,1.0
naive_prefilter,overall<=4.0,0.35,0.3897,10,0,20.9386,27.9907,48.9293,75517,10,1.0
naive_prefilter,overall<=4.0,0.35,0.3897,10,1,21.2703,27.9649,49.2351,75517,10,1.0
naive_prefilter,overall<=4.0,0.35,0.3897,10,2,21.3796,28.2231,49.6027,75517,10,1.0
naive_prefilter,overall<=4.0,0.35,0.3897,10,3,21.4054,27.9601,49.3655,75517,10,1.0
naive_prefilter,overall<=4.0,0.35,0.3897,10,4,21.2662,28.1731,49.4393,75517,10,1.0
naive_prefilter,overall<=4.0,0.35,0.3897,10,5,21.1423,27.9418,49.0841,75517,10,1.0
naive_prefilter,overall<=4.0,0.35,0.3897,10,6,21.402,27.947,49.349,75517,10,1.0
naive_prefilter,overall<=4.0,0.35,0.3897,10,7,21.1331,27.9478,49.081,75517,10,1.0
naive_prefilter,overall<=4.0,0.35,0.3897,10,8,21.3922,27.9173,49.3095,75517,10,1.0
naive_prefilter,overall<=4.0,0.35,0.3897,10,9,21.1725,29.299,50.4715,75517,10,1.0
naive_prefilter,overall<=4.0,0.35,0.3897,10,10,21.3651,28.0647,49.4298,75517,10,1.0
naive_prefilter,overall<=4.0,0.35,0.3897,10,11,21.2329,27.9572,49.19,75517,10,1.0
naive_prefilter,overall<=4.0,0.35,0.3897,10,12,20.9462,28.0128,48.959,75517,10,1.0
naive_prefilter,overall<=4.0,0.35,0.3897,10,13,21.2883,28.0041,49.2924,75517,10,1.0
naive_prefilter,overall<=4.0,0.35,0.3897,10,14,21.3263,27.9208,49.2471,75517,10,1.0
naive_prefilter,overall<=4.0,0.35,0.3897,10,15,21.3339,27.9035,49.2374,75517,10,1.0
naive_prefilter,overall<=4.0,0.35,0.3897,10,16,20.9062,27.9793,48.8855,75517,10,1.0
naive_prefilter,overall<=4.0,0.35,0.3897,10,17,21.2097,28.0055,49.2152,75517,10,1.0
naive_prefilter,overall<=4.0,0.35,0.3897,10,18,21.0468,27.878,48.9248,75517,10,1.0
naive_prefilter,overall<=4.0,0.35,0.3897,10,19,21.1558,28.0332,49.189,75517,10,1.0
naive_prefilter,overall<=4.0,0.35,0.3897,10,20,20.8343,27.9016,48.736,75517,10,1.0
naive_prefilter,overall<=4.0,0.35,0.3897,10,21,21.1693,27.9963,49.1656,75517,10,1.0
naive_prefilter,overall<=4.0,0.35,0.3897,10,22,21.2132,28.3162,49.5294,75517,10,1.0
naive_prefilter,overall<=4.0,0.35,0.3897,10,23,21.0844,27.9344,49.0187,75517,10,1.0
naive_prefilter,overall<=4.0,0.35,0.3897,10,24,21.2153,28.4256,49.6409,75517,10,1.0
naive_prefilter,overall<=4.0,0.35,0.3897,10,25,21.7829,28.8528,50.6357,75517,10,1.0
naive_prefilter,overall<=4.0,0.35,0.3897,10,26,21.6627,28.4892,50.1519,75517,10,1.0
naive_prefilter,overall<=4.0,0.35,0.3897,10,27,21.8013,29.463,51.2642,75517,10,1.0
naive_prefilter,overall<=4.0,0.35,0.3897,10,28,21.8396,29.0512,50.8908,75517,10,1.0
naive_prefilter,overall<=4.0,0.35,0.3897,10,29,21.4833,28.2102,49.6935,75517,10,1.0
naive_prefilter,overall<=4.0,0.35,0.3897,10,30,21.4052,28.2597,49.6649,75517,10,1.0
naive_prefilter,overall<=4.0,0.35,0.3897,10,31,21.4395,28.0748,49.5143,75517,10,1.0
naive_prefilter,overall<=4.0,0.35,0.3897,10,32,21.3822,28.017,49.3992,75517,10,1.0
naive_prefilter,overall<=4.0,0.35,0.3897,10,33,21.5781,28.0408,49.6189,75517,10,1.0
naive_prefilter,overall<=4.0,0.35,0.3897,10,34,21.6174,28.0899,49.7073,75517,10,1.0
naive_prefilter,overall<=4.0,0.35,0.3897,10,35,21.1419,28.104,49.2459,75517,10,1.0
naive_prefilter,overall<=4.0,0.35,0.3897,10,36,21.2089,27.9805,49.1894,75517,10,1.0
naive_prefilter,overall<=4.0,0.35,0.3897,10,37,21.1599,28.0179,49.1778,75517,10,1.0
naive_prefilter,overall<=4.0,0.35,0.3897,10,38,21.5905,27.9733,49.5638,75517,10,1.0
naive_prefilter,overall<=4.0,0.35,0.3897,10,39,21.4855,28.0934,49.5789,75517,10,1.0
naive_prefilter,overall<=4.0,0.35,0.3897,10,40,21.5264,28.063,49.5894,75517,10,1.0
naive_prefilter,overall<=4.0,0.35,0.3897,10,41,21.6352,28.0108,49.646,75517,10,1.0
naive_prefilter,overall<=4.0,0.35,0.3897,10,42,21.3361,28.1402,49.4764,75517,10,1.0
naive_prefilter,overall<=4.0,0.35,0.3897,10,43,21.4244,28.2155,49.6399,75517,10,1.0
naive_prefilter,overall<=4.0,0.35,0.3897,10,44,20.9089,28.1818,49.0907,75517,10,1.0
naive_prefilter,overall<=4.0,0.35,0.3897,10,45,21.377,28.6904,50.0675,75517,10,1.0
naive_prefilter,overall<=4.0,0.35,0.3897,10,46,21.3195,27.9188,49.2384,75517,10,1.0
naive_prefilter,overall<=4.0,0.35,0.3897,10,47,21.3739,27.9269,49.3008,75517,10,0.0
naive_prefilter,overall<=4.0,0.35,0.3897,10,48,21.2758,27.8842,49.16,75517,10,1.0
naive_prefilter,overall<=4.0,0.35,0.3897,10,49,21.7423,29.5875,51.3299,75517,10,1.0
post_filter,overall<=4.0,0.35,0.3897,10,0,0.0123,0.432,0.4443,10,10,1.0
post_filter,overall<=4.0,0.35,0.3897,10,1,0.0433,0.8515,0.8948,10,10,1.0
post_filter,overall<=4.0,0.35,0.3897,10,2,0.0515,0.6783,0.7298,10,10,1.0
post_filter,overall<=4.0,0.35,0.3897,10,3,0.0383,0.7023,0.7406,10,10,1.0
post_filter,overall<=4.0,0.35,0.3897,10,4,0.0226,0.8765,0.899,10,10,1.0
post_filter,overall<=4.0,0.35,0.3897,10,5,0.0153,0.7223,0.7376,10,10,1.0
post_filter,overall<=4.0,0.35,0.3897,10,6,0.0175,0.8499,0.8674,10,10,1.0
post_filter,overall<=4.0,0.35,0.3897,10,7,0.015,0.6393,0.6542,10,10,1.0
post_filter,overall<=4.0,0.35,0.3897,10,8,0.0168,0.9,0.9168,10,10,1.0
post_filter,overall<=4.0,0.35,0.3897,10,9,0.0226,0.8937,0.9163,10,10,1.0
post_filter,overall<=4.0,0.35,0.3897,10,10,0.0186,0.8262,0.8448,10,10,1.0
post_filter,overall<=4.0,0.35,0.3897,10,11,0.0237,0.7899,0.8136,10,10,1.0
post_filter,overall<=4.0,0.35,0.3897,10,12,0.0296,0.6615,0.6911,10,10,1.0
post_filter,overall<=4.0,0.35,0.3897,10,13,0.0445,0.6907,0.7352,10,10,1.0
post_filter,overall<=4.0,0.35,0.3897,10,14,0.0135,0.5346,0.5481,10,10,1.0
post_filter,overall<=4.0,0.35,0.3897,10,15,0.0182,0.4691,0.4873,10,10,1.0
post_filter,overall<=4.0,0.35,0.3897,10,16,0.0492,0.8621,0.9113,10,10,1.0
post_filter,overall<=4.0,0.35,0.3897,10,17,0.0348,0.6688,0.7036,10,10,0.9
post_filter,overall<=4.0,0.35,0.3897,10,18,0.0267,0.91,0.9367,10,10,1.0
post_filter,overall<=4.0,0.35,0.3897,10,19,0.0243,1.0494,1.0737,10,10,1.0
post_filter,overall<=4.0,0.35,0.3897,10,20,0.0597,0.6704,0.73,10,10,1.0
post_filter,overall<=4.0,0.35,0.3897,10,21,0.0187,0.6248,0.6435,10,10,1.0
post_filter,overall<=4.0,0.35,0.3897,10,22,0.0213,0.6785,0.6998,10,10,1.0
post_filter,overall<=4.0,0.35,0.3897,10,23,0.0467,0.6485,0.6952,10,10,1.0
post_filter,overall<=4.0,0.35,0.3897,10,24,0.0185,0.8825,0.901,10,10,1.0
post_filter,overall<=4.0,0.35,0.3897,10,25,0.0444,0.2727,0.3172,10,10,0.9
post_filter,overall<=4.0,0.35,0.3897,10,26,0.0351,0.7872,0.8223,10,10,1.0
post_filter,overall<=4.0,0.35,0.3897,10,27,0.0218,0.7571,0.7789,10,10,1.0
post_filter,overall<=4.0,0.35,0.3897,10,28,0.0267,1.0685,1.0952,10,10,1.0
post_filter,overall<=4.0,0.35,0.3897,10,29,0.018,0.5944,0.6124,10,10,1.0
post_filter,overall<=4.0,0.35,0.3897,10,30,0.0672,0.4132,0.4803,10,10,0.0
post_filter,overall<=4.0,0.35,0.3897,10,31,0.0325,0.8458,0.8782,10,10,1.0
post_filter,overall<=4.0,0.35,0.3897,10,32,0.0154,0.7099,0.7253,10,10,1.0
post_filter,overall<=4.0,0.35,0.3897,10,33,0.0217,0.5616,0.5833,10,10,1.0
post_filter,overall<=4.0,0.35,0.3897,10,34,0.028,0.787,0.815,10,10,1.0
post_filter,overall<=4.0,0.35,0.3897,10,35,0.0145,0.821,0.8355,10,10,1.0
post_filter,overall<=4.0,0.35,0.3897,10,36,0.0138,0.6729,0.6867,10,10,1.0
post_filter,overall<=4.0,0.35,0.3897,10,37,0.0865,0.6401,0.7267,10,10,1.0
post_filter,overall<=4.0,0.35,0.3897,10,38,0.0143,0.9513,0.9656,10,10,1.0
post_filter,overall<=4.0,0.35,0.3897,10,39,0.0691,0.4616,0.5307,10,10,1.0
post_filter,overall<=4.0,0.35,0.3897,10,40,0.0157,0.9174,0.933,10,10,1.0
post_filter,overall<=4.0,0.35,0.3897,10,41,0.013,0.5162,0.5292,10,10,1.0
post_filter,overall<=4.0,0.35,0.3897,10,42,0.016,0.7593,0.7753,10,10,1.0
post_filter,overall<=4.0,0.35,0.3897,10,43,0.0373,0.3984,0.4358,10,10,0.8
post_filter,overall<=4.0,0.35,0.3897,10,44,0.0149,0.5778,0.5927,10,10,1.0
post_filter,overall<=4.0,0.35,0.3897,10,45,0.0592,0.8224,0.8816,10,10,1.0
post_filter,overall<=4.0,0.35,0.3897,10,46,0.0382,0.6738,0.712,10,10,1.0
post_filter,overall<=4.0,0.35,0.3897,10,47,0.0338,0.2355,0.2693,10,10,0.2
post_filter,overall<=4.0,0.35,0.3897,10,48,0.0428,0.8339,0.8767,10,10,1.0
post_filter,overall<=4.0,0.35,0.3897,10,49,0.0696,0.4107,0.4803,10,10,0.9
bitmap_prefilter,overall<=4.0,0.35,0.3897,10,0,0.0958,26.8572,26.953,75517,10,1.0
bitmap_prefilter,overall<=4.0,0.35,0.3897,10,1,0.1053,26.762,26.8673,75517,10,1.0
bitmap_prefilter,overall<=4.0,0.35,0.3897,10,2,0.0982,26.6921,26.7903,75517,10,1.0
bitmap_prefilter,overall<=4.0,0.35,0.3897,10,3,0.0973,27.8611,27.9585,75517,10,1.0
bitmap_prefilter,overall<=4.0,0.35,0.3897,10,4,0.1012,26.74,26.8412,75517,10,1.0
bitmap_prefilter,overall<=4.0,0.35,0.3897,10,5,0.1004,26.8752,26.9756,75517,10,1.0
bitmap_prefilter,overall<=4.0,0.35,0.3897,10,6,0.0967,26.8551,26.9518,75517,10,1.0
bitmap_prefilter,overall<=4.0,0.35,0.3897,10,7,0.0941,26.8638,26.9578,75517,10,1.0
bitmap_prefilter,overall<=4.0,0.35,0.3897,10,8,0.0936,26.7054,26.799,75517,10,1.0
bitmap_prefilter,overall<=4.0,0.35,0.3897,10,9,0.101,26.7892,26.8902,75517,10,1.0
bitmap_prefilter,overall<=4.0,0.35,0.3897,10,10,0.0948,26.6688,26.7636,75517,10,1.0
bitmap_prefilter,overall<=4.0,0.35,0.3897,10,11,0.0912,26.8117,26.9028,75517,10,1.0
bitmap_prefilter,overall<=4.0,0.35,0.3897,10,12,0.0907,26.6772,26.7679,75517,10,1.0
bitmap_prefilter,overall<=4.0,0.35,0.3897,10,13,0.0884,26.7399,26.8283,75517,10,1.0
bitmap_prefilter,overall<=4.0,0.35,0.3897,10,14,0.0928,27.418,27.5108,75517,10,1.0
bitmap_prefilter,overall<=4.0,0.35,0.3897,10,15,0.0978,27.012,27.1097,75517,10,1.0
bitmap_prefilter,overall<=4.0,0.35,0.3897,10,16,0.09,26.7504,26.8403,75517,10,1.0
bitmap_prefilter,overall<=4.0,0.35,0.3897,10,17,0.096,26.9742,27.0702,75517,10,1.0
bitmap_prefilter,overall<=4.0,0.35,0.3897,10,18,0.09,26.9377,27.0277,75517,10,1.0
bitmap_prefilter,overall<=4.0,0.35,0.3897,10,19,0.0974,26.7189,26.8163,75517,10,1.0
bitmap_prefilter,overall<=4.0,0.35,0.3897,10,20,0.0944,26.688,26.7824,75517,10,1.0
bitmap_prefilter,overall<=4.0,0.35,0.3897,10,21,0.091,26.6713,26.7624,75517,10,1.0
bitmap_prefilter,overall<=4.0,0.35,0.3897,10,22,0.089,26.7407,26.8296,75517,10,1.0
bitmap_prefilter,overall<=4.0,0.35,0.3897,10,23,0.0876,26.6163,26.7039,75517,10,1.0
bitmap_prefilter,overall<=4.0,0.35,0.3897,10,24,0.0874,26.6836,26.771,75517,10,1.0
bitmap_prefilter,overall<=4.0,0.35,0.3897,10,25,0.087,26.678,26.765,75517,10,1.0
bitmap_prefilter,overall<=4.0,0.35,0.3897,10,26,0.0873,26.7366,26.8239,75517,10,1.0
bitmap_prefilter,overall<=4.0,0.35,0.3897,10,27,0.0858,26.6822,26.768,75517,10,1.0
bitmap_prefilter,overall<=4.0,0.35,0.3897,10,28,0.0865,26.7342,26.8207,75517,10,1.0
bitmap_prefilter,overall<=4.0,0.35,0.3897,10,29,0.0861,26.7065,26.7925,75517,10,1.0
bitmap_prefilter,overall<=4.0,0.35,0.3897,10,30,0.0859,26.8092,26.8951,75517,10,1.0
bitmap_prefilter,overall<=4.0,0.35,0.3897,10,31,0.0861,26.7564,26.8425,75517,10,1.0
bitmap_prefilter,overall<=4.0,0.35,0.3897,10,32,0.0857,26.711,26.7967,75517,10,1.0
bitmap_prefilter,overall<=4.0,0.35,0.3897,10,33,0.0867,26.8216,26.9083,75517,10,1.0
bitmap_prefilter,overall<=4.0,0.35,0.3897,10,34,0.0857,26.6797,26.7654,75517,10,1.0
bitmap_prefilter,overall<=4.0,0.35,0.3897,10,35,0.0853,26.6498,26.7351,75517,10,1.0
bitmap_prefilter,overall<=4.0,0.35,0.3897,10,36,0.0872,26.6757,26.7629,75517,10,1.0
bitmap_prefilter,overall<=4.0,0.35,0.3897,10,37,0.0859,26.7138,26.7997,75517,10,1.0
bitmap_prefilter,overall<=4.0,0.35,0.3897,10,38,0.0851,26.6315,26.7165,75517,10,1.0
bitmap_prefilter,overall<=4.0,0.35,0.3897,10,39,0.0856,26.6631,26.7487,75517,10,1.0
bitmap_prefilter,overall<=4.0,0.35,0.3897,10,40,0.0854,26.7488,26.8342,75517,10,1.0
bitmap_prefilter,overall<=4.0,0.35,0.3897,10,41,0.0856,26.6761,26.7617,75517,10,1.0
bitmap_prefilter,overall<=4.0,0.35,0.3897,10,42,0.0857,26.6919,26.7776,75517,10,1.0
bitmap_prefilter,overall<=4.0,0.35,0.3897,10,43,0.0939,26.7134,26.8073,75517,10,1.0
bitmap_prefilter,overall<=4.0,0.35,0.3897,10,44,0.0863,26.7407,26.827,75517,10,1.0
bitmap_prefilter,overall<=4.0,0.35,0.3897,10,45,0.0889,26.6935,26.7823,75517,10,1.0
bitmap_prefilter,overall<=4.0,0.35,0.3897,10,46,0.0861,26.6872,26.7734,75517,10,1.0
bitmap_prefilter,overall<=4.0,0.35,0.3897,10,47,0.0861,26.6396,26.7257,75517,10,0.0
bitmap_prefilter,overall<=4.0,0.35,0.3897,10,48,0.0859,26.6813,26.7672,75517,10,1.0
bitmap_prefilter,overall<=4.0,0.35,0.3897,10,49,0.0846,26.752,26.8366,75517,10,1.0
brute_force,overall<=4.0,0.35,0.3897,50,0,0.1203,24.5866,24.7069,50,50,1.0
brute_force,overall<=4.0,0.35,0.3897,50,1,0.2165,24.5815,24.798,50,50,1.0
brute_force,overall<=4.0,0.35,0.3897,50,2,0.2397,24.749,24.9887,50,50,1.0
brute_force,overall<=4.0,0.35,0.3897,50,3,0.1553,24.9704,25.1257,50,50,1.0
brute_force,overall<=4.0,0.35,0.3897,50,4,0.0851,24.706,24.791,50,50,1.0
brute_force,overall<=4.0,0.35,0.3897,50,5,0.0827,24.5506,24.6333,50,50,1.0
brute_force,overall<=4.0,0.35,0.3897,50,6,0.0749,24.4731,24.548,50,50,1.0
brute_force,overall<=4.0,0.35,0.3897,50,7,0.0701,24.5782,24.6483,50,50,1.0
brute_force,overall<=4.0,0.35,0.3897,50,8,0.0774,24.4526,24.53,50,50,1.0
brute_force,overall<=4.0,0.35,0.3897,50,9,0.1052,24.5795,24.6847,50,50,1.0
brute_force,overall<=4.0,0.35,0.3897,50,10,0.1104,24.4046,24.515,50,50,1.0
brute_force,overall<=4.0,0.35,0.3897,50,11,0.0912,24.4875,24.5787,50,50,1.0
brute_force,overall<=4.0,0.35,0.3897,50,12,0.1198,24.6344,24.7541,50,50,1.0
brute_force,overall<=4.0,0.35,0.3897,50,13,0.218,24.6526,24.8706,50,50,1.0
brute_force,overall<=4.0,0.35,0.3897,50,14,0.0598,24.6861,24.7458,50,50,1.0
brute_force,overall<=4.0,0.35,0.3897,50,15,0.09,24.6035,24.6935,50,50,1.0
brute_force,overall<=4.0,0.35,0.3897,50,16,0.2551,24.5563,24.8113,50,50,1.0
brute_force,overall<=4.0,0.35,0.3897,50,17,0.1503,24.5858,24.7361,50,50,1.0
brute_force,overall<=4.0,0.35,0.3897,50,18,0.0687,24.4367,24.5055,50,50,1.0
brute_force,overall<=4.0,0.35,0.3897,50,19,0.1421,24.4454,24.5875,50,50,1.0
brute_force,overall<=4.0,0.35,0.3897,50,20,0.25,24.6359,24.8859,50,50,1.0
brute_force,overall<=4.0,0.35,0.3897,50,21,0.0867,24.4588,24.5456,50,50,1.0
brute_force,overall<=4.0,0.35,0.3897,50,22,0.1138,24.4615,24.5754,50,50,1.0
brute_force,overall<=4.0,0.35,0.3897,50,23,0.1923,24.5695,24.7618,50,50,0.98
brute_force,overall<=4.0,0.35,0.3897,50,24,0.107,24.4365,24.5435,50,50,1.0
brute_force,overall<=4.0,0.35,0.3897,50,25,0.3287,24.534,24.8627,50,50,1.0
brute_force,overall<=4.0,0.35,0.3897,50,26,0.161,24.5014,24.6624,50,50,1.0
brute_force,overall<=4.0,0.35,0.3897,50,27,0.0774,24.453,24.5303,50,50,1.0
brute_force,overall<=4.0,0.35,0.3897,50,28,0.0868,24.6075,24.6943,50,50,1.0
brute_force,overall<=4.0,0.35,0.3897,50,29,0.1259,24.61,24.7358,50,50,1.0
brute_force,overall<=4.0,0.35,0.3897,50,30,0.3006,24.4673,24.7679,50,50,1.0
brute_force,overall<=4.0,0.35,0.3897,50,31,0.1243,24.4116,24.536,50,50,1.0
brute_force,overall<=4.0,0.35,0.3897,50,32,0.066,24.6614,24.7274,50,50,1.0
brute_force,overall<=4.0,0.35,0.3897,50,33,0.0734,24.6059,24.6793,50,50,1.0
brute_force,overall<=4.0,0.35,0.3897,50,34,0.115,24.4502,24.5653,50,50,1.0
brute_force,overall<=4.0,0.35,0.3897,50,35,0.0733,24.5078,24.581,50,50,1.0
brute_force,overall<=4.0,0.35,0.3897,50,36,0.0677,24.5087,24.5765,50,50,1.0
brute_force,overall<=4.0,0.35,0.3897,50,37,0.2332,24.5626,24.7958,50,50,1.0
brute_force,overall<=4.0,0.35,0.3897,50,38,0.0766,24.5243,24.6009,50,50,1.0
brute_force,overall<=4.0,0.35,0.3897,50,39,0.2552,24.5155,24.7708,50,50,1.0
brute_force,overall<=4.0,0.35,0.3897,50,40,0.0997,25.0591,25.1588,50,50,1.0
brute_force,overall<=4.0,0.35,0.3897,50,41,0.0684,24.798,24.8665,50,50,1.0
brute_force,overall<=4.0,0.35,0.3897,50,42,0.0865,24.711,24.7975,50,50,1.0
brute_force,overall<=4.0,0.35,0.3897,50,43,0.2069,24.7052,24.9121,50,50,1.0
brute_force,overall<=4.0,0.35,0.3897,50,44,0.0672,24.8685,24.9357,50,50,1.0
brute_force,overall<=4.0,0.35,0.3897,50,45,0.2393,24.818,25.0573,50,50,1.0
brute_force,overall<=4.0,0.35,0.3897,50,46,0.1637,24.8085,24.9722,50,50,1.0
brute_force,overall<=4.0,0.35,0.3897,50,47,0.169,24.7695,24.9385,50,50,1.0
brute_force,overall<=4.0,0.35,0.3897,50,48,0.2152,24.9069,25.122,50,50,1.0
brute_force,overall<=4.0,0.35,0.3897,50,49,0.3444,24.855,25.1994,50,50,1.0
naive_prefilter,overall<=4.0,0.35,0.3897,50,0,21.5136,27.9932,49.5068,75517,50,1.0
naive_prefilter,overall<=4.0,0.35,0.3897,50,1,21.6355,27.9245,49.56,75517,50,1.0
naive_prefilter,overall<=4.0,0.35,0.3897,50,2,21.4246,27.919,49.3436,75517,50,1.0
naive_prefilter,overall<=4.0,0.35,0.3897,50,3,21.3214,28.0152,49.3365,75517,50,1.0
naive_prefilter,overall<=4.0,0.35,0.3897,50,4,21.4128,27.9589,49.3717,75517,50,1.0
naive_prefilter,overall<=4.0,0.35,0.3897,50,5,21.4538,27.969,49.4228,75517,50,1.0
naive_prefilter,overall<=4.0,0.35,0.3897,50,6,21.4515,27.862,49.3135,75517,50,1.0
naive_prefilter,overall<=4.0,0.35,0.3897,50,7,21.5316,27.9283,49.46,75517,50,1.0
naive_prefilter,overall<=4.0,0.35,0.3897,50,8,21.3541,27.934,49.2881,75517,50,1.0
naive_prefilter,overall<=4.0,0.35,0.3897,50,9,21.4657,27.9495,49.4151,75517,50,1.0
naive_prefilter,overall<=4.0,0.35,0.3897,50,10,21.5881,27.9121,49.5002,75517,50,1.0
naive_prefilter,overall<=4.0,0.35,0.3897,50,11,21.6418,27.9676,49.6094,75517,50,1.0
naive_prefilter,overall<=4.0,0.35,0.3897,50,12,21.65,28.115,49.7651,75517,50,1.0
naive_prefilter,overall<=4.0,0.35,0.3897,50,13,21.6078,27.8899,49.4977,75517,50,1.0
naive_prefilter,overall<=4.0,0.35,0.3897,50,14,21.5717,27.9861,49.5578,75517,50,1.0
naive_prefilter,overall<=4.0,0.35,0.3897,50,15,21.3727,27.9087,49.2814,75517,50,1.0
naive_prefilter,overall<=4.0,0.35,0.3897,50,16,21.3408,27.963,49.3038,75517,50,1.0
naive_prefilter,overall<=4.0,0.35,0.3897,50,17,21.6916,28.0672,49.7588,75517,50,1.0
naive_prefilter,overall<=4.0,0.35,0.3897,50,18,21.644,27.9963,49.6402,75517,50,1.0
naive_prefilter,overall<=4.0,0.35,0.3897,50,19,21.6141,28.076,49.69,75517,50,1.0
naive_prefilter,overall<=4.0,0.35,0.3897,50,20,21.6552,28.1437,49.7989,75517,50,1.0
naive_prefilter,overall<=4.0,0.35,0.3897,50,21,21.6275,28.5749,50.2024,75517,50,1.0
naive_prefilter,overall<=4.0,0.35,0.3897,50,22,21.8766,29.461,51.3376,75517,50,1.0
naive_prefilter,overall<=4.0,0.35,0.3897,50,23,21.915,28.7091,50.6242,75517,50,0.98
naive_prefilter,overall<=4.0,0.35,0.3897,50,24,22.1065,28.6545,50.761,75517,50,1.0
naive_prefilter,overall<=4.0,0.35,0.3897,50,25,21.8868,28.631,50.5177,75517,50,1.0
naive_prefilter,overall<=4.0,0.35,0.3897,50,26,21.8103,28.598,50.4083,75517,50,1.0
naive_prefilter,overall<=4.0,0.35,0.3897,50,27,21.6818,28.1521,49.8339,75517,50,1.0
naive_prefilter,overall<=4.0,0.35,0.3897,50,28,21.5104,28.2432,49.7536,75517,50,1.0
naive_prefilter,overall<=4.0,0.35,0.3897,50,29,21.5837,28.0755,49.6592,75517,50,1.0
naive_prefilter,overall<=4.0,0.35,0.3897,50,30,21.2259,28.1811,49.407,75517,50,0.64
naive_prefilter,overall<=4.0,0.35,0.3897,50,31,21.4702,28.735,50.2052,75517,50,1.0
naive_prefilter,overall<=4.0,0.35,0.3897,50,32,21.6372,28.6304,50.2676,75517,50,1.0
naive_prefilter,overall<=4.0,0.35,0.3897,50,33,22.5335,29.3878,51.9213,75517,50,1.0
naive_prefilter,overall<=4.0,0.35,0.3897,50,34,21.239,28.8599,50.0989,75517,50,1.0
naive_prefilter,overall<=4.0,0.35,0.3897,50,35,21.6666,29.8219,51.4885,75517,50,1.0
naive_prefilter,overall<=4.0,0.35,0.3897,50,36,21.6386,28.461,50.0996,75517,50,1.0
naive_prefilter,overall<=4.0,0.35,0.3897,50,37,21.5182,28.2536,49.7718,75517,50,1.0
naive_prefilter,overall<=4.0,0.35,0.3897,50,38,21.5661,27.9709,49.537,75517,50,1.0
naive_prefilter,overall<=4.0,0.35,0.3897,50,39,21.4886,28.0618,49.5504,75517,50,1.0
naive_prefilter,overall<=4.0,0.35,0.3897,50,40,21.4665,28.3422,49.8088,75517,50,1.0
naive_prefilter,overall<=4.0,0.35,0.3897,50,41,21.6175,28.5332,50.1507,75517,50,1.0
naive_prefilter,overall<=4.0,0.35,0.3897,50,42,21.7473,28.641,50.3882,75517,50,1.0
naive_prefilter,overall<=4.0,0.35,0.3897,50,43,21.6273,28.5708,50.1982,75517,50,1.0
naive_prefilter,overall<=4.0,0.35,0.3897,50,44,21.6514,28.5763,50.2277,75517,50,1.0
naive_prefilter,overall<=4.0,0.35,0.3897,50,45,21.6352,28.0546,49.6898,75517,50,1.0
naive_prefilter,overall<=4.0,0.35,0.3897,50,46,21.6762,28.23,49.9062,75517,50,1.0
naive_prefilter,overall<=4.0,0.35,0.3897,50,47,21.7432,28.2734,50.0166,75517,50,1.0
naive_prefilter,overall<=4.0,0.35,0.3897,50,48,21.514,28.4325,49.9465,75517,50,1.0
naive_prefilter,overall<=4.0,0.35,0.3897,50,49,21.5459,28.424,49.97,75517,50,1.0
post_filter,overall<=4.0,0.35,0.3897,50,0,0.0503,0.499,0.5493,50,50,1.0
post_filter,overall<=4.0,0.35,0.3897,50,1,0.2583,1.179,1.4373,50,50,0.96
post_filter,overall<=4.0,0.35,0.3897,50,2,0.2607,0.9323,1.193,50,50,0.94
post_filter,overall<=4.0,0.35,0.3897,50,3,0.1379,0.9417,1.0796,50,50,0.96
post_filter,overall<=4.0,0.35,0.3897,50,4,0.0677,1.0845,1.1521,50,50,0.98
post_filter,overall<=4.0,0.35,0.3897,50,5,0.0735,0.8908,0.9643,50,50,1.0
post_filter,overall<=4.0,0.35,0.3897,50,6,0.0676,1.0568,1.1244,50,50,1.0
post_filter,overall<=4.0,0.35,0.3897,50,7,0.0586,0.7557,0.8144,50,50,1.0
post_filter,overall<=4.0,0.35,0.3897,50,8,0.0642,1.1153,1.1796,50,50,1.0
post_filter,overall<=4.0,0.35,0.3897,50,9,0.1035,1.1152,1.2187,50,50,0.96
post_filter,overall<=4.0,0.35,0.3897,50,10,0.1004,1.0396,1.14,50,50,0.98
post_filter,overall<=4.0,0.35,0.3897,50,11,0.0868,1.0359,1.1227,50,50,1.0
post_filter,overall<=4.0,0.35,0.3897,50,12,0.1402,0.8864,1.0266,50,50,1.0
post_filter,overall<=4.0,0.35,0.3897,50,13,0.2029,0.9502,1.1531,50,50,0.96
post_filter,overall<=4.0,0.35,0.3897,50,14,0.053,0.6501,0.7031,50,50,1.0
post_filter,overall<=4.0,0.35,0.3897,50,15,0.0809,0.5655,0.6464,50,50,1.0
post_filter,overall<=4.0,0.35,0.3897,50,16,0.2404,1.0428,1.2832,50,50,0.84
post_filter,overall<=4.0,0.35,0.3897,50,17,0.132,0.7783,0.9103,50,50,1.0
post_filter,overall<=4.0,0.35,0.3897,50,18,0.0616,0.9592,1.0207,50,50,1.0
post_filter,overall<=4.0,0.35,0.3897,50,19,0.1621,1.0577,1.2198,50,50,0.9
post_filter,overall<=4.0,0.35,0.3897,50,20,0.2572,0.7607,1.0178,50,50,0.9
post_filter,overall<=4.0,0.35,0.3897,50,21,0.0775,0.7699,0.8474,50,50,0.98
post_filter,overall<=4.0,0.35,0.3897,50,22,0.1086,0.7963,0.9049,50,50,0.92
post_filter,overall<=4.0,0.35,0.3897,50,23,0.1816,0.7673,0.9489,50,50,0.94
post_filter,overall<=4.0,0.35,0.3897,50,24,0.0952,1.0971,1.1923,50,50,1.0
post_filter,overall<=4.0,0.35,0.3897,50,25,0.2266,0.3325,0.5591,50,50,0.7
post_filter,overall<=4.0,0.35,0.3897,50,26,0.1319,0.9687,1.1006,50,50,0.96
post_filter,overall<=4.0,0.35,0.3897,50,27,0.0677,0.9609,1.0287,50,50,1.0
post_filter,overall<=4.0,0.35,0.3897,50,28,0.0736,0.9637,1.0372,50,50,0.96
post_filter,overall<=4.0,0.35,0.3897,50,29,0.1069,0.595,0.7019,50,50,0.98
post_filter,overall<=4.0,0.35,0.3897,50,30,0.248,0.4452,0.6932,50,50,0.32
post_filter,overall<=4.0,0.35,0.3897,50,31,0.1083,0.9565,1.0649,50,50,0.98
post_filter,overall<=4.0,0.35,0.3897,50,32,0.0555,0.734,0.7896,50,50,1.0
post_filter,overall<=4.0,0.35,0.3897,50,33,0.0691,0.5728,0.6418,50,50,1.0
post_filter,overall<=4.0,0.35,0.3897,50,34,0.1035,0.9448,1.0483,50,50,1.0
post_filter,overall<=4.0,0.35,0.3897,50,35,0.0638,0.9962,1.06,50,50,1.0
post_filter,overall<=4.0,0.35,0.3897,50,36,0.0592,0.7995,0.8588,50,50,1.0
post_filter,overall<=4.0,0.35,0.3897,50,37,0.229,0.7256,0.9545,50,50,0.98
post_filter,overall<=4.0,0.35,0.3897,50,38,0.067,1.2007,1.2677,50,50,0.96
post_filter,overall<=4.0,0.35,0.3897,50,39,0.2712,0.5647,0.8358,50,50,0.72
post_filter,overall<=4.0,0.35,0.3897,50,40,0.0738,1.1916,1.2654,50,50,0.98
post_filter,overall<=4.0,0.35,0.3897,50,41,0.0544,0.6323,0.6867,50,50,1.0
post_filter,overall<=4.0,0.35,0.3897,50,42,0.0714,0.9525,1.0239,50,50,1.0
post_filter,overall<=4.0,0.35,0.3897,50,43,0.2041,0.4816,0.6857,50,50,0.72
post_filter,overall<=4.0,0.35,0.3897,50,44,0.0535,0.7111,0.7646,50,50,1.0
post_filter,overall<=4.0,0.35,0.3897,50,45,0.2278,1.0788,1.3067,50,50,0.88
post_filter,overall<=4.0,0.35,0.3897,50,46,0.1447,0.8616,1.0063,50,50,0.96
post_filter,overall<=4.0,0.35,0.3897,50,47,0.1418,0.298,0.4397,50,50,1.0
post_filter,overall<=4.0,0.35,0.3897,50,48,0.191,1.0374,1.2283,50,50,0.92
post_filter,overall<=4.0,0.35,0.3897,50,49,0.3038,0.4969,0.8007,50,50,0.72
bitmap_prefilter,overall<=4.0,0.35,0.3897,50,0,0.1068,27.1509,27.2577,75517,50,1.0
bitmap_prefilter,overall<=4.0,0.35,0.3897,50,1,0.102,27.0564,27.1584,75517,50,1.0
bitmap_prefilter,overall<=4.0,0.35,0.3897,50,2,0.1128,27.4129,27.5257,75517,50,1.0
bitmap_prefilter,overall<=4.0,0.35,0.3897,50,3,0.1059,27.3794,27.4852,75517,50,1.0
bitmap_prefilter,overall<=4.0,0.35,0.3897,50,4,0.1057,27.316,27.4216,75517,50,1.0
bitmap_prefilter,overall<=4.0,0.35,0.3897,50,5,0.0918,27.3762,27.468,75517,50,1.0
bitmap_prefilter,overall<=4.0,0.35,0.3897,50,6,0.0891,27.0967,27.1858,75517,50,1.0
bitmap_prefilter,overall<=4.0,0.35,0.3897,50,7,0.089,27.0023,27.0913,75517,50,1.0
bitmap_prefilter,overall<=4.0,0.35,0.3897,50,8,0.0876,27.0355,27.123,75517,50,1.0
bitmap_prefilter,overall<=4.0,0.35,0.3897,50,9,0.1003,27.0658,27.1661,75517,50,1.0
bitmap_prefilter,overall<=4.0,0.35,0.3897,50,10,0.0932,26.9169,27.0101,75517,50,1.0
bitmap_prefilter,overall<=4.0,0.35,0.3897,50,11,0.0902,26.9103,27.0005,75517,50,1.0
bitmap_prefilter,overall<=4.0,0.35,0.3897,50,12,0.0895,26.8484,26.9379,75517,50,1.0
bitmap_prefilter,overall<=4.0,0.35,0.3897,50,13,0.0919,26.8703,26.9622,75517,50,1.0
bitmap_prefilter,overall<=4.0,0.35,0.3897,50,14,0.0868,27.1559,27.2426,75517,50,1.0
bitmap_prefilter,overall<=4.0,0.35,0.3897,50,15,0.0873,26.7845,26.8718,75517,50,1.0
bitmap_prefilter,overall<=4.0,0.35,0.3897,50,16,0.0873,26.8916,26.9789,75517,50,1.0
bitmap_prefilter,overall<=4.0,0.35,0.3897,50,17,0.0875,26.8081,26.8956,75517,50,1.0
bitmap_prefilter,overall<=4.0,0.35,0.3897,50,18,0.086,26.8862,26.9722,75517,50,1.0
bitmap_prefilter,overall<=4.0,0.35,0.3897,50,19,0.0862,26.9002,26.9865,75517,50,1.0
bitmap_prefilter,overall<=4.0,0.35,0.3897,50,20,0.0865,26.8435,26.93,75517,50,1.0
bitmap_prefilter,overall<=4.0,0.35,0.3897,50,21,0.0868,26.7787,26.8654,75517,50,1.0
bitmap_prefilter,overall<=4.0,0.35,0.3897,50,22,0.0853,26.9051,26.9904,75517,50,1.0
bitmap_prefilter,overall<=4.0,0.35,0.3897,50,23,0.0857,26.7978,26.8835,75517,50,0.98
bitmap_prefilter,overall<=4.0,0.35,0.3897,50,24,0.0858,26.8916,26.9774,75517,50,1.0
bitmap_prefilter,overall<=4.0,0.35,0.3897,50,25,0.0861,26.8074,26.8935,75517,50,1.0
bitmap_prefilter,overall<=4.0,0.35,0.3897,50,26,0.088,26.8695,26.9575,75517,50,1.0
bitmap_prefilter,overall<=4.0,0.35,0.3897,50,27,0.0855,26.8701,26.9556,75517,50,1.0
bitmap_prefilter,overall<=4.0,0.35,0.3897,50,28,0.0855,27.2477,27.3332,75517,50,1.0
bitmap_prefilter,overall<=4.0,0.35,0.3897,50,29,0.1042,26.8727,26.9768,75517,50,1.0
bitmap_prefilter,overall<=4.0,0.35,0.3897,50,30,0.0954,26.8624,26.9578,75517,50,0.64
bitmap_prefilter,overall<=4.0,0.35,0.3897,50,31,0.0927,26.7903,26.8831,75517,50,1.0
bitmap_prefilter,overall<=4.0,0.35,0.3897,50,32,0.099,26.8217,26.9207,75517,50,1.0
bitmap_prefilter,overall<=4.0,0.35,0.3897,50,33,0.0967,26.8718,26.9685,75517,50,1.0
bitmap_prefilter,overall<=4.0,0.35,0.3897,50,34,0.0886,26.7699,26.8585,75517,50,1.0
bitmap_prefilter,overall<=4.0,0.35,0.3897,50,35,0.0871,26.8867,26.9738,75517,50,1.0
bitmap_prefilter,overall<=4.0,0.35,0.3897,50,36,0.0889,26.8288,26.9177,75517,50,1.0
bitmap_prefilter,overall<=4.0,0.35,0.3897,50,37,0.0867,27.9619,28.0486,75517,50,1.0
bitmap_prefilter,overall<=4.0,0.35,0.3897,50,38,0.0877,27.9947,28.0824,75517,50,1.0
bitmap_prefilter,overall<=4.0,0.35,0.3897,50,39,0.103,27.5878,27.6909,75517,50,1.0
bitmap_prefilter,overall<=4.0,0.35,0.3897,50,40,0.0941,27.5736,27.6677,75517,50,1.0
bitmap_prefilter,overall<=4.0,0.35,0.3897,50,41,0.1002,29.1048,29.205,75517,50,1.0
bitmap_prefilter,overall<=4.0,0.35,0.3897,50,42,0.0997,28.6308,28.7304,75517,50,1.0
bitmap_prefilter,overall<=4.0,0.35,0.3897,50,43,0.0957,30.5968,30.6925,75517,50,1.0
bitmap_prefilter,overall<=4.0,0.35,0.3897,50,44,0.0956,29.9009,29.9965,75517,50,1.0
bitmap_prefilter,overall<=4.0,0.35,0.3897,50,45,0.1031,27.941,28.0441,75517,50,1.0
bitmap_prefilter,overall<=4.0,0.35,0.3897,50,46,0.1019,28.6032,28.705,75517,50,1.0
bitmap_prefilter,overall<=4.0,0.35,0.3897,50,47,0.0977,28.3557,28.4535,75517,50,1.0
bitmap_prefilter,overall<=4.0,0.35,0.3897,50,48,0.1028,29.3598,29.4626,75517,50,1.0
bitmap_prefilter,overall<=4.0,0.35,0.3897,50,49,0.1144,28.3895,28.504,75517,50,1.0
brute_force,verified=true AND overall>=5.0,0.4,0.4799,10,0,0.0298,25.5072,25.537,10,10,1.0
brute_force,verified=true AND overall>=5.0,0.4,0.4799,10,1,0.0288,25.2094,25.2383,10,10,1.0
brute_force,verified=true AND overall>=5.0,0.4,0.4799,10,2,0.0326,25.5392,25.5718,10,10,1.0
brute_force,verified=true AND overall>=5.0,0.4,0.4799,10,3,0.0242,25.1786,25.2029,10,10,1.0
brute_force,verified=true AND overall>=5.0,0.4,0.4799,10,4,0.0477,25.6656,25.7133,10,10,1.0
brute_force,verified=true AND overall>=5.0,0.4,0.4799,10,5,0.0771,25.2745,25.3516,10,10,1.0
brute_force,verified=true AND overall>=5.0,0.4,0.4799,10,6,0.056,25.5858,25.6418,10,10,1.0
brute_force,verified=true AND overall>=5.0,0.4,0.4799,10,7,0.0942,25.4662,25.5603,10,10,1.0
brute_force,verified=true AND overall>=5.0,0.4,0.4799,10,8,0.0462,25.6222,25.6685,10,10,1.0
brute_force,verified=true AND overall>=5.0,0.4,0.4799,10,9,0.028,25.1302,25.1582,10,10,1.0
brute_force,verified=true AND overall>=5.0,0.4,0.4799,10,10,0.0397,25.2797,25.3195,10,10,1.0
brute_force,verified=true AND overall>=5.0,0.4,0.4799,10,11,0.0356,25.1775,25.2131,10,10,1.0
brute_force,verified=true AND overall>=5.0,0.4,0.4799,10,12,0.0253,25.0338,25.0591,10,10,1.0
brute_force,verified=true AND overall>=5.0,0.4,0.4799,10,13,0.0239,26.0448,26.0687,10,10,1.0
brute_force,verified=true AND overall>=5.0,0.4,0.4799,10,14,0.0422,25.3746,25.4168,10,10,1.0
brute_force,verified=true AND overall>=5.0,0.4,0.4799,10,15,0.0328,25.281,25.3138,10,10,1.0
brute_force,verified=true AND overall>=5.0,0.4,0.4799,10,16,0.0229,25.1946,25.2175,10,10,1.0
brute_force,verified=true AND overall>=5.0,0.4,0.4799,10,17,0.0253,25.4007,25.426,10,10,1.0
brute_force,verified=true AND overall>=5.0,0.4,0.4799,10,18,0.0926,25.3179,25.4105,10,10,1.0
brute_force,verified=true AND overall>=5.0,0.4,0.4799,10,19,0.0369,26.1718,26.2087,10,10,1.0
brute_force,verified=true AND overall>=5.0,0.4,0.4799,10,20,0.0265,25.322,25.3485,10,10,1.0
brute_force,verified=true AND overall>=5.0,0.4,0.4799,10,21,0.0332,25.4572,25.4904,10,10,1.0
brute_force,verified=true AND overall>=5.0,0.4,0.4799,10,22,0.04,25.1001,25.1401,10,10,1.0
brute_force,verified=true AND overall>=5.0,0.4,0.4799,10,23,0.0288,25.2475,25.2763,10,10,1.0
brute_force,verified=true AND overall>=5.0,0.4,0.4799,10,24,0.0474,25.006,25.0534,10,10,1.0
brute_force,verified=true AND overall>=5.0,0.4,0.4799,10,25,0.0224,24.9296,24.952,10,10,1.0
brute_force,verified=true AND overall>=5.0,0.4,0.4799,10,26,0.0263,24.716,24.7424,10,10,1.0
brute_force,verified=true AND overall>=5.0,0.4,0.4799,10,27,0.0707,25.4947,25.5654,10,10,1.0
brute_force,verified=true AND overall>=5.0,0.4,0.4799,10,28,0.0384,25.8724,25.9108,10,10,1.0
brute_force,verified=true AND overall>=5.0,0.4,0.4799,10,29,0.0289,24.8697,24.8986,10,10,1.0
brute_force,verified=true AND overall>=5.0,0.4,0.4799,10,30,0.0234,24.5019,24.5253,10,10,1.0
brute_force,verified=true AND overall>=5.0,0.4,0.4799,10,31,0.0252,24.8706,24.8958,10,10,1.0
brute_force,verified=true AND overall>=5.0,0.4,0.4799,10,32,0.2648,25.0622,25.327,10,10,1.0
brute_force,verified=true AND overall>=5.0,0.4,0.4799,10,33,0.025,25.232,25.257,10,10,1.0
brute_force,verified=true AND overall>=5.0,0.4,0.4799,10,34,0.0263,24.7992,24.8255,10,10,1.0
brute_force,verified=true AND overall>=5.0,0.4,0.4799,10,35,0.053,24.771,24.8241,10,10,1.0
brute_force,verified=true AND overall>=5.0,0.4,0.4799,10,36,0.0585,24.5495,24.608,10,10,1.0
brute_force,verified=true AND overall>=5.0,0.4,0.4799,10,37,0.0196,24.6702,24.6898,10,10,1.0
brute_force,verified=true AND overall>=5.0,0.4,0.4799,10,38,0.0516,24.4792,24.5308,10,10,1.0
brute_force,verified=true AND overall>=5.0,0.4,0.4799,10,39,0.0186,24.5817,24.6002,10,10,1.0
brute_force,verified=true AND overall>=5.0,0.4,0.4799,10,40,0.0245,24.4351,24.4596,10,10,1.0
brute_force,verified=true AND overall>=5.0,0.4,0.4799,10,41,0.316,24.5939,24.91,10,10,1.0
brute_force,verified=true AND overall>=5.0,0.4,0.4799,10,42,0.042,24.6725,24.7145,10,10,1.0
brute_force,verified=true AND overall>=5.0,0.4,0.4799,10,43,0.0191,24.85,24.8691,10,10,1.0
brute_force,verified=true AND overall>=5.0,0.4,0.4799,10,44,0.3494,24.8395,25.1888,10,10,1.0
brute_force,verified=true AND overall>=5.0,0.4,0.4799,10,45,0.0167,24.6116,24.6283,10,10,1.0
brute_force,verified=true AND overall>=5.0,0.4,0.4799,10,46,0.0213,24.6152,24.6365,10,10,1.0
brute_force,verified=true AND overall>=5.0,0.4,0.4799,10,47,0.0175,24.7438,24.7614,10,10,1.0
brute_force,verified=true AND overall>=5.0,0.4,0.4799,10,48,0.0223,24.6029,24.6252,10,10,1.0
brute_force,verified=true AND overall>=5.0,0.4,0.4799,10,49,0.017,24.6663,24.6833,10,10,1.0
naive_prefilter,verified=true AND overall>=5.0,0.4,0.4799,10,0,22.7283,31.3043,54.0326,92982,10,1.0
naive_prefilter,verified=true AND overall>=5.0,0.4,0.4799,10,1,22.7983,31.2066,54.0049,92982,10,1.0
naive_prefilter,verified=true AND overall>=5.0,0.4,0.4799,10,2,22.4702,31.3755,53.8458,92982,10,1.0
naive_prefilter,verified=true AND overall>=5.0,0.4,0.4799,10,3,22.4103,31.4141,53.8244,92982,10,1.0
naive_prefilter,verified=true AND overall>=5.0,0.4,0.4799,10,4,22.3544,31.3897,53.744,92982,10,1.0
naive_prefilter,verified=true AND overall>=5.0,0.4,0.4799,10,5,22.1665,31.2113,53.3778,92982,10,1.0
naive_prefilter,verified=true AND overall>=5.0,0.4,0.4799,10,6,22.0688,31.2192,53.2881,92982,10,1.0
naive_prefilter,verified=true AND overall>=5.0,0.4,0.4799,10,7,22.0527,31.3846,53.4373,92982,10,1.0
naive_prefilter,verified=true AND overall>=5.0,0.4,0.4799,10,8,22.1294,32.1215,54.251,92982,10,1.0
naive_prefilter,verified=true AND overall>=5.0,0.4,0.4799,10,9,21.4532,31.15,52.6033,92982,10,1.0
naive_prefilter,verified=true AND overall>=5.0,0.4,0.4799,10,10,22.3225,31.0842,53.4067,92982,10,1.0
naive_prefilter,verified=true AND overall>=5.0,0.4,0.4799,10,11,22.508,31.1658,53.6739,92982,10,1.0
naive_prefilter,verified=true AND overall>=5.0,0.4,0.4799,10,12,22.4766,31.1363,53.6129,92982,10,1.0
naive_prefilter,verified=true AND overall>=5.0,0.4,0.4799,10,13,22.7895,31.6556,54.4451,92982,10,1.0
naive_prefilter,verified=true AND overall>=5.0,0.4,0.4799,10,14,22.7288,31.5803,54.3091,92982,10,1.0
naive_prefilter,verified=true AND overall>=5.0,0.4,0.4799,10,15,22.7377,32.3925,55.1301,92982,10,1.0
naive_prefilter,verified=true AND overall>=5.0,0.4,0.4799,10,16,22.4272,31.4675,53.8947,92982,10,1.0
naive_prefilter,verified=true AND overall>=5.0,0.4,0.4799,10,17,22.4107,31.2159,53.6266,92982,10,1.0
naive_prefilter,verified=true AND overall>=5.0,0.4,0.4799,10,18,22.3039,31.1855,53.4894,92982,10,1.0
naive_prefilter,verified=true AND overall>=5.0,0.4,0.4799,10,19,22.4067,31.2055,53.6123,92982,10,1.0
naive_prefilter,verified=true AND overall>=5.0,0.4,0.4799,10,20,22.086,31.0408,53.1269,92982,10,1.0
naive_prefilter,verified=true AND overall>=5.0,0.4,0.4799,10,21,22.1121,31.0213,53.1334,92982,10,1.0
naive_prefilter,verified=true AND overall>=5.0,0.4,0.4799,10,22,22.0956,31.1076,53.2032,92982,10,1.0
naive_prefilter,verified=true AND overall>=5.0,0.4,0.4799,10,23,22.0989,31.0045,53.1033,92982,10,1.0
naive_prefilter,verified=true AND overall>=5.0,0.4,0.4799,10,24,22.0351,30.97,53.005,92982,10,1.0
naive_prefilter,verified=true AND overall>=5.0,0.4,0.4799,10,25,21.3013,31.0074,52.3087,92982,10,1.0
naive_prefilter,verified=true AND overall>=5.0,0.4,0.4799,10,26,21.3641,31.1572,52.5213,92982,10,1.0
naive_prefilter,verified=true AND overall>=5.0,0.4,0.4799,10,27,21.7979,33.0769,54.8747,92982,10,1.0
naive_prefilter,verified=true AND overall>=5.0,0.4,0.4799,10,28,22.9465,32.4243,55.3708,92982,10,1.0
naive_prefilter,verified=true AND overall>=5.0,0.4,0.4799,10,29,22.7318,32.2144,54.9462,92982,10,1.0
naive_prefilter,verified=true AND overall>=5.0,0.4,0.4799,10,30,22.2789,32.4706,54.7495,92982,10,1.0
naive_prefilter,verified=true AND overall>=5.0,0.4,0.4799,10,31,22.4821,32.823,55.3051,92982,10,1.0
naive_prefilter,verified=true AND overall>=5.0,0.4,0.4799,10,32,22.4564,33.7888,56.2452,92982,10,1.0
naive_prefilter,verified=true AND overall>=5.0,0.4,0.4799,10,33,22.7372,33.0299,55.7671,92982,10,1.0
naive_prefilter,verified=true AND overall>=5.0,0.4,0.4799,10,34,22.3174,33.1775,55.4949,92982,10,1.0
naive_prefilter,verified=true AND overall>=5.0,0.4,0.4799,10,35,22.5359,32.5382,55.0741,92982,10,1.0
naive_prefilter,verified=true AND overall>=5.0,0.4,0.4799,10,36,22.5187,32.9417,55.4604,92982,10,1.0
naive_prefilter,verified=true AND overall>=5.0,0.4,0.4799,10,37,22.4295,33.2078,55.6372,92982,10,1.0
naive_prefilter,verified=true AND overall>=5.0,0.4,0.4799,10,38,22.3897,32.7412,55.1309,92982,10,1.0
naive_prefilter,verified=true AND overall>=5.0,0.4,0.4799,10,39,22.2828,33.2151,55.498,92982,10,1.0
naive_prefilter,verified=true AND overall>=5.0,0.4,0.4799,10,40,22.34,42.8786,65.2185,92982,10,1.0
naive_prefilter,verified=true AND overall>=5.0,0.4,0.4799,10,41,26.3888,34.1117,60.5005,92982,10,1.0
naive_prefilter,verified=true AND overall>=5.0,0.4,0.4799,10,42,22.9061,32.166,55.0721,92982,10,1.0
naive_prefilter,verified=true AND overall>=5.0,0.4,0.4799,10,43,22.7602,31.651,54.4111,92982,10,1.0
naive_prefilter,verified=true AND overall>=5.0,0.4,0.4799,10,44,22.3799,32.0152,54.3951,92982,10,1.0
naive_prefilter,verified=true AND overall>=5.0,0.4,0.4799,10,45,22.4337,33.7486,56.1823,92982,10,1.0
naive_prefilter,verified=true AND overall>=5.0,0.4,0.4799,10,46,22.9736,32.6928,55.6665,92982,10,1.0
naive_prefilter,verified=true AND overall>=5.0,0.4,0.4799,10,47,23.2323,32.945,56.1774,92982,10,0.0
naive_prefilter,verified=true AND overall>=5.0,0.4,0.4799,10,48,22.9237,33.1944,56.1181,92982,10,1.0
naive_prefilter,verified=true AND overall>=5.0,0.4,0.4799,10,49,23.1,32.4515,55.5515,92982,10,1.0
post_filter,verified=true AND overall>=5.0,0.4,0.4799,10,0,0.007,0.3185,0.3255,10,10,1.0
post_filter,verified=true AND overall>=5.0,0.4,0.4799,10,1,0.02,0.8404,0.8604,10,10,1.0
post_filter,verified=true AND overall>=5.0,0.4,0.4799,10,2,0.0186,0.6718,0.6905,10,10,0.9
post_filter,verified=true AND overall>=5.0,0.4,0.4799,10,3,0.0152,0.7058,0.721,10,10,1.0
post_filter,verified=true AND overall>=5.0,0.4,0.4799,10,4,0.037,0.8073,0.8443,10,10,1.0
post_filter,verified=true AND overall>=5.0,0.4,0.4799,10,5,0.0759,0.6643,0.7402,10,10,1.0
post_filter,verified=true AND overall>=5.0,0.4,0.4799,10,6,0.0418,0.8637,0.9056,10,10,1.0
post_filter,verified=true AND overall>=5.0,0.4,0.4799,10,7,0.0762,0.62,0.6962,10,10,1.0
post_filter,verified=true AND overall>=5.0,0.4,0.4799,10,8,0.0319,0.8702,0.902,10,10,1.0
post_filter,verified=true AND overall>=5.0,0.4,0.4799,10,9,0.016,0.8775,0.8935,10,10,1.0
post_filter,verified=true AND overall>=5.0,0.4,0.4799,10,10,0.0237,0.801,0.8248,10,10,1.0
post_filter,verified=true AND overall>=5.0,0.4,0.4799,10,11,0.021,0.7832,0.8042,10,10,1.0
post_filter,verified=true AND overall>=5.0,0.4,0.4799,10,12,0.0153,0.6398,0.6551,10,10,1.0
post_filter,verified=true AND overall>=5.0,0.4,0.4799,10,13,0.0165,0.7074,0.7239,10,10,1.0
post_filter,verified=true AND overall>=5.0,0.4,0.4799,10,14,0.0355,0.5276,0.5631,10,10,1.0
post_filter,verified=true AND overall>=5.0,0.4,0.4799,10,15,0.0191,0.4489,0.468,10,10,1.0
post_filter,verified=true AND overall>=5.0,0.4,0.4799,10,16,0.0127,0.8194,0.8321,10,10,1.0
post_filter,verified=true AND overall>=5.0,0.4,0.4799,10,17,0.0145,0.6199,0.6343,10,10,1.0
post_filter,verified=true AND overall>=5.0,0.4,0.4799,10,18,0.0773,0.7281,0.8054,10,10,1.0
post_filter,verified=true AND overall>=5.0,0.4,0.4799,10,19,0.0215,0.7835,0.805,10,10,1.0
post_filter,verified=true AND overall>=5.0,0.4,0.4799,10,20,0.0145,0.5736,0.5882,10,10,1.0
post_filter,verified=true AND overall>=5.0,0.4,0.4799,10,21,0.0213,0.5941,0.6154,10,10,1.0
post_filter,verified=true AND overall>=5.0,0.4,0.4799,10,22,0.0251,0.6665,0.6916,10,10,1.0
post_filter,verified=true AND overall>=5.0,0.4,0.4799,10,23,0.0158,0.6143,0.6301,10,10,1.0
post_filter,verified=true AND overall>=5.0,0.4,0.4799,10,24,0.0335,0.8358,0.8692,10,10,1.0
post_filter,verified=true AND overall>=5.0,0.4,0.4799,10,25,0.0126,0.2586,0.2712,10,10,0.7
post_filter,verified=true AND overall>=5.0,0.4,0.4799,10,26,0.0155,0.771,0.7865,10,10,1.0
post_filter,verified=true AND overall>=5.0,0.4,0.4799,10,27,0.0485,0.7062,0.7547,10,10,1.0
post_filter,verified=true AND overall>=5.0,0.4,0.4799,10,28,0.0223,0.7693,0.7915,10,10,1.0
post_filter,verified=true AND overall>=5.0,0.4,0.4799,10,29,0.0208,0.4967,0.5175,10,10,1.0
post_filter,verified=true AND overall>=5.0,0.4,0.4799,10,30,0.0097,0.3853,0.395,10,10,0.0
post_filter,verified=true AND overall>=5.0,0.4,0.4799,10,31,0.0158,0.7538,0.7695,10,10,1.0
post_filter,verified=true AND overall>=5.0,0.4,0.4799,10,32,0.2308,0.5943,0.8251,10,10,0.8
post_filter,verified=true AND overall>=5.0,0.4,0.4799,10,33,0.0184,0.4585,0.4768,10,10,1.0
post_filter,verified=true AND overall>=5.0,0.4,0.4799,10,34,0.0169,0.7503,0.7671,10,10,1.0
post_filter,verified=true AND overall>=5.0,0.4,0.4799,10,35,0.041,0.771,0.812,10,10,1.0
post_filter,verified=true AND overall>=5.0,0.4,0.4799,10,36,0.0524,0.6436,0.696,10,10,0.9
post_filter,verified=true AND overall>=5.0,0.4,0.4799,10,37,0.013,0.583,0.5959,10,10,1.0
post_filter,verified=true AND overall>=5.0,0.4,0.4799,10,38,0.0438,0.9289,0.9727,10,10,0.9
post_filter,verified=true AND overall>=5.0,0.4,0.4799,10,39,0.0138,0.4651,0.4789,10,10,1.0
post_filter,verified=true AND overall>=5.0,0.4,0.4799,10,40,0.0206,0.9292,0.9498,10,10,1.0
post_filter,verified=true AND overall>=5.0,0.4,0.4799,10,41,0.268,0.5182,0.7863,10,10,1.0
post_filter,verified=true AND overall>=5.0,0.4,0.4799,10,42,0.0329,0.7645,0.7974,10,10,0.9
post_filter,verified=true AND overall>=5.0,0.4,0.4799,10,43,0.0127,0.4014,0.4141,10,10,0.7
post_filter,verified=true AND overall>=5.0,0.4,0.4799,10,44,0.2889,0.5747,0.8636,10,10,1.0
post_filter,verified=true AND overall>=5.0,0.4,0.4799,10,45,0.012,0.8322,0.8443,10,10,1.0
post_filter,verified=true AND overall>=5.0,0.4,0.4799,10,46,0.0164,0.681,0.6974,10,10,1.0
post_filter,verified=true AND overall>=5.0,0.4,0.4799,10,47,0.0123,0.2302,0.2425,10,10,0.0
post_filter,verified=true AND overall>=5.0,0.4,0.4799,10,48,0.0163,0.8151,0.8315,10,10,1.0
post_filter,verified=true AND overall>=5.0,0.4,0.4799,10,49,0.012,0.4039,0.416,10,10,1.0
bitmap_prefilter,verified=true AND overall>=5.0,0.4,0.4799,10,0,0.1015,31.2221,31.3236,92982,10,1.0
bitmap_prefilter,verified=true AND overall>=5.0,0.4,0.4799,10,1,0.0959,30.4971,30.593,92982,10,1.0
bitmap_prefilter,verified=true AND overall>=5.0,0.4,0.4799,10,2,0.0927,30.6165,30.7092,92982,10,1.0
bitmap_prefilter,verified=true AND overall>=5.0,0.4,0.4799,10,3,0.0915,31.4838,31.5754,92982,10,1.0
bitmap_prefilter,verified=true AND overall>=5.0,0.4,0.4799,10,4,0.0998,31.4684,31.5682,92982,10,1.0
bitmap_prefilter,verified=true AND overall>=5.0,0.4,0.4799,10,5,0.11,32.433,32.543,92982,10,1.0
bitmap_prefilter,verified=true AND overall>=5.0,0.4,0.4799,10,6,0.097,32.3148,32.4118,92982,10,1.0
bitmap_prefilter,verified=true AND overall>=5.0,0.4,0.4799,10,7,0.0965,32.6588,32.7553,92982,10,1.0
bitmap_prefilter,verified=true AND overall>=5.0,0.4,0.4799,10,8,0.1059,32.0462,32.152,92982,10,1.0
bitmap_prefilter,verified=true AND overall>=5.0,0.4,0.4799,10,9,0.1002,32.1318,32.232,92982,10,1.0
bitmap_prefilter,verified=true AND overall>=5.0,0.4,0.4799,10,10,0.1095,31.9548,32.0642,92982,10,1.0
bitmap_prefilter,verified=true AND overall>=5.0,0.4,0.4799,10,11,0.1043,32.0089,32.1132,92982,10,1.0
bitmap_prefilter,verified=true AND overall>=5.0,0.4,0.4799,10,12,0.106,32.3608,32.4668,92982,10,1.0
bitmap_prefilter,verified=true AND overall>=5.0,0.4,0.4799,10,13,0.1056,32.4896,32.5953,92982,10,1.0
bitmap_prefilter,verified=true AND overall>=5.0,0.4,0.4799,10,14,0.1134,31.4165,31.5298,92982,10,1.0
bitmap_prefilter,verified=true AND overall>=5.0,0.4,0.4799,10,15,0.1055,31.3462,31.4518,92982,10,1.0
bitmap_prefilter,verified=true AND overall>=5.0,0.4,0.4799,10,16,0.1045,31.6277,31.7322,92982,10,1.0
bitmap_prefilter,verified=true AND overall>=5.0,0.4,0.4799,10,17,0.1077,31.3266,31.4343,92982,10,1.0
bitmap_prefilter,verified=true AND overall>=5.0,0.4,0.4799,10,18,0.1637,31.0538,31.2175,92982,10,1.0
bitmap_prefilter,verified=true AND overall>=5.0,0.4,0.4799,10,19,0.1023,31.0868,31.1891,92982,10,1.0
bitmap_prefilter,verified=true AND overall>=5.0,0.4,0.4799,10,20,0.1013,30.7295,30.8308,92982,10,1.0
bitmap_prefilter,verified=true AND overall>=5.0,0.4,0.4799,10,21,0.1017,31.3427,31.4444,92982,10,1.0
bitmap_prefilter,verified=true AND overall>=5.0,0.4,0.4799,10,22,0.1039,31.4759,31.5798,92982,10,1.0
bitmap_prefilter,verified=true AND overall>=5.0,0.4,0.4799,10,23,0.099,31.8943,31.9933,92982,10,1.0
bitmap_prefilter,verified=true AND overall>=5.0,0.4,0.4799,10,24,0.1025,30.8886,30.9911,92982,10,1.0
bitmap_prefilter,verified=true AND overall>=5.0,0.4,0.4799,10,25,0.0915,46.4859,46.5773,92982,10,1.0
bitmap_prefilter,verified=true AND overall>=5.0,0.4,0.4799,10,26,0.1188,49.7141,49.8329,92982,10,1.0
bitmap_prefilter,verified=true AND overall>=5.0,0.4,0.4799,10,27,0.1335,42.6197,42.7532,92982,10,1.0
bitmap_prefilter,verified=true AND overall>=5.0,0.4,0.4799,10,28,0.1325,38.793,38.9255,92982,10,1.0
bitmap_prefilter,verified=true AND overall>=5.0,0.4,0.4799,10,29,0.1202,39.3198,39.44,92982,10,1.0
bitmap_prefilter,verified=true AND overall>=5.0,0.4,0.4799,10,30,0.2768,35.338,35.6148,92982,10,1.0
bitmap_prefilter,verified=true AND overall>=5.0,0.4,0.4799,10,31,0.1054,31.5771,31.6825,92982,10,1.0
bitmap_prefilter,verified=true AND overall>=5.0,0.4,0.4799,10,32,0.117,38.69,38.8069,92982,10,1.0
bitmap_prefilter,verified=true AND overall>=5.0,0.4,0.4799,10,33,0.1758,31.4604,31.6362,92982,10,1.0
bitmap_prefilter,verified=true AND overall>=5.0,0.4,0.4799,10,34,0.1246,33.2632,33.3878,92982,10,1.0
bitmap_prefilter,verified=true AND overall>=5.0,0.4,0.4799,10,35,0.1194,30.6398,30.7592,92982,10,1.0
bitmap_prefilter,verified=true AND overall>=5.0,0.4,0.4799,10,36,0.1122,29.9,30.0122,92982,10,1.0
bitmap_prefilter,verified=true AND overall>=5.0,0.4,0.4799,10,37,0.1015,29.6792,29.7807,92982,10,1.0
bitmap_prefilter,verified=true AND overall>=5.0,0.4,0.4799,10,38,0.1068,30.0095,30.1163,92982,10,1.0
bitmap_prefilter,verified=true AND overall>=5.0,0.4,0.4799,10,39,0.0935,29.8075,29.901,92982,10,1.0
bitmap_prefilter,verified=true AND overall>=5.0,0.4,0.4799,10,40,0.0907,29.8894,29.9801,92982,10,1.0
bitmap_prefilter,verified=true AND overall>=5.0,0.4,0.4799,10,41,0.0942,31.4971,31.5914,92982,10,1.0
bitmap_prefilter,verified=true AND overall>=5.0,0.4,0.4799,10,42,0.0887,30.2257,30.3144,92982,10,1.0
bitmap_prefilter,verified=true AND overall>=5.0,0.4,0.4799,10,43,0.0896,32.4434,32.533,92982,10,1.0
bitmap_prefilter,verified=true AND overall>=5.0,0.4,0.4799,10,44,0.1107,31.2513,31.362,92982,10,1.0
bitmap_prefilter,verified=true AND overall>=5.0,0.4,0.4799,10,45,0.1115,31.1115,31.223,92982,10,1.0
bitmap_prefilter,verified=true AND overall>=5.0,0.4,0.4799,10,46,0.1159,31.3862,31.5021,92982,10,1.0
bitmap_prefilter,verified=true AND overall>=5.0,0.4,0.4799,10,47,0.1015,32.5605,32.662,92982,10,0.0
bitmap_prefilter,verified=true AND overall>=5.0,0.4,0.4799,10,48,0.2299,33.1633,33.3932,92982,10,1.0
bitmap_prefilter,verified=true AND overall>=5.0,0.4,0.4799,10,49,0.1222,33.2929,33.4151,92982,10,1.0
brute_force,verified=true AND overall>=5.0,0.4,0.4799,50,0,0.0967,24.7955,24.8922,50,50,1.0
brute_force,verified=true AND overall>=5.0,0.4,0.4799,50,1,0.2083,25.571,25.7793,50,50,1.0
brute_force,verified=true AND overall>=5.0,0.4,0.4799,50,2,0.1838,26.5097,26.6935,50,50,1.0
brute_force,verified=true AND overall>=5.0,0.4,0.4799,50,3,0.1682,27.4023,27.5705,50,50,1.0
brute_force,verified=true AND overall>=5.0,0.4,0.4799,50,4,0.4391,26.5885,27.0276,50,50,1.0
brute_force,verified=true AND overall>=5.0,0.4,0.4799,50,5,0.4114,27.01,27.4214,50,50,0.98
brute_force,verified=true AND overall>=5.0,0.4,0.4799,50,6,0.4556,26.6631,27.1187,50,50,1.0
brute_force,verified=true AND overall>=5.0,0.4,0.4799,50,7,0.698,25.6577,26.3557,50,50,1.0
brute_force,verified=true AND overall>=5.0,0.4,0.4799,50,8,0.306,26.6625,26.9685,50,50,1.0
brute_force,verified=true AND overall>=5.0,0.4,0.4799,50,9,0.1884,26.6105,26.7989,50,50,1.0
brute_force,verified=true AND overall>=5.0,0.4,0.4799,50,10,0.2074,25.739,25.9463,50,50,1.0
brute_force,verified=true AND overall>=5.0,0.4,0.4799,50,11,0.2318,25.8043,26.0361,50,50,1.0
brute_force,verified=true AND overall>=5.0,0.4,0.4799,50,12,0.1227,25.8735,25.9962,50,50,1.0
brute_force,verified=true AND overall>=5.0,0.4,0.4799,50,13,0.1138,25.1513,25.2651,50,50,1.0
brute_force,verified=true AND overall>=5.0,0.4,0.4799,50,14,0.2499,24.9057,25.1556,50,50,1.0
brute_force,verified=true AND overall>=5.0,0.4,0.4799,50,15,0.0849,24.8693,24.9542,50,50,1.0
brute_force,verified=true AND overall>=5.0,0.4,0.4799,50,16,0.1268,25.0162,25.143,50,50,1.0
brute_force,verified=true AND overall>=5.0,0.4,0.4799,50,17,0.1544,24.9122,25.0666,50,50,1.0
brute_force,verified=true AND overall>=5.0,0.4,0.4799,50,18,0.4086,25.4535,25.8621,50,50,1.0
brute_force,verified=true AND overall>=5.0,0.4,0.4799,50,19,0.1823,25.5508,25.7332,50,50,1.0
brute_force,verified=true AND overall>=5.0,0.4,0.4799,50,20,0.1228,26.4139,26.5367,50,50,1.0
brute_force,verified=true AND overall>=5.0,0.4,0.4799,50,21,0.1164,26.0809,26.1973,50,50,1.0
brute_force,verified=true AND overall>=5.0,0.4,0.4799,50,22,0.2439,26.1871,26.431,50,50,1.0
brute_force,verified=true AND overall>=5.0,0.4,0.4799,50,23,0.1321,25.9444,26.0765,50,50,1.0
brute_force,verified=true AND overall>=5.0,0.4,0.4799,50,24,0.2205,25.474,25.6945,50,50,1.0
brute_force,verified=true AND overall>=5.0,0.4,0.4799,50,25,0.1268,25.4922,25.619,50,50,1.0
brute_force,verified=true AND overall>=5.0,0.4,0.4799,50,26,0.1511,25.3466,25.4977,50,50,1.0
brute_force,verified=true AND overall>=5.0,0.4,0.4799,50,27,0.2617,24.57,24.8317,50,50,1.0
brute_force,verified=true AND overall>=5.0,0.4,0.4799,50,28,0.1907,24.6271,24.8177,50,50,1.0
brute_force,verified=true AND overall>=5.0,0.4,0.4799,50,29,0.154,24.6717,24.8257,50,50,1.0
brute_force,verified=true AND overall>=5.0,0.4,0.4799,50,30,0.1071,24.9636,25.0707,50,50,1.0
brute_force,verified=true AND overall>=5.0,0.4,0.4799,50,31,0.1213,25.0469,25.1682,50,50,1.0
brute_force,verified=true AND overall>=5.0,0.4,0.4799,50,32,1.075,24.9223,25.9973,50,50,1.0
brute_force,verified=true AND overall>=5.0,0.4,0.4799,50,33,0.0948,24.9565,25.0514,50,50,1.0
brute_force,verified=true AND overall>=5.0,0.4,0.4799,50,34,0.1127,25.1003,25.213,50,50,1.0
brute_force,verified=true AND overall>=5.0,0.4,0.4799,50,35,0.2155,25.3402,25.5556,50,50,1.0
brute_force,verified=true AND overall>=5.0,0.4,0.4799,50,36,0.2608,25.415,25.6758,50,50,1.0
brute_force,verified=true AND overall>=5.0,0.4,0.4799,50,37,0.0948,25.5045,25.5992,50,50,1.0
brute_force,verified=true AND overall>=5.0,0.4,0.4799,50,38,0.2205,25.1115,25.332,50,50,1.0
brute_force,verified=true AND overall>=5.0,0.4,0.4799,50,39,0.0892,25.1987,25.288,50,50,1.0
brute_force,verified=true AND overall>=5.0,0.4,0.4799,50,40,0.1795,25.8317,26.0112,50,50,1.0
brute_force,verified=true AND overall>=5.0,0.4,0.4799,50,41,0.9036,27.055,27.9585,50,50,1.0
brute_force,verified=true AND overall>=5.0,0.4,0.4799,50,42,0.1779,25.3673,25.5452,50,50,1.0
brute_force,verified=true AND overall>=5.0,0.4,0.4799,50,43,0.0938,25.2044,25.2982,50,50,0.96
brute_force,verified=true AND overall>=5.0,0.4,0.4799,50,44,1.3377,25.3334,26.6711,50,50,1.0
brute_force,verified=true AND overall>=5.0,0.4,0.4799,50,45,0.086,25.1268,25.2127,50,50,1.0
brute_force,verified=true AND overall>=5.0,0.4,0.4799,50,46,0.0977,25.1349,25.2326,50,50,1.0
brute_force,verified=true AND overall>=5.0,0.4,0.4799,50,47,0.0914,25.0501,25.1415,50,50,1.0
brute_force,verified=true AND overall>=5.0,0.4,0.4799,50,48,0.0971,24.7472,24.8443,50,50,1.0
brute_force,verified=true AND overall>=5.0,0.4,0.4799,50,49,0.2331,59.5597,59.7928,50,50,1.0
naive_prefilter,verified=true AND overall>=5.0,0.4,0.4799,50,0,22.6457,33.9605,56.6061,92982,50,1.0
naive_prefilter,verified=true AND overall>=5.0,0.4,0.4799,50,1,22.9907,31.2876,54.2783,92982,50,1.0
naive_prefilter,verified=true AND overall>=5.0,0.4,0.4799,50,2,23.016,33.7699,56.7859,92982,50,1.0
naive_prefilter,verified=true AND overall>=5.0,0.4,0.4799,50,3,23.0415,31.2426,54.2841,92982,50,1.0
naive_prefilter,verified=true AND overall>=5.0,0.4,0.4799,50,4,23.0127,32.2632,55.276,92982,50,1.0
naive_prefilter,verified=true AND overall>=5.0,0.4,0.4799,50,5,23.268,37.168,60.4361,92982,50,0.98
naive_prefilter,verified=true AND overall>=5.0,0.4,0.4799,50,6,23.1973,32.1971,55.3944,92982,50,1.0
naive_prefilter,verified=true AND overall>=5.0,0.4,0.4799,50,7,23.0668,32.0311,55.0979,92982,50,1.0
naive_prefilter,verified=true AND overall>=5.0,0.4,0.4799,50,8,22.6584,33.1597,55.8181,92982,50,1.0
naive_prefilter,verified=true AND overall>=5.0,0.4,0.4799,50,9,22.6073,32.161,54.7683,92982,50,1.0
naive_prefilter,verified=true AND overall>=5.0,0.4,0.4799,50,10,22.4715,31.9132,54.3848,92982,50,1.0
naive_prefilter,verified=true AND overall>=5.0,0.4,0.4799,50,11,22.3549,31.6641,54.019,92982,50,1.0
naive_prefilter,verified=true AND overall>=5.0,0.4,0.4799,50,12,22.3261,31.8091,54.1352,92982,50,1.0
naive_prefilter,verified=true AND overall>=5.0,0.4,0.4799,50,13,22.7584,32.1206,54.879,92982,50,1.0
naive_prefilter,verified=true AND overall>=5.0,0.4,0.4799,50,14,22.8695,32.3126,55.1822,92982,50,1.0
naive_prefilter,verified=true AND overall>=5.0,0.4,0.4799,50,15,22.9986,32.0627,55.0613,92982,50,1.0
naive_prefilter,verified=true AND overall>=5.0,0.4,0.4799,50,16,22.5423,31.5218,54.0641,92982,50,1.0
naive_prefilter,verified=true AND overall>=5.0,0.4,0.4799,50,17,22.4768,31.251,53.7278,92982,50,1.0
naive_prefilter,verified=true AND overall>=5.0,0.4,0.4799,50,18,22.6445,31.228,53.8726,92982,50,1.0
naive_prefilter,verified=true AND overall>=5.0,0.4,0.4799,50,19,22.6068,31.1988,53.8056,92982,50,1.0
naive_prefilter,verified=true AND overall>=5.0,0.4,0.4799,50,20,22.5144,31.7475,54.2619,92982,50,1.0
naive_prefilter,verified=true AND overall>=5.0,0.4,0.4799,50,21,22.8392,31.765,54.6041,92982,50,1.0
naive_prefilter,verified=true AND overall>=5.0,0.4,0.4799,50,22,22.667,32.0916,54.7586,92982,50,1.0
naive_prefilter,verified=true AND overall>=5.0,0.4,0.4799,50,23,22.9016,32.3258,55.2274,92982,50,1.0
naive_prefilter,verified=true AND overall>=5.0,0.4,0.4799,50,24,23.012,32.8587,55.8707,92982,50,1.0
naive_prefilter,verified=true AND overall>=5.0,0.4,0.4799,50,25,22.6261,32.333,54.9591,92982,50,1.0
naive_prefilter,verified=true AND overall>=5.0,0.4,0.4799,50,26,22.5501,31.6377,54.1878,92982,50,1.0
naive_prefilter,verified=true AND overall>=5.0,0.4,0.4799,50,27,22.6248,31.6054,54.2302,92982,50,1.0
naive_prefilter,verified=true AND overall>=5.0,0.4,0.4799,50,28,22.6605,31.3636,54.024,92982,50,1.0
naive_prefilter,verified=true AND overall>=5.0,0.4,0.4799,50,29,22.6272,31.2935,53.9207,92982,50,1.0
naive_prefilter,verified=true AND overall>=5.0,0.4,0.4799,50,30,22.7247,31.3181,54.0429,92982,50,1.0
naive_prefilter,verified=true AND overall>=5.0,0.4,0.4799,50,31,22.5071,31.7249,54.232,92982,50,1.0
naive_prefilter,verified=true AND overall>=5.0,0.4,0.4799,50,32,22.6155,32.1515,54.767,92982,50,1.0
naive_prefilter,verified=true AND overall>=5.0,0.4,0.4799,50,33,23.3518,32.3692,55.721,92982,50,1.0
naive_prefilter,verified=true AND overall>=5.0,0.4,0.4799,50,34,22.5384,32.166,54.7044,92982,50,1.0
naive_prefilter,verified=true AND overall>=5.0,0.4,0.4799,50,35,22.597,31.9342,54.5312,92982,50,1.0
naive_prefilter,verified=true AND overall>=5.0,0.4,0.4799,50,36,22.4717,31.3767,53.8484,92982,50,1.0
naive_prefilter,verified=true AND overall>=5.0,0.4,0.4799,50,37,22.6782,32.0044,54.6826,92982,50,1.0
naive_prefilter,verified=true AND overall>=5.0,0.4,0.4799,50,38,22.8006,32.0377,54.8383,92982,50,1.0
naive_prefilter,verified=true AND overall>=5.0,0.4,0.4799,50,39,22.7468,31.7847,54.5316,92982,50,1.0
naive_prefilter,verified=true AND overall>=5.0,0.4,0.4799,50,40,22.5733,33.3563,55.9297,92982,50,1.0
naive_prefilter,verified=true AND overall>=5.0,0.4,0.4799,50,41,25.7917,32.0729,57.8646,92982,50,1.0
naive_prefilter,verified=true AND overall>=5.0,0.4,0.4799,50,42,22.7463,32.0059,54.7522,92982,50,1.0
naive_prefilter,verified=true AND overall>=5.0,0.4,0.4799,50,43,22.3366,31.4512,53.7878,92982,50,0.96
naive_prefilter,verified=true AND overall>=5.0,0.4,0.4799,50,44,22.3527,31.6377,53.9904,92982,50,1.0
naive_prefilter,verified=true AND overall>=5.0,0.4,0.4799,50,45,22.5663,31.2445,53.8108,92982,50,1.0
naive_prefilter,verified=true AND overall>=5.0,0.4,0.4799,50,46,22.5917,31.7322,54.3239,92982,50,1.0
naive_prefilter,verified=true AND overall>=5.0,0.4,0.4799,50,47,22.5582,31.2139,53.7721,92982,50,0.0
naive_prefilter,verified=true AND overall>=5.0,0.4,0.4799,50,48,22.1592,31.4081,53.5673,92982,50,1.0
naive_prefilter,verified=true AND overall>=5.0,0.4,0.4799,50,49,22.4118,32.1317,54.5435,92982,50,1.0
post_filter,verified=true AND overall>=5.0,0.4,0.4799,50,0,0.0314,0.6586,0.69,50,50,1.0
post_filter,verified=true AND overall>=5.0,0.4,0.4799,50,1,0.0939,4.9987,5.0926,50,50,1.0
post_filter,verified=true AND overall>=5.0,0.4,0.4799,50,2,0.0867,3.0462,3.1329,50,50,0.98
post_filter,verified=true AND overall>=5.0,0.4,0.4799,50,3,0.0757,3.3263,3.402,50,50,1.0
post_filter,verified=true AND overall>=5.0,0.4,0.4799,50,4,0.225,4.3766,4.6016,50,50,0.8
post_filter,verified=true AND overall>=5.0,0.4,0.4799,50,5,0.1954,2.8035,2.9989,50,50,0.92
post_filter,verified=true AND overall>=5.0,0.4,0.4799,50,6,0.1563,3.3631,3.5194,50,50,1.0
post_filter,verified=true AND overall>=5.0,0.4,0.4799,50,7,0.2991,2.2476,2.5467,50,50,0.9
post_filter,verified=true AND overall>=5.0,0.4,0.4799,50,8,0.1555,2.9103,3.0657,50,50,1.0
post_filter,verified=true AND overall>=5.0,0.4,0.4799,50,9,0.0933,2.3565,2.4499,50,50,0.98
post_filter,verified=true AND overall>=5.0,0.4,0.4799,50,10,0.1163,2.3822,2.4985,50,50,0.96
post_filter,verified=true AND overall>=5.0,0.4,0.4799,50,11,0.121,1.9523,2.0732,50,50,0.98
post_filter,verified=true AND overall>=5.0,0.4,0.4799,50,12,0.072,1.3768,1.4488,50,50,1.0
post_filter,verified=true AND overall>=5.0,0.4,0.4799,50,13,0.065,1.615,1.68,50,50,1.0
post_filter,verified=true AND overall>=5.0,0.4,0.4799,50,14,0.1792,1.3373,1.5165,50,50,0.96
post_filter,verified=true AND overall>=5.0,0.4,0.4799,50,15,0.0798,0.7281,0.808,50,50,1.0
post_filter,verified=true AND overall>=5.0,0.4,0.4799,50,16,0.0722,2.1606,2.2328,50,50,1.0
post_filter,verified=true AND overall>=5.0,0.4,0.4799,50,17,0.0735,1.624,1.6974,50,50,0.98
post_filter,verified=true AND overall>=5.0,0.4,0.4799,50,18,0.2257,1.4302,1.6558,50,50,0.94
post_filter,verified=true AND overall>=5.0,0.4,0.4799,50,19,0.0932,1.7631,1.8563,50,50,0.98
post_filter,verified=true AND overall>=5.0,0.4,0.4799,50,20,0.0687,1.2065,1.2752,50,50,1.0
post_filter,verified=true AND overall>=5.0,0.4,0.4799,50,21,0.091,0.9742,1.0653,50,50,1.0
post_filter,verified=true AND overall>=5.0,0.4,0.4799,50,22,0.1068,1.7042,1.811,50,50,0.98
post_filter,verified=true AND overall>=5.0,0.4,0.4799,50,23,0.0675,1.2989,1.3664,50,50,1.0
post_filter,verified=true AND overall>=5.0,0.4,0.4799,50,24,0.1434,1.4831,1.6265,50,50,0.94
post_filter,verified=true AND overall>=5.0,0.4,0.4799,50,25,0.0637,0.6189,0.6825,50,50,0.94
post_filter,verified=true AND overall>=5.0,0.4,0.4799,50,26,0.0887,1.2348,1.3235,50,50,0.98
post_filter,verified=true AND overall>=5.0,0.4,0.4799,50,27,0.2183,1.1356,1.3539,50,50,1.0
post_filter,verified=true AND overall>=5.0,0.4,0.4799,50,28,0.1446,1.9376,2.0822,50,50,0.98
post_filter,verified=true AND overall>=5.0,0.4,0.4799,50,29,0.0907,1.1637,1.2544,50,50,1.0
post_filter,verified=true AND overall>=5.0,0.4,0.4799,50,30,0.0545,0.6462,0.7007,50,50,0.0
post_filter,verified=true AND overall>=5.0,0.4,0.4799,50,31,0.0838,1.396,1.4798,50,50,1.0
post_filter,verified=true AND overall>=5.0,0.4,0.4799,50,32,0.7491,1.2708,2.0199,50,50,0.74
post_filter,verified=true AND overall>=5.0,0.4,0.4799,50,33,0.1215,0.879,1.0004,50,50,1.0
post_filter,verified=true AND overall>=5.0,0.4,0.4799,50,34,0.0832,1.1807,1.264,50,50,1.0
post_filter,verified=true AND overall>=5.0,0.4,0.4799,50,35,0.1884,1.2068,1.3952,50,50,0.92
post_filter,verified=true AND overall>=5.0,0.4,0.4799,50,36,0.2012,1.1228,1.324,50,50,0.92
post_filter,verified=true AND overall>=5.0,0.4,0.4799,50,37,0.07,0.9907,1.0608,50,50,1.0
post_filter,verified=true AND overall>=5.0,0.4,0.4799,50,38,0.1686,1.4281,1.5967,50,50,0.88
post_filter,verified=true AND overall>=5.0,0.4,0.4799,50,39,0.0625,0.9073,0.9698,50,50,1.0
post_filter,verified=true AND overall>=5.0,0.4,0.4799,50,40,0.1366,1.4522,1.5888,50,50,0.96
post_filter,verified=true AND overall>=5.0,0.4,0.4799,50,41,0.6205,0.7255,1.346,50,50,0.66
post_filter,verified=true AND overall>=5.0,0.4,0.4799,50,42,0.1379,1.0808,1.2187,50,50,0.94
post_filter,verified=true AND overall>=5.0,0.4,0.4799,50,43,0.0658,0.6686,0.7344,50,50,0.8
post_filter,verified=true AND overall>=5.0,0.4,0.4799,50,44,1.006,0.9583,1.9643,50,50,0.58
post_filter,verified=true AND overall>=5.0,0.4,0.4799,50,45,0.0742,1.2629,1.3371,50,50,0.96
post_filter,verified=true AND overall>=5.0,0.4,0.4799,50,46,0.0823,1.0158,1.098,50,50,1.0
post_filter,verified=true AND overall>=5.0,0.4,0.4799,50,47,0.0661,0.3619,0.428,50,50,0.18
post_filter,verified=true AND overall>=5.0,0.4,0.4799,50,48,0.0695,1.207,1.2765,50,50,0.98
post_filter,verified=true AND overall>=5.0,0.4,0.4799,50,49,0.0599,0.6532,0.7131,50,50,0.98
bitmap_prefilter,verified=true AND overall>=5.0,0.4,0.4799,50,0,0.0957,29.7768,29.8725,92982,50,1.0
bitmap_prefilter,verified=true AND overall>=5.0,0.4,0.4799,50,1,0.0952,30.0227,30.1179,92982,50,1.0
bitmap_prefilter,verified=true AND overall>=5.0,0.4,0.4799,50,2,0.0924,30.5874,30.6797,92982,50,1.0
bitmap_prefilter,verified=true AND overall>=5.0,0.4,0.4799,50,3,0.1008,30.0505,30.1514,92982,50,1.0
bitmap_prefilter,verified=true AND overall>=5.0,0.4,0.4799,50,4,0.1092,29.7466,29.8558,92982,50,1.0
bitmap_prefilter,verified=true AND overall>=5.0,0.4,0.4799,50,5,0.1057,29.6513,29.757,92982,50,0.98
bitmap_prefilter,verified=true AND overall>=5.0,0.4,0.4799,50,6,0.0978,29.605,29.7028,92982,50,1.0
bitmap_prefilter,verified=true AND overall>=5.0,0.4,0.4799,50,7,0.0925,29.7196,29.8122,92982,50,1.0
bitmap_prefilter,verified=true AND overall>=5.0,0.4,0.4799,50,8,0.0973,29.7362,29.8334,92982,50,1.0
bitmap_prefilter,verified=true AND overall>=5.0,0.4,0.4799,50,9,0.0937,29.9325,30.0263,92982,50,1.0
bitmap_prefilter,verified=true AND overall>=5.0,0.4,0.4799,50,10,0.0913,31.4053,31.4966,92982,50,1.0
bitmap_prefilter,verified=true AND overall>=5.0,0.4,0.4799,50,11,0.0947,30.6504,30.7451,92982,50,1.0
bitmap_prefilter,verified=true AND overall>=5.0,0.4,0.4799,50,12,0.0907,30.2863,30.377,92982,50,1.0
bitmap_prefilter,verified=true AND overall>=5.0,0.4,0.4799,50,13,0.0937,30.6763,30.7699,92982,50,1.0
bitmap_prefilter,verified=true AND overall>=5.0,0.4,0.4799,50,14,0.0976,30.6727,30.7704,92982,50,1.0
bitmap_prefilter,verified=true AND overall>=5.0,0.4,0.4799,50,15,0.1048,30.325,30.4297,92982,50,1.0
bitmap_prefilter,verified=true AND overall>=5.0,0.4,0.4799,50,16,0.1026,30.3484,30.451,92982,50,1.0
bitmap_prefilter,verified=true AND overall>=5.0,0.4,0.4799,50,17,0.0943,30.5542,30.6485,92982,50,1.0
bitmap_prefilter,verified=true AND overall>=5.0,0.4,0.4799,50,18,0.0918,30.3579,30.4497,92982,50,1.0
bitmap_prefilter,verified=true AND overall>=5.0,0.4,0.4799,50,19,0.0932,29.7305,29.8237,92982,50,1.0
bitmap_prefilter,verified=true AND overall>=5.0,0.4,0.4799,50,20,0.0902,29.8805,29.9707,92982,50,1.0
bitmap_prefilter,verified=true AND overall>=5.0,0.4,0.4799,50,21,0.0914,30.3313,30.4226,92982,50,1.0
bitmap_prefilter,verified=true AND overall>=5.0,0.4,0.4799,50,22,0.089,29.9295,30.0185,92982,50,1.0
bitmap_prefilter,verified=true AND overall>=5.0,0.4,0.4799,50,23,0.0888,29.6703,29.7591,92982,50,1.0
bitmap_prefilter,verified=true AND overall>=5.0,0.4,0.4799,50,24,0.0888,29.6352,29.7241,92982,50,1.0
bitmap_prefilter,verified=true AND overall>=5.0,0.4,0.4799,50,25,0.0883,29.6124,29.7007,92982,50,1.0
bitmap_prefilter,verified=true AND overall>=5.0,0.4,0.4799,50,26,0.0885,30.9237,31.0122,92982,50,1.0
bitmap_prefilter,verified=true AND overall>=5.0,0.4,0.4799,50,27,0.0888,30.252,30.3408,92982,50,1.0
bitmap_prefilter,verified=true AND overall>=5.0,0.4,0.4799,50,28,0.0886,30.8788,30.9674,92982,50,1.0
bitmap_prefilter,verified=true AND overall>=5.0,0.4,0.4799,50,29,0.1013,30.2644,30.3657,92982,50,1.0
bitmap_prefilter,verified=true AND overall>=5.0,0.4,0.4799,50,30,0.0974,30.4565,30.5539,92982,50,1.0
bitmap_prefilter,verified=true AND overall>=5.0,0.4,0.4799,50,31,0.0928,30.36,30.4528,92982,50,1.0
bitmap_prefilter,verified=true AND overall>=5.0,0.4,0.4799,50,32,0.0927,30.2787,30.3715,92982,50,1.0
bitmap_prefilter,verified=true AND overall>=5.0,0.4,0.4799,50,33,0.0913,30.4268,30.5181,92982,50,1.0
bitmap_prefilter,verified=true AND overall>=5.0,0.4,0.4799,50,34,0.0933,30.6138,30.7071,92982,50,1.0
bitmap_prefilter,verified=true AND overall>=5.0,0.4,0.4799,50,35,0.0907,30.0964,30.1871,92982,50,1.0
bitmap_prefilter,verified=true AND overall>=5.0,0.4,0.4799,50,36,0.0895,29.675,29.7646,92982,50,1.0
bitmap_prefilter,verified=true AND overall>=5.0,0.4,0.4799,50,37,0.0887,29.611,29.6997,92982,50,1.0
bitmap_prefilter,verified=true AND overall>=5.0,0.4,0.4799,50,38,0.0878,30.2914,30.3792,92982,50,1.0
bitmap_prefilter,verified=true AND overall>=5.0,0.4,0.4799,50,39,0.0966,30.1873,30.284,92982,50,1.0
bitmap_prefilter,verified=true AND overall>=5.0,0.4,0.4799,50,40,0.0925,30.3157,30.4082,92982,50,1.0
bitmap_prefilter,verified=true AND overall>=5.0,0.4,0.4799,50,41,0.0902,30.8515,30.9417,92982,50,1.0
bitmap_prefilter,verified=true AND overall>=5.0,0.4,0.4799,50,42,0.0892,29.702,29.7912,92982,50,1.0
bitmap_prefilter,verified=true AND overall>=5.0,0.4,0.4799,50,43,0.0936,31.8124,31.906,92982,50,0.96
bitmap_prefilter,verified=true AND overall>=5.0,0.4,0.4799,50,44,0.0893,30.5721,30.6613,92982,50,1.0
bitmap_prefilter,verified=true AND overall>=5.0,0.4,0.4799,50,45,0.1032,30.5189,30.6221,92982,50,1.0
bitmap_prefilter,verified=true AND overall>=5.0,0.4,0.4799,50,46,0.0901,30.3017,30.3918,92982,50,1.0
bitmap_prefilter,verified=true AND overall>=5.0,0.4,0.4799,50,47,0.0901,31.7748,31.865,92982,50,0.0
bitmap_prefilter,verified=true AND overall>=5.0,0.4,0.4799,50,48,0.0925,30.8132,30.9057,92982,50,1.0
bitmap_prefilter,verified=true AND overall>=5.0,0.4,0.4799,50,49,0.0928,30.4954,30.5882,92982,50,1.0
brute_force,verified=true AND overall>=4.0,0.45,0.6068,10,0,0.0119,24.6295,24.6413,10,10,1.0
brute_force,verified=true AND overall>=4.0,0.45,0.6068,10,1,0.0232,24.9398,24.963,10,10,1.0
brute_force,verified=true AND overall>=4.0,0.45,0.6068,10,2,0.0197,24.9384,24.9581,10,10,1.0
brute_force,verified=true AND overall>=4.0,0.45,0.6068,10,3,0.0176,24.944,24.9616,10,10,1.0
brute_force,verified=true AND overall>=4.0,0.45,0.6068,10,4,0.0311,25.0342,25.0653,10,10,1.0
brute_force,verified=true AND overall>=4.0,0.45,0.6068,10,5,0.048,24.987,25.035,10,10,1.0
brute_force,verified=true AND overall>=4.0,0.45,0.6068,10,6,0.0359,25.0095,25.0454,10,10,1.0
brute_force,verified=true AND overall>=4.0,0.45,0.6068,10,7,0.066,25.9886,26.0545,10,10,1.0
brute_force,verified=true AND overall>=4.0,0.45,0.6068,10,8,0.0325,24.8043,24.8368,10,10,1.0
brute_force,verified=true AND overall>=4.0,0.45,0.6068,10,9,0.0242,25.4955,25.5197,10,10,1.0
brute_force,verified=true AND overall>=4.0,0.45,0.6068,10,10,0.0269,24.8086,24.8355,10,10,1.0
brute_force,verified=true AND overall>=4.0,0.45,0.6068,10,11,0.021,24.7646,24.7857,10,10,1.0
brute_force,verified=true AND overall>=4.0,0.45,0.6068,10,12,0.0191,24.7005,24.7195,10,10,1.0
brute_force,verified=true AND overall>=4.0,0.45,0.6068,10,13,0.0172,24.746,24.7632,10,10,1.0
brute_force,verified=true AND overall>=4.0,0.45,0.6068,10,14,0.0195,24.5662,24.5857,10,10,1.0
brute_force,verified=true AND overall>=4.0,0.45,0.6068,10,15,0.0165,24.5813,24.5978,10,10,1.0
brute_force,verified=true AND overall>=4.0,0.45,0.6068,10,16,0.0157,24.5269,24.5426,10,10,1.0
brute_force,verified=true AND overall>=4.0,0.45,0.6068,10,17,0.0164,24.6434,24.6598,10,10,1.0
brute_force,verified=true AND overall>=4.0,0.45,0.6068,10,18,0.0578,24.4758,24.5337,10,10,1.0
brute_force,verified=true AND overall>=4.0,0.45,0.6068,10,19,0.02,24.5203,24.5402,10,10,1.0
brute_force,verified=true AND overall>=4.0,0.45,0.6068,10,20,0.017,24.5778,24.5947,10,10,1.0
brute_force,verified=true AND overall>=4.0,0.45,0.6068,10,21,0.0177,24.5503,24.568,10,10,1.0
brute_force,verified=true AND overall>=4.0,0.45,0.6068,10,22,0.0246,24.4655,24.4901,10,10,1.0
brute_force,verified=true AND overall>=4.0,0.45,0.6068,10,23,0.0197,24.6641,24.6839,10,10,1.0
brute_force,verified=true AND overall>=4.0,0.45,0.6068,10,24,0.0331,24.5376,24.5707,10,10,1.0
brute_force,verified=true AND overall>=4.0,0.45,0.6068,10,25,0.0173,24.8579,24.8752,10,10,1.0
brute_force,verified=true AND overall>=4.0,0.45,0.6068,10,26,0.0296,25.1258,25.1554,10,10,1.0
brute_force,verified=true AND overall>=4.0,0.45,0.6068,10,27,0.0541,26.2472,26.3013,10,10,1.0
brute_force,verified=true AND overall>=4.0,0.45,0.6068,10,28,0.025,25.4195,25.4445,10,10,1.0
brute_force,verified=true AND overall>=4.0,0.45,0.6068,10,29,0.0236,25.6051,25.6287,10,10,1.0
brute_force,verified=true AND overall>=4.0,0.45,0.6068,10,30,0.0187,25.0038,25.0225,10,10,1.0
brute_force,verified=true AND overall>=4.0,0.45,0.6068,10,31,0.0195,25.0836,25.1031,10,10,1.0
brute_force,verified=true AND overall>=4.0,0.45,0.6068,10,32,0.1215,25.1886,25.3102,10,10,1.0
brute_force,verified=true AND overall>=4.0,0.45,0.6068,10,33,0.0172,25.0564,25.0735,10,10,1.0
brute_force,verified=true AND overall>=4.0,0.45,0.6068,10,34,0.0202,24.8293,24.8495,10,10,1.0
brute_force,verified=true AND overall>=4.0,0.45,0.6068,10,35,0.0428,24.849,24.8918,10,10,1.0
brute_force,verified=true AND overall>=4.0,0.45,0.6068,10,36,0.0403,25.182,25.2223,10,10,1.0
brute_force,verified=true AND overall>=4.0,0.45,0.6068,10,37,0.0185,25.3313,25.3498,10,10,1.0
brute_force,verified=true AND overall>=4.0,0.45,0.6068,10,38,0.0333,25.1043,25.1377,10,10,1.0
brute_force,verified=true AND overall>=4.0,0.45,0.6068,10,39,0.0203,25.1889,25.2092,10,10,1.0
brute_force,verified=true AND overall>=4.0,0.45,0.6068,10,40,0.0255,25.0842,25.1096,10,10,1.0
brute_force,verified=true AND overall>=4.0,0.45,0.6068,10,41,0.2364,25.156,25.3925,10,10,1.0
brute_force,verified=true AND overall>=4.0,0.45,0.6068,10,42,0.033,24.9444,24.9775,10,10,1.0
brute_force,verified=true AND overall>=4.0,0.45,0.6068,10,43,0.0197,25.0983,25.118,10,10,1.0
brute_force,verified=true AND overall>=4.0,0.45,0.6068,10,44,0.2503,25.0889,25.3392,10,10,1.0
brute_force,verified=true AND overall>=4.0,0.45,0.6068,10,45,0.0171,25.1685,25.1856,10,10,1.0
brute_force,verified=true AND overall>=4.0,0.45,0.6068,10,46,0.0207,25.0854,25.106,10,10,1.0
brute_force,verified=true AND overall>=4.0,0.45,0.6068,10,47,0.0164,26.093,26.1093,10,10,1.0
brute_force,verified=true AND overall>=4.0,0.45,0.6068,10,48,0.0212,25.1191,25.1403,10,10,1.0
brute_force,verified=true AND overall>=4.0,0.45,0.6068,10,49,0.0162,25.1471,25.1633,10,10,1.0
naive_prefilter,verified=true AND overall>=4.0,0.45,0.6068,10,0,22.7335,37.1424,59.8759,117574,10,1.0
naive_prefilter,verified=true AND overall>=4.0,0.45,0.6068,10,1,22.6777,36.5964,59.2741,117574,10,1.0
naive_prefilter,verified=true AND overall>=4.0,0.45,0.6068,10,2,21.7786,36.3955,58.1741,117574,10,1.0
naive_prefilter,verified=true AND overall>=4.0,0.45,0.6068,10,3,22.2588,36.4038,58.6626,117574,10,1.0
naive_prefilter,verified=true AND overall>=4.0,0.45,0.6068,10,4,22.3336,37.7707,60.1043,117574,10,1.0
naive_prefilter,verified=true AND overall>=4.0,0.45,0.6068,10,5,22.4658,38.4888,60.9545,117574,10,1.0
naive_prefilter,verified=true AND overall>=4.0,0.45,0.6068,10,6,22.3086,37.4334,59.742,117574,10,1.0
naive_prefilter,verified=true AND overall>=4.0,0.45,0.6068,10,7,22.8515,37.6092,60.4607,117574,10,1.0
naive_prefilter,verified=true AND overall>=4.0,0.45,0.6068,10,8,22.5032,37.3265,59.8297,117574,10,1.0
naive_prefilter,verified=true AND overall>=4.0,0.45,0.6068,10,9,22.807,37.3612,60.1682,117574,10,1.0
naive_prefilter,verified=true AND overall>=4.0,0.45,0.6068,10,10,22.4599,37.8755,60.3353,117574,10,1.0
naive_prefilter,verified=true AND overall>=4.0,0.45,0.6068,10,11,22.765,37.411,60.176,117574,10,1.0
naive_prefilter,verified=true AND overall>=4.0,0.45,0.6068,10,12,22.458,38.9381,61.3961,117574,10,1.0
naive_prefilter,verified=true AND overall>=4.0,0.45,0.6068,10,13,23.0621,37.2919,60.354,117574,10,1.0
naive_prefilter,verified=true AND overall>=4.0,0.45,0.6068,10,14,22.4861,36.552,59.0381,117574,10,1.0
naive_prefilter,verified=true AND overall>=4.0,0.45,0.6068,10,15,22.4728,36.4633,58.9361,117574,10,1.0
naive_prefilter,verified=true AND overall>=4.0,0.45,0.6068,10,16,22.4881,36.4047,58.8927,117574,10,1.0
naive_prefilter,verified=true AND overall>=4.0,0.45,0.6068,10,17,22.2848,37.0687,59.3535,117574,10,1.0
naive_prefilter,verified=true AND overall>=4.0,0.45,0.6068,10,18,21.4711,36.5441,58.0152,117574,10,1.0
naive_prefilter,verified=true AND overall>=4.0,0.45,0.6068,10,19,22.0072,36.5062,58.5134,117574,10,1.0
naive_prefilter,verified=true AND overall>=4.0,0.45,0.6068,10,20,21.9545,72.8983,94.8528,117574,10,1.0
naive_prefilter,verified=true AND overall>=4.0,0.45,0.6068,10,21,22.5816,37.2362,59.8178,117574,10,1.0
naive_prefilter,verified=true AND overall>=4.0,0.45,0.6068,10,22,21.9079,37.8567,59.7647,117574,10,1.0
naive_prefilter,verified=true AND overall>=4.0,0.45,0.6068,10,23,22.8018,37.5913,60.393,117574,10,1.0
naive_prefilter,verified=true AND overall>=4.0,0.45,0.6068,10,24,22.3583,36.7465,59.1048,117574,10,1.0
naive_prefilter,verified=true AND overall>=4.0,0.45,0.6068,10,25,22.7435,36.6929,59.4364,117574,10,1.0
naive_prefilter,verified=true AND overall>=4.0,0.45,0.6068,10,26,22.5326,37.2376,59.7702,117574,10,1.0
naive_prefilter,verified=true AND overall>=4.0,0.45,0.6068,10,27,22.5179,37.4511,59.969,117574,10,1.0
naive_prefilter,verified=true AND overall>=4.0,0.45,0.6068,10,28,22.8117,38.8315,61.6432,117574,10,1.0
naive_prefilter,verified=true AND overall>=4.0,0.45,0.6068,10,29,22.7968,37.5639,60.3607,117574,10,1.0
naive_prefilter,verified=true AND overall>=4.0,0.45,0.6068,10,30,22.8428,37.6173,60.46,117574,10,1.0
naive_prefilter,verified=true AND overall>=4.0,0.45,0.6068,10,31,22.5289,37.1085,59.6375,117574,10,1.0
naive_prefilter,verified=true AND overall>=4.0,0.45,0.6068,10,32,22.5545,37.1751,59.7296,117574,10,1.0
naive_prefilter,verified=true AND overall>=4.0,0.45,0.6068,10,33,22.7448,37.9015,60.6464,117574,10,1.0
naive_prefilter,verified=true AND overall>=4.0,0.45,0.6068,10,34,22.5967,37.4913,60.0881,117574,10,1.0
naive_prefilter,verified=true AND overall>=4.0,0.45,0.6068,10,35,23.313,37.7423,61.0553,117574,10,1.0
naive_prefilter,verified=true AND overall>=4.0,0.45,0.6068,10,36,22.679,39.0915,61.7705,117574,10,1.0
naive_prefilter,verified=true AND overall>=4.0,0.45,0.6068,10,37,22.1671,36.7427,58.9098,117574,10,1.0
naive_prefilter,verified=true AND overall>=4.0,0.45,0.6068,10,38,21.5764,36.8148,58.3912,117574,10,1.0
naive_prefilter,verified=true AND overall>=4.0,0.45,0.6068,10,39,22.1951,36.9416,59.1367,117574,10,1.0
naive_prefilter,verified=true AND overall>=4.0,0.45,0.6068,10,40,21.6265,36.5387,58.1652,117574,10,1.0
naive_prefilter,verified=true AND overall>=4.0,0.45,0.6068,10,41,22.0437,36.91,58.9537,117574,10,1.0
naive_prefilter,verified=true AND overall>=4.0,0.45,0.6068,10,42,22.0012,36.7767,58.7779,117574,10,1.0
naive_prefilter,verified=true AND overall>=4.0,0.45,0.6068,10,43,21.9077,37.6542,59.5619,117574,10,1.0
naive_prefilter,verified=true AND overall>=4.0,0.45,0.6068,10,44,23.0448,37.8557,60.9006,117574,10,1.0
naive_prefilter,verified=true AND overall>=4.0,0.45,0.6068,10,45,22.7395,38.0582,60.7977,117574,10,1.0
naive_prefilter,verified=true AND overall>=4.0,0.45,0.6068,10,46,21.5932,37.4262,59.0194,117574,10,1.0
naive_prefilter,verified=true AND overall>=4.0,0.45,0.6068,10,47,22.5569,37.3262,59.8832,117574,10,0.0
naive_prefilter,verified=true AND overall>=4.0,0.45,0.6068,10,48,22.1793,36.4387,58.618,117574,10,1.0
naive_prefilter,verified=true AND overall>=4.0,0.45,0.6068,10,49,22.1295,36.3739,58.5035,117574,10,1.0
post_filter,verified=true AND overall>=4.0,0.45,0.6068,10,0,0.0052,0.3544,0.3596,10,10,1.0
post_filter,verified=true AND overall>=4.0,0.45,0.6068,10,1,0.0192,1.9939,2.0131,10,10,1.0
post_filter,verified=true AND overall>=4.0,0.45,0.6068,10,2,0.017,1.5017,1.5187,10,10,1.0
post_filter,verified=true AND overall>=4.0,0.45,0.6068,10,3,0.0141,1.4505,1.4646,10,10,1.0
post_filter,verified=true AND overall>=4.0,0.45,0.6068,10,4,0.0251,1.5662,1.5913,10,10,1.0
post_filter,verified=true AND overall>=4.0,0.45,0.6068,10,5,0.0412,1.0738,1.115,10,10,1.0
post_filter,verified=true AND overall>=4.0,0.45,0.6068,10,6,0.0276,1.1824,1.21,10,10,1.0
post_filter,verified=true AND overall>=4.0,0.45,0.6068,10,7,0.0472,0.945,0.9922,10,10,1.0
post_filter,verified=true AND overall>=4.0,0.45,0.6068,10,8,0.0226,1.169,1.1916,10,10,1.0
post_filter,verified=true AND overall>=4.0,0.45,0.6068,10,9,0.0138,1.1109,1.1248,10,10,1.0
post_filter,verified=true AND overall>=4.0,0.45,0.6068,10,10,0.0198,1.0694,1.0892,10,10,1.0
post_filter,verified=true AND overall>=4.0,0.45,0.6068,10,11,0.0147,0.958,0.9727,10,10,1.0
post_filter,verified=true AND overall>=4.0,0.45,0.6068,10,12,0.014,0.7333,0.7473,10,10,1.0
post_filter,verified=true AND overall>=4.0,0.45,0.6068,10,13,0.0137,0.9643,0.978,10,10,1.0
post_filter,verified=true AND overall>=4.0,0.45,0.6068,10,14,0.0175,0.7787,0.7962,10,10,1.0
post_filter,verified=true AND overall>=4.0,0.45,0.6068,10,15,0.0132,0.5458,0.559,10,10,1.0
post_filter,verified=true AND overall>=4.0,0.45,0.6068,10,16,0.0125,1.1508,1.1633,10,10,1.0
post_filter,verified=true AND overall>=4.0,0.45,0.6068,10,17,0.0125,0.9166,0.9291,10,10,1.0
post_filter,verified=true AND overall>=4.0,0.45,0.6068,10,18,0.0527,0.8681,0.9208,10,10,1.0
post_filter,verified=true AND overall>=4.0,0.45,0.6068,10,19,0.0155,0.999,1.0145,10,10,1.0
post_filter,verified=true AND overall>=4.0,0.45,0.6068,10,20,0.0135,0.7907,0.8041,10,10,1.0
post_filter,verified=true AND overall>=4.0,0.45,0.6068,10,21,0.0145,0.6426,0.657,10,10,1.0
post_filter,verified=true AND overall>=4.0,0.45,0.6068,10,22,0.021,0.8226,0.8435,10,10,1.0
post_filter,verified=true AND overall>=4.0,0.45,0.6068,10,23,0.0152,0.8673,0.8824,10,10,1.0
post_filter,verified=true AND overall>=4.0,0.45,0.6068,10,24,0.0273,0.9405,0.9677,10,10,1.0
post_filter,verified=true AND overall>=4.0,0.45,0.6068,10,25,0.016,0.3628,0.3788,10,10,0.6
post_filter,verified=true AND overall>=4.0,0.45,0.6068,10,26,0.0151,0.8381,0.8532,10,10,1.0
post_filter,verified=true AND overall>=4.0,0.45,0.6068,10,27,0.0421,0.7522,0.7943,10,10,1.0
post_filter,verified=true AND overall>=4.0,0.45,0.6068,10,28,0.017,0.9247,0.9418,10,10,1.0
post_filter,verified=true AND overall>=4.0,0.45,0.6068,10,29,0.017,0.6675,0.6845,10,10,1.0
post_filter,verified=true AND overall>=4.0,0.45,0.6068,10,30,0.0113,0.5598,0.571,10,10,0.0
post_filter,verified=true AND overall>=4.0,0.45,0.6068,10,31,0.0127,0.8468,0.8595,10,10,1.0
post_filter,verified=true AND overall>=4.0,0.45,0.6068,10,32,0.1013,0.7548,0.8561,10,10,1.0
post_filter,verified=true AND overall>=4.0,0.45,0.6068,10,33,0.0127,0.4699,0.4825,10,10,1.0
post_filter,verified=true AND overall>=4.0,0.45,0.6068,10,34,0.015,0.7661,0.7812,10,10,1.0
post_filter,verified=true AND overall>=4.0,0.45,0.6068,10,35,0.0346,0.8248,0.8594,10,10,1.0
post_filter,verified=true AND overall>=4.0,0.45,0.6068,10,36,0.0277,0.7652,0.7929,10,10,1.0
post_filter,verified=true AND overall>=4.0,0.45,0.6068,10,37,0.0124,0.6798,0.6922,10,10,1.0
post_filter,verified=true AND overall>=4.0,0.45,0.6068,10,38,0.0249,0.9781,1.003,10,10,1.0
post_filter,verified=true AND overall>=4.0,0.45,0.6068,10,39,0.0125,0.5938,0.6063,10,10,1.0
post_filter,verified=true AND overall>=4.0,0.45,0.6068,10,40,0.0196,0.9759,0.9955,10,10,1.0
post_filter,verified=true AND overall>=4.0,0.45,0.6068,10,41,0.203,0.5626,0.7656,10,10,1.0
post_filter,verified=true AND overall>=4.0,0.45,0.6068,10,42,0.0269,0.7848,0.8117,10,10,1.0
post_filter,verified=true AND overall>=4.0,0.45,0.6068,10,43,0.0167,0.4898,0.5065,10,10,0.6
post_filter,verified=true AND overall>=4.0,0.45,0.6068,10,44,0.2124,0.6442,0.8566,10,10,1.0
post_filter,verified=true AND overall>=4.0,0.45,0.6068,10,45,0.0128,0.8926,0.9054,10,10,1.0
post_filter,verified=true AND overall>=4.0,0.45,0.6068,10,46,0.0142,0.7245,0.7387,10,10,1.0
post_filter,verified=true AND overall>=4.0,0.45,0.6068,10,47,0.0209,0.2811,0.302,10,10,0.0
post_filter,verified=true AND overall>=4.0,0.45,0.6068,10,48,0.0138,0.8791,0.8929,10,10,1.0
post_filter,verified=true AND overall>=4.0,0.45,0.6068,10,49,0.0146,0.4772,0.4918,10,10,0.9
bitmap_prefilter,verified=true AND overall>=4.0,0.45,0.6068,10,0,0.1232,35.6777,35.801,117574,10,1.0
bitmap_prefilter,verified=true AND overall>=4.0,0.45,0.6068,10,1,0.1153,35.4473,35.5626,117574,10,1.0
bitmap_prefilter,verified=true AND overall>=4.0,0.45,0.6068,10,2,0.1134,35.4589,35.5723,117574,10,1.0
bitmap_prefilter,verified=true AND overall>=4.0,0.45,0.6068,10,3,0.1103,35.902,36.0122,117574,10,1.0
bitmap_prefilter,verified=true AND overall>=4.0,0.45,0.6068,10,4,0.1094,34.8324,34.9418,117574,10,1.0
bitmap_prefilter,verified=true AND overall>=4.0,0.45,0.6068,10,5,0.1092,34.6299,34.7391,117574,10,1.0
bitmap_prefilter,verified=true AND overall>=4.0,0.45,0.6068,10,6,0.1076,34.5735,34.6812,117574,10,1.0
bitmap_prefilter,verified=true AND overall>=4.0,0.45,0.6068,10,7,0.108,34.6246,34.7326,117574,10,1.0
bitmap_prefilter,verified=true AND overall>=4.0,0.45,0.6068,10,8,0.1076,34.555,34.6625,117574,10,1.0
bitmap_prefilter,verified=true AND overall>=4.0,0.45,0.6068,10,9,0.1081,34.7854,34.8935,117574,10,1.0
bitmap_prefilter,verified=true AND overall>=4.0,0.45,0.6068,10,10,0.1094,34.8568,34.9662,117574,10,1.0
bitmap_prefilter,verified=true AND overall>=4.0,0.45,0.6068,10,11,0.1082,34.9649,35.0731,117574,10,1.0
bitmap_prefilter,verified=true AND overall>=4.0,0.45,0.6068,10,12,0.1117,35.5447,35.6565,117574,10,1.0
bitmap_prefilter,verified=true AND overall>=4.0,0.45,0.6068,10,13,0.1249,37.0765,37.2015,117574,10,1.0
bitmap_prefilter,verified=true AND overall>=4.0,0.45,0.6068,10,14,0.1273,35.7263,35.8536,117574,10,1.0
bitmap_prefilter,verified=true AND overall>=4.0,0.45,0.6068,10,15,0.1185,35.3839,35.5024,117574,10,1.0
bitmap_prefilter,verified=true AND overall>=4.0,0.45,0.6068,10,16,0.1088,35.8484,35.9572,117574,10,1.0
bitmap_prefilter,verified=true AND overall>=4.0,0.45,0.6068,10,17,0.1197,35.3296,35.4493,117574,10,1.0
bitmap_prefilter,verified=true AND overall>=4.0,0.45,0.6068,10,18,0.1142,35.5539,35.6681,117574,10,1.0
bitmap_prefilter,verified=true AND overall>=4.0,0.45,0.6068,10,19,0.1082,35.8094,35.9177,117574,10,1.0
bitmap_prefilter,verified=true AND overall>=4.0,0.45,0.6068,10,20,0.1085,35.4894,35.5979,117574,10,1.0
bitmap_prefilter,verified=true AND overall>=4.0,0.45,0.6068,10,21,0.1082,35.51,35.6182,117574,10,1.0
bitmap_prefilter,verified=true AND overall>=4.0,0.45,0.6068,10,22,0.116,35.5469,35.6629,117574,10,1.0
bitmap_prefilter,verified=true AND overall>=4.0,0.45,0.6068,10,23,0.1077,35.4033,35.511,117574,10,1.0
bitmap_prefilter,verified=true AND overall>=4.0,0.45,0.6068,10,24,0.1083,35.689,35.7972,117574,10,1.0
bitmap_prefilter,verified=true AND overall>=4.0,0.45,0.6068,10,25,0.1406,35.5747,35.7154,117574,10,1.0
bitmap_prefilter,verified=true AND overall>=4.0,0.45,0.6068,10,26,0.1227,35.507,35.6297,117574,10,1.0
bitmap_prefilter,verified=true AND overall>=4.0,0.45,0.6068,10,27,0.1141,37.8195,37.9336,117574,10,1.0
bitmap_prefilter,verified=true AND overall>=4.0,0.45,0.6068,10,28,0.1232,35.6919,35.8151,117574,10,1.0
bitmap_prefilter,verified=true AND overall>=4.0,0.45,0.6068,10,29,0.1165,36.1069,36.2234,117574,10,1.0
bitmap_prefilter,verified=true AND overall>=4.0,0.45,0.6068,10,30,0.1136,35.5114,35.625,117574,10,1.0
bitmap_prefilter,verified=true AND overall>=4.0,0.45,0.6068,10,31,0.1152,35.3202,35.4355,117574,10,1.0
bitmap_prefilter,verified=true AND overall>=4.0,0.45,0.6068,10,32,0.1106,35.5876,35.6982,117574,10,1.0
bitmap_prefilter,verified=true AND overall>=4.0,0.45,0.6068,10,33,0.1088,34.7084,34.8172,117574,10,1.0
bitmap_prefilter,verified=true AND overall>=4.0,0.45,0.6068,10,34,0.1085,34.6748,34.7833,117574,10,1.0
bitmap_prefilter,verified=true AND overall>=4.0,0.45,0.6068,10,35,0.1071,34.8808,34.9879,117574,10,1.0
bitmap_prefilter,verified=true AND overall>=4.0,0.45,0.6068,10,36,0.1085,35.7926,35.901,117574,10,1.0
bitmap_prefilter,verified=true AND overall>=4.0,0.45,0.6068,10,37,0.1076,35.7601,35.8677,117574,10,1.0
bitmap_prefilter,verified=true AND overall>=4.0,0.45,0.6068,10,38,0.1221,35.6422,35.7643,117574,10,1.0
bitmap_prefilter,verified=true AND overall>=4.0,0.45,0.6068,10,39,0.1139,35.5768,35.6907,117574,10,1.0
bitmap_prefilter,verified=true AND overall>=4.0,0.45,0.6068,10,40,0.1205,35.6781,35.7986,117574,10,1.0
bitmap_prefilter,verified=true AND overall>=4.0,0.45,0.6068,10,41,0.1151,37.1155,37.2306,117574,10,1.0
bitmap_prefilter,verified=true AND overall>=4.0,0.45,0.6068,10,42,0.1126,35.4297,35.5424,117574,10,1.0
bitmap_prefilter,verified=true AND overall>=4.0,0.45,0.6068,10,43,0.1112,35.251,35.3622,117574,10,1.0
bitmap_prefilter,verified=true AND overall>=4.0,0.45,0.6068,10,44,0.1116,34.8016,34.9132,117574,10,1.0
bitmap_prefilter,verified=true AND overall>=4.0,0.45,0.6068,10,45,0.1089,34.8853,34.9942,117574,10,1.0
bitmap_prefilter,verified=true AND overall>=4.0,0.45,0.6068,10,46,0.1087,35.2449,35.3536,117574,10,1.0
bitmap_prefilter,verified=true AND overall>=4.0,0.45,0.6068,10,47,0.1088,36.1316,36.2405,117574,10,0.0
bitmap_prefilter,verified=true AND overall>=4.0,0.45,0.6068,10,48,0.1194,36.3385,36.4579,117574,10,1.0
bitmap_prefilter,verified=true AND overall>=4.0,0.45,0.6068,10,49,0.1083,36.5465,36.6549,117574,10,1.0
brute_force,verified=true AND overall>=4.0,0.45,0.6068,50,0,0.074,25.0478,25.1218,50,50,1.0
brute_force,verified=true AND overall>=4.0,0.45,0.6068,50,1,0.1055,24.8939,24.9994,50,50,1.0
brute_force,verified=true AND overall>=4.0,0.45,0.6068,50,2,0.0988,25.0135,25.1122,50,50,1.0
brute_force,verified=true AND overall>=4.0,0.45,0.6068,50,3,0.0974,24.844,24.9414,50,50,1.0
brute_force,verified=true AND overall>=4.0,0.45,0.6068,50,4,0.162,24.9973,25.1593,50,50,1.0
brute_force,verified=true AND overall>=4.0,0.45,0.6068,50,5,0.2036,24.8687,25.0723,50,50,1.0
brute_force,verified=true AND overall>=4.0,0.45,0.6068,50,6,0.1444,24.8379,24.9823,50,50,1.0
brute_force,verified=true AND overall>=4.0,0.45,0.6068,50,7,0.243,24.8266,25.0695,50,50,1.0
brute_force,verified=true AND overall>=4.0,0.45,0.6068,50,8,0.1295,24.8658,24.9953,50,50,0.96
brute_force,verified=true AND overall>=4.0,0.45,0.6068,50,9,0.0995,24.8938,24.9932,50,50,1.0
brute_force,verified=true AND overall>=4.0,0.45,0.6068,50,10,0.1374,25.0338,25.1712,50,50,1.0
brute_force,verified=true AND overall>=4.0,0.45,0.6068,50,11,0.135,24.821,24.9561,50,50,1.0
brute_force,verified=true AND overall>=4.0,0.45,0.6068,50,12,0.0938,25.3935,25.4873,50,50,1.0
brute_force,verified=true AND overall>=4.0,0.45,0.6068,50,13,0.0823,25.1965,25.2788,50,50,1.0
brute_force,verified=true AND overall>=4.0,0.45,0.6068,50,14,0.1308,25.1847,25.3155,50,50,1.0
brute_force,verified=true AND overall>=4.0,0.45,0.6068,50,15,0.0854,25.1717,25.2571,50,50,1.0
brute_force,verified=true AND overall>=4.0,0.45,0.6068,50,16,0.0998,25.2207,25.3205,50,50,1.0
brute_force,verified=true AND overall>=4.0,0.45,0.6068,50,17,0.0916,24.9434,25.035,50,50,1.0
brute_force,verified=true AND overall>=4.0,0.45,0.6068,50,18,0.228,24.8543,25.0823,50,50,1.0
brute_force,verified=true AND overall>=4.0,0.45,0.6068,50,19,0.1045,24.6779,24.7825,50,50,1.0
brute_force,verified=true AND overall>=4.0,0.45,0.6068,50,20,0.0949,26.5221,26.617,50,50,1.0
brute_force,verified=true AND overall>=4.0,0.45,0.6068,50,21,0.0794,25.2632,25.3426,50,50,1.0
brute_force,verified=true AND overall>=4.0,0.45,0.6068,50,22,0.1329,25.2932,25.4261,50,50,1.0
brute_force,verified=true AND overall>=4.0,0.45,0.6068,50,23,0.0807,25.2943,25.375,50,50,1.0
brute_force,verified=true AND overall>=4.0,0.45,0.6068,50,24,0.1528,25.2435,25.3963,50,50,1.0
brute_force,verified=true AND overall>=4.0,0.45,0.6068,50,25,0.0787,25.3787,25.4574,50,50,1.0
brute_force,verified=true AND overall>=4.0,0.45,0.6068,50,26,0.1086,25.0691,25.1777,50,50,1.0
brute_force,verified=true AND overall>=4.0,0.45,0.6068,50,27,0.201,24.8154,25.0164,50,50,1.0
brute_force,verified=true AND overall>=4.0,0.45,0.6068,50,28,0.1193,25.1382,25.2575,50,50,1.0
brute_force,verified=true AND overall>=4.0,0.45,0.6068,50,29,0.1037,25.2035,25.3072,50,50,1.0
brute_force,verified=true AND overall>=4.0,0.45,0.6068,50,30,0.1026,25.0296,25.1322,50,50,1.0
brute_force,verified=true AND overall>=4.0,0.45,0.6068,50,31,0.0885,26.7902,26.8787,50,50,1.0
brute_force,verified=true AND overall>=4.0,0.45,0.6068,50,32,0.3292,25.7988,26.1279,50,50,1.0
brute_force,verified=true AND overall>=4.0,0.45,0.6068,50,33,0.0655,25.1785,25.244,50,50,1.0
brute_force,verified=true AND overall>=4.0,0.45,0.6068,50,34,0.0805,24.7687,24.8492,50,50,1.0
brute_force,verified=true AND overall>=4.0,0.45,0.6068,50,35,0.1695,24.8439,25.0135,50,50,1.0
brute_force,verified=true AND overall>=4.0,0.45,0.6068,50,36,0.1267,24.7013,24.828,50,50,1.0
brute_force,verified=true AND overall>=4.0,0.45,0.6068,50,37,0.071,24.961,25.032,50,50,1.0
brute_force,verified=true AND overall>=4.0,0.45,0.6068,50,38,0.1258,24.4985,24.6243,50,50,1.0
brute_force,verified=true AND overall>=4.0,0.45,0.6068,50,39,0.0868,24.5816,24.6685,50,50,1.0
brute_force,verified=true AND overall>=4.0,0.45,0.6068,50,40,0.1063,25.6723,25.7787,50,50,1.0
brute_force,verified=true AND overall>=4.0,0.45,0.6068,50,41,0.5233,24.6148,25.1381,50,50,1.0
brute_force,verified=true AND overall>=4.0,0.45,0.6068,50,42,0.1185,24.5249,24.6435,50,50,1.0
brute_force,verified=true AND overall>=4.0,0.45,0.6068,50,43,0.084,25.2704,25.3545,50,50,1.0
brute_force,verified=true AND overall>=4.0,0.45,0.6068,50,44,0.7658,25.33,26.0957,50,50,1.0
brute_force,verified=true AND overall>=4.0,0.45,0.6068,50,45,0.0919,25.3277,25.4196,50,50,1.0
brute_force,verified=true AND overall>=4.0,0.45,0.6068,50,46,0.0913,25.5916,25.683,50,50,1.0
brute_force,verified=true AND overall>=4.0,0.45,0.6068,50,47,0.0735,25.1673,25.2408,50,50,1.0
brute_force,verified=true AND overall>=4.0,0.45,0.6068,50,48,0.0828,25.44,25.5228,50,50,1.0
brute_force,verified=true AND overall>=4.0,0.45,0.6068,50,49,0.0852,25.2175,25.3028,50,50,1.0
naive_prefilter,verified=true AND overall>=4.0,0.45,0.6068,50,0,22.4132,37.511,59.9242,117574,50,1.0
naive_prefilter,verified=true AND overall>=4.0,0.45,0.6068,50,1,21.8563,37.6062,59.4626,117574,50,1.0
naive_prefilter,verified=true AND overall>=4.0,0.45,0.6068,50,2,22.8766,37.629,60.5055,117574,50,1.0
naive_prefilter,verified=true AND overall>=4.0,0.45,0.6068,50,3,22.6373,37.4777,60.115,117574,50,1.0
naive_prefilter,verified=true AND overall>=4.0,0.45,0.6068,50,4,22.909,37.5969,60.506,117574,50,1.0
naive_prefilter,verified=true AND overall>=4.0,0.45,0.6068,50,5,22.572,37.5414,60.1134,117574,50,1.0
naive_prefilter,verified=true AND overall>=4.0,0.45,0.6068,50,6,23.0404,38.2565,61.2969,117574,50,1.0
naive_prefilter,verified=true AND overall>=4.0,0.45,0.6068,50,7,22.585,38.93,61.515,117574,50,1.0
naive_prefilter,verified=true AND overall>=4.0,0.45,0.6068,50,8,21.8325,37.5814,59.4139,117574,50,0.96
naive_prefilter,verified=true AND overall>=4.0,0.45,0.6068,50,9,22.4207,36.9972,59.4179,117574,50,1.0
naive_prefilter,verified=true AND overall>=4.0,0.45,0.6068,50,10,22.2377,36.5365,58.7741,117574,50,1.0
naive_prefilter,verified=true AND overall>=4.0,0.45,0.6068,50,11,21.9909,36.6393,58.6302,117574,50,1.0
naive_prefilter,verified=true AND overall>=4.0,0.45,0.6068,50,12,22.2558,36.7205,58.9762,117574,50,1.0
naive_prefilter,verified=true AND overall>=4.0,0.45,0.6068,50,13,22.1814,36.695,58.8763,117574,50,1.0
naive_prefilter,verified=true AND overall>=4.0,0.45,0.6068,50,14,22.2797,36.9076,59.1872,117574,50,1.0
naive_prefilter,verified=true AND overall>=4.0,0.45,0.6068,50,15,22.6293,38.1075,60.7368,117574,50,1.0
naive_prefilter,verified=true AND overall>=4.0,0.45,0.6068,50,16,22.7682,38.3097,61.0779,117574,50,1.0
naive_prefilter,verified=true AND overall>=4.0,0.45,0.6068,50,17,23.5255,38.521,62.0465,117574,50,1.0
naive_prefilter,verified=true AND overall>=4.0,0.45,0.6068,50,18,22.5926,38.2354,60.828,117574,50,1.0
naive_prefilter,verified=true AND overall>=4.0,0.45,0.6068,50,19,23.1542,38.0409,61.1951,117574,50,1.0
naive_prefilter,verified=true AND overall>=4.0,0.45,0.6068,50,20,22.781,38.0127,60.7937,117574,50,1.0
naive_prefilter,verified=true AND overall>=4.0,0.45,0.6068,50,21,23.2502,37.5067,60.7569,117574,50,1.0
naive_prefilter,verified=true AND overall>=4.0,0.45,0.6068,50,22,22.4677,37.9958,60.4635,117574,50,1.0
naive_prefilter,verified=true AND overall>=4.0,0.45,0.6068,50,23,22.5872,37.7958,60.383,117574,50,1.0
naive_prefilter,verified=true AND overall>=4.0,0.45,0.6068,50,24,22.6379,36.6671,59.305,117574,50,1.0
naive_prefilter,verified=true AND overall>=4.0,0.45,0.6068,50,25,22.356,36.6068,58.9628,117574,50,1.0
naive_prefilter,verified=true AND overall>=4.0,0.45,0.6068,50,26,22.115,36.8913,59.0064,117574,50,1.0
naive_prefilter,verified=true AND overall>=4.0,0.45,0.6068,50,27,22.5171,37.2345,59.7517,117574,50,1.0
naive_prefilter,verified=true AND overall>=4.0,0.45,0.6068,50,28,23.0409,37.7699,60.8108,117574,50,1.0
naive_prefilter,verified=true AND overall>=4.0,0.45,0.6068,50,29,22.8813,37.2419,60.1231,117574,50,1.0
naive_prefilter,verified=true AND overall>=4.0,0.45,0.6068,50,30,22.4386,37.5683,60.0069,117574,50,1.0
naive_prefilter,verified=true AND overall>=4.0,0.45,0.6068,50,31,21.908,38.4566,60.3646,117574,50,1.0
naive_prefilter,verified=true AND overall>=4.0,0.45,0.6068,50,32,22.24,37.2883,59.5282,117574,50,1.0
naive_prefilter,verified=true AND overall>=4.0,0.45,0.6068,50,33,22.6705,37.9194,60.5899,117574,50,1.0
naive_prefilter,verified=true AND overall>=4.0,0.45,0.6068,50,34,23.0011,37.2399,60.241,117574,50,1.0
naive_prefilter,verified=true AND overall>=4.0,0.45,0.6068,50,35,22.7283,36.7015,59.4298,117574,50,1.0
naive_prefilter,verified=true AND overall>=4.0,0.45,0.6068,50,36,22.6474,37.2721,59.9195,117574,50,1.0
naive_prefilter,verified=true AND overall>=4.0,0.45,0.6068,50,37,22.7836,37.209,59.9926,117574,50,1.0
naive_prefilter,verified=true AND overall>=4.0,0.45,0.6068,50,38,22.6361,37.5935,60.2296,117574,50,1.0
naive_prefilter,verified=true AND overall>=4.0,0.45,0.6068,50,39,22.8253,38.851,61.6763,117574,50,1.0
naive_prefilter,verified=true AND overall>=4.0,0.45,0.6068,50,40,22.1366,36.7172,58.8538,117574,50,1.0
naive_prefilter,verified=true AND overall>=4.0,0.45,0.6068,50,41,22.2881,36.55,58.8381,117574,50,1.0
naive_prefilter,verified=true AND overall>=4.0,0.45,0.6068,50,42,21.7936,36.386,58.1796,117574,50,1.0
naive_prefilter,verified=true AND overall>=4.0,0.45,0.6068,50,43,22.3412,36.8139,59.1551,117574,50,1.0
naive_prefilter,verified=true AND overall>=4.0,0.45,0.6068,50,44,22.4622,37.5111,59.9733,117574,50,1.0
naive_prefilter,verified=true AND overall>=4.0,0.45,0.6068,50,45,22.6768,37.3823,60.0591,117574,50,1.0
naive_prefilter,verified=true AND overall>=4.0,0.45,0.6068,50,46,22.4994,37.8165,60.316,117574,50,1.0
naive_prefilter,verified=true AND overall>=4.0,0.45,0.6068,50,47,22.7325,37.4922,60.2248,117574,50,0.0
naive_prefilter,verified=true AND overall>=4.0,0.45,0.6068,50,48,22.1249,37.5624,59.6873,117574,50,1.0
naive_prefilter,verified=true AND overall>=4.0,0.45,0.6068,50,49,22.6662,37.478,60.1442,117574,50,1.0
post_filter,verified=true AND overall>=4.0,0.45,0.6068,50,0,0.0255,0.5078,0.5332,50,50,1.0
post_filter,verified=true AND overall>=4.0,0.45,0.6068,50,1,0.0747,1.14,1.2148,50,50,1.0
post_filter,verified=true AND overall>=4.0,0.45,0.6068,50,2,0.0724,0.9546,1.027,50,50,0.98
post_filter,verified=true AND overall>=4.0,0.45,0.6068,50,3,0.062,0.955,1.017,50,50,1.0
post_filter,verified=true AND overall>=4.0,0.45,0.6068,50,4,0.1134,1.0517,1.1652,50,50,0.94
post_filter,verified=true AND overall>=4.0,0.45,0.6068,50,5,0.1445,0.8791,1.0236,50,50,0.94
post_filter,verified=true AND overall>=4.0,0.45,0.6068,50,6,0.1026,1.0096,1.1122,50,50,1.0
post_filter,verified=true AND overall>=4.0,0.45,0.6068,50,7,0.2102,0.7577,0.9679,50,50,0.96
post_filter,verified=true AND overall>=4.0,0.45,0.6068,50,8,0.098,1.0899,1.1878,50,50,0.96
post_filter,verified=true AND overall>=4.0,0.45,0.6068,50,9,0.0679,1.0781,1.146,50,50,0.98
post_filter,verified=true AND overall>=4.0,0.45,0.6068,50,10,0.0867,0.9769,1.0636,50,50,1.0
post_filter,verified=true AND overall>=4.0,0.45,0.6068,50,11,0.0801,0.9197,0.9998,50,50,1.0
post_filter,verified=true AND overall>=4.0,0.45,0.6068,50,12,0.0605,0.7865,0.847,50,50,1.0
post_filter,verified=true AND overall>=4.0,0.45,0.6068,50,13,0.0566,0.8651,0.9217,50,50,1.0
post_filter,verified=true AND overall>=4.0,0.45,0.6068,50,14,0.1102,0.654,0.7642,50,50,1.0
post_filter,verified=true AND overall>=4.0,0.45,0.6068,50,15,0.0611,0.5592,0.6203,50,50,1.0
post_filter,verified=true AND overall>=4.0,0.45,0.6068,50,16,0.0625,1.101,1.1635,50,50,1.0
post_filter,verified=true AND overall>=4.0,0.45,0.6068,50,17,0.0654,0.8358,0.9013,50,50,0.98
post_filter,verified=true AND overall>=4.0,0.45,0.6068,50,18,0.1982,1.0094,1.2077,50,50,0.94
post_filter,verified=true AND overall>=4.0,0.45,0.6068,50,19,0.0842,1.0183,1.1025,50,50,1.0
post_filter,verified=true AND overall>=4.0,0.45,0.6068,50,20,0.0603,0.7748,0.8351,50,50,0.98
post_filter,verified=true AND overall>=4.0,0.45,0.6068,50,21,0.064,0.7622,0.8262,50,50,1.0
post_filter,verified=true AND overall>=4.0,0.45,0.6068,50,22,0.0907,0.8264,0.917,50,50,0.98
post_filter,verified=true AND overall>=4.0,0.45,0.6068,50,23,0.06,0.834,0.894,50,50,1.0
post_filter,verified=true AND overall>=4.0,0.45,0.6068,50,24,0.116,1.1098,1.2258,50,50,0.98
post_filter,verified=true AND overall>=4.0,0.45,0.6068,50,25,0.0542,0.3537,0.4079,50,50,0.92
post_filter,verified=true AND overall>=4.0,0.45,0.6068,50,26,0.0786,0.9922,1.0708,50,50,0.98
post_filter,verified=true AND overall>=4.0,0.45,0.6068,50,27,0.168,0.9332,1.1013,50,50,1.0
post_filter,verified=true AND overall>=4.0,0.45,0.6068,50,28,0.0926,1.0348,1.1274,50,50,1.0
post_filter,verified=true AND overall>=4.0,0.45,0.6068,50,29,0.0718,0.6327,0.7045,50,50,0.98
post_filter,verified=true AND overall>=4.0,0.45,0.6068,50,30,0.064,0.4657,0.5297,50,50,0.0
post_filter,verified=true AND overall>=4.0,0.45,0.6068,50,31,0.0631,0.9718,1.0349,50,50,1.0
post_filter,verified=true AND overall>=4.0,0.45,0.6068,50,32,0.2885,0.7738,1.0623,50,50,0.92
post_filter,verified=true AND overall>=4.0,0.45,0.6068,50,33,0.0576,0.5761,0.6337,50,50,1.0
post_filter,verified=true AND overall>=4.0,0.45,0.6068,50,34,0.0682,0.9543,1.0225,50,50,1.0
post_filter,verified=true AND overall>=4.0,0.45,0.6068,50,35,0.1496,0.9952,1.1448,50,50,0.94
post_filter,verified=true AND overall>=4.0,0.45,0.6068,50,36,0.1155,0.824,0.9395,50,50,0.94
post_filter,verified=true AND overall>=4.0,0.45,0.6068,50,37,0.0567,0.7557,0.8124,50,50,1.0
post_filter,verified=true AND overall>=4.0,0.45,0.6068,50,38,0.1217,1.2222,1.3439,50,50,0.9
post_filter,verified=true AND overall>=4.0,0.45,0.6068,50,39,0.0584,0.6143,0.6727,50,50,1.0
post_filter,verified=true AND overall>=4.0,0.45,0.6068,50,40,0.0861,1.2089,1.295,50,50,1.0
post_filter,verified=true AND overall>=4.0,0.45,0.6068,50,41,0.4511,0.6503,1.1014,50,50,0.7
post_filter,verified=true AND overall>=4.0,0.45,0.6068,50,42,0.1117,1.0124,1.1241,50,50,0.92
post_filter,verified=true AND overall>=4.0,0.45,0.6068,50,43,0.0705,0.529,0.5996,50,50,0.82
post_filter,verified=true AND overall>=4.0,0.45,0.6068,50,44,0.635,0.7286,1.3636,50,50,0.8
post_filter,verified=true AND overall>=4.0,0.45,0.6068,50,45,0.074,1.0632,1.1371,50,50,0.96
post_filter,verified=true AND overall>=4.0,0.45,0.6068,50,46,0.0679,0.8615,0.9294,50,50,0.98
post_filter,verified=true AND overall>=4.0,0.45,0.6068,50,47,0.0621,0.3102,0.3723,50,50,0.12
post_filter,verified=true AND overall>=4.0,0.45,0.6068,50,48,0.0635,1.0525,1.116,50,50,1.0
post_filter,verified=true AND overall>=4.0,0.45,0.6068,50,49,0.0575,0.5299,0.5874,50,50,0.96
bitmap_prefilter,verified=true AND overall>=4.0,0.45,0.6068,50,0,0.1181,34.7215,34.8396,117574,50,1.0
bitmap_prefilter,verified=true AND overall>=4.0,0.45,0.6068,50,1,0.123,34.6604,34.7834,117574,50,1.0
bitmap_prefilter,verified=true AND overall>=4.0,0.45,0.6068,50,2,0.1136,34.6221,34.7357,117574,50,1.0
bitmap_prefilter,verified=true AND overall>=4.0,0.45,0.6068,50,3,0.1123,36.1975,36.3098,117574,50,1.0
bitmap_prefilter,verified=true AND overall>=4.0,0.45,0.6068,50,4,0.1086,34.8524,34.961,117574,50,1.0
bitmap_prefilter,verified=true AND overall>=4.0,0.45,0.6068,50,5,0.111,34.8993,35.0103,117574,50,1.0
bitmap_prefilter,verified=true AND overall>=4.0,0.45,0.6068,50,6,0.1115,34.9526,35.064,117574,50,1.0
bitmap_prefilter,verified=true AND overall>=4.0,0.45,0.6068,50,7,0.1072,34.5885,34.6957,117574,50,1.0
bitmap_prefilter,verified=true AND overall>=4.0,0.45,0.6068,50,8,0.1085,34.5581,34.6667,117574,50,0.96
bitmap_prefilter,verified=true AND overall>=4.0,0.45,0.6068,50,9,0.1079,34.6165,34.7243,117574,50,1.0
bitmap_prefilter,verified=true AND overall>=4.0,0.45,0.6068,50,10,0.1078,34.7262,34.834,117574,50,1.0
bitmap_prefilter,verified=true AND overall>=4.0,0.45,0.6068,50,11,0.1075,34.6246,34.7322,117574,50,1.0
bitmap_prefilter,verified=true AND overall>=4.0,0.45,0.6068,50,12,0.107,34.6447,34.7517,117574,50,1.0
bitmap_prefilter,verified=true AND overall>=4.0,0.45,0.6068,50,13,0.1083,34.6085,34.7168,117574,50,1.0
bitmap_prefilter,verified=true AND overall>=4.0,0.45,0.6068,50,14,0.106,34.6178,34.7239,117574,50,1.0
bitmap_prefilter,verified=true AND overall>=4.0,0.45,0.6068,50,15,0.1071,34.5562,34.6633,117574,50,1.0
bitmap_prefilter,verified=true AND overall>=4.0,0.45,0.6068,50,16,0.1057,34.7092,34.8149,117574,50,1.0
bitmap_prefilter,verified=true AND overall>=4.0,0.45,0.6068,50,17,0.1083,35.9341,36.0423,117574,50,1.0
bitmap_prefilter,verified=true AND overall>=4.0,0.45,0.6068,50,18,0.1062,35.1585,35.2647,117574,50,1.0
bitmap_prefilter,verified=true AND overall>=4.0,0.45,0.6068,50,19,0.107,34.6617,34.7687,117574,50,1.0
bitmap_prefilter,verified=true AND overall>=4.0,0.45,0.6068,50,20,0.1055,38.5497,38.6552,117574,50,1.0
bitmap_prefilter,verified=true AND overall>=4.0,0.45,0.6068,50,21,0.1518,36.5694,36.7212,117574,50,1.0
bitmap_prefilter,verified=true AND overall>=4.0,0.45,0.6068,50,22,0.1217,34.8463,34.968,117574,50,1.0
bitmap_prefilter,verified=true AND overall>=4.0,0.45,0.6068,50,23,0.1165,34.691,34.8075,117574,50,1.0
bitmap_prefilter,verified=true AND overall>=4.0,0.45,0.6068,50,24,0.1113,35.0588,35.17,117574,50,1.0
bitmap_prefilter,verified=true AND overall>=4.0,0.45,0.6068,50,25,0.1085,34.8509,34.9594,117574,50,1.0
bitmap_prefilter,verified=true AND overall>=4.0,0.45,0.6068,50,26,0.1101,34.786,34.8961,117574,50,1.0
bitmap_prefilter,verified=true AND overall>=4.0,0.45,0.6068,50,27,0.1087,34.6789,34.7877,117574,50,1.0
bitmap_prefilter,verified=true AND overall>=4.0,0.45,0.6068,50,28,0.1078,34.6418,34.7496,117574,50,1.0
bitmap_prefilter,verified=true AND overall>=4.0,0.45,0.6068,50,29,0.1076,34.709,34.8166,117574,50,1.0
bitmap_prefilter,verified=true AND overall>=4.0,0.45,0.6068,50,30,0.1072,36.6589,36.766,117574,50,1.0
bitmap_prefilter,verified=true AND overall>=4.0,0.45,0.6068,50,31,0.1236,36.4846,36.6083,117574,50,1.0
bitmap_prefilter,verified=true AND overall>=4.0,0.45,0.6068,50,32,0.1072,35.3637,35.4709,117574,50,1.0
bitmap_prefilter,verified=true AND overall>=4.0,0.45,0.6068,50,33,0.1059,35.091,35.1969,117574,50,1.0
bitmap_prefilter,verified=true AND overall>=4.0,0.45,0.6068,50,34,0.1067,35.457,35.5637,117574,50,1.0
bitmap_prefilter,verified=true AND overall>=4.0,0.45,0.6068,50,35,0.1078,35.5818,35.6895,117574,50,1.0
bitmap_prefilter,verified=true AND overall>=4.0,0.45,0.6068,50,36,0.1074,35.3701,35.4775,117574,50,1.0
bitmap_prefilter,verified=true AND overall>=4.0,0.45,0.6068,50,37,0.1082,35.7628,35.871,117574,50,1.0
bitmap_prefilter,verified=true AND overall>=4.0,0.45,0.6068,50,38,0.1087,35.7993,35.908,117574,50,1.0
bitmap_prefilter,verified=true AND overall>=4.0,0.45,0.6068,50,39,0.1232,35.388,35.5111,117574,50,1.0
bitmap_prefilter,verified=true AND overall>=4.0,0.45,0.6068,50,40,0.124,35.9234,36.0473,117574,50,1.0
bitmap_prefilter,verified=true AND overall>=4.0,0.45,0.6068,50,41,0.1152,38.3761,38.4914,117574,50,1.0
bitmap_prefilter,verified=true AND overall>=4.0,0.45,0.6068,50,42,0.1142,37.1717,37.2859,117574,50,1.0
bitmap_prefilter,verified=true AND overall>=4.0,0.45,0.6068,50,43,0.1188,36.302,36.4208,117574,50,1.0
bitmap_prefilter,verified=true AND overall>=4.0,0.45,0.6068,50,44,0.116,35.7781,35.8941,117574,50,1.0
bitmap_prefilter,verified=true AND overall>=4.0,0.45,0.6068,50,45,0.1153,36.0204,36.1357,117574,50,1.0
bitmap_prefilter,verified=true AND overall>=4.0,0.45,0.6068,50,46,0.1103,37.5522,37.6625,117574,50,1.0
bitmap_prefilter,verified=true AND overall>=4.0,0.45,0.6068,50,47,0.1089,37.0464,37.1553,117574,50,0.0
bitmap_prefilter,verified=true AND overall>=4.0,0.45,0.6068,50,48,0.1189,36.5423,36.6612,117574,50,1.0
bitmap_prefilter,verified=true AND overall>=4.0,0.45,0.6068,50,49,0.1068,37.1231,37.2299,117574,50,1.0
brute_force,overall>=5.0,0.5,0.6103,10,0,0.0214,24.3592,24.3806,10,10,1.0
brute_force,overall>=5.0,0.5,0.6103,10,1,0.0294,25.2009,25.2303,10,10,1.0
brute_force,overall>=5.0,0.5,0.6103,10,2,0.0286,25.426,25.4547,10,10,1.0
brute_force,overall>=5.0,0.5,0.6103,10,3,0.0206,25.2618,25.2824,10,10,1.0
brute_force,overall>=5.0,0.5,0.6103,10,4,0.0427,25.227,25.2698,10,10,1.0
brute_force,overall>=5.0,0.5,0.6103,10,5,0.0342,25.175,25.2092,10,10,1.0
brute_force,overall>=5.0,0.5,0.6103,10,6,0.0409,24.8269,24.8678,10,10,1.0
brute_force,overall>=5.0,0.5,0.6103,10,7,0.0751,24.8713,24.9464,10,10,1.0
brute_force,overall>=5.0,0.5,0.6103,10,8,0.0357,24.8416,24.8773,10,10,1.0
brute_force,overall>=5.0,0.5,0.6103,10,9,0.0185,25.9498,25.9683,10,10,1.0
brute_force,overall>=5.0,0.5,0.6103,10,10,0.0403,24.8053,24.8456,10,10,1.0
brute_force,overall>=5.0,0.5,0.6103,10,11,0.0187,24.8222,24.8409,10,10,1.0
brute_force,overall>=5.0,0.5,0.6103,10,12,0.019,24.9264,24.9454,10,10,1.0
brute_force,overall>=5.0,0.5,0.6103,10,13,0.0203,24.9979,25.0182,10,10,1.0
brute_force,overall>=5.0,0.5,0.6103,10,14,0.0427,24.8202,24.8629,10,10,1.0
brute_force,overall>=5.0,0.5,0.6103,10,15,0.0203,24.6743,24.6946,10,10,1.0
brute_force,overall>=5.0,0.5,0.6103,10,16,0.0172,25.0522,25.0694,10,10,1.0
brute_force,overall>=5.0,0.5,0.6103,10,17,0.019,24.8829,24.9019,10,10,1.0
brute_force,overall>=5.0,0.5,0.6103,10,18,0.0797,24.6932,24.7729,10,10,1.0
brute_force,overall>=5.0,0.5,0.6103,10,19,0.0218,24.579,24.6007,10,10,1.0
brute_force,overall>=5.0,0.5,0.6103,10,20,0.0191,24.6584,24.6775,10,10,1.0
brute_force,overall>=5.0,0.5,0.6103,10,21,0.0187,24.5663,24.585,10,10,1.0
brute_force,overall>=5.0,0.5,0.6103,10,22,0.019,24.5263,24.5454,10,10,1.0
brute_force,overall>=5.0,0.5,0.6103,10,23,0.0179,24.6278,24.6457,10,10,1.0
brute_force,overall>=5.0,0.5,0.6103,10,24,0.0235,24.4772,24.5008,10,10,1.0
brute_force,overall>=5.0,0.5,0.6103,10,25,0.017,24.6081,24.6251,10,10,1.0
brute_force,overall>=5.0,0.5,0.6103,10,26,0.02,24.7715,24.7915,10,10,1.0
brute_force,overall>=5.0,0.5,0.6103,10,27,0.0246,24.5806,24.6053,10,10,1.0
brute_force,overall>=5.0,0.5,0.6103,10,28,0.0257,24.7374,24.7631,10,10,1.0
brute_force,overall>=5.0,0.5,0.6103,10,29,0.0255,25.0401,25.0657,10,10,1.0
brute_force,overall>=5.0,0.5,0.6103,10,30,0.018,24.7164,24.7344,10,10,1.0
brute_force,overall>=5.0,0.5,0.6103,10,31,0.0254,24.5723,24.5977,10,10,1.0
brute_force,overall>=5.0,0.5,0.6103,10,32,0.2469,24.9428,25.1896,10,10,1.0
brute_force,overall>=5.0,0.5,0.6103,10,33,0.031,25.1248,25.1558,10,10,1.0
brute_force,overall>=5.0,0.5,0.6103,10,34,0.023,25.6308,25.6538,10,10,1.0
brute_force,overall>=5.0,0.5,0.6103,10,35,0.0475,24.6034,24.6509,10,10,1.0
brute_force,overall>=5.0,0.5,0.6103,10,36,0.0685,24.513,24.5815,10,10,1.0
brute_force,overall>=5.0,0.5,0.6103,10,37,0.0175,24.5892,24.6067,10,10,1.0
brute_force,overall>=5.0,0.5,0.6103,10,38,0.0587,24.4439,24.5026,10,10,1.0
brute_force,overall>=5.0,0.5,0.6103,10,39,0.0276,24.621,24.6486,10,10,1.0
brute_force,overall>=5.0,0.5,0.6103,10,40,0.0263,24.543,24.5693,10,10,1.0
brute_force,overall>=5.0,0.5,0.6103,10,41,0.2083,24.7418,24.9501,10,10,1.0
brute_force,overall>=5.0,0.5,0.6103,10,42,0.0452,24.5139,24.559,10,10,1.0
brute_force,overall>=5.0,0.5,0.6103,10,43,0.0198,24.8403,24.8601,10,10,1.0
brute_force,overall>=5.0,0.5,0.6103,10,44,0.3493,24.5654,24.9147,10,10,1.0
brute_force,overall>=5.0,0.5,0.6103,10,45,0.0179,24.6447,24.6627,10,10,1.0
brute_force,overall>=5.0,0.5,0.6103,10,46,0.0191,24.5537,24.5728,10,10,1.0
brute_force,overall>=5.0,0.5,0.6103,10,47,0.0182,24.6348,24.653,10,10,1.0
brute_force,overall>=5.0,0.5,0.6103,10,48,0.0225,24.5933,24.6159,10,10,1.0
brute_force,overall>=5.0,0.5,0.6103,10,49,0.0181,24.7726,24.7907,10,10,1.0
naive_prefilter,overall>=5.0,0.5,0.6103,10,0,17.0955,37.5051,54.6007,118244,10,1.0
naive_prefilter,overall>=5.0,0.5,0.6103,10,1,17.5059,39.7915,57.2974,118244,10,1.0
naive_prefilter,overall>=5.0,0.5,0.6103,10,2,18.9672,38.9136,57.8808,118244,10,1.0
naive_prefilter,overall>=5.0,0.5,0.6103,10,3,17.7955,37.772,55.5675,118244,10,1.0
naive_prefilter,overall>=5.0,0.5,0.6103,10,4,17.9084,37.7613,55.6697,118244,10,1.0
naive_prefilter,overall>=5.0,0.5,0.6103,10,5,17.8838,37.8264,55.7101,118244,10,1.0
naive_prefilter,overall>=5.0,0.5,0.6103,10,6,17.5136,37.5936,55.1072,118244,10,1.0
naive_prefilter,overall>=5.0,0.5,0.6103,10,7,17.726,37.6387,55.3647,118244,10,1.0
naive_prefilter,overall>=5.0,0.5,0.6103,10,8,17.9135,38.0162,55.9296,118244,10,1.0
naive_prefilter,overall>=5.0,0.5,0.6103,10,9,18.022,38.0813,56.1032,118244,10,1.0
naive_prefilter,overall>=5.0,0.5,0.6103,10,10,18.0596,37.7649,55.8245,118244,10,1.0
naive_prefilter,overall>=5.0,0.5,0.6103,10,11,17.8723,37.6892,55.5615,118244,10,1.0
naive_prefilter,overall>=5.0,0.5,0.6103,10,12,17.7319,37.557,55.2889,118244,10,1.0
naive_prefilter,overall>=5.0,0.5,0.6103,10,13,17.6791,37.6211,55.3003,118244,10,1.0
naive_prefilter,overall>=5.0,0.5,0.6103,10,14,17.7681,37.5908,55.3588,118244,10,1.0
naive_prefilter,overall>=5.0,0.5,0.6103,10,15,17.533,37.6,55.133,118244,10,1.0
naive_prefilter,overall>=5.0,0.5,0.6103,10,16,17.8094,37.5251,55.3345,118244,10,1.0
naive_prefilter,overall>=5.0,0.5,0.6103,10,17,17.8278,37.4599,55.2877,118244,10,1.0
naive_prefilter,overall>=5.0,0.5,0.6103,10,18,17.8424,38.1518,55.9942,118244,10,1.0
naive_prefilter,overall>=5.0,0.5,0.6103,10,19,17.8967,37.8002,55.6969,118244,10,1.0
naive_prefilter,overall>=5.0,0.5,0.6103,10,20,17.7265,38.051,55.7775,118244,10,1.0
naive_prefilter,overall>=5.0,0.5,0.6103,10,21,17.8362,37.5028,55.3391,118244,10,1.0
naive_prefilter,overall>=5.0,0.5,0.6103,10,22,17.808,37.7035,55.5116,118244,10,1.0
naive_prefilter,overall>=5.0,0.5,0.6103,10,23,17.537,37.5532,55.0902,118244,10,1.0
naive_prefilter,overall>=5.0,0.5,0.6103,10,24,17.8491,37.6487,55.4978,118244,10,1.0
naive_prefilter,overall>=5.0,0.5,0.6103,10,25,17.514,37.5807,55.0947,118244,10,1.0
naive_prefilter,overall>=5.0,0.5,0.6103,10,26,17.8845,37.5917,55.4762,118244,10,1.0
naive_prefilter,overall>=5.0,0.5,0.6103,10,27,17.6835,38.5707,56.2541,118244,10,1.0
naive_prefilter,overall>=5.0,0.5,0.6103,10,28,17.3853,37.9026,55.288,118244,10,1.0
naive_prefilter,overall>=5.0,0.5,0.6103,10,29,17.7375,37.6187,55.3562,118244,10,1.0
naive_prefilter,overall>=5.0,0.5,0.6103,10,30,17.8524,37.507,55.3595,118244,10,1.0
naive_prefilter,overall>=5.0,0.5,0.6103,10,31,17.579,37.5256,55.1045,118244,10,1.0
naive_prefilter,overall>=5.0,0.5,0.6103,10,32,17.7718,37.7078,55.4795,118244,10,1.0
naive_prefilter,overall>=5.0,0.5,0.6103,10,33,17.872,37.6361,55.5081,118244,10,1.0
naive_prefilter,overall>=5.0,0.5,0.6103,10,34,17.5986,37.4726,55.0712,118244,10,1.0
naive_prefilter,overall>=5.0,0.5,0.6103,10,35,17.8561,37.9642,55.8203,118244,10,1.0
naive_prefilter,overall>=5.0,0.5,0.6103,10,36,17.8684,38.7518,56.6202,118244,10,1.0
naive_prefilter,overall>=5.0,0.5,0.6103,10,37,17.6877,37.6213,55.309,118244,10,1.0
naive_prefilter,overall>=5.0,0.5,0.6103,10,38,17.7176,37.9278,55.6455,118244,10,1.0
naive_prefilter,overall>=5.0,0.5,0.6103,10,39,17.6866,37.618,55.3046,118244,10,1.0
naive_prefilter,overall>=5.0,0.5,0.6103,10,40,17.7195,37.5917,55.3112,118244,10,1.0
naive_prefilter,overall>=5.0,0.5,0.6103,10,41,17.9696,37.7,55.6696,118244,10,1.0
naive_prefilter,overall>=5.0,0.5,0.6103,10,42,17.4386,37.6353,55.0739,118244,10,1.0
naive_prefilter,overall>=5.0,0.5,0.6103,10,43,17.9712,37.6742,55.6453,118244,10,1.0
naive_prefilter,overall>=5.0,0.5,0.6103,10,44,17.7793,37.5611,55.3404,118244,10,1.0
naive_prefilter,overall>=5.0,0.5,0.6103,10,45,17.7278,38.7161,56.4439,118244,10,1.0
naive_prefilter,overall>=5.0,0.5,0.6103,10,46,17.9786,38.8081,56.7867,118244,10,1.0
naive_prefilter,overall>=5.0,0.5,0.6103,10,47,17.8997,37.5638,55.4635,118244,10,0.0
naive_prefilter,overall>=5.0,0.5,0.6103,10,48,17.6272,37.4584,55.0855,118244,10,1.0
naive_prefilter,overall>=5.0,0.5,0.6103,10,49,17.8949,37.4624,55.3573,118244,10,1.0
post_filter,overall>=5.0,0.5,0.6103,10,0,0.0057,0.3468,0.3526,10,10,1.0
post_filter,overall>=5.0,0.5,0.6103,10,1,0.0151,0.8267,0.8418,10,10,1.0
post_filter,overall>=5.0,0.5,0.6103,10,2,0.015,0.6575,0.6725,10,10,1.0
post_filter,overall>=5.0,0.5,0.6103,10,3,0.0126,0.6796,0.6922,10,10,1.0
post_filter,overall>=5.0,0.5,0.6103,10,4,0.0281,0.7679,0.796,10,10,0.9
post_filter,overall>=5.0,0.5,0.6103,10,5,0.0259,0.6605,0.6864,10,10,1.0
post_filter,overall>=5.0,0.5,0.6103,10,6,0.0288,0.7658,0.7946,10,10,1.0
post_filter,overall>=5.0,0.5,0.6103,10,7,0.0674,0.5707,0.638,10,10,1.0
post_filter,overall>=5.0,0.5,0.6103,10,8,0.027,0.8046,0.8317,10,10,1.0
post_filter,overall>=5.0,0.5,0.6103,10,9,0.012,0.822,0.834,10,10,1.0
post_filter,overall>=5.0,0.5,0.6103,10,10,0.021,0.7448,0.7658,10,10,1.0
post_filter,overall>=5.0,0.5,0.6103,10,11,0.0145,0.722,0.7365,10,10,1.0
post_filter,overall>=5.0,0.5,0.6103,10,12,0.0137,0.5917,0.6055,10,10,1.0
post_filter,overall>=5.0,0.5,0.6103,10,13,0.0157,0.6218,0.6375,10,10,1.0
post_filter,overall>=5.0,0.5,0.6103,10,14,0.0312,0.4893,0.5205,10,10,1.0
post_filter,overall>=5.0,0.5,0.6103,10,15,0.0151,0.4398,0.4549,10,10,1.0
post_filter,overall>=5.0,0.5,0.6103,10,16,0.0136,0.8283,0.8419,10,10,1.0
post_filter,overall>=5.0,0.5,0.6103,10,17,0.015,0.6409,0.6559,10,10,1.0
post_filter,overall>=5.0,0.5,0.6103,10,18,0.0615,0.7374,0.799,10,10,1.0
post_filter,overall>=5.0,0.5,0.6103,10,19,0.0185,0.79,0.8085,10,10,1.0
post_filter,overall>=5.0,0.5,0.6103,10,20,0.0141,0.5644,0.5785,10,10,1.0
post_filter,overall>=5.0,0.5,0.6103,10,21,0.0148,0.5962,0.611,10,10,1.0
post_filter,overall>=5.0,0.5,0.6103,10,22,0.0145,0.6713,0.6858,10,10,1.0
post_filter,overall>=5.0,0.5,0.6103,10,23,0.0138,0.6151,0.6289,10,10,1.0
post_filter,overall>=5.0,0.5,0.6103,10,24,0.0187,0.848,0.8667,10,10,1.0
post_filter,overall>=5.0,0.5,0.6103,10,25,0.0135,0.26,0.2735,10,10,0.6
post_filter,overall>=5.0,0.5,0.6103,10,26,0.0138,0.7612,0.775,10,10,1.0
post_filter,overall>=5.0,0.5,0.6103,10,27,0.0188,0.7261,0.7449,10,10,1.0
post_filter,overall>=5.0,0.5,0.6103,10,28,0.0208,0.7863,0.8071,10,10,1.0
post_filter,overall>=5.0,0.5,0.6103,10,29,0.0185,0.4986,0.5172,10,10,1.0
post_filter,overall>=5.0,0.5,0.6103,10,30,0.0095,0.3828,0.3923,10,10,0.0
post_filter,overall>=5.0,0.5,0.6103,10,31,0.0135,0.7575,0.771,10,10,1.0
post_filter,overall>=5.0,0.5,0.6103,10,32,0.2393,0.5941,0.8335,10,10,0.8
post_filter,overall>=5.0,0.5,0.6103,10,33,0.0158,0.4555,0.4713,10,10,1.0
post_filter,overall>=5.0,0.5,0.6103,10,34,0.0145,0.7555,0.77,10,10,1.0
post_filter,overall>=5.0,0.5,0.6103,10,35,0.0374,0.7801,0.8175,10,10,1.0
post_filter,overall>=5.0,0.5,0.6103,10,36,0.0475,0.6498,0.6974,10,10,0.9
post_filter,overall>=5.0,0.5,0.6103,10,37,0.0118,0.5909,0.6027,10,10,1.0
post_filter,overall>=5.0,0.5,0.6103,10,38,0.0329,0.928,0.9609,10,10,1.0
post_filter,overall>=5.0,0.5,0.6103,10,39,0.0128,0.4585,0.4714,10,10,1.0
post_filter,overall>=5.0,0.5,0.6103,10,40,0.0207,0.9315,0.9522,10,10,1.0
post_filter,overall>=5.0,0.5,0.6103,10,41,0.1855,0.5148,0.7003,10,10,1.0
post_filter,overall>=5.0,0.5,0.6103,10,42,0.0264,0.7588,0.7852,10,10,1.0
post_filter,overall>=5.0,0.5,0.6103,10,43,0.0113,0.3972,0.4085,10,10,0.7
post_filter,overall>=5.0,0.5,0.6103,10,44,0.2977,0.5748,0.8725,10,10,1.0
post_filter,overall>=5.0,0.5,0.6103,10,45,0.012,0.8346,0.8467,10,10,1.0
post_filter,overall>=5.0,0.5,0.6103,10,46,0.014,0.6943,0.7083,10,10,1.0
post_filter,overall>=5.0,0.5,0.6103,10,47,0.0123,0.2396,0.2519,10,10,0.0
post_filter,overall>=5.0,0.5,0.6103,10,48,0.0158,0.8199,0.8358,10,10,1.0
post_filter,overall>=5.0,0.5,0.6103,10,49,0.0124,0.4083,0.4207,10,10,1.0
bitmap_prefilter,overall>=5.0,0.5,0.6103,10,0,0.1143,35.8444,35.9587,118244,10,1.0
bitmap_prefilter,overall>=5.0,0.5,0.6103,10,1,0.1056,36.9083,37.0138,118244,10,1.0
bitmap_prefilter,overall>=5.0,0.5,0.6103,10,2,0.1038,35.9797,36.0834,118244,10,1.0
bitmap_prefilter,overall>=5.0,0.5,0.6103,10,3,0.1045,36.2928,36.3973,118244,10,1.0
bitmap_prefilter,overall>=5.0,0.5,0.6103,10,4,0.1234,36.0287,36.1521,118244,10,1.0
bitmap_prefilter,overall>=5.0,0.5,0.6103,10,5,0.1117,35.7423,35.854,118244,10,1.0
bitmap_prefilter,overall>=5.0,0.5,0.6103,10,6,0.1125,35.8997,36.0122,118244,10,1.0
bitmap_prefilter,overall>=5.0,0.5,0.6103,10,7,0.1074,35.7003,35.8077,118244,10,1.0
bitmap_prefilter,overall>=5.0,0.5,0.6103,10,8,0.1053,35.7815,35.8868,118244,10,1.0
bitmap_prefilter,overall>=5.0,0.5,0.6103,10,9,0.1052,35.8147,35.92,118244,10,1.0
bitmap_prefilter,overall>=5.0,0.5,0.6103,10,10,0.105,35.7508,35.8558,118244,10,1.0
bitmap_prefilter,overall>=5.0,0.5,0.6103,10,11,0.1055,35.6907,35.7962,118244,10,1.0
bitmap_prefilter,overall>=5.0,0.5,0.6103,10,12,0.104,36.12,36.224,118244,10,1.0
bitmap_prefilter,overall>=5.0,0.5,0.6103,10,13,0.1041,35.8869,35.991,118244,10,1.0
bitmap_prefilter,overall>=5.0,0.5,0.6103,10,14,0.1059,36.6432,36.749,118244,10,1.0
bitmap_prefilter,overall>=5.0,0.5,0.6103,10,15,0.1032,36.0902,36.1933,118244,10,1.0
bitmap_prefilter,overall>=5.0,0.5,0.6103,10,16,0.103,35.8165,35.9195,118244,10,1.0
bitmap_prefilter,overall>=5.0,0.5,0.6103,10,17,0.1025,35.8256,35.928,118244,10,1.0
bitmap_prefilter,overall>=5.0,0.5,0.6103,10,18,0.1097,35.8104,35.9201,118244,10,1.0
bitmap_prefilter,overall>=5.0,0.5,0.6103,10,19,0.1042,35.7053,35.8095,118244,10,1.0
bitmap_prefilter,overall>=5.0,0.5,0.6103,10,20,0.1039,35.7304,35.8343,118244,10,1.0
bitmap_prefilter,overall>=5.0,0.5,0.6103,10,21,0.1037,35.9842,36.0879,118244,10,1.0
bitmap_prefilter,overall>=5.0,0.5,0.6103,10,22,0.1034,35.9304,36.0338,118244,10,1.0
bitmap_prefilter,overall>=5.0,0.5,0.6103,10,23,0.1138,35.7225,35.8362,118244,10,1.0
bitmap_prefilter,overall>=5.0,0.5,0.6103,10,24,0.1032,35.7045,35.8077,118244,10,1.0
bitmap_prefilter,overall>=5.0,0.5,0.6103,10,25,0.1024,35.6203,35.7227,118244,10,1.0
bitmap_prefilter,overall>=5.0,0.5,0.6103,10,26,0.1027,35.7119,35.8146,118244,10,1.0
bitmap_prefilter,overall>=5.0,0.5,0.6103,10,27,0.1031,35.8935,35.9966,118244,10,1.0
bitmap_prefilter,overall>=5.0,0.5,0.6103,10,28,0.1039,36.6759,36.7798,118244,10,1.0
bitmap_prefilter,overall>=5.0,0.5,0.6103,10,29,0.1049,36.4916,36.5965,118244,10,1.0
bitmap_prefilter,overall>=5.0,0.5,0.6103,10,30,0.1021,35.8718,35.974,118244,10,1.0
bitmap_prefilter,overall>=5.0,0.5,0.6103,10,31,0.1028,36.2492,36.352,118244,10,1.0
bitmap_prefilter,overall>=5.0,0.5,0.6103,10,32,0.1058,37.3912,37.497,118244,10,1.0
bitmap_prefilter,overall>=5.0,0.5,0.6103,10,33,0.1093,36.1749,36.2842,118244,10,1.0
bitmap_prefilter,overall>=5.0,0.5,0.6103,10,34,0.102,35.7434,35.8455,118244,10,1.0
bitmap_prefilter,overall>=5.0,0.5,0.6103,10,35,0.1025,35.7395,35.842,118244,10,1.0
bitmap_prefilter,overall>=5.0,0.5,0.6103,10,36,0.1021,35.6243,35.7265,118244,10,1.0
bitmap_prefilter,overall>=5.0,0.5,0.6103,10,37,0.1023,35.849,35.9513,118244,10,1.0
bitmap_prefilter,overall>=5.0,0.5,0.6103,10,38,0.1023,35.8105,35.9128,118244,10,1.0
bitmap_prefilter,overall>=5.0,0.5,0.6103,10,39,0.1031,35.7868,35.8899,118244,10,1.0
bitmap_prefilter,overall>=5.0,0.5,0.6103,10,40,0.1018,35.8279,35.9297,118244,10,1.0
bitmap_prefilter,overall>=5.0,0.5,0.6103,10,41,0.1027,35.7842,35.8869,118244,10,1.0
bitmap_prefilter,overall>=5.0,0.5,0.6103,10,42,0.1025,37.0968,37.1993,118244,10,1.0
bitmap_prefilter,overall>=5.0,0.5,0.6103,10,43,0.102,36.2613,36.3634,118244,10,1.0
bitmap_prefilter,overall>=5.0,0.5,0.6103,10,44,0.1011,36.3805,36.4815,118244,10,1.0
bitmap_prefilter,overall>=5.0,0.5,0.6103,10,45,0.1035,36.9316,37.0352,118244,10,1.0
bitmap_prefilter,overall>=5.0,0.5,0.6103,10,46,0.1015,37.299,37.4005,118244,10,1.0
bitmap_prefilter,overall>=5.0,0.5,0.6103,10,47,0.1961,46.0312,46.2272,118244,10,0.0
bitmap_prefilter,overall>=5.0,0.5,0.6103,10,48,0.1535,52.649,52.8025,118244,10,1.0
bitmap_prefilter,overall>=5.0,0.5,0.6103,10,49,0.1215,38.5117,38.6332,118244,10,1.0
brute_force,overall>=5.0,0.5,0.6103,50,0,0.075,25.115,25.19,50,50,1.0
brute_force,overall>=5.0,0.5,0.6103,50,1,0.0755,25.0748,25.1503,50,50,1.0
brute_force,overall>=5.0,0.5,0.6103,50,2,0.0731,24.7735,24.8465,50,50,1.0
brute_force,overall>=5.0,0.5,0.6103,50,3,0.0753,25.2032,25.2785,50,50,1.0
brute_force,overall>=5.0,0.5,0.6103,50,4,0.1714,24.8673,25.0388,50,50,1.0
brute_force,overall>=5.0,0.5,0.6103,50,5,0.1283,25.375,25.5034,50,50,1.0
brute_force,overall>=5.0,0.5,0.6103,50,6,0.1578,25.115,25.2729,50,50,1.0
brute_force,overall>=5.0,0.5,0.6103,50,7,0.2546,25.8683,26.1229,50,50,1.0
brute_force,overall>=5.0,0.5,0.6103,50,8,0.1484,26.3306,26.479,50,50,1.0
brute_force,overall>=5.0,0.5,0.6103,50,9,0.0866,24.9767,25.0632,50,50,1.0
brute_force,overall>=5.0,0.5,0.6103,50,10,0.1291,24.7716,24.9007,50,50,1.0
brute_force,overall>=5.0,0.5,0.6103,50,11,0.1281,24.9794,25.1075,50,50,1.0
brute_force,overall>=5.0,0.5,0.6103,50,12,0.0841,25.0835,25.1677,50,50,1.0
brute_force,overall>=5.0,0.5,0.6103,50,13,0.0727,24.96,25.0327,50,50,1.0
brute_force,overall>=5.0,0.5,0.6103,50,14,0.1735,24.8815,25.055,50,50,1.0
brute_force,overall>=5.0,0.5,0.6103,50,15,0.0816,24.9243,25.006,50,50,1.0
brute_force,overall>=5.0,0.5,0.6103,50,16,0.0793,24.9473,25.0266,50,50,1.0
brute_force,overall>=5.0,0.5,0.6103,50,17,0.0806,25.1485,25.2291,50,50,1.0
brute_force,overall>=5.0,0.5,0.6103,50,18,0.2185,24.7395,24.958,50,50,1.0
brute_force,overall>=5.0,0.5,0.6103,50,19,0.0924,24.7432,24.8356,50,50,1.0
brute_force,overall>=5.0,0.5,0.6103,50,20,0.0752,24.9004,24.9756,50,50,1.0
brute_force,overall>=5.0,0.5,0.6103,50,21,0.0759,24.732,24.8079,50,50,0.98
brute_force,overall>=5.0,0.5,0.6103,50,22,0.1113,24.721,24.8323,50,50,1.0
brute_force,overall>=5.0,0.5,0.6103,50,23,0.0732,26.2763,26.3495,50,50,1.0
brute_force,overall>=5.0,0.5,0.6103,50,24,0.1052,24.9365,25.0418,50,50,1.0
brute_force,overall>=5.0,0.5,0.6103,50,25,0.0735,25.5387,25.6121,50,50,1.0
brute_force,overall>=5.0,0.5,0.6103,50,26,0.0941,25.2896,25.3838,50,50,1.0
brute_force,overall>=5.0,0.5,0.6103,50,27,0.1203,26.4649,26.5851,50,50,1.0
brute_force,overall>=5.0,0.5,0.6103,50,28,0.1515,26.5801,26.7316,50,50,1.0
brute_force,overall>=5.0,0.5,0.6103,50,29,0.1055,25.8982,26.0038,50,50,1.0
brute_force,overall>=5.0,0.5,0.6103,50,30,0.0781,25.2648,25.343,50,50,1.0
brute_force,overall>=5.0,0.5,0.6103,50,31,0.0798,25.1145,25.1943,50,50,1.0
brute_force,overall>=5.0,0.5,0.6103,50,32,0.7686,25.7577,26.5263,50,50,1.0
brute_force,overall>=5.0,0.5,0.6103,50,33,0.0815,25.3408,25.4223,50,50,1.0
brute_force,overall>=5.0,0.5,0.6103,50,34,0.0801,25.0705,25.1507,50,50,1.0
brute_force,overall>=5.0,0.5,0.6103,50,35,0.1595,24.9795,25.139,50,50,1.0
brute_force,overall>=5.0,0.5,0.6103,50,36,0.1762,24.9038,25.08,50,50,1.0
brute_force,overall>=5.0,0.5,0.6103,50,37,0.0867,25.0252,25.1119,50,50,1.0
brute_force,overall>=5.0,0.5,0.6103,50,38,0.1408,25.0019,25.1427,50,50,1.0
brute_force,overall>=5.0,0.5,0.6103,50,39,0.0733,25.1161,25.1894,50,50,1.0
brute_force,overall>=5.0,0.5,0.6103,50,40,0.1285,25.1027,25.2312,50,50,1.0
brute_force,overall>=5.0,0.5,0.6103,50,41,0.6425,25.2386,25.8811,50,50,1.0
brute_force,overall>=5.0,0.5,0.6103,50,42,0.151,25.6593,25.8103,50,50,1.0
brute_force,overall>=5.0,0.5,0.6103,50,43,0.08,25.4867,25.5667,50,50,0.98
brute_force,overall>=5.0,0.5,0.6103,50,44,1.1714,25.9043,27.0756,50,50,1.0
brute_force,overall>=5.0,0.5,0.6103,50,45,0.1134,27.0302,27.1437,50,50,1.0
brute_force,overall>=5.0,0.5,0.6103,50,46,0.095,26.1928,26.2878,50,50,1.0
brute_force,overall>=5.0,0.5,0.6103,50,47,0.0985,26.0257,26.1242,50,50,1.0
brute_force,overall>=5.0,0.5,0.6103,50,48,0.0871,26.1899,26.277,50,50,1.0
brute_force,overall>=5.0,0.5,0.6103,50,49,0.0963,26.0171,26.1134,50,50,1.0
naive_prefilter,overall>=5.0,0.5,0.6103,50,0,17.6155,37.969,55.5845,118244,50,1.0
naive_prefilter,overall>=5.0,0.5,0.6103,50,1,17.4874,37.6002,55.0875,118244,50,1.0
naive_prefilter,overall>=5.0,0.5,0.6103,50,2,17.6895,37.5847,55.2743,118244,50,1.0
naive_prefilter,overall>=5.0,0.5,0.6103,50,3,17.7842,37.5179,55.3022,118244,50,1.0
naive_prefilter,overall>=5.0,0.5,0.6103,50,4,17.7815,37.5888,55.3704,118244,50,1.0
naive_prefilter,overall>=5.0,0.5,0.6103,50,5,17.6931,37.8768,55.57,118244,50,1.0
naive_prefilter,overall>=5.0,0.5,0.6103,50,6,47.5806,41.6951,89.2757,118244,50,1.0
naive_prefilter,overall>=5.0,0.5,0.6103,50,7,18.5373,37.7982,56.3355,118244,50,1.0
naive_prefilter,overall>=5.0,0.5,0.6103,50,8,18.5073,38.904,57.4113,118244,50,1.0
naive_prefilter,overall>=5.0,0.5,0.6103,50,9,18.2777,37.8268,56.1045,118244,50,1.0
naive_prefilter,overall>=5.0,0.5,0.6103,50,10,17.972,38.7313,56.7033,118244,50,1.0
naive_prefilter,overall>=5.0,0.5,0.6103,50,11,18.4844,40.8439,59.3283,118244,50,1.0
naive_prefilter,overall>=5.0,0.5,0.6103,50,12,19.1646,43.7362,62.9009,118244,50,1.0
naive_prefilter,overall>=5.0,0.5,0.6103,50,13,19.04,40.0624,59.1023,118244,50,1.0
naive_prefilter,overall>=5.0,0.5,0.6103,50,14,18.3257,38.4013,56.727,118244,50,1.0
naive_prefilter,overall>=5.0,0.5,0.6103,50,15,18.0948,38.8787,56.9735,118244,50,1.0
naive_prefilter,overall>=5.0,0.5,0.6103,50,16,17.5477,38.6991,56.2468,118244,50,1.0
naive_prefilter,overall>=5.0,0.5,0.6103,50,17,17.3445,37.94,55.2845,118244,50,1.0
naive_prefilter,overall>=5.0,0.5,0.6103,50,18,17.8161,37.9664,55.7825,118244,50,1.0
naive_prefilter,overall>=5.0,0.5,0.6103,50,19,17.844,38.5173,56.3613,118244,50,1.0
naive_prefilter,overall>=5.0,0.5,0.6103,50,20,18.2274,38.7792,57.0065,118244,50,1.0
naive_prefilter,overall>=5.0,0.5,0.6103,50,21,18.0197,38.5863,56.6061,118244,50,0.98
naive_prefilter,overall>=5.0,0.5,0.6103,50,22,18.2923,38.5604,56.8527,118244,50,1.0
naive_prefilter,overall>=5.0,0.5,0.6103,50,23,18.1307,37.652,55.7827,118244,50,1.0
naive_prefilter,overall>=5.0,0.5,0.6103,50,24,17.3491,37.9576,55.3067,118244,50,1.0
naive_prefilter,overall>=5.0,0.5,0.6103,50,25,17.586,38.645,56.231,118244,50,1.0
naive_prefilter,overall>=5.0,0.5,0.6103,50,26,17.552,37.9205,55.4725,118244,50,1.0
naive_prefilter,overall>=5.0,0.5,0.6103,50,27,17.347,37.8834,55.2304,118244,50,1.0
naive_prefilter,overall>=5.0,0.5,0.6103,50,28,18.521,37.6611,56.1822,118244,50,1.0
naive_prefilter,overall>=5.0,0.5,0.6103,50,29,17.9376,37.96,55.8976,118244,50,1.0
naive_prefilter,overall>=5.0,0.5,0.6103,50,30,17.6955,40.2693,57.9649,118244,50,0.98
naive_prefilter,overall>=5.0,0.5,0.6103,50,31,18.7573,38.9184,57.6757,118244,50,1.0
naive_prefilter,overall>=5.0,0.5,0.6103,50,32,17.859,38.7189,56.5779,118244,50,1.0
naive_prefilter,overall>=5.0,0.5,0.6103,50,33,17.6632,38.4341,56.0973,118244,50,1.0
naive_prefilter,overall>=5.0,0.5,0.6103,50,34,18.7699,39.8624,58.6322,118244,50,1.0
naive_prefilter,overall>=5.0,0.5,0.6103,50,35,17.8709,38.0032,55.8741,118244,50,1.0
naive_prefilter,overall>=5.0,0.5,0.6103,50,36,18.0272,37.637,55.6643,118244,50,1.0
naive_prefilter,overall>=5.0,0.5,0.6103,50,37,17.8482,37.6259,55.4741,118244,50,1.0
naive_prefilter,overall>=5.0,0.5,0.6103,50,38,17.8248,37.5348,55.3596,118244,50,1.0
naive_prefilter,overall>=5.0,0.5,0.6103,50,39,17.8158,37.6448,55.4606,118244,50,1.0
naive_prefilter,overall>=5.0,0.5,0.6103,50,40,18.2419,37.5218,55.7636,118244,50,1.0
naive_prefilter,overall>=5.0,0.5,0.6103,50,41,17.8956,37.6318,55.5274,118244,50,1.0
naive_prefilter,overall>=5.0,0.5,0.6103,50,42,17.7459,37.729,55.4748,118244,50,1.0
naive_prefilter,overall>=5.0,0.5,0.6103,50,43,17.7393,38.6761,56.4155,118244,50,0.98
naive_prefilter,overall>=5.0,0.5,0.6103,50,44,17.7277,37.7326,55.4602,118244,50,1.0
naive_prefilter,overall>=5.0,0.5,0.6103,50,45,17.8233,38.7712,56.5944,118244,50,1.0
naive_prefilter,overall>=5.0,0.5,0.6103,50,46,18.6898,37.7899,56.4797,118244,50,1.0
naive_prefilter,overall>=5.0,0.5,0.6103,50,47,17.897,37.722,55.619,118244,50,0.0
naive_prefilter,overall>=5.0,0.5,0.6103,50,48,17.7441,37.6477,55.3918,118244,50,1.0
naive_prefilter,overall>=5.0,0.5,0.6103,50,49,17.6664,37.6714,55.3378,118244,50,1.0
post_filter,overall>=5.0,0.5,0.6103,50,0,0.0246,0.488,0.5126,50,50,1.0
post_filter,overall>=5.0,0.5,0.6103,50,1,0.0645,1.0941,1.1586,50,50,1.0
post_filter,overall>=5.0,0.5,0.6103,50,2,0.0652,0.8316,0.8968,50,50,0.98
post_filter,overall>=5.0,0.5,0.6103,50,3,0.062,0.8738,0.9358,50,50,1.0
post_filter,overall>=5.0,0.5,0.6103,50,4,0.1453,1.0241,1.1694,50,50,0.88
post_filter,overall>=5.0,0.5,0.6103,50,5,0.0966,0.8558,0.9523,50,50,1.0
post_filter,overall>=5.0,0.5,0.6103,50,6,0.1305,0.9966,1.1271,50,50,1.0
post_filter,overall>=5.0,0.5,0.6103,50,7,0.2185,0.7007,0.9192,50,50,0.96
post_filter,overall>=5.0,0.5,0.6103,50,8,0.1108,1.0376,1.1484,50,50,1.0
post_filter,overall>=5.0,0.5,0.6103,50,9,0.0704,1.0494,1.1198,50,50,0.98
post_filter,overall>=5.0,0.5,0.6103,50,10,0.0793,0.9282,1.0075,50,50,1.0
post_filter,overall>=5.0,0.5,0.6103,50,11,0.0879,0.913,1.0009,50,50,0.98
post_filter,overall>=5.0,0.5,0.6103,50,12,0.0596,0.7603,0.82,50,50,1.0
post_filter,overall>=5.0,0.5,0.6103,50,13,0.0594,0.8317,0.8911,50,50,0.98
post_filter,overall>=5.0,0.5,0.6103,50,14,0.1455,0.6289,0.7744,50,50,1.0
post_filter,overall>=5.0,0.5,0.6103,50,15,0.0612,0.5551,0.6163,50,50,1.0
post_filter,overall>=5.0,0.5,0.6103,50,16,0.0612,1.0173,1.0785,50,50,1.0
post_filter,overall>=5.0,0.5,0.6103,50,17,0.0683,0.761,0.8293,50,50,0.98
post_filter,overall>=5.0,0.5,0.6103,50,18,0.1717,0.9115,1.0832,50,50,0.96
post_filter,overall>=5.0,0.5,0.6103,50,19,0.0641,0.9694,1.0335,50,50,0.98
post_filter,overall>=5.0,0.5,0.6103,50,20,0.061,0.6884,0.7494,50,50,0.98
post_filter,overall>=5.0,0.5,0.6103,50,21,0.0638,0.7383,0.8021,50,50,0.98
post_filter,overall>=5.0,0.5,0.6103,50,22,0.073,0.7871,0.8601,50,50,0.98
post_filter,overall>=5.0,0.5,0.6103,50,23,0.0595,0.7298,0.7893,50,50,1.0
post_filter,overall>=5.0,0.5,0.6103,50,24,0.0743,1.0795,1.1539,50,50,1.0
post_filter,overall>=5.0,0.5,0.6103,50,25,0.0596,0.3288,0.3883,50,50,0.92
post_filter,overall>=5.0,0.5,0.6103,50,26,0.0531,0.9632,1.0163,50,50,1.0
post_filter,overall>=5.0,0.5,0.6103,50,27,0.095,0.9059,1.0009,50,50,1.0
post_filter,overall>=5.0,0.5,0.6103,50,28,0.108,0.9508,1.0589,50,50,0.98
post_filter,overall>=5.0,0.5,0.6103,50,29,0.076,0.609,0.685,50,50,1.0
post_filter,overall>=5.0,0.5,0.6103,50,30,0.0483,0.4464,0.4947,50,50,0.0
post_filter,overall>=5.0,0.5,0.6103,50,31,0.0575,0.9423,0.9998,50,50,1.0
post_filter,overall>=5.0,0.5,0.6103,50,32,0.6171,0.7412,1.3583,50,50,0.72
post_filter,overall>=5.0,0.5,0.6103,50,33,0.0742,0.5612,0.6354,50,50,1.0
post_filter,overall>=5.0,0.5,0.6103,50,34,0.0676,0.953,1.0206,50,50,1.0
post_filter,overall>=5.0,0.5,0.6103,50,35,0.1237,0.9783,1.102,50,50,0.98
post_filter,overall>=5.0,0.5,0.6103,50,36,0.1506,0.8048,0.9554,50,50,0.98
post_filter,overall>=5.0,0.5,0.6103,50,37,0.0534,0.727,0.7804,50,50,1.0
post_filter,overall>=5.0,0.5,0.6103,50,38,0.1172,1.2146,1.3318,50,50,0.92
post_filter,overall>=5.0,0.5,0.6103,50,39,0.0573,0.5714,0.6287,50,50,1.0
post_filter,overall>=5.0,0.5,0.6103,50,40,0.1189,1.1968,1.3157,50,50,0.96
post_filter,overall>=5.0,0.5,0.6103,50,41,0.5698,0.6308,1.2006,50,50,0.7
post_filter,overall>=5.0,0.5,0.6103,50,42,0.0972,0.9725,1.0697,50,50,0.98
post_filter,overall>=5.0,0.5,0.6103,50,43,0.0688,0.4764,0.5452,50,50,0.84
post_filter,overall>=5.0,0.5,0.6103,50,44,0.9139,0.7,1.614,50,50,0.66
post_filter,overall>=5.0,0.5,0.6103,50,45,0.0561,1.0568,1.1129,50,50,0.98
post_filter,overall>=5.0,0.5,0.6103,50,46,0.0614,0.8403,0.9017,50,50,1.0
post_filter,overall>=5.0,0.5,0.6103,50,47,0.0603,0.2903,0.3505,50,50,0.16
post_filter,overall>=5.0,0.5,0.6103,50,48,0.0595,1.0299,1.0894,50,50,1.0
post_filter,overall>=5.0,0.5,0.6103,50,49,0.0558,0.4955,0.5513,50,50,0.96
bitmap_prefilter,overall>=5.0,0.5,0.6103,50,0,0.1073,35.8769,35.9842,118244,50,1.0
bitmap_prefilter,overall>=5.0,0.5,0.6103,50,1,0.1079,35.7742,35.8821,118244,50,1.0
bitmap_prefilter,overall>=5.0,0.5,0.6103,50,2,0.1054,35.638,35.7435,118244,50,1.0
bitmap_prefilter,overall>=5.0,0.5,0.6103,50,3,0.104,35.6441,35.7482,118244,50,1.0
bitmap_prefilter,overall>=5.0,0.5,0.6103,50,4,0.1035,35.7151,35.8185,118244,50,1.0
bitmap_prefilter,overall>=5.0,0.5,0.6103,50,5,0.1039,35.6867,35.7905,118244,50,1.0
bitmap_prefilter,overall>=5.0,0.5,0.6103,50,6,0.1033,35.6015,35.7048,118244,50,1.0
bitmap_prefilter,overall>=5.0,0.5,0.6103,50,7,0.103,35.6553,35.7583,118244,50,1.0
bitmap_prefilter,overall>=5.0,0.5,0.6103,50,8,0.1032,35.7528,35.8559,118244,50,1.0
bitmap_prefilter,overall>=5.0,0.5,0.6103,50,9,0.1128,35.642,35.7549,118244,50,1.0
bitmap_prefilter,overall>=5.0,0.5,0.6103,50,10,0.1038,35.6635,35.7673,118244,50,1.0
bitmap_prefilter,overall>=5.0,0.5,0.6103,50,11,0.1035,37.2937,37.3972,118244,50,1.0
bitmap_prefilter,overall>=5.0,0.5,0.6103,50,12,0.1019,35.7924,35.8943,118244,50,1.0
bitmap_prefilter,overall>=5.0,0.5,0.6103,50,13,0.103,35.88,35.983,118244,50,1.0
bitmap_prefilter,overall>=5.0,0.5,0.6103,50,14,0.1032,36.0849,36.1881,118244,50,1.0
bitmap_prefilter,overall>=5.0,0.5,0.6103,50,15,0.1024,35.6744,35.7768,118244,50,1.0
bitmap_prefilter,overall>=5.0,0.5,0.6103,50,16,0.1029,35.6712,35.7741,118244,50,1.0
bitmap_prefilter,overall>=5.0,0.5,0.6103,50,17,0.1046,35.5815,35.6861,118244,50,1.0
bitmap_prefilter,overall>=5.0,0.5,0.6103,50,18,0.1022,35.7504,35.8526,118244,50,1.0
bitmap_prefilter,overall>=5.0,0.5,0.6103,50,19,0.1026,35.7083,35.8109,118244,50,1.0
bitmap_prefilter,overall>=5.0,0.5,0.6103,50,20,0.1025,35.7522,35.8547,118244,50,1.0
bitmap_prefilter,overall>=5.0,0.5,0.6103,50,21,0.1023,35.6872,35.7896,118244,50,0.98
bitmap_prefilter,overall>=5.0,0.5,0.6103,50,22,0.105,35.6632,35.7682,118244,50,1.0
bitmap_prefilter,overall>=5.0,0.5,0.6103,50,23,0.1047,35.6445,35.7493,118244,50,1.0
bitmap_prefilter,overall>=5.0,0.5,0.6103,50,24,0.1027,36.0489,36.1516,118244,50,1.0
bitmap_prefilter,overall>=5.0,0.5,0.6103,50,25,0.1047,36.4666,36.5713,118244,50,1.0
bitmap_prefilter,overall>=5.0,0.5,0.6103,50,26,0.1011,35.6966,35.7977,118244,50,1.0
bitmap_prefilter,overall>=5.0,0.5,0.6103,50,27,0.1026,35.7785,35.881,118244,50,1.0
bitmap_prefilter,overall>=5.0,0.5,0.6103,50,28,0.1032,35.6754,35.7785,118244,50,1.0
bitmap_prefilter,overall>=5.0,0.5,0.6103,50,29,0.1021,35.7144,35.8165,118244,50,1.0
bitmap_prefilter,overall>=5.0,0.5,0.6103,50,30,0.102,35.6371,35.7391,118244,50,0.98
bitmap_prefilter,overall>=5.0,0.5,0.6103,50,31,0.1016,35.5875,35.6891,118244,50,1.0
bitmap_prefilter,overall>=5.0,0.5,0.6103,50,32,0.1029,35.627,35.7299,118244,50,1.0
bitmap_prefilter,overall>=5.0,0.5,0.6103,50,33,0.1015,35.6187,35.7202,118244,50,1.0
bitmap_prefilter,overall>=5.0,0.5,0.6103,50,34,0.1029,35.6237,35.7266,118244,50,1.0
bitmap_prefilter,overall>=5.0,0.5,0.6103,50,35,0.1022,35.6195,35.7217,118244,50,1.0
bitmap_prefilter,overall>=5.0,0.5,0.6103,50,36,0.1025,35.6414,35.7439,118244,50,1.0
bitmap_prefilter,overall>=5.0,0.5,0.6103,50,37,0.1118,35.6832,35.795,118244,50,1.0
bitmap_prefilter,overall>=5.0,0.5,0.6103,50,38,0.1024,36.1777,36.2801,118244,50,1.0
bitmap_prefilter,overall>=5.0,0.5,0.6103,50,39,0.1134,36.4244,36.5377,118244,50,1.0
bitmap_prefilter,overall>=5.0,0.5,0.6103,50,40,0.1011,35.7025,35.8035,118244,50,1.0
bitmap_prefilter,overall>=5.0,0.5,0.6103,50,41,0.102,35.7888,35.8908,118244,50,1.0
bitmap_prefilter,overall>=5.0,0.5,0.6103,50,42,0.1028,36.2689,36.3717,118244,50,1.0
bitmap_prefilter,overall>=5.0,0.5,0.6103,50,43,0.1142,35.7128,35.827,118244,50,0.98
bitmap_prefilter,overall>=5.0,0.5,0.6103,50,44,0.1124,35.6991,35.8115,118244,50,1.0
bitmap_prefilter,overall>=5.0,0.5,0.6103,50,45,0.1081,35.7271,35.8352,118244,50,1.0
bitmap_prefilter,overall>=5.0,0.5,0.6103,50,46,0.1063,35.7156,35.822,118244,50,1.0
bitmap_prefilter,overall>=5.0,0.5,0.6103,50,47,0.11,35.6274,35.7373,118244,50,0.0
bitmap_prefilter,overall>=5.0,0.5,0.6103,50,48,0.104,35.6219,35.726,118244,50,1.0
bitmap_prefilter,overall>=5.0,0.5,0.6103,50,49,0.1043,35.6141,35.7184,118244,50,1.0
brute_force,verified=true AND overall>=3.0,0.55,0.6582,10,0,0.0132,24.4091,24.4224,10,10,1.0
brute_force,verified=true AND overall>=3.0,0.55,0.6582,10,1,0.0229,24.6306,24.6535,10,10,1.0
brute_force,verified=true AND overall>=3.0,0.55,0.6582,10,2,0.0202,24.6099,24.63,10,10,1.0
brute_force,verified=true AND overall>=3.0,0.55,0.6582,10,3,0.0203,24.783,24.8033,10,10,1.0
brute_force,verified=true AND overall>=3.0,0.55,0.6582,10,4,0.022,24.5787,24.6006,10,10,1.0
brute_force,verified=true AND overall>=3.0,0.55,0.6582,10,5,0.0448,24.4768,24.5216,10,10,1.0
brute_force,verified=true AND overall>=3.0,0.55,0.6582,10,6,0.0282,24.5105,24.5387,10,10,1.0
brute_force,verified=true AND overall>=3.0,0.55,0.6582,10,7,0.0462,24.539,24.5852,10,10,1.0
brute_force,verified=true AND overall>=3.0,0.55,0.6582,10,8,0.023,24.468,24.491,10,10,1.0
brute_force,verified=true AND overall>=3.0,0.55,0.6582,10,9,0.0183,24.5049,24.5232,10,10,1.0
brute_force,verified=true AND overall>=3.0,0.55,0.6582,10,10,0.0228,24.4615,24.4843,10,10,1.0
brute_force,verified=true AND overall>=3.0,0.55,0.6582,10,11,0.0186,24.436,24.4546,10,10,1.0
brute_force,verified=true AND overall>=3.0,0.55,0.6582,10,12,0.0192,24.5997,24.6189,10,10,1.0
brute_force,verified=true AND overall>=3.0,0.55,0.6582,10,13,0.0171,24.635,24.6521,10,10,1.0
brute_force,verified=true AND overall>=3.0,0.55,0.6582,10,14,0.0162,24.5412,24.5575,10,10,1.0
brute_force,verified=true AND overall>=3.0,0.55,0.6582,10,15,0.0138,24.5325,24.5463,10,10,1.0
brute_force,verified=true AND overall>=3.0,0.55,0.6582,10,16,0.0178,24.5891,24.6069,10,10,1.0
brute_force,verified=true AND overall>=3.0,0.55,0.6582,10,17,0.0172,24.5675,24.5847,10,10,1.0
brute_force,verified=true AND overall>=3.0,0.55,0.6582,10,18,0.06,24.4949,24.555,10,10,1.0
brute_force,verified=true AND overall>=3.0,0.55,0.6582,10,19,0.0228,24.8361,24.8589,10,10,1.0
brute_force,verified=true AND overall>=3.0,0.55,0.6582,10,20,0.0194,25.0539,25.0733,10,10,1.0
brute_force,verified=true AND overall>=3.0,0.55,0.6582,10,21,0.0273,24.9133,24.9406,10,10,1.0
brute_force,verified=true AND overall>=3.0,0.55,0.6582,10,22,0.0218,24.784,24.8057,10,10,1.0
brute_force,verified=true AND overall>=3.0,0.55,0.6582,10,23,0.0225,24.8572,24.8796,10,10,1.0
brute_force,verified=true AND overall>=3.0,0.55,0.6582,10,24,0.0335,24.9953,25.0288,10,10,1.0
brute_force,verified=true AND overall>=3.0,0.55,0.6582,10,25,0.0178,24.8177,24.8355,10,10,1.0
brute_force,verified=true AND overall>=3.0,0.55,0.6582,10,26,0.0229,24.9036,24.9265,10,10,1.0
brute_force,verified=true AND overall>=3.0,0.55,0.6582,10,27,0.0403,24.7317,24.7721,10,10,1.0
brute_force,verified=true AND overall>=3.0,0.55,0.6582,10,28,0.0218,24.8932,24.915,10,10,1.0
brute_force,verified=true AND overall>=3.0,0.55,0.6582,10,29,0.0202,24.8845,24.9047,10,10,1.0
brute_force,verified=true AND overall>=3.0,0.55,0.6582,10,30,0.0178,24.7361,24.754,10,10,1.0
brute_force,verified=true AND overall>=3.0,0.55,0.6582,10,31,0.0157,24.7277,24.7434,10,10,1.0
brute_force,verified=true AND overall>=3.0,0.55,0.6582,10,32,0.0548,24.8795,24.9343,10,10,1.0
brute_force,verified=true AND overall>=3.0,0.55,0.6582,10,33,0.0152,24.9463,24.9615,10,10,1.0
brute_force,verified=true AND overall>=3.0,0.55,0.6582,10,34,0.0193,24.7192,24.7385,10,10,1.0
brute_force,verified=true AND overall>=3.0,0.55,0.6582,10,35,0.0348,24.7105,24.7453,10,10,1.0
brute_force,verified=true AND overall>=3.0,0.55,0.6582,10,36,0.032,24.8424,24.8744,10,10,1.0
brute_force,verified=true AND overall>=3.0,0.55,0.6582,10,37,0.0169,24.8415,24.8584,10,10,1.0
brute_force,verified=true AND overall>=3.0,0.55,0.6582,10,38,0.0282,24.758,24.7863,10,10,1.0
brute_force,verified=true AND overall>=3.0,0.55,0.6582,10,39,0.0195,24.9668,24.9863,10,10,1.0
brute_force,verified=true AND overall>=3.0,0.55,0.6582,10,40,0.022,25.1606,25.1826,10,10,1.0
brute_force,verified=true AND overall>=3.0,0.55,0.6582,10,41,0.0872,24.9305,25.0176,10,10,1.0
brute_force,verified=true AND overall>=3.0,0.55,0.6582,10,42,0.0336,24.9057,24.9393,10,10,1.0
brute_force,verified=true AND overall>=3.0,0.55,0.6582,10,43,0.0209,25.3673,25.3882,10,10,1.0
brute_force,verified=true AND overall>=3.0,0.55,0.6582,10,44,0.0715,25.6261,25.6976,10,10,1.0
brute_force,verified=true AND overall>=3.0,0.55,0.6582,10,45,0.0215,25.4351,25.4566,10,10,1.0
brute_force,verified=true AND overall>=3.0,0.55,0.6582,10,46,0.0227,25.523,25.5458,10,10,1.0
brute_force,verified=true AND overall>=3.0,0.55,0.6582,10,47,0.0189,25.463,25.4819,10,10,1.0
brute_force,verified=true AND overall>=3.0,0.55,0.6582,10,48,0.0247,25.5631,25.5878,10,10,1.0
brute_force,verified=true AND overall>=3.0,0.55,0.6582,10,49,0.023,25.1779,25.201,10,10,1.0
naive_prefilter,verified=true AND overall>=3.0,0.55,0.6582,10,0,22.3602,40.7382,63.0984,127530,10,1.0
naive_prefilter,verified=true AND overall>=3.0,0.55,0.6582,10,1,22.7447,40.9718,63.7165,127530,10,1.0
naive_prefilter,verified=true AND overall>=3.0,0.55,0.6582,10,2,21.5525,38.8462,60.3988,127530,10,1.0
naive_prefilter,verified=true AND overall>=3.0,0.55,0.6582,10,3,21.6531,38.8021,60.4552,127530,10,1.0
naive_prefilter,verified=true AND overall>=3.0,0.55,0.6582,10,4,22.0108,39.2548,61.2656,127530,10,1.0
naive_prefilter,verified=true AND overall>=3.0,0.55,0.6582,10,5,22.168,41.7244,63.8923,127530,10,1.0
naive_prefilter,verified=true AND overall>=3.0,0.55,0.6582,10,6,21.9133,39.8776,61.791,127530,10,1.0
naive_prefilter,verified=true AND overall>=3.0,0.55,0.6582,10,7,21.8975,39.5727,61.4701,127530,10,1.0
naive_prefilter,verified=true AND overall>=3.0,0.55,0.6582,10,8,21.8418,40.6345,62.4764,127530,10,1.0
naive_prefilter,verified=true AND overall>=3.0,0.55,0.6582,10,9,21.671,39.7364,61.4074,127530,10,1.0
naive_prefilter,verified=true AND overall>=3.0,0.55,0.6582,10,10,21.5982,38.8146,60.4129,127530,10,1.0
naive_prefilter,verified=true AND overall>=3.0,0.55,0.6582,10,11,21.6228,39.022,60.6448,127530,10,1.0
naive_prefilter,verified=true AND overall>=3.0,0.55,0.6582,10,12,21.5988,39.5969,61.1957,127530,10,1.0
naive_prefilter,verified=true AND overall>=3.0,0.55,0.6582,10,13,21.6682,39.5704,61.2387,127530,10,1.0
naive_prefilter,verified=true AND overall>=3.0,0.55,0.6582,10,14,21.4355,41.8207,63.2562,127530,10,1.0
naive_prefilter,verified=true AND overall>=3.0,0.55,0.6582,10,15,22.2571,39.7421,61.9992,127530,10,1.0
naive_prefilter,verified=true AND overall>=3.0,0.55,0.6582,10,16,22.1801,39.6278,61.8078,127530,10,1.0
naive_prefilter,verified=true AND overall>=3.0,0.55,0.6582,10,17,22.1428,39.4592,61.6019,127530,10,1.0
naive_prefilter,verified=true AND overall>=3.0,0.55,0.6582,10,18,22.0989,39.8973,61.9961,127530,10,1.0
naive_prefilter,verified=true AND overall>=3.0,0.55,0.6582,10,19,21.9706,39.3549,61.3255,127530,10,1.0
naive_prefilter,verified=true AND overall>=3.0,0.55,0.6582,10,20,21.3453,40.8507,62.196,127530,10,1.0
naive_prefilter,verified=true AND overall>=3.0,0.55,0.6582,10,21,21.6197,38.7973,60.417,127530,10,1.0
naive_prefilter,verified=true AND overall>=3.0,0.55,0.6582,10,22,21.3432,38.6089,59.9521,127530,10,1.0
naive_prefilter,verified=true AND overall>=3.0,0.55,0.6582,10,23,21.1427,38.7573,59.9,127530,10,1.0
naive_prefilter,verified=true AND overall>=3.0,0.55,0.6582,10,24,21.2712,38.6773,59.9485,127530,10,1.0
naive_prefilter,verified=true AND overall>=3.0,0.55,0.6582,10,25,20.6934,39.1856,59.879,127530,10,1.0
naive_prefilter,verified=true AND overall>=3.0,0.55,0.6582,10,26,21.5207,70.4826,92.0033,127530,10,1.0
naive_prefilter,verified=true AND overall>=3.0,0.55,0.6582,10,27,22.9498,39.9981,62.9479,127530,10,1.0
naive_prefilter,verified=true AND overall>=3.0,0.55,0.6582,10,28,23.0616,39.8057,62.8673,127530,10,1.0
naive_prefilter,verified=true AND overall>=3.0,0.55,0.6582,10,29,22.5774,38.7937,61.371,127530,10,1.0
naive_prefilter,verified=true AND overall>=3.0,0.55,0.6582,10,30,22.398,38.7163,61.1142,127530,10,1.0
naive_prefilter,verified=true AND overall>=3.0,0.55,0.6582,10,31,22.6978,38.9077,61.6055,127530,10,1.0
naive_prefilter,verified=true AND overall>=3.0,0.55,0.6582,10,32,22.6888,40.9131,63.602,127530,10,1.0
naive_prefilter,verified=true AND overall>=3.0,0.55,0.6582,10,33,24.0577,56.6111,80.6687,127530,10,1.0
naive_prefilter,verified=true AND overall>=3.0,0.55,0.6582,10,34,24.3792,47.3232,71.7024,127530,10,1.0
naive_prefilter,verified=true AND overall>=3.0,0.55,0.6582,10,35,27.3067,58.32,85.6267,127530,10,1.0
naive_prefilter,verified=true AND overall>=3.0,0.55,0.6582,10,36,23.3384,48.668,72.0064,127530,10,1.0
naive_prefilter,verified=true AND overall>=3.0,0.55,0.6582,10,37,24.8423,47.646,72.4883,127530,10,1.0
naive_prefilter,verified=true AND overall>=3.0,0.55,0.6582,10,38,22.8506,43.3217,66.1723,127530,10,1.0
naive_prefilter,verified=true AND overall>=3.0,0.55,0.6582,10,39,22.7861,42.1532,64.9393,127530,10,1.0
naive_prefilter,verified=true AND overall>=3.0,0.55,0.6582,10,40,22.8343,42.0572,64.8916,127530,10,1.0
naive_prefilter,verified=true AND overall>=3.0,0.55,0.6582,10,41,22.7587,111.7988,134.5575,127530,10,1.0
naive_prefilter,verified=true AND overall>=3.0,0.55,0.6582,10,42,24.4874,77.0158,101.5032,127530,10,1.0
naive_prefilter,verified=true AND overall>=3.0,0.55,0.6582,10,43,23.501,41.3961,64.897,127530,10,1.0
naive_prefilter,verified=true AND overall>=3.0,0.55,0.6582,10,44,22.6525,39.5729,62.2254,127530,10,1.0
naive_prefilter,verified=true AND overall>=3.0,0.55,0.6582,10,45,22.6145,39.8563,62.4709,127530,10,1.0
naive_prefilter,verified=true AND overall>=3.0,0.55,0.6582,10,46,22.3762,38.8422,61.2184,127530,10,1.0
naive_prefilter,verified=true AND overall>=3.0,0.55,0.6582,10,47,22.531,39.0743,61.6053,127530,10,0.0
naive_prefilter,verified=true AND overall>=3.0,0.55,0.6582,10,48,22.5405,39.0377,61.5782,127530,10,1.0
naive_prefilter,verified=true AND overall>=3.0,0.55,0.6582,10,49,22.4182,67.4981,89.9163,127530,10,1.0
post_filter,verified=true AND overall>=3.0,0.55,0.6582,10,0,0.0064,0.4618,0.4682,10,10,1.0
post_filter,verified=true AND overall>=3.0,0.55,0.6582,10,1,0.0657,11.3707,11.4364,10,10,1.0
post_filter,verified=true AND overall>=3.0,0.55,0.6582,10,2,0.0882,7.9238,8.012,10,10,1.0
post_filter,verified=true AND overall>=3.0,0.55,0.6582,10,3,0.0659,10.2794,10.3453,10,10,1.0
post_filter,verified=true AND overall>=3.0,0.55,0.6582,10,4,0.0574,10.087,10.1445,10,10,1.0
post_filter,verified=true AND overall>=3.0,0.55,0.6582,10,5,0.091,5.0528,5.1438,10,10,1.0
post_filter,verified=true AND overall>=3.0,0.55,0.6582,10,6,0.7615,6.0205,6.7821,10,10,1.0
post_filter,verified=true AND overall>=3.0,0.55,0.6582,10,7,0.0884,4.0275,4.116,10,10,1.0
post_filter,verified=true AND overall>=3.0,0.55,0.6582,10,8,0.06,4.9601,5.02,10,10,1.0
post_filter,verified=true AND overall>=3.0,0.55,0.6582,10,9,0.0443,3.8588,3.903,10,10,1.0
post_filter,verified=true AND overall>=3.0,0.55,0.6582,10,10,0.0774,3.8661,3.9435,10,10,1.0
post_filter,verified=true AND overall>=3.0,0.55,0.6582,10,11,0.0417,2.9691,3.0108,10,10,1.0
post_filter,verified=true AND overall>=3.0,0.55,0.6582,10,12,0.0443,1.8569,1.9011,10,10,1.0
post_filter,verified=true AND overall>=3.0,0.55,0.6582,10,13,0.0482,3.6224,3.6706,10,10,1.0
post_filter,verified=true AND overall>=3.0,0.55,0.6582,10,14,0.0232,2.6189,2.6421,10,10,1.0
post_filter,verified=true AND overall>=3.0,0.55,0.6582,10,15,0.0222,1.1337,1.1559,10,10,1.0
post_filter,verified=true AND overall>=3.0,0.55,0.6582,10,16,0.033,3.9709,4.0039,10,10,1.0
post_filter,verified=true AND overall>=3.0,0.55,0.6582,10,17,0.0349,3.1933,3.2282,10,10,1.0
post_filter,verified=true AND overall>=3.0,0.55,0.6582,10,18,0.0743,1.8642,1.9385,10,10,1.0
post_filter,verified=true AND overall>=3.0,0.55,0.6582,10,19,0.047,2.9789,3.026,10,10,1.0
post_filter,verified=true AND overall>=3.0,0.55,0.6582,10,20,0.0332,2.4054,2.4386,10,10,1.0
post_filter,verified=true AND overall>=3.0,0.55,0.6582,10,21,0.0295,1.0868,1.1162,10,10,1.0
post_filter,verified=true AND overall>=3.0,0.55,0.6582,10,22,0.0428,2.5012,2.544,10,10,1.0
post_filter,verified=true AND overall>=3.0,0.55,0.6582,10,23,0.0428,2.559,2.6019,10,10,1.0
post_filter,verified=true AND overall>=3.0,0.55,0.6582,10,24,0.0567,1.8745,1.9312,10,10,1.0
post_filter,verified=true AND overall>=3.0,0.55,0.6582,10,25,0.0279,0.8807,0.9086,10,10,0.6
post_filter,verified=true AND overall>=3.0,0.55,0.6582,10,26,0.0356,1.3673,1.4029,10,10,1.0
post_filter,verified=true AND overall>=3.0,0.55,0.6582,10,27,0.0519,1.1536,1.2055,10,10,1.0
post_filter,verified=true AND overall>=3.0,0.55,0.6582,10,28,0.0496,2.5901,2.6397,10,10,1.0
post_filter,verified=true AND overall>=3.0,0.55,0.6582,10,29,0.0459,1.8775,1.9235,10,10,1.0
post_filter,verified=true AND overall>=3.0,0.55,0.6582,10,30,0.0149,1.2694,1.2843,10,10,0.0
post_filter,verified=true AND overall>=3.0,0.55,0.6582,10,31,0.0228,1.5687,1.5915,10,10,1.0
post_filter,verified=true AND overall>=3.0,0.55,0.6582,10,32,0.0631,1.9486,2.0117,10,10,1.0
post_filter,verified=true AND overall>=3.0,0.55,0.6582,10,33,0.0143,0.627,0.6413,10,10,1.0
post_filter,verified=true AND overall>=3.0,0.55,0.6582,10,34,0.0357,1.011,1.0467,10,10,1.0
post_filter,verified=true AND overall>=3.0,0.55,0.6582,10,35,0.0427,1.3532,1.3959,10,10,1.0
post_filter,verified=true AND overall>=3.0,0.55,0.6582,10,36,0.0471,1.5023,1.5494,10,10,1.0
post_filter,verified=true AND overall>=3.0,0.55,0.6582,10,37,0.015,1.2351,1.25,10,10,1.0
post_filter,verified=true AND overall>=3.0,0.55,0.6582,10,38,0.0257,1.4515,1.4773,10,10,1.0
post_filter,verified=true AND overall>=3.0,0.55,0.6582,10,39,0.0243,1.7035,1.7277,10,10,1.0
post_filter,verified=true AND overall>=3.0,0.55,0.6582,10,40,0.0192,1.5256,1.5448,10,10,1.0
post_filter,verified=true AND overall>=3.0,0.55,0.6582,10,41,0.0672,0.8909,0.9581,10,10,1.0
post_filter,verified=true AND overall>=3.0,0.55,0.6582,10,42,0.0276,1.1422,1.1698,10,10,1.0
post_filter,verified=true AND overall>=3.0,0.55,0.6582,10,43,0.0323,1.0509,1.0832,10,10,0.6
post_filter,verified=true AND overall>=3.0,0.55,0.6582,10,44,0.0553,1.1408,1.1962,10,10,1.0
post_filter,verified=true AND overall>=3.0,0.55,0.6582,10,45,0.0156,1.2439,1.2595,10,10,1.0
post_filter,verified=true AND overall>=3.0,0.55,0.6582,10,46,0.0161,0.9829,0.999,10,10,1.0
post_filter,verified=true AND overall>=3.0,0.55,0.6582,10,47,0.0366,0.4727,0.5093,10,10,0.0
post_filter,verified=true AND overall>=3.0,0.55,0.6582,10,48,0.017,1.2455,1.2625,10,10,1.0
post_filter,verified=true AND overall>=3.0,0.55,0.6582,10,49,0.0271,0.8317,0.8588,10,10,0.9
bitmap_prefilter,verified=true AND overall>=3.0,0.55,0.6582,10,0,0.1368,142.0017,142.1385,127530,10,1.0
bitmap_prefilter,verified=true AND overall>=3.0,0.55,0.6582,10,1,0.1471,39.9503,40.0974,127530,10,1.0
bitmap_prefilter,verified=true AND overall>=3.0,0.55,0.6582,10,2,0.1317,38.1728,38.3045,127530,10,1.0
bitmap_prefilter,verified=true AND overall>=3.0,0.55,0.6582,10,3,0.1337,39.194,39.3277,127530,10,1.0
bitmap_prefilter,verified=true AND overall>=3.0,0.55,0.6582,10,4,0.133,38.1948,38.3278,127530,10,1.0
bitmap_prefilter,verified=true AND overall>=3.0,0.55,0.6582,10,5,0.1355,37.7975,37.933,127530,10,1.0
bitmap_prefilter,verified=true AND overall>=3.0,0.55,0.6582,10,6,0.1298,37.5785,37.7083,127530,10,1.0
bitmap_prefilter,verified=true AND overall>=3.0,0.55,0.6582,10,7,0.1306,37.9013,38.0319,127530,10,1.0
bitmap_prefilter,verified=true AND overall>=3.0,0.55,0.6582,10,8,0.1272,37.3234,37.4506,127530,10,1.0
bitmap_prefilter,verified=true AND overall>=3.0,0.55,0.6582,10,9,0.1382,37.5755,37.7137,127530,10,1.0
bitmap_prefilter,verified=true AND overall>=3.0,0.55,0.6582,10,10,0.134,38.0057,38.1397,127530,10,1.0
bitmap_prefilter,verified=true AND overall>=3.0,0.55,0.6582,10,11,0.1422,36.9515,37.0937,127530,10,1.0
bitmap_prefilter,verified=true AND overall>=3.0,0.55,0.6582,10,12,0.1331,36.8302,36.9633,127530,10,1.0
bitmap_prefilter,verified=true AND overall>=3.0,0.55,0.6582,10,13,0.1278,36.7503,36.8781,127530,10,1.0
bitmap_prefilter,verified=true AND overall>=3.0,0.55,0.6582,10,14,0.1243,36.5949,36.7191,127530,10,1.0
bitmap_prefilter,verified=true AND overall>=3.0,0.55,0.6582,10,15,0.1254,36.6432,36.7685,127530,10,1.0
bitmap_prefilter,verified=true AND overall>=3.0,0.55,0.6582,10,16,0.1193,36.6938,36.8131,127530,10,1.0
bitmap_prefilter,verified=true AND overall>=3.0,0.55,0.6582,10,17,0.1177,39.7243,39.842,127530,10,1.0
bitmap_prefilter,verified=true AND overall>=3.0,0.55,0.6582,10,18,0.1262,40.259,40.3852,127530,10,1.0
bitmap_prefilter,verified=true AND overall>=3.0,0.55,0.6582,10,19,0.121,37.2425,37.3635,127530,10,1.0
bitmap_prefilter,verified=true AND overall>=3.0,0.55,0.6582,10,20,0.116,36.8405,36.9564,127530,10,1.0
bitmap_prefilter,verified=true AND overall>=3.0,0.55,0.6582,10,21,0.1161,36.7919,36.908,127530,10,1.0
bitmap_prefilter,verified=true AND overall>=3.0,0.55,0.6582,10,22,0.117,37.1425,37.2595,127530,10,1.0
bitmap_prefilter,verified=true AND overall>=3.0,0.55,0.6582,10,23,0.1303,37.0598,37.19,127530,10,1.0
bitmap_prefilter,verified=true AND overall>=3.0,0.55,0.6582,10,24,0.1226,37.2614,37.384,127530,10,1.0
bitmap_prefilter,verified=true AND overall>=3.0,0.55,0.6582,10,25,0.1303,36.7505,36.8808,127530,10,1.0
bitmap_prefilter,verified=true AND overall>=3.0,0.55,0.6582,10,26,0.1222,36.8412,36.9634,127530,10,1.0
bitmap_prefilter,verified=true AND overall>=3.0,0.55,0.6582,10,27,0.1168,36.7646,36.8814,127530,10,1.0
bitmap_prefilter,verified=true AND overall>=3.0,0.55,0.6582,10,28,0.1207,36.744,36.8646,127530,10,1.0
bitmap_prefilter,verified=true AND overall>=3.0,0.55,0.6582,10,29,0.1168,36.7299,36.8467,127530,10,1.0
bitmap_prefilter,verified=true AND overall>=3.0,0.55,0.6582,10,30,0.1243,36.686,36.8103,127530,10,1.0
bitmap_prefilter,verified=true AND overall>=3.0,0.55,0.6582,10,31,0.1198,36.6345,36.7543,127530,10,1.0
bitmap_prefilter,verified=true AND overall>=3.0,0.55,0.6582,10,32,0.1171,36.685,36.8022,127530,10,1.0
bitmap_prefilter,verified=true AND overall>=3.0,0.55,0.6582,10,33,0.1201,36.7922,36.9123,127530,10,1.0
bitmap_prefilter,verified=true AND overall>=3.0,0.55,0.6582,10,34,0.1175,36.7426,36.8601,127530,10,1.0
bitmap_prefilter,verified=true AND overall>=3.0,0.55,0.6582,10,35,0.116,36.7051,36.821,127530,10,1.0
bitmap_prefilter,verified=true AND overall>=3.0,0.55,0.6582,10,36,0.1159,36.6651,36.781,127530,10,1.0
bitmap_prefilter,verified=true AND overall>=3.0,0.55,0.6582,10,37,0.1167,36.9267,37.0433,127530,10,1.0
bitmap_prefilter,verified=true AND overall>=3.0,0.55,0.6582,10,38,0.1162,36.7655,36.8818,127530,10,1.0
bitmap_prefilter,verified=true AND overall>=3.0,0.55,0.6582,10,39,0.1283,36.86,36.9883,127530,10,1.0
bitmap_prefilter,verified=true AND overall>=3.0,0.55,0.6582,10,40,0.1245,36.78,36.9045,127530,10,1.0
bitmap_prefilter,verified=true AND overall>=3.0,0.55,0.6582,10,41,0.1205,36.7131,36.8336,127530,10,1.0
bitmap_prefilter,verified=true AND overall>=3.0,0.55,0.6582,10,42,0.1194,36.7898,36.9091,127530,10,1.0
bitmap_prefilter,verified=true AND overall>=3.0,0.55,0.6582,10,43,0.1175,36.7902,36.9077,127530,10,1.0
bitmap_prefilter,verified=true AND overall>=3.0,0.55,0.6582,10,44,0.1202,36.8586,36.9788,127530,10,1.0
bitmap_prefilter,verified=true AND overall>=3.0,0.55,0.6582,10,45,0.121,36.8132,36.9342,127530,10,1.0
bitmap_prefilter,verified=true AND overall>=3.0,0.55,0.6582,10,46,0.1214,37.0098,37.1312,127530,10,1.0
bitmap_prefilter,verified=true AND overall>=3.0,0.55,0.6582,10,47,0.1182,37.4328,37.5509,127530,10,0.0
bitmap_prefilter,verified=true AND overall>=3.0,0.55,0.6582,10,48,0.1165,36.9362,37.0527,127530,10,1.0
bitmap_prefilter,verified=true AND overall>=3.0,0.55,0.6582,10,49,0.1188,39.2347,39.3534,127530,10,1.0
brute_force,verified=true AND overall>=3.0,0.55,0.6582,50,0,0.0543,24.7247,24.779,50,50,1.0
brute_force,verified=true AND overall>=3.0,0.55,0.6582,50,1,0.1778,24.7842,24.9619,50,50,1.0
brute_force,verified=true AND overall>=3.0,0.55,0.6582,50,2,0.183,24.6785,24.8614,50,50,1.0
brute_force,verified=true AND overall>=3.0,0.55,0.6582,50,3,0.1697,24.7645,24.9342,50,50,1.0
brute_force,verified=true AND overall>=3.0,0.55,0.6582,50,4,0.2009,24.8137,25.0145,50,50,1.0
brute_force,verified=true AND overall>=3.0,0.55,0.6582,50,5,0.2719,24.8516,25.1235,50,50,1.0
brute_force,verified=true AND overall>=3.0,0.55,0.6582,50,6,0.2287,24.9341,25.1629,50,50,1.0
brute_force,verified=true AND overall>=3.0,0.55,0.6582,50,7,0.2295,24.9246,25.1541,50,50,1.0
brute_force,verified=true AND overall>=3.0,0.55,0.6582,50,8,0.1647,24.999,25.1636,50,50,0.96
brute_force,verified=true AND overall>=3.0,0.55,0.6582,50,9,0.1413,25.2187,25.3599,50,50,1.0
brute_force,verified=true AND overall>=3.0,0.55,0.6582,50,10,0.2398,25.3111,25.5509,50,50,1.0
brute_force,verified=true AND overall>=3.0,0.55,0.6582,50,11,0.168,25.1274,25.2954,50,50,1.0
brute_force,verified=true AND overall>=3.0,0.55,0.6582,50,12,0.1177,25.3351,25.4529,50,50,1.0
brute_force,verified=true AND overall>=3.0,0.55,0.6582,50,13,0.1243,25.4593,25.5835,50,50,1.0
brute_force,verified=true AND overall>=3.0,0.55,0.6582,50,14,0.1219,25.1285,25.2505,50,50,1.0
brute_force,verified=true AND overall>=3.0,0.55,0.6582,50,15,0.0887,24.8155,24.9042,50,50,1.0
brute_force,verified=true AND overall>=3.0,0.55,0.6582,50,16,0.1619,24.7536,24.9155,50,50,1.0
brute_force,verified=true AND overall>=3.0,0.55,0.6582,50,17,0.1235,24.6624,24.7859,50,50,1.0
brute_force,verified=true AND overall>=3.0,0.55,0.6582,50,18,0.2364,24.4711,24.7075,50,50,1.0
brute_force,verified=true AND overall>=3.0,0.55,0.6582,50,19,0.1295,24.5836,24.7132,50,50,1.0
brute_force,verified=true AND overall>=3.0,0.55,0.6582,50,20,0.1227,24.6914,24.8141,50,50,1.0
brute_force,verified=true AND overall>=3.0,0.55,0.6582,50,21,0.0675,24.6208,24.6882,50,50,1.0
brute_force,verified=true AND overall>=3.0,0.55,0.6582,50,22,0.1793,24.6069,24.7862,50,50,1.0
brute_force,verified=true AND overall>=3.0,0.55,0.6582,50,23,0.1011,24.7162,24.8173,50,50,1.0
brute_force,verified=true AND overall>=3.0,0.55,0.6582,50,24,0.1873,24.6446,24.8319,50,50,1.0
brute_force,verified=true AND overall>=3.0,0.55,0.6582,50,25,0.0821,24.6705,24.7525,50,50,1.0
brute_force,verified=true AND overall>=3.0,0.55,0.6582,50,26,0.1205,24.5167,24.6372,50,50,1.0
brute_force,verified=true AND overall>=3.0,0.55,0.6582,50,27,0.1737,24.563,24.7367,50,50,1.0
brute_force,verified=true AND overall>=3.0,0.55,0.6582,50,28,0.1364,24.5795,24.7159,50,50,1.0
brute_force,verified=true AND overall>=3.0,0.55,0.6582,50,29,0.1085,24.6928,24.8013,50,50,1.0
brute_force,verified=true AND overall>=3.0,0.55,0.6582,50,30,0.1197,24.5002,24.6199,50,50,1.0
brute_force,verified=true AND overall>=3.0,0.55,0.6582,50,31,0.0968,24.6586,24.7553,50,50,1.0
brute_force,verified=true AND overall>=3.0,0.55,0.6582,50,32,0.1739,24.7147,24.8886,50,50,1.0
brute_force,verified=true AND overall>=3.0,0.55,0.6582,50,33,0.0582,24.7731,24.8313,50,50,1.0
brute_force,verified=true AND overall>=3.0,0.55,0.6582,50,34,0.0905,24.6304,24.7208,50,50,1.0
brute_force,verified=true AND overall>=3.0,0.55,0.6582,50,35,0.1943,25.068,25.2623,50,50,1.0
brute_force,verified=true AND overall>=3.0,0.55,0.6582,50,36,0.1483,25.4193,25.5676,50,50,1.0
brute_force,verified=true AND overall>=3.0,0.55,0.6582,50,37,0.0983,25.3526,25.451,50,50,1.0
brute_force,verified=true AND overall>=3.0,0.55,0.6582,50,38,0.149,25.0157,25.1647,50,50,1.0
brute_force,verified=true AND overall>=3.0,0.55,0.6582,50,39,0.0911,24.9717,25.0628,50,50,1.0
brute_force,verified=true AND overall>=3.0,0.55,0.6582,50,40,0.1069,24.823,24.9299,50,50,1.0
brute_force,verified=true AND overall>=3.0,0.55,0.6582,50,41,0.3408,24.8643,25.2051,50,50,1.0
brute_force,verified=true AND overall>=3.0,0.55,0.6582,50,42,0.1306,24.7163,24.8469,50,50,1.0
brute_force,verified=true AND overall>=3.0,0.55,0.6582,50,43,0.1247,25.25,25.3747,50,50,1.0
brute_force,verified=true AND overall>=3.0,0.55,0.6582,50,44,0.3288,25.3006,25.6294,50,50,1.0
brute_force,verified=true AND overall>=3.0,0.55,0.6582,50,45,0.1217,25.3121,25.4337,50,50,1.0
brute_force,verified=true AND overall>=3.0,0.55,0.6582,50,46,0.0998,25.0083,25.1081,50,50,1.0
brute_force,verified=true AND overall>=3.0,0.55,0.6582,50,47,0.1126,25.0988,25.2115,50,50,1.0
brute_force,verified=true AND overall>=3.0,0.55,0.6582,50,48,0.0953,25.304,25.3993,50,50,1.0
brute_force,verified=true AND overall>=3.0,0.55,0.6582,50,49,0.1163,25.1092,25.2255,50,50,1.0
naive_prefilter,verified=true AND overall>=3.0,0.55,0.6582,50,0,22.4007,38.8533,61.254,127530,50,1.0
naive_prefilter,verified=true AND overall>=3.0,0.55,0.6582,50,1,22.2546,38.802,61.0566,127530,50,1.0
naive_prefilter,verified=true AND overall>=3.0,0.55,0.6582,50,2,22.2674,38.55,60.8173,127530,50,1.0
naive_prefilter,verified=true AND overall>=3.0,0.55,0.6582,50,3,22.6026,39.1949,61.7975,127530,50,1.0
naive_prefilter,verified=true AND overall>=3.0,0.55,0.6582,50,4,22.6578,41.1194,63.7772,127530,50,1.0
naive_prefilter,verified=true AND overall>=3.0,0.55,0.6582,50,5,49.4228,42.3568,91.7795,127530,50,1.0
naive_prefilter,verified=true AND overall>=3.0,0.55,0.6582,50,6,22.818,39.7013,62.5193,127530,50,1.0
naive_prefilter,verified=true AND overall>=3.0,0.55,0.6582,50,7,22.7903,40.3567,63.147,127530,50,1.0
naive_prefilter,verified=true AND overall>=3.0,0.55,0.6582,50,8,23.0392,39.3085,62.3477,127530,50,0.96
naive_prefilter,verified=true AND overall>=3.0,0.55,0.6582,50,9,22.7564,39.6069,62.3632,127530,50,1.0
naive_prefilter,verified=true AND overall>=3.0,0.55,0.6582,50,10,22.5899,39.8574,62.4472,127530,50,1.0
naive_prefilter,verified=true AND overall>=3.0,0.55,0.6582,50,11,22.0887,39.2874,61.376,127530,50,1.0
naive_prefilter,verified=true AND overall>=3.0,0.55,0.6582,50,12,22.574,38.9373,61.5114,127530,50,1.0
naive_prefilter,verified=true AND overall>=3.0,0.55,0.6582,50,13,21.8533,38.8377,60.691,127530,50,1.0
naive_prefilter,verified=true AND overall>=3.0,0.55,0.6582,50,14,22.1795,38.9043,61.0839,127530,50,1.0
naive_prefilter,verified=true AND overall>=3.0,0.55,0.6582,50,15,22.8759,39.5855,62.4614,127530,50,1.0
naive_prefilter,verified=true AND overall>=3.0,0.55,0.6582,50,16,22.6572,39.2047,61.8619,127530,50,1.0
naive_prefilter,verified=true AND overall>=3.0,0.55,0.6582,50,17,22.7313,39.5996,62.3309,127530,50,1.0
naive_prefilter,verified=true AND overall>=3.0,0.55,0.6582,50,18,22.4847,39.2294,61.7141,127530,50,1.0
naive_prefilter,verified=true AND overall>=3.0,0.55,0.6582,50,19,22.5942,39.1581,61.7523,127530,50,1.0
naive_prefilter,verified=true AND overall>=3.0,0.55,0.6582,50,20,22.518,39.1746,61.6926,127530,50,1.0
naive_prefilter,verified=true AND overall>=3.0,0.55,0.6582,50,21,22.8096,39.4467,62.2563,127530,50,1.0
naive_prefilter,verified=true AND overall>=3.0,0.55,0.6582,50,22,22.707,39.2676,61.9746,127530,50,1.0
naive_prefilter,verified=true AND overall>=3.0,0.55,0.6582,50,23,22.4104,38.9173,61.3277,127530,50,1.0
naive_prefilter,verified=true AND overall>=3.0,0.55,0.6582,50,24,22.6647,38.9298,61.5945,127530,50,1.0
naive_prefilter,verified=true AND overall>=3.0,0.55,0.6582,50,25,22.7528,39.0562,61.809,127530,50,1.0
naive_prefilter,verified=true AND overall>=3.0,0.55,0.6582,50,26,22.6782,38.9168,61.595,127530,50,1.0
naive_prefilter,verified=true AND overall>=3.0,0.55,0.6582,50,27,22.2613,39.3533,61.6146,127530,50,1.0
naive_prefilter,verified=true AND overall>=3.0,0.55,0.6582,50,28,22.5246,39.5548,62.0794,127530,50,1.0
naive_prefilter,verified=true AND overall>=3.0,0.55,0.6582,50,29,22.3999,38.7513,61.1512,127530,50,1.0
naive_prefilter,verified=true AND overall>=3.0,0.55,0.6582,50,30,22.5846,38.7536,61.3382,127530,50,1.0
naive_prefilter,verified=true AND overall>=3.0,0.55,0.6582,50,31,22.394,38.6845,61.0785,127530,50,1.0
naive_prefilter,verified=true AND overall>=3.0,0.55,0.6582,50,32,22.3653,38.7684,61.1338,127530,50,1.0
naive_prefilter,verified=true AND overall>=3.0,0.55,0.6582,50,33,22.4827,38.5998,61.0825,127530,50,1.0
naive_prefilter,verified=true AND overall>=3.0,0.55,0.6582,50,34,22.4697,38.7082,61.1778,127530,50,1.0
naive_prefilter,verified=true AND overall>=3.0,0.55,0.6582,50,35,22.6022,38.811,61.4132,127530,50,1.0
naive_prefilter,verified=true AND overall>=3.0,0.55,0.6582,50,36,22.5477,38.8316,61.3793,127530,50,1.0
naive_prefilter,verified=true AND overall>=3.0,0.55,0.6582,50,37,22.1843,38.8099,60.9942,127530,50,1.0
naive_prefilter,verified=true AND overall>=3.0,0.55,0.6582,50,38,22.5059,38.8957,61.4016,127530,50,1.0
naive_prefilter,verified=true AND overall>=3.0,0.55,0.6582,50,39,22.4982,38.738,61.2362,127530,50,1.0
naive_prefilter,verified=true AND overall>=3.0,0.55,0.6582,50,40,21.9968,38.7039,60.7008,127530,50,1.0
naive_prefilter,verified=true AND overall>=3.0,0.55,0.6582,50,41,22.2934,38.7722,61.0656,127530,50,1.0
naive_prefilter,verified=true AND overall>=3.0,0.55,0.6582,50,42,21.4239,38.8313,60.2552,127530,50,1.0
naive_prefilter,verified=true AND overall>=3.0,0.55,0.6582,50,43,22.2994,38.765,61.0645,127530,50,1.0
naive_prefilter,verified=true AND overall>=3.0,0.55,0.6582,50,44,22.265,38.7194,60.9844,127530,50,1.0
naive_prefilter,verified=true AND overall>=3.0,0.55,0.6582,50,45,21.9839,38.7244,60.7083,127530,50,1.0
naive_prefilter,verified=true AND overall>=3.0,0.55,0.6582,50,46,21.8161,38.7076,60.5237,127530,50,1.0
naive_prefilter,verified=true AND overall>=3.0,0.55,0.6582,50,47,22.096,38.6295,60.7255,127530,50,0.0
naive_prefilter,verified=true AND overall>=3.0,0.55,0.6582,50,48,21.7083,38.6451,60.3533,127530,50,1.0
naive_prefilter,verified=true AND overall>=3.0,0.55,0.6582,50,49,21.8627,38.8148,60.6775,127530,50,1.0
post_filter,verified=true AND overall>=3.0,0.55,0.6582,50,0,0.025,0.4921,0.517,50,50,1.0
post_filter,verified=true AND overall>=3.0,0.55,0.6582,50,1,0.0737,1.0955,1.1692,50,50,1.0
post_filter,verified=true AND overall>=3.0,0.55,0.6582,50,2,0.074,0.8495,0.9235,50,50,0.98
post_filter,verified=true AND overall>=3.0,0.55,0.6582,50,3,0.0678,1.01,1.0778,50,50,1.0
post_filter,verified=true AND overall>=3.0,0.55,0.6582,50,4,0.1,1.1422,1.2421,50,50,0.96
post_filter,verified=true AND overall>=3.0,0.55,0.6582,50,5,0.1653,1.1071,1.2724,50,50,0.96
post_filter,verified=true AND overall>=3.0,0.55,0.6582,50,6,0.1077,1.3613,1.469,50,50,1.0
post_filter,verified=true AND overall>=3.0,0.55,0.6582,50,7,0.1417,0.8156,0.9573,50,50,0.98
post_filter,verified=true AND overall>=3.0,0.55,0.6582,50,8,0.0809,1.1628,1.2437,50,50,0.96
post_filter,verified=true AND overall>=3.0,0.55,0.6582,50,9,0.0683,1.1328,1.2011,50,50,0.98
post_filter,verified=true AND overall>=3.0,0.55,0.6582,50,10,0.0982,1.0228,1.1209,50,50,1.0
post_filter,verified=true AND overall>=3.0,0.55,0.6582,50,11,0.0873,1.0256,1.1129,50,50,1.0
post_filter,verified=true AND overall>=3.0,0.55,0.6582,50,12,0.0601,0.8395,0.8997,50,50,1.0
post_filter,verified=true AND overall>=3.0,0.55,0.6582,50,13,0.06,0.8927,0.9526,50,50,1.0
post_filter,verified=true AND overall>=3.0,0.55,0.6582,50,14,0.0751,0.6585,0.7336,50,50,1.0
post_filter,verified=true AND overall>=3.0,0.55,0.6582,50,15,0.0531,0.5529,0.606,50,50,1.0
post_filter,verified=true AND overall>=3.0,0.55,0.6582,50,16,0.0712,1.0757,1.1469,50,50,1.0
post_filter,verified=true AND overall>=3.0,0.55,0.6582,50,17,0.059,0.8189,0.8779,50,50,0.98
post_filter,verified=true AND overall>=3.0,0.55,0.6582,50,18,0.1813,0.9635,1.1449,50,50,0.94
post_filter,verified=true AND overall>=3.0,0.55,0.6582,50,19,0.0801,0.9982,1.0784,50,50,0.98
post_filter,verified=true AND overall>=3.0,0.55,0.6582,50,20,0.0573,0.6871,0.7444,50,50,1.0
post_filter,verified=true AND overall>=3.0,0.55,0.6582,50,21,0.0587,0.7409,0.7996,50,50,1.0
post_filter,verified=true AND overall>=3.0,0.55,0.6582,50,22,0.0798,0.7919,0.8717,50,50,1.0
post_filter,verified=true AND overall>=3.0,0.55,0.6582,50,23,0.0586,0.7396,0.7982,50,50,1.0
post_filter,verified=true AND overall>=3.0,0.55,0.6582,50,24,0.1041,1.0949,1.199,50,50,0.98
post_filter,verified=true AND overall>=3.0,0.55,0.6582,50,25,0.0532,0.3312,0.3844,50,50,0.92
post_filter,verified=true AND overall>=3.0,0.55,0.6582,50,26,0.0773,0.9787,1.056,50,50,0.98
post_filter,verified=true AND overall>=3.0,0.55,0.6582,50,27,0.1244,0.9293,1.0537,50,50,1.0
post_filter,verified=true AND overall>=3.0,0.55,0.6582,50,28,0.0718,0.9578,1.0296,50,50,1.0
post_filter,verified=true AND overall>=3.0,0.55,0.6582,50,29,0.0595,0.5949,0.6544,50,50,0.98
post_filter,verified=true AND overall>=3.0,0.55,0.6582,50,30,0.0669,0.4517,0.5186,50,50,0.0
post_filter,verified=true AND overall>=3.0,0.55,0.6582,50,31,0.0592,0.9464,1.0056,50,50,1.0
post_filter,verified=true AND overall>=3.0,0.55,0.6582,50,32,0.1264,0.7383,0.8647,50,50,1.0
post_filter,verified=true AND overall>=3.0,0.55,0.6582,50,33,0.0531,0.5683,0.6215,50,50,1.0
post_filter,verified=true AND overall>=3.0,0.55,0.6582,50,34,0.0655,0.9442,1.0098,50,50,1.0
post_filter,verified=true AND overall>=3.0,0.55,0.6582,50,35,0.1338,0.9748,1.1086,50,50,0.94
post_filter,verified=true AND overall>=3.0,0.55,0.6582,50,36,0.0966,0.7964,0.893,50,50,0.94
post_filter,verified=true AND overall>=3.0,0.55,0.6582,50,37,0.0601,0.7896,0.8498,50,50,1.0
post_filter,verified=true AND overall>=3.0,0.55,0.6582,50,38,0.0974,1.2295,1.3268,50,50,0.9
post_filter,verified=true AND overall>=3.0,0.55,0.6582,50,39,0.0577,0.5734,0.6311,50,50,1.0
post_filter,verified=true AND overall>=3.0,0.55,0.6582,50,40,0.0728,1.2033,1.2761,50,50,1.0
post_filter,verified=true AND overall>=3.0,0.55,0.6582,50,41,0.2805,0.6377,0.9182,50,50,0.96
post_filter,verified=true AND overall>=3.0,0.55,0.6582,50,42,0.0974,0.9836,1.081,50,50,0.94
post_filter,verified=true AND overall>=3.0,0.55,0.6582,50,43,0.0728,0.4843,0.557,50,50,0.82
post_filter,verified=true AND overall>=3.0,0.55,0.6582,50,44,0.2805,0.7162,0.9968,50,50,0.94
post_filter,verified=true AND overall>=3.0,0.55,0.6582,50,45,0.073,1.0395,1.1124,50,50,0.96
post_filter,verified=true AND overall>=3.0,0.55,0.6582,50,46,0.0668,0.8601,0.9269,50,50,0.98
post_filter,verified=true AND overall>=3.0,0.55,0.6582,50,47,0.055,0.293,0.3481,50,50,0.12
post_filter,verified=true AND overall>=3.0,0.55,0.6582,50,48,0.0616,1.0351,1.0968,50,50,1.0
post_filter,verified=true AND overall>=3.0,0.55,0.6582,50,49,0.0552,0.495,0.5503,50,50,0.96
bitmap_prefilter,verified=true AND overall>=3.0,0.55,0.6582,50,0,0.1231,36.655,36.7781,127530,50,1.0
bitmap_prefilter,verified=true AND overall>=3.0,0.55,0.6582,50,1,0.125,36.5957,36.7207,127530,50,1.0
bitmap_prefilter,verified=true AND overall>=3.0,0.55,0.6582,50,2,0.1215,36.7664,36.8879,127530,50,1.0
bitmap_prefilter,verified=true AND overall>=3.0,0.55,0.6582,50,3,0.1213,36.8613,36.9825,127530,50,1.0
bitmap_prefilter,verified=true AND overall>=3.0,0.55,0.6582,50,4,0.1261,37.3068,37.433,127530,50,1.0
bitmap_prefilter,verified=true AND overall>=3.0,0.55,0.6582,50,5,0.1223,37.491,37.6133,127530,50,1.0
bitmap_prefilter,verified=true AND overall>=3.0,0.55,0.6582,50,6,0.1238,37.332,37.4557,127530,50,1.0
bitmap_prefilter,verified=true AND overall>=3.0,0.55,0.6582,50,7,0.1245,37.6004,37.7249,127530,50,1.0
bitmap_prefilter,verified=true AND overall>=3.0,0.55,0.6582,50,8,0.1172,38.0171,38.1343,127530,50,0.96
bitmap_prefilter,verified=true AND overall>=3.0,0.55,0.6582,50,9,0.1182,36.9976,37.1158,127530,50,1.0
bitmap_prefilter,verified=true AND overall>=3.0,0.55,0.6582,50,10,0.1171,37.3097,37.4268,127530,50,1.0
bitmap_prefilter,verified=true AND overall>=3.0,0.55,0.6582,50,11,0.1185,36.8533,36.9719,127530,50,1.0
bitmap_prefilter,verified=true AND overall>=3.0,0.55,0.6582,50,12,0.1158,36.7957,36.9115,127530,50,1.0
bitmap_prefilter,verified=true AND overall>=3.0,0.55,0.6582,50,13,0.1157,36.6378,36.7535,127530,50,1.0
bitmap_prefilter,verified=true AND overall>=3.0,0.55,0.6582,50,14,0.116,36.7055,36.8215,127530,50,1.0
bitmap_prefilter,verified=true AND overall>=3.0,0.55,0.6582,50,15,0.1163,36.7175,36.8338,127530,50,1.0
bitmap_prefilter,verified=true AND overall>=3.0,0.55,0.6582,50,16,0.1156,36.7069,36.8225,127530,50,1.0
bitmap_prefilter,verified=true AND overall>=3.0,0.55,0.6582,50,17,0.1155,36.6195,36.735,127530,50,1.0
bitmap_prefilter,verified=true AND overall>=3.0,0.55,0.6582,50,18,0.1149,37.3839,37.4988,127530,50,1.0
bitmap_prefilter,verified=true AND overall>=3.0,0.55,0.6582,50,19,0.1169,38.0856,38.2025,127530,50,1.0
bitmap_prefilter,verified=true AND overall>=3.0,0.55,0.6582,50,20,0.1164,36.6897,36.8061,127530,50,1.0
bitmap_prefilter,verified=true AND overall>=3.0,0.55,0.6582,50,21,0.1151,36.7952,36.9103,127530,50,1.0
bitmap_prefilter,verified=true AND overall>=3.0,0.55,0.6582,50,22,0.1152,36.6681,36.7833,127530,50,1.0
bitmap_prefilter,verified=true AND overall>=3.0,0.55,0.6582,50,23,0.1156,37.1348,37.2505,127530,50,1.0
bitmap_prefilter,verified=true AND overall>=3.0,0.55,0.6582,50,24,0.1143,36.9839,37.0982,127530,50,1.0
bitmap_prefilter,verified=true AND overall>=3.0,0.55,0.6582,50,25,0.1154,36.8117,36.9271,127530,50,1.0
bitmap_prefilter,verified=true AND overall>=3.0,0.55,0.6582,50,26,0.1155,36.7644,36.88,127530,50,1.0
bitmap_prefilter,verified=true AND overall>=3.0,0.55,0.6582,50,27,0.1148,36.9182,37.033,127530,50,1.0
bitmap_prefilter,verified=true AND overall>=3.0,0.55,0.6582,50,28,0.1191,36.691,36.8101,127530,50,1.0
bitmap_prefilter,verified=true AND overall>=3.0,0.55,0.6582,50,29,0.1154,36.6989,36.8143,127530,50,1.0
bitmap_prefilter,verified=true AND overall>=3.0,0.55,0.6582,50,30,0.1179,36.6051,36.723,127530,50,1.0
bitmap_prefilter,verified=true AND overall>=3.0,0.55,0.6582,50,31,0.1146,36.665,36.7796,127530,50,1.0
bitmap_prefilter,verified=true AND overall>=3.0,0.55,0.6582,50,32,0.1157,36.6615,36.7772,127530,50,1.0
bitmap_prefilter,verified=true AND overall>=3.0,0.55,0.6582,50,33,0.1264,36.7535,36.8799,127530,50,1.0
bitmap_prefilter,verified=true AND overall>=3.0,0.55,0.6582,50,34,0.123,36.8432,36.9662,127530,50,1.0
bitmap_prefilter,verified=true AND overall>=3.0,0.55,0.6582,50,35,0.1235,38.164,38.2875,127530,50,1.0
bitmap_prefilter,verified=true AND overall>=3.0,0.55,0.6582,50,36,0.1306,39.763,39.8936,127530,50,1.0
bitmap_prefilter,verified=true AND overall>=3.0,0.55,0.6582,50,37,0.133,38.197,38.33,127530,50,1.0
bitmap_prefilter,verified=true AND overall>=3.0,0.55,0.6582,50,38,0.1442,39.5593,39.7035,127530,50,1.0
bitmap_prefilter,verified=true AND overall>=3.0,0.55,0.6582,50,39,0.1312,39.9112,40.0423,127530,50,1.0
bitmap_prefilter,verified=true AND overall>=3.0,0.55,0.6582,50,40,0.1263,39.4103,39.5366,127530,50,1.0
bitmap_prefilter,verified=true AND overall>=3.0,0.55,0.6582,50,41,0.133,72.6349,72.768,127530,50,1.0
bitmap_prefilter,verified=true AND overall>=3.0,0.55,0.6582,50,42,0.134,38.2151,38.3491,127530,50,1.0
bitmap_prefilter,verified=true AND overall>=3.0,0.55,0.6582,50,43,0.1275,37.7809,37.9084,127530,50,1.0
bitmap_prefilter,verified=true AND overall>=3.0,0.55,0.6582,50,44,0.1312,38.2832,38.4144,127530,50,1.0
bitmap_prefilter,verified=true AND overall>=3.0,0.55,0.6582,50,45,0.1272,38.38,38.5072,127530,50,1.0
bitmap_prefilter,verified=true AND overall>=3.0,0.55,0.6582,50,46,0.1217,39.0327,39.1543,127530,50,1.0
bitmap_prefilter,verified=true AND overall>=3.0,0.55,0.6582,50,47,0.133,37.9958,38.1288,127530,50,0.0
bitmap_prefilter,verified=true AND overall>=3.0,0.55,0.6582,50,48,0.1239,38.8986,39.0225,127530,50,1.0
bitmap_prefilter,verified=true AND overall>=3.0,0.55,0.6582,50,49,0.1328,37.3991,37.5319,127530,50,1.0
brute_force,verified=true AND overall>=2.0,0.6,0.6902,10,0,0.0278,24.8588,24.8865,10,10,1.0
brute_force,verified=true AND overall>=2.0,0.6,0.6902,10,1,0.0274,25.4087,25.4361,10,10,1.0
brute_force,verified=true AND overall>=2.0,0.6,0.6902,10,2,0.0288,25.2104,25.2392,10,10,1.0
brute_force,verified=true AND overall>=2.0,0.6,0.6902,10,3,0.0232,25.0466,25.0697,10,10,1.0
brute_force,verified=true AND overall>=2.0,0.6,0.6902,10,4,0.0282,24.7021,24.7303,10,10,1.0
brute_force,verified=true AND overall>=2.0,0.6,0.6902,10,5,0.0462,24.693,24.7392,10,10,1.0
brute_force,verified=true AND overall>=2.0,0.6,0.6902,10,6,0.0368,25.1023,25.1391,10,10,1.0
brute_force,verified=true AND overall>=2.0,0.6,0.6902,10,7,0.0534,25.2655,25.3189,10,10,1.0
brute_force,verified=true AND overall>=2.0,0.6,0.6902,10,8,0.0259,24.6562,24.6821,10,10,1.0
brute_force,verified=true AND overall>=2.0,0.6,0.6902,10,9,0.0188,24.7848,24.8037,10,10,1.0
brute_force,verified=true AND overall>=2.0,0.6,0.6902,10,10,0.028,24.553,24.5809,10,10,1.0
brute_force,verified=true AND overall>=2.0,0.6,0.6902,10,11,0.0253,24.8766,24.9019,10,10,1.0
brute_force,verified=true AND overall>=2.0,0.6,0.6902,10,12,0.0238,24.7106,24.7345,10,10,1.0
brute_force,verified=true AND overall>=2.0,0.6,0.6902,10,13,0.0211,24.8707,24.8918,10,10,1.0
brute_force,verified=true AND overall>=2.0,0.6,0.6902,10,14,0.0187,24.7755,24.7942,10,10,1.0
brute_force,verified=true AND overall>=2.0,0.6,0.6902,10,15,0.0184,25.3468,25.3652,10,10,1.0
brute_force,verified=true AND overall>=2.0,0.6,0.6902,10,16,0.0206,25.1679,25.1885,10,10,1.0
brute_force,verified=true AND overall>=2.0,0.6,0.6902,10,17,0.0246,25.3792,25.4039,10,10,1.0
brute_force,verified=true AND overall>=2.0,0.6,0.6902,10,18,0.0512,25.8218,25.873,10,10,1.0
brute_force,verified=true AND overall>=2.0,0.6,0.6902,10,19,0.0267,26.2893,26.316,10,10,1.0
brute_force,verified=true AND overall>=2.0,0.6,0.6902,10,20,0.0258,26.0367,26.0625,10,10,1.0
brute_force,verified=true AND overall>=2.0,0.6,0.6902,10,21,0.0298,25.9825,26.0123,10,10,1.0
brute_force,verified=true AND overall>=2.0,0.6,0.6902,10,22,0.0234,25.3179,25.3413,10,10,1.0
brute_force,verified=true AND overall>=2.0,0.6,0.6902,10,23,0.0293,25.41,25.4393,10,10,1.0
brute_force,verified=true AND overall>=2.0,0.6,0.6902,10,24,0.0379,25.2008,25.2387,10,10,1.0
brute_force,verified=true AND overall>=2.0,0.6,0.6902,10,25,0.0224,60.3638,60.3862,10,10,1.0
brute_force,verified=true AND overall>=2.0,0.6,0.6902,10,26,0.0243,25.276,25.3002,10,10,1.0
brute_force,verified=true AND overall>=2.0,0.6,0.6902,10,27,0.0392,24.9372,24.9764,10,10,1.0
brute_force,verified=true AND overall>=2.0,0.6,0.6902,10,28,0.0282,24.9687,24.9968,10,10,1.0
brute_force,verified=true AND overall>=2.0,0.6,0.6902,10,29,0.0271,24.6884,24.7155,10,10,1.0
brute_force,verified=true AND overall>=2.0,0.6,0.6902,10,30,0.0205,24.8431,24.8635,10,10,1.0
brute_force,verified=true AND overall>=2.0,0.6,0.6902,10,31,0.0215,24.9668,24.9883,10,10,1.0
brute_force,verified=true AND overall>=2.0,0.6,0.6902,10,32,0.035,25.2213,25.2563,10,10,1.0
brute_force,verified=true AND overall>=2.0,0.6,0.6902,10,33,0.026,24.8979,24.9239,10,10,1.0
brute_force,verified=true AND overall>=2.0,0.6,0.6902,10,34,0.0213,24.9456,24.967,10,10,1.0
brute_force,verified=true AND overall>=2.0,0.6,0.6902,10,35,0.0372,25.3229,25.3601,10,10,1.0
brute_force,verified=true AND overall>=2.0,0.6,0.6902,10,36,0.0249,26.2673,26.2922,10,10,1.0
brute_force,verified=true AND overall>=2.0,0.6,0.6902,10,37,0.021,25.5451,25.5662,10,10,1.0
brute_force,verified=true AND overall>=2.0,0.6,0.6902,10,38,0.031,25.0308,25.0618,10,10,1.0
brute_force,verified=true AND overall>=2.0,0.6,0.6902,10,39,0.028,25.1479,25.1759,10,10,1.0
brute_force,verified=true AND overall>=2.0,0.6,0.6902,10,40,0.0269,26.2757,26.3026,10,10,1.0
brute_force,verified=true AND overall>=2.0,0.6,0.6902,10,41,0.0342,25.2995,25.3337,10,10,1.0
brute_force,verified=true AND overall>=2.0,0.6,0.6902,10,42,0.0326,25.3533,25.3859,10,10,1.0
brute_force,verified=true AND overall>=2.0,0.6,0.6902,10,43,0.02,25.1258,25.1458,10,10,1.0
brute_force,verified=true AND overall>=2.0,0.6,0.6902,10,44,0.0297,25.0124,25.0421,10,10,1.0
brute_force,verified=true AND overall>=2.0,0.6,0.6902,10,45,0.0287,24.7278,24.7565,10,10,1.0
brute_force,verified=true AND overall>=2.0,0.6,0.6902,10,46,0.0216,24.5991,24.6207,10,10,1.0
brute_force,verified=true AND overall>=2.0,0.6,0.6902,10,47,0.019,24.8663,24.8853,10,10,1.0
brute_force,verified=true AND overall>=2.0,0.6,0.6902,10,48,0.026,24.8563,24.8823,10,10,1.0
brute_force,verified=true AND overall>=2.0,0.6,0.6902,10,49,0.0195,24.8355,24.855,10,10,1.0
naive_prefilter,verified=true AND overall>=2.0,0.6,0.6902,10,0,22.6618,39.9087,62.5705,133736,10,1.0
naive_prefilter,verified=true AND overall>=2.0,0.6,0.6902,10,1,22.5117,40.0159,62.5277,133736,10,1.0
naive_prefilter,verified=true AND overall>=2.0,0.6,0.6902,10,2,22.3342,40.2542,62.5885,133736,10,1.0
naive_prefilter,verified=true AND overall>=2.0,0.6,0.6902,10,3,22.1391,39.9129,62.052,133736,10,1.0
naive_prefilter,verified=true AND overall>=2.0,0.6,0.6902,10,4,21.8648,39.898,61.7628,133736,10,1.0
naive_prefilter,verified=true AND overall>=2.0,0.6,0.6902,10,5,22.094,39.9366,62.0305,133736,10,1.0
naive_prefilter,verified=true AND overall>=2.0,0.6,0.6902,10,6,21.7785,40.0805,61.859,133736,10,1.0
naive_prefilter,verified=true AND overall>=2.0,0.6,0.6902,10,7,21.9592,39.9047,61.864,133736,10,1.0
naive_prefilter,verified=true AND overall>=2.0,0.6,0.6902,10,8,21.9685,39.952,61.9205,133736,10,1.0
naive_prefilter,verified=true AND overall>=2.0,0.6,0.6902,10,9,21.9507,39.9293,61.88,133736,10,1.0
naive_prefilter,verified=true AND overall>=2.0,0.6,0.6902,10,10,21.9074,40.0161,61.9235,133736,10,1.0
naive_prefilter,verified=true AND overall>=2.0,0.6,0.6902,10,11,21.931,40.1027,62.0336,133736,10,1.0
naive_prefilter,verified=true AND overall>=2.0,0.6,0.6902,10,12,22.4301,40.1049,62.535,133736,10,1.0
naive_prefilter,verified=true AND overall>=2.0,0.6,0.6902,10,13,22.4989,39.887,62.3859,133736,10,1.0
naive_prefilter,verified=true AND overall>=2.0,0.6,0.6902,10,14,22.4818,40.1722,62.654,133736,10,1.0
naive_prefilter,verified=true AND overall>=2.0,0.6,0.6902,10,15,22.2135,39.9627,62.1761,133736,10,1.0
naive_prefilter,verified=true AND overall>=2.0,0.6,0.6902,10,16,22.1755,40.1561,62.3316,133736,10,1.0
naive_prefilter,verified=true AND overall>=2.0,0.6,0.6902,10,17,22.3452,40.1609,62.5061,133736,10,1.0
naive_prefilter,verified=true AND overall>=2.0,0.6,0.6902,10,18,22.7878,40.514,63.3018,133736,10,1.0
naive_prefilter,verified=true AND overall>=2.0,0.6,0.6902,10,19,21.6594,40.0608,61.7202,133736,10,1.0
naive_prefilter,verified=true AND overall>=2.0,0.6,0.6902,10,20,21.8992,40.1981,62.0972,133736,10,1.0
naive_prefilter,verified=true AND overall>=2.0,0.6,0.6902,10,21,22.4063,40.0094,62.4157,133736,10,1.0
naive_prefilter,verified=true AND overall>=2.0,0.6,0.6902,10,22,22.4405,39.9669,62.4074,133736,10,1.0
naive_prefilter,verified=true AND overall>=2.0,0.6,0.6902,10,23,22.3319,39.8868,62.2186,133736,10,1.0
naive_prefilter,verified=true AND overall>=2.0,0.6,0.6902,10,24,22.2314,39.8828,62.1143,133736,10,1.0
naive_prefilter,verified=true AND overall>=2.0,0.6,0.6902,10,25,22.3631,39.9133,62.2764,133736,10,1.0
naive_prefilter,verified=true AND overall>=2.0,0.6,0.6902,10,26,22.244,39.9622,62.2061,133736,10,1.0
naive_prefilter,verified=true AND overall>=2.0,0.6,0.6902,10,27,22.2432,39.9536,62.1967,133736,10,1.0
naive_prefilter,verified=true AND overall>=2.0,0.6,0.6902,10,28,22.1882,39.9362,62.1244,133736,10,1.0
naive_prefilter,verified=true AND overall>=2.0,0.6,0.6902,10,29,22.2012,39.8425,62.0437,133736,10,1.0
naive_prefilter,verified=true AND overall>=2.0,0.6,0.6902,10,30,22.2695,40.3827,62.6522,133736,10,1.0
naive_prefilter,verified=true AND overall>=2.0,0.6,0.6902,10,31,22.0047,39.8971,61.9018,133736,10,1.0
naive_prefilter,verified=true AND overall>=2.0,0.6,0.6902,10,32,21.7214,41.4847,63.2062,133736,10,1.0
naive_prefilter,verified=true AND overall>=2.0,0.6,0.6902,10,33,21.9586,40.3661,62.3247,133736,10,1.0
naive_prefilter,verified=true AND overall>=2.0,0.6,0.6902,10,34,21.9304,40.4604,62.3907,133736,10,1.0
naive_prefilter,verified=true AND overall>=2.0,0.6,0.6902,10,35,22.6541,40.1192,62.7733,133736,10,1.0
naive_prefilter,verified=true AND overall>=2.0,0.6,0.6902,10,36,22.3794,40.0804,62.4598,133736,10,1.0
naive_prefilter,verified=true AND overall>=2.0,0.6,0.6902,10,37,21.8751,40.1018,61.9768,133736,10,1.0
naive_prefilter,verified=true AND overall>=2.0,0.6,0.6902,10,38,21.6794,40.0069,61.6863,133736,10,1.0
naive_prefilter,verified=true AND overall>=2.0,0.6,0.6902,10,39,21.8652,40.0276,61.8928,133736,10,1.0
naive_prefilter,verified=true AND overall>=2.0,0.6,0.6902,10,40,22.3729,39.985,62.3579,133736,10,1.0
naive_prefilter,verified=true AND overall>=2.0,0.6,0.6902,10,41,22.0298,40.143,62.1728,133736,10,1.0
naive_prefilter,verified=true AND overall>=2.0,0.6,0.6902,10,42,22.3462,40.0848,62.4311,133736,10,1.0
naive_prefilter,verified=true AND overall>=2.0,0.6,0.6902,10,43,21.5965,40.0263,61.6228,133736,10,1.0
naive_prefilter,verified=true AND overall>=2.0,0.6,0.6902,10,44,21.1442,40.0992,61.2434,133736,10,1.0
naive_prefilter,verified=true AND overall>=2.0,0.6,0.6902,10,45,21.7895,40.0147,61.8041,133736,10,1.0
naive_prefilter,verified=true AND overall>=2.0,0.6,0.6902,10,46,21.8369,40.4469,62.2838,133736,10,1.0
naive_prefilter,verified=true AND overall>=2.0,0.6,0.6902,10,47,21.658,40.022,61.6801,133736,10,0.0
naive_prefilter,verified=true AND overall>=2.0,0.6,0.6902,10,48,21.7057,40.0686,61.7742,133736,10,1.0
naive_prefilter,verified=true AND overall>=2.0,0.6,0.6902,10,49,21.0119,40.0477,61.0595,133736,10,1.0
post_filter,verified=true AND overall>=2.0,0.6,0.6902,10,0,0.0053,0.348,0.3533,10,10,1.0
post_filter,verified=true AND overall>=2.0,0.6,0.6902,10,1,0.019,0.8396,0.8587,10,10,1.0
post_filter,verified=true AND overall>=2.0,0.6,0.6902,10,2,0.0169,0.6672,0.6841,10,10,1.0
post_filter,verified=true AND overall>=2.0,0.6,0.6902,10,3,0.0149,0.6823,0.6973,10,10,1.0
post_filter,verified=true AND overall>=2.0,0.6,0.6902,10,4,0.0175,0.7748,0.7923,10,10,1.0
post_filter,verified=true AND overall>=2.0,0.6,0.6902,10,5,0.0519,0.6855,0.7374,10,10,1.0
post_filter,verified=true AND overall>=2.0,0.6,0.6902,10,6,0.022,0.8898,0.9119,10,10,1.0
post_filter,verified=true AND overall>=2.0,0.6,0.6902,10,7,0.0293,0.6494,0.6787,10,10,1.0
post_filter,verified=true AND overall>=2.0,0.6,0.6902,10,8,0.055,2.0624,2.1174,10,10,1.0
post_filter,verified=true AND overall>=2.0,0.6,0.6902,10,9,0.0457,2.685,2.7307,10,10,1.0
post_filter,verified=true AND overall>=2.0,0.6,0.6902,10,10,0.0553,2.0721,2.1274,10,10,1.0
post_filter,verified=true AND overall>=2.0,0.6,0.6902,10,11,0.0389,1.3443,1.3831,10,10,1.0
post_filter,verified=true AND overall>=2.0,0.6,0.6902,10,12,0.0346,1.0738,1.1084,10,10,1.0
post_filter,verified=true AND overall>=2.0,0.6,0.6902,10,13,0.0323,1.1295,1.1618,10,10,1.0
post_filter,verified=true AND overall>=2.0,0.6,0.6902,10,14,0.0364,0.9043,0.9407,10,10,1.0
post_filter,verified=true AND overall>=2.0,0.6,0.6902,10,15,0.0244,0.7445,0.7688,10,10,1.0
post_filter,verified=true AND overall>=2.0,0.6,0.6902,10,16,0.0748,3.1135,3.1884,10,10,1.0
post_filter,verified=true AND overall>=2.0,0.6,0.6902,10,17,0.0342,1.5437,1.5779,10,10,1.0
post_filter,verified=true AND overall>=2.0,0.6,0.6902,10,18,0.0705,1.3021,1.3726,10,10,1.0
post_filter,verified=true AND overall>=2.0,0.6,0.6902,10,19,0.3248,1.842,2.1668,10,10,1.0
post_filter,verified=true AND overall>=2.0,0.6,0.6902,10,20,0.0355,1.0467,1.0822,10,10,1.0
post_filter,verified=true AND overall>=2.0,0.6,0.6902,10,21,0.024,1.5775,1.6015,10,10,1.0
post_filter,verified=true AND overall>=2.0,0.6,0.6902,10,22,0.0255,8.7549,8.7803,10,10,1.0
post_filter,verified=true AND overall>=2.0,0.6,0.6902,10,23,0.0188,0.724,0.7429,10,10,1.0
post_filter,verified=true AND overall>=2.0,0.6,0.6902,10,24,0.0336,0.9507,0.9844,10,10,1.0
post_filter,verified=true AND overall>=2.0,0.6,0.6902,10,25,0.0149,0.2989,0.3138,10,10,0.6
post_filter,verified=true AND overall>=2.0,0.6,0.6902,10,26,0.0169,0.8169,0.8338,10,10,1.0
post_filter,verified=true AND overall>=2.0,0.6,0.6902,10,27,0.0392,0.7816,0.8208,10,10,1.0
post_filter,verified=true AND overall>=2.0,0.6,0.6902,10,28,0.0178,0.8454,0.8632,10,10,1.0
post_filter,verified=true AND overall>=2.0,0.6,0.6902,10,29,0.0205,0.6042,0.6247,10,10,0.9
post_filter,verified=true AND overall>=2.0,0.6,0.6902,10,30,0.0115,0.4359,0.4474,10,10,0.0
post_filter,verified=true AND overall>=2.0,0.6,0.6902,10,31,0.038,1.3406,1.3786,10,10,1.0
post_filter,verified=true AND overall>=2.0,0.6,0.6902,10,32,0.0378,1.0516,1.0894,10,10,1.0
post_filter,verified=true AND overall>=2.0,0.6,0.6902,10,33,0.0398,1.0005,1.0403,10,10,1.0
post_filter,verified=true AND overall>=2.0,0.6,0.6902,10,34,0.0351,1.5006,1.5357,10,10,1.0
post_filter,verified=true AND overall>=2.0,0.6,0.6902,10,35,0.0492,1.334,1.3832,10,10,1.0
post_filter,verified=true AND overall>=2.0,0.6,0.6902,10,36,0.0353,1.052,1.0873,10,10,1.0
post_filter,verified=true AND overall>=2.0,0.6,0.6902,10,37,0.0173,0.7561,0.7734,10,10,1.0
post_filter,verified=true AND overall>=2.0,0.6,0.6902,10,38,0.0233,1.158,1.1814,10,10,1.0
post_filter,verified=true AND overall>=2.0,0.6,0.6902,10,39,0.0153,0.4962,0.5115,10,10,1.0
post_filter,verified=true AND overall>=2.0,0.6,0.6902,10,40,0.0164,0.986,1.0024,10,10,1.0
post_filter,verified=true AND overall>=2.0,0.6,0.6902,10,41,0.0222,0.5553,0.5775,10,10,0.9
post_filter,verified=true AND overall>=2.0,0.6,0.6902,10,42,0.0263,0.789,0.8153,10,10,1.0
post_filter,verified=true AND overall>=2.0,0.6,0.6902,10,43,0.0135,0.4162,0.4297,10,10,0.6
post_filter,verified=true AND overall>=2.0,0.6,0.6902,10,44,0.0239,0.5925,0.6164,10,10,1.0
post_filter,verified=true AND overall>=2.0,0.6,0.6902,10,45,0.0129,0.838,0.8509,10,10,1.0
post_filter,verified=true AND overall>=2.0,0.6,0.6902,10,46,0.0147,0.6953,0.7099,10,10,1.0
post_filter,verified=true AND overall>=2.0,0.6,0.6902,10,47,0.0143,0.2402,0.2545,10,10,0.0
post_filter,verified=true AND overall>=2.0,0.6,0.6902,10,48,0.0146,0.8214,0.836,10,10,1.0
post_filter,verified=true AND overall>=2.0,0.6,0.6902,10,49,0.0121,0.4069,0.419,10,10,0.9
bitmap_prefilter,verified=true AND overall>=2.0,0.6,0.6902,10,0,0.1525,37.9547,38.1073,133736,10,1.0
bitmap_prefilter,verified=true AND overall>=2.0,0.6,0.6902,10,1,0.1401,37.8055,37.9456,133736,10,1.0
bitmap_prefilter,verified=true AND overall>=2.0,0.6,0.6902,10,2,0.1381,37.8259,37.964,133736,10,1.0
bitmap_prefilter,verified=true AND overall>=2.0,0.6,0.6902,10,3,0.1354,37.844,37.9794,133736,10,1.0
bitmap_prefilter,verified=true AND overall>=2.0,0.6,0.6902,10,4,0.14,37.8252,37.9652,133736,10,1.0
bitmap_prefilter,verified=true AND overall>=2.0,0.6,0.6902,10,5,0.1337,37.9502,38.0839,133736,10,1.0
bitmap_prefilter,verified=true AND overall>=2.0,0.6,0.6902,10,6,0.1338,37.9103,38.044,133736,10,1.0
bitmap_prefilter,verified=true AND overall>=2.0,0.6,0.6902,10,7,0.1334,37.9685,38.102,133736,10,1.0
bitmap_prefilter,verified=true AND overall>=2.0,0.6,0.6902,10,8,0.1456,37.955,38.1006,133736,10,1.0
bitmap_prefilter,verified=true AND overall>=2.0,0.6,0.6902,10,9,0.1393,37.8095,37.9488,133736,10,1.0
bitmap_prefilter,verified=true AND overall>=2.0,0.6,0.6902,10,10,0.1355,38.029,38.1645,133736,10,1.0
bitmap_prefilter,verified=true AND overall>=2.0,0.6,0.6902,10,11,0.1344,37.9188,38.0532,133736,10,1.0
bitmap_prefilter,verified=true AND overall>=2.0,0.6,0.6902,10,12,0.1347,37.9459,38.0806,133736,10,1.0
bitmap_prefilter,verified=true AND overall>=2.0,0.6,0.6902,10,13,0.1355,37.9303,38.0658,133736,10,1.0
bitmap_prefilter,verified=true AND overall>=2.0,0.6,0.6902,10,14,0.1377,37.944,38.0817,133736,10,1.0
bitmap_prefilter,verified=true AND overall>=2.0,0.6,0.6902,10,15,0.1365,37.9119,38.0484,133736,10,1.0
bitmap_prefilter,verified=true AND overall>=2.0,0.6,0.6902,10,16,0.1323,38.2963,38.4286,133736,10,1.0
bitmap_prefilter,verified=true AND overall>=2.0,0.6,0.6902,10,17,0.1319,37.9006,38.0325,133736,10,1.0
bitmap_prefilter,verified=true AND overall>=2.0,0.6,0.6902,10,18,0.1378,38.0263,38.1642,133736,10,1.0
bitmap_prefilter,verified=true AND overall>=2.0,0.6,0.6902,10,19,0.131,37.989,38.12,133736,10,1.0
bitmap_prefilter,verified=true AND overall>=2.0,0.6,0.6902,10,20,0.1355,38.6627,38.7983,133736,10,1.0
bitmap_prefilter,verified=true AND overall>=2.0,0.6,0.6902,10,21,0.1375,38.5413,38.6788,133736,10,1.0
bitmap_prefilter,verified=true AND overall>=2.0,0.6,0.6902,10,22,0.133,38.4241,38.5571,133736,10,1.0
bitmap_prefilter,verified=true AND overall>=2.0,0.6,0.6902,10,23,0.1463,37.9448,38.091,133736,10,1.0
bitmap_prefilter,verified=true AND overall>=2.0,0.6,0.6902,10,24,0.1427,37.9716,38.1143,133736,10,1.0
bitmap_prefilter,verified=true AND overall>=2.0,0.6,0.6902,10,25,0.143,37.8777,38.0207,133736,10,1.0
bitmap_prefilter,verified=true AND overall>=2.0,0.6,0.6902,10,26,0.1355,38.3071,38.4427,133736,10,1.0
bitmap_prefilter,verified=true AND overall>=2.0,0.6,0.6902,10,27,0.1343,37.9107,38.045,133736,10,1.0
bitmap_prefilter,verified=true AND overall>=2.0,0.6,0.6902,10,28,0.1346,37.9274,38.062,133736,10,1.0
bitmap_prefilter,verified=true AND overall>=2.0,0.6,0.6902,10,29,0.1331,37.9819,38.115,133736,10,1.0
bitmap_prefilter,verified=true AND overall>=2.0,0.6,0.6902,10,30,0.1364,37.9977,38.1342,133736,10,1.0
bitmap_prefilter,verified=true AND overall>=2.0,0.6,0.6902,10,31,0.1559,37.9825,38.1385,133736,10,1.0
bitmap_prefilter,verified=true AND overall>=2.0,0.6,0.6902,10,32,0.1358,37.9857,38.1215,133736,10,1.0
bitmap_prefilter,verified=true AND overall>=2.0,0.6,0.6902,10,33,0.1334,38.0847,38.2181,133736,10,1.0
bitmap_prefilter,verified=true AND overall>=2.0,0.6,0.6902,10,34,0.1315,38.0021,38.1336,133736,10,1.0
bitmap_prefilter,verified=true AND overall>=2.0,0.6,0.6902,10,35,0.1331,37.8878,38.0209,133736,10,1.0
bitmap_prefilter,verified=true AND overall>=2.0,0.6,0.6902,10,36,0.1324,37.9366,38.069,133736,10,1.0
bitmap_prefilter,verified=true AND overall>=2.0,0.6,0.6902,10,37,0.1355,37.9,38.0355,133736,10,1.0
bitmap_prefilter,verified=true AND overall>=2.0,0.6,0.6902,10,38,0.1335,38.0474,38.1809,133736,10,1.0
bitmap_prefilter,verified=true AND overall>=2.0,0.6,0.6902,10,39,0.1362,37.9299,38.0661,133736,10,1.0
bitmap_prefilter,verified=true AND overall>=2.0,0.6,0.6902,10,40,0.1337,37.9488,38.0826,133736,10,1.0
bitmap_prefilter,verified=true AND overall>=2.0,0.6,0.6902,10,41,0.1356,37.8794,38.015,133736,10,1.0
bitmap_prefilter,verified=true AND overall>=2.0,0.6,0.6902,10,42,0.1313,38.0257,38.157,133736,10,1.0
bitmap_prefilter,verified=true AND overall>=2.0,0.6,0.6902,10,43,0.1329,37.8741,38.007,133736,10,1.0
bitmap_prefilter,verified=true AND overall>=2.0,0.6,0.6902,10,44,0.1322,37.8779,38.0101,133736,10,1.0
bitmap_prefilter,verified=true AND overall>=2.0,0.6,0.6902,10,45,0.1323,37.9721,38.1044,133736,10,1.0
bitmap_prefilter,verified=true AND overall>=2.0,0.6,0.6902,10,46,0.1317,38.1725,38.3042,133736,10,1.0
bitmap_prefilter,verified=true AND overall>=2.0,0.6,0.6902,10,47,0.1394,38.1958,38.3352,133736,10,0.0
bitmap_prefilter,verified=true AND overall>=2.0,0.6,0.6902,10,48,0.1407,37.9068,38.0475,133736,10,1.0
bitmap_prefilter,verified=true AND overall>=2.0,0.6,0.6902,10,49,0.1353,37.9692,38.1045,133736,10,1.0
brute_force,verified=true AND overall>=2.0,0.6,0.6902,50,0,0.0692,24.6863,24.7556,50,50,1.0
brute_force,verified=true AND overall>=2.0,0.6,0.6902,50,1,0.0924,24.8662,24.9586,50,50,1.0
brute_force,verified=true AND overall>=2.0,0.6,0.6902,50,2,0.0811,25.0082,25.0893,50,50,1.0
brute_force,verified=true AND overall>=2.0,0.6,0.6902,50,3,0.0746,24.6956,24.7702,50,50,1.0
brute_force,verified=true AND overall>=2.0,0.6,0.6902,50,4,0.1035,24.6623,24.7658,50,50,1.0
brute_force,verified=true AND overall>=2.0,0.6,0.6902,50,5,0.1355,24.4369,24.5725,50,50,1.0
brute_force,verified=true AND overall>=2.0,0.6,0.6902,50,6,0.102,24.6654,24.7675,50,50,1.0
brute_force,verified=true AND overall>=2.0,0.6,0.6902,50,7,0.1226,24.5092,24.6318,50,50,1.0
brute_force,verified=true AND overall>=2.0,0.6,0.6902,50,8,0.0918,24.6606,24.7525,50,50,0.96
brute_force,verified=true AND overall>=2.0,0.6,0.6902,50,9,0.0787,24.4888,24.5675,50,50,1.0
brute_force,verified=true AND overall>=2.0,0.6,0.6902,50,10,0.0925,24.661,24.7535,50,50,1.0
brute_force,verified=true AND overall>=2.0,0.6,0.6902,50,11,0.0842,24.4265,24.5106,50,50,1.0
brute_force,verified=true AND overall>=2.0,0.6,0.6902,50,12,0.0701,24.8681,24.9382,50,50,1.0
brute_force,verified=true AND overall>=2.0,0.6,0.6902,50,13,0.0673,24.6274,24.6947,50,50,1.0
brute_force,verified=true AND overall>=2.0,0.6,0.6902,50,14,0.0683,24.7854,24.8537,50,50,1.0
brute_force,verified=true AND overall>=2.0,0.6,0.6902,50,15,0.0613,24.5402,24.6015,50,50,1.0
brute_force,verified=true AND overall>=2.0,0.6,0.6902,50,16,0.0694,24.7407,24.8101,50,50,1.0
brute_force,verified=true AND overall>=2.0,0.6,0.6902,50,17,0.066,24.5938,24.6598,50,50,1.0
brute_force,verified=true AND overall>=2.0,0.6,0.6902,50,18,0.158,24.6178,24.7758,50,50,1.0
brute_force,verified=true AND overall>=2.0,0.6,0.6902,50,19,0.0973,24.5183,24.6155,50,50,1.0
brute_force,verified=true AND overall>=2.0,0.6,0.6902,50,20,0.0698,24.759,24.8288,50,50,1.0
brute_force,verified=true AND overall>=2.0,0.6,0.6902,50,21,0.0696,24.4932,24.5628,50,50,1.0
brute_force,verified=true AND overall>=2.0,0.6,0.6902,50,22,0.0929,24.5765,24.6694,50,50,1.0
brute_force,verified=true AND overall>=2.0,0.6,0.6902,50,23,0.0712,24.5648,24.636,50,50,1.0
brute_force,verified=true AND overall>=2.0,0.6,0.6902,50,24,0.1172,24.7554,24.8726,50,50,1.0
brute_force,verified=true AND overall>=2.0,0.6,0.6902,50,25,0.0608,24.4835,24.5444,50,50,1.0
brute_force,verified=true AND overall>=2.0,0.6,0.6902,50,26,0.1012,24.6096,24.7108,50,50,1.0
brute_force,verified=true AND overall>=2.0,0.6,0.6902,50,27,0.1232,24.6179,24.7412,50,50,1.0
brute_force,verified=true AND overall>=2.0,0.6,0.6902,50,28,0.0837,25.784,25.8677,50,50,1.0
brute_force,verified=true AND overall>=2.0,0.6,0.6902,50,29,0.0687,24.7966,24.8653,50,50,1.0
brute_force,verified=true AND overall>=2.0,0.6,0.6902,50,30,0.0696,24.7875,24.8572,50,50,1.0
brute_force,verified=true AND overall>=2.0,0.6,0.6902,50,31,0.0808,25.0635,25.1442,50,50,1.0
brute_force,verified=true AND overall>=2.0,0.6,0.6902,50,32,0.1051,24.9924,25.0975,50,50,1.0
brute_force,verified=true AND overall>=2.0,0.6,0.6902,50,33,0.0624,24.8761,24.9385,50,50,1.0
brute_force,verified=true AND overall>=2.0,0.6,0.6902,50,34,0.0783,24.6217,24.7,50,50,1.0
brute_force,verified=true AND overall>=2.0,0.6,0.6902,50,35,0.119,24.5424,24.6613,50,50,1.0
brute_force,verified=true AND overall>=2.0,0.6,0.6902,50,36,0.0908,24.5642,24.655,50,50,1.0
brute_force,verified=true AND overall>=2.0,0.6,0.6902,50,37,0.0638,24.5597,24.6235,50,50,1.0
brute_force,verified=true AND overall>=2.0,0.6,0.6902,50,38,0.0947,24.6285,24.7231,50,50,1.0
brute_force,verified=true AND overall>=2.0,0.6,0.6902,50,39,0.0693,24.6042,24.6735,50,50,1.0
brute_force,verified=true AND overall>=2.0,0.6,0.6902,50,40,0.0744,24.51,24.5844,50,50,1.0
brute_force,verified=true AND overall>=2.0,0.6,0.6902,50,41,0.1657,24.5673,24.733,50,50,1.0
brute_force,verified=true AND overall>=2.0,0.6,0.6902,50,42,0.1046,24.5309,24.6355,50,50,1.0
brute_force,verified=true AND overall>=2.0,0.6,0.6902,50,43,0.0695,24.5483,24.6178,50,50,1.0
brute_force,verified=true AND overall>=2.0,0.6,0.6902,50,44,0.1533,24.6478,24.801,50,50,1.0
brute_force,verified=true AND overall>=2.0,0.6,0.6902,50,45,0.0788,24.5817,24.6605,50,50,1.0
brute_force,verified=true AND overall>=2.0,0.6,0.6902,50,46,0.0773,24.6563,24.7336,50,50,1.0
brute_force,verified=true AND overall>=2.0,0.6,0.6902,50,47,0.065,24.5321,24.5971,50,50,1.0
brute_force,verified=true AND overall>=2.0,0.6,0.6902,50,48,0.0732,24.6245,24.6978,50,50,1.0
brute_force,verified=true AND overall>=2.0,0.6,0.6902,50,49,0.0693,24.6039,24.6732,50,50,1.0
naive_prefilter,verified=true AND overall>=2.0,0.6,0.6902,50,0,22.6018,40.3025,62.9043,133736,50,1.0
naive_prefilter,verified=true AND overall>=2.0,0.6,0.6902,50,1,22.3675,40.1279,62.4954,133736,50,1.0
naive_prefilter,verified=true AND overall>=2.0,0.6,0.6902,50,2,22.3816,40.2126,62.5942,133736,50,1.0
naive_prefilter,verified=true AND overall>=2.0,0.6,0.6902,50,3,22.3998,40.5208,62.9205,133736,50,1.0
naive_prefilter,verified=true AND overall>=2.0,0.6,0.6902,50,4,22.343,40.187,62.5301,133736,50,1.0
naive_prefilter,verified=true AND overall>=2.0,0.6,0.6902,50,5,22.3064,40.2319,62.5383,133736,50,1.0
naive_prefilter,verified=true AND overall>=2.0,0.6,0.6902,50,6,22.3375,40.01,62.3475,133736,50,1.0
naive_prefilter,verified=true AND overall>=2.0,0.6,0.6902,50,7,22.1137,40.0537,62.1675,133736,50,1.0
naive_prefilter,verified=true AND overall>=2.0,0.6,0.6902,50,8,21.4858,40.0305,61.5163,133736,50,0.96
naive_prefilter,verified=true AND overall>=2.0,0.6,0.6902,50,9,21.8392,40.0655,61.9047,133736,50,1.0
naive_prefilter,verified=true AND overall>=2.0,0.6,0.6902,50,10,21.843,39.9878,61.8308,133736,50,1.0
naive_prefilter,verified=true AND overall>=2.0,0.6,0.6902,50,11,21.6581,40.0248,61.6829,133736,50,1.0
naive_prefilter,verified=true AND overall>=2.0,0.6,0.6902,50,12,21.7861,40.1715,61.9576,133736,50,1.0
naive_prefilter,verified=true AND overall>=2.0,0.6,0.6902,50,13,21.8719,40.1531,62.025,133736,50,1.0
naive_prefilter,verified=true AND overall>=2.0,0.6,0.6902,50,14,21.8812,40.193,62.0742,133736,50,1.0
naive_prefilter,verified=true AND overall>=2.0,0.6,0.6902,50,15,21.5691,39.9732,61.5423,133736,50,1.0
naive_prefilter,verified=true AND overall>=2.0,0.6,0.6902,50,16,20.9723,39.9929,60.9652,133736,50,1.0
naive_prefilter,verified=true AND overall>=2.0,0.6,0.6902,50,17,21.6732,39.9773,61.6505,133736,50,1.0
naive_prefilter,verified=true AND overall>=2.0,0.6,0.6902,50,18,21.5005,40.0802,61.5807,133736,50,1.0
naive_prefilter,verified=true AND overall>=2.0,0.6,0.6902,50,19,21.7311,40.2378,61.9689,133736,50,1.0
naive_prefilter,verified=true AND overall>=2.0,0.6,0.6902,50,20,22.2095,40.0678,62.2773,133736,50,1.0
naive_prefilter,verified=true AND overall>=2.0,0.6,0.6902,50,21,22.1879,39.9496,62.1375,133736,50,1.0
naive_prefilter,verified=true AND overall>=2.0,0.6,0.6902,50,22,22.507,40.0385,62.5455,133736,50,1.0
naive_prefilter,verified=true AND overall>=2.0,0.6,0.6902,50,23,22.0364,40.1286,62.165,133736,50,1.0
naive_prefilter,verified=true AND overall>=2.0,0.6,0.6902,50,24,22.3471,40.0017,62.3487,133736,50,1.0
naive_prefilter,verified=true AND overall>=2.0,0.6,0.6902,50,25,22.401,40.0062,62.4071,133736,50,1.0
naive_prefilter,verified=true AND overall>=2.0,0.6,0.6902,50,26,22.4698,39.9574,62.4272,133736,50,1.0
naive_prefilter,verified=true AND overall>=2.0,0.6,0.6902,50,27,22.4527,40.324,62.7767,133736,50,1.0
naive_prefilter,verified=true AND overall>=2.0,0.6,0.6902,50,28,21.6756,39.9964,61.672,133736,50,1.0
naive_prefilter,verified=true AND overall>=2.0,0.6,0.6902,50,29,22.3308,39.9015,62.2323,133736,50,1.0
naive_prefilter,verified=true AND overall>=2.0,0.6,0.6902,50,30,22.3948,39.9657,62.3605,133736,50,1.0
naive_prefilter,verified=true AND overall>=2.0,0.6,0.6902,50,31,21.4592,39.89,61.3491,133736,50,1.0
naive_prefilter,verified=true AND overall>=2.0,0.6,0.6902,50,32,47.5028,49.506,97.0089,133736,50,1.0
naive_prefilter,verified=true AND overall>=2.0,0.6,0.6902,50,33,21.7819,39.9123,61.6942,133736,50,1.0
naive_prefilter,verified=true AND overall>=2.0,0.6,0.6902,50,34,21.4317,40.4763,61.908,133736,50,1.0
naive_prefilter,verified=true AND overall>=2.0,0.6,0.6902,50,35,21.821,39.9007,61.7217,133736,50,1.0
naive_prefilter,verified=true AND overall>=2.0,0.6,0.6902,50,36,22.0314,39.9361,61.9675,133736,50,1.0
naive_prefilter,verified=true AND overall>=2.0,0.6,0.6902,50,37,21.6987,39.9438,61.6425,133736,50,1.0
naive_prefilter,verified=true AND overall>=2.0,0.6,0.6902,50,38,22.1367,40.1172,62.2539,133736,50,1.0
naive_prefilter,verified=true AND overall>=2.0,0.6,0.6902,50,39,22.3982,40.0672,62.4654,133736,50,1.0
naive_prefilter,verified=true AND overall>=2.0,0.6,0.6902,50,40,22.4015,40.0814,62.4829,133736,50,1.0
naive_prefilter,verified=true AND overall>=2.0,0.6,0.6902,50,41,22.3559,40.1529,62.5088,133736,50,1.0
naive_prefilter,verified=true AND overall>=2.0,0.6,0.6902,50,42,22.5825,40.1612,62.7436,133736,50,1.0
naive_prefilter,verified=true AND overall>=2.0,0.6,0.6902,50,43,22.4413,39.9766,62.4179,133736,50,1.0
naive_prefilter,verified=true AND overall>=2.0,0.6,0.6902,50,44,22.4221,39.9246,62.3468,133736,50,1.0
naive_prefilter,verified=true AND overall>=2.0,0.6,0.6902,50,45,22.4975,39.9971,62.4945,133736,50,1.0
naive_prefilter,verified=true AND overall>=2.0,0.6,0.6902,50,46,22.4756,40.2273,62.7029,133736,50,1.0
naive_prefilter,verified=true AND overall>=2.0,0.6,0.6902,50,47,22.3192,40.1995,62.5186,133736,50,0.0
naive_prefilter,verified=true AND overall>=2.0,0.6,0.6902,50,48,22.4777,40.1618,62.6395,133736,50,1.0
naive_prefilter,verified=true AND overall>=2.0,0.6,0.6902,50,49,22.4028,40.118,62.5209,133736,50,1.0
post_filter,verified=true AND overall>=2.0,0.6,0.6902,50,0,0.026,0.5125,0.5386,50,50,1.0
post_filter,verified=true AND overall>=2.0,0.6,0.6902,50,1,0.0782,1.0972,1.1753,50,50,0.98
post_filter,verified=true AND overall>=2.0,0.6,0.6902,50,2,0.0806,0.9849,1.0655,50,50,0.98
post_filter,verified=true AND overall>=2.0,0.6,0.6902,50,3,0.0701,0.975,1.0451,50,50,1.0
post_filter,verified=true AND overall>=2.0,0.6,0.6902,50,4,0.097,1.2231,1.3202,50,50,0.98
post_filter,verified=true AND overall>=2.0,0.6,0.6902,50,5,0.1666,1.1372,1.3038,50,50,0.98
post_filter,verified=true AND overall>=2.0,0.6,0.6902,50,6,0.084,1.1837,1.2676,50,50,1.0
post_filter,verified=true AND overall>=2.0,0.6,0.6902,50,7,0.11,0.7834,0.8934,50,50,1.0
post_filter,verified=true AND overall>=2.0,0.6,0.6902,50,8,0.0715,1.156,1.2275,50,50,0.96
post_filter,verified=true AND overall>=2.0,0.6,0.6902,50,9,0.0664,1.1366,1.203,50,50,0.98
post_filter,verified=true AND overall>=2.0,0.6,0.6902,50,10,0.0794,1.0374,1.1167,50,50,1.0
post_filter,verified=true AND overall>=2.0,0.6,0.6902,50,11,0.0727,0.9898,1.0626,50,50,1.0
post_filter,verified=true AND overall>=2.0,0.6,0.6902,50,12,0.0596,0.8051,0.8647,50,50,1.0
post_filter,verified=true AND overall>=2.0,0.6,0.6902,50,13,0.0572,0.8402,0.8974,50,50,1.0
post_filter,verified=true AND overall>=2.0,0.6,0.6902,50,14,0.0866,0.6563,0.7429,50,50,1.0
post_filter,verified=true AND overall>=2.0,0.6,0.6902,50,15,0.0537,0.5778,0.6314,50,50,1.0
post_filter,verified=true AND overall>=2.0,0.6,0.6902,50,16,0.0593,1.0283,1.0875,50,50,1.0
post_filter,verified=true AND overall>=2.0,0.6,0.6902,50,17,0.0574,0.7659,0.8233,50,50,0.98
post_filter,verified=true AND overall>=2.0,0.6,0.6902,50,18,0.1468,0.9159,1.0627,50,50,0.98
post_filter,verified=true AND overall>=2.0,0.6,0.6902,50,19,0.074,0.9788,1.0528,50,50,0.98
post_filter,verified=true AND overall>=2.0,0.6,0.6902,50,20,0.0572,0.691,0.7482,50,50,1.0
post_filter,verified=true AND overall>=2.0,0.6,0.6902,50,21,0.0584,0.747,0.8054,50,50,1.0
post_filter,verified=true AND overall>=2.0,0.6,0.6902,50,22,0.0782,0.7796,0.8578,50,50,1.0
post_filter,verified=true AND overall>=2.0,0.6,0.6902,50,23,0.0584,0.7411,0.7995,50,50,1.0
post_filter,verified=true AND overall>=2.0,0.6,0.6902,50,24,0.101,1.1018,1.2028,50,50,0.98
post_filter,verified=true AND overall>=2.0,0.6,0.6902,50,25,0.0542,0.3454,0.3996,50,50,0.92
post_filter,verified=true AND overall>=2.0,0.6,0.6902,50,26,0.0774,1.0058,1.0832,50,50,0.98
post_filter,verified=true AND overall>=2.0,0.6,0.6902,50,27,0.1023,0.9597,1.062,50,50,1.0
post_filter,verified=true AND overall>=2.0,0.6,0.6902,50,28,0.0745,0.9932,1.0677,50,50,1.0
post_filter,verified=true AND overall>=2.0,0.6,0.6902,50,29,0.0572,0.6257,0.6829,50,50,0.98
post_filter,verified=true AND overall>=2.0,0.6,0.6902,50,30,0.0488,0.4518,0.5005,50,50,0.0
post_filter,verified=true AND overall>=2.0,0.6,0.6902,50,31,0.0697,0.9413,1.011,50,50,1.0
post_filter,verified=true AND overall>=2.0,0.6,0.6902,50,32,0.0811,0.7852,0.8663,50,50,1.0
post_filter,verified=true AND overall>=2.0,0.6,0.6902,50,33,0.068,0.6121,0.6802,50,50,1.0
post_filter,verified=true AND overall>=2.0,0.6,0.6902,50,34,0.068,1.0672,1.1352,50,50,1.0
post_filter,verified=true AND overall>=2.0,0.6,0.6902,50,35,0.1198,1.0238,1.1436,50,50,0.98
post_filter,verified=true AND overall>=2.0,0.6,0.6902,50,36,0.0793,0.8199,0.8992,50,50,0.98
post_filter,verified=true AND overall>=2.0,0.6,0.6902,50,37,0.0575,0.74,0.7975,50,50,1.0
post_filter,verified=true AND overall>=2.0,0.6,0.6902,50,38,0.0838,1.2228,1.3067,50,50,0.94
post_filter,verified=true AND overall>=2.0,0.6,0.6902,50,39,0.0585,0.565,0.6235,50,50,1.0
post_filter,verified=true AND overall>=2.0,0.6,0.6902,50,40,0.0691,1.1938,1.2629,50,50,1.0
post_filter,verified=true AND overall>=2.0,0.6,0.6902,50,41,0.1298,0.6363,0.7661,50,50,1.0
post_filter,verified=true AND overall>=2.0,0.6,0.6902,50,42,0.0905,0.9655,1.0559,50,50,0.96
post_filter,verified=true AND overall>=2.0,0.6,0.6902,50,43,0.057,0.4811,0.5382,50,50,0.82
post_filter,verified=true AND overall>=2.0,0.6,0.6902,50,44,0.1285,0.7052,0.8337,50,50,0.96
post_filter,verified=true AND overall>=2.0,0.6,0.6902,50,45,0.0678,1.0322,1.1,50,50,0.96
post_filter,verified=true AND overall>=2.0,0.6,0.6902,50,46,0.067,0.8488,0.9158,50,50,0.98
post_filter,verified=true AND overall>=2.0,0.6,0.6902,50,47,0.0557,0.2918,0.3475,50,50,0.12
post_filter,verified=true AND overall>=2.0,0.6,0.6902,50,48,0.0594,1.0267,1.0861,50,50,1.0
post_filter,verified=true AND overall>=2.0,0.6,0.6902,50,49,0.0565,0.4927,0.5492,50,50,0.96
bitmap_prefilter,verified=true AND overall>=2.0,0.6,0.6902,50,0,0.135,37.8821,38.017,133736,50,1.0
bitmap_prefilter,verified=true AND overall>=2.0,0.6,0.6902,50,1,0.1345,37.9157,38.0502,133736,50,1.0
bitmap_prefilter,verified=true AND overall>=2.0,0.6,0.6902,50,2,0.1359,37.9219,38.0578,133736,50,1.0
bitmap_prefilter,verified=true AND overall>=2.0,0.6,0.6902,50,3,0.1322,38.0323,38.1645,133736,50,1.0
bitmap_prefilter,verified=true AND overall>=2.0,0.6,0.6902,50,4,0.1325,38.1785,38.311,133736,50,1.0
bitmap_prefilter,verified=true AND overall>=2.0,0.6,0.6902,50,5,0.1323,37.8038,37.936,133736,50,1.0
bitmap_prefilter,verified=true AND overall>=2.0,0.6,0.6902,50,6,0.1332,37.7478,37.881,133736,50,1.0
bitmap_prefilter,verified=true AND overall>=2.0,0.6,0.6902,50,7,0.1324,37.9024,38.0348,133736,50,1.0
bitmap_prefilter,verified=true AND overall>=2.0,0.6,0.6902,50,8,0.131,37.8238,37.9548,133736,50,0.96
bitmap_prefilter,verified=true AND overall>=2.0,0.6,0.6902,50,9,0.1315,37.8591,37.9906,133736,50,1.0
bitmap_prefilter,verified=true AND overall>=2.0,0.6,0.6902,50,10,0.133,37.7994,37.9324,133736,50,1.0
bitmap_prefilter,verified=true AND overall>=2.0,0.6,0.6902,50,11,0.1318,37.8576,37.9894,133736,50,1.0
bitmap_prefilter,verified=true AND overall>=2.0,0.6,0.6902,50,12,0.136,37.8292,37.9652,133736,50,1.0
bitmap_prefilter,verified=true AND overall>=2.0,0.6,0.6902,50,13,0.1329,37.8289,37.9618,133736,50,1.0
bitmap_prefilter,verified=true AND overall>=2.0,0.6,0.6902,50,14,0.131,37.8175,37.9485,133736,50,1.0
bitmap_prefilter,verified=true AND overall>=2.0,0.6,0.6902,50,15,0.1352,37.8006,37.9358,133736,50,1.0
bitmap_prefilter,verified=true AND overall>=2.0,0.6,0.6902,50,16,0.1317,38.0773,38.209,133736,50,1.0
bitmap_prefilter,verified=true AND overall>=2.0,0.6,0.6902,50,17,0.1305,37.8118,37.9423,133736,50,1.0
bitmap_prefilter,verified=true AND overall>=2.0,0.6,0.6902,50,18,0.1357,39.6022,39.7379,133736,50,1.0
bitmap_prefilter,verified=true AND overall>=2.0,0.6,0.6902,50,19,0.1383,38.8782,39.0165,133736,50,1.0
bitmap_prefilter,verified=true AND overall>=2.0,0.6,0.6902,50,20,0.1303,38.0066,38.1369,133736,50,1.0
bitmap_prefilter,verified=true AND overall>=2.0,0.6,0.6902,50,21,0.1312,38.5451,38.6763,133736,50,1.0
bitmap_prefilter,verified=true AND overall>=2.0,0.6,0.6902,50,22,0.15,37.9891,38.1391,133736,50,1.0
bitmap_prefilter,verified=true AND overall>=2.0,0.6,0.6902,50,23,0.1395,37.8672,38.0066,133736,50,1.0
bitmap_prefilter,verified=true AND overall>=2.0,0.6,0.6902,50,24,0.1372,38.3418,38.479,133736,50,1.0
bitmap_prefilter,verified=true AND overall>=2.0,0.6,0.6902,50,25,0.1348,37.9403,38.075,133736,50,1.0
bitmap_prefilter,verified=true AND overall>=2.0,0.6,0.6902,50,26,0.1349,37.9919,38.1268,133736,50,1.0
bitmap_prefilter,verified=true AND overall>=2.0,0.6,0.6902,50,27,0.1367,37.885,38.0217,133736,50,1.0
bitmap_prefilter,verified=true AND overall>=2.0,0.6,0.6902,50,28,0.1327,37.9154,38.0481,133736,50,1.0
bitmap_prefilter,verified=true AND overall>=2.0,0.6,0.6902,50,29,0.1318,37.922,38.0538,133736,50,1.0
bitmap_prefilter,verified=true AND overall>=2.0,0.6,0.6902,50,30,0.1312,37.8911,38.0223,133736,50,1.0
bitmap_prefilter,verified=true AND overall>=2.0,0.6,0.6902,50,31,0.1325,38.0688,38.2013,133736,50,1.0
bitmap_prefilter,verified=true AND overall>=2.0,0.6,0.6902,50,32,0.1342,37.9114,38.0456,133736,50,1.0
bitmap_prefilter,verified=true AND overall>=2.0,0.6,0.6902,50,33,0.1323,37.9675,38.0997,133736,50,1.0
bitmap_prefilter,verified=true AND overall>=2.0,0.6,0.6902,50,34,0.1313,38.0243,38.1556,133736,50,1.0
bitmap_prefilter,verified=true AND overall>=2.0,0.6,0.6902,50,35,0.131,37.9677,38.0987,133736,50,1.0
bitmap_prefilter,verified=true AND overall>=2.0,0.6,0.6902,50,36,0.1383,37.9844,38.1227,133736,50,1.0
bitmap_prefilter,verified=true AND overall>=2.0,0.6,0.6902,50,37,0.1304,37.9182,38.0486,133736,50,1.0
bitmap_prefilter,verified=true AND overall>=2.0,0.6,0.6902,50,38,0.1367,37.8696,38.0063,133736,50,1.0
bitmap_prefilter,verified=true AND overall>=2.0,0.6,0.6902,50,39,0.1314,38.2108,38.3422,133736,50,1.0
bitmap_prefilter,verified=true AND overall>=2.0,0.6,0.6902,50,40,0.1322,38.0345,38.1667,133736,50,1.0
bitmap_prefilter,verified=true AND overall>=2.0,0.6,0.6902,50,41,0.1319,37.9659,38.0977,133736,50,1.0
bitmap_prefilter,verified=true AND overall>=2.0,0.6,0.6902,50,42,0.1313,37.9292,38.0605,133736,50,1.0
bitmap_prefilter,verified=true AND overall>=2.0,0.6,0.6902,50,43,0.1315,37.9838,38.1152,133736,50,1.0
bitmap_prefilter,verified=true AND overall>=2.0,0.6,0.6902,50,44,0.1343,37.8465,37.9808,133736,50,1.0
bitmap_prefilter,verified=true AND overall>=2.0,0.6,0.6902,50,45,0.1314,37.949,38.0804,133736,50,1.0
bitmap_prefilter,verified=true AND overall>=2.0,0.6,0.6902,50,46,0.1315,38.1101,38.2416,133736,50,1.0
bitmap_prefilter,verified=true AND overall>=2.0,0.6,0.6902,50,47,0.1337,38.5267,38.6604,133736,50,0.0
bitmap_prefilter,verified=true AND overall>=2.0,0.6,0.6902,50,48,0.139,37.9312,38.0702,133736,50,1.0
bitmap_prefilter,verified=true AND overall>=2.0,0.6,0.6902,50,49,0.1324,38.0976,38.23,133736,50,1.0
