strategy,filter_name,target_selectivity,actual_selectivity,top_k,query_idx,filter_time_ms,search_time_ms,total_time_ms,candidates_after_filter,results_returned,recall
brute_force,main_cat='Cell Phones &amp; Accessories',0.02,0.0199,10,0,0.8505,25.6184,26.469,10,10,1.0
brute_force,main_cat='Cell Phones &amp; Accessories',0.02,0.0199,10,1,0.7654,25.5423,26.3078,10,10,1.0
brute_force,main_cat='Cell Phones &amp; Accessories',0.02,0.0199,10,2,0.2072,25.0518,25.259,10,10,1.0
brute_force,main_cat='Cell Phones &amp; Accessories',0.02,0.0199,10,3,0.7519,25.2829,26.0348,10,10,1.0
brute_force,main_cat='Cell Phones &amp; Accessories',0.02,0.0199,10,4,0.2642,24.6734,24.9376,10,10,1.0
brute_force,main_cat='Cell Phones &amp; Accessories',0.02,0.0199,10,5,0.4603,24.9158,25.3761,10,10,1.0
brute_force,main_cat='Cell Phones &amp; Accessories',0.02,0.0199,10,6,0.2347,24.8583,25.093,10,10,1.0
brute_force,main_cat='Cell Phones &amp; Accessories',0.02,0.0199,10,7,0.1625,25.0905,25.253,10,10,1.0
brute_force,main_cat='Cell Phones &amp; Accessories',0.02,0.0199,10,8,0.2449,24.8258,25.0707,10,10,1.0
brute_force,main_cat='Cell Phones &amp; Accessories',0.02,0.0199,10,9,0.3542,25.3183,25.6725,10,10,1.0
brute_force,main_cat='Cell Phones &amp; Accessories',0.02,0.0199,10,10,0.326,24.6137,24.9397,10,10,1.0
brute_force,main_cat='Cell Phones &amp; Accessories',0.02,0.0199,10,11,1.0432,24.9056,25.9488,10,10,1.0
brute_force,main_cat='Cell Phones &amp; Accessories',0.02,0.0199,10,12,0.598,25.0088,25.6069,10,10,1.0
brute_force,main_cat='Cell Phones &amp; Accessories',0.02,0.0199,10,13,0.5185,25.4079,25.9264,10,10,1.0
brute_force,main_cat='Cell Phones &amp; Accessories',0.02,0.0199,10,14,0.2334,25.2753,25.5087,10,10,1.0
brute_force,main_cat='Cell Phones &amp; Accessories',0.02,0.0199,10,15,0.5802,25.2395,25.8197,10,10,1.0
brute_force,main_cat='Cell Phones &amp; Accessories',0.02,0.0199,10,16,0.5148,25.0085,25.5234,10,10,1.0
brute_force,main_cat='Cell Phones &amp; Accessories',0.02,0.0199,10,17,0.3667,28.0668,28.4336,10,10,1.0
brute_force,main_cat='Cell Phones &amp; Accessories',0.02,0.0199,10,18,0.335,57.4707,57.8057,10,10,1.0
brute_force,main_cat='Cell Phones &amp; Accessories',0.02,0.0199,10,19,0.2346,26.0783,26.313,10,10,1.0
brute_force,main_cat='Cell Phones &amp; Accessories',0.02,0.0199,10,20,0.2572,25.8659,26.123,10,10,1.0
brute_force,main_cat='Cell Phones &amp; Accessories',0.02,0.0199,10,21,0.8094,25.7877,26.597,10,10,1.0
brute_force,main_cat='Cell Phones &amp; Accessories',0.02,0.0199,10,22,0.9256,25.0996,26.0252,10,10,1.0
brute_force,main_cat='Cell Phones &amp; Accessories',0.02,0.0199,10,23,0.3918,26.2,26.5919,10,10,1.0
brute_force,main_cat='Cell Phones &amp; Accessories',0.02,0.0199,10,24,0.6327,25.274,25.9068,10,10,1.0
brute_force,main_cat='Cell Phones &amp; Accessories',0.02,0.0199,10,25,0.4137,26.1927,26.6063,10,10,1.0
brute_force,main_cat='Cell Phones &amp; Accessories',0.02,0.0199,10,26,0.2837,25.5734,25.8572,10,10,1.0
brute_force,main_cat='Cell Phones &amp; Accessories',0.02,0.0199,10,27,0.2736,25.5726,25.8462,10,10,1.0
brute_force,main_cat='Cell Phones &amp; Accessories',0.02,0.0199,10,28,0.1412,25.4072,25.5484,10,10,1.0
brute_force,main_cat='Cell Phones &amp; Accessories',0.02,0.0199,10,29,0.2861,25.4281,25.7142,10,10,1.0
brute_force,main_cat='Cell Phones &amp; Accessories',0.02,0.0199,10,30,0.2842,25.0347,25.3188,10,10,1.0
brute_force,main_cat='Cell Phones &amp; Accessories',0.02,0.0199,10,31,0.2178,24.8546,25.0724,10,10,1.0
brute_force,main_cat='Cell Phones &amp; Accessories',0.02,0.0199,10,32,0.3139,25.0756,25.3895,10,10,1.0
brute_force,main_cat='Cell Phones &amp; Accessories',0.02,0.0199,10,33,0.6203,25.2925,25.9128,10,10,1.0
brute_force,main_cat='Cell Phones &amp; Accessories',0.02,0.0199,10,34,0.7757,24.6876,25.4633,10,10,1.0
brute_force,main_cat='Cell Phones &amp; Accessories',0.02,0.0199,10,35,0.3339,25.2842,25.6182,10,10,1.0
brute_force,main_cat='Cell Phones &amp; Accessories',0.02,0.0199,10,36,0.2156,24.6066,24.8222,10,10,1.0
brute_force,main_cat='Cell Phones &amp; Accessories',0.02,0.0199,10,37,0.7978,25.2582,26.056,10,10,1.0
brute_force,main_cat='Cell Phones &amp; Accessories',0.02,0.0199,10,38,0.81,24.5511,25.3611,10,10,1.0
brute_force,main_cat='Cell Phones &amp; Accessories',0.02,0.0199,10,39,0.2583,25.2521,25.5104,10,10,1.0
brute_force,main_cat='Cell Phones &amp; Accessories',0.02,0.0199,10,40,0.3952,24.5917,24.9868,10,10,1.0
brute_force,main_cat='Cell Phones &amp; Accessories',0.02,0.0199,10,41,0.2395,25.4557,25.6952,10,10,1.0
brute_force,main_cat='Cell Phones &amp; Accessories',0.02,0.0199,10,42,0.1338,25.2658,25.3997,10,10,1.0
brute_force,main_cat='Cell Phones &amp; Accessories',0.02,0.0199,10,43,0.194,25.6371,25.8311,10,10,1.0
brute_force,main_cat='Cell Phones &amp; Accessories',0.02,0.0199,10,44,0.0687,25.3407,25.4094,10,10,1.0
brute_force,main_cat='Cell Phones &amp; Accessories',0.02,0.0199,10,45,0.2103,25.7794,25.9897,10,10,1.0
brute_force,main_cat='Cell Phones &amp; Accessories',0.02,0.0199,10,46,0.369,25.596,25.965,10,10,1.0
brute_force,main_cat='Cell Phones &amp; Accessories',0.02,0.0199,10,47,0.2207,26.3466,26.5673,10,10,1.0
brute_force,main_cat='Cell Phones &amp; Accessories',0.02,0.0199,10,48,0.468,25.7675,26.2355,10,10,1.0
brute_force,main_cat='Cell Phones &amp; Accessories',0.02,0.0199,10,49,0.4787,26.132,26.6106,10,10,1.0
naive_prefilter,main_cat='Cell Phones &amp; Accessories',0.02,0.0199,10,0,14.7716,1.1343,15.9059,3860,10,1.0
naive_prefilter,main_cat='Cell Phones &amp; Accessories',0.02,0.0199,10,1,14.7621,1.1565,15.9186,3860,10,1.0
naive_prefilter,main_cat='Cell Phones &amp; Accessories',0.02,0.0199,10,2,14.5174,1.1406,15.658,3860,10,1.0
naive_prefilter,main_cat='Cell Phones &amp; Accessories',0.02,0.0199,10,3,14.5522,1.1485,15.7007,3860,10,1.0
naive_prefilter,main_cat='Cell Phones &amp; Accessories',0.02,0.0199,10,4,14.4903,1.1402,15.6305,3860,10,1.0
naive_prefilter,main_cat='Cell Phones &amp; Accessories',0.02,0.0199,10,5,14.4704,1.159,15.6294,3860,10,1.0
naive_prefilter,main_cat='Cell Phones &amp; Accessories',0.02,0.0199,10,6,14.4855,1.1711,15.6566,3860,10,1.0
naive_prefilter,main_cat='Cell Phones &amp; Accessories',0.02,0.0199,10,7,14.7582,1.1342,15.8924,3860,10,1.0
naive_prefilter,main_cat='Cell Phones &amp; Accessories',0.02,0.0199,10,8,14.7126,1.1509,15.8635,3860,10,1.0
naive_prefilter,main_cat='Cell Phones &amp; Accessories',0.02,0.0199,10,9,14.8677,1.2482,16.1159,3860,10,1.0
naive_prefilter,main_cat='Cell Phones &amp; Accessories',0.02,0.0199,10,10,14.732,1.2018,15.9339,3860,10,1.0
naive_prefilter,main_cat='Cell Phones &amp; Accessories',0.02,0.0199,10,11,14.642,1.2231,15.8651,3860,10,1.0
naive_prefilter,main_cat='Cell Phones &amp; Accessories',0.02,0.0199,10,12,14.7988,1.1909,15.9897,3860,10,1.0
naive_prefilter,main_cat='Cell Phones &amp; Accessories',0.02,0.0199,10,13,14.9349,1.1967,16.1316,3860,10,1.0
naive_prefilter,main_cat='Cell Phones &amp; Accessories',0.02,0.0199,10,14,14.7834,1.1955,15.979,3860,10,1.0
naive_prefilter,main_cat='Cell Phones &amp; Accessories',0.02,0.0199,10,15,14.8845,1.208,16.0925,3860,10,1.0
naive_prefilter,main_cat='Cell Phones &amp; Accessories',0.02,0.0199,10,16,15.0809,1.2663,16.3472,3860,10,1.0
naive_prefilter,main_cat='Cell Phones &amp; Accessories',0.02,0.0199,10,17,14.9383,1.2154,16.1537,3860,10,1.0
naive_prefilter,main_cat='Cell Phones &amp; Accessories',0.02,0.0199,10,18,14.6749,1.2566,15.9315,3860,10,1.0
naive_prefilter,main_cat='Cell Phones &amp; Accessories',0.02,0.0199,10,19,14.9714,1.2249,16.1963,3860,10,1.0
naive_prefilter,main_cat='Cell Phones &amp; Accessories',0.02,0.0199,10,20,15.0816,1.2818,16.3634,3860,10,1.0
naive_prefilter,main_cat='Cell Phones &amp; Accessories',0.02,0.0199,10,21,14.8357,1.5255,16.3612,3860,10,1.0
naive_prefilter,main_cat='Cell Phones &amp; Accessories',0.02,0.0199,10,22,15.0624,1.6297,16.6921,3860,10,1.0
naive_prefilter,main_cat='Cell Phones &amp; Accessories',0.02,0.0199,10,23,15.3122,1.2129,16.525,3860,10,1.0
naive_prefilter,main_cat='Cell Phones &amp; Accessories',0.02,0.0199,10,24,14.6963,1.1862,15.8825,3860,10,1.0
naive_prefilter,main_cat='Cell Phones &amp; Accessories',0.02,0.0199,10,25,14.7763,1.1473,15.9236,3860,10,1.0
naive_prefilter,main_cat='Cell Phones &amp; Accessories',0.02,0.0199,10,26,14.6449,1.1746,15.8195,3860,10,1.0
naive_prefilter,main_cat='Cell Phones &amp; Accessories',0.02,0.0199,10,27,14.5335,1.1146,15.6481,3860,10,1.0
naive_prefilter,main_cat='Cell Phones &amp; Accessories',0.02,0.0199,10,28,14.6992,1.1861,15.8853,3860,10,1.0
naive_prefilter,main_cat='Cell Phones &amp; Accessories',0.02,0.0199,10,29,14.3475,1.1237,15.4712,3860,10,1.0
naive_prefilter,main_cat='Cell Phones &amp; Accessories',0.02,0.0199,10,30,14.2957,1.1338,15.4295,3860,10,0.9
naive_prefilter,main_cat='Cell Phones &amp; Accessories',0.02,0.0199,10,31,14.3539,1.1591,15.513,3860,10,1.0
naive_prefilter,main_cat='Cell Phones &amp; Accessories',0.02,0.0199,10,32,14.416,1.1441,15.5601,3860,10,1.0
naive_prefilter,main_cat='Cell Phones &amp; Accessories',0.02,0.0199,10,33,14.4433,1.1212,15.5645,3860,10,1.0
naive_prefilter,main_cat='Cell Phones &amp; Accessories',0.02,0.0199,10,34,14.4232,1.199,15.6221,3860,10,1.0
naive_prefilter,main_cat='Cell Phones &amp; Accessories',0.02,0.0199,10,35,14.4836,1.179,15.6626,3860,10,1.0
naive_prefilter,main_cat='Cell Phones &amp; Accessories',0.02,0.0199,10,36,14.5212,1.1822,15.7034,3860,10,1.0
naive_prefilter,main_cat='Cell Phones &amp; Accessories',0.02,0.0199,10,37,14.5795,1.159,15.7385,3860,10,1.0
naive_prefilter,main_cat='Cell Phones &amp; Accessories',0.02,0.0199,10,38,14.9155,1.1786,16.0941,3860,10,1.0
naive_prefilter,main_cat='Cell Phones &amp; Accessories',0.02,0.0199,10,39,14.9316,1.137,16.0686,3860,10,1.0
naive_prefilter,main_cat='Cell Phones &amp; Accessories',0.02,0.0199,10,40,14.8263,1.1855,16.0119,3860,10,1.0
naive_prefilter,main_cat='Cell Phones &amp; Accessories',0.02,0.0199,10,41,14.9851,1.3374,16.3225,3860,10,1.0
naive_prefilter,main_cat='Cell Phones &amp; Accessories',0.02,0.0199,10,42,14.9764,1.2198,16.1962,3860,10,1.0
naive_prefilter,main_cat='Cell Phones &amp; Accessories',0.02,0.0199,10,43,14.7267,1.1873,15.914,3860,10,1.0
naive_prefilter,main_cat='Cell Phones &amp; Accessories',0.02,0.0199,10,44,14.9313,1.2649,16.1962,3860,10,1.0
naive_prefilter,main_cat='Cell Phones &amp; Accessories',0.02,0.0199,10,45,15.0211,1.1677,16.1888,3860,10,1.0
naive_prefilter,main_cat='Cell Phones &amp; Accessories',0.02,0.0199,10,46,14.8264,1.1979,16.0243,3860,10,1.0
naive_prefilter,main_cat='Cell Phones &amp; Accessories',0.02,0.0199,10,47,15.0824,1.2453,16.3277,3860,10,0.8
naive_prefilter,main_cat='Cell Phones &amp; Accessories',0.02,0.0199,10,48,15.4603,1.2914,16.7517,3860,10,1.0
naive_prefilter,main_cat='Cell Phones &amp; Accessories',0.02,0.0199,10,49,14.812,1.2977,16.1097,3860,10,1.0
post_filter,main_cat='Cell Phones &amp; Accessories',0.02,0.0199,10,0,0.2012,0.3652,0.5664,4,4,0.4
post_filter,main_cat='Cell Phones &amp; Accessories',0.02,0.0199,10,1,0.4805,1.4255,1.906,6,6,0.6
post_filter,main_cat='Cell Phones &amp; Accessories',0.02,0.0199,10,2,0.153,0.9989,1.152,10,10,0.9
post_filter,main_cat='Cell Phones &amp; Accessories',0.02,0.0199,10,3,0.4587,1.0246,1.4833,8,8,0.8
post_filter,main_cat='Cell Phones &amp; Accessories',0.02,0.0199,10,4,0.282,1.3739,1.6559,10,10,0.8
post_filter,main_cat='Cell Phones &amp; Accessories',0.02,0.0199,10,5,0.3925,0.9381,1.3306,8,8,0.8
post_filter,main_cat='Cell Phones &amp; Accessories',0.02,0.0199,10,6,0.2025,1.1989,1.4014,10,10,1.0
post_filter,main_cat='Cell Phones &amp; Accessories',0.02,0.0199,10,7,0.1275,0.7893,0.9167,10,10,1.0
post_filter,main_cat='Cell Phones &amp; Accessories',0.02,0.0199,10,8,0.2192,1.1496,1.3687,10,10,1.0
post_filter,main_cat='Cell Phones &amp; Accessories',0.02,0.0199,10,9,0.2997,1.0708,1.3705,10,10,0.9
post_filter,main_cat='Cell Phones &amp; Accessories',0.02,0.0199,10,10,0.3747,1.7233,2.098,10,10,0.5
post_filter,main_cat='Cell Phones &amp; Accessories',0.02,0.0199,10,11,0.4367,1.6143,2.051,2,2,0.2
post_filter,main_cat='Cell Phones &amp; Accessories',0.02,0.0199,10,12,0.3732,0.8279,1.2012,8,8,0.8
post_filter,main_cat='Cell Phones &amp; Accessories',0.02,0.0199,10,13,0.4229,0.8695,1.2923,6,6,0.4
post_filter,main_cat='Cell Phones &amp; Accessories',0.02,0.0199,10,14,0.1988,0.6195,0.8183,10,10,0.8
post_filter,main_cat='Cell Phones &amp; Accessories',0.02,0.0199,10,15,0.2718,0.4877,0.7595,1,1,0.1
post_filter,main_cat='Cell Phones &amp; Accessories',0.02,0.0199,10,16,0.4047,0.9832,1.388,10,10,0.9
post_filter,main_cat='Cell Phones &amp; Accessories',0.02,0.0199,10,17,0.142,0.7365,0.8785,10,10,0.9
post_filter,main_cat='Cell Phones &amp; Accessories',0.02,0.0199,10,18,0.2411,0.8039,1.045,10,10,1.0
post_filter,main_cat='Cell Phones &amp; Accessories',0.02,0.0199,10,19,0.1648,0.9183,1.0831,10,10,0.9
post_filter,main_cat='Cell Phones &amp; Accessories',0.02,0.0199,10,20,0.1899,0.7249,0.9148,10,10,0.9
post_filter,main_cat='Cell Phones &amp; Accessories',0.02,0.0199,10,21,0.3597,0.6326,0.9924,3,3,0.3
post_filter,main_cat='Cell Phones &amp; Accessories',0.02,0.0199,10,22,0.4089,0.7578,1.1668,3,3,0.3
post_filter,main_cat='Cell Phones &amp; Accessories',0.02,0.0199,10,23,0.4111,0.7336,1.1448,10,10,0.6
post_filter,main_cat='Cell Phones &amp; Accessories',0.02,0.0199,10,24,0.3994,0.9145,1.314,8,8,0.8
post_filter,main_cat='Cell Phones &amp; Accessories',0.02,0.0199,10,25,0.2777,0.3305,0.6082,6,6,0.2
post_filter,main_cat='Cell Phones &amp; Accessories',0.02,0.0199,10,26,0.1782,0.8377,1.0158,10,10,0.9
post_filter,main_cat='Cell Phones &amp; Accessories',0.02,0.0199,10,27,0.1963,0.7565,0.9528,10,10,1.0
post_filter,main_cat='Cell Phones &amp; Accessories',0.02,0.0199,10,28,0.1369,0.8677,1.0046,10,10,0.9
post_filter,main_cat='Cell Phones &amp; Accessories',0.02,0.0199,10,29,0.2345,0.6279,0.8624,10,10,0.7
post_filter,main_cat='Cell Phones &amp; Accessories',0.02,0.0199,10,30,0.0194,0.6951,0.7145,10,10,0.0
post_filter,main_cat='Cell Phones &amp; Accessories',0.02,0.0199,10,31,0.1854,0.7964,0.9818,10,10,0.7
post_filter,main_cat='Cell Phones &amp; Accessories',0.02,0.0199,10,32,0.2375,0.6381,0.8755,10,10,1.0
post_filter,main_cat='Cell Phones &amp; Accessories',0.02,0.0199,10,33,0.2945,0.4433,0.7378,2,2,0.2
post_filter,main_cat='Cell Phones &amp; Accessories',0.02,0.0199,10,34,0.3564,0.754,1.1104,4,4,0.4
post_filter,main_cat='Cell Phones &amp; Accessories',0.02,0.0199,10,35,0.2381,0.7797,1.0178,10,10,1.0
post_filter,main_cat='Cell Phones &amp; Accessories',0.02,0.0199,10,36,0.1649,0.7031,0.868,10,10,1.0
post_filter,main_cat='Cell Phones &amp; Accessories',0.02,0.0199,10,37,0.3791,0.6354,1.0145,5,5,0.5
post_filter,main_cat='Cell Phones &amp; Accessories',0.02,0.0199,10,38,0.3982,0.9683,1.3665,5,5,0.5
post_filter,main_cat='Cell Phones &amp; Accessories',0.02,0.0199,10,39,0.3322,0.5109,0.8431,10,10,0.8
post_filter,main_cat='Cell Phones &amp; Accessories',0.02,0.0199,10,40,0.3101,0.9889,1.299,10,10,0.8
post_filter,main_cat='Cell Phones &amp; Accessories',0.02,0.0199,10,41,0.1767,0.559,0.7358,10,10,0.9
post_filter,main_cat='Cell Phones &amp; Accessories',0.02,0.0199,10,42,0.093,0.7995,0.8926,10,10,1.0
post_filter,main_cat='Cell Phones &amp; Accessories',0.02,0.0199,10,43,0.1645,0.4686,0.6331,10,10,0.7
post_filter,main_cat='Cell Phones &amp; Accessories',0.02,0.0199,10,44,0.0498,0.6291,0.6789,10,10,1.0
post_filter,main_cat='Cell Phones &amp; Accessories',0.02,0.0199,10,45,0.1396,0.8758,1.0154,10,10,0.8
post_filter,main_cat='Cell Phones &amp; Accessories',0.02,0.0199,10,46,0.2771,0.7138,0.9909,10,10,0.9
post_filter,main_cat='Cell Phones &amp; Accessories',0.02,0.0199,10,47,0.2324,0.2837,0.5161,7,7,0.6
post_filter,main_cat='Cell Phones &amp; Accessories',0.02,0.0199,10,48,0.3713,0.9075,1.2787,10,10,0.7
post_filter,main_cat='Cell Phones &amp; Accessories',0.02,0.0199,10,49,0.2523,0.4666,0.7189,10,10,0.8
bitmap_prefilter,main_cat='Cell Phones &amp; Accessories',0.02,0.0199,10,0,0.0044,1.0275,1.0318,3860,10,1.0
bitmap_prefilter,main_cat='Cell Phones &amp; Accessories',0.02,0.0199,10,1,0.0048,0.9708,0.9756,3860,10,1.0
bitmap_prefilter,main_cat='Cell Phones &amp; Accessories',0.02,0.0199,10,2,0.0041,0.9549,0.959,3860,10,1.0
bitmap_prefilter,main_cat='Cell Phones &amp; Accessories',0.02,0.0199,10,3,0.0038,0.9153,0.9191,3860,10,1.0
bitmap_prefilter,main_cat='Cell Phones &amp; Accessories',0.02,0.0199,10,4,0.0035,0.9119,0.9153,3860,10,1.0
bitmap_prefilter,main_cat='Cell Phones &amp; Accessories',0.02,0.0199,10,5,0.0052,0.882,0.8873,3860,10,1.0
bitmap_prefilter,main_cat='Cell Phones &amp; Accessories',0.02,0.0199,10,6,0.0044,0.9211,0.9255,3860,10,1.0
bitmap_prefilter,main_cat='Cell Phones &amp; Accessories',0.02,0.0199,10,7,0.0047,0.8865,0.8912,3860,10,1.0
bitmap_prefilter,main_cat='Cell Phones &amp; Accessories',0.02,0.0199,10,8,0.0043,0.9612,0.9655,3860,10,1.0
bitmap_prefilter,main_cat='Cell Phones &amp; Accessories',0.02,0.0199,10,9,0.0047,0.9268,0.9314,3860,10,1.0
bitmap_prefilter,main_cat='Cell Phones &amp; Accessories',0.02,0.0199,10,10,0.0046,1.0663,1.0709,3860,10,1.0
bitmap_prefilter,main_cat='Cell Phones &amp; Accessories',0.02,0.0199,10,11,0.0145,1.098,1.1126,3860,10,1.0
bitmap_prefilter,main_cat='Cell Phones &amp; Accessories',0.02,0.0199,10,12,0.0087,0.8958,0.9045,3860,10,1.0
bitmap_prefilter,main_cat='Cell Phones &amp; Accessories',0.02,0.0199,10,13,0.0053,0.8687,0.874,3860,10,1.0
bitmap_prefilter,main_cat='Cell Phones &amp; Accessories',0.02,0.0199,10,14,0.0048,0.8548,0.8596,3860,10,1.0
bitmap_prefilter,main_cat='Cell Phones &amp; Accessories',0.02,0.0199,10,15,0.0066,0.8573,0.8639,3860,10,1.0
bitmap_prefilter,main_cat='Cell Phones &amp; Accessories',0.02,0.0199,10,16,0.0048,0.8638,0.8687,3860,10,1.0
bitmap_prefilter,main_cat='Cell Phones &amp; Accessories',0.02,0.0199,10,17,0.0052,0.859,0.8642,3860,10,1.0
bitmap_prefilter,main_cat='Cell Phones &amp; Accessories',0.02,0.0199,10,18,0.0053,0.8632,0.8685,3860,10,1.0
bitmap_prefilter,main_cat='Cell Phones &amp; Accessories',0.02,0.0199,10,19,0.0049,0.8425,0.8474,3860,10,1.0
bitmap_prefilter,main_cat='Cell Phones &amp; Accessories',0.02,0.0199,10,20,0.0051,1.0972,1.1023,3860,10,1.0
bitmap_prefilter,main_cat='Cell Phones &amp; Accessories',0.02,0.0199,10,21,0.0095,0.9484,0.9578,3860,10,1.0
bitmap_prefilter,main_cat='Cell Phones &amp; Accessories',0.02,0.0199,10,22,0.0059,0.8696,0.8755,3860,10,1.0
bitmap_prefilter,main_cat='Cell Phones &amp; Accessories',0.02,0.0199,10,23,0.0052,0.8444,0.8496,3860,10,1.0
bitmap_prefilter,main_cat='Cell Phones &amp; Accessories',0.02,0.0199,10,24,0.0042,0.8457,0.8499,3860,10,1.0
bitmap_prefilter,main_cat='Cell Phones &amp; Accessories',0.02,0.0199,10,25,0.0047,0.8618,0.8665,3860,10,1.0
bitmap_prefilter,main_cat='Cell Phones &amp; Accessories',0.02,0.0199,10,26,0.0052,0.9333,0.9385,3860,10,1.0
bitmap_prefilter,main_cat='Cell Phones &amp; Accessories',0.02,0.0199,10,27,0.0079,0.8197,0.8275,3860,10,1.0
bitmap_prefilter,main_cat='Cell Phones &amp; Accessories',0.02,0.0199,10,28,0.0046,0.8502,0.8548,3860,10,1.0
bitmap_prefilter,main_cat='Cell Phones &amp; Accessories',0.02,0.0199,10,29,0.0052,0.8143,0.8195,3860,10,1.0
bitmap_prefilter,main_cat='Cell Phones &amp; Accessories',0.02,0.0199,10,30,0.0059,0.8112,0.8171,3860,10,0.9
bitmap_prefilter,main_cat='Cell Phones &amp; Accessories',0.02,0.0199,10,31,0.0044,0.7864,0.7908,3860,10,1.0
bitmap_prefilter,main_cat='Cell Phones &amp; Accessories',0.02,0.0199,10,32,0.0045,0.8008,0.8054,3860,10,1.0
bitmap_prefilter,main_cat='Cell Phones &amp; Accessories',0.02,0.0199,10,33,0.0054,0.7819,0.7873,3860,10,1.0
bitmap_prefilter,main_cat='Cell Phones &amp; Accessories',0.02,0.0199,10,34,0.0059,0.7927,0.7986,3860,10,1.0
bitmap_prefilter,main_cat='Cell Phones &amp; Accessories',0.02,0.0199,10,35,0.0042,0.7794,0.7836,3860,10,1.0
bitmap_prefilter,main_cat='Cell Phones &amp; Accessories',0.02,0.0199,10,36,0.0045,0.7908,0.7953,3860,10,1.0
bitmap_prefilter,main_cat='Cell Phones &amp; Accessories',0.02,0.0199,10,37,0.0046,0.773,0.7776,3860,10,1.0
bitmap_prefilter,main_cat='Cell Phones &amp; Accessories',0.02,0.0199,10,38,0.0047,0.8026,0.8072,3860,10,1.0
bitmap_prefilter,main_cat='Cell Phones &amp; Accessories',0.02,0.0199,10,39,0.0053,0.7783,0.7836,3860,10,1.0
bitmap_prefilter,main_cat='Cell Phones &amp; Accessories',0.02,0.0199,10,40,0.0047,0.8183,0.823,3860,10,1.0
bitmap_prefilter,main_cat='Cell Phones &amp; Accessories',0.02,0.0199,10,41,0.0044,0.7786,0.783,3860,10,1.0
bitmap_prefilter,main_cat='Cell Phones &amp; Accessories',0.02,0.0199,10,42,0.0045,0.7924,0.7969,3860,10,1.0
bitmap_prefilter,main_cat='Cell Phones &amp; Accessories',0.02,0.0199,10,43,0.0047,0.8129,0.8176,3860,10,1.0
bitmap_prefilter,main_cat='Cell Phones &amp; Accessories',0.02,0.0199,10,44,0.0047,0.8219,0.8265,3860,10,1.0
bitmap_prefilter,main_cat='Cell Phones &amp; Accessories',0.02,0.0199,10,45,0.0041,0.7744,0.7785,3860,10,1.0
bitmap_prefilter,main_cat='Cell Phones &amp; Accessories',0.02,0.0199,10,46,0.0045,0.8539,0.8583,3860,10,1.0
bitmap_prefilter,main_cat='Cell Phones &amp; Accessories',0.02,0.0199,10,47,0.009,0.8711,0.8801,3860,10,0.8
bitmap_prefilter,main_cat='Cell Phones &amp; Accessories',0.02,0.0199,10,48,0.0063,0.8207,0.8271,3860,10,1.0
bitmap_prefilter,main_cat='Cell Phones &amp; Accessories',0.02,0.0199,10,49,0.0051,0.7905,0.7955,3860,10,1.0
brute_force,main_cat='Cell Phones &amp; Accessories',0.02,0.0199,50,0,2.063,25.1568,27.2198,50,50,1.0
brute_force,main_cat='Cell Phones &amp; Accessories',0.02,0.0199,50,1,2.084,26.0333,28.1173,50,50,1.0
brute_force,main_cat='Cell Phones &amp; Accessories',0.02,0.0199,50,2,0.6561,25.3995,26.0556,50,50,1.0
brute_force,main_cat='Cell Phones &amp; Accessories',0.02,0.0199,50,3,1.9815,26.268,28.2496,50,50,1.0
brute_force,main_cat='Cell Phones &amp; Accessories',0.02,0.0199,50,4,1.0169,25.9771,26.994,50,50,1.0
brute_force,main_cat='Cell Phones &amp; Accessories',0.02,0.0199,50,5,1.3984,25.6627,27.0611,50,50,1.0
brute_force,main_cat='Cell Phones &amp; Accessories',0.02,0.0199,50,6,1.4502,25.2459,26.6962,50,50,1.0
brute_force,main_cat='Cell Phones &amp; Accessories',0.02,0.0199,50,7,0.6219,25.7103,26.3322,50,50,1.0
brute_force,main_cat='Cell Phones &amp; Accessories',0.02,0.0199,50,8,0.9365,25.0405,25.977,50,50,1.0
brute_force,main_cat='Cell Phones &amp; Accessories',0.02,0.0199,50,9,1.5287,25.856,27.3847,50,50,1.0
brute_force,main_cat='Cell Phones &amp; Accessories',0.02,0.0199,50,10,1.2305,25.3577,26.5882,50,50,1.0
brute_force,main_cat='Cell Phones &amp; Accessories',0.02,0.0199,50,11,2.6495,26.1889,28.8383,50,50,1.0
brute_force,main_cat='Cell Phones &amp; Accessories',0.02,0.0199,50,12,2.1057,24.9122,27.018,50,50,1.0
brute_force,main_cat='Cell Phones &amp; Accessories',0.02,0.0199,50,13,1.9847,25.3626,27.3473,50,50,1.0
brute_force,main_cat='Cell Phones &amp; Accessories',0.02,0.0199,50,14,0.8151,24.7122,25.5274,50,50,1.0
brute_force,main_cat='Cell Phones &amp; Accessories',0.02,0.0199,50,15,1.9752,25.8402,27.8154,50,50,1.0
brute_force,main_cat='Cell Phones &amp; Accessories',0.02,0.0199,50,16,2.0278,24.9266,26.9543,50,50,1.0
brute_force,main_cat='Cell Phones &amp; Accessories',0.02,0.0199,50,17,1.0098,25.3635,26.3734,50,50,1.0
brute_force,main_cat='Cell Phones &amp; Accessories',0.02,0.0199,50,18,1.0427,24.5476,25.5903,50,50,1.0
brute_force,main_cat='Cell Phones &amp; Accessories',0.02,0.0199,50,19,1.257,25.2225,26.4795,50,50,1.0
brute_force,main_cat='Cell Phones &amp; Accessories',0.02,0.0199,50,20,1.1445,24.8186,25.9631,50,50,1.0
brute_force,main_cat='Cell Phones &amp; Accessories',0.02,0.0199,50,21,2.1881,25.3185,27.5066,50,50,1.0
brute_force,main_cat='Cell Phones &amp; Accessories',0.02,0.0199,50,22,3.1951,24.6719,27.867,50,50,1.0
brute_force,main_cat='Cell Phones &amp; Accessories',0.02,0.0199,50,23,1.5494,25.5519,27.1012,50,50,1.0
brute_force,main_cat='Cell Phones &amp; Accessories',0.02,0.0199,50,24,1.8528,24.815,26.6679,50,50,1.0
brute_force,main_cat='Cell Phones &amp; Accessories',0.02,0.0199,50,25,1.143,25.3608,26.5039,50,50,1.0
brute_force,main_cat='Cell Phones &amp; Accessories',0.02,0.0199,50,26,1.3449,25.0433,26.3882,50,50,0.98
brute_force,main_cat='Cell Phones &amp; Accessories',0.02,0.0199,50,27,1.0745,25.2453,26.3198,50,50,1.0
brute_force,main_cat='Cell Phones &amp; Accessories',0.02,0.0199,50,28,1.0581,24.9698,26.028,50,50,1.0
brute_force,main_cat='Cell Phones &amp; Accessories',0.02,0.0199,50,29,1.3355,25.3813,26.7168,50,50,1.0
brute_force,main_cat='Cell Phones &amp; Accessories',0.02,0.0199,50,30,1.1256,25.0053,26.1309,50,50,1.0
brute_force,main_cat='Cell Phones &amp; Accessories',0.02,0.0199,50,31,0.8485,25.3317,26.1802,50,50,1.0
brute_force,main_cat='Cell Phones &amp; Accessories',0.02,0.0199,50,32,0.8531,24.9903,25.8434,50,50,1.0
brute_force,main_cat='Cell Phones &amp; Accessories',0.02,0.0199,50,33,1.5778,25.3243,26.9021,50,50,1.0
brute_force,main_cat='Cell Phones &amp; Accessories',0.02,0.0199,50,34,2.5476,24.77,27.3176,50,50,1.0
brute_force,main_cat='Cell Phones &amp; Accessories',0.02,0.0199,50,35,1.5283,25.2826,26.8109,50,50,1.0
brute_force,main_cat='Cell Phones &amp; Accessories',0.02,0.0199,50,36,1.0878,24.828,25.9158,50,50,1.0
brute_force,main_cat='Cell Phones &amp; Accessories',0.02,0.0199,50,37,2.0378,25.2313,27.2691,50,50,1.0
brute_force,main_cat='Cell Phones &amp; Accessories',0.02,0.0199,50,38,2.0079,24.8324,26.8403,50,50,1.0
brute_force,main_cat='Cell Phones &amp; Accessories',0.02,0.0199,50,39,1.2772,25.292,26.5692,50,50,1.0
brute_force,main_cat='Cell Phones &amp; Accessories',0.02,0.0199,50,40,1.5465,24.8035,26.35,50,50,1.0
brute_force,main_cat='Cell Phones &amp; Accessories',0.02,0.0199,50,41,0.6151,25.2894,25.9045,50,50,1.0
brute_force,main_cat='Cell Phones &amp; Accessories',0.02,0.0199,50,42,0.7768,24.9137,25.6905,50,50,1.0
brute_force,main_cat='Cell Phones &amp; Accessories',0.02,0.0199,50,43,1.0622,25.437,26.4992,50,50,1.0
brute_force,main_cat='Cell Phones &amp; Accessories',0.02,0.0199,50,44,0.3441,24.922,25.2661,50,50,1.0
brute_force,main_cat='Cell Phones &amp; Accessories',0.02,0.0199,50,45,0.9284,25.3266,26.255,50,50,1.0
brute_force,main_cat='Cell Phones &amp; Accessories',0.02,0.0199,50,46,1.1619,24.8543,26.0162,50,50,1.0
brute_force,main_cat='Cell Phones &amp; Accessories',0.02,0.0199,50,47,0.9727,25.4816,26.4542,50,50,1.0
brute_force,main_cat='Cell Phones &amp; Accessories',0.02,0.0199,50,48,1.7926,24.8084,26.601,50,50,1.0
brute_force,main_cat='Cell Phones &amp; Accessories',0.02,0.0199,50,49,1.3034,25.4774,26.7808,50,50,1.0
naive_prefilter,main_cat='Cell Phones &amp; Accessories',0.02,0.0199,50,0,14.4509,1.192,15.6428,3860,50,1.0
naive_prefilter,main_cat='Cell Phones &amp; Accessories',0.02,0.0199,50,1,14.4093,1.2317,15.641,3860,50,1.0
naive_prefilter,main_cat='Cell Phones &amp; Accessories',0.02,0.0199,50,2,14.4613,1.1795,15.6408,3860,50,1.0
naive_prefilter,main_cat='Cell Phones &amp; Accessories',0.02,0.0199,50,3,14.266,1.1836,15.4496,3860,50,1.0
naive_prefilter,main_cat='Cell Phones &amp; Accessories',0.02,0.0199,50,4,14.4934,1.1542,15.6475,3860,50,1.0
naive_prefilter,main_cat='Cell Phones &amp; Accessories',0.02,0.0199,50,5,14.6099,1.1644,15.7743,3860,50,1.0
naive_prefilter,main_cat='Cell Phones &amp; Accessories',0.02,0.0199,50,6,14.4948,1.1726,15.6674,3860,50,1.0
naive_prefilter,main_cat='Cell Phones &amp; Accessories',0.02,0.0199,50,7,14.4111,1.1619,15.573,3860,50,1.0
naive_prefilter,main_cat='Cell Phones &amp; Accessories',0.02,0.0199,50,8,14.3186,1.1475,15.466,3860,50,1.0
naive_prefilter,main_cat='Cell Phones &amp; Accessories',0.02,0.0199,50,9,14.522,1.1287,15.6507,3860,50,1.0
naive_prefilter,main_cat='Cell Phones &amp; Accessories',0.02,0.0199,50,10,14.4613,1.1255,15.5868,3860,50,1.0
naive_prefilter,main_cat='Cell Phones &amp; Accessories',0.02,0.0199,50,11,14.4964,1.151,15.6475,3860,50,1.0
naive_prefilter,main_cat='Cell Phones &amp; Accessories',0.02,0.0199,50,12,14.4969,1.1618,15.6587,3860,50,1.0
naive_prefilter,main_cat='Cell Phones &amp; Accessories',0.02,0.0199,50,13,14.147,1.1115,15.2585,3860,50,1.0
naive_prefilter,main_cat='Cell Phones &amp; Accessories',0.02,0.0199,50,14,14.472,1.1673,15.6392,3860,50,1.0
naive_prefilter,main_cat='Cell Phones &amp; Accessories',0.02,0.0199,50,15,14.2909,1.1319,15.4228,3860,50,1.0
naive_prefilter,main_cat='Cell Phones &amp; Accessories',0.02,0.0199,50,16,14.304,1.1627,15.4667,3860,50,1.0
naive_prefilter,main_cat='Cell Phones &amp; Accessories',0.02,0.0199,50,17,14.4919,1.104,15.5959,3860,50,1.0
naive_prefilter,main_cat='Cell Phones &amp; Accessories',0.02,0.0199,50,18,14.3654,1.1709,15.5363,3860,50,1.0
naive_prefilter,main_cat='Cell Phones &amp; Accessories',0.02,0.0199,50,19,14.484,1.092,15.5759,3860,50,1.0
naive_prefilter,main_cat='Cell Phones &amp; Accessories',0.02,0.0199,50,20,14.2607,1.1216,15.3823,3860,50,1.0
naive_prefilter,main_cat='Cell Phones &amp; Accessories',0.02,0.0199,50,21,14.4158,1.1049,15.5207,3860,50,1.0
naive_prefilter,main_cat='Cell Phones &amp; Accessories',0.02,0.0199,50,22,14.5044,1.1379,15.6423,3860,50,1.0
naive_prefilter,main_cat='Cell Phones &amp; Accessories',0.02,0.0199,50,23,14.4635,1.1125,15.576,3860,50,1.0
naive_prefilter,main_cat='Cell Phones &amp; Accessories',0.02,0.0199,50,24,14.3695,1.1289,15.4985,3860,50,1.0
naive_prefilter,main_cat='Cell Phones &amp; Accessories',0.02,0.0199,50,25,14.3013,1.116,15.4173,3860,50,0.96
naive_prefilter,main_cat='Cell Phones &amp; Accessories',0.02,0.0199,50,26,14.4089,1.1571,15.566,3860,50,0.98
naive_prefilter,main_cat='Cell Phones &amp; Accessories',0.02,0.0199,50,27,14.2686,1.1455,15.414,3860,50,1.0
naive_prefilter,main_cat='Cell Phones &amp; Accessories',0.02,0.0199,50,28,14.344,1.1258,15.4699,3860,50,1.0
naive_prefilter,main_cat='Cell Phones &amp; Accessories',0.02,0.0199,50,29,14.3723,1.1048,15.4771,3860,50,1.0
naive_prefilter,main_cat='Cell Phones &amp; Accessories',0.02,0.0199,50,30,14.2187,1.1117,15.3304,3860,50,1.0
naive_prefilter,main_cat='Cell Phones &amp; Accessories',0.02,0.0199,50,31,14.2113,1.098,15.3093,3860,50,1.0
naive_prefilter,main_cat='Cell Phones &amp; Accessories',0.02,0.0199,50,32,14.3246,1.1185,15.4431,3860,50,1.0
naive_prefilter,main_cat='Cell Phones &amp; Accessories',0.02,0.0199,50,33,14.4535,1.1349,15.5884,3860,50,1.0
naive_prefilter,main_cat='Cell Phones &amp; Accessories',0.02,0.0199,50,34,14.3327,1.1167,15.4494,3860,50,1.0
naive_prefilter,main_cat='Cell Phones &amp; Accessories',0.02,0.0199,50,35,14.5466,1.0857,15.6323,3860,50,1.0
naive_prefilter,main_cat='Cell Phones &amp; Accessories',0.02,0.0199,50,36,14.5226,1.1176,15.6403,3860,50,1.0
naive_prefilter,main_cat='Cell Phones &amp; Accessories',0.02,0.0199,50,37,14.3959,1.0843,15.4802,3860,50,1.0
naive_prefilter,main_cat='Cell Phones &amp; Accessories',0.02,0.0199,50,38,14.4402,1.11,15.5501,3860,50,1.0
naive_prefilter,main_cat='Cell Phones &amp; Accessories',0.02,0.0199,50,39,14.4035,1.1007,15.5043,3860,50,1.0
naive_prefilter,main_cat='Cell Phones &amp; Accessories',0.02,0.0199,50,40,14.2778,1.09,15.3678,3860,50,1.0
naive_prefilter,main_cat='Cell Phones &amp; Accessories',0.02,0.0199,50,41,14.4283,1.0892,15.5175,3860,50,1.0
naive_prefilter,main_cat='Cell Phones &amp; Accessories',0.02,0.0199,50,42,14.4142,1.0914,15.5056,3860,50,1.0
naive_prefilter,main_cat='Cell Phones &amp; Accessories',0.02,0.0199,50,43,14.3648,1.0808,15.4456,3860,50,1.0
naive_prefilter,main_cat='Cell Phones &amp; Accessories',0.02,0.0199,50,44,14.3795,1.0984,15.478,3860,50,1.0
naive_prefilter,main_cat='Cell Phones &amp; Accessories',0.02,0.0199,50,45,14.5436,1.1406,15.6842,3860,50,1.0
naive_prefilter,main_cat='Cell Phones &amp; Accessories',0.02,0.0199,50,46,14.5207,1.1028,15.6234,3860,50,1.0
naive_prefilter,main_cat='Cell Phones &amp; Accessories',0.02,0.0199,50,47,14.3777,1.0807,15.4585,3860,50,1.0
naive_prefilter,main_cat='Cell Phones &amp; Accessories',0.02,0.0199,50,48,14.5224,1.1965,15.7189,3860,50,1.0
naive_prefilter,main_cat='Cell Phones &amp; Accessories',0.02,0.0199,50,49,14.4191,1.0707,15.4898,3860,50,1.0
post_filter,main_cat='Cell Phones &amp; Accessories',0.02,0.0199,50,0,0.6186,0.7602,1.3788,18,18,0.3
post_filter,main_cat='Cell Phones &amp; Accessories',0.02,0.0199,50,1,7.6797,1.8319,9.5116,35,35,0.38
post_filter,main_cat='Cell Phones &amp; Accessories',0.02,0.0199,50,2,5.0025,12.5292,17.5317,50,50,0.74
post_filter,main_cat='Cell Phones &amp; Accessories',0.02,0.0199,50,3,1.5744,3.0917,4.6661,41,41,0.44
post_filter,main_cat='Cell Phones &amp; Accessories',0.02,0.0199,50,4,0.8246,1.1912,2.0158,50,50,0.68
post_filter,main_cat='Cell Phones &amp; Accessories',0.02,0.0199,50,5,1.6135,1.1076,2.7211,48,48,0.56
post_filter,main_cat='Cell Phones &amp; Accessories',0.02,0.0199,50,6,1.8557,1.266,3.1217,41,41,0.52
post_filter,main_cat='Cell Phones &amp; Accessories',0.02,0.0199,50,7,1.4814,2.3541,3.8355,50,50,0.84
post_filter,main_cat='Cell Phones &amp; Accessories',0.02,0.0199,50,8,0.9154,1.3161,2.2315,50,50,0.76
post_filter,main_cat='Cell Phones &amp; Accessories',0.02,0.0199,50,9,1.1265,1.1923,2.3188,50,50,0.64
post_filter,main_cat='Cell Phones &amp; Accessories',0.02,0.0199,50,10,1.3924,1.0611,2.4535,48,48,0.4
post_filter,main_cat='Cell Phones &amp; Accessories',0.02,0.0199,50,11,1.2713,1.0193,2.2906,16,16,0.18
post_filter,main_cat='Cell Phones &amp; Accessories',0.02,0.0199,50,12,0.9701,0.8267,1.7968,28,28,0.48
post_filter,main_cat='Cell Phones &amp; Accessories',0.02,0.0199,50,13,1.12,0.8645,1.9845,31,31,0.42
post_filter,main_cat='Cell Phones &amp; Accessories',0.02,0.0199,50,14,0.8746,0.6505,1.5251,38,38,0.44
post_filter,main_cat='Cell Phones &amp; Accessories',0.02,0.0199,50,15,0.6352,0.5725,1.2077,2,2,0.04
post_filter,main_cat='Cell Phones &amp; Accessories',0.02,0.0199,50,16,1.3252,1.063,2.3882,38,38,0.38
post_filter,main_cat='Cell Phones &amp; Accessories',0.02,0.0199,50,17,0.749,0.7915,1.5405,50,50,0.58
post_filter,main_cat='Cell Phones &amp; Accessories',0.02,0.0199,50,18,0.8672,0.9415,1.8087,50,50,0.6
post_filter,main_cat='Cell Phones &amp; Accessories',0.02,0.0199,50,19,1.0634,1.0033,2.0666,50,50,0.6
post_filter,main_cat='Cell Phones &amp; Accessories',0.02,0.0199,50,20,0.9024,0.712,1.6143,45,45,0.6
post_filter,main_cat='Cell Phones &amp; Accessories',0.02,0.0199,50,21,0.8944,0.7663,1.6607,12,12,0.16
post_filter,main_cat='Cell Phones &amp; Accessories',0.02,0.0199,50,22,1.0145,0.8035,1.818,8,8,0.06
post_filter,main_cat='Cell Phones &amp; Accessories',0.02,0.0199,50,23,0.9949,0.7541,1.749,34,34,0.36
post_filter,main_cat='Cell Phones &amp; Accessories',0.02,0.0199,50,24,1.3416,1.1207,2.4623,46,46,0.48
post_filter,main_cat='Cell Phones &amp; Accessories',0.02,0.0199,50,25,0.5249,0.3511,0.876,6,6,0.06
post_filter,main_cat='Cell Phones &amp; Accessories',0.02,0.0199,50,26,0.8091,0.9935,1.8026,50,50,0.6
post_filter,main_cat='Cell Phones &amp; Accessories',0.02,0.0199,50,27,0.8748,0.9435,1.8183,50,50,0.54
post_filter,main_cat='Cell Phones &amp; Accessories',0.02,0.0199,50,28,0.6438,0.9687,1.6125,50,50,0.7
post_filter,main_cat='Cell Phones &amp; Accessories',0.02,0.0199,50,29,0.8146,0.6263,1.4409,24,24,0.36
post_filter,main_cat='Cell Phones &amp; Accessories',0.02,0.0199,50,30,0.4955,0.454,0.9495,14,14,0.28
post_filter,main_cat='Cell Phones &amp; Accessories',0.02,0.0199,50,31,0.4721,0.9859,1.458,50,50,0.7
post_filter,main_cat='Cell Phones &amp; Accessories',0.02,0.0199,50,32,0.762,0.76,1.522,50,50,0.7
post_filter,main_cat='Cell Phones &amp; Accessories',0.02,0.0199,50,33,0.6715,0.5643,1.2359,5,5,0.08
post_filter,main_cat='Cell Phones &amp; Accessories',0.02,0.0199,50,34,1.1521,0.9463,2.0985,20,20,0.34
post_filter,main_cat='Cell Phones &amp; Accessories',0.02,0.0199,50,35,1.1674,0.9932,2.1606,50,50,0.5
post_filter,main_cat='Cell Phones &amp; Accessories',0.02,0.0199,50,36,0.7688,0.81,1.5788,50,50,0.6
post_filter,main_cat='Cell Phones &amp; Accessories',0.02,0.0199,50,37,0.949,0.7473,1.6964,19,19,0.26
post_filter,main_cat='Cell Phones &amp; Accessories',0.02,0.0199,50,38,1.4034,1.2072,2.6106,41,41,0.36
post_filter,main_cat='Cell Phones &amp; Accessories',0.02,0.0199,50,39,0.78,0.5711,1.3511,21,21,0.32
post_filter,main_cat='Cell Phones &amp; Accessories',0.02,0.0199,50,40,1.1257,1.1901,2.3158,50,50,0.54
post_filter,main_cat='Cell Phones &amp; Accessories',0.02,0.0199,50,41,0.4297,0.6404,1.0701,50,50,0.8
post_filter,main_cat='Cell Phones &amp; Accessories',0.02,0.0199,50,42,0.6385,0.9694,1.6079,50,50,0.8
post_filter,main_cat='Cell Phones &amp; Accessories',0.02,0.0199,50,43,0.6275,0.4928,1.1202,19,19,0.34
post_filter,main_cat='Cell Phones &amp; Accessories',0.02,0.0199,50,44,0.267,0.7238,0.9908,50,50,0.92
post_filter,main_cat='Cell Phones &amp; Accessories',0.02,0.0199,50,45,0.6885,1.0739,1.7625,50,50,0.7
post_filter,main_cat='Cell Phones &amp; Accessories',0.02,0.0199,50,46,0.937,0.8885,1.8254,50,50,0.46
post_filter,main_cat='Cell Phones &amp; Accessories',0.02,0.0199,50,47,0.4518,0.3071,0.7589,7,7,0.12
post_filter,main_cat='Cell Phones &amp; Accessories',0.02,0.0199,50,48,1.3858,1.0533,2.439,49,49,0.46
post_filter,main_cat='Cell Phones &amp; Accessories',0.02,0.0199,50,49,0.7228,0.5155,1.2383,22,22,0.32
bitmap_prefilter,main_cat='Cell Phones &amp; Accessories',0.02,0.0199,50,0,0.004,0.9838,0.9877,3860,50,1.0
bitmap_prefilter,main_cat='Cell Phones &amp; Accessories',0.02,0.0199,50,1,0.0036,1.0481,1.0517,3860,50,1.0
bitmap_prefilter,main_cat='Cell Phones &amp; Accessories',0.02,0.0199,50,2,0.0103,1.056,1.0662,3860,50,1.0
bitmap_prefilter,main_cat='Cell Phones &amp; Accessories',0.02,0.0199,50,3,0.0056,1.0739,1.0795,3860,50,1.0
bitmap_prefilter,main_cat='Cell Phones &amp; Accessories',0.02,0.0199,50,4,0.0062,1.2497,1.2559,3860,50,1.0
bitmap_prefilter,main_cat='Cell Phones &amp; Accessories',0.02,0.0199,50,5,0.0066,0.9586,0.9652,3860,50,1.0
bitmap_prefilter,main_cat='Cell Phones &amp; Accessories',0.02,0.0199,50,6,0.0049,0.9485,0.9534,3860,50,1.0
bitmap_prefilter,main_cat='Cell Phones &amp; Accessories',0.02,0.0199,50,7,0.0061,0.953,0.9592,3860,50,1.0
bitmap_prefilter,main_cat='Cell Phones &amp; Accessories',0.02,0.0199,50,8,0.0049,0.9146,0.9195,3860,50,1.0
bitmap_prefilter,main_cat='Cell Phones &amp; Accessories',0.02,0.0199,50,9,0.0039,0.8813,0.8852,3860,50,1.0
bitmap_prefilter,main_cat='Cell Phones &amp; Accessories',0.02,0.0199,50,10,0.0047,0.9118,0.9166,3860,50,1.0
bitmap_prefilter,main_cat='Cell Phones &amp; Accessories',0.02,0.0199,50,11,0.0044,0.8618,0.8662,3860,50,1.0
bitmap_prefilter,main_cat='Cell Phones &amp; Accessories',0.02,0.0199,50,12,0.0056,0.8947,0.9003,3860,50,1.0
bitmap_prefilter,main_cat='Cell Phones &amp; Accessories',0.02,0.0199,50,13,0.0044,0.8742,0.8786,3860,50,1.0
bitmap_prefilter,main_cat='Cell Phones &amp; Accessories',0.02,0.0199,50,14,0.0041,0.931,0.935,3860,50,1.0
bitmap_prefilter,main_cat='Cell Phones &amp; Accessories',0.02,0.0199,50,15,0.007,1.1199,1.1269,3860,50,1.0
bitmap_prefilter,main_cat='Cell Phones &amp; Accessories',0.02,0.0199,50,16,0.0055,0.891,0.8965,3860,50,1.0
bitmap_prefilter,main_cat='Cell Phones &amp; Accessories',0.02,0.0199,50,17,0.0043,0.8563,0.8607,3860,50,1.0
bitmap_prefilter,main_cat='Cell Phones &amp; Accessories',0.02,0.0199,50,18,0.0041,0.8635,0.8676,3860,50,1.0
bitmap_prefilter,main_cat='Cell Phones &amp; Accessories',0.02,0.0199,50,19,0.004,0.8587,0.8627,3860,50,1.0
bitmap_prefilter,main_cat='Cell Phones &amp; Accessories',0.02,0.0199,50,20,0.0043,0.8852,0.8895,3860,50,1.0
bitmap_prefilter,main_cat='Cell Phones &amp; Accessories',0.02,0.0199,50,21,0.0045,0.9048,0.9093,3860,50,1.0
bitmap_prefilter,main_cat='Cell Phones &amp; Accessories',0.02,0.0199,50,22,0.0085,0.9565,0.965,3860,50,1.0
bitmap_prefilter,main_cat='Cell Phones &amp; Accessories',0.02,0.0199,50,23,0.0056,0.8478,0.8534,3860,50,1.0
bitmap_prefilter,main_cat='Cell Phones &amp; Accessories',0.02,0.0199,50,24,0.0049,0.8413,0.8462,3860,50,1.0
bitmap_prefilter,main_cat='Cell Phones &amp; Accessories',0.02,0.0199,50,25,0.0045,0.8067,0.8112,3860,50,0.96
bitmap_prefilter,main_cat='Cell Phones &amp; Accessories',0.02,0.0199,50,26,0.005,0.8131,0.8181,3860,50,0.98
bitmap_prefilter,main_cat='Cell Phones &amp; Accessories',0.02,0.0199,50,27,0.0045,0.8312,0.8357,3860,50,1.0
bitmap_prefilter,main_cat='Cell Phones &amp; Accessories',0.02,0.0199,50,28,0.0051,0.8498,0.8549,3860,50,1.0
bitmap_prefilter,main_cat='Cell Phones &amp; Accessories',0.02,0.0199,50,29,0.0044,0.787,0.7914,3860,50,1.0
bitmap_prefilter,main_cat='Cell Phones &amp; Accessories',0.02,0.0199,50,30,0.0049,0.834,0.8389,3860,50,1.0
bitmap_prefilter,main_cat='Cell Phones &amp; Accessories',0.02,0.0199,50,31,0.0049,0.7822,0.7871,3860,50,1.0
bitmap_prefilter,main_cat='Cell Phones &amp; Accessories',0.02,0.0199,50,32,0.0045,0.8234,0.8279,3860,50,1.0
bitmap_prefilter,main_cat='Cell Phones &amp; Accessories',0.02,0.0199,50,33,0.0048,0.7837,0.7885,3860,50,1.0
bitmap_prefilter,main_cat='Cell Phones &amp; Accessories',0.02,0.0199,50,34,0.0047,0.8055,0.8102,3860,50,1.0
bitmap_prefilter,main_cat='Cell Phones &amp; Accessories',0.02,0.0199,50,35,0.0046,0.7892,0.7939,3860,50,1.0
bitmap_prefilter,main_cat='Cell Phones &amp; Accessories',0.02,0.0199,50,36,0.0049,0.7877,0.7926,3860,50,1.0
bitmap_prefilter,main_cat='Cell Phones &amp; Accessories',0.02,0.0199,50,37,0.0044,0.7697,0.774,3860,50,1.0
bitmap_prefilter,main_cat='Cell Phones &amp; Accessories',0.02,0.0199,50,38,0.0052,0.8398,0.8451,3860,50,1.0
bitmap_prefilter,main_cat='Cell Phones &amp; Accessories',0.02,0.0199,50,39,0.005,0.7942,0.7991,3860,50,1.0
bitmap_prefilter,main_cat='Cell Phones &amp; Accessories',0.02,0.0199,50,40,0.0052,0.83,0.8352,3860,50,1.0
bitmap_prefilter,main_cat='Cell Phones &amp; Accessories',0.02,0.0199,50,41,0.0043,0.8183,0.8226,3860,50,1.0
bitmap_prefilter,main_cat='Cell Phones &amp; Accessories',0.02,0.0199,50,42,0.0051,0.7984,0.8035,3860,50,1.0
bitmap_prefilter,main_cat='Cell Phones &amp; Accessories',0.02,0.0199,50,43,0.0043,0.7845,0.7889,3860,50,1.0
bitmap_prefilter,main_cat='Cell Phones &amp; Accessories',0.02,0.0199,50,44,0.0047,0.8013,0.806,3860,50,1.0
bitmap_prefilter,main_cat='Cell Phones &amp; Accessories',0.02,0.0199,50,45,0.0047,0.7975,0.8022,3860,50,1.0
bitmap_prefilter,main_cat='Cell Phones &amp; Accessories',0.02,0.0199,50,46,0.0048,0.7908,0.7956,3860,50,1.0
bitmap_prefilter,main_cat='Cell Phones &amp; Accessories',0.02,0.0199,50,47,0.0042,0.7694,0.7737,3860,50,1.0
bitmap_prefilter,main_cat='Cell Phones &amp; Accessories',0.02,0.0199,50,48,0.0053,0.8073,0.8125,3860,50,1.0
bitmap_prefilter,main_cat='Cell Phones &amp; Accessories',0.02,0.0199,50,49,0.0047,0.7775,0.7822,3860,50,1.0
brute_force,main_cat='Computers',0.04,0.0372,10,0,1.2451,24.8903,26.1354,10,10,1.0
brute_force,main_cat='Computers',0.04,0.0372,10,1,0.3561,25.1636,25.5197,10,10,1.0
brute_force,main_cat='Computers',0.04,0.0372,10,2,0.1123,24.7993,24.9117,10,10,1.0
brute_force,main_cat='Computers',0.04,0.0372,10,3,0.1524,25.2818,25.4342,10,10,1.0
brute_force,main_cat='Computers',0.04,0.0372,10,4,0.0815,24.7056,24.7871,10,10,1.0
brute_force,main_cat='Computers',0.04,0.0372,10,5,0.189,25.1327,25.3218,10,10,1.0
brute_force,main_cat='Computers',0.04,0.0372,10,6,0.7164,24.6268,25.3432,10,10,1.0
brute_force,main_cat='Computers',0.04,0.0372,10,7,0.0757,25.1905,25.2662,10,10,1.0
brute_force,main_cat='Computers',0.04,0.0372,10,8,0.4213,25.1141,25.5354,10,10,1.0
brute_force,main_cat='Computers',0.04,0.0372,10,9,0.4863,25.2498,25.736,10,10,1.0
brute_force,main_cat='Computers',0.04,0.0372,10,10,0.1898,24.9563,25.1462,10,10,1.0
brute_force,main_cat='Computers',0.04,0.0372,10,11,0.0582,25.245,25.3032,10,10,1.0
brute_force,main_cat='Computers',0.04,0.0372,10,12,0.9075,24.9866,25.8941,10,10,1.0
brute_force,main_cat='Computers',0.04,0.0372,10,13,0.1763,25.2895,25.4657,10,10,1.0
brute_force,main_cat='Computers',0.04,0.0372,10,14,0.2114,24.937,25.1484,10,10,1.0
brute_force,main_cat='Computers',0.04,0.0372,10,15,0.4253,25.2976,25.7229,10,10,1.0
brute_force,main_cat='Computers',0.04,0.0372,10,16,0.1523,25.0152,25.1676,10,10,1.0
brute_force,main_cat='Computers',0.04,0.0372,10,17,0.2105,25.3466,25.5571,10,10,1.0
brute_force,main_cat='Computers',0.04,0.0372,10,18,0.1613,24.826,24.9873,10,10,1.0
brute_force,main_cat='Computers',0.04,0.0372,10,19,0.1893,25.1219,25.3112,10,10,1.0
brute_force,main_cat='Computers',0.04,0.0372,10,20,0.0805,25.0015,25.082,10,10,1.0
brute_force,main_cat='Computers',0.04,0.0372,10,21,0.1633,25.4204,25.5837,10,10,1.0
brute_force,main_cat='Computers',0.04,0.0372,10,22,0.4649,24.7999,25.2648,10,10,1.0
brute_force,main_cat='Computers',0.04,0.0372,10,23,0.114,25.1707,25.2847,10,10,1.0
brute_force,main_cat='Computers',0.04,0.0372,10,24,0.1943,24.6745,24.8689,10,10,1.0
brute_force,main_cat='Computers',0.04,0.0372,10,25,0.1943,25.1686,25.3629,10,10,1.0
brute_force,main_cat='Computers',0.04,0.0372,10,26,0.257,24.6123,24.8694,10,10,1.0
brute_force,main_cat='Computers',0.04,0.0372,10,27,0.0799,25.1971,25.277,10,10,1.0
brute_force,main_cat='Computers',0.04,0.0372,10,28,0.1688,24.6634,24.8322,10,10,1.0
brute_force,main_cat='Computers',0.04,0.0372,10,29,0.1073,25.5355,25.6428,10,10,1.0
brute_force,main_cat='Computers',0.04,0.0372,10,30,0.1439,24.7075,24.8514,10,10,1.0
brute_force,main_cat='Computers',0.04,0.0372,10,31,0.4573,25.0777,25.535,10,10,1.0
brute_force,main_cat='Computers',0.04,0.0372,10,32,0.1968,24.7497,24.9465,10,10,1.0
brute_force,main_cat='Computers',0.04,0.0372,10,33,0.3207,25.2458,25.5666,10,10,1.0
brute_force,main_cat='Computers',0.04,0.0372,10,34,0.8734,24.6815,25.5549,10,10,1.0
brute_force,main_cat='Computers',0.04,0.0372,10,35,0.2105,25.1278,25.3382,10,10,1.0
brute_force,main_cat='Computers',0.04,0.0372,10,36,0.3978,24.7066,25.1045,10,10,1.0
brute_force,main_cat='Computers',0.04,0.0372,10,37,0.1082,25.2939,25.4021,10,10,1.0
brute_force,main_cat='Computers',0.04,0.0372,10,38,0.1755,24.5931,24.7687,10,10,1.0
brute_force,main_cat='Computers',0.04,0.0372,10,39,0.0719,25.3503,25.4223,10,10,1.0
brute_force,main_cat='Computers',0.04,0.0372,10,40,0.419,24.6226,25.0415,10,10,1.0
brute_force,main_cat='Computers',0.04,0.0372,10,41,0.0955,25.1768,25.2723,10,10,1.0
brute_force,main_cat='Computers',0.04,0.0372,10,42,0.4194,24.5978,25.0173,10,10,1.0
brute_force,main_cat='Computers',0.04,0.0372,10,43,0.0667,25.242,25.3086,10,10,1.0
brute_force,main_cat='Computers',0.04,0.0372,10,44,0.0678,24.6818,24.7497,10,10,1.0
brute_force,main_cat='Computers',0.04,0.0372,10,45,0.3035,25.4306,25.7341,10,10,1.0
brute_force,main_cat='Computers',0.04,0.0372,10,46,0.2567,24.712,24.9687,10,10,1.0
brute_force,main_cat='Computers',0.04,0.0372,10,47,0.117,25.2767,25.3937,10,10,1.0
brute_force,main_cat='Computers',0.04,0.0372,10,48,0.205,24.6801,24.8852,10,10,1.0
brute_force,main_cat='Computers',0.04,0.0372,10,49,0.1237,25.4607,25.5844,10,10,1.0
naive_prefilter,main_cat='Computers',0.04,0.0372,10,0,15.0165,2.193,17.2095,7213,10,1.0
naive_prefilter,main_cat='Computers',0.04,0.0372,10,1,14.9589,2.1844,17.1433,7213,10,1.0
naive_prefilter,main_cat='Computers',0.04,0.0372,10,2,15.3738,2.4393,17.8131,7213,10,1.0
naive_prefilter,main_cat='Computers',0.04,0.0372,10,3,15.0824,2.1476,17.23,7213,10,1.0
naive_prefilter,main_cat='Computers',0.04,0.0372,10,4,15.1025,2.2062,17.3088,7213,10,1.0
naive_prefilter,main_cat='Computers',0.04,0.0372,10,5,15.2587,2.2731,17.5317,7213,10,1.0
naive_prefilter,main_cat='Computers',0.04,0.0372,10,6,14.94,2.2603,17.2003,7213,10,1.0
naive_prefilter,main_cat='Computers',0.04,0.0372,10,7,14.6924,2.2027,16.8951,7213,10,1.0
naive_prefilter,main_cat='Computers',0.04,0.0372,10,8,14.8014,2.1728,16.9742,7213,10,1.0
naive_prefilter,main_cat='Computers',0.04,0.0372,10,9,14.802,2.1158,16.9178,7213,10,1.0
naive_prefilter,main_cat='Computers',0.04,0.0372,10,10,14.2444,2.1995,16.4439,7213,10,1.0
naive_prefilter,main_cat='Computers',0.04,0.0372,10,11,14.6196,2.0957,16.7153,7213,10,1.0
naive_prefilter,main_cat='Computers',0.04,0.0372,10,12,14.1027,2.1579,16.2605,7213,10,1.0
naive_prefilter,main_cat='Computers',0.04,0.0372,10,13,14.5462,2.1603,16.7064,7213,10,1.0
naive_prefilter,main_cat='Computers',0.04,0.0372,10,14,15.0335,2.2342,17.2676,7213,10,1.0
naive_prefilter,main_cat='Computers',0.04,0.0372,10,15,14.3849,2.2242,16.6091,7213,10,1.0
naive_prefilter,main_cat='Computers',0.04,0.0372,10,16,14.4605,2.1947,16.6552,7213,10,1.0
naive_prefilter,main_cat='Computers',0.04,0.0372,10,17,14.2131,2.1677,16.3808,7213,10,1.0
naive_prefilter,main_cat='Computers',0.04,0.0372,10,18,14.647,2.1272,16.7742,7213,10,1.0
naive_prefilter,main_cat='Computers',0.04,0.0372,10,19,14.4105,2.1205,16.531,7213,10,1.0
naive_prefilter,main_cat='Computers',0.04,0.0372,10,20,14.6583,2.154,16.8123,7213,10,1.0
naive_prefilter,main_cat='Computers',0.04,0.0372,10,21,14.1514,2.0791,16.2305,7213,10,1.0
naive_prefilter,main_cat='Computers',0.04,0.0372,10,22,14.5957,2.1413,16.737,7213,10,1.0
naive_prefilter,main_cat='Computers',0.04,0.0372,10,23,14.433,2.1608,16.5938,7213,10,1.0
naive_prefilter,main_cat='Computers',0.04,0.0372,10,24,14.3658,2.1441,16.5099,7213,10,1.0
naive_prefilter,main_cat='Computers',0.04,0.0372,10,25,14.5643,2.1075,16.6717,7213,10,1.0
naive_prefilter,main_cat='Computers',0.04,0.0372,10,26,14.3967,2.1119,16.5086,7213,10,1.0
naive_prefilter,main_cat='Computers',0.04,0.0372,10,27,14.7521,2.0954,16.8475,7213,10,1.0
naive_prefilter,main_cat='Computers',0.04,0.0372,10,28,14.5202,2.117,16.6373,7213,10,1.0
naive_prefilter,main_cat='Computers',0.04,0.0372,10,29,14.123,2.1099,16.2329,7213,10,1.0
naive_prefilter,main_cat='Computers',0.04,0.0372,10,30,14.397,2.1164,16.5134,7213,10,1.0
naive_prefilter,main_cat='Computers',0.04,0.0372,10,31,14.2559,2.0781,16.334,7213,10,1.0
naive_prefilter,main_cat='Computers',0.04,0.0372,10,32,14.45,2.1844,16.6344,7213,10,1.0
naive_prefilter,main_cat='Computers',0.04,0.0372,10,33,14.2133,2.1298,16.3431,7213,10,1.0
naive_prefilter,main_cat='Computers',0.04,0.0372,10,34,14.4515,2.1693,16.6209,7213,10,1.0
naive_prefilter,main_cat='Computers',0.04,0.0372,10,35,14.214,2.0933,16.3074,7213,10,1.0
naive_prefilter,main_cat='Computers',0.04,0.0372,10,36,14.3337,2.1535,16.4873,7213,10,1.0
naive_prefilter,main_cat='Computers',0.04,0.0372,10,37,14.9202,2.1269,17.0471,7213,10,1.0
naive_prefilter,main_cat='Computers',0.04,0.0372,10,38,14.571,2.14,16.711,7213,10,1.0
naive_prefilter,main_cat='Computers',0.04,0.0372,10,39,14.5774,2.1625,16.7399,7213,10,1.0
naive_prefilter,main_cat='Computers',0.04,0.0372,10,40,14.4292,2.1595,16.5888,7213,10,1.0
naive_prefilter,main_cat='Computers',0.04,0.0372,10,41,14.6548,2.1235,16.7783,7213,10,1.0
naive_prefilter,main_cat='Computers',0.04,0.0372,10,42,14.4635,2.2289,16.6924,7213,10,1.0
naive_prefilter,main_cat='Computers',0.04,0.0372,10,43,14.3674,2.1805,16.5478,7213,10,1.0
naive_prefilter,main_cat='Computers',0.04,0.0372,10,44,14.5763,2.2125,16.7889,7213,10,1.0
naive_prefilter,main_cat='Computers',0.04,0.0372,10,45,14.395,2.23,16.625,7213,10,1.0
naive_prefilter,main_cat='Computers',0.04,0.0372,10,46,14.1618,2.3674,16.5292,7213,10,1.0
naive_prefilter,main_cat='Computers',0.04,0.0372,10,47,14.1473,2.2091,16.3564,7213,10,0.6
naive_prefilter,main_cat='Computers',0.04,0.0372,10,48,13.902,2.2848,16.1869,7213,10,1.0
naive_prefilter,main_cat='Computers',0.04,0.0372,10,49,13.95,2.2434,16.1934,7213,10,1.0
post_filter,main_cat='Computers',0.04,0.0372,10,0,0.1563,0.3467,0.503,0,0,0.0
post_filter,main_cat='Computers',0.04,0.0372,10,1,0.3006,0.8429,1.1435,10,10,0.8
post_filter,main_cat='Computers',0.04,0.0372,10,2,0.0869,0.6712,0.7581,10,10,1.0
post_filter,main_cat='Computers',0.04,0.0372,10,3,0.2451,0.6994,0.9445,10,10,1.0
post_filter,main_cat='Computers',0.04,0.0372,10,4,0.0704,0.8929,0.9633,10,10,1.0
post_filter,main_cat='Computers',0.04,0.0372,10,5,0.1557,0.7168,0.8726,10,10,0.9
post_filter,main_cat='Computers',0.04,0.0372,10,6,0.4147,0.8293,1.244,4,4,0.4
post_filter,main_cat='Computers',0.04,0.0372,10,7,0.0583,0.604,0.6624,10,10,1.0
post_filter,main_cat='Computers',0.04,0.0372,10,8,0.4025,0.8639,1.2663,8,8,0.8
post_filter,main_cat='Computers',0.04,0.0372,10,9,0.4277,0.8805,1.3082,10,10,0.8
post_filter,main_cat='Computers',0.04,0.0372,10,10,0.1442,0.845,0.9892,10,10,1.0
post_filter,main_cat='Computers',0.04,0.0372,10,11,0.0417,0.8006,0.8423,10,10,1.0
post_filter,main_cat='Computers',0.04,0.0372,10,12,0.398,0.6585,1.0565,4,4,0.4
post_filter,main_cat='Computers',0.04,0.0372,10,13,0.152,0.7141,0.8662,10,10,0.9
post_filter,main_cat='Computers',0.04,0.0372,10,14,0.2595,0.5379,0.7974,10,10,0.6
post_filter,main_cat='Computers',0.04,0.0372,10,15,0.296,0.4732,0.7692,7,7,0.7
post_filter,main_cat='Computers',0.04,0.0372,10,16,0.1379,0.8358,0.9737,10,10,0.9
post_filter,main_cat='Computers',0.04,0.0372,10,17,0.2061,0.7743,0.9804,10,10,0.8
post_filter,main_cat='Computers',0.04,0.0372,10,18,0.1414,0.8411,0.9825,10,10,0.9
post_filter,main_cat='Computers',0.04,0.0372,10,19,0.1643,0.8135,0.9779,10,10,0.9
post_filter,main_cat='Computers',0.04,0.0372,10,20,0.0673,0.6072,0.6745,10,10,1.0
post_filter,main_cat='Computers',0.04,0.0372,10,21,0.1368,0.65,0.7868,10,10,1.0
post_filter,main_cat='Computers',0.04,0.0372,10,22,0.4358,0.6686,1.1044,9,9,0.5
post_filter,main_cat='Computers',0.04,0.0372,10,23,0.1139,0.7309,0.8448,10,10,0.9
post_filter,main_cat='Computers',0.04,0.0372,10,24,0.1652,0.9637,1.1289,10,10,1.0
post_filter,main_cat='Computers',0.04,0.0372,10,25,0.297,0.2608,0.5577,6,6,0.0
post_filter,main_cat='Computers',0.04,0.0372,10,26,0.1843,0.7697,0.954,10,10,1.0
post_filter,main_cat='Computers',0.04,0.0372,10,27,0.0686,0.7551,0.8237,10,10,1.0
post_filter,main_cat='Computers',0.04,0.0372,10,28,0.1335,0.7895,0.9231,10,10,1.0
post_filter,main_cat='Computers',0.04,0.0372,10,29,0.0898,0.515,0.6048,10,10,1.0
post_filter,main_cat='Computers',0.04,0.0372,10,30,0.0129,0.4098,0.4227,10,10,0.0
post_filter,main_cat='Computers',0.04,0.0372,10,31,0.4498,0.7894,1.2391,9,9,0.6
post_filter,main_cat='Computers',0.04,0.0372,10,32,0.176,0.6272,0.8031,10,10,0.9
post_filter,main_cat='Computers',0.04,0.0372,10,33,0.3197,0.4525,0.7722,8,8,0.2
post_filter,main_cat='Computers',0.04,0.0372,10,34,0.387,0.7524,1.1394,2,2,0.2
post_filter,main_cat='Computers',0.04,0.0372,10,35,0.1697,0.7914,0.9611,10,10,1.0
post_filter,main_cat='Computers',0.04,0.0372,10,36,0.3443,0.6589,1.0032,10,10,0.7
post_filter,main_cat='Computers',0.04,0.0372,10,37,0.0905,0.5943,0.6849,10,10,1.0
post_filter,main_cat='Computers',0.04,0.0372,10,38,0.1414,0.9534,1.0948,10,10,1.0
post_filter,main_cat='Computers',0.04,0.0372,10,39,0.0551,0.4856,0.5407,10,10,1.0
post_filter,main_cat='Computers',0.04,0.0372,10,40,0.3746,0.9665,1.3411,10,10,0.8
post_filter,main_cat='Computers',0.04,0.0372,10,41,0.0737,0.5382,0.612,10,10,1.0
post_filter,main_cat='Computers',0.04,0.0372,10,42,0.3381,0.7681,1.1062,10,10,0.9
post_filter,main_cat='Computers',0.04,0.0372,10,43,0.0446,0.4224,0.467,10,10,1.0
post_filter,main_cat='Computers',0.04,0.0372,10,44,0.054,0.5857,0.6398,10,10,1.0
post_filter,main_cat='Computers',0.04,0.0372,10,45,0.2365,0.8288,1.0653,10,10,0.9
post_filter,main_cat='Computers',0.04,0.0372,10,46,0.268,0.688,0.956,10,10,0.8
post_filter,main_cat='Computers',0.04,0.0372,10,47,0.033,0.2413,0.2743,10,10,0.6
post_filter,main_cat='Computers',0.04,0.0372,10,48,0.1726,0.8425,1.0151,10,10,0.9
post_filter,main_cat='Computers',0.04,0.0372,10,49,0.0866,0.4298,0.5164,10,10,0.9
bitmap_prefilter,main_cat='Computers',0.04,0.0372,10,0,0.012,1.9049,1.9168,7213,10,1.0
bitmap_prefilter,main_cat='Computers',0.04,0.0372,10,1,0.0094,1.9588,1.9682,7213,10,1.0
bitmap_prefilter,main_cat='Computers',0.04,0.0372,10,2,0.0095,1.9721,1.9816,7213,10,1.0
bitmap_prefilter,main_cat='Computers',0.04,0.0372,10,3,0.01,1.9475,1.9575,7213,10,1.0
bitmap_prefilter,main_cat='Computers',0.04,0.0372,10,4,0.017,2.0856,2.1026,7213,10,1.0
bitmap_prefilter,main_cat='Computers',0.04,0.0372,10,5,0.0315,2.0765,2.108,7213,10,1.0
bitmap_prefilter,main_cat='Computers',0.04,0.0372,10,6,0.0127,1.9927,2.0055,7213,10,1.0
bitmap_prefilter,main_cat='Computers',0.04,0.0372,10,7,0.01,1.9143,1.9243,7213,10,1.0
bitmap_prefilter,main_cat='Computers',0.04,0.0372,10,8,0.0094,2.1825,2.1919,7213,10,1.0
bitmap_prefilter,main_cat='Computers',0.04,0.0372,10,9,0.0106,1.838,1.8486,7213,10,1.0
bitmap_prefilter,main_cat='Computers',0.04,0.0372,10,10,0.0085,1.9075,1.916,7213,10,1.0
bitmap_prefilter,main_cat='Computers',0.04,0.0372,10,11,0.0082,2.0138,2.022,7213,10,1.0
bitmap_prefilter,main_cat='Computers',0.04,0.0372,10,12,0.0099,1.9357,1.9456,7213,10,1.0
bitmap_prefilter,main_cat='Computers',0.04,0.0372,10,13,0.0095,1.8146,1.8241,7213,10,1.0
bitmap_prefilter,main_cat='Computers',0.04,0.0372,10,14,0.0092,1.8634,1.8727,7213,10,1.0
bitmap_prefilter,main_cat='Computers',0.04,0.0372,10,15,0.0092,1.8804,1.8896,7213,10,1.0
bitmap_prefilter,main_cat='Computers',0.04,0.0372,10,16,0.0101,1.8936,1.9037,7213,10,1.0
bitmap_prefilter,main_cat='Computers',0.04,0.0372,10,17,0.0096,1.7962,1.8058,7213,10,1.0
bitmap_prefilter,main_cat='Computers',0.04,0.0372,10,18,0.0094,1.7933,1.8027,7213,10,1.0
bitmap_prefilter,main_cat='Computers',0.04,0.0372,10,19,0.0089,1.8592,1.8681,7213,10,1.0
bitmap_prefilter,main_cat='Computers',0.04,0.0372,10,20,0.0104,1.894,1.9044,7213,10,1.0
bitmap_prefilter,main_cat='Computers',0.04,0.0372,10,21,0.0188,1.912,1.9309,7213,10,1.0
bitmap_prefilter,main_cat='Computers',0.04,0.0372,10,22,0.0124,1.8225,1.8349,7213,10,1.0
bitmap_prefilter,main_cat='Computers',0.04,0.0372,10,23,0.0116,1.8757,1.8873,7213,10,1.0
bitmap_prefilter,main_cat='Computers',0.04,0.0372,10,24,0.0118,1.8715,1.8833,7213,10,1.0
bitmap_prefilter,main_cat='Computers',0.04,0.0372,10,25,0.0128,1.9742,1.987,7213,10,1.0
bitmap_prefilter,main_cat='Computers',0.04,0.0372,10,26,0.014,1.905,1.9189,7213,10,1.0
bitmap_prefilter,main_cat='Computers',0.04,0.0372,10,27,0.0102,1.8642,1.8744,7213,10,1.0
bitmap_prefilter,main_cat='Computers',0.04,0.0372,10,28,0.0102,1.9379,1.9481,7213,10,1.0
bitmap_prefilter,main_cat='Computers',0.04,0.0372,10,29,0.0108,1.9073,1.918,7213,10,1.0
bitmap_prefilter,main_cat='Computers',0.04,0.0372,10,30,0.0154,1.8475,1.8628,7213,10,1.0
bitmap_prefilter,main_cat='Computers',0.04,0.0372,10,31,0.0111,1.7861,1.7972,7213,10,1.0
bitmap_prefilter,main_cat='Computers',0.04,0.0372,10,32,0.0202,1.903,1.9232,7213,10,1.0
bitmap_prefilter,main_cat='Computers',0.04,0.0372,10,33,0.0115,1.8513,1.8627,7213,10,1.0
bitmap_prefilter,main_cat='Computers',0.04,0.0372,10,34,0.0109,1.8147,1.8256,7213,10,1.0
bitmap_prefilter,main_cat='Computers',0.04,0.0372,10,35,0.0105,1.8141,1.8246,7213,10,1.0
bitmap_prefilter,main_cat='Computers',0.04,0.0372,10,36,0.0103,1.9072,1.9175,7213,10,1.0
bitmap_prefilter,main_cat='Computers',0.04,0.0372,10,37,0.0105,1.8307,1.8412,7213,10,1.0
bitmap_prefilter,main_cat='Computers',0.04,0.0372,10,38,0.0108,1.9152,1.926,7213,10,1.0
bitmap_prefilter,main_cat='Computers',0.04,0.0372,10,39,0.0103,1.7822,1.7925,7213,10,1.0
bitmap_prefilter,main_cat='Computers',0.04,0.0372,10,40,0.0095,1.7981,1.8077,7213,10,1.0
bitmap_prefilter,main_cat='Computers',0.04,0.0372,10,41,0.0101,1.8579,1.868,7213,10,1.0
bitmap_prefilter,main_cat='Computers',0.04,0.0372,10,42,0.0098,1.8718,1.8815,7213,10,1.0
bitmap_prefilter,main_cat='Computers',0.04,0.0372,10,43,0.0108,1.7794,1.7902,7213,10,1.0
bitmap_prefilter,main_cat='Computers',0.04,0.0372,10,44,0.0107,1.7781,1.7888,7213,10,1.0
bitmap_prefilter,main_cat='Computers',0.04,0.0372,10,45,0.0102,1.8715,1.8817,7213,10,1.0
bitmap_prefilter,main_cat='Computers',0.04,0.0372,10,46,0.0122,1.8777,1.89,7213,10,1.0
bitmap_prefilter,main_cat='Computers',0.04,0.0372,10,47,0.0129,1.8837,1.8965,7213,10,0.6
bitmap_prefilter,main_cat='Computers',0.04,0.0372,10,48,0.0125,1.8407,1.8532,7213,10,1.0
bitmap_prefilter,main_cat='Computers',0.04,0.0372,10,49,0.0107,1.801,1.8116,7213,10,1.0
brute_force,main_cat='Computers',0.04,0.0372,50,0,3.0185,24.765,27.7834,50,50,1.0
brute_force,main_cat='Computers',0.04,0.0372,50,1,0.9023,25.3503,26.2526,50,50,1.0
brute_force,main_cat='Computers',0.04,0.0372,50,2,0.4517,24.9952,25.4469,50,50,1.0
brute_force,main_cat='Computers',0.04,0.0372,50,3,0.7856,25.3718,26.1574,50,50,1.0
brute_force,main_cat='Computers',0.04,0.0372,50,4,0.3888,24.9255,25.3143,50,50,1.0
brute_force,main_cat='Computers',0.04,0.0372,50,5,0.5342,25.351,25.8852,50,50,1.0
brute_force,main_cat='Computers',0.04,0.0372,50,6,2.071,24.82,26.891,50,50,1.0
brute_force,main_cat='Computers',0.04,0.0372,50,7,0.4825,25.3815,25.864,50,50,1.0
brute_force,main_cat='Computers',0.04,0.0372,50,8,1.7925,24.9024,26.6949,50,50,1.0
brute_force,main_cat='Computers',0.04,0.0372,50,9,1.3506,25.2919,26.6425,50,50,1.0
brute_force,main_cat='Computers',0.04,0.0372,50,10,0.9171,24.8442,25.7613,50,50,1.0
brute_force,main_cat='Computers',0.04,0.0372,50,11,0.368,25.2833,25.6513,50,50,1.0
brute_force,main_cat='Computers',0.04,0.0372,50,12,2.969,25.0996,28.0686,50,50,1.0
brute_force,main_cat='Computers',0.04,0.0372,50,13,0.9751,25.426,26.4011,50,50,1.0
brute_force,main_cat='Computers',0.04,0.0372,50,14,0.6047,24.912,25.5167,50,50,1.0
brute_force,main_cat='Computers',0.04,0.0372,50,15,1.1656,25.4613,26.6269,50,50,1.0
brute_force,main_cat='Computers',0.04,0.0372,50,16,0.799,25.1803,25.9793,50,50,1.0
brute_force,main_cat='Computers',0.04,0.0372,50,17,0.9661,25.7319,26.698,50,50,1.0
brute_force,main_cat='Computers',0.04,0.0372,50,18,0.7501,24.9349,25.685,50,50,1.0
brute_force,main_cat='Computers',0.04,0.0372,50,19,0.8137,25.2226,26.0362,50,50,1.0
brute_force,main_cat='Computers',0.04,0.0372,50,20,0.3495,24.9758,25.3253,50,50,1.0
brute_force,main_cat='Computers',0.04,0.0372,50,21,0.8929,25.362,26.2549,50,50,1.0
brute_force,main_cat='Computers',0.04,0.0372,50,22,1.2375,24.8731,26.1106,50,50,1.0
brute_force,main_cat='Computers',0.04,0.0372,50,23,0.4537,25.5138,25.9675,50,50,1.0
brute_force,main_cat='Computers',0.04,0.0372,50,24,0.69,24.8055,25.4955,50,50,1.0
brute_force,main_cat='Computers',0.04,0.0372,50,25,0.5558,25.3383,25.8941,50,50,1.0
brute_force,main_cat='Computers',0.04,0.0372,50,26,0.8726,24.8821,25.7547,50,50,1.0
brute_force,main_cat='Computers',0.04,0.0372,50,27,0.4009,25.518,25.9189,50,50,1.0
brute_force,main_cat='Computers',0.04,0.0372,50,28,0.7388,25.0133,25.7521,50,50,1.0
brute_force,main_cat='Computers',0.04,0.0372,50,29,0.3771,25.3844,25.7615,50,50,1.0
brute_force,main_cat='Computers',0.04,0.0372,50,30,0.4351,24.838,25.2731,50,50,1.0
brute_force,main_cat='Computers',0.04,0.0372,50,31,1.4866,25.3324,26.819,50,50,1.0
brute_force,main_cat='Computers',0.04,0.0372,50,32,0.7244,24.9141,25.6385,50,50,1.0
brute_force,main_cat='Computers',0.04,0.0372,50,33,0.9385,25.4465,26.385,50,50,1.0
brute_force,main_cat='Computers',0.04,0.0372,50,34,2.7348,24.7329,27.4677,50,50,1.0
brute_force,main_cat='Computers',0.04,0.0372,50,35,1.091,25.445,26.536,50,50,1.0
brute_force,main_cat='Computers',0.04,0.0372,50,36,0.9509,24.867,25.8179,50,50,1.0
brute_force,main_cat='Computers',0.04,0.0372,50,37,0.3735,25.4541,25.8276,50,50,1.0
brute_force,main_cat='Computers',0.04,0.0372,50,38,0.7215,24.777,25.4985,50,50,1.0
brute_force,main_cat='Computers',0.04,0.0372,50,39,0.3944,25.3883,25.7827,50,50,1.0
brute_force,main_cat='Computers',0.04,0.0372,50,40,1.7988,24.8861,26.6849,50,50,1.0
brute_force,main_cat='Computers',0.04,0.0372,50,41,0.3916,25.2968,25.6884,50,50,1.0
brute_force,main_cat='Computers',0.04,0.0372,50,42,1.3863,24.7698,26.1561,50,50,1.0
brute_force,main_cat='Computers',0.04,0.0372,50,43,0.4691,25.495,25.9642,50,50,1.0
brute_force,main_cat='Computers',0.04,0.0372,50,44,0.303,24.8807,25.1837,50,50,1.0
brute_force,main_cat='Computers',0.04,0.0372,50,45,1.2715,25.4111,26.6827,50,50,1.0
brute_force,main_cat='Computers',0.04,0.0372,50,46,1.0155,24.9175,25.933,50,50,1.0
brute_force,main_cat='Computers',0.04,0.0372,50,47,0.4858,25.4089,25.8947,50,50,1.0
brute_force,main_cat='Computers',0.04,0.0372,50,48,0.9332,24.911,25.8442,50,50,1.0
brute_force,main_cat='Computers',0.04,0.0372,50,49,0.4118,25.3427,25.7544,50,50,1.0
naive_prefilter,main_cat='Computers',0.04,0.0372,50,0,14.5799,2.1362,16.716,7213,50,1.0
naive_prefilter,main_cat='Computers',0.04,0.0372,50,1,14.4678,2.0931,16.5609,7213,50,1.0
naive_prefilter,main_cat='Computers',0.04,0.0372,50,2,14.5743,2.1616,16.736,7213,50,1.0
naive_prefilter,main_cat='Computers',0.04,0.0372,50,3,14.777,2.1345,16.9115,7213,50,1.0
naive_prefilter,main_cat='Computers',0.04,0.0372,50,4,14.4568,2.1335,16.5903,7213,50,1.0
naive_prefilter,main_cat='Computers',0.04,0.0372,50,5,14.4032,2.0853,16.4886,7213,50,1.0
naive_prefilter,main_cat='Computers',0.04,0.0372,50,6,14.4775,2.1608,16.6382,7213,50,1.0
naive_prefilter,main_cat='Computers',0.04,0.0372,50,7,14.2406,2.1097,16.3503,7213,50,1.0
naive_prefilter,main_cat='Computers',0.04,0.0372,50,8,14.3618,2.1587,16.5205,7213,50,1.0
naive_prefilter,main_cat='Computers',0.04,0.0372,50,9,14.545,2.0882,16.6332,7213,50,1.0
naive_prefilter,main_cat='Computers',0.04,0.0372,50,10,14.634,2.1575,16.7915,7213,50,1.0
naive_prefilter,main_cat='Computers',0.04,0.0372,50,11,14.6645,2.0628,16.7273,7213,50,1.0
naive_prefilter,main_cat='Computers',0.04,0.0372,50,12,14.453,2.1329,16.5859,7213,50,1.0
naive_prefilter,main_cat='Computers',0.04,0.0372,50,13,14.53,2.1056,16.6356,7213,50,1.0
naive_prefilter,main_cat='Computers',0.04,0.0372,50,14,14.5389,2.114,16.6528,7213,50,1.0
naive_prefilter,main_cat='Computers',0.04,0.0372,50,15,14.3059,2.1129,16.4188,7213,50,1.0
naive_prefilter,main_cat='Computers',0.04,0.0372,50,16,14.4537,2.2554,16.7091,7213,50,1.0
naive_prefilter,main_cat='Computers',0.04,0.0372,50,17,14.4561,2.0748,16.5309,7213,50,1.0
naive_prefilter,main_cat='Computers',0.04,0.0372,50,18,14.2623,2.0893,16.3516,7213,50,1.0
naive_prefilter,main_cat='Computers',0.04,0.0372,50,19,14.4217,2.0708,16.4925,7213,50,1.0
naive_prefilter,main_cat='Computers',0.04,0.0372,50,20,14.4414,2.1105,16.5519,7213,50,1.0
naive_prefilter,main_cat='Computers',0.04,0.0372,50,21,14.3346,2.173,16.5076,7213,50,1.0
naive_prefilter,main_cat='Computers',0.04,0.0372,50,22,14.4469,2.1164,16.5633,7213,50,1.0
naive_prefilter,main_cat='Computers',0.04,0.0372,50,23,14.4234,2.061,16.4844,7213,50,1.0
naive_prefilter,main_cat='Computers',0.04,0.0372,50,24,14.4597,2.1206,16.5803,7213,50,1.0
naive_prefilter,main_cat='Computers',0.04,0.0372,50,25,14.3427,2.06,16.4027,7213,50,1.0
naive_prefilter,main_cat='Computers',0.04,0.0372,50,26,14.2542,2.0672,16.3215,7213,50,1.0
naive_prefilter,main_cat='Computers',0.04,0.0372,50,27,14.4514,2.0651,16.5165,7213,50,1.0
naive_prefilter,main_cat='Computers',0.04,0.0372,50,28,14.2523,2.1295,16.3818,7213,50,1.0
naive_prefilter,main_cat='Computers',0.04,0.0372,50,29,14.281,2.022,16.303,7213,50,1.0
naive_prefilter,main_cat='Computers',0.04,0.0372,50,30,14.1604,2.1026,16.263,7213,50,0.98
naive_prefilter,main_cat='Computers',0.04,0.0372,50,31,14.2169,2.0352,16.2521,7213,50,1.0
naive_prefilter,main_cat='Computers',0.04,0.0372,50,32,14.3595,2.0894,16.4488,7213,50,1.0
naive_prefilter,main_cat='Computers',0.04,0.0372,50,33,14.2479,2.0382,16.2861,7213,50,1.0
naive_prefilter,main_cat='Computers',0.04,0.0372,50,34,14.387,2.0975,16.4845,7213,50,1.0
naive_prefilter,main_cat='Computers',0.04,0.0372,50,35,14.233,2.0634,16.2964,7213,50,1.0
naive_prefilter,main_cat='Computers',0.04,0.0372,50,36,14.3524,2.1057,16.4582,7213,50,1.0
naive_prefilter,main_cat='Computers',0.04,0.0372,50,37,14.336,2.0996,16.4356,7213,50,1.0
naive_prefilter,main_cat='Computers',0.04,0.0372,50,38,14.2239,2.1481,16.372,7213,50,1.0
naive_prefilter,main_cat='Computers',0.04,0.0372,50,39,14.4242,2.3379,16.7622,7213,50,1.0
naive_prefilter,main_cat='Computers',0.04,0.0372,50,40,14.7914,2.1233,16.9146,7213,50,1.0
naive_prefilter,main_cat='Computers',0.04,0.0372,50,41,14.7386,2.212,16.9506,7213,50,1.0
naive_prefilter,main_cat='Computers',0.04,0.0372,50,42,15.3476,2.4303,17.778,7213,50,1.0
naive_prefilter,main_cat='Computers',0.04,0.0372,50,43,14.6235,2.1245,16.7481,7213,50,0.94
naive_prefilter,main_cat='Computers',0.04,0.0372,50,44,14.5794,2.4136,16.993,7213,50,1.0
naive_prefilter,main_cat='Computers',0.04,0.0372,50,45,15.1856,2.1818,17.3674,7213,50,1.0
naive_prefilter,main_cat='Computers',0.04,0.0372,50,46,14.4392,2.343,16.7822,7213,50,1.0
naive_prefilter,main_cat='Computers',0.04,0.0372,50,47,15.6887,2.2632,17.9518,7213,50,1.0
naive_prefilter,main_cat='Computers',0.04,0.0372,50,48,14.6704,2.2279,16.8982,7213,50,1.0
naive_prefilter,main_cat='Computers',0.04,0.0372,50,49,14.9308,2.1166,17.0474,7213,50,1.0
post_filter,main_cat='Computers',0.04,0.0372,50,0,0.6664,0.7129,1.3793,11,11,0.14
post_filter,main_cat='Computers',0.04,0.0372,50,1,0.8181,1.1743,1.9925,50,50,0.78
post_filter,main_cat='Computers',0.04,0.0372,50,2,0.3983,0.9185,1.3168,50,50,0.88
post_filter,main_cat='Computers',0.04,0.0372,50,3,0.7997,1.1155,1.9152,50,50,0.66
post_filter,main_cat='Computers',0.04,0.0372,50,4,0.2922,1.1193,1.4115,50,50,0.86
post_filter,main_cat='Computers',0.04,0.0372,50,5,0.4878,0.9054,1.3932,50,50,0.7
post_filter,main_cat='Computers',0.04,0.0372,50,6,1.4992,1.0722,2.5714,40,40,0.32
post_filter,main_cat='Computers',0.04,0.0372,50,7,0.4657,0.7881,1.2538,50,50,0.82
post_filter,main_cat='Computers',0.04,0.0372,50,8,1.4072,1.2813,2.6885,50,50,0.46
post_filter,main_cat='Computers',0.04,0.0372,50,9,1.1613,1.1518,2.3131,50,50,0.5
post_filter,main_cat='Computers',0.04,0.0372,50,10,0.7816,1.0623,1.8439,50,50,0.7
post_filter,main_cat='Computers',0.04,0.0372,50,11,0.3115,1.0061,1.3176,50,50,0.88
post_filter,main_cat='Computers',0.04,0.0372,50,12,1.0239,0.8532,1.8771,9,9,0.18
post_filter,main_cat='Computers',0.04,0.0372,50,13,0.7527,0.8556,1.6082,50,50,0.58
post_filter,main_cat='Computers',0.04,0.0372,50,14,0.5418,0.6458,1.1876,50,50,0.46
post_filter,main_cat='Computers',0.04,0.0372,50,15,0.6767,0.5617,1.2384,20,20,0.24
post_filter,main_cat='Computers',0.04,0.0372,50,16,0.6381,1.0605,1.6985,50,50,0.64
post_filter,main_cat='Computers',0.04,0.0372,50,17,0.8233,0.7841,1.6074,50,50,0.58
post_filter,main_cat='Computers',0.04,0.0372,50,18,0.5847,0.9569,1.5415,50,50,0.8
post_filter,main_cat='Computers',0.04,0.0372,50,19,0.5497,0.9878,1.5375,50,50,0.8
post_filter,main_cat='Computers',0.04,0.0372,50,20,0.28,0.7341,1.0142,50,50,0.88
post_filter,main_cat='Computers',0.04,0.0372,50,21,0.6513,0.7704,1.4217,50,50,0.58
post_filter,main_cat='Computers',0.04,0.0372,50,22,1.0968,0.8651,1.9619,28,28,0.28
post_filter,main_cat='Computers',0.04,0.0372,50,23,0.3616,0.7886,1.1502,50,50,0.84
post_filter,main_cat='Computers',0.04,0.0372,50,24,0.5799,1.1365,1.7164,50,50,0.82
post_filter,main_cat='Computers',0.04,0.0372,50,25,0.5535,0.3477,0.9012,6,6,0.02
post_filter,main_cat='Computers',0.04,0.0372,50,26,0.7379,0.9749,1.7128,50,50,0.72
post_filter,main_cat='Computers',0.04,0.0372,50,27,0.3087,0.9746,1.2833,50,50,0.94
post_filter,main_cat='Computers',0.04,0.0372,50,28,0.5402,0.9755,1.5157,50,50,0.76
post_filter,main_cat='Computers',0.04,0.0372,50,29,0.3314,0.6445,0.9758,50,50,0.74
post_filter,main_cat='Computers',0.04,0.0372,50,30,0.5066,0.4682,0.9748,35,35,0.7
post_filter,main_cat='Computers',0.04,0.0372,50,31,1.292,0.9656,2.2576,37,37,0.3
post_filter,main_cat='Computers',0.04,0.0372,50,32,0.5374,0.7997,1.3371,50,50,0.84
post_filter,main_cat='Computers',0.04,0.0372,50,33,0.7765,0.5774,1.3539,15,15,0.18
post_filter,main_cat='Computers',0.04,0.0372,50,34,1.2206,0.9646,2.1852,21,21,0.38
post_filter,main_cat='Computers',0.04,0.0372,50,35,0.8312,1.0188,1.85,50,50,0.66
post_filter,main_cat='Computers',0.04,0.0372,50,36,0.9138,0.8185,1.7323,50,50,0.52
post_filter,main_cat='Computers',0.04,0.0372,50,37,0.3458,0.751,1.0968,50,50,0.9
post_filter,main_cat='Computers',0.04,0.0372,50,38,0.5895,1.2455,1.835,50,50,0.64
post_filter,main_cat='Computers',0.04,0.0372,50,39,0.3509,0.5892,0.9401,50,50,0.72
post_filter,main_cat='Computers',0.04,0.0372,50,40,1.2115,1.2232,2.4346,50,50,0.48
post_filter,main_cat='Computers',0.04,0.0372,50,41,0.3043,0.6475,0.9519,50,50,0.92
post_filter,main_cat='Computers',0.04,0.0372,50,42,1.2577,0.9714,2.2291,49,49,0.6
post_filter,main_cat='Computers',0.04,0.0372,50,43,0.441,0.4917,0.9327,50,50,0.6
post_filter,main_cat='Computers',0.04,0.0372,50,44,0.2643,0.7338,0.9981,50,50,0.88
post_filter,main_cat='Computers',0.04,0.0372,50,45,0.9866,1.0549,2.0415,50,50,0.6
post_filter,main_cat='Computers',0.04,0.0372,50,46,0.9253,0.8601,1.7854,50,50,0.5
post_filter,main_cat='Computers',0.04,0.0372,50,47,0.4464,0.3013,0.7476,23,23,0.38
post_filter,main_cat='Computers',0.04,0.0372,50,48,0.6668,1.0422,1.709,50,50,0.78
post_filter,main_cat='Computers',0.04,0.0372,50,49,0.301,0.4978,0.7987,50,50,0.62
bitmap_prefilter,main_cat='Computers',0.04,0.0372,50,0,0.0111,2.177,2.1882,7213,50,1.0
bitmap_prefilter,main_cat='Computers',0.04,0.0372,50,1,0.01,1.8632,1.8732,7213,50,1.0
bitmap_prefilter,main_cat='Computers',0.04,0.0372,50,2,0.0085,1.9404,1.949,7213,50,1.0
bitmap_prefilter,main_cat='Computers',0.04,0.0372,50,3,0.0088,1.9295,1.9383,7213,50,1.0
bitmap_prefilter,main_cat='Computers',0.04,0.0372,50,4,0.0118,2.1036,2.1154,7213,50,1.0
bitmap_prefilter,main_cat='Computers',0.04,0.0372,50,5,0.0079,1.8319,1.8398,7213,50,1.0
bitmap_prefilter,main_cat='Computers',0.04,0.0372,50,6,0.0078,1.8961,1.9039,7213,50,1.0
bitmap_prefilter,main_cat='Computers',0.04,0.0372,50,7,0.009,1.8879,1.8969,7213,50,1.0
bitmap_prefilter,main_cat='Computers',0.04,0.0372,50,8,0.0094,1.866,1.8754,7213,50,1.0
bitmap_prefilter,main_cat='Computers',0.04,0.0372,50,9,0.0081,1.7931,1.8012,7213,50,1.0
bitmap_prefilter,main_cat='Computers',0.04,0.0372,50,10,0.0083,1.8998,1.9081,7213,50,1.0
bitmap_prefilter,main_cat='Computers',0.04,0.0372,50,11,0.0094,1.8183,1.8276,7213,50,1.0
bitmap_prefilter,main_cat='Computers',0.04,0.0372,50,12,0.0096,1.8907,1.9003,7213,50,1.0
bitmap_prefilter,main_cat='Computers',0.04,0.0372,50,13,0.01,1.7757,1.7856,7213,50,1.0
bitmap_prefilter,main_cat='Computers',0.04,0.0372,50,14,0.0105,1.8212,1.8317,7213,50,1.0
bitmap_prefilter,main_cat='Computers',0.04,0.0372,50,15,0.0099,1.8615,1.8713,7213,50,1.0
bitmap_prefilter,main_cat='Computers',0.04,0.0372,50,16,0.0265,1.9456,1.9722,7213,50,1.0
bitmap_prefilter,main_cat='Computers',0.04,0.0372,50,17,0.0197,1.8003,1.8199,7213,50,1.0
bitmap_prefilter,main_cat='Computers',0.04,0.0372,50,18,0.0114,1.8105,1.822,7213,50,1.0
bitmap_prefilter,main_cat='Computers',0.04,0.0372,50,19,0.0108,1.7525,1.7634,7213,50,1.0
bitmap_prefilter,main_cat='Computers',0.04,0.0372,50,20,0.0108,1.7986,1.8094,7213,50,1.0
bitmap_prefilter,main_cat='Computers',0.04,0.0372,50,21,0.0113,1.8277,1.839,7213,50,1.0
bitmap_prefilter,main_cat='Computers',0.04,0.0372,50,22,0.0106,1.8066,1.8172,7213,50,1.0
bitmap_prefilter,main_cat='Computers',0.04,0.0372,50,23,0.0105,1.8148,1.8254,7213,50,1.0
bitmap_prefilter,main_cat='Computers',0.04,0.0372,50,24,0.0102,1.8284,1.8386,7213,50,1.0
bitmap_prefilter,main_cat='Computers',0.04,0.0372,50,25,0.0131,1.9164,1.9295,7213,50,1.0
bitmap_prefilter,main_cat='Computers',0.04,0.0372,50,26,0.0118,1.8415,1.8534,7213,50,1.0
bitmap_prefilter,main_cat='Computers',0.04,0.0372,50,27,0.0107,1.7858,1.7965,7213,50,1.0
bitmap_prefilter,main_cat='Computers',0.04,0.0372,50,28,0.0106,1.8083,1.8189,7213,50,1.0
bitmap_prefilter,main_cat='Computers',0.04,0.0372,50,29,0.0097,1.8108,1.8205,7213,50,1.0
bitmap_prefilter,main_cat='Computers',0.04,0.0372,50,30,0.0111,1.8162,1.8273,7213,50,0.98
bitmap_prefilter,main_cat='Computers',0.04,0.0372,50,31,0.0102,1.7678,1.778,7213,50,1.0
bitmap_prefilter,main_cat='Computers',0.04,0.0372,50,32,0.0105,1.8833,1.8938,7213,50,1.0
bitmap_prefilter,main_cat='Computers',0.04,0.0372,50,33,0.0111,1.8453,1.8563,7213,50,1.0
bitmap_prefilter,main_cat='Computers',0.04,0.0372,50,34,0.0136,1.8581,1.8717,7213,50,1.0
bitmap_prefilter,main_cat='Computers',0.04,0.0372,50,35,0.0104,1.7857,1.7961,7213,50,1.0
bitmap_prefilter,main_cat='Computers',0.04,0.0372,50,36,0.011,1.8139,1.8249,7213,50,1.0
bitmap_prefilter,main_cat='Computers',0.04,0.0372,50,37,0.0116,1.7761,1.7877,7213,50,1.0
bitmap_prefilter,main_cat='Computers',0.04,0.0372,50,38,0.0113,1.9319,1.9431,7213,50,1.0
bitmap_prefilter,main_cat='Computers',0.04,0.0372,50,39,0.0103,1.7733,1.7836,7213,50,1.0
bitmap_prefilter,main_cat='Computers',0.04,0.0372,50,40,0.0098,1.7828,1.7927,7213,50,1.0
bitmap_prefilter,main_cat='Computers',0.04,0.0372,50,41,0.0099,1.743,1.7529,7213,50,1.0
bitmap_prefilter,main_cat='Computers',0.04,0.0372,50,42,0.0105,1.807,1.8175,7213,50,1.0
bitmap_prefilter,main_cat='Computers',0.04,0.0372,50,43,0.025,1.8359,1.8609,7213,50,0.94
bitmap_prefilter,main_cat='Computers',0.04,0.0372,50,44,0.0142,1.8103,1.8245,7213,50,1.0
bitmap_prefilter,main_cat='Computers',0.04,0.0372,50,45,0.013,1.7415,1.7545,7213,50,1.0
bitmap_prefilter,main_cat='Computers',0.04,0.0372,50,46,0.0123,1.783,1.7953,7213,50,1.0
bitmap_prefilter,main_cat='Computers',0.04,0.0372,50,47,0.0122,1.865,1.8772,7213,50,1.0
bitmap_prefilter,main_cat='Computers',0.04,0.0372,50,48,0.0129,1.8164,1.8293,7213,50,1.0
bitmap_prefilter,main_cat='Computers',0.04,0.0372,50,49,0.0119,1.7727,1.7846,7213,50,1.0
brute_force,main_cat='Camera &amp; Photo' AND overall>=5.0,0.06,0.0577,10,0,1.003,24.5847,25.5877,10,10,1.0
brute_force,main_cat='Camera &amp; Photo' AND overall>=5.0,0.06,0.0577,10,1,0.1315,25.7851,25.9165,10,10,1.0
brute_force,main_cat='Camera &amp; Photo' AND overall>=5.0,0.06,0.0577,10,2,0.0813,25.0241,25.1054,10,10,1.0
brute_force,main_cat='Camera &amp; Photo' AND overall>=5.0,0.06,0.0577,10,3,0.071,25.2046,25.2756,10,10,1.0
brute_force,main_cat='Camera &amp; Photo' AND overall>=5.0,0.06,0.0577,10,4,0.5087,24.5792,25.0879,10,10,1.0
brute_force,main_cat='Camera &amp; Photo' AND overall>=5.0,0.06,0.0577,10,5,0.7962,25.1555,25.9516,10,10,1.0
brute_force,main_cat='Camera &amp; Photo' AND overall>=5.0,0.06,0.0577,10,6,1.3805,24.6753,26.0558,10,10,1.0
brute_force,main_cat='Camera &amp; Photo' AND overall>=5.0,0.06,0.0577,10,7,0.709,25.3384,26.0474,10,10,1.0
brute_force,main_cat='Camera &amp; Photo' AND overall>=5.0,0.06,0.0577,10,8,0.6699,25.0972,25.767,10,10,1.0
brute_force,main_cat='Camera &amp; Photo' AND overall>=5.0,0.06,0.0577,10,9,0.2993,25.4242,25.7235,10,10,1.0
brute_force,main_cat='Camera &amp; Photo' AND overall>=5.0,0.06,0.0577,10,10,0.1228,24.812,24.9347,10,10,1.0
brute_force,main_cat='Camera &amp; Photo' AND overall>=5.0,0.06,0.0577,10,11,0.6733,25.2224,25.8957,10,10,1.0
brute_force,main_cat='Camera &amp; Photo' AND overall>=5.0,0.06,0.0577,10,12,0.2639,24.9087,25.1725,10,10,1.0
brute_force,main_cat='Camera &amp; Photo' AND overall>=5.0,0.06,0.0577,10,13,0.1378,25.4095,25.5473,10,10,1.0
brute_force,main_cat='Camera &amp; Photo' AND overall>=5.0,0.06,0.0577,10,14,0.6984,24.8854,25.5838,10,10,1.0
brute_force,main_cat='Camera &amp; Photo' AND overall>=5.0,0.06,0.0577,10,15,0.5643,25.3564,25.9208,10,10,1.0
brute_force,main_cat='Camera &amp; Photo' AND overall>=5.0,0.06,0.0577,10,16,0.0635,25.0066,25.0701,10,10,1.0
brute_force,main_cat='Camera &amp; Photo' AND overall>=5.0,0.06,0.0577,10,17,0.0638,25.3644,25.4281,10,10,1.0
brute_force,main_cat='Camera &amp; Photo' AND overall>=5.0,0.06,0.0577,10,18,0.3505,24.8248,25.1752,10,10,1.0
brute_force,main_cat='Camera &amp; Photo' AND overall>=5.0,0.06,0.0577,10,19,0.1745,25.2211,25.3956,10,10,1.0
brute_force,main_cat='Camera &amp; Photo' AND overall>=5.0,0.06,0.0577,10,20,0.135,24.9831,25.1181,10,10,1.0
brute_force,main_cat='Camera &amp; Photo' AND overall>=5.0,0.06,0.0577,10,21,0.277,25.3569,25.6339,10,10,1.0
brute_force,main_cat='Camera &amp; Photo' AND overall>=5.0,0.06,0.0577,10,22,0.0346,25.1754,25.21,10,10,1.0
brute_force,main_cat='Camera &amp; Photo' AND overall>=5.0,0.06,0.0577,10,23,0.1033,25.4963,25.5997,10,10,1.0
brute_force,main_cat='Camera &amp; Photo' AND overall>=5.0,0.06,0.0577,10,24,0.1597,24.9935,25.1532,10,10,1.0
brute_force,main_cat='Camera &amp; Photo' AND overall>=5.0,0.06,0.0577,10,25,0.1698,25.5228,25.6926,10,10,1.0
brute_force,main_cat='Camera &amp; Photo' AND overall>=5.0,0.06,0.0577,10,26,0.0437,24.9488,24.9925,10,10,1.0
brute_force,main_cat='Camera &amp; Photo' AND overall>=5.0,0.06,0.0577,10,27,0.6013,25.2443,25.8456,10,10,1.0
brute_force,main_cat='Camera &amp; Photo' AND overall>=5.0,0.06,0.0577,10,28,0.1314,24.9839,25.1153,10,10,1.0
brute_force,main_cat='Camera &amp; Photo' AND overall>=5.0,0.06,0.0577,10,29,0.182,25.7698,25.9518,10,10,1.0
brute_force,main_cat='Camera &amp; Photo' AND overall>=5.0,0.06,0.0577,10,30,0.1058,25.017,25.1227,10,10,1.0
brute_force,main_cat='Camera &amp; Photo' AND overall>=5.0,0.06,0.0577,10,31,0.2038,25.2076,25.4114,10,10,1.0
brute_force,main_cat='Camera &amp; Photo' AND overall>=5.0,0.06,0.0577,10,32,0.7676,25.0858,25.8534,10,10,1.0
brute_force,main_cat='Camera &amp; Photo' AND overall>=5.0,0.06,0.0577,10,33,0.3417,25.4076,25.7493,10,10,1.0
brute_force,main_cat='Camera &amp; Photo' AND overall>=5.0,0.06,0.0577,10,34,0.5601,24.8741,25.4342,10,10,1.0
brute_force,main_cat='Camera &amp; Photo' AND overall>=5.0,0.06,0.0577,10,35,0.4272,25.798,26.2252,10,10,1.0
brute_force,main_cat='Camera &amp; Photo' AND overall>=5.0,0.06,0.0577,10,36,0.0817,24.659,24.7407,10,10,1.0
brute_force,main_cat='Camera &amp; Photo' AND overall>=5.0,0.06,0.0577,10,37,0.4971,25.2753,25.7724,10,10,1.0
brute_force,main_cat='Camera &amp; Photo' AND overall>=5.0,0.06,0.0577,10,38,0.1564,24.586,24.7425,10,10,1.0
brute_force,main_cat='Camera &amp; Photo' AND overall>=5.0,0.06,0.0577,10,39,0.1166,25.2387,25.3553,10,10,1.0
brute_force,main_cat='Camera &amp; Photo' AND overall>=5.0,0.06,0.0577,10,40,0.1718,24.5237,24.6955,10,10,1.0
brute_force,main_cat='Camera &amp; Photo' AND overall>=5.0,0.06,0.0577,10,41,0.9897,25.2036,26.1934,10,10,1.0
brute_force,main_cat='Camera &amp; Photo' AND overall>=5.0,0.06,0.0577,10,42,0.1968,24.5778,24.7747,10,10,1.0
brute_force,main_cat='Camera &amp; Photo' AND overall>=5.0,0.06,0.0577,10,43,0.0598,25.4608,25.5205,10,10,1.0
brute_force,main_cat='Camera &amp; Photo' AND overall>=5.0,0.06,0.0577,10,44,0.8816,24.738,25.6196,10,10,1.0
brute_force,main_cat='Camera &amp; Photo' AND overall>=5.0,0.06,0.0577,10,45,0.1436,25.2936,25.4373,10,10,1.0
brute_force,main_cat='Camera &amp; Photo' AND overall>=5.0,0.06,0.0577,10,46,0.4538,24.6169,25.0707,10,10,1.0
brute_force,main_cat='Camera &amp; Photo' AND overall>=5.0,0.06,0.0577,10,47,0.0543,25.3645,25.4188,10,10,1.0
brute_force,main_cat='Camera &amp; Photo' AND overall>=5.0,0.06,0.0577,10,48,0.0466,24.724,24.7707,10,10,1.0
brute_force,main_cat='Camera &amp; Photo' AND overall>=5.0,0.06,0.0577,10,49,0.0484,25.2503,25.2987,10,10,1.0
naive_prefilter,main_cat='Camera &amp; Photo' AND overall>=5.0,0.06,0.0577,10,0,15.873,3.867,19.7399,11176,10,1.0
naive_prefilter,main_cat='Camera &amp; Photo' AND overall>=5.0,0.06,0.0577,10,1,15.8131,3.8051,19.6182,11176,10,1.0
naive_prefilter,main_cat='Camera &amp; Photo' AND overall>=5.0,0.06,0.0577,10,2,15.7357,3.8557,19.5913,11176,10,1.0
naive_prefilter,main_cat='Camera &amp; Photo' AND overall>=5.0,0.06,0.0577,10,3,16.0162,3.7966,19.8129,11176,10,1.0
naive_prefilter,main_cat='Camera &amp; Photo' AND overall>=5.0,0.06,0.0577,10,4,15.8815,3.8323,19.7138,11176,10,1.0
naive_prefilter,main_cat='Camera &amp; Photo' AND overall>=5.0,0.06,0.0577,10,5,16.1112,3.7818,19.893,11176,10,1.0
naive_prefilter,main_cat='Camera &amp; Photo' AND overall>=5.0,0.06,0.0577,10,6,16.0998,3.9147,20.0144,11176,10,1.0
naive_prefilter,main_cat='Camera &amp; Photo' AND overall>=5.0,0.06,0.0577,10,7,16.2372,3.7845,20.0217,11176,10,1.0
naive_prefilter,main_cat='Camera &amp; Photo' AND overall>=5.0,0.06,0.0577,10,8,16.1168,3.8688,19.9856,11176,10,1.0
naive_prefilter,main_cat='Camera &amp; Photo' AND overall>=5.0,0.06,0.0577,10,9,15.8691,3.7851,19.6542,11176,10,1.0
naive_prefilter,main_cat='Camera &amp; Photo' AND overall>=5.0,0.06,0.0577,10,10,15.8517,3.8031,19.6548,11176,10,1.0
naive_prefilter,main_cat='Camera &amp; Photo' AND overall>=5.0,0.06,0.0577,10,11,15.5683,3.7738,19.342,11176,10,1.0
naive_prefilter,main_cat='Camera &amp; Photo' AND overall>=5.0,0.06,0.0577,10,12,15.7819,3.9971,19.779,11176,10,1.0
naive_prefilter,main_cat='Camera &amp; Photo' AND overall>=5.0,0.06,0.0577,10,13,15.7592,3.7593,19.5185,11176,10,1.0
naive_prefilter,main_cat='Camera &amp; Photo' AND overall>=5.0,0.06,0.0577,10,14,15.762,3.8162,19.5782,11176,10,1.0
naive_prefilter,main_cat='Camera &amp; Photo' AND overall>=5.0,0.06,0.0577,10,15,15.7085,3.7563,19.4648,11176,10,1.0
naive_prefilter,main_cat='Camera &amp; Photo' AND overall>=5.0,0.06,0.0577,10,16,15.6611,3.8266,19.4877,11176,10,1.0
naive_prefilter,main_cat='Camera &amp; Photo' AND overall>=5.0,0.06,0.0577,10,17,15.8139,3.8278,19.6417,11176,10,1.0
naive_prefilter,main_cat='Camera &amp; Photo' AND overall>=5.0,0.06,0.0577,10,18,15.6686,3.8025,19.4711,11176,10,1.0
naive_prefilter,main_cat='Camera &amp; Photo' AND overall>=5.0,0.06,0.0577,10,19,15.6908,3.7751,19.4659,11176,10,1.0
naive_prefilter,main_cat='Camera &amp; Photo' AND overall>=5.0,0.06,0.0577,10,20,15.8123,3.7958,19.6081,11176,10,1.0
naive_prefilter,main_cat='Camera &amp; Photo' AND overall>=5.0,0.06,0.0577,10,21,15.6425,3.7547,19.3972,11176,10,1.0
naive_prefilter,main_cat='Camera &amp; Photo' AND overall>=5.0,0.06,0.0577,10,22,15.5941,3.8262,19.4203,11176,10,1.0
naive_prefilter,main_cat='Camera &amp; Photo' AND overall>=5.0,0.06,0.0577,10,23,15.7476,3.7495,19.497,11176,10,1.0
naive_prefilter,main_cat='Camera &amp; Photo' AND overall>=5.0,0.06,0.0577,10,24,15.6756,3.8018,19.4774,11176,10,1.0
naive_prefilter,main_cat='Camera &amp; Photo' AND overall>=5.0,0.06,0.0577,10,25,15.6781,3.7716,19.4497,11176,10,0.9
naive_prefilter,main_cat='Camera &amp; Photo' AND overall>=5.0,0.06,0.0577,10,26,15.9277,3.8383,19.7659,11176,10,1.0
naive_prefilter,main_cat='Camera &amp; Photo' AND overall>=5.0,0.06,0.0577,10,27,15.8111,3.7748,19.5859,11176,10,1.0
naive_prefilter,main_cat='Camera &amp; Photo' AND overall>=5.0,0.06,0.0577,10,28,15.733,3.8064,19.5393,11176,10,1.0
naive_prefilter,main_cat='Camera &amp; Photo' AND overall>=5.0,0.06,0.0577,10,29,15.6562,3.8649,19.5211,11176,10,1.0
naive_prefilter,main_cat='Camera &amp; Photo' AND overall>=5.0,0.06,0.0577,10,30,15.7703,3.7901,19.5604,11176,10,1.0
naive_prefilter,main_cat='Camera &amp; Photo' AND overall>=5.0,0.06,0.0577,10,31,15.6833,3.7495,19.4328,11176,10,1.0
naive_prefilter,main_cat='Camera &amp; Photo' AND overall>=5.0,0.06,0.0577,10,32,15.7017,3.8465,19.5482,11176,10,1.0
naive_prefilter,main_cat='Camera &amp; Photo' AND overall>=5.0,0.06,0.0577,10,33,15.7117,3.823,19.5347,11176,10,1.0
naive_prefilter,main_cat='Camera &amp; Photo' AND overall>=5.0,0.06,0.0577,10,34,15.6875,3.9641,19.6516,11176,10,1.0
naive_prefilter,main_cat='Camera &amp; Photo' AND overall>=5.0,0.06,0.0577,10,35,15.7348,3.831,19.5658,11176,10,1.0
naive_prefilter,main_cat='Camera &amp; Photo' AND overall>=5.0,0.06,0.0577,10,36,15.5302,3.8645,19.3948,11176,10,1.0
naive_prefilter,main_cat='Camera &amp; Photo' AND overall>=5.0,0.06,0.0577,10,37,15.3902,3.7745,19.1647,11176,10,1.0
naive_prefilter,main_cat='Camera &amp; Photo' AND overall>=5.0,0.06,0.0577,10,38,15.4372,3.8497,19.2869,11176,10,1.0
naive_prefilter,main_cat='Camera &amp; Photo' AND overall>=5.0,0.06,0.0577,10,39,15.352,3.7704,19.1224,11176,10,1.0
naive_prefilter,main_cat='Camera &amp; Photo' AND overall>=5.0,0.06,0.0577,10,40,15.4113,3.8172,19.2285,11176,10,1.0
naive_prefilter,main_cat='Camera &amp; Photo' AND overall>=5.0,0.06,0.0577,10,41,15.4346,3.8645,19.2991,11176,10,1.0
naive_prefilter,main_cat='Camera &amp; Photo' AND overall>=5.0,0.06,0.0577,10,42,15.4462,3.871,19.3171,11176,10,1.0
naive_prefilter,main_cat='Camera &amp; Photo' AND overall>=5.0,0.06,0.0577,10,43,15.3119,3.7908,19.1027,11176,10,1.0
naive_prefilter,main_cat='Camera &amp; Photo' AND overall>=5.0,0.06,0.0577,10,44,15.3657,3.8019,19.1677,11176,10,1.0
naive_prefilter,main_cat='Camera &amp; Photo' AND overall>=5.0,0.06,0.0577,10,45,15.4202,3.7675,19.1877,11176,10,1.0
naive_prefilter,main_cat='Camera &amp; Photo' AND overall>=5.0,0.06,0.0577,10,46,15.4793,3.8076,19.2869,11176,10,1.0
naive_prefilter,main_cat='Camera &amp; Photo' AND overall>=5.0,0.06,0.0577,10,47,15.2814,3.7741,19.0555,11176,10,0.0
naive_prefilter,main_cat='Camera &amp; Photo' AND overall>=5.0,0.06,0.0577,10,48,15.3438,3.8522,19.196,11176,10,1.0
naive_prefilter,main_cat='Camera &amp; Photo' AND overall>=5.0,0.06,0.0577,10,49,15.3188,3.741,19.0598,11176,10,1.0
post_filter,main_cat='Camera &amp; Photo' AND overall>=5.0,0.06,0.0577,10,0,0.1577,0.3864,0.544,0,0,0.0
post_filter,main_cat='Camera &amp; Photo' AND overall>=5.0,0.06,0.0577,10,1,0.108,0.8452,0.9532,10,10,1.0
post_filter,main_cat='Camera &amp; Photo' AND overall>=5.0,0.06,0.0577,10,2,0.0619,0.6613,0.7232,10,10,1.0
post_filter,main_cat='Camera &amp; Photo' AND overall>=5.0,0.06,0.0577,10,3,0.06,0.6808,0.7408,10,10,1.0
post_filter,main_cat='Camera &amp; Photo' AND overall>=5.0,0.06,0.0577,10,4,0.4633,0.8284,1.2917,7,7,0.7
post_filter,main_cat='Camera &amp; Photo' AND overall>=5.0,0.06,0.0577,10,5,0.7525,0.6877,1.4402,6,6,0.6
post_filter,main_cat='Camera &amp; Photo' AND overall>=5.0,0.06,0.0577,10,6,0.4281,0.9712,1.3993,2,2,0.2
post_filter,main_cat='Camera &amp; Photo' AND overall>=5.0,0.06,0.0577,10,7,0.4368,0.634,1.0708,5,5,0.5
post_filter,main_cat='Camera &amp; Photo' AND overall>=5.0,0.06,0.0577,10,8,0.4485,0.8894,1.3379,5,5,0.5
post_filter,main_cat='Camera &amp; Photo' AND overall>=5.0,0.06,0.0577,10,9,0.2182,0.9012,1.1194,10,10,1.0
post_filter,main_cat='Camera &amp; Photo' AND overall>=5.0,0.06,0.0577,10,10,0.0953,0.8203,0.9155,10,10,1.0
post_filter,main_cat='Camera &amp; Photo' AND overall>=5.0,0.06,0.0577,10,11,0.4069,0.7887,1.1956,3,3,0.3
post_filter,main_cat='Camera &amp; Photo' AND overall>=5.0,0.06,0.0577,10,12,0.3308,0.6568,0.9877,10,10,0.6
post_filter,main_cat='Camera &amp; Photo' AND overall>=5.0,0.06,0.0577,10,13,0.1386,0.6902,0.8288,10,10,0.9
post_filter,main_cat='Camera &amp; Photo' AND overall>=5.0,0.06,0.0577,10,14,0.3892,0.5281,0.9173,2,2,0.2
post_filter,main_cat='Camera &amp; Photo' AND overall>=5.0,0.06,0.0577,10,15,0.2844,0.4648,0.7492,1,1,0.1
post_filter,main_cat='Camera &amp; Photo' AND overall>=5.0,0.06,0.0577,10,16,0.0501,0.8218,0.8719,10,10,1.0
post_filter,main_cat='Camera &amp; Photo' AND overall>=5.0,0.06,0.0577,10,17,0.0522,0.6663,0.7185,10,10,1.0
post_filter,main_cat='Camera &amp; Photo' AND overall>=5.0,0.06,0.0577,10,18,0.3582,0.7782,1.1364,10,10,0.8
post_filter,main_cat='Camera &amp; Photo' AND overall>=5.0,0.06,0.0577,10,19,0.1506,0.8819,1.0325,10,10,0.9
post_filter,main_cat='Camera &amp; Photo' AND overall>=5.0,0.06,0.0577,10,20,0.1096,0.5993,0.7089,10,10,1.0
post_filter,main_cat='Camera &amp; Photo' AND overall>=5.0,0.06,0.0577,10,21,0.2673,0.6184,0.8857,10,10,0.4
post_filter,main_cat='Camera &amp; Photo' AND overall>=5.0,0.06,0.0577,10,22,0.0256,0.6508,0.6763,10,10,1.0
post_filter,main_cat='Camera &amp; Photo' AND overall>=5.0,0.06,0.0577,10,23,0.0877,0.6234,0.7111,10,10,1.0
post_filter,main_cat='Camera &amp; Photo' AND overall>=5.0,0.06,0.0577,10,24,0.1278,0.8517,0.9795,10,10,1.0
post_filter,main_cat='Camera &amp; Photo' AND overall>=5.0,0.06,0.0577,10,25,0.1437,0.2614,0.4051,10,10,0.1
post_filter,main_cat='Camera &amp; Photo' AND overall>=5.0,0.06,0.0577,10,26,0.0294,0.7894,0.8187,10,10,1.0
post_filter,main_cat='Camera &amp; Photo' AND overall>=5.0,0.06,0.0577,10,27,0.413,0.7296,1.1427,8,8,0.8
post_filter,main_cat='Camera &amp; Photo' AND overall>=5.0,0.06,0.0577,10,28,0.1036,0.7662,0.8699,10,10,1.0
post_filter,main_cat='Camera &amp; Photo' AND overall>=5.0,0.06,0.0577,10,29,0.1309,0.5037,0.6346,10,10,0.9
post_filter,main_cat='Camera &amp; Photo' AND overall>=5.0,0.06,0.0577,10,30,0.1337,0.3885,0.5222,10,10,0.0
post_filter,main_cat='Camera &amp; Photo' AND overall>=5.0,0.06,0.0577,10,31,0.1606,0.7685,0.9291,10,10,0.8
post_filter,main_cat='Camera &amp; Photo' AND overall>=5.0,0.06,0.0577,10,32,0.4481,0.5996,1.0477,4,4,0.4
post_filter,main_cat='Camera &amp; Photo' AND overall>=5.0,0.06,0.0577,10,33,0.3205,0.4663,0.7868,7,7,0.4
post_filter,main_cat='Camera &amp; Photo' AND overall>=5.0,0.06,0.0577,10,34,0.4025,0.7546,1.157,7,7,0.7
post_filter,main_cat='Camera &amp; Photo' AND overall>=5.0,0.06,0.0577,10,35,0.3563,0.7807,1.137,10,10,0.8
post_filter,main_cat='Camera &amp; Photo' AND overall>=5.0,0.06,0.0577,10,36,0.0649,0.6581,0.723,10,10,1.0
post_filter,main_cat='Camera &amp; Photo' AND overall>=5.0,0.06,0.0577,10,37,0.4091,0.5892,0.9983,4,4,0.4
post_filter,main_cat='Camera &amp; Photo' AND overall>=5.0,0.06,0.0577,10,38,0.1662,0.9402,1.1064,10,10,0.6
post_filter,main_cat='Camera &amp; Photo' AND overall>=5.0,0.06,0.0577,10,39,0.0895,0.4611,0.5506,10,10,1.0
post_filter,main_cat='Camera &amp; Photo' AND overall>=5.0,0.06,0.0577,10,40,0.1349,0.9241,1.059,10,10,0.9
post_filter,main_cat='Camera &amp; Photo' AND overall>=5.0,0.06,0.0577,10,41,0.4201,0.5142,0.9343,3,3,0.3
post_filter,main_cat='Camera &amp; Photo' AND overall>=5.0,0.06,0.0577,10,42,0.1568,0.763,0.9197,10,10,0.9
post_filter,main_cat='Camera &amp; Photo' AND overall>=5.0,0.06,0.0577,10,43,0.0433,0.3957,0.439,10,10,0.9
post_filter,main_cat='Camera &amp; Photo' AND overall>=5.0,0.06,0.0577,10,44,0.472,0.5984,1.0705,5,5,0.5
post_filter,main_cat='Camera &amp; Photo' AND overall>=5.0,0.06,0.0577,10,45,0.1537,0.8712,1.0249,10,10,0.7
post_filter,main_cat='Camera &amp; Photo' AND overall>=5.0,0.06,0.0577,10,46,0.4074,0.6967,1.1042,6,6,0.6
post_filter,main_cat='Camera &amp; Photo' AND overall>=5.0,0.06,0.0577,10,47,0.066,0.2392,0.3052,10,10,0.3
post_filter,main_cat='Camera &amp; Photo' AND overall>=5.0,0.06,0.0577,10,48,0.0336,0.8429,0.8765,10,10,1.0
post_filter,main_cat='Camera &amp; Photo' AND overall>=5.0,0.06,0.0577,10,49,0.0318,0.4046,0.4364,10,10,0.9
bitmap_prefilter,main_cat='Camera &amp; Photo' AND overall>=5.0,0.06,0.0577,10,0,0.02,3.5895,3.6094,11176,10,1.0
bitmap_prefilter,main_cat='Camera &amp; Photo' AND overall>=5.0,0.06,0.0577,10,1,0.0219,3.7391,3.761,11176,10,1.0
bitmap_prefilter,main_cat='Camera &amp; Photo' AND overall>=5.0,0.06,0.0577,10,2,0.025,3.9452,3.9702,11176,10,1.0
bitmap_prefilter,main_cat='Camera &amp; Photo' AND overall>=5.0,0.06,0.0577,10,3,0.0189,3.4923,3.5112,11176,10,1.0
bitmap_prefilter,main_cat='Camera &amp; Photo' AND overall>=5.0,0.06,0.0577,10,4,0.0197,3.5883,3.608,11176,10,1.0
bitmap_prefilter,main_cat='Camera &amp; Photo' AND overall>=5.0,0.06,0.0577,10,5,0.0187,3.487,3.5057,11176,10,1.0
bitmap_prefilter,main_cat='Camera &amp; Photo' AND overall>=5.0,0.06,0.0577,10,6,0.0187,3.5074,3.526,11176,10,1.0
bitmap_prefilter,main_cat='Camera &amp; Photo' AND overall>=5.0,0.06,0.0577,10,7,0.0192,3.5012,3.5204,11176,10,1.0
bitmap_prefilter,main_cat='Camera &amp; Photo' AND overall>=5.0,0.06,0.0577,10,8,0.0205,3.4803,3.5008,11176,10,1.0
bitmap_prefilter,main_cat='Camera &amp; Photo' AND overall>=5.0,0.06,0.0577,10,9,0.0189,3.4482,3.4671,11176,10,1.0
bitmap_prefilter,main_cat='Camera &amp; Photo' AND overall>=5.0,0.06,0.0577,10,10,0.0297,3.6305,3.6603,11176,10,1.0
bitmap_prefilter,main_cat='Camera &amp; Photo' AND overall>=5.0,0.06,0.0577,10,11,0.0199,3.5605,3.5804,11176,10,1.0
bitmap_prefilter,main_cat='Camera &amp; Photo' AND overall>=5.0,0.06,0.0577,10,12,0.028,3.5243,3.5524,11176,10,1.0
bitmap_prefilter,main_cat='Camera &amp; Photo' AND overall>=5.0,0.06,0.0577,10,13,0.0231,3.446,3.4691,11176,10,1.0
bitmap_prefilter,main_cat='Camera &amp; Photo' AND overall>=5.0,0.06,0.0577,10,14,0.0241,3.4962,3.5203,11176,10,1.0
bitmap_prefilter,main_cat='Camera &amp; Photo' AND overall>=5.0,0.06,0.0577,10,15,0.0225,3.4384,3.4609,11176,10,1.0
bitmap_prefilter,main_cat='Camera &amp; Photo' AND overall>=5.0,0.06,0.0577,10,16,0.0214,3.5149,3.5363,11176,10,1.0
bitmap_prefilter,main_cat='Camera &amp; Photo' AND overall>=5.0,0.06,0.0577,10,17,0.0278,3.4423,3.4702,11176,10,1.0
bitmap_prefilter,main_cat='Camera &amp; Photo' AND overall>=5.0,0.06,0.0577,10,18,0.025,3.5073,3.5323,11176,10,1.0
bitmap_prefilter,main_cat='Camera &amp; Photo' AND overall>=5.0,0.06,0.0577,10,19,0.0234,3.4617,3.4852,11176,10,1.0
bitmap_prefilter,main_cat='Camera &amp; Photo' AND overall>=5.0,0.06,0.0577,10,20,0.022,3.5659,3.588,11176,10,1.0
bitmap_prefilter,main_cat='Camera &amp; Photo' AND overall>=5.0,0.06,0.0577,10,21,0.0267,3.5098,3.5365,11176,10,1.0
bitmap_prefilter,main_cat='Camera &amp; Photo' AND overall>=5.0,0.06,0.0577,10,22,0.0216,3.484,3.5057,11176,10,1.0
bitmap_prefilter,main_cat='Camera &amp; Photo' AND overall>=5.0,0.06,0.0577,10,23,0.0188,3.413,3.4318,11176,10,1.0
bitmap_prefilter,main_cat='Camera &amp; Photo' AND overall>=5.0,0.06,0.0577,10,24,0.0197,3.5031,3.5228,11176,10,1.0
bitmap_prefilter,main_cat='Camera &amp; Photo' AND overall>=5.0,0.06,0.0577,10,25,0.0188,3.4888,3.5076,11176,10,0.9
bitmap_prefilter,main_cat='Camera &amp; Photo' AND overall>=5.0,0.06,0.0577,10,26,0.0209,3.554,3.5748,11176,10,1.0
bitmap_prefilter,main_cat='Camera &amp; Photo' AND overall>=5.0,0.06,0.0577,10,27,0.0209,3.4509,3.4718,11176,10,1.0
bitmap_prefilter,main_cat='Camera &amp; Photo' AND overall>=5.0,0.06,0.0577,10,28,0.0189,3.525,3.5439,11176,10,1.0
bitmap_prefilter,main_cat='Camera &amp; Photo' AND overall>=5.0,0.06,0.0577,10,29,0.0194,3.5592,3.5786,11176,10,1.0
bitmap_prefilter,main_cat='Camera &amp; Photo' AND overall>=5.0,0.06,0.0577,10,30,0.0226,3.5655,3.5881,11176,10,1.0
bitmap_prefilter,main_cat='Camera &amp; Photo' AND overall>=5.0,0.06,0.0577,10,31,0.0186,3.4386,3.4572,11176,10,1.0
bitmap_prefilter,main_cat='Camera &amp; Photo' AND overall>=5.0,0.06,0.0577,10,32,0.0186,3.5745,3.593,11176,10,1.0
bitmap_prefilter,main_cat='Camera &amp; Photo' AND overall>=5.0,0.06,0.0577,10,33,0.019,3.4752,3.4942,11176,10,1.0
bitmap_prefilter,main_cat='Camera &amp; Photo' AND overall>=5.0,0.06,0.0577,10,34,0.0194,3.4663,3.4857,11176,10,1.0
bitmap_prefilter,main_cat='Camera &amp; Photo' AND overall>=5.0,0.06,0.0577,10,35,0.019,3.4975,3.5165,11176,10,1.0
bitmap_prefilter,main_cat='Camera &amp; Photo' AND overall>=5.0,0.06,0.0577,10,36,0.0246,3.4947,3.5192,11176,10,1.0
bitmap_prefilter,main_cat='Camera &amp; Photo' AND overall>=5.0,0.06,0.0577,10,37,0.0228,3.6729,3.6957,11176,10,1.0
bitmap_prefilter,main_cat='Camera &amp; Photo' AND overall>=5.0,0.06,0.0577,10,38,0.0239,3.5479,3.5718,11176,10,1.0
bitmap_prefilter,main_cat='Camera &amp; Photo' AND overall>=5.0,0.06,0.0577,10,39,0.0197,3.6743,3.694,11176,10,1.0
bitmap_prefilter,main_cat='Camera &amp; Photo' AND overall>=5.0,0.06,0.0577,10,40,0.0285,3.6176,3.6461,11176,10,1.0
bitmap_prefilter,main_cat='Camera &amp; Photo' AND overall>=5.0,0.06,0.0577,10,41,0.0205,3.488,3.5085,11176,10,1.0
bitmap_prefilter,main_cat='Camera &amp; Photo' AND overall>=5.0,0.06,0.0577,10,42,0.02,3.6131,3.6332,11176,10,1.0
bitmap_prefilter,main_cat='Camera &amp; Photo' AND overall>=5.0,0.06,0.0577,10,43,0.0213,3.4949,3.5162,11176,10,1.0
bitmap_prefilter,main_cat='Camera &amp; Photo' AND overall>=5.0,0.06,0.0577,10,44,0.0195,3.6792,3.6987,11176,10,1.0
bitmap_prefilter,main_cat='Camera &amp; Photo' AND overall>=5.0,0.06,0.0577,10,45,0.0215,3.8778,3.8992,11176,10,1.0
bitmap_prefilter,main_cat='Camera &amp; Photo' AND overall>=5.0,0.06,0.0577,10,46,0.0285,4.0398,4.0683,11176,10,1.0
bitmap_prefilter,main_cat='Camera &amp; Photo' AND overall>=5.0,0.06,0.0577,10,47,0.0242,3.845,3.8693,11176,10,0.0
bitmap_prefilter,main_cat='Camera &amp; Photo' AND overall>=5.0,0.06,0.0577,10,48,0.0194,3.835,3.8544,11176,10,1.0
bitmap_prefilter,main_cat='Camera &amp; Photo' AND overall>=5.0,0.06,0.0577,10,49,0.0235,3.5249,3.5485,11176,10,1.0
brute_force,main_cat='Camera &amp; Photo' AND overall>=5.0,0.06,0.0577,50,0,1.8084,24.7794,26.5878,50,50,1.0
brute_force,main_cat='Camera &amp; Photo' AND overall>=5.0,0.06,0.0577,50,1,0.6589,25.5922,26.2511,50,50,1.0
brute_force,main_cat='Camera &amp; Photo' AND overall>=5.0,0.06,0.0577,50,2,0.4953,25.3924,25.8877,50,50,1.0
brute_force,main_cat='Camera &amp; Photo' AND overall>=5.0,0.06,0.0577,50,3,0.3259,25.6791,26.005,50,50,1.0
brute_force,main_cat='Camera &amp; Photo' AND overall>=5.0,0.06,0.0577,50,4,2.2187,24.9902,27.209,50,50,1.0
brute_force,main_cat='Camera &amp; Photo' AND overall>=5.0,0.06,0.0577,50,5,1.9226,25.9894,27.912,50,50,1.0
brute_force,main_cat='Camera &amp; Photo' AND overall>=5.0,0.06,0.0577,50,6,3.2597,25.0615,28.3212,50,50,1.0
brute_force,main_cat='Camera &amp; Photo' AND overall>=5.0,0.06,0.0577,50,7,1.5838,25.5209,27.1048,50,50,1.0
brute_force,main_cat='Camera &amp; Photo' AND overall>=5.0,0.06,0.0577,50,8,2.0069,24.8956,26.9025,50,50,1.0
brute_force,main_cat='Camera &amp; Photo' AND overall>=5.0,0.06,0.0577,50,9,0.7926,25.2722,26.0648,50,50,1.0
brute_force,main_cat='Camera &amp; Photo' AND overall>=5.0,0.06,0.0577,50,10,0.6015,24.7188,25.3204,50,50,1.0
brute_force,main_cat='Camera &amp; Photo' AND overall>=5.0,0.06,0.0577,50,11,2.0828,25.569,27.6518,50,50,1.0
brute_force,main_cat='Camera &amp; Photo' AND overall>=5.0,0.06,0.0577,50,12,0.712,24.9281,25.6401,50,50,1.0
brute_force,main_cat='Camera &amp; Photo' AND overall>=5.0,0.06,0.0577,50,13,0.6185,25.3853,26.0037,50,50,1.0
brute_force,main_cat='Camera &amp; Photo' AND overall>=5.0,0.06,0.0577,50,14,2.2472,25.1658,27.413,50,50,1.0
brute_force,main_cat='Camera &amp; Photo' AND overall>=5.0,0.06,0.0577,50,15,1.0731,25.9383,27.0113,50,50,1.0
brute_force,main_cat='Camera &amp; Photo' AND overall>=5.0,0.06,0.0577,50,16,0.2592,25.3598,25.619,50,50,1.0
brute_force,main_cat='Camera &amp; Photo' AND overall>=5.0,0.06,0.0577,50,17,0.2522,25.9422,26.1943,50,50,1.0
brute_force,main_cat='Camera &amp; Photo' AND overall>=5.0,0.06,0.0577,50,18,1.1058,25.2344,26.3403,50,50,1.0
brute_force,main_cat='Camera &amp; Photo' AND overall>=5.0,0.06,0.0577,50,19,0.8694,25.591,26.4604,50,50,1.0
brute_force,main_cat='Camera &amp; Photo' AND overall>=5.0,0.06,0.0577,50,20,0.4198,25.3246,25.7444,50,50,1.0
brute_force,main_cat='Camera &amp; Photo' AND overall>=5.0,0.06,0.0577,50,21,0.8141,25.4442,26.2583,50,50,1.0
brute_force,main_cat='Camera &amp; Photo' AND overall>=5.0,0.06,0.0577,50,22,0.1475,24.7329,24.8803,50,50,1.0
brute_force,main_cat='Camera &amp; Photo' AND overall>=5.0,0.06,0.0577,50,23,0.3529,25.3809,25.7338,50,50,1.0
brute_force,main_cat='Camera &amp; Photo' AND overall>=5.0,0.06,0.0577,50,24,0.6472,24.6307,25.2779,50,50,1.0
brute_force,main_cat='Camera &amp; Photo' AND overall>=5.0,0.06,0.0577,50,25,0.3982,25.3227,25.7208,50,50,1.0
brute_force,main_cat='Camera &amp; Photo' AND overall>=5.0,0.06,0.0577,50,26,0.273,24.829,25.102,50,50,1.0
brute_force,main_cat='Camera &amp; Photo' AND overall>=5.0,0.06,0.0577,50,27,1.9582,25.2478,27.206,50,50,1.0
brute_force,main_cat='Camera &amp; Photo' AND overall>=5.0,0.06,0.0577,50,28,0.6499,24.6957,25.3455,50,50,1.0
brute_force,main_cat='Camera &amp; Photo' AND overall>=5.0,0.06,0.0577,50,29,0.4539,25.2586,25.7125,50,50,1.0
brute_force,main_cat='Camera &amp; Photo' AND overall>=5.0,0.06,0.0577,50,30,0.4825,24.7426,25.2251,50,50,1.0
brute_force,main_cat='Camera &amp; Photo' AND overall>=5.0,0.06,0.0577,50,31,0.859,25.5746,26.4335,50,50,1.0
brute_force,main_cat='Camera &amp; Photo' AND overall>=5.0,0.06,0.0577,50,32,2.1591,24.862,27.0212,50,50,1.0
brute_force,main_cat='Camera &amp; Photo' AND overall>=5.0,0.06,0.0577,50,33,0.8283,25.5229,26.3511,50,50,1.0
brute_force,main_cat='Camera &amp; Photo' AND overall>=5.0,0.06,0.0577,50,34,1.1413,24.7469,25.8881,50,50,1.0
brute_force,main_cat='Camera &amp; Photo' AND overall>=5.0,0.06,0.0577,50,35,1.2763,25.2558,26.5322,50,50,1.0
brute_force,main_cat='Camera &amp; Photo' AND overall>=5.0,0.06,0.0577,50,36,0.3806,24.5287,24.9092,50,50,1.0
brute_force,main_cat='Camera &amp; Photo' AND overall>=5.0,0.06,0.0577,50,37,1.5468,25.3414,26.8882,50,50,1.0
brute_force,main_cat='Camera &amp; Photo' AND overall>=5.0,0.06,0.0577,50,38,0.7441,24.5285,25.2727,50,50,1.0
brute_force,main_cat='Camera &amp; Photo' AND overall>=5.0,0.06,0.0577,50,39,0.3681,25.2811,25.6492,50,50,1.0
brute_force,main_cat='Camera &amp; Photo' AND overall>=5.0,0.06,0.0577,50,40,0.5892,24.6082,25.1974,50,50,1.0
brute_force,main_cat='Camera &amp; Photo' AND overall>=5.0,0.06,0.0577,50,41,2.4862,26.4387,28.9249,50,50,1.0
brute_force,main_cat='Camera &amp; Photo' AND overall>=5.0,0.06,0.0577,50,42,0.8002,24.7097,25.5099,50,50,1.0
brute_force,main_cat='Camera &amp; Photo' AND overall>=5.0,0.06,0.0577,50,43,0.3292,25.3379,25.6671,50,50,1.0
brute_force,main_cat='Camera &amp; Photo' AND overall>=5.0,0.06,0.0577,50,44,2.8047,25.403,28.2077,50,50,1.0
brute_force,main_cat='Camera &amp; Photo' AND overall>=5.0,0.06,0.0577,50,45,0.5142,25.3579,25.8721,50,50,1.0
brute_force,main_cat='Camera &amp; Photo' AND overall>=5.0,0.06,0.0577,50,46,1.2171,24.8746,26.0917,50,50,1.0
brute_force,main_cat='Camera &amp; Photo' AND overall>=5.0,0.06,0.0577,50,47,0.2592,25.3594,25.6185,50,50,1.0
brute_force,main_cat='Camera &amp; Photo' AND overall>=5.0,0.06,0.0577,50,48,0.2201,24.8919,25.112,50,50,1.0
brute_force,main_cat='Camera &amp; Photo' AND overall>=5.0,0.06,0.0577,50,49,0.2344,25.4707,25.7051,50,50,1.0
naive_prefilter,main_cat='Camera &amp; Photo' AND overall>=5.0,0.06,0.0577,50,0,15.8293,3.877,19.7062,11176,50,1.0
naive_prefilter,main_cat='Camera &amp; Photo' AND overall>=5.0,0.06,0.0577,50,1,15.817,3.7669,19.584,11176,50,1.0
naive_prefilter,main_cat='Camera &amp; Photo' AND overall>=5.0,0.06,0.0577,50,2,15.986,3.8938,19.8798,11176,50,1.0
naive_prefilter,main_cat='Camera &amp; Photo' AND overall>=5.0,0.06,0.0577,50,3,16.1346,3.916,20.0507,11176,50,1.0
naive_prefilter,main_cat='Camera &amp; Photo' AND overall>=5.0,0.06,0.0577,50,4,16.2133,3.9192,20.1325,11176,50,1.0
naive_prefilter,main_cat='Camera &amp; Photo' AND overall>=5.0,0.06,0.0577,50,5,16.1229,3.8144,19.9373,11176,50,1.0
naive_prefilter,main_cat='Camera &amp; Photo' AND overall>=5.0,0.06,0.0577,50,6,15.9653,3.8826,19.8479,11176,50,1.0
naive_prefilter,main_cat='Camera &amp; Photo' AND overall>=5.0,0.06,0.0577,50,7,15.9896,3.8,19.7897,11176,50,1.0
naive_prefilter,main_cat='Camera &amp; Photo' AND overall>=5.0,0.06,0.0577,50,8,16.194,3.9838,20.1778,11176,50,1.0
naive_prefilter,main_cat='Camera &amp; Photo' AND overall>=5.0,0.06,0.0577,50,9,15.6458,3.7851,19.431,11176,50,1.0
naive_prefilter,main_cat='Camera &amp; Photo' AND overall>=5.0,0.06,0.0577,50,10,15.8258,3.8698,19.6957,11176,50,1.0
naive_prefilter,main_cat='Camera &amp; Photo' AND overall>=5.0,0.06,0.0577,50,11,15.6909,3.796,19.4869,11176,50,1.0
naive_prefilter,main_cat='Camera &amp; Photo' AND overall>=5.0,0.06,0.0577,50,12,15.7114,3.838,19.5494,11176,50,1.0
naive_prefilter,main_cat='Camera &amp; Photo' AND overall>=5.0,0.06,0.0577,50,13,15.802,3.8244,19.6264,11176,50,1.0
naive_prefilter,main_cat='Camera &amp; Photo' AND overall>=5.0,0.06,0.0577,50,14,15.8852,3.8506,19.7358,11176,50,1.0
naive_prefilter,main_cat='Camera &amp; Photo' AND overall>=5.0,0.06,0.0577,50,15,15.736,3.7765,19.5125,11176,50,1.0
naive_prefilter,main_cat='Camera &amp; Photo' AND overall>=5.0,0.06,0.0577,50,16,15.8452,3.8901,19.7353,11176,50,1.0
naive_prefilter,main_cat='Camera &amp; Photo' AND overall>=5.0,0.06,0.0577,50,17,15.8555,3.8975,19.753,11176,50,1.0
naive_prefilter,main_cat='Camera &amp; Photo' AND overall>=5.0,0.06,0.0577,50,18,16.0028,3.8887,19.8915,11176,50,1.0
naive_prefilter,main_cat='Camera &amp; Photo' AND overall>=5.0,0.06,0.0577,50,19,15.7952,3.7646,19.5597,11176,50,1.0
naive_prefilter,main_cat='Camera &amp; Photo' AND overall>=5.0,0.06,0.0577,50,20,15.9428,3.884,19.8269,11176,50,1.0
naive_prefilter,main_cat='Camera &amp; Photo' AND overall>=5.0,0.06,0.0577,50,21,15.8937,3.7922,19.6859,11176,50,1.0
naive_prefilter,main_cat='Camera &amp; Photo' AND overall>=5.0,0.06,0.0577,50,22,15.9034,3.903,19.8064,11176,50,1.0
naive_prefilter,main_cat='Camera &amp; Photo' AND overall>=5.0,0.06,0.0577,50,23,15.8354,3.7603,19.5958,11176,50,1.0
naive_prefilter,main_cat='Camera &amp; Photo' AND overall>=5.0,0.06,0.0577,50,24,15.6262,3.8703,19.4966,11176,50,1.0
naive_prefilter,main_cat='Camera &amp; Photo' AND overall>=5.0,0.06,0.0577,50,25,15.7147,3.8353,19.55,11176,50,1.0
naive_prefilter,main_cat='Camera &amp; Photo' AND overall>=5.0,0.06,0.0577,50,26,15.7865,3.8583,19.6448,11176,50,1.0
naive_prefilter,main_cat='Camera &amp; Photo' AND overall>=5.0,0.06,0.0577,50,27,15.6271,4.0122,19.6393,11176,50,1.0
naive_prefilter,main_cat='Camera &amp; Photo' AND overall>=5.0,0.06,0.0577,50,28,16.6879,13.0908,29.7788,11176,50,1.0
naive_prefilter,main_cat='Camera &amp; Photo' AND overall>=5.0,0.06,0.0577,50,29,38.5107,4.706,43.2167,11176,50,1.0
naive_prefilter,main_cat='Camera &amp; Photo' AND overall>=5.0,0.06,0.0577,50,30,16.4055,4.0209,20.4264,11176,50,1.0
naive_prefilter,main_cat='Camera &amp; Photo' AND overall>=5.0,0.06,0.0577,50,31,15.6835,3.823,19.5065,11176,50,1.0
naive_prefilter,main_cat='Camera &amp; Photo' AND overall>=5.0,0.06,0.0577,50,32,16.0091,3.9666,19.9757,11176,50,1.0
naive_prefilter,main_cat='Camera &amp; Photo' AND overall>=5.0,0.06,0.0577,50,33,15.7419,3.813,19.5548,11176,50,1.0
naive_prefilter,main_cat='Camera &amp; Photo' AND overall>=5.0,0.06,0.0577,50,34,16.0856,3.9005,19.9861,11176,50,1.0
naive_prefilter,main_cat='Camera &amp; Photo' AND overall>=5.0,0.06,0.0577,50,35,16.1003,4.0272,20.1275,11176,50,1.0
naive_prefilter,main_cat='Camera &amp; Photo' AND overall>=5.0,0.06,0.0577,50,36,16.427,3.9306,20.3576,11176,50,1.0
naive_prefilter,main_cat='Camera &amp; Photo' AND overall>=5.0,0.06,0.0577,50,37,16.282,3.7927,20.0747,11176,50,1.0
naive_prefilter,main_cat='Camera &amp; Photo' AND overall>=5.0,0.06,0.0577,50,38,16.1237,3.8783,20.0021,11176,50,1.0
naive_prefilter,main_cat='Camera &amp; Photo' AND overall>=5.0,0.06,0.0577,50,39,16.2738,4.0457,20.3195,11176,50,1.0
naive_prefilter,main_cat='Camera &amp; Photo' AND overall>=5.0,0.06,0.0577,50,40,15.9857,3.9918,19.9775,11176,50,1.0
naive_prefilter,main_cat='Camera &amp; Photo' AND overall>=5.0,0.06,0.0577,50,41,16.1386,3.8282,19.9668,11176,50,1.0
naive_prefilter,main_cat='Camera &amp; Photo' AND overall>=5.0,0.06,0.0577,50,42,16.0606,3.8601,19.9207,11176,50,1.0
naive_prefilter,main_cat='Camera &amp; Photo' AND overall>=5.0,0.06,0.0577,50,43,15.9837,3.8038,19.7875,11176,50,1.0
naive_prefilter,main_cat='Camera &amp; Photo' AND overall>=5.0,0.06,0.0577,50,44,16.1586,3.8748,20.0334,11176,50,1.0
naive_prefilter,main_cat='Camera &amp; Photo' AND overall>=5.0,0.06,0.0577,50,45,16.0887,3.8345,19.9232,11176,50,1.0
naive_prefilter,main_cat='Camera &amp; Photo' AND overall>=5.0,0.06,0.0577,50,46,16.0763,3.8408,19.9171,11176,50,1.0
naive_prefilter,main_cat='Camera &amp; Photo' AND overall>=5.0,0.06,0.0577,50,47,15.8223,3.8598,19.6821,11176,50,1.0
naive_prefilter,main_cat='Camera &amp; Photo' AND overall>=5.0,0.06,0.0577,50,48,15.835,3.8731,19.708,11176,50,1.0
naive_prefilter,main_cat='Camera &amp; Photo' AND overall>=5.0,0.06,0.0577,50,49,15.6942,3.8114,19.5057,11176,50,1.0
post_filter,main_cat='Camera &amp; Photo' AND overall>=5.0,0.06,0.0577,50,0,0.6919,0.7685,1.4604,47,47,0.4
post_filter,main_cat='Camera &amp; Photo' AND overall>=5.0,0.06,0.0577,50,1,0.6504,1.5405,2.1909,50,50,0.68
post_filter,main_cat='Camera &amp; Photo' AND overall>=5.0,0.06,0.0577,50,2,0.4336,0.9236,1.3572,50,50,0.7
post_filter,main_cat='Camera &amp; Photo' AND overall>=5.0,0.06,0.0577,50,3,0.2951,0.9463,1.2414,50,50,0.86
post_filter,main_cat='Camera &amp; Photo' AND overall>=5.0,0.06,0.0577,50,4,1.5756,1.0992,2.6747,49,49,0.46
post_filter,main_cat='Camera &amp; Photo' AND overall>=5.0,0.06,0.0577,50,5,1.2118,0.9258,2.1376,16,16,0.28
post_filter,main_cat='Camera &amp; Photo' AND overall>=5.0,0.06,0.0577,50,6,1.3715,1.0717,2.4432,15,15,0.22
post_filter,main_cat='Camera &amp; Photo' AND overall>=5.0,0.06,0.0577,50,7,1.0201,0.7763,1.7965,29,29,0.3
post_filter,main_cat='Camera &amp; Photo' AND overall>=5.0,0.06,0.0577,50,8,1.4342,1.1525,2.5868,32,32,0.34
post_filter,main_cat='Camera &amp; Photo' AND overall>=5.0,0.06,0.0577,50,9,0.8275,1.1813,2.0088,50,50,0.5
post_filter,main_cat='Camera &amp; Photo' AND overall>=5.0,0.06,0.0577,50,10,0.5258,1.057,1.5828,50,50,0.86
post_filter,main_cat='Camera &amp; Photo' AND overall>=5.0,0.06,0.0577,50,11,1.2945,1.0383,2.3327,17,17,0.2
post_filter,main_cat='Camera &amp; Photo' AND overall>=5.0,0.06,0.0577,50,12,0.7531,0.8444,1.5975,50,50,0.38
post_filter,main_cat='Camera &amp; Photo' AND overall>=5.0,0.06,0.0577,50,13,0.6367,0.8577,1.4944,50,50,0.48
post_filter,main_cat='Camera &amp; Photo' AND overall>=5.0,0.06,0.0577,50,14,0.8906,0.6891,1.5797,16,16,0.12
post_filter,main_cat='Camera &amp; Photo' AND overall>=5.0,0.06,0.0577,50,15,0.6635,0.5961,1.2596,10,10,0.16
post_filter,main_cat='Camera &amp; Photo' AND overall>=5.0,0.06,0.0577,50,16,0.2392,1.0558,1.295,50,50,0.8
post_filter,main_cat='Camera &amp; Photo' AND overall>=5.0,0.06,0.0577,50,17,0.2022,0.7797,0.9819,50,50,0.82
post_filter,main_cat='Camera &amp; Photo' AND overall>=5.0,0.06,0.0577,50,18,1.1245,0.9344,2.0588,50,50,0.64
post_filter,main_cat='Camera &amp; Photo' AND overall>=5.0,0.06,0.0577,50,19,0.7243,1.0184,1.7427,50,50,0.66
post_filter,main_cat='Camera &amp; Photo' AND overall>=5.0,0.06,0.0577,50,20,0.3812,0.706,1.0872,50,50,0.78
post_filter,main_cat='Camera &amp; Photo' AND overall>=5.0,0.06,0.0577,50,21,0.9719,0.765,1.7369,41,41,0.24
post_filter,main_cat='Camera &amp; Photo' AND overall>=5.0,0.06,0.0577,50,22,0.1165,0.7866,0.9031,50,50,0.94
post_filter,main_cat='Camera &amp; Photo' AND overall>=5.0,0.06,0.0577,50,23,0.2752,0.7368,1.012,50,50,0.9
post_filter,main_cat='Camera &amp; Photo' AND overall>=5.0,0.06,0.0577,50,24,0.55,1.1008,1.6508,50,50,0.84
post_filter,main_cat='Camera &amp; Photo' AND overall>=5.0,0.06,0.0577,50,25,0.5645,0.3522,0.9167,43,43,0.08
post_filter,main_cat='Camera &amp; Photo' AND overall>=5.0,0.06,0.0577,50,26,0.1708,1.027,1.1977,50,50,0.98
post_filter,main_cat='Camera &amp; Photo' AND overall>=5.0,0.06,0.0577,50,27,1.1663,0.9343,2.1006,27,27,0.38
post_filter,main_cat='Camera &amp; Photo' AND overall>=5.0,0.06,0.0577,50,28,0.5844,0.9808,1.5652,50,50,0.64
post_filter,main_cat='Camera &amp; Photo' AND overall>=5.0,0.06,0.0577,50,29,0.4072,0.6071,1.0143,50,50,0.4
post_filter,main_cat='Camera &amp; Photo' AND overall>=5.0,0.06,0.0577,50,30,0.5081,0.4513,0.9594,27,27,0.54
post_filter,main_cat='Camera &amp; Photo' AND overall>=5.0,0.06,0.0577,50,31,0.8069,0.9631,1.77,50,50,0.44
post_filter,main_cat='Camera &amp; Photo' AND overall>=5.0,0.06,0.0577,50,32,1.0605,0.7985,1.859,21,21,0.34
post_filter,main_cat='Camera &amp; Photo' AND overall>=5.0,0.06,0.0577,50,33,0.697,0.5894,1.2864,22,22,0.14
post_filter,main_cat='Camera &amp; Photo' AND overall>=5.0,0.06,0.0577,50,34,1.1988,0.9549,2.1536,43,43,0.34
post_filter,main_cat='Camera &amp; Photo' AND overall>=5.0,0.06,0.0577,50,35,1.3342,1.0024,2.3366,45,45,0.5
post_filter,main_cat='Camera &amp; Photo' AND overall>=5.0,0.06,0.0577,50,36,0.381,0.8175,1.1985,50,50,0.8
post_filter,main_cat='Camera &amp; Photo' AND overall>=5.0,0.06,0.0577,50,37,0.9805,0.7536,1.7341,20,20,0.24
post_filter,main_cat='Camera &amp; Photo' AND overall>=5.0,0.06,0.0577,50,38,0.6315,1.2287,1.8602,50,50,0.56
post_filter,main_cat='Camera &amp; Photo' AND overall>=5.0,0.06,0.0577,50,39,0.3032,0.5752,0.8784,50,50,0.86
post_filter,main_cat='Camera &amp; Photo' AND overall>=5.0,0.06,0.0577,50,40,0.4784,1.2074,1.6858,50,50,0.6
post_filter,main_cat='Camera &amp; Photo' AND overall>=5.0,0.06,0.0577,50,41,0.8789,0.6413,1.5203,9,9,0.12
post_filter,main_cat='Camera &amp; Photo' AND overall>=5.0,0.06,0.0577,50,42,0.6853,0.9857,1.671,50,50,0.74
post_filter,main_cat='Camera &amp; Photo' AND overall>=5.0,0.06,0.0577,50,43,0.2404,0.4978,0.7382,50,50,0.78
post_filter,main_cat='Camera &amp; Photo' AND overall>=5.0,0.06,0.0577,50,44,1.003,0.7147,1.7176,15,15,0.24
post_filter,main_cat='Camera &amp; Photo' AND overall>=5.0,0.06,0.0577,50,45,0.4829,1.0503,1.5332,50,50,0.58
post_filter,main_cat='Camera &amp; Photo' AND overall>=5.0,0.06,0.0577,50,46,1.1163,0.8767,1.993,14,14,0.16
post_filter,main_cat='Camera &amp; Photo' AND overall>=5.0,0.06,0.0577,50,47,0.4625,0.3032,0.7657,35,35,0.62
post_filter,main_cat='Camera &amp; Photo' AND overall>=5.0,0.06,0.0577,50,48,0.1655,1.0684,1.2339,50,50,0.98
post_filter,main_cat='Camera &amp; Photo' AND overall>=5.0,0.06,0.0577,50,49,0.1833,0.5023,0.6856,50,50,0.76
bitmap_prefilter,main_cat='Camera &amp; Photo' AND overall>=5.0,0.06,0.0577,50,0,0.0214,3.533,3.5544,11176,50,1.0
bitmap_prefilter,main_cat='Camera &amp; Photo' AND overall>=5.0,0.06,0.0577,50,1,0.0212,3.8677,3.8889,11176,50,1.0
bitmap_prefilter,main_cat='Camera &amp; Photo' AND overall>=5.0,0.06,0.0577,50,2,0.0213,3.603,3.6243,11176,50,1.0
bitmap_prefilter,main_cat='Camera &amp; Photo' AND overall>=5.0,0.06,0.0577,50,3,0.0207,3.6761,3.6967,11176,50,1.0
bitmap_prefilter,main_cat='Camera &amp; Photo' AND overall>=5.0,0.06,0.0577,50,4,0.029,3.5484,3.5774,11176,50,1.0
bitmap_prefilter,main_cat='Camera &amp; Photo' AND overall>=5.0,0.06,0.0577,50,5,0.0228,3.4688,3.4916,11176,50,1.0
bitmap_prefilter,main_cat='Camera &amp; Photo' AND overall>=5.0,0.06,0.0577,50,6,0.0213,3.5231,3.5445,11176,50,1.0
bitmap_prefilter,main_cat='Camera &amp; Photo' AND overall>=5.0,0.06,0.0577,50,7,0.0207,3.5401,3.5608,11176,50,1.0
bitmap_prefilter,main_cat='Camera &amp; Photo' AND overall>=5.0,0.06,0.0577,50,8,0.0207,3.5923,3.6131,11176,50,1.0
bitmap_prefilter,main_cat='Camera &amp; Photo' AND overall>=5.0,0.06,0.0577,50,9,0.022,3.5317,3.5537,11176,50,1.0
bitmap_prefilter,main_cat='Camera &amp; Photo' AND overall>=5.0,0.06,0.0577,50,10,0.022,3.5728,3.5948,11176,50,1.0
bitmap_prefilter,main_cat='Camera &amp; Photo' AND overall>=5.0,0.06,0.0577,50,11,0.0211,3.5445,3.5656,11176,50,1.0
bitmap_prefilter,main_cat='Camera &amp; Photo' AND overall>=5.0,0.06,0.0577,50,12,0.02,3.5607,3.5808,11176,50,1.0
bitmap_prefilter,main_cat='Camera &amp; Photo' AND overall>=5.0,0.06,0.0577,50,13,0.0211,3.4308,3.4519,11176,50,1.0
bitmap_prefilter,main_cat='Camera &amp; Photo' AND overall>=5.0,0.06,0.0577,50,14,0.0193,3.5939,3.6132,11176,50,1.0
bitmap_prefilter,main_cat='Camera &amp; Photo' AND overall>=5.0,0.06,0.0577,50,15,0.0195,3.439,3.4585,11176,50,1.0
bitmap_prefilter,main_cat='Camera &amp; Photo' AND overall>=5.0,0.06,0.0577,50,16,0.0189,3.4907,3.5096,11176,50,1.0
bitmap_prefilter,main_cat='Camera &amp; Photo' AND overall>=5.0,0.06,0.0577,50,17,0.0203,3.497,3.5173,11176,50,1.0
bitmap_prefilter,main_cat='Camera &amp; Photo' AND overall>=5.0,0.06,0.0577,50,18,0.0239,3.5061,3.53,11176,50,1.0
bitmap_prefilter,main_cat='Camera &amp; Photo' AND overall>=5.0,0.06,0.0577,50,19,0.0214,3.5127,3.5341,11176,50,1.0
bitmap_prefilter,main_cat='Camera &amp; Photo' AND overall>=5.0,0.06,0.0577,50,20,0.022,3.546,3.5679,11176,50,1.0
bitmap_prefilter,main_cat='Camera &amp; Photo' AND overall>=5.0,0.06,0.0577,50,21,0.0218,3.5985,3.6203,11176,50,1.0
bitmap_prefilter,main_cat='Camera &amp; Photo' AND overall>=5.0,0.06,0.0577,50,22,0.0202,3.5266,3.5468,11176,50,1.0
bitmap_prefilter,main_cat='Camera &amp; Photo' AND overall>=5.0,0.06,0.0577,50,23,0.02,3.4576,3.4777,11176,50,1.0
bitmap_prefilter,main_cat='Camera &amp; Photo' AND overall>=5.0,0.06,0.0577,50,24,0.0203,3.5881,3.6084,11176,50,1.0
bitmap_prefilter,main_cat='Camera &amp; Photo' AND overall>=5.0,0.06,0.0577,50,25,0.0199,3.4629,3.4828,11176,50,1.0
bitmap_prefilter,main_cat='Camera &amp; Photo' AND overall>=5.0,0.06,0.0577,50,26,0.0197,3.5346,3.5543,11176,50,1.0
bitmap_prefilter,main_cat='Camera &amp; Photo' AND overall>=5.0,0.06,0.0577,50,27,0.0226,3.4569,3.4795,11176,50,1.0
bitmap_prefilter,main_cat='Camera &amp; Photo' AND overall>=5.0,0.06,0.0577,50,28,0.0204,3.5993,3.6197,11176,50,1.0
bitmap_prefilter,main_cat='Camera &amp; Photo' AND overall>=5.0,0.06,0.0577,50,29,0.0205,3.4361,3.4567,11176,50,1.0
bitmap_prefilter,main_cat='Camera &amp; Photo' AND overall>=5.0,0.06,0.0577,50,30,0.0188,3.5999,3.6187,11176,50,1.0
bitmap_prefilter,main_cat='Camera &amp; Photo' AND overall>=5.0,0.06,0.0577,50,31,0.0216,3.4982,3.5198,11176,50,1.0
bitmap_prefilter,main_cat='Camera &amp; Photo' AND overall>=5.0,0.06,0.0577,50,32,0.0202,3.4826,3.5028,11176,50,1.0
bitmap_prefilter,main_cat='Camera &amp; Photo' AND overall>=5.0,0.06,0.0577,50,33,0.0191,3.411,3.43,11176,50,1.0
bitmap_prefilter,main_cat='Camera &amp; Photo' AND overall>=5.0,0.06,0.0577,50,34,0.0197,3.5343,3.554,11176,50,1.0
bitmap_prefilter,main_cat='Camera &amp; Photo' AND overall>=5.0,0.06,0.0577,50,35,0.0182,3.4728,3.491,11176,50,1.0
bitmap_prefilter,main_cat='Camera &amp; Photo' AND overall>=5.0,0.06,0.0577,50,36,0.0192,3.5755,3.5947,11176,50,1.0
bitmap_prefilter,main_cat='Camera &amp; Photo' AND overall>=5.0,0.06,0.0577,50,37,0.0191,3.4395,3.4586,11176,50,1.0
bitmap_prefilter,main_cat='Camera &amp; Photo' AND overall>=5.0,0.06,0.0577,50,38,0.0195,3.5173,3.5368,11176,50,1.0
bitmap_prefilter,main_cat='Camera &amp; Photo' AND overall>=5.0,0.06,0.0577,50,39,0.0203,3.5064,3.5267,11176,50,1.0
bitmap_prefilter,main_cat='Camera &amp; Photo' AND overall>=5.0,0.06,0.0577,50,40,0.0202,3.658,3.6782,11176,50,1.0
bitmap_prefilter,main_cat='Camera &amp; Photo' AND overall>=5.0,0.06,0.0577,50,41,0.0202,3.4631,3.4832,11176,50,1.0
bitmap_prefilter,main_cat='Camera &amp; Photo' AND overall>=5.0,0.06,0.0577,50,42,0.019,3.6247,3.6436,11176,50,1.0
bitmap_prefilter,main_cat='Camera &amp; Photo' AND overall>=5.0,0.06,0.0577,50,43,0.021,3.4555,3.4765,11176,50,1.0
bitmap_prefilter,main_cat='Camera &amp; Photo' AND overall>=5.0,0.06,0.0577,50,44,0.0182,3.484,3.5022,11176,50,1.0
bitmap_prefilter,main_cat='Camera &amp; Photo' AND overall>=5.0,0.06,0.0577,50,45,0.0189,3.4934,3.5123,11176,50,1.0
bitmap_prefilter,main_cat='Camera &amp; Photo' AND overall>=5.0,0.06,0.0577,50,46,0.019,3.4798,3.4988,11176,50,1.0
bitmap_prefilter,main_cat='Camera &amp; Photo' AND overall>=5.0,0.06,0.0577,50,47,0.0204,3.4387,3.4591,11176,50,1.0
bitmap_prefilter,main_cat='Camera &amp; Photo' AND overall>=5.0,0.06,0.0577,50,48,0.0207,3.5348,3.5555,11176,50,1.0
bitmap_prefilter,main_cat='Camera &amp; Photo' AND overall>=5.0,0.06,0.0577,50,49,0.0207,3.4964,3.5172,11176,50,1.0
brute_force,main_cat='Camera &amp; Photo' AND overall>=3.0,0.08,0.0789,10,0,0.7247,24.8691,25.5938,10,10,1.0
brute_force,main_cat='Camera &amp; Photo' AND overall>=3.0,0.08,0.0789,10,1,0.1168,25.4857,25.6024,10,10,1.0
brute_force,main_cat='Camera &amp; Photo' AND overall>=3.0,0.08,0.0789,10,2,0.0598,25.0913,25.1511,10,10,1.0
brute_force,main_cat='Camera &amp; Photo' AND overall>=3.0,0.08,0.0789,10,3,0.0579,25.5991,25.657,10,10,1.0
brute_force,main_cat='Camera &amp; Photo' AND overall>=3.0,0.08,0.0789,10,4,0.2496,24.8718,25.1214,10,10,1.0
brute_force,main_cat='Camera &amp; Photo' AND overall>=3.0,0.08,0.0789,10,5,0.47,25.081,25.551,10,10,1.0
brute_force,main_cat='Camera &amp; Photo' AND overall>=3.0,0.08,0.0789,10,6,1.0274,24.7069,25.7343,10,10,1.0
brute_force,main_cat='Camera &amp; Photo' AND overall>=3.0,0.08,0.0789,10,7,0.5142,25.7543,26.2684,10,10,1.0
brute_force,main_cat='Camera &amp; Photo' AND overall>=3.0,0.08,0.0789,10,8,0.3905,24.8804,25.2709,10,10,1.0
brute_force,main_cat='Camera &amp; Photo' AND overall>=3.0,0.08,0.0789,10,9,0.2313,25.5084,25.7397,10,10,1.0
brute_force,main_cat='Camera &amp; Photo' AND overall>=3.0,0.08,0.0789,10,10,0.1052,24.848,24.9531,10,10,1.0
brute_force,main_cat='Camera &amp; Photo' AND overall>=3.0,0.08,0.0789,10,11,0.6101,25.3294,25.9395,10,10,1.0
brute_force,main_cat='Camera &amp; Photo' AND overall>=3.0,0.08,0.0789,10,12,0.2468,25.0656,25.3124,10,10,1.0
brute_force,main_cat='Camera &amp; Photo' AND overall>=3.0,0.08,0.0789,10,13,0.1274,25.5019,25.6293,10,10,1.0
brute_force,main_cat='Camera &amp; Photo' AND overall>=3.0,0.08,0.0789,10,14,0.3683,24.92,25.2882,10,10,1.0
brute_force,main_cat='Camera &amp; Photo' AND overall>=3.0,0.08,0.0789,10,15,0.5402,25.3964,25.9366,10,10,1.0
brute_force,main_cat='Camera &amp; Photo' AND overall>=3.0,0.08,0.0789,10,16,0.0583,24.81,24.8683,10,10,1.0
brute_force,main_cat='Camera &amp; Photo' AND overall>=3.0,0.08,0.0789,10,17,0.0456,25.385,25.4306,10,10,1.0
brute_force,main_cat='Camera &amp; Photo' AND overall>=3.0,0.08,0.0789,10,18,0.2574,24.7208,24.9782,10,10,1.0
brute_force,main_cat='Camera &amp; Photo' AND overall>=3.0,0.08,0.0789,10,19,0.1348,25.2521,25.387,10,10,1.0
brute_force,main_cat='Camera &amp; Photo' AND overall>=3.0,0.08,0.0789,10,20,0.126,24.7311,24.8572,10,10,1.0
brute_force,main_cat='Camera &amp; Photo' AND overall>=3.0,0.08,0.0789,10,21,0.2865,25.4723,25.7588,10,10,1.0
brute_force,main_cat='Camera &amp; Photo' AND overall>=3.0,0.08,0.0789,10,22,0.0223,25.1055,25.1277,10,10,1.0
brute_force,main_cat='Camera &amp; Photo' AND overall>=3.0,0.08,0.0789,10,23,0.0964,25.5264,25.6228,10,10,1.0
brute_force,main_cat='Camera &amp; Photo' AND overall>=3.0,0.08,0.0789,10,24,0.1375,24.7058,24.8432,10,10,1.0
brute_force,main_cat='Camera &amp; Photo' AND overall>=3.0,0.08,0.0789,10,25,0.1655,25.4303,25.5958,10,10,1.0
brute_force,main_cat='Camera &amp; Photo' AND overall>=3.0,0.08,0.0789,10,26,0.0427,24.7947,24.8374,10,10,1.0
brute_force,main_cat='Camera &amp; Photo' AND overall>=3.0,0.08,0.0789,10,27,0.2894,25.1751,25.4645,10,10,1.0
brute_force,main_cat='Camera &amp; Photo' AND overall>=3.0,0.08,0.0789,10,28,0.058,24.7684,24.8264,10,10,1.0
brute_force,main_cat='Camera &amp; Photo' AND overall>=3.0,0.08,0.0789,10,29,0.1539,25.3469,25.5007,10,10,1.0
brute_force,main_cat='Camera &amp; Photo' AND overall>=3.0,0.08,0.0789,10,30,0.0708,24.815,24.8857,10,10,1.0
brute_force,main_cat='Camera &amp; Photo' AND overall>=3.0,0.08,0.0789,10,31,0.2011,25.1491,25.3502,10,10,1.0
brute_force,main_cat='Camera &amp; Photo' AND overall>=3.0,0.08,0.0789,10,32,0.1291,24.8334,24.9625,10,10,1.0
brute_force,main_cat='Camera &amp; Photo' AND overall>=3.0,0.08,0.0789,10,33,0.2581,25.5723,25.8305,10,10,1.0
brute_force,main_cat='Camera &amp; Photo' AND overall>=3.0,0.08,0.0789,10,34,0.4573,24.7419,25.1992,10,10,1.0
brute_force,main_cat='Camera &amp; Photo' AND overall>=3.0,0.08,0.0789,10,35,0.2779,26.5569,26.8348,10,10,1.0
brute_force,main_cat='Camera &amp; Photo' AND overall>=3.0,0.08,0.0789,10,36,0.041,24.926,24.967,10,10,1.0
brute_force,main_cat='Camera &amp; Photo' AND overall>=3.0,0.08,0.0789,10,37,0.4284,25.2007,25.6291,10,10,1.0
brute_force,main_cat='Camera &amp; Photo' AND overall>=3.0,0.08,0.0789,10,38,0.0592,24.753,24.8122,10,10,1.0
brute_force,main_cat='Camera &amp; Photo' AND overall>=3.0,0.08,0.0789,10,39,0.0982,25.2936,25.3918,10,10,1.0
brute_force,main_cat='Camera &amp; Photo' AND overall>=3.0,0.08,0.0789,10,40,0.0973,24.7173,24.8146,10,10,1.0
brute_force,main_cat='Camera &amp; Photo' AND overall>=3.0,0.08,0.0789,10,41,0.574,25.3074,25.8814,10,10,1.0
brute_force,main_cat='Camera &amp; Photo' AND overall>=3.0,0.08,0.0789,10,42,0.1038,24.5538,24.6576,10,10,1.0
brute_force,main_cat='Camera &amp; Photo' AND overall>=3.0,0.08,0.0789,10,43,0.0441,25.4044,25.4485,10,10,1.0
brute_force,main_cat='Camera &amp; Photo' AND overall>=3.0,0.08,0.0789,10,44,0.1435,24.8266,24.9701,10,10,1.0
brute_force,main_cat='Camera &amp; Photo' AND overall>=3.0,0.08,0.0789,10,45,0.1385,25.3303,25.4688,10,10,1.0
brute_force,main_cat='Camera &amp; Photo' AND overall>=3.0,0.08,0.0789,10,46,0.338,24.7634,25.1014,10,10,1.0
brute_force,main_cat='Camera &amp; Photo' AND overall>=3.0,0.08,0.0789,10,47,0.0499,25.399,25.4489,10,10,1.0
brute_force,main_cat='Camera &amp; Photo' AND overall>=3.0,0.08,0.0789,10,48,0.0375,24.7596,24.7972,10,10,1.0
brute_force,main_cat='Camera &amp; Photo' AND overall>=3.0,0.08,0.0789,10,49,0.047,25.4168,25.4638,10,10,1.0
naive_prefilter,main_cat='Camera &amp; Photo' AND overall>=3.0,0.08,0.0789,10,0,16.1605,4.8753,21.0357,15290,10,1.0
naive_prefilter,main_cat='Camera &amp; Photo' AND overall>=3.0,0.08,0.0789,10,1,15.756,4.7589,20.5149,15290,10,1.0
naive_prefilter,main_cat='Camera &amp; Photo' AND overall>=3.0,0.08,0.0789,10,2,15.9138,4.8145,20.7283,15290,10,1.0
naive_prefilter,main_cat='Camera &amp; Photo' AND overall>=3.0,0.08,0.0789,10,3,16.163,4.9052,21.0681,15290,10,1.0
naive_prefilter,main_cat='Camera &amp; Photo' AND overall>=3.0,0.08,0.0789,10,4,15.8198,4.8292,20.649,15290,10,1.0
naive_prefilter,main_cat='Camera &amp; Photo' AND overall>=3.0,0.08,0.0789,10,5,15.8804,4.792,20.6724,15290,10,1.0
naive_prefilter,main_cat='Camera &amp; Photo' AND overall>=3.0,0.08,0.0789,10,6,15.4299,4.8724,20.3023,15290,10,1.0
naive_prefilter,main_cat='Camera &amp; Photo' AND overall>=3.0,0.08,0.0789,10,7,15.4788,4.755,20.2338,15290,10,1.0
naive_prefilter,main_cat='Camera &amp; Photo' AND overall>=3.0,0.08,0.0789,10,8,15.7755,4.9168,20.6922,15290,10,1.0
naive_prefilter,main_cat='Camera &amp; Photo' AND overall>=3.0,0.08,0.0789,10,9,15.8985,4.77,20.6685,15290,10,1.0
naive_prefilter,main_cat='Camera &amp; Photo' AND overall>=3.0,0.08,0.0789,10,10,16.0943,4.8135,20.9078,15290,10,1.0
naive_prefilter,main_cat='Camera &amp; Photo' AND overall>=3.0,0.08,0.0789,10,11,15.7868,4.8486,20.6354,15290,10,1.0
naive_prefilter,main_cat='Camera &amp; Photo' AND overall>=3.0,0.08,0.0789,10,12,15.6648,4.8244,20.4891,15290,10,1.0
naive_prefilter,main_cat='Camera &amp; Photo' AND overall>=3.0,0.08,0.0789,10,13,15.5769,4.7678,20.3447,15290,10,1.0
naive_prefilter,main_cat='Camera &amp; Photo' AND overall>=3.0,0.08,0.0789,10,14,15.4905,4.845,20.3356,15290,10,1.0
naive_prefilter,main_cat='Camera &amp; Photo' AND overall>=3.0,0.08,0.0789,10,15,15.5013,4.743,20.2443,15290,10,1.0
naive_prefilter,main_cat='Camera &amp; Photo' AND overall>=3.0,0.08,0.0789,10,16,15.7266,5.0435,20.7701,15290,10,1.0
naive_prefilter,main_cat='Camera &amp; Photo' AND overall>=3.0,0.08,0.0789,10,17,15.5637,4.9675,20.5312,15290,10,1.0
naive_prefilter,main_cat='Camera &amp; Photo' AND overall>=3.0,0.08,0.0789,10,18,15.5119,5.0586,20.5705,15290,10,1.0
naive_prefilter,main_cat='Camera &amp; Photo' AND overall>=3.0,0.08,0.0789,10,19,15.5938,5.0053,20.5991,15290,10,1.0
naive_prefilter,main_cat='Camera &amp; Photo' AND overall>=3.0,0.08,0.0789,10,20,15.4028,5.0408,20.4436,15290,10,1.0
naive_prefilter,main_cat='Camera &amp; Photo' AND overall>=3.0,0.08,0.0789,10,21,15.5396,4.8318,20.3713,15290,10,1.0
naive_prefilter,main_cat='Camera &amp; Photo' AND overall>=3.0,0.08,0.0789,10,22,15.662,4.8144,20.4764,15290,10,1.0
naive_prefilter,main_cat='Camera &amp; Photo' AND overall>=3.0,0.08,0.0789,10,23,15.4865,4.7455,20.2319,15290,10,1.0
naive_prefilter,main_cat='Camera &amp; Photo' AND overall>=3.0,0.08,0.0789,10,24,15.3125,4.8398,20.1524,15290,10,1.0
naive_prefilter,main_cat='Camera &amp; Photo' AND overall>=3.0,0.08,0.0789,10,25,15.3946,4.7619,20.1565,15290,10,0.9
naive_prefilter,main_cat='Camera &amp; Photo' AND overall>=3.0,0.08,0.0789,10,26,15.5029,4.8073,20.3102,15290,10,1.0
naive_prefilter,main_cat='Camera &amp; Photo' AND overall>=3.0,0.08,0.0789,10,27,15.3337,4.7786,20.1123,15290,10,1.0
naive_prefilter,main_cat='Camera &amp; Photo' AND overall>=3.0,0.08,0.0789,10,28,15.4158,4.9626,20.3783,15290,10,1.0
naive_prefilter,main_cat='Camera &amp; Photo' AND overall>=3.0,0.08,0.0789,10,29,15.5621,4.9294,20.4915,15290,10,1.0
naive_prefilter,main_cat='Camera &amp; Photo' AND overall>=3.0,0.08,0.0789,10,30,15.4533,4.9098,20.3631,15290,10,1.0
naive_prefilter,main_cat='Camera &amp; Photo' AND overall>=3.0,0.08,0.0789,10,31,15.4475,4.77,20.2175,15290,10,1.0
naive_prefilter,main_cat='Camera &amp; Photo' AND overall>=3.0,0.08,0.0789,10,32,15.3387,4.8564,20.1951,15290,10,1.0
naive_prefilter,main_cat='Camera &amp; Photo' AND overall>=3.0,0.08,0.0789,10,33,15.4268,4.7715,20.1983,15290,10,1.0
naive_prefilter,main_cat='Camera &amp; Photo' AND overall>=3.0,0.08,0.0789,10,34,15.4259,4.9202,20.3462,15290,10,1.0
naive_prefilter,main_cat='Camera &amp; Photo' AND overall>=3.0,0.08,0.0789,10,35,15.4748,4.8035,20.2783,15290,10,1.0
naive_prefilter,main_cat='Camera &amp; Photo' AND overall>=3.0,0.08,0.0789,10,36,15.4879,4.9376,20.4255,15290,10,1.0
naive_prefilter,main_cat='Camera &amp; Photo' AND overall>=3.0,0.08,0.0789,10,37,16.1166,4.7709,20.8875,15290,10,1.0
naive_prefilter,main_cat='Camera &amp; Photo' AND overall>=3.0,0.08,0.0789,10,38,15.7137,4.8774,20.5911,15290,10,1.0
naive_prefilter,main_cat='Camera &amp; Photo' AND overall>=3.0,0.08,0.0789,10,39,15.9322,4.7776,20.7098,15290,10,1.0
naive_prefilter,main_cat='Camera &amp; Photo' AND overall>=3.0,0.08,0.0789,10,40,15.8745,4.8167,20.6912,15290,10,1.0
naive_prefilter,main_cat='Camera &amp; Photo' AND overall>=3.0,0.08,0.0789,10,41,15.6284,4.7631,20.3915,15290,10,1.0
naive_prefilter,main_cat='Camera &amp; Photo' AND overall>=3.0,0.08,0.0789,10,42,15.5685,4.918,20.4865,15290,10,1.0
naive_prefilter,main_cat='Camera &amp; Photo' AND overall>=3.0,0.08,0.0789,10,43,15.6958,4.7183,20.4141,15290,10,1.0
naive_prefilter,main_cat='Camera &amp; Photo' AND overall>=3.0,0.08,0.0789,10,44,15.4594,4.788,20.2474,15290,10,1.0
naive_prefilter,main_cat='Camera &amp; Photo' AND overall>=3.0,0.08,0.0789,10,45,15.8566,4.8539,20.7105,15290,10,1.0
naive_prefilter,main_cat='Camera &amp; Photo' AND overall>=3.0,0.08,0.0789,10,46,15.656,4.8016,20.4576,15290,10,1.0
naive_prefilter,main_cat='Camera &amp; Photo' AND overall>=3.0,0.08,0.0789,10,47,15.6109,4.8012,20.4121,15290,10,0.0
naive_prefilter,main_cat='Camera &amp; Photo' AND overall>=3.0,0.08,0.0789,10,48,15.6266,4.8562,20.4828,15290,10,1.0
naive_prefilter,main_cat='Camera &amp; Photo' AND overall>=3.0,0.08,0.0789,10,49,15.4987,4.706,20.2047,15290,10,1.0
post_filter,main_cat='Camera &amp; Photo' AND overall>=3.0,0.08,0.0789,10,0,0.1535,0.3805,0.534,0,0,0.0
post_filter,main_cat='Camera &amp; Photo' AND overall>=3.0,0.08,0.0789,10,1,0.0944,0.8268,0.9212,10,10,1.0
post_filter,main_cat='Camera &amp; Photo' AND overall>=3.0,0.08,0.0789,10,2,0.0472,0.656,0.7032,10,10,1.0
post_filter,main_cat='Camera &amp; Photo' AND overall>=3.0,0.08,0.0789,10,3,0.0409,0.6713,0.7122,10,10,1.0
post_filter,main_cat='Camera &amp; Photo' AND overall>=3.0,0.08,0.0789,10,4,0.2479,0.902,1.1499,10,10,0.9
post_filter,main_cat='Camera &amp; Photo' AND overall>=3.0,0.08,0.0789,10,5,0.4484,0.7472,1.1955,10,10,0.9
post_filter,main_cat='Camera &amp; Photo' AND overall>=3.0,0.08,0.0789,10,6,0.6137,1.0207,1.6345,3,3,0.3
post_filter,main_cat='Camera &amp; Photo' AND overall>=3.0,0.08,0.0789,10,7,0.3974,0.7849,1.1823,10,10,0.8
post_filter,main_cat='Camera &amp; Photo' AND overall>=3.0,0.08,0.0789,10,8,0.3608,0.9294,1.2902,10,10,0.6
post_filter,main_cat='Camera &amp; Photo' AND overall>=3.0,0.08,0.0789,10,9,0.172,0.9202,1.0922,10,10,1.0
post_filter,main_cat='Camera &amp; Photo' AND overall>=3.0,0.08,0.0789,10,10,0.0812,0.8182,0.8993,10,10,1.0
post_filter,main_cat='Camera &amp; Photo' AND overall>=3.0,0.08,0.0789,10,11,0.4202,0.821,1.2412,5,5,0.5
post_filter,main_cat='Camera &amp; Photo' AND overall>=3.0,0.08,0.0789,10,12,0.2348,0.6875,0.9223,10,10,0.7
post_filter,main_cat='Camera &amp; Photo' AND overall>=3.0,0.08,0.0789,10,13,0.0966,0.7149,0.8115,10,10,0.9
post_filter,main_cat='Camera &amp; Photo' AND overall>=3.0,0.08,0.0789,10,14,0.397,0.5195,0.9165,9,9,0.6
post_filter,main_cat='Camera &amp; Photo' AND overall>=3.0,0.08,0.0789,10,15,0.3135,0.481,0.7945,1,1,0.1
post_filter,main_cat='Camera &amp; Photo' AND overall>=3.0,0.08,0.0789,10,16,0.0486,0.8775,0.9261,10,10,1.0
post_filter,main_cat='Camera &amp; Photo' AND overall>=3.0,0.08,0.0789,10,17,0.034,0.6285,0.6625,10,10,1.0
post_filter,main_cat='Camera &amp; Photo' AND overall>=3.0,0.08,0.0789,10,18,0.2445,0.7352,0.9797,10,10,0.8
post_filter,main_cat='Camera &amp; Photo' AND overall>=3.0,0.08,0.0789,10,19,0.1126,0.8015,0.9141,10,10,0.9
post_filter,main_cat='Camera &amp; Photo' AND overall>=3.0,0.08,0.0789,10,20,0.0987,0.5672,0.6659,10,10,1.0
post_filter,main_cat='Camera &amp; Photo' AND overall>=3.0,0.08,0.0789,10,21,0.2145,0.5962,0.8107,10,10,0.4
post_filter,main_cat='Camera &amp; Photo' AND overall>=3.0,0.08,0.0789,10,22,0.0172,0.6621,0.6793,10,10,1.0
post_filter,main_cat='Camera &amp; Photo' AND overall>=3.0,0.08,0.0789,10,23,0.0743,0.6091,0.6834,10,10,1.0
post_filter,main_cat='Camera &amp; Photo' AND overall>=3.0,0.08,0.0789,10,24,0.1083,0.8354,0.9437,10,10,1.0
post_filter,main_cat='Camera &amp; Photo' AND overall>=3.0,0.08,0.0789,10,25,0.1375,0.2558,0.3933,10,10,0.1
post_filter,main_cat='Camera &amp; Photo' AND overall>=3.0,0.08,0.0789,10,26,0.0281,0.7591,0.7873,10,10,1.0
post_filter,main_cat='Camera &amp; Photo' AND overall>=3.0,0.08,0.0789,10,27,0.225,0.7312,0.9562,10,10,1.0
post_filter,main_cat='Camera &amp; Photo' AND overall>=3.0,0.08,0.0789,10,28,0.0431,0.78,0.823,10,10,1.0
post_filter,main_cat='Camera &amp; Photo' AND overall>=3.0,0.08,0.0789,10,29,0.1232,0.4963,0.6195,10,10,0.9
post_filter,main_cat='Camera &amp; Photo' AND overall>=3.0,0.08,0.0789,10,30,0.1336,0.382,0.5156,10,10,0.0
post_filter,main_cat='Camera &amp; Photo' AND overall>=3.0,0.08,0.0789,10,31,0.1535,0.757,0.9105,10,10,0.8
post_filter,main_cat='Camera &amp; Photo' AND overall>=3.0,0.08,0.0789,10,32,0.1008,0.5943,0.6951,10,10,1.0
post_filter,main_cat='Camera &amp; Photo' AND overall>=3.0,0.08,0.0789,10,33,0.2895,0.445,0.7345,10,10,0.4
post_filter,main_cat='Camera &amp; Photo' AND overall>=3.0,0.08,0.0789,10,34,0.3803,0.7377,1.118,9,9,0.9
post_filter,main_cat='Camera &amp; Photo' AND overall>=3.0,0.08,0.0789,10,35,0.2614,0.7746,1.036,10,10,0.9
post_filter,main_cat='Camera &amp; Photo' AND overall>=3.0,0.08,0.0789,10,36,0.0319,0.6494,0.6813,10,10,1.0
post_filter,main_cat='Camera &amp; Photo' AND overall>=3.0,0.08,0.0789,10,37,0.3997,0.5905,0.9902,7,7,0.6
post_filter,main_cat='Camera &amp; Photo' AND overall>=3.0,0.08,0.0789,10,38,0.0423,0.9305,0.9728,10,10,1.0
post_filter,main_cat='Camera &amp; Photo' AND overall>=3.0,0.08,0.0789,10,39,0.0798,0.4528,0.5327,10,10,1.0
post_filter,main_cat='Camera &amp; Photo' AND overall>=3.0,0.08,0.0789,10,40,0.0747,0.9584,1.0331,10,10,1.0
post_filter,main_cat='Camera &amp; Photo' AND overall>=3.0,0.08,0.0789,10,41,0.3939,0.5144,0.9083,10,10,0.9
post_filter,main_cat='Camera &amp; Photo' AND overall>=3.0,0.08,0.0789,10,42,0.08,0.7697,0.8498,10,10,1.0
post_filter,main_cat='Camera &amp; Photo' AND overall>=3.0,0.08,0.0789,10,43,0.028,0.3952,0.4232,10,10,1.0
post_filter,main_cat='Camera &amp; Photo' AND overall>=3.0,0.08,0.0789,10,44,0.1168,0.5692,0.686,10,10,0.9
post_filter,main_cat='Camera &amp; Photo' AND overall>=3.0,0.08,0.0789,10,45,0.1249,0.8229,0.9478,10,10,0.8
post_filter,main_cat='Camera &amp; Photo' AND overall>=3.0,0.08,0.0789,10,46,0.3999,0.6847,1.0846,8,8,0.5
post_filter,main_cat='Camera &amp; Photo' AND overall>=3.0,0.08,0.0789,10,47,0.0188,0.2363,0.2552,10,10,0.2
post_filter,main_cat='Camera &amp; Photo' AND overall>=3.0,0.08,0.0789,10,48,0.0269,0.813,0.8399,10,10,1.0
post_filter,main_cat='Camera &amp; Photo' AND overall>=3.0,0.08,0.0789,10,49,0.032,0.4033,0.4353,10,10,0.9
bitmap_prefilter,main_cat='Camera &amp; Photo' AND overall>=3.0,0.08,0.0789,10,0,0.0316,4.9792,5.0108,15290,10,1.0
bitmap_prefilter,main_cat='Camera &amp; Photo' AND overall>=3.0,0.08,0.0789,10,1,0.0379,4.3982,4.4361,15290,10,1.0
bitmap_prefilter,main_cat='Camera &amp; Photo' AND overall>=3.0,0.08,0.0789,10,2,0.0294,4.4727,4.5021,15290,10,1.0
bitmap_prefilter,main_cat='Camera &amp; Photo' AND overall>=3.0,0.08,0.0789,10,3,0.0278,4.6136,4.6414,15290,10,1.0
bitmap_prefilter,main_cat='Camera &amp; Photo' AND overall>=3.0,0.08,0.0789,10,4,0.0335,4.4773,4.5107,15290,10,1.0
bitmap_prefilter,main_cat='Camera &amp; Photo' AND overall>=3.0,0.08,0.0789,10,5,0.0255,4.3385,4.364,15290,10,1.0
bitmap_prefilter,main_cat='Camera &amp; Photo' AND overall>=3.0,0.08,0.0789,10,6,0.0244,4.4059,4.4303,15290,10,1.0
bitmap_prefilter,main_cat='Camera &amp; Photo' AND overall>=3.0,0.08,0.0789,10,7,0.024,4.7824,4.8065,15290,10,1.0
bitmap_prefilter,main_cat='Camera &amp; Photo' AND overall>=3.0,0.08,0.0789,10,8,0.0293,4.7375,4.7668,15290,10,1.0
bitmap_prefilter,main_cat='Camera &amp; Photo' AND overall>=3.0,0.08,0.0789,10,9,0.0246,4.5075,4.532,15290,10,1.0
bitmap_prefilter,main_cat='Camera &amp; Photo' AND overall>=3.0,0.08,0.0789,10,10,0.0243,4.5353,4.5595,15290,10,1.0
bitmap_prefilter,main_cat='Camera &amp; Photo' AND overall>=3.0,0.08,0.0789,10,11,0.0237,4.3535,4.3771,15290,10,1.0
bitmap_prefilter,main_cat='Camera &amp; Photo' AND overall>=3.0,0.08,0.0789,10,12,0.024,4.4821,4.5061,15290,10,1.0
bitmap_prefilter,main_cat='Camera &amp; Photo' AND overall>=3.0,0.08,0.0789,10,13,0.024,4.3904,4.4144,15290,10,1.0
bitmap_prefilter,main_cat='Camera &amp; Photo' AND overall>=3.0,0.08,0.0789,10,14,0.0236,4.4773,4.5009,15290,10,1.0
bitmap_prefilter,main_cat='Camera &amp; Photo' AND overall>=3.0,0.08,0.0789,10,15,0.0254,4.3445,4.3699,15290,10,1.0
bitmap_prefilter,main_cat='Camera &amp; Photo' AND overall>=3.0,0.08,0.0789,10,16,0.025,4.4333,4.4584,15290,10,1.0
bitmap_prefilter,main_cat='Camera &amp; Photo' AND overall>=3.0,0.08,0.0789,10,17,0.0252,4.378,4.4032,15290,10,1.0
bitmap_prefilter,main_cat='Camera &amp; Photo' AND overall>=3.0,0.08,0.0789,10,18,0.0231,4.5524,4.5755,15290,10,1.0
bitmap_prefilter,main_cat='Camera &amp; Photo' AND overall>=3.0,0.08,0.0789,10,19,0.0242,4.367,4.3912,15290,10,1.0
bitmap_prefilter,main_cat='Camera &amp; Photo' AND overall>=3.0,0.08,0.0789,10,20,0.0231,4.436,4.4591,15290,10,1.0
bitmap_prefilter,main_cat='Camera &amp; Photo' AND overall>=3.0,0.08,0.0789,10,21,0.0245,4.3879,4.4125,15290,10,1.0
bitmap_prefilter,main_cat='Camera &amp; Photo' AND overall>=3.0,0.08,0.0789,10,22,0.0245,4.4691,4.4936,15290,10,1.0
bitmap_prefilter,main_cat='Camera &amp; Photo' AND overall>=3.0,0.08,0.0789,10,23,0.0302,4.3547,4.3849,15290,10,1.0
bitmap_prefilter,main_cat='Camera &amp; Photo' AND overall>=3.0,0.08,0.0789,10,24,0.027,4.395,4.422,15290,10,1.0
bitmap_prefilter,main_cat='Camera &amp; Photo' AND overall>=3.0,0.08,0.0789,10,25,0.0279,4.4063,4.4342,15290,10,0.9
bitmap_prefilter,main_cat='Camera &amp; Photo' AND overall>=3.0,0.08,0.0789,10,26,0.0255,4.4429,4.4683,15290,10,1.0
bitmap_prefilter,main_cat='Camera &amp; Photo' AND overall>=3.0,0.08,0.0789,10,27,0.0255,4.3102,4.3356,15290,10,1.0
bitmap_prefilter,main_cat='Camera &amp; Photo' AND overall>=3.0,0.08,0.0789,10,28,0.0252,4.3905,4.4158,15290,10,1.0
bitmap_prefilter,main_cat='Camera &amp; Photo' AND overall>=3.0,0.08,0.0789,10,29,0.0247,4.3884,4.4131,15290,10,1.0
bitmap_prefilter,main_cat='Camera &amp; Photo' AND overall>=3.0,0.08,0.0789,10,30,0.0257,4.4868,4.5125,15290,10,1.0
bitmap_prefilter,main_cat='Camera &amp; Photo' AND overall>=3.0,0.08,0.0789,10,31,0.0256,4.3341,4.3597,15290,10,1.0
bitmap_prefilter,main_cat='Camera &amp; Photo' AND overall>=3.0,0.08,0.0789,10,32,0.0243,4.4211,4.4454,15290,10,1.0
bitmap_prefilter,main_cat='Camera &amp; Photo' AND overall>=3.0,0.08,0.0789,10,33,0.0247,4.4278,4.4525,15290,10,1.0
bitmap_prefilter,main_cat='Camera &amp; Photo' AND overall>=3.0,0.08,0.0789,10,34,0.025,4.4037,4.4288,15290,10,1.0
bitmap_prefilter,main_cat='Camera &amp; Photo' AND overall>=3.0,0.08,0.0789,10,35,0.0246,4.3825,4.407,15290,10,1.0
bitmap_prefilter,main_cat='Camera &amp; Photo' AND overall>=3.0,0.08,0.0789,10,36,0.0251,4.3835,4.4085,15290,10,1.0
bitmap_prefilter,main_cat='Camera &amp; Photo' AND overall>=3.0,0.08,0.0789,10,37,0.0238,4.362,4.3857,15290,10,1.0
bitmap_prefilter,main_cat='Camera &amp; Photo' AND overall>=3.0,0.08,0.0789,10,38,0.0314,4.4109,4.4423,15290,10,1.0
bitmap_prefilter,main_cat='Camera &amp; Photo' AND overall>=3.0,0.08,0.0789,10,39,0.0263,4.3566,4.383,15290,10,1.0
bitmap_prefilter,main_cat='Camera &amp; Photo' AND overall>=3.0,0.08,0.0789,10,40,0.0267,4.5393,4.5661,15290,10,1.0
bitmap_prefilter,main_cat='Camera &amp; Photo' AND overall>=3.0,0.08,0.0789,10,41,0.025,4.3895,4.4145,15290,10,1.0
bitmap_prefilter,main_cat='Camera &amp; Photo' AND overall>=3.0,0.08,0.0789,10,42,0.0255,4.3681,4.3936,15290,10,1.0
bitmap_prefilter,main_cat='Camera &amp; Photo' AND overall>=3.0,0.08,0.0789,10,43,0.0232,4.3618,4.385,15290,10,1.0
bitmap_prefilter,main_cat='Camera &amp; Photo' AND overall>=3.0,0.08,0.0789,10,44,0.0245,4.4417,4.4661,15290,10,1.0
bitmap_prefilter,main_cat='Camera &amp; Photo' AND overall>=3.0,0.08,0.0789,10,45,0.0262,4.3176,4.3438,15290,10,1.0
bitmap_prefilter,main_cat='Camera &amp; Photo' AND overall>=3.0,0.08,0.0789,10,46,0.0238,4.3768,4.4006,15290,10,1.0
bitmap_prefilter,main_cat='Camera &amp; Photo' AND overall>=3.0,0.08,0.0789,10,47,0.0276,4.3247,4.3523,15290,10,0.0
bitmap_prefilter,main_cat='Camera &amp; Photo' AND overall>=3.0,0.08,0.0789,10,48,0.027,4.535,4.562,15290,10,1.0
bitmap_prefilter,main_cat='Camera &amp; Photo' AND overall>=3.0,0.08,0.0789,10,49,0.0262,4.5706,4.5968,15290,10,1.0
brute_force,main_cat='Camera &amp; Photo' AND overall>=3.0,0.08,0.0789,50,0,1.4747,24.5036,25.9783,50,50,1.0
brute_force,main_cat='Camera &amp; Photo' AND overall>=3.0,0.08,0.0789,50,1,0.6325,25.4456,26.0782,50,50,1.0
brute_force,main_cat='Camera &amp; Photo' AND overall>=3.0,0.08,0.0789,50,2,0.4383,24.9068,25.345,50,50,1.0
brute_force,main_cat='Camera &amp; Photo' AND overall>=3.0,0.08,0.0789,50,3,0.2581,25.4045,25.6627,50,50,1.0
brute_force,main_cat='Camera &amp; Photo' AND overall>=3.0,0.08,0.0789,50,4,1.0072,24.9312,25.9383,50,50,1.0
brute_force,main_cat='Camera &amp; Photo' AND overall>=3.0,0.08,0.0789,50,5,1.3375,25.3302,26.6677,50,50,1.0
brute_force,main_cat='Camera &amp; Photo' AND overall>=3.0,0.08,0.0789,50,6,1.9496,24.7642,26.7139,50,50,1.0
brute_force,main_cat='Camera &amp; Photo' AND overall>=3.0,0.08,0.0789,50,7,1.0888,25.3665,26.4553,50,50,1.0
brute_force,main_cat='Camera &amp; Photo' AND overall>=3.0,0.08,0.0789,50,8,0.9887,24.672,25.6607,50,50,1.0
brute_force,main_cat='Camera &amp; Photo' AND overall>=3.0,0.08,0.0789,50,9,0.6158,25.2701,25.8859,50,50,1.0
brute_force,main_cat='Camera &amp; Photo' AND overall>=3.0,0.08,0.0789,50,10,0.4818,24.594,25.0758,50,50,1.0
brute_force,main_cat='Camera &amp; Photo' AND overall>=3.0,0.08,0.0789,50,11,1.3284,25.2739,26.6022,50,50,1.0
brute_force,main_cat='Camera &amp; Photo' AND overall>=3.0,0.08,0.0789,50,12,0.5819,24.69,25.2719,50,50,1.0
brute_force,main_cat='Camera &amp; Photo' AND overall>=3.0,0.08,0.0789,50,13,0.5147,25.3452,25.8599,50,50,1.0
brute_force,main_cat='Camera &amp; Photo' AND overall>=3.0,0.08,0.0789,50,14,1.159,24.978,26.137,50,50,1.0
brute_force,main_cat='Camera &amp; Photo' AND overall>=3.0,0.08,0.0789,50,15,0.9362,26.2458,27.182,50,50,1.0
brute_force,main_cat='Camera &amp; Photo' AND overall>=3.0,0.08,0.0789,50,16,0.2414,24.8754,25.1167,50,50,1.0
brute_force,main_cat='Camera &amp; Photo' AND overall>=3.0,0.08,0.0789,50,17,0.1853,25.2704,25.4557,50,50,1.0
brute_force,main_cat='Camera &amp; Photo' AND overall>=3.0,0.08,0.0789,50,18,0.7965,24.7567,25.5532,50,50,1.0
brute_force,main_cat='Camera &amp; Photo' AND overall>=3.0,0.08,0.0789,50,19,0.555,25.3115,25.8665,50,50,1.0
brute_force,main_cat='Camera &amp; Photo' AND overall>=3.0,0.08,0.0789,50,20,0.3571,24.9258,25.2829,50,50,1.0
brute_force,main_cat='Camera &amp; Photo' AND overall>=3.0,0.08,0.0789,50,21,0.6553,25.151,25.8064,50,50,1.0
brute_force,main_cat='Camera &amp; Photo' AND overall>=3.0,0.08,0.0789,50,22,0.1139,24.681,24.7949,50,50,1.0
brute_force,main_cat='Camera &amp; Photo' AND overall>=3.0,0.08,0.0789,50,23,0.325,25.3385,25.6635,50,50,1.0
brute_force,main_cat='Camera &amp; Photo' AND overall>=3.0,0.08,0.0789,50,24,0.4353,24.7602,25.1955,50,50,1.0
brute_force,main_cat='Camera &amp; Photo' AND overall>=3.0,0.08,0.0789,50,25,0.3658,25.2455,25.6112,50,50,1.0
brute_force,main_cat='Camera &amp; Photo' AND overall>=3.0,0.08,0.0789,50,26,0.2177,24.8305,25.0483,50,50,1.0
brute_force,main_cat='Camera &amp; Photo' AND overall>=3.0,0.08,0.0789,50,27,1.1883,25.2592,26.4475,50,50,1.0
brute_force,main_cat='Camera &amp; Photo' AND overall>=3.0,0.08,0.0789,50,28,0.3291,25.0674,25.3965,50,50,1.0
brute_force,main_cat='Camera &amp; Photo' AND overall>=3.0,0.08,0.0789,50,29,0.401,25.228,25.629,50,50,1.0
brute_force,main_cat='Camera &amp; Photo' AND overall>=3.0,0.08,0.0789,50,30,0.4303,24.6772,25.1075,50,50,1.0
brute_force,main_cat='Camera &amp; Photo' AND overall>=3.0,0.08,0.0789,50,31,0.6785,25.1155,25.794,50,50,1.0
brute_force,main_cat='Camera &amp; Photo' AND overall>=3.0,0.08,0.0789,50,32,0.5634,24.8392,25.4026,50,50,1.0
brute_force,main_cat='Camera &amp; Photo' AND overall>=3.0,0.08,0.0789,50,33,0.6518,25.6212,26.273,50,50,1.0
brute_force,main_cat='Camera &amp; Photo' AND overall>=3.0,0.08,0.0789,50,34,0.9857,24.6964,25.6821,50,50,1.0
brute_force,main_cat='Camera &amp; Photo' AND overall>=3.0,0.08,0.0789,50,35,0.9849,25.178,26.163,50,50,1.0
brute_force,main_cat='Camera &amp; Photo' AND overall>=3.0,0.08,0.0789,50,36,0.1553,24.598,24.7533,50,50,1.0
brute_force,main_cat='Camera &amp; Photo' AND overall>=3.0,0.08,0.0789,50,37,1.2447,25.411,26.6557,50,50,1.0
brute_force,main_cat='Camera &amp; Photo' AND overall>=3.0,0.08,0.0789,50,38,0.4248,24.6501,25.075,50,50,1.0
brute_force,main_cat='Camera &amp; Photo' AND overall>=3.0,0.08,0.0789,50,39,0.3297,25.24,25.5697,50,50,1.0
brute_force,main_cat='Camera &amp; Photo' AND overall>=3.0,0.08,0.0789,50,40,0.2879,24.575,24.8629,50,50,1.0
brute_force,main_cat='Camera &amp; Photo' AND overall>=3.0,0.08,0.0789,50,41,1.6864,25.4914,27.1778,50,50,1.0
brute_force,main_cat='Camera &amp; Photo' AND overall>=3.0,0.08,0.0789,50,42,0.5752,24.625,25.2002,50,50,1.0
brute_force,main_cat='Camera &amp; Photo' AND overall>=3.0,0.08,0.0789,50,43,0.2448,25.3461,25.5909,50,50,1.0
brute_force,main_cat='Camera &amp; Photo' AND overall>=3.0,0.08,0.0789,50,44,0.9668,24.8205,25.7873,50,50,1.0
brute_force,main_cat='Camera &amp; Photo' AND overall>=3.0,0.08,0.0789,50,45,0.4574,25.3226,25.78,50,50,1.0
brute_force,main_cat='Camera &amp; Photo' AND overall>=3.0,0.08,0.0789,50,46,1.0386,24.8606,25.8992,50,50,1.0
brute_force,main_cat='Camera &amp; Photo' AND overall>=3.0,0.08,0.0789,50,47,0.2178,25.4305,25.6483,50,50,1.0
brute_force,main_cat='Camera &amp; Photo' AND overall>=3.0,0.08,0.0789,50,48,0.1759,24.7752,24.951,50,50,1.0
brute_force,main_cat='Camera &amp; Photo' AND overall>=3.0,0.08,0.0789,50,49,0.2103,25.4476,25.6578,50,50,1.0
naive_prefilter,main_cat='Camera &amp; Photo' AND overall>=3.0,0.08,0.0789,50,0,15.7352,4.8665,20.6017,15290,50,1.0
naive_prefilter,main_cat='Camera &amp; Photo' AND overall>=3.0,0.08,0.0789,50,1,15.9619,4.7696,20.7315,15290,50,1.0
naive_prefilter,main_cat='Camera &amp; Photo' AND overall>=3.0,0.08,0.0789,50,2,16.1097,4.8657,20.9753,15290,50,1.0
naive_prefilter,main_cat='Camera &amp; Photo' AND overall>=3.0,0.08,0.0789,50,3,16.1212,4.804,20.9252,15290,50,1.0
naive_prefilter,main_cat='Camera &amp; Photo' AND overall>=3.0,0.08,0.0789,50,4,16.323,4.9418,21.2647,15290,50,1.0
naive_prefilter,main_cat='Camera &amp; Photo' AND overall>=3.0,0.08,0.0789,50,5,16.1055,4.8912,20.9966,15290,50,1.0
naive_prefilter,main_cat='Camera &amp; Photo' AND overall>=3.0,0.08,0.0789,50,6,16.1589,4.88,21.0389,15290,50,1.0
naive_prefilter,main_cat='Camera &amp; Photo' AND overall>=3.0,0.08,0.0789,50,7,16.0962,4.8258,20.922,15290,50,1.0
naive_prefilter,main_cat='Camera &amp; Photo' AND overall>=3.0,0.08,0.0789,50,8,15.8248,4.91,20.7348,15290,50,1.0
naive_prefilter,main_cat='Camera &amp; Photo' AND overall>=3.0,0.08,0.0789,50,9,15.7775,4.8127,20.5902,15290,50,1.0
naive_prefilter,main_cat='Camera &amp; Photo' AND overall>=3.0,0.08,0.0789,50,10,15.9391,4.9621,20.9012,15290,50,1.0
naive_prefilter,main_cat='Camera &amp; Photo' AND overall>=3.0,0.08,0.0789,50,11,15.679,4.8016,20.4806,15290,50,1.0
naive_prefilter,main_cat='Camera &amp; Photo' AND overall>=3.0,0.08,0.0789,50,12,15.776,4.8819,20.6578,15290,50,1.0
naive_prefilter,main_cat='Camera &amp; Photo' AND overall>=3.0,0.08,0.0789,50,13,15.8393,4.7764,20.6157,15290,50,1.0
naive_prefilter,main_cat='Camera &amp; Photo' AND overall>=3.0,0.08,0.0789,50,14,15.9123,4.9107,20.823,15290,50,1.0
naive_prefilter,main_cat='Camera &amp; Photo' AND overall>=3.0,0.08,0.0789,50,15,15.538,5.0017,20.5397,15290,50,1.0
naive_prefilter,main_cat='Camera &amp; Photo' AND overall>=3.0,0.08,0.0789,50,16,15.7313,4.8434,20.5747,15290,50,1.0
naive_prefilter,main_cat='Camera &amp; Photo' AND overall>=3.0,0.08,0.0789,50,17,15.7111,4.9512,20.6623,15290,50,1.0
naive_prefilter,main_cat='Camera &amp; Photo' AND overall>=3.0,0.08,0.0789,50,18,15.675,4.9759,20.6509,15290,50,1.0
naive_prefilter,main_cat='Camera &amp; Photo' AND overall>=3.0,0.08,0.0789,50,19,15.8381,4.729,20.5671,15290,50,1.0
naive_prefilter,main_cat='Camera &amp; Photo' AND overall>=3.0,0.08,0.0789,50,20,15.5853,4.9296,20.5149,15290,50,1.0
naive_prefilter,main_cat='Camera &amp; Photo' AND overall>=3.0,0.08,0.0789,50,21,15.6121,4.7458,20.358,15290,50,1.0
naive_prefilter,main_cat='Camera &amp; Photo' AND overall>=3.0,0.08,0.0789,50,22,15.5785,4.9189,20.4974,15290,50,1.0
naive_prefilter,main_cat='Camera &amp; Photo' AND overall>=3.0,0.08,0.0789,50,23,15.5018,4.8505,20.3522,15290,50,1.0
naive_prefilter,main_cat='Camera &amp; Photo' AND overall>=3.0,0.08,0.0789,50,24,15.6392,4.8549,20.4941,15290,50,1.0
naive_prefilter,main_cat='Camera &amp; Photo' AND overall>=3.0,0.08,0.0789,50,25,15.4971,4.7884,20.2855,15290,50,1.0
naive_prefilter,main_cat='Camera &amp; Photo' AND overall>=3.0,0.08,0.0789,50,26,15.4482,4.8235,20.2717,15290,50,1.0
naive_prefilter,main_cat='Camera &amp; Photo' AND overall>=3.0,0.08,0.0789,50,27,15.4885,5.0849,20.5734,15290,50,1.0
naive_prefilter,main_cat='Camera &amp; Photo' AND overall>=3.0,0.08,0.0789,50,28,15.7563,4.8809,20.6372,15290,50,1.0
naive_prefilter,main_cat='Camera &amp; Photo' AND overall>=3.0,0.08,0.0789,50,29,15.464,4.7479,20.2119,15290,50,1.0
naive_prefilter,main_cat='Camera &amp; Photo' AND overall>=3.0,0.08,0.0789,50,30,15.6768,4.8969,20.5737,15290,50,1.0
naive_prefilter,main_cat='Camera &amp; Photo' AND overall>=3.0,0.08,0.0789,50,31,15.6095,4.8994,20.5089,15290,50,1.0
naive_prefilter,main_cat='Camera &amp; Photo' AND overall>=3.0,0.08,0.0789,50,32,15.3867,4.9114,20.2981,15290,50,1.0
naive_prefilter,main_cat='Camera &amp; Photo' AND overall>=3.0,0.08,0.0789,50,33,15.6194,4.7268,20.3462,15290,50,1.0
naive_prefilter,main_cat='Camera &amp; Photo' AND overall>=3.0,0.08,0.0789,50,34,15.4538,4.8778,20.3316,15290,50,1.0
naive_prefilter,main_cat='Camera &amp; Photo' AND overall>=3.0,0.08,0.0789,50,35,15.616,4.7977,20.4136,15290,50,1.0
naive_prefilter,main_cat='Camera &amp; Photo' AND overall>=3.0,0.08,0.0789,50,36,16.075,4.9834,21.0584,15290,50,1.0
naive_prefilter,main_cat='Camera &amp; Photo' AND overall>=3.0,0.08,0.0789,50,37,15.724,4.8395,20.5634,15290,50,1.0
naive_prefilter,main_cat='Camera &amp; Photo' AND overall>=3.0,0.08,0.0789,50,38,15.7495,4.896,20.6455,15290,50,1.0
naive_prefilter,main_cat='Camera &amp; Photo' AND overall>=3.0,0.08,0.0789,50,39,15.7222,4.7698,20.492,15290,50,1.0
naive_prefilter,main_cat='Camera &amp; Photo' AND overall>=3.0,0.08,0.0789,50,40,15.7263,4.8717,20.598,15290,50,1.0
naive_prefilter,main_cat='Camera &amp; Photo' AND overall>=3.0,0.08,0.0789,50,41,15.6068,4.7829,20.3897,15290,50,1.0
naive_prefilter,main_cat='Camera &amp; Photo' AND overall>=3.0,0.08,0.0789,50,42,15.3748,4.8413,20.2162,15290,50,1.0
naive_prefilter,main_cat='Camera &amp; Photo' AND overall>=3.0,0.08,0.0789,50,43,15.5722,4.7528,20.325,15290,50,0.98
naive_prefilter,main_cat='Camera &amp; Photo' AND overall>=3.0,0.08,0.0789,50,44,15.3812,4.9266,20.3078,15290,50,1.0
naive_prefilter,main_cat='Camera &amp; Photo' AND overall>=3.0,0.08,0.0789,50,45,15.64,4.764,20.404,15290,50,1.0
naive_prefilter,main_cat='Camera &amp; Photo' AND overall>=3.0,0.08,0.0789,50,46,15.4837,4.8379,20.3216,15290,50,1.0
naive_prefilter,main_cat='Camera &amp; Photo' AND overall>=3.0,0.08,0.0789,50,47,15.4962,4.7617,20.2579,15290,50,0.98
naive_prefilter,main_cat='Camera &amp; Photo' AND overall>=3.0,0.08,0.0789,50,48,15.5962,4.8887,20.4849,15290,50,1.0
naive_prefilter,main_cat='Camera &amp; Photo' AND overall>=3.0,0.08,0.0789,50,49,15.5107,4.9073,20.4181,15290,50,1.0
post_filter,main_cat='Camera &amp; Photo' AND overall>=3.0,0.08,0.0789,50,0,0.4638,0.6751,1.1389,50,50,0.42
post_filter,main_cat='Camera &amp; Photo' AND overall>=3.0,0.08,0.0789,50,1,0.6615,1.3323,1.9939,50,50,0.72
post_filter,main_cat='Camera &amp; Photo' AND overall>=3.0,0.08,0.0789,50,2,0.3919,0.9788,1.3708,50,50,0.74
post_filter,main_cat='Camera &amp; Photo' AND overall>=3.0,0.08,0.0789,50,3,0.2131,0.9532,1.1663,50,50,0.86
post_filter,main_cat='Camera &amp; Photo' AND overall>=3.0,0.08,0.0789,50,4,0.9351,1.0884,2.0235,50,50,0.62
post_filter,main_cat='Camera &amp; Photo' AND overall>=3.0,0.08,0.0789,50,5,1.1688,0.9216,2.0903,32,32,0.4
post_filter,main_cat='Camera &amp; Photo' AND overall>=3.0,0.08,0.0789,50,6,1.3883,1.0742,2.4625,29,29,0.32
post_filter,main_cat='Camera &amp; Photo' AND overall>=3.0,0.08,0.0789,50,7,1.0434,0.7597,1.8032,48,48,0.44
post_filter,main_cat='Camera &amp; Photo' AND overall>=3.0,0.08,0.0789,50,8,0.8532,1.1424,1.9957,50,50,0.68
post_filter,main_cat='Camera &amp; Photo' AND overall>=3.0,0.08,0.0789,50,9,0.4976,1.1361,1.6338,50,50,0.64
post_filter,main_cat='Camera &amp; Photo' AND overall>=3.0,0.08,0.0789,50,10,0.3433,1.0316,1.3749,50,50,0.9
post_filter,main_cat='Camera &amp; Photo' AND overall>=3.0,0.08,0.0789,50,11,1.3932,1.03,2.4232,27,27,0.24
post_filter,main_cat='Camera &amp; Photo' AND overall>=3.0,0.08,0.0789,50,12,0.5699,0.8335,1.4034,50,50,0.48
post_filter,main_cat='Camera &amp; Photo' AND overall>=3.0,0.08,0.0789,50,13,0.4985,0.8609,1.3594,50,50,0.56
post_filter,main_cat='Camera &amp; Photo' AND overall>=3.0,0.08,0.0789,50,14,0.9219,0.673,1.5949,35,35,0.28
post_filter,main_cat='Camera &amp; Photo' AND overall>=3.0,0.08,0.0789,50,15,0.6656,0.5784,1.244,11,11,0.14
post_filter,main_cat='Camera &amp; Photo' AND overall>=3.0,0.08,0.0789,50,16,0.2146,1.0467,1.2612,50,50,0.78
post_filter,main_cat='Camera &amp; Photo' AND overall>=3.0,0.08,0.0789,50,17,0.1533,0.7796,0.9329,50,50,0.86
post_filter,main_cat='Camera &amp; Photo' AND overall>=3.0,0.08,0.0789,50,18,0.6452,0.9209,1.5661,50,50,0.66
post_filter,main_cat='Camera &amp; Photo' AND overall>=3.0,0.08,0.0789,50,19,0.4957,0.9967,1.4923,50,50,0.7
post_filter,main_cat='Camera &amp; Photo' AND overall>=3.0,0.08,0.0789,50,20,0.3469,0.7024,1.0493,50,50,0.76
post_filter,main_cat='Camera &amp; Photo' AND overall>=3.0,0.08,0.0789,50,21,0.6882,0.7704,1.4586,50,50,0.3
post_filter,main_cat='Camera &amp; Photo' AND overall>=3.0,0.08,0.0789,50,22,0.089,0.7891,0.8781,50,50,0.98
post_filter,main_cat='Camera &amp; Photo' AND overall>=3.0,0.08,0.0789,50,23,0.2534,0.7394,0.9928,50,50,0.88
post_filter,main_cat='Camera &amp; Photo' AND overall>=3.0,0.08,0.0789,50,24,0.3437,1.1078,1.4515,50,50,0.88
post_filter,main_cat='Camera &amp; Photo' AND overall>=3.0,0.08,0.0789,50,25,0.5686,0.3339,0.9025,46,46,0.1
post_filter,main_cat='Camera &amp; Photo' AND overall>=3.0,0.08,0.0789,50,26,0.1396,0.9957,1.1352,50,50,0.98
post_filter,main_cat='Camera &amp; Photo' AND overall>=3.0,0.08,0.0789,50,27,1.0521,0.9388,1.9908,50,50,0.6
post_filter,main_cat='Camera &amp; Photo' AND overall>=3.0,0.08,0.0789,50,28,0.3015,1.014,1.3155,50,50,0.9
post_filter,main_cat='Camera &amp; Photo' AND overall>=3.0,0.08,0.0789,50,29,0.3732,0.6071,0.9804,50,50,0.48
post_filter,main_cat='Camera &amp; Photo' AND overall>=3.0,0.08,0.0789,50,30,0.5087,0.4515,0.9601,31,31,0.62
post_filter,main_cat='Camera &amp; Photo' AND overall>=3.0,0.08,0.0789,50,31,0.6903,0.9639,1.6542,50,50,0.56
post_filter,main_cat='Camera &amp; Photo' AND overall>=3.0,0.08,0.0789,50,32,0.4936,0.7602,1.2538,50,50,0.8
post_filter,main_cat='Camera &amp; Photo' AND overall>=3.0,0.08,0.0789,50,33,0.7323,0.565,1.2972,33,33,0.22
post_filter,main_cat='Camera &amp; Photo' AND overall>=3.0,0.08,0.0789,50,34,0.9105,0.9583,1.8688,50,50,0.4
post_filter,main_cat='Camera &amp; Photo' AND overall>=3.0,0.08,0.0789,50,35,1.0499,1.0748,2.1247,50,50,0.58
post_filter,main_cat='Camera &amp; Photo' AND overall>=3.0,0.08,0.0789,50,36,0.1379,0.8366,0.9745,50,50,0.96
post_filter,main_cat='Camera &amp; Photo' AND overall>=3.0,0.08,0.0789,50,37,1.0173,0.7495,1.7668,27,27,0.28
post_filter,main_cat='Camera &amp; Photo' AND overall>=3.0,0.08,0.0789,50,38,0.3666,1.2484,1.615,50,50,0.74
post_filter,main_cat='Camera &amp; Photo' AND overall>=3.0,0.08,0.0789,50,39,0.2971,0.5745,0.8716,50,50,0.92
post_filter,main_cat='Camera &amp; Photo' AND overall>=3.0,0.08,0.0789,50,40,0.2975,1.2173,1.5147,50,50,0.82
post_filter,main_cat='Camera &amp; Photo' AND overall>=3.0,0.08,0.0789,50,41,0.9331,0.6359,1.569,23,23,0.34
post_filter,main_cat='Camera &amp; Photo' AND overall>=3.0,0.08,0.0789,50,42,0.4945,0.9756,1.47,50,50,0.78
post_filter,main_cat='Camera &amp; Photo' AND overall>=3.0,0.08,0.0789,50,43,0.2142,0.4956,0.7099,50,50,0.82
post_filter,main_cat='Camera &amp; Photo' AND overall>=3.0,0.08,0.0789,50,44,0.7515,0.7227,1.4742,50,50,0.7
post_filter,main_cat='Camera &amp; Photo' AND overall>=3.0,0.08,0.0789,50,45,0.4105,1.0495,1.46,50,50,0.66
post_filter,main_cat='Camera &amp; Photo' AND overall>=3.0,0.08,0.0789,50,46,1.145,0.8645,2.0095,25,25,0.24
post_filter,main_cat='Camera &amp; Photo' AND overall>=3.0,0.08,0.0789,50,47,0.4867,0.3098,0.7965,47,47,0.82
post_filter,main_cat='Camera &amp; Photo' AND overall>=3.0,0.08,0.0789,50,48,0.1356,1.0402,1.1758,50,50,0.96
post_filter,main_cat='Camera &amp; Photo' AND overall>=3.0,0.08,0.0789,50,49,0.1584,0.4923,0.6507,50,50,0.78
bitmap_prefilter,main_cat='Camera &amp; Photo' AND overall>=3.0,0.08,0.0789,50,0,0.0244,4.5131,4.5375,15290,50,1.0
bitmap_prefilter,main_cat='Camera &amp; Photo' AND overall>=3.0,0.08,0.0789,50,1,0.0254,4.4243,4.4497,15290,50,1.0
bitmap_prefilter,main_cat='Camera &amp; Photo' AND overall>=3.0,0.08,0.0789,50,2,0.0235,4.5768,4.6004,15290,50,1.0
bitmap_prefilter,main_cat='Camera &amp; Photo' AND overall>=3.0,0.08,0.0789,50,3,0.0267,4.3896,4.4163,15290,50,1.0
bitmap_prefilter,main_cat='Camera &amp; Photo' AND overall>=3.0,0.08,0.0789,50,4,0.0236,4.4884,4.512,15290,50,1.0
bitmap_prefilter,main_cat='Camera &amp; Photo' AND overall>=3.0,0.08,0.0789,50,5,0.0248,4.37,4.3948,15290,50,1.0
bitmap_prefilter,main_cat='Camera &amp; Photo' AND overall>=3.0,0.08,0.0789,50,6,0.0241,4.5989,4.623,15290,50,1.0
bitmap_prefilter,main_cat='Camera &amp; Photo' AND overall>=3.0,0.08,0.0789,50,7,0.0435,4.4229,4.4663,15290,50,1.0
bitmap_prefilter,main_cat='Camera &amp; Photo' AND overall>=3.0,0.08,0.0789,50,8,0.0293,4.4123,4.4416,15290,50,1.0
bitmap_prefilter,main_cat='Camera &amp; Photo' AND overall>=3.0,0.08,0.0789,50,9,0.0274,4.3831,4.4105,15290,50,1.0
bitmap_prefilter,main_cat='Camera &amp; Photo' AND overall>=3.0,0.08,0.0789,50,10,0.0254,4.5273,4.5527,15290,50,1.0
bitmap_prefilter,main_cat='Camera &amp; Photo' AND overall>=3.0,0.08,0.0789,50,11,0.0424,4.4257,4.4681,15290,50,1.0
bitmap_prefilter,main_cat='Camera &amp; Photo' AND overall>=3.0,0.08,0.0789,50,12,0.0306,4.4611,4.4917,15290,50,1.0
bitmap_prefilter,main_cat='Camera &amp; Photo' AND overall>=3.0,0.08,0.0789,50,13,0.0283,4.4565,4.4848,15290,50,1.0
bitmap_prefilter,main_cat='Camera &amp; Photo' AND overall>=3.0,0.08,0.0789,50,14,0.0242,4.4539,4.478,15290,50,1.0
bitmap_prefilter,main_cat='Camera &amp; Photo' AND overall>=3.0,0.08,0.0789,50,15,0.025,4.3631,4.3881,15290,50,1.0
bitmap_prefilter,main_cat='Camera &amp; Photo' AND overall>=3.0,0.08,0.0789,50,16,0.0234,4.4447,4.4681,15290,50,1.0
bitmap_prefilter,main_cat='Camera &amp; Photo' AND overall>=3.0,0.08,0.0789,50,17,0.0238,4.3728,4.3966,15290,50,1.0
bitmap_prefilter,main_cat='Camera &amp; Photo' AND overall>=3.0,0.08,0.0789,50,18,0.0238,4.5238,4.5477,15290,50,1.0
bitmap_prefilter,main_cat='Camera &amp; Photo' AND overall>=3.0,0.08,0.0789,50,19,0.0238,4.3772,4.401,15290,50,1.0
bitmap_prefilter,main_cat='Camera &amp; Photo' AND overall>=3.0,0.08,0.0789,50,20,0.0229,4.5308,4.5537,15290,50,1.0
bitmap_prefilter,main_cat='Camera &amp; Photo' AND overall>=3.0,0.08,0.0789,50,21,0.0259,4.4898,4.5157,15290,50,1.0
bitmap_prefilter,main_cat='Camera &amp; Photo' AND overall>=3.0,0.08,0.0789,50,22,0.0285,4.4262,4.4547,15290,50,1.0
bitmap_prefilter,main_cat='Camera &amp; Photo' AND overall>=3.0,0.08,0.0789,50,23,0.0265,4.3681,4.3946,15290,50,1.0
bitmap_prefilter,main_cat='Camera &amp; Photo' AND overall>=3.0,0.08,0.0789,50,24,0.0263,4.4845,4.5109,15290,50,1.0
bitmap_prefilter,main_cat='Camera &amp; Photo' AND overall>=3.0,0.08,0.0789,50,25,0.0256,4.3425,4.3681,15290,50,1.0
bitmap_prefilter,main_cat='Camera &amp; Photo' AND overall>=3.0,0.08,0.0789,50,26,0.0225,4.4107,4.4331,15290,50,1.0
bitmap_prefilter,main_cat='Camera &amp; Photo' AND overall>=3.0,0.08,0.0789,50,27,0.0245,4.3251,4.3496,15290,50,1.0
bitmap_prefilter,main_cat='Camera &amp; Photo' AND overall>=3.0,0.08,0.0789,50,28,0.0237,4.6673,4.691,15290,50,1.0
bitmap_prefilter,main_cat='Camera &amp; Photo' AND overall>=3.0,0.08,0.0789,50,29,0.0275,4.3495,4.377,15290,50,1.0
bitmap_prefilter,main_cat='Camera &amp; Photo' AND overall>=3.0,0.08,0.0789,50,30,0.0252,4.4033,4.4285,15290,50,1.0
bitmap_prefilter,main_cat='Camera &amp; Photo' AND overall>=3.0,0.08,0.0789,50,31,0.0251,4.3595,4.3846,15290,50,1.0
bitmap_prefilter,main_cat='Camera &amp; Photo' AND overall>=3.0,0.08,0.0789,50,32,0.0253,4.4301,4.4554,15290,50,1.0
bitmap_prefilter,main_cat='Camera &amp; Photo' AND overall>=3.0,0.08,0.0789,50,33,0.0281,4.383,4.4111,15290,50,1.0
bitmap_prefilter,main_cat='Camera &amp; Photo' AND overall>=3.0,0.08,0.0789,50,34,0.0243,4.4445,4.4688,15290,50,1.0
bitmap_prefilter,main_cat='Camera &amp; Photo' AND overall>=3.0,0.08,0.0789,50,35,0.0253,4.384,4.4093,15290,50,1.0
bitmap_prefilter,main_cat='Camera &amp; Photo' AND overall>=3.0,0.08,0.0789,50,36,0.0253,4.4337,4.459,15290,50,1.0
bitmap_prefilter,main_cat='Camera &amp; Photo' AND overall>=3.0,0.08,0.0789,50,37,0.0253,4.4722,4.4975,15290,50,1.0
bitmap_prefilter,main_cat='Camera &amp; Photo' AND overall>=3.0,0.08,0.0789,50,38,0.024,4.4713,4.4952,15290,50,1.0
bitmap_prefilter,main_cat='Camera &amp; Photo' AND overall>=3.0,0.08,0.0789,50,39,0.0235,4.3385,4.362,15290,50,1.0
bitmap_prefilter,main_cat='Camera &amp; Photo' AND overall>=3.0,0.08,0.0789,50,40,0.0231,4.4179,4.441,15290,50,1.0
bitmap_prefilter,main_cat='Camera &amp; Photo' AND overall>=3.0,0.08,0.0789,50,41,0.0244,4.3619,4.3862,15290,50,1.0
bitmap_prefilter,main_cat='Camera &amp; Photo' AND overall>=3.0,0.08,0.0789,50,42,0.0227,4.4815,4.5042,15290,50,1.0
bitmap_prefilter,main_cat='Camera &amp; Photo' AND overall>=3.0,0.08,0.0789,50,43,0.0243,4.4493,4.4737,15290,50,0.98
bitmap_prefilter,main_cat='Camera &amp; Photo' AND overall>=3.0,0.08,0.0789,50,44,0.0226,4.4551,4.4777,15290,50,1.0
bitmap_prefilter,main_cat='Camera &amp; Photo' AND overall>=3.0,0.08,0.0789,50,45,0.0239,4.3739,4.3978,15290,50,1.0
bitmap_prefilter,main_cat='Camera &amp; Photo' AND overall>=3.0,0.08,0.0789,50,46,0.0265,4.5086,4.5351,15290,50,1.0
bitmap_prefilter,main_cat='Camera &amp; Photo' AND overall>=3.0,0.08,0.0789,50,47,0.0248,4.4076,4.4323,15290,50,0.98
bitmap_prefilter,main_cat='Camera &amp; Photo' AND overall>=3.0,0.08,0.0789,50,48,0.0256,4.4496,4.4752,15290,50,1.0
bitmap_prefilter,main_cat='Camera &amp; Photo' AND overall>=3.0,0.08,0.0789,50,49,0.0248,4.3455,4.3703,15290,50,1.0
brute_force,main_cat='Camera & Photo' AND overall>=4.0,0.1,0.1001,10,0,0.5161,24.555,25.0711,10,10,1.0
brute_force,main_cat='Camera & Photo' AND overall>=4.0,0.1,0.1001,10,1,0.1189,25.5592,25.678,10,10,1.0
brute_force,main_cat='Camera & Photo' AND overall>=4.0,0.1,0.1001,10,2,0.0581,25.3809,25.439,10,10,1.0
brute_force,main_cat='Camera & Photo' AND overall>=4.0,0.1,0.1001,10,3,0.0604,25.4975,25.558,10,10,1.0
brute_force,main_cat='Camera & Photo' AND overall>=4.0,0.1,0.1001,10,4,0.1669,24.9812,25.1481,10,10,1.0
brute_force,main_cat='Camera & Photo' AND overall>=4.0,0.1,0.1001,10,5,0.2692,25.201,25.4702,10,10,1.0
brute_force,main_cat='Camera & Photo' AND overall>=4.0,0.1,0.1001,10,6,0.6869,24.6726,25.3595,10,10,1.0
brute_force,main_cat='Camera & Photo' AND overall>=4.0,0.1,0.1001,10,7,0.3517,25.2646,25.6163,10,10,1.0
brute_force,main_cat='Camera & Photo' AND overall>=4.0,0.1,0.1001,10,8,0.2694,24.6081,24.8775,10,10,1.0
brute_force,main_cat='Camera & Photo' AND overall>=4.0,0.1,0.1001,10,9,0.1171,25.3958,25.5129,10,10,1.0
brute_force,main_cat='Camera & Photo' AND overall>=4.0,0.1,0.1001,10,10,0.0822,24.5972,24.6795,10,10,1.0
brute_force,main_cat='Camera & Photo' AND overall>=4.0,0.1,0.1001,10,11,0.2037,25.252,25.4557,10,10,1.0
brute_force,main_cat='Camera & Photo' AND overall>=4.0,0.1,0.1001,10,12,0.3097,24.8687,25.1784,10,10,1.0
brute_force,main_cat='Camera & Photo' AND overall>=4.0,0.1,0.1001,10,13,0.1261,25.5189,25.645,10,10,1.0
brute_force,main_cat='Camera & Photo' AND overall>=4.0,0.1,0.1001,10,14,0.4245,24.8007,25.2252,10,10,1.0
brute_force,main_cat='Camera & Photo' AND overall>=4.0,0.1,0.1001,10,15,0.4172,25.3072,25.7244,10,10,1.0
brute_force,main_cat='Camera & Photo' AND overall>=4.0,0.1,0.1001,10,16,0.0512,24.7049,24.7561,10,10,1.0
brute_force,main_cat='Camera & Photo' AND overall>=4.0,0.1,0.1001,10,17,0.054,25.5223,25.5764,10,10,1.0
brute_force,main_cat='Camera & Photo' AND overall>=4.0,0.1,0.1001,10,18,0.1564,24.5632,24.7196,10,10,1.0
brute_force,main_cat='Camera & Photo' AND overall>=4.0,0.1,0.1001,10,19,0.1327,25.2912,25.4239,10,10,1.0
brute_force,main_cat='Camera & Photo' AND overall>=4.0,0.1,0.1001,10,20,0.1223,24.6933,24.8156,10,10,1.0
brute_force,main_cat='Camera & Photo' AND overall>=4.0,0.1,0.1001,10,21,0.2527,25.3357,25.5884,10,10,1.0
brute_force,main_cat='Camera & Photo' AND overall>=4.0,0.1,0.1001,10,22,0.027,24.5494,24.5765,10,10,1.0
brute_force,main_cat='Camera & Photo' AND overall>=4.0,0.1,0.1001,10,23,0.1383,25.4678,25.6061,10,10,1.0
brute_force,main_cat='Camera & Photo' AND overall>=4.0,0.1,0.1001,10,24,0.0365,24.6816,24.718,10,10,1.0
brute_force,main_cat='Camera & Photo' AND overall>=4.0,0.1,0.1001,10,25,0.1789,25.3849,25.5638,10,10,1.0
brute_force,main_cat='Camera & Photo' AND overall>=4.0,0.1,0.1001,10,26,0.031,24.597,24.6281,10,10,1.0
brute_force,main_cat='Camera & Photo' AND overall>=4.0,0.1,0.1001,10,27,0.2047,25.332,25.5367,10,10,1.0
brute_force,main_cat='Camera & Photo' AND overall>=4.0,0.1,0.1001,10,28,0.1135,24.785,24.8985,10,10,1.0
brute_force,main_cat='Camera & Photo' AND overall>=4.0,0.1,0.1001,10,29,0.0903,25.6882,25.7786,10,10,1.0
brute_force,main_cat='Camera & Photo' AND overall>=4.0,0.1,0.1001,10,30,0.0662,24.6663,24.7325,10,10,1.0
brute_force,main_cat='Camera & Photo' AND overall>=4.0,0.1,0.1001,10,31,0.1615,25.2187,25.3803,10,10,1.0
brute_force,main_cat='Camera & Photo' AND overall>=4.0,0.1,0.1001,10,32,0.1822,24.7377,24.9199,10,10,1.0
brute_force,main_cat='Camera & Photo' AND overall>=4.0,0.1,0.1001,10,33,0.2805,25.5501,25.8306,10,10,1.0
brute_force,main_cat='Camera & Photo' AND overall>=4.0,0.1,0.1001,10,34,0.2592,24.579,24.8382,10,10,1.0
brute_force,main_cat='Camera & Photo' AND overall>=4.0,0.1,0.1001,10,35,0.2628,25.2401,25.5029,10,10,1.0
brute_force,main_cat='Camera & Photo' AND overall>=4.0,0.1,0.1001,10,36,0.0373,24.6548,24.6921,10,10,1.0
brute_force,main_cat='Camera & Photo' AND overall>=4.0,0.1,0.1001,10,37,0.1665,25.5013,25.6678,10,10,1.0
brute_force,main_cat='Camera & Photo' AND overall>=4.0,0.1,0.1001,10,38,0.0411,24.4913,24.5323,10,10,1.0
brute_force,main_cat='Camera & Photo' AND overall>=4.0,0.1,0.1001,10,39,0.0772,25.3211,25.3984,10,10,1.0
brute_force,main_cat='Camera & Photo' AND overall>=4.0,0.1,0.1001,10,40,0.0619,24.5684,24.6303,10,10,1.0
brute_force,main_cat='Camera & Photo' AND overall>=4.0,0.1,0.1001,10,41,0.5429,25.4259,25.9688,10,10,1.0
brute_force,main_cat='Camera & Photo' AND overall>=4.0,0.1,0.1001,10,42,0.121,24.6258,24.7468,10,10,1.0
brute_force,main_cat='Camera & Photo' AND overall>=4.0,0.1,0.1001,10,43,0.063,25.3389,25.4019,10,10,1.0
brute_force,main_cat='Camera & Photo' AND overall>=4.0,0.1,0.1001,10,44,0.3297,24.7218,25.0515,10,10,1.0
brute_force,main_cat='Camera & Photo' AND overall>=4.0,0.1,0.1001,10,45,0.0634,25.4279,25.4913,10,10,1.0
brute_force,main_cat='Camera & Photo' AND overall>=4.0,0.1,0.1001,10,46,0.2565,24.6173,24.8738,10,10,1.0
brute_force,main_cat='Camera & Photo' AND overall>=4.0,0.1,0.1001,10,47,0.0475,25.4598,25.5073,10,10,1.0
brute_force,main_cat='Camera & Photo' AND overall>=4.0,0.1,0.1001,10,48,0.0366,24.6473,24.6839,10,10,1.0
brute_force,main_cat='Camera & Photo' AND overall>=4.0,0.1,0.1001,10,49,0.0466,25.5291,25.5757,10,10,1.0
naive_prefilter,main_cat='Camera & Photo' AND overall>=4.0,0.1,0.1001,10,0,16.6306,6.3328,22.9634,19400,10,1.0
naive_prefilter,main_cat='Camera & Photo' AND overall>=4.0,0.1,0.1001,10,1,16.3963,6.2059,22.6022,19400,10,1.0
naive_prefilter,main_cat='Camera & Photo' AND overall>=4.0,0.1,0.1001,10,2,16.5337,6.3067,22.8404,19400,10,1.0
naive_prefilter,main_cat='Camera & Photo' AND overall>=4.0,0.1,0.1001,10,3,16.3256,6.1944,22.52,19400,10,1.0
naive_prefilter,main_cat='Camera & Photo' AND overall>=4.0,0.1,0.1001,10,4,16.0207,6.3062,22.3269,19400,10,1.0
naive_prefilter,main_cat='Camera & Photo' AND overall>=4.0,0.1,0.1001,10,5,16.08,6.187,22.267,19400,10,1.0
naive_prefilter,main_cat='Camera & Photo' AND overall>=4.0,0.1,0.1001,10,6,16.3923,6.3123,22.7047,19400,10,1.0
naive_prefilter,main_cat='Camera & Photo' AND overall>=4.0,0.1,0.1001,10,7,16.2486,6.2423,22.491,19400,10,1.0
naive_prefilter,main_cat='Camera & Photo' AND overall>=4.0,0.1,0.1001,10,8,16.176,6.3723,22.5483,19400,10,1.0
naive_prefilter,main_cat='Camera & Photo' AND overall>=4.0,0.1,0.1001,10,9,16.1583,6.5236,22.682,19400,10,1.0
naive_prefilter,main_cat='Camera & Photo' AND overall>=4.0,0.1,0.1001,10,10,16.3786,6.3751,22.7537,19400,10,1.0
naive_prefilter,main_cat='Camera & Photo' AND overall>=4.0,0.1,0.1001,10,11,16.4454,6.1948,22.6402,19400,10,1.0
naive_prefilter,main_cat='Camera & Photo' AND overall>=4.0,0.1,0.1001,10,12,16.4764,6.2067,22.683,19400,10,1.0
naive_prefilter,main_cat='Camera & Photo' AND overall>=4.0,0.1,0.1001,10,13,16.2094,6.3345,22.5438,19400,10,1.0
naive_prefilter,main_cat='Camera & Photo' AND overall>=4.0,0.1,0.1001,10,14,16.162,6.337,22.499,19400,10,1.0
naive_prefilter,main_cat='Camera & Photo' AND overall>=4.0,0.1,0.1001,10,15,16.2375,6.2394,22.4769,19400,10,1.0
naive_prefilter,main_cat='Camera & Photo' AND overall>=4.0,0.1,0.1001,10,16,16.1383,6.4239,22.5622,19400,10,1.0
naive_prefilter,main_cat='Camera & Photo' AND overall>=4.0,0.1,0.1001,10,17,16.2043,6.181,22.3853,19400,10,1.0
naive_prefilter,main_cat='Camera & Photo' AND overall>=4.0,0.1,0.1001,10,18,16.1689,6.2598,22.4287,19400,10,1.0
naive_prefilter,main_cat='Camera & Photo' AND overall>=4.0,0.1,0.1001,10,19,16.0993,6.3489,22.4482,19400,10,1.0
naive_prefilter,main_cat='Camera & Photo' AND overall>=4.0,0.1,0.1001,10,20,16.2545,6.2742,22.5287,19400,10,1.0
naive_prefilter,main_cat='Camera & Photo' AND overall>=4.0,0.1,0.1001,10,21,16.1851,6.421,22.6061,19400,10,1.0
naive_prefilter,main_cat='Camera & Photo' AND overall>=4.0,0.1,0.1001,10,22,16.2237,6.3509,22.5746,19400,10,1.0
naive_prefilter,main_cat='Camera & Photo' AND overall>=4.0,0.1,0.1001,10,23,15.9862,6.3027,22.2889,19400,10,1.0
naive_prefilter,main_cat='Camera & Photo' AND overall>=4.0,0.1,0.1001,10,24,15.9744,6.4902,22.4646,19400,10,1.0
naive_prefilter,main_cat='Camera & Photo' AND overall>=4.0,0.1,0.1001,10,25,15.9639,6.2496,22.2135,19400,10,1.0
naive_prefilter,main_cat='Camera & Photo' AND overall>=4.0,0.1,0.1001,10,26,15.8212,6.2244,22.0455,19400,10,1.0
naive_prefilter,main_cat='Camera & Photo' AND overall>=4.0,0.1,0.1001,10,27,16.0536,6.1625,22.2161,19400,10,1.0
naive_prefilter,main_cat='Camera & Photo' AND overall>=4.0,0.1,0.1001,10,28,16.1608,6.2514,22.4122,19400,10,1.0
naive_prefilter,main_cat='Camera & Photo' AND overall>=4.0,0.1,0.1001,10,29,16.1252,6.1479,22.2731,19400,10,1.0
naive_prefilter,main_cat='Camera & Photo' AND overall>=4.0,0.1,0.1001,10,30,16.0357,6.4121,22.4478,19400,10,1.0
naive_prefilter,main_cat='Camera & Photo' AND overall>=4.0,0.1,0.1001,10,31,16.0042,6.157,22.1612,19400,10,1.0
naive_prefilter,main_cat='Camera & Photo' AND overall>=4.0,0.1,0.1001,10,32,16.0179,6.2445,22.2623,19400,10,1.0
naive_prefilter,main_cat='Camera & Photo' AND overall>=4.0,0.1,0.1001,10,33,16.1253,6.2466,22.3719,19400,10,1.0
naive_prefilter,main_cat='Camera & Photo' AND overall>=4.0,0.1,0.1001,10,34,16.0626,6.345,22.4076,19400,10,1.0
naive_prefilter,main_cat='Camera & Photo' AND overall>=4.0,0.1,0.1001,10,35,15.8085,6.2055,22.0141,19400,10,1.0
naive_prefilter,main_cat='Camera & Photo' AND overall>=4.0,0.1,0.1001,10,36,15.7776,6.3087,22.0863,19400,10,1.0
naive_prefilter,main_cat='Camera & Photo' AND overall>=4.0,0.1,0.1001,10,37,15.9025,6.216,22.1185,19400,10,1.0
naive_prefilter,main_cat='Camera & Photo' AND overall>=4.0,0.1,0.1001,10,38,15.8992,6.2731,22.1723,19400,10,1.0
naive_prefilter,main_cat='Camera & Photo' AND overall>=4.0,0.1,0.1001,10,39,15.8487,6.2454,22.0941,19400,10,1.0
naive_prefilter,main_cat='Camera & Photo' AND overall>=4.0,0.1,0.1001,10,40,15.9336,6.2518,22.1855,19400,10,1.0
naive_prefilter,main_cat='Camera & Photo' AND overall>=4.0,0.1,0.1001,10,41,15.8376,6.1754,22.013,19400,10,1.0
naive_prefilter,main_cat='Camera & Photo' AND overall>=4.0,0.1,0.1001,10,42,15.95,6.3595,22.3095,19400,10,1.0
naive_prefilter,main_cat='Camera & Photo' AND overall>=4.0,0.1,0.1001,10,43,15.8663,6.2047,22.071,19400,10,1.0
naive_prefilter,main_cat='Camera & Photo' AND overall>=4.0,0.1,0.1001,10,44,15.937,6.3408,22.2778,19400,10,1.0
naive_prefilter,main_cat='Camera & Photo' AND overall>=4.0,0.1,0.1001,10,45,15.8862,6.2283,22.1145,19400,10,1.0
naive_prefilter,main_cat='Camera & Photo' AND overall>=4.0,0.1,0.1001,10,46,15.8243,6.4162,22.2405,19400,10,1.0
naive_prefilter,main_cat='Camera & Photo' AND overall>=4.0,0.1,0.1001,10,47,15.7418,6.204,21.9458,19400,10,0.0
naive_prefilter,main_cat='Camera & Photo' AND overall>=4.0,0.1,0.1001,10,48,15.8085,6.4115,22.22,19400,10,1.0
naive_prefilter,main_cat='Camera & Photo' AND overall>=4.0,0.1,0.1001,10,49,16.354,6.6991,23.0531,19400,10,1.0
post_filter,main_cat='Camera & Photo' AND overall>=4.0,0.1,0.1001,10,0,0.1655,0.4226,0.588,6,6,0.6
post_filter,main_cat='Camera & Photo' AND overall>=4.0,0.1,0.1001,10,1,0.1184,1.0729,1.1912,10,10,0.9
post_filter,main_cat='Camera & Photo' AND overall>=4.0,0.1,0.1001,10,2,0.0477,0.7602,0.8079,10,10,1.0
post_filter,main_cat='Camera & Photo' AND overall>=4.0,0.1,0.1001,10,3,0.0515,0.7908,0.8423,10,10,1.0
post_filter,main_cat='Camera & Photo' AND overall>=4.0,0.1,0.1001,10,4,0.1743,1.0273,1.2016,10,10,0.9
post_filter,main_cat='Camera & Photo' AND overall>=4.0,0.1,0.1001,10,5,0.2282,0.7338,0.962,10,10,0.9
post_filter,main_cat='Camera & Photo' AND overall>=4.0,0.1,0.1001,10,6,0.4661,0.8395,1.3056,4,4,0.4
post_filter,main_cat='Camera & Photo' AND overall>=4.0,0.1,0.1001,10,7,0.3092,0.6281,0.9373,10,10,0.9
post_filter,main_cat='Camera & Photo' AND overall>=4.0,0.1,0.1001,10,8,0.2885,0.868,1.1566,10,10,0.8
post_filter,main_cat='Camera & Photo' AND overall>=4.0,0.1,0.1001,10,9,0.0822,0.8788,0.961,10,10,1.0
post_filter,main_cat='Camera & Photo' AND overall>=4.0,0.1,0.1001,10,10,0.0617,0.7978,0.8595,10,10,1.0
post_filter,main_cat='Camera & Photo' AND overall>=4.0,0.1,0.1001,10,11,0.2639,0.7824,1.0462,10,10,0.6
post_filter,main_cat='Camera & Photo' AND overall>=4.0,0.1,0.1001,10,12,0.2735,0.6398,0.9133,10,10,0.7
post_filter,main_cat='Camera & Photo' AND overall>=4.0,0.1,0.1001,10,13,0.105,0.6872,0.7923,10,10,0.9
post_filter,main_cat='Camera & Photo' AND overall>=4.0,0.1,0.1001,10,14,0.3818,0.5255,0.9073,10,10,0.5
post_filter,main_cat='Camera & Photo' AND overall>=4.0,0.1,0.1001,10,15,0.2799,0.4525,0.7324,2,2,0.2
post_filter,main_cat='Camera & Photo' AND overall>=4.0,0.1,0.1001,10,16,0.0503,0.8419,0.8922,10,10,1.0
post_filter,main_cat='Camera & Photo' AND overall>=4.0,0.1,0.1001,10,17,0.0441,0.6918,0.7359,10,10,1.0
post_filter,main_cat='Camera & Photo' AND overall>=4.0,0.1,0.1001,10,18,0.131,0.7539,0.8849,10,10,1.0
post_filter,main_cat='Camera & Photo' AND overall>=4.0,0.1,0.1001,10,19,0.1025,0.7811,0.8836,10,10,0.8
post_filter,main_cat='Camera & Photo' AND overall>=4.0,0.1,0.1001,10,20,0.1023,0.5797,0.6819,10,10,1.0
post_filter,main_cat='Camera & Photo' AND overall>=4.0,0.1,0.1001,10,21,0.1812,0.6287,0.8099,10,10,0.6
post_filter,main_cat='Camera & Photo' AND overall>=4.0,0.1,0.1001,10,22,0.0221,0.6686,0.6907,10,10,1.0
post_filter,main_cat='Camera & Photo' AND overall>=4.0,0.1,0.1001,10,23,0.0582,0.6214,0.6796,10,10,1.0
post_filter,main_cat='Camera & Photo' AND overall>=4.0,0.1,0.1001,10,24,0.0261,0.8492,0.8753,10,10,1.0
post_filter,main_cat='Camera & Photo' AND overall>=4.0,0.1,0.1001,10,25,0.1729,0.2508,0.4237,10,10,0.2
post_filter,main_cat='Camera & Photo' AND overall>=4.0,0.1,0.1001,10,26,0.0211,0.759,0.7801,10,10,1.0
post_filter,main_cat='Camera & Photo' AND overall>=4.0,0.1,0.1001,10,27,0.1688,0.7179,0.8867,10,10,1.0
post_filter,main_cat='Camera & Photo' AND overall>=4.0,0.1,0.1001,10,28,0.0893,0.773,0.8622,10,10,1.0
post_filter,main_cat='Camera & Photo' AND overall>=4.0,0.1,0.1001,10,29,0.0614,0.4922,0.5536,10,10,0.9
post_filter,main_cat='Camera & Photo' AND overall>=4.0,0.1,0.1001,10,30,0.1284,0.3796,0.508,10,10,0.0
post_filter,main_cat='Camera & Photo' AND overall>=4.0,0.1,0.1001,10,31,0.1515,0.7701,0.9216,10,10,0.7
post_filter,main_cat='Camera & Photo' AND overall>=4.0,0.1,0.1001,10,32,0.1508,0.5898,0.7406,10,10,1.0
post_filter,main_cat='Camera & Photo' AND overall>=4.0,0.1,0.1001,10,33,0.3168,0.4476,0.7644,8,8,0.3
post_filter,main_cat='Camera & Photo' AND overall>=4.0,0.1,0.1001,10,34,0.2683,0.7735,1.0418,10,10,0.8
post_filter,main_cat='Camera & Photo' AND overall>=4.0,0.1,0.1001,10,35,0.2248,0.7731,0.9979,10,10,0.8
post_filter,main_cat='Camera & Photo' AND overall>=4.0,0.1,0.1001,10,36,0.0312,0.6501,0.6813,10,10,1.0
post_filter,main_cat='Camera & Photo' AND overall>=4.0,0.1,0.1001,10,37,0.1374,0.5941,0.7315,10,10,1.0
post_filter,main_cat='Camera & Photo' AND overall>=4.0,0.1,0.1001,10,38,0.0323,0.9312,0.9635,10,10,0.9
post_filter,main_cat='Camera & Photo' AND overall>=4.0,0.1,0.1001,10,39,0.0574,0.4521,0.5095,10,10,1.0
post_filter,main_cat='Camera & Photo' AND overall>=4.0,0.1,0.1001,10,40,0.0477,0.9277,0.9754,10,10,1.0
post_filter,main_cat='Camera & Photo' AND overall>=4.0,0.1,0.1001,10,41,0.436,0.5173,0.9532,7,7,0.7
post_filter,main_cat='Camera & Photo' AND overall>=4.0,0.1,0.1001,10,42,0.0921,0.7517,0.8438,10,10,0.9
post_filter,main_cat='Camera & Photo' AND overall>=4.0,0.1,0.1001,10,43,0.0461,0.4044,0.4505,10,10,0.9
post_filter,main_cat='Camera & Photo' AND overall>=4.0,0.1,0.1001,10,44,0.2666,0.5698,0.8364,10,10,0.9
post_filter,main_cat='Camera & Photo' AND overall>=4.0,0.1,0.1001,10,45,0.0541,0.88,0.934,10,10,1.0
post_filter,main_cat='Camera & Photo' AND overall>=4.0,0.1,0.1001,10,46,0.36,0.7032,1.0632,10,10,0.4
post_filter,main_cat='Camera & Photo' AND overall>=4.0,0.1,0.1001,10,47,0.0708,0.2337,0.3045,10,10,0.0
post_filter,main_cat='Camera & Photo' AND overall>=4.0,0.1,0.1001,10,48,0.0258,0.817,0.8428,10,10,1.0
post_filter,main_cat='Camera & Photo' AND overall>=4.0,0.1,0.1001,10,49,0.0295,0.4052,0.4346,10,10,1.0
bitmap_prefilter,main_cat='Camera & Photo' AND overall>=4.0,0.1,0.1001,10,0,0.0455,5.9331,5.9786,19400,10,1.0
bitmap_prefilter,main_cat='Camera & Photo' AND overall>=4.0,0.1,0.1001,10,1,0.0373,6.264,6.3013,19400,10,1.0
bitmap_prefilter,main_cat='Camera & Photo' AND overall>=4.0,0.1,0.1001,10,2,0.0323,6.1859,6.2182,19400,10,1.0
bitmap_prefilter,main_cat='Camera & Photo' AND overall>=4.0,0.1,0.1001,10,3,0.0397,6.0015,6.0412,19400,10,1.0
bitmap_prefilter,main_cat='Camera & Photo' AND overall>=4.0,0.1,0.1001,10,4,0.0343,6.0627,6.097,19400,10,1.0
bitmap_prefilter,main_cat='Camera & Photo' AND overall>=4.0,0.1,0.1001,10,5,0.0356,5.7626,5.7982,19400,10,1.0
bitmap_prefilter,main_cat='Camera & Photo' AND overall>=4.0,0.1,0.1001,10,6,0.0312,5.7732,5.8044,19400,10,1.0
bitmap_prefilter,main_cat='Camera & Photo' AND overall>=4.0,0.1,0.1001,10,7,0.0284,5.826,5.8544,19400,10,1.0
bitmap_prefilter,main_cat='Camera & Photo' AND overall>=4.0,0.1,0.1001,10,8,0.0298,5.9154,5.9452,19400,10,1.0
bitmap_prefilter,main_cat='Camera & Photo' AND overall>=4.0,0.1,0.1001,10,9,0.0287,5.7797,5.8084,19400,10,1.0
bitmap_prefilter,main_cat='Camera & Photo' AND overall>=4.0,0.1,0.1001,10,10,0.0295,5.8236,5.853,19400,10,1.0
bitmap_prefilter,main_cat='Camera & Photo' AND overall>=4.0,0.1,0.1001,10,11,0.03,5.6774,5.7074,19400,10,1.0
bitmap_prefilter,main_cat='Camera & Photo' AND overall>=4.0,0.1,0.1001,10,12,0.0288,5.759,5.7879,19400,10,1.0
bitmap_prefilter,main_cat='Camera & Photo' AND overall>=4.0,0.1,0.1001,10,13,0.0285,5.8418,5.8703,19400,10,1.0
bitmap_prefilter,main_cat='Camera & Photo' AND overall>=4.0,0.1,0.1001,10,14,0.0298,5.8383,5.8681,19400,10,1.0
bitmap_prefilter,main_cat='Camera & Photo' AND overall>=4.0,0.1,0.1001,10,15,0.0283,5.6928,5.7211,19400,10,1.0
bitmap_prefilter,main_cat='Camera & Photo' AND overall>=4.0,0.1,0.1001,10,16,0.027,5.9263,5.9534,19400,10,1.0
bitmap_prefilter,main_cat='Camera & Photo' AND overall>=4.0,0.1,0.1001,10,17,0.0357,5.734,5.7697,19400,10,1.0
bitmap_prefilter,main_cat='Camera & Photo' AND overall>=4.0,0.1,0.1001,10,18,0.0307,5.8377,5.8683,19400,10,1.0
bitmap_prefilter,main_cat='Camera & Photo' AND overall>=4.0,0.1,0.1001,10,19,0.0311,5.8389,5.87,19400,10,1.0
bitmap_prefilter,main_cat='Camera & Photo' AND overall>=4.0,0.1,0.1001,10,20,0.0299,5.866,5.8959,19400,10,1.0
bitmap_prefilter,main_cat='Camera & Photo' AND overall>=4.0,0.1,0.1001,10,21,0.0295,5.6806,5.7101,19400,10,1.0
bitmap_prefilter,main_cat='Camera & Photo' AND overall>=4.0,0.1,0.1001,10,22,0.0287,5.7713,5.8,19400,10,1.0
bitmap_prefilter,main_cat='Camera & Photo' AND overall>=4.0,0.1,0.1001,10,23,0.0305,5.7858,5.8164,19400,10,1.0
bitmap_prefilter,main_cat='Camera & Photo' AND overall>=4.0,0.1,0.1001,10,24,0.03,5.8672,5.8972,19400,10,1.0
bitmap_prefilter,main_cat='Camera & Photo' AND overall>=4.0,0.1,0.1001,10,25,0.0276,5.7411,5.7687,19400,10,1.0
bitmap_prefilter,main_cat='Camera & Photo' AND overall>=4.0,0.1,0.1001,10,26,0.0305,5.8269,5.8574,19400,10,1.0
bitmap_prefilter,main_cat='Camera & Photo' AND overall>=4.0,0.1,0.1001,10,27,0.0296,5.6962,5.7258,19400,10,1.0
bitmap_prefilter,main_cat='Camera & Photo' AND overall>=4.0,0.1,0.1001,10,28,0.0292,5.775,5.8042,19400,10,1.0
bitmap_prefilter,main_cat='Camera & Photo' AND overall>=4.0,0.1,0.1001,10,29,0.028,5.6907,5.7187,19400,10,1.0
bitmap_prefilter,main_cat='Camera & Photo' AND overall>=4.0,0.1,0.1001,10,30,0.0294,5.9367,5.9662,19400,10,1.0
bitmap_prefilter,main_cat='Camera & Photo' AND overall>=4.0,0.1,0.1001,10,31,0.0292,5.6681,5.6973,19400,10,1.0
bitmap_prefilter,main_cat='Camera & Photo' AND overall>=4.0,0.1,0.1001,10,32,0.0281,5.771,5.7992,19400,10,1.0
bitmap_prefilter,main_cat='Camera & Photo' AND overall>=4.0,0.1,0.1001,10,33,0.0291,5.7133,5.7423,19400,10,1.0
bitmap_prefilter,main_cat='Camera & Photo' AND overall>=4.0,0.1,0.1001,10,34,0.028,5.831,5.859,19400,10,1.0
bitmap_prefilter,main_cat='Camera & Photo' AND overall>=4.0,0.1,0.1001,10,35,0.0312,5.7017,5.7329,19400,10,1.0
bitmap_prefilter,main_cat='Camera & Photo' AND overall>=4.0,0.1,0.1001,10,36,0.0282,6.0118,6.04,19400,10,1.0
bitmap_prefilter,main_cat='Camera & Photo' AND overall>=4.0,0.1,0.1001,10,37,0.0287,5.7644,5.7931,19400,10,1.0
bitmap_prefilter,main_cat='Camera & Photo' AND overall>=4.0,0.1,0.1001,10,38,0.028,5.8351,5.8632,19400,10,1.0
bitmap_prefilter,main_cat='Camera & Photo' AND overall>=4.0,0.1,0.1001,10,39,0.0286,5.7225,5.751,19400,10,1.0
bitmap_prefilter,main_cat='Camera & Photo' AND overall>=4.0,0.1,0.1001,10,40,0.028,5.7701,5.7982,19400,10,1.0
bitmap_prefilter,main_cat='Camera & Photo' AND overall>=4.0,0.1,0.1001,10,41,0.0281,5.7619,5.79,19400,10,1.0
bitmap_prefilter,main_cat='Camera & Photo' AND overall>=4.0,0.1,0.1001,10,42,0.0293,5.8692,5.8986,19400,10,1.0
bitmap_prefilter,main_cat='Camera & Photo' AND overall>=4.0,0.1,0.1001,10,43,0.0443,5.6893,5.7336,19400,10,1.0
bitmap_prefilter,main_cat='Camera & Photo' AND overall>=4.0,0.1,0.1001,10,44,0.0351,5.8525,5.8875,19400,10,1.0
bitmap_prefilter,main_cat='Camera & Photo' AND overall>=4.0,0.1,0.1001,10,45,0.0306,5.7956,5.8262,19400,10,1.0
bitmap_prefilter,main_cat='Camera & Photo' AND overall>=4.0,0.1,0.1001,10,46,0.029,5.8021,5.8312,19400,10,1.0
bitmap_prefilter,main_cat='Camera & Photo' AND overall>=4.0,0.1,0.1001,10,47,0.0274,5.73,5.7573,19400,10,0.0
bitmap_prefilter,main_cat='Camera & Photo' AND overall>=4.0,0.1,0.1001,10,48,0.0284,5.9058,5.9342,19400,10,1.0
bitmap_prefilter,main_cat='Camera & Photo' AND overall>=4.0,0.1,0.1001,10,49,0.0272,5.677,5.7042,19400,10,1.0
brute_force,main_cat='Camera & Photo' AND overall>=4.0,0.1,0.1001,50,0,1.3466,24.8231,26.1697,50,50,0.98
brute_force,main_cat='Camera & Photo' AND overall>=4.0,0.1,0.1001,50,1,0.3975,25.5201,25.9177,50,50,1.0
brute_force,main_cat='Camera & Photo' AND overall>=4.0,0.1,0.1001,50,2,0.3179,25.0036,25.3215,50,50,1.0
brute_force,main_cat='Camera & Photo' AND overall>=4.0,0.1,0.1001,50,3,0.2389,25.5034,25.7423,50,50,1.0
brute_force,main_cat='Camera & Photo' AND overall>=4.0,0.1,0.1001,50,4,0.7155,24.5894,25.3049,50,50,1.0
brute_force,main_cat='Camera & Photo' AND overall>=4.0,0.1,0.1001,50,5,0.709,25.2874,25.9964,50,50,1.0
brute_force,main_cat='Camera & Photo' AND overall>=4.0,0.1,0.1001,50,6,1.7151,24.6397,26.3548,50,50,1.0
brute_force,main_cat='Camera & Photo' AND overall>=4.0,0.1,0.1001,50,7,0.897,25.3007,26.1977,50,50,1.0
brute_force,main_cat='Camera & Photo' AND overall>=4.0,0.1,0.1001,50,8,1.034,24.7035,25.7375,50,50,1.0
brute_force,main_cat='Camera & Photo' AND overall>=4.0,0.1,0.1001,50,9,0.3993,25.2956,25.6949,50,50,1.0
brute_force,main_cat='Camera & Photo' AND overall>=4.0,0.1,0.1001,50,10,0.3325,24.66,24.9925,50,50,1.0
brute_force,main_cat='Camera & Photo' AND overall>=4.0,0.1,0.1001,50,11,0.7942,25.2752,26.0693,50,50,1.0
brute_force,main_cat='Camera & Photo' AND overall>=4.0,0.1,0.1001,50,12,0.6001,24.8014,25.4015,50,50,0.98
brute_force,main_cat='Camera & Photo' AND overall>=4.0,0.1,0.1001,50,13,0.3761,25.2942,25.6703,50,50,1.0
brute_force,main_cat='Camera & Photo' AND overall>=4.0,0.1,0.1001,50,14,1.3145,24.7507,26.0652,50,50,1.0
brute_force,main_cat='Camera & Photo' AND overall>=4.0,0.1,0.1001,50,15,0.8138,25.2262,26.0401,50,50,1.0
brute_force,main_cat='Camera & Photo' AND overall>=4.0,0.1,0.1001,50,16,0.2345,24.8576,25.0921,50,50,1.0
brute_force,main_cat='Camera & Photo' AND overall>=4.0,0.1,0.1001,50,17,0.1651,25.2919,25.457,50,50,1.0
brute_force,main_cat='Camera & Photo' AND overall>=4.0,0.1,0.1001,50,18,0.5735,24.6413,25.2149,50,50,0.98
brute_force,main_cat='Camera & Photo' AND overall>=4.0,0.1,0.1001,50,19,0.4205,25.0942,25.5147,50,50,1.0
brute_force,main_cat='Camera & Photo' AND overall>=4.0,0.1,0.1001,50,20,0.3921,24.8106,25.2027,50,50,1.0
brute_force,main_cat='Camera & Photo' AND overall>=4.0,0.1,0.1001,50,21,0.5439,25.0888,25.6327,50,50,1.0
brute_force,main_cat='Camera & Photo' AND overall>=4.0,0.1,0.1001,50,22,0.1019,24.601,24.703,50,50,0.98
brute_force,main_cat='Camera & Photo' AND overall>=4.0,0.1,0.1001,50,23,0.2984,25.6025,25.9009,50,50,1.0
brute_force,main_cat='Camera & Photo' AND overall>=4.0,0.1,0.1001,50,24,0.1915,24.8111,25.0027,50,50,1.0
brute_force,main_cat='Camera & Photo' AND overall>=4.0,0.1,0.1001,50,25,0.404,25.4405,25.8445,50,50,1.0
brute_force,main_cat='Camera & Photo' AND overall>=4.0,0.1,0.1001,50,26,0.1324,24.7433,24.8757,50,50,1.0
brute_force,main_cat='Camera & Photo' AND overall>=4.0,0.1,0.1001,50,27,0.7957,25.1887,25.9845,50,50,1.0
brute_force,main_cat='Camera & Photo' AND overall>=4.0,0.1,0.1001,50,28,0.3773,24.843,25.2204,50,50,1.0
brute_force,main_cat='Camera & Photo' AND overall>=4.0,0.1,0.1001,50,29,0.3025,25.2268,25.5293,50,50,1.0
brute_force,main_cat='Camera & Photo' AND overall>=4.0,0.1,0.1001,50,30,0.2966,24.7219,25.0185,50,50,1.0
brute_force,main_cat='Camera & Photo' AND overall>=4.0,0.1,0.1001,50,31,0.4388,25.1809,25.6197,50,50,1.0
brute_force,main_cat='Camera & Photo' AND overall>=4.0,0.1,0.1001,50,32,0.8357,24.8478,25.6835,50,50,1.0
brute_force,main_cat='Camera & Photo' AND overall>=4.0,0.1,0.1001,50,33,0.6587,25.3423,26.001,50,50,1.0
brute_force,main_cat='Camera & Photo' AND overall>=4.0,0.1,0.1001,50,34,0.7507,24.6934,25.444,50,50,0.98
brute_force,main_cat='Camera & Photo' AND overall>=4.0,0.1,0.1001,50,35,0.7244,25.3028,26.0272,50,50,1.0
brute_force,main_cat='Camera & Photo' AND overall>=4.0,0.1,0.1001,50,36,0.1619,24.6788,24.8407,50,50,1.0
brute_force,main_cat='Camera & Photo' AND overall>=4.0,0.1,0.1001,50,37,0.5853,25.3332,25.9185,50,50,1.0
brute_force,main_cat='Camera & Photo' AND overall>=4.0,0.1,0.1001,50,38,0.353,24.6105,24.9635,50,50,1.0
brute_force,main_cat='Camera & Photo' AND overall>=4.0,0.1,0.1001,50,39,0.3226,25.2881,25.6107,50,50,1.0
brute_force,main_cat='Camera & Photo' AND overall>=4.0,0.1,0.1001,50,40,0.2767,24.6656,24.9424,50,50,1.0
brute_force,main_cat='Camera & Photo' AND overall>=4.0,0.1,0.1001,50,41,1.3347,25.3123,26.647,50,50,1.0
brute_force,main_cat='Camera & Photo' AND overall>=4.0,0.1,0.1001,50,42,0.3816,24.6895,25.0711,50,50,1.0
brute_force,main_cat='Camera & Photo' AND overall>=4.0,0.1,0.1001,50,43,0.308,25.254,25.562,50,50,1.0
brute_force,main_cat='Camera & Photo' AND overall>=4.0,0.1,0.1001,50,44,1.5805,24.7598,26.3403,50,50,1.0
brute_force,main_cat='Camera & Photo' AND overall>=4.0,0.1,0.1001,50,45,0.2514,25.4361,25.6875,50,50,1.0
brute_force,main_cat='Camera & Photo' AND overall>=4.0,0.1,0.1001,50,46,0.7035,24.7372,25.4408,50,50,1.0
brute_force,main_cat='Camera & Photo' AND overall>=4.0,0.1,0.1001,50,47,0.2753,25.3374,25.6127,50,50,1.0
brute_force,main_cat='Camera & Photo' AND overall>=4.0,0.1,0.1001,50,48,0.1815,24.9077,25.0893,50,50,1.0
brute_force,main_cat='Camera & Photo' AND overall>=4.0,0.1,0.1001,50,49,0.2133,25.4024,25.6157,50,50,1.0
naive_prefilter,main_cat='Camera & Photo' AND overall>=4.0,0.1,0.1001,50,0,16.4874,6.3304,22.8177,19400,50,0.98
naive_prefilter,main_cat='Camera & Photo' AND overall>=4.0,0.1,0.1001,50,1,16.6545,6.2132,22.8677,19400,50,1.0
naive_prefilter,main_cat='Camera & Photo' AND overall>=4.0,0.1,0.1001,50,2,16.484,6.2935,22.7775,19400,50,1.0
naive_prefilter,main_cat='Camera & Photo' AND overall>=4.0,0.1,0.1001,50,3,16.4775,6.3346,22.8121,19400,50,1.0
naive_prefilter,main_cat='Camera & Photo' AND overall>=4.0,0.1,0.1001,50,4,16.3853,6.4068,22.7921,19400,50,1.0
naive_prefilter,main_cat='Camera & Photo' AND overall>=4.0,0.1,0.1001,50,5,16.5419,6.2505,22.7924,19400,50,1.0
naive_prefilter,main_cat='Camera & Photo' AND overall>=4.0,0.1,0.1001,50,6,16.3313,6.5308,22.8621,19400,50,1.0
naive_prefilter,main_cat='Camera & Photo' AND overall>=4.0,0.1,0.1001,50,7,16.1025,6.2314,22.3339,19400,50,1.0
naive_prefilter,main_cat='Camera & Photo' AND overall>=4.0,0.1,0.1001,50,8,16.0229,6.5869,22.6098,19400,50,1.0
naive_prefilter,main_cat='Camera & Photo' AND overall>=4.0,0.1,0.1001,50,9,16.2766,6.3766,22.6532,19400,50,1.0
naive_prefilter,main_cat='Camera & Photo' AND overall>=4.0,0.1,0.1001,50,10,16.1476,6.2805,22.4281,19400,50,1.0
naive_prefilter,main_cat='Camera & Photo' AND overall>=4.0,0.1,0.1001,50,11,16.049,6.1509,22.1999,19400,50,1.0
naive_prefilter,main_cat='Camera & Photo' AND overall>=4.0,0.1,0.1001,50,12,16.2202,6.3871,22.6074,19400,50,0.98
naive_prefilter,main_cat='Camera & Photo' AND overall>=4.0,0.1,0.1001,50,13,15.9482,6.2359,22.1841,19400,50,1.0
naive_prefilter,main_cat='Camera & Photo' AND overall>=4.0,0.1,0.1001,50,14,16.2205,6.3979,22.6185,19400,50,1.0
naive_prefilter,main_cat='Camera & Photo' AND overall>=4.0,0.1,0.1001,50,15,15.9078,6.2743,22.1821,19400,50,1.0
naive_prefilter,main_cat='Camera & Photo' AND overall>=4.0,0.1,0.1001,50,16,16.0991,6.3111,22.4102,19400,50,1.0
naive_prefilter,main_cat='Camera & Photo' AND overall>=4.0,0.1,0.1001,50,17,16.0633,6.171,22.2343,19400,50,1.0
naive_prefilter,main_cat='Camera & Photo' AND overall>=4.0,0.1,0.1001,50,18,16.0425,6.4171,22.4596,19400,50,0.98
naive_prefilter,main_cat='Camera & Photo' AND overall>=4.0,0.1,0.1001,50,19,15.9655,6.2178,22.1833,19400,50,1.0
naive_prefilter,main_cat='Camera & Photo' AND overall>=4.0,0.1,0.1001,50,20,16.0696,6.3474,22.417,19400,50,1.0
naive_prefilter,main_cat='Camera & Photo' AND overall>=4.0,0.1,0.1001,50,21,16.2653,6.2562,22.5215,19400,50,1.0
naive_prefilter,main_cat='Camera & Photo' AND overall>=4.0,0.1,0.1001,50,22,16.087,6.3685,22.4554,19400,50,0.98
naive_prefilter,main_cat='Camera & Photo' AND overall>=4.0,0.1,0.1001,50,23,16.2006,6.3128,22.5135,19400,50,1.0
naive_prefilter,main_cat='Camera & Photo' AND overall>=4.0,0.1,0.1001,50,24,16.1349,6.2432,22.3781,19400,50,1.0
naive_prefilter,main_cat='Camera & Photo' AND overall>=4.0,0.1,0.1001,50,25,16.1289,6.1999,22.3288,19400,50,1.0
naive_prefilter,main_cat='Camera & Photo' AND overall>=4.0,0.1,0.1001,50,26,16.0316,6.2887,22.3203,19400,50,1.0
naive_prefilter,main_cat='Camera & Photo' AND overall>=4.0,0.1,0.1001,50,27,16.2614,6.1844,22.4458,19400,50,1.0
naive_prefilter,main_cat='Camera & Photo' AND overall>=4.0,0.1,0.1001,50,28,15.9926,6.3106,22.3032,19400,50,1.0
naive_prefilter,main_cat='Camera & Photo' AND overall>=4.0,0.1,0.1001,50,29,16.1425,6.2251,22.3676,19400,50,1.0
naive_prefilter,main_cat='Camera & Photo' AND overall>=4.0,0.1,0.1001,50,30,16.2367,6.372,22.6087,19400,50,0.96
naive_prefilter,main_cat='Camera & Photo' AND overall>=4.0,0.1,0.1001,50,31,16.1432,6.3829,22.5262,19400,50,1.0
naive_prefilter,main_cat='Camera & Photo' AND overall>=4.0,0.1,0.1001,50,32,16.0717,6.3543,22.426,19400,50,1.0
naive_prefilter,main_cat='Camera & Photo' AND overall>=4.0,0.1,0.1001,50,33,16.2085,6.1456,22.3541,19400,50,1.0
naive_prefilter,main_cat='Camera & Photo' AND overall>=4.0,0.1,0.1001,50,34,16.1174,6.4715,22.5889,19400,50,0.98
naive_prefilter,main_cat='Camera & Photo' AND overall>=4.0,0.1,0.1001,50,35,16.2378,6.2447,22.4824,19400,50,1.0
naive_prefilter,main_cat='Camera & Photo' AND overall>=4.0,0.1,0.1001,50,36,16.154,6.5996,22.7535,19400,50,1.0
naive_prefilter,main_cat='Camera & Photo' AND overall>=4.0,0.1,0.1001,50,37,16.4525,6.3892,22.8417,19400,50,1.0
naive_prefilter,main_cat='Camera & Photo' AND overall>=4.0,0.1,0.1001,50,38,16.3789,6.3945,22.7735,19400,50,1.0
naive_prefilter,main_cat='Camera & Photo' AND overall>=4.0,0.1,0.1001,50,39,16.2459,7.0142,23.2601,19400,50,1.0
naive_prefilter,main_cat='Camera & Photo' AND overall>=4.0,0.1,0.1001,50,40,16.9141,6.5607,23.4748,19400,50,1.0
naive_prefilter,main_cat='Camera & Photo' AND overall>=4.0,0.1,0.1001,50,41,16.6585,6.4846,23.1431,19400,50,1.0
naive_prefilter,main_cat='Camera & Photo' AND overall>=4.0,0.1,0.1001,50,42,16.6734,6.5341,23.2075,19400,50,1.0
naive_prefilter,main_cat='Camera & Photo' AND overall>=4.0,0.1,0.1001,50,43,16.5661,6.2914,22.8575,19400,50,1.0
naive_prefilter,main_cat='Camera & Photo' AND overall>=4.0,0.1,0.1001,50,44,16.5399,6.683,23.2229,19400,50,1.0
naive_prefilter,main_cat='Camera & Photo' AND overall>=4.0,0.1,0.1001,50,45,16.9663,6.4767,23.443,19400,50,1.0
naive_prefilter,main_cat='Camera & Photo' AND overall>=4.0,0.1,0.1001,50,46,16.55,6.4716,23.0215,19400,50,1.0
naive_prefilter,main_cat='Camera & Photo' AND overall>=4.0,0.1,0.1001,50,47,16.5959,6.5313,23.1273,19400,50,1.0
naive_prefilter,main_cat='Camera & Photo' AND overall>=4.0,0.1,0.1001,50,48,16.4263,6.5185,22.9448,19400,50,1.0
naive_prefilter,main_cat='Camera & Photo' AND overall>=4.0,0.1,0.1001,50,49,16.1232,6.2695,22.3927,19400,50,1.0
post_filter,main_cat='Camera & Photo' AND overall>=4.0,0.1,0.1001,50,0,0.4804,0.7553,1.2357,50,50,0.38
post_filter,main_cat='Camera & Photo' AND overall>=4.0,0.1,0.1001,50,1,0.4181,1.6239,2.042,50,50,0.86
post_filter,main_cat='Camera & Photo' AND overall>=4.0,0.1,0.1001,50,2,0.2599,0.9741,1.234,50,50,0.92
post_filter,main_cat='Camera & Photo' AND overall>=4.0,0.1,0.1001,50,3,0.2096,0.9589,1.1685,50,50,0.84
post_filter,main_cat='Camera & Photo' AND overall>=4.0,0.1,0.1001,50,4,0.6762,1.2092,1.8855,50,50,0.76
post_filter,main_cat='Camera & Photo' AND overall>=4.0,0.1,0.1001,50,5,0.7653,0.9126,1.6779,50,50,0.58
post_filter,main_cat='Camera & Photo' AND overall>=4.0,0.1,0.1001,50,6,1.3264,1.0795,2.4059,50,50,0.38
post_filter,main_cat='Camera & Photo' AND overall>=4.0,0.1,0.1001,50,7,0.8238,0.784,1.6078,50,50,0.5
post_filter,main_cat='Camera & Photo' AND overall>=4.0,0.1,0.1001,50,8,0.9271,1.1942,2.1213,50,50,0.54
post_filter,main_cat='Camera & Photo' AND overall>=4.0,0.1,0.1001,50,9,0.3095,1.1542,1.4637,50,50,0.8
post_filter,main_cat='Camera & Photo' AND overall>=4.0,0.1,0.1001,50,10,0.247,1.0266,1.2736,50,50,0.96
post_filter,main_cat='Camera & Photo' AND overall>=4.0,0.1,0.1001,50,11,0.759,1.0164,1.7754,50,50,0.46
post_filter,main_cat='Camera & Photo' AND overall>=4.0,0.1,0.1001,50,12,0.6267,0.8236,1.4504,50,50,0.5
post_filter,main_cat='Camera & Photo' AND overall>=4.0,0.1,0.1001,50,13,0.3142,0.8572,1.1714,50,50,0.74
post_filter,main_cat='Camera & Photo' AND overall>=4.0,0.1,0.1001,50,14,0.8898,0.641,1.5309,32,32,0.22
post_filter,main_cat='Camera & Photo' AND overall>=4.0,0.1,0.1001,50,15,0.6641,0.57,1.2341,8,8,0.1
post_filter,main_cat='Camera & Photo' AND overall>=4.0,0.1,0.1001,50,16,0.2096,1.0591,1.2687,50,50,0.84
post_filter,main_cat='Camera & Photo' AND overall>=4.0,0.1,0.1001,50,17,0.1375,0.7775,0.915,50,50,0.94
post_filter,main_cat='Camera & Photo' AND overall>=4.0,0.1,0.1001,50,18,0.5102,0.9607,1.4709,50,50,0.78
post_filter,main_cat='Camera & Photo' AND overall>=4.0,0.1,0.1001,50,19,0.4404,0.9897,1.4301,50,50,0.7
post_filter,main_cat='Camera & Photo' AND overall>=4.0,0.1,0.1001,50,20,0.3536,0.714,1.0676,50,50,0.86
post_filter,main_cat='Camera & Photo' AND overall>=4.0,0.1,0.1001,50,21,0.5373,0.7673,1.3046,50,50,0.4
post_filter,main_cat='Camera & Photo' AND overall>=4.0,0.1,0.1001,50,22,0.0831,0.8021,0.8853,50,50,0.94
post_filter,main_cat='Camera & Photo' AND overall>=4.0,0.1,0.1001,50,23,0.2495,0.7562,1.0057,50,50,0.88
post_filter,main_cat='Camera & Photo' AND overall>=4.0,0.1,0.1001,50,24,0.1531,1.1171,1.2702,50,50,0.98
post_filter,main_cat='Camera & Photo' AND overall>=4.0,0.1,0.1001,50,25,0.5487,0.3303,0.8789,26,26,0.04
post_filter,main_cat='Camera & Photo' AND overall>=4.0,0.1,0.1001,50,26,0.0954,0.9763,1.0718,50,50,1.0
post_filter,main_cat='Camera & Photo' AND overall>=4.0,0.1,0.1001,50,27,0.7466,0.9315,1.6781,50,50,0.6
post_filter,main_cat='Camera & Photo' AND overall>=4.0,0.1,0.1001,50,28,0.3367,0.9745,1.3112,50,50,0.7
post_filter,main_cat='Camera & Photo' AND overall>=4.0,0.1,0.1001,50,29,0.2755,0.6095,0.885,50,50,0.64
post_filter,main_cat='Camera & Photo' AND overall>=4.0,0.1,0.1001,50,30,0.5014,0.4513,0.9528,28,28,0.46
post_filter,main_cat='Camera & Photo' AND overall>=4.0,0.1,0.1001,50,31,0.4217,0.9669,1.3887,50,50,0.64
post_filter,main_cat='Camera & Photo' AND overall>=4.0,0.1,0.1001,50,32,0.7305,0.7487,1.4793,50,50,0.7
post_filter,main_cat='Camera & Photo' AND overall>=4.0,0.1,0.1001,50,33,0.781,0.5687,1.3498,28,28,0.14
post_filter,main_cat='Camera & Photo' AND overall>=4.0,0.1,0.1001,50,34,0.8146,0.9497,1.7643,50,50,0.48
post_filter,main_cat='Camera & Photo' AND overall>=4.0,0.1,0.1001,50,35,0.6525,1.0014,1.6539,50,50,0.64
post_filter,main_cat='Camera & Photo' AND overall>=4.0,0.1,0.1001,50,36,0.1383,0.8313,0.9696,50,50,0.98
post_filter,main_cat='Camera & Photo' AND overall>=4.0,0.1,0.1001,50,37,0.6249,0.7717,1.3966,50,50,0.64
post_filter,main_cat='Camera & Photo' AND overall>=4.0,0.1,0.1001,50,38,0.2901,1.2395,1.5296,50,50,0.76
post_filter,main_cat='Camera & Photo' AND overall>=4.0,0.1,0.1001,50,39,0.2777,0.5857,0.8634,50,50,0.82
post_filter,main_cat='Camera & Photo' AND overall>=4.0,0.1,0.1001,50,40,0.2373,1.2182,1.4555,50,50,0.86
post_filter,main_cat='Camera & Photo' AND overall>=4.0,0.1,0.1001,50,41,0.9266,0.6584,1.585,21,21,0.3
post_filter,main_cat='Camera & Photo' AND overall>=4.0,0.1,0.1001,50,42,0.3491,0.9794,1.3285,50,50,0.88
post_filter,main_cat='Camera & Photo' AND overall>=4.0,0.1,0.1001,50,43,0.2621,0.5278,0.7899,50,50,0.76
post_filter,main_cat='Camera & Photo' AND overall>=4.0,0.1,0.1001,50,44,1.0965,0.8082,1.9048,38,38,0.42
post_filter,main_cat='Camera & Photo' AND overall>=4.0,0.1,0.1001,50,45,0.2395,1.0727,1.3122,50,50,0.88
post_filter,main_cat='Camera & Photo' AND overall>=4.0,0.1,0.1001,50,46,0.9148,0.8717,1.7865,50,50,0.34
post_filter,main_cat='Camera & Photo' AND overall>=4.0,0.1,0.1001,50,47,0.478,0.3233,0.8013,41,41,0.64
post_filter,main_cat='Camera & Photo' AND overall>=4.0,0.1,0.1001,50,48,0.1371,1.0557,1.1929,50,50,0.98
post_filter,main_cat='Camera & Photo' AND overall>=4.0,0.1,0.1001,50,49,0.1896,0.5075,0.697,50,50,0.74
bitmap_prefilter,main_cat='Camera & Photo' AND overall>=4.0,0.1,0.1001,50,0,0.0421,5.9933,6.0354,19400,50,0.98
bitmap_prefilter,main_cat='Camera & Photo' AND overall>=4.0,0.1,0.1001,50,1,0.0347,5.7574,5.7921,19400,50,1.0
bitmap_prefilter,main_cat='Camera & Photo' AND overall>=4.0,0.1,0.1001,50,2,0.0314,5.9676,5.999,19400,50,1.0
bitmap_prefilter,main_cat='Camera & Photo' AND overall>=4.0,0.1,0.1001,50,3,0.0473,5.6866,5.7338,19400,50,1.0
bitmap_prefilter,main_cat='Camera & Photo' AND overall>=4.0,0.1,0.1001,50,4,0.036,5.9084,5.9444,19400,50,1.0
bitmap_prefilter,main_cat='Camera & Photo' AND overall>=4.0,0.1,0.1001,50,5,0.0343,5.811,5.8453,19400,50,1.0
bitmap_prefilter,main_cat='Camera & Photo' AND overall>=4.0,0.1,0.1001,50,6,0.0323,5.8377,5.87,19400,50,1.0
bitmap_prefilter,main_cat='Camera & Photo' AND overall>=4.0,0.1,0.1001,50,7,0.031,5.8233,5.8543,19400,50,1.0
bitmap_prefilter,main_cat='Camera & Photo' AND overall>=4.0,0.1,0.1001,50,8,0.0305,5.8238,5.8544,19400,50,1.0
bitmap_prefilter,main_cat='Camera & Photo' AND overall>=4.0,0.1,0.1001,50,9,0.0305,5.7542,5.7847,19400,50,1.0
bitmap_prefilter,main_cat='Camera & Photo' AND overall>=4.0,0.1,0.1001,50,10,0.029,5.8636,5.8926,19400,50,1.0
bitmap_prefilter,main_cat='Camera & Photo' AND overall>=4.0,0.1,0.1001,50,11,0.0333,5.8858,5.9191,19400,50,1.0
bitmap_prefilter,main_cat='Camera & Photo' AND overall>=4.0,0.1,0.1001,50,12,0.0312,5.9219,5.9531,19400,50,0.98
bitmap_prefilter,main_cat='Camera & Photo' AND overall>=4.0,0.1,0.1001,50,13,0.0312,5.8963,5.9275,19400,50,1.0
bitmap_prefilter,main_cat='Camera & Photo' AND overall>=4.0,0.1,0.1001,50,14,0.03,5.8584,5.8884,19400,50,1.0
bitmap_prefilter,main_cat='Camera & Photo' AND overall>=4.0,0.1,0.1001,50,15,0.0295,5.8135,5.8429,19400,50,1.0
bitmap_prefilter,main_cat='Camera & Photo' AND overall>=4.0,0.1,0.1001,50,16,0.0307,5.9264,5.9571,19400,50,1.0
bitmap_prefilter,main_cat='Camera & Photo' AND overall>=4.0,0.1,0.1001,50,17,0.0311,5.7385,5.7696,19400,50,1.0
bitmap_prefilter,main_cat='Camera & Photo' AND overall>=4.0,0.1,0.1001,50,18,0.0272,5.8938,5.921,19400,50,0.98
bitmap_prefilter,main_cat='Camera & Photo' AND overall>=4.0,0.1,0.1001,50,19,0.0314,5.8072,5.8387,19400,50,1.0
bitmap_prefilter,main_cat='Camera & Photo' AND overall>=4.0,0.1,0.1001,50,20,0.0295,5.8793,5.9089,19400,50,1.0
bitmap_prefilter,main_cat='Camera & Photo' AND overall>=4.0,0.1,0.1001,50,21,0.0294,5.7309,5.7603,19400,50,1.0
bitmap_prefilter,main_cat='Camera & Photo' AND overall>=4.0,0.1,0.1001,50,22,0.0282,5.948,5.9762,19400,50,0.98
bitmap_prefilter,main_cat='Camera & Photo' AND overall>=4.0,0.1,0.1001,50,23,0.0288,5.7736,5.8023,19400,50,1.0
bitmap_prefilter,main_cat='Camera & Photo' AND overall>=4.0,0.1,0.1001,50,24,0.0276,5.9354,5.963,19400,50,1.0
bitmap_prefilter,main_cat='Camera & Photo' AND overall>=4.0,0.1,0.1001,50,25,0.0376,5.7599,5.7975,19400,50,1.0
bitmap_prefilter,main_cat='Camera & Photo' AND overall>=4.0,0.1,0.1001,50,26,0.0333,5.8402,5.8735,19400,50,1.0
bitmap_prefilter,main_cat='Camera & Photo' AND overall>=4.0,0.1,0.1001,50,27,0.0328,5.7199,5.7527,19400,50,1.0
bitmap_prefilter,main_cat='Camera & Photo' AND overall>=4.0,0.1,0.1001,50,28,0.0289,5.7868,5.8157,19400,50,1.0
bitmap_prefilter,main_cat='Camera & Photo' AND overall>=4.0,0.1,0.1001,50,29,0.0285,5.6948,5.7233,19400,50,1.0
bitmap_prefilter,main_cat='Camera & Photo' AND overall>=4.0,0.1,0.1001,50,30,0.0277,5.9246,5.9523,19400,50,0.96
bitmap_prefilter,main_cat='Camera & Photo' AND overall>=4.0,0.1,0.1001,50,31,0.0345,5.7045,5.7389,19400,50,1.0
bitmap_prefilter,main_cat='Camera & Photo' AND overall>=4.0,0.1,0.1001,50,32,0.0302,5.8115,5.8417,19400,50,1.0
bitmap_prefilter,main_cat='Camera & Photo' AND overall>=4.0,0.1,0.1001,50,33,0.0315,5.7161,5.7475,19400,50,1.0
bitmap_prefilter,main_cat='Camera & Photo' AND overall>=4.0,0.1,0.1001,50,34,0.0291,5.8052,5.8343,19400,50,0.98
bitmap_prefilter,main_cat='Camera & Photo' AND overall>=4.0,0.1,0.1001,50,35,0.0288,5.7984,5.8272,19400,50,1.0
bitmap_prefilter,main_cat='Camera & Photo' AND overall>=4.0,0.1,0.1001,50,36,0.0289,5.8895,5.9184,19400,50,1.0
bitmap_prefilter,main_cat='Camera & Photo' AND overall>=4.0,0.1,0.1001,50,37,0.028,5.6722,5.7001,19400,50,1.0
bitmap_prefilter,main_cat='Camera & Photo' AND overall>=4.0,0.1,0.1001,50,38,0.028,5.8118,5.8398,19400,50,1.0
bitmap_prefilter,main_cat='Camera & Photo' AND overall>=4.0,0.1,0.1001,50,39,0.028,5.764,5.7921,19400,50,1.0
bitmap_prefilter,main_cat='Camera & Photo' AND overall>=4.0,0.1,0.1001,50,40,0.0282,5.8237,5.8519,19400,50,1.0
bitmap_prefilter,main_cat='Camera & Photo' AND overall>=4.0,0.1,0.1001,50,41,0.0291,5.7798,5.8089,19400,50,1.0
bitmap_prefilter,main_cat='Camera & Photo' AND overall>=4.0,0.1,0.1001,50,42,0.0274,5.8221,5.8495,19400,50,1.0
bitmap_prefilter,main_cat='Camera & Photo' AND overall>=4.0,0.1,0.1001,50,43,0.029,5.7768,5.8057,19400,50,1.0
bitmap_prefilter,main_cat='Camera & Photo' AND overall>=4.0,0.1,0.1001,50,44,0.0273,5.8127,5.84,19400,50,1.0
bitmap_prefilter,main_cat='Camera & Photo' AND overall>=4.0,0.1,0.1001,50,45,0.0278,5.7103,5.7381,19400,50,1.0
bitmap_prefilter,main_cat='Camera & Photo' AND overall>=4.0,0.1,0.1001,50,46,0.0274,5.8647,5.8921,19400,50,1.0
bitmap_prefilter,main_cat='Camera & Photo' AND overall>=4.0,0.1,0.1001,50,47,0.0283,5.8627,5.891,19400,50,1.0
bitmap_prefilter,main_cat='Camera & Photo' AND overall>=4.0,0.1,0.1001,50,48,0.029,5.832,5.861,19400,50,1.0
bitmap_prefilter,main_cat='Camera & Photo' AND overall>=4.0,0.1,0.1001,50,49,0.0293,5.7424,5.7718,19400,50,1.0
brute_force,main_cat='Camera & Photo',0.12,0.1235,10,0,0.5493,25.0792,25.6285,10,10,1.0
brute_force,main_cat='Camera & Photo',0.12,0.1235,10,1,0.1178,25.3327,25.4505,10,10,1.0
brute_force,main_cat='Camera & Photo',0.12,0.1235,10,2,0.0556,24.8517,24.9072,10,10,1.0
brute_force,main_cat='Camera & Photo',0.12,0.1235,10,3,0.0658,25.6201,25.6858,10,10,1.0
brute_force,main_cat='Camera & Photo',0.12,0.1235,10,4,0.1424,24.8158,24.9582,10,10,1.0
brute_force,main_cat='Camera & Photo',0.12,0.1235,10,5,0.1705,25.3923,25.5629,10,10,1.0
brute_force,main_cat='Camera & Photo',0.12,0.1235,10,6,0.4267,25.002,25.4288,10,10,1.0
brute_force,main_cat='Camera & Photo',0.12,0.1235,10,7,0.1535,25.7733,25.9268,10,10,1.0
brute_force,main_cat='Camera & Photo',0.12,0.1235,10,8,0.256,24.9438,25.1998,10,10,1.0
brute_force,main_cat='Camera & Photo',0.12,0.1235,10,9,0.1092,25.6582,25.7673,10,10,1.0
brute_force,main_cat='Camera & Photo',0.12,0.1235,10,10,0.0825,24.9098,24.9922,10,10,1.0
brute_force,main_cat='Camera & Photo',0.12,0.1235,10,11,0.2069,25.4042,25.6111,10,10,1.0
brute_force,main_cat='Camera & Photo',0.12,0.1235,10,12,0.2915,25.0728,25.3643,10,10,1.0
brute_force,main_cat='Camera & Photo',0.12,0.1235,10,13,0.1111,25.5681,25.6792,10,10,1.0
brute_force,main_cat='Camera & Photo',0.12,0.1235,10,14,0.1951,24.9401,25.1352,10,10,1.0
brute_force,main_cat='Camera & Photo',0.12,0.1235,10,15,0.4059,25.5111,25.917,10,10,1.0
brute_force,main_cat='Camera & Photo',0.12,0.1235,10,16,0.0542,25.0108,25.065,10,10,1.0
brute_force,main_cat='Camera & Photo',0.12,0.1235,10,17,0.054,25.4509,25.5048,10,10,1.0
brute_force,main_cat='Camera & Photo',0.12,0.1235,10,18,0.0576,24.8424,24.9,10,10,1.0
brute_force,main_cat='Camera & Photo',0.12,0.1235,10,19,0.1199,25.5678,25.6877,10,10,1.0
brute_force,main_cat='Camera & Photo',0.12,0.1235,10,20,0.125,25.0089,25.1339,10,10,1.0
brute_force,main_cat='Camera & Photo',0.12,0.1235,10,21,0.2512,25.456,25.7072,10,10,1.0
brute_force,main_cat='Camera & Photo',0.12,0.1235,10,22,0.0223,24.7498,24.7721,10,10,1.0
brute_force,main_cat='Camera & Photo',0.12,0.1235,10,23,0.074,25.3047,25.3787,10,10,1.0
brute_force,main_cat='Camera & Photo',0.12,0.1235,10,24,0.0353,24.7007,24.736,10,10,1.0
brute_force,main_cat='Camera & Photo',0.12,0.1235,10,25,0.1741,25.4345,25.6086,10,10,1.0
brute_force,main_cat='Camera & Photo',0.12,0.1235,10,26,0.0309,24.8546,24.8855,10,10,1.0
brute_force,main_cat='Camera & Photo',0.12,0.1235,10,27,0.1537,25.6219,25.7757,10,10,1.0
brute_force,main_cat='Camera & Photo',0.12,0.1235,10,28,0.0737,24.701,24.7748,10,10,1.0
brute_force,main_cat='Camera & Photo',0.12,0.1235,10,29,0.0737,25.4038,25.4775,10,10,1.0
brute_force,main_cat='Camera & Photo',0.12,0.1235,10,30,0.0639,24.7466,24.8105,10,10,1.0
brute_force,main_cat='Camera & Photo',0.12,0.1235,10,31,0.1322,25.3235,25.4557,10,10,1.0
brute_force,main_cat='Camera & Photo',0.12,0.1235,10,32,0.022,24.8803,24.9024,10,10,1.0
brute_force,main_cat='Camera & Photo',0.12,0.1235,10,33,0.2454,25.357,25.6024,10,10,1.0
brute_force,main_cat='Camera & Photo',0.12,0.1235,10,34,0.2539,24.6616,24.9155,10,10,1.0
brute_force,main_cat='Camera & Photo',0.12,0.1235,10,35,0.1397,25.3673,25.507,10,10,1.0
brute_force,main_cat='Camera & Photo',0.12,0.1235,10,36,0.02,24.7598,24.7797,10,10,1.0
brute_force,main_cat='Camera & Photo',0.12,0.1235,10,37,0.1638,25.2516,25.4154,10,10,1.0
brute_force,main_cat='Camera & Photo',0.12,0.1235,10,38,0.0349,24.6875,24.7224,10,10,1.0
brute_force,main_cat='Camera & Photo',0.12,0.1235,10,39,0.0756,25.3657,25.4413,10,10,1.0
brute_force,main_cat='Camera & Photo',0.12,0.1235,10,40,0.0405,24.6445,24.6851,10,10,1.0
brute_force,main_cat='Camera & Photo',0.12,0.1235,10,41,0.1493,26.3344,26.4837,10,10,1.0
brute_force,main_cat='Camera & Photo',0.12,0.1235,10,42,0.1145,24.5555,24.67,10,10,1.0
brute_force,main_cat='Camera & Photo',0.12,0.1235,10,43,0.0576,25.3269,25.3845,10,10,1.0
brute_force,main_cat='Camera & Photo',0.12,0.1235,10,44,0.0242,24.8025,24.8267,10,10,1.0
brute_force,main_cat='Camera & Photo',0.12,0.1235,10,45,0.0622,25.6044,25.6666,10,10,1.0
brute_force,main_cat='Camera & Photo',0.12,0.1235,10,46,0.2586,24.7786,25.0372,10,10,1.0
brute_force,main_cat='Camera & Photo',0.12,0.1235,10,47,0.0468,25.3925,25.4393,10,10,1.0
brute_force,main_cat='Camera & Photo',0.12,0.1235,10,48,0.0365,24.9963,25.0328,10,10,1.0
brute_force,main_cat='Camera & Photo',0.12,0.1235,10,49,0.0437,25.4967,25.5404,10,10,1.0
naive_prefilter,main_cat='Camera & Photo',0.12,0.1235,10,0,15.089,7.7124,22.8014,23921,10,1.0
naive_prefilter,main_cat='Camera & Photo',0.12,0.1235,10,1,15.2968,7.7777,23.0745,23921,10,1.0
naive_prefilter,main_cat='Camera & Photo',0.12,0.1235,10,2,14.839,7.3898,22.2289,23921,10,1.0
naive_prefilter,main_cat='Camera & Photo',0.12,0.1235,10,3,15.0847,7.2636,22.3483,23921,10,1.0
naive_prefilter,main_cat='Camera & Photo',0.12,0.1235,10,4,14.7747,7.4123,22.187,23921,10,1.0
naive_prefilter,main_cat='Camera & Photo',0.12,0.1235,10,5,15.0788,7.3151,22.3939,23921,10,1.0
naive_prefilter,main_cat='Camera & Photo',0.12,0.1235,10,6,14.683,7.4344,22.1175,23921,10,1.0
naive_prefilter,main_cat='Camera & Photo',0.12,0.1235,10,7,14.9087,7.4111,22.3198,23921,10,1.0
naive_prefilter,main_cat='Camera & Photo',0.12,0.1235,10,8,14.754,7.3466,22.1006,23921,10,1.0
naive_prefilter,main_cat='Camera & Photo',0.12,0.1235,10,9,14.5035,7.2638,21.7672,23921,10,1.0
naive_prefilter,main_cat='Camera & Photo',0.12,0.1235,10,10,14.5507,7.2886,21.8394,23921,10,1.0
naive_prefilter,main_cat='Camera & Photo',0.12,0.1235,10,11,14.7205,7.2242,21.9447,23921,10,1.0
naive_prefilter,main_cat='Camera & Photo',0.12,0.1235,10,12,14.628,7.4007,22.0287,23921,10,1.0
naive_prefilter,main_cat='Camera & Photo',0.12,0.1235,10,13,14.6136,7.2573,21.8709,23921,10,1.0
naive_prefilter,main_cat='Camera & Photo',0.12,0.1235,10,14,14.5619,7.3988,21.9607,23921,10,1.0
naive_prefilter,main_cat='Camera & Photo',0.12,0.1235,10,15,14.5161,7.2964,21.8125,23921,10,1.0
naive_prefilter,main_cat='Camera & Photo',0.12,0.1235,10,16,14.6867,7.4015,22.0882,23921,10,1.0
naive_prefilter,main_cat='Camera & Photo',0.12,0.1235,10,17,14.4522,7.2962,21.7485,23921,10,1.0
naive_prefilter,main_cat='Camera & Photo',0.12,0.1235,10,18,14.4104,7.4199,21.8302,23921,10,1.0
naive_prefilter,main_cat='Camera & Photo',0.12,0.1235,10,19,14.4141,7.2231,21.6372,23921,10,1.0
naive_prefilter,main_cat='Camera & Photo',0.12,0.1235,10,20,14.4408,7.3886,21.8293,23921,10,1.0
naive_prefilter,main_cat='Camera & Photo',0.12,0.1235,10,21,14.4497,7.2837,21.7334,23921,10,1.0
naive_prefilter,main_cat='Camera & Photo',0.12,0.1235,10,22,14.6173,7.4215,22.0388,23921,10,1.0
naive_prefilter,main_cat='Camera & Photo',0.12,0.1235,10,23,14.5435,7.2075,21.751,23921,10,1.0
naive_prefilter,main_cat='Camera & Photo',0.12,0.1235,10,24,14.4104,7.6105,22.0208,23921,10,1.0
naive_prefilter,main_cat='Camera & Photo',0.12,0.1235,10,25,14.4098,7.367,21.7768,23921,10,1.0
naive_prefilter,main_cat='Camera & Photo',0.12,0.1235,10,26,14.4496,7.7783,22.2279,23921,10,1.0
naive_prefilter,main_cat='Camera & Photo',0.12,0.1235,10,27,14.5586,7.2026,21.7612,23921,10,1.0
naive_prefilter,main_cat='Camera & Photo',0.12,0.1235,10,28,14.4218,7.3508,21.7725,23921,10,1.0
naive_prefilter,main_cat='Camera & Photo',0.12,0.1235,10,29,14.4234,7.2612,21.6846,23921,10,1.0
naive_prefilter,main_cat='Camera & Photo',0.12,0.1235,10,30,14.5745,7.3367,21.9113,23921,10,1.0
naive_prefilter,main_cat='Camera & Photo',0.12,0.1235,10,31,14.744,7.3278,22.0718,23921,10,1.0
naive_prefilter,main_cat='Camera & Photo',0.12,0.1235,10,32,14.5435,7.394,21.9375,23921,10,1.0
naive_prefilter,main_cat='Camera & Photo',0.12,0.1235,10,33,14.3828,7.2633,21.6461,23921,10,1.0
naive_prefilter,main_cat='Camera & Photo',0.12,0.1235,10,34,14.4191,7.5273,21.9465,23921,10,1.0
naive_prefilter,main_cat='Camera & Photo',0.12,0.1235,10,35,14.511,7.4,21.911,23921,10,1.0
naive_prefilter,main_cat='Camera & Photo',0.12,0.1235,10,36,14.5257,7.3597,21.8854,23921,10,1.0
naive_prefilter,main_cat='Camera & Photo',0.12,0.1235,10,37,14.633,7.2122,21.8452,23921,10,1.0
naive_prefilter,main_cat='Camera & Photo',0.12,0.1235,10,38,14.535,7.5519,22.0869,23921,10,1.0
naive_prefilter,main_cat='Camera & Photo',0.12,0.1235,10,39,14.4303,7.2716,21.7019,23921,10,1.0
naive_prefilter,main_cat='Camera & Photo',0.12,0.1235,10,40,14.5211,7.3397,21.8608,23921,10,1.0
naive_prefilter,main_cat='Camera & Photo',0.12,0.1235,10,41,14.5472,7.4638,22.011,23921,10,1.0
naive_prefilter,main_cat='Camera & Photo',0.12,0.1235,10,42,14.3811,7.3654,21.7465,23921,10,1.0
naive_prefilter,main_cat='Camera & Photo',0.12,0.1235,10,43,14.3557,7.216,21.5717,23921,10,1.0
naive_prefilter,main_cat='Camera & Photo',0.12,0.1235,10,44,14.4025,7.3898,21.7923,23921,10,1.0
naive_prefilter,main_cat='Camera & Photo',0.12,0.1235,10,45,14.4225,7.4453,21.8679,23921,10,1.0
naive_prefilter,main_cat='Camera & Photo',0.12,0.1235,10,46,14.5501,7.3344,21.8845,23921,10,1.0
naive_prefilter,main_cat='Camera & Photo',0.12,0.1235,10,47,14.3125,7.3872,21.6997,23921,10,0.0
naive_prefilter,main_cat='Camera & Photo',0.12,0.1235,10,48,14.4846,7.4027,21.8873,23921,10,1.0
naive_prefilter,main_cat='Camera & Photo',0.12,0.1235,10,49,14.5497,7.2138,21.7636,23921,10,1.0
post_filter,main_cat='Camera & Photo',0.12,0.1235,10,0,0.1585,0.3667,0.5252,6,6,0.6
post_filter,main_cat='Camera & Photo',0.12,0.1235,10,1,0.0985,0.8356,0.9341,10,10,0.9
post_filter,main_cat='Camera & Photo',0.12,0.1235,10,2,0.0413,0.6539,0.6951,10,10,1.0
post_filter,main_cat='Camera & Photo',0.12,0.1235,10,3,0.047,0.6718,0.7188,10,10,1.0
post_filter,main_cat='Camera & Photo',0.12,0.1235,10,4,0.1182,0.871,0.9891,10,10,1.0
post_filter,main_cat='Camera & Photo',0.12,0.1235,10,5,0.1485,0.7421,0.8905,10,10,0.9
post_filter,main_cat='Camera & Photo',0.12,0.1235,10,6,0.4048,0.9543,1.3591,10,10,0.9
post_filter,main_cat='Camera & Photo',0.12,0.1235,10,7,0.1153,0.6751,0.7905,10,10,1.0
post_filter,main_cat='Camera & Photo',0.12,0.1235,10,8,0.1933,0.9018,1.0951,10,10,1.0
post_filter,main_cat='Camera & Photo',0.12,0.1235,10,9,0.0784,0.8888,0.9672,10,10,1.0
post_filter,main_cat='Camera & Photo',0.12,0.1235,10,10,0.0696,0.8071,0.8767,10,10,1.0
post_filter,main_cat='Camera & Photo',0.12,0.1235,10,11,0.2248,0.8016,1.0264,10,10,0.7
post_filter,main_cat='Camera & Photo',0.12,0.1235,10,12,0.2805,0.6437,0.9242,10,10,0.6
post_filter,main_cat='Camera & Photo',0.12,0.1235,10,13,0.0852,0.6868,0.772,10,10,1.0
post_filter,main_cat='Camera & Photo',0.12,0.1235,10,14,0.2004,0.5276,0.728,10,10,0.7
post_filter,main_cat='Camera & Photo',0.12,0.1235,10,15,0.305,0.4492,0.7542,2,2,0.2
post_filter,main_cat='Camera & Photo',0.12,0.1235,10,16,0.0493,0.9253,0.9746,10,10,1.0
post_filter,main_cat='Camera & Photo',0.12,0.1235,10,17,0.0399,0.6555,0.6954,10,10,1.0
post_filter,main_cat='Camera & Photo',0.12,0.1235,10,18,0.0442,0.7432,0.7873,10,10,1.0
post_filter,main_cat='Camera & Photo',0.12,0.1235,10,19,0.093,0.7893,0.8823,10,10,0.9
post_filter,main_cat='Camera & Photo',0.12,0.1235,10,20,0.1013,0.5732,0.6745,10,10,1.0
post_filter,main_cat='Camera & Photo',0.12,0.1235,10,21,0.1723,0.5876,0.7599,10,10,0.6
post_filter,main_cat='Camera & Photo',0.12,0.1235,10,22,0.0157,0.6486,0.6644,10,10,1.0
post_filter,main_cat='Camera & Photo',0.12,0.1235,10,23,0.0562,0.6326,0.6888,10,10,1.0
post_filter,main_cat='Camera & Photo',0.12,0.1235,10,24,0.0267,0.8396,0.8663,10,10,1.0
post_filter,main_cat='Camera & Photo',0.12,0.1235,10,25,0.1694,0.2563,0.4257,10,10,0.2
post_filter,main_cat='Camera & Photo',0.12,0.1235,10,26,0.0207,0.7595,0.7802,10,10,1.0
post_filter,main_cat='Camera & Photo',0.12,0.1235,10,27,0.1235,0.7173,0.8408,10,10,1.0
post_filter,main_cat='Camera & Photo',0.12,0.1235,10,28,0.0577,0.7579,0.8156,10,10,1.0
post_filter,main_cat='Camera & Photo',0.12,0.1235,10,29,0.0545,0.4952,0.5497,10,10,1.0
post_filter,main_cat='Camera & Photo',0.12,0.1235,10,30,0.1278,0.3789,0.5067,10,10,0.0
post_filter,main_cat='Camera & Photo',0.12,0.1235,10,31,0.1397,0.7835,0.9232,10,10,0.7
post_filter,main_cat='Camera & Photo',0.12,0.1235,10,32,0.0154,0.6076,0.623,10,10,1.0
post_filter,main_cat='Camera & Photo',0.12,0.1235,10,33,0.3112,0.4566,0.7678,10,10,0.4
post_filter,main_cat='Camera & Photo',0.12,0.1235,10,34,0.2396,0.747,0.9865,10,10,0.8
post_filter,main_cat='Camera & Photo',0.12,0.1235,10,35,0.1095,0.783,0.8925,10,10,1.0
post_filter,main_cat='Camera & Photo',0.12,0.1235,10,36,0.0138,0.6484,0.6622,10,10,1.0
post_filter,main_cat='Camera & Photo',0.12,0.1235,10,37,0.1369,0.592,0.729,10,10,1.0
post_filter,main_cat='Camera & Photo',0.12,0.1235,10,38,0.0248,0.9295,0.9543,10,10,1.0
post_filter,main_cat='Camera & Photo',0.12,0.1235,10,39,0.0585,0.4613,0.5198,10,10,1.0
post_filter,main_cat='Camera & Photo',0.12,0.1235,10,40,0.0276,0.908,0.9356,10,10,1.0
post_filter,main_cat='Camera & Photo',0.12,0.1235,10,41,0.1173,0.5146,0.6319,10,10,1.0
post_filter,main_cat='Camera & Photo',0.12,0.1235,10,42,0.0958,0.743,0.8388,10,10,0.9
post_filter,main_cat='Camera & Photo',0.12,0.1235,10,43,0.0456,0.395,0.4406,10,10,0.9
post_filter,main_cat='Camera & Photo',0.12,0.1235,10,44,0.0169,0.574,0.591,10,10,1.0
post_filter,main_cat='Camera & Photo',0.12,0.1235,10,45,0.0493,0.8422,0.8915,10,10,1.0
post_filter,main_cat='Camera & Photo',0.12,0.1235,10,46,0.3625,0.7215,1.0841,10,10,0.4
post_filter,main_cat='Camera & Photo',0.12,0.1235,10,47,0.0715,0.2338,0.3053,10,10,0.0
post_filter,main_cat='Camera & Photo',0.12,0.1235,10,48,0.0253,0.8227,0.848,10,10,1.0
post_filter,main_cat='Camera & Photo',0.12,0.1235,10,49,0.0289,0.4034,0.4323,10,10,1.0
bitmap_prefilter,main_cat='Camera & Photo',0.12,0.1235,10,0,0.0333,6.8386,6.8719,23921,10,1.0
bitmap_prefilter,main_cat='Camera & Photo',0.12,0.1235,10,1,0.028,6.8407,6.8687,23921,10,1.0
bitmap_prefilter,main_cat='Camera & Photo',0.12,0.1235,10,2,0.0275,6.7341,6.7616,23921,10,1.0
bitmap_prefilter,main_cat='Camera & Photo',0.12,0.1235,10,3,0.0261,6.8043,6.8304,23921,10,1.0
bitmap_prefilter,main_cat='Camera & Photo',0.12,0.1235,10,4,0.0258,6.8234,6.8492,23921,10,1.0
bitmap_prefilter,main_cat='Camera & Photo',0.12,0.1235,10,5,0.0252,6.6904,6.7155,23921,10,1.0
bitmap_prefilter,main_cat='Camera & Photo',0.12,0.1235,10,6,0.0243,6.8787,6.903,23921,10,1.0
bitmap_prefilter,main_cat='Camera & Photo',0.12,0.1235,10,7,0.0367,6.7322,6.769,23921,10,1.0
bitmap_prefilter,main_cat='Camera & Photo',0.12,0.1235,10,8,0.0304,6.7895,6.8198,23921,10,1.0
bitmap_prefilter,main_cat='Camera & Photo',0.12,0.1235,10,9,0.0316,6.7917,6.8233,23921,10,1.0
bitmap_prefilter,main_cat='Camera & Photo',0.12,0.1235,10,10,0.0263,6.9309,6.9572,23921,10,1.0
bitmap_prefilter,main_cat='Camera & Photo',0.12,0.1235,10,11,0.0294,6.7957,6.825,23921,10,1.0
bitmap_prefilter,main_cat='Camera & Photo',0.12,0.1235,10,12,0.025,6.8136,6.8386,23921,10,1.0
bitmap_prefilter,main_cat='Camera & Photo',0.12,0.1235,10,13,0.0256,6.7498,6.7754,23921,10,1.0
bitmap_prefilter,main_cat='Camera & Photo',0.12,0.1235,10,14,0.0294,6.7545,6.7839,23921,10,1.0
bitmap_prefilter,main_cat='Camera & Photo',0.12,0.1235,10,15,0.0269,6.7092,6.7361,23921,10,1.0
bitmap_prefilter,main_cat='Camera & Photo',0.12,0.1235,10,16,0.0341,6.9435,6.9777,23921,10,1.0
bitmap_prefilter,main_cat='Camera & Photo',0.12,0.1235,10,17,0.0252,6.729,6.7542,23921,10,1.0
bitmap_prefilter,main_cat='Camera & Photo',0.12,0.1235,10,18,0.0251,6.8899,6.915,23921,10,1.0
bitmap_prefilter,main_cat='Camera & Photo',0.12,0.1235,10,19,0.0269,6.7039,6.7308,23921,10,1.0
bitmap_prefilter,main_cat='Camera & Photo',0.12,0.1235,10,20,0.0247,6.8638,6.8885,23921,10,1.0
bitmap_prefilter,main_cat='Camera & Photo',0.12,0.1235,10,21,0.0245,6.7515,6.776,23921,10,1.0
bitmap_prefilter,main_cat='Camera & Photo',0.12,0.1235,10,22,0.032,6.8253,6.8572,23921,10,1.0
bitmap_prefilter,main_cat='Camera & Photo',0.12,0.1235,10,23,0.0264,6.7319,6.7583,23921,10,1.0
bitmap_prefilter,main_cat='Camera & Photo',0.12,0.1235,10,24,0.0279,6.7688,6.7967,23921,10,1.0
bitmap_prefilter,main_cat='Camera & Photo',0.12,0.1235,10,25,0.0276,6.8355,6.8631,23921,10,1.0
bitmap_prefilter,main_cat='Camera & Photo',0.12,0.1235,10,26,0.0278,6.764,6.7918,23921,10,1.0
bitmap_prefilter,main_cat='Camera & Photo',0.12,0.1235,10,27,0.0238,6.703,6.7269,23921,10,1.0
bitmap_prefilter,main_cat='Camera & Photo',0.12,0.1235,10,28,0.0242,6.8224,6.8466,23921,10,1.0
bitmap_prefilter,main_cat='Camera & Photo',0.12,0.1235,10,29,0.0273,6.6985,6.7257,23921,10,1.0
bitmap_prefilter,main_cat='Camera & Photo',0.12,0.1235,10,30,0.0255,7.1403,7.1658,23921,10,1.0
bitmap_prefilter,main_cat='Camera & Photo',0.12,0.1235,10,31,0.0258,6.9976,7.0235,23921,10,1.0
bitmap_prefilter,main_cat='Camera & Photo',0.12,0.1235,10,32,0.026,7.1609,7.1868,23921,10,1.0
bitmap_prefilter,main_cat='Camera & Photo',0.12,0.1235,10,33,0.0262,7.2608,7.2871,23921,10,1.0
bitmap_prefilter,main_cat='Camera & Photo',0.12,0.1235,10,34,0.0259,7.1276,7.1535,23921,10,1.0
bitmap_prefilter,main_cat='Camera & Photo',0.12,0.1235,10,35,0.0255,6.7316,6.7572,23921,10,1.0
bitmap_prefilter,main_cat='Camera & Photo',0.12,0.1235,10,36,0.0263,6.8614,6.8877,23921,10,1.0
bitmap_prefilter,main_cat='Camera & Photo',0.12,0.1235,10,37,0.0255,6.716,6.7416,23921,10,1.0
bitmap_prefilter,main_cat='Camera & Photo',0.12,0.1235,10,38,0.0268,6.7247,6.7515,23921,10,1.0
bitmap_prefilter,main_cat='Camera & Photo',0.12,0.1235,10,39,0.0245,6.7229,6.7474,23921,10,1.0
bitmap_prefilter,main_cat='Camera & Photo',0.12,0.1235,10,40,0.0264,7.0481,7.0745,23921,10,1.0
bitmap_prefilter,main_cat='Camera & Photo',0.12,0.1235,10,41,0.0251,6.6933,6.7184,23921,10,1.0
bitmap_prefilter,main_cat='Camera & Photo',0.12,0.1235,10,42,0.0261,6.8881,6.9142,23921,10,1.0
bitmap_prefilter,main_cat='Camera & Photo',0.12,0.1235,10,43,0.0254,6.6879,6.7132,23921,10,1.0
bitmap_prefilter,main_cat='Camera & Photo',0.12,0.1235,10,44,0.0248,6.825,6.8498,23921,10,1.0
bitmap_prefilter,main_cat='Camera & Photo',0.12,0.1235,10,45,0.0252,6.7473,6.7725,23921,10,1.0
bitmap_prefilter,main_cat='Camera & Photo',0.12,0.1235,10,46,0.0247,6.7763,6.801,23921,10,1.0
bitmap_prefilter,main_cat='Camera & Photo',0.12,0.1235,10,47,0.025,6.7345,6.7595,23921,10,0.0
bitmap_prefilter,main_cat='Camera & Photo',0.12,0.1235,10,48,0.0247,6.8446,6.8693,23921,10,1.0
bitmap_prefilter,main_cat='Camera & Photo',0.12,0.1235,10,49,0.0238,6.8163,6.8401,23921,10,1.0
brute_force,main_cat='Camera & Photo',0.12,0.1235,50,0,1.3344,24.8547,26.189,50,50,0.98
brute_force,main_cat='Camera & Photo',0.12,0.1235,50,1,0.383,25.6637,26.0466,50,50,1.0
brute_force,main_cat='Camera & Photo',0.12,0.1235,50,2,0.3171,24.992,25.3091,50,50,1.0
brute_force,main_cat='Camera & Photo',0.12,0.1235,50,3,0.2405,25.5447,25.7852,50,50,1.0
brute_force,main_cat='Camera & Photo',0.12,0.1235,50,4,0.461,25.0453,25.5063,50,50,1.0
brute_force,main_cat='Camera & Photo',0.12,0.1235,50,5,0.5107,25.3909,25.9016,50,50,1.0
brute_force,main_cat='Camera & Photo',0.12,0.1235,50,6,1.0907,25.0834,26.1741,50,50,1.0
brute_force,main_cat='Camera & Photo',0.12,0.1235,50,7,0.4906,25.4439,25.9345,50,50,1.0
brute_force,main_cat='Camera & Photo',0.12,0.1235,50,8,0.745,24.9997,25.7448,50,50,1.0
brute_force,main_cat='Camera & Photo',0.12,0.1235,50,9,0.3803,25.45,25.8302,50,50,1.0
brute_force,main_cat='Camera & Photo',0.12,0.1235,50,10,0.3193,24.9006,25.2199,50,50,1.0
brute_force,main_cat='Camera & Photo',0.12,0.1235,50,11,0.693,25.3582,26.0512,50,50,1.0
brute_force,main_cat='Camera & Photo',0.12,0.1235,50,12,0.5864,24.9685,25.5548,50,50,0.98
brute_force,main_cat='Camera & Photo',0.12,0.1235,50,13,0.3675,25.5476,25.915,50,50,1.0
brute_force,main_cat='Camera & Photo',0.12,0.1235,50,14,0.5758,25.1003,25.6761,50,50,1.0
brute_force,main_cat='Camera & Photo',0.12,0.1235,50,15,0.7897,25.5436,26.3333,50,50,1.0
brute_force,main_cat='Camera & Photo',0.12,0.1235,50,16,0.2352,25.0454,25.2806,50,50,1.0
brute_force,main_cat='Camera & Photo',0.12,0.1235,50,17,0.1672,25.6077,25.7748,50,50,1.0
brute_force,main_cat='Camera & Photo',0.12,0.1235,50,18,0.2323,24.8502,25.0825,50,50,1.0
brute_force,main_cat='Camera & Photo',0.12,0.1235,50,19,0.387,25.877,26.2641,50,50,1.0
brute_force,main_cat='Camera & Photo',0.12,0.1235,50,20,0.3861,24.7886,25.1747,50,50,1.0
brute_force,main_cat='Camera & Photo',0.12,0.1235,50,21,0.4782,25.3467,25.8249,50,50,1.0
brute_force,main_cat='Camera & Photo',0.12,0.1235,50,22,0.0816,24.7708,24.8524,50,50,1.0
brute_force,main_cat='Camera & Photo',0.12,0.1235,50,23,0.29,25.4812,25.7712,50,50,1.0
brute_force,main_cat='Camera & Photo',0.12,0.1235,50,24,0.1808,24.5893,24.7701,50,50,1.0
brute_force,main_cat='Camera & Photo',0.12,0.1235,50,25,0.3953,25.3126,25.708,50,50,1.0
brute_force,main_cat='Camera & Photo',0.12,0.1235,50,26,0.1212,24.6094,24.7306,50,50,1.0
brute_force,main_cat='Camera & Photo',0.12,0.1235,50,27,0.4179,25.3883,25.8062,50,50,1.0
brute_force,main_cat='Camera & Photo',0.12,0.1235,50,28,0.294,24.6206,24.9145,50,50,1.0
brute_force,main_cat='Camera & Photo',0.12,0.1235,50,29,0.2824,25.4525,25.7348,50,50,1.0
brute_force,main_cat='Camera & Photo',0.12,0.1235,50,30,0.2866,24.6014,24.888,50,50,1.0
brute_force,main_cat='Camera & Photo',0.12,0.1235,50,31,0.391,25.4037,25.7946,50,50,1.0
brute_force,main_cat='Camera & Photo',0.12,0.1235,50,32,0.1371,24.7133,24.8504,50,50,1.0
brute_force,main_cat='Camera & Photo',0.12,0.1235,50,33,0.5992,25.4003,25.9996,50,50,1.0
brute_force,main_cat='Camera & Photo',0.12,0.1235,50,34,0.73,24.6672,25.3973,50,50,0.98
brute_force,main_cat='Camera & Photo',0.12,0.1235,50,35,0.4696,25.861,26.3306,50,50,1.0
brute_force,main_cat='Camera & Photo',0.12,0.1235,50,36,0.0948,26.6593,26.7541,50,50,1.0
brute_force,main_cat='Camera & Photo',0.12,0.1235,50,37,0.5665,26.8629,27.4294,50,50,1.0
brute_force,main_cat='Camera & Photo',0.12,0.1235,50,38,0.2057,24.7362,24.942,50,50,1.0
brute_force,main_cat='Camera & Photo',0.12,0.1235,50,39,0.3175,25.3913,25.7088,50,50,1.0
brute_force,main_cat='Camera & Photo',0.12,0.1235,50,40,0.1873,24.755,24.9423,50,50,1.0
brute_force,main_cat='Camera & Photo',0.12,0.1235,50,41,0.4748,25.2092,25.6839,50,50,1.0
brute_force,main_cat='Camera & Photo',0.12,0.1235,50,42,0.3458,24.5732,24.919,50,50,1.0
brute_force,main_cat='Camera & Photo',0.12,0.1235,50,43,0.2983,25.5138,25.8121,50,50,1.0
brute_force,main_cat='Camera & Photo',0.12,0.1235,50,44,0.159,24.742,24.901,50,50,1.0
brute_force,main_cat='Camera & Photo',0.12,0.1235,50,45,0.2502,25.3612,25.6114,50,50,1.0
brute_force,main_cat='Camera & Photo',0.12,0.1235,50,46,0.7042,24.7197,25.4239,50,50,1.0
brute_force,main_cat='Camera & Photo',0.12,0.1235,50,47,0.2635,25.4273,25.6908,50,50,1.0
brute_force,main_cat='Camera & Photo',0.12,0.1235,50,48,0.1616,24.8255,24.9871,50,50,1.0
brute_force,main_cat='Camera & Photo',0.12,0.1235,50,49,0.2095,25.3696,25.5792,50,50,1.0
naive_prefilter,main_cat='Camera & Photo',0.12,0.1235,50,0,14.9508,7.4307,22.3815,23921,50,0.98
naive_prefilter,main_cat='Camera & Photo',0.12,0.1235,50,1,14.891,7.2537,22.1447,23921,50,1.0
naive_prefilter,main_cat='Camera & Photo',0.12,0.1235,50,2,14.9969,7.5637,22.5606,23921,50,1.0
naive_prefilter,main_cat='Camera & Photo',0.12,0.1235,50,3,15.1093,7.2183,22.3276,23921,50,1.0
naive_prefilter,main_cat='Camera & Photo',0.12,0.1235,50,4,15.1485,7.814,22.9625,23921,50,1.0
naive_prefilter,main_cat='Camera & Photo',0.12,0.1235,50,5,15.0687,7.3554,22.4241,23921,50,1.0
naive_prefilter,main_cat='Camera & Photo',0.12,0.1235,50,6,15.1588,7.4438,22.6026,23921,50,1.0
naive_prefilter,main_cat='Camera & Photo',0.12,0.1235,50,7,14.7865,7.3232,22.1098,23921,50,1.0
naive_prefilter,main_cat='Camera & Photo',0.12,0.1235,50,8,14.8376,7.6108,22.4483,23921,50,1.0
naive_prefilter,main_cat='Camera & Photo',0.12,0.1235,50,9,14.6968,7.351,22.0478,23921,50,1.0
naive_prefilter,main_cat='Camera & Photo',0.12,0.1235,50,10,14.7062,7.3937,22.0998,23921,50,1.0
naive_prefilter,main_cat='Camera & Photo',0.12,0.1235,50,11,14.7957,7.3175,22.1132,23921,50,1.0
naive_prefilter,main_cat='Camera & Photo',0.12,0.1235,50,12,14.7635,7.4097,22.1732,23921,50,0.98
naive_prefilter,main_cat='Camera & Photo',0.12,0.1235,50,13,14.5843,7.3879,21.9722,23921,50,1.0
naive_prefilter,main_cat='Camera & Photo',0.12,0.1235,50,14,14.7229,7.375,22.0979,23921,50,1.0
naive_prefilter,main_cat='Camera & Photo',0.12,0.1235,50,15,14.7305,7.3995,22.1299,23921,50,1.0
naive_prefilter,main_cat='Camera & Photo',0.12,0.1235,50,16,14.7279,7.4452,22.1732,23921,50,1.0
naive_prefilter,main_cat='Camera & Photo',0.12,0.1235,50,17,14.5121,7.3211,21.8333,23921,50,1.0
naive_prefilter,main_cat='Camera & Photo',0.12,0.1235,50,18,14.6771,7.4624,22.1395,23921,50,1.0
naive_prefilter,main_cat='Camera & Photo',0.12,0.1235,50,19,14.6811,7.1836,21.8647,23921,50,1.0
naive_prefilter,main_cat='Camera & Photo',0.12,0.1235,50,20,14.6023,7.3845,21.9868,23921,50,1.0
naive_prefilter,main_cat='Camera & Photo',0.12,0.1235,50,21,14.3265,7.242,21.5685,23921,50,1.0
naive_prefilter,main_cat='Camera & Photo',0.12,0.1235,50,22,14.4775,7.4206,21.898,23921,50,1.0
naive_prefilter,main_cat='Camera & Photo',0.12,0.1235,50,23,14.4717,7.4276,21.8992,23921,50,1.0
naive_prefilter,main_cat='Camera & Photo',0.12,0.1235,50,24,14.2852,7.338,21.6231,23921,50,1.0
naive_prefilter,main_cat='Camera & Photo',0.12,0.1235,50,25,14.5219,7.2296,21.7515,23921,50,1.0
naive_prefilter,main_cat='Camera & Photo',0.12,0.1235,50,26,14.4334,7.4556,21.889,23921,50,1.0
naive_prefilter,main_cat='Camera & Photo',0.12,0.1235,50,27,14.4238,7.2394,21.6632,23921,50,1.0
naive_prefilter,main_cat='Camera & Photo',0.12,0.1235,50,28,14.4501,7.419,21.8691,23921,50,1.0
naive_prefilter,main_cat='Camera & Photo',0.12,0.1235,50,29,14.5154,7.2197,21.7352,23921,50,1.0
naive_prefilter,main_cat='Camera & Photo',0.12,0.1235,50,30,14.3504,7.3471,21.6975,23921,50,0.94
naive_prefilter,main_cat='Camera & Photo',0.12,0.1235,50,31,14.4548,7.28,21.7347,23921,50,1.0
naive_prefilter,main_cat='Camera & Photo',0.12,0.1235,50,32,14.5097,7.3362,21.8459,23921,50,1.0
naive_prefilter,main_cat='Camera & Photo',0.12,0.1235,50,33,14.2758,7.2319,21.5077,23921,50,1.0
naive_prefilter,main_cat='Camera & Photo',0.12,0.1235,50,34,14.4188,7.5155,21.9343,23921,50,0.98
naive_prefilter,main_cat='Camera & Photo',0.12,0.1235,50,35,14.3887,7.2168,21.6055,23921,50,1.0
naive_prefilter,main_cat='Camera & Photo',0.12,0.1235,50,36,14.5007,7.3795,21.8802,23921,50,1.0
naive_prefilter,main_cat='Camera & Photo',0.12,0.1235,50,37,14.6081,7.3011,21.9092,23921,50,1.0
naive_prefilter,main_cat='Camera & Photo',0.12,0.1235,50,38,14.4657,7.3555,21.8212,23921,50,1.0
naive_prefilter,main_cat='Camera & Photo',0.12,0.1235,50,39,14.374,7.2423,21.6163,23921,50,1.0
naive_prefilter,main_cat='Camera & Photo',0.12,0.1235,50,40,14.2956,7.5491,21.8447,23921,50,1.0
naive_prefilter,main_cat='Camera & Photo',0.12,0.1235,50,41,14.4981,7.2245,21.7225,23921,50,1.0
naive_prefilter,main_cat='Camera & Photo',0.12,0.1235,50,42,14.4001,7.297,21.6971,23921,50,1.0
naive_prefilter,main_cat='Camera & Photo',0.12,0.1235,50,43,14.5531,7.4393,21.9924,23921,50,1.0
naive_prefilter,main_cat='Camera & Photo',0.12,0.1235,50,44,14.4488,7.3212,21.77,23921,50,1.0
naive_prefilter,main_cat='Camera & Photo',0.12,0.1235,50,45,14.5548,7.3183,21.873,23921,50,1.0
naive_prefilter,main_cat='Camera & Photo',0.12,0.1235,50,46,14.453,7.5699,22.0229,23921,50,1.0
naive_prefilter,main_cat='Camera & Photo',0.12,0.1235,50,47,14.4968,7.243,21.7398,23921,50,1.0
naive_prefilter,main_cat='Camera & Photo',0.12,0.1235,50,48,14.5213,7.3958,21.9171,23921,50,1.0
naive_prefilter,main_cat='Camera & Photo',0.12,0.1235,50,49,14.5585,7.5115,22.07,23921,50,1.0
post_filter,main_cat='Camera & Photo',0.12,0.1235,50,0,0.4483,0.7611,1.2094,50,50,0.38
post_filter,main_cat='Camera & Photo',0.12,0.1235,50,1,0.4227,1.458,1.8807,50,50,0.84
post_filter,main_cat='Camera & Photo',0.12,0.1235,50,2,0.3277,1.0754,1.4032,50,50,0.9
post_filter,main_cat='Camera & Photo',0.12,0.1235,50,3,0.196,0.9608,1.1568,50,50,0.84
post_filter,main_cat='Camera & Photo',0.12,0.1235,50,4,0.3873,1.125,1.5123,50,50,0.84
post_filter,main_cat='Camera & Photo',0.12,0.1235,50,5,0.4975,0.9123,1.4099,50,50,0.76
post_filter,main_cat='Camera & Photo',0.12,0.1235,50,6,0.9438,1.0547,1.9985,50,50,0.46
post_filter,main_cat='Camera & Photo',0.12,0.1235,50,7,0.3632,0.7585,1.1217,50,50,0.84
post_filter,main_cat='Camera & Photo',0.12,0.1235,50,8,0.5873,1.112,1.6993,50,50,0.66
post_filter,main_cat='Camera & Photo',0.12,0.1235,50,9,0.2847,1.1312,1.4159,50,50,0.82
post_filter,main_cat='Camera & Photo',0.12,0.1235,50,10,0.2264,1.007,1.2334,50,50,0.96
post_filter,main_cat='Camera & Photo',0.12,0.1235,50,11,0.6623,1.0034,1.6657,50,50,0.5
post_filter,main_cat='Camera & Photo',0.12,0.1235,50,12,0.6315,0.8531,1.4845,50,50,0.5
post_filter,main_cat='Camera & Photo',0.12,0.1235,50,13,0.3196,0.8904,1.21,50,50,0.76
post_filter,main_cat='Camera & Photo',0.12,0.1235,50,14,0.5118,0.64,1.1518,50,50,0.48
post_filter,main_cat='Camera & Photo',0.12,0.1235,50,15,0.6973,0.6167,1.314,10,10,0.12
post_filter,main_cat='Camera & Photo',0.12,0.1235,50,16,0.1858,1.0419,1.2277,50,50,0.82
post_filter,main_cat='Camera & Photo',0.12,0.1235,50,17,0.126,0.792,0.9181,50,50,0.94
post_filter,main_cat='Camera & Photo',0.12,0.1235,50,18,0.1925,0.9252,1.1177,50,50,0.94
post_filter,main_cat='Camera & Photo',0.12,0.1235,50,19,0.3462,0.9973,1.3435,50,50,0.74
post_filter,main_cat='Camera & Photo',0.12,0.1235,50,20,0.3394,0.6925,1.0319,50,50,0.86
post_filter,main_cat='Camera & Photo',0.12,0.1235,50,21,0.4243,0.7455,1.1698,50,50,0.34
post_filter,main_cat='Camera & Photo',0.12,0.1235,50,22,0.067,0.7819,0.8489,50,50,0.94
post_filter,main_cat='Camera & Photo',0.12,0.1235,50,23,0.2319,0.7379,0.9698,50,50,0.88
post_filter,main_cat='Camera & Photo',0.12,0.1235,50,24,0.1393,1.1071,1.2464,50,50,0.98
post_filter,main_cat='Camera & Photo',0.12,0.1235,50,25,0.5432,0.3325,0.8757,27,27,0.04
post_filter,main_cat='Camera & Photo',0.12,0.1235,50,26,0.0832,0.9717,1.0549,50,50,1.0
post_filter,main_cat='Camera & Photo',0.12,0.1235,50,27,0.3743,0.9103,1.2846,50,50,0.84
post_filter,main_cat='Camera & Photo',0.12,0.1235,50,28,0.2282,0.9652,1.1935,50,50,0.74
post_filter,main_cat='Camera & Photo',0.12,0.1235,50,29,0.257,0.589,0.846,50,50,0.7
post_filter,main_cat='Camera & Photo',0.12,0.1235,50,30,0.5032,0.4535,0.9568,28,28,0.44
post_filter,main_cat='Camera & Photo',0.12,0.1235,50,31,0.3759,0.9621,1.338,50,50,0.62
post_filter,main_cat='Camera & Photo',0.12,0.1235,50,32,0.1195,0.7435,0.863,50,50,1.0
post_filter,main_cat='Camera & Photo',0.12,0.1235,50,33,0.724,0.592,1.316,35,35,0.18
post_filter,main_cat='Camera & Photo',0.12,0.1235,50,34,0.805,0.9557,1.7607,50,50,0.48
post_filter,main_cat='Camera & Photo',0.12,0.1235,50,35,0.3598,1.0074,1.3672,50,50,0.88
post_filter,main_cat='Camera & Photo',0.12,0.1235,50,36,0.0706,0.8094,0.88,50,50,0.98
post_filter,main_cat='Camera & Photo',0.12,0.1235,50,37,0.6091,0.738,1.3471,50,50,0.68
post_filter,main_cat='Camera & Photo',0.12,0.1235,50,38,0.1646,1.2238,1.3884,50,50,0.88
post_filter,main_cat='Camera & Photo',0.12,0.1235,50,39,0.2692,0.5582,0.8274,50,50,0.84
post_filter,main_cat='Camera & Photo',0.12,0.1235,50,40,0.162,1.1914,1.3535,50,50,0.92
post_filter,main_cat='Camera & Photo',0.12,0.1235,50,41,0.4189,0.6448,1.0637,50,50,0.82
post_filter,main_cat='Camera & Photo',0.12,0.1235,50,42,0.2729,0.9715,1.2444,50,50,0.92
post_filter,main_cat='Camera & Photo',0.12,0.1235,50,43,0.2332,0.4918,0.725,50,50,0.76
post_filter,main_cat='Camera & Photo',0.12,0.1235,50,44,0.1314,0.7151,0.8465,50,50,0.96
post_filter,main_cat='Camera & Photo',0.12,0.1235,50,45,0.2188,1.0597,1.2786,50,50,0.88
post_filter,main_cat='Camera & Photo',0.12,0.1235,50,46,0.9217,0.8928,1.8145,50,50,0.34
post_filter,main_cat='Camera & Photo',0.12,0.1235,50,47,0.4709,0.3145,0.7854,42,42,0.66
post_filter,main_cat='Camera & Photo',0.12,0.1235,50,48,0.1275,1.0466,1.174,50,50,0.98
post_filter,main_cat='Camera & Photo',0.12,0.1235,50,49,0.1805,0.5004,0.6809,50,50,0.74
bitmap_prefilter,main_cat='Camera & Photo',0.12,0.1235,50,0,0.0267,6.9682,6.995,23921,50,0.98
bitmap_prefilter,main_cat='Camera & Photo',0.12,0.1235,50,1,0.0257,6.7999,6.8257,23921,50,1.0
bitmap_prefilter,main_cat='Camera & Photo',0.12,0.1235,50,2,0.0362,6.8818,6.9181,23921,50,1.0
bitmap_prefilter,main_cat='Camera & Photo',0.12,0.1235,50,3,0.03,7.0441,7.074,23921,50,1.0
bitmap_prefilter,main_cat='Camera & Photo',0.12,0.1235,50,4,0.0321,6.8425,6.8747,23921,50,1.0
bitmap_prefilter,main_cat='Camera & Photo',0.12,0.1235,50,5,0.0278,6.712,6.7398,23921,50,1.0
bitmap_prefilter,main_cat='Camera & Photo',0.12,0.1235,50,6,0.0286,6.903,6.9316,23921,50,1.0
bitmap_prefilter,main_cat='Camera & Photo',0.12,0.1235,50,7,0.0336,6.7774,6.811,23921,50,1.0
bitmap_prefilter,main_cat='Camera & Photo',0.12,0.1235,50,8,0.0306,6.9563,6.9869,23921,50,1.0
bitmap_prefilter,main_cat='Camera & Photo',0.12,0.1235,50,9,0.0269,6.7754,6.8022,23921,50,1.0
bitmap_prefilter,main_cat='Camera & Photo',0.12,0.1235,50,10,0.0284,6.8974,6.9258,23921,50,1.0
bitmap_prefilter,main_cat='Camera & Photo',0.12,0.1235,50,11,0.0268,6.7416,6.7684,23921,50,1.0
bitmap_prefilter,main_cat='Camera & Photo',0.12,0.1235,50,12,0.0274,6.8746,6.902,23921,50,0.98
bitmap_prefilter,main_cat='Camera & Photo',0.12,0.1235,50,13,0.028,7.1753,7.2033,23921,50,1.0
bitmap_prefilter,main_cat='Camera & Photo',0.12,0.1235,50,14,0.0261,7.0646,7.0907,23921,50,1.0
bitmap_prefilter,main_cat='Camera & Photo',0.12,0.1235,50,15,0.0253,6.9468,6.9721,23921,50,1.0
bitmap_prefilter,main_cat='Camera & Photo',0.12,0.1235,50,16,0.0303,7.017,7.0473,23921,50,1.0
bitmap_prefilter,main_cat='Camera & Photo',0.12,0.1235,50,17,0.0264,6.9742,7.0006,23921,50,1.0
bitmap_prefilter,main_cat='Camera & Photo',0.12,0.1235,50,18,0.0267,7.1161,7.1428,23921,50,1.0
bitmap_prefilter,main_cat='Camera & Photo',0.12,0.1235,50,19,0.025,6.9347,6.9597,23921,50,1.0
bitmap_prefilter,main_cat='Camera & Photo',0.12,0.1235,50,20,0.0253,7.1096,7.1349,23921,50,1.0
bitmap_prefilter,main_cat='Camera & Photo',0.12,0.1235,50,21,0.0256,6.9187,6.9444,23921,50,1.0
bitmap_prefilter,main_cat='Camera & Photo',0.12,0.1235,50,22,0.0257,7.143,7.1687,23921,50,1.0
bitmap_prefilter,main_cat='Camera & Photo',0.12,0.1235,50,23,0.028,6.973,7.0009,23921,50,1.0
bitmap_prefilter,main_cat='Camera & Photo',0.12,0.1235,50,24,0.0256,7.0036,7.0292,23921,50,1.0
bitmap_prefilter,main_cat='Camera & Photo',0.12,0.1235,50,25,0.0249,6.8127,6.8376,23921,50,1.0
bitmap_prefilter,main_cat='Camera & Photo',0.12,0.1235,50,26,0.0255,6.8103,6.8358,23921,50,1.0
bitmap_prefilter,main_cat='Camera & Photo',0.12,0.1235,50,27,0.0247,6.927,6.9517,23921,50,1.0
bitmap_prefilter,main_cat='Camera & Photo',0.12,0.1235,50,28,0.0249,7.2885,7.3134,23921,50,1.0
bitmap_prefilter,main_cat='Camera & Photo',0.12,0.1235,50,29,0.0252,7.2302,7.2555,23921,50,1.0
bitmap_prefilter,main_cat='Camera & Photo',0.12,0.1235,50,30,0.0264,7.2858,7.3123,23921,50,0.94
bitmap_prefilter,main_cat='Camera & Photo',0.12,0.1235,50,31,0.0253,7.1366,7.1619,23921,50,1.0
bitmap_prefilter,main_cat='Camera & Photo',0.12,0.1235,50,32,0.0256,7.5064,7.532,23921,50,1.0
bitmap_prefilter,main_cat='Camera & Photo',0.12,0.1235,50,33,0.0273,7.1556,7.1829,23921,50,1.0
bitmap_prefilter,main_cat='Camera & Photo',0.12,0.1235,50,34,0.0263,7.2641,7.2903,23921,50,0.98
bitmap_prefilter,main_cat='Camera & Photo',0.12,0.1235,50,35,0.0246,6.9095,6.9341,23921,50,1.0
bitmap_prefilter,main_cat='Camera & Photo',0.12,0.1235,50,36,0.0252,6.9669,6.9921,23921,50,1.0
bitmap_prefilter,main_cat='Camera & Photo',0.12,0.1235,50,37,0.024,6.9741,6.9981,23921,50,1.0
bitmap_prefilter,main_cat='Camera & Photo',0.12,0.1235,50,38,0.0239,7.0743,7.0982,23921,50,1.0
bitmap_prefilter,main_cat='Camera & Photo',0.12,0.1235,50,39,0.0242,6.8978,6.922,23921,50,1.0
bitmap_prefilter,main_cat='Camera & Photo',0.12,0.1235,50,40,0.0251,7.0916,7.1167,23921,50,1.0
bitmap_prefilter,main_cat='Camera & Photo',0.12,0.1235,50,41,0.0247,7.1625,7.1872,23921,50,1.0
bitmap_prefilter,main_cat='Camera & Photo',0.12,0.1235,50,42,0.0243,7.0268,7.0512,23921,50,1.0
bitmap_prefilter,main_cat='Camera & Photo',0.12,0.1235,50,43,0.028,7.012,7.04,23921,50,1.0
bitmap_prefilter,main_cat='Camera & Photo',0.12,0.1235,50,44,0.0248,6.9962,7.021,23921,50,1.0
bitmap_prefilter,main_cat='Camera & Photo',0.12,0.1235,50,45,0.025,6.8966,6.9216,23921,50,1.0
bitmap_prefilter,main_cat='Camera & Photo',0.12,0.1235,50,46,0.0243,7.0074,7.0317,23921,50,1.0
bitmap_prefilter,main_cat='Camera & Photo',0.12,0.1235,50,47,0.0242,6.8214,6.8455,23921,50,1.0
bitmap_prefilter,main_cat='Camera & Photo',0.12,0.1235,50,48,0.0244,7.053,7.0774,23921,50,1.0
bitmap_prefilter,main_cat='Camera & Photo',0.12,0.1235,50,49,0.0246,6.9384,6.963,23921,50,1.0
brute_force,main_cat='All Electronics' AND overall>=5.0,0.15,0.1491,10,0,0.2668,25.2696,25.5364,10,10,1.0
brute_force,main_cat='All Electronics' AND overall>=5.0,0.15,0.1491,10,1,0.0558,25.5505,25.6062,10,10,1.0
brute_force,main_cat='All Electronics' AND overall>=5.0,0.15,0.1491,10,2,0.035,25.0941,25.1291,10,10,1.0
brute_force,main_cat='All Electronics' AND overall>=5.0,0.15,0.1491,10,3,0.1093,25.618,25.7273,10,10,1.0
brute_force,main_cat='All Electronics' AND overall>=5.0,0.15,0.1491,10,4,0.078,25.1486,25.2266,10,10,1.0
brute_force,main_cat='All Electronics' AND overall>=5.0,0.15,0.1491,10,5,0.0357,25.5902,25.6259,10,10,1.0
brute_force,main_cat='All Electronics' AND overall>=5.0,0.15,0.1491,10,6,0.069,24.9842,25.0532,10,10,1.0
brute_force,main_cat='All Electronics' AND overall>=5.0,0.15,0.1491,10,7,0.1483,25.6652,25.8135,10,10,1.0
brute_force,main_cat='All Electronics' AND overall>=5.0,0.15,0.1491,10,8,0.1681,25.0613,25.2294,10,10,1.0
brute_force,main_cat='All Electronics' AND overall>=5.0,0.15,0.1491,10,9,0.0785,25.6268,25.7053,10,10,1.0
brute_force,main_cat='All Electronics' AND overall>=5.0,0.15,0.1491,10,10,0.0496,25.06,25.1096,10,10,1.0
brute_force,main_cat='All Electronics' AND overall>=5.0,0.15,0.1491,10,11,0.0591,26.4849,26.544,10,10,1.0
brute_force,main_cat='All Electronics' AND overall>=5.0,0.15,0.1491,10,12,0.1638,25.2215,25.3853,10,10,1.0
brute_force,main_cat='All Electronics' AND overall>=5.0,0.15,0.1491,10,13,0.0751,25.5442,25.6193,10,10,1.0
brute_force,main_cat='All Electronics' AND overall>=5.0,0.15,0.1491,10,14,0.2487,25.3085,25.5572,10,10,1.0
brute_force,main_cat='All Electronics' AND overall>=5.0,0.15,0.1491,10,15,0.2977,25.5921,25.8898,10,10,1.0
brute_force,main_cat='All Electronics' AND overall>=5.0,0.15,0.1491,10,16,0.0451,25.6412,25.6863,10,10,1.0
brute_force,main_cat='All Electronics' AND overall>=5.0,0.15,0.1491,10,17,0.073,25.7618,25.8347,10,10,1.0
brute_force,main_cat='All Electronics' AND overall>=5.0,0.15,0.1491,10,18,0.0985,25.238,25.3366,10,10,1.0
brute_force,main_cat='All Electronics' AND overall>=5.0,0.15,0.1491,10,19,0.0444,25.6017,25.6461,10,10,1.0
brute_force,main_cat='All Electronics' AND overall>=5.0,0.15,0.1491,10,20,0.0251,25.1524,25.1775,10,10,1.0
brute_force,main_cat='All Electronics' AND overall>=5.0,0.15,0.1491,10,21,0.0972,25.7717,25.8689,10,10,1.0
brute_force,main_cat='All Electronics' AND overall>=5.0,0.15,0.1491,10,22,0.1207,25.1801,25.3008,10,10,1.0
brute_force,main_cat='All Electronics' AND overall>=5.0,0.15,0.1491,10,23,0.0384,25.6454,25.6837,10,10,1.0
brute_force,main_cat='All Electronics' AND overall>=5.0,0.15,0.1491,10,24,0.0404,25.1762,25.2167,10,10,1.0
brute_force,main_cat='All Electronics' AND overall>=5.0,0.15,0.1491,10,25,0.0368,25.7772,25.814,10,10,1.0
brute_force,main_cat='All Electronics' AND overall>=5.0,0.15,0.1491,10,26,0.044,25.8497,25.8937,10,10,1.0
brute_force,main_cat='All Electronics' AND overall>=5.0,0.15,0.1491,10,27,0.0279,25.6998,25.7276,10,10,1.0
brute_force,main_cat='All Electronics' AND overall>=5.0,0.15,0.1491,10,28,0.0912,25.1844,25.2755,10,10,1.0
brute_force,main_cat='All Electronics' AND overall>=5.0,0.15,0.1491,10,29,0.0942,26.0004,26.0946,10,10,1.0
brute_force,main_cat='All Electronics' AND overall>=5.0,0.15,0.1491,10,30,0.0415,25.32,25.3615,10,10,1.0
brute_force,main_cat='All Electronics' AND overall>=5.0,0.15,0.1491,10,31,0.0566,25.6863,25.7429,10,10,1.0
brute_force,main_cat='All Electronics' AND overall>=5.0,0.15,0.1491,10,32,0.8163,25.2907,26.107,10,10,1.0
brute_force,main_cat='All Electronics' AND overall>=5.0,0.15,0.1491,10,33,0.2908,25.6872,25.9781,10,10,1.0
brute_force,main_cat='All Electronics' AND overall>=5.0,0.15,0.1491,10,34,0.1982,25.2775,25.4757,10,10,1.0
brute_force,main_cat='All Electronics' AND overall>=5.0,0.15,0.1491,10,35,0.0654,25.7041,25.7695,10,10,1.0
brute_force,main_cat='All Electronics' AND overall>=5.0,0.15,0.1491,10,36,0.2352,25.2709,25.5061,10,10,1.0
brute_force,main_cat='All Electronics' AND overall>=5.0,0.15,0.1491,10,37,0.0318,26.0145,26.0463,10,10,1.0
brute_force,main_cat='All Electronics' AND overall>=5.0,0.15,0.1491,10,38,0.077,25.1595,25.2365,10,10,1.0
brute_force,main_cat='All Electronics' AND overall>=5.0,0.15,0.1491,10,39,0.0349,25.9203,25.9552,10,10,1.0
brute_force,main_cat='All Electronics' AND overall>=5.0,0.15,0.1491,10,40,0.2029,25.691,25.8939,10,10,1.0
brute_force,main_cat='All Electronics' AND overall>=5.0,0.15,0.1491,10,41,0.3932,26.8574,27.2506,10,10,1.0
brute_force,main_cat='All Electronics' AND overall>=5.0,0.15,0.1491,10,42,0.1754,26.8022,26.9776,10,10,1.0
brute_force,main_cat='All Electronics' AND overall>=5.0,0.15,0.1491,10,43,0.0637,26.2053,26.269,10,10,1.0
brute_force,main_cat='All Electronics' AND overall>=5.0,0.15,0.1491,10,44,1.6011,25.3148,26.9159,10,10,1.0
brute_force,main_cat='All Electronics' AND overall>=5.0,0.15,0.1491,10,45,0.0584,26.1064,26.1648,10,10,1.0
brute_force,main_cat='All Electronics' AND overall>=5.0,0.15,0.1491,10,46,0.0331,25.1282,25.1613,10,10,1.0
brute_force,main_cat='All Electronics' AND overall>=5.0,0.15,0.1491,10,47,0.043,25.8902,25.9331,10,10,1.0
brute_force,main_cat='All Electronics' AND overall>=5.0,0.15,0.1491,10,48,0.0459,25.3111,25.357,10,10,1.0
brute_force,main_cat='All Electronics' AND overall>=5.0,0.15,0.1491,10,49,0.0699,53.3144,53.3843,10,10,1.0
naive_prefilter,main_cat='All Electronics' AND overall>=5.0,0.15,0.1491,10,0,17.9385,10.615,28.5535,28893,10,1.0
naive_prefilter,main_cat='All Electronics' AND overall>=5.0,0.15,0.1491,10,1,18.1239,10.2904,28.4143,28893,10,1.0
naive_prefilter,main_cat='All Electronics' AND overall>=5.0,0.15,0.1491,10,2,18.1511,10.2643,28.4154,28893,10,1.0
naive_prefilter,main_cat='All Electronics' AND overall>=5.0,0.15,0.1491,10,3,18.0061,10.0033,28.0094,28893,10,1.0
naive_prefilter,main_cat='All Electronics' AND overall>=5.0,0.15,0.1491,10,4,18.1015,10.2384,28.3399,28893,10,1.0
naive_prefilter,main_cat='All Electronics' AND overall>=5.0,0.15,0.1491,10,5,18.0427,10.3888,28.4315,28893,10,1.0
naive_prefilter,main_cat='All Electronics' AND overall>=5.0,0.15,0.1491,10,6,18.2139,10.7226,28.9365,28893,10,1.0
naive_prefilter,main_cat='All Electronics' AND overall>=5.0,0.15,0.1491,10,7,17.5294,10.2172,27.7466,28893,10,1.0
naive_prefilter,main_cat='All Electronics' AND overall>=5.0,0.15,0.1491,10,8,17.471,10.2851,27.7561,28893,10,1.0
naive_prefilter,main_cat='All Electronics' AND overall>=5.0,0.15,0.1491,10,9,17.6165,10.1891,27.8056,28893,10,1.0
naive_prefilter,main_cat='All Electronics' AND overall>=5.0,0.15,0.1491,10,10,17.6999,10.3666,28.0665,28893,10,1.0
naive_prefilter,main_cat='All Electronics' AND overall>=5.0,0.15,0.1491,10,11,18.0171,10.2315,28.2486,28893,10,1.0
naive_prefilter,main_cat='All Electronics' AND overall>=5.0,0.15,0.1491,10,12,17.702,10.3031,28.0052,28893,10,1.0
naive_prefilter,main_cat='All Electronics' AND overall>=5.0,0.15,0.1491,10,13,17.5717,10.2521,27.8238,28893,10,1.0
naive_prefilter,main_cat='All Electronics' AND overall>=5.0,0.15,0.1491,10,14,17.755,10.3925,28.1475,28893,10,1.0
naive_prefilter,main_cat='All Electronics' AND overall>=5.0,0.15,0.1491,10,15,18.0054,10.217,28.2224,28893,10,1.0
naive_prefilter,main_cat='All Electronics' AND overall>=5.0,0.15,0.1491,10,16,18.3648,10.3428,28.7076,28893,10,1.0
naive_prefilter,main_cat='All Electronics' AND overall>=5.0,0.15,0.1491,10,17,17.9049,10.252,28.1569,28893,10,1.0
naive_prefilter,main_cat='All Electronics' AND overall>=5.0,0.15,0.1491,10,18,17.9089,10.3344,28.2433,28893,10,1.0
naive_prefilter,main_cat='All Electronics' AND overall>=5.0,0.15,0.1491,10,19,18.0198,10.2909,28.3107,28893,10,1.0
naive_prefilter,main_cat='All Electronics' AND overall>=5.0,0.15,0.1491,10,20,17.6513,10.2351,27.8864,28893,10,1.0
naive_prefilter,main_cat='All Electronics' AND overall>=5.0,0.15,0.1491,10,21,18.049,10.004,28.053,28893,10,1.0
naive_prefilter,main_cat='All Electronics' AND overall>=5.0,0.15,0.1491,10,22,17.6843,10.2142,27.8985,28893,10,1.0
naive_prefilter,main_cat='All Electronics' AND overall>=5.0,0.15,0.1491,10,23,17.4474,10.0763,27.5236,28893,10,1.0
naive_prefilter,main_cat='All Electronics' AND overall>=5.0,0.15,0.1491,10,24,17.3614,10.1624,27.5238,28893,10,1.0
naive_prefilter,main_cat='All Electronics' AND overall>=5.0,0.15,0.1491,10,25,17.1973,10.0364,27.2337,28893,10,1.0
naive_prefilter,main_cat='All Electronics' AND overall>=5.0,0.15,0.1491,10,26,17.2608,10.0732,27.334,28893,10,1.0
naive_prefilter,main_cat='All Electronics' AND overall>=5.0,0.15,0.1491,10,27,17.2975,9.9865,27.2841,28893,10,1.0
naive_prefilter,main_cat='All Electronics' AND overall>=5.0,0.15,0.1491,10,28,17.2138,10.0092,27.223,28893,10,1.0
naive_prefilter,main_cat='All Electronics' AND overall>=5.0,0.15,0.1491,10,29,17.2436,9.9632,27.2068,28893,10,1.0
naive_prefilter,main_cat='All Electronics' AND overall>=5.0,0.15,0.1491,10,30,17.093,10.1688,27.2618,28893,10,1.0
naive_prefilter,main_cat='All Electronics' AND overall>=5.0,0.15,0.1491,10,31,17.2882,10.0021,27.2904,28893,10,1.0
naive_prefilter,main_cat='All Electronics' AND overall>=5.0,0.15,0.1491,10,32,17.087,10.1157,27.2028,28893,10,1.0
naive_prefilter,main_cat='All Electronics' AND overall>=5.0,0.15,0.1491,10,33,17.2523,10.0897,27.342,28893,10,1.0
naive_prefilter,main_cat='All Electronics' AND overall>=5.0,0.15,0.1491,10,34,17.7896,10.0587,27.8483,28893,10,1.0
naive_prefilter,main_cat='All Electronics' AND overall>=5.0,0.15,0.1491,10,35,17.5555,9.9642,27.5197,28893,10,1.0
naive_prefilter,main_cat='All Electronics' AND overall>=5.0,0.15,0.1491,10,36,17.3922,10.1399,27.5321,28893,10,1.0
naive_prefilter,main_cat='All Electronics' AND overall>=5.0,0.15,0.1491,10,37,17.3538,10.0535,27.4073,28893,10,1.0
naive_prefilter,main_cat='All Electronics' AND overall>=5.0,0.15,0.1491,10,38,17.4568,10.1056,27.5624,28893,10,1.0
naive_prefilter,main_cat='All Electronics' AND overall>=5.0,0.15,0.1491,10,39,17.6759,9.8909,27.5668,28893,10,1.0
naive_prefilter,main_cat='All Electronics' AND overall>=5.0,0.15,0.1491,10,40,17.412,10.1529,27.565,28893,10,1.0
naive_prefilter,main_cat='All Electronics' AND overall>=5.0,0.15,0.1491,10,41,17.5725,9.9277,27.5002,28893,10,1.0
naive_prefilter,main_cat='All Electronics' AND overall>=5.0,0.15,0.1491,10,42,17.5391,10.1424,27.6815,28893,10,1.0
naive_prefilter,main_cat='All Electronics' AND overall>=5.0,0.15,0.1491,10,43,17.4364,10.0801,27.5165,28893,10,1.0
naive_prefilter,main_cat='All Electronics' AND overall>=5.0,0.15,0.1491,10,44,17.3898,10.059,27.4488,28893,10,1.0
naive_prefilter,main_cat='All Electronics' AND overall>=5.0,0.15,0.1491,10,45,17.3087,9.9545,27.2633,28893,10,1.0
naive_prefilter,main_cat='All Electronics' AND overall>=5.0,0.15,0.1491,10,46,17.3469,10.0497,27.3965,28893,10,1.0
naive_prefilter,main_cat='All Electronics' AND overall>=5.0,0.15,0.1491,10,47,17.3453,9.9193,27.2646,28893,10,0.0
naive_prefilter,main_cat='All Electronics' AND overall>=5.0,0.15,0.1491,10,48,17.379,10.0407,27.4197,28893,10,1.0
naive_prefilter,main_cat='All Electronics' AND overall>=5.0,0.15,0.1491,10,49,17.2453,10.0279,27.2732,28893,10,1.0
post_filter,main_cat='All Electronics' AND overall>=5.0,0.15,0.1491,10,0,0.0911,0.3997,0.4908,10,10,0.9
post_filter,main_cat='All Electronics' AND overall>=5.0,0.15,0.1491,10,1,0.0429,0.9026,0.9455,10,10,1.0
post_filter,main_cat='All Electronics' AND overall>=5.0,0.15,0.1491,10,2,0.0255,0.7135,0.739,10,10,1.0
post_filter,main_cat='All Electronics' AND overall>=5.0,0.15,0.1491,10,3,0.0874,0.7448,0.8322,10,10,1.0
post_filter,main_cat='All Electronics' AND overall>=5.0,0.15,0.1491,10,4,0.0869,0.9944,1.0813,10,10,0.9
post_filter,main_cat='All Electronics' AND overall>=5.0,0.15,0.1491,10,5,0.0331,0.7502,0.7833,10,10,1.0
post_filter,main_cat='All Electronics' AND overall>=5.0,0.15,0.1491,10,6,0.0745,0.9865,1.061,10,10,1.0
post_filter,main_cat='All Electronics' AND overall>=5.0,0.15,0.1491,10,7,0.1524,0.7489,0.9013,10,10,1.0
post_filter,main_cat='All Electronics' AND overall>=5.0,0.15,0.1491,10,8,0.1414,0.9901,1.1315,10,10,1.0
post_filter,main_cat='All Electronics' AND overall>=5.0,0.15,0.1491,10,9,0.0603,0.9026,0.9628,10,10,1.0
post_filter,main_cat='All Electronics' AND overall>=5.0,0.15,0.1491,10,10,0.0357,0.8453,0.881,10,10,1.0
post_filter,main_cat='All Electronics' AND overall>=5.0,0.15,0.1491,10,11,0.048,0.8037,0.8517,10,10,0.9
post_filter,main_cat='All Electronics' AND overall>=5.0,0.15,0.1491,10,12,0.1385,0.6485,0.787,10,10,1.0
post_filter,main_cat='All Electronics' AND overall>=5.0,0.15,0.1491,10,13,0.0613,0.6851,0.7464,10,10,1.0
post_filter,main_cat='All Electronics' AND overall>=5.0,0.15,0.1491,10,14,0.3072,0.5191,0.8263,10,10,0.7
post_filter,main_cat='All Electronics' AND overall>=5.0,0.15,0.1491,10,15,0.243,0.4803,0.7234,10,10,0.9
post_filter,main_cat='All Electronics' AND overall>=5.0,0.15,0.1491,10,16,0.0248,0.8264,0.8512,10,10,1.0
post_filter,main_cat='All Electronics' AND overall>=5.0,0.15,0.1491,10,17,0.0542,0.6315,0.6856,10,10,1.0
post_filter,main_cat='All Electronics' AND overall>=5.0,0.15,0.1491,10,18,0.0754,0.7572,0.8326,10,10,1.0
post_filter,main_cat='All Electronics' AND overall>=5.0,0.15,0.1491,10,19,0.0291,0.7767,0.8058,10,10,1.0
post_filter,main_cat='All Electronics' AND overall>=5.0,0.15,0.1491,10,20,0.0178,0.5643,0.5821,10,10,1.0
post_filter,main_cat='All Electronics' AND overall>=5.0,0.15,0.1491,10,21,0.0948,0.5911,0.6858,10,10,0.7
post_filter,main_cat='All Electronics' AND overall>=5.0,0.15,0.1491,10,22,0.1162,0.6497,0.7659,10,10,0.8
post_filter,main_cat='All Electronics' AND overall>=5.0,0.15,0.1491,10,23,0.0339,0.6101,0.644,10,10,0.9
post_filter,main_cat='All Electronics' AND overall>=5.0,0.15,0.1491,10,24,0.0308,0.8615,0.8923,10,10,1.0
post_filter,main_cat='All Electronics' AND overall>=5.0,0.15,0.1491,10,25,0.0287,0.2626,0.2913,10,10,0.9
post_filter,main_cat='All Electronics' AND overall>=5.0,0.15,0.1491,10,26,0.0308,0.7616,0.7924,10,10,1.0
post_filter,main_cat='All Electronics' AND overall>=5.0,0.15,0.1491,10,27,0.0209,0.7336,0.7545,10,10,1.0
post_filter,main_cat='All Electronics' AND overall>=5.0,0.15,0.1491,10,28,0.0868,0.7832,0.87,10,10,0.9
post_filter,main_cat='All Electronics' AND overall>=5.0,0.15,0.1491,10,29,0.0706,0.5223,0.593,10,10,1.0
post_filter,main_cat='All Electronics' AND overall>=5.0,0.15,0.1491,10,30,0.0448,0.4041,0.4489,10,10,0.0
post_filter,main_cat='All Electronics' AND overall>=5.0,0.15,0.1491,10,31,0.0419,0.8115,0.8534,10,10,1.0
post_filter,main_cat='All Electronics' AND overall>=5.0,0.15,0.1491,10,32,0.464,0.6193,1.0833,3,3,0.3
post_filter,main_cat='All Electronics' AND overall>=5.0,0.15,0.1491,10,33,0.278,0.4771,0.7551,10,10,0.5
post_filter,main_cat='All Electronics' AND overall>=5.0,0.15,0.1491,10,34,0.1824,0.8539,1.0363,10,10,0.9
post_filter,main_cat='All Electronics' AND overall>=5.0,0.15,0.1491,10,35,0.0535,0.8188,0.8723,10,10,1.0
post_filter,main_cat='All Electronics' AND overall>=5.0,0.15,0.1491,10,36,0.232,0.6677,0.8996,10,10,0.7
post_filter,main_cat='All Electronics' AND overall>=5.0,0.15,0.1491,10,37,0.0241,0.6507,0.6748,10,10,1.0
post_filter,main_cat='All Electronics' AND overall>=5.0,0.15,0.1491,10,38,0.0606,0.9538,1.0144,10,10,0.9
post_filter,main_cat='All Electronics' AND overall>=5.0,0.15,0.1491,10,39,0.0218,0.4743,0.4961,10,10,1.0
post_filter,main_cat='All Electronics' AND overall>=5.0,0.15,0.1491,10,40,0.1598,0.9259,1.0857,10,10,1.0
post_filter,main_cat='All Electronics' AND overall>=5.0,0.15,0.1491,10,41,0.3783,0.528,0.9063,10,10,0.8
post_filter,main_cat='All Electronics' AND overall>=5.0,0.15,0.1491,10,42,0.1254,0.7634,0.8888,10,10,1.0
post_filter,main_cat='All Electronics' AND overall>=5.0,0.15,0.1491,10,43,0.0385,0.3905,0.429,10,10,0.8
post_filter,main_cat='All Electronics' AND overall>=5.0,0.15,0.1491,10,44,0.4445,0.5844,1.0289,1,1,0.1
post_filter,main_cat='All Electronics' AND overall>=5.0,0.15,0.1491,10,45,0.0373,0.8392,0.8765,10,10,1.0
post_filter,main_cat='All Electronics' AND overall>=5.0,0.15,0.1491,10,46,0.022,0.6962,0.7182,10,10,1.0
post_filter,main_cat='All Electronics' AND overall>=5.0,0.15,0.1491,10,47,0.0448,0.2363,0.2811,10,10,0.1
post_filter,main_cat='All Electronics' AND overall>=5.0,0.15,0.1491,10,48,0.0281,0.8161,0.8442,10,10,1.0
post_filter,main_cat='All Electronics' AND overall>=5.0,0.15,0.1491,10,49,0.0341,0.4004,0.4345,10,10,1.0
bitmap_prefilter,main_cat='All Electronics' AND overall>=5.0,0.15,0.1491,10,0,0.0538,9.7186,9.7725,28893,10,1.0
bitmap_prefilter,main_cat='All Electronics' AND overall>=5.0,0.15,0.1491,10,1,0.0466,9.429,9.4755,28893,10,1.0
bitmap_prefilter,main_cat='All Electronics' AND overall>=5.0,0.15,0.1491,10,2,0.0429,9.5704,9.6132,28893,10,1.0
bitmap_prefilter,main_cat='All Electronics' AND overall>=5.0,0.15,0.1491,10,3,0.0411,9.5052,9.5462,28893,10,1.0
bitmap_prefilter,main_cat='All Electronics' AND overall>=5.0,0.15,0.1491,10,4,0.0404,9.7994,9.8398,28893,10,1.0
bitmap_prefilter,main_cat='All Electronics' AND overall>=5.0,0.15,0.1491,10,5,0.0443,9.7392,9.7834,28893,10,1.0
bitmap_prefilter,main_cat='All Electronics' AND overall>=5.0,0.15,0.1491,10,6,0.0433,9.7919,9.8352,28893,10,1.0
bitmap_prefilter,main_cat='All Electronics' AND overall>=5.0,0.15,0.1491,10,7,0.0405,9.5782,9.6187,28893,10,1.0
bitmap_prefilter,main_cat='All Electronics' AND overall>=5.0,0.15,0.1491,10,8,0.0615,9.5276,9.5891,28893,10,1.0
bitmap_prefilter,main_cat='All Electronics' AND overall>=5.0,0.15,0.1491,10,9,0.0495,9.5469,9.5963,28893,10,1.0
bitmap_prefilter,main_cat='All Electronics' AND overall>=5.0,0.15,0.1491,10,10,0.0405,9.6413,9.6819,28893,10,1.0
bitmap_prefilter,main_cat='All Electronics' AND overall>=5.0,0.15,0.1491,10,11,0.0405,9.4592,9.4998,28893,10,1.0
bitmap_prefilter,main_cat='All Electronics' AND overall>=5.0,0.15,0.1491,10,12,0.0418,9.5016,9.5434,28893,10,1.0
bitmap_prefilter,main_cat='All Electronics' AND overall>=5.0,0.15,0.1491,10,13,0.0394,9.3794,9.4188,28893,10,1.0
bitmap_prefilter,main_cat='All Electronics' AND overall>=5.0,0.15,0.1491,10,14,0.0407,9.652,9.6927,28893,10,1.0
bitmap_prefilter,main_cat='All Electronics' AND overall>=5.0,0.15,0.1491,10,15,0.0472,9.4477,9.495,28893,10,1.0
bitmap_prefilter,main_cat='All Electronics' AND overall>=5.0,0.15,0.1491,10,16,0.0458,9.598,9.6438,28893,10,1.0
bitmap_prefilter,main_cat='All Electronics' AND overall>=5.0,0.15,0.1491,10,17,0.0435,9.5388,9.5822,28893,10,1.0
bitmap_prefilter,main_cat='All Electronics' AND overall>=5.0,0.15,0.1491,10,18,0.04,9.5335,9.5735,28893,10,1.0
bitmap_prefilter,main_cat='All Electronics' AND overall>=5.0,0.15,0.1491,10,19,0.04,9.4241,9.464,28893,10,1.0
bitmap_prefilter,main_cat='All Electronics' AND overall>=5.0,0.15,0.1491,10,20,0.0398,9.6132,9.653,28893,10,1.0
bitmap_prefilter,main_cat='All Electronics' AND overall>=5.0,0.15,0.1491,10,21,0.0382,9.4673,9.5055,28893,10,1.0
bitmap_prefilter,main_cat='All Electronics' AND overall>=5.0,0.15,0.1491,10,22,0.0385,9.5327,9.5712,28893,10,1.0
bitmap_prefilter,main_cat='All Electronics' AND overall>=5.0,0.15,0.1491,10,23,0.0379,9.3842,9.4221,28893,10,1.0
bitmap_prefilter,main_cat='All Electronics' AND overall>=5.0,0.15,0.1491,10,24,0.0385,9.6099,9.6484,28893,10,1.0
bitmap_prefilter,main_cat='All Electronics' AND overall>=5.0,0.15,0.1491,10,25,0.0393,9.4029,9.4422,28893,10,1.0
bitmap_prefilter,main_cat='All Electronics' AND overall>=5.0,0.15,0.1491,10,26,0.0387,9.548,9.5867,28893,10,1.0
bitmap_prefilter,main_cat='All Electronics' AND overall>=5.0,0.15,0.1491,10,27,0.0622,9.4121,9.4744,28893,10,1.0
bitmap_prefilter,main_cat='All Electronics' AND overall>=5.0,0.15,0.1491,10,28,0.0477,9.5982,9.6459,28893,10,1.0
bitmap_prefilter,main_cat='All Electronics' AND overall>=5.0,0.15,0.1491,10,29,0.0457,9.3836,9.4293,28893,10,1.0
bitmap_prefilter,main_cat='All Electronics' AND overall>=5.0,0.15,0.1491,10,30,0.0444,9.5539,9.5983,28893,10,1.0
bitmap_prefilter,main_cat='All Electronics' AND overall>=5.0,0.15,0.1491,10,31,0.0403,9.5296,9.5699,28893,10,1.0
bitmap_prefilter,main_cat='All Electronics' AND overall>=5.0,0.15,0.1491,10,32,0.0394,9.5808,9.6202,28893,10,1.0
bitmap_prefilter,main_cat='All Electronics' AND overall>=5.0,0.15,0.1491,10,33,0.0397,9.4126,9.4523,28893,10,1.0
bitmap_prefilter,main_cat='All Electronics' AND overall>=5.0,0.15,0.1491,10,34,0.0398,9.4685,9.5083,28893,10,1.0
bitmap_prefilter,main_cat='All Electronics' AND overall>=5.0,0.15,0.1491,10,35,0.0375,9.4564,9.4939,28893,10,1.0
bitmap_prefilter,main_cat='All Electronics' AND overall>=5.0,0.15,0.1491,10,36,0.0372,9.5672,9.6045,28893,10,1.0
bitmap_prefilter,main_cat='All Electronics' AND overall>=5.0,0.15,0.1491,10,37,0.038,9.4091,9.4472,28893,10,1.0
bitmap_prefilter,main_cat='All Electronics' AND overall>=5.0,0.15,0.1491,10,38,0.0382,9.6062,9.6444,28893,10,1.0
bitmap_prefilter,main_cat='All Electronics' AND overall>=5.0,0.15,0.1491,10,39,0.0376,9.3821,9.4197,28893,10,1.0
bitmap_prefilter,main_cat='All Electronics' AND overall>=5.0,0.15,0.1491,10,40,0.0371,9.5336,9.5707,28893,10,1.0
bitmap_prefilter,main_cat='All Electronics' AND overall>=5.0,0.15,0.1491,10,41,0.0384,9.4013,9.4397,28893,10,1.0
bitmap_prefilter,main_cat='All Electronics' AND overall>=5.0,0.15,0.1491,10,42,0.0382,9.5454,9.5835,28893,10,1.0
bitmap_prefilter,main_cat='All Electronics' AND overall>=5.0,0.15,0.1491,10,43,0.0368,9.3798,9.4166,28893,10,1.0
bitmap_prefilter,main_cat='All Electronics' AND overall>=5.0,0.15,0.1491,10,44,0.0374,9.4705,9.5079,28893,10,1.0
bitmap_prefilter,main_cat='All Electronics' AND overall>=5.0,0.15,0.1491,10,45,0.0374,9.5561,9.5935,28893,10,1.0
bitmap_prefilter,main_cat='All Electronics' AND overall>=5.0,0.15,0.1491,10,46,0.0375,9.5652,9.6027,28893,10,1.0
bitmap_prefilter,main_cat='All Electronics' AND overall>=5.0,0.15,0.1491,10,47,0.0382,9.6674,9.7055,28893,10,0.0
bitmap_prefilter,main_cat='All Electronics' AND overall>=5.0,0.15,0.1491,10,48,0.0395,9.7204,9.7599,28893,10,1.0
bitmap_prefilter,main_cat='All Electronics' AND overall>=5.0,0.15,0.1491,10,49,0.0424,9.5166,9.559,28893,10,1.0
brute_force,main_cat='All Electronics' AND overall>=5.0,0.15,0.1491,50,0,0.613,24.727,25.34,50,50,1.0
brute_force,main_cat='All Electronics' AND overall>=5.0,0.15,0.1491,50,1,0.1738,25.5527,25.7265,50,50,1.0
brute_force,main_cat='All Electronics' AND overall>=5.0,0.15,0.1491,50,2,0.1165,24.9705,25.087,50,50,1.0
brute_force,main_cat='All Electronics' AND overall>=5.0,0.15,0.1491,50,3,0.3011,25.6408,25.9419,50,50,1.0
brute_force,main_cat='All Electronics' AND overall>=5.0,0.15,0.1491,50,4,0.301,25.0142,25.3152,50,50,1.0
brute_force,main_cat='All Electronics' AND overall>=5.0,0.15,0.1491,50,5,0.1214,25.3759,25.4973,50,50,1.0
brute_force,main_cat='All Electronics' AND overall>=5.0,0.15,0.1491,50,6,0.2936,24.6725,24.9661,50,50,1.0
brute_force,main_cat='All Electronics' AND overall>=5.0,0.15,0.1491,50,7,0.4609,25.3343,25.7952,50,50,1.0
brute_force,main_cat='All Electronics' AND overall>=5.0,0.15,0.1491,50,8,0.6176,24.6554,25.273,50,50,1.0
brute_force,main_cat='All Electronics' AND overall>=5.0,0.15,0.1491,50,9,0.3128,25.9551,26.2678,50,50,1.0
brute_force,main_cat='All Electronics' AND overall>=5.0,0.15,0.1491,50,10,0.1924,25.1064,25.2988,50,50,1.0
brute_force,main_cat='All Electronics' AND overall>=5.0,0.15,0.1491,50,11,0.1955,25.3994,25.5948,50,50,1.0
brute_force,main_cat='All Electronics' AND overall>=5.0,0.15,0.1491,50,12,0.6345,25.1579,25.7924,50,50,1.0
brute_force,main_cat='All Electronics' AND overall>=5.0,0.15,0.1491,50,13,0.2709,25.81,26.0809,50,50,1.0
brute_force,main_cat='All Electronics' AND overall>=5.0,0.15,0.1491,50,14,1.4856,25.6959,27.1815,50,50,1.0
brute_force,main_cat='All Electronics' AND overall>=5.0,0.15,0.1491,50,15,0.5816,26.4372,27.0188,50,50,1.0
brute_force,main_cat='All Electronics' AND overall>=5.0,0.15,0.1491,50,16,0.1595,25.4144,25.5739,50,50,1.0
brute_force,main_cat='All Electronics' AND overall>=5.0,0.15,0.1491,50,17,0.3002,26.3294,26.6295,50,50,1.0
brute_force,main_cat='All Electronics' AND overall>=5.0,0.15,0.1491,50,18,0.3064,25.2085,25.5148,50,50,1.0
brute_force,main_cat='All Electronics' AND overall>=5.0,0.15,0.1491,50,19,0.1399,26.0046,26.1445,50,50,1.0
brute_force,main_cat='All Electronics' AND overall>=5.0,0.15,0.1491,50,20,0.1231,25.4465,25.5696,50,50,1.0
brute_force,main_cat='All Electronics' AND overall>=5.0,0.15,0.1491,50,21,0.3112,25.8194,26.1306,50,50,1.0
brute_force,main_cat='All Electronics' AND overall>=5.0,0.15,0.1491,50,22,0.3469,25.2713,25.6182,50,50,1.0
brute_force,main_cat='All Electronics' AND overall>=5.0,0.15,0.1491,50,23,0.1862,25.7351,25.9213,50,50,1.0
brute_force,main_cat='All Electronics' AND overall>=5.0,0.15,0.1491,50,24,0.1521,25.2693,25.4214,50,50,0.98
brute_force,main_cat='All Electronics' AND overall>=5.0,0.15,0.1491,50,25,0.2192,25.6726,25.8918,50,50,1.0
brute_force,main_cat='All Electronics' AND overall>=5.0,0.15,0.1491,50,26,0.1594,25.0688,25.2283,50,50,1.0
brute_force,main_cat='All Electronics' AND overall>=5.0,0.15,0.1491,50,27,0.1521,25.9452,26.0973,50,50,1.0
brute_force,main_cat='All Electronics' AND overall>=5.0,0.15,0.1491,50,28,0.3406,25.7236,26.0642,50,50,1.0
brute_force,main_cat='All Electronics' AND overall>=5.0,0.15,0.1491,50,29,0.2498,25.761,26.0108,50,50,1.0
brute_force,main_cat='All Electronics' AND overall>=5.0,0.15,0.1491,50,30,0.1664,25.4845,25.6508,50,50,1.0
brute_force,main_cat='All Electronics' AND overall>=5.0,0.15,0.1491,50,31,0.217,25.5495,25.7665,50,50,1.0
brute_force,main_cat='All Electronics' AND overall>=5.0,0.15,0.1491,50,32,2.2616,25.4497,27.7113,50,50,1.0
brute_force,main_cat='All Electronics' AND overall>=5.0,0.15,0.1491,50,33,0.6244,25.8005,26.4249,50,50,1.0
brute_force,main_cat='All Electronics' AND overall>=5.0,0.15,0.1491,50,34,0.6514,25.1033,25.7546,50,50,1.0
brute_force,main_cat='All Electronics' AND overall>=5.0,0.15,0.1491,50,35,0.2752,25.8304,26.1056,50,50,1.0
brute_force,main_cat='All Electronics' AND overall>=5.0,0.15,0.1491,50,36,0.735,24.9855,25.7206,50,50,1.0
brute_force,main_cat='All Electronics' AND overall>=5.0,0.15,0.1491,50,37,0.096,25.7048,25.8009,50,50,1.0
brute_force,main_cat='All Electronics' AND overall>=5.0,0.15,0.1491,50,38,0.2914,24.8184,25.1097,50,50,1.0
brute_force,main_cat='All Electronics' AND overall>=5.0,0.15,0.1491,50,39,0.1498,25.4271,25.5769,50,50,1.0
brute_force,main_cat='All Electronics' AND overall>=5.0,0.15,0.1491,50,40,0.6533,25.0603,25.7137,50,50,1.0
brute_force,main_cat='All Electronics' AND overall>=5.0,0.15,0.1491,50,41,1.0217,26.1138,27.1355,50,50,1.0
brute_force,main_cat='All Electronics' AND overall>=5.0,0.15,0.1491,50,42,0.4411,25.2938,25.735,50,50,1.0
brute_force,main_cat='All Electronics' AND overall>=5.0,0.15,0.1491,50,43,0.226,25.5635,25.7895,50,50,1.0
brute_force,main_cat='All Electronics' AND overall>=5.0,0.15,0.1491,50,44,3.0867,25.7603,28.847,50,50,1.0
brute_force,main_cat='All Electronics' AND overall>=5.0,0.15,0.1491,50,45,0.2309,26.0771,26.308,50,50,1.0
brute_force,main_cat='All Electronics' AND overall>=5.0,0.15,0.1491,50,46,0.2183,25.3078,25.5261,50,50,1.0
brute_force,main_cat='All Electronics' AND overall>=5.0,0.15,0.1491,50,47,0.2139,25.9085,26.1224,50,50,1.0
brute_force,main_cat='All Electronics' AND overall>=5.0,0.15,0.1491,50,48,0.2046,25.3836,25.5882,50,50,1.0
brute_force,main_cat='All Electronics' AND overall>=5.0,0.15,0.1491,50,49,0.1839,25.9365,26.1204,50,50,1.0
naive_prefilter,main_cat='All Electronics' AND overall>=5.0,0.15,0.1491,50,0,17.6194,10.5799,28.1993,28893,50,1.0
naive_prefilter,main_cat='All Electronics' AND overall>=5.0,0.15,0.1491,50,1,17.7438,10.1939,27.9377,28893,50,1.0
naive_prefilter,main_cat='All Electronics' AND overall>=5.0,0.15,0.1491,50,2,17.4115,10.2978,27.7093,28893,50,1.0
naive_prefilter,main_cat='All Electronics' AND overall>=5.0,0.15,0.1491,50,3,18.2642,10.329,28.5932,28893,50,1.0
naive_prefilter,main_cat='All Electronics' AND overall>=5.0,0.15,0.1491,50,4,18.0557,10.3792,28.4348,28893,50,1.0
naive_prefilter,main_cat='All Electronics' AND overall>=5.0,0.15,0.1491,50,5,17.9332,10.2588,28.192,28893,50,1.0
naive_prefilter,main_cat='All Electronics' AND overall>=5.0,0.15,0.1491,50,6,17.559,10.3967,27.9557,28893,50,1.0
naive_prefilter,main_cat='All Electronics' AND overall>=5.0,0.15,0.1491,50,7,17.8414,10.325,28.1663,28893,50,1.0
naive_prefilter,main_cat='All Electronics' AND overall>=5.0,0.15,0.1491,50,8,17.6451,10.3834,28.0285,28893,50,1.0
naive_prefilter,main_cat='All Electronics' AND overall>=5.0,0.15,0.1491,50,9,18.4405,12.0603,30.5008,28893,50,1.0
naive_prefilter,main_cat='All Electronics' AND overall>=5.0,0.15,0.1491,50,10,18.1376,10.4167,28.5543,28893,50,1.0
naive_prefilter,main_cat='All Electronics' AND overall>=5.0,0.15,0.1491,50,11,17.8472,10.5546,28.4018,28893,50,1.0
naive_prefilter,main_cat='All Electronics' AND overall>=5.0,0.15,0.1491,50,12,17.9613,10.4368,28.3982,28893,50,1.0
naive_prefilter,main_cat='All Electronics' AND overall>=5.0,0.15,0.1491,50,13,17.5858,10.1438,27.7296,28893,50,1.0
naive_prefilter,main_cat='All Electronics' AND overall>=5.0,0.15,0.1491,50,14,18.0303,10.4465,28.4768,28893,50,1.0
naive_prefilter,main_cat='All Electronics' AND overall>=5.0,0.15,0.1491,50,15,17.563,10.1171,27.68,28893,50,1.0
naive_prefilter,main_cat='All Electronics' AND overall>=5.0,0.15,0.1491,50,16,18.04,10.3022,28.3423,28893,50,1.0
naive_prefilter,main_cat='All Electronics' AND overall>=5.0,0.15,0.1491,50,17,17.9705,10.2219,28.1924,28893,50,1.0
naive_prefilter,main_cat='All Electronics' AND overall>=5.0,0.15,0.1491,50,18,17.8755,10.214,28.0895,28893,50,1.0
naive_prefilter,main_cat='All Electronics' AND overall>=5.0,0.15,0.1491,50,19,17.8257,10.2242,28.0498,28893,50,1.0
naive_prefilter,main_cat='All Electronics' AND overall>=5.0,0.15,0.1491,50,20,17.4187,10.3989,27.8175,28893,50,1.0
naive_prefilter,main_cat='All Electronics' AND overall>=5.0,0.15,0.1491,50,21,18.0395,10.1099,28.1493,28893,50,1.0
naive_prefilter,main_cat='All Electronics' AND overall>=5.0,0.15,0.1491,50,22,17.8159,10.2715,28.0875,28893,50,1.0
naive_prefilter,main_cat='All Electronics' AND overall>=5.0,0.15,0.1491,50,23,17.4908,9.9728,27.4636,28893,50,1.0
naive_prefilter,main_cat='All Electronics' AND overall>=5.0,0.15,0.1491,50,24,17.7407,10.3684,28.1091,28893,50,0.98
naive_prefilter,main_cat='All Electronics' AND overall>=5.0,0.15,0.1491,50,25,17.6192,10.1358,27.755,28893,50,1.0
naive_prefilter,main_cat='All Electronics' AND overall>=5.0,0.15,0.1491,50,26,17.5176,10.363,27.8806,28893,50,1.0
naive_prefilter,main_cat='All Electronics' AND overall>=5.0,0.15,0.1491,50,27,17.5218,10.3771,27.8989,28893,50,1.0
naive_prefilter,main_cat='All Electronics' AND overall>=5.0,0.15,0.1491,50,28,17.46,10.3023,27.7622,28893,50,1.0
naive_prefilter,main_cat='All Electronics' AND overall>=5.0,0.15,0.1491,50,29,17.5012,10.4224,27.9236,28893,50,1.0
naive_prefilter,main_cat='All Electronics' AND overall>=5.0,0.15,0.1491,50,30,17.3257,10.2448,27.5706,28893,50,0.84
naive_prefilter,main_cat='All Electronics' AND overall>=5.0,0.15,0.1491,50,31,17.3735,10.1757,27.5492,28893,50,1.0
naive_prefilter,main_cat='All Electronics' AND overall>=5.0,0.15,0.1491,50,32,17.4122,10.4148,27.827,28893,50,1.0
naive_prefilter,main_cat='All Electronics' AND overall>=5.0,0.15,0.1491,50,33,17.6238,10.3012,27.925,28893,50,1.0
naive_prefilter,main_cat='All Electronics' AND overall>=5.0,0.15,0.1491,50,34,17.7229,10.3248,28.0477,28893,50,1.0
naive_prefilter,main_cat='All Electronics' AND overall>=5.0,0.15,0.1491,50,35,17.4397,11.0782,28.5179,28893,50,1.0
naive_prefilter,main_cat='All Electronics' AND overall>=5.0,0.15,0.1491,50,36,17.938,10.3638,28.3018,28893,50,1.0
naive_prefilter,main_cat='All Electronics' AND overall>=5.0,0.15,0.1491,50,37,18.0085,10.2572,28.2656,28893,50,1.0
naive_prefilter,main_cat='All Electronics' AND overall>=5.0,0.15,0.1491,50,38,17.9126,10.3604,28.273,28893,50,1.0
naive_prefilter,main_cat='All Electronics' AND overall>=5.0,0.15,0.1491,50,39,17.7398,10.22,27.9598,28893,50,1.0
naive_prefilter,main_cat='All Electronics' AND overall>=5.0,0.15,0.1491,50,40,18.1408,10.648,28.7888,28893,50,1.0
naive_prefilter,main_cat='All Electronics' AND overall>=5.0,0.15,0.1491,50,41,17.8399,10.1854,28.0253,28893,50,1.0
naive_prefilter,main_cat='All Electronics' AND overall>=5.0,0.15,0.1491,50,42,17.694,10.2345,27.9284,28893,50,1.0
naive_prefilter,main_cat='All Electronics' AND overall>=5.0,0.15,0.1491,50,43,17.5498,10.0237,27.5735,28893,50,1.0
naive_prefilter,main_cat='All Electronics' AND overall>=5.0,0.15,0.1491,50,44,17.542,10.1626,27.7046,28893,50,1.0
naive_prefilter,main_cat='All Electronics' AND overall>=5.0,0.15,0.1491,50,45,17.7577,9.9533,27.711,28893,50,1.0
naive_prefilter,main_cat='All Electronics' AND overall>=5.0,0.15,0.1491,50,46,17.5131,10.3805,27.8936,28893,50,1.0
naive_prefilter,main_cat='All Electronics' AND overall>=5.0,0.15,0.1491,50,47,17.801,10.0458,27.8468,28893,50,1.0
naive_prefilter,main_cat='All Electronics' AND overall>=5.0,0.15,0.1491,50,48,17.5034,10.1435,27.647,28893,50,1.0
naive_prefilter,main_cat='All Electronics' AND overall>=5.0,0.15,0.1491,50,49,17.5097,10.0217,27.5314,28893,50,1.0
post_filter,main_cat='All Electronics' AND overall>=5.0,0.15,0.1491,50,0,0.313,0.6568,0.9699,50,50,0.84
post_filter,main_cat='All Electronics' AND overall>=5.0,0.15,0.1491,50,1,0.185,1.2907,1.4758,50,50,0.98
post_filter,main_cat='All Electronics' AND overall>=5.0,0.15,0.1491,50,2,0.141,1.1134,1.2544,50,50,0.98
post_filter,main_cat='All Electronics' AND overall>=5.0,0.15,0.1491,50,3,0.2725,0.9862,1.2586,50,50,0.8
post_filter,main_cat='All Electronics' AND overall>=5.0,0.15,0.1491,50,4,0.2798,1.1087,1.3885,50,50,0.88
post_filter,main_cat='All Electronics' AND overall>=5.0,0.15,0.1491,50,5,0.1036,0.9293,1.0329,50,50,1.0
post_filter,main_cat='All Electronics' AND overall>=5.0,0.15,0.1491,50,6,0.2869,1.0645,1.3514,50,50,0.88
post_filter,main_cat='All Electronics' AND overall>=5.0,0.15,0.1491,50,7,0.4194,0.7672,1.1865,50,50,0.76
post_filter,main_cat='All Electronics' AND overall>=5.0,0.15,0.1491,50,8,0.5031,1.1355,1.6387,50,50,0.86
post_filter,main_cat='All Electronics' AND overall>=5.0,0.15,0.1491,50,9,0.2647,1.1326,1.3973,50,50,0.84
post_filter,main_cat='All Electronics' AND overall>=5.0,0.15,0.1491,50,10,0.1552,1.0156,1.1708,50,50,0.92
post_filter,main_cat='All Electronics' AND overall>=5.0,0.15,0.1491,50,11,0.1778,0.9878,1.1656,50,50,0.86
post_filter,main_cat='All Electronics' AND overall>=5.0,0.15,0.1491,50,12,0.5058,0.8145,1.3203,50,50,0.78
post_filter,main_cat='All Electronics' AND overall>=5.0,0.15,0.1491,50,13,0.2709,0.8572,1.1281,50,50,0.82
post_filter,main_cat='All Electronics' AND overall>=5.0,0.15,0.1491,50,14,0.9699,0.7003,1.6702,47,47,0.32
post_filter,main_cat='All Electronics' AND overall>=5.0,0.15,0.1491,50,15,0.4707,0.5775,1.0482,50,50,0.46
post_filter,main_cat='All Electronics' AND overall>=5.0,0.15,0.1491,50,16,0.1261,1.0654,1.1915,50,50,1.0
post_filter,main_cat='All Electronics' AND overall>=5.0,0.15,0.1491,50,17,0.2493,0.778,1.0272,50,50,0.82
post_filter,main_cat='All Electronics' AND overall>=5.0,0.15,0.1491,50,18,0.2638,0.9472,1.2111,50,50,0.94
post_filter,main_cat='All Electronics' AND overall>=5.0,0.15,0.1491,50,19,0.0978,1.0065,1.1044,50,50,0.98
post_filter,main_cat='All Electronics' AND overall>=5.0,0.15,0.1491,50,20,0.0908,0.7133,0.8042,50,50,1.0
post_filter,main_cat='All Electronics' AND overall>=5.0,0.15,0.1491,50,21,0.2563,0.7681,1.0244,50,50,0.66
post_filter,main_cat='All Electronics' AND overall>=5.0,0.15,0.1491,50,22,0.3297,0.7914,1.1211,50,50,0.56
post_filter,main_cat='All Electronics' AND overall>=5.0,0.15,0.1491,50,23,0.161,0.7557,0.9168,50,50,0.94
post_filter,main_cat='All Electronics' AND overall>=5.0,0.15,0.1491,50,24,0.1168,1.0942,1.2109,50,50,0.98
post_filter,main_cat='All Electronics' AND overall>=5.0,0.15,0.1491,50,25,0.1738,0.3375,0.5113,50,50,0.56
post_filter,main_cat='All Electronics' AND overall>=5.0,0.15,0.1491,50,26,0.1185,0.9911,1.1096,50,50,0.96
post_filter,main_cat='All Electronics' AND overall>=5.0,0.15,0.1491,50,27,0.1187,0.9291,1.0477,50,50,1.0
post_filter,main_cat='All Electronics' AND overall>=5.0,0.15,0.1491,50,28,0.2671,0.9641,1.2312,50,50,0.92
post_filter,main_cat='All Electronics' AND overall>=5.0,0.15,0.1491,50,29,0.178,0.6072,0.7852,50,50,0.84
post_filter,main_cat='All Electronics' AND overall>=5.0,0.15,0.1491,50,30,0.0983,0.4484,0.5467,50,50,0.0
post_filter,main_cat='All Electronics' AND overall>=5.0,0.15,0.1491,50,31,0.1849,0.9535,1.1384,50,50,0.88
post_filter,main_cat='All Electronics' AND overall>=5.0,0.15,0.1491,50,32,1.173,0.7448,1.9178,18,18,0.24
post_filter,main_cat='All Electronics' AND overall>=5.0,0.15,0.1491,50,33,0.7496,0.5778,1.3275,43,43,0.24
post_filter,main_cat='All Electronics' AND overall>=5.0,0.15,0.1491,50,34,0.5472,0.9955,1.5427,50,50,0.82
post_filter,main_cat='All Electronics' AND overall>=5.0,0.15,0.1491,50,35,0.2028,1.0075,1.2104,50,50,0.96
post_filter,main_cat='All Electronics' AND overall>=5.0,0.15,0.1491,50,36,0.6232,0.8111,1.4343,50,50,0.56
post_filter,main_cat='All Electronics' AND overall>=5.0,0.15,0.1491,50,37,0.074,0.7425,0.8164,50,50,1.0
post_filter,main_cat='All Electronics' AND overall>=5.0,0.15,0.1491,50,38,0.2145,1.2131,1.4276,50,50,0.92
post_filter,main_cat='All Electronics' AND overall>=5.0,0.15,0.1491,50,39,0.1239,0.5823,0.7062,50,50,0.92
post_filter,main_cat='All Electronics' AND overall>=5.0,0.15,0.1491,50,40,0.484,1.2002,1.6841,50,50,0.74
post_filter,main_cat='All Electronics' AND overall>=5.0,0.15,0.1491,50,41,0.7087,0.6524,1.3612,50,50,0.46
post_filter,main_cat='All Electronics' AND overall>=5.0,0.15,0.1491,50,42,0.3452,0.9815,1.3267,50,50,0.92
post_filter,main_cat='All Electronics' AND overall>=5.0,0.15,0.1491,50,43,0.1682,0.5202,0.6885,50,50,0.94
post_filter,main_cat='All Electronics' AND overall>=5.0,0.15,0.1491,50,44,1.0483,0.7171,1.7655,8,8,0.14
post_filter,main_cat='All Electronics' AND overall>=5.0,0.15,0.1491,50,45,0.1734,1.0473,1.2207,50,50,0.88
post_filter,main_cat='All Electronics' AND overall>=5.0,0.15,0.1491,50,46,0.1751,0.8511,1.0262,50,50,0.94
post_filter,main_cat='All Electronics' AND overall>=5.0,0.15,0.1491,50,47,0.1518,0.2937,0.4456,50,50,0.92
post_filter,main_cat='All Electronics' AND overall>=5.0,0.15,0.1491,50,48,0.1549,1.051,1.206,50,50,0.98
post_filter,main_cat='All Electronics' AND overall>=5.0,0.15,0.1491,50,49,0.1318,0.5041,0.6359,50,50,0.88
bitmap_prefilter,main_cat='All Electronics' AND overall>=5.0,0.15,0.1491,50,0,0.0438,9.785,9.8288,28893,50,1.0
bitmap_prefilter,main_cat='All Electronics' AND overall>=5.0,0.15,0.1491,50,1,0.041,9.5327,9.5737,28893,50,1.0
bitmap_prefilter,main_cat='All Electronics' AND overall>=5.0,0.15,0.1491,50,2,0.0477,9.6799,9.7276,28893,50,1.0
bitmap_prefilter,main_cat='All Electronics' AND overall>=5.0,0.15,0.1491,50,3,0.0446,9.4594,9.504,28893,50,1.0
bitmap_prefilter,main_cat='All Electronics' AND overall>=5.0,0.15,0.1491,50,4,0.0409,9.6305,9.6714,28893,50,1.0
bitmap_prefilter,main_cat='All Electronics' AND overall>=5.0,0.15,0.1491,50,5,0.0436,9.4086,9.4522,28893,50,1.0
bitmap_prefilter,main_cat='All Electronics' AND overall>=5.0,0.15,0.1491,50,6,0.041,9.8676,9.9086,28893,50,1.0
bitmap_prefilter,main_cat='All Electronics' AND overall>=5.0,0.15,0.1491,50,7,0.0407,9.4963,9.537,28893,50,1.0
bitmap_prefilter,main_cat='All Electronics' AND overall>=5.0,0.15,0.1491,50,8,0.0395,9.5807,9.6203,28893,50,1.0
bitmap_prefilter,main_cat='All Electronics' AND overall>=5.0,0.15,0.1491,50,9,0.0621,9.4428,9.5049,28893,50,1.0
bitmap_prefilter,main_cat='All Electronics' AND overall>=5.0,0.15,0.1491,50,10,0.0496,9.986,10.0356,28893,50,1.0
bitmap_prefilter,main_cat='All Electronics' AND overall>=5.0,0.15,0.1491,50,11,0.0441,9.5262,9.5702,28893,50,1.0
bitmap_prefilter,main_cat='All Electronics' AND overall>=5.0,0.15,0.1491,50,12,0.0411,9.6015,9.6425,28893,50,1.0
bitmap_prefilter,main_cat='All Electronics' AND overall>=5.0,0.15,0.1491,50,13,0.0401,9.5216,9.5618,28893,50,1.0
bitmap_prefilter,main_cat='All Electronics' AND overall>=5.0,0.15,0.1491,50,14,0.0397,9.6257,9.6654,28893,50,1.0
bitmap_prefilter,main_cat='All Electronics' AND overall>=5.0,0.15,0.1491,50,15,0.0386,9.3646,9.4033,28893,50,1.0
bitmap_prefilter,main_cat='All Electronics' AND overall>=5.0,0.15,0.1491,50,16,0.0376,9.6386,9.6762,28893,50,1.0
bitmap_prefilter,main_cat='All Electronics' AND overall>=5.0,0.15,0.1491,50,17,0.0404,9.515,9.5554,28893,50,1.0
bitmap_prefilter,main_cat='All Electronics' AND overall>=5.0,0.15,0.1491,50,18,0.038,9.5576,9.5955,28893,50,1.0
bitmap_prefilter,main_cat='All Electronics' AND overall>=5.0,0.15,0.1491,50,19,0.0383,9.4814,9.5196,28893,50,1.0
bitmap_prefilter,main_cat='All Electronics' AND overall>=5.0,0.15,0.1491,50,20,0.0385,9.7025,9.7409,28893,50,1.0
bitmap_prefilter,main_cat='All Electronics' AND overall>=5.0,0.15,0.1491,50,21,0.0385,9.4376,9.4761,28893,50,1.0
bitmap_prefilter,main_cat='All Electronics' AND overall>=5.0,0.15,0.1491,50,22,0.0422,9.6444,9.6866,28893,50,1.0
bitmap_prefilter,main_cat='All Electronics' AND overall>=5.0,0.15,0.1491,50,23,0.0433,9.7428,9.7861,28893,50,1.0
bitmap_prefilter,main_cat='All Electronics' AND overall>=5.0,0.15,0.1491,50,24,0.0395,9.6441,9.6836,28893,50,0.98
bitmap_prefilter,main_cat='All Electronics' AND overall>=5.0,0.15,0.1491,50,25,0.041,9.4163,9.4574,28893,50,1.0
bitmap_prefilter,main_cat='All Electronics' AND overall>=5.0,0.15,0.1491,50,26,0.0378,9.6064,9.6442,28893,50,1.0
bitmap_prefilter,main_cat='All Electronics' AND overall>=5.0,0.15,0.1491,50,27,0.0387,9.5934,9.632,28893,50,1.0
bitmap_prefilter,main_cat='All Electronics' AND overall>=5.0,0.15,0.1491,50,28,0.0382,9.6587,9.697,28893,50,1.0
bitmap_prefilter,main_cat='All Electronics' AND overall>=5.0,0.15,0.1491,50,29,0.039,9.3835,9.4225,28893,50,1.0
bitmap_prefilter,main_cat='All Electronics' AND overall>=5.0,0.15,0.1491,50,30,0.0373,9.7112,9.7485,28893,50,0.84
bitmap_prefilter,main_cat='All Electronics' AND overall>=5.0,0.15,0.1491,50,31,0.0397,9.4202,9.4599,28893,50,1.0
bitmap_prefilter,main_cat='All Electronics' AND overall>=5.0,0.15,0.1491,50,32,0.0369,9.7773,9.8143,28893,50,1.0
bitmap_prefilter,main_cat='All Electronics' AND overall>=5.0,0.15,0.1491,50,33,0.0373,9.5953,9.6327,28893,50,1.0
bitmap_prefilter,main_cat='All Electronics' AND overall>=5.0,0.15,0.1491,50,34,0.037,9.7245,9.7615,28893,50,1.0
bitmap_prefilter,main_cat='All Electronics' AND overall>=5.0,0.15,0.1491,50,35,0.0374,9.3805,9.4179,28893,50,1.0
bitmap_prefilter,main_cat='All Electronics' AND overall>=5.0,0.15,0.1491,50,36,0.0376,9.5423,9.5799,28893,50,1.0
bitmap_prefilter,main_cat='All Electronics' AND overall>=5.0,0.15,0.1491,50,37,0.039,9.5467,9.5857,28893,50,1.0
bitmap_prefilter,main_cat='All Electronics' AND overall>=5.0,0.15,0.1491,50,38,0.0379,9.6353,9.6731,28893,50,1.0
bitmap_prefilter,main_cat='All Electronics' AND overall>=5.0,0.15,0.1491,50,39,0.0375,9.457,9.4944,28893,50,1.0
bitmap_prefilter,main_cat='All Electronics' AND overall>=5.0,0.15,0.1491,50,40,0.0369,9.7024,9.7393,28893,50,1.0
bitmap_prefilter,main_cat='All Electronics' AND overall>=5.0,0.15,0.1491,50,41,0.039,9.493,9.532,28893,50,1.0
bitmap_prefilter,main_cat='All Electronics' AND overall>=5.0,0.15,0.1491,50,42,0.0373,9.5631,9.6005,28893,50,1.0
bitmap_prefilter,main_cat='All Electronics' AND overall>=5.0,0.15,0.1491,50,43,0.0372,9.4077,9.4449,28893,50,1.0
bitmap_prefilter,main_cat='All Electronics' AND overall>=5.0,0.15,0.1491,50,44,0.0364,9.5729,9.6093,28893,50,1.0
bitmap_prefilter,main_cat='All Electronics' AND overall>=5.0,0.15,0.1491,50,45,0.0367,9.4763,9.513,28893,50,1.0
bitmap_prefilter,main_cat='All Electronics' AND overall>=5.0,0.15,0.1491,50,46,0.0374,9.5873,9.6247,28893,50,1.0
bitmap_prefilter,main_cat='All Electronics' AND overall>=5.0,0.15,0.1491,50,47,0.038,9.6265,9.6645,28893,50,1.0
bitmap_prefilter,main_cat='All Electronics' AND overall>=5.0,0.15,0.1491,50,48,0.0373,9.7242,9.7615,28893,50,1.0
bitmap_prefilter,main_cat='All Electronics' AND overall>=5.0,0.15,0.1491,50,49,0.0395,9.495,9.5345,28893,50,1.0
brute_force,main_cat='Home Audio & Theater' AND overall>=4.0,0.18,0.1788,10,0,0.0292,24.744,24.7732,10,10,1.0
brute_force,main_cat='Home Audio & Theater' AND overall>=4.0,0.18,0.1788,10,1,0.0322,25.2741,25.3063,10,10,1.0
brute_force,main_cat='Home Audio & Theater' AND overall>=4.0,0.18,0.1788,10,2,0.0887,25.1423,25.2309,10,10,1.0
brute_force,main_cat='Home Audio & Theater' AND overall>=4.0,0.18,0.1788,10,3,0.0442,25.1875,25.2318,10,10,1.0
brute_force,main_cat='Home Audio & Theater' AND overall>=4.0,0.18,0.1788,10,4,0.0605,25.0194,25.08,10,10,1.0
brute_force,main_cat='Home Audio & Theater' AND overall>=4.0,0.18,0.1788,10,5,0.1896,25.3497,25.5393,10,10,1.0
brute_force,main_cat='Home Audio & Theater' AND overall>=4.0,0.18,0.1788,10,6,0.0438,24.7978,24.8415,10,10,1.0
brute_force,main_cat='Home Audio & Theater' AND overall>=4.0,0.18,0.1788,10,7,0.1451,25.3732,25.5183,10,10,1.0
brute_force,main_cat='Home Audio & Theater' AND overall>=4.0,0.18,0.1788,10,8,0.0342,24.8706,24.9048,10,10,1.0
brute_force,main_cat='Home Audio & Theater' AND overall>=4.0,0.18,0.1788,10,9,0.034,25.2319,25.2659,10,10,1.0
brute_force,main_cat='Home Audio & Theater' AND overall>=4.0,0.18,0.1788,10,10,0.0471,24.7974,24.8445,10,10,1.0
brute_force,main_cat='Home Audio & Theater' AND overall>=4.0,0.18,0.1788,10,11,0.0362,25.5606,25.5968,10,10,1.0
brute_force,main_cat='Home Audio & Theater' AND overall>=4.0,0.18,0.1788,10,12,0.0258,25.1407,25.1665,10,10,1.0
brute_force,main_cat='Home Audio & Theater' AND overall>=4.0,0.18,0.1788,10,13,0.0239,25.5205,25.5444,10,10,1.0
brute_force,main_cat='Home Audio & Theater' AND overall>=4.0,0.18,0.1788,10,14,0.2948,25.0453,25.3401,10,10,1.0
brute_force,main_cat='Home Audio & Theater' AND overall>=4.0,0.18,0.1788,10,15,0.331,25.5242,25.8552,10,10,1.0
brute_force,main_cat='Home Audio & Theater' AND overall>=4.0,0.18,0.1788,10,16,0.0531,25.1645,25.2176,10,10,1.0
brute_force,main_cat='Home Audio & Theater' AND overall>=4.0,0.18,0.1788,10,17,0.0491,25.818,25.8671,10,10,1.0
brute_force,main_cat='Home Audio & Theater' AND overall>=4.0,0.18,0.1788,10,18,0.1727,25.0515,25.2242,10,10,1.0
brute_force,main_cat='Home Audio & Theater' AND overall>=4.0,0.18,0.1788,10,19,0.0594,25.5965,25.6559,10,10,1.0
brute_force,main_cat='Home Audio & Theater' AND overall>=4.0,0.18,0.1788,10,20,0.0482,25.0021,25.0504,10,10,1.0
brute_force,main_cat='Home Audio & Theater' AND overall>=4.0,0.18,0.1788,10,21,0.1423,25.354,25.4963,10,10,1.0
brute_force,main_cat='Home Audio & Theater' AND overall>=4.0,0.18,0.1788,10,22,0.1638,24.9215,25.0854,10,10,1.0
brute_force,main_cat='Home Audio & Theater' AND overall>=4.0,0.18,0.1788,10,23,0.0445,25.7502,25.7948,10,10,1.0
brute_force,main_cat='Home Audio & Theater' AND overall>=4.0,0.18,0.1788,10,24,0.0408,24.9545,24.9954,10,10,1.0
brute_force,main_cat='Home Audio & Theater' AND overall>=4.0,0.18,0.1788,10,25,0.0228,25.429,25.4518,10,10,1.0
brute_force,main_cat='Home Audio & Theater' AND overall>=4.0,0.18,0.1788,10,26,0.0891,24.9718,25.0609,10,10,1.0
brute_force,main_cat='Home Audio & Theater' AND overall>=4.0,0.18,0.1788,10,27,0.1348,25.3463,25.4811,10,10,1.0
brute_force,main_cat='Home Audio & Theater' AND overall>=4.0,0.18,0.1788,10,28,0.0752,25.023,25.0982,10,10,1.0
brute_force,main_cat='Home Audio & Theater' AND overall>=4.0,0.18,0.1788,10,29,0.0299,25.4463,25.4762,10,10,1.0
brute_force,main_cat='Home Audio & Theater' AND overall>=4.0,0.18,0.1788,10,30,0.0449,25.0585,25.1034,10,10,1.0
brute_force,main_cat='Home Audio & Theater' AND overall>=4.0,0.18,0.1788,10,31,0.0427,25.4435,25.4862,10,10,1.0
brute_force,main_cat='Home Audio & Theater' AND overall>=4.0,0.18,0.1788,10,32,0.2202,25.186,25.4061,10,10,1.0
brute_force,main_cat='Home Audio & Theater' AND overall>=4.0,0.18,0.1788,10,33,0.2165,25.5358,25.7522,10,10,1.0
brute_force,main_cat='Home Audio & Theater' AND overall>=4.0,0.18,0.1788,10,34,0.0252,24.9455,24.9708,10,10,1.0
brute_force,main_cat='Home Audio & Theater' AND overall>=4.0,0.18,0.1788,10,35,0.0736,25.3534,25.427,10,10,1.0
brute_force,main_cat='Home Audio & Theater' AND overall>=4.0,0.18,0.1788,10,36,0.2301,24.9179,25.148,10,10,1.0
brute_force,main_cat='Home Audio & Theater' AND overall>=4.0,0.18,0.1788,10,37,0.0397,25.4506,25.4903,10,10,1.0
brute_force,main_cat='Home Audio & Theater' AND overall>=4.0,0.18,0.1788,10,38,0.1153,24.8955,25.0108,10,10,1.0
brute_force,main_cat='Home Audio & Theater' AND overall>=4.0,0.18,0.1788,10,39,0.0371,25.5112,25.5483,10,10,1.0
brute_force,main_cat='Home Audio & Theater' AND overall>=4.0,0.18,0.1788,10,40,0.058,24.868,24.926,10,10,1.0
brute_force,main_cat='Home Audio & Theater' AND overall>=4.0,0.18,0.1788,10,41,0.3031,25.4059,25.709,10,10,1.0
brute_force,main_cat='Home Audio & Theater' AND overall>=4.0,0.18,0.1788,10,42,0.0389,24.9566,24.9955,10,10,1.0
brute_force,main_cat='Home Audio & Theater' AND overall>=4.0,0.18,0.1788,10,43,0.0483,25.5072,25.5555,10,10,1.0
brute_force,main_cat='Home Audio & Theater' AND overall>=4.0,0.18,0.1788,10,44,0.6247,25.1136,25.7382,10,10,1.0
brute_force,main_cat='Home Audio & Theater' AND overall>=4.0,0.18,0.1788,10,45,0.0347,25.4848,25.5195,10,10,1.0
brute_force,main_cat='Home Audio & Theater' AND overall>=4.0,0.18,0.1788,10,46,0.0259,24.9747,25.0006,10,10,1.0
brute_force,main_cat='Home Audio & Theater' AND overall>=4.0,0.18,0.1788,10,47,0.0349,25.4699,25.5048,10,10,1.0
brute_force,main_cat='Home Audio & Theater' AND overall>=4.0,0.18,0.1788,10,48,0.0575,25.0015,25.059,10,10,1.0
brute_force,main_cat='Home Audio & Theater' AND overall>=4.0,0.18,0.1788,10,49,0.0507,25.6012,25.6519,10,10,1.0
naive_prefilter,main_cat='Home Audio & Theater' AND overall>=4.0,0.18,0.1788,10,0,17.6153,11.3226,28.9379,34640,10,1.0
naive_prefilter,main_cat='Home Audio & Theater' AND overall>=4.0,0.18,0.1788,10,1,17.4051,11.2599,28.665,34640,10,1.0
naive_prefilter,main_cat='Home Audio & Theater' AND overall>=4.0,0.18,0.1788,10,2,17.704,11.5393,29.2433,34640,10,1.0
naive_prefilter,main_cat='Home Audio & Theater' AND overall>=4.0,0.18,0.1788,10,3,17.5494,11.2533,28.8027,34640,10,1.0
naive_prefilter,main_cat='Home Audio & Theater' AND overall>=4.0,0.18,0.1788,10,4,17.1738,11.3059,28.4797,34640,10,1.0
naive_prefilter,main_cat='Home Audio & Theater' AND overall>=4.0,0.18,0.1788,10,5,17.5616,11.2353,28.7969,34640,10,1.0
naive_prefilter,main_cat='Home Audio & Theater' AND overall>=4.0,0.18,0.1788,10,6,17.4587,11.2814,28.7402,34640,10,1.0
naive_prefilter,main_cat='Home Audio & Theater' AND overall>=4.0,0.18,0.1788,10,7,17.4293,11.215,28.6443,34640,10,1.0
naive_prefilter,main_cat='Home Audio & Theater' AND overall>=4.0,0.18,0.1788,10,8,17.3454,11.8645,29.2099,34640,10,1.0
naive_prefilter,main_cat='Home Audio & Theater' AND overall>=4.0,0.18,0.1788,10,9,17.3532,11.3051,28.6583,34640,10,1.0
naive_prefilter,main_cat='Home Audio & Theater' AND overall>=4.0,0.18,0.1788,10,10,17.2533,11.3794,28.6326,34640,10,1.0
naive_prefilter,main_cat='Home Audio & Theater' AND overall>=4.0,0.18,0.1788,10,11,17.296,11.1912,28.4872,34640,10,1.0
naive_prefilter,main_cat='Home Audio & Theater' AND overall>=4.0,0.18,0.1788,10,12,17.0857,11.481,28.5667,34640,10,1.0
naive_prefilter,main_cat='Home Audio & Theater' AND overall>=4.0,0.18,0.1788,10,13,17.3108,11.1712,28.482,34640,10,1.0
naive_prefilter,main_cat='Home Audio & Theater' AND overall>=4.0,0.18,0.1788,10,14,17.3491,11.3788,28.7279,34640,10,1.0
naive_prefilter,main_cat='Home Audio & Theater' AND overall>=4.0,0.18,0.1788,10,15,17.2594,11.1744,28.4338,34640,10,1.0
naive_prefilter,main_cat='Home Audio & Theater' AND overall>=4.0,0.18,0.1788,10,16,17.2527,11.4923,28.7451,34640,10,1.0
naive_prefilter,main_cat='Home Audio & Theater' AND overall>=4.0,0.18,0.1788,10,17,17.2742,11.2035,28.4777,34640,10,1.0
naive_prefilter,main_cat='Home Audio & Theater' AND overall>=4.0,0.18,0.1788,10,18,17.3013,11.2839,28.5852,34640,10,1.0
naive_prefilter,main_cat='Home Audio & Theater' AND overall>=4.0,0.18,0.1788,10,19,17.2158,11.2412,28.457,34640,10,1.0
naive_prefilter,main_cat='Home Audio & Theater' AND overall>=4.0,0.18,0.1788,10,20,17.2855,11.3291,28.6146,34640,10,1.0
naive_prefilter,main_cat='Home Audio & Theater' AND overall>=4.0,0.18,0.1788,10,21,17.3454,11.1603,28.5057,34640,10,1.0
naive_prefilter,main_cat='Home Audio & Theater' AND overall>=4.0,0.18,0.1788,10,22,17.231,11.3296,28.5606,34640,10,1.0
naive_prefilter,main_cat='Home Audio & Theater' AND overall>=4.0,0.18,0.1788,10,23,17.2851,11.1813,28.4664,34640,10,1.0
naive_prefilter,main_cat='Home Audio & Theater' AND overall>=4.0,0.18,0.1788,10,24,17.2869,11.4157,28.7026,34640,10,1.0
naive_prefilter,main_cat='Home Audio & Theater' AND overall>=4.0,0.18,0.1788,10,25,17.3925,11.2084,28.6009,34640,10,1.0
naive_prefilter,main_cat='Home Audio & Theater' AND overall>=4.0,0.18,0.1788,10,26,17.3512,11.3422,28.6934,34640,10,1.0
naive_prefilter,main_cat='Home Audio & Theater' AND overall>=4.0,0.18,0.1788,10,27,17.2261,11.2338,28.4599,34640,10,1.0
naive_prefilter,main_cat='Home Audio & Theater' AND overall>=4.0,0.18,0.1788,10,28,17.2141,11.345,28.559,34640,10,1.0
naive_prefilter,main_cat='Home Audio & Theater' AND overall>=4.0,0.18,0.1788,10,29,17.1838,11.5428,28.7266,34640,10,1.0
naive_prefilter,main_cat='Home Audio & Theater' AND overall>=4.0,0.18,0.1788,10,30,17.5557,11.4515,29.0072,34640,10,1.0
naive_prefilter,main_cat='Home Audio & Theater' AND overall>=4.0,0.18,0.1788,10,31,17.4171,11.372,28.7891,34640,10,1.0
naive_prefilter,main_cat='Home Audio & Theater' AND overall>=4.0,0.18,0.1788,10,32,17.2905,11.4068,28.6973,34640,10,1.0
naive_prefilter,main_cat='Home Audio & Theater' AND overall>=4.0,0.18,0.1788,10,33,17.2888,11.1827,28.4715,34640,10,1.0
naive_prefilter,main_cat='Home Audio & Theater' AND overall>=4.0,0.18,0.1788,10,34,17.2395,11.3089,28.5484,34640,10,1.0
naive_prefilter,main_cat='Home Audio & Theater' AND overall>=4.0,0.18,0.1788,10,35,17.2861,11.1592,28.4453,34640,10,1.0
naive_prefilter,main_cat='Home Audio & Theater' AND overall>=4.0,0.18,0.1788,10,36,17.066,11.2859,28.3519,34640,10,1.0
naive_prefilter,main_cat='Home Audio & Theater' AND overall>=4.0,0.18,0.1788,10,37,17.2003,11.2013,28.4016,34640,10,1.0
naive_prefilter,main_cat='Home Audio & Theater' AND overall>=4.0,0.18,0.1788,10,38,17.196,11.3378,28.5337,34640,10,1.0
naive_prefilter,main_cat='Home Audio & Theater' AND overall>=4.0,0.18,0.1788,10,39,17.2642,11.2556,28.5198,34640,10,1.0
naive_prefilter,main_cat='Home Audio & Theater' AND overall>=4.0,0.18,0.1788,10,40,17.1776,11.3337,28.5113,34640,10,1.0
naive_prefilter,main_cat='Home Audio & Theater' AND overall>=4.0,0.18,0.1788,10,41,17.0272,11.1937,28.2209,34640,10,1.0
naive_prefilter,main_cat='Home Audio & Theater' AND overall>=4.0,0.18,0.1788,10,42,17.2171,11.3456,28.5627,34640,10,1.0
naive_prefilter,main_cat='Home Audio & Theater' AND overall>=4.0,0.18,0.1788,10,43,17.0359,11.1328,28.1687,34640,10,1.0
naive_prefilter,main_cat='Home Audio & Theater' AND overall>=4.0,0.18,0.1788,10,44,17.1466,11.3866,28.5332,34640,10,1.0
naive_prefilter,main_cat='Home Audio & Theater' AND overall>=4.0,0.18,0.1788,10,45,17.0213,11.2164,28.2377,34640,10,1.0
naive_prefilter,main_cat='Home Audio & Theater' AND overall>=4.0,0.18,0.1788,10,46,16.9868,11.6317,28.6186,34640,10,1.0
naive_prefilter,main_cat='Home Audio & Theater' AND overall>=4.0,0.18,0.1788,10,47,17.1212,11.304,28.4252,34640,10,0.0
naive_prefilter,main_cat='Home Audio & Theater' AND overall>=4.0,0.18,0.1788,10,48,16.9734,11.4054,28.3788,34640,10,1.0
naive_prefilter,main_cat='Home Audio & Theater' AND overall>=4.0,0.18,0.1788,10,49,17.5868,11.5912,29.178,34640,10,1.0
post_filter,main_cat='Home Audio & Theater' AND overall>=4.0,0.18,0.1788,10,0,0.0084,0.3582,0.3665,10,10,1.0
post_filter,main_cat='Home Audio & Theater' AND overall>=4.0,0.18,0.1788,10,1,0.0235,0.8274,0.8509,10,10,1.0
post_filter,main_cat='Home Audio & Theater' AND overall>=4.0,0.18,0.1788,10,2,0.0815,0.6624,0.7439,10,10,1.0
post_filter,main_cat='Home Audio & Theater' AND overall>=4.0,0.18,0.1788,10,3,0.0276,0.6793,0.7069,10,10,1.0
post_filter,main_cat='Home Audio & Theater' AND overall>=4.0,0.18,0.1788,10,4,0.0736,0.7689,0.8425,10,10,0.9
post_filter,main_cat='Home Audio & Theater' AND overall>=4.0,0.18,0.1788,10,5,0.1655,0.7856,0.9512,10,10,1.0
post_filter,main_cat='Home Audio & Theater' AND overall>=4.0,0.18,0.1788,10,6,0.0313,0.8637,0.895,10,10,1.0
post_filter,main_cat='Home Audio & Theater' AND overall>=4.0,0.18,0.1788,10,7,0.1268,0.618,0.7449,10,10,0.9
post_filter,main_cat='Home Audio & Theater' AND overall>=4.0,0.18,0.1788,10,8,0.0245,0.8925,0.917,10,10,1.0
post_filter,main_cat='Home Audio & Theater' AND overall>=4.0,0.18,0.1788,10,9,0.0245,0.894,0.9185,10,10,1.0
post_filter,main_cat='Home Audio & Theater' AND overall>=4.0,0.18,0.1788,10,10,0.0359,0.8253,0.8612,10,10,1.0
post_filter,main_cat='Home Audio & Theater' AND overall>=4.0,0.18,0.1788,10,11,0.0278,0.8095,0.8374,10,10,1.0
post_filter,main_cat='Home Audio & Theater' AND overall>=4.0,0.18,0.1788,10,12,0.0227,0.6715,0.6941,10,10,1.0
post_filter,main_cat='Home Audio & Theater' AND overall>=4.0,0.18,0.1788,10,13,0.0175,0.716,0.7335,10,10,1.0
post_filter,main_cat='Home Audio & Theater' AND overall>=4.0,0.18,0.1788,10,14,0.3369,0.5568,0.8938,10,10,1.0
post_filter,main_cat='Home Audio & Theater' AND overall>=4.0,0.18,0.1788,10,15,0.3736,0.5147,0.8883,10,10,0.5
post_filter,main_cat='Home Audio & Theater' AND overall>=4.0,0.18,0.1788,10,16,0.041,0.8898,0.9308,10,10,1.0
post_filter,main_cat='Home Audio & Theater' AND overall>=4.0,0.18,0.1788,10,17,0.0364,0.651,0.6874,10,10,1.0
post_filter,main_cat='Home Audio & Theater' AND overall>=4.0,0.18,0.1788,10,18,0.1479,0.7428,0.8907,10,10,1.0
post_filter,main_cat='Home Audio & Theater' AND overall>=4.0,0.18,0.1788,10,19,0.0427,0.7823,0.825,10,10,1.0
post_filter,main_cat='Home Audio & Theater' AND overall>=4.0,0.18,0.1788,10,20,0.0335,0.567,0.6005,10,10,1.0
post_filter,main_cat='Home Audio & Theater' AND overall>=4.0,0.18,0.1788,10,21,0.1277,0.61,0.7378,10,10,0.8
post_filter,main_cat='Home Audio & Theater' AND overall>=4.0,0.18,0.1788,10,22,0.1491,0.6569,0.806,10,10,0.8
post_filter,main_cat='Home Audio & Theater' AND overall>=4.0,0.18,0.1788,10,23,0.033,0.6171,0.6501,10,10,1.0
post_filter,main_cat='Home Audio & Theater' AND overall>=4.0,0.18,0.1788,10,24,0.0306,0.8464,0.877,10,10,1.0
post_filter,main_cat='Home Audio & Theater' AND overall>=4.0,0.18,0.1788,10,25,0.0157,0.2565,0.2722,10,10,0.6
post_filter,main_cat='Home Audio & Theater' AND overall>=4.0,0.18,0.1788,10,26,0.0688,0.7622,0.831,10,10,0.9
post_filter,main_cat='Home Audio & Theater' AND overall>=4.0,0.18,0.1788,10,27,0.1193,0.8302,0.9495,10,10,1.0
post_filter,main_cat='Home Audio & Theater' AND overall>=4.0,0.18,0.1788,10,28,0.0669,0.841,0.9079,10,10,1.0
post_filter,main_cat='Home Audio & Theater' AND overall>=4.0,0.18,0.1788,10,29,0.0205,0.5285,0.5491,10,10,1.0
post_filter,main_cat='Home Audio & Theater' AND overall>=4.0,0.18,0.1788,10,30,0.0472,0.4055,0.4527,10,10,0.0
post_filter,main_cat='Home Audio & Theater' AND overall>=4.0,0.18,0.1788,10,31,0.0335,0.7825,0.8161,10,10,1.0
post_filter,main_cat='Home Audio & Theater' AND overall>=4.0,0.18,0.1788,10,32,0.1874,0.5928,0.7802,10,10,1.0
post_filter,main_cat='Home Audio & Theater' AND overall>=4.0,0.18,0.1788,10,33,0.1863,0.4528,0.639,10,10,0.6
post_filter,main_cat='Home Audio & Theater' AND overall>=4.0,0.18,0.1788,10,34,0.0183,0.7747,0.793,10,10,1.0
post_filter,main_cat='Home Audio & Theater' AND overall>=4.0,0.18,0.1788,10,35,0.0581,0.7813,0.8394,10,10,1.0
post_filter,main_cat='Home Audio & Theater' AND overall>=4.0,0.18,0.1788,10,36,0.2637,0.6539,0.9175,10,10,0.7
post_filter,main_cat='Home Audio & Theater' AND overall>=4.0,0.18,0.1788,10,37,0.0307,0.603,0.6337,10,10,1.0
post_filter,main_cat='Home Audio & Theater' AND overall>=4.0,0.18,0.1788,10,38,0.0873,0.9356,1.0229,10,10,1.0
post_filter,main_cat='Home Audio & Theater' AND overall>=4.0,0.18,0.1788,10,39,0.0273,0.4575,0.4848,10,10,1.0
post_filter,main_cat='Home Audio & Theater' AND overall>=4.0,0.18,0.1788,10,40,0.0456,0.9201,0.9657,10,10,1.0
post_filter,main_cat='Home Audio & Theater' AND overall>=4.0,0.18,0.1788,10,41,0.2416,0.5235,0.7652,10,10,1.0
post_filter,main_cat='Home Audio & Theater' AND overall>=4.0,0.18,0.1788,10,42,0.0285,0.7579,0.7863,10,10,1.0
post_filter,main_cat='Home Audio & Theater' AND overall>=4.0,0.18,0.1788,10,43,0.0318,0.4188,0.4506,10,10,0.9
post_filter,main_cat='Home Audio & Theater' AND overall>=4.0,0.18,0.1788,10,44,0.4447,0.591,1.0357,10,10,0.8
post_filter,main_cat='Home Audio & Theater' AND overall>=4.0,0.18,0.1788,10,45,0.0235,0.8247,0.8481,10,10,1.0
post_filter,main_cat='Home Audio & Theater' AND overall>=4.0,0.18,0.1788,10,46,0.0193,0.673,0.6923,10,10,1.0
post_filter,main_cat='Home Audio & Theater' AND overall>=4.0,0.18,0.1788,10,47,0.0323,0.234,0.2663,10,10,0.1
post_filter,main_cat='Home Audio & Theater' AND overall>=4.0,0.18,0.1788,10,48,0.0431,0.8123,0.8554,10,10,1.0
post_filter,main_cat='Home Audio & Theater' AND overall>=4.0,0.18,0.1788,10,49,0.035,0.4092,0.4443,10,10,1.0
bitmap_prefilter,main_cat='Home Audio & Theater' AND overall>=4.0,0.18,0.1788,10,0,0.0524,10.7775,10.8299,34640,10,1.0
bitmap_prefilter,main_cat='Home Audio & Theater' AND overall>=4.0,0.18,0.1788,10,1,0.049,10.6527,10.7017,34640,10,1.0
bitmap_prefilter,main_cat='Home Audio & Theater' AND overall>=4.0,0.18,0.1788,10,2,0.0475,10.7194,10.7669,34640,10,1.0
bitmap_prefilter,main_cat='Home Audio & Theater' AND overall>=4.0,0.18,0.1788,10,3,0.0453,10.6388,10.684,34640,10,1.0
bitmap_prefilter,main_cat='Home Audio & Theater' AND overall>=4.0,0.18,0.1788,10,4,0.0457,10.775,10.8207,34640,10,1.0
bitmap_prefilter,main_cat='Home Audio & Theater' AND overall>=4.0,0.18,0.1788,10,5,0.0568,10.6102,10.667,34640,10,1.0
bitmap_prefilter,main_cat='Home Audio & Theater' AND overall>=4.0,0.18,0.1788,10,6,0.0491,10.6157,10.6648,34640,10,1.0
bitmap_prefilter,main_cat='Home Audio & Theater' AND overall>=4.0,0.18,0.1788,10,7,0.0457,10.7713,10.817,34640,10,1.0
bitmap_prefilter,main_cat='Home Audio & Theater' AND overall>=4.0,0.18,0.1788,10,8,0.0492,10.6588,10.708,34640,10,1.0
bitmap_prefilter,main_cat='Home Audio & Theater' AND overall>=4.0,0.18,0.1788,10,9,0.047,10.5196,10.5666,34640,10,1.0
bitmap_prefilter,main_cat='Home Audio & Theater' AND overall>=4.0,0.18,0.1788,10,10,0.0452,10.8272,10.8724,34640,10,1.0
bitmap_prefilter,main_cat='Home Audio & Theater' AND overall>=4.0,0.18,0.1788,10,11,0.0632,10.5062,10.5694,34640,10,1.0
bitmap_prefilter,main_cat='Home Audio & Theater' AND overall>=4.0,0.18,0.1788,10,12,0.0514,10.7307,10.7821,34640,10,1.0
bitmap_prefilter,main_cat='Home Audio & Theater' AND overall>=4.0,0.18,0.1788,10,13,0.0465,10.8478,10.8944,34640,10,1.0
bitmap_prefilter,main_cat='Home Audio & Theater' AND overall>=4.0,0.18,0.1788,10,14,0.0523,11.4258,11.4781,34640,10,1.0
bitmap_prefilter,main_cat='Home Audio & Theater' AND overall>=4.0,0.18,0.1788,10,15,0.0473,11.1132,11.1605,34640,10,1.0
bitmap_prefilter,main_cat='Home Audio & Theater' AND overall>=4.0,0.18,0.1788,10,16,0.0562,11.5023,11.5585,34640,10,1.0
bitmap_prefilter,main_cat='Home Audio & Theater' AND overall>=4.0,0.18,0.1788,10,17,0.0591,10.6573,10.7164,34640,10,1.0
bitmap_prefilter,main_cat='Home Audio & Theater' AND overall>=4.0,0.18,0.1788,10,18,0.0532,10.6773,10.7305,34640,10,1.0
bitmap_prefilter,main_cat='Home Audio & Theater' AND overall>=4.0,0.18,0.1788,10,19,0.0461,10.6367,10.6828,34640,10,1.0
bitmap_prefilter,main_cat='Home Audio & Theater' AND overall>=4.0,0.18,0.1788,10,20,0.0453,10.6106,10.6559,34640,10,1.0
bitmap_prefilter,main_cat='Home Audio & Theater' AND overall>=4.0,0.18,0.1788,10,21,0.0445,10.7288,10.7733,34640,10,1.0
bitmap_prefilter,main_cat='Home Audio & Theater' AND overall>=4.0,0.18,0.1788,10,22,0.0443,10.7153,10.7596,34640,10,1.0
bitmap_prefilter,main_cat='Home Audio & Theater' AND overall>=4.0,0.18,0.1788,10,23,0.0493,10.6116,10.6609,34640,10,1.0
bitmap_prefilter,main_cat='Home Audio & Theater' AND overall>=4.0,0.18,0.1788,10,24,0.0438,10.7046,10.7485,34640,10,1.0
bitmap_prefilter,main_cat='Home Audio & Theater' AND overall>=4.0,0.18,0.1788,10,25,0.044,10.8365,10.8805,34640,10,1.0
bitmap_prefilter,main_cat='Home Audio & Theater' AND overall>=4.0,0.18,0.1788,10,26,0.0447,10.7436,10.7883,34640,10,1.0
bitmap_prefilter,main_cat='Home Audio & Theater' AND overall>=4.0,0.18,0.1788,10,27,0.0431,10.5581,10.6012,34640,10,1.0
bitmap_prefilter,main_cat='Home Audio & Theater' AND overall>=4.0,0.18,0.1788,10,28,0.043,10.6605,10.7034,34640,10,1.0
bitmap_prefilter,main_cat='Home Audio & Theater' AND overall>=4.0,0.18,0.1788,10,29,0.0448,10.5108,10.5557,34640,10,1.0
bitmap_prefilter,main_cat='Home Audio & Theater' AND overall>=4.0,0.18,0.1788,10,30,0.042,11.0485,11.0904,34640,10,1.0
bitmap_prefilter,main_cat='Home Audio & Theater' AND overall>=4.0,0.18,0.1788,10,31,0.0497,10.6068,10.6565,34640,10,1.0
bitmap_prefilter,main_cat='Home Audio & Theater' AND overall>=4.0,0.18,0.1788,10,32,0.0465,10.7593,10.8058,34640,10,1.0
bitmap_prefilter,main_cat='Home Audio & Theater' AND overall>=4.0,0.18,0.1788,10,33,0.046,10.4964,10.5424,34640,10,1.0
bitmap_prefilter,main_cat='Home Audio & Theater' AND overall>=4.0,0.18,0.1788,10,34,0.0453,10.7037,10.749,34640,10,1.0
bitmap_prefilter,main_cat='Home Audio & Theater' AND overall>=4.0,0.18,0.1788,10,35,0.0433,10.6502,10.6935,34640,10,1.0
bitmap_prefilter,main_cat='Home Audio & Theater' AND overall>=4.0,0.18,0.1788,10,36,0.0443,10.8154,10.8597,34640,10,1.0
bitmap_prefilter,main_cat='Home Audio & Theater' AND overall>=4.0,0.18,0.1788,10,37,0.0443,10.5638,10.6081,34640,10,1.0
bitmap_prefilter,main_cat='Home Audio & Theater' AND overall>=4.0,0.18,0.1788,10,38,0.0449,10.7963,10.8412,34640,10,1.0
bitmap_prefilter,main_cat='Home Audio & Theater' AND overall>=4.0,0.18,0.1788,10,39,0.0436,10.5176,10.5612,34640,10,1.0
bitmap_prefilter,main_cat='Home Audio & Theater' AND overall>=4.0,0.18,0.1788,10,40,0.0439,10.7671,10.811,34640,10,1.0
bitmap_prefilter,main_cat='Home Audio & Theater' AND overall>=4.0,0.18,0.1788,10,41,0.0437,10.5722,10.6159,34640,10,1.0
bitmap_prefilter,main_cat='Home Audio & Theater' AND overall>=4.0,0.18,0.1788,10,42,0.0426,10.671,10.7137,34640,10,1.0
bitmap_prefilter,main_cat='Home Audio & Theater' AND overall>=4.0,0.18,0.1788,10,43,0.0425,10.4896,10.5321,34640,10,1.0
bitmap_prefilter,main_cat='Home Audio & Theater' AND overall>=4.0,0.18,0.1788,10,44,0.0425,10.9265,10.9691,34640,10,1.0
bitmap_prefilter,main_cat='Home Audio & Theater' AND overall>=4.0,0.18,0.1788,10,45,0.0511,10.5715,10.6226,34640,10,1.0
bitmap_prefilter,main_cat='Home Audio & Theater' AND overall>=4.0,0.18,0.1788,10,46,0.0467,10.703,10.7496,34640,10,1.0
bitmap_prefilter,main_cat='Home Audio & Theater' AND overall>=4.0,0.18,0.1788,10,47,0.0465,10.7773,10.8238,34640,10,0.0
bitmap_prefilter,main_cat='Home Audio & Theater' AND overall>=4.0,0.18,0.1788,10,48,0.0449,10.6812,10.7261,34640,10,1.0
bitmap_prefilter,main_cat='Home Audio & Theater' AND overall>=4.0,0.18,0.1788,10,49,0.0442,10.6147,10.6589,34640,10,1.0
brute_force,main_cat='Home Audio & Theater' AND overall>=4.0,0.18,0.1788,50,0,0.0889,24.787,24.8758,50,50,1.0
brute_force,main_cat='Home Audio & Theater' AND overall>=4.0,0.18,0.1788,50,1,0.1208,25.2857,25.4065,50,50,1.0
brute_force,main_cat='Home Audio & Theater' AND overall>=4.0,0.18,0.1788,50,2,0.3172,25.113,25.4302,50,50,1.0
brute_force,main_cat='Home Audio & Theater' AND overall>=4.0,0.18,0.1788,50,3,0.1517,25.5224,25.6741,50,50,1.0
brute_force,main_cat='Home Audio & Theater' AND overall>=4.0,0.18,0.1788,50,4,0.2763,24.8278,25.1041,50,50,1.0
brute_force,main_cat='Home Audio & Theater' AND overall>=4.0,0.18,0.1788,50,5,0.5522,25.3109,25.8631,50,50,1.0
brute_force,main_cat='Home Audio & Theater' AND overall>=4.0,0.18,0.1788,50,6,0.1451,24.6987,24.8438,50,50,1.0
brute_force,main_cat='Home Audio & Theater' AND overall>=4.0,0.18,0.1788,50,7,0.4681,25.3017,25.7698,50,50,1.0
brute_force,main_cat='Home Audio & Theater' AND overall>=4.0,0.18,0.1788,50,8,0.1222,25.0135,25.1357,50,50,0.96
brute_force,main_cat='Home Audio & Theater' AND overall>=4.0,0.18,0.1788,50,9,0.1282,25.442,25.5701,50,50,1.0
brute_force,main_cat='Home Audio & Theater' AND overall>=4.0,0.18,0.1788,50,10,0.1744,24.8798,25.0542,50,50,1.0
brute_force,main_cat='Home Audio & Theater' AND overall>=4.0,0.18,0.1788,50,11,0.1381,25.3753,25.5134,50,50,1.0
brute_force,main_cat='Home Audio & Theater' AND overall>=4.0,0.18,0.1788,50,12,0.0938,25.0432,25.1369,50,50,1.0
brute_force,main_cat='Home Audio & Theater' AND overall>=4.0,0.18,0.1788,50,13,0.088,25.4789,25.5668,50,50,1.0
brute_force,main_cat='Home Audio & Theater' AND overall>=4.0,0.18,0.1788,50,14,0.8657,25.0476,25.9133,50,50,1.0
brute_force,main_cat='Home Audio & Theater' AND overall>=4.0,0.18,0.1788,50,15,0.5738,25.5612,26.135,50,50,1.0
brute_force,main_cat='Home Audio & Theater' AND overall>=4.0,0.18,0.1788,50,16,0.1757,25.1647,25.3404,50,50,1.0
brute_force,main_cat='Home Audio & Theater' AND overall>=4.0,0.18,0.1788,50,17,0.2286,25.473,25.7016,50,50,1.0
brute_force,main_cat='Home Audio & Theater' AND overall>=4.0,0.18,0.1788,50,18,0.4886,24.9767,25.4653,50,50,1.0
brute_force,main_cat='Home Audio & Theater' AND overall>=4.0,0.18,0.1788,50,19,0.2494,25.2269,25.4762,50,50,1.0
brute_force,main_cat='Home Audio & Theater' AND overall>=4.0,0.18,0.1788,50,20,0.1807,25.0773,25.258,50,50,1.0
brute_force,main_cat='Home Audio & Theater' AND overall>=4.0,0.18,0.1788,50,21,0.3841,25.313,25.6971,50,50,1.0
brute_force,main_cat='Home Audio & Theater' AND overall>=4.0,0.18,0.1788,50,22,0.5938,24.8809,25.4747,50,50,1.0
brute_force,main_cat='Home Audio & Theater' AND overall>=4.0,0.18,0.1788,50,23,0.1743,25.4307,25.605,50,50,1.0
brute_force,main_cat='Home Audio & Theater' AND overall>=4.0,0.18,0.1788,50,24,0.1647,25.0122,25.1769,50,50,1.0
brute_force,main_cat='Home Audio & Theater' AND overall>=4.0,0.18,0.1788,50,25,0.0826,25.3055,25.388,50,50,1.0
brute_force,main_cat='Home Audio & Theater' AND overall>=4.0,0.18,0.1788,50,26,0.2931,25.0926,25.3858,50,50,1.0
brute_force,main_cat='Home Audio & Theater' AND overall>=4.0,0.18,0.1788,50,27,0.5593,25.3217,25.881,50,50,1.0
brute_force,main_cat='Home Audio & Theater' AND overall>=4.0,0.18,0.1788,50,28,0.2869,24.874,25.1609,50,50,1.0
brute_force,main_cat='Home Audio & Theater' AND overall>=4.0,0.18,0.1788,50,29,0.1341,25.466,25.6001,50,50,1.0
brute_force,main_cat='Home Audio & Theater' AND overall>=4.0,0.18,0.1788,50,30,0.1702,24.772,24.9423,50,50,1.0
brute_force,main_cat='Home Audio & Theater' AND overall>=4.0,0.18,0.1788,50,31,0.1708,25.2976,25.4684,50,50,1.0
brute_force,main_cat='Home Audio & Theater' AND overall>=4.0,0.18,0.1788,50,32,0.7155,24.8363,25.5517,50,50,1.0
brute_force,main_cat='Home Audio & Theater' AND overall>=4.0,0.18,0.1788,50,33,0.4043,25.4921,25.8964,50,50,1.0
brute_force,main_cat='Home Audio & Theater' AND overall>=4.0,0.18,0.1788,50,34,0.0992,24.6991,24.7983,50,50,1.0
brute_force,main_cat='Home Audio & Theater' AND overall>=4.0,0.18,0.1788,50,35,0.3386,25.2573,25.5959,50,50,1.0
brute_force,main_cat='Home Audio & Theater' AND overall>=4.0,0.18,0.1788,50,36,0.6928,24.6044,25.2972,50,50,1.0
brute_force,main_cat='Home Audio & Theater' AND overall>=4.0,0.18,0.1788,50,37,0.1423,25.4199,25.5623,50,50,1.0
brute_force,main_cat='Home Audio & Theater' AND overall>=4.0,0.18,0.1788,50,38,0.4548,24.7022,25.1569,50,50,1.0
brute_force,main_cat='Home Audio & Theater' AND overall>=4.0,0.18,0.1788,50,39,0.1534,25.2687,25.4222,50,50,1.0
brute_force,main_cat='Home Audio & Theater' AND overall>=4.0,0.18,0.1788,50,40,0.2012,24.6852,24.8864,50,50,1.0
brute_force,main_cat='Home Audio & Theater' AND overall>=4.0,0.18,0.1788,50,41,0.8262,25.3723,26.1985,50,50,1.0
brute_force,main_cat='Home Audio & Theater' AND overall>=4.0,0.18,0.1788,50,42,0.1356,24.6794,24.815,50,50,1.0
brute_force,main_cat='Home Audio & Theater' AND overall>=4.0,0.18,0.1788,50,43,0.1702,25.3928,25.563,50,50,1.0
brute_force,main_cat='Home Audio & Theater' AND overall>=4.0,0.18,0.1788,50,44,2.0327,24.7903,26.8231,50,50,1.0
brute_force,main_cat='Home Audio & Theater' AND overall>=4.0,0.18,0.1788,50,45,0.1309,25.4237,25.5546,50,50,1.0
brute_force,main_cat='Home Audio & Theater' AND overall>=4.0,0.18,0.1788,50,46,0.0918,24.892,24.9838,50,50,1.0
brute_force,main_cat='Home Audio & Theater' AND overall>=4.0,0.18,0.1788,50,47,0.1787,25.5712,25.7499,50,50,1.0
brute_force,main_cat='Home Audio & Theater' AND overall>=4.0,0.18,0.1788,50,48,0.2178,25.0399,25.2577,50,50,1.0
brute_force,main_cat='Home Audio & Theater' AND overall>=4.0,0.18,0.1788,50,49,0.197,25.4337,25.6307,50,50,1.0
naive_prefilter,main_cat='Home Audio & Theater' AND overall>=4.0,0.18,0.1788,50,0,17.1595,11.354,28.5135,34640,50,1.0
naive_prefilter,main_cat='Home Audio & Theater' AND overall>=4.0,0.18,0.1788,50,1,17.0787,11.2097,28.2883,34640,50,1.0
naive_prefilter,main_cat='Home Audio & Theater' AND overall>=4.0,0.18,0.1788,50,2,17.2699,11.3308,28.6007,34640,50,1.0
naive_prefilter,main_cat='Home Audio & Theater' AND overall>=4.0,0.18,0.1788,50,3,17.1844,11.1408,28.3253,34640,50,1.0
naive_prefilter,main_cat='Home Audio & Theater' AND overall>=4.0,0.18,0.1788,50,4,17.2137,11.3066,28.5203,34640,50,1.0
naive_prefilter,main_cat='Home Audio & Theater' AND overall>=4.0,0.18,0.1788,50,5,17.172,11.1336,28.3056,34640,50,1.0
naive_prefilter,main_cat='Home Audio & Theater' AND overall>=4.0,0.18,0.1788,50,6,16.9476,11.5941,28.5417,34640,50,1.0
naive_prefilter,main_cat='Home Audio & Theater' AND overall>=4.0,0.18,0.1788,50,7,17.0619,11.283,28.3449,34640,50,1.0
naive_prefilter,main_cat='Home Audio & Theater' AND overall>=4.0,0.18,0.1788,50,8,16.939,11.8255,28.7645,34640,50,0.96
naive_prefilter,main_cat='Home Audio & Theater' AND overall>=4.0,0.18,0.1788,50,9,17.1302,11.1887,28.3189,34640,50,1.0
naive_prefilter,main_cat='Home Audio & Theater' AND overall>=4.0,0.18,0.1788,50,10,17.1104,11.3755,28.4859,34640,50,1.0
naive_prefilter,main_cat='Home Audio & Theater' AND overall>=4.0,0.18,0.1788,50,11,17.1077,11.1898,28.2975,34640,50,1.0
naive_prefilter,main_cat='Home Audio & Theater' AND overall>=4.0,0.18,0.1788,50,12,17.188,11.3997,28.5877,34640,50,1.0
naive_prefilter,main_cat='Home Audio & Theater' AND overall>=4.0,0.18,0.1788,50,13,17.1383,11.2177,28.3559,34640,50,1.0
naive_prefilter,main_cat='Home Audio & Theater' AND overall>=4.0,0.18,0.1788,50,14,17.1984,11.4046,28.603,34640,50,1.0
naive_prefilter,main_cat='Home Audio & Theater' AND overall>=4.0,0.18,0.1788,50,15,17.3017,11.1283,28.43,34640,50,1.0
naive_prefilter,main_cat='Home Audio & Theater' AND overall>=4.0,0.18,0.1788,50,16,17.1914,11.3843,28.5757,34640,50,1.0
naive_prefilter,main_cat='Home Audio & Theater' AND overall>=4.0,0.18,0.1788,50,17,17.1728,11.218,28.3908,34640,50,1.0
naive_prefilter,main_cat='Home Audio & Theater' AND overall>=4.0,0.18,0.1788,50,18,17.161,11.329,28.49,34640,50,1.0
naive_prefilter,main_cat='Home Audio & Theater' AND overall>=4.0,0.18,0.1788,50,19,17.2588,11.203,28.4617,34640,50,1.0
naive_prefilter,main_cat='Home Audio & Theater' AND overall>=4.0,0.18,0.1788,50,20,17.1693,11.4348,28.6042,34640,50,1.0
naive_prefilter,main_cat='Home Audio & Theater' AND overall>=4.0,0.18,0.1788,50,21,17.2273,11.1867,28.414,34640,50,1.0
naive_prefilter,main_cat='Home Audio & Theater' AND overall>=4.0,0.18,0.1788,50,22,17.3008,11.4014,28.7022,34640,50,1.0
naive_prefilter,main_cat='Home Audio & Theater' AND overall>=4.0,0.18,0.1788,50,23,17.0887,11.1498,28.2384,34640,50,1.0
naive_prefilter,main_cat='Home Audio & Theater' AND overall>=4.0,0.18,0.1788,50,24,17.2208,11.3802,28.601,34640,50,1.0
naive_prefilter,main_cat='Home Audio & Theater' AND overall>=4.0,0.18,0.1788,50,25,17.048,11.1921,28.2401,34640,50,1.0
naive_prefilter,main_cat='Home Audio & Theater' AND overall>=4.0,0.18,0.1788,50,26,17.0161,11.3242,28.3403,34640,50,1.0
naive_prefilter,main_cat='Home Audio & Theater' AND overall>=4.0,0.18,0.1788,50,27,16.9823,11.4476,28.43,34640,50,1.0
naive_prefilter,main_cat='Home Audio & Theater' AND overall>=4.0,0.18,0.1788,50,28,17.0475,11.6221,28.6696,34640,50,1.0
naive_prefilter,main_cat='Home Audio & Theater' AND overall>=4.0,0.18,0.1788,50,29,17.0912,11.1847,28.2758,34640,50,1.0
naive_prefilter,main_cat='Home Audio & Theater' AND overall>=4.0,0.18,0.1788,50,30,17.1994,11.2845,28.4839,34640,50,1.0
naive_prefilter,main_cat='Home Audio & Theater' AND overall>=4.0,0.18,0.1788,50,31,17.2388,11.1772,28.416,34640,50,1.0
naive_prefilter,main_cat='Home Audio & Theater' AND overall>=4.0,0.18,0.1788,50,32,17.1349,11.3569,28.4918,34640,50,1.0
naive_prefilter,main_cat='Home Audio & Theater' AND overall>=4.0,0.18,0.1788,50,33,17.2676,11.1355,28.4031,34640,50,1.0
naive_prefilter,main_cat='Home Audio & Theater' AND overall>=4.0,0.18,0.1788,50,34,17.1573,11.4335,28.5908,34640,50,1.0
naive_prefilter,main_cat='Home Audio & Theater' AND overall>=4.0,0.18,0.1788,50,35,17.181,11.3073,28.4882,34640,50,1.0
naive_prefilter,main_cat='Home Audio & Theater' AND overall>=4.0,0.18,0.1788,50,36,17.0719,11.3603,28.4323,34640,50,1.0
naive_prefilter,main_cat='Home Audio & Theater' AND overall>=4.0,0.18,0.1788,50,37,17.1982,11.1113,28.3095,34640,50,1.0
naive_prefilter,main_cat='Home Audio & Theater' AND overall>=4.0,0.18,0.1788,50,38,17.1575,11.4086,28.566,34640,50,1.0
naive_prefilter,main_cat='Home Audio & Theater' AND overall>=4.0,0.18,0.1788,50,39,17.2119,11.2411,28.453,34640,50,1.0
naive_prefilter,main_cat='Home Audio & Theater' AND overall>=4.0,0.18,0.1788,50,40,17.2535,11.3614,28.6148,34640,50,1.0
naive_prefilter,main_cat='Home Audio & Theater' AND overall>=4.0,0.18,0.1788,50,41,17.1252,11.2194,28.3446,34640,50,1.0
naive_prefilter,main_cat='Home Audio & Theater' AND overall>=4.0,0.18,0.1788,50,42,17.0763,11.4714,28.5477,34640,50,1.0
naive_prefilter,main_cat='Home Audio & Theater' AND overall>=4.0,0.18,0.1788,50,43,17.1558,11.7373,28.8931,34640,50,1.0
naive_prefilter,main_cat='Home Audio & Theater' AND overall>=4.0,0.18,0.1788,50,44,17.6935,11.4725,29.166,34640,50,1.0
naive_prefilter,main_cat='Home Audio & Theater' AND overall>=4.0,0.18,0.1788,50,45,17.5171,11.2026,28.7198,34640,50,1.0
naive_prefilter,main_cat='Home Audio & Theater' AND overall>=4.0,0.18,0.1788,50,46,17.2982,11.4311,28.7293,34640,50,1.0
naive_prefilter,main_cat='Home Audio & Theater' AND overall>=4.0,0.18,0.1788,50,47,17.4937,11.2632,28.7569,34640,50,0.96
naive_prefilter,main_cat='Home Audio & Theater' AND overall>=4.0,0.18,0.1788,50,48,17.1935,11.3713,28.5648,34640,50,1.0
naive_prefilter,main_cat='Home Audio & Theater' AND overall>=4.0,0.18,0.1788,50,49,17.1266,11.3732,28.4999,34640,50,1.0
post_filter,main_cat='Home Audio & Theater' AND overall>=4.0,0.18,0.1788,50,0,0.0337,0.5066,0.5402,50,50,1.0
post_filter,main_cat='Home Audio & Theater' AND overall>=4.0,0.18,0.1788,50,1,0.0982,1.0918,1.19,50,50,1.0
post_filter,main_cat='Home Audio & Theater' AND overall>=4.0,0.18,0.1788,50,2,0.2862,0.8273,1.1135,50,50,0.88
post_filter,main_cat='Home Audio & Theater' AND overall>=4.0,0.18,0.1788,50,3,0.1325,0.9631,1.0957,50,50,0.88
post_filter,main_cat='Home Audio & Theater' AND overall>=4.0,0.18,0.1788,50,4,0.6262,1.1233,1.7494,50,50,0.72
post_filter,main_cat='Home Audio & Theater' AND overall>=4.0,0.18,0.1788,50,5,0.6428,1.085,1.7278,50,50,0.72
post_filter,main_cat='Home Audio & Theater' AND overall>=4.0,0.18,0.1788,50,6,0.1327,1.1347,1.2673,50,50,1.0
post_filter,main_cat='Home Audio & Theater' AND overall>=4.0,0.18,0.1788,50,7,0.4433,0.8019,1.2452,50,50,0.76
post_filter,main_cat='Home Audio & Theater' AND overall>=4.0,0.18,0.1788,50,8,0.097,1.158,1.2551,50,50,0.96
post_filter,main_cat='Home Audio & Theater' AND overall>=4.0,0.18,0.1788,50,9,0.104,1.1492,1.2532,50,50,0.98
post_filter,main_cat='Home Audio & Theater' AND overall>=4.0,0.18,0.1788,50,10,0.1433,1.0315,1.1748,50,50,0.98
post_filter,main_cat='Home Audio & Theater' AND overall>=4.0,0.18,0.1788,50,11,0.1126,0.9951,1.1077,50,50,1.0
post_filter,main_cat='Home Audio & Theater' AND overall>=4.0,0.18,0.1788,50,12,0.0842,0.8368,0.921,50,50,1.0
post_filter,main_cat='Home Audio & Theater' AND overall>=4.0,0.18,0.1788,50,13,0.0752,0.8772,0.9524,50,50,1.0
post_filter,main_cat='Home Audio & Theater' AND overall>=4.0,0.18,0.1788,50,14,0.6184,0.6618,1.2802,50,50,0.54
post_filter,main_cat='Home Audio & Theater' AND overall>=4.0,0.18,0.1788,50,15,0.698,0.5753,1.2733,44,44,0.32
post_filter,main_cat='Home Audio & Theater' AND overall>=4.0,0.18,0.1788,50,16,0.1686,1.1425,1.3111,50,50,0.94
post_filter,main_cat='Home Audio & Theater' AND overall>=4.0,0.18,0.1788,50,17,0.2076,0.8131,1.0207,50,50,0.84
post_filter,main_cat='Home Audio & Theater' AND overall>=4.0,0.18,0.1788,50,18,0.4508,0.9811,1.432,50,50,0.78
post_filter,main_cat='Home Audio & Theater' AND overall>=4.0,0.18,0.1788,50,19,0.198,1.0063,1.2042,50,50,0.86
post_filter,main_cat='Home Audio & Theater' AND overall>=4.0,0.18,0.1788,50,20,0.149,0.7123,0.8613,50,50,0.98
post_filter,main_cat='Home Audio & Theater' AND overall>=4.0,0.18,0.1788,50,21,0.3685,0.758,1.1266,50,50,0.46
post_filter,main_cat='Home Audio & Theater' AND overall>=4.0,0.18,0.1788,50,22,0.4698,0.7942,1.264,50,50,0.5
post_filter,main_cat='Home Audio & Theater' AND overall>=4.0,0.18,0.1788,50,23,0.1416,0.7681,0.9097,50,50,1.0
post_filter,main_cat='Home Audio & Theater' AND overall>=4.0,0.18,0.1788,50,24,0.1339,1.105,1.2389,50,50,0.98
post_filter,main_cat='Home Audio & Theater' AND overall>=4.0,0.18,0.1788,50,25,0.0763,0.3327,0.409,50,50,0.82
post_filter,main_cat='Home Audio & Theater' AND overall>=4.0,0.18,0.1788,50,26,0.2258,0.9691,1.1948,50,50,0.9
post_filter,main_cat='Home Audio & Theater' AND overall>=4.0,0.18,0.1788,50,27,0.4494,0.9275,1.3769,50,50,0.88
post_filter,main_cat='Home Audio & Theater' AND overall>=4.0,0.18,0.1788,50,28,0.2326,0.968,1.2006,50,50,0.86
post_filter,main_cat='Home Audio & Theater' AND overall>=4.0,0.18,0.1788,50,29,0.0957,0.5955,0.6912,50,50,0.96
post_filter,main_cat='Home Audio & Theater' AND overall>=4.0,0.18,0.1788,50,30,0.1433,0.4442,0.5875,50,50,0.0
post_filter,main_cat='Home Audio & Theater' AND overall>=4.0,0.18,0.1788,50,31,0.1225,0.9479,1.0704,50,50,0.96
post_filter,main_cat='Home Audio & Theater' AND overall>=4.0,0.18,0.1788,50,32,0.5879,0.7353,1.3232,50,50,0.72
post_filter,main_cat='Home Audio & Theater' AND overall>=4.0,0.18,0.1788,50,33,0.388,0.5573,0.9452,50,50,0.44
post_filter,main_cat='Home Audio & Theater' AND overall>=4.0,0.18,0.1788,50,34,0.0838,0.9579,1.0417,50,50,1.0
post_filter,main_cat='Home Audio & Theater' AND overall>=4.0,0.18,0.1788,50,35,0.2806,0.9836,1.2642,50,50,0.88
post_filter,main_cat='Home Audio & Theater' AND overall>=4.0,0.18,0.1788,50,36,0.6097,0.8216,1.4313,50,50,0.4
post_filter,main_cat='Home Audio & Theater' AND overall>=4.0,0.18,0.1788,50,37,0.1148,0.7414,0.8562,50,50,1.0
post_filter,main_cat='Home Audio & Theater' AND overall>=4.0,0.18,0.1788,50,38,0.334,1.2055,1.5395,50,50,0.86
post_filter,main_cat='Home Audio & Theater' AND overall>=4.0,0.18,0.1788,50,39,0.1177,0.5638,0.6815,50,50,0.98
post_filter,main_cat='Home Audio & Theater' AND overall>=4.0,0.18,0.1788,50,40,0.1587,1.1881,1.3469,50,50,0.96
post_filter,main_cat='Home Audio & Theater' AND overall>=4.0,0.18,0.1788,50,41,0.6437,0.6267,1.2704,50,50,0.58
post_filter,main_cat='Home Audio & Theater' AND overall>=4.0,0.18,0.1788,50,42,0.1038,0.9671,1.0709,50,50,0.96
post_filter,main_cat='Home Audio & Theater' AND overall>=4.0,0.18,0.1788,50,43,0.1337,0.4772,0.611,50,50,0.94
post_filter,main_cat='Home Audio & Theater' AND overall>=4.0,0.18,0.1788,50,44,1.0465,0.6998,1.7464,24,24,0.36
post_filter,main_cat='Home Audio & Theater' AND overall>=4.0,0.18,0.1788,50,45,0.1031,1.0498,1.1529,50,50,0.9
post_filter,main_cat='Home Audio & Theater' AND overall>=4.0,0.18,0.1788,50,46,0.0754,0.8659,0.9413,50,50,1.0
post_filter,main_cat='Home Audio & Theater' AND overall>=4.0,0.18,0.1788,50,47,0.1357,0.3123,0.448,50,50,0.9
post_filter,main_cat='Home Audio & Theater' AND overall>=4.0,0.18,0.1788,50,48,0.167,1.0432,1.2102,50,50,0.9
post_filter,main_cat='Home Audio & Theater' AND overall>=4.0,0.18,0.1788,50,49,0.1505,0.5411,0.6916,50,50,0.74
bitmap_prefilter,main_cat='Home Audio & Theater' AND overall>=4.0,0.18,0.1788,50,0,0.0455,11.0001,11.0456,34640,50,1.0
bitmap_prefilter,main_cat='Home Audio & Theater' AND overall>=4.0,0.18,0.1788,50,1,0.0632,10.6359,10.6992,34640,50,1.0
bitmap_prefilter,main_cat='Home Audio & Theater' AND overall>=4.0,0.18,0.1788,50,2,0.0518,10.7755,10.8273,34640,50,1.0
bitmap_prefilter,main_cat='Home Audio & Theater' AND overall>=4.0,0.18,0.1788,50,3,0.0468,11.0154,11.0622,34640,50,1.0
bitmap_prefilter,main_cat='Home Audio & Theater' AND overall>=4.0,0.18,0.1788,50,4,0.0512,11.2779,11.329,34640,50,1.0
bitmap_prefilter,main_cat='Home Audio & Theater' AND overall>=4.0,0.18,0.1788,50,5,0.0484,11.0766,11.125,34640,50,1.0
bitmap_prefilter,main_cat='Home Audio & Theater' AND overall>=4.0,0.18,0.1788,50,6,0.046,11.286,11.332,34640,50,1.0
bitmap_prefilter,main_cat='Home Audio & Theater' AND overall>=4.0,0.18,0.1788,50,7,0.0453,11.2116,11.2569,34640,50,1.0
bitmap_prefilter,main_cat='Home Audio & Theater' AND overall>=4.0,0.18,0.1788,50,8,0.0449,11.2687,11.3136,34640,50,0.96
bitmap_prefilter,main_cat='Home Audio & Theater' AND overall>=4.0,0.18,0.1788,50,9,0.0451,11.1736,11.2187,34640,50,1.0
bitmap_prefilter,main_cat='Home Audio & Theater' AND overall>=4.0,0.18,0.1788,50,10,0.0429,11.1225,11.1654,34640,50,1.0
bitmap_prefilter,main_cat='Home Audio & Theater' AND overall>=4.0,0.18,0.1788,50,11,0.0445,10.932,10.9765,34640,50,1.0
bitmap_prefilter,main_cat='Home Audio & Theater' AND overall>=4.0,0.18,0.1788,50,12,0.044,11.2918,11.3358,34640,50,1.0
bitmap_prefilter,main_cat='Home Audio & Theater' AND overall>=4.0,0.18,0.1788,50,13,0.0447,11.074,11.1187,34640,50,1.0
bitmap_prefilter,main_cat='Home Audio & Theater' AND overall>=4.0,0.18,0.1788,50,14,0.044,11.0487,11.0928,34640,50,1.0
bitmap_prefilter,main_cat='Home Audio & Theater' AND overall>=4.0,0.18,0.1788,50,15,0.0498,10.6896,10.7394,34640,50,1.0
bitmap_prefilter,main_cat='Home Audio & Theater' AND overall>=4.0,0.18,0.1788,50,16,0.0434,10.8061,10.8495,34640,50,1.0
bitmap_prefilter,main_cat='Home Audio & Theater' AND overall>=4.0,0.18,0.1788,50,17,0.0452,10.6979,10.743,34640,50,1.0
bitmap_prefilter,main_cat='Home Audio & Theater' AND overall>=4.0,0.18,0.1788,50,18,0.0529,10.8727,10.9256,34640,50,1.0
bitmap_prefilter,main_cat='Home Audio & Theater' AND overall>=4.0,0.18,0.1788,50,19,0.0499,10.7363,10.7862,34640,50,1.0
bitmap_prefilter,main_cat='Home Audio & Theater' AND overall>=4.0,0.18,0.1788,50,20,0.0463,10.7676,10.8139,34640,50,1.0
bitmap_prefilter,main_cat='Home Audio & Theater' AND overall>=4.0,0.18,0.1788,50,21,0.0482,10.6698,10.718,34640,50,1.0
bitmap_prefilter,main_cat='Home Audio & Theater' AND overall>=4.0,0.18,0.1788,50,22,0.0444,10.7077,10.7521,34640,50,1.0
bitmap_prefilter,main_cat='Home Audio & Theater' AND overall>=4.0,0.18,0.1788,50,23,0.0444,10.6233,10.6677,34640,50,1.0
bitmap_prefilter,main_cat='Home Audio & Theater' AND overall>=4.0,0.18,0.1788,50,24,0.0435,10.7079,10.7515,34640,50,1.0
bitmap_prefilter,main_cat='Home Audio & Theater' AND overall>=4.0,0.18,0.1788,50,25,0.0457,10.5428,10.5885,34640,50,1.0
bitmap_prefilter,main_cat='Home Audio & Theater' AND overall>=4.0,0.18,0.1788,50,26,0.0563,10.7993,10.8556,34640,50,1.0
bitmap_prefilter,main_cat='Home Audio & Theater' AND overall>=4.0,0.18,0.1788,50,27,0.0503,10.6059,10.6562,34640,50,1.0
bitmap_prefilter,main_cat='Home Audio & Theater' AND overall>=4.0,0.18,0.1788,50,28,0.0469,10.8016,10.8485,34640,50,1.0
bitmap_prefilter,main_cat='Home Audio & Theater' AND overall>=4.0,0.18,0.1788,50,29,0.0465,10.5293,10.5758,34640,50,1.0
bitmap_prefilter,main_cat='Home Audio & Theater' AND overall>=4.0,0.18,0.1788,50,30,0.0465,10.6741,10.7206,34640,50,1.0
bitmap_prefilter,main_cat='Home Audio & Theater' AND overall>=4.0,0.18,0.1788,50,31,0.0449,10.6117,10.6565,34640,50,1.0
bitmap_prefilter,main_cat='Home Audio & Theater' AND overall>=4.0,0.18,0.1788,50,32,0.0425,10.7328,10.7753,34640,50,1.0
bitmap_prefilter,main_cat='Home Audio & Theater' AND overall>=4.0,0.18,0.1788,50,33,0.0434,10.4849,10.5282,34640,50,1.0
bitmap_prefilter,main_cat='Home Audio & Theater' AND overall>=4.0,0.18,0.1788,50,34,0.0438,10.8792,10.9229,34640,50,1.0
bitmap_prefilter,main_cat='Home Audio & Theater' AND overall>=4.0,0.18,0.1788,50,35,0.0431,10.5364,10.5795,34640,50,1.0
bitmap_prefilter,main_cat='Home Audio & Theater' AND overall>=4.0,0.18,0.1788,50,36,0.0433,10.8216,10.8649,34640,50,1.0
bitmap_prefilter,main_cat='Home Audio & Theater' AND overall>=4.0,0.18,0.1788,50,37,0.0438,10.5809,10.6247,34640,50,1.0
bitmap_prefilter,main_cat='Home Audio & Theater' AND overall>=4.0,0.18,0.1788,50,38,0.0428,10.8818,10.9245,34640,50,1.0
bitmap_prefilter,main_cat='Home Audio & Theater' AND overall>=4.0,0.18,0.1788,50,39,0.0512,11.0017,11.0529,34640,50,1.0
bitmap_prefilter,main_cat='Home Audio & Theater' AND overall>=4.0,0.18,0.1788,50,40,0.0431,11.031,11.0741,34640,50,1.0
bitmap_prefilter,main_cat='Home Audio & Theater' AND overall>=4.0,0.18,0.1788,50,41,0.0444,11.1141,11.1585,34640,50,1.0
bitmap_prefilter,main_cat='Home Audio & Theater' AND overall>=4.0,0.18,0.1788,50,42,0.043,10.8741,10.9171,34640,50,1.0
bitmap_prefilter,main_cat='Home Audio & Theater' AND overall>=4.0,0.18,0.1788,50,43,0.0428,10.8912,10.9341,34640,50,1.0
bitmap_prefilter,main_cat='Home Audio & Theater' AND overall>=4.0,0.18,0.1788,50,44,0.0455,10.7685,10.814,34640,50,1.0
bitmap_prefilter,main_cat='Home Audio & Theater' AND overall>=4.0,0.18,0.1788,50,45,0.048,10.6981,10.7461,34640,50,1.0
bitmap_prefilter,main_cat='Home Audio & Theater' AND overall>=4.0,0.18,0.1788,50,46,0.0463,11.046,11.0923,34640,50,1.0
bitmap_prefilter,main_cat='Home Audio & Theater' AND overall>=4.0,0.18,0.1788,50,47,0.0444,10.6102,10.6546,34640,50,0.96
bitmap_prefilter,main_cat='Home Audio & Theater' AND overall>=4.0,0.18,0.1788,50,48,0.0449,10.7145,10.7594,34640,50,1.0
bitmap_prefilter,main_cat='Home Audio & Theater' AND overall>=4.0,0.18,0.1788,50,49,0.0445,10.712,10.7565,34640,50,1.0
brute_force,main_cat='Home Audio & Theater' AND overall>=3.0,0.2,0.1962,10,0,0.0271,24.6757,24.7028,10,10,1.0
brute_force,main_cat='Home Audio & Theater' AND overall>=3.0,0.2,0.1962,10,1,0.0326,25.852,25.8846,10,10,1.0
brute_force,main_cat='Home Audio & Theater' AND overall>=3.0,0.2,0.1962,10,2,0.0889,25.1574,25.2463,10,10,1.0
brute_force,main_cat='Home Audio & Theater' AND overall>=3.0,0.2,0.1962,10,3,0.0404,25.627,25.6674,10,10,1.0
brute_force,main_cat='Home Audio & Theater' AND overall>=3.0,0.2,0.1962,10,4,0.0598,24.9211,24.9809,10,10,1.0
brute_force,main_cat='Home Audio & Theater' AND overall>=3.0,0.2,0.1962,10,5,0.1781,25.4624,25.6405,10,10,1.0
brute_force,main_cat='Home Audio & Theater' AND overall>=3.0,0.2,0.1962,10,6,0.043,24.8246,24.8676,10,10,1.0
brute_force,main_cat='Home Audio & Theater' AND overall>=3.0,0.2,0.1962,10,7,0.0867,25.5812,25.6678,10,10,1.0
brute_force,main_cat='Home Audio & Theater' AND overall>=3.0,0.2,0.1962,10,8,0.0257,24.947,24.9727,10,10,1.0
brute_force,main_cat='Home Audio & Theater' AND overall>=3.0,0.2,0.1962,10,9,0.0323,25.4199,25.4522,10,10,1.0
brute_force,main_cat='Home Audio & Theater' AND overall>=3.0,0.2,0.1962,10,10,0.0438,24.9303,24.9742,10,10,1.0
brute_force,main_cat='Home Audio & Theater' AND overall>=3.0,0.2,0.1962,10,11,0.0294,25.4093,25.4388,10,10,1.0
brute_force,main_cat='Home Audio & Theater' AND overall>=3.0,0.2,0.1962,10,12,0.0229,25.048,25.0709,10,10,1.0
brute_force,main_cat='Home Audio & Theater' AND overall>=3.0,0.2,0.1962,10,13,0.022,25.5812,25.6031,10,10,1.0
brute_force,main_cat='Home Audio & Theater' AND overall>=3.0,0.2,0.1962,10,14,0.1938,24.9288,25.1226,10,10,1.0
brute_force,main_cat='Home Audio & Theater' AND overall>=3.0,0.2,0.1962,10,15,0.3322,25.5285,25.8607,10,10,1.0
brute_force,main_cat='Home Audio & Theater' AND overall>=3.0,0.2,0.1962,10,16,0.0497,25.0919,25.1416,10,10,1.0
brute_force,main_cat='Home Audio & Theater' AND overall>=3.0,0.2,0.1962,10,17,0.047,25.5777,25.6248,10,10,1.0
brute_force,main_cat='Home Audio & Theater' AND overall>=3.0,0.2,0.1962,10,18,0.1731,24.8498,25.0229,10,10,1.0
brute_force,main_cat='Home Audio & Theater' AND overall>=3.0,0.2,0.1962,10,19,0.0584,25.3057,25.3641,10,10,1.0
brute_force,main_cat='Home Audio & Theater' AND overall>=3.0,0.2,0.1962,10,20,0.0435,25.0145,25.058,10,10,1.0
brute_force,main_cat='Home Audio & Theater' AND overall>=3.0,0.2,0.1962,10,21,0.1401,25.4542,25.5943,10,10,1.0
brute_force,main_cat='Home Audio & Theater' AND overall>=3.0,0.2,0.1962,10,22,0.1703,25.034,25.2043,10,10,1.0
brute_force,main_cat='Home Audio & Theater' AND overall>=3.0,0.2,0.1962,10,23,0.0432,26.0923,26.1354,10,10,1.0
brute_force,main_cat='Home Audio & Theater' AND overall>=3.0,0.2,0.1962,10,24,0.0366,24.9086,24.9452,10,10,1.0
brute_force,main_cat='Home Audio & Theater' AND overall>=3.0,0.2,0.1962,10,25,0.0185,25.5586,25.5771,10,10,1.0
brute_force,main_cat='Home Audio & Theater' AND overall>=3.0,0.2,0.1962,10,26,0.0894,25.059,25.1484,10,10,1.0
brute_force,main_cat='Home Audio & Theater' AND overall>=3.0,0.2,0.1962,10,27,0.1072,25.4905,25.5977,10,10,1.0
brute_force,main_cat='Home Audio & Theater' AND overall>=3.0,0.2,0.1962,10,28,0.0735,25.0898,25.1633,10,10,1.0
brute_force,main_cat='Home Audio & Theater' AND overall>=3.0,0.2,0.1962,10,29,0.0262,25.4731,25.4993,10,10,1.0
brute_force,main_cat='Home Audio & Theater' AND overall>=3.0,0.2,0.1962,10,30,0.0439,25.0807,25.1246,10,10,1.0
brute_force,main_cat='Home Audio & Theater' AND overall>=3.0,0.2,0.1962,10,31,0.0392,25.3004,25.3396,10,10,1.0
brute_force,main_cat='Home Audio & Theater' AND overall>=3.0,0.2,0.1962,10,32,0.0604,25.0669,25.1273,10,10,1.0
brute_force,main_cat='Home Audio & Theater' AND overall>=3.0,0.2,0.1962,10,33,0.2035,26.5095,26.713,10,10,1.0
brute_force,main_cat='Home Audio & Theater' AND overall>=3.0,0.2,0.1962,10,34,0.0258,25.4833,25.5092,10,10,1.0
brute_force,main_cat='Home Audio & Theater' AND overall>=3.0,0.2,0.1962,10,35,0.076,25.2535,25.3295,10,10,1.0
brute_force,main_cat='Home Audio & Theater' AND overall>=3.0,0.2,0.1962,10,36,0.1797,24.9216,25.1013,10,10,1.0
brute_force,main_cat='Home Audio & Theater' AND overall>=3.0,0.2,0.1962,10,37,0.0391,25.3213,25.3605,10,10,1.0
brute_force,main_cat='Home Audio & Theater' AND overall>=3.0,0.2,0.1962,10,38,0.0824,25.0327,25.1151,10,10,1.0
brute_force,main_cat='Home Audio & Theater' AND overall>=3.0,0.2,0.1962,10,39,0.0385,25.3699,25.4083,10,10,1.0
brute_force,main_cat='Home Audio & Theater' AND overall>=3.0,0.2,0.1962,10,40,0.0684,25.1121,25.1805,10,10,1.0
brute_force,main_cat='Home Audio & Theater' AND overall>=3.0,0.2,0.1962,10,41,0.1412,25.4175,25.5587,10,10,1.0
brute_force,main_cat='Home Audio & Theater' AND overall>=3.0,0.2,0.1962,10,42,0.0351,24.7585,24.7936,10,10,1.0
brute_force,main_cat='Home Audio & Theater' AND overall>=3.0,0.2,0.1962,10,43,0.0475,25.2322,25.2797,10,10,1.0
brute_force,main_cat='Home Audio & Theater' AND overall>=3.0,0.2,0.1962,10,44,0.2865,24.7898,25.0763,10,10,1.0
brute_force,main_cat='Home Audio & Theater' AND overall>=3.0,0.2,0.1962,10,45,0.034,25.2785,25.3125,10,10,1.0
brute_force,main_cat='Home Audio & Theater' AND overall>=3.0,0.2,0.1962,10,46,0.0253,24.8485,24.8738,10,10,1.0
brute_force,main_cat='Home Audio & Theater' AND overall>=3.0,0.2,0.1962,10,47,0.0349,25.3518,25.3868,10,10,1.0
brute_force,main_cat='Home Audio & Theater' AND overall>=3.0,0.2,0.1962,10,48,0.0581,24.8928,24.9509,10,10,1.0
brute_force,main_cat='Home Audio & Theater' AND overall>=3.0,0.2,0.1962,10,49,0.0461,25.347,25.3931,10,10,1.0
naive_prefilter,main_cat='Home Audio & Theater' AND overall>=3.0,0.2,0.1962,10,0,17.4518,12.2657,29.7175,38011,10,1.0
naive_prefilter,main_cat='Home Audio & Theater' AND overall>=3.0,0.2,0.1962,10,1,17.6329,12.1998,29.8327,38011,10,1.0
naive_prefilter,main_cat='Home Audio & Theater' AND overall>=3.0,0.2,0.1962,10,2,17.673,12.1338,29.8068,38011,10,1.0
naive_prefilter,main_cat='Home Audio & Theater' AND overall>=3.0,0.2,0.1962,10,3,17.3263,11.976,29.3023,38011,10,1.0
naive_prefilter,main_cat='Home Audio & Theater' AND overall>=3.0,0.2,0.1962,10,4,17.3525,12.0713,29.4238,38011,10,1.0
naive_prefilter,main_cat='Home Audio & Theater' AND overall>=3.0,0.2,0.1962,10,5,17.471,12.0227,29.4937,38011,10,1.0
naive_prefilter,main_cat='Home Audio & Theater' AND overall>=3.0,0.2,0.1962,10,6,17.3973,11.9902,29.3876,38011,10,1.0
naive_prefilter,main_cat='Home Audio & Theater' AND overall>=3.0,0.2,0.1962,10,7,17.447,11.9785,29.4255,38011,10,1.0
naive_prefilter,main_cat='Home Audio & Theater' AND overall>=3.0,0.2,0.1962,10,8,17.4581,12.0063,29.4645,38011,10,1.0
naive_prefilter,main_cat='Home Audio & Theater' AND overall>=3.0,0.2,0.1962,10,9,17.5008,12.0103,29.5111,38011,10,1.0
naive_prefilter,main_cat='Home Audio & Theater' AND overall>=3.0,0.2,0.1962,10,10,17.311,12.2989,29.6098,38011,10,1.0
naive_prefilter,main_cat='Home Audio & Theater' AND overall>=3.0,0.2,0.1962,10,11,17.2783,12.0329,29.3113,38011,10,1.0
naive_prefilter,main_cat='Home Audio & Theater' AND overall>=3.0,0.2,0.1962,10,12,17.1012,12.0677,29.1689,38011,10,1.0
naive_prefilter,main_cat='Home Audio & Theater' AND overall>=3.0,0.2,0.1962,10,13,17.3893,11.9317,29.321,38011,10,1.0
naive_prefilter,main_cat='Home Audio & Theater' AND overall>=3.0,0.2,0.1962,10,14,17.2453,12.0313,29.2766,38011,10,1.0
naive_prefilter,main_cat='Home Audio & Theater' AND overall>=3.0,0.2,0.1962,10,15,17.3393,11.9106,29.2499,38011,10,1.0
naive_prefilter,main_cat='Home Audio & Theater' AND overall>=3.0,0.2,0.1962,10,16,17.2567,12.0932,29.3498,38011,10,1.0
naive_prefilter,main_cat='Home Audio & Theater' AND overall>=3.0,0.2,0.1962,10,17,17.288,11.9253,29.2133,38011,10,1.0
naive_prefilter,main_cat='Home Audio & Theater' AND overall>=3.0,0.2,0.1962,10,18,17.3245,12.0667,29.3912,38011,10,1.0
naive_prefilter,main_cat='Home Audio & Theater' AND overall>=3.0,0.2,0.1962,10,19,17.2507,12.1356,29.3863,38011,10,1.0
naive_prefilter,main_cat='Home Audio & Theater' AND overall>=3.0,0.2,0.1962,10,20,17.6332,12.1954,29.8286,38011,10,1.0
naive_prefilter,main_cat='Home Audio & Theater' AND overall>=3.0,0.2,0.1962,10,21,17.2636,11.92,29.1836,38011,10,1.0
naive_prefilter,main_cat='Home Audio & Theater' AND overall>=3.0,0.2,0.1962,10,22,17.3002,12.142,29.4422,38011,10,1.0
naive_prefilter,main_cat='Home Audio & Theater' AND overall>=3.0,0.2,0.1962,10,23,17.2374,11.8873,29.1247,38011,10,1.0
naive_prefilter,main_cat='Home Audio & Theater' AND overall>=3.0,0.2,0.1962,10,24,17.3434,12.1385,29.482,38011,10,1.0
naive_prefilter,main_cat='Home Audio & Theater' AND overall>=3.0,0.2,0.1962,10,25,17.2378,12.262,29.4998,38011,10,1.0
naive_prefilter,main_cat='Home Audio & Theater' AND overall>=3.0,0.2,0.1962,10,26,17.4017,12.267,29.6687,38011,10,1.0
naive_prefilter,main_cat='Home Audio & Theater' AND overall>=3.0,0.2,0.1962,10,27,17.2952,12.055,29.3502,38011,10,1.0
naive_prefilter,main_cat='Home Audio & Theater' AND overall>=3.0,0.2,0.1962,10,28,17.2555,12.3653,29.6208,38011,10,1.0
naive_prefilter,main_cat='Home Audio & Theater' AND overall>=3.0,0.2,0.1962,10,29,17.152,11.9772,29.1292,38011,10,1.0
naive_prefilter,main_cat='Home Audio & Theater' AND overall>=3.0,0.2,0.1962,10,30,17.0445,12.0891,29.1336,38011,10,1.0
naive_prefilter,main_cat='Home Audio & Theater' AND overall>=3.0,0.2,0.1962,10,31,17.3686,11.9155,29.2841,38011,10,1.0
naive_prefilter,main_cat='Home Audio & Theater' AND overall>=3.0,0.2,0.1962,10,32,17.2456,12.0847,29.3303,38011,10,1.0
naive_prefilter,main_cat='Home Audio & Theater' AND overall>=3.0,0.2,0.1962,10,33,17.2855,12.0836,29.3691,38011,10,1.0
naive_prefilter,main_cat='Home Audio & Theater' AND overall>=3.0,0.2,0.1962,10,34,17.194,12.1186,29.3127,38011,10,1.0
naive_prefilter,main_cat='Home Audio & Theater' AND overall>=3.0,0.2,0.1962,10,35,17.2484,11.8955,29.1438,38011,10,1.0
naive_prefilter,main_cat='Home Audio & Theater' AND overall>=3.0,0.2,0.1962,10,36,17.1445,12.1549,29.2994,38011,10,1.0
naive_prefilter,main_cat='Home Audio & Theater' AND overall>=3.0,0.2,0.1962,10,37,17.0624,12.0352,29.0976,38011,10,1.0
naive_prefilter,main_cat='Home Audio & Theater' AND overall>=3.0,0.2,0.1962,10,38,17.2138,12.141,29.3548,38011,10,1.0
naive_prefilter,main_cat='Home Audio & Theater' AND overall>=3.0,0.2,0.1962,10,39,17.3093,12.0863,29.3956,38011,10,1.0
naive_prefilter,main_cat='Home Audio & Theater' AND overall>=3.0,0.2,0.1962,10,40,17.2021,12.0125,29.2146,38011,10,1.0
naive_prefilter,main_cat='Home Audio & Theater' AND overall>=3.0,0.2,0.1962,10,41,17.1943,11.9442,29.1384,38011,10,1.0
naive_prefilter,main_cat='Home Audio & Theater' AND overall>=3.0,0.2,0.1962,10,42,17.1668,12.0752,29.242,38011,10,1.0
naive_prefilter,main_cat='Home Audio & Theater' AND overall>=3.0,0.2,0.1962,10,43,17.1325,12.0686,29.2011,38011,10,1.0
naive_prefilter,main_cat='Home Audio & Theater' AND overall>=3.0,0.2,0.1962,10,44,17.086,12.1862,29.2722,38011,10,1.0
naive_prefilter,main_cat='Home Audio & Theater' AND overall>=3.0,0.2,0.1962,10,45,17.1665,12.0651,29.2316,38011,10,1.0
naive_prefilter,main_cat='Home Audio & Theater' AND overall>=3.0,0.2,0.1962,10,46,17.2473,12.168,29.4153,38011,10,1.0
naive_prefilter,main_cat='Home Audio & Theater' AND overall>=3.0,0.2,0.1962,10,47,17.1083,11.8766,28.9849,38011,10,0.0
naive_prefilter,main_cat='Home Audio & Theater' AND overall>=3.0,0.2,0.1962,10,48,17.2673,12.0887,29.356,38011,10,1.0
naive_prefilter,main_cat='Home Audio & Theater' AND overall>=3.0,0.2,0.1962,10,49,17.1507,11.9604,29.111,38011,10,1.0
post_filter,main_cat='Home Audio & Theater' AND overall>=3.0,0.2,0.1962,10,0,0.0078,0.3461,0.3539,10,10,1.0
post_filter,main_cat='Home Audio & Theater' AND overall>=3.0,0.2,0.1962,10,1,0.024,0.8142,0.8382,10,10,1.0
post_filter,main_cat='Home Audio & Theater' AND overall>=3.0,0.2,0.1962,10,2,0.0769,0.6527,0.7296,10,10,1.0
post_filter,main_cat='Home Audio & Theater' AND overall>=3.0,0.2,0.1962,10,3,0.0282,0.691,0.7191,10,10,1.0
post_filter,main_cat='Home Audio & Theater' AND overall>=3.0,0.2,0.1962,10,4,0.0526,0.9015,0.9541,10,10,1.0
post_filter,main_cat='Home Audio & Theater' AND overall>=3.0,0.2,0.1962,10,5,0.1672,0.7368,0.904,10,10,1.0
post_filter,main_cat='Home Audio & Theater' AND overall>=3.0,0.2,0.1962,10,6,0.04,0.9758,1.0159,10,10,1.0
post_filter,main_cat='Home Audio & Theater' AND overall>=3.0,0.2,0.1962,10,7,0.0941,0.6637,0.7578,10,10,1.0
post_filter,main_cat='Home Audio & Theater' AND overall>=3.0,0.2,0.1962,10,8,0.0215,0.92,0.9416,10,10,1.0
post_filter,main_cat='Home Audio & Theater' AND overall>=3.0,0.2,0.1962,10,9,0.0247,0.8919,0.9166,10,10,1.0
post_filter,main_cat='Home Audio & Theater' AND overall>=3.0,0.2,0.1962,10,10,0.0365,0.8357,0.8722,10,10,1.0
post_filter,main_cat='Home Audio & Theater' AND overall>=3.0,0.2,0.1962,10,11,0.0224,0.7867,0.8091,10,10,1.0
post_filter,main_cat='Home Audio & Theater' AND overall>=3.0,0.2,0.1962,10,12,0.0176,0.6421,0.6597,10,10,1.0
post_filter,main_cat='Home Audio & Theater' AND overall>=3.0,0.2,0.1962,10,13,0.0161,0.6832,0.6993,10,10,1.0
post_filter,main_cat='Home Audio & Theater' AND overall>=3.0,0.2,0.1962,10,14,0.1646,0.5229,0.6875,10,10,0.9
post_filter,main_cat='Home Audio & Theater' AND overall>=3.0,0.2,0.1962,10,15,0.2914,0.4412,0.7325,10,10,0.5
post_filter,main_cat='Home Audio & Theater' AND overall>=3.0,0.2,0.1962,10,16,0.0399,0.8148,0.8547,10,10,1.0
post_filter,main_cat='Home Audio & Theater' AND overall>=3.0,0.2,0.1962,10,17,0.0364,0.6256,0.662,10,10,1.0
post_filter,main_cat='Home Audio & Theater' AND overall>=3.0,0.2,0.1962,10,18,0.1483,0.7547,0.903,10,10,1.0
post_filter,main_cat='Home Audio & Theater' AND overall>=3.0,0.2,0.1962,10,19,0.0425,0.7855,0.8281,10,10,1.0
post_filter,main_cat='Home Audio & Theater' AND overall>=3.0,0.2,0.1962,10,20,0.0335,0.5614,0.5949,10,10,1.0
post_filter,main_cat='Home Audio & Theater' AND overall>=3.0,0.2,0.1962,10,21,0.121,0.5914,0.7124,10,10,0.8
post_filter,main_cat='Home Audio & Theater' AND overall>=3.0,0.2,0.1962,10,22,0.1499,0.6602,0.81,10,10,0.8
post_filter,main_cat='Home Audio & Theater' AND overall>=3.0,0.2,0.1962,10,23,0.0318,0.6069,0.6387,10,10,1.0
post_filter,main_cat='Home Audio & Theater' AND overall>=3.0,0.2,0.1962,10,24,0.0276,0.8485,0.876,10,10,1.0
post_filter,main_cat='Home Audio & Theater' AND overall>=3.0,0.2,0.1962,10,25,0.0149,0.2605,0.2754,10,10,0.6
post_filter,main_cat='Home Audio & Theater' AND overall>=3.0,0.2,0.1962,10,26,0.0675,0.7598,0.8274,10,10,0.9
post_filter,main_cat='Home Audio & Theater' AND overall>=3.0,0.2,0.1962,10,27,0.1183,0.787,0.9054,10,10,1.0
post_filter,main_cat='Home Audio & Theater' AND overall>=3.0,0.2,0.1962,10,28,0.0575,0.7861,0.8435,10,10,1.0
post_filter,main_cat='Home Audio & Theater' AND overall>=3.0,0.2,0.1962,10,29,0.0186,0.4995,0.5182,10,10,1.0
post_filter,main_cat='Home Audio & Theater' AND overall>=3.0,0.2,0.1962,10,30,0.0455,0.3815,0.4271,10,10,0.0
post_filter,main_cat='Home Audio & Theater' AND overall>=3.0,0.2,0.1962,10,31,0.0318,0.7704,0.8022,10,10,1.0
post_filter,main_cat='Home Audio & Theater' AND overall>=3.0,0.2,0.1962,10,32,0.0482,0.6012,0.6495,10,10,1.0
post_filter,main_cat='Home Audio & Theater' AND overall>=3.0,0.2,0.1962,10,33,0.1987,0.4756,0.6742,10,10,0.6
post_filter,main_cat='Home Audio & Theater' AND overall>=3.0,0.2,0.1962,10,34,0.018,0.7532,0.7712,10,10,1.0
post_filter,main_cat='Home Audio & Theater' AND overall>=3.0,0.2,0.1962,10,35,0.0573,0.7646,0.822,10,10,1.0
post_filter,main_cat='Home Audio & Theater' AND overall>=3.0,0.2,0.1962,10,36,0.1401,0.6476,0.7877,10,10,0.9
post_filter,main_cat='Home Audio & Theater' AND overall>=3.0,0.2,0.1962,10,37,0.031,0.5864,0.6175,10,10,1.0
post_filter,main_cat='Home Audio & Theater' AND overall>=3.0,0.2,0.1962,10,38,0.0629,0.9321,0.995,10,10,1.0
post_filter,main_cat='Home Audio & Theater' AND overall>=3.0,0.2,0.1962,10,39,0.0263,0.4593,0.4857,10,10,1.0
post_filter,main_cat='Home Audio & Theater' AND overall>=3.0,0.2,0.1962,10,40,0.042,0.917,0.959,10,10,1.0
post_filter,main_cat='Home Audio & Theater' AND overall>=3.0,0.2,0.1962,10,41,0.1153,0.5124,0.6278,10,10,1.0
post_filter,main_cat='Home Audio & Theater' AND overall>=3.0,0.2,0.1962,10,42,0.0222,0.7471,0.7693,10,10,1.0
post_filter,main_cat='Home Audio & Theater' AND overall>=3.0,0.2,0.1962,10,43,0.0316,0.4022,0.4338,10,10,0.9
post_filter,main_cat='Home Audio & Theater' AND overall>=3.0,0.2,0.1962,10,44,0.2305,0.5898,0.8204,10,10,1.0
post_filter,main_cat='Home Audio & Theater' AND overall>=3.0,0.2,0.1962,10,45,0.0251,0.8305,0.8555,10,10,1.0
post_filter,main_cat='Home Audio & Theater' AND overall>=3.0,0.2,0.1962,10,46,0.0192,0.6849,0.7041,10,10,1.0
post_filter,main_cat='Home Audio & Theater' AND overall>=3.0,0.2,0.1962,10,47,0.0332,0.2365,0.2696,10,10,0.1
post_filter,main_cat='Home Audio & Theater' AND overall>=3.0,0.2,0.1962,10,48,0.042,0.8157,0.8578,10,10,1.0
post_filter,main_cat='Home Audio & Theater' AND overall>=3.0,0.2,0.1962,10,49,0.0303,0.3962,0.4265,10,10,1.0
bitmap_prefilter,main_cat='Home Audio & Theater' AND overall>=3.0,0.2,0.1962,10,0,0.0619,11.6201,11.682,38011,10,1.0
bitmap_prefilter,main_cat='Home Audio & Theater' AND overall>=3.0,0.2,0.1962,10,1,0.0525,11.48,11.5325,38011,10,1.0
bitmap_prefilter,main_cat='Home Audio & Theater' AND overall>=3.0,0.2,0.1962,10,2,0.0509,11.6751,11.726,38011,10,1.0
bitmap_prefilter,main_cat='Home Audio & Theater' AND overall>=3.0,0.2,0.1962,10,3,0.0542,11.5909,11.645,38011,10,1.0
bitmap_prefilter,main_cat='Home Audio & Theater' AND overall>=3.0,0.2,0.1962,10,4,0.0521,12.0129,12.065,38011,10,1.0
bitmap_prefilter,main_cat='Home Audio & Theater' AND overall>=3.0,0.2,0.1962,10,5,0.0498,11.9053,11.9551,38011,10,1.0
bitmap_prefilter,main_cat='Home Audio & Theater' AND overall>=3.0,0.2,0.1962,10,6,0.0495,11.9147,11.9642,38011,10,1.0
bitmap_prefilter,main_cat='Home Audio & Theater' AND overall>=3.0,0.2,0.1962,10,7,0.0657,11.391,11.4567,38011,10,1.0
bitmap_prefilter,main_cat='Home Audio & Theater' AND overall>=3.0,0.2,0.1962,10,8,0.0538,11.4959,11.5497,38011,10,1.0
bitmap_prefilter,main_cat='Home Audio & Theater' AND overall>=3.0,0.2,0.1962,10,9,0.0504,11.3482,11.3986,38011,10,1.0
bitmap_prefilter,main_cat='Home Audio & Theater' AND overall>=3.0,0.2,0.1962,10,10,0.0521,11.477,11.529,38011,10,1.0
bitmap_prefilter,main_cat='Home Audio & Theater' AND overall>=3.0,0.2,0.1962,10,11,0.0489,11.2355,11.2843,38011,10,1.0
bitmap_prefilter,main_cat='Home Audio & Theater' AND overall>=3.0,0.2,0.1962,10,12,0.0502,11.5093,11.5594,38011,10,1.0
bitmap_prefilter,main_cat='Home Audio & Theater' AND overall>=3.0,0.2,0.1962,10,13,0.0485,11.3324,11.3809,38011,10,1.0
bitmap_prefilter,main_cat='Home Audio & Theater' AND overall>=3.0,0.2,0.1962,10,14,0.0502,11.4435,11.4937,38011,10,1.0
bitmap_prefilter,main_cat='Home Audio & Theater' AND overall>=3.0,0.2,0.1962,10,15,0.0486,11.2871,11.3357,38011,10,1.0
bitmap_prefilter,main_cat='Home Audio & Theater' AND overall>=3.0,0.2,0.1962,10,16,0.0483,11.3622,11.4105,38011,10,1.0
bitmap_prefilter,main_cat='Home Audio & Theater' AND overall>=3.0,0.2,0.1962,10,17,0.0477,11.2473,11.2951,38011,10,1.0
bitmap_prefilter,main_cat='Home Audio & Theater' AND overall>=3.0,0.2,0.1962,10,18,0.0482,11.5293,11.5775,38011,10,1.0
bitmap_prefilter,main_cat='Home Audio & Theater' AND overall>=3.0,0.2,0.1962,10,19,0.049,11.2147,11.2636,38011,10,1.0
bitmap_prefilter,main_cat='Home Audio & Theater' AND overall>=3.0,0.2,0.1962,10,20,0.0481,11.4761,11.5242,38011,10,1.0
bitmap_prefilter,main_cat='Home Audio & Theater' AND overall>=3.0,0.2,0.1962,10,21,0.0548,11.41,11.4648,38011,10,1.0
bitmap_prefilter,main_cat='Home Audio & Theater' AND overall>=3.0,0.2,0.1962,10,22,0.0477,11.958,12.0056,38011,10,1.0
bitmap_prefilter,main_cat='Home Audio & Theater' AND overall>=3.0,0.2,0.1962,10,23,0.0467,11.5855,11.6322,38011,10,1.0
bitmap_prefilter,main_cat='Home Audio & Theater' AND overall>=3.0,0.2,0.1962,10,24,0.0488,11.3745,11.4233,38011,10,1.0
bitmap_prefilter,main_cat='Home Audio & Theater' AND overall>=3.0,0.2,0.1962,10,25,0.0472,11.2951,11.3423,38011,10,1.0
bitmap_prefilter,main_cat='Home Audio & Theater' AND overall>=3.0,0.2,0.1962,10,26,0.0467,11.5217,11.5683,38011,10,1.0
bitmap_prefilter,main_cat='Home Audio & Theater' AND overall>=3.0,0.2,0.1962,10,27,0.0467,11.3969,11.4436,38011,10,1.0
bitmap_prefilter,main_cat='Home Audio & Theater' AND overall>=3.0,0.2,0.1962,10,28,0.0472,11.4017,11.4489,38011,10,1.0
bitmap_prefilter,main_cat='Home Audio & Theater' AND overall>=3.0,0.2,0.1962,10,29,0.0465,11.537,11.5836,38011,10,1.0
bitmap_prefilter,main_cat='Home Audio & Theater' AND overall>=3.0,0.2,0.1962,10,30,0.0461,11.4798,11.5259,38011,10,1.0
bitmap_prefilter,main_cat='Home Audio & Theater' AND overall>=3.0,0.2,0.1962,10,31,0.0473,11.2509,11.2982,38011,10,1.0
bitmap_prefilter,main_cat='Home Audio & Theater' AND overall>=3.0,0.2,0.1962,10,32,0.0459,11.5621,11.608,38011,10,1.0
bitmap_prefilter,main_cat='Home Audio & Theater' AND overall>=3.0,0.2,0.1962,10,33,0.0465,11.2356,11.2821,38011,10,1.0
bitmap_prefilter,main_cat='Home Audio & Theater' AND overall>=3.0,0.2,0.1962,10,34,0.0462,11.533,11.5792,38011,10,1.0
bitmap_prefilter,main_cat='Home Audio & Theater' AND overall>=3.0,0.2,0.1962,10,35,0.046,11.4105,11.4565,38011,10,1.0
bitmap_prefilter,main_cat='Home Audio & Theater' AND overall>=3.0,0.2,0.1962,10,36,0.0466,11.4312,11.4778,38011,10,1.0
bitmap_prefilter,main_cat='Home Audio & Theater' AND overall>=3.0,0.2,0.1962,10,37,0.0458,11.1978,11.2436,38011,10,1.0
bitmap_prefilter,main_cat='Home Audio & Theater' AND overall>=3.0,0.2,0.1962,10,38,0.0468,11.5779,11.6247,38011,10,1.0
bitmap_prefilter,main_cat='Home Audio & Theater' AND overall>=3.0,0.2,0.1962,10,39,0.0454,11.3818,11.4272,38011,10,1.0
bitmap_prefilter,main_cat='Home Audio & Theater' AND overall>=3.0,0.2,0.1962,10,40,0.0457,11.5015,11.5472,38011,10,1.0
bitmap_prefilter,main_cat='Home Audio & Theater' AND overall>=3.0,0.2,0.1962,10,41,0.0466,11.4927,11.5393,38011,10,1.0
bitmap_prefilter,main_cat='Home Audio & Theater' AND overall>=3.0,0.2,0.1962,10,42,0.0464,11.3938,11.4402,38011,10,1.0
bitmap_prefilter,main_cat='Home Audio & Theater' AND overall>=3.0,0.2,0.1962,10,43,0.0465,11.2497,11.2962,38011,10,1.0
bitmap_prefilter,main_cat='Home Audio & Theater' AND overall>=3.0,0.2,0.1962,10,44,0.0459,11.4571,11.503,38011,10,1.0
bitmap_prefilter,main_cat='Home Audio & Theater' AND overall>=3.0,0.2,0.1962,10,45,0.0462,11.3084,11.3546,38011,10,1.0
bitmap_prefilter,main_cat='Home Audio & Theater' AND overall>=3.0,0.2,0.1962,10,46,0.0453,11.4678,11.513,38011,10,1.0
bitmap_prefilter,main_cat='Home Audio & Theater' AND overall>=3.0,0.2,0.1962,10,47,0.0461,11.3185,11.3646,38011,10,0.0
bitmap_prefilter,main_cat='Home Audio & Theater' AND overall>=3.0,0.2,0.1962,10,48,0.0459,11.4525,11.4984,38011,10,1.0
bitmap_prefilter,main_cat='Home Audio & Theater' AND overall>=3.0,0.2,0.1962,10,49,0.0459,11.1957,11.2415,38011,10,1.0
brute_force,main_cat='Home Audio & Theater' AND overall>=3.0,0.2,0.1962,50,0,0.0868,24.7451,24.8319,50,50,1.0
brute_force,main_cat='Home Audio & Theater' AND overall>=3.0,0.2,0.1962,50,1,0.1122,25.4099,25.522,50,50,1.0
brute_force,main_cat='Home Audio & Theater' AND overall>=3.0,0.2,0.1962,50,2,0.3109,24.8491,25.16,50,50,1.0
brute_force,main_cat='Home Audio & Theater' AND overall>=3.0,0.2,0.1962,50,3,0.1411,25.4916,25.6328,50,50,1.0
brute_force,main_cat='Home Audio & Theater' AND overall>=3.0,0.2,0.1962,50,4,0.2088,24.9959,25.2047,50,50,1.0
brute_force,main_cat='Home Audio & Theater' AND overall>=3.0,0.2,0.1962,50,5,0.4982,25.2574,25.7556,50,50,1.0
brute_force,main_cat='Home Audio & Theater' AND overall>=3.0,0.2,0.1962,50,6,0.1324,24.619,24.7514,50,50,1.0
brute_force,main_cat='Home Audio & Theater' AND overall>=3.0,0.2,0.1962,50,7,0.3666,25.4363,25.8029,50,50,1.0
brute_force,main_cat='Home Audio & Theater' AND overall>=3.0,0.2,0.1962,50,8,0.108,24.7245,24.8325,50,50,0.96
brute_force,main_cat='Home Audio & Theater' AND overall>=3.0,0.2,0.1962,50,9,0.125,25.4007,25.5257,50,50,1.0
brute_force,main_cat='Home Audio & Theater' AND overall>=3.0,0.2,0.1962,50,10,0.1695,24.5717,24.7412,50,50,1.0
brute_force,main_cat='Home Audio & Theater' AND overall>=3.0,0.2,0.1962,50,11,0.1374,25.1912,25.3286,50,50,1.0
brute_force,main_cat='Home Audio & Theater' AND overall>=3.0,0.2,0.1962,50,12,0.0977,25.0592,25.1569,50,50,1.0
brute_force,main_cat='Home Audio & Theater' AND overall>=3.0,0.2,0.1962,50,13,0.093,25.5472,25.6402,50,50,1.0
brute_force,main_cat='Home Audio & Theater' AND overall>=3.0,0.2,0.1962,50,14,0.5585,24.7393,25.2977,50,50,1.0
brute_force,main_cat='Home Audio & Theater' AND overall>=3.0,0.2,0.1962,50,15,0.5455,25.3951,25.9405,50,50,1.0
brute_force,main_cat='Home Audio & Theater' AND overall>=3.0,0.2,0.1962,50,16,0.174,24.974,25.1481,50,50,1.0
brute_force,main_cat='Home Audio & Theater' AND overall>=3.0,0.2,0.1962,50,17,0.2219,25.5772,25.799,50,50,1.0
brute_force,main_cat='Home Audio & Theater' AND overall>=3.0,0.2,0.1962,50,18,0.4357,24.7026,25.1383,50,50,1.0
brute_force,main_cat='Home Audio & Theater' AND overall>=3.0,0.2,0.1962,50,19,0.2538,25.3638,25.6176,50,50,1.0
brute_force,main_cat='Home Audio & Theater' AND overall>=3.0,0.2,0.1962,50,20,0.1768,24.7591,24.9359,50,50,1.0
brute_force,main_cat='Home Audio & Theater' AND overall>=3.0,0.2,0.1962,50,21,0.3615,25.547,25.9085,50,50,1.0
brute_force,main_cat='Home Audio & Theater' AND overall>=3.0,0.2,0.1962,50,22,0.5595,24.6332,25.1927,50,50,1.0
brute_force,main_cat='Home Audio & Theater' AND overall>=3.0,0.2,0.1962,50,23,0.1717,25.4753,25.647,50,50,1.0
brute_force,main_cat='Home Audio & Theater' AND overall>=3.0,0.2,0.1962,50,24,0.1613,24.688,24.8492,50,50,1.0
brute_force,main_cat='Home Audio & Theater' AND overall>=3.0,0.2,0.1962,50,25,0.082,25.5046,25.5866,50,50,1.0
brute_force,main_cat='Home Audio & Theater' AND overall>=3.0,0.2,0.1962,50,26,0.2735,24.6916,24.9652,50,50,1.0
brute_force,main_cat='Home Audio & Theater' AND overall>=3.0,0.2,0.1962,50,27,0.4982,25.3785,25.8767,50,50,1.0
brute_force,main_cat='Home Audio & Theater' AND overall>=3.0,0.2,0.1962,50,28,0.2298,24.6996,24.9295,50,50,1.0
brute_force,main_cat='Home Audio & Theater' AND overall>=3.0,0.2,0.1962,50,29,0.1215,25.41,25.5315,50,50,1.0
brute_force,main_cat='Home Audio & Theater' AND overall>=3.0,0.2,0.1962,50,30,0.1705,24.6624,24.8328,50,50,1.0
brute_force,main_cat='Home Audio & Theater' AND overall>=3.0,0.2,0.1962,50,31,0.1478,25.3655,25.5133,50,50,1.0
brute_force,main_cat='Home Audio & Theater' AND overall>=3.0,0.2,0.1962,50,32,0.3214,24.83,25.1514,50,50,1.0
brute_force,main_cat='Home Audio & Theater' AND overall>=3.0,0.2,0.1962,50,33,0.3784,25.7385,26.1169,50,50,1.0
brute_force,main_cat='Home Audio & Theater' AND overall>=3.0,0.2,0.1962,50,34,0.0961,24.671,24.7672,50,50,1.0
brute_force,main_cat='Home Audio & Theater' AND overall>=3.0,0.2,0.1962,50,35,0.2624,25.3438,25.6062,50,50,1.0
brute_force,main_cat='Home Audio & Theater' AND overall>=3.0,0.2,0.1962,50,36,0.4946,24.7301,25.2247,50,50,1.0
brute_force,main_cat='Home Audio & Theater' AND overall>=3.0,0.2,0.1962,50,37,0.1409,25.5174,25.6583,50,50,1.0
brute_force,main_cat='Home Audio & Theater' AND overall>=3.0,0.2,0.1962,50,38,0.3411,24.6085,24.9495,50,50,1.0
brute_force,main_cat='Home Audio & Theater' AND overall>=3.0,0.2,0.1962,50,39,0.1551,25.4265,25.5815,50,50,1.0
brute_force,main_cat='Home Audio & Theater' AND overall>=3.0,0.2,0.1962,50,40,0.175,24.6119,24.7868,50,50,1.0
brute_force,main_cat='Home Audio & Theater' AND overall>=3.0,0.2,0.1962,50,41,0.4934,25.4196,25.913,50,50,1.0
brute_force,main_cat='Home Audio & Theater' AND overall>=3.0,0.2,0.1962,50,42,0.1211,24.5861,24.7072,50,50,1.0
brute_force,main_cat='Home Audio & Theater' AND overall>=3.0,0.2,0.1962,50,43,0.1727,25.4436,25.6163,50,50,1.0
brute_force,main_cat='Home Audio & Theater' AND overall>=3.0,0.2,0.1962,50,44,0.9649,24.6824,25.6473,50,50,1.0
brute_force,main_cat='Home Audio & Theater' AND overall>=3.0,0.2,0.1962,50,45,0.1263,25.3518,25.478,50,50,1.0
brute_force,main_cat='Home Audio & Theater' AND overall>=3.0,0.2,0.1962,50,46,0.088,24.7983,24.8863,50,50,1.0
brute_force,main_cat='Home Audio & Theater' AND overall>=3.0,0.2,0.1962,50,47,0.1752,25.4052,25.5805,50,50,1.0
brute_force,main_cat='Home Audio & Theater' AND overall>=3.0,0.2,0.1962,50,48,0.201,24.7818,24.9828,50,50,1.0
brute_force,main_cat='Home Audio & Theater' AND overall>=3.0,0.2,0.1962,50,49,0.1912,25.3662,25.5575,50,50,1.0
naive_prefilter,main_cat='Home Audio & Theater' AND overall>=3.0,0.2,0.1962,50,0,17.5699,12.2376,29.8075,38011,50,1.0
naive_prefilter,main_cat='Home Audio & Theater' AND overall>=3.0,0.2,0.1962,50,1,17.3271,11.9823,29.3094,38011,50,1.0
naive_prefilter,main_cat='Home Audio & Theater' AND overall>=3.0,0.2,0.1962,50,2,17.5831,12.296,29.8791,38011,50,1.0
naive_prefilter,main_cat='Home Audio & Theater' AND overall>=3.0,0.2,0.1962,50,3,17.631,11.9136,29.5446,38011,50,1.0
naive_prefilter,main_cat='Home Audio & Theater' AND overall>=3.0,0.2,0.1962,50,4,17.4012,12.1545,29.5558,38011,50,1.0
naive_prefilter,main_cat='Home Audio & Theater' AND overall>=3.0,0.2,0.1962,50,5,17.5612,11.9769,29.5381,38011,50,1.0
naive_prefilter,main_cat='Home Audio & Theater' AND overall>=3.0,0.2,0.1962,50,6,17.1586,12.171,29.3295,38011,50,1.0
naive_prefilter,main_cat='Home Audio & Theater' AND overall>=3.0,0.2,0.1962,50,7,16.9241,11.9666,28.8907,38011,50,1.0
naive_prefilter,main_cat='Home Audio & Theater' AND overall>=3.0,0.2,0.1962,50,8,16.9543,12.1211,29.0753,38011,50,0.96
naive_prefilter,main_cat='Home Audio & Theater' AND overall>=3.0,0.2,0.1962,50,9,17.0343,11.9359,28.9701,38011,50,1.0
naive_prefilter,main_cat='Home Audio & Theater' AND overall>=3.0,0.2,0.1962,50,10,16.8746,12.157,29.0316,38011,50,1.0
naive_prefilter,main_cat='Home Audio & Theater' AND overall>=3.0,0.2,0.1962,50,11,16.9535,11.9499,28.9034,38011,50,1.0
naive_prefilter,main_cat='Home Audio & Theater' AND overall>=3.0,0.2,0.1962,50,12,16.958,12.179,29.137,38011,50,1.0
naive_prefilter,main_cat='Home Audio & Theater' AND overall>=3.0,0.2,0.1962,50,13,16.9842,12.0849,29.0691,38011,50,1.0
naive_prefilter,main_cat='Home Audio & Theater' AND overall>=3.0,0.2,0.1962,50,14,16.9933,12.2368,29.2301,38011,50,1.0
naive_prefilter,main_cat='Home Audio & Theater' AND overall>=3.0,0.2,0.1962,50,15,16.8865,11.8859,28.7724,38011,50,1.0
naive_prefilter,main_cat='Home Audio & Theater' AND overall>=3.0,0.2,0.1962,50,16,16.9614,12.1289,29.0903,38011,50,1.0
naive_prefilter,main_cat='Home Audio & Theater' AND overall>=3.0,0.2,0.1962,50,17,16.913,11.9405,28.8534,38011,50,1.0
naive_prefilter,main_cat='Home Audio & Theater' AND overall>=3.0,0.2,0.1962,50,18,16.9326,12.3332,29.2657,38011,50,1.0
naive_prefilter,main_cat='Home Audio & Theater' AND overall>=3.0,0.2,0.1962,50,19,17.5407,12.1034,29.6441,38011,50,1.0
naive_prefilter,main_cat='Home Audio & Theater' AND overall>=3.0,0.2,0.1962,50,20,17.2973,12.5254,29.8228,38011,50,1.0
naive_prefilter,main_cat='Home Audio & Theater' AND overall>=3.0,0.2,0.1962,50,21,17.3344,11.9194,29.2537,38011,50,1.0
naive_prefilter,main_cat='Home Audio & Theater' AND overall>=3.0,0.2,0.1962,50,22,17.2461,12.1682,29.4143,38011,50,1.0
naive_prefilter,main_cat='Home Audio & Theater' AND overall>=3.0,0.2,0.1962,50,23,17.3358,12.6385,29.9743,38011,50,1.0
naive_prefilter,main_cat='Home Audio & Theater' AND overall>=3.0,0.2,0.1962,50,24,17.6402,12.3177,29.958,38011,50,1.0
naive_prefilter,main_cat='Home Audio & Theater' AND overall>=3.0,0.2,0.1962,50,25,17.183,11.9321,29.115,38011,50,1.0
naive_prefilter,main_cat='Home Audio & Theater' AND overall>=3.0,0.2,0.1962,50,26,17.371,12.2748,29.6458,38011,50,1.0
naive_prefilter,main_cat='Home Audio & Theater' AND overall>=3.0,0.2,0.1962,50,27,17.2988,12.1306,29.4295,38011,50,1.0
naive_prefilter,main_cat='Home Audio & Theater' AND overall>=3.0,0.2,0.1962,50,28,17.257,12.3125,29.5695,38011,50,1.0
naive_prefilter,main_cat='Home Audio & Theater' AND overall>=3.0,0.2,0.1962,50,29,17.333,12.0188,29.3518,38011,50,1.0
naive_prefilter,main_cat='Home Audio & Theater' AND overall>=3.0,0.2,0.1962,50,30,17.3013,12.661,29.9623,38011,50,1.0
naive_prefilter,main_cat='Home Audio & Theater' AND overall>=3.0,0.2,0.1962,50,31,17.5251,11.9953,29.5204,38011,50,1.0
naive_prefilter,main_cat='Home Audio & Theater' AND overall>=3.0,0.2,0.1962,50,32,17.1871,12.0635,29.2506,38011,50,1.0
naive_prefilter,main_cat='Home Audio & Theater' AND overall>=3.0,0.2,0.1962,50,33,17.1892,11.9553,29.1445,38011,50,1.0
naive_prefilter,main_cat='Home Audio & Theater' AND overall>=3.0,0.2,0.1962,50,34,17.3695,12.4324,29.802,38011,50,1.0
naive_prefilter,main_cat='Home Audio & Theater' AND overall>=3.0,0.2,0.1962,50,35,17.2803,11.969,29.2493,38011,50,1.0
naive_prefilter,main_cat='Home Audio & Theater' AND overall>=3.0,0.2,0.1962,50,36,17.2951,12.2286,29.5237,38011,50,1.0
naive_prefilter,main_cat='Home Audio & Theater' AND overall>=3.0,0.2,0.1962,50,37,17.3593,12.0158,29.3751,38011,50,1.0
naive_prefilter,main_cat='Home Audio & Theater' AND overall>=3.0,0.2,0.1962,50,38,17.2763,12.0758,29.352,38011,50,1.0
naive_prefilter,main_cat='Home Audio & Theater' AND overall>=3.0,0.2,0.1962,50,39,17.2579,11.9212,29.1792,38011,50,1.0
naive_prefilter,main_cat='Home Audio & Theater' AND overall>=3.0,0.2,0.1962,50,40,17.0626,12.1623,29.2248,38011,50,1.0
naive_prefilter,main_cat='Home Audio & Theater' AND overall>=3.0,0.2,0.1962,50,41,17.2953,11.9216,29.2169,38011,50,1.0
naive_prefilter,main_cat='Home Audio & Theater' AND overall>=3.0,0.2,0.1962,50,42,17.1891,12.1021,29.2912,38011,50,1.0
naive_prefilter,main_cat='Home Audio & Theater' AND overall>=3.0,0.2,0.1962,50,43,17.1787,12.0113,29.19,38011,50,1.0
naive_prefilter,main_cat='Home Audio & Theater' AND overall>=3.0,0.2,0.1962,50,44,17.0954,12.0889,29.1843,38011,50,1.0
naive_prefilter,main_cat='Home Audio & Theater' AND overall>=3.0,0.2,0.1962,50,45,17.2689,12.109,29.3779,38011,50,1.0
naive_prefilter,main_cat='Home Audio & Theater' AND overall>=3.0,0.2,0.1962,50,46,17.2447,12.1625,29.4072,38011,50,1.0
naive_prefilter,main_cat='Home Audio & Theater' AND overall>=3.0,0.2,0.1962,50,47,17.2385,12.1334,29.3719,38011,50,0.96
naive_prefilter,main_cat='Home Audio & Theater' AND overall>=3.0,0.2,0.1962,50,48,17.1456,12.1184,29.264,38011,50,1.0
naive_prefilter,main_cat='Home Audio & Theater' AND overall>=3.0,0.2,0.1962,50,49,17.1661,12.004,29.1701,38011,50,1.0
post_filter,main_cat='Home Audio & Theater' AND overall>=3.0,0.2,0.1962,50,0,0.035,0.527,0.562,50,50,1.0
post_filter,main_cat='Home Audio & Theater' AND overall>=3.0,0.2,0.1962,50,1,0.0989,1.0901,1.189,50,50,1.0
post_filter,main_cat='Home Audio & Theater' AND overall>=3.0,0.2,0.1962,50,2,0.2782,0.8255,1.1037,50,50,0.9
post_filter,main_cat='Home Audio & Theater' AND overall>=3.0,0.2,0.1962,50,3,0.1282,0.9048,1.033,50,50,0.86
post_filter,main_cat='Home Audio & Theater' AND overall>=3.0,0.2,0.1962,50,4,0.2347,1.0679,1.3026,50,50,0.8
post_filter,main_cat='Home Audio & Theater' AND overall>=3.0,0.2,0.1962,50,5,0.5514,1.0356,1.587,50,50,0.8
post_filter,main_cat='Home Audio & Theater' AND overall>=3.0,0.2,0.1962,50,6,0.12,1.15,1.27,50,50,1.0
post_filter,main_cat='Home Audio & Theater' AND overall>=3.0,0.2,0.1962,50,7,0.3448,0.7807,1.1256,50,50,0.84
post_filter,main_cat='Home Audio & Theater' AND overall>=3.0,0.2,0.1962,50,8,0.088,1.1742,1.2622,50,50,0.96
post_filter,main_cat='Home Audio & Theater' AND overall>=3.0,0.2,0.1962,50,9,0.0973,1.1331,1.2305,50,50,0.98
post_filter,main_cat='Home Audio & Theater' AND overall>=3.0,0.2,0.1962,50,10,0.1401,1.0187,1.1588,50,50,0.98
post_filter,main_cat='Home Audio & Theater' AND overall>=3.0,0.2,0.1962,50,11,0.1058,1.0131,1.1189,50,50,1.0
post_filter,main_cat='Home Audio & Theater' AND overall>=3.0,0.2,0.1962,50,12,0.0813,0.8188,0.9001,50,50,1.0
post_filter,main_cat='Home Audio & Theater' AND overall>=3.0,0.2,0.1962,50,13,0.0771,0.8558,0.9329,50,50,1.0
post_filter,main_cat='Home Audio & Theater' AND overall>=3.0,0.2,0.1962,50,14,0.4654,0.643,1.1084,50,50,0.78
post_filter,main_cat='Home Audio & Theater' AND overall>=3.0,0.2,0.1962,50,15,0.731,0.5698,1.3008,47,47,0.32
post_filter,main_cat='Home Audio & Theater' AND overall>=3.0,0.2,0.1962,50,16,0.1401,1.104,1.2442,50,50,0.94
post_filter,main_cat='Home Audio & Theater' AND overall>=3.0,0.2,0.1962,50,17,0.196,0.7748,0.9708,50,50,0.84
post_filter,main_cat='Home Audio & Theater' AND overall>=3.0,0.2,0.1962,50,18,0.3937,0.9217,1.3154,50,50,0.86
post_filter,main_cat='Home Audio & Theater' AND overall>=3.0,0.2,0.1962,50,19,0.2013,0.9856,1.1869,50,50,0.86
post_filter,main_cat='Home Audio & Theater' AND overall>=3.0,0.2,0.1962,50,20,0.1623,0.7104,0.8726,50,50,0.98
post_filter,main_cat='Home Audio & Theater' AND overall>=3.0,0.2,0.1962,50,21,0.3441,0.7711,1.1152,50,50,0.42
post_filter,main_cat='Home Audio & Theater' AND overall>=3.0,0.2,0.1962,50,22,0.4641,0.8085,1.2726,50,50,0.52
post_filter,main_cat='Home Audio & Theater' AND overall>=3.0,0.2,0.1962,50,23,0.1384,0.7512,0.8897,50,50,1.0
post_filter,main_cat='Home Audio & Theater' AND overall>=3.0,0.2,0.1962,50,24,0.1324,1.0983,1.2307,50,50,0.98
post_filter,main_cat='Home Audio & Theater' AND overall>=3.0,0.2,0.1962,50,25,0.0751,0.332,0.4072,50,50,0.82
post_filter,main_cat='Home Audio & Theater' AND overall>=3.0,0.2,0.1962,50,26,0.2198,0.9727,1.1925,50,50,0.9
post_filter,main_cat='Home Audio & Theater' AND overall>=3.0,0.2,0.1962,50,27,0.4149,0.933,1.3478,50,50,0.92
post_filter,main_cat='Home Audio & Theater' AND overall>=3.0,0.2,0.1962,50,28,0.1992,0.9703,1.1695,50,50,0.92
post_filter,main_cat='Home Audio & Theater' AND overall>=3.0,0.2,0.1962,50,29,0.0993,0.6083,0.7076,50,50,0.96
post_filter,main_cat='Home Audio & Theater' AND overall>=3.0,0.2,0.1962,50,30,0.1467,0.4537,0.6004,50,50,0.0
post_filter,main_cat='Home Audio & Theater' AND overall>=3.0,0.2,0.1962,50,31,0.1211,0.9605,1.0816,50,50,0.96
post_filter,main_cat='Home Audio & Theater' AND overall>=3.0,0.2,0.1962,50,32,0.282,0.7647,1.0467,50,50,0.96
post_filter,main_cat='Home Audio & Theater' AND overall>=3.0,0.2,0.1962,50,33,0.3675,0.5758,0.9432,50,50,0.48
post_filter,main_cat='Home Audio & Theater' AND overall>=3.0,0.2,0.1962,50,34,0.0815,0.9685,1.05,50,50,1.0
post_filter,main_cat='Home Audio & Theater' AND overall>=3.0,0.2,0.1962,50,35,0.241,1.0289,1.2699,50,50,0.9
post_filter,main_cat='Home Audio & Theater' AND overall>=3.0,0.2,0.1962,50,36,0.516,0.8205,1.3365,50,50,0.64
post_filter,main_cat='Home Audio & Theater' AND overall>=3.0,0.2,0.1962,50,37,0.1196,0.7485,0.8681,50,50,1.0
post_filter,main_cat='Home Audio & Theater' AND overall>=3.0,0.2,0.1962,50,38,0.2787,1.2051,1.4839,50,50,0.88
post_filter,main_cat='Home Audio & Theater' AND overall>=3.0,0.2,0.1962,50,39,0.1213,0.5631,0.6845,50,50,0.98
post_filter,main_cat='Home Audio & Theater' AND overall>=3.0,0.2,0.1962,50,40,0.1455,1.1938,1.3393,50,50,0.94
post_filter,main_cat='Home Audio & Theater' AND overall>=3.0,0.2,0.1962,50,41,0.4402,0.6332,1.0734,50,50,0.7
post_filter,main_cat='Home Audio & Theater' AND overall>=3.0,0.2,0.1962,50,42,0.092,0.9666,1.0586,50,50,0.98
post_filter,main_cat='Home Audio & Theater' AND overall>=3.0,0.2,0.1962,50,43,0.138,0.489,0.627,50,50,0.94
post_filter,main_cat='Home Audio & Theater' AND overall>=3.0,0.2,0.1962,50,44,0.7004,0.7223,1.4228,50,50,0.7
post_filter,main_cat='Home Audio & Theater' AND overall>=3.0,0.2,0.1962,50,45,0.1008,1.0493,1.1501,50,50,0.92
post_filter,main_cat='Home Audio & Theater' AND overall>=3.0,0.2,0.1962,50,46,0.0739,0.8565,0.9304,50,50,1.0
post_filter,main_cat='Home Audio & Theater' AND overall>=3.0,0.2,0.1962,50,47,0.135,0.2988,0.4338,50,50,0.9
post_filter,main_cat='Home Audio & Theater' AND overall>=3.0,0.2,0.1962,50,48,0.169,1.0365,1.2055,50,50,0.92
post_filter,main_cat='Home Audio & Theater' AND overall>=3.0,0.2,0.1962,50,49,0.1475,0.4967,0.6441,50,50,0.76
bitmap_prefilter,main_cat='Home Audio & Theater' AND overall>=3.0,0.2,0.1962,50,0,0.0538,11.559,11.6128,38011,50,1.0
bitmap_prefilter,main_cat='Home Audio & Theater' AND overall>=3.0,0.2,0.1962,50,1,0.0656,11.336,11.4015,38011,50,1.0
bitmap_prefilter,main_cat='Home Audio & Theater' AND overall>=3.0,0.2,0.1962,50,2,0.0536,11.5633,11.6169,38011,50,1.0
bitmap_prefilter,main_cat='Home Audio & Theater' AND overall>=3.0,0.2,0.1962,50,3,0.0533,11.3775,11.4308,38011,50,1.0
bitmap_prefilter,main_cat='Home Audio & Theater' AND overall>=3.0,0.2,0.1962,50,4,0.0492,11.4919,11.5411,38011,50,1.0
bitmap_prefilter,main_cat='Home Audio & Theater' AND overall>=3.0,0.2,0.1962,50,5,0.0496,11.2847,11.3342,38011,50,1.0
bitmap_prefilter,main_cat='Home Audio & Theater' AND overall>=3.0,0.2,0.1962,50,6,0.0484,11.5295,11.5779,38011,50,1.0
bitmap_prefilter,main_cat='Home Audio & Theater' AND overall>=3.0,0.2,0.1962,50,7,0.051,11.3515,11.4025,38011,50,1.0
bitmap_prefilter,main_cat='Home Audio & Theater' AND overall>=3.0,0.2,0.1962,50,8,0.0489,11.5418,11.5907,38011,50,0.96
bitmap_prefilter,main_cat='Home Audio & Theater' AND overall>=3.0,0.2,0.1962,50,9,0.0521,11.203,11.2551,38011,50,1.0
bitmap_prefilter,main_cat='Home Audio & Theater' AND overall>=3.0,0.2,0.1962,50,10,0.0471,11.5125,11.5596,38011,50,1.0
bitmap_prefilter,main_cat='Home Audio & Theater' AND overall>=3.0,0.2,0.1962,50,11,0.0517,11.275,11.3267,38011,50,1.0
bitmap_prefilter,main_cat='Home Audio & Theater' AND overall>=3.0,0.2,0.1962,50,12,0.061,11.5372,11.5981,38011,50,1.0
bitmap_prefilter,main_cat='Home Audio & Theater' AND overall>=3.0,0.2,0.1962,50,13,0.0488,11.3338,11.3827,38011,50,1.0
bitmap_prefilter,main_cat='Home Audio & Theater' AND overall>=3.0,0.2,0.1962,50,14,0.0479,11.3732,11.4211,38011,50,1.0
bitmap_prefilter,main_cat='Home Audio & Theater' AND overall>=3.0,0.2,0.1962,50,15,0.0494,11.3,11.3494,38011,50,1.0
bitmap_prefilter,main_cat='Home Audio & Theater' AND overall>=3.0,0.2,0.1962,50,16,0.049,11.5105,11.5596,38011,50,1.0
bitmap_prefilter,main_cat='Home Audio & Theater' AND overall>=3.0,0.2,0.1962,50,17,0.0674,11.2579,11.3253,38011,50,1.0
bitmap_prefilter,main_cat='Home Audio & Theater' AND overall>=3.0,0.2,0.1962,50,18,0.0556,11.5233,11.5789,38011,50,1.0
bitmap_prefilter,main_cat='Home Audio & Theater' AND overall>=3.0,0.2,0.1962,50,19,0.0533,11.6074,11.6607,38011,50,1.0
bitmap_prefilter,main_cat='Home Audio & Theater' AND overall>=3.0,0.2,0.1962,50,20,0.0512,11.6043,11.6555,38011,50,1.0
bitmap_prefilter,main_cat='Home Audio & Theater' AND overall>=3.0,0.2,0.1962,50,21,0.0494,11.2268,11.2762,38011,50,1.0
bitmap_prefilter,main_cat='Home Audio & Theater' AND overall>=3.0,0.2,0.1962,50,22,0.0481,11.563,11.6111,38011,50,1.0
bitmap_prefilter,main_cat='Home Audio & Theater' AND overall>=3.0,0.2,0.1962,50,23,0.0483,11.2707,11.319,38011,50,1.0
bitmap_prefilter,main_cat='Home Audio & Theater' AND overall>=3.0,0.2,0.1962,50,24,0.0462,11.4927,11.5389,38011,50,1.0
bitmap_prefilter,main_cat='Home Audio & Theater' AND overall>=3.0,0.2,0.1962,50,25,0.0484,11.303,11.3514,38011,50,1.0
bitmap_prefilter,main_cat='Home Audio & Theater' AND overall>=3.0,0.2,0.1962,50,26,0.0462,11.4512,11.4974,38011,50,1.0
bitmap_prefilter,main_cat='Home Audio & Theater' AND overall>=3.0,0.2,0.1962,50,27,0.0473,11.6028,11.6501,38011,50,1.0
bitmap_prefilter,main_cat='Home Audio & Theater' AND overall>=3.0,0.2,0.1962,50,28,0.0466,11.4829,11.5295,38011,50,1.0
bitmap_prefilter,main_cat='Home Audio & Theater' AND overall>=3.0,0.2,0.1962,50,29,0.0469,11.3588,11.4057,38011,50,1.0
bitmap_prefilter,main_cat='Home Audio & Theater' AND overall>=3.0,0.2,0.1962,50,30,0.0458,11.4813,11.5271,38011,50,1.0
bitmap_prefilter,main_cat='Home Audio & Theater' AND overall>=3.0,0.2,0.1962,50,31,0.0469,11.3736,11.4205,38011,50,1.0
bitmap_prefilter,main_cat='Home Audio & Theater' AND overall>=3.0,0.2,0.1962,50,32,0.0465,11.426,11.4725,38011,50,1.0
bitmap_prefilter,main_cat='Home Audio & Theater' AND overall>=3.0,0.2,0.1962,50,33,0.0477,11.2963,11.3439,38011,50,1.0
bitmap_prefilter,main_cat='Home Audio & Theater' AND overall>=3.0,0.2,0.1962,50,34,0.0466,11.5469,11.5935,38011,50,1.0
bitmap_prefilter,main_cat='Home Audio & Theater' AND overall>=3.0,0.2,0.1962,50,35,0.0504,11.303,11.3534,38011,50,1.0
bitmap_prefilter,main_cat='Home Audio & Theater' AND overall>=3.0,0.2,0.1962,50,36,0.0482,11.6621,11.7104,38011,50,1.0
bitmap_prefilter,main_cat='Home Audio & Theater' AND overall>=3.0,0.2,0.1962,50,37,0.0483,11.2388,11.2871,38011,50,1.0
bitmap_prefilter,main_cat='Home Audio & Theater' AND overall>=3.0,0.2,0.1962,50,38,0.0463,11.4687,11.515,38011,50,1.0
bitmap_prefilter,main_cat='Home Audio & Theater' AND overall>=3.0,0.2,0.1962,50,39,0.0468,11.3676,11.4145,38011,50,1.0
bitmap_prefilter,main_cat='Home Audio & Theater' AND overall>=3.0,0.2,0.1962,50,40,0.0466,11.727,11.7735,38011,50,1.0
bitmap_prefilter,main_cat='Home Audio & Theater' AND overall>=3.0,0.2,0.1962,50,41,0.047,11.3441,11.391,38011,50,1.0
bitmap_prefilter,main_cat='Home Audio & Theater' AND overall>=3.0,0.2,0.1962,50,42,0.0465,11.542,11.5885,38011,50,1.0
bitmap_prefilter,main_cat='Home Audio & Theater' AND overall>=3.0,0.2,0.1962,50,43,0.0464,11.2382,11.2846,38011,50,1.0
bitmap_prefilter,main_cat='Home Audio & Theater' AND overall>=3.0,0.2,0.1962,50,44,0.0463,11.3999,11.4463,38011,50,1.0
bitmap_prefilter,main_cat='Home Audio & Theater' AND overall>=3.0,0.2,0.1962,50,45,0.0471,11.4541,11.5012,38011,50,1.0
bitmap_prefilter,main_cat='Home Audio & Theater' AND overall>=3.0,0.2,0.1962,50,46,0.0457,11.5135,11.5592,38011,50,1.0
bitmap_prefilter,main_cat='Home Audio & Theater' AND overall>=3.0,0.2,0.1962,50,47,0.0458,11.8794,11.9252,38011,50,0.96
bitmap_prefilter,main_cat='Home Audio & Theater' AND overall>=3.0,0.2,0.1962,50,48,0.0459,11.762,11.8079,38011,50,1.0
bitmap_prefilter,main_cat='Home Audio & Theater' AND overall>=3.0,0.2,0.1962,50,49,0.0458,11.463,11.5088,38011,50,1.0
