strategy,filter_name,target_selectivity,actual_selectivity,top_k,query_idx,filter_time_ms,search_time_ms,total_time_ms,candidates_after_filter,results_returned,recall
brute_force,main_cat='Tools &amp; Home Improvement' AND overall>=4.0,0.01,0.0099,10,0,3.8238,24.9611,28.785,10,10,1.0
brute_force,main_cat='Tools &amp; Home Improvement' AND overall>=4.0,0.01,0.0099,10,1,1.3824,24.6268,26.0092,10,10,1.0
brute_force,main_cat='Tools &amp; Home Improvement' AND overall>=4.0,0.01,0.0099,10,2,0.9552,24.9777,25.9329,10,10,1.0
brute_force,main_cat='Tools &amp; Home Improvement' AND overall>=4.0,0.01,0.0099,10,3,0.7664,24.5477,25.3141,10,10,1.0
brute_force,main_cat='Tools &amp; Home Improvement' AND overall>=4.0,0.01,0.0099,10,4,1.7217,24.6394,26.3611,10,10,1.0
brute_force,main_cat='Tools &amp; Home Improvement' AND overall>=4.0,0.01,0.0099,10,5,2.6213,24.6325,27.2539,10,10,1.0
brute_force,main_cat='Tools &amp; Home Improvement' AND overall>=4.0,0.01,0.0099,10,6,1.6574,24.6072,26.2646,10,10,1.0
brute_force,main_cat='Tools &amp; Home Improvement' AND overall>=4.0,0.01,0.0099,10,7,1.5385,24.8455,26.384,10,10,1.0
brute_force,main_cat='Tools &amp; Home Improvement' AND overall>=4.0,0.01,0.0099,10,8,1.7484,24.528,26.2764,10,10,1.0
brute_force,main_cat='Tools &amp; Home Improvement' AND overall>=4.0,0.01,0.0099,10,9,0.4724,24.7353,25.2077,10,10,1.0
brute_force,main_cat='Tools &amp; Home Improvement' AND overall>=4.0,0.01,0.0099,10,10,0.6074,24.6532,25.2607,10,10,1.0
brute_force,main_cat='Tools &amp; Home Improvement' AND overall>=4.0,0.01,0.0099,10,11,4.6349,24.4675,29.1024,10,10,1.0
brute_force,main_cat='Tools &amp; Home Improvement' AND overall>=4.0,0.01,0.0099,10,12,2.0409,24.9051,26.946,10,10,1.0
brute_force,main_cat='Tools &amp; Home Improvement' AND overall>=4.0,0.01,0.0099,10,13,0.9315,24.5477,25.4792,10,10,0.9
brute_force,main_cat='Tools &amp; Home Improvement' AND overall>=4.0,0.01,0.0099,10,14,1.6925,24.5466,26.239,10,10,1.0
brute_force,main_cat='Tools &amp; Home Improvement' AND overall>=4.0,0.01,0.0099,10,15,0.824,26.5504,27.3745,10,10,1.0
brute_force,main_cat='Tools &amp; Home Improvement' AND overall>=4.0,0.01,0.0099,10,16,0.1687,25.0769,25.2455,10,10,1.0
brute_force,main_cat='Tools &amp; Home Improvement' AND overall>=4.0,0.01,0.0099,10,17,0.7344,24.7986,25.533,10,10,1.0
brute_force,main_cat='Tools &amp; Home Improvement' AND overall>=4.0,0.01,0.0099,10,18,1.0609,24.676,25.7369,10,10,1.0
brute_force,main_cat='Tools &amp; Home Improvement' AND overall>=4.0,0.01,0.0099,10,19,0.0566,24.6421,24.6987,10,10,1.0
brute_force,main_cat='Tools &amp; Home Improvement' AND overall>=4.0,0.01,0.0099,10,20,0.4976,24.7035,25.2011,10,10,1.0
brute_force,main_cat='Tools &amp; Home Improvement' AND overall>=4.0,0.01,0.0099,10,21,0.9562,24.992,25.9481,10,10,1.0
brute_force,main_cat='Tools &amp; Home Improvement' AND overall>=4.0,0.01,0.0099,10,22,2.4131,24.4684,26.8815,10,10,1.0
brute_force,main_cat='Tools &amp; Home Improvement' AND overall>=4.0,0.01,0.0099,10,23,0.494,25.0209,25.5149,10,10,1.0
brute_force,main_cat='Tools &amp; Home Improvement' AND overall>=4.0,0.01,0.0099,10,24,1.2083,24.465,25.6733,10,10,1.0
brute_force,main_cat='Tools &amp; Home Improvement' AND overall>=4.0,0.01,0.0099,10,25,0.381,24.8496,25.2305,10,10,1.0
brute_force,main_cat='Tools &amp; Home Improvement' AND overall>=4.0,0.01,0.0099,10,26,1.1568,24.6515,25.8082,10,10,1.0
brute_force,main_cat='Tools &amp; Home Improvement' AND overall>=4.0,0.01,0.0099,10,27,2.5167,24.4966,27.0133,10,10,1.0
brute_force,main_cat='Tools &amp; Home Improvement' AND overall>=4.0,0.01,0.0099,10,28,0.524,24.8948,25.4188,10,10,1.0
brute_force,main_cat='Tools &amp; Home Improvement' AND overall>=4.0,0.01,0.0099,10,29,0.5806,24.7251,25.3057,10,10,1.0
brute_force,main_cat='Tools &amp; Home Improvement' AND overall>=4.0,0.01,0.0099,10,30,0.277,24.59,24.867,10,10,1.0
brute_force,main_cat='Tools &amp; Home Improvement' AND overall>=4.0,0.01,0.0099,10,31,0.5918,24.5493,25.1411,10,10,1.0
brute_force,main_cat='Tools &amp; Home Improvement' AND overall>=4.0,0.01,0.0099,10,32,1.7046,24.6874,26.392,10,10,1.0
brute_force,main_cat='Tools &amp; Home Improvement' AND overall>=4.0,0.01,0.0099,10,33,0.6028,24.7653,25.3681,10,10,1.0
brute_force,main_cat='Tools &amp; Home Improvement' AND overall>=4.0,0.01,0.0099,10,34,2.422,24.4037,26.8258,10,10,1.0
brute_force,main_cat='Tools &amp; Home Improvement' AND overall>=4.0,0.01,0.0099,10,35,1.1918,24.5398,25.7316,10,10,1.0
brute_force,main_cat='Tools &amp; Home Improvement' AND overall>=4.0,0.01,0.0099,10,36,5.5169,24.7484,30.2653,10,10,1.0
brute_force,main_cat='Tools &amp; Home Improvement' AND overall>=4.0,0.01,0.0099,10,37,2.666,24.6684,27.3344,10,10,1.0
brute_force,main_cat='Tools &amp; Home Improvement' AND overall>=4.0,0.01,0.0099,10,38,2.2595,24.6161,26.8756,10,10,1.0
brute_force,main_cat='Tools &amp; Home Improvement' AND overall>=4.0,0.01,0.0099,10,39,0.2557,24.4839,24.7396,10,10,1.0
brute_force,main_cat='Tools &amp; Home Improvement' AND overall>=4.0,0.01,0.0099,10,40,0.5824,24.4741,25.0565,10,10,1.0
brute_force,main_cat='Tools &amp; Home Improvement' AND overall>=4.0,0.01,0.0099,10,41,2.0432,24.6031,26.6464,10,10,1.0
brute_force,main_cat='Tools &amp; Home Improvement' AND overall>=4.0,0.01,0.0099,10,42,0.8919,24.5537,25.4457,10,10,1.0
brute_force,main_cat='Tools &amp; Home Improvement' AND overall>=4.0,0.01,0.0099,10,43,0.3687,24.6174,24.9861,10,10,0.9
brute_force,main_cat='Tools &amp; Home Improvement' AND overall>=4.0,0.01,0.0099,10,44,4.2114,24.7097,28.9212,10,10,1.0
brute_force,main_cat='Tools &amp; Home Improvement' AND overall>=4.0,0.01,0.0099,10,45,0.2772,24.6478,24.925,10,10,1.0
brute_force,main_cat='Tools &amp; Home Improvement' AND overall>=4.0,0.01,0.0099,10,46,4.9964,24.783,29.7793,10,10,1.0
brute_force,main_cat='Tools &amp; Home Improvement' AND overall>=4.0,0.01,0.0099,10,47,0.299,24.7505,25.0495,10,10,1.0
brute_force,main_cat='Tools &amp; Home Improvement' AND overall>=4.0,0.01,0.0099,10,48,0.3612,24.5247,24.8859,10,10,1.0
brute_force,main_cat='Tools &amp; Home Improvement' AND overall>=4.0,0.01,0.0099,10,49,0.2577,24.6777,24.9354,10,10,1.0
naive_prefilter,main_cat='Tools &amp; Home Improvement' AND overall>=4.0,0.01,0.0099,10,0,15.0407,0.5553,15.596,1924,10,1.0
naive_prefilter,main_cat='Tools &amp; Home Improvement' AND overall>=4.0,0.01,0.0099,10,1,14.7547,0.5594,15.314,1924,10,1.0
naive_prefilter,main_cat='Tools &amp; Home Improvement' AND overall>=4.0,0.01,0.0099,10,2,14.9935,0.5764,15.5698,1924,10,1.0
naive_prefilter,main_cat='Tools &amp; Home Improvement' AND overall>=4.0,0.01,0.0099,10,3,15.1883,0.605,15.7933,1924,10,1.0
naive_prefilter,main_cat='Tools &amp; Home Improvement' AND overall>=4.0,0.01,0.0099,10,4,15.2802,0.5655,15.8457,1924,10,1.0
naive_prefilter,main_cat='Tools &amp; Home Improvement' AND overall>=4.0,0.01,0.0099,10,5,15.1282,0.5685,15.6968,1924,10,1.0
naive_prefilter,main_cat='Tools &amp; Home Improvement' AND overall>=4.0,0.01,0.0099,10,6,15.0712,0.5714,15.6425,1924,10,1.0
naive_prefilter,main_cat='Tools &amp; Home Improvement' AND overall>=4.0,0.01,0.0099,10,7,14.8121,0.5727,15.3848,1924,10,1.0
naive_prefilter,main_cat='Tools &amp; Home Improvement' AND overall>=4.0,0.01,0.0099,10,8,15.0843,0.5595,15.6439,1924,10,1.0
naive_prefilter,main_cat='Tools &amp; Home Improvement' AND overall>=4.0,0.01,0.0099,10,9,15.0468,0.5533,15.6001,1924,10,1.0
naive_prefilter,main_cat='Tools &amp; Home Improvement' AND overall>=4.0,0.01,0.0099,10,10,15.0864,0.5706,15.657,1924,10,1.0
naive_prefilter,main_cat='Tools &amp; Home Improvement' AND overall>=4.0,0.01,0.0099,10,11,15.1164,0.5525,15.6688,1924,10,1.0
naive_prefilter,main_cat='Tools &amp; Home Improvement' AND overall>=4.0,0.01,0.0099,10,12,14.9799,0.5733,15.5532,1924,10,1.0
naive_prefilter,main_cat='Tools &amp; Home Improvement' AND overall>=4.0,0.01,0.0099,10,13,14.8125,0.596,15.4084,1924,10,0.9
naive_prefilter,main_cat='Tools &amp; Home Improvement' AND overall>=4.0,0.01,0.0099,10,14,15.0498,0.5452,15.595,1924,10,1.0
naive_prefilter,main_cat='Tools &amp; Home Improvement' AND overall>=4.0,0.01,0.0099,10,15,15.0327,0.5892,15.622,1924,10,1.0
naive_prefilter,main_cat='Tools &amp; Home Improvement' AND overall>=4.0,0.01,0.0099,10,16,14.7763,0.5818,15.358,1924,10,1.0
naive_prefilter,main_cat='Tools &amp; Home Improvement' AND overall>=4.0,0.01,0.0099,10,17,14.9033,0.558,15.4613,1924,10,1.0
naive_prefilter,main_cat='Tools &amp; Home Improvement' AND overall>=4.0,0.01,0.0099,10,18,14.6706,0.5584,15.229,1924,10,1.0
naive_prefilter,main_cat='Tools &amp; Home Improvement' AND overall>=4.0,0.01,0.0099,10,19,14.5422,0.5549,15.097,1924,10,1.0
naive_prefilter,main_cat='Tools &amp; Home Improvement' AND overall>=4.0,0.01,0.0099,10,20,14.94,0.5567,15.4966,1924,10,1.0
naive_prefilter,main_cat='Tools &amp; Home Improvement' AND overall>=4.0,0.01,0.0099,10,21,14.7814,0.5519,15.3333,1924,10,1.0
naive_prefilter,main_cat='Tools &amp; Home Improvement' AND overall>=4.0,0.01,0.0099,10,22,14.843,0.54,15.383,1924,10,1.0
naive_prefilter,main_cat='Tools &amp; Home Improvement' AND overall>=4.0,0.01,0.0099,10,23,14.8814,0.5681,15.4495,1924,10,1.0
naive_prefilter,main_cat='Tools &amp; Home Improvement' AND overall>=4.0,0.01,0.0099,10,24,14.818,0.5378,15.3557,1924,10,1.0
naive_prefilter,main_cat='Tools &amp; Home Improvement' AND overall>=4.0,0.01,0.0099,10,25,14.8877,0.5625,15.4502,1924,10,1.0
naive_prefilter,main_cat='Tools &amp; Home Improvement' AND overall>=4.0,0.01,0.0099,10,26,14.557,0.5555,15.1125,1924,10,1.0
naive_prefilter,main_cat='Tools &amp; Home Improvement' AND overall>=4.0,0.01,0.0099,10,27,14.5499,0.5343,15.0842,1924,10,1.0
naive_prefilter,main_cat='Tools &amp; Home Improvement' AND overall>=4.0,0.01,0.0099,10,28,14.9932,0.5425,15.5357,1924,10,1.0
naive_prefilter,main_cat='Tools &amp; Home Improvement' AND overall>=4.0,0.01,0.0099,10,29,14.605,0.5527,15.1578,1924,10,1.0
naive_prefilter,main_cat='Tools &amp; Home Improvement' AND overall>=4.0,0.01,0.0099,10,30,14.5646,0.5384,15.103,1924,10,0.8
naive_prefilter,main_cat='Tools &amp; Home Improvement' AND overall>=4.0,0.01,0.0099,10,31,14.5863,0.5217,15.108,1924,10,1.0
naive_prefilter,main_cat='Tools &amp; Home Improvement' AND overall>=4.0,0.01,0.0099,10,32,14.7868,0.5413,15.3281,1924,10,1.0
naive_prefilter,main_cat='Tools &amp; Home Improvement' AND overall>=4.0,0.01,0.0099,10,33,14.834,0.5573,15.3913,1924,10,1.0
naive_prefilter,main_cat='Tools &amp; Home Improvement' AND overall>=4.0,0.01,0.0099,10,34,14.7856,0.5313,15.3169,1924,10,1.0
naive_prefilter,main_cat='Tools &amp; Home Improvement' AND overall>=4.0,0.01,0.0099,10,35,14.5687,0.5426,15.1114,1924,10,1.0
naive_prefilter,main_cat='Tools &amp; Home Improvement' AND overall>=4.0,0.01,0.0099,10,36,14.7393,0.5673,15.3066,1924,10,1.0
naive_prefilter,main_cat='Tools &amp; Home Improvement' AND overall>=4.0,0.01,0.0099,10,37,14.9648,0.5488,15.5136,1924,10,1.0
naive_prefilter,main_cat='Tools &amp; Home Improvement' AND overall>=4.0,0.01,0.0099,10,38,14.7358,0.5492,15.285,1924,10,1.0
naive_prefilter,main_cat='Tools &amp; Home Improvement' AND overall>=4.0,0.01,0.0099,10,39,14.8046,0.5553,15.3599,1924,10,1.0
naive_prefilter,main_cat='Tools &amp; Home Improvement' AND overall>=4.0,0.01,0.0099,10,40,14.7675,0.546,15.3135,1924,10,1.0
naive_prefilter,main_cat='Tools &amp; Home Improvement' AND overall>=4.0,0.01,0.0099,10,41,15.0423,0.5617,15.6041,1924,10,1.0
naive_prefilter,main_cat='Tools &amp; Home Improvement' AND overall>=4.0,0.01,0.0099,10,42,14.6262,0.5419,15.1681,1924,10,1.0
naive_prefilter,main_cat='Tools &amp; Home Improvement' AND overall>=4.0,0.01,0.0099,10,43,14.7041,0.5315,15.2356,1924,10,0.9
naive_prefilter,main_cat='Tools &amp; Home Improvement' AND overall>=4.0,0.01,0.0099,10,44,14.8333,0.53,15.3633,1924,10,1.0
naive_prefilter,main_cat='Tools &amp; Home Improvement' AND overall>=4.0,0.01,0.0099,10,45,14.9363,0.5361,15.4724,1924,10,1.0
naive_prefilter,main_cat='Tools &amp; Home Improvement' AND overall>=4.0,0.01,0.0099,10,46,14.801,0.5303,15.3313,1924,10,1.0
naive_prefilter,main_cat='Tools &amp; Home Improvement' AND overall>=4.0,0.01,0.0099,10,47,14.9813,0.5575,15.5388,1924,10,1.0
naive_prefilter,main_cat='Tools &amp; Home Improvement' AND overall>=4.0,0.01,0.0099,10,48,14.6479,0.5483,15.1962,1924,10,1.0
naive_prefilter,main_cat='Tools &amp; Home Improvement' AND overall>=4.0,0.01,0.0099,10,49,14.7645,0.5615,15.3261,1924,10,1.0
post_filter,main_cat='Tools &amp; Home Improvement' AND overall>=4.0,0.01,0.0099,10,0,0.1624,0.414,0.5764,0,0,0.0
post_filter,main_cat='Tools &amp; Home Improvement' AND overall>=4.0,0.01,0.0099,10,1,0.4395,0.9232,1.3627,1,1,0.1
post_filter,main_cat='Tools &amp; Home Improvement' AND overall>=4.0,0.01,0.0099,10,2,0.4297,0.8044,1.2341,4,4,0.4
post_filter,main_cat='Tools &amp; Home Improvement' AND overall>=4.0,0.01,0.0099,10,3,0.4136,0.757,1.1705,7,7,0.7
post_filter,main_cat='Tools &amp; Home Improvement' AND overall>=4.0,0.01,0.0099,10,4,0.4209,0.8529,1.2738,0,0,0.0
post_filter,main_cat='Tools &amp; Home Improvement' AND overall>=4.0,0.01,0.0099,10,5,0.3635,0.701,1.0645,1,1,0.1
post_filter,main_cat='Tools &amp; Home Improvement' AND overall>=4.0,0.01,0.0099,10,6,0.3897,0.8343,1.224,0,0,0.0
post_filter,main_cat='Tools &amp; Home Improvement' AND overall>=4.0,0.01,0.0099,10,7,0.4151,0.6322,1.0474,3,3,0.3
post_filter,main_cat='Tools &amp; Home Improvement' AND overall>=4.0,0.01,0.0099,10,8,0.3754,0.8955,1.2709,3,3,0.3
post_filter,main_cat='Tools &amp; Home Improvement' AND overall>=4.0,0.01,0.0099,10,9,0.4473,0.8898,1.3371,9,9,0.6
post_filter,main_cat='Tools &amp; Home Improvement' AND overall>=4.0,0.01,0.0099,10,10,0.4716,0.8633,1.335,9,9,0.8
post_filter,main_cat='Tools &amp; Home Improvement' AND overall>=4.0,0.01,0.0099,10,11,0.5085,0.9335,1.442,0,0,0.0
post_filter,main_cat='Tools &amp; Home Improvement' AND overall>=4.0,0.01,0.0099,10,12,0.3765,0.6886,1.0651,0,0,0.0
post_filter,main_cat='Tools &amp; Home Improvement' AND overall>=4.0,0.01,0.0099,10,13,0.4323,0.7056,1.1379,4,4,0.4
post_filter,main_cat='Tools &amp; Home Improvement' AND overall>=4.0,0.01,0.0099,10,14,0.3811,0.5532,0.9343,0,0,0.0
post_filter,main_cat='Tools &amp; Home Improvement' AND overall>=4.0,0.01,0.0099,10,15,0.286,0.4482,0.7342,1,1,0.1
post_filter,main_cat='Tools &amp; Home Improvement' AND overall>=4.0,0.01,0.0099,10,16,0.123,0.822,0.945,10,10,1.0
post_filter,main_cat='Tools &amp; Home Improvement' AND overall>=4.0,0.01,0.0099,10,17,0.4268,0.6308,1.0575,9,9,0.6
post_filter,main_cat='Tools &amp; Home Improvement' AND overall>=4.0,0.01,0.0099,10,18,0.4855,0.7472,1.2327,4,4,0.4
post_filter,main_cat='Tools &amp; Home Improvement' AND overall>=4.0,0.01,0.0099,10,19,0.0348,0.8602,0.895,10,10,1.0
post_filter,main_cat='Tools &amp; Home Improvement' AND overall>=4.0,0.01,0.0099,10,20,0.4151,0.5772,0.9923,10,10,0.6
post_filter,main_cat='Tools &amp; Home Improvement' AND overall>=4.0,0.01,0.0099,10,21,0.3555,0.6232,0.9787,1,1,0.1
post_filter,main_cat='Tools &amp; Home Improvement' AND overall>=4.0,0.01,0.0099,10,22,0.3951,0.6565,1.0517,1,1,0.1
post_filter,main_cat='Tools &amp; Home Improvement' AND overall>=4.0,0.01,0.0099,10,23,0.3897,0.6095,0.9991,10,10,0.8
post_filter,main_cat='Tools &amp; Home Improvement' AND overall>=4.0,0.01,0.0099,10,24,0.3966,0.8421,1.2387,1,1,0.1
post_filter,main_cat='Tools &amp; Home Improvement' AND overall>=4.0,0.01,0.0099,10,25,0.2868,0.2922,0.579,2,2,0.0
post_filter,main_cat='Tools &amp; Home Improvement' AND overall>=4.0,0.01,0.0099,10,26,0.3497,0.7731,1.1228,1,1,0.1
post_filter,main_cat='Tools &amp; Home Improvement' AND overall>=4.0,0.01,0.0099,10,27,0.3735,0.7473,1.1208,0,0,0.0
post_filter,main_cat='Tools &amp; Home Improvement' AND overall>=4.0,0.01,0.0099,10,28,0.4239,0.77,1.1938,9,9,0.7
post_filter,main_cat='Tools &amp; Home Improvement' AND overall>=4.0,0.01,0.0099,10,29,0.4072,0.5041,0.9113,4,4,0.3
post_filter,main_cat='Tools &amp; Home Improvement' AND overall>=4.0,0.01,0.0099,10,30,0.2303,0.3874,0.6177,8,8,0.5
post_filter,main_cat='Tools &amp; Home Improvement' AND overall>=4.0,0.01,0.0099,10,31,0.3824,0.7643,1.1467,9,9,0.8
post_filter,main_cat='Tools &amp; Home Improvement' AND overall>=4.0,0.01,0.0099,10,32,0.4172,0.5907,1.008,2,2,0.2
post_filter,main_cat='Tools &amp; Home Improvement' AND overall>=4.0,0.01,0.0099,10,33,0.3046,0.4628,0.7674,4,4,0.4
post_filter,main_cat='Tools &amp; Home Improvement' AND overall>=4.0,0.01,0.0099,10,34,0.3639,0.7524,1.1163,0,0,0.0
post_filter,main_cat='Tools &amp; Home Improvement' AND overall>=4.0,0.01,0.0099,10,35,0.3966,0.7797,1.1763,4,4,0.4
post_filter,main_cat='Tools &amp; Home Improvement' AND overall>=4.0,0.01,0.0099,10,36,0.4018,0.6634,1.0652,0,0,0.0
post_filter,main_cat='Tools &amp; Home Improvement' AND overall>=4.0,0.01,0.0099,10,37,0.3778,0.6099,0.9877,1,1,0.1
post_filter,main_cat='Tools &amp; Home Improvement' AND overall>=4.0,0.01,0.0099,10,38,0.3838,0.9286,1.3124,1,1,0.1
post_filter,main_cat='Tools &amp; Home Improvement' AND overall>=4.0,0.01,0.0099,10,39,0.1878,0.4736,0.6614,10,10,1.0
post_filter,main_cat='Tools &amp; Home Improvement' AND overall>=4.0,0.01,0.0099,10,40,0.3939,0.9474,1.3413,6,6,0.6
post_filter,main_cat='Tools &amp; Home Improvement' AND overall>=4.0,0.01,0.0099,10,41,0.4708,0.5256,0.9964,1,1,0.1
post_filter,main_cat='Tools &amp; Home Improvement' AND overall>=4.0,0.01,0.0099,10,42,0.3959,0.811,1.2069,3,3,0.3
post_filter,main_cat='Tools &amp; Home Improvement' AND overall>=4.0,0.01,0.0099,10,43,0.2297,0.4102,0.6398,10,10,0.6
post_filter,main_cat='Tools &amp; Home Improvement' AND overall>=4.0,0.01,0.0099,10,44,0.3955,0.5837,0.9793,0,0,0.0
post_filter,main_cat='Tools &amp; Home Improvement' AND overall>=4.0,0.01,0.0099,10,45,0.1907,0.8421,1.0328,10,10,1.0
post_filter,main_cat='Tools &amp; Home Improvement' AND overall>=4.0,0.01,0.0099,10,46,0.38,0.6911,1.0711,0,0,0.0
post_filter,main_cat='Tools &amp; Home Improvement' AND overall>=4.0,0.01,0.0099,10,47,0.1903,0.2445,0.4348,5,5,0.3
post_filter,main_cat='Tools &amp; Home Improvement' AND overall>=4.0,0.01,0.0099,10,48,0.2769,0.8319,1.1088,10,10,0.9
post_filter,main_cat='Tools &amp; Home Improvement' AND overall>=4.0,0.01,0.0099,10,49,0.196,0.4145,0.6105,10,10,0.7
bitmap_prefilter,main_cat='Tools &amp; Home Improvement' AND overall>=4.0,0.01,0.0099,10,0,0.0077,0.4719,0.4795,1924,10,1.0
bitmap_prefilter,main_cat='Tools &amp; Home Improvement' AND overall>=4.0,0.01,0.0099,10,1,0.0067,0.4499,0.4565,1924,10,1.0
bitmap_prefilter,main_cat='Tools &amp; Home Improvement' AND overall>=4.0,0.01,0.0099,10,2,0.0065,0.4599,0.4664,1924,10,1.0
bitmap_prefilter,main_cat='Tools &amp; Home Improvement' AND overall>=4.0,0.01,0.0099,10,3,0.0063,0.4383,0.4447,1924,10,1.0
bitmap_prefilter,main_cat='Tools &amp; Home Improvement' AND overall>=4.0,0.01,0.0099,10,4,0.0068,0.4253,0.4321,1924,10,1.0
bitmap_prefilter,main_cat='Tools &amp; Home Improvement' AND overall>=4.0,0.01,0.0099,10,5,0.0064,0.4198,0.4262,1924,10,1.0
bitmap_prefilter,main_cat='Tools &amp; Home Improvement' AND overall>=4.0,0.01,0.0099,10,6,0.0067,0.4105,0.4172,1924,10,1.0
bitmap_prefilter,main_cat='Tools &amp; Home Improvement' AND overall>=4.0,0.01,0.0099,10,7,0.0063,0.4057,0.4119,1924,10,1.0
bitmap_prefilter,main_cat='Tools &amp; Home Improvement' AND overall>=4.0,0.01,0.0099,10,8,0.0063,0.4918,0.4981,1924,10,1.0
bitmap_prefilter,main_cat='Tools &amp; Home Improvement' AND overall>=4.0,0.01,0.0099,10,9,0.017,0.462,0.479,1924,10,1.0
bitmap_prefilter,main_cat='Tools &amp; Home Improvement' AND overall>=4.0,0.01,0.0099,10,10,0.0087,0.4429,0.4516,1924,10,1.0
bitmap_prefilter,main_cat='Tools &amp; Home Improvement' AND overall>=4.0,0.01,0.0099,10,11,0.0074,0.4275,0.4349,1924,10,1.0
bitmap_prefilter,main_cat='Tools &amp; Home Improvement' AND overall>=4.0,0.01,0.0099,10,12,0.007,0.5635,0.5705,1924,10,1.0
bitmap_prefilter,main_cat='Tools &amp; Home Improvement' AND overall>=4.0,0.01,0.0099,10,13,0.0086,0.5268,0.5353,1924,10,0.9
bitmap_prefilter,main_cat='Tools &amp; Home Improvement' AND overall>=4.0,0.01,0.0099,10,14,0.009,0.527,0.536,1924,10,1.0
bitmap_prefilter,main_cat='Tools &amp; Home Improvement' AND overall>=4.0,0.01,0.0099,10,15,0.0168,0.5145,0.5313,1924,10,1.0
bitmap_prefilter,main_cat='Tools &amp; Home Improvement' AND overall>=4.0,0.01,0.0099,10,16,0.0085,0.4098,0.4182,1924,10,1.0
bitmap_prefilter,main_cat='Tools &amp; Home Improvement' AND overall>=4.0,0.01,0.0099,10,17,0.007,0.4047,0.4116,1924,10,1.0
bitmap_prefilter,main_cat='Tools &amp; Home Improvement' AND overall>=4.0,0.01,0.0099,10,18,0.0077,0.3829,0.3905,1924,10,1.0
bitmap_prefilter,main_cat='Tools &amp; Home Improvement' AND overall>=4.0,0.01,0.0099,10,19,0.0063,0.377,0.3833,1924,10,1.0
bitmap_prefilter,main_cat='Tools &amp; Home Improvement' AND overall>=4.0,0.01,0.0099,10,20,0.006,0.3781,0.3842,1924,10,1.0
bitmap_prefilter,main_cat='Tools &amp; Home Improvement' AND overall>=4.0,0.01,0.0099,10,21,0.0068,0.3724,0.3792,1924,10,1.0
bitmap_prefilter,main_cat='Tools &amp; Home Improvement' AND overall>=4.0,0.01,0.0099,10,22,0.006,0.3637,0.3697,1924,10,1.0
bitmap_prefilter,main_cat='Tools &amp; Home Improvement' AND overall>=4.0,0.01,0.0099,10,23,0.006,0.4083,0.4143,1924,10,1.0
bitmap_prefilter,main_cat='Tools &amp; Home Improvement' AND overall>=4.0,0.01,0.0099,10,24,0.006,0.3766,0.3826,1924,10,1.0
bitmap_prefilter,main_cat='Tools &amp; Home Improvement' AND overall>=4.0,0.01,0.0099,10,25,0.006,0.3689,0.3748,1924,10,1.0
bitmap_prefilter,main_cat='Tools &amp; Home Improvement' AND overall>=4.0,0.01,0.0099,10,26,0.006,0.3656,0.3716,1924,10,1.0
bitmap_prefilter,main_cat='Tools &amp; Home Improvement' AND overall>=4.0,0.01,0.0099,10,27,0.0056,0.3755,0.381,1924,10,1.0
bitmap_prefilter,main_cat='Tools &amp; Home Improvement' AND overall>=4.0,0.01,0.0099,10,28,0.0059,0.3615,0.3674,1924,10,1.0
bitmap_prefilter,main_cat='Tools &amp; Home Improvement' AND overall>=4.0,0.01,0.0099,10,29,0.0057,0.3614,0.3671,1924,10,1.0
bitmap_prefilter,main_cat='Tools &amp; Home Improvement' AND overall>=4.0,0.01,0.0099,10,30,0.0107,0.3626,0.3733,1924,10,0.8
bitmap_prefilter,main_cat='Tools &amp; Home Improvement' AND overall>=4.0,0.01,0.0099,10,31,0.0062,0.3622,0.3684,1924,10,1.0
bitmap_prefilter,main_cat='Tools &amp; Home Improvement' AND overall>=4.0,0.01,0.0099,10,32,0.0061,0.3646,0.3707,1924,10,1.0
bitmap_prefilter,main_cat='Tools &amp; Home Improvement' AND overall>=4.0,0.01,0.0099,10,33,0.0061,0.3777,0.3838,1924,10,1.0
bitmap_prefilter,main_cat='Tools &amp; Home Improvement' AND overall>=4.0,0.01,0.0099,10,34,0.0072,0.3677,0.3749,1924,10,1.0
bitmap_prefilter,main_cat='Tools &amp; Home Improvement' AND overall>=4.0,0.01,0.0099,10,35,0.006,0.3618,0.3678,1924,10,1.0
bitmap_prefilter,main_cat='Tools &amp; Home Improvement' AND overall>=4.0,0.01,0.0099,10,36,0.006,0.365,0.371,1924,10,1.0
bitmap_prefilter,main_cat='Tools &amp; Home Improvement' AND overall>=4.0,0.01,0.0099,10,37,0.0059,0.386,0.3919,1924,10,1.0
bitmap_prefilter,main_cat='Tools &amp; Home Improvement' AND overall>=4.0,0.01,0.0099,10,38,0.0061,0.3615,0.3677,1924,10,1.0
bitmap_prefilter,main_cat='Tools &amp; Home Improvement' AND overall>=4.0,0.01,0.0099,10,39,0.0062,0.3558,0.362,1924,10,1.0
bitmap_prefilter,main_cat='Tools &amp; Home Improvement' AND overall>=4.0,0.01,0.0099,10,40,0.0058,0.3543,0.3601,1924,10,1.0
bitmap_prefilter,main_cat='Tools &amp; Home Improvement' AND overall>=4.0,0.01,0.0099,10,41,0.006,0.3547,0.3608,1924,10,1.0
bitmap_prefilter,main_cat='Tools &amp; Home Improvement' AND overall>=4.0,0.01,0.0099,10,42,0.0058,0.3537,0.3595,1924,10,1.0
bitmap_prefilter,main_cat='Tools &amp; Home Improvement' AND overall>=4.0,0.01,0.0099,10,43,0.0057,0.3535,0.3592,1924,10,0.9
bitmap_prefilter,main_cat='Tools &amp; Home Improvement' AND overall>=4.0,0.01,0.0099,10,44,0.0059,0.3534,0.3593,1924,10,1.0
bitmap_prefilter,main_cat='Tools &amp; Home Improvement' AND overall>=4.0,0.01,0.0099,10,45,0.0059,0.3537,0.3595,1924,10,1.0
bitmap_prefilter,main_cat='Tools &amp; Home Improvement' AND overall>=4.0,0.01,0.0099,10,46,0.0061,0.3564,0.3625,1924,10,1.0
bitmap_prefilter,main_cat='Tools &amp; Home Improvement' AND overall>=4.0,0.01,0.0099,10,47,0.0059,0.4697,0.4757,1924,10,1.0
bitmap_prefilter,main_cat='Tools &amp; Home Improvement' AND overall>=4.0,0.01,0.0099,10,48,0.0071,0.5114,0.5185,1924,10,1.0
bitmap_prefilter,main_cat='Tools &amp; Home Improvement' AND overall>=4.0,0.01,0.0099,10,49,0.0068,0.5008,0.5075,1924,10,1.0
brute_force,main_cat='Tools &amp; Home Improvement' AND overall>=4.0,0.01,0.0099,50,0,7.6333,25.0786,32.7119,50,50,1.0
brute_force,main_cat='Tools &amp; Home Improvement' AND overall>=4.0,0.01,0.0099,50,1,4.5117,24.9224,29.4341,50,50,0.98
brute_force,main_cat='Tools &amp; Home Improvement' AND overall>=4.0,0.01,0.0099,50,2,3.4964,24.7653,28.2617,50,50,1.0
brute_force,main_cat='Tools &amp; Home Improvement' AND overall>=4.0,0.01,0.0099,50,3,2.835,24.9237,27.7588,50,50,1.0
brute_force,main_cat='Tools &amp; Home Improvement' AND overall>=4.0,0.01,0.0099,50,4,6.0831,24.847,30.9301,50,50,1.0
brute_force,main_cat='Tools &amp; Home Improvement' AND overall>=4.0,0.01,0.0099,50,5,6.9029,25.1167,32.0196,50,50,1.0
brute_force,main_cat='Tools &amp; Home Improvement' AND overall>=4.0,0.01,0.0099,50,6,5.5911,24.9087,30.4999,50,50,1.0
brute_force,main_cat='Tools &amp; Home Improvement' AND overall>=4.0,0.01,0.0099,50,7,4.0075,25.0989,29.1064,50,50,1.0
brute_force,main_cat='Tools &amp; Home Improvement' AND overall>=4.0,0.01,0.0099,50,8,4.6682,24.8791,29.5473,50,50,1.0
brute_force,main_cat='Tools &amp; Home Improvement' AND overall>=4.0,0.01,0.0099,50,9,2.6301,24.8735,27.5036,50,50,1.0
brute_force,main_cat='Tools &amp; Home Improvement' AND overall>=4.0,0.01,0.0099,50,10,3.9435,25.0351,28.9786,50,50,1.0
brute_force,main_cat='Tools &amp; Home Improvement' AND overall>=4.0,0.01,0.0099,50,11,9.1081,24.7406,33.8487,50,50,1.0
brute_force,main_cat='Tools &amp; Home Improvement' AND overall>=4.0,0.01,0.0099,50,12,5.8056,25.0232,30.8288,50,50,1.0
brute_force,main_cat='Tools &amp; Home Improvement' AND overall>=4.0,0.01,0.0099,50,13,4.1767,25.0114,29.1881,50,50,0.96
brute_force,main_cat='Tools &amp; Home Improvement' AND overall>=4.0,0.01,0.0099,50,14,4.9608,24.8902,29.851,50,50,1.0
brute_force,main_cat='Tools &amp; Home Improvement' AND overall>=4.0,0.01,0.0099,50,15,2.0242,25.0859,27.1101,50,50,1.0
brute_force,main_cat='Tools &amp; Home Improvement' AND overall>=4.0,0.01,0.0099,50,16,0.925,24.9608,25.8858,50,50,1.0
brute_force,main_cat='Tools &amp; Home Improvement' AND overall>=4.0,0.01,0.0099,50,17,1.551,24.8732,26.4242,50,50,1.0
brute_force,main_cat='Tools &amp; Home Improvement' AND overall>=4.0,0.01,0.0099,50,18,3.7444,24.9511,28.6955,50,50,1.0
brute_force,main_cat='Tools &amp; Home Improvement' AND overall>=4.0,0.01,0.0099,50,19,0.5381,25.0702,25.6084,50,50,1.0
brute_force,main_cat='Tools &amp; Home Improvement' AND overall>=4.0,0.01,0.0099,50,20,1.9177,24.8294,26.7471,50,50,1.0
brute_force,main_cat='Tools &amp; Home Improvement' AND overall>=4.0,0.01,0.0099,50,21,5.3257,24.8118,30.1375,50,50,1.0
brute_force,main_cat='Tools &amp; Home Improvement' AND overall>=4.0,0.01,0.0099,50,22,7.1789,24.7656,31.9445,50,50,1.0
brute_force,main_cat='Tools &amp; Home Improvement' AND overall>=4.0,0.01,0.0099,50,23,1.6155,24.9273,26.5428,50,50,1.0
brute_force,main_cat='Tools &amp; Home Improvement' AND overall>=4.0,0.01,0.0099,50,24,3.6508,24.9129,28.5637,50,50,1.0
brute_force,main_cat='Tools &amp; Home Improvement' AND overall>=4.0,0.01,0.0099,50,25,1.2676,24.9991,26.2667,50,50,0.98
brute_force,main_cat='Tools &amp; Home Improvement' AND overall>=4.0,0.01,0.0099,50,26,3.5481,24.8938,28.4419,50,50,1.0
brute_force,main_cat='Tools &amp; Home Improvement' AND overall>=4.0,0.01,0.0099,50,27,6.7888,24.798,31.5869,50,50,1.0
brute_force,main_cat='Tools &amp; Home Improvement' AND overall>=4.0,0.01,0.0099,50,28,2.0217,25.1003,27.122,50,50,1.0
brute_force,main_cat='Tools &amp; Home Improvement' AND overall>=4.0,0.01,0.0099,50,29,1.5975,24.9695,26.5671,50,50,0.98
brute_force,main_cat='Tools &amp; Home Improvement' AND overall>=4.0,0.01,0.0099,50,30,1.4039,24.9646,26.3685,50,50,1.0
brute_force,main_cat='Tools &amp; Home Improvement' AND overall>=4.0,0.01,0.0099,50,31,2.0488,24.8901,26.939,50,50,1.0
brute_force,main_cat='Tools &amp; Home Improvement' AND overall>=4.0,0.01,0.0099,50,32,5.478,25.2087,30.6866,50,50,1.0
brute_force,main_cat='Tools &amp; Home Improvement' AND overall>=4.0,0.01,0.0099,50,33,2.0769,25.0831,27.16,50,50,1.0
brute_force,main_cat='Tools &amp; Home Improvement' AND overall>=4.0,0.01,0.0099,50,34,7.5156,24.8177,32.3332,50,50,1.0
brute_force,main_cat='Tools &amp; Home Improvement' AND overall>=4.0,0.01,0.0099,50,35,5.9261,25.3241,31.2502,50,50,1.0
brute_force,main_cat='Tools &amp; Home Improvement' AND overall>=4.0,0.01,0.0099,50,36,10.9107,32.3085,43.2192,50,50,1.0
brute_force,main_cat='Tools &amp; Home Improvement' AND overall>=4.0,0.01,0.0099,50,37,6.3121,25.6168,31.9289,50,50,1.0
brute_force,main_cat='Tools &amp; Home Improvement' AND overall>=4.0,0.01,0.0099,50,38,5.0378,24.8083,29.8461,50,50,1.0
brute_force,main_cat='Tools &amp; Home Improvement' AND overall>=4.0,0.01,0.0099,50,39,1.177,25.1995,26.3765,50,50,1.0
brute_force,main_cat='Tools &amp; Home Improvement' AND overall>=4.0,0.01,0.0099,50,40,3.1788,24.751,27.9298,50,50,1.0
brute_force,main_cat='Tools &amp; Home Improvement' AND overall>=4.0,0.01,0.0099,50,41,5.561,24.9164,30.4774,50,50,1.0
brute_force,main_cat='Tools &amp; Home Improvement' AND overall>=4.0,0.01,0.0099,50,42,3.9599,24.905,28.8649,50,50,1.0
brute_force,main_cat='Tools &amp; Home Improvement' AND overall>=4.0,0.01,0.0099,50,43,1.24,24.9291,26.1691,50,50,0.96
brute_force,main_cat='Tools &amp; Home Improvement' AND overall>=4.0,0.01,0.0099,50,44,10.3725,24.8787,35.2512,50,50,1.0
brute_force,main_cat='Tools &amp; Home Improvement' AND overall>=4.0,0.01,0.0099,50,45,1.3561,25.0067,26.3628,50,50,1.0
brute_force,main_cat='Tools &amp; Home Improvement' AND overall>=4.0,0.01,0.0099,50,46,10.6153,25.012,35.6274,50,50,1.0
brute_force,main_cat='Tools &amp; Home Improvement' AND overall>=4.0,0.01,0.0099,50,47,1.0302,24.9665,25.9967,50,50,0.94
brute_force,main_cat='Tools &amp; Home Improvement' AND overall>=4.0,0.01,0.0099,50,48,2.1192,24.8482,26.9675,50,50,0.96
brute_force,main_cat='Tools &amp; Home Improvement' AND overall>=4.0,0.01,0.0099,50,49,1.3027,24.9061,26.2087,50,50,1.0
naive_prefilter,main_cat='Tools &amp; Home Improvement' AND overall>=4.0,0.01,0.0099,50,0,15.0305,0.5665,15.5971,1924,50,1.0
naive_prefilter,main_cat='Tools &amp; Home Improvement' AND overall>=4.0,0.01,0.0099,50,1,15.3591,0.6122,15.9713,1924,50,0.98
naive_prefilter,main_cat='Tools &amp; Home Improvement' AND overall>=4.0,0.01,0.0099,50,2,14.9955,0.5815,15.577,1924,50,1.0
naive_prefilter,main_cat='Tools &amp; Home Improvement' AND overall>=4.0,0.01,0.0099,50,3,15.148,0.5853,15.7334,1924,50,1.0
naive_prefilter,main_cat='Tools &amp; Home Improvement' AND overall>=4.0,0.01,0.0099,50,4,14.9962,0.5952,15.5914,1924,50,1.0
naive_prefilter,main_cat='Tools &amp; Home Improvement' AND overall>=4.0,0.01,0.0099,50,5,15.1012,0.5769,15.6781,1924,50,1.0
naive_prefilter,main_cat='Tools &amp; Home Improvement' AND overall>=4.0,0.01,0.0099,50,6,15.0031,0.593,15.5961,1924,50,1.0
naive_prefilter,main_cat='Tools &amp; Home Improvement' AND overall>=4.0,0.01,0.0099,50,7,14.7115,0.5845,15.296,1924,50,1.0
naive_prefilter,main_cat='Tools &amp; Home Improvement' AND overall>=4.0,0.01,0.0099,50,8,14.8017,0.5659,15.3676,1924,50,1.0
naive_prefilter,main_cat='Tools &amp; Home Improvement' AND overall>=4.0,0.01,0.0099,50,9,15.0984,0.593,15.6914,1924,50,1.0
naive_prefilter,main_cat='Tools &amp; Home Improvement' AND overall>=4.0,0.01,0.0099,50,10,15.1371,0.5785,15.7155,1924,50,1.0
naive_prefilter,main_cat='Tools &amp; Home Improvement' AND overall>=4.0,0.01,0.0099,50,11,15.1773,0.595,15.7723,1924,50,1.0
naive_prefilter,main_cat='Tools &amp; Home Improvement' AND overall>=4.0,0.01,0.0099,50,12,14.7044,0.5722,15.2765,1924,50,1.0
naive_prefilter,main_cat='Tools &amp; Home Improvement' AND overall>=4.0,0.01,0.0099,50,13,14.7285,0.5905,15.319,1924,50,0.96
naive_prefilter,main_cat='Tools &amp; Home Improvement' AND overall>=4.0,0.01,0.0099,50,14,14.3916,0.5565,14.948,1924,50,1.0
naive_prefilter,main_cat='Tools &amp; Home Improvement' AND overall>=4.0,0.01,0.0099,50,15,14.7894,0.5869,15.3763,1924,50,1.0
naive_prefilter,main_cat='Tools &amp; Home Improvement' AND overall>=4.0,0.01,0.0099,50,16,14.9195,0.5562,15.4757,1924,50,1.0
naive_prefilter,main_cat='Tools &amp; Home Improvement' AND overall>=4.0,0.01,0.0099,50,17,14.9119,0.5511,15.463,1924,50,1.0
naive_prefilter,main_cat='Tools &amp; Home Improvement' AND overall>=4.0,0.01,0.0099,50,18,14.602,0.5481,15.1501,1924,50,1.0
naive_prefilter,main_cat='Tools &amp; Home Improvement' AND overall>=4.0,0.01,0.0099,50,19,14.7909,0.5946,15.3855,1924,50,1.0
naive_prefilter,main_cat='Tools &amp; Home Improvement' AND overall>=4.0,0.01,0.0099,50,20,14.6977,0.5525,15.2502,1924,50,1.0
naive_prefilter,main_cat='Tools &amp; Home Improvement' AND overall>=4.0,0.01,0.0099,50,21,14.7965,0.5522,15.3487,1924,50,1.0
naive_prefilter,main_cat='Tools &amp; Home Improvement' AND overall>=4.0,0.01,0.0099,50,22,14.7587,0.5678,15.3265,1924,50,1.0
naive_prefilter,main_cat='Tools &amp; Home Improvement' AND overall>=4.0,0.01,0.0099,50,23,14.7829,0.5342,15.3171,1924,50,1.0
naive_prefilter,main_cat='Tools &amp; Home Improvement' AND overall>=4.0,0.01,0.0099,50,24,14.7131,0.5537,15.2668,1924,50,1.0
naive_prefilter,main_cat='Tools &amp; Home Improvement' AND overall>=4.0,0.01,0.0099,50,25,14.5001,0.544,15.0441,1924,50,0.98
naive_prefilter,main_cat='Tools &amp; Home Improvement' AND overall>=4.0,0.01,0.0099,50,26,14.5704,0.5385,15.1089,1924,50,1.0
naive_prefilter,main_cat='Tools &amp; Home Improvement' AND overall>=4.0,0.01,0.0099,50,27,14.505,0.5286,15.0336,1924,50,1.0
naive_prefilter,main_cat='Tools &amp; Home Improvement' AND overall>=4.0,0.01,0.0099,50,28,14.425,0.5437,14.9686,1924,50,1.0
naive_prefilter,main_cat='Tools &amp; Home Improvement' AND overall>=4.0,0.01,0.0099,50,29,14.5597,0.5414,15.101,1924,50,0.98
naive_prefilter,main_cat='Tools &amp; Home Improvement' AND overall>=4.0,0.01,0.0099,50,30,14.4665,0.5365,15.0029,1924,50,1.0
naive_prefilter,main_cat='Tools &amp; Home Improvement' AND overall>=4.0,0.01,0.0099,50,31,14.828,0.5293,15.3573,1924,50,1.0
naive_prefilter,main_cat='Tools &amp; Home Improvement' AND overall>=4.0,0.01,0.0099,50,32,14.7409,0.58,15.3209,1924,50,1.0
naive_prefilter,main_cat='Tools &amp; Home Improvement' AND overall>=4.0,0.01,0.0099,50,33,14.5696,0.5608,15.1304,1924,50,1.0
naive_prefilter,main_cat='Tools &amp; Home Improvement' AND overall>=4.0,0.01,0.0099,50,34,14.4177,0.5352,14.9528,1924,50,1.0
naive_prefilter,main_cat='Tools &amp; Home Improvement' AND overall>=4.0,0.01,0.0099,50,35,14.8141,0.538,15.3521,1924,50,1.0
naive_prefilter,main_cat='Tools &amp; Home Improvement' AND overall>=4.0,0.01,0.0099,50,36,14.6167,0.543,15.1597,1924,50,1.0
naive_prefilter,main_cat='Tools &amp; Home Improvement' AND overall>=4.0,0.01,0.0099,50,37,14.9066,0.5451,15.4517,1924,50,1.0
naive_prefilter,main_cat='Tools &amp; Home Improvement' AND overall>=4.0,0.01,0.0099,50,38,14.4352,0.5307,14.9658,1924,50,1.0
naive_prefilter,main_cat='Tools &amp; Home Improvement' AND overall>=4.0,0.01,0.0099,50,39,14.7575,0.5211,15.2786,1924,50,1.0
naive_prefilter,main_cat='Tools &amp; Home Improvement' AND overall>=4.0,0.01,0.0099,50,40,14.7479,0.5384,15.2863,1924,50,1.0
naive_prefilter,main_cat='Tools &amp; Home Improvement' AND overall>=4.0,0.01,0.0099,50,41,14.8712,0.552,15.4232,1924,50,1.0
naive_prefilter,main_cat='Tools &amp; Home Improvement' AND overall>=4.0,0.01,0.0099,50,42,14.8256,0.5388,15.3645,1924,50,1.0
naive_prefilter,main_cat='Tools &amp; Home Improvement' AND overall>=4.0,0.01,0.0099,50,43,14.5841,0.5297,15.1138,1924,50,0.96
naive_prefilter,main_cat='Tools &amp; Home Improvement' AND overall>=4.0,0.01,0.0099,50,44,14.7591,0.519,15.2782,1924,50,1.0
naive_prefilter,main_cat='Tools &amp; Home Improvement' AND overall>=4.0,0.01,0.0099,50,45,14.5625,0.5681,15.1306,1924,50,1.0
naive_prefilter,main_cat='Tools &amp; Home Improvement' AND overall>=4.0,0.01,0.0099,50,46,14.7566,0.5418,15.2985,1924,50,1.0
naive_prefilter,main_cat='Tools &amp; Home Improvement' AND overall>=4.0,0.01,0.0099,50,47,14.7478,0.5337,15.2815,1924,50,0.94
naive_prefilter,main_cat='Tools &amp; Home Improvement' AND overall>=4.0,0.01,0.0099,50,48,14.6072,0.523,15.1302,1924,50,0.96
naive_prefilter,main_cat='Tools &amp; Home Improvement' AND overall>=4.0,0.01,0.0099,50,49,14.6662,0.5566,15.2228,1924,50,1.0
post_filter,main_cat='Tools &amp; Home Improvement' AND overall>=4.0,0.01,0.0099,50,0,0.6457,0.7602,1.4059,2,2,0.04
post_filter,main_cat='Tools &amp; Home Improvement' AND overall>=4.0,0.01,0.0099,50,1,1.5846,1.3513,2.936,17,17,0.26
post_filter,main_cat='Tools &amp; Home Improvement' AND overall>=4.0,0.01,0.0099,50,2,1.1919,0.9106,2.1025,17,17,0.26
post_filter,main_cat='Tools &amp; Home Improvement' AND overall>=4.0,0.01,0.0099,50,3,1.2431,0.9374,2.1805,42,42,0.44
post_filter,main_cat='Tools &amp; Home Improvement' AND overall>=4.0,0.01,0.0099,50,4,1.6314,1.1083,2.7398,12,12,0.22
post_filter,main_cat='Tools &amp; Home Improvement' AND overall>=4.0,0.01,0.0099,50,5,1.102,0.9099,2.0119,4,4,0.08
post_filter,main_cat='Tools &amp; Home Improvement' AND overall>=4.0,0.01,0.0099,50,6,1.3272,1.0597,2.387,7,7,0.14
post_filter,main_cat='Tools &amp; Home Improvement' AND overall>=4.0,0.01,0.0099,50,7,0.9939,0.7818,1.7757,10,10,0.18
post_filter,main_cat='Tools &amp; Home Improvement' AND overall>=4.0,0.01,0.0099,50,8,1.3638,1.1451,2.5089,9,9,0.16
post_filter,main_cat='Tools &amp; Home Improvement' AND overall>=4.0,0.01,0.0099,50,9,1.389,1.1363,2.5253,49,49,0.62
post_filter,main_cat='Tools &amp; Home Improvement' AND overall>=4.0,0.01,0.0099,50,10,1.3136,1.0219,2.3355,24,24,0.4
post_filter,main_cat='Tools &amp; Home Improvement' AND overall>=4.0,0.01,0.0099,50,11,1.1977,0.9939,2.1916,1,1,0.0
post_filter,main_cat='Tools &amp; Home Improvement' AND overall>=4.0,0.01,0.0099,50,12,0.9655,0.8196,1.7852,1,1,0.02
post_filter,main_cat='Tools &amp; Home Improvement' AND overall>=4.0,0.01,0.0099,50,13,1.1066,0.8584,1.965,9,9,0.16
post_filter,main_cat='Tools &amp; Home Improvement' AND overall>=4.0,0.01,0.0099,50,14,0.8203,0.6632,1.4834,3,3,0.04
post_filter,main_cat='Tools &amp; Home Improvement' AND overall>=4.0,0.01,0.0099,50,15,0.7357,0.5905,1.3262,2,2,0.02
post_filter,main_cat='Tools &amp; Home Improvement' AND overall>=4.0,0.01,0.0099,50,16,0.7842,1.0695,1.8538,50,50,0.66
post_filter,main_cat='Tools &amp; Home Improvement' AND overall>=4.0,0.01,0.0099,50,17,1.0685,0.8048,1.8733,28,28,0.28
post_filter,main_cat='Tools &amp; Home Improvement' AND overall>=4.0,0.01,0.0099,50,18,1.2575,0.9485,2.206,12,12,0.22
post_filter,main_cat='Tools &amp; Home Improvement' AND overall>=4.0,0.01,0.0099,50,19,0.3763,1.0032,1.3795,50,50,0.88
post_filter,main_cat='Tools &amp; Home Improvement' AND overall>=4.0,0.01,0.0099,50,20,0.9346,0.7095,1.644,22,22,0.32
post_filter,main_cat='Tools &amp; Home Improvement' AND overall>=4.0,0.01,0.0099,50,21,0.9346,0.7837,1.7182,6,6,0.06
post_filter,main_cat='Tools &amp; Home Improvement' AND overall>=4.0,0.01,0.0099,50,22,1.0237,0.8043,1.8279,3,3,0.06
post_filter,main_cat='Tools &amp; Home Improvement' AND overall>=4.0,0.01,0.0099,50,23,1.0193,0.7624,1.7817,27,27,0.36
post_filter,main_cat='Tools &amp; Home Improvement' AND overall>=4.0,0.01,0.0099,50,24,1.4228,1.1125,2.5353,20,20,0.36
post_filter,main_cat='Tools &amp; Home Improvement' AND overall>=4.0,0.01,0.0099,50,25,0.5142,0.348,0.8622,2,2,0.02
post_filter,main_cat='Tools &amp; Home Improvement' AND overall>=4.0,0.01,0.0099,50,26,1.1402,1.0396,2.1798,15,15,0.18
post_filter,main_cat='Tools &amp; Home Improvement' AND overall>=4.0,0.01,0.0099,50,27,1.219,0.9808,2.1998,4,4,0.08
post_filter,main_cat='Tools &amp; Home Improvement' AND overall>=4.0,0.01,0.0099,50,28,1.4585,1.0436,2.5021,39,39,0.44
post_filter,main_cat='Tools &amp; Home Improvement' AND overall>=4.0,0.01,0.0099,50,29,0.8771,0.6617,1.5388,9,9,0.1
post_filter,main_cat='Tools &amp; Home Improvement' AND overall>=4.0,0.01,0.0099,50,30,0.4911,0.5443,1.0353,8,8,0.16
post_filter,main_cat='Tools &amp; Home Improvement' AND overall>=4.0,0.01,0.0099,50,31,1.3864,1.0291,2.4155,48,48,0.56
post_filter,main_cat='Tools &amp; Home Improvement' AND overall>=4.0,0.01,0.0099,50,32,1.1092,0.8138,1.923,10,10,0.18
post_filter,main_cat='Tools &amp; Home Improvement' AND overall>=4.0,0.01,0.0099,50,33,0.7453,0.599,1.3443,6,6,0.08
post_filter,main_cat='Tools &amp; Home Improvement' AND overall>=4.0,0.01,0.0099,50,34,1.2665,0.9978,2.2644,1,1,0.02
post_filter,main_cat='Tools &amp; Home Improvement' AND overall>=4.0,0.01,0.0099,50,35,1.4337,1.0557,2.4894,7,7,0.14
post_filter,main_cat='Tools &amp; Home Improvement' AND overall>=4.0,0.01,0.0099,50,36,1.1505,0.8553,2.0058,1,1,0.02
post_filter,main_cat='Tools &amp; Home Improvement' AND overall>=4.0,0.01,0.0099,50,37,1.0661,0.7741,1.8402,4,4,0.08
post_filter,main_cat='Tools &amp; Home Improvement' AND overall>=4.0,0.01,0.0099,50,38,1.745,1.2957,3.0406,7,7,0.12
post_filter,main_cat='Tools &amp; Home Improvement' AND overall>=4.0,0.01,0.0099,50,39,0.8923,0.6442,1.5366,25,25,0.38
post_filter,main_cat='Tools &amp; Home Improvement' AND overall>=4.0,0.01,0.0099,50,40,1.6172,1.2936,2.9108,27,27,0.38
post_filter,main_cat='Tools &amp; Home Improvement' AND overall>=4.0,0.01,0.0099,50,41,0.8779,0.6581,1.536,2,2,0.02
post_filter,main_cat='Tools &amp; Home Improvement' AND overall>=4.0,0.01,0.0099,50,42,1.2477,1.0045,2.2522,21,21,0.34
post_filter,main_cat='Tools &amp; Home Improvement' AND overall>=4.0,0.01,0.0099,50,43,0.6328,0.499,1.1318,16,16,0.22
post_filter,main_cat='Tools &amp; Home Improvement' AND overall>=4.0,0.01,0.0099,50,44,0.9521,0.7253,1.6774,1,1,0.02
post_filter,main_cat='Tools &amp; Home Improvement' AND overall>=4.0,0.01,0.0099,50,45,0.8142,1.06,1.8742,50,50,0.68
post_filter,main_cat='Tools &amp; Home Improvement' AND overall>=4.0,0.01,0.0099,50,46,1.0752,0.8618,1.937,0,0,0.0
post_filter,main_cat='Tools &amp; Home Improvement' AND overall>=4.0,0.01,0.0099,50,47,0.4308,0.3004,0.7312,5,5,0.08
post_filter,main_cat='Tools &amp; Home Improvement' AND overall>=4.0,0.01,0.0099,50,48,1.3592,1.0541,2.4133,35,35,0.42
post_filter,main_cat='Tools &amp; Home Improvement' AND overall>=4.0,0.01,0.0099,50,49,0.7023,0.512,1.2143,20,20,0.3
bitmap_prefilter,main_cat='Tools &amp; Home Improvement' AND overall>=4.0,0.01,0.0099,50,0,0.0081,0.4508,0.4589,1924,50,1.0
bitmap_prefilter,main_cat='Tools &amp; Home Improvement' AND overall>=4.0,0.01,0.0099,50,1,0.0067,0.4387,0.4454,1924,50,0.98
bitmap_prefilter,main_cat='Tools &amp; Home Improvement' AND overall>=4.0,0.01,0.0099,50,2,0.0067,0.4326,0.4393,1924,50,1.0
bitmap_prefilter,main_cat='Tools &amp; Home Improvement' AND overall>=4.0,0.01,0.0099,50,3,0.0075,0.4258,0.4333,1924,50,1.0
bitmap_prefilter,main_cat='Tools &amp; Home Improvement' AND overall>=4.0,0.01,0.0099,50,4,0.0061,0.4224,0.4285,1924,50,1.0
bitmap_prefilter,main_cat='Tools &amp; Home Improvement' AND overall>=4.0,0.01,0.0099,50,5,0.0061,0.4147,0.4208,1924,50,1.0
bitmap_prefilter,main_cat='Tools &amp; Home Improvement' AND overall>=4.0,0.01,0.0099,50,6,0.0059,0.4054,0.4113,1924,50,1.0
bitmap_prefilter,main_cat='Tools &amp; Home Improvement' AND overall>=4.0,0.01,0.0099,50,7,0.006,0.4096,0.4156,1924,50,1.0
bitmap_prefilter,main_cat='Tools &amp; Home Improvement' AND overall>=4.0,0.01,0.0099,50,8,0.0057,0.5257,0.5314,1924,50,1.0
bitmap_prefilter,main_cat='Tools &amp; Home Improvement' AND overall>=4.0,0.01,0.0099,50,9,0.0146,0.4813,0.4959,1924,50,1.0
bitmap_prefilter,main_cat='Tools &amp; Home Improvement' AND overall>=4.0,0.01,0.0099,50,10,0.0088,0.4439,0.4527,1924,50,1.0
bitmap_prefilter,main_cat='Tools &amp; Home Improvement' AND overall>=4.0,0.01,0.0099,50,11,0.0076,0.4448,0.4524,1924,50,1.0
bitmap_prefilter,main_cat='Tools &amp; Home Improvement' AND overall>=4.0,0.01,0.0099,50,12,0.0074,0.4307,0.4381,1924,50,1.0
bitmap_prefilter,main_cat='Tools &amp; Home Improvement' AND overall>=4.0,0.01,0.0099,50,13,0.0066,0.484,0.4906,1924,50,0.96
bitmap_prefilter,main_cat='Tools &amp; Home Improvement' AND overall>=4.0,0.01,0.0099,50,14,0.0075,0.5576,0.5651,1924,50,1.0
bitmap_prefilter,main_cat='Tools &amp; Home Improvement' AND overall>=4.0,0.01,0.0099,50,15,0.0107,0.5983,0.6089,1924,50,1.0
bitmap_prefilter,main_cat='Tools &amp; Home Improvement' AND overall>=4.0,0.01,0.0099,50,16,0.0152,0.5965,0.6117,1924,50,1.0
bitmap_prefilter,main_cat='Tools &amp; Home Improvement' AND overall>=4.0,0.01,0.0099,50,17,0.0095,0.4706,0.4802,1924,50,1.0
bitmap_prefilter,main_cat='Tools &amp; Home Improvement' AND overall>=4.0,0.01,0.0099,50,18,0.0078,0.4489,0.4567,1924,50,1.0
bitmap_prefilter,main_cat='Tools &amp; Home Improvement' AND overall>=4.0,0.01,0.0099,50,19,0.0068,0.421,0.4277,1924,50,1.0
bitmap_prefilter,main_cat='Tools &amp; Home Improvement' AND overall>=4.0,0.01,0.0099,50,20,0.0063,0.4447,0.451,1924,50,1.0
bitmap_prefilter,main_cat='Tools &amp; Home Improvement' AND overall>=4.0,0.01,0.0099,50,21,0.0069,0.4194,0.4262,1924,50,1.0
bitmap_prefilter,main_cat='Tools &amp; Home Improvement' AND overall>=4.0,0.01,0.0099,50,22,0.0062,0.4005,0.4067,1924,50,1.0
bitmap_prefilter,main_cat='Tools &amp; Home Improvement' AND overall>=4.0,0.01,0.0099,50,23,0.0066,0.3983,0.4048,1924,50,1.0
bitmap_prefilter,main_cat='Tools &amp; Home Improvement' AND overall>=4.0,0.01,0.0099,50,24,0.0064,0.3934,0.3998,1924,50,1.0
bitmap_prefilter,main_cat='Tools &amp; Home Improvement' AND overall>=4.0,0.01,0.0099,50,25,0.0063,0.3875,0.3938,1924,50,0.98
bitmap_prefilter,main_cat='Tools &amp; Home Improvement' AND overall>=4.0,0.01,0.0099,50,26,0.0063,0.3887,0.3949,1924,50,1.0
bitmap_prefilter,main_cat='Tools &amp; Home Improvement' AND overall>=4.0,0.01,0.0099,50,27,0.006,0.3836,0.3896,1924,50,1.0
bitmap_prefilter,main_cat='Tools &amp; Home Improvement' AND overall>=4.0,0.01,0.0099,50,28,0.006,0.377,0.383,1924,50,1.0
bitmap_prefilter,main_cat='Tools &amp; Home Improvement' AND overall>=4.0,0.01,0.0099,50,29,0.006,0.3778,0.3838,1924,50,0.98
bitmap_prefilter,main_cat='Tools &amp; Home Improvement' AND overall>=4.0,0.01,0.0099,50,30,0.0059,0.3837,0.3896,1924,50,1.0
bitmap_prefilter,main_cat='Tools &amp; Home Improvement' AND overall>=4.0,0.01,0.0099,50,31,0.0063,0.3738,0.3801,1924,50,1.0
bitmap_prefilter,main_cat='Tools &amp; Home Improvement' AND overall>=4.0,0.01,0.0099,50,32,0.0061,0.371,0.3771,1924,50,1.0
bitmap_prefilter,main_cat='Tools &amp; Home Improvement' AND overall>=4.0,0.01,0.0099,50,33,0.0061,0.4139,0.42,1924,50,1.0
bitmap_prefilter,main_cat='Tools &amp; Home Improvement' AND overall>=4.0,0.01,0.0099,50,34,0.0065,0.3858,0.3923,1924,50,1.0
bitmap_prefilter,main_cat='Tools &amp; Home Improvement' AND overall>=4.0,0.01,0.0099,50,35,0.0066,0.3815,0.3881,1924,50,1.0
bitmap_prefilter,main_cat='Tools &amp; Home Improvement' AND overall>=4.0,0.01,0.0099,50,36,0.0065,0.3764,0.3829,1924,50,1.0
bitmap_prefilter,main_cat='Tools &amp; Home Improvement' AND overall>=4.0,0.01,0.0099,50,37,0.0062,0.371,0.3772,1924,50,1.0
bitmap_prefilter,main_cat='Tools &amp; Home Improvement' AND overall>=4.0,0.01,0.0099,50,38,0.0062,0.3818,0.388,1924,50,1.0
bitmap_prefilter,main_cat='Tools &amp; Home Improvement' AND overall>=4.0,0.01,0.0099,50,39,0.0062,0.3915,0.3978,1924,50,1.0
bitmap_prefilter,main_cat='Tools &amp; Home Improvement' AND overall>=4.0,0.01,0.0099,50,40,0.0061,0.3713,0.3774,1924,50,1.0
bitmap_prefilter,main_cat='Tools &amp; Home Improvement' AND overall>=4.0,0.01,0.0099,50,41,0.0061,0.3771,0.3832,1924,50,1.0
bitmap_prefilter,main_cat='Tools &amp; Home Improvement' AND overall>=4.0,0.01,0.0099,50,42,0.0066,0.3713,0.3779,1924,50,1.0
bitmap_prefilter,main_cat='Tools &amp; Home Improvement' AND overall>=4.0,0.01,0.0099,50,43,0.0062,0.3685,0.3747,1924,50,0.96
bitmap_prefilter,main_cat='Tools &amp; Home Improvement' AND overall>=4.0,0.01,0.0099,50,44,0.006,0.365,0.371,1924,50,1.0
bitmap_prefilter,main_cat='Tools &amp; Home Improvement' AND overall>=4.0,0.01,0.0099,50,45,0.0061,0.3687,0.3748,1924,50,1.0
bitmap_prefilter,main_cat='Tools &amp; Home Improvement' AND overall>=4.0,0.01,0.0099,50,46,0.006,0.3662,0.3722,1924,50,1.0
bitmap_prefilter,main_cat='Tools &amp; Home Improvement' AND overall>=4.0,0.01,0.0099,50,47,0.0061,0.3642,0.3703,1924,50,0.94
bitmap_prefilter,main_cat='Tools &amp; Home Improvement' AND overall>=4.0,0.01,0.0099,50,48,0.0061,0.3672,0.3733,1924,50,0.96
bitmap_prefilter,main_cat='Tools &amp; Home Improvement' AND overall>=4.0,0.01,0.0099,50,49,0.0061,0.3655,0.3716,1924,50,1.0
brute_force,brand='Canon',0.05,0.0489,10,0,0.6528,24.765,25.4178,10,10,0.9
brute_force,brand='Canon',0.05,0.0489,10,1,0.1921,24.9318,25.1238,10,10,1.0
brute_force,brand='Canon',0.05,0.0489,10,2,0.2084,24.5416,24.75,10,10,1.0
brute_force,brand='Canon',0.05,0.0489,10,3,0.0824,25.0005,25.0828,10,10,1.0
brute_force,brand='Canon',0.05,0.0489,10,4,0.2188,24.5361,24.7549,10,10,1.0
brute_force,brand='Canon',0.05,0.0489,10,5,0.5805,24.8153,25.3958,10,10,1.0
brute_force,brand='Canon',0.05,0.0489,10,6,0.5962,24.728,25.3242,10,10,1.0
brute_force,brand='Canon',0.05,0.0489,10,7,0.3935,24.8853,25.2788,10,10,1.0
brute_force,brand='Canon',0.05,0.0489,10,8,0.495,24.7091,25.2041,10,10,1.0
brute_force,brand='Canon',0.05,0.0489,10,9,0.2116,24.9015,25.1132,10,10,1.0
brute_force,brand='Canon',0.05,0.0489,10,10,0.1597,24.7424,24.9021,10,10,1.0
brute_force,brand='Canon',0.05,0.0489,10,11,0.8079,24.7855,25.5934,10,10,1.0
brute_force,brand='Canon',0.05,0.0489,10,12,0.2737,24.9796,25.2534,10,10,1.0
brute_force,brand='Canon',0.05,0.0489,10,13,0.2312,24.9758,25.207,10,10,1.0
brute_force,brand='Canon',0.05,0.0489,10,14,0.3724,24.7757,25.1481,10,10,1.0
brute_force,brand='Canon',0.05,0.0489,10,15,0.605,24.9945,25.5995,10,10,1.0
brute_force,brand='Canon',0.05,0.0489,10,16,0.3436,24.7045,25.0481,10,10,1.0
brute_force,brand='Canon',0.05,0.0489,10,17,0.0992,24.8812,24.9805,10,10,1.0
brute_force,brand='Canon',0.05,0.0489,10,18,0.2623,24.7269,24.9892,10,10,1.0
brute_force,brand='Canon',0.05,0.0489,10,19,0.1358,24.8747,25.0105,10,10,1.0
brute_force,brand='Canon',0.05,0.0489,10,20,0.4363,24.8308,25.267,10,10,1.0
brute_force,brand='Canon',0.05,0.0489,10,21,0.2758,24.7264,25.0022,10,10,1.0
brute_force,brand='Canon',0.05,0.0489,10,22,0.041,24.7142,24.7551,10,10,1.0
brute_force,brand='Canon',0.05,0.0489,10,23,0.2323,24.9275,25.1598,10,10,1.0
brute_force,brand='Canon',0.05,0.0489,10,24,0.1255,24.7397,24.8652,10,10,1.0
brute_force,brand='Canon',0.05,0.0489,10,25,0.2735,24.9333,25.2068,10,10,1.0
brute_force,brand='Canon',0.05,0.0489,10,26,0.0714,24.7695,24.8409,10,10,1.0
brute_force,brand='Canon',0.05,0.0489,10,27,0.436,24.861,25.297,10,10,1.0
brute_force,brand='Canon',0.05,0.0489,10,28,0.1793,24.8107,24.99,10,10,1.0
brute_force,brand='Canon',0.05,0.0489,10,29,0.0863,24.8391,24.9255,10,10,1.0
brute_force,brand='Canon',0.05,0.0489,10,30,0.2732,24.7652,25.0383,10,10,1.0
brute_force,brand='Canon',0.05,0.0489,10,31,0.1885,24.7385,24.927,10,10,1.0
brute_force,brand='Canon',0.05,0.0489,10,32,0.1246,24.8482,24.9728,10,10,1.0
brute_force,brand='Canon',0.05,0.0489,10,33,0.3216,24.9255,25.2471,10,10,1.0
brute_force,brand='Canon',0.05,0.0489,10,34,0.3778,24.704,25.0819,10,10,1.0
brute_force,brand='Canon',0.05,0.0489,10,35,0.2854,24.7766,25.062,10,10,1.0
brute_force,brand='Canon',0.05,0.0489,10,36,0.0549,24.7459,24.8008,10,10,1.0
brute_force,brand='Canon',0.05,0.0489,10,37,0.4716,24.8029,25.2745,10,10,1.0
brute_force,brand='Canon',0.05,0.0489,10,38,0.1166,24.8998,25.0163,10,10,1.0
brute_force,brand='Canon',0.05,0.0489,10,39,0.1955,24.9481,25.1436,10,10,1.0
brute_force,brand='Canon',0.05,0.0489,10,40,0.0573,24.8921,24.9494,10,10,1.0
brute_force,brand='Canon',0.05,0.0489,10,41,0.482,24.8045,25.2864,10,10,1.0
brute_force,brand='Canon',0.05,0.0489,10,42,0.1194,24.7717,24.891,10,10,1.0
brute_force,brand='Canon',0.05,0.0489,10,43,0.3308,24.8077,25.1385,10,10,1.0
brute_force,brand='Canon',0.05,0.0489,10,44,0.1439,24.8325,24.9764,10,10,1.0
brute_force,brand='Canon',0.05,0.0489,10,45,0.0969,24.7909,24.8878,10,10,1.0
brute_force,brand='Canon',0.05,0.0489,10,46,0.5248,24.8816,25.4065,10,10,1.0
brute_force,brand='Canon',0.05,0.0489,10,47,0.3734,24.8547,25.2281,10,10,1.0
brute_force,brand='Canon',0.05,0.0489,10,48,0.0501,24.8255,24.8756,10,10,1.0
brute_force,brand='Canon',0.05,0.0489,10,49,0.125,24.879,25.004,10,10,1.0
naive_prefilter,brand='Canon',0.05,0.0489,10,0,14.7135,2.7389,17.4525,9482,10,0.9
naive_prefilter,brand='Canon',0.05,0.0489,10,1,14.644,2.7322,17.3763,9482,10,1.0
naive_prefilter,brand='Canon',0.05,0.0489,10,2,14.4977,2.7145,17.2122,9482,10,1.0
naive_prefilter,brand='Canon',0.05,0.0489,10,3,14.5776,2.7341,17.3118,9482,10,1.0
naive_prefilter,brand='Canon',0.05,0.0489,10,4,14.6263,2.8323,17.4585,9482,10,1.0
naive_prefilter,brand='Canon',0.05,0.0489,10,5,14.4772,2.7087,17.1859,9482,10,1.0
naive_prefilter,brand='Canon',0.05,0.0489,10,6,14.617,2.7187,17.3358,9482,10,1.0
naive_prefilter,brand='Canon',0.05,0.0489,10,7,14.1084,2.7625,16.8709,9482,10,1.0
naive_prefilter,brand='Canon',0.05,0.0489,10,8,14.532,2.7054,17.2374,9482,10,1.0
naive_prefilter,brand='Canon',0.05,0.0489,10,9,14.3525,2.7263,17.0788,9482,10,1.0
naive_prefilter,brand='Canon',0.05,0.0489,10,10,14.4812,2.7427,17.2239,9482,10,1.0
naive_prefilter,brand='Canon',0.05,0.0489,10,11,14.6601,2.6855,17.3456,9482,10,1.0
naive_prefilter,brand='Canon',0.05,0.0489,10,12,14.3963,2.7108,17.107,9482,10,1.0
naive_prefilter,brand='Canon',0.05,0.0489,10,13,14.646,2.7015,17.3474,9482,10,1.0
naive_prefilter,brand='Canon',0.05,0.0489,10,14,14.3699,2.7508,17.1207,9482,10,1.0
naive_prefilter,brand='Canon',0.05,0.0489,10,15,14.3853,2.6769,17.0622,9482,10,1.0
naive_prefilter,brand='Canon',0.05,0.0489,10,16,14.5794,2.7059,17.2852,9482,10,1.0
naive_prefilter,brand='Canon',0.05,0.0489,10,17,14.2741,2.7203,16.9943,9482,10,1.0
naive_prefilter,brand='Canon',0.05,0.0489,10,18,14.5057,2.6938,17.1995,9482,10,1.0
naive_prefilter,brand='Canon',0.05,0.0489,10,19,14.2262,2.6771,16.9033,9482,10,1.0
naive_prefilter,brand='Canon',0.05,0.0489,10,20,14.3838,2.7065,17.0903,9482,10,1.0
naive_prefilter,brand='Canon',0.05,0.0489,10,21,14.4471,2.6888,17.1359,9482,10,1.0
naive_prefilter,brand='Canon',0.05,0.0489,10,22,14.6568,2.6845,17.3413,9482,10,1.0
naive_prefilter,brand='Canon',0.05,0.0489,10,23,14.3894,2.7114,17.1007,9482,10,1.0
naive_prefilter,brand='Canon',0.05,0.0489,10,24,14.2962,2.6632,16.9594,9482,10,1.0
naive_prefilter,brand='Canon',0.05,0.0489,10,25,14.2613,2.6794,16.9407,9482,10,1.0
naive_prefilter,brand='Canon',0.05,0.0489,10,26,14.3685,2.6743,17.0428,9482,10,1.0
naive_prefilter,brand='Canon',0.05,0.0489,10,27,14.5372,2.7814,17.3186,9482,10,1.0
naive_prefilter,brand='Canon',0.05,0.0489,10,28,14.6134,2.6704,17.2838,9482,10,1.0
naive_prefilter,brand='Canon',0.05,0.0489,10,29,14.5742,2.6642,17.2384,9482,10,1.0
naive_prefilter,brand='Canon',0.05,0.0489,10,30,14.3037,2.7125,17.0162,9482,10,0.9
naive_prefilter,brand='Canon',0.05,0.0489,10,31,14.5603,2.7044,17.2647,9482,10,1.0
naive_prefilter,brand='Canon',0.05,0.0489,10,32,14.2974,2.6603,16.9578,9482,10,1.0
naive_prefilter,brand='Canon',0.05,0.0489,10,33,14.5389,2.7033,17.2423,9482,10,1.0
naive_prefilter,brand='Canon',0.05,0.0489,10,34,14.3419,2.6611,17.003,9482,10,1.0
naive_prefilter,brand='Canon',0.05,0.0489,10,35,14.5697,2.6608,17.2305,9482,10,1.0
naive_prefilter,brand='Canon',0.05,0.0489,10,36,14.6385,2.6969,17.3354,9482,10,1.0
naive_prefilter,brand='Canon',0.05,0.0489,10,37,14.3598,2.6622,17.022,9482,10,1.0
naive_prefilter,brand='Canon',0.05,0.0489,10,38,14.8476,2.7654,17.613,9482,10,1.0
naive_prefilter,brand='Canon',0.05,0.0489,10,39,14.6656,2.7293,17.395,9482,10,1.0
naive_prefilter,brand='Canon',0.05,0.0489,10,40,14.6193,2.7138,17.333,9482,10,1.0
naive_prefilter,brand='Canon',0.05,0.0489,10,41,14.3524,2.681,17.0333,9482,10,1.0
naive_prefilter,brand='Canon',0.05,0.0489,10,42,14.2603,2.7076,16.9678,9482,10,1.0
naive_prefilter,brand='Canon',0.05,0.0489,10,43,14.2427,2.7357,16.9785,9482,10,1.0
naive_prefilter,brand='Canon',0.05,0.0489,10,44,14.3275,2.6698,16.9973,9482,10,1.0
naive_prefilter,brand='Canon',0.05,0.0489,10,45,14.5777,2.6915,17.2691,9482,10,1.0
naive_prefilter,brand='Canon',0.05,0.0489,10,46,14.5239,2.7306,17.2545,9482,10,1.0
naive_prefilter,brand='Canon',0.05,0.0489,10,47,14.4653,2.707,17.1723,9482,10,1.0
naive_prefilter,brand='Canon',0.05,0.0489,10,48,14.584,2.7131,17.2972,9482,10,1.0
naive_prefilter,brand='Canon',0.05,0.0489,10,49,14.7575,2.6977,17.4553,9482,10,1.0
post_filter,brand='Canon',0.05,0.0489,10,0,0.1575,0.3738,0.5312,3,3,0.3
post_filter,brand='Canon',0.05,0.0489,10,1,0.1542,0.8382,0.9924,10,10,1.0
post_filter,brand='Canon',0.05,0.0489,10,2,0.164,0.6598,0.8238,10,10,1.0
post_filter,brand='Canon',0.05,0.0489,10,3,0.0722,0.7026,0.7748,10,10,1.0
post_filter,brand='Canon',0.05,0.0489,10,4,0.166,0.825,0.991,10,10,0.9
post_filter,brand='Canon',0.05,0.0489,10,5,0.4025,0.69,1.0925,3,3,0.3
post_filter,brand='Canon',0.05,0.0489,10,6,0.5137,0.9335,1.4473,9,9,0.9
post_filter,brand='Canon',0.05,0.0489,10,7,0.4277,0.6354,1.063,9,9,0.5
post_filter,brand='Canon',0.05,0.0489,10,8,0.4177,0.8942,1.3119,10,10,0.8
post_filter,brand='Canon',0.05,0.0489,10,9,0.1508,0.8874,1.0381,10,10,0.9
post_filter,brand='Canon',0.05,0.0489,10,10,0.1201,0.8,0.9201,10,10,1.0
post_filter,brand='Canon',0.05,0.0489,10,11,0.406,0.7995,1.2055,1,1,0.1
post_filter,brand='Canon',0.05,0.0489,10,12,0.2898,0.7101,0.9999,10,10,0.5
post_filter,brand='Canon',0.05,0.0489,10,13,0.2345,0.7195,0.9539,10,10,0.9
post_filter,brand='Canon',0.05,0.0489,10,14,0.3785,0.526,0.9045,9,9,0.7
post_filter,brand='Canon',0.05,0.0489,10,15,0.2752,0.4509,0.7261,0,0,0.0
post_filter,brand='Canon',0.05,0.0489,10,16,0.2623,0.8288,1.0912,10,10,0.8
post_filter,brand='Canon',0.05,0.0489,10,17,0.0788,0.6451,0.724,10,10,0.9
post_filter,brand='Canon',0.05,0.0489,10,18,0.2157,0.7323,0.948,10,10,0.9
post_filter,brand='Canon',0.05,0.0489,10,19,0.1181,0.8047,0.9227,10,10,0.9
post_filter,brand='Canon',0.05,0.0489,10,20,0.3195,0.5735,0.8929,10,10,0.9
post_filter,brand='Canon',0.05,0.0489,10,21,0.2687,0.5988,0.8675,10,10,0.5
post_filter,brand='Canon',0.05,0.0489,10,22,0.0297,0.6443,0.674,10,10,1.0
post_filter,brand='Canon',0.05,0.0489,10,23,0.1702,0.6137,0.7839,10,10,1.0
post_filter,brand='Canon',0.05,0.0489,10,24,0.0954,0.837,0.9324,10,10,1.0
post_filter,brand='Canon',0.05,0.0489,10,25,0.2802,0.2578,0.538,8,8,0.1
post_filter,brand='Canon',0.05,0.0489,10,26,0.0456,0.7713,0.8169,10,10,1.0
post_filter,brand='Canon',0.05,0.0489,10,27,0.3799,0.7204,1.1003,10,10,0.7
post_filter,brand='Canon',0.05,0.0489,10,28,0.1697,0.781,0.9507,10,10,0.7
post_filter,brand='Canon',0.05,0.0489,10,29,0.0583,0.5087,0.567,10,10,1.0
post_filter,brand='Canon',0.05,0.0489,10,30,0.2258,0.3757,0.6015,8,8,0.1
post_filter,brand='Canon',0.05,0.0489,10,31,0.157,0.7602,0.9172,10,10,0.8
post_filter,brand='Canon',0.05,0.0489,10,32,0.0915,0.6041,0.6956,10,10,1.0
post_filter,brand='Canon',0.05,0.0489,10,33,0.3075,0.4562,0.7637,4,4,0.3
post_filter,brand='Canon',0.05,0.0489,10,34,0.3491,0.7464,1.0955,10,10,0.8
post_filter,brand='Canon',0.05,0.0489,10,35,0.2154,0.7686,0.984,10,10,0.9
post_filter,brand='Canon',0.05,0.0489,10,36,0.0406,0.6422,0.6828,10,10,1.0
post_filter,brand='Canon',0.05,0.0489,10,37,0.4052,0.5822,0.9874,6,6,0.4
post_filter,brand='Canon',0.05,0.0489,10,38,0.0807,0.9291,1.0098,10,10,1.0
post_filter,brand='Canon',0.05,0.0489,10,39,0.1887,0.4782,0.6668,10,10,0.8
post_filter,brand='Canon',0.05,0.0489,10,40,0.0436,0.9678,1.0114,10,10,1.0
post_filter,brand='Canon',0.05,0.0489,10,41,0.3586,0.5204,0.879,10,10,0.8
post_filter,brand='Canon',0.05,0.0489,10,42,0.1275,0.7801,0.9075,10,10,0.9
post_filter,brand='Canon',0.05,0.0489,10,43,0.2297,0.4041,0.6338,10,10,0.9
post_filter,brand='Canon',0.05,0.0489,10,44,0.1394,0.582,0.7215,10,10,0.9
post_filter,brand='Canon',0.05,0.0489,10,45,0.0733,0.8274,0.9007,10,10,0.9
post_filter,brand='Canon',0.05,0.0489,10,46,0.39,0.6935,1.0835,4,4,0.4
post_filter,brand='Canon',0.05,0.0489,10,47,0.1883,0.2456,0.4339,5,5,0.3
post_filter,brand='Canon',0.05,0.0489,10,48,0.0377,0.8306,0.8683,10,10,1.0
post_filter,brand='Canon',0.05,0.0489,10,49,0.0824,0.4096,0.492,10,10,1.0
bitmap_prefilter,brand='Canon',0.05,0.0489,10,0,0.0231,2.5229,2.546,9482,10,0.9
bitmap_prefilter,brand='Canon',0.05,0.0489,10,1,0.013,2.4822,2.4952,9482,10,1.0
bitmap_prefilter,brand='Canon',0.05,0.0489,10,2,0.0113,2.4459,2.4572,9482,10,1.0
bitmap_prefilter,brand='Canon',0.05,0.0489,10,3,0.0114,3.0587,3.07,9482,10,1.0
bitmap_prefilter,brand='Canon',0.05,0.0489,10,4,0.0111,2.5906,2.6018,9482,10,1.0
bitmap_prefilter,brand='Canon',0.05,0.0489,10,5,0.0142,2.4432,2.4573,9482,10,1.0
bitmap_prefilter,brand='Canon',0.05,0.0489,10,6,0.0102,2.4539,2.4641,9482,10,1.0
bitmap_prefilter,brand='Canon',0.05,0.0489,10,7,0.0109,2.4833,2.4941,9482,10,1.0
bitmap_prefilter,brand='Canon',0.05,0.0489,10,8,0.0114,2.8385,2.8499,9482,10,1.0
bitmap_prefilter,brand='Canon',0.05,0.0489,10,9,0.0119,2.4856,2.4975,9482,10,1.0
bitmap_prefilter,brand='Canon',0.05,0.0489,10,10,0.0103,2.4345,2.4448,9482,10,1.0
bitmap_prefilter,brand='Canon',0.05,0.0489,10,11,0.0121,2.408,2.4202,9482,10,1.0
bitmap_prefilter,brand='Canon',0.05,0.0489,10,12,0.0111,2.4319,2.443,9482,10,1.0
bitmap_prefilter,brand='Canon',0.05,0.0489,10,13,0.0121,2.4283,2.4404,9482,10,1.0
bitmap_prefilter,brand='Canon',0.05,0.0489,10,14,0.0128,2.4176,2.4304,9482,10,1.0
bitmap_prefilter,brand='Canon',0.05,0.0489,10,15,0.0117,2.3916,2.4033,9482,10,1.0
bitmap_prefilter,brand='Canon',0.05,0.0489,10,16,0.0114,2.3932,2.4045,9482,10,1.0
bitmap_prefilter,brand='Canon',0.05,0.0489,10,17,0.0117,2.5445,2.5562,9482,10,1.0
bitmap_prefilter,brand='Canon',0.05,0.0489,10,18,0.0136,2.4422,2.4558,9482,10,1.0
bitmap_prefilter,brand='Canon',0.05,0.0489,10,19,0.0113,2.4082,2.4195,9482,10,1.0
bitmap_prefilter,brand='Canon',0.05,0.0489,10,20,0.0117,2.3914,2.403,9482,10,1.0
bitmap_prefilter,brand='Canon',0.05,0.0489,10,21,0.0111,2.4064,2.4175,9482,10,1.0
bitmap_prefilter,brand='Canon',0.05,0.0489,10,22,0.0111,2.4079,2.419,9482,10,1.0
bitmap_prefilter,brand='Canon',0.05,0.0489,10,23,0.0115,2.4649,2.4764,9482,10,1.0
bitmap_prefilter,brand='Canon',0.05,0.0489,10,24,0.0114,2.3925,2.404,9482,10,1.0
bitmap_prefilter,brand='Canon',0.05,0.0489,10,25,0.0106,2.4225,2.4332,9482,10,1.0
bitmap_prefilter,brand='Canon',0.05,0.0489,10,26,0.0103,2.4128,2.4231,9482,10,1.0
bitmap_prefilter,brand='Canon',0.05,0.0489,10,27,0.0111,2.3876,2.3987,9482,10,1.0
bitmap_prefilter,brand='Canon',0.05,0.0489,10,28,0.0107,2.45,2.4607,9482,10,1.0
bitmap_prefilter,brand='Canon',0.05,0.0489,10,29,0.0119,2.4067,2.4186,9482,10,1.0
bitmap_prefilter,brand='Canon',0.05,0.0489,10,30,0.0112,2.3945,2.4057,9482,10,0.9
bitmap_prefilter,brand='Canon',0.05,0.0489,10,31,0.0122,2.4353,2.4476,9482,10,1.0
bitmap_prefilter,brand='Canon',0.05,0.0489,10,32,0.0204,2.4231,2.4435,9482,10,1.0
bitmap_prefilter,brand='Canon',0.05,0.0489,10,33,0.0148,2.3856,2.4004,9482,10,1.0
bitmap_prefilter,brand='Canon',0.05,0.0489,10,34,0.014,2.4351,2.449,9482,10,1.0
bitmap_prefilter,brand='Canon',0.05,0.0489,10,35,0.0139,2.3954,2.4093,9482,10,1.0
bitmap_prefilter,brand='Canon',0.05,0.0489,10,36,0.0134,2.3913,2.4047,9482,10,1.0
bitmap_prefilter,brand='Canon',0.05,0.0489,10,37,0.0131,2.4284,2.4415,9482,10,1.0
bitmap_prefilter,brand='Canon',0.05,0.0489,10,38,0.0127,2.3906,2.4033,9482,10,1.0
bitmap_prefilter,brand='Canon',0.05,0.0489,10,39,0.0129,2.3897,2.4026,9482,10,1.0
bitmap_prefilter,brand='Canon',0.05,0.0489,10,40,0.0124,2.3794,2.3918,9482,10,1.0
bitmap_prefilter,brand='Canon',0.05,0.0489,10,41,0.0123,2.3871,2.3995,9482,10,1.0
bitmap_prefilter,brand='Canon',0.05,0.0489,10,42,0.0123,2.3909,2.4032,9482,10,1.0
bitmap_prefilter,brand='Canon',0.05,0.0489,10,43,0.0121,2.4139,2.426,9482,10,1.0
bitmap_prefilter,brand='Canon',0.05,0.0489,10,44,0.0139,2.4165,2.4304,9482,10,1.0
bitmap_prefilter,brand='Canon',0.05,0.0489,10,45,0.0125,2.4137,2.4262,9482,10,1.0
bitmap_prefilter,brand='Canon',0.05,0.0489,10,46,0.0115,2.4019,2.4134,9482,10,1.0
bitmap_prefilter,brand='Canon',0.05,0.0489,10,47,0.0124,2.4106,2.423,9482,10,1.0
bitmap_prefilter,brand='Canon',0.05,0.0489,10,48,0.0119,2.3758,2.3877,9482,10,1.0
bitmap_prefilter,brand='Canon',0.05,0.0489,10,49,0.0126,2.3787,2.3913,9482,10,1.0
brute_force,brand='Canon',0.05,0.0489,50,0,1.3956,24.7767,26.1723,50,50,0.98
brute_force,brand='Canon',0.05,0.0489,50,1,0.7554,24.8554,25.6108,50,50,1.0
brute_force,brand='Canon',0.05,0.0489,50,2,0.7072,24.9838,25.691,50,50,1.0
brute_force,brand='Canon',0.05,0.0489,50,3,0.3652,24.8818,25.247,50,50,1.0
brute_force,brand='Canon',0.05,0.0489,50,4,1.1086,24.7002,25.8088,50,50,1.0
brute_force,brand='Canon',0.05,0.0489,50,5,1.6159,24.685,26.3009,50,50,0.98
brute_force,brand='Canon',0.05,0.0489,50,6,1.7925,24.6462,26.4387,50,50,1.0
brute_force,brand='Canon',0.05,0.0489,50,7,1.0395,24.5853,25.6247,50,50,0.98
brute_force,brand='Canon',0.05,0.0489,50,8,1.2544,24.559,25.8133,50,50,1.0
brute_force,brand='Canon',0.05,0.0489,50,9,0.619,24.4985,25.1175,50,50,1.0
brute_force,brand='Canon',0.05,0.0489,50,10,0.661,24.5329,25.1939,50,50,1.0
brute_force,brand='Canon',0.05,0.0489,50,11,1.7291,24.4507,26.1798,50,50,1.0
brute_force,brand='Canon',0.05,0.0489,50,12,0.5887,24.976,25.5647,50,50,1.0
brute_force,brand='Canon',0.05,0.0489,50,13,0.6336,24.7478,25.3815,50,50,1.0
brute_force,brand='Canon',0.05,0.0489,50,14,1.1082,24.6143,25.7225,50,50,1.0
brute_force,brand='Canon',0.05,0.0489,50,15,1.0414,24.519,25.5605,50,50,1.0
brute_force,brand='Canon',0.05,0.0489,50,16,0.796,24.6442,25.4401,50,50,1.0
brute_force,brand='Canon',0.05,0.0489,50,17,0.406,24.6174,25.0234,50,50,1.0
brute_force,brand='Canon',0.05,0.0489,50,18,0.7687,24.6697,25.4383,50,50,0.98
brute_force,brand='Canon',0.05,0.0489,50,19,0.6872,24.7671,25.4542,50,50,1.0
brute_force,brand='Canon',0.05,0.0489,50,20,1.322,24.9053,26.2273,50,50,1.0
brute_force,brand='Canon',0.05,0.0489,50,21,0.7531,24.7607,25.5138,50,50,1.0
brute_force,brand='Canon',0.05,0.0489,50,22,0.1931,24.8341,25.0272,50,50,0.98
brute_force,brand='Canon',0.05,0.0489,50,23,0.712,24.8829,25.5949,50,50,1.0
brute_force,brand='Canon',0.05,0.0489,50,24,0.4353,24.8673,25.3026,50,50,1.0
brute_force,brand='Canon',0.05,0.0489,50,25,0.8468,25.2666,26.1134,50,50,1.0
brute_force,brand='Canon',0.05,0.0489,50,26,0.2526,24.898,25.1507,50,50,1.0
brute_force,brand='Canon',0.05,0.0489,50,27,1.1791,24.8534,26.0325,50,50,1.0
brute_force,brand='Canon',0.05,0.0489,50,28,0.478,24.9297,25.4077,50,50,1.0
brute_force,brand='Canon',0.05,0.0489,50,29,0.5678,25.0783,25.6462,50,50,1.0
brute_force,brand='Canon',0.05,0.0489,50,30,1.0126,25.0599,26.0725,50,50,1.0
brute_force,brand='Canon',0.05,0.0489,50,31,0.6597,24.924,25.5837,50,50,1.0
brute_force,brand='Canon',0.05,0.0489,50,32,0.5597,24.9574,25.5171,50,50,1.0
brute_force,brand='Canon',0.05,0.0489,50,33,0.7641,24.9955,25.7596,50,50,1.0
brute_force,brand='Canon',0.05,0.0489,50,34,0.9353,24.7468,25.6821,50,50,1.0
brute_force,brand='Canon',0.05,0.0489,50,35,0.7454,24.7907,25.5361,50,50,1.0
brute_force,brand='Canon',0.05,0.0489,50,36,0.2025,24.685,24.8875,50,50,1.0
brute_force,brand='Canon',0.05,0.0489,50,37,1.3897,24.9342,26.324,50,50,1.0
brute_force,brand='Canon',0.05,0.0489,50,38,0.6329,25.28,25.9128,50,50,1.0
brute_force,brand='Canon',0.05,0.0489,50,39,0.9668,25.1804,26.1472,50,50,1.0
brute_force,brand='Canon',0.05,0.0489,50,40,0.3614,24.607,24.9684,50,50,1.0
brute_force,brand='Canon',0.05,0.0489,50,41,1.1874,24.877,26.0644,50,50,1.0
brute_force,brand='Canon',0.05,0.0489,50,42,0.5406,24.8372,25.3778,50,50,1.0
brute_force,brand='Canon',0.05,0.0489,50,43,1.1325,24.9101,26.0426,50,50,1.0
brute_force,brand='Canon',0.05,0.0489,50,44,0.59,24.8745,25.4645,50,50,1.0
brute_force,brand='Canon',0.05,0.0489,50,45,0.4508,24.8788,25.3296,50,50,1.0
brute_force,brand='Canon',0.05,0.0489,50,46,1.357,24.8368,26.1938,50,50,1.0
brute_force,brand='Canon',0.05,0.0489,50,47,1.087,24.9054,25.9924,50,50,1.0
brute_force,brand='Canon',0.05,0.0489,50,48,0.2539,24.8742,25.128,50,50,1.0
brute_force,brand='Canon',0.05,0.0489,50,49,0.6542,24.8855,25.5397,50,50,1.0
naive_prefilter,brand='Canon',0.05,0.0489,50,0,14.755,2.7173,17.4723,9482,50,0.98
naive_prefilter,brand='Canon',0.05,0.0489,50,1,14.5484,2.7532,17.3016,9482,50,1.0
naive_prefilter,brand='Canon',0.05,0.0489,50,2,14.2375,2.7321,16.9696,9482,50,1.0
naive_prefilter,brand='Canon',0.05,0.0489,50,3,14.794,2.8494,17.6435,9482,50,1.0
naive_prefilter,brand='Canon',0.05,0.0489,50,4,14.3895,2.7661,17.1557,9482,50,1.0
naive_prefilter,brand='Canon',0.05,0.0489,50,5,14.8837,2.7334,17.6171,9482,50,0.98
naive_prefilter,brand='Canon',0.05,0.0489,50,6,14.6922,2.7453,17.4375,9482,50,1.0
naive_prefilter,brand='Canon',0.05,0.0489,50,7,14.616,2.7125,17.3285,9482,50,0.98
naive_prefilter,brand='Canon',0.05,0.0489,50,8,14.6435,2.7125,17.356,9482,50,1.0
naive_prefilter,brand='Canon',0.05,0.0489,50,9,14.5775,2.7038,17.2813,9482,50,1.0
naive_prefilter,brand='Canon',0.05,0.0489,50,10,14.374,2.704,17.078,9482,50,1.0
naive_prefilter,brand='Canon',0.05,0.0489,50,11,14.2377,2.714,16.9517,9482,50,1.0
naive_prefilter,brand='Canon',0.05,0.0489,50,12,14.2564,2.6762,16.9326,9482,50,1.0
naive_prefilter,brand='Canon',0.05,0.0489,50,13,14.3086,2.8782,17.1868,9482,50,1.0
naive_prefilter,brand='Canon',0.05,0.0489,50,14,14.1401,2.6996,16.8397,9482,50,1.0
naive_prefilter,brand='Canon',0.05,0.0489,50,15,14.3952,2.6739,17.069,9482,50,1.0
naive_prefilter,brand='Canon',0.05,0.0489,50,16,14.1203,2.7438,16.8641,9482,50,1.0
naive_prefilter,brand='Canon',0.05,0.0489,50,17,14.3735,2.7077,17.0812,9482,50,1.0
naive_prefilter,brand='Canon',0.05,0.0489,50,18,14.3399,2.7409,17.0808,9482,50,0.98
naive_prefilter,brand='Canon',0.05,0.0489,50,19,14.554,2.6901,17.2441,9482,50,1.0
naive_prefilter,brand='Canon',0.05,0.0489,50,20,14.1191,2.7541,16.8732,9482,50,1.0
naive_prefilter,brand='Canon',0.05,0.0489,50,21,14.4753,2.8027,17.278,9482,50,1.0
naive_prefilter,brand='Canon',0.05,0.0489,50,22,14.4439,2.6895,17.1333,9482,50,0.98
naive_prefilter,brand='Canon',0.05,0.0489,50,23,14.0637,2.6779,16.7416,9482,50,1.0
naive_prefilter,brand='Canon',0.05,0.0489,50,24,14.2477,2.6927,16.9404,9482,50,1.0
naive_prefilter,brand='Canon',0.05,0.0489,50,25,14.4446,2.7217,17.1663,9482,50,1.0
naive_prefilter,brand='Canon',0.05,0.0489,50,26,14.1535,2.6635,16.817,9482,50,1.0
naive_prefilter,brand='Canon',0.05,0.0489,50,27,14.4114,2.7903,17.2018,9482,50,1.0
naive_prefilter,brand='Canon',0.05,0.0489,50,28,14.5101,2.6741,17.1842,9482,50,1.0
naive_prefilter,brand='Canon',0.05,0.0489,50,29,14.2998,2.6815,16.9812,9482,50,1.0
naive_prefilter,brand='Canon',0.05,0.0489,50,30,14.1218,2.705,16.8269,9482,50,1.0
naive_prefilter,brand='Canon',0.05,0.0489,50,31,14.467,2.6846,17.1516,9482,50,1.0
naive_prefilter,brand='Canon',0.05,0.0489,50,32,14.2134,2.6857,16.8991,9482,50,1.0
naive_prefilter,brand='Canon',0.05,0.0489,50,33,14.3075,2.69,16.9975,9482,50,1.0
naive_prefilter,brand='Canon',0.05,0.0489,50,34,14.4251,2.6797,17.1048,9482,50,1.0
naive_prefilter,brand='Canon',0.05,0.0489,50,35,14.3756,2.6705,17.0462,9482,50,1.0
naive_prefilter,brand='Canon',0.05,0.0489,50,36,14.4227,2.6617,17.0844,9482,50,1.0
naive_prefilter,brand='Canon',0.05,0.0489,50,37,14.3229,2.673,16.9959,9482,50,1.0
naive_prefilter,brand='Canon',0.05,0.0489,50,38,14.4502,2.6975,17.1477,9482,50,1.0
naive_prefilter,brand='Canon',0.05,0.0489,50,39,14.3946,2.7132,17.1078,9482,50,1.0
naive_prefilter,brand='Canon',0.05,0.0489,50,40,14.4411,2.6735,17.1146,9482,50,1.0
naive_prefilter,brand='Canon',0.05,0.0489,50,41,14.3637,2.6609,17.0246,9482,50,1.0
naive_prefilter,brand='Canon',0.05,0.0489,50,42,14.2766,2.6732,16.9498,9482,50,1.0
naive_prefilter,brand='Canon',0.05,0.0489,50,43,14.4464,2.7861,17.2325,9482,50,1.0
naive_prefilter,brand='Canon',0.05,0.0489,50,44,14.1848,2.6807,16.8655,9482,50,1.0
naive_prefilter,brand='Canon',0.05,0.0489,50,45,14.4513,2.6962,17.1475,9482,50,1.0
naive_prefilter,brand='Canon',0.05,0.0489,50,46,14.4047,2.7149,17.1196,9482,50,1.0
naive_prefilter,brand='Canon',0.05,0.0489,50,47,14.4543,2.6674,17.1217,9482,50,1.0
naive_prefilter,brand='Canon',0.05,0.0489,50,48,14.5077,2.6802,17.1879,9482,50,1.0
naive_prefilter,brand='Canon',0.05,0.0489,50,49,14.2839,2.6653,16.9492,9482,50,1.0
post_filter,brand='Canon',0.05,0.0489,50,0,0.4588,0.5735,1.0323,50,50,0.38
post_filter,brand='Canon',0.05,0.0489,50,1,0.6009,1.1754,1.7763,50,50,0.78
post_filter,brand='Canon',0.05,0.0489,50,2,0.7797,1.0257,1.8054,50,50,0.56
post_filter,brand='Canon',0.05,0.0489,50,3,0.294,1.0184,1.3125,50,50,0.82
post_filter,brand='Canon',0.05,0.0489,50,4,0.8843,1.1216,2.006,50,50,0.6
post_filter,brand='Canon',0.05,0.0489,50,5,1.1369,0.9039,2.0408,25,25,0.22
post_filter,brand='Canon',0.05,0.0489,50,6,1.3552,1.061,2.4162,40,40,0.5
post_filter,brand='Canon',0.05,0.0489,50,7,1.13,0.7678,1.8978,44,44,0.3
post_filter,brand='Canon',0.05,0.0489,50,8,1.2415,1.1391,2.3806,50,50,0.46
post_filter,brand='Canon',0.05,0.0489,50,9,0.5692,1.155,1.7242,50,50,0.52
post_filter,brand='Canon',0.05,0.0489,50,10,0.4866,1.0872,1.5738,50,50,0.78
post_filter,brand='Canon',0.05,0.0489,50,11,1.2341,1.0225,2.2565,24,24,0.18
post_filter,brand='Canon',0.05,0.0489,50,12,0.6913,0.8341,1.5255,50,50,0.54
post_filter,brand='Canon',0.05,0.0489,50,13,0.576,0.861,1.437,50,50,0.48
post_filter,brand='Canon',0.05,0.0489,50,14,0.8508,0.6378,1.4886,22,22,0.24
post_filter,brand='Canon',0.05,0.0489,50,15,0.6275,0.5744,1.2019,3,3,0.02
post_filter,brand='Canon',0.05,0.0489,50,16,0.7655,1.0218,1.7873,50,50,0.48
post_filter,brand='Canon',0.05,0.0489,50,17,0.311,0.79,1.101,50,50,0.74
post_filter,brand='Canon',0.05,0.0489,50,18,0.6985,0.9188,1.6172,50,50,0.64
post_filter,brand='Canon',0.05,0.0489,50,19,0.5551,0.9906,1.5457,50,50,0.7
post_filter,brand='Canon',0.05,0.0489,50,20,0.9301,0.7002,1.6303,36,36,0.42
post_filter,brand='Canon',0.05,0.0489,50,21,0.9144,0.792,1.7065,45,45,0.24
post_filter,brand='Canon',0.05,0.0489,50,22,0.1573,0.7938,0.951,50,50,0.8
post_filter,brand='Canon',0.05,0.0489,50,23,0.6748,0.7601,1.4349,50,50,0.58
post_filter,brand='Canon',0.05,0.0489,50,24,0.3378,1.105,1.4428,50,50,0.9
post_filter,brand='Canon',0.05,0.0489,50,25,0.537,0.3373,0.8742,8,8,0.04
post_filter,brand='Canon',0.05,0.0489,50,26,0.1576,1.0433,1.2009,50,50,1.0
post_filter,brand='Canon',0.05,0.0489,50,27,1.0885,0.9708,2.0593,50,50,0.56
post_filter,brand='Canon',0.05,0.0489,50,28,0.5398,1.03,1.5698,50,50,0.6
post_filter,brand='Canon',0.05,0.0489,50,29,0.4283,0.6615,1.0898,50,50,0.62
post_filter,brand='Canon',0.05,0.0489,50,30,0.4968,0.4823,0.9791,8,8,0.16
post_filter,brand='Canon',0.05,0.0489,50,31,0.7281,1.0438,1.7719,50,50,0.52
post_filter,brand='Canon',0.05,0.0489,50,32,0.478,0.7974,1.2754,50,50,0.76
post_filter,brand='Canon',0.05,0.0489,50,33,0.7424,0.6533,1.3957,14,14,0.08
post_filter,brand='Canon',0.05,0.0489,50,34,1.0723,1.0144,2.0867,50,50,0.36
post_filter,brand='Canon',0.05,0.0489,50,35,0.7466,1.065,1.8116,50,50,0.66
post_filter,brand='Canon',0.05,0.0489,50,36,0.1762,0.8542,1.0305,50,50,0.96
post_filter,brand='Canon',0.05,0.0489,50,37,1.0422,0.7547,1.7969,21,21,0.26
post_filter,brand='Canon',0.05,0.0489,50,38,0.5771,1.269,1.8461,50,50,0.68
post_filter,brand='Canon',0.05,0.0489,50,39,0.8687,0.5971,1.4658,47,47,0.54
post_filter,brand='Canon',0.05,0.0489,50,40,0.358,1.2738,1.6318,50,50,0.8
post_filter,brand='Canon',0.05,0.0489,50,41,0.9625,0.6716,1.6341,34,34,0.48
post_filter,brand='Canon',0.05,0.0489,50,42,0.5123,1.028,1.5403,50,50,0.8
post_filter,brand='Canon',0.05,0.0489,50,43,0.7937,0.5136,1.3073,18,18,0.3
post_filter,brand='Canon',0.05,0.0489,50,44,0.5642,0.7477,1.3119,50,50,0.74
post_filter,brand='Canon',0.05,0.0489,50,45,0.3598,1.0689,1.4287,50,50,0.76
post_filter,brand='Canon',0.05,0.0489,50,46,1.1269,0.8553,1.9822,26,26,0.24
post_filter,brand='Canon',0.05,0.0489,50,47,0.4515,0.3096,0.7611,5,5,0.08
post_filter,brand='Canon',0.05,0.0489,50,48,0.1905,1.0534,1.2439,50,50,0.96
post_filter,brand='Canon',0.05,0.0489,50,49,0.427,0.5089,0.9358,50,50,0.68
bitmap_prefilter,brand='Canon',0.05,0.0489,50,0,0.012,2.488,2.5,9482,50,0.98
bitmap_prefilter,brand='Canon',0.05,0.0489,50,1,0.0116,2.7629,2.7745,9482,50,1.0
bitmap_prefilter,brand='Canon',0.05,0.0489,50,2,0.0123,2.4446,2.4568,9482,50,1.0
bitmap_prefilter,brand='Canon',0.05,0.0489,50,3,0.0102,2.4965,2.5067,9482,50,1.0
bitmap_prefilter,brand='Canon',0.05,0.0489,50,4,0.0107,2.4438,2.4545,9482,50,1.0
bitmap_prefilter,brand='Canon',0.05,0.0489,50,5,0.0104,2.4013,2.4117,9482,50,0.98
bitmap_prefilter,brand='Canon',0.05,0.0489,50,6,0.01,2.3868,2.3969,9482,50,1.0
bitmap_prefilter,brand='Canon',0.05,0.0489,50,7,0.011,2.4179,2.4289,9482,50,0.98
bitmap_prefilter,brand='Canon',0.05,0.0489,50,8,0.0112,2.3909,2.4021,9482,50,1.0
bitmap_prefilter,brand='Canon',0.05,0.0489,50,9,0.0134,2.4978,2.5112,9482,50,1.0
bitmap_prefilter,brand='Canon',0.05,0.0489,50,10,0.0115,2.4628,2.4743,9482,50,1.0
bitmap_prefilter,brand='Canon',0.05,0.0489,50,11,0.0125,2.4827,2.4952,9482,50,1.0
bitmap_prefilter,brand='Canon',0.05,0.0489,50,12,0.0117,2.4139,2.4256,9482,50,1.0
bitmap_prefilter,brand='Canon',0.05,0.0489,50,13,0.0128,2.4249,2.4378,9482,50,1.0
bitmap_prefilter,brand='Canon',0.05,0.0489,50,14,0.0125,2.4029,2.4154,9482,50,1.0
bitmap_prefilter,brand='Canon',0.05,0.0489,50,15,0.0123,2.4435,2.4558,9482,50,1.0
bitmap_prefilter,brand='Canon',0.05,0.0489,50,16,0.0121,2.3986,2.4107,9482,50,1.0
bitmap_prefilter,brand='Canon',0.05,0.0489,50,17,0.0123,2.5371,2.5495,9482,50,1.0
bitmap_prefilter,brand='Canon',0.05,0.0489,50,18,0.018,2.4283,2.4463,9482,50,0.98
bitmap_prefilter,brand='Canon',0.05,0.0489,50,19,0.013,2.4143,2.4273,9482,50,1.0
bitmap_prefilter,brand='Canon',0.05,0.0489,50,20,0.0144,2.4653,2.4797,9482,50,1.0
bitmap_prefilter,brand='Canon',0.05,0.0489,50,21,0.0131,2.4193,2.4324,9482,50,1.0
bitmap_prefilter,brand='Canon',0.05,0.0489,50,22,0.0121,2.3955,2.4076,9482,50,0.98
bitmap_prefilter,brand='Canon',0.05,0.0489,50,23,0.0128,2.3852,2.3981,9482,50,1.0
bitmap_prefilter,brand='Canon',0.05,0.0489,50,24,0.013,2.4445,2.4575,9482,50,1.0
bitmap_prefilter,brand='Canon',0.05,0.0489,50,25,0.023,2.4395,2.4626,9482,50,1.0
bitmap_prefilter,brand='Canon',0.05,0.0489,50,26,0.0156,2.3832,2.3988,9482,50,1.0
bitmap_prefilter,brand='Canon',0.05,0.0489,50,27,0.014,2.4418,2.4558,9482,50,1.0
bitmap_prefilter,brand='Canon',0.05,0.0489,50,28,0.0144,2.3982,2.4126,9482,50,1.0
bitmap_prefilter,brand='Canon',0.05,0.0489,50,29,0.0119,2.4053,2.4172,9482,50,1.0
bitmap_prefilter,brand='Canon',0.05,0.0489,50,30,0.014,2.427,2.441,9482,50,1.0
bitmap_prefilter,brand='Canon',0.05,0.0489,50,31,0.012,2.4035,2.4155,9482,50,1.0
bitmap_prefilter,brand='Canon',0.05,0.0489,50,32,0.0135,2.3873,2.4008,9482,50,1.0
bitmap_prefilter,brand='Canon',0.05,0.0489,50,33,0.0124,2.3865,2.3989,9482,50,1.0
bitmap_prefilter,brand='Canon',0.05,0.0489,50,34,0.0118,2.4007,2.4125,9482,50,1.0
bitmap_prefilter,brand='Canon',0.05,0.0489,50,35,0.0128,2.4163,2.4292,9482,50,1.0
bitmap_prefilter,brand='Canon',0.05,0.0489,50,36,0.0119,2.421,2.4329,9482,50,1.0
bitmap_prefilter,brand='Canon',0.05,0.0489,50,37,0.0118,2.4366,2.4485,9482,50,1.0
bitmap_prefilter,brand='Canon',0.05,0.0489,50,38,0.0174,2.3879,2.4053,9482,50,1.0
bitmap_prefilter,brand='Canon',0.05,0.0489,50,39,0.0135,2.433,2.4465,9482,50,1.0
bitmap_prefilter,brand='Canon',0.05,0.0489,50,40,0.0127,2.4092,2.4218,9482,50,1.0
bitmap_prefilter,brand='Canon',0.05,0.0489,50,41,0.0138,2.3895,2.4032,9482,50,1.0
bitmap_prefilter,brand='Canon',0.05,0.0489,50,42,0.0131,2.3797,2.3929,9482,50,1.0
bitmap_prefilter,brand='Canon',0.05,0.0489,50,43,0.0117,2.357,2.3687,9482,50,1.0
bitmap_prefilter,brand='Canon',0.05,0.0489,50,44,0.0113,2.4143,2.4256,9482,50,1.0
bitmap_prefilter,brand='Canon',0.05,0.0489,50,45,0.0136,2.3999,2.4135,9482,50,1.0
bitmap_prefilter,brand='Canon',0.05,0.0489,50,46,0.012,2.4632,2.4751,9482,50,1.0
bitmap_prefilter,brand='Canon',0.05,0.0489,50,47,0.013,2.4748,2.4878,9482,50,1.0
bitmap_prefilter,brand='Canon',0.05,0.0489,50,48,0.0125,2.4375,2.4501,9482,50,1.0
bitmap_prefilter,brand='Canon',0.05,0.0489,50,49,0.0117,2.4514,2.4631,9482,50,1.0
brute_force,main_cat='Camera & Photo' AND overall>=4.0,0.1,0.1001,10,0,0.4937,24.452,24.9457,10,10,1.0
brute_force,main_cat='Camera & Photo' AND overall>=4.0,0.1,0.1001,10,1,0.1178,24.8684,24.9862,10,10,1.0
brute_force,main_cat='Camera & Photo' AND overall>=4.0,0.1,0.1001,10,2,0.0587,24.7262,24.7849,10,10,1.0
brute_force,main_cat='Camera & Photo' AND overall>=4.0,0.1,0.1001,10,3,0.061,25.0522,25.1132,10,10,1.0
brute_force,main_cat='Camera & Photo' AND overall>=4.0,0.1,0.1001,10,4,0.1637,24.5461,24.7098,10,10,1.0
brute_force,main_cat='Camera & Photo' AND overall>=4.0,0.1,0.1001,10,5,0.2734,24.7422,25.0157,10,10,1.0
brute_force,main_cat='Camera & Photo' AND overall>=4.0,0.1,0.1001,10,6,0.6613,24.7754,25.4367,10,10,1.0
brute_force,main_cat='Camera & Photo' AND overall>=4.0,0.1,0.1001,10,7,0.3728,24.8006,25.1733,10,10,1.0
brute_force,main_cat='Camera & Photo' AND overall>=4.0,0.1,0.1001,10,8,0.2756,24.7407,25.0163,10,10,1.0
brute_force,main_cat='Camera & Photo' AND overall>=4.0,0.1,0.1001,10,9,0.1168,24.8157,24.9325,10,10,1.0
brute_force,main_cat='Camera & Photo' AND overall>=4.0,0.1,0.1001,10,10,0.0838,24.7389,24.8227,10,10,1.0
brute_force,main_cat='Camera & Photo' AND overall>=4.0,0.1,0.1001,10,11,0.2057,24.7507,24.9565,10,10,1.0
brute_force,main_cat='Camera & Photo' AND overall>=4.0,0.1,0.1001,10,12,0.312,24.8184,25.1304,10,10,1.0
brute_force,main_cat='Camera & Photo' AND overall>=4.0,0.1,0.1001,10,13,0.127,24.8887,25.0157,10,10,1.0
brute_force,main_cat='Camera & Photo' AND overall>=4.0,0.1,0.1001,10,14,0.4316,24.8385,25.27,10,10,1.0
brute_force,main_cat='Camera & Photo' AND overall>=4.0,0.1,0.1001,10,15,0.4277,24.8358,25.2635,10,10,1.0
brute_force,main_cat='Camera & Photo' AND overall>=4.0,0.1,0.1001,10,16,0.0528,24.8652,24.918,10,10,1.0
brute_force,main_cat='Camera & Photo' AND overall>=4.0,0.1,0.1001,10,17,0.0543,24.864,24.9184,10,10,1.0
brute_force,main_cat='Camera & Photo' AND overall>=4.0,0.1,0.1001,10,18,0.1648,24.7103,24.8751,10,10,1.0
brute_force,main_cat='Camera & Photo' AND overall>=4.0,0.1,0.1001,10,19,0.1319,25.368,25.5,10,10,1.0
brute_force,main_cat='Camera & Photo' AND overall>=4.0,0.1,0.1001,10,20,0.1282,24.9768,25.105,10,10,1.0
brute_force,main_cat='Camera & Photo' AND overall>=4.0,0.1,0.1001,10,21,0.2493,24.7092,24.9585,10,10,1.0
brute_force,main_cat='Camera & Photo' AND overall>=4.0,0.1,0.1001,10,22,0.0279,24.819,24.8469,10,10,1.0
brute_force,main_cat='Camera & Photo' AND overall>=4.0,0.1,0.1001,10,23,0.0741,24.9163,24.9904,10,10,1.0
brute_force,main_cat='Camera & Photo' AND overall>=4.0,0.1,0.1001,10,24,0.0365,24.8028,24.8393,10,10,1.0
brute_force,main_cat='Camera & Photo' AND overall>=4.0,0.1,0.1001,10,25,0.1817,24.7887,24.9704,10,10,1.0
brute_force,main_cat='Camera & Photo' AND overall>=4.0,0.1,0.1001,10,26,0.0322,24.8068,24.839,10,10,1.0
brute_force,main_cat='Camera & Photo' AND overall>=4.0,0.1,0.1001,10,27,0.2067,24.769,24.9757,10,10,1.0
brute_force,main_cat='Camera & Photo' AND overall>=4.0,0.1,0.1001,10,28,0.1195,24.876,24.9955,10,10,1.0
brute_force,main_cat='Camera & Photo' AND overall>=4.0,0.1,0.1001,10,29,0.0882,25.1805,25.2687,10,10,1.0
brute_force,main_cat='Camera & Photo' AND overall>=4.0,0.1,0.1001,10,30,0.0699,25.3124,25.3823,10,10,1.0
brute_force,main_cat='Camera & Photo' AND overall>=4.0,0.1,0.1001,10,31,0.1638,24.8856,25.0495,10,10,1.0
brute_force,main_cat='Camera & Photo' AND overall>=4.0,0.1,0.1001,10,32,0.1833,24.9497,25.133,10,10,1.0
brute_force,main_cat='Camera & Photo' AND overall>=4.0,0.1,0.1001,10,33,0.2789,24.8973,25.1762,10,10,1.0
brute_force,main_cat='Camera & Photo' AND overall>=4.0,0.1,0.1001,10,34,0.2531,24.709,24.962,10,10,1.0
brute_force,main_cat='Camera & Photo' AND overall>=4.0,0.1,0.1001,10,35,0.2508,24.7644,25.0152,10,10,1.0
brute_force,main_cat='Camera & Photo' AND overall>=4.0,0.1,0.1001,10,36,0.0474,24.6155,24.6629,10,10,1.0
brute_force,main_cat='Camera & Photo' AND overall>=4.0,0.1,0.1001,10,37,0.172,24.607,24.779,10,10,1.0
brute_force,main_cat='Camera & Photo' AND overall>=4.0,0.1,0.1001,10,38,0.0464,24.8673,24.9137,10,10,1.0
brute_force,main_cat='Camera & Photo' AND overall>=4.0,0.1,0.1001,10,39,0.078,24.5503,24.6283,10,10,1.0
brute_force,main_cat='Camera & Photo' AND overall>=4.0,0.1,0.1001,10,40,0.0633,24.8331,24.8964,10,10,1.0
brute_force,main_cat='Camera & Photo' AND overall>=4.0,0.1,0.1001,10,41,0.509,24.8651,25.3741,10,10,1.0
brute_force,main_cat='Camera & Photo' AND overall>=4.0,0.1,0.1001,10,42,0.1216,24.5187,24.6403,10,10,1.0
brute_force,main_cat='Camera & Photo' AND overall>=4.0,0.1,0.1001,10,43,0.0596,24.5341,24.5937,10,10,1.0
brute_force,main_cat='Camera & Photo' AND overall>=4.0,0.1,0.1001,10,44,0.322,24.5362,24.8582,10,10,1.0
brute_force,main_cat='Camera & Photo' AND overall>=4.0,0.1,0.1001,10,45,0.0614,24.5715,24.6329,10,10,1.0
brute_force,main_cat='Camera & Photo' AND overall>=4.0,0.1,0.1001,10,46,0.2535,24.6688,24.9222,10,10,1.0
brute_force,main_cat='Camera & Photo' AND overall>=4.0,0.1,0.1001,10,47,0.0456,24.5875,24.6331,10,10,1.0
brute_force,main_cat='Camera & Photo' AND overall>=4.0,0.1,0.1001,10,48,0.0352,24.5682,24.6034,10,10,1.0
brute_force,main_cat='Camera & Photo' AND overall>=4.0,0.1,0.1001,10,49,0.046,24.5602,24.6063,10,10,1.0
naive_prefilter,main_cat='Camera & Photo' AND overall>=4.0,0.1,0.1001,10,0,16.2987,6.1622,22.4609,19400,10,1.0
naive_prefilter,main_cat='Camera & Photo' AND overall>=4.0,0.1,0.1001,10,1,16.3946,6.1586,22.5532,19400,10,1.0
naive_prefilter,main_cat='Camera & Photo' AND overall>=4.0,0.1,0.1001,10,2,16.349,6.1726,22.5216,19400,10,1.0
naive_prefilter,main_cat='Camera & Photo' AND overall>=4.0,0.1,0.1001,10,3,16.4281,6.1473,22.5754,19400,10,1.0
naive_prefilter,main_cat='Camera & Photo' AND overall>=4.0,0.1,0.1001,10,4,16.4869,6.1798,22.6667,19400,10,1.0
naive_prefilter,main_cat='Camera & Photo' AND overall>=4.0,0.1,0.1001,10,5,16.4511,6.1714,22.6225,19400,10,1.0
naive_prefilter,main_cat='Camera & Photo' AND overall>=4.0,0.1,0.1001,10,6,16.0753,6.2263,22.3015,19400,10,1.0
naive_prefilter,main_cat='Camera & Photo' AND overall>=4.0,0.1,0.1001,10,7,16.1541,6.2232,22.3773,19400,10,1.0
naive_prefilter,main_cat='Camera & Photo' AND overall>=4.0,0.1,0.1001,10,8,16.3104,6.145,22.4553,19400,10,1.0
naive_prefilter,main_cat='Camera & Photo' AND overall>=4.0,0.1,0.1001,10,9,16.3929,6.1525,22.5453,19400,10,1.0
naive_prefilter,main_cat='Camera & Photo' AND overall>=4.0,0.1,0.1001,10,10,16.0561,6.1563,22.2124,19400,10,1.0
naive_prefilter,main_cat='Camera & Photo' AND overall>=4.0,0.1,0.1001,10,11,16.1765,6.1971,22.3736,19400,10,1.0
naive_prefilter,main_cat='Camera & Photo' AND overall>=4.0,0.1,0.1001,10,12,16.1486,6.2042,22.3529,19400,10,1.0
naive_prefilter,main_cat='Camera & Photo' AND overall>=4.0,0.1,0.1001,10,13,16.2209,6.187,22.408,19400,10,1.0
naive_prefilter,main_cat='Camera & Photo' AND overall>=4.0,0.1,0.1001,10,14,16.1666,6.1382,22.3048,19400,10,1.0
naive_prefilter,main_cat='Camera & Photo' AND overall>=4.0,0.1,0.1001,10,15,16.0668,6.1882,22.255,19400,10,1.0
naive_prefilter,main_cat='Camera & Photo' AND overall>=4.0,0.1,0.1001,10,16,16.2502,6.1493,22.3995,19400,10,1.0
naive_prefilter,main_cat='Camera & Photo' AND overall>=4.0,0.1,0.1001,10,17,16.0045,6.2035,22.208,19400,10,1.0
naive_prefilter,main_cat='Camera & Photo' AND overall>=4.0,0.1,0.1001,10,18,16.2256,6.1587,22.3843,19400,10,1.0
naive_prefilter,main_cat='Camera & Photo' AND overall>=4.0,0.1,0.1001,10,19,16.0065,6.1459,22.1523,19400,10,1.0
naive_prefilter,main_cat='Camera & Photo' AND overall>=4.0,0.1,0.1001,10,20,16.3232,6.3385,22.6617,19400,10,1.0
naive_prefilter,main_cat='Camera & Photo' AND overall>=4.0,0.1,0.1001,10,21,16.0286,6.1764,22.205,19400,10,1.0
naive_prefilter,main_cat='Camera & Photo' AND overall>=4.0,0.1,0.1001,10,22,15.9363,6.1528,22.0892,19400,10,1.0
naive_prefilter,main_cat='Camera & Photo' AND overall>=4.0,0.1,0.1001,10,23,16.1943,6.1295,22.3237,19400,10,1.0
naive_prefilter,main_cat='Camera & Photo' AND overall>=4.0,0.1,0.1001,10,24,16.2185,6.2065,22.425,19400,10,1.0
naive_prefilter,main_cat='Camera & Photo' AND overall>=4.0,0.1,0.1001,10,25,16.2495,6.1687,22.4182,19400,10,1.0
naive_prefilter,main_cat='Camera & Photo' AND overall>=4.0,0.1,0.1001,10,26,16.039,6.4345,22.4736,19400,10,1.0
naive_prefilter,main_cat='Camera & Photo' AND overall>=4.0,0.1,0.1001,10,27,16.048,6.6634,22.7115,19400,10,1.0
naive_prefilter,main_cat='Camera & Photo' AND overall>=4.0,0.1,0.1001,10,28,16.0313,6.4975,22.5288,19400,10,1.0
naive_prefilter,main_cat='Camera & Photo' AND overall>=4.0,0.1,0.1001,10,29,16.0393,6.4557,22.495,19400,10,1.0
naive_prefilter,main_cat='Camera & Photo' AND overall>=4.0,0.1,0.1001,10,30,16.3039,6.5315,22.8354,19400,10,1.0
naive_prefilter,main_cat='Camera & Photo' AND overall>=4.0,0.1,0.1001,10,31,16.1317,6.264,22.3957,19400,10,1.0
naive_prefilter,main_cat='Camera & Photo' AND overall>=4.0,0.1,0.1001,10,32,16.2651,6.2046,22.4697,19400,10,1.0
naive_prefilter,main_cat='Camera & Photo' AND overall>=4.0,0.1,0.1001,10,33,16.0863,6.1829,22.2693,19400,10,1.0
naive_prefilter,main_cat='Camera & Photo' AND overall>=4.0,0.1,0.1001,10,34,16.0964,6.1509,22.2473,19400,10,1.0
naive_prefilter,main_cat='Camera & Photo' AND overall>=4.0,0.1,0.1001,10,35,16.0987,6.1813,22.28,19400,10,1.0
naive_prefilter,main_cat='Camera & Photo' AND overall>=4.0,0.1,0.1001,10,36,16.1258,6.1471,22.2728,19400,10,1.0
naive_prefilter,main_cat='Camera & Photo' AND overall>=4.0,0.1,0.1001,10,37,15.836,6.1543,21.9903,19400,10,1.0
naive_prefilter,main_cat='Camera & Photo' AND overall>=4.0,0.1,0.1001,10,38,16.0913,6.1949,22.2862,19400,10,1.0
naive_prefilter,main_cat='Camera & Photo' AND overall>=4.0,0.1,0.1001,10,39,16.0021,6.127,22.129,19400,10,1.0
naive_prefilter,main_cat='Camera & Photo' AND overall>=4.0,0.1,0.1001,10,40,16.0197,6.1271,22.1468,19400,10,1.0
naive_prefilter,main_cat='Camera & Photo' AND overall>=4.0,0.1,0.1001,10,41,15.9201,6.1392,22.0593,19400,10,1.0
naive_prefilter,main_cat='Camera & Photo' AND overall>=4.0,0.1,0.1001,10,42,16.0594,6.2055,22.2649,19400,10,1.0
naive_prefilter,main_cat='Camera & Photo' AND overall>=4.0,0.1,0.1001,10,43,15.9075,6.1524,22.0599,19400,10,1.0
naive_prefilter,main_cat='Camera & Photo' AND overall>=4.0,0.1,0.1001,10,44,16.0694,6.1465,22.216,19400,10,1.0
naive_prefilter,main_cat='Camera & Photo' AND overall>=4.0,0.1,0.1001,10,45,16.2112,6.1472,22.3584,19400,10,1.0
naive_prefilter,main_cat='Camera & Photo' AND overall>=4.0,0.1,0.1001,10,46,16.2734,6.8477,23.1211,19400,10,1.0
naive_prefilter,main_cat='Camera & Photo' AND overall>=4.0,0.1,0.1001,10,47,16.3042,6.3002,22.6044,19400,10,0.0
naive_prefilter,main_cat='Camera & Photo' AND overall>=4.0,0.1,0.1001,10,48,16.3679,6.1988,22.5666,19400,10,1.0
naive_prefilter,main_cat='Camera & Photo' AND overall>=4.0,0.1,0.1001,10,49,16.1129,6.1579,22.2708,19400,10,1.0
post_filter,main_cat='Camera & Photo' AND overall>=4.0,0.1,0.1001,10,0,0.1565,0.3713,0.5278,6,6,0.6
post_filter,main_cat='Camera & Photo' AND overall>=4.0,0.1,0.1001,10,1,0.0996,0.9054,1.005,10,10,0.9
post_filter,main_cat='Camera & Photo' AND overall>=4.0,0.1,0.1001,10,2,0.0441,0.7242,0.7683,10,10,1.0
post_filter,main_cat='Camera & Photo' AND overall>=4.0,0.1,0.1001,10,3,0.0625,0.8168,0.8793,10,10,1.0
post_filter,main_cat='Camera & Photo' AND overall>=4.0,0.1,0.1001,10,4,0.1442,0.8825,1.0267,10,10,0.9
post_filter,main_cat='Camera & Photo' AND overall>=4.0,0.1,0.1001,10,5,0.2412,0.7365,0.9777,10,10,0.9
post_filter,main_cat='Camera & Photo' AND overall>=4.0,0.1,0.1001,10,6,0.5472,0.9235,1.4706,4,4,0.4
post_filter,main_cat='Camera & Photo' AND overall>=4.0,0.1,0.1001,10,7,0.3138,0.6558,0.9696,10,10,0.9
post_filter,main_cat='Camera & Photo' AND overall>=4.0,0.1,0.1001,10,8,0.3002,0.9023,1.2026,10,10,0.8
post_filter,main_cat='Camera & Photo' AND overall>=4.0,0.1,0.1001,10,9,0.0925,0.9334,1.0258,10,10,1.0
post_filter,main_cat='Camera & Photo' AND overall>=4.0,0.1,0.1001,10,10,0.0644,0.8204,0.8848,10,10,1.0
post_filter,main_cat='Camera & Photo' AND overall>=4.0,0.1,0.1001,10,11,0.2747,0.7848,1.0595,10,10,0.6
post_filter,main_cat='Camera & Photo' AND overall>=4.0,0.1,0.1001,10,12,0.3061,0.674,0.9801,10,10,0.7
post_filter,main_cat='Camera & Photo' AND overall>=4.0,0.1,0.1001,10,13,0.2085,0.7357,0.9442,10,10,0.9
post_filter,main_cat='Camera & Photo' AND overall>=4.0,0.1,0.1001,10,14,0.4395,0.5855,1.025,10,10,0.5
post_filter,main_cat='Camera & Photo' AND overall>=4.0,0.1,0.1001,10,15,0.2913,0.4682,0.7595,2,2,0.2
post_filter,main_cat='Camera & Photo' AND overall>=4.0,0.1,0.1001,10,16,0.0441,0.855,0.8991,10,10,1.0
post_filter,main_cat='Camera & Photo' AND overall>=4.0,0.1,0.1001,10,17,0.0427,0.6439,0.6866,10,10,1.0
post_filter,main_cat='Camera & Photo' AND overall>=4.0,0.1,0.1001,10,18,0.1362,0.755,0.8912,10,10,1.0
post_filter,main_cat='Camera & Photo' AND overall>=4.0,0.1,0.1001,10,19,0.1023,0.7899,0.8922,10,10,0.8
post_filter,main_cat='Camera & Photo' AND overall>=4.0,0.1,0.1001,10,20,0.1039,0.5742,0.6781,10,10,1.0
post_filter,main_cat='Camera & Photo' AND overall>=4.0,0.1,0.1001,10,21,0.1877,0.6195,0.8072,10,10,0.6
post_filter,main_cat='Camera & Photo' AND overall>=4.0,0.1,0.1001,10,22,0.021,0.6668,0.6877,10,10,1.0
post_filter,main_cat='Camera & Photo' AND overall>=4.0,0.1,0.1001,10,23,0.0588,0.6237,0.6825,10,10,1.0
post_filter,main_cat='Camera & Photo' AND overall>=4.0,0.1,0.1001,10,24,0.0265,0.8528,0.8793,10,10,1.0
post_filter,main_cat='Camera & Photo' AND overall>=4.0,0.1,0.1001,10,25,0.2075,0.2643,0.4718,10,10,0.2
post_filter,main_cat='Camera & Photo' AND overall>=4.0,0.1,0.1001,10,26,0.0225,0.8802,0.9027,10,10,1.0
post_filter,main_cat='Camera & Photo' AND overall>=4.0,0.1,0.1001,10,27,0.1777,0.7426,0.9203,10,10,1.0
post_filter,main_cat='Camera & Photo' AND overall>=4.0,0.1,0.1001,10,28,0.0929,0.7722,0.8651,10,10,1.0
post_filter,main_cat='Camera & Photo' AND overall>=4.0,0.1,0.1001,10,29,0.0688,0.5037,0.5724,10,10,0.9
post_filter,main_cat='Camera & Photo' AND overall>=4.0,0.1,0.1001,10,30,0.1329,0.3968,0.5297,10,10,0.0
post_filter,main_cat='Camera & Photo' AND overall>=4.0,0.1,0.1001,10,31,0.1479,0.7953,0.9432,10,10,0.7
post_filter,main_cat='Camera & Photo' AND overall>=4.0,0.1,0.1001,10,32,0.1504,0.5968,0.7472,10,10,1.0
post_filter,main_cat='Camera & Photo' AND overall>=4.0,0.1,0.1001,10,33,0.3799,0.4557,0.8356,8,8,0.3
post_filter,main_cat='Camera & Photo' AND overall>=4.0,0.1,0.1001,10,34,0.269,0.7604,1.0295,10,10,0.8
post_filter,main_cat='Camera & Photo' AND overall>=4.0,0.1,0.1001,10,35,0.2307,0.7976,1.0283,10,10,0.8
post_filter,main_cat='Camera & Photo' AND overall>=4.0,0.1,0.1001,10,36,0.0293,0.6524,0.6817,10,10,1.0
post_filter,main_cat='Camera & Photo' AND overall>=4.0,0.1,0.1001,10,37,0.1391,0.6003,0.7394,10,10,1.0
post_filter,main_cat='Camera & Photo' AND overall>=4.0,0.1,0.1001,10,38,0.0323,0.937,0.9693,10,10,0.9
post_filter,main_cat='Camera & Photo' AND overall>=4.0,0.1,0.1001,10,39,0.0594,0.4671,0.5265,10,10,1.0
post_filter,main_cat='Camera & Photo' AND overall>=4.0,0.1,0.1001,10,40,0.0482,0.9376,0.9858,10,10,1.0
post_filter,main_cat='Camera & Photo' AND overall>=4.0,0.1,0.1001,10,41,0.4447,0.5165,0.9612,7,7,0.7
post_filter,main_cat='Camera & Photo' AND overall>=4.0,0.1,0.1001,10,42,0.0955,0.8038,0.8993,10,10,0.9
post_filter,main_cat='Camera & Photo' AND overall>=4.0,0.1,0.1001,10,43,0.0476,0.4017,0.4492,10,10,0.9
post_filter,main_cat='Camera & Photo' AND overall>=4.0,0.1,0.1001,10,44,0.2649,0.5776,0.8425,10,10,0.9
post_filter,main_cat='Camera & Photo' AND overall>=4.0,0.1,0.1001,10,45,0.0452,0.8522,0.8975,10,10,1.0
post_filter,main_cat='Camera & Photo' AND overall>=4.0,0.1,0.1001,10,46,0.3701,0.6943,1.0643,10,10,0.4
post_filter,main_cat='Camera & Photo' AND overall>=4.0,0.1,0.1001,10,47,0.0726,0.2402,0.3128,10,10,0.0
post_filter,main_cat='Camera & Photo' AND overall>=4.0,0.1,0.1001,10,48,0.0256,0.8307,0.8563,10,10,1.0
post_filter,main_cat='Camera & Photo' AND overall>=4.0,0.1,0.1001,10,49,0.0307,0.4102,0.441,10,10,1.0
bitmap_prefilter,main_cat='Camera & Photo' AND overall>=4.0,0.1,0.1001,10,0,0.0365,6.376,6.4125,19400,10,1.0
bitmap_prefilter,main_cat='Camera & Photo' AND overall>=4.0,0.1,0.1001,10,1,0.0334,5.7368,5.7702,19400,10,1.0
bitmap_prefilter,main_cat='Camera & Photo' AND overall>=4.0,0.1,0.1001,10,2,0.0301,5.7304,5.7605,19400,10,1.0
bitmap_prefilter,main_cat='Camera & Photo' AND overall>=4.0,0.1,0.1001,10,3,0.0302,5.8432,5.8734,19400,10,1.0
bitmap_prefilter,main_cat='Camera & Photo' AND overall>=4.0,0.1,0.1001,10,4,0.0359,5.866,5.902,19400,10,1.0
bitmap_prefilter,main_cat='Camera & Photo' AND overall>=4.0,0.1,0.1001,10,5,0.0328,5.692,5.7248,19400,10,1.0
bitmap_prefilter,main_cat='Camera & Photo' AND overall>=4.0,0.1,0.1001,10,6,0.0328,5.7702,5.803,19400,10,1.0
bitmap_prefilter,main_cat='Camera & Photo' AND overall>=4.0,0.1,0.1001,10,7,0.0309,5.6834,5.7142,19400,10,1.0
bitmap_prefilter,main_cat='Camera & Photo' AND overall>=4.0,0.1,0.1001,10,8,0.03,5.6653,5.6953,19400,10,1.0
bitmap_prefilter,main_cat='Camera & Photo' AND overall>=4.0,0.1,0.1001,10,9,0.0299,5.7448,5.7748,19400,10,1.0
bitmap_prefilter,main_cat='Camera & Photo' AND overall>=4.0,0.1,0.1001,10,10,0.0317,5.7084,5.74,19400,10,1.0
bitmap_prefilter,main_cat='Camera & Photo' AND overall>=4.0,0.1,0.1001,10,11,0.0312,5.7228,5.754,19400,10,1.0
bitmap_prefilter,main_cat='Camera & Photo' AND overall>=4.0,0.1,0.1001,10,12,0.03,5.6818,5.7118,19400,10,1.0
bitmap_prefilter,main_cat='Camera & Photo' AND overall>=4.0,0.1,0.1001,10,13,0.0307,5.674,5.7047,19400,10,1.0
bitmap_prefilter,main_cat='Camera & Photo' AND overall>=4.0,0.1,0.1001,10,14,0.0293,5.697,5.7263,19400,10,1.0
bitmap_prefilter,main_cat='Camera & Photo' AND overall>=4.0,0.1,0.1001,10,15,0.0298,5.6972,5.727,19400,10,1.0
bitmap_prefilter,main_cat='Camera & Photo' AND overall>=4.0,0.1,0.1001,10,16,0.0297,5.6733,5.703,19400,10,1.0
bitmap_prefilter,main_cat='Camera & Photo' AND overall>=4.0,0.1,0.1001,10,17,0.0288,5.7318,5.7607,19400,10,1.0
bitmap_prefilter,main_cat='Camera & Photo' AND overall>=4.0,0.1,0.1001,10,18,0.0279,5.6892,5.717,19400,10,1.0
bitmap_prefilter,main_cat='Camera & Photo' AND overall>=4.0,0.1,0.1001,10,19,0.0291,5.6741,5.7032,19400,10,1.0
bitmap_prefilter,main_cat='Camera & Photo' AND overall>=4.0,0.1,0.1001,10,20,0.0284,5.6935,5.7219,19400,10,1.0
bitmap_prefilter,main_cat='Camera & Photo' AND overall>=4.0,0.1,0.1001,10,21,0.028,5.6904,5.7184,19400,10,1.0
bitmap_prefilter,main_cat='Camera & Photo' AND overall>=4.0,0.1,0.1001,10,22,0.0296,5.6572,5.6868,19400,10,1.0
bitmap_prefilter,main_cat='Camera & Photo' AND overall>=4.0,0.1,0.1001,10,23,0.0294,5.6577,5.6871,19400,10,1.0
bitmap_prefilter,main_cat='Camera & Photo' AND overall>=4.0,0.1,0.1001,10,24,0.0279,5.7261,5.754,19400,10,1.0
bitmap_prefilter,main_cat='Camera & Photo' AND overall>=4.0,0.1,0.1001,10,25,0.0311,5.6472,5.6783,19400,10,1.0
bitmap_prefilter,main_cat='Camera & Photo' AND overall>=4.0,0.1,0.1001,10,26,0.0309,5.713,5.7439,19400,10,1.0
bitmap_prefilter,main_cat='Camera & Photo' AND overall>=4.0,0.1,0.1001,10,27,0.0285,5.6992,5.7277,19400,10,1.0
bitmap_prefilter,main_cat='Camera & Photo' AND overall>=4.0,0.1,0.1001,10,28,0.0282,5.7307,5.759,19400,10,1.0
bitmap_prefilter,main_cat='Camera & Photo' AND overall>=4.0,0.1,0.1001,10,29,0.0284,5.7444,5.7728,19400,10,1.0
bitmap_prefilter,main_cat='Camera & Photo' AND overall>=4.0,0.1,0.1001,10,30,0.0435,5.7502,5.7937,19400,10,1.0
bitmap_prefilter,main_cat='Camera & Photo' AND overall>=4.0,0.1,0.1001,10,31,0.0346,5.6849,5.7195,19400,10,1.0
bitmap_prefilter,main_cat='Camera & Photo' AND overall>=4.0,0.1,0.1001,10,32,0.0323,5.7232,5.7555,19400,10,1.0
bitmap_prefilter,main_cat='Camera & Photo' AND overall>=4.0,0.1,0.1001,10,33,0.0319,5.6686,5.7005,19400,10,1.0
bitmap_prefilter,main_cat='Camera & Photo' AND overall>=4.0,0.1,0.1001,10,34,0.0296,5.6992,5.7289,19400,10,1.0
bitmap_prefilter,main_cat='Camera & Photo' AND overall>=4.0,0.1,0.1001,10,35,0.0297,5.7548,5.7845,19400,10,1.0
bitmap_prefilter,main_cat='Camera & Photo' AND overall>=4.0,0.1,0.1001,10,36,0.046,5.7043,5.7503,19400,10,1.0
bitmap_prefilter,main_cat='Camera & Photo' AND overall>=4.0,0.1,0.1001,10,37,0.0357,5.6972,5.733,19400,10,1.0
bitmap_prefilter,main_cat='Camera & Photo' AND overall>=4.0,0.1,0.1001,10,38,0.0324,5.7002,5.7325,19400,10,1.0
bitmap_prefilter,main_cat='Camera & Photo' AND overall>=4.0,0.1,0.1001,10,39,0.0307,5.6739,5.7045,19400,10,1.0
bitmap_prefilter,main_cat='Camera & Photo' AND overall>=4.0,0.1,0.1001,10,40,0.0296,5.6563,5.6859,19400,10,1.0
bitmap_prefilter,main_cat='Camera & Photo' AND overall>=4.0,0.1,0.1001,10,41,0.0287,5.7699,5.7985,19400,10,1.0
bitmap_prefilter,main_cat='Camera & Photo' AND overall>=4.0,0.1,0.1001,10,42,0.0336,5.6826,5.7162,19400,10,1.0
bitmap_prefilter,main_cat='Camera & Photo' AND overall>=4.0,0.1,0.1001,10,43,0.0312,5.708,5.7393,19400,10,1.0
bitmap_prefilter,main_cat='Camera & Photo' AND overall>=4.0,0.1,0.1001,10,44,0.0309,5.7253,5.7562,19400,10,1.0
bitmap_prefilter,main_cat='Camera & Photo' AND overall>=4.0,0.1,0.1001,10,45,0.0312,5.672,5.7032,19400,10,1.0
bitmap_prefilter,main_cat='Camera & Photo' AND overall>=4.0,0.1,0.1001,10,46,0.0295,5.6845,5.714,19400,10,1.0
bitmap_prefilter,main_cat='Camera & Photo' AND overall>=4.0,0.1,0.1001,10,47,0.0336,5.6851,5.7187,19400,10,0.0
bitmap_prefilter,main_cat='Camera & Photo' AND overall>=4.0,0.1,0.1001,10,48,0.028,5.6784,5.7064,19400,10,1.0
bitmap_prefilter,main_cat='Camera & Photo' AND overall>=4.0,0.1,0.1001,10,49,0.0297,5.6585,5.6882,19400,10,1.0
brute_force,main_cat='Camera & Photo' AND overall>=4.0,0.1,0.1001,50,0,1.3044,24.3806,25.685,50,50,0.98
brute_force,main_cat='Camera & Photo' AND overall>=4.0,0.1,0.1001,50,1,0.3851,24.5956,24.9807,50,50,1.0
brute_force,main_cat='Camera & Photo' AND overall>=4.0,0.1,0.1001,50,2,0.3119,24.7717,25.0836,50,50,1.0
brute_force,main_cat='Camera & Photo' AND overall>=4.0,0.1,0.1001,50,3,0.2337,24.6966,24.9303,50,50,1.0
brute_force,main_cat='Camera & Photo' AND overall>=4.0,0.1,0.1001,50,4,0.711,24.6256,25.3366,50,50,1.0
brute_force,main_cat='Camera & Photo' AND overall>=4.0,0.1,0.1001,50,5,0.691,24.8222,25.5131,50,50,1.0
brute_force,main_cat='Camera & Photo' AND overall>=4.0,0.1,0.1001,50,6,1.7372,24.8525,26.5897,50,50,1.0
brute_force,main_cat='Camera & Photo' AND overall>=4.0,0.1,0.1001,50,7,0.9067,24.8856,25.7923,50,50,1.0
brute_force,main_cat='Camera & Photo' AND overall>=4.0,0.1,0.1001,50,8,1.0182,24.7431,25.7613,50,50,1.0
brute_force,main_cat='Camera & Photo' AND overall>=4.0,0.1,0.1001,50,9,0.394,24.895,25.289,50,50,1.0
brute_force,main_cat='Camera & Photo' AND overall>=4.0,0.1,0.1001,50,10,0.3442,24.8133,25.1575,50,50,1.0
brute_force,main_cat='Camera & Photo' AND overall>=4.0,0.1,0.1001,50,11,0.7898,24.8367,25.6265,50,50,1.0
brute_force,main_cat='Camera & Photo' AND overall>=4.0,0.1,0.1001,50,12,0.5978,24.8041,25.4019,50,50,0.98
brute_force,main_cat='Camera & Photo' AND overall>=4.0,0.1,0.1001,50,13,0.3828,24.8738,25.2566,50,50,1.0
brute_force,main_cat='Camera & Photo' AND overall>=4.0,0.1,0.1001,50,14,1.3283,24.7899,26.1182,50,50,1.0
brute_force,main_cat='Camera & Photo' AND overall>=4.0,0.1,0.1001,50,15,0.8236,24.8664,25.69,50,50,1.0
brute_force,main_cat='Camera & Photo' AND overall>=4.0,0.1,0.1001,50,16,0.2424,24.8237,25.0661,50,50,1.0
brute_force,main_cat='Camera & Photo' AND overall>=4.0,0.1,0.1001,50,17,0.1653,24.8659,25.0312,50,50,1.0
brute_force,main_cat='Camera & Photo' AND overall>=4.0,0.1,0.1001,50,18,0.584,24.6312,25.2152,50,50,0.98
brute_force,main_cat='Camera & Photo' AND overall>=4.0,0.1,0.1001,50,19,0.4181,24.7466,25.1647,50,50,1.0
brute_force,main_cat='Camera & Photo' AND overall>=4.0,0.1,0.1001,50,20,0.4049,24.8605,25.2654,50,50,1.0
brute_force,main_cat='Camera & Photo' AND overall>=4.0,0.1,0.1001,50,21,0.5472,24.7262,25.2734,50,50,1.0
brute_force,main_cat='Camera & Photo' AND overall>=4.0,0.1,0.1001,50,22,0.0974,24.7467,24.8442,50,50,0.98
brute_force,main_cat='Camera & Photo' AND overall>=4.0,0.1,0.1001,50,23,0.3017,24.8282,25.1299,50,50,1.0
brute_force,main_cat='Camera & Photo' AND overall>=4.0,0.1,0.1001,50,24,0.198,24.7387,24.9368,50,50,1.0
brute_force,main_cat='Camera & Photo' AND overall>=4.0,0.1,0.1001,50,25,0.4082,24.9755,25.3838,50,50,1.0
brute_force,main_cat='Camera & Photo' AND overall>=4.0,0.1,0.1001,50,26,0.1392,24.8091,24.9483,50,50,1.0
brute_force,main_cat='Camera & Photo' AND overall>=4.0,0.1,0.1001,50,27,0.7956,24.8075,25.6031,50,50,1.0
brute_force,main_cat='Camera & Photo' AND overall>=4.0,0.1,0.1001,50,28,0.3934,24.6178,25.0112,50,50,1.0
brute_force,main_cat='Camera & Photo' AND overall>=4.0,0.1,0.1001,50,29,0.3003,24.6597,24.96,50,50,1.0
brute_force,main_cat='Camera & Photo' AND overall>=4.0,0.1,0.1001,50,30,0.2972,24.5579,24.8551,50,50,1.0
brute_force,main_cat='Camera & Photo' AND overall>=4.0,0.1,0.1001,50,31,0.4478,24.508,24.9558,50,50,1.0
brute_force,main_cat='Camera & Photo' AND overall>=4.0,0.1,0.1001,50,32,0.8271,24.6375,25.4646,50,50,1.0
brute_force,main_cat='Camera & Photo' AND overall>=4.0,0.1,0.1001,50,33,0.6405,24.7217,25.3621,50,50,1.0
brute_force,main_cat='Camera & Photo' AND overall>=4.0,0.1,0.1001,50,34,0.7327,24.4643,25.197,50,50,0.98
brute_force,main_cat='Camera & Photo' AND overall>=4.0,0.1,0.1001,50,35,0.7025,24.5125,25.215,50,50,1.0
brute_force,main_cat='Camera & Photo' AND overall>=4.0,0.1,0.1001,50,36,0.176,24.6213,24.7974,50,50,1.0
brute_force,main_cat='Camera & Photo' AND overall>=4.0,0.1,0.1001,50,37,0.5864,24.6786,25.265,50,50,1.0
brute_force,main_cat='Camera & Photo' AND overall>=4.0,0.1,0.1001,50,38,0.3493,24.4947,24.844,50,50,1.0
brute_force,main_cat='Camera & Photo' AND overall>=4.0,0.1,0.1001,50,39,0.3129,24.5425,24.8554,50,50,1.0
brute_force,main_cat='Camera & Photo' AND overall>=4.0,0.1,0.1001,50,40,0.2787,24.4112,24.69,50,50,1.0
brute_force,main_cat='Camera & Photo' AND overall>=4.0,0.1,0.1001,50,41,1.318,24.569,25.887,50,50,1.0
brute_force,main_cat='Camera & Photo' AND overall>=4.0,0.1,0.1001,50,42,0.3798,24.5886,24.9684,50,50,1.0
brute_force,main_cat='Camera & Photo' AND overall>=4.0,0.1,0.1001,50,43,0.3034,24.5242,24.8277,50,50,1.0
brute_force,main_cat='Camera & Photo' AND overall>=4.0,0.1,0.1001,50,44,1.5606,24.5485,26.1091,50,50,1.0
brute_force,main_cat='Camera & Photo' AND overall>=4.0,0.1,0.1001,50,45,0.2492,24.6421,24.8913,50,50,1.0
brute_force,main_cat='Camera & Photo' AND overall>=4.0,0.1,0.1001,50,46,0.6887,24.6075,25.2962,50,50,1.0
brute_force,main_cat='Camera & Photo' AND overall>=4.0,0.1,0.1001,50,47,0.2698,24.5582,24.8281,50,50,1.0
brute_force,main_cat='Camera & Photo' AND overall>=4.0,0.1,0.1001,50,48,0.1689,24.5524,24.7213,50,50,1.0
brute_force,main_cat='Camera & Photo' AND overall>=4.0,0.1,0.1001,50,49,0.2176,24.714,24.9316,50,50,1.0
naive_prefilter,main_cat='Camera & Photo' AND overall>=4.0,0.1,0.1001,50,0,16.434,6.2412,22.6752,19400,50,0.98
naive_prefilter,main_cat='Camera & Photo' AND overall>=4.0,0.1,0.1001,50,1,16.435,6.1807,22.6156,19400,50,1.0
naive_prefilter,main_cat='Camera & Photo' AND overall>=4.0,0.1,0.1001,50,2,16.4297,6.2151,22.6448,19400,50,1.0
naive_prefilter,main_cat='Camera & Photo' AND overall>=4.0,0.1,0.1001,50,3,16.259,6.1621,22.4211,19400,50,1.0
naive_prefilter,main_cat='Camera & Photo' AND overall>=4.0,0.1,0.1001,50,4,16.0357,6.2314,22.2671,19400,50,1.0
naive_prefilter,main_cat='Camera & Photo' AND overall>=4.0,0.1,0.1001,50,5,16.22,6.174,22.394,19400,50,1.0
naive_prefilter,main_cat='Camera & Photo' AND overall>=4.0,0.1,0.1001,50,6,16.451,6.369,22.8201,19400,50,1.0
naive_prefilter,main_cat='Camera & Photo' AND overall>=4.0,0.1,0.1001,50,7,16.2729,6.2883,22.5611,19400,50,1.0
naive_prefilter,main_cat='Camera & Photo' AND overall>=4.0,0.1,0.1001,50,8,16.3528,6.2083,22.561,19400,50,1.0
naive_prefilter,main_cat='Camera & Photo' AND overall>=4.0,0.1,0.1001,50,9,16.2989,6.1887,22.4876,19400,50,1.0
naive_prefilter,main_cat='Camera & Photo' AND overall>=4.0,0.1,0.1001,50,10,16.2083,6.1554,22.3637,19400,50,1.0
naive_prefilter,main_cat='Camera & Photo' AND overall>=4.0,0.1,0.1001,50,11,16.0118,6.242,22.2538,19400,50,1.0
naive_prefilter,main_cat='Camera & Photo' AND overall>=4.0,0.1,0.1001,50,12,15.9895,6.2152,22.2047,19400,50,0.98
naive_prefilter,main_cat='Camera & Photo' AND overall>=4.0,0.1,0.1001,50,13,16.2352,6.2185,22.4537,19400,50,1.0
naive_prefilter,main_cat='Camera & Photo' AND overall>=4.0,0.1,0.1001,50,14,15.8799,6.5478,22.4277,19400,50,1.0
naive_prefilter,main_cat='Camera & Photo' AND overall>=4.0,0.1,0.1001,50,15,16.2068,6.8134,23.0202,19400,50,1.0
naive_prefilter,main_cat='Camera & Photo' AND overall>=4.0,0.1,0.1001,50,16,16.4299,6.1907,22.6205,19400,50,1.0
naive_prefilter,main_cat='Camera & Photo' AND overall>=4.0,0.1,0.1001,50,17,16.233,6.1795,22.4125,19400,50,1.0
naive_prefilter,main_cat='Camera & Photo' AND overall>=4.0,0.1,0.1001,50,18,16.2095,6.2178,22.4273,19400,50,0.98
naive_prefilter,main_cat='Camera & Photo' AND overall>=4.0,0.1,0.1001,50,19,16.2013,6.1806,22.3819,19400,50,1.0
naive_prefilter,main_cat='Camera & Photo' AND overall>=4.0,0.1,0.1001,50,20,16.1206,6.2518,22.3724,19400,50,1.0
naive_prefilter,main_cat='Camera & Photo' AND overall>=4.0,0.1,0.1001,50,21,16.2899,6.2154,22.5053,19400,50,1.0
naive_prefilter,main_cat='Camera & Photo' AND overall>=4.0,0.1,0.1001,50,22,16.1307,6.1405,22.2712,19400,50,0.98
naive_prefilter,main_cat='Camera & Photo' AND overall>=4.0,0.1,0.1001,50,23,16.3093,6.1901,22.4995,19400,50,1.0
naive_prefilter,main_cat='Camera & Photo' AND overall>=4.0,0.1,0.1001,50,24,16.2652,6.3408,22.6059,19400,50,1.0
naive_prefilter,main_cat='Camera & Photo' AND overall>=4.0,0.1,0.1001,50,25,16.0442,6.2211,22.2653,19400,50,1.0
naive_prefilter,main_cat='Camera & Photo' AND overall>=4.0,0.1,0.1001,50,26,16.062,6.1604,22.2224,19400,50,1.0
naive_prefilter,main_cat='Camera & Photo' AND overall>=4.0,0.1,0.1001,50,27,16.1329,6.1137,22.2466,19400,50,1.0
naive_prefilter,main_cat='Camera & Photo' AND overall>=4.0,0.1,0.1001,50,28,16.1955,6.2306,22.4261,19400,50,1.0
naive_prefilter,main_cat='Camera & Photo' AND overall>=4.0,0.1,0.1001,50,29,16.2129,6.1477,22.3605,19400,50,1.0
naive_prefilter,main_cat='Camera & Photo' AND overall>=4.0,0.1,0.1001,50,30,16.211,6.143,22.354,19400,50,0.96
naive_prefilter,main_cat='Camera & Photo' AND overall>=4.0,0.1,0.1001,50,31,16.0747,6.1492,22.2239,19400,50,1.0
naive_prefilter,main_cat='Camera & Photo' AND overall>=4.0,0.1,0.1001,50,32,15.9475,6.144,22.0915,19400,50,1.0
naive_prefilter,main_cat='Camera & Photo' AND overall>=4.0,0.1,0.1001,50,33,16.3713,6.2104,22.5817,19400,50,1.0
naive_prefilter,main_cat='Camera & Photo' AND overall>=4.0,0.1,0.1001,50,34,16.1675,6.1885,22.356,19400,50,0.98
naive_prefilter,main_cat='Camera & Photo' AND overall>=4.0,0.1,0.1001,50,35,15.9766,6.2146,22.1913,19400,50,1.0
naive_prefilter,main_cat='Camera & Photo' AND overall>=4.0,0.1,0.1001,50,36,16.2232,6.1513,22.3745,19400,50,1.0
naive_prefilter,main_cat='Camera & Photo' AND overall>=4.0,0.1,0.1001,50,37,16.2233,6.1724,22.3957,19400,50,1.0
naive_prefilter,main_cat='Camera & Photo' AND overall>=4.0,0.1,0.1001,50,38,15.8494,6.1534,22.0028,19400,50,1.0
naive_prefilter,main_cat='Camera & Photo' AND overall>=4.0,0.1,0.1001,50,39,16.0645,6.1196,22.1841,19400,50,1.0
naive_prefilter,main_cat='Camera & Photo' AND overall>=4.0,0.1,0.1001,50,40,16.2754,6.1431,22.4185,19400,50,1.0
naive_prefilter,main_cat='Camera & Photo' AND overall>=4.0,0.1,0.1001,50,41,16.2165,6.158,22.3745,19400,50,1.0
naive_prefilter,main_cat='Camera & Photo' AND overall>=4.0,0.1,0.1001,50,42,16.1785,6.142,22.3205,19400,50,1.0
naive_prefilter,main_cat='Camera & Photo' AND overall>=4.0,0.1,0.1001,50,43,16.0561,6.1565,22.2125,19400,50,1.0
naive_prefilter,main_cat='Camera & Photo' AND overall>=4.0,0.1,0.1001,50,44,15.9937,6.1605,22.1542,19400,50,1.0
naive_prefilter,main_cat='Camera & Photo' AND overall>=4.0,0.1,0.1001,50,45,16.0098,6.1554,22.1652,19400,50,1.0
naive_prefilter,main_cat='Camera & Photo' AND overall>=4.0,0.1,0.1001,50,46,16.184,6.2313,22.4153,19400,50,1.0
naive_prefilter,main_cat='Camera & Photo' AND overall>=4.0,0.1,0.1001,50,47,16.0408,6.2843,22.325,19400,50,1.0
naive_prefilter,main_cat='Camera & Photo' AND overall>=4.0,0.1,0.1001,50,48,15.9576,6.1148,22.0724,19400,50,1.0
naive_prefilter,main_cat='Camera & Photo' AND overall>=4.0,0.1,0.1001,50,49,15.9307,6.1685,22.0991,19400,50,1.0
post_filter,main_cat='Camera & Photo' AND overall>=4.0,0.1,0.1001,50,0,0.4742,0.5806,1.0548,50,50,0.38
post_filter,main_cat='Camera & Photo' AND overall>=4.0,0.1,0.1001,50,1,0.4038,1.1415,1.5453,50,50,0.86
post_filter,main_cat='Camera & Photo' AND overall>=4.0,0.1,0.1001,50,2,0.2845,1.0022,1.2867,50,50,0.92
post_filter,main_cat='Camera & Photo' AND overall>=4.0,0.1,0.1001,50,3,0.2047,0.9544,1.1591,50,50,0.84
post_filter,main_cat='Camera & Photo' AND overall>=4.0,0.1,0.1001,50,4,0.6211,1.111,1.7321,50,50,0.76
post_filter,main_cat='Camera & Photo' AND overall>=4.0,0.1,0.1001,50,5,0.7472,0.9136,1.6608,50,50,0.58
post_filter,main_cat='Camera & Photo' AND overall>=4.0,0.1,0.1001,50,6,1.2953,1.0672,2.3625,50,50,0.38
post_filter,main_cat='Camera & Photo' AND overall>=4.0,0.1,0.1001,50,7,0.7946,0.7863,1.5809,50,50,0.5
post_filter,main_cat='Camera & Photo' AND overall>=4.0,0.1,0.1001,50,8,0.8933,1.1649,2.0582,50,50,0.54
post_filter,main_cat='Camera & Photo' AND overall>=4.0,0.1,0.1001,50,9,0.3068,1.1472,1.454,50,50,0.8
post_filter,main_cat='Camera & Photo' AND overall>=4.0,0.1,0.1001,50,10,0.2425,1.0199,1.2625,50,50,0.96
post_filter,main_cat='Camera & Photo' AND overall>=4.0,0.1,0.1001,50,11,0.7525,0.9871,1.7396,50,50,0.46
post_filter,main_cat='Camera & Photo' AND overall>=4.0,0.1,0.1001,50,12,0.6167,0.8262,1.4429,50,50,0.5
post_filter,main_cat='Camera & Photo' AND overall>=4.0,0.1,0.1001,50,13,0.3149,0.8568,1.1717,50,50,0.74
post_filter,main_cat='Camera & Photo' AND overall>=4.0,0.1,0.1001,50,14,0.9903,0.6752,1.6655,32,32,0.22
post_filter,main_cat='Camera & Photo' AND overall>=4.0,0.1,0.1001,50,15,0.6598,0.5809,1.2407,8,8,0.1
post_filter,main_cat='Camera & Photo' AND overall>=4.0,0.1,0.1001,50,16,0.1926,1.053,1.2457,50,50,0.84
post_filter,main_cat='Camera & Photo' AND overall>=4.0,0.1,0.1001,50,17,0.1324,0.7861,0.9185,50,50,0.94
post_filter,main_cat='Camera & Photo' AND overall>=4.0,0.1,0.1001,50,18,0.556,0.9197,1.4757,50,50,0.78
post_filter,main_cat='Camera & Photo' AND overall>=4.0,0.1,0.1001,50,19,0.3699,1.0083,1.3782,50,50,0.7
post_filter,main_cat='Camera & Photo' AND overall>=4.0,0.1,0.1001,50,20,0.3528,0.7076,1.0604,50,50,0.86
post_filter,main_cat='Camera & Photo' AND overall>=4.0,0.1,0.1001,50,21,0.5344,0.7638,1.2982,50,50,0.4
post_filter,main_cat='Camera & Photo' AND overall>=4.0,0.1,0.1001,50,22,0.0802,0.7922,0.8724,50,50,0.94
post_filter,main_cat='Camera & Photo' AND overall>=4.0,0.1,0.1001,50,23,0.2452,0.7549,1.0001,50,50,0.88
post_filter,main_cat='Camera & Photo' AND overall>=4.0,0.1,0.1001,50,24,0.1502,1.106,1.2562,50,50,0.98
post_filter,main_cat='Camera & Photo' AND overall>=4.0,0.1,0.1001,50,25,0.5715,0.3453,0.9168,26,26,0.04
post_filter,main_cat='Camera & Photo' AND overall>=4.0,0.1,0.1001,50,26,0.0927,0.9932,1.0859,50,50,1.0
post_filter,main_cat='Camera & Photo' AND overall>=4.0,0.1,0.1001,50,27,0.7354,0.9297,1.665,50,50,0.6
post_filter,main_cat='Camera & Photo' AND overall>=4.0,0.1,0.1001,50,28,0.3396,0.9716,1.3112,50,50,0.7
post_filter,main_cat='Camera & Photo' AND overall>=4.0,0.1,0.1001,50,29,0.2774,0.6045,0.8818,50,50,0.64
post_filter,main_cat='Camera & Photo' AND overall>=4.0,0.1,0.1001,50,30,0.4969,0.448,0.9449,28,28,0.46
post_filter,main_cat='Camera & Photo' AND overall>=4.0,0.1,0.1001,50,31,0.4227,0.9697,1.3923,50,50,0.64
post_filter,main_cat='Camera & Photo' AND overall>=4.0,0.1,0.1001,50,32,0.7834,0.7465,1.5299,50,50,0.7
post_filter,main_cat='Camera & Photo' AND overall>=4.0,0.1,0.1001,50,33,0.7192,0.5649,1.2841,28,28,0.14
post_filter,main_cat='Camera & Photo' AND overall>=4.0,0.1,0.1001,50,34,0.824,0.9725,1.7965,50,50,0.48
post_filter,main_cat='Camera & Photo' AND overall>=4.0,0.1,0.1001,50,35,0.6438,1.0066,1.6504,50,50,0.64
post_filter,main_cat='Camera & Photo' AND overall>=4.0,0.1,0.1001,50,36,0.1336,0.8174,0.951,50,50,0.98
post_filter,main_cat='Camera & Photo' AND overall>=4.0,0.1,0.1001,50,37,0.6126,0.7468,1.3595,50,50,0.64
post_filter,main_cat='Camera & Photo' AND overall>=4.0,0.1,0.1001,50,38,0.2918,1.2885,1.5803,50,50,0.76
post_filter,main_cat='Camera & Photo' AND overall>=4.0,0.1,0.1001,50,39,0.2764,0.5767,0.8531,50,50,0.82
post_filter,main_cat='Camera & Photo' AND overall>=4.0,0.1,0.1001,50,40,0.231,1.2288,1.4598,50,50,0.86
post_filter,main_cat='Camera & Photo' AND overall>=4.0,0.1,0.1001,50,41,0.9199,0.635,1.5549,21,21,0.3
post_filter,main_cat='Camera & Photo' AND overall>=4.0,0.1,0.1001,50,42,0.3038,0.9762,1.28,50,50,0.88
post_filter,main_cat='Camera & Photo' AND overall>=4.0,0.1,0.1001,50,43,0.2412,0.4855,0.7267,50,50,0.76
post_filter,main_cat='Camera & Photo' AND overall>=4.0,0.1,0.1001,50,44,1.063,0.7105,1.7735,38,38,0.42
post_filter,main_cat='Camera & Photo' AND overall>=4.0,0.1,0.1001,50,45,0.208,1.0854,1.2934,50,50,0.88
post_filter,main_cat='Camera & Photo' AND overall>=4.0,0.1,0.1001,50,46,0.9001,0.86,1.7601,50,50,0.34
post_filter,main_cat='Camera & Photo' AND overall>=4.0,0.1,0.1001,50,47,0.4702,0.3004,0.7705,41,41,0.64
post_filter,main_cat='Camera & Photo' AND overall>=4.0,0.1,0.1001,50,48,0.1307,1.0455,1.1762,50,50,0.98
post_filter,main_cat='Camera & Photo' AND overall>=4.0,0.1,0.1001,50,49,0.1856,0.4964,0.682,50,50,0.74
bitmap_prefilter,main_cat='Camera & Photo' AND overall>=4.0,0.1,0.1001,50,0,0.0301,5.7099,5.74,19400,50,0.98
bitmap_prefilter,main_cat='Camera & Photo' AND overall>=4.0,0.1,0.1001,50,1,0.0298,5.6978,5.7275,19400,50,1.0
bitmap_prefilter,main_cat='Camera & Photo' AND overall>=4.0,0.1,0.1001,50,2,0.029,5.8408,5.8698,19400,50,1.0
bitmap_prefilter,main_cat='Camera & Photo' AND overall>=4.0,0.1,0.1001,50,3,0.0466,5.7439,5.7905,19400,50,1.0
bitmap_prefilter,main_cat='Camera & Photo' AND overall>=4.0,0.1,0.1001,50,4,0.033,5.8473,5.8803,19400,50,1.0
bitmap_prefilter,main_cat='Camera & Photo' AND overall>=4.0,0.1,0.1001,50,5,0.0331,5.7404,5.7735,19400,50,1.0
bitmap_prefilter,main_cat='Camera & Photo' AND overall>=4.0,0.1,0.1001,50,6,0.0305,5.7067,5.7372,19400,50,1.0
bitmap_prefilter,main_cat='Camera & Photo' AND overall>=4.0,0.1,0.1001,50,7,0.0302,5.6875,5.7177,19400,50,1.0
bitmap_prefilter,main_cat='Camera & Photo' AND overall>=4.0,0.1,0.1001,50,8,0.0301,5.6839,5.714,19400,50,1.0
bitmap_prefilter,main_cat='Camera & Photo' AND overall>=4.0,0.1,0.1001,50,9,0.0297,5.7802,5.8099,19400,50,1.0
bitmap_prefilter,main_cat='Camera & Photo' AND overall>=4.0,0.1,0.1001,50,10,0.0295,5.6808,5.7102,19400,50,1.0
bitmap_prefilter,main_cat='Camera & Photo' AND overall>=4.0,0.1,0.1001,50,11,0.0301,5.664,5.694,19400,50,1.0
bitmap_prefilter,main_cat='Camera & Photo' AND overall>=4.0,0.1,0.1001,50,12,0.0296,5.6885,5.7182,19400,50,0.98
bitmap_prefilter,main_cat='Camera & Photo' AND overall>=4.0,0.1,0.1001,50,13,0.0303,5.7399,5.7701,19400,50,1.0
bitmap_prefilter,main_cat='Camera & Photo' AND overall>=4.0,0.1,0.1001,50,14,0.0289,5.7275,5.7563,19400,50,1.0
bitmap_prefilter,main_cat='Camera & Photo' AND overall>=4.0,0.1,0.1001,50,15,0.0325,5.7029,5.7353,19400,50,1.0
bitmap_prefilter,main_cat='Camera & Photo' AND overall>=4.0,0.1,0.1001,50,16,0.0283,5.7142,5.7424,19400,50,1.0
bitmap_prefilter,main_cat='Camera & Photo' AND overall>=4.0,0.1,0.1001,50,17,0.0465,5.6823,5.7288,19400,50,1.0
bitmap_prefilter,main_cat='Camera & Photo' AND overall>=4.0,0.1,0.1001,50,18,0.0355,5.6909,5.7264,19400,50,0.98
bitmap_prefilter,main_cat='Camera & Photo' AND overall>=4.0,0.1,0.1001,50,19,0.0327,5.7708,5.8034,19400,50,1.0
bitmap_prefilter,main_cat='Camera & Photo' AND overall>=4.0,0.1,0.1001,50,20,0.0306,5.6563,5.6869,19400,50,1.0
bitmap_prefilter,main_cat='Camera & Photo' AND overall>=4.0,0.1,0.1001,50,21,0.0287,5.6897,5.7184,19400,50,1.0
bitmap_prefilter,main_cat='Camera & Photo' AND overall>=4.0,0.1,0.1001,50,22,0.0286,5.7491,5.7777,19400,50,0.98
bitmap_prefilter,main_cat='Camera & Photo' AND overall>=4.0,0.1,0.1001,50,23,0.0337,5.6913,5.725,19400,50,1.0
bitmap_prefilter,main_cat='Camera & Photo' AND overall>=4.0,0.1,0.1001,50,24,0.0277,5.7087,5.7364,19400,50,1.0
bitmap_prefilter,main_cat='Camera & Photo' AND overall>=4.0,0.1,0.1001,50,25,0.028,5.6849,5.7129,19400,50,1.0
bitmap_prefilter,main_cat='Camera & Photo' AND overall>=4.0,0.1,0.1001,50,26,0.0277,5.6845,5.7122,19400,50,1.0
bitmap_prefilter,main_cat='Camera & Photo' AND overall>=4.0,0.1,0.1001,50,27,0.0281,5.7246,5.7527,19400,50,1.0
bitmap_prefilter,main_cat='Camera & Photo' AND overall>=4.0,0.1,0.1001,50,28,0.0277,5.7318,5.7595,19400,50,1.0
bitmap_prefilter,main_cat='Camera & Photo' AND overall>=4.0,0.1,0.1001,50,29,0.0428,5.7981,5.8409,19400,50,1.0
bitmap_prefilter,main_cat='Camera & Photo' AND overall>=4.0,0.1,0.1001,50,30,0.0346,5.6992,5.7338,19400,50,0.96
bitmap_prefilter,main_cat='Camera & Photo' AND overall>=4.0,0.1,0.1001,50,31,0.0328,5.6735,5.7063,19400,50,1.0
bitmap_prefilter,main_cat='Camera & Photo' AND overall>=4.0,0.1,0.1001,50,32,0.0315,5.7529,5.7845,19400,50,1.0
bitmap_prefilter,main_cat='Camera & Photo' AND overall>=4.0,0.1,0.1001,50,33,0.0305,5.7802,5.8107,19400,50,1.0
bitmap_prefilter,main_cat='Camera & Photo' AND overall>=4.0,0.1,0.1001,50,34,0.0304,5.6735,5.704,19400,50,0.98
bitmap_prefilter,main_cat='Camera & Photo' AND overall>=4.0,0.1,0.1001,50,35,0.0298,5.7005,5.7303,19400,50,1.0
bitmap_prefilter,main_cat='Camera & Photo' AND overall>=4.0,0.1,0.1001,50,36,0.029,5.699,5.728,19400,50,1.0
bitmap_prefilter,main_cat='Camera & Photo' AND overall>=4.0,0.1,0.1001,50,37,0.0298,5.6882,5.718,19400,50,1.0
bitmap_prefilter,main_cat='Camera & Photo' AND overall>=4.0,0.1,0.1001,50,38,0.0281,5.71,5.7382,19400,50,1.0
bitmap_prefilter,main_cat='Camera & Photo' AND overall>=4.0,0.1,0.1001,50,39,0.0291,5.7695,5.7987,19400,50,1.0
bitmap_prefilter,main_cat='Camera & Photo' AND overall>=4.0,0.1,0.1001,50,40,0.0283,5.7128,5.7411,19400,50,1.0
bitmap_prefilter,main_cat='Camera & Photo' AND overall>=4.0,0.1,0.1001,50,41,0.0273,5.739,5.7662,19400,50,1.0
bitmap_prefilter,main_cat='Camera & Photo' AND overall>=4.0,0.1,0.1001,50,42,0.0273,5.7437,5.7709,19400,50,1.0
bitmap_prefilter,main_cat='Camera & Photo' AND overall>=4.0,0.1,0.1001,50,43,0.0275,5.6689,5.6964,19400,50,1.0
bitmap_prefilter,main_cat='Camera & Photo' AND overall>=4.0,0.1,0.1001,50,44,0.0273,5.6566,5.6838,19400,50,1.0
bitmap_prefilter,main_cat='Camera & Photo' AND overall>=4.0,0.1,0.1001,50,45,0.0279,5.869,5.8969,19400,50,1.0
bitmap_prefilter,main_cat='Camera & Photo' AND overall>=4.0,0.1,0.1001,50,46,0.0288,5.694,5.7228,19400,50,1.0
bitmap_prefilter,main_cat='Camera & Photo' AND overall>=4.0,0.1,0.1001,50,47,0.0273,5.7405,5.7678,19400,50,1.0
bitmap_prefilter,main_cat='Camera & Photo' AND overall>=4.0,0.1,0.1001,50,48,0.0288,5.7189,5.7477,19400,50,1.0
bitmap_prefilter,main_cat='Camera & Photo' AND overall>=4.0,0.1,0.1001,50,49,0.0275,5.7062,5.7337,19400,50,1.0
brute_force,main_cat='Home Audio & Theater' AND overall>=3.0,0.2,0.1962,10,0,0.0294,24.5524,24.5818,10,10,1.0
brute_force,main_cat='Home Audio & Theater' AND overall>=3.0,0.2,0.1962,10,1,0.0326,24.7093,24.7419,10,10,1.0
brute_force,main_cat='Home Audio & Theater' AND overall>=3.0,0.2,0.1962,10,2,0.0872,24.8887,24.9759,10,10,1.0
brute_force,main_cat='Home Audio & Theater' AND overall>=3.0,0.2,0.1962,10,3,0.0367,24.708,24.7447,10,10,1.0
brute_force,main_cat='Home Audio & Theater' AND overall>=3.0,0.2,0.1962,10,4,0.057,24.4787,24.5358,10,10,1.0
brute_force,main_cat='Home Audio & Theater' AND overall>=3.0,0.2,0.1962,10,5,0.1732,24.6906,24.8638,10,10,1.0
brute_force,main_cat='Home Audio & Theater' AND overall>=3.0,0.2,0.1962,10,6,0.0367,24.7655,24.8022,10,10,1.0
brute_force,main_cat='Home Audio & Theater' AND overall>=3.0,0.2,0.1962,10,7,0.0869,24.8388,24.9257,10,10,1.0
brute_force,main_cat='Home Audio & Theater' AND overall>=3.0,0.2,0.1962,10,8,0.0285,24.7387,24.7672,10,10,1.0
brute_force,main_cat='Home Audio & Theater' AND overall>=3.0,0.2,0.1962,10,9,0.0307,24.8371,24.8678,10,10,1.0
brute_force,main_cat='Home Audio & Theater' AND overall>=3.0,0.2,0.1962,10,10,0.0436,24.7402,24.7837,10,10,1.0
brute_force,main_cat='Home Audio & Theater' AND overall>=3.0,0.2,0.1962,10,11,0.029,24.7211,24.7501,10,10,1.0
brute_force,main_cat='Home Audio & Theater' AND overall>=3.0,0.2,0.1962,10,12,0.0233,24.8028,24.8261,10,10,1.0
brute_force,main_cat='Home Audio & Theater' AND overall>=3.0,0.2,0.1962,10,13,0.0217,24.9089,24.9305,10,10,1.0
brute_force,main_cat='Home Audio & Theater' AND overall>=3.0,0.2,0.1962,10,14,0.1893,24.7878,24.9771,10,10,1.0
brute_force,main_cat='Home Audio & Theater' AND overall>=3.0,0.2,0.1962,10,15,0.3294,24.8401,25.1695,10,10,1.0
brute_force,main_cat='Home Audio & Theater' AND overall>=3.0,0.2,0.1962,10,16,0.0485,24.8188,24.8672,10,10,1.0
brute_force,main_cat='Home Audio & Theater' AND overall>=3.0,0.2,0.1962,10,17,0.0458,24.8647,24.9105,10,10,1.0
brute_force,main_cat='Home Audio & Theater' AND overall>=3.0,0.2,0.1962,10,18,0.1695,24.6965,24.866,10,10,1.0
brute_force,main_cat='Home Audio & Theater' AND overall>=3.0,0.2,0.1962,10,19,0.0559,24.6946,24.7505,10,10,1.0
brute_force,main_cat='Home Audio & Theater' AND overall>=3.0,0.2,0.1962,10,20,0.0443,24.8288,24.8731,10,10,1.0
brute_force,main_cat='Home Audio & Theater' AND overall>=3.0,0.2,0.1962,10,21,0.1457,24.7743,24.92,10,10,1.0
brute_force,main_cat='Home Audio & Theater' AND overall>=3.0,0.2,0.1962,10,22,0.1626,24.7227,24.8853,10,10,1.0
brute_force,main_cat='Home Audio & Theater' AND overall>=3.0,0.2,0.1962,10,23,0.0427,24.8369,24.8796,10,10,1.0
brute_force,main_cat='Home Audio & Theater' AND overall>=3.0,0.2,0.1962,10,24,0.0372,24.7721,24.8093,10,10,1.0
brute_force,main_cat='Home Audio & Theater' AND overall>=3.0,0.2,0.1962,10,25,0.0188,24.7984,24.8172,10,10,1.0
brute_force,main_cat='Home Audio & Theater' AND overall>=3.0,0.2,0.1962,10,26,0.0911,24.7962,24.8872,10,10,1.0
brute_force,main_cat='Home Audio & Theater' AND overall>=3.0,0.2,0.1962,10,27,0.1062,24.8207,24.9269,10,10,1.0
brute_force,main_cat='Home Audio & Theater' AND overall>=3.0,0.2,0.1962,10,28,0.0734,24.855,24.9284,10,10,1.0
brute_force,main_cat='Home Audio & Theater' AND overall>=3.0,0.2,0.1962,10,29,0.0252,24.8839,24.9092,10,10,1.0
brute_force,main_cat='Home Audio & Theater' AND overall>=3.0,0.2,0.1962,10,30,0.0452,24.9114,24.9566,10,10,1.0
brute_force,main_cat='Home Audio & Theater' AND overall>=3.0,0.2,0.1962,10,31,0.0388,24.8275,24.8663,10,10,1.0
brute_force,main_cat='Home Audio & Theater' AND overall>=3.0,0.2,0.1962,10,32,0.0607,24.9015,24.9622,10,10,1.0
brute_force,main_cat='Home Audio & Theater' AND overall>=3.0,0.2,0.1962,10,33,0.196,24.9437,25.1397,10,10,1.0
brute_force,main_cat='Home Audio & Theater' AND overall>=3.0,0.2,0.1962,10,34,0.0236,24.7265,24.7502,10,10,1.0
brute_force,main_cat='Home Audio & Theater' AND overall>=3.0,0.2,0.1962,10,35,0.0734,24.7357,24.809,10,10,1.0
brute_force,main_cat='Home Audio & Theater' AND overall>=3.0,0.2,0.1962,10,36,0.1715,24.7437,24.9152,10,10,1.0
brute_force,main_cat='Home Audio & Theater' AND overall>=3.0,0.2,0.1962,10,37,0.0458,25.2697,25.3155,10,10,1.0
brute_force,main_cat='Home Audio & Theater' AND overall>=3.0,0.2,0.1962,10,38,0.0843,24.5492,24.6335,10,10,1.0
brute_force,main_cat='Home Audio & Theater' AND overall>=3.0,0.2,0.1962,10,39,0.0373,24.5723,24.6095,10,10,1.0
brute_force,main_cat='Home Audio & Theater' AND overall>=3.0,0.2,0.1962,10,40,0.0542,24.4739,24.5281,10,10,1.0
brute_force,main_cat='Home Audio & Theater' AND overall>=3.0,0.2,0.1962,10,41,0.1394,24.6046,24.744,10,10,1.0
brute_force,main_cat='Home Audio & Theater' AND overall>=3.0,0.2,0.1962,10,42,0.0307,24.4945,24.5251,10,10,1.0
brute_force,main_cat='Home Audio & Theater' AND overall>=3.0,0.2,0.1962,10,43,0.0467,24.5668,24.6135,10,10,1.0
brute_force,main_cat='Home Audio & Theater' AND overall>=3.0,0.2,0.1962,10,44,0.2859,24.7649,25.0508,10,10,1.0
brute_force,main_cat='Home Audio & Theater' AND overall>=3.0,0.2,0.1962,10,45,0.0332,24.6083,24.6415,10,10,1.0
brute_force,main_cat='Home Audio & Theater' AND overall>=3.0,0.2,0.1962,10,46,0.025,24.5796,24.6045,10,10,1.0
brute_force,main_cat='Home Audio & Theater' AND overall>=3.0,0.2,0.1962,10,47,0.0345,24.5571,24.5916,10,10,1.0
brute_force,main_cat='Home Audio & Theater' AND overall>=3.0,0.2,0.1962,10,48,0.0574,24.6107,24.6681,10,10,1.0
brute_force,main_cat='Home Audio & Theater' AND overall>=3.0,0.2,0.1962,10,49,0.0437,24.6403,24.684,10,10,1.0
naive_prefilter,main_cat='Home Audio & Theater' AND overall>=3.0,0.2,0.1962,10,0,17.5568,11.9245,29.4813,38011,10,1.0
naive_prefilter,main_cat='Home Audio & Theater' AND overall>=3.0,0.2,0.1962,10,1,17.401,11.8419,29.2428,38011,10,1.0
naive_prefilter,main_cat='Home Audio & Theater' AND overall>=3.0,0.2,0.1962,10,2,17.4923,11.884,29.3763,38011,10,1.0
naive_prefilter,main_cat='Home Audio & Theater' AND overall>=3.0,0.2,0.1962,10,3,17.3187,11.9377,29.2565,38011,10,1.0
naive_prefilter,main_cat='Home Audio & Theater' AND overall>=3.0,0.2,0.1962,10,4,17.4446,11.9815,29.4261,38011,10,1.0
naive_prefilter,main_cat='Home Audio & Theater' AND overall>=3.0,0.2,0.1962,10,5,17.173,11.8406,29.0137,38011,10,1.0
naive_prefilter,main_cat='Home Audio & Theater' AND overall>=3.0,0.2,0.1962,10,6,17.1062,11.8723,28.9785,38011,10,1.0
naive_prefilter,main_cat='Home Audio & Theater' AND overall>=3.0,0.2,0.1962,10,7,17.3001,11.8347,29.1348,38011,10,1.0
naive_prefilter,main_cat='Home Audio & Theater' AND overall>=3.0,0.2,0.1962,10,8,17.1992,11.8677,29.0668,38011,10,1.0
naive_prefilter,main_cat='Home Audio & Theater' AND overall>=3.0,0.2,0.1962,10,9,17.0298,11.7828,28.8126,38011,10,1.0
naive_prefilter,main_cat='Home Audio & Theater' AND overall>=3.0,0.2,0.1962,10,10,17.1647,11.8371,29.0019,38011,10,1.0
naive_prefilter,main_cat='Home Audio & Theater' AND overall>=3.0,0.2,0.1962,10,11,17.0705,11.8181,28.8885,38011,10,1.0
naive_prefilter,main_cat='Home Audio & Theater' AND overall>=3.0,0.2,0.1962,10,12,16.9741,11.8288,28.8029,38011,10,1.0
naive_prefilter,main_cat='Home Audio & Theater' AND overall>=3.0,0.2,0.1962,10,13,16.8678,11.9367,28.8045,38011,10,1.0
naive_prefilter,main_cat='Home Audio & Theater' AND overall>=3.0,0.2,0.1962,10,14,17.1562,11.8278,28.9841,38011,10,1.0
naive_prefilter,main_cat='Home Audio & Theater' AND overall>=3.0,0.2,0.1962,10,15,16.8081,11.8138,28.6219,38011,10,1.0
naive_prefilter,main_cat='Home Audio & Theater' AND overall>=3.0,0.2,0.1962,10,16,16.9416,11.7771,28.7188,38011,10,1.0
naive_prefilter,main_cat='Home Audio & Theater' AND overall>=3.0,0.2,0.1962,10,17,17.0503,11.8149,28.8651,38011,10,1.0
naive_prefilter,main_cat='Home Audio & Theater' AND overall>=3.0,0.2,0.1962,10,18,17.4126,11.9785,29.3911,38011,10,1.0
naive_prefilter,main_cat='Home Audio & Theater' AND overall>=3.0,0.2,0.1962,10,19,17.6418,11.8816,29.5234,38011,10,1.0
naive_prefilter,main_cat='Home Audio & Theater' AND overall>=3.0,0.2,0.1962,10,20,17.3281,11.9302,29.2583,38011,10,1.0
naive_prefilter,main_cat='Home Audio & Theater' AND overall>=3.0,0.2,0.1962,10,21,17.2623,11.9079,29.1702,38011,10,1.0
naive_prefilter,main_cat='Home Audio & Theater' AND overall>=3.0,0.2,0.1962,10,22,17.058,11.8968,28.9548,38011,10,1.0
naive_prefilter,main_cat='Home Audio & Theater' AND overall>=3.0,0.2,0.1962,10,23,17.2852,11.8256,29.1108,38011,10,1.0
naive_prefilter,main_cat='Home Audio & Theater' AND overall>=3.0,0.2,0.1962,10,24,17.3657,11.9436,29.3093,38011,10,1.0
naive_prefilter,main_cat='Home Audio & Theater' AND overall>=3.0,0.2,0.1962,10,25,17.2919,11.9467,29.2386,38011,10,1.0
naive_prefilter,main_cat='Home Audio & Theater' AND overall>=3.0,0.2,0.1962,10,26,17.415,11.8239,29.2389,38011,10,1.0
naive_prefilter,main_cat='Home Audio & Theater' AND overall>=3.0,0.2,0.1962,10,27,17.2604,11.947,29.2074,38011,10,1.0
naive_prefilter,main_cat='Home Audio & Theater' AND overall>=3.0,0.2,0.1962,10,28,17.2745,11.8694,29.1439,38011,10,1.0
naive_prefilter,main_cat='Home Audio & Theater' AND overall>=3.0,0.2,0.1962,10,29,17.3298,11.8326,29.1624,38011,10,1.0
naive_prefilter,main_cat='Home Audio & Theater' AND overall>=3.0,0.2,0.1962,10,30,17.2628,11.8422,29.105,38011,10,1.0
naive_prefilter,main_cat='Home Audio & Theater' AND overall>=3.0,0.2,0.1962,10,31,17.1798,11.8211,29.0008,38011,10,1.0
naive_prefilter,main_cat='Home Audio & Theater' AND overall>=3.0,0.2,0.1962,10,32,17.1044,11.8132,28.9176,38011,10,1.0
naive_prefilter,main_cat='Home Audio & Theater' AND overall>=3.0,0.2,0.1962,10,33,17.3605,11.8182,29.1787,38011,10,1.0
naive_prefilter,main_cat='Home Audio & Theater' AND overall>=3.0,0.2,0.1962,10,34,17.2069,12.0677,29.2745,38011,10,1.0
naive_prefilter,main_cat='Home Audio & Theater' AND overall>=3.0,0.2,0.1962,10,35,16.9658,11.8098,28.7757,38011,10,1.0
naive_prefilter,main_cat='Home Audio & Theater' AND overall>=3.0,0.2,0.1962,10,36,17.2089,11.9088,29.1177,38011,10,1.0
naive_prefilter,main_cat='Home Audio & Theater' AND overall>=3.0,0.2,0.1962,10,37,17.386,11.8884,29.2744,38011,10,1.0
naive_prefilter,main_cat='Home Audio & Theater' AND overall>=3.0,0.2,0.1962,10,38,16.9837,11.888,28.8718,38011,10,1.0
naive_prefilter,main_cat='Home Audio & Theater' AND overall>=3.0,0.2,0.1962,10,39,17.1316,11.8598,28.9914,38011,10,1.0
naive_prefilter,main_cat='Home Audio & Theater' AND overall>=3.0,0.2,0.1962,10,40,17.0164,11.8512,28.8675,38011,10,1.0
naive_prefilter,main_cat='Home Audio & Theater' AND overall>=3.0,0.2,0.1962,10,41,17.165,11.93,29.095,38011,10,1.0
naive_prefilter,main_cat='Home Audio & Theater' AND overall>=3.0,0.2,0.1962,10,42,17.1266,11.8012,28.9279,38011,10,1.0
naive_prefilter,main_cat='Home Audio & Theater' AND overall>=3.0,0.2,0.1962,10,43,17.1363,11.7989,28.9352,38011,10,1.0
naive_prefilter,main_cat='Home Audio & Theater' AND overall>=3.0,0.2,0.1962,10,44,16.9761,11.8601,28.8362,38011,10,1.0
naive_prefilter,main_cat='Home Audio & Theater' AND overall>=3.0,0.2,0.1962,10,45,16.9929,11.8318,28.8247,38011,10,1.0
naive_prefilter,main_cat='Home Audio & Theater' AND overall>=3.0,0.2,0.1962,10,46,17.1918,11.8713,29.0631,38011,10,1.0
naive_prefilter,main_cat='Home Audio & Theater' AND overall>=3.0,0.2,0.1962,10,47,17.1489,11.7743,28.9232,38011,10,0.0
naive_prefilter,main_cat='Home Audio & Theater' AND overall>=3.0,0.2,0.1962,10,48,16.9519,11.8533,28.8052,38011,10,1.0
naive_prefilter,main_cat='Home Audio & Theater' AND overall>=3.0,0.2,0.1962,10,49,17.017,11.8028,28.8198,38011,10,1.0
post_filter,main_cat='Home Audio & Theater' AND overall>=3.0,0.2,0.1962,10,0,0.0077,0.3518,0.3595,10,10,1.0
post_filter,main_cat='Home Audio & Theater' AND overall>=3.0,0.2,0.1962,10,1,0.024,0.8253,0.8493,10,10,1.0
post_filter,main_cat='Home Audio & Theater' AND overall>=3.0,0.2,0.1962,10,2,0.0762,0.6589,0.7351,10,10,1.0
post_filter,main_cat='Home Audio & Theater' AND overall>=3.0,0.2,0.1962,10,3,0.0267,0.6842,0.7109,10,10,1.0
post_filter,main_cat='Home Audio & Theater' AND overall>=3.0,0.2,0.1962,10,4,0.0452,0.7642,0.8093,10,10,1.0
post_filter,main_cat='Home Audio & Theater' AND overall>=3.0,0.2,0.1962,10,5,0.1584,0.6529,0.8112,10,10,1.0
post_filter,main_cat='Home Audio & Theater' AND overall>=3.0,0.2,0.1962,10,6,0.0285,0.7798,0.8083,10,10,1.0
post_filter,main_cat='Home Audio & Theater' AND overall>=3.0,0.2,0.1962,10,7,0.0775,0.5865,0.664,10,10,1.0
post_filter,main_cat='Home Audio & Theater' AND overall>=3.0,0.2,0.1962,10,8,0.0305,0.9325,0.963,10,10,1.0
post_filter,main_cat='Home Audio & Theater' AND overall>=3.0,0.2,0.1962,10,9,0.0254,1.0334,1.0588,10,10,1.0
post_filter,main_cat='Home Audio & Theater' AND overall>=3.0,0.2,0.1962,10,10,0.0397,0.9687,1.0084,10,10,1.0
post_filter,main_cat='Home Audio & Theater' AND overall>=3.0,0.2,0.1962,10,11,0.0237,0.8868,0.9105,10,10,1.0
post_filter,main_cat='Home Audio & Theater' AND overall>=3.0,0.2,0.1962,10,12,0.0179,0.6836,0.7015,10,10,1.0
post_filter,main_cat='Home Audio & Theater' AND overall>=3.0,0.2,0.1962,10,13,0.0165,0.7131,0.7296,10,10,1.0
post_filter,main_cat='Home Audio & Theater' AND overall>=3.0,0.2,0.1962,10,14,0.1675,0.5221,0.6897,10,10,0.9
post_filter,main_cat='Home Audio & Theater' AND overall>=3.0,0.2,0.1962,10,15,0.2945,0.4426,0.7372,10,10,0.5
post_filter,main_cat='Home Audio & Theater' AND overall>=3.0,0.2,0.1962,10,16,0.0385,0.8233,0.8619,10,10,1.0
post_filter,main_cat='Home Audio & Theater' AND overall>=3.0,0.2,0.1962,10,17,0.0367,0.6284,0.6651,10,10,1.0
post_filter,main_cat='Home Audio & Theater' AND overall>=3.0,0.2,0.1962,10,18,0.145,0.7454,0.8904,10,10,1.0
post_filter,main_cat='Home Audio & Theater' AND overall>=3.0,0.2,0.1962,10,19,0.0477,0.7911,0.8388,10,10,1.0
post_filter,main_cat='Home Audio & Theater' AND overall>=3.0,0.2,0.1962,10,20,0.0334,0.5977,0.6311,10,10,1.0
post_filter,main_cat='Home Audio & Theater' AND overall>=3.0,0.2,0.1962,10,21,0.1264,0.5966,0.723,10,10,0.8
post_filter,main_cat='Home Audio & Theater' AND overall>=3.0,0.2,0.1962,10,22,0.1486,0.6473,0.796,10,10,0.8
post_filter,main_cat='Home Audio & Theater' AND overall>=3.0,0.2,0.1962,10,23,0.0328,0.6174,0.6502,10,10,1.0
post_filter,main_cat='Home Audio & Theater' AND overall>=3.0,0.2,0.1962,10,24,0.0278,0.8384,0.8661,10,10,1.0
post_filter,main_cat='Home Audio & Theater' AND overall>=3.0,0.2,0.1962,10,25,0.0154,0.2597,0.2751,10,10,0.6
post_filter,main_cat='Home Audio & Theater' AND overall>=3.0,0.2,0.1962,10,26,0.0661,0.7558,0.8219,10,10,0.9
post_filter,main_cat='Home Audio & Theater' AND overall>=3.0,0.2,0.1962,10,27,0.0841,0.7118,0.796,10,10,1.0
post_filter,main_cat='Home Audio & Theater' AND overall>=3.0,0.2,0.1962,10,28,0.0573,0.7524,0.8097,10,10,1.0
post_filter,main_cat='Home Audio & Theater' AND overall>=3.0,0.2,0.1962,10,29,0.0175,0.4965,0.514,10,10,1.0
post_filter,main_cat='Home Audio & Theater' AND overall>=3.0,0.2,0.1962,10,30,0.0457,0.3792,0.4249,10,10,0.0
post_filter,main_cat='Home Audio & Theater' AND overall>=3.0,0.2,0.1962,10,31,0.0316,0.7554,0.787,10,10,1.0
post_filter,main_cat='Home Audio & Theater' AND overall>=3.0,0.2,0.1962,10,32,0.0468,0.5966,0.6435,10,10,1.0
post_filter,main_cat='Home Audio & Theater' AND overall>=3.0,0.2,0.1962,10,33,0.1794,0.4648,0.6442,10,10,0.6
post_filter,main_cat='Home Audio & Theater' AND overall>=3.0,0.2,0.1962,10,34,0.0191,0.7618,0.781,10,10,1.0
post_filter,main_cat='Home Audio & Theater' AND overall>=3.0,0.2,0.1962,10,35,0.0603,0.784,0.8443,10,10,1.0
post_filter,main_cat='Home Audio & Theater' AND overall>=3.0,0.2,0.1962,10,36,0.1561,0.6715,0.8275,10,10,0.9
post_filter,main_cat='Home Audio & Theater' AND overall>=3.0,0.2,0.1962,10,37,0.032,0.6087,0.6407,10,10,1.0
post_filter,main_cat='Home Audio & Theater' AND overall>=3.0,0.2,0.1962,10,38,0.0652,0.931,0.9962,10,10,1.0
post_filter,main_cat='Home Audio & Theater' AND overall>=3.0,0.2,0.1962,10,39,0.0327,0.5067,0.5394,10,10,1.0
post_filter,main_cat='Home Audio & Theater' AND overall>=3.0,0.2,0.1962,10,40,0.0452,0.9998,1.045,10,10,1.0
post_filter,main_cat='Home Audio & Theater' AND overall>=3.0,0.2,0.1962,10,41,0.116,0.5175,0.6335,10,10,1.0
post_filter,main_cat='Home Audio & Theater' AND overall>=3.0,0.2,0.1962,10,42,0.0223,0.7541,0.7763,10,10,1.0
post_filter,main_cat='Home Audio & Theater' AND overall>=3.0,0.2,0.1962,10,43,0.0355,0.4149,0.4504,10,10,0.9
post_filter,main_cat='Home Audio & Theater' AND overall>=3.0,0.2,0.1962,10,44,0.2307,0.6019,0.8325,10,10,1.0
post_filter,main_cat='Home Audio & Theater' AND overall>=3.0,0.2,0.1962,10,45,0.0246,0.8318,0.8564,10,10,1.0
post_filter,main_cat='Home Audio & Theater' AND overall>=3.0,0.2,0.1962,10,46,0.018,0.6948,0.7128,10,10,1.0
post_filter,main_cat='Home Audio & Theater' AND overall>=3.0,0.2,0.1962,10,47,0.0336,0.2342,0.2678,10,10,0.1
post_filter,main_cat='Home Audio & Theater' AND overall>=3.0,0.2,0.1962,10,48,0.0436,0.8148,0.8585,10,10,1.0
post_filter,main_cat='Home Audio & Theater' AND overall>=3.0,0.2,0.1962,10,49,0.0303,0.3997,0.43,10,10,1.0
bitmap_prefilter,main_cat='Home Audio & Theater' AND overall>=3.0,0.2,0.1962,10,0,0.0555,11.2634,11.3189,38011,10,1.0
bitmap_prefilter,main_cat='Home Audio & Theater' AND overall>=3.0,0.2,0.1962,10,1,0.0548,11.2205,11.2753,38011,10,1.0
bitmap_prefilter,main_cat='Home Audio & Theater' AND overall>=3.0,0.2,0.1962,10,2,0.0509,11.202,11.2529,38011,10,1.0
bitmap_prefilter,main_cat='Home Audio & Theater' AND overall>=3.0,0.2,0.1962,10,3,0.0487,11.1751,11.2238,38011,10,1.0
bitmap_prefilter,main_cat='Home Audio & Theater' AND overall>=3.0,0.2,0.1962,10,4,0.0543,11.237,11.2912,38011,10,1.0
bitmap_prefilter,main_cat='Home Audio & Theater' AND overall>=3.0,0.2,0.1962,10,5,0.0512,11.3084,11.3596,38011,10,1.0
bitmap_prefilter,main_cat='Home Audio & Theater' AND overall>=3.0,0.2,0.1962,10,6,0.0494,11.2967,11.3461,38011,10,1.0
bitmap_prefilter,main_cat='Home Audio & Theater' AND overall>=3.0,0.2,0.1962,10,7,0.0554,11.2131,11.2685,38011,10,1.0
bitmap_prefilter,main_cat='Home Audio & Theater' AND overall>=3.0,0.2,0.1962,10,8,0.0678,11.2706,11.3384,38011,10,1.0
bitmap_prefilter,main_cat='Home Audio & Theater' AND overall>=3.0,0.2,0.1962,10,9,0.055,11.244,11.2989,38011,10,1.0
bitmap_prefilter,main_cat='Home Audio & Theater' AND overall>=3.0,0.2,0.1962,10,10,0.0508,11.1674,11.2182,38011,10,1.0
bitmap_prefilter,main_cat='Home Audio & Theater' AND overall>=3.0,0.2,0.1962,10,11,0.048,11.1707,11.2187,38011,10,1.0
bitmap_prefilter,main_cat='Home Audio & Theater' AND overall>=3.0,0.2,0.1962,10,12,0.0525,11.1357,11.1882,38011,10,1.0
bitmap_prefilter,main_cat='Home Audio & Theater' AND overall>=3.0,0.2,0.1962,10,13,0.0501,11.2369,11.287,38011,10,1.0
bitmap_prefilter,main_cat='Home Audio & Theater' AND overall>=3.0,0.2,0.1962,10,14,0.0494,11.2025,11.2519,38011,10,1.0
bitmap_prefilter,main_cat='Home Audio & Theater' AND overall>=3.0,0.2,0.1962,10,15,0.05,11.254,11.304,38011,10,1.0
bitmap_prefilter,main_cat='Home Audio & Theater' AND overall>=3.0,0.2,0.1962,10,16,0.0496,11.3301,11.3797,38011,10,1.0
bitmap_prefilter,main_cat='Home Audio & Theater' AND overall>=3.0,0.2,0.1962,10,17,0.0479,11.2465,11.2945,38011,10,1.0
bitmap_prefilter,main_cat='Home Audio & Theater' AND overall>=3.0,0.2,0.1962,10,18,0.0499,11.1721,11.222,38011,10,1.0
bitmap_prefilter,main_cat='Home Audio & Theater' AND overall>=3.0,0.2,0.1962,10,19,0.0468,11.2001,11.247,38011,10,1.0
bitmap_prefilter,main_cat='Home Audio & Theater' AND overall>=3.0,0.2,0.1962,10,20,0.05,11.1641,11.2141,38011,10,1.0
bitmap_prefilter,main_cat='Home Audio & Theater' AND overall>=3.0,0.2,0.1962,10,21,0.0486,11.15,11.1986,38011,10,1.0
bitmap_prefilter,main_cat='Home Audio & Theater' AND overall>=3.0,0.2,0.1962,10,22,0.048,11.2261,11.274,38011,10,1.0
bitmap_prefilter,main_cat='Home Audio & Theater' AND overall>=3.0,0.2,0.1962,10,23,0.048,11.278,11.326,38011,10,1.0
bitmap_prefilter,main_cat='Home Audio & Theater' AND overall>=3.0,0.2,0.1962,10,24,0.0567,11.1535,11.2102,38011,10,1.0
bitmap_prefilter,main_cat='Home Audio & Theater' AND overall>=3.0,0.2,0.1962,10,25,0.0525,11.1609,11.2134,38011,10,1.0
bitmap_prefilter,main_cat='Home Audio & Theater' AND overall>=3.0,0.2,0.1962,10,26,0.0507,11.1726,11.2232,38011,10,1.0
bitmap_prefilter,main_cat='Home Audio & Theater' AND overall>=3.0,0.2,0.1962,10,27,0.049,11.1497,11.1987,38011,10,1.0
bitmap_prefilter,main_cat='Home Audio & Theater' AND overall>=3.0,0.2,0.1962,10,28,0.0482,11.1848,11.2331,38011,10,1.0
bitmap_prefilter,main_cat='Home Audio & Theater' AND overall>=3.0,0.2,0.1962,10,29,0.0477,11.1442,11.1919,38011,10,1.0
bitmap_prefilter,main_cat='Home Audio & Theater' AND overall>=3.0,0.2,0.1962,10,30,0.0496,11.1194,11.169,38011,10,1.0
bitmap_prefilter,main_cat='Home Audio & Theater' AND overall>=3.0,0.2,0.1962,10,31,0.0492,11.441,11.4902,38011,10,1.0
bitmap_prefilter,main_cat='Home Audio & Theater' AND overall>=3.0,0.2,0.1962,10,32,0.0488,11.3946,11.4434,38011,10,1.0
bitmap_prefilter,main_cat='Home Audio & Theater' AND overall>=3.0,0.2,0.1962,10,33,0.0478,11.1743,11.2221,38011,10,1.0
bitmap_prefilter,main_cat='Home Audio & Theater' AND overall>=3.0,0.2,0.1962,10,34,0.0472,11.195,11.2423,38011,10,1.0
bitmap_prefilter,main_cat='Home Audio & Theater' AND overall>=3.0,0.2,0.1962,10,35,0.0475,11.2226,11.2702,38011,10,1.0
bitmap_prefilter,main_cat='Home Audio & Theater' AND overall>=3.0,0.2,0.1962,10,36,0.049,11.3067,11.3557,38011,10,1.0
bitmap_prefilter,main_cat='Home Audio & Theater' AND overall>=3.0,0.2,0.1962,10,37,0.0487,11.1688,11.2175,38011,10,1.0
bitmap_prefilter,main_cat='Home Audio & Theater' AND overall>=3.0,0.2,0.1962,10,38,0.0503,11.1495,11.1998,38011,10,1.0
bitmap_prefilter,main_cat='Home Audio & Theater' AND overall>=3.0,0.2,0.1962,10,39,0.0482,11.1828,11.231,38011,10,1.0
bitmap_prefilter,main_cat='Home Audio & Theater' AND overall>=3.0,0.2,0.1962,10,40,0.0472,11.2069,11.2542,38011,10,1.0
bitmap_prefilter,main_cat='Home Audio & Theater' AND overall>=3.0,0.2,0.1962,10,41,0.0475,11.1558,11.2033,38011,10,1.0
bitmap_prefilter,main_cat='Home Audio & Theater' AND overall>=3.0,0.2,0.1962,10,42,0.0469,11.1225,11.1693,38011,10,1.0
bitmap_prefilter,main_cat='Home Audio & Theater' AND overall>=3.0,0.2,0.1962,10,43,0.0475,11.1121,11.1597,38011,10,1.0
bitmap_prefilter,main_cat='Home Audio & Theater' AND overall>=3.0,0.2,0.1962,10,44,0.0466,11.165,11.2117,38011,10,1.0
bitmap_prefilter,main_cat='Home Audio & Theater' AND overall>=3.0,0.2,0.1962,10,45,0.0468,11.2074,11.2542,38011,10,1.0
bitmap_prefilter,main_cat='Home Audio & Theater' AND overall>=3.0,0.2,0.1962,10,46,0.0478,11.1586,11.2063,38011,10,1.0
bitmap_prefilter,main_cat='Home Audio & Theater' AND overall>=3.0,0.2,0.1962,10,47,0.0466,11.1683,11.2148,38011,10,0.0
bitmap_prefilter,main_cat='Home Audio & Theater' AND overall>=3.0,0.2,0.1962,10,48,0.0467,11.1747,11.2214,38011,10,1.0
bitmap_prefilter,main_cat='Home Audio & Theater' AND overall>=3.0,0.2,0.1962,10,49,0.0462,11.2332,11.2795,38011,10,1.0
brute_force,main_cat='Home Audio & Theater' AND overall>=3.0,0.2,0.1962,50,0,0.0824,24.5765,24.6589,50,50,1.0
brute_force,main_cat='Home Audio & Theater' AND overall>=3.0,0.2,0.1962,50,1,0.1214,24.7605,24.8819,50,50,1.0
brute_force,main_cat='Home Audio & Theater' AND overall>=3.0,0.2,0.1962,50,2,0.3203,25.9529,26.2732,50,50,1.0
brute_force,main_cat='Home Audio & Theater' AND overall>=3.0,0.2,0.1962,50,3,0.1409,25.0115,25.1524,50,50,1.0
brute_force,main_cat='Home Audio & Theater' AND overall>=3.0,0.2,0.1962,50,4,0.2073,24.7768,24.9841,50,50,1.0
brute_force,main_cat='Home Audio & Theater' AND overall>=3.0,0.2,0.1962,50,5,0.483,24.4075,24.8905,50,50,1.0
brute_force,main_cat='Home Audio & Theater' AND overall>=3.0,0.2,0.1962,50,6,0.1326,24.4939,24.6265,50,50,1.0
brute_force,main_cat='Home Audio & Theater' AND overall>=3.0,0.2,0.1962,50,7,0.3725,24.5222,24.8948,50,50,1.0
brute_force,main_cat='Home Audio & Theater' AND overall>=3.0,0.2,0.1962,50,8,0.1024,24.7976,24.9,50,50,0.96
brute_force,main_cat='Home Audio & Theater' AND overall>=3.0,0.2,0.1962,50,9,0.1184,24.4666,24.585,50,50,1.0
brute_force,main_cat='Home Audio & Theater' AND overall>=3.0,0.2,0.1962,50,10,0.169,24.4442,24.6132,50,50,1.0
brute_force,main_cat='Home Audio & Theater' AND overall>=3.0,0.2,0.1962,50,11,0.1389,24.6335,24.7724,50,50,1.0
brute_force,main_cat='Home Audio & Theater' AND overall>=3.0,0.2,0.1962,50,12,0.0951,24.7312,24.8262,50,50,1.0
brute_force,main_cat='Home Audio & Theater' AND overall>=3.0,0.2,0.1962,50,13,0.0866,24.5311,24.6177,50,50,1.0
brute_force,main_cat='Home Audio & Theater' AND overall>=3.0,0.2,0.1962,50,14,0.5567,24.5725,25.1292,50,50,1.0
brute_force,main_cat='Home Audio & Theater' AND overall>=3.0,0.2,0.1962,50,15,0.5435,24.7044,25.2479,50,50,1.0
brute_force,main_cat='Home Audio & Theater' AND overall>=3.0,0.2,0.1962,50,16,0.1708,24.6655,24.8363,50,50,1.0
brute_force,main_cat='Home Audio & Theater' AND overall>=3.0,0.2,0.1962,50,17,0.2282,24.5867,24.815,50,50,1.0
brute_force,main_cat='Home Audio & Theater' AND overall>=3.0,0.2,0.1962,50,18,0.435,24.4791,24.9141,50,50,1.0
brute_force,main_cat='Home Audio & Theater' AND overall>=3.0,0.2,0.1962,50,19,0.2438,24.502,24.7458,50,50,1.0
brute_force,main_cat='Home Audio & Theater' AND overall>=3.0,0.2,0.1962,50,20,0.1788,24.6355,24.8142,50,50,1.0
brute_force,main_cat='Home Audio & Theater' AND overall>=3.0,0.2,0.1962,50,21,0.3553,24.4935,24.8487,50,50,1.0
brute_force,main_cat='Home Audio & Theater' AND overall>=3.0,0.2,0.1962,50,22,0.5547,24.44,24.9946,50,50,1.0
brute_force,main_cat='Home Audio & Theater' AND overall>=3.0,0.2,0.1962,50,23,0.1675,24.6477,24.8153,50,50,1.0
brute_force,main_cat='Home Audio & Theater' AND overall>=3.0,0.2,0.1962,50,24,0.161,24.513,24.674,50,50,1.0
brute_force,main_cat='Home Audio & Theater' AND overall>=3.0,0.2,0.1962,50,25,0.0815,24.5178,24.5993,50,50,1.0
brute_force,main_cat='Home Audio & Theater' AND overall>=3.0,0.2,0.1962,50,26,0.2723,24.5045,24.7768,50,50,1.0
brute_force,main_cat='Home Audio & Theater' AND overall>=3.0,0.2,0.1962,50,27,0.4843,24.4546,24.9389,50,50,1.0
brute_force,main_cat='Home Audio & Theater' AND overall>=3.0,0.2,0.1962,50,28,0.2283,24.6111,24.8394,50,50,1.0
brute_force,main_cat='Home Audio & Theater' AND overall>=3.0,0.2,0.1962,50,29,0.117,24.5565,24.6735,50,50,1.0
brute_force,main_cat='Home Audio & Theater' AND overall>=3.0,0.2,0.1962,50,30,0.166,24.4997,24.6657,50,50,1.0
brute_force,main_cat='Home Audio & Theater' AND overall>=3.0,0.2,0.1962,50,31,0.1469,24.5318,24.6787,50,50,1.0
brute_force,main_cat='Home Audio & Theater' AND overall>=3.0,0.2,0.1962,50,32,0.3225,24.6523,24.9748,50,50,1.0
brute_force,main_cat='Home Audio & Theater' AND overall>=3.0,0.2,0.1962,50,33,0.3684,24.616,24.9844,50,50,1.0
brute_force,main_cat='Home Audio & Theater' AND overall>=3.0,0.2,0.1962,50,34,0.0947,24.4345,24.5292,50,50,1.0
brute_force,main_cat='Home Audio & Theater' AND overall>=3.0,0.2,0.1962,50,35,0.2605,24.5432,24.8037,50,50,1.0
brute_force,main_cat='Home Audio & Theater' AND overall>=3.0,0.2,0.1962,50,36,0.494,24.6543,25.1484,50,50,1.0
brute_force,main_cat='Home Audio & Theater' AND overall>=3.0,0.2,0.1962,50,37,0.1378,24.5917,24.7295,50,50,1.0
brute_force,main_cat='Home Audio & Theater' AND overall>=3.0,0.2,0.1962,50,38,0.3416,24.5035,24.8451,50,50,1.0
brute_force,main_cat='Home Audio & Theater' AND overall>=3.0,0.2,0.1962,50,39,0.1505,24.6556,24.8062,50,50,1.0
brute_force,main_cat='Home Audio & Theater' AND overall>=3.0,0.2,0.1962,50,40,0.1784,24.4861,24.6645,50,50,1.0
brute_force,main_cat='Home Audio & Theater' AND overall>=3.0,0.2,0.1962,50,41,0.4819,24.5756,25.0575,50,50,1.0
brute_force,main_cat='Home Audio & Theater' AND overall>=3.0,0.2,0.1962,50,42,0.1176,24.457,24.5747,50,50,1.0
brute_force,main_cat='Home Audio & Theater' AND overall>=3.0,0.2,0.1962,50,43,0.1665,24.606,24.7725,50,50,1.0
brute_force,main_cat='Home Audio & Theater' AND overall>=3.0,0.2,0.1962,50,44,0.9371,24.6749,25.612,50,50,1.0
brute_force,main_cat='Home Audio & Theater' AND overall>=3.0,0.2,0.1962,50,45,0.1232,24.6432,24.7664,50,50,1.0
brute_force,main_cat='Home Audio & Theater' AND overall>=3.0,0.2,0.1962,50,46,0.0889,24.5534,24.6423,50,50,1.0
brute_force,main_cat='Home Audio & Theater' AND overall>=3.0,0.2,0.1962,50,47,0.175,24.5944,24.7694,50,50,1.0
brute_force,main_cat='Home Audio & Theater' AND overall>=3.0,0.2,0.1962,50,48,0.2103,24.6789,24.8892,50,50,1.0
brute_force,main_cat='Home Audio & Theater' AND overall>=3.0,0.2,0.1962,50,49,0.186,24.7025,24.8885,50,50,1.0
naive_prefilter,main_cat='Home Audio & Theater' AND overall>=3.0,0.2,0.1962,50,0,17.2865,12.0185,29.3051,38011,50,1.0
naive_prefilter,main_cat='Home Audio & Theater' AND overall>=3.0,0.2,0.1962,50,1,17.3423,11.9123,29.2546,38011,50,1.0
naive_prefilter,main_cat='Home Audio & Theater' AND overall>=3.0,0.2,0.1962,50,2,17.369,11.9417,29.3107,38011,50,1.0
naive_prefilter,main_cat='Home Audio & Theater' AND overall>=3.0,0.2,0.1962,50,3,17.1689,11.8929,29.0617,38011,50,1.0
naive_prefilter,main_cat='Home Audio & Theater' AND overall>=3.0,0.2,0.1962,50,4,17.4125,11.958,29.3705,38011,50,1.0
naive_prefilter,main_cat='Home Audio & Theater' AND overall>=3.0,0.2,0.1962,50,5,17.4046,11.9227,29.3274,38011,50,1.0
naive_prefilter,main_cat='Home Audio & Theater' AND overall>=3.0,0.2,0.1962,50,6,17.2877,11.933,29.2207,38011,50,1.0
naive_prefilter,main_cat='Home Audio & Theater' AND overall>=3.0,0.2,0.1962,50,7,17.2788,11.8653,29.1441,38011,50,1.0
naive_prefilter,main_cat='Home Audio & Theater' AND overall>=3.0,0.2,0.1962,50,8,16.9215,11.8619,28.7834,38011,50,0.96
naive_prefilter,main_cat='Home Audio & Theater' AND overall>=3.0,0.2,0.1962,50,9,17.1453,11.896,29.0413,38011,50,1.0
naive_prefilter,main_cat='Home Audio & Theater' AND overall>=3.0,0.2,0.1962,50,10,16.9665,11.8742,28.8406,38011,50,1.0
naive_prefilter,main_cat='Home Audio & Theater' AND overall>=3.0,0.2,0.1962,50,11,16.8951,11.7951,28.6902,38011,50,1.0
naive_prefilter,main_cat='Home Audio & Theater' AND overall>=3.0,0.2,0.1962,50,12,16.9736,11.9981,28.9717,38011,50,1.0
naive_prefilter,main_cat='Home Audio & Theater' AND overall>=3.0,0.2,0.1962,50,13,16.8296,11.8214,28.651,38011,50,1.0
naive_prefilter,main_cat='Home Audio & Theater' AND overall>=3.0,0.2,0.1962,50,14,16.8371,11.8726,28.7098,38011,50,1.0
naive_prefilter,main_cat='Home Audio & Theater' AND overall>=3.0,0.2,0.1962,50,15,17.0115,11.8306,28.8421,38011,50,1.0
naive_prefilter,main_cat='Home Audio & Theater' AND overall>=3.0,0.2,0.1962,50,16,17.0938,11.9146,29.0084,38011,50,1.0
naive_prefilter,main_cat='Home Audio & Theater' AND overall>=3.0,0.2,0.1962,50,17,16.9496,11.9171,28.8667,38011,50,1.0
naive_prefilter,main_cat='Home Audio & Theater' AND overall>=3.0,0.2,0.1962,50,18,16.8599,11.8162,28.6761,38011,50,1.0
naive_prefilter,main_cat='Home Audio & Theater' AND overall>=3.0,0.2,0.1962,50,19,16.8789,11.8295,28.7085,38011,50,1.0
naive_prefilter,main_cat='Home Audio & Theater' AND overall>=3.0,0.2,0.1962,50,20,16.8858,11.7783,28.6641,38011,50,1.0
naive_prefilter,main_cat='Home Audio & Theater' AND overall>=3.0,0.2,0.1962,50,21,17.006,11.8485,28.8545,38011,50,1.0
naive_prefilter,main_cat='Home Audio & Theater' AND overall>=3.0,0.2,0.1962,50,22,16.9791,11.8678,28.8469,38011,50,1.0
naive_prefilter,main_cat='Home Audio & Theater' AND overall>=3.0,0.2,0.1962,50,23,17.053,11.8016,28.8546,38011,50,1.0
naive_prefilter,main_cat='Home Audio & Theater' AND overall>=3.0,0.2,0.1962,50,24,16.7846,11.8415,28.6261,38011,50,1.0
naive_prefilter,main_cat='Home Audio & Theater' AND overall>=3.0,0.2,0.1962,50,25,16.8005,11.8406,28.6412,38011,50,1.0
naive_prefilter,main_cat='Home Audio & Theater' AND overall>=3.0,0.2,0.1962,50,26,16.8718,11.8507,28.7225,38011,50,1.0
naive_prefilter,main_cat='Home Audio & Theater' AND overall>=3.0,0.2,0.1962,50,27,16.8105,11.7905,28.601,38011,50,1.0
naive_prefilter,main_cat='Home Audio & Theater' AND overall>=3.0,0.2,0.1962,50,28,17.0879,11.8225,28.9103,38011,50,1.0
naive_prefilter,main_cat='Home Audio & Theater' AND overall>=3.0,0.2,0.1962,50,29,16.7874,11.8575,28.6448,38011,50,1.0
naive_prefilter,main_cat='Home Audio & Theater' AND overall>=3.0,0.2,0.1962,50,30,16.8745,11.8235,28.6979,38011,50,1.0
naive_prefilter,main_cat='Home Audio & Theater' AND overall>=3.0,0.2,0.1962,50,31,17.2787,11.9117,29.1904,38011,50,1.0
naive_prefilter,main_cat='Home Audio & Theater' AND overall>=3.0,0.2,0.1962,50,32,17.171,11.8304,29.0014,38011,50,1.0
naive_prefilter,main_cat='Home Audio & Theater' AND overall>=3.0,0.2,0.1962,50,33,17.2245,11.945,29.1695,38011,50,1.0
naive_prefilter,main_cat='Home Audio & Theater' AND overall>=3.0,0.2,0.1962,50,34,16.8911,11.8384,28.7295,38011,50,1.0
naive_prefilter,main_cat='Home Audio & Theater' AND overall>=3.0,0.2,0.1962,50,35,17.0673,11.8472,28.9146,38011,50,1.0
naive_prefilter,main_cat='Home Audio & Theater' AND overall>=3.0,0.2,0.1962,50,36,16.9019,11.9327,28.8346,38011,50,1.0
naive_prefilter,main_cat='Home Audio & Theater' AND overall>=3.0,0.2,0.1962,50,37,16.8902,11.8915,28.7818,38011,50,1.0
naive_prefilter,main_cat='Home Audio & Theater' AND overall>=3.0,0.2,0.1962,50,38,17.2245,11.8031,29.0275,38011,50,1.0
naive_prefilter,main_cat='Home Audio & Theater' AND overall>=3.0,0.2,0.1962,50,39,16.9731,11.7979,28.771,38011,50,1.0
naive_prefilter,main_cat='Home Audio & Theater' AND overall>=3.0,0.2,0.1962,50,40,17.0856,11.9668,29.0523,38011,50,1.0
naive_prefilter,main_cat='Home Audio & Theater' AND overall>=3.0,0.2,0.1962,50,41,17.06,11.8566,28.9166,38011,50,1.0
naive_prefilter,main_cat='Home Audio & Theater' AND overall>=3.0,0.2,0.1962,50,42,17.1574,11.837,28.9943,38011,50,1.0
naive_prefilter,main_cat='Home Audio & Theater' AND overall>=3.0,0.2,0.1962,50,43,17.0389,11.9587,28.9976,38011,50,1.0
naive_prefilter,main_cat='Home Audio & Theater' AND overall>=3.0,0.2,0.1962,50,44,16.97,11.8048,28.7748,38011,50,1.0
naive_prefilter,main_cat='Home Audio & Theater' AND overall>=3.0,0.2,0.1962,50,45,17.1514,11.8407,28.9922,38011,50,1.0
naive_prefilter,main_cat='Home Audio & Theater' AND overall>=3.0,0.2,0.1962,50,46,16.9402,11.7955,28.7358,38011,50,1.0
naive_prefilter,main_cat='Home Audio & Theater' AND overall>=3.0,0.2,0.1962,50,47,17.3312,11.8412,29.1725,38011,50,0.96
naive_prefilter,main_cat='Home Audio & Theater' AND overall>=3.0,0.2,0.1962,50,48,16.894,11.8166,28.7107,38011,50,1.0
naive_prefilter,main_cat='Home Audio & Theater' AND overall>=3.0,0.2,0.1962,50,49,17.1473,11.8056,28.9528,38011,50,1.0
post_filter,main_cat='Home Audio & Theater' AND overall>=3.0,0.2,0.1962,50,0,0.0322,0.5145,0.5467,50,50,1.0
post_filter,main_cat='Home Audio & Theater' AND overall>=3.0,0.2,0.1962,50,1,0.0965,1.0762,1.1728,50,50,1.0
post_filter,main_cat='Home Audio & Theater' AND overall>=3.0,0.2,0.1962,50,2,0.2756,0.8269,1.1025,50,50,0.9
post_filter,main_cat='Home Audio & Theater' AND overall>=3.0,0.2,0.1962,50,3,0.1232,0.897,1.0202,50,50,0.86
post_filter,main_cat='Home Audio & Theater' AND overall>=3.0,0.2,0.1962,50,4,0.2116,1.0548,1.2664,50,50,0.8
post_filter,main_cat='Home Audio & Theater' AND overall>=3.0,0.2,0.1962,50,5,0.5262,1.0038,1.53,50,50,0.8
post_filter,main_cat='Home Audio & Theater' AND overall>=3.0,0.2,0.1962,50,6,0.1139,1.0795,1.1933,50,50,1.0
post_filter,main_cat='Home Audio & Theater' AND overall>=3.0,0.2,0.1962,50,7,0.3755,0.7721,1.1476,50,50,0.84
post_filter,main_cat='Home Audio & Theater' AND overall>=3.0,0.2,0.1962,50,8,0.0854,1.1337,1.2191,50,50,0.96
post_filter,main_cat='Home Audio & Theater' AND overall>=3.0,0.2,0.1962,50,9,0.099,1.1143,1.2133,50,50,0.98
post_filter,main_cat='Home Audio & Theater' AND overall>=3.0,0.2,0.1962,50,10,0.1434,1.0074,1.1508,50,50,0.98
post_filter,main_cat='Home Audio & Theater' AND overall>=3.0,0.2,0.1962,50,11,0.1043,0.9795,1.0838,50,50,1.0
post_filter,main_cat='Home Audio & Theater' AND overall>=3.0,0.2,0.1962,50,12,0.0765,0.8187,0.8952,50,50,1.0
post_filter,main_cat='Home Audio & Theater' AND overall>=3.0,0.2,0.1962,50,13,0.0731,0.8449,0.918,50,50,1.0
post_filter,main_cat='Home Audio & Theater' AND overall>=3.0,0.2,0.1962,50,14,0.4582,0.6419,1.1,50,50,0.78
post_filter,main_cat='Home Audio & Theater' AND overall>=3.0,0.2,0.1962,50,15,0.7016,0.5615,1.2631,47,47,0.32
post_filter,main_cat='Home Audio & Theater' AND overall>=3.0,0.2,0.1962,50,16,0.1333,1.0312,1.1645,50,50,0.94
post_filter,main_cat='Home Audio & Theater' AND overall>=3.0,0.2,0.1962,50,17,0.1912,0.7683,0.9595,50,50,0.84
post_filter,main_cat='Home Audio & Theater' AND overall>=3.0,0.2,0.1962,50,18,0.3869,0.9237,1.3107,50,50,0.86
post_filter,main_cat='Home Audio & Theater' AND overall>=3.0,0.2,0.1962,50,19,0.2215,1.0585,1.28,50,50,0.86
post_filter,main_cat='Home Audio & Theater' AND overall>=3.0,0.2,0.1962,50,20,0.1456,0.7093,0.8549,50,50,0.98
post_filter,main_cat='Home Audio & Theater' AND overall>=3.0,0.2,0.1962,50,21,0.3414,0.7453,1.0868,50,50,0.42
post_filter,main_cat='Home Audio & Theater' AND overall>=3.0,0.2,0.1962,50,22,0.458,0.781,1.2389,50,50,0.52
post_filter,main_cat='Home Audio & Theater' AND overall>=3.0,0.2,0.1962,50,23,0.1337,0.748,0.8817,50,50,1.0
post_filter,main_cat='Home Audio & Theater' AND overall>=3.0,0.2,0.1962,50,24,0.1286,1.1164,1.245,50,50,0.98
post_filter,main_cat='Home Audio & Theater' AND overall>=3.0,0.2,0.1962,50,25,0.0749,0.3436,0.4185,50,50,0.82
post_filter,main_cat='Home Audio & Theater' AND overall>=3.0,0.2,0.1962,50,26,0.2102,0.9848,1.195,50,50,0.9
post_filter,main_cat='Home Audio & Theater' AND overall>=3.0,0.2,0.1962,50,27,0.3907,0.9253,1.316,50,50,0.92
post_filter,main_cat='Home Audio & Theater' AND overall>=3.0,0.2,0.1962,50,28,0.19,0.959,1.149,50,50,0.92
post_filter,main_cat='Home Audio & Theater' AND overall>=3.0,0.2,0.1962,50,29,0.0953,0.5933,0.6886,50,50,0.96
post_filter,main_cat='Home Audio & Theater' AND overall>=3.0,0.2,0.1962,50,30,0.1416,0.447,0.5885,50,50,0.0
post_filter,main_cat='Home Audio & Theater' AND overall>=3.0,0.2,0.1962,50,31,0.1154,0.9622,1.0775,50,50,0.96
post_filter,main_cat='Home Audio & Theater' AND overall>=3.0,0.2,0.1962,50,32,0.281,0.7499,1.0309,50,50,0.96
post_filter,main_cat='Home Audio & Theater' AND overall>=3.0,0.2,0.1962,50,33,0.3652,0.5667,0.932,50,50,0.48
post_filter,main_cat='Home Audio & Theater' AND overall>=3.0,0.2,0.1962,50,34,0.0827,0.9513,1.034,50,50,1.0
post_filter,main_cat='Home Audio & Theater' AND overall>=3.0,0.2,0.1962,50,35,0.2313,0.9845,1.2157,50,50,0.9
post_filter,main_cat='Home Audio & Theater' AND overall>=3.0,0.2,0.1962,50,36,0.4629,0.7953,1.2581,50,50,0.64
post_filter,main_cat='Home Audio & Theater' AND overall>=3.0,0.2,0.1962,50,37,0.1161,0.7319,0.848,50,50,1.0
post_filter,main_cat='Home Audio & Theater' AND overall>=3.0,0.2,0.1962,50,38,0.2696,1.202,1.4715,50,50,0.88
post_filter,main_cat='Home Audio & Theater' AND overall>=3.0,0.2,0.1962,50,39,0.1163,0.5654,0.6817,50,50,0.98
post_filter,main_cat='Home Audio & Theater' AND overall>=3.0,0.2,0.1962,50,40,0.181,1.1949,1.3759,50,50,0.94
post_filter,main_cat='Home Audio & Theater' AND overall>=3.0,0.2,0.1962,50,41,0.4491,0.7247,1.1738,50,50,0.7
post_filter,main_cat='Home Audio & Theater' AND overall>=3.0,0.2,0.1962,50,42,0.0957,0.9922,1.0878,50,50,0.98
post_filter,main_cat='Home Audio & Theater' AND overall>=3.0,0.2,0.1962,50,43,0.14,0.4916,0.6315,50,50,0.94
post_filter,main_cat='Home Audio & Theater' AND overall>=3.0,0.2,0.1962,50,44,0.7119,0.7068,1.4187,50,50,0.7
post_filter,main_cat='Home Audio & Theater' AND overall>=3.0,0.2,0.1962,50,45,0.102,1.0527,1.1547,50,50,0.92
post_filter,main_cat='Home Audio & Theater' AND overall>=3.0,0.2,0.1962,50,46,0.0733,0.8444,0.9177,50,50,1.0
post_filter,main_cat='Home Audio & Theater' AND overall>=3.0,0.2,0.1962,50,47,0.1373,0.2941,0.4314,50,50,0.9
post_filter,main_cat='Home Audio & Theater' AND overall>=3.0,0.2,0.1962,50,48,0.167,1.0385,1.2055,50,50,0.92
post_filter,main_cat='Home Audio & Theater' AND overall>=3.0,0.2,0.1962,50,49,0.1475,0.4922,0.6397,50,50,0.76
bitmap_prefilter,main_cat='Home Audio & Theater' AND overall>=3.0,0.2,0.1962,50,0,0.0661,11.2717,11.3378,38011,50,1.0
bitmap_prefilter,main_cat='Home Audio & Theater' AND overall>=3.0,0.2,0.1962,50,1,0.0563,11.2165,11.2728,38011,50,1.0
bitmap_prefilter,main_cat='Home Audio & Theater' AND overall>=3.0,0.2,0.1962,50,2,0.0506,11.2135,11.2641,38011,50,1.0
bitmap_prefilter,main_cat='Home Audio & Theater' AND overall>=3.0,0.2,0.1962,50,3,0.0508,11.1745,11.2253,38011,50,1.0
bitmap_prefilter,main_cat='Home Audio & Theater' AND overall>=3.0,0.2,0.1962,50,4,0.0488,11.2637,11.3126,38011,50,1.0
bitmap_prefilter,main_cat='Home Audio & Theater' AND overall>=3.0,0.2,0.1962,50,5,0.051,11.186,11.2371,38011,50,1.0
bitmap_prefilter,main_cat='Home Audio & Theater' AND overall>=3.0,0.2,0.1962,50,6,0.05,11.1614,11.2114,38011,50,1.0
bitmap_prefilter,main_cat='Home Audio & Theater' AND overall>=3.0,0.2,0.1962,50,7,0.0489,11.1341,11.183,38011,50,1.0
bitmap_prefilter,main_cat='Home Audio & Theater' AND overall>=3.0,0.2,0.1962,50,8,0.0483,11.2357,11.284,38011,50,0.96
bitmap_prefilter,main_cat='Home Audio & Theater' AND overall>=3.0,0.2,0.1962,50,9,0.0505,11.1524,11.2029,38011,50,1.0
bitmap_prefilter,main_cat='Home Audio & Theater' AND overall>=3.0,0.2,0.1962,50,10,0.0481,11.1633,11.2114,38011,50,1.0
bitmap_prefilter,main_cat='Home Audio & Theater' AND overall>=3.0,0.2,0.1962,50,11,0.0494,11.2238,11.2732,38011,50,1.0
bitmap_prefilter,main_cat='Home Audio & Theater' AND overall>=3.0,0.2,0.1962,50,12,0.0488,11.1646,11.2133,38011,50,1.0
bitmap_prefilter,main_cat='Home Audio & Theater' AND overall>=3.0,0.2,0.1962,50,13,0.0474,11.2055,11.2529,38011,50,1.0
bitmap_prefilter,main_cat='Home Audio & Theater' AND overall>=3.0,0.2,0.1962,50,14,0.0475,11.1905,11.238,38011,50,1.0
bitmap_prefilter,main_cat='Home Audio & Theater' AND overall>=3.0,0.2,0.1962,50,15,0.0487,11.1741,11.2228,38011,50,1.0
bitmap_prefilter,main_cat='Home Audio & Theater' AND overall>=3.0,0.2,0.1962,50,16,0.049,11.1286,11.1776,38011,50,1.0
bitmap_prefilter,main_cat='Home Audio & Theater' AND overall>=3.0,0.2,0.1962,50,17,0.0473,11.21,11.2573,38011,50,1.0
bitmap_prefilter,main_cat='Home Audio & Theater' AND overall>=3.0,0.2,0.1962,50,18,0.0621,11.1818,11.2439,38011,50,1.0
bitmap_prefilter,main_cat='Home Audio & Theater' AND overall>=3.0,0.2,0.1962,50,19,0.0548,11.2955,11.3503,38011,50,1.0
bitmap_prefilter,main_cat='Home Audio & Theater' AND overall>=3.0,0.2,0.1962,50,20,0.054,11.2277,11.2816,38011,50,1.0
bitmap_prefilter,main_cat='Home Audio & Theater' AND overall>=3.0,0.2,0.1962,50,21,0.048,11.2898,11.3378,38011,50,1.0
bitmap_prefilter,main_cat='Home Audio & Theater' AND overall>=3.0,0.2,0.1962,50,22,0.0492,11.4758,11.525,38011,50,1.0
bitmap_prefilter,main_cat='Home Audio & Theater' AND overall>=3.0,0.2,0.1962,50,23,0.0495,11.2266,11.276,38011,50,1.0
bitmap_prefilter,main_cat='Home Audio & Theater' AND overall>=3.0,0.2,0.1962,50,24,0.0464,11.1623,11.2087,38011,50,1.0
bitmap_prefilter,main_cat='Home Audio & Theater' AND overall>=3.0,0.2,0.1962,50,25,0.0545,11.1587,11.2131,38011,50,1.0
bitmap_prefilter,main_cat='Home Audio & Theater' AND overall>=3.0,0.2,0.1962,50,26,0.0466,11.2181,11.2647,38011,50,1.0
bitmap_prefilter,main_cat='Home Audio & Theater' AND overall>=3.0,0.2,0.1962,50,27,0.0467,11.1734,11.2201,38011,50,1.0
bitmap_prefilter,main_cat='Home Audio & Theater' AND overall>=3.0,0.2,0.1962,50,28,0.0471,11.1803,11.2274,38011,50,1.0
bitmap_prefilter,main_cat='Home Audio & Theater' AND overall>=3.0,0.2,0.1962,50,29,0.0473,11.554,11.6012,38011,50,1.0
bitmap_prefilter,main_cat='Home Audio & Theater' AND overall>=3.0,0.2,0.1962,50,30,0.0503,11.1988,11.249,38011,50,1.0
bitmap_prefilter,main_cat='Home Audio & Theater' AND overall>=3.0,0.2,0.1962,50,31,0.0468,11.14,11.1868,38011,50,1.0
bitmap_prefilter,main_cat='Home Audio & Theater' AND overall>=3.0,0.2,0.1962,50,32,0.0474,11.1717,11.219,38011,50,1.0
bitmap_prefilter,main_cat='Home Audio & Theater' AND overall>=3.0,0.2,0.1962,50,33,0.0469,11.1435,11.1904,38011,50,1.0
bitmap_prefilter,main_cat='Home Audio & Theater' AND overall>=3.0,0.2,0.1962,50,34,0.0474,11.1645,11.2119,38011,50,1.0
bitmap_prefilter,main_cat='Home Audio & Theater' AND overall>=3.0,0.2,0.1962,50,35,0.046,11.2076,11.2535,38011,50,1.0
bitmap_prefilter,main_cat='Home Audio & Theater' AND overall>=3.0,0.2,0.1962,50,36,0.0467,11.1393,11.186,38011,50,1.0
bitmap_prefilter,main_cat='Home Audio & Theater' AND overall>=3.0,0.2,0.1962,50,37,0.0486,11.2604,11.309,38011,50,1.0
bitmap_prefilter,main_cat='Home Audio & Theater' AND overall>=3.0,0.2,0.1962,50,38,0.0476,11.1746,11.2222,38011,50,1.0
bitmap_prefilter,main_cat='Home Audio & Theater' AND overall>=3.0,0.2,0.1962,50,39,0.0482,11.1878,11.2361,38011,50,1.0
bitmap_prefilter,main_cat='Home Audio & Theater' AND overall>=3.0,0.2,0.1962,50,40,0.0461,11.1755,11.2216,38011,50,1.0
bitmap_prefilter,main_cat='Home Audio & Theater' AND overall>=3.0,0.2,0.1962,50,41,0.046,11.1645,11.2105,38011,50,1.0
bitmap_prefilter,main_cat='Home Audio & Theater' AND overall>=3.0,0.2,0.1962,50,42,0.0467,11.2192,11.2659,38011,50,1.0
bitmap_prefilter,main_cat='Home Audio & Theater' AND overall>=3.0,0.2,0.1962,50,43,0.048,11.1357,11.1837,38011,50,1.0
bitmap_prefilter,main_cat='Home Audio & Theater' AND overall>=3.0,0.2,0.1962,50,44,0.0517,11.199,11.2507,38011,50,1.0
bitmap_prefilter,main_cat='Home Audio & Theater' AND overall>=3.0,0.2,0.1962,50,45,0.046,11.2266,11.2726,38011,50,1.0
bitmap_prefilter,main_cat='Home Audio & Theater' AND overall>=3.0,0.2,0.1962,50,46,0.0462,11.2045,11.2507,38011,50,1.0
bitmap_prefilter,main_cat='Home Audio & Theater' AND overall>=3.0,0.2,0.1962,50,47,0.0458,11.144,11.1899,38011,50,0.96
bitmap_prefilter,main_cat='Home Audio & Theater' AND overall>=3.0,0.2,0.1962,50,48,0.0459,11.2156,11.2615,38011,50,1.0
bitmap_prefilter,main_cat='Home Audio & Theater' AND overall>=3.0,0.2,0.1962,50,49,0.0468,11.2125,11.2593,38011,50,1.0
brute_force,verified=false,0.3,0.2486,10,0,0.0358,24.7258,24.7616,10,10,1.0
brute_force,verified=false,0.3,0.2486,10,1,0.0291,24.5488,24.5779,10,10,1.0
brute_force,verified=false,0.3,0.2486,10,2,0.0283,24.9917,25.02,10,10,1.0
brute_force,verified=false,0.3,0.2486,10,3,0.0368,24.5828,24.6196,10,10,1.0
brute_force,verified=false,0.3,0.2486,10,4,0.0273,24.7868,24.814,10,10,1.0
brute_force,verified=false,0.3,0.2486,10,5,0.018,24.4792,24.4972,10,10,1.0
brute_force,verified=false,0.3,0.2486,10,6,0.021,24.5542,24.5751,10,10,1.0
brute_force,verified=false,0.3,0.2486,10,7,0.0355,24.5288,24.5644,10,10,1.0
brute_force,verified=false,0.3,0.2486,10,8,0.0262,24.5753,24.6015,10,10,1.0
brute_force,verified=false,0.3,0.2486,10,9,0.0197,24.6235,24.6431,10,10,1.0
brute_force,verified=false,0.3,0.2486,10,10,0.0222,24.6002,24.6224,10,10,1.0
brute_force,verified=false,0.3,0.2486,10,11,0.0269,24.4982,24.5252,10,10,1.0
brute_force,verified=false,0.3,0.2486,10,12,0.0293,24.6152,24.6445,10,10,1.0
brute_force,verified=false,0.3,0.2486,10,13,0.0483,24.651,24.6993,10,10,1.0
brute_force,verified=false,0.3,0.2486,10,14,0.025,24.5562,24.5813,10,10,1.0
brute_force,verified=false,0.3,0.2486,10,15,0.0245,24.6544,24.6789,10,10,1.0
brute_force,verified=false,0.3,0.2486,10,16,0.0431,24.6276,24.6707,10,10,1.0
brute_force,verified=false,0.3,0.2486,10,17,0.0667,24.628,24.6947,10,10,1.0
brute_force,verified=false,0.3,0.2486,10,18,0.0175,24.5559,24.5734,10,10,1.0
brute_force,verified=false,0.3,0.2486,10,19,0.0243,24.4613,24.4856,10,10,1.0
brute_force,verified=false,0.3,0.2486,10,20,0.0444,24.606,24.6505,10,10,1.0
brute_force,verified=false,0.3,0.2486,10,21,0.0312,25.23,25.2613,10,10,1.0
brute_force,verified=false,0.3,0.2486,10,22,0.0263,24.7417,24.768,10,10,1.0
brute_force,verified=false,0.3,0.2486,10,23,0.0628,25.0589,25.1216,10,10,1.0
brute_force,verified=false,0.3,0.2486,10,24,0.0182,24.7553,24.7735,10,10,1.0
brute_force,verified=false,0.3,0.2486,10,25,0.1323,24.7746,24.9069,10,10,1.0
brute_force,verified=false,0.3,0.2486,10,26,0.0293,24.8674,24.8967,10,10,1.0
brute_force,verified=false,0.3,0.2486,10,27,0.0151,24.4307,24.4458,10,10,1.0
brute_force,verified=false,0.3,0.2486,10,28,0.0333,24.5613,24.5947,10,10,1.0
brute_force,verified=false,0.3,0.2486,10,29,0.0708,24.6147,24.6855,10,10,1.0
brute_force,verified=false,0.3,0.2486,10,30,0.1246,24.613,24.7376,10,10,1.0
brute_force,verified=false,0.3,0.2486,10,31,0.0308,24.5435,24.5743,10,10,1.0
brute_force,verified=false,0.3,0.2486,10,32,0.0403,24.7571,24.7974,10,10,1.0
brute_force,verified=false,0.3,0.2486,10,33,0.0233,24.7287,24.752,10,10,1.0
brute_force,verified=false,0.3,0.2486,10,34,0.028,24.4823,24.5103,10,10,1.0
brute_force,verified=false,0.3,0.2486,10,35,0.0183,24.4884,24.5066,10,10,1.0
brute_force,verified=false,0.3,0.2486,10,36,0.0307,24.487,24.5177,10,10,1.0
brute_force,verified=false,0.3,0.2486,10,37,0.0597,24.6016,24.6613,10,10,1.0
brute_force,verified=false,0.3,0.2486,10,38,0.0242,24.4929,24.5171,10,10,1.0
brute_force,verified=false,0.3,0.2486,10,39,0.0847,24.6507,24.7354,10,10,1.0
brute_force,verified=false,0.3,0.2486,10,40,0.0352,24.4412,24.4764,10,10,1.0
brute_force,verified=false,0.3,0.2486,10,41,0.0355,24.6494,24.6849,10,10,1.0
brute_force,verified=false,0.3,0.2486,10,42,0.0172,24.4167,24.4339,10,10,1.0
brute_force,verified=false,0.3,0.2486,10,43,0.1111,24.6026,24.7137,10,10,1.0
brute_force,verified=false,0.3,0.2486,10,44,0.0476,24.5767,24.6243,10,10,1.0
brute_force,verified=false,0.3,0.2486,10,45,0.0297,24.6031,24.6328,10,10,1.0
brute_force,verified=false,0.3,0.2486,10,46,0.0273,24.5788,24.6061,10,10,1.0
brute_force,verified=false,0.3,0.2486,10,47,0.1368,24.6215,24.7583,10,10,1.0
brute_force,verified=false,0.3,0.2486,10,48,0.0371,24.585,24.6221,10,10,1.0
brute_force,verified=false,0.3,0.2486,10,49,0.1268,24.6257,24.7525,10,10,1.0
naive_prefilter,verified=false,0.3,0.2486,10,0,15.5376,17.2038,32.7415,48178,10,1.0
naive_prefilter,verified=false,0.3,0.2486,10,1,15.5398,17.1245,32.6643,48178,10,1.0
naive_prefilter,verified=false,0.3,0.2486,10,2,15.5071,17.2045,32.7116,48178,10,1.0
naive_prefilter,verified=false,0.3,0.2486,10,3,15.2634,17.5614,32.8248,48178,10,1.0
naive_prefilter,verified=false,0.3,0.2486,10,4,15.384,17.1056,32.4896,48178,10,1.0
naive_prefilter,verified=false,0.3,0.2486,10,5,15.1122,17.1669,32.279,48178,10,1.0
naive_prefilter,verified=false,0.3,0.2486,10,6,15.3928,17.203,32.5959,48178,10,1.0
naive_prefilter,verified=false,0.3,0.2486,10,7,15.6634,17.0954,32.7588,48178,10,1.0
naive_prefilter,verified=false,0.3,0.2486,10,8,15.5138,17.186,32.6999,48178,10,1.0
naive_prefilter,verified=false,0.3,0.2486,10,9,15.3715,17.052,32.4235,48178,10,1.0
naive_prefilter,verified=false,0.3,0.2486,10,10,15.3039,17.0205,32.3244,48178,10,1.0
naive_prefilter,verified=false,0.3,0.2486,10,11,15.3376,17.0764,32.414,48178,10,1.0
naive_prefilter,verified=false,0.3,0.2486,10,12,15.3762,17.0467,32.4229,48178,10,1.0
naive_prefilter,verified=false,0.3,0.2486,10,13,15.3764,17.0144,32.3908,48178,10,1.0
naive_prefilter,verified=false,0.3,0.2486,10,14,15.597,17.0819,32.6789,48178,10,1.0
naive_prefilter,verified=false,0.3,0.2486,10,15,15.4951,17.0616,32.5567,48178,10,1.0
naive_prefilter,verified=false,0.3,0.2486,10,16,15.5765,17.0164,32.5929,48178,10,1.0
naive_prefilter,verified=false,0.3,0.2486,10,17,15.6535,17.101,32.7545,48178,10,1.0
naive_prefilter,verified=false,0.3,0.2486,10,18,15.5076,17.0913,32.599,48178,10,1.0
naive_prefilter,verified=false,0.3,0.2486,10,19,15.3153,17.0343,32.3496,48178,10,1.0
naive_prefilter,verified=false,0.3,0.2486,10,20,15.2036,17.023,32.2265,48178,10,1.0
naive_prefilter,verified=false,0.3,0.2486,10,21,15.1877,17.0729,32.2605,48178,10,1.0
naive_prefilter,verified=false,0.3,0.2486,10,22,15.1308,17.0042,32.135,48178,10,1.0
naive_prefilter,verified=false,0.3,0.2486,10,23,15.1905,17.0,32.1905,48178,10,1.0
naive_prefilter,verified=false,0.3,0.2486,10,24,15.096,17.1142,32.2102,48178,10,1.0
naive_prefilter,verified=false,0.3,0.2486,10,25,15.3873,17.9895,33.3768,48178,10,1.0
naive_prefilter,verified=false,0.3,0.2486,10,26,15.466,17.3555,32.8215,48178,10,1.0
naive_prefilter,verified=false,0.3,0.2486,10,27,15.3474,17.033,32.3803,48178,10,1.0
naive_prefilter,verified=false,0.3,0.2486,10,28,15.1183,17.0938,32.2121,48178,10,1.0
naive_prefilter,verified=false,0.3,0.2486,10,29,15.0343,16.9989,32.0332,48178,10,1.0
naive_prefilter,verified=false,0.3,0.2486,10,30,15.0908,16.9537,32.0445,48178,10,0.9
naive_prefilter,verified=false,0.3,0.2486,10,31,14.9107,17.1284,32.0391,48178,10,1.0
naive_prefilter,verified=false,0.3,0.2486,10,32,15.1388,16.9638,32.1026,48178,10,1.0
naive_prefilter,verified=false,0.3,0.2486,10,33,15.2282,17.015,32.2432,48178,10,1.0
naive_prefilter,verified=false,0.3,0.2486,10,34,14.816,17.0566,31.8725,48178,10,1.0
naive_prefilter,verified=false,0.3,0.2486,10,35,15.1641,16.9951,32.1592,48178,10,1.0
naive_prefilter,verified=false,0.3,0.2486,10,36,15.338,17.0072,32.3452,48178,10,1.0
naive_prefilter,verified=false,0.3,0.2486,10,37,15.0678,17.279,32.3469,48178,10,1.0
naive_prefilter,verified=false,0.3,0.2486,10,38,15.5917,17.0745,32.6662,48178,10,1.0
naive_prefilter,verified=false,0.3,0.2486,10,39,15.3189,17.1683,32.4871,48178,10,1.0
naive_prefilter,verified=false,0.3,0.2486,10,40,15.4051,17.1063,32.5114,48178,10,1.0
naive_prefilter,verified=false,0.3,0.2486,10,41,15.2862,17.0563,32.3425,48178,10,1.0
naive_prefilter,verified=false,0.3,0.2486,10,42,15.3061,17.0205,32.3267,48178,10,1.0
naive_prefilter,verified=false,0.3,0.2486,10,43,15.3597,17.0673,32.427,48178,10,1.0
naive_prefilter,verified=false,0.3,0.2486,10,44,15.2712,17.071,32.3422,48178,10,1.0
naive_prefilter,verified=false,0.3,0.2486,10,45,15.1497,17.1167,32.2665,48178,10,1.0
naive_prefilter,verified=false,0.3,0.2486,10,46,15.2613,17.1942,32.4555,48178,10,1.0
naive_prefilter,verified=false,0.3,0.2486,10,47,15.2192,16.9768,32.196,48178,10,1.0
naive_prefilter,verified=false,0.3,0.2486,10,48,15.1501,17.0245,32.1747,48178,10,1.0
naive_prefilter,verified=false,0.3,0.2486,10,49,15.065,17.0109,32.0759,48178,10,1.0
post_filter,verified=false,0.3,0.2486,10,0,0.0101,0.3626,0.3727,10,10,1.0
post_filter,verified=false,0.3,0.2486,10,1,0.0172,0.817,0.8342,10,10,1.0
post_filter,verified=false,0.3,0.2486,10,2,0.02,0.6665,0.6864,10,10,1.0
post_filter,verified=false,0.3,0.2486,10,3,0.0272,0.6718,0.699,10,10,1.0
post_filter,verified=false,0.3,0.2486,10,4,0.019,0.7595,0.7785,10,10,1.0
post_filter,verified=false,0.3,0.2486,10,5,0.0128,0.646,0.6587,10,10,1.0
post_filter,verified=false,0.3,0.2486,10,6,0.0213,0.881,0.9022,10,10,1.0
post_filter,verified=false,0.3,0.2486,10,7,0.0322,0.631,0.6632,10,10,1.0
post_filter,verified=false,0.3,0.2486,10,8,0.0251,1.0052,1.0303,10,10,1.0
post_filter,verified=false,0.3,0.2486,10,9,0.0294,1.0801,1.1095,10,10,1.0
post_filter,verified=false,0.3,0.2486,10,10,0.0201,1.0615,1.0816,10,10,1.0
post_filter,verified=false,0.3,0.2486,10,11,0.0242,0.8289,0.8531,10,10,1.0
post_filter,verified=false,0.3,0.2486,10,12,0.0262,0.6795,0.7056,10,10,1.0
post_filter,verified=false,0.3,0.2486,10,13,0.0427,0.6931,0.7357,10,10,1.0
post_filter,verified=false,0.3,0.2486,10,14,0.022,0.517,0.539,10,10,1.0
post_filter,verified=false,0.3,0.2486,10,15,0.0197,0.4374,0.4571,10,10,1.0
post_filter,verified=false,0.3,0.2486,10,16,0.0368,0.8148,0.8516,10,10,1.0
post_filter,verified=false,0.3,0.2486,10,17,0.0586,0.6378,0.6965,10,10,1.0
post_filter,verified=false,0.3,0.2486,10,18,0.0137,0.7396,0.7533,10,10,1.0
post_filter,verified=false,0.3,0.2486,10,19,0.0223,0.7994,0.8217,10,10,1.0
post_filter,verified=false,0.3,0.2486,10,20,0.0375,0.5678,0.6053,10,10,1.0
post_filter,verified=false,0.3,0.2486,10,21,0.0169,0.5959,0.6128,10,10,1.0
post_filter,verified=false,0.3,0.2486,10,22,0.0191,0.6496,0.6687,10,10,1.0
post_filter,verified=false,0.3,0.2486,10,23,0.0538,0.6172,0.671,10,10,1.0
post_filter,verified=false,0.3,0.2486,10,24,0.0128,0.8445,0.8573,10,10,1.0
post_filter,verified=false,0.3,0.2486,10,25,0.1191,0.2559,0.375,10,10,0.6
post_filter,verified=false,0.3,0.2486,10,26,0.0173,0.7512,0.7686,10,10,1.0
post_filter,verified=false,0.3,0.2486,10,27,0.0107,0.7096,0.7203,10,10,1.0
post_filter,verified=false,0.3,0.2486,10,28,0.0263,0.7584,0.7847,10,10,0.9
post_filter,verified=false,0.3,0.2486,10,29,0.0587,0.5086,0.5673,10,10,1.0
post_filter,verified=false,0.3,0.2486,10,30,0.069,0.382,0.451,10,10,0.0
post_filter,verified=false,0.3,0.2486,10,31,0.0257,0.7552,0.7809,10,10,1.0
post_filter,verified=false,0.3,0.2486,10,32,0.0322,0.5904,0.6226,10,10,1.0
post_filter,verified=false,0.3,0.2486,10,33,0.0198,0.4645,0.4843,10,10,1.0
post_filter,verified=false,0.3,0.2486,10,34,0.0279,0.7511,0.779,10,10,1.0
post_filter,verified=false,0.3,0.2486,10,35,0.0136,0.7978,0.8114,10,10,1.0
post_filter,verified=false,0.3,0.2486,10,36,0.0294,0.6659,0.6953,10,10,1.0
post_filter,verified=false,0.3,0.2486,10,37,0.054,0.615,0.669,10,10,1.0
post_filter,verified=false,0.3,0.2486,10,38,0.0179,0.9345,0.9524,10,10,1.0
post_filter,verified=false,0.3,0.2486,10,39,0.0815,0.4735,0.555,10,10,1.0
post_filter,verified=false,0.3,0.2486,10,40,0.0364,1.0333,1.0697,10,10,1.0
post_filter,verified=false,0.3,0.2486,10,41,0.0285,0.5298,0.5583,10,10,1.0
post_filter,verified=false,0.3,0.2486,10,42,0.0121,0.7683,0.7804,10,10,1.0
post_filter,verified=false,0.3,0.2486,10,43,0.1027,0.3969,0.4997,10,10,0.9
post_filter,verified=false,0.3,0.2486,10,44,0.0405,0.6076,0.6481,10,10,1.0
post_filter,verified=false,0.3,0.2486,10,45,0.0232,0.8295,0.8527,10,10,1.0
post_filter,verified=false,0.3,0.2486,10,46,0.0206,0.6888,0.7094,10,10,1.0
post_filter,verified=false,0.3,0.2486,10,47,0.1239,0.233,0.3569,10,10,1.0
post_filter,verified=false,0.3,0.2486,10,48,0.0293,0.8184,0.8477,10,10,1.0
post_filter,verified=false,0.3,0.2486,10,49,0.1,0.4026,0.5026,10,10,0.9
bitmap_prefilter,verified=false,0.3,0.2486,10,0,0.0468,16.2932,16.34,48178,10,1.0
bitmap_prefilter,verified=false,0.3,0.2486,10,1,0.0504,16.3063,16.3566,48178,10,1.0
bitmap_prefilter,verified=false,0.3,0.2486,10,2,0.046,16.3551,16.4011,48178,10,1.0
bitmap_prefilter,verified=false,0.3,0.2486,10,3,0.0484,16.3087,16.3571,48178,10,1.0
bitmap_prefilter,verified=false,0.3,0.2486,10,4,0.0452,16.3522,16.3975,48178,10,1.0
bitmap_prefilter,verified=false,0.3,0.2486,10,5,0.0745,16.3415,16.416,48178,10,1.0
bitmap_prefilter,verified=false,0.3,0.2486,10,6,0.0542,16.3137,16.3679,48178,10,1.0
bitmap_prefilter,verified=false,0.3,0.2486,10,7,0.0467,16.2594,16.3062,48178,10,1.0
bitmap_prefilter,verified=false,0.3,0.2486,10,8,0.0558,16.3461,16.4019,48178,10,1.0
bitmap_prefilter,verified=false,0.3,0.2486,10,9,0.05,16.2073,16.2573,48178,10,1.0
bitmap_prefilter,verified=false,0.3,0.2486,10,10,0.045,16.2727,16.3177,48178,10,1.0
bitmap_prefilter,verified=false,0.3,0.2486,10,11,0.0462,16.3097,16.3559,48178,10,1.0
bitmap_prefilter,verified=false,0.3,0.2486,10,12,0.047,16.2902,16.3372,48178,10,1.0
bitmap_prefilter,verified=false,0.3,0.2486,10,13,0.0445,16.3362,16.3807,48178,10,1.0
bitmap_prefilter,verified=false,0.3,0.2486,10,14,0.0469,16.333,16.3798,48178,10,1.0
bitmap_prefilter,verified=false,0.3,0.2486,10,15,0.0435,16.266,16.3095,48178,10,1.0
bitmap_prefilter,verified=false,0.3,0.2486,10,16,0.0426,16.2215,16.2641,48178,10,1.0
bitmap_prefilter,verified=false,0.3,0.2486,10,17,0.0432,16.2894,16.3326,48178,10,1.0
bitmap_prefilter,verified=false,0.3,0.2486,10,18,0.0417,16.1939,16.2356,48178,10,1.0
bitmap_prefilter,verified=false,0.3,0.2486,10,19,0.0423,16.2026,16.2449,48178,10,1.0
bitmap_prefilter,verified=false,0.3,0.2486,10,20,0.0453,16.3864,16.4317,48178,10,1.0
bitmap_prefilter,verified=false,0.3,0.2486,10,21,0.043,16.2655,16.3085,48178,10,1.0
bitmap_prefilter,verified=false,0.3,0.2486,10,22,0.0425,16.3045,16.3471,48178,10,1.0
bitmap_prefilter,verified=false,0.3,0.2486,10,23,0.0433,16.3,16.3433,48178,10,1.0
bitmap_prefilter,verified=false,0.3,0.2486,10,24,0.0422,16.2273,16.2695,48178,10,1.0
bitmap_prefilter,verified=false,0.3,0.2486,10,25,0.0421,16.2034,16.2455,48178,10,1.0
bitmap_prefilter,verified=false,0.3,0.2486,10,26,0.0429,16.2709,16.3138,48178,10,1.0
bitmap_prefilter,verified=false,0.3,0.2486,10,27,0.0419,16.2727,16.3146,48178,10,1.0
bitmap_prefilter,verified=false,0.3,0.2486,10,28,0.0425,16.1548,16.1974,48178,10,1.0
bitmap_prefilter,verified=false,0.3,0.2486,10,29,0.0423,16.5747,16.617,48178,10,1.0
bitmap_prefilter,verified=false,0.3,0.2486,10,30,0.0543,16.2692,16.3235,48178,10,0.9
bitmap_prefilter,verified=false,0.3,0.2486,10,31,0.0454,16.2265,16.2719,48178,10,1.0
bitmap_prefilter,verified=false,0.3,0.2486,10,32,0.044,16.3774,16.4214,48178,10,1.0
bitmap_prefilter,verified=false,0.3,0.2486,10,33,0.044,16.3955,16.4395,48178,10,1.0
bitmap_prefilter,verified=false,0.3,0.2486,10,34,0.0458,16.2838,16.3295,48178,10,1.0
bitmap_prefilter,verified=false,0.3,0.2486,10,35,0.0434,16.3517,16.3951,48178,10,1.0
bitmap_prefilter,verified=false,0.3,0.2486,10,36,0.0436,16.2705,16.3142,48178,10,1.0
bitmap_prefilter,verified=false,0.3,0.2486,10,37,0.0433,16.3839,16.4272,48178,10,1.0
bitmap_prefilter,verified=false,0.3,0.2486,10,38,0.0445,16.3267,16.3713,48178,10,1.0
bitmap_prefilter,verified=false,0.3,0.2486,10,39,0.0426,16.3462,16.3888,48178,10,1.0
bitmap_prefilter,verified=false,0.3,0.2486,10,40,0.0423,16.2767,16.319,48178,10,1.0
bitmap_prefilter,verified=false,0.3,0.2486,10,41,0.0426,16.341,16.3837,48178,10,1.0
bitmap_prefilter,verified=false,0.3,0.2486,10,42,0.0435,16.2874,16.3309,48178,10,1.0
bitmap_prefilter,verified=false,0.3,0.2486,10,43,0.0433,16.2633,16.3066,48178,10,1.0
bitmap_prefilter,verified=false,0.3,0.2486,10,44,0.0422,16.283,16.3252,48178,10,1.0
bitmap_prefilter,verified=false,0.3,0.2486,10,45,0.0422,16.3416,16.3838,48178,10,1.0
bitmap_prefilter,verified=false,0.3,0.2486,10,46,0.042,16.308,16.35,48178,10,1.0
bitmap_prefilter,verified=false,0.3,0.2486,10,47,0.0426,16.3439,16.3865,48178,10,1.0
bitmap_prefilter,verified=false,0.3,0.2486,10,48,0.0438,16.2721,16.3159,48178,10,1.0
bitmap_prefilter,verified=false,0.3,0.2486,10,49,0.0429,16.2417,16.2846,48178,10,1.0
brute_force,verified=false,0.3,0.2486,50,0,0.0947,24.4338,24.5285,50,50,1.0
brute_force,verified=false,0.3,0.2486,50,1,0.1025,24.8278,24.9303,50,50,1.0
brute_force,verified=false,0.3,0.2486,50,2,0.1233,24.8757,24.999,50,50,1.0
brute_force,verified=false,0.3,0.2486,50,3,0.171,24.9255,25.0965,50,50,1.0
brute_force,verified=false,0.3,0.2486,50,4,0.1022,24.7936,24.8958,50,50,1.0
brute_force,verified=false,0.3,0.2486,50,5,0.061,24.7324,24.7934,50,50,1.0
brute_force,verified=false,0.3,0.2486,50,6,0.0936,24.7218,24.8154,50,50,1.0
brute_force,verified=false,0.3,0.2486,50,7,0.134,24.799,24.9329,50,50,1.0
brute_force,verified=false,0.3,0.2486,50,8,0.1002,24.7999,24.9001,50,50,1.0
brute_force,verified=false,0.3,0.2486,50,9,0.0951,24.8522,24.9473,50,50,1.0
brute_force,verified=false,0.3,0.2486,50,10,0.0921,24.6815,24.7735,50,50,1.0
brute_force,verified=false,0.3,0.2486,50,11,0.0905,24.7185,24.809,50,50,1.0
brute_force,verified=false,0.3,0.2486,50,12,0.1566,24.8649,25.0215,50,50,1.0
brute_force,verified=false,0.3,0.2486,50,13,0.1908,24.8953,25.0861,50,50,1.0
brute_force,verified=false,0.3,0.2486,50,14,0.1088,24.902,25.0108,50,50,1.0
brute_force,verified=false,0.3,0.2486,50,15,0.0962,24.807,24.9033,50,50,1.0
brute_force,verified=false,0.3,0.2486,50,16,0.2195,24.7998,25.0192,50,50,1.0
brute_force,verified=false,0.3,0.2486,50,17,0.2421,24.8677,25.1098,50,50,1.0
brute_force,verified=false,0.3,0.2486,50,18,0.0752,24.7379,24.8131,50,50,1.0
brute_force,verified=false,0.3,0.2486,50,19,0.0851,24.7046,24.7897,50,50,1.0
brute_force,verified=false,0.3,0.2486,50,20,0.2056,24.8106,25.0162,50,50,1.0
brute_force,verified=false,0.3,0.2486,50,21,0.0872,24.9003,24.9875,50,50,1.0
brute_force,verified=false,0.3,0.2486,50,22,0.079,24.5261,24.6051,50,50,1.0
brute_force,verified=false,0.3,0.2486,50,23,0.2863,24.5705,24.8568,50,50,1.0
brute_force,verified=false,0.3,0.2486,50,24,0.068,24.5126,24.5806,50,50,1.0
brute_force,verified=false,0.3,0.2486,50,25,0.5162,24.7268,25.243,50,50,1.0
brute_force,verified=false,0.3,0.2486,50,26,0.0746,24.4804,24.555,50,50,1.0
brute_force,verified=false,0.3,0.2486,50,27,0.0696,24.4428,24.5124,50,50,1.0
brute_force,verified=false,0.3,0.2486,50,28,0.1718,24.6029,24.7747,50,50,1.0
brute_force,verified=false,0.3,0.2486,50,29,0.3795,24.5868,24.9663,50,50,1.0
brute_force,verified=false,0.3,0.2486,50,30,0.3978,24.5161,24.9139,50,50,1.0
brute_force,verified=false,0.3,0.2486,50,31,0.101,24.5255,24.6264,50,50,1.0
brute_force,verified=false,0.3,0.2486,50,32,0.2001,24.6149,24.815,50,50,1.0
brute_force,verified=false,0.3,0.2486,50,33,0.1086,24.6504,24.759,50,50,1.0
brute_force,verified=false,0.3,0.2486,50,34,0.1077,24.478,24.5857,50,50,1.0
brute_force,verified=false,0.3,0.2486,50,35,0.0779,24.5125,24.5905,50,50,1.0
brute_force,verified=false,0.3,0.2486,50,36,0.114,24.4924,24.6064,50,50,1.0
brute_force,verified=false,0.3,0.2486,50,37,0.1736,24.5499,24.7235,50,50,1.0
brute_force,verified=false,0.3,0.2486,50,38,0.0927,24.6093,24.702,50,50,1.0
brute_force,verified=false,0.3,0.2486,50,39,0.492,24.5673,25.0592,50,50,1.0
brute_force,verified=false,0.3,0.2486,50,40,0.1245,24.4511,24.5756,50,50,1.0
brute_force,verified=false,0.3,0.2486,50,41,0.1272,24.6224,24.7496,50,50,1.0
brute_force,verified=false,0.3,0.2486,50,42,0.0744,24.5035,24.5779,50,50,1.0
brute_force,verified=false,0.3,0.2486,50,43,0.4809,24.4747,24.9555,50,50,1.0
brute_force,verified=false,0.3,0.2486,50,44,0.1915,24.6203,24.8118,50,50,1.0
brute_force,verified=false,0.3,0.2486,50,45,0.1027,24.6035,24.7061,50,50,1.0
brute_force,verified=false,0.3,0.2486,50,46,0.1003,24.5962,24.6965,50,50,1.0
brute_force,verified=false,0.3,0.2486,50,47,0.4058,24.6416,25.0475,50,50,0.96
brute_force,verified=false,0.3,0.2486,50,48,0.152,24.6377,24.7897,50,50,1.0
brute_force,verified=false,0.3,0.2486,50,49,0.5085,24.6524,25.1609,50,50,1.0
naive_prefilter,verified=false,0.3,0.2486,50,0,15.2484,17.1817,32.4301,48178,50,1.0
naive_prefilter,verified=false,0.3,0.2486,50,1,15.4804,17.047,32.5275,48178,50,1.0
naive_prefilter,verified=false,0.3,0.2486,50,2,15.2713,17.1156,32.3869,48178,50,1.0
naive_prefilter,verified=false,0.3,0.2486,50,3,15.0912,17.0925,32.1837,48178,50,1.0
naive_prefilter,verified=false,0.3,0.2486,50,4,15.5909,17.06,32.6509,48178,50,1.0
naive_prefilter,verified=false,0.3,0.2486,50,5,15.4142,17.0219,32.4361,48178,50,1.0
naive_prefilter,verified=false,0.3,0.2486,50,6,15.3485,17.1101,32.4585,48178,50,1.0
naive_prefilter,verified=false,0.3,0.2486,50,7,15.4394,17.2048,32.6442,48178,50,1.0
naive_prefilter,verified=false,0.3,0.2486,50,8,15.463,17.079,32.542,48178,50,1.0
naive_prefilter,verified=false,0.3,0.2486,50,9,15.2946,17.0956,32.3902,48178,50,1.0
naive_prefilter,verified=false,0.3,0.2486,50,10,15.5332,17.0067,32.54,48178,50,1.0
naive_prefilter,verified=false,0.3,0.2486,50,11,15.1714,17.2251,32.3965,48178,50,1.0
naive_prefilter,verified=false,0.3,0.2486,50,12,15.3037,17.0874,32.3911,48178,50,1.0
naive_prefilter,verified=false,0.3,0.2486,50,13,15.1515,17.0368,32.1883,48178,50,1.0
naive_prefilter,verified=false,0.3,0.2486,50,14,15.3454,17.106,32.4513,48178,50,1.0
naive_prefilter,verified=false,0.3,0.2486,50,15,15.3774,16.9928,32.3703,48178,50,1.0
naive_prefilter,verified=false,0.3,0.2486,50,16,15.2324,17.1049,32.3373,48178,50,1.0
naive_prefilter,verified=false,0.3,0.2486,50,17,15.1506,17.0783,32.2289,48178,50,1.0
naive_prefilter,verified=false,0.3,0.2486,50,18,15.0099,17.0161,32.026,48178,50,1.0
naive_prefilter,verified=false,0.3,0.2486,50,19,15.3802,17.0644,32.4446,48178,50,1.0
naive_prefilter,verified=false,0.3,0.2486,50,20,15.2525,17.1812,32.4337,48178,50,1.0
naive_prefilter,verified=false,0.3,0.2486,50,21,15.4843,17.2728,32.7571,48178,50,1.0
naive_prefilter,verified=false,0.3,0.2486,50,22,15.2399,17.0748,32.3147,48178,50,1.0
naive_prefilter,verified=false,0.3,0.2486,50,23,15.4392,17.0881,32.5273,48178,50,1.0
naive_prefilter,verified=false,0.3,0.2486,50,24,15.4787,17.3611,32.8398,48178,50,1.0
naive_prefilter,verified=false,0.3,0.2486,50,25,14.9828,17.0835,32.0663,48178,50,1.0
naive_prefilter,verified=false,0.3,0.2486,50,26,15.1412,17.9859,33.1271,48178,50,1.0
naive_prefilter,verified=false,0.3,0.2486,50,27,15.5488,17.0818,32.6307,48178,50,1.0
naive_prefilter,verified=false,0.3,0.2486,50,28,15.2327,17.069,32.3017,48178,50,1.0
naive_prefilter,verified=false,0.3,0.2486,50,29,15.2641,17.0868,32.3509,48178,50,1.0
naive_prefilter,verified=false,0.3,0.2486,50,30,15.1971,17.015,32.212,48178,50,1.0
naive_prefilter,verified=false,0.3,0.2486,50,31,15.3312,17.084,32.4152,48178,50,1.0
naive_prefilter,verified=false,0.3,0.2486,50,32,15.3205,17.0701,32.3907,48178,50,1.0
naive_prefilter,verified=false,0.3,0.2486,50,33,15.1247,17.0122,32.1369,48178,50,1.0
naive_prefilter,verified=false,0.3,0.2486,50,34,15.4122,17.3305,32.7427,48178,50,1.0
naive_prefilter,verified=false,0.3,0.2486,50,35,15.2152,17.0835,32.2987,48178,50,1.0
naive_prefilter,verified=false,0.3,0.2486,50,36,15.4363,17.0966,32.5329,48178,50,1.0
naive_prefilter,verified=false,0.3,0.2486,50,37,15.2384,17.0931,32.3315,48178,50,1.0
naive_prefilter,verified=false,0.3,0.2486,50,38,15.2699,17.0418,32.3117,48178,50,1.0
naive_prefilter,verified=false,0.3,0.2486,50,39,15.0593,17.0928,32.1521,48178,50,1.0
naive_prefilter,verified=false,0.3,0.2486,50,40,15.2464,17.1222,32.3687,48178,50,1.0
naive_prefilter,verified=false,0.3,0.2486,50,41,15.4204,17.0073,32.4277,48178,50,1.0
naive_prefilter,verified=false,0.3,0.2486,50,42,15.1908,17.0701,32.2609,48178,50,1.0
naive_prefilter,verified=false,0.3,0.2486,50,43,15.3456,17.1497,32.4952,48178,50,1.0
naive_prefilter,verified=false,0.3,0.2486,50,44,14.9996,17.0085,32.0081,48178,50,1.0
naive_prefilter,verified=false,0.3,0.2486,50,45,15.2683,17.1979,32.4663,48178,50,1.0
naive_prefilter,verified=false,0.3,0.2486,50,46,15.2001,17.0565,32.2566,48178,50,1.0
naive_prefilter,verified=false,0.3,0.2486,50,47,15.3525,17.061,32.4135,48178,50,0.96
naive_prefilter,verified=false,0.3,0.2486,50,48,15.3064,17.1338,32.4402,48178,50,1.0
naive_prefilter,verified=false,0.3,0.2486,50,49,15.3499,17.1254,32.4753,48178,50,1.0
post_filter,verified=false,0.3,0.2486,50,0,0.0385,0.5231,0.5616,50,50,1.0
post_filter,verified=false,0.3,0.2486,50,1,0.0893,1.0964,1.1857,50,50,1.0
post_filter,verified=false,0.3,0.2486,50,2,0.1214,0.8674,0.9888,50,50,0.98
post_filter,verified=false,0.3,0.2486,50,3,0.1587,0.8916,1.0503,50,50,0.92
post_filter,verified=false,0.3,0.2486,50,4,0.1012,1.1205,1.2217,50,50,0.98
post_filter,verified=false,0.3,0.2486,50,5,0.0729,1.061,1.1339,50,50,1.0
post_filter,verified=false,0.3,0.2486,50,6,0.0849,1.1559,1.2408,50,50,0.98
post_filter,verified=false,0.3,0.2486,50,7,0.125,0.7645,0.8895,50,50,1.0
post_filter,verified=false,0.3,0.2486,50,8,0.0839,1.1448,1.2287,50,50,1.0
post_filter,verified=false,0.3,0.2486,50,9,0.0805,1.1304,1.2108,50,50,0.98
post_filter,verified=false,0.3,0.2486,50,10,0.0768,1.0027,1.0795,50,50,0.98
post_filter,verified=false,0.3,0.2486,50,11,0.0768,0.9756,1.0524,50,50,0.96
post_filter,verified=false,0.3,0.2486,50,12,0.1367,0.8074,0.944,50,50,1.0
post_filter,verified=false,0.3,0.2486,50,13,0.162,0.8463,1.0083,50,50,0.98
post_filter,verified=false,0.3,0.2486,50,14,0.0962,0.6322,0.7284,50,50,0.98
post_filter,verified=false,0.3,0.2486,50,15,0.0858,0.5563,0.6421,50,50,0.98
post_filter,verified=false,0.3,0.2486,50,16,0.2166,1.0282,1.2447,50,50,0.9
post_filter,verified=false,0.3,0.2486,50,17,0.2285,0.792,1.0205,50,50,0.72
post_filter,verified=false,0.3,0.2486,50,18,0.0648,0.9556,1.0204,50,50,1.0
post_filter,verified=false,0.3,0.2486,50,19,0.068,0.9954,1.0635,50,50,0.98
post_filter,verified=false,0.3,0.2486,50,20,0.2058,0.7035,0.9093,50,50,0.96
post_filter,verified=false,0.3,0.2486,50,21,0.0723,0.8043,0.8766,50,50,0.98
post_filter,verified=false,0.3,0.2486,50,22,0.0687,0.7817,0.8503,50,50,0.92
post_filter,verified=false,0.3,0.2486,50,23,0.2763,0.7371,1.0135,50,50,0.86
post_filter,verified=false,0.3,0.2486,50,24,0.0562,1.1103,1.1665,50,50,1.0
post_filter,verified=false,0.3,0.2486,50,25,0.5561,0.3334,0.8895,28,28,0.22
post_filter,verified=false,0.3,0.2486,50,26,0.0564,0.9753,1.0316,50,50,1.0
post_filter,verified=false,0.3,0.2486,50,27,0.0553,0.9108,0.9661,50,50,1.0
post_filter,verified=false,0.3,0.2486,50,28,0.147,0.951,1.098,50,50,0.94
post_filter,verified=false,0.3,0.2486,50,29,0.2687,0.5918,0.8605,50,50,0.74
post_filter,verified=false,0.3,0.2486,50,30,0.5025,0.4445,0.947,31,31,0.62
post_filter,verified=false,0.3,0.2486,50,31,0.0862,0.9728,1.059,50,50,0.96
post_filter,verified=false,0.3,0.2486,50,32,0.1733,0.7346,0.9078,50,50,0.96
post_filter,verified=false,0.3,0.2486,50,33,0.0964,0.5568,0.6532,50,50,1.0
post_filter,verified=false,0.3,0.2486,50,34,0.0975,0.9368,1.0343,50,50,1.0
post_filter,verified=false,0.3,0.2486,50,35,0.0657,0.9815,1.0472,50,50,1.0
post_filter,verified=false,0.3,0.2486,50,36,0.0979,0.8,0.8979,50,50,1.0
post_filter,verified=false,0.3,0.2486,50,37,0.1519,0.7241,0.876,50,50,0.98
post_filter,verified=false,0.3,0.2486,50,38,0.0744,1.2207,1.295,50,50,1.0
post_filter,verified=false,0.3,0.2486,50,39,0.4074,0.5653,0.9728,50,50,0.68
post_filter,verified=false,0.3,0.2486,50,40,0.1068,1.2283,1.3352,50,50,0.98
post_filter,verified=false,0.3,0.2486,50,41,0.1089,0.64,0.7489,50,50,0.98
post_filter,verified=false,0.3,0.2486,50,42,0.0622,0.9864,1.0485,50,50,1.0
post_filter,verified=false,0.3,0.2486,50,43,0.3721,0.4844,0.8565,50,50,0.44
post_filter,verified=false,0.3,0.2486,50,44,0.168,0.7137,0.8817,50,50,0.92
post_filter,verified=false,0.3,0.2486,50,45,0.0877,1.035,1.1227,50,50,0.94
post_filter,verified=false,0.3,0.2486,50,46,0.0829,0.8498,0.9328,50,50,1.0
post_filter,verified=false,0.3,0.2486,50,47,0.4494,0.294,0.7435,15,15,0.26
post_filter,verified=false,0.3,0.2486,50,48,0.1315,1.0423,1.1737,50,50,0.92
post_filter,verified=false,0.3,0.2486,50,49,0.4276,0.4896,0.9172,50,50,0.46
bitmap_prefilter,verified=false,0.3,0.2486,50,0,0.0679,16.3309,16.3988,48178,50,1.0
bitmap_prefilter,verified=false,0.3,0.2486,50,1,0.0549,16.3125,16.3674,48178,50,1.0
bitmap_prefilter,verified=false,0.3,0.2486,50,2,0.0534,16.2518,16.3052,48178,50,1.0
bitmap_prefilter,verified=false,0.3,0.2486,50,3,0.0515,16.3529,16.4043,48178,50,1.0
bitmap_prefilter,verified=false,0.3,0.2486,50,4,0.0471,16.3323,16.3794,48178,50,1.0
bitmap_prefilter,verified=false,0.3,0.2486,50,5,0.046,16.2519,16.298,48178,50,1.0
bitmap_prefilter,verified=false,0.3,0.2486,50,6,0.0562,16.3384,16.3946,48178,50,1.0
bitmap_prefilter,verified=false,0.3,0.2486,50,7,0.0501,16.3034,16.3535,48178,50,1.0
bitmap_prefilter,verified=false,0.3,0.2486,50,8,0.0466,16.2587,16.3053,48178,50,1.0
bitmap_prefilter,verified=false,0.3,0.2486,50,9,0.0449,16.4984,16.5433,48178,50,1.0
bitmap_prefilter,verified=false,0.3,0.2486,50,10,0.0438,16.3112,16.355,48178,50,1.0
bitmap_prefilter,verified=false,0.3,0.2486,50,11,0.0486,16.2718,16.3204,48178,50,1.0
bitmap_prefilter,verified=false,0.3,0.2486,50,12,0.046,16.231,16.277,48178,50,1.0
bitmap_prefilter,verified=false,0.3,0.2486,50,13,0.0435,16.2801,16.3235,48178,50,1.0
bitmap_prefilter,verified=false,0.3,0.2486,50,14,0.0427,16.236,16.2787,48178,50,1.0
bitmap_prefilter,verified=false,0.3,0.2486,50,15,0.0428,16.3054,16.3482,48178,50,1.0
bitmap_prefilter,verified=false,0.3,0.2486,50,16,0.0433,16.2405,16.2838,48178,50,1.0
bitmap_prefilter,verified=false,0.3,0.2486,50,17,0.0423,16.2204,16.2627,48178,50,1.0
bitmap_prefilter,verified=false,0.3,0.2486,50,18,0.0422,16.2539,16.2961,48178,50,1.0
bitmap_prefilter,verified=false,0.3,0.2486,50,19,0.042,16.2575,16.2995,48178,50,1.0
bitmap_prefilter,verified=false,0.3,0.2486,50,20,0.0416,16.5875,16.6291,48178,50,1.0
bitmap_prefilter,verified=false,0.3,0.2486,50,21,0.042,16.2212,16.2633,48178,50,1.0
bitmap_prefilter,verified=false,0.3,0.2486,50,22,0.0428,16.5688,16.6116,48178,50,1.0
bitmap_prefilter,verified=false,0.3,0.2486,50,23,0.0585,16.322,16.3805,48178,50,1.0
bitmap_prefilter,verified=false,0.3,0.2486,50,24,0.0491,16.3158,16.3649,48178,50,1.0
bitmap_prefilter,verified=false,0.3,0.2486,50,25,0.0465,16.3666,16.4131,48178,50,1.0
bitmap_prefilter,verified=false,0.3,0.2486,50,26,0.0443,16.3342,16.3785,48178,50,1.0
bitmap_prefilter,verified=false,0.3,0.2486,50,27,0.0436,16.3542,16.3978,48178,50,1.0
bitmap_prefilter,verified=false,0.3,0.2486,50,28,0.0426,16.3405,16.3831,48178,50,1.0
bitmap_prefilter,verified=false,0.3,0.2486,50,29,0.0429,16.2605,16.3033,48178,50,1.0
bitmap_prefilter,verified=false,0.3,0.2486,50,30,0.0425,16.2836,16.3261,48178,50,1.0
bitmap_prefilter,verified=false,0.3,0.2486,50,31,0.0416,16.3158,16.3574,48178,50,1.0
bitmap_prefilter,verified=false,0.3,0.2486,50,32,0.0423,16.2701,16.3124,48178,50,1.0
bitmap_prefilter,verified=false,0.3,0.2486,50,33,0.0426,16.3103,16.3529,48178,50,1.0
bitmap_prefilter,verified=false,0.3,0.2486,50,34,0.042,16.2745,16.3164,48178,50,1.0
bitmap_prefilter,verified=false,0.3,0.2486,50,35,0.0426,16.2576,16.3003,48178,50,1.0
bitmap_prefilter,verified=false,0.3,0.2486,50,36,0.0425,16.3104,16.3529,48178,50,1.0
bitmap_prefilter,verified=false,0.3,0.2486,50,37,0.0422,16.2538,16.296,48178,50,1.0
bitmap_prefilter,verified=false,0.3,0.2486,50,38,0.042,16.2697,16.3117,48178,50,1.0
bitmap_prefilter,verified=false,0.3,0.2486,50,39,0.0419,16.2858,16.3277,48178,50,1.0
bitmap_prefilter,verified=false,0.3,0.2486,50,40,0.042,16.2744,16.3164,48178,50,1.0
bitmap_prefilter,verified=false,0.3,0.2486,50,41,0.0415,16.2532,16.2947,48178,50,1.0
bitmap_prefilter,verified=false,0.3,0.2486,50,42,0.0416,16.3167,16.3583,48178,50,1.0
bitmap_prefilter,verified=false,0.3,0.2486,50,43,0.0417,16.2708,16.3126,48178,50,1.0
bitmap_prefilter,verified=false,0.3,0.2486,50,44,0.0408,16.2649,16.3057,48178,50,1.0
bitmap_prefilter,verified=false,0.3,0.2486,50,45,0.0417,16.2195,16.2612,48178,50,1.0
bitmap_prefilter,verified=false,0.3,0.2486,50,46,0.0413,16.3035,16.3448,48178,50,1.0
bitmap_prefilter,verified=false,0.3,0.2486,50,47,0.0413,16.2741,16.3154,48178,50,0.96
bitmap_prefilter,verified=false,0.3,0.2486,50,48,0.0431,16.2301,16.2732,48178,50,1.0
bitmap_prefilter,verified=false,0.3,0.2486,50,49,0.0415,16.3449,16.3864,48178,50,1.0
brute_force,overall>=5.0,0.5,0.6103,10,0,0.0182,24.3852,24.4034,10,10,1.0
brute_force,overall>=5.0,0.5,0.6103,10,1,0.0208,24.8461,24.8669,10,10,1.0
brute_force,overall>=5.0,0.5,0.6103,10,2,0.0204,24.9251,24.9455,10,10,1.0
brute_force,overall>=5.0,0.5,0.6103,10,3,0.023,24.7024,24.7254,10,10,1.0
brute_force,overall>=5.0,0.5,0.6103,10,4,0.0346,24.7572,24.7918,10,10,1.0
brute_force,overall>=5.0,0.5,0.6103,10,5,0.0315,24.7224,24.7539,10,10,1.0
brute_force,overall>=5.0,0.5,0.6103,10,6,0.0335,24.7464,24.7799,10,10,1.0
brute_force,overall>=5.0,0.5,0.6103,10,7,0.0766,24.5917,24.6683,10,10,1.0
brute_force,overall>=5.0,0.5,0.6103,10,8,0.0334,24.5062,24.5395,10,10,1.0
brute_force,overall>=5.0,0.5,0.6103,10,9,0.0156,24.5244,24.54,10,10,1.0
brute_force,overall>=5.0,0.5,0.6103,10,10,0.0252,24.4658,24.491,10,10,1.0
brute_force,overall>=5.0,0.5,0.6103,10,11,0.0181,24.5045,24.5226,10,10,1.0
brute_force,overall>=5.0,0.5,0.6103,10,12,0.0192,24.6434,24.6625,10,10,1.0
brute_force,overall>=5.0,0.5,0.6103,10,13,0.0196,24.6802,24.6998,10,10,1.0
brute_force,overall>=5.0,0.5,0.6103,10,14,0.0342,24.5165,24.5507,10,10,1.0
brute_force,overall>=5.0,0.5,0.6103,10,15,0.0195,24.5769,24.5963,10,10,1.0
brute_force,overall>=5.0,0.5,0.6103,10,16,0.0167,24.6083,24.625,10,10,1.0
brute_force,overall>=5.0,0.5,0.6103,10,17,0.0261,24.8212,24.8473,10,10,1.0
brute_force,overall>=5.0,0.5,0.6103,10,18,0.0683,24.5859,24.6541,10,10,1.0
brute_force,overall>=5.0,0.5,0.6103,10,19,0.0208,24.4845,24.5054,10,10,1.0
brute_force,overall>=5.0,0.5,0.6103,10,20,0.019,24.7447,24.7637,10,10,1.0
brute_force,overall>=5.0,0.5,0.6103,10,21,0.0197,24.5593,24.579,10,10,1.0
brute_force,overall>=5.0,0.5,0.6103,10,22,0.0194,24.5509,24.5703,10,10,1.0
brute_force,overall>=5.0,0.5,0.6103,10,23,0.0184,24.6523,24.6706,10,10,1.0
brute_force,overall>=5.0,0.5,0.6103,10,24,0.0244,24.4824,24.5068,10,10,1.0
brute_force,overall>=5.0,0.5,0.6103,10,25,0.0164,24.5492,24.5655,10,10,1.0
brute_force,overall>=5.0,0.5,0.6103,10,26,0.0184,24.5083,24.5267,10,10,1.0
brute_force,overall>=5.0,0.5,0.6103,10,27,0.0252,24.6474,24.6726,10,10,1.0
brute_force,overall>=5.0,0.5,0.6103,10,28,0.0237,24.6327,24.6564,10,10,1.0
brute_force,overall>=5.0,0.5,0.6103,10,29,0.0256,24.689,24.7147,10,10,1.0
brute_force,overall>=5.0,0.5,0.6103,10,30,0.0174,24.4952,24.5127,10,10,1.0
brute_force,overall>=5.0,0.5,0.6103,10,31,0.0185,24.5201,24.5386,10,10,1.0
brute_force,overall>=5.0,0.5,0.6103,10,32,0.245,24.6228,24.8678,10,10,1.0
brute_force,overall>=5.0,0.5,0.6103,10,33,0.0201,24.6554,24.6755,10,10,1.0
brute_force,overall>=5.0,0.5,0.6103,10,34,0.0193,24.4539,24.4732,10,10,1.0
brute_force,overall>=5.0,0.5,0.6103,10,35,0.0463,24.4514,24.4977,10,10,1.0
brute_force,overall>=5.0,0.5,0.6103,10,36,0.0545,24.4823,24.5368,10,10,1.0
brute_force,overall>=5.0,0.5,0.6103,10,37,0.016,24.5877,24.6037,10,10,1.0
brute_force,overall>=5.0,0.5,0.6103,10,38,0.041,24.5193,24.5603,10,10,1.0
brute_force,overall>=5.0,0.5,0.6103,10,39,0.018,24.5962,24.6143,10,10,1.0
brute_force,overall>=5.0,0.5,0.6103,10,40,0.0247,24.4685,24.4932,10,10,1.0
brute_force,overall>=5.0,0.5,0.6103,10,41,0.2053,24.7537,24.959,10,10,1.0
brute_force,overall>=5.0,0.5,0.6103,10,42,0.0326,24.4149,24.4475,10,10,1.0
brute_force,overall>=5.0,0.5,0.6103,10,43,0.018,24.6913,24.7093,10,10,1.0
brute_force,overall>=5.0,0.5,0.6103,10,44,0.3482,24.5223,24.8706,10,10,1.0
brute_force,overall>=5.0,0.5,0.6103,10,45,0.0179,24.6746,24.6925,10,10,1.0
brute_force,overall>=5.0,0.5,0.6103,10,46,0.0186,24.5263,24.5448,10,10,1.0
brute_force,overall>=5.0,0.5,0.6103,10,47,0.0168,24.6038,24.6206,10,10,1.0
brute_force,overall>=5.0,0.5,0.6103,10,48,0.0211,24.5312,24.5523,10,10,1.0
brute_force,overall>=5.0,0.5,0.6103,10,49,0.0178,24.7043,24.722,10,10,1.0
naive_prefilter,overall>=5.0,0.5,0.6103,10,0,18.1798,37.7187,55.8985,118244,10,1.0
naive_prefilter,overall>=5.0,0.5,0.6103,10,1,17.4084,37.6468,55.0551,118244,10,1.0
naive_prefilter,overall>=5.0,0.5,0.6103,10,2,17.6139,37.7406,55.3545,118244,10,1.0
naive_prefilter,overall>=5.0,0.5,0.6103,10,3,17.248,37.5575,54.8055,118244,10,1.0
naive_prefilter,overall>=5.0,0.5,0.6103,10,4,17.3854,37.5615,54.9469,118244,10,1.0
naive_prefilter,overall>=5.0,0.5,0.6103,10,5,17.2434,37.7395,54.9829,118244,10,1.0
naive_prefilter,overall>=5.0,0.5,0.6103,10,6,17.4129,37.6033,55.0162,118244,10,1.0
naive_prefilter,overall>=5.0,0.5,0.6103,10,7,17.4137,37.7531,55.1668,118244,10,1.0
naive_prefilter,overall>=5.0,0.5,0.6103,10,8,17.2122,37.7125,54.9247,118244,10,1.0
naive_prefilter,overall>=5.0,0.5,0.6103,10,9,17.6939,37.8925,55.5865,118244,10,1.0
naive_prefilter,overall>=5.0,0.5,0.6103,10,10,17.5453,37.6319,55.1772,118244,10,1.0
naive_prefilter,overall>=5.0,0.5,0.6103,10,11,17.3608,37.7079,55.0687,118244,10,1.0
naive_prefilter,overall>=5.0,0.5,0.6103,10,12,17.546,37.5424,55.0884,118244,10,1.0
naive_prefilter,overall>=5.0,0.5,0.6103,10,13,17.431,37.656,55.087,118244,10,1.0
naive_prefilter,overall>=5.0,0.5,0.6103,10,14,17.2602,37.7762,55.0364,118244,10,1.0
naive_prefilter,overall>=5.0,0.5,0.6103,10,15,17.4615,37.9946,55.4562,118244,10,1.0
naive_prefilter,overall>=5.0,0.5,0.6103,10,16,17.2487,37.881,55.1297,118244,10,1.0
naive_prefilter,overall>=5.0,0.5,0.6103,10,17,17.4745,37.7097,55.1842,118244,10,1.0
naive_prefilter,overall>=5.0,0.5,0.6103,10,18,17.4246,37.6275,55.0521,118244,10,1.0
naive_prefilter,overall>=5.0,0.5,0.6103,10,19,17.6795,37.7603,55.4398,118244,10,1.0
naive_prefilter,overall>=5.0,0.5,0.6103,10,20,17.4961,37.6233,55.1194,118244,10,1.0
naive_prefilter,overall>=5.0,0.5,0.6103,10,21,17.285,37.4792,54.7643,118244,10,1.0
naive_prefilter,overall>=5.0,0.5,0.6103,10,22,17.4071,37.5462,54.9533,118244,10,1.0
naive_prefilter,overall>=5.0,0.5,0.6103,10,23,17.4495,37.5252,54.9748,118244,10,1.0
naive_prefilter,overall>=5.0,0.5,0.6103,10,24,17.3713,37.5744,54.9457,118244,10,1.0
naive_prefilter,overall>=5.0,0.5,0.6103,10,25,17.654,37.6808,55.3349,118244,10,1.0
naive_prefilter,overall>=5.0,0.5,0.6103,10,26,17.3914,37.9495,55.341,118244,10,1.0
naive_prefilter,overall>=5.0,0.5,0.6103,10,27,17.3479,37.6097,54.9576,118244,10,1.0
naive_prefilter,overall>=5.0,0.5,0.6103,10,28,17.6107,39.289,56.8996,118244,10,1.0
naive_prefilter,overall>=5.0,0.5,0.6103,10,29,17.2129,37.6316,54.8445,118244,10,1.0
naive_prefilter,overall>=5.0,0.5,0.6103,10,30,17.1748,37.7442,54.919,118244,10,1.0
naive_prefilter,overall>=5.0,0.5,0.6103,10,31,17.3868,37.9896,55.3764,118244,10,1.0
naive_prefilter,overall>=5.0,0.5,0.6103,10,32,17.3772,37.7696,55.1468,118244,10,1.0
naive_prefilter,overall>=5.0,0.5,0.6103,10,33,17.435,37.8624,55.2973,118244,10,1.0
naive_prefilter,overall>=5.0,0.5,0.6103,10,34,17.7792,37.943,55.7222,118244,10,1.0
naive_prefilter,overall>=5.0,0.5,0.6103,10,35,17.1275,37.6369,54.7645,118244,10,1.0
naive_prefilter,overall>=5.0,0.5,0.6103,10,36,17.1649,39.3179,56.4828,118244,10,1.0
naive_prefilter,overall>=5.0,0.5,0.6103,10,37,16.915,38.2349,55.1499,118244,10,1.0
naive_prefilter,overall>=5.0,0.5,0.6103,10,38,17.0415,37.5668,54.6084,118244,10,1.0
naive_prefilter,overall>=5.0,0.5,0.6103,10,39,17.1995,37.508,54.7076,118244,10,1.0
naive_prefilter,overall>=5.0,0.5,0.6103,10,40,16.9923,37.5792,54.5715,118244,10,1.0
naive_prefilter,overall>=5.0,0.5,0.6103,10,41,17.0733,37.4679,54.5413,118244,10,1.0
naive_prefilter,overall>=5.0,0.5,0.6103,10,42,16.8664,37.6748,54.5412,118244,10,1.0
naive_prefilter,overall>=5.0,0.5,0.6103,10,43,17.5156,37.6508,55.1665,118244,10,1.0
naive_prefilter,overall>=5.0,0.5,0.6103,10,44,16.9944,37.5773,54.5717,118244,10,1.0
naive_prefilter,overall>=5.0,0.5,0.6103,10,45,17.1601,37.8522,55.0123,118244,10,1.0
naive_prefilter,overall>=5.0,0.5,0.6103,10,46,17.192,37.5952,54.7872,118244,10,1.0
naive_prefilter,overall>=5.0,0.5,0.6103,10,47,17.1745,37.7544,54.9289,118244,10,0.0
naive_prefilter,overall>=5.0,0.5,0.6103,10,48,17.12,37.7315,54.8515,118244,10,1.0
naive_prefilter,overall>=5.0,0.5,0.6103,10,49,17.356,37.5573,54.9133,118244,10,1.0
post_filter,overall>=5.0,0.5,0.6103,10,0,0.0055,0.3376,0.3432,10,10,1.0
post_filter,overall>=5.0,0.5,0.6103,10,1,0.0146,0.8291,0.8437,10,10,1.0
post_filter,overall>=5.0,0.5,0.6103,10,2,0.0155,0.6517,0.6672,10,10,1.0
post_filter,overall>=5.0,0.5,0.6103,10,3,0.0134,0.6712,0.6846,10,10,1.0
post_filter,overall>=5.0,0.5,0.6103,10,4,0.0285,0.774,0.8025,10,10,0.9
post_filter,overall>=5.0,0.5,0.6103,10,5,0.0259,0.6395,0.6654,10,10,1.0
post_filter,overall>=5.0,0.5,0.6103,10,6,0.0353,0.8804,0.9157,10,10,1.0
post_filter,overall>=5.0,0.5,0.6103,10,7,0.0671,0.6363,0.7034,10,10,1.0
post_filter,overall>=5.0,0.5,0.6103,10,8,0.0299,0.9155,0.9454,10,10,1.0
post_filter,overall>=5.0,0.5,0.6103,10,9,0.0217,0.9929,1.0146,10,10,1.0
post_filter,overall>=5.0,0.5,0.6103,10,10,0.0225,1.0169,1.0394,10,10,1.0
post_filter,overall>=5.0,0.5,0.6103,10,11,0.0155,0.8208,0.8362,10,10,1.0
post_filter,overall>=5.0,0.5,0.6103,10,12,0.016,0.6623,0.6783,10,10,1.0
post_filter,overall>=5.0,0.5,0.6103,10,13,0.0165,0.7153,0.7317,10,10,1.0
post_filter,overall>=5.0,0.5,0.6103,10,14,0.0317,0.5245,0.5562,10,10,1.0
post_filter,overall>=5.0,0.5,0.6103,10,15,0.0152,0.4535,0.4687,10,10,1.0
post_filter,overall>=5.0,0.5,0.6103,10,16,0.013,0.8235,0.8365,10,10,1.0
post_filter,overall>=5.0,0.5,0.6103,10,17,0.015,0.632,0.647,10,10,1.0
post_filter,overall>=5.0,0.5,0.6103,10,18,0.066,0.7425,0.8085,10,10,1.0
post_filter,overall>=5.0,0.5,0.6103,10,19,0.0163,0.7906,0.8069,10,10,1.0
post_filter,overall>=5.0,0.5,0.6103,10,20,0.0145,0.5844,0.5989,10,10,1.0
post_filter,overall>=5.0,0.5,0.6103,10,21,0.0149,0.6035,0.6184,10,10,1.0
post_filter,overall>=5.0,0.5,0.6103,10,22,0.0145,0.6627,0.6772,10,10,1.0
post_filter,overall>=5.0,0.5,0.6103,10,23,0.0134,0.6101,0.6235,10,10,1.0
post_filter,overall>=5.0,0.5,0.6103,10,24,0.019,0.8463,0.8653,10,10,1.0
post_filter,overall>=5.0,0.5,0.6103,10,25,0.0128,0.2595,0.2723,10,10,0.6
post_filter,overall>=5.0,0.5,0.6103,10,26,0.0137,0.7627,0.7765,10,10,1.0
post_filter,overall>=5.0,0.5,0.6103,10,27,0.0188,0.7229,0.7417,10,10,1.0
post_filter,overall>=5.0,0.5,0.6103,10,28,0.0197,0.7733,0.793,10,10,1.0
post_filter,overall>=5.0,0.5,0.6103,10,29,0.0194,0.505,0.5244,10,10,1.0
post_filter,overall>=5.0,0.5,0.6103,10,30,0.0095,0.3874,0.397,10,10,0.0
post_filter,overall>=5.0,0.5,0.6103,10,31,0.0135,0.762,0.7755,10,10,1.0
post_filter,overall>=5.0,0.5,0.6103,10,32,0.2402,0.606,0.8462,10,10,0.8
post_filter,overall>=5.0,0.5,0.6103,10,33,0.019,0.461,0.48,10,10,1.0
post_filter,overall>=5.0,0.5,0.6103,10,34,0.0159,0.7772,0.793,10,10,1.0
post_filter,overall>=5.0,0.5,0.6103,10,35,0.039,0.8083,0.8472,10,10,1.0
post_filter,overall>=5.0,0.5,0.6103,10,36,0.0475,0.6781,0.7255,10,10,0.9
post_filter,overall>=5.0,0.5,0.6103,10,37,0.0124,0.6227,0.6351,10,10,1.0
post_filter,overall>=5.0,0.5,0.6103,10,38,0.0333,0.9599,0.9932,10,10,1.0
post_filter,overall>=5.0,0.5,0.6103,10,39,0.0126,0.4607,0.4734,10,10,1.0
post_filter,overall>=5.0,0.5,0.6103,10,40,0.0235,0.9713,0.9948,10,10,1.0
post_filter,overall>=5.0,0.5,0.6103,10,41,0.1949,0.5669,0.7618,10,10,1.0
post_filter,overall>=5.0,0.5,0.6103,10,42,0.0269,0.8008,0.8277,10,10,1.0
post_filter,overall>=5.0,0.5,0.6103,10,43,0.0126,0.4098,0.4224,10,10,0.7
post_filter,overall>=5.0,0.5,0.6103,10,44,0.2996,0.5782,0.8779,10,10,1.0
post_filter,overall>=5.0,0.5,0.6103,10,45,0.0121,0.8467,0.8588,10,10,1.0
post_filter,overall>=5.0,0.5,0.6103,10,46,0.0139,0.6844,0.6983,10,10,1.0
post_filter,overall>=5.0,0.5,0.6103,10,47,0.012,0.2349,0.2469,10,10,0.0
post_filter,overall>=5.0,0.5,0.6103,10,48,0.0162,0.8188,0.835,10,10,1.0
post_filter,overall>=5.0,0.5,0.6103,10,49,0.0121,0.4053,0.4174,10,10,1.0
bitmap_prefilter,overall>=5.0,0.5,0.6103,10,0,0.1123,35.8915,36.0038,118244,10,1.0
bitmap_prefilter,overall>=5.0,0.5,0.6103,10,1,0.112,35.8876,35.9996,118244,10,1.0
bitmap_prefilter,overall>=5.0,0.5,0.6103,10,2,0.1114,35.7803,35.8917,118244,10,1.0
bitmap_prefilter,overall>=5.0,0.5,0.6103,10,3,0.1195,35.668,35.7875,118244,10,1.0
bitmap_prefilter,overall>=5.0,0.5,0.6103,10,4,0.1095,35.8151,35.9246,118244,10,1.0
bitmap_prefilter,overall>=5.0,0.5,0.6103,10,5,0.1081,35.5956,35.7037,118244,10,1.0
bitmap_prefilter,overall>=5.0,0.5,0.6103,10,6,0.1065,35.5661,35.6726,118244,10,1.0
bitmap_prefilter,overall>=5.0,0.5,0.6103,10,7,0.1065,36.0725,36.179,118244,10,1.0
bitmap_prefilter,overall>=5.0,0.5,0.6103,10,8,0.1048,35.641,35.7458,118244,10,1.0
bitmap_prefilter,overall>=5.0,0.5,0.6103,10,9,0.1051,35.6703,35.7754,118244,10,1.0
bitmap_prefilter,overall>=5.0,0.5,0.6103,10,10,0.105,35.5614,35.6663,118244,10,1.0
bitmap_prefilter,overall>=5.0,0.5,0.6103,10,11,0.1045,35.7853,35.8898,118244,10,1.0
bitmap_prefilter,overall>=5.0,0.5,0.6103,10,12,0.1109,35.6138,35.7247,118244,10,1.0
bitmap_prefilter,overall>=5.0,0.5,0.6103,10,13,0.109,35.5909,35.6998,118244,10,1.0
bitmap_prefilter,overall>=5.0,0.5,0.6103,10,14,0.107,35.598,35.7049,118244,10,1.0
bitmap_prefilter,overall>=5.0,0.5,0.6103,10,15,0.1094,35.7349,35.8443,118244,10,1.0
bitmap_prefilter,overall>=5.0,0.5,0.6103,10,16,0.1054,35.9868,36.0923,118244,10,1.0
bitmap_prefilter,overall>=5.0,0.5,0.6103,10,17,0.1074,35.709,35.8164,118244,10,1.0
bitmap_prefilter,overall>=5.0,0.5,0.6103,10,18,0.1052,35.6609,35.7661,118244,10,1.0
bitmap_prefilter,overall>=5.0,0.5,0.6103,10,19,0.1064,35.5421,35.6485,118244,10,1.0
bitmap_prefilter,overall>=5.0,0.5,0.6103,10,20,0.1052,35.4863,35.5915,118244,10,1.0
bitmap_prefilter,overall>=5.0,0.5,0.6103,10,21,0.1129,35.5543,35.6672,118244,10,1.0
bitmap_prefilter,overall>=5.0,0.5,0.6103,10,22,0.1047,35.6031,35.7079,118244,10,1.0
bitmap_prefilter,overall>=5.0,0.5,0.6103,10,23,0.1098,35.6987,35.8086,118244,10,1.0
bitmap_prefilter,overall>=5.0,0.5,0.6103,10,24,0.1084,36.7363,36.8448,118244,10,1.0
bitmap_prefilter,overall>=5.0,0.5,0.6103,10,25,0.1106,37.4142,37.5248,118244,10,1.0
bitmap_prefilter,overall>=5.0,0.5,0.6103,10,26,0.1212,35.8601,35.9813,118244,10,1.0
bitmap_prefilter,overall>=5.0,0.5,0.6103,10,27,0.1123,35.8613,35.9736,118244,10,1.0
bitmap_prefilter,overall>=5.0,0.5,0.6103,10,28,0.1081,35.7163,35.8244,118244,10,1.0
bitmap_prefilter,overall>=5.0,0.5,0.6103,10,29,0.108,35.7481,35.8562,118244,10,1.0
bitmap_prefilter,overall>=5.0,0.5,0.6103,10,30,0.1153,35.9628,36.0782,118244,10,1.0
bitmap_prefilter,overall>=5.0,0.5,0.6103,10,31,0.1051,35.6767,35.7818,118244,10,1.0
bitmap_prefilter,overall>=5.0,0.5,0.6103,10,32,0.1055,35.6784,35.7839,118244,10,1.0
bitmap_prefilter,overall>=5.0,0.5,0.6103,10,33,0.1052,36.2057,36.3108,118244,10,1.0
bitmap_prefilter,overall>=5.0,0.5,0.6103,10,34,0.1047,35.6306,35.7353,118244,10,1.0
bitmap_prefilter,overall>=5.0,0.5,0.6103,10,35,0.1051,35.7152,35.8203,118244,10,1.0
bitmap_prefilter,overall>=5.0,0.5,0.6103,10,36,0.1109,35.7174,35.8283,118244,10,1.0
bitmap_prefilter,overall>=5.0,0.5,0.6103,10,37,0.1052,35.6497,35.7548,118244,10,1.0
bitmap_prefilter,overall>=5.0,0.5,0.6103,10,38,0.1179,35.7308,35.8487,118244,10,1.0
bitmap_prefilter,overall>=5.0,0.5,0.6103,10,39,0.1052,35.6557,35.7608,118244,10,1.0
bitmap_prefilter,overall>=5.0,0.5,0.6103,10,40,0.1046,35.6296,35.7342,118244,10,1.0
bitmap_prefilter,overall>=5.0,0.5,0.6103,10,41,0.1053,35.7904,35.8957,118244,10,1.0
bitmap_prefilter,overall>=5.0,0.5,0.6103,10,42,0.1047,35.7165,35.8212,118244,10,1.0
bitmap_prefilter,overall>=5.0,0.5,0.6103,10,43,0.1054,35.7699,35.8753,118244,10,1.0
bitmap_prefilter,overall>=5.0,0.5,0.6103,10,44,0.104,35.7281,35.8322,118244,10,1.0
bitmap_prefilter,overall>=5.0,0.5,0.6103,10,45,0.104,35.6675,35.7715,118244,10,1.0
bitmap_prefilter,overall>=5.0,0.5,0.6103,10,46,0.1035,35.6739,35.7774,118244,10,1.0
bitmap_prefilter,overall>=5.0,0.5,0.6103,10,47,0.1101,35.5785,35.6886,118244,10,0.0
bitmap_prefilter,overall>=5.0,0.5,0.6103,10,48,0.1048,35.9382,36.043,118244,10,1.0
bitmap_prefilter,overall>=5.0,0.5,0.6103,10,49,0.1048,35.8341,35.939,118244,10,1.0
brute_force,overall>=5.0,0.5,0.6103,50,0,0.084,25.2704,25.3543,50,50,1.0
brute_force,overall>=5.0,0.5,0.6103,50,1,0.0876,26.2592,26.3468,50,50,1.0
brute_force,overall>=5.0,0.5,0.6103,50,2,0.0898,26.6688,26.7587,50,50,1.0
brute_force,overall>=5.0,0.5,0.6103,50,3,0.0846,26.2922,26.3768,50,50,1.0
brute_force,overall>=5.0,0.5,0.6103,50,4,0.1683,24.9546,25.1228,50,50,1.0
brute_force,overall>=5.0,0.5,0.6103,50,5,0.1164,24.8158,24.9322,50,50,1.0
brute_force,overall>=5.0,0.5,0.6103,50,6,0.1524,24.7506,24.903,50,50,1.0
brute_force,overall>=5.0,0.5,0.6103,50,7,0.2402,25.0681,25.3082,50,50,1.0
brute_force,overall>=5.0,0.5,0.6103,50,8,0.1402,24.8588,24.999,50,50,1.0
brute_force,overall>=5.0,0.5,0.6103,50,9,0.0904,24.8644,24.9548,50,50,1.0
brute_force,overall>=5.0,0.5,0.6103,50,10,0.0963,24.716,24.8123,50,50,1.0
brute_force,overall>=5.0,0.5,0.6103,50,11,0.1041,24.6953,24.7994,50,50,1.0
brute_force,overall>=5.0,0.5,0.6103,50,12,0.0726,24.9297,25.0023,50,50,1.0
brute_force,overall>=5.0,0.5,0.6103,50,13,0.0725,24.8929,24.9654,50,50,1.0
brute_force,overall>=5.0,0.5,0.6103,50,14,0.1666,24.9044,25.071,50,50,1.0
brute_force,overall>=5.0,0.5,0.6103,50,15,0.0784,24.7843,24.8627,50,50,1.0
brute_force,overall>=5.0,0.5,0.6103,50,16,0.0759,24.8137,24.8895,50,50,1.0
brute_force,overall>=5.0,0.5,0.6103,50,17,0.0836,24.9337,25.0173,50,50,1.0
brute_force,overall>=5.0,0.5,0.6103,50,18,0.1981,24.8404,25.0385,50,50,1.0
brute_force,overall>=5.0,0.5,0.6103,50,19,0.0786,24.8695,24.9481,50,50,1.0
brute_force,overall>=5.0,0.5,0.6103,50,20,0.0737,24.9439,25.0177,50,50,1.0
brute_force,overall>=5.0,0.5,0.6103,50,21,0.0795,24.8106,24.8901,50,50,0.98
brute_force,overall>=5.0,0.5,0.6103,50,22,0.0827,24.7405,24.8232,50,50,1.0
brute_force,overall>=5.0,0.5,0.6103,50,23,0.0713,24.8654,24.9367,50,50,1.0
brute_force,overall>=5.0,0.5,0.6103,50,24,0.0875,24.7675,24.855,50,50,1.0
brute_force,overall>=5.0,0.5,0.6103,50,25,0.0702,24.7644,24.8346,50,50,1.0
brute_force,overall>=5.0,0.5,0.6103,50,26,0.0726,24.8865,24.9591,50,50,1.0
brute_force,overall>=5.0,0.5,0.6103,50,27,0.1183,25.0086,25.1268,50,50,1.0
brute_force,overall>=5.0,0.5,0.6103,50,28,0.1293,24.9093,25.0386,50,50,1.0
brute_force,overall>=5.0,0.5,0.6103,50,29,0.0924,24.8806,24.973,50,50,1.0
brute_force,overall>=5.0,0.5,0.6103,50,30,0.073,24.7547,24.8278,50,50,1.0
brute_force,overall>=5.0,0.5,0.6103,50,31,0.0682,24.78,24.8483,50,50,1.0
brute_force,overall>=5.0,0.5,0.6103,50,32,0.6231,24.8834,25.5065,50,50,1.0
brute_force,overall>=5.0,0.5,0.6103,50,33,0.0827,24.894,24.9766,50,50,1.0
brute_force,overall>=5.0,0.5,0.6103,50,34,0.0786,24.7377,24.8163,50,50,1.0
brute_force,overall>=5.0,0.5,0.6103,50,35,0.1453,24.8385,24.9838,50,50,1.0
brute_force,overall>=5.0,0.5,0.6103,50,36,0.1722,24.8076,24.9798,50,50,1.0
brute_force,overall>=5.0,0.5,0.6103,50,37,0.0663,24.8981,24.9643,50,50,1.0
brute_force,overall>=5.0,0.5,0.6103,50,38,0.1392,25.0653,25.2045,50,50,1.0
brute_force,overall>=5.0,0.5,0.6103,50,39,0.0696,24.8188,24.8884,50,50,1.0
brute_force,overall>=5.0,0.5,0.6103,50,40,0.1253,24.8235,24.9488,50,50,1.0
brute_force,overall>=5.0,0.5,0.6103,50,41,0.6436,24.8447,25.4882,50,50,1.0
brute_force,overall>=5.0,0.5,0.6103,50,42,0.117,24.922,25.039,50,50,1.0
brute_force,overall>=5.0,0.5,0.6103,50,43,0.0753,24.8699,24.9451,50,50,0.98
brute_force,overall>=5.0,0.5,0.6103,50,44,1.2621,25.2502,26.5123,50,50,1.0
brute_force,overall>=5.0,0.5,0.6103,50,45,0.0811,26.0312,26.1123,50,50,1.0
brute_force,overall>=5.0,0.5,0.6103,50,46,0.0877,25.8241,25.9118,50,50,1.0
brute_force,overall>=5.0,0.5,0.6103,50,47,0.0776,24.711,24.7886,50,50,1.0
brute_force,overall>=5.0,0.5,0.6103,50,48,0.0776,24.6194,24.697,50,50,1.0
brute_force,overall>=5.0,0.5,0.6103,50,49,0.0735,24.6386,24.712,50,50,1.0
naive_prefilter,overall>=5.0,0.5,0.6103,50,0,17.4917,37.4887,54.9803,118244,50,1.0
naive_prefilter,overall>=5.0,0.5,0.6103,50,1,18.0404,38.2541,56.2945,118244,50,1.0
naive_prefilter,overall>=5.0,0.5,0.6103,50,2,18.2695,37.5259,55.7954,118244,50,1.0
naive_prefilter,overall>=5.0,0.5,0.6103,50,3,18.251,37.6964,55.9474,118244,50,1.0
naive_prefilter,overall>=5.0,0.5,0.6103,50,4,17.6615,37.9837,55.6452,118244,50,1.0
naive_prefilter,overall>=5.0,0.5,0.6103,50,5,17.8723,37.8028,55.675,118244,50,1.0
naive_prefilter,overall>=5.0,0.5,0.6103,50,6,17.5627,37.8473,55.41,118244,50,1.0
naive_prefilter,overall>=5.0,0.5,0.6103,50,7,17.9051,38.226,56.131,118244,50,1.0
naive_prefilter,overall>=5.0,0.5,0.6103,50,8,17.714,37.5636,55.2776,118244,50,1.0
naive_prefilter,overall>=5.0,0.5,0.6103,50,9,17.7055,37.7926,55.498,118244,50,1.0
naive_prefilter,overall>=5.0,0.5,0.6103,50,10,17.4789,37.6172,55.0961,118244,50,1.0
naive_prefilter,overall>=5.0,0.5,0.6103,50,11,17.3012,37.6268,54.9281,118244,50,1.0
naive_prefilter,overall>=5.0,0.5,0.6103,50,12,17.084,37.9018,54.9858,118244,50,1.0
naive_prefilter,overall>=5.0,0.5,0.6103,50,13,17.1257,37.6902,54.8159,118244,50,1.0
naive_prefilter,overall>=5.0,0.5,0.6103,50,14,17.1896,37.7851,54.9747,118244,50,1.0
naive_prefilter,overall>=5.0,0.5,0.6103,50,15,17.2287,37.6137,54.8425,118244,50,1.0
naive_prefilter,overall>=5.0,0.5,0.6103,50,16,17.274,37.6492,54.9232,118244,50,1.0
naive_prefilter,overall>=5.0,0.5,0.6103,50,17,17.3426,37.885,55.2276,118244,50,1.0
naive_prefilter,overall>=5.0,0.5,0.6103,50,18,17.0451,37.6156,54.6607,118244,50,1.0
naive_prefilter,overall>=5.0,0.5,0.6103,50,19,17.3894,37.5815,54.971,118244,50,1.0
naive_prefilter,overall>=5.0,0.5,0.6103,50,20,17.1739,37.5943,54.7682,118244,50,1.0
naive_prefilter,overall>=5.0,0.5,0.6103,50,21,16.9603,37.5896,54.55,118244,50,0.98
naive_prefilter,overall>=5.0,0.5,0.6103,50,22,16.7599,37.5625,54.3224,118244,50,1.0
naive_prefilter,overall>=5.0,0.5,0.6103,50,23,17.0492,37.6885,54.7376,118244,50,1.0
naive_prefilter,overall>=5.0,0.5,0.6103,50,24,17.1029,37.4647,54.5677,118244,50,1.0
naive_prefilter,overall>=5.0,0.5,0.6103,50,25,16.9454,37.9599,54.9053,118244,50,1.0
naive_prefilter,overall>=5.0,0.5,0.6103,50,26,17.9446,37.6654,55.61,118244,50,1.0
naive_prefilter,overall>=5.0,0.5,0.6103,50,27,17.7039,39.2647,56.9687,118244,50,1.0
naive_prefilter,overall>=5.0,0.5,0.6103,50,28,17.3238,37.7261,55.0499,118244,50,1.0
naive_prefilter,overall>=5.0,0.5,0.6103,50,29,17.1739,37.7539,54.9278,118244,50,1.0
naive_prefilter,overall>=5.0,0.5,0.6103,50,30,17.2301,37.6125,54.8426,118244,50,0.98
naive_prefilter,overall>=5.0,0.5,0.6103,50,31,17.4213,37.5494,54.9706,118244,50,1.0
naive_prefilter,overall>=5.0,0.5,0.6103,50,32,17.438,37.5854,55.0234,118244,50,1.0
naive_prefilter,overall>=5.0,0.5,0.6103,50,33,17.1771,37.5774,54.7545,118244,50,1.0
naive_prefilter,overall>=5.0,0.5,0.6103,50,34,17.2263,37.6558,54.8821,118244,50,1.0
naive_prefilter,overall>=5.0,0.5,0.6103,50,35,17.4066,37.475,54.8815,118244,50,1.0
naive_prefilter,overall>=5.0,0.5,0.6103,50,36,17.4074,37.5569,54.9643,118244,50,1.0
naive_prefilter,overall>=5.0,0.5,0.6103,50,37,17.5143,37.5434,55.0577,118244,50,1.0
naive_prefilter,overall>=5.0,0.5,0.6103,50,38,17.1203,37.6763,54.7966,118244,50,1.0
naive_prefilter,overall>=5.0,0.5,0.6103,50,39,17.131,37.7968,54.9279,118244,50,1.0
naive_prefilter,overall>=5.0,0.5,0.6103,50,40,17.355,37.5234,54.8784,118244,50,1.0
naive_prefilter,overall>=5.0,0.5,0.6103,50,41,17.124,37.564,54.688,118244,50,1.0
naive_prefilter,overall>=5.0,0.5,0.6103,50,42,17.2265,37.5521,54.7786,118244,50,1.0
naive_prefilter,overall>=5.0,0.5,0.6103,50,43,17.3523,39.4647,56.817,118244,50,0.98
naive_prefilter,overall>=5.0,0.5,0.6103,50,44,17.6481,39.2085,56.8566,118244,50,1.0
naive_prefilter,overall>=5.0,0.5,0.6103,50,45,17.3503,37.6405,54.9908,118244,50,1.0
naive_prefilter,overall>=5.0,0.5,0.6103,50,46,17.3188,37.5801,54.8989,118244,50,1.0
naive_prefilter,overall>=5.0,0.5,0.6103,50,47,17.5802,37.5955,55.1757,118244,50,0.0
naive_prefilter,overall>=5.0,0.5,0.6103,50,48,17.3806,37.5468,54.9274,118244,50,1.0
naive_prefilter,overall>=5.0,0.5,0.6103,50,49,17.324,37.4993,54.8233,118244,50,1.0
post_filter,overall>=5.0,0.5,0.6103,50,0,0.0239,0.5123,0.5362,50,50,1.0
post_filter,overall>=5.0,0.5,0.6103,50,1,0.0649,1.0849,1.1498,50,50,1.0
post_filter,overall>=5.0,0.5,0.6103,50,2,0.064,0.8235,0.8875,50,50,0.98
post_filter,overall>=5.0,0.5,0.6103,50,3,0.074,0.903,0.977,50,50,1.0
post_filter,overall>=5.0,0.5,0.6103,50,4,0.1795,1.1335,1.313,50,50,0.88
post_filter,overall>=5.0,0.5,0.6103,50,5,0.119,1.0817,1.2007,50,50,1.0
post_filter,overall>=5.0,0.5,0.6103,50,6,0.1365,1.3193,1.4558,50,50,1.0
post_filter,overall>=5.0,0.5,0.6103,50,7,0.214,0.7835,0.9975,50,50,0.96
post_filter,overall>=5.0,0.5,0.6103,50,8,0.1175,1.1695,1.287,50,50,1.0
post_filter,overall>=5.0,0.5,0.6103,50,9,0.0722,1.1344,1.2065,50,50,0.98
post_filter,overall>=5.0,0.5,0.6103,50,10,0.078,1.0078,1.0858,50,50,1.0
post_filter,overall>=5.0,0.5,0.6103,50,11,0.0891,0.9796,1.0687,50,50,0.98
post_filter,overall>=5.0,0.5,0.6103,50,12,0.0603,0.8199,0.8802,50,50,1.0
post_filter,overall>=5.0,0.5,0.6103,50,13,0.0582,0.8387,0.8968,50,50,0.98
post_filter,overall>=5.0,0.5,0.6103,50,14,0.1446,0.625,0.7696,50,50,1.0
post_filter,overall>=5.0,0.5,0.6103,50,15,0.0609,0.5629,0.6238,50,50,1.0
post_filter,overall>=5.0,0.5,0.6103,50,16,0.0591,1.0236,1.0827,50,50,1.0
post_filter,overall>=5.0,0.5,0.6103,50,17,0.067,0.7806,0.8477,50,50,0.98
post_filter,overall>=5.0,0.5,0.6103,50,18,0.1742,0.9353,1.1095,50,50,0.96
post_filter,overall>=5.0,0.5,0.6103,50,19,0.0636,0.988,1.0516,50,50,0.98
post_filter,overall>=5.0,0.5,0.6103,50,20,0.0653,0.747,0.8123,50,50,0.98
post_filter,overall>=5.0,0.5,0.6103,50,21,0.0644,0.7552,0.8195,50,50,0.98
post_filter,overall>=5.0,0.5,0.6103,50,22,0.0717,0.7884,0.86,50,50,0.98
post_filter,overall>=5.0,0.5,0.6103,50,23,0.0607,0.7406,0.8013,50,50,1.0
post_filter,overall>=5.0,0.5,0.6103,50,24,0.0736,1.0942,1.1678,50,50,1.0
post_filter,overall>=5.0,0.5,0.6103,50,25,0.0596,0.3314,0.391,50,50,0.92
post_filter,overall>=5.0,0.5,0.6103,50,26,0.0537,0.9678,1.0215,50,50,1.0
post_filter,overall>=5.0,0.5,0.6103,50,27,0.0965,0.9098,1.0063,50,50,1.0
post_filter,overall>=5.0,0.5,0.6103,50,28,0.1063,0.9561,1.0624,50,50,0.98
post_filter,overall>=5.0,0.5,0.6103,50,29,0.0758,0.6038,0.6796,50,50,1.0
post_filter,overall>=5.0,0.5,0.6103,50,30,0.0493,0.4582,0.5075,50,50,0.0
post_filter,overall>=5.0,0.5,0.6103,50,31,0.0595,0.9475,1.0069,50,50,1.0
post_filter,overall>=5.0,0.5,0.6103,50,32,0.6115,0.7799,1.3914,50,50,0.72
post_filter,overall>=5.0,0.5,0.6103,50,33,0.0835,0.5819,0.6654,50,50,1.0
post_filter,overall>=5.0,0.5,0.6103,50,34,0.0672,0.969,1.0362,50,50,1.0
post_filter,overall>=5.0,0.5,0.6103,50,35,0.1217,0.9888,1.1104,50,50,0.98
post_filter,overall>=5.0,0.5,0.6103,50,36,0.1675,0.7944,0.9619,50,50,0.98
post_filter,overall>=5.0,0.5,0.6103,50,37,0.0615,0.7818,0.8433,50,50,1.0
post_filter,overall>=5.0,0.5,0.6103,50,38,0.1172,1.2522,1.3694,50,50,0.92
post_filter,overall>=5.0,0.5,0.6103,50,39,0.0573,0.5711,0.6284,50,50,1.0
post_filter,overall>=5.0,0.5,0.6103,50,40,0.1058,1.1974,1.3032,50,50,0.96
post_filter,overall>=5.0,0.5,0.6103,50,41,0.5471,0.6323,1.1794,50,50,0.7
post_filter,overall>=5.0,0.5,0.6103,50,42,0.0961,0.9707,1.0669,50,50,0.98
post_filter,overall>=5.0,0.5,0.6103,50,43,0.0608,0.4853,0.5461,50,50,0.84
post_filter,overall>=5.0,0.5,0.6103,50,44,0.9183,0.7075,1.6258,50,50,0.66
post_filter,overall>=5.0,0.5,0.6103,50,45,0.0556,1.0645,1.1202,50,50,0.98
post_filter,overall>=5.0,0.5,0.6103,50,46,0.0609,0.8563,0.9172,50,50,1.0
post_filter,overall>=5.0,0.5,0.6103,50,47,0.0604,0.2952,0.3557,50,50,0.16
post_filter,overall>=5.0,0.5,0.6103,50,48,0.0603,1.0451,1.1054,50,50,1.0
post_filter,overall>=5.0,0.5,0.6103,50,49,0.0557,0.4961,0.5518,50,50,0.96
bitmap_prefilter,overall>=5.0,0.5,0.6103,50,0,0.1129,35.6496,35.7625,118244,50,1.0
bitmap_prefilter,overall>=5.0,0.5,0.6103,50,1,0.1091,35.6935,35.8026,118244,50,1.0
bitmap_prefilter,overall>=5.0,0.5,0.6103,50,2,0.1191,35.7842,35.9033,118244,50,1.0
bitmap_prefilter,overall>=5.0,0.5,0.6103,50,3,0.1075,35.7415,35.849,118244,50,1.0
bitmap_prefilter,overall>=5.0,0.5,0.6103,50,4,0.1115,35.6056,35.7171,118244,50,1.0
bitmap_prefilter,overall>=5.0,0.5,0.6103,50,5,0.1089,35.6099,35.7187,118244,50,1.0
bitmap_prefilter,overall>=5.0,0.5,0.6103,50,6,0.1074,35.6457,35.7531,118244,50,1.0
bitmap_prefilter,overall>=5.0,0.5,0.6103,50,7,0.1074,35.5122,35.6195,118244,50,1.0
bitmap_prefilter,overall>=5.0,0.5,0.6103,50,8,0.1058,35.6143,35.7201,118244,50,1.0
bitmap_prefilter,overall>=5.0,0.5,0.6103,50,9,0.1055,35.5728,35.6783,118244,50,1.0
bitmap_prefilter,overall>=5.0,0.5,0.6103,50,10,0.1046,35.7052,35.8098,118244,50,1.0
bitmap_prefilter,overall>=5.0,0.5,0.6103,50,11,0.1118,36.1328,36.2447,118244,50,1.0
bitmap_prefilter,overall>=5.0,0.5,0.6103,50,12,0.115,35.6819,35.7969,118244,50,1.0
bitmap_prefilter,overall>=5.0,0.5,0.6103,50,13,0.1117,35.6543,35.7661,118244,50,1.0
bitmap_prefilter,overall>=5.0,0.5,0.6103,50,14,0.113,35.53,35.643,118244,50,1.0
bitmap_prefilter,overall>=5.0,0.5,0.6103,50,15,0.1091,35.618,35.7271,118244,50,1.0
bitmap_prefilter,overall>=5.0,0.5,0.6103,50,16,0.1053,35.6136,35.7189,118244,50,1.0
bitmap_prefilter,overall>=5.0,0.5,0.6103,50,17,0.105,35.5951,35.7002,118244,50,1.0
bitmap_prefilter,overall>=5.0,0.5,0.6103,50,18,0.1059,35.503,35.6089,118244,50,1.0
bitmap_prefilter,overall>=5.0,0.5,0.6103,50,19,0.1056,35.7002,35.8058,118244,50,1.0
bitmap_prefilter,overall>=5.0,0.5,0.6103,50,20,0.1042,35.625,35.7292,118244,50,1.0
bitmap_prefilter,overall>=5.0,0.5,0.6103,50,21,0.108,35.5064,35.6144,118244,50,0.98
bitmap_prefilter,overall>=5.0,0.5,0.6103,50,22,0.1051,35.6532,35.7583,118244,50,1.0
bitmap_prefilter,overall>=5.0,0.5,0.6103,50,23,0.1036,35.609,35.7127,118244,50,1.0
bitmap_prefilter,overall>=5.0,0.5,0.6103,50,24,0.104,35.5811,35.6852,118244,50,1.0
bitmap_prefilter,overall>=5.0,0.5,0.6103,50,25,0.1043,35.6224,35.7267,118244,50,1.0
bitmap_prefilter,overall>=5.0,0.5,0.6103,50,26,0.1049,35.6596,35.7645,118244,50,1.0
bitmap_prefilter,overall>=5.0,0.5,0.6103,50,27,0.104,35.6917,35.7958,118244,50,1.0
bitmap_prefilter,overall>=5.0,0.5,0.6103,50,28,0.1049,35.5724,35.6773,118244,50,1.0
bitmap_prefilter,overall>=5.0,0.5,0.6103,50,29,0.104,35.745,35.849,118244,50,1.0
bitmap_prefilter,overall>=5.0,0.5,0.6103,50,30,0.1145,35.687,35.8015,118244,50,0.98
bitmap_prefilter,overall>=5.0,0.5,0.6103,50,31,0.1065,35.6139,35.7203,118244,50,1.0
bitmap_prefilter,overall>=5.0,0.5,0.6103,50,32,0.1033,35.5277,35.631,118244,50,1.0
bitmap_prefilter,overall>=5.0,0.5,0.6103,50,33,0.1026,35.6621,35.7647,118244,50,1.0
bitmap_prefilter,overall>=5.0,0.5,0.6103,50,34,0.1041,35.6832,35.7873,118244,50,1.0
bitmap_prefilter,overall>=5.0,0.5,0.6103,50,35,0.1032,35.72,35.8232,118244,50,1.0
bitmap_prefilter,overall>=5.0,0.5,0.6103,50,36,0.1111,35.6451,35.7562,118244,50,1.0
bitmap_prefilter,overall>=5.0,0.5,0.6103,50,37,0.104,35.5822,35.6862,118244,50,1.0
bitmap_prefilter,overall>=5.0,0.5,0.6103,50,38,0.1037,35.5985,35.7022,118244,50,1.0
bitmap_prefilter,overall>=5.0,0.5,0.6103,50,39,0.1108,35.7765,35.8873,118244,50,1.0
bitmap_prefilter,overall>=5.0,0.5,0.6103,50,40,0.1037,35.6565,35.7602,118244,50,1.0
bitmap_prefilter,overall>=5.0,0.5,0.6103,50,41,0.1052,35.7376,35.8429,118244,50,1.0
bitmap_prefilter,overall>=5.0,0.5,0.6103,50,42,0.1032,35.7239,35.8271,118244,50,1.0
bitmap_prefilter,overall>=5.0,0.5,0.6103,50,43,0.1049,35.5787,35.6836,118244,50,0.98
bitmap_prefilter,overall>=5.0,0.5,0.6103,50,44,0.1042,35.6878,35.792,118244,50,1.0
bitmap_prefilter,overall>=5.0,0.5,0.6103,50,45,0.1083,35.6437,35.752,118244,50,1.0
bitmap_prefilter,overall>=5.0,0.5,0.6103,50,46,0.1032,35.4932,35.5964,118244,50,1.0
bitmap_prefilter,overall>=5.0,0.5,0.6103,50,47,0.1037,35.6219,35.7256,118244,50,0.0
bitmap_prefilter,overall>=5.0,0.5,0.6103,50,48,0.1035,35.5879,35.6914,118244,50,1.0
bitmap_prefilter,overall>=5.0,0.5,0.6103,50,49,0.104,35.5931,35.6971,118244,50,1.0
