strategy,filter_name,target_selectivity,actual_selectivity,top_k,query_idx,filter_time_ms,search_time_ms,total_time_ms,candidates_after_filter,results_returned,recall
brute_force,main_cat='Tools &amp; Home Improvement' AND overall>=4.0,0.01,0.0099,10,0,3.9459,25.3696,29.3155,10,10,1.0
brute_force,main_cat='Tools &amp; Home Improvement' AND overall>=4.0,0.01,0.0099,10,1,1.5016,25.6864,27.188,10,10,1.0
brute_force,main_cat='Tools &amp; Home Improvement' AND overall>=4.0,0.01,0.0099,10,2,1.031,25.8647,26.8957,10,10,1.0
brute_force,main_cat='Tools &amp; Home Improvement' AND overall>=4.0,0.01,0.0099,10,3,0.8379,25.8313,26.6692,10,10,1.0
brute_force,main_cat='Tools &amp; Home Improvement' AND overall>=4.0,0.01,0.0099,10,4,1.9007,25.7295,27.6303,10,10,1.0
brute_force,main_cat='Tools &amp; Home Improvement' AND overall>=4.0,0.01,0.0099,10,5,2.8097,25.5444,28.3541,10,10,1.0
brute_force,main_cat='Tools &amp; Home Improvement' AND overall>=4.0,0.01,0.0099,10,6,1.7548,25.3512,27.106,10,10,1.0
brute_force,main_cat='Tools &amp; Home Improvement' AND overall>=4.0,0.01,0.0099,10,7,1.595,25.6553,27.2503,10,10,1.0
brute_force,main_cat='Tools &amp; Home Improvement' AND overall>=4.0,0.01,0.0099,10,8,1.8526,25.5767,27.4293,10,10,1.0
brute_force,main_cat='Tools &amp; Home Improvement' AND overall>=4.0,0.01,0.0099,10,9,0.4832,25.6013,26.0846,10,10,1.0
brute_force,main_cat='Tools &amp; Home Improvement' AND overall>=4.0,0.01,0.0099,10,10,0.6145,25.5202,26.1347,10,10,1.0
brute_force,main_cat='Tools &amp; Home Improvement' AND overall>=4.0,0.01,0.0099,10,11,4.9497,25.4429,30.3926,10,10,1.0
brute_force,main_cat='Tools &amp; Home Improvement' AND overall>=4.0,0.01,0.0099,10,12,2.207,25.5139,27.7209,10,10,1.0
brute_force,main_cat='Tools &amp; Home Improvement' AND overall>=4.0,0.01,0.0099,10,13,1.0126,25.5606,26.5732,10,10,0.9
brute_force,main_cat='Tools &amp; Home Improvement' AND overall>=4.0,0.01,0.0099,10,14,1.7914,25.5125,27.3039,10,10,1.0
brute_force,main_cat='Tools &amp; Home Improvement' AND overall>=4.0,0.01,0.0099,10,15,0.823,25.2682,26.0912,10,10,1.0
brute_force,main_cat='Tools &amp; Home Improvement' AND overall>=4.0,0.01,0.0099,10,16,0.1911,26.0149,26.206,10,10,1.0
brute_force,main_cat='Tools &amp; Home Improvement' AND overall>=4.0,0.01,0.0099,10,17,0.7537,25.2687,26.0224,10,10,1.0
brute_force,main_cat='Tools &amp; Home Improvement' AND overall>=4.0,0.01,0.0099,10,18,1.0663,25.0863,26.1525,10,10,1.0
brute_force,main_cat='Tools &amp; Home Improvement' AND overall>=4.0,0.01,0.0099,10,19,0.0504,25.0949,25.1453,10,10,1.0
brute_force,main_cat='Tools &amp; Home Improvement' AND overall>=4.0,0.01,0.0099,10,20,0.4717,25.4089,25.8806,10,10,1.0
brute_force,main_cat='Tools &amp; Home Improvement' AND overall>=4.0,0.01,0.0099,10,21,0.9575,25.0253,25.9828,10,10,1.0
brute_force,main_cat='Tools &amp; Home Improvement' AND overall>=4.0,0.01,0.0099,10,22,2.4692,25.013,27.4822,10,10,1.0
brute_force,main_cat='Tools &amp; Home Improvement' AND overall>=4.0,0.01,0.0099,10,23,0.468,25.144,25.6121,10,10,1.0
brute_force,main_cat='Tools &amp; Home Improvement' AND overall>=4.0,0.01,0.0099,10,24,1.2161,24.9592,26.1753,10,10,1.0
brute_force,main_cat='Tools &amp; Home Improvement' AND overall>=4.0,0.01,0.0099,10,25,0.3674,24.927,25.2943,10,10,1.0
brute_force,main_cat='Tools &amp; Home Improvement' AND overall>=4.0,0.01,0.0099,10,26,1.1326,24.8606,25.9932,10,10,1.0
brute_force,main_cat='Tools &amp; Home Improvement' AND overall>=4.0,0.01,0.0099,10,27,2.7362,24.8689,27.605,10,10,1.0
brute_force,main_cat='Tools &amp; Home Improvement' AND overall>=4.0,0.01,0.0099,10,28,0.5697,25.0267,25.5965,10,10,1.0
brute_force,main_cat='Tools &amp; Home Improvement' AND overall>=4.0,0.01,0.0099,10,29,0.6433,25.2584,25.9017,10,10,1.0
brute_force,main_cat='Tools &amp; Home Improvement' AND overall>=4.0,0.01,0.0099,10,30,0.2842,25.2987,25.5829,10,10,1.0
brute_force,main_cat='Tools &amp; Home Improvement' AND overall>=4.0,0.01,0.0099,10,31,0.6035,25.1868,25.7904,10,10,1.0
brute_force,main_cat='Tools &amp; Home Improvement' AND overall>=4.0,0.01,0.0099,10,32,1.7809,25.3071,27.088,10,10,1.0
brute_force,main_cat='Tools &amp; Home Improvement' AND overall>=4.0,0.01,0.0099,10,33,0.612,25.3293,25.9413,10,10,1.0
brute_force,main_cat='Tools &amp; Home Improvement' AND overall>=4.0,0.01,0.0099,10,34,2.5148,25.0574,27.5722,10,10,1.0
brute_force,main_cat='Tools &amp; Home Improvement' AND overall>=4.0,0.01,0.0099,10,35,1.2429,25.1322,26.3752,10,10,1.0
brute_force,main_cat='Tools &amp; Home Improvement' AND overall>=4.0,0.01,0.0099,10,36,6.1078,25.1358,31.2437,10,10,1.0
brute_force,main_cat='Tools &amp; Home Improvement' AND overall>=4.0,0.01,0.0099,10,37,2.7937,25.2803,28.0741,10,10,1.0
brute_force,main_cat='Tools &amp; Home Improvement' AND overall>=4.0,0.01,0.0099,10,38,2.3561,25.1782,27.5343,10,10,1.0
brute_force,main_cat='Tools &amp; Home Improvement' AND overall>=4.0,0.01,0.0099,10,39,0.2622,25.3471,25.6093,10,10,1.0
brute_force,main_cat='Tools &amp; Home Improvement' AND overall>=4.0,0.01,0.0099,10,40,0.597,25.7232,26.3203,10,10,1.0
brute_force,main_cat='Tools &amp; Home Improvement' AND overall>=4.0,0.01,0.0099,10,41,2.152,25.3722,27.5242,10,10,1.0
brute_force,main_cat='Tools &amp; Home Improvement' AND overall>=4.0,0.01,0.0099,10,42,0.8943,25.1,25.9943,10,10,1.0
brute_force,main_cat='Tools &amp; Home Improvement' AND overall>=4.0,0.01,0.0099,10,43,0.361,25.1628,25.5239,10,10,0.9
brute_force,main_cat='Tools &amp; Home Improvement' AND overall>=4.0,0.01,0.0099,10,44,4.3863,25.1251,29.5113,10,10,1.0
brute_force,main_cat='Tools &amp; Home Improvement' AND overall>=4.0,0.01,0.0099,10,45,0.2896,25.3144,25.604,10,10,1.0
brute_force,main_cat='Tools &amp; Home Improvement' AND overall>=4.0,0.01,0.0099,10,46,5.2225,25.253,30.4755,10,10,1.0
brute_force,main_cat='Tools &amp; Home Improvement' AND overall>=4.0,0.01,0.0099,10,47,0.3124,25.1082,25.4206,10,10,1.0
brute_force,main_cat='Tools &amp; Home Improvement' AND overall>=4.0,0.01,0.0099,10,48,0.3651,25.2129,25.578,10,10,1.0
brute_force,main_cat='Tools &amp; Home Improvement' AND overall>=4.0,0.01,0.0099,10,49,0.2541,25.3178,25.5719,10,10,1.0
naive_prefilter,main_cat='Tools &amp; Home Improvement' AND overall>=4.0,0.01,0.0099,10,0,15.38,0.5782,15.9582,1924,10,1.0
naive_prefilter,main_cat='Tools &amp; Home Improvement' AND overall>=4.0,0.01,0.0099,10,1,15.4552,0.5978,16.053,1924,10,1.0
naive_prefilter,main_cat='Tools &amp; Home Improvement' AND overall>=4.0,0.01,0.0099,10,2,15.4921,0.5979,16.09,1924,10,1.0
naive_prefilter,main_cat='Tools &amp; Home Improvement' AND overall>=4.0,0.01,0.0099,10,3,15.7569,0.5888,16.3457,1924,10,1.0
naive_prefilter,main_cat='Tools &amp; Home Improvement' AND overall>=4.0,0.01,0.0099,10,4,15.869,0.6295,16.4985,1924,10,1.0
naive_prefilter,main_cat='Tools &amp; Home Improvement' AND overall>=4.0,0.01,0.0099,10,5,15.6714,0.5968,16.2682,1924,10,1.0
naive_prefilter,main_cat='Tools &amp; Home Improvement' AND overall>=4.0,0.01,0.0099,10,6,15.7063,0.5948,16.3011,1924,10,1.0
naive_prefilter,main_cat='Tools &amp; Home Improvement' AND overall>=4.0,0.01,0.0099,10,7,15.7747,0.6098,16.3845,1924,10,1.0
naive_prefilter,main_cat='Tools &amp; Home Improvement' AND overall>=4.0,0.01,0.0099,10,8,15.5057,0.6231,16.1288,1924,10,1.0
naive_prefilter,main_cat='Tools &amp; Home Improvement' AND overall>=4.0,0.01,0.0099,10,9,15.4139,0.579,15.9929,1924,10,1.0
naive_prefilter,main_cat='Tools &amp; Home Improvement' AND overall>=4.0,0.01,0.0099,10,10,15.5322,0.5898,16.122,1924,10,1.0
naive_prefilter,main_cat='Tools &amp; Home Improvement' AND overall>=4.0,0.01,0.0099,10,11,15.4046,0.5752,15.9798,1924,10,1.0
naive_prefilter,main_cat='Tools &amp; Home Improvement' AND overall>=4.0,0.01,0.0099,10,12,15.3432,0.5676,15.9108,1924,10,1.0
naive_prefilter,main_cat='Tools &amp; Home Improvement' AND overall>=4.0,0.01,0.0099,10,13,15.4202,0.6061,16.0263,1924,10,0.9
naive_prefilter,main_cat='Tools &amp; Home Improvement' AND overall>=4.0,0.01,0.0099,10,14,15.4838,0.5673,16.0511,1924,10,1.0
naive_prefilter,main_cat='Tools &amp; Home Improvement' AND overall>=4.0,0.01,0.0099,10,15,15.3734,0.582,15.9555,1924,10,1.0
naive_prefilter,main_cat='Tools &amp; Home Improvement' AND overall>=4.0,0.01,0.0099,10,16,15.1136,0.5665,15.6801,1924,10,1.0
naive_prefilter,main_cat='Tools &amp; Home Improvement' AND overall>=4.0,0.01,0.0099,10,17,15.3743,0.5611,15.9355,1924,10,1.0
naive_prefilter,main_cat='Tools &amp; Home Improvement' AND overall>=4.0,0.01,0.0099,10,18,15.3191,0.6048,15.9239,1924,10,1.0
naive_prefilter,main_cat='Tools &amp; Home Improvement' AND overall>=4.0,0.01,0.0099,10,19,15.3765,0.5534,15.9299,1924,10,1.0
naive_prefilter,main_cat='Tools &amp; Home Improvement' AND overall>=4.0,0.01,0.0099,10,20,15.3855,0.5759,15.9613,1924,10,1.0
naive_prefilter,main_cat='Tools &amp; Home Improvement' AND overall>=4.0,0.01,0.0099,10,21,15.3057,0.5674,15.873,1924,10,1.0
naive_prefilter,main_cat='Tools &amp; Home Improvement' AND overall>=4.0,0.01,0.0099,10,22,15.3524,0.559,15.9114,1924,10,1.0
naive_prefilter,main_cat='Tools &amp; Home Improvement' AND overall>=4.0,0.01,0.0099,10,23,15.8545,0.6385,16.493,1924,10,1.0
naive_prefilter,main_cat='Tools &amp; Home Improvement' AND overall>=4.0,0.01,0.0099,10,24,15.7808,0.5835,16.3643,1924,10,1.0
naive_prefilter,main_cat='Tools &amp; Home Improvement' AND overall>=4.0,0.01,0.0099,10,25,15.8073,0.5892,16.3965,1924,10,1.0
naive_prefilter,main_cat='Tools &amp; Home Improvement' AND overall>=4.0,0.01,0.0099,10,26,15.7401,0.5801,16.3202,1924,10,1.0
naive_prefilter,main_cat='Tools &amp; Home Improvement' AND overall>=4.0,0.01,0.0099,10,27,15.8025,0.588,16.3904,1924,10,1.0
naive_prefilter,main_cat='Tools &amp; Home Improvement' AND overall>=4.0,0.01,0.0099,10,28,15.7969,0.592,16.3889,1924,10,1.0
naive_prefilter,main_cat='Tools &amp; Home Improvement' AND overall>=4.0,0.01,0.0099,10,29,15.5959,0.5847,16.1806,1924,10,1.0
naive_prefilter,main_cat='Tools &amp; Home Improvement' AND overall>=4.0,0.01,0.0099,10,30,15.5823,0.5707,16.153,1924,10,0.8
naive_prefilter,main_cat='Tools &amp; Home Improvement' AND overall>=4.0,0.01,0.0099,10,31,15.4663,0.5686,16.0349,1924,10,1.0
naive_prefilter,main_cat='Tools &amp; Home Improvement' AND overall>=4.0,0.01,0.0099,10,32,15.4817,0.6132,16.0949,1924,10,1.0
naive_prefilter,main_cat='Tools &amp; Home Improvement' AND overall>=4.0,0.01,0.0099,10,33,15.5402,0.5585,16.0987,1924,10,1.0
naive_prefilter,main_cat='Tools &amp; Home Improvement' AND overall>=4.0,0.01,0.0099,10,34,15.5032,0.5802,16.0834,1924,10,1.0
naive_prefilter,main_cat='Tools &amp; Home Improvement' AND overall>=4.0,0.01,0.0099,10,35,15.4546,0.5679,16.0225,1924,10,1.0
naive_prefilter,main_cat='Tools &amp; Home Improvement' AND overall>=4.0,0.01,0.0099,10,36,15.4659,0.5674,16.0333,1924,10,1.0
naive_prefilter,main_cat='Tools &amp; Home Improvement' AND overall>=4.0,0.01,0.0099,10,37,15.5023,0.6029,16.1052,1924,10,1.0
naive_prefilter,main_cat='Tools &amp; Home Improvement' AND overall>=4.0,0.01,0.0099,10,38,15.5116,0.5889,16.1005,1924,10,1.0
naive_prefilter,main_cat='Tools &amp; Home Improvement' AND overall>=4.0,0.01,0.0099,10,39,15.583,0.5925,16.1755,1924,10,1.0
naive_prefilter,main_cat='Tools &amp; Home Improvement' AND overall>=4.0,0.01,0.0099,10,40,16.1113,0.6458,16.757,1924,10,1.0
naive_prefilter,main_cat='Tools &amp; Home Improvement' AND overall>=4.0,0.01,0.0099,10,41,15.9745,0.7914,16.7659,1924,10,1.0
naive_prefilter,main_cat='Tools &amp; Home Improvement' AND overall>=4.0,0.01,0.0099,10,42,16.0361,0.6244,16.6605,1924,10,1.0
naive_prefilter,main_cat='Tools &amp; Home Improvement' AND overall>=4.0,0.01,0.0099,10,43,15.5245,0.6038,16.1284,1924,10,0.9
naive_prefilter,main_cat='Tools &amp; Home Improvement' AND overall>=4.0,0.01,0.0099,10,44,15.5418,0.5815,16.1233,1924,10,1.0
naive_prefilter,main_cat='Tools &amp; Home Improvement' AND overall>=4.0,0.01,0.0099,10,45,15.474,0.5727,16.0466,1924,10,1.0
naive_prefilter,main_cat='Tools &amp; Home Improvement' AND overall>=4.0,0.01,0.0099,10,46,15.4773,0.6145,16.0918,1924,10,1.0
naive_prefilter,main_cat='Tools &amp; Home Improvement' AND overall>=4.0,0.01,0.0099,10,47,15.4943,0.581,16.0753,1924,10,1.0
naive_prefilter,main_cat='Tools &amp; Home Improvement' AND overall>=4.0,0.01,0.0099,10,48,15.5872,0.5747,16.162,1924,10,1.0
naive_prefilter,main_cat='Tools &amp; Home Improvement' AND overall>=4.0,0.01,0.0099,10,49,15.5067,0.5992,16.106,1924,10,1.0
post_filter,main_cat='Tools &amp; Home Improvement' AND overall>=4.0,0.01,0.0099,10,0,0.1777,0.3662,0.5439,0,0,0.0
post_filter,main_cat='Tools &amp; Home Improvement' AND overall>=4.0,0.01,0.0099,10,1,0.4708,0.938,1.4088,1,1,0.1
post_filter,main_cat='Tools &amp; Home Improvement' AND overall>=4.0,0.01,0.0099,10,2,0.4847,0.8019,1.2865,4,4,0.4
post_filter,main_cat='Tools &amp; Home Improvement' AND overall>=4.0,0.01,0.0099,10,3,0.4725,0.9165,1.389,7,7,0.7
post_filter,main_cat='Tools &amp; Home Improvement' AND overall>=4.0,0.01,0.0099,10,4,0.47,0.9514,1.4214,0,0,0.0
post_filter,main_cat='Tools &amp; Home Improvement' AND overall>=4.0,0.01,0.0099,10,5,0.4019,0.7341,1.136,1,1,0.1
post_filter,main_cat='Tools &amp; Home Improvement' AND overall>=4.0,0.01,0.0099,10,6,0.4385,0.8646,1.3031,0,0,0.0
post_filter,main_cat='Tools &amp; Home Improvement' AND overall>=4.0,0.01,0.0099,10,7,0.4422,0.6548,1.097,3,3,0.3
post_filter,main_cat='Tools &amp; Home Improvement' AND overall>=4.0,0.01,0.0099,10,8,0.419,1.002,1.421,3,3,0.3
post_filter,main_cat='Tools &amp; Home Improvement' AND overall>=4.0,0.01,0.0099,10,9,0.4353,0.9366,1.372,9,9,0.6
post_filter,main_cat='Tools &amp; Home Improvement' AND overall>=4.0,0.01,0.0099,10,10,0.4512,0.883,1.3342,9,9,0.8
post_filter,main_cat='Tools &amp; Home Improvement' AND overall>=4.0,0.01,0.0099,10,11,0.423,0.8172,1.2402,0,0,0.0
post_filter,main_cat='Tools &amp; Home Improvement' AND overall>=4.0,0.01,0.0099,10,12,0.388,0.6749,1.063,0,0,0.0
post_filter,main_cat='Tools &amp; Home Improvement' AND overall>=4.0,0.01,0.0099,10,13,0.4379,0.7377,1.1756,4,4,0.4
post_filter,main_cat='Tools &amp; Home Improvement' AND overall>=4.0,0.01,0.0099,10,14,0.3886,0.54,0.9286,0,0,0.0
post_filter,main_cat='Tools &amp; Home Improvement' AND overall>=4.0,0.01,0.0099,10,15,0.2864,0.4653,0.7517,1,1,0.1
post_filter,main_cat='Tools &amp; Home Improvement' AND overall>=4.0,0.01,0.0099,10,16,0.1342,0.8616,0.9959,10,10,1.0
post_filter,main_cat='Tools &amp; Home Improvement' AND overall>=4.0,0.01,0.0099,10,17,0.4361,0.6481,1.0842,9,9,0.6
post_filter,main_cat='Tools &amp; Home Improvement' AND overall>=4.0,0.01,0.0099,10,18,0.4487,0.7636,1.2122,4,4,0.4
post_filter,main_cat='Tools &amp; Home Improvement' AND overall>=4.0,0.01,0.0099,10,19,0.0348,0.798,0.8328,10,10,1.0
post_filter,main_cat='Tools &amp; Home Improvement' AND overall>=4.0,0.01,0.0099,10,20,0.4214,0.5829,1.0043,10,10,0.6
post_filter,main_cat='Tools &amp; Home Improvement' AND overall>=4.0,0.01,0.0099,10,21,0.3684,0.6282,0.9966,1,1,0.1
post_filter,main_cat='Tools &amp; Home Improvement' AND overall>=4.0,0.01,0.0099,10,22,0.4558,0.6837,1.1395,1,1,0.1
post_filter,main_cat='Tools &amp; Home Improvement' AND overall>=4.0,0.01,0.0099,10,23,0.422,0.6647,1.0867,10,10,0.8
post_filter,main_cat='Tools &amp; Home Improvement' AND overall>=4.0,0.01,0.0099,10,24,0.4177,0.8772,1.295,1,1,0.1
post_filter,main_cat='Tools &amp; Home Improvement' AND overall>=4.0,0.01,0.0099,10,25,0.2833,0.2751,0.5584,2,2,0.0
post_filter,main_cat='Tools &amp; Home Improvement' AND overall>=4.0,0.01,0.0099,10,26,0.3695,0.7732,1.1427,1,1,0.1
post_filter,main_cat='Tools &amp; Home Improvement' AND overall>=4.0,0.01,0.0099,10,27,0.3935,0.7361,1.1296,0,0,0.0
post_filter,main_cat='Tools &amp; Home Improvement' AND overall>=4.0,0.01,0.0099,10,28,0.4553,0.7843,1.2396,9,9,0.7
post_filter,main_cat='Tools &amp; Home Improvement' AND overall>=4.0,0.01,0.0099,10,29,0.4583,0.5529,1.0112,4,4,0.3
post_filter,main_cat='Tools &amp; Home Improvement' AND overall>=4.0,0.01,0.0099,10,30,0.2485,0.4299,0.6784,8,8,0.5
post_filter,main_cat='Tools &amp; Home Improvement' AND overall>=4.0,0.01,0.0099,10,31,0.4123,0.7977,1.21,9,9,0.8
post_filter,main_cat='Tools &amp; Home Improvement' AND overall>=4.0,0.01,0.0099,10,32,0.4322,0.6155,1.0477,2,2,0.2
post_filter,main_cat='Tools &amp; Home Improvement' AND overall>=4.0,0.01,0.0099,10,33,0.3275,0.4627,0.7902,4,4,0.4
post_filter,main_cat='Tools &amp; Home Improvement' AND overall>=4.0,0.01,0.0099,10,34,0.3921,0.7688,1.1609,0,0,0.0
post_filter,main_cat='Tools &amp; Home Improvement' AND overall>=4.0,0.01,0.0099,10,35,0.4542,0.8191,1.2733,4,4,0.4
post_filter,main_cat='Tools &amp; Home Improvement' AND overall>=4.0,0.01,0.0099,10,36,0.4423,0.6872,1.1295,0,0,0.0
post_filter,main_cat='Tools &amp; Home Improvement' AND overall>=4.0,0.01,0.0099,10,37,0.4082,0.6248,1.0329,1,1,0.1
post_filter,main_cat='Tools &amp; Home Improvement' AND overall>=4.0,0.01,0.0099,10,38,0.4058,0.9487,1.3545,1,1,0.1
post_filter,main_cat='Tools &amp; Home Improvement' AND overall>=4.0,0.01,0.0099,10,39,0.1986,0.4786,0.6773,10,10,1.0
post_filter,main_cat='Tools &amp; Home Improvement' AND overall>=4.0,0.01,0.0099,10,40,0.425,0.9471,1.3721,6,6,0.6
post_filter,main_cat='Tools &amp; Home Improvement' AND overall>=4.0,0.01,0.0099,10,41,0.4461,0.5333,0.9794,1,1,0.1
post_filter,main_cat='Tools &amp; Home Improvement' AND overall>=4.0,0.01,0.0099,10,42,0.4221,0.8005,1.2226,3,3,0.3
post_filter,main_cat='Tools &amp; Home Improvement' AND overall>=4.0,0.01,0.0099,10,43,0.2352,0.4052,0.6404,10,10,0.6
post_filter,main_cat='Tools &amp; Home Improvement' AND overall>=4.0,0.01,0.0099,10,44,0.4143,0.5789,0.9932,0,0,0.0
post_filter,main_cat='Tools &amp; Home Improvement' AND overall>=4.0,0.01,0.0099,10,45,0.2985,0.832,1.1305,10,10,1.0
post_filter,main_cat='Tools &amp; Home Improvement' AND overall>=4.0,0.01,0.0099,10,46,0.4068,0.7109,1.1177,0,0,0.0
post_filter,main_cat='Tools &amp; Home Improvement' AND overall>=4.0,0.01,0.0099,10,47,0.21,0.2458,0.4558,5,5,0.3
post_filter,main_cat='Tools &amp; Home Improvement' AND overall>=4.0,0.01,0.0099,10,48,0.3399,0.8793,1.2192,10,10,0.9
post_filter,main_cat='Tools &amp; Home Improvement' AND overall>=4.0,0.01,0.0099,10,49,0.2181,0.4328,0.651,10,10,0.7
bitmap_prefilter,main_cat='Tools &amp; Home Improvement' AND overall>=4.0,0.01,0.0099,10,0,0.0067,0.4587,0.4654,1924,10,1.0
bitmap_prefilter,main_cat='Tools &amp; Home Improvement' AND overall>=4.0,0.01,0.0099,10,1,0.0065,0.4615,0.468,1924,10,1.0
bitmap_prefilter,main_cat='Tools &amp; Home Improvement' AND overall>=4.0,0.01,0.0099,10,2,0.0063,0.4448,0.4511,1924,10,1.0
bitmap_prefilter,main_cat='Tools &amp; Home Improvement' AND overall>=4.0,0.01,0.0099,10,3,0.006,0.434,0.4401,1924,10,1.0
bitmap_prefilter,main_cat='Tools &amp; Home Improvement' AND overall>=4.0,0.01,0.0099,10,4,0.0059,0.4879,0.4937,1924,10,1.0
bitmap_prefilter,main_cat='Tools &amp; Home Improvement' AND overall>=4.0,0.01,0.0099,10,5,0.0062,0.4358,0.442,1924,10,1.0
bitmap_prefilter,main_cat='Tools &amp; Home Improvement' AND overall>=4.0,0.01,0.0099,10,6,0.0062,0.4208,0.427,1924,10,1.0
bitmap_prefilter,main_cat='Tools &amp; Home Improvement' AND overall>=4.0,0.01,0.0099,10,7,0.006,0.4992,0.5051,1924,10,1.0
bitmap_prefilter,main_cat='Tools &amp; Home Improvement' AND overall>=4.0,0.01,0.0099,10,8,0.0149,0.4453,0.4602,1924,10,1.0
bitmap_prefilter,main_cat='Tools &amp; Home Improvement' AND overall>=4.0,0.01,0.0099,10,9,0.009,0.4251,0.4341,1924,10,1.0
bitmap_prefilter,main_cat='Tools &amp; Home Improvement' AND overall>=4.0,0.01,0.0099,10,10,0.0072,0.447,0.4542,1924,10,1.0
bitmap_prefilter,main_cat='Tools &amp; Home Improvement' AND overall>=4.0,0.01,0.0099,10,11,0.0068,0.4158,0.4226,1924,10,1.0
bitmap_prefilter,main_cat='Tools &amp; Home Improvement' AND overall>=4.0,0.01,0.0099,10,12,0.0064,0.4097,0.416,1924,10,1.0
bitmap_prefilter,main_cat='Tools &amp; Home Improvement' AND overall>=4.0,0.01,0.0099,10,13,0.0066,0.4053,0.412,1924,10,0.9
bitmap_prefilter,main_cat='Tools &amp; Home Improvement' AND overall>=4.0,0.01,0.0099,10,14,0.0062,0.3933,0.3995,1924,10,1.0
bitmap_prefilter,main_cat='Tools &amp; Home Improvement' AND overall>=4.0,0.01,0.0099,10,15,0.0065,0.3896,0.3961,1924,10,1.0
bitmap_prefilter,main_cat='Tools &amp; Home Improvement' AND overall>=4.0,0.01,0.0099,10,16,0.0065,0.406,0.4125,1924,10,1.0
bitmap_prefilter,main_cat='Tools &amp; Home Improvement' AND overall>=4.0,0.01,0.0099,10,17,0.007,0.4306,0.4376,1924,10,1.0
bitmap_prefilter,main_cat='Tools &amp; Home Improvement' AND overall>=4.0,0.01,0.0099,10,18,0.0063,0.4147,0.421,1924,10,1.0
bitmap_prefilter,main_cat='Tools &amp; Home Improvement' AND overall>=4.0,0.01,0.0099,10,19,0.0069,0.4477,0.4546,1924,10,1.0
bitmap_prefilter,main_cat='Tools &amp; Home Improvement' AND overall>=4.0,0.01,0.0099,10,20,0.0067,0.46,0.4667,1924,10,1.0
bitmap_prefilter,main_cat='Tools &amp; Home Improvement' AND overall>=4.0,0.01,0.0099,10,21,0.0077,0.4864,0.4941,1924,10,1.0
bitmap_prefilter,main_cat='Tools &amp; Home Improvement' AND overall>=4.0,0.01,0.0099,10,22,0.0094,0.7063,0.7156,1924,10,1.0
bitmap_prefilter,main_cat='Tools &amp; Home Improvement' AND overall>=4.0,0.01,0.0099,10,23,0.0165,0.4972,0.5137,1924,10,1.0
bitmap_prefilter,main_cat='Tools &amp; Home Improvement' AND overall>=4.0,0.01,0.0099,10,24,0.0088,0.4112,0.4201,1924,10,1.0
bitmap_prefilter,main_cat='Tools &amp; Home Improvement' AND overall>=4.0,0.01,0.0099,10,25,0.0073,0.3982,0.4054,1924,10,1.0
bitmap_prefilter,main_cat='Tools &amp; Home Improvement' AND overall>=4.0,0.01,0.0099,10,26,0.0064,0.403,0.4094,1924,10,1.0
bitmap_prefilter,main_cat='Tools &amp; Home Improvement' AND overall>=4.0,0.01,0.0099,10,27,0.0065,0.3975,0.4039,1924,10,1.0
bitmap_prefilter,main_cat='Tools &amp; Home Improvement' AND overall>=4.0,0.01,0.0099,10,28,0.0061,0.3891,0.3952,1924,10,1.0
bitmap_prefilter,main_cat='Tools &amp; Home Improvement' AND overall>=4.0,0.01,0.0099,10,29,0.0068,0.3789,0.3856,1924,10,1.0
bitmap_prefilter,main_cat='Tools &amp; Home Improvement' AND overall>=4.0,0.01,0.0099,10,30,0.0061,0.395,0.4012,1924,10,0.8
bitmap_prefilter,main_cat='Tools &amp; Home Improvement' AND overall>=4.0,0.01,0.0099,10,31,0.006,0.3733,0.3793,1924,10,1.0
bitmap_prefilter,main_cat='Tools &amp; Home Improvement' AND overall>=4.0,0.01,0.0099,10,32,0.0061,0.3688,0.375,1924,10,1.0
bitmap_prefilter,main_cat='Tools &amp; Home Improvement' AND overall>=4.0,0.01,0.0099,10,33,0.006,0.3662,0.3722,1924,10,1.0
bitmap_prefilter,main_cat='Tools &amp; Home Improvement' AND overall>=4.0,0.01,0.0099,10,34,0.0058,0.4378,0.4436,1924,10,1.0
bitmap_prefilter,main_cat='Tools &amp; Home Improvement' AND overall>=4.0,0.01,0.0099,10,35,0.0063,0.4,0.4063,1924,10,1.0
bitmap_prefilter,main_cat='Tools &amp; Home Improvement' AND overall>=4.0,0.01,0.0099,10,36,0.0064,0.3924,0.3987,1924,10,1.0
bitmap_prefilter,main_cat='Tools &amp; Home Improvement' AND overall>=4.0,0.01,0.0099,10,37,0.0063,0.3757,0.382,1924,10,1.0
bitmap_prefilter,main_cat='Tools &amp; Home Improvement' AND overall>=4.0,0.01,0.0099,10,38,0.0062,0.3623,0.3685,1924,10,1.0
bitmap_prefilter,main_cat='Tools &amp; Home Improvement' AND overall>=4.0,0.01,0.0099,10,39,0.006,0.3767,0.3827,1924,10,1.0
bitmap_prefilter,main_cat='Tools &amp; Home Improvement' AND overall>=4.0,0.01,0.0099,10,40,0.007,0.3755,0.3824,1924,10,1.0
bitmap_prefilter,main_cat='Tools &amp; Home Improvement' AND overall>=4.0,0.01,0.0099,10,41,0.0061,0.3768,0.3829,1924,10,1.0
bitmap_prefilter,main_cat='Tools &amp; Home Improvement' AND overall>=4.0,0.01,0.0099,10,42,0.0061,0.362,0.3681,1924,10,1.0
bitmap_prefilter,main_cat='Tools &amp; Home Improvement' AND overall>=4.0,0.01,0.0099,10,43,0.0061,0.3596,0.3657,1924,10,0.9
bitmap_prefilter,main_cat='Tools &amp; Home Improvement' AND overall>=4.0,0.01,0.0099,10,44,0.0117,0.4727,0.4845,1924,10,1.0
bitmap_prefilter,main_cat='Tools &amp; Home Improvement' AND overall>=4.0,0.01,0.0099,10,45,0.0065,0.4082,0.4147,1924,10,1.0
bitmap_prefilter,main_cat='Tools &amp; Home Improvement' AND overall>=4.0,0.01,0.0099,10,46,0.0068,0.379,0.3858,1924,10,1.0
bitmap_prefilter,main_cat='Tools &amp; Home Improvement' AND overall>=4.0,0.01,0.0099,10,47,0.0065,0.3907,0.3972,1924,10,1.0
bitmap_prefilter,main_cat='Tools &amp; Home Improvement' AND overall>=4.0,0.01,0.0099,10,48,0.0061,0.3848,0.3909,1924,10,1.0
bitmap_prefilter,main_cat='Tools &amp; Home Improvement' AND overall>=4.0,0.01,0.0099,10,49,0.0065,0.3791,0.3857,1924,10,1.0
brute_force,main_cat='Tools &amp; Home Improvement' AND overall>=4.0,0.01,0.0099,50,0,8.0545,25.0025,33.057,50,50,1.0
brute_force,main_cat='Tools &amp; Home Improvement' AND overall>=4.0,0.01,0.0099,50,1,4.7078,25.2491,29.957,50,50,0.98
brute_force,main_cat='Tools &amp; Home Improvement' AND overall>=4.0,0.01,0.0099,50,2,3.5545,24.9192,28.4737,50,50,1.0
brute_force,main_cat='Tools &amp; Home Improvement' AND overall>=4.0,0.01,0.0099,50,3,2.9232,25.1195,28.0427,50,50,1.0
brute_force,main_cat='Tools &amp; Home Improvement' AND overall>=4.0,0.01,0.0099,50,4,6.3545,25.2596,31.6141,50,50,1.0
brute_force,main_cat='Tools &amp; Home Improvement' AND overall>=4.0,0.01,0.0099,50,5,7.2276,25.1685,32.3962,50,50,1.0
brute_force,main_cat='Tools &amp; Home Improvement' AND overall>=4.0,0.01,0.0099,50,6,5.7532,25.0062,30.7594,50,50,1.0
brute_force,main_cat='Tools &amp; Home Improvement' AND overall>=4.0,0.01,0.0099,50,7,4.0845,25.2594,29.344,50,50,1.0
brute_force,main_cat='Tools &amp; Home Improvement' AND overall>=4.0,0.01,0.0099,50,8,4.7765,25.1373,29.9139,50,50,1.0
brute_force,main_cat='Tools &amp; Home Improvement' AND overall>=4.0,0.01,0.0099,50,9,2.7117,25.3182,28.0298,50,50,1.0
brute_force,main_cat='Tools &amp; Home Improvement' AND overall>=4.0,0.01,0.0099,50,10,4.2405,25.3667,29.6072,50,50,1.0
brute_force,main_cat='Tools &amp; Home Improvement' AND overall>=4.0,0.01,0.0099,50,11,9.4475,25.1225,34.57,50,50,1.0
brute_force,main_cat='Tools &amp; Home Improvement' AND overall>=4.0,0.01,0.0099,50,12,6.0185,25.3878,31.4063,50,50,1.0
brute_force,main_cat='Tools &amp; Home Improvement' AND overall>=4.0,0.01,0.0099,50,13,4.2461,25.1333,29.3794,50,50,0.96
brute_force,main_cat='Tools &amp; Home Improvement' AND overall>=4.0,0.01,0.0099,50,14,5.1049,25.3076,30.4125,50,50,1.0
brute_force,main_cat='Tools &amp; Home Improvement' AND overall>=4.0,0.01,0.0099,50,15,2.0564,25.2031,27.2595,50,50,1.0
brute_force,main_cat='Tools &amp; Home Improvement' AND overall>=4.0,0.01,0.0099,50,16,0.9073,25.2295,26.1368,50,50,1.0
brute_force,main_cat='Tools &amp; Home Improvement' AND overall>=4.0,0.01,0.0099,50,17,1.564,25.2064,26.7703,50,50,1.0
brute_force,main_cat='Tools &amp; Home Improvement' AND overall>=4.0,0.01,0.0099,50,18,3.7845,25.2155,29.0,50,50,1.0
brute_force,main_cat='Tools &amp; Home Improvement' AND overall>=4.0,0.01,0.0099,50,19,0.7835,25.3281,26.1117,50,50,1.0
brute_force,main_cat='Tools &amp; Home Improvement' AND overall>=4.0,0.01,0.0099,50,20,1.9608,25.3605,27.3213,50,50,1.0
brute_force,main_cat='Tools &amp; Home Improvement' AND overall>=4.0,0.01,0.0099,50,21,5.5024,25.1064,30.6088,50,50,1.0
brute_force,main_cat='Tools &amp; Home Improvement' AND overall>=4.0,0.01,0.0099,50,22,7.3728,24.656,32.0288,50,50,1.0
brute_force,main_cat='Tools &amp; Home Improvement' AND overall>=4.0,0.01,0.0099,50,23,1.6505,24.9112,26.5617,50,50,1.0
brute_force,main_cat='Tools &amp; Home Improvement' AND overall>=4.0,0.01,0.0099,50,24,3.7687,24.7807,28.5495,50,50,1.0
brute_force,main_cat='Tools &amp; Home Improvement' AND overall>=4.0,0.01,0.0099,50,25,1.2589,24.9083,26.1672,50,50,0.98
brute_force,main_cat='Tools &amp; Home Improvement' AND overall>=4.0,0.01,0.0099,50,26,3.6036,24.9009,28.5045,50,50,1.0
brute_force,main_cat='Tools &amp; Home Improvement' AND overall>=4.0,0.01,0.0099,50,27,6.996,24.9708,31.9668,50,50,1.0
brute_force,main_cat='Tools &amp; Home Improvement' AND overall>=4.0,0.01,0.0099,50,28,2.0437,24.8954,26.939,50,50,1.0
brute_force,main_cat='Tools &amp; Home Improvement' AND overall>=4.0,0.01,0.0099,50,29,1.6124,24.8693,26.4817,50,50,0.98
brute_force,main_cat='Tools &amp; Home Improvement' AND overall>=4.0,0.01,0.0099,50,30,1.4405,24.7887,26.2292,50,50,1.0
brute_force,main_cat='Tools &amp; Home Improvement' AND overall>=4.0,0.01,0.0099,50,31,2.0738,24.6808,26.7546,50,50,1.0
brute_force,main_cat='Tools &amp; Home Improvement' AND overall>=4.0,0.01,0.0099,50,32,5.5506,24.8548,30.4054,50,50,1.0
brute_force,main_cat='Tools &amp; Home Improvement' AND overall>=4.0,0.01,0.0099,50,33,2.0841,25.0723,27.1565,50,50,1.0
brute_force,main_cat='Tools &amp; Home Improvement' AND overall>=4.0,0.01,0.0099,50,34,7.4666,24.833,32.2996,50,50,1.0
brute_force,main_cat='Tools &amp; Home Improvement' AND overall>=4.0,0.01,0.0099,50,35,6.0175,24.9748,30.9923,50,50,1.0
brute_force,main_cat='Tools &amp; Home Improvement' AND overall>=4.0,0.01,0.0099,50,36,10.79,24.7653,35.5553,50,50,1.0
brute_force,main_cat='Tools &amp; Home Improvement' AND overall>=4.0,0.01,0.0099,50,37,6.4218,25.002,31.4238,50,50,1.0
brute_force,main_cat='Tools &amp; Home Improvement' AND overall>=4.0,0.01,0.0099,50,38,5.1999,24.8779,30.0778,50,50,1.0
brute_force,main_cat='Tools &amp; Home Improvement' AND overall>=4.0,0.01,0.0099,50,39,1.1618,24.8796,26.0414,50,50,1.0
brute_force,main_cat='Tools &amp; Home Improvement' AND overall>=4.0,0.01,0.0099,50,40,3.235,24.9011,28.1361,50,50,1.0
brute_force,main_cat='Tools &amp; Home Improvement' AND overall>=4.0,0.01,0.0099,50,41,5.6405,24.9122,30.5527,50,50,1.0
brute_force,main_cat='Tools &amp; Home Improvement' AND overall>=4.0,0.01,0.0099,50,42,4.0257,24.88,28.9056,50,50,1.0
brute_force,main_cat='Tools &amp; Home Improvement' AND overall>=4.0,0.01,0.0099,50,43,1.2585,24.9067,26.1651,50,50,0.96
brute_force,main_cat='Tools &amp; Home Improvement' AND overall>=4.0,0.01,0.0099,50,44,10.5788,24.9044,35.4832,50,50,1.0
brute_force,main_cat='Tools &amp; Home Improvement' AND overall>=4.0,0.01,0.0099,50,45,1.385,25.3069,26.6918,50,50,1.0
brute_force,main_cat='Tools &amp; Home Improvement' AND overall>=4.0,0.01,0.0099,50,46,10.7339,24.9717,35.7056,50,50,1.0
brute_force,main_cat='Tools &amp; Home Improvement' AND overall>=4.0,0.01,0.0099,50,47,1.0382,24.9553,25.9935,50,50,0.94
brute_force,main_cat='Tools &amp; Home Improvement' AND overall>=4.0,0.01,0.0099,50,48,2.1205,24.9242,27.0447,50,50,0.96
brute_force,main_cat='Tools &amp; Home Improvement' AND overall>=4.0,0.01,0.0099,50,49,1.2898,24.978,26.2677,50,50,1.0
naive_prefilter,main_cat='Tools &amp; Home Improvement' AND overall>=4.0,0.01,0.0099,50,0,15.925,0.5965,16.5215,1924,50,1.0
naive_prefilter,main_cat='Tools &amp; Home Improvement' AND overall>=4.0,0.01,0.0099,50,1,15.8402,0.6115,16.4517,1924,50,0.98
naive_prefilter,main_cat='Tools &amp; Home Improvement' AND overall>=4.0,0.01,0.0099,50,2,16.4361,0.6531,17.0892,1924,50,1.0
naive_prefilter,main_cat='Tools &amp; Home Improvement' AND overall>=4.0,0.01,0.0099,50,3,16.1241,0.6911,16.8152,1924,50,1.0
naive_prefilter,main_cat='Tools &amp; Home Improvement' AND overall>=4.0,0.01,0.0099,50,4,16.2079,0.6485,16.8564,1924,50,1.0
naive_prefilter,main_cat='Tools &amp; Home Improvement' AND overall>=4.0,0.01,0.0099,50,5,16.7487,0.6545,17.4032,1924,50,1.0
naive_prefilter,main_cat='Tools &amp; Home Improvement' AND overall>=4.0,0.01,0.0099,50,6,16.0183,0.6501,16.6684,1924,50,1.0
naive_prefilter,main_cat='Tools &amp; Home Improvement' AND overall>=4.0,0.01,0.0099,50,7,15.8872,0.6419,16.529,1924,50,1.0
naive_prefilter,main_cat='Tools &amp; Home Improvement' AND overall>=4.0,0.01,0.0099,50,8,15.945,0.6626,16.6076,1924,50,1.0
naive_prefilter,main_cat='Tools &amp; Home Improvement' AND overall>=4.0,0.01,0.0099,50,9,15.9051,0.6155,16.5206,1924,50,1.0
naive_prefilter,main_cat='Tools &amp; Home Improvement' AND overall>=4.0,0.01,0.0099,50,10,15.548,0.6136,16.1616,1924,50,1.0
naive_prefilter,main_cat='Tools &amp; Home Improvement' AND overall>=4.0,0.01,0.0099,50,11,15.9272,0.6406,16.5678,1924,50,1.0
naive_prefilter,main_cat='Tools &amp; Home Improvement' AND overall>=4.0,0.01,0.0099,50,12,15.7566,0.6099,16.3665,1924,50,1.0
naive_prefilter,main_cat='Tools &amp; Home Improvement' AND overall>=4.0,0.01,0.0099,50,13,15.5475,0.625,16.1725,1924,50,0.96
naive_prefilter,main_cat='Tools &amp; Home Improvement' AND overall>=4.0,0.01,0.0099,50,14,15.5863,0.5951,16.1815,1924,50,1.0
naive_prefilter,main_cat='Tools &amp; Home Improvement' AND overall>=4.0,0.01,0.0099,50,15,15.7456,0.6168,16.3624,1924,50,1.0
naive_prefilter,main_cat='Tools &amp; Home Improvement' AND overall>=4.0,0.01,0.0099,50,16,15.6575,0.594,16.2515,1924,50,1.0
naive_prefilter,main_cat='Tools &amp; Home Improvement' AND overall>=4.0,0.01,0.0099,50,17,15.4094,0.5742,15.9835,1924,50,1.0
naive_prefilter,main_cat='Tools &amp; Home Improvement' AND overall>=4.0,0.01,0.0099,50,18,15.8241,0.6831,16.5072,1924,50,1.0
naive_prefilter,main_cat='Tools &amp; Home Improvement' AND overall>=4.0,0.01,0.0099,50,19,15.5165,0.6181,16.1346,1924,50,1.0
naive_prefilter,main_cat='Tools &amp; Home Improvement' AND overall>=4.0,0.01,0.0099,50,20,15.5503,0.6183,16.1687,1924,50,1.0
naive_prefilter,main_cat='Tools &amp; Home Improvement' AND overall>=4.0,0.01,0.0099,50,21,15.4405,0.5815,16.022,1924,50,1.0
naive_prefilter,main_cat='Tools &amp; Home Improvement' AND overall>=4.0,0.01,0.0099,50,22,15.3755,0.6249,16.0004,1924,50,1.0
naive_prefilter,main_cat='Tools &amp; Home Improvement' AND overall>=4.0,0.01,0.0099,50,23,15.2916,0.6315,15.9231,1924,50,1.0
naive_prefilter,main_cat='Tools &amp; Home Improvement' AND overall>=4.0,0.01,0.0099,50,24,15.6139,0.6315,16.2454,1924,50,1.0
naive_prefilter,main_cat='Tools &amp; Home Improvement' AND overall>=4.0,0.01,0.0099,50,25,15.7946,0.6227,16.4173,1924,50,0.98
naive_prefilter,main_cat='Tools &amp; Home Improvement' AND overall>=4.0,0.01,0.0099,50,26,15.4289,0.5895,16.0184,1924,50,1.0
naive_prefilter,main_cat='Tools &amp; Home Improvement' AND overall>=4.0,0.01,0.0099,50,27,15.4849,0.6216,16.1065,1924,50,1.0
naive_prefilter,main_cat='Tools &amp; Home Improvement' AND overall>=4.0,0.01,0.0099,50,28,15.4314,0.5963,16.0277,1924,50,1.0
naive_prefilter,main_cat='Tools &amp; Home Improvement' AND overall>=4.0,0.01,0.0099,50,29,15.8115,0.6148,16.4263,1924,50,0.98
naive_prefilter,main_cat='Tools &amp; Home Improvement' AND overall>=4.0,0.01,0.0099,50,30,15.6116,0.5881,16.1997,1924,50,1.0
naive_prefilter,main_cat='Tools &amp; Home Improvement' AND overall>=4.0,0.01,0.0099,50,31,15.4768,0.5883,16.065,1924,50,1.0
naive_prefilter,main_cat='Tools &amp; Home Improvement' AND overall>=4.0,0.01,0.0099,50,32,15.9237,0.6201,16.5438,1924,50,1.0
naive_prefilter,main_cat='Tools &amp; Home Improvement' AND overall>=4.0,0.01,0.0099,50,33,20.8292,3.5568,24.386,1924,50,1.0
naive_prefilter,main_cat='Tools &amp; Home Improvement' AND overall>=4.0,0.01,0.0099,50,34,31.3678,0.7131,32.0809,1924,50,1.0
naive_prefilter,main_cat='Tools &amp; Home Improvement' AND overall>=4.0,0.01,0.0099,50,35,15.832,0.671,16.503,1924,50,1.0
naive_prefilter,main_cat='Tools &amp; Home Improvement' AND overall>=4.0,0.01,0.0099,50,36,16.1946,0.68,16.8747,1924,50,1.0
naive_prefilter,main_cat='Tools &amp; Home Improvement' AND overall>=4.0,0.01,0.0099,50,37,16.2919,0.6578,16.9497,1924,50,1.0
naive_prefilter,main_cat='Tools &amp; Home Improvement' AND overall>=4.0,0.01,0.0099,50,38,16.0683,0.6272,16.6955,1924,50,1.0
naive_prefilter,main_cat='Tools &amp; Home Improvement' AND overall>=4.0,0.01,0.0099,50,39,16.2483,0.6627,16.911,1924,50,1.0
naive_prefilter,main_cat='Tools &amp; Home Improvement' AND overall>=4.0,0.01,0.0099,50,40,15.768,0.6781,16.4461,1924,50,1.0
naive_prefilter,main_cat='Tools &amp; Home Improvement' AND overall>=4.0,0.01,0.0099,50,41,15.7763,0.5916,16.3678,1924,50,1.0
naive_prefilter,main_cat='Tools &amp; Home Improvement' AND overall>=4.0,0.01,0.0099,50,42,15.6409,0.622,16.2629,1924,50,1.0
naive_prefilter,main_cat='Tools &amp; Home Improvement' AND overall>=4.0,0.01,0.0099,50,43,15.7259,0.664,16.3898,1924,50,0.96
naive_prefilter,main_cat='Tools &amp; Home Improvement' AND overall>=4.0,0.01,0.0099,50,44,15.4913,0.5945,16.0857,1924,50,1.0
naive_prefilter,main_cat='Tools &amp; Home Improvement' AND overall>=4.0,0.01,0.0099,50,45,15.5722,0.688,16.2601,1924,50,1.0
naive_prefilter,main_cat='Tools &amp; Home Improvement' AND overall>=4.0,0.01,0.0099,50,46,15.7056,0.5906,16.2962,1924,50,1.0
naive_prefilter,main_cat='Tools &amp; Home Improvement' AND overall>=4.0,0.01,0.0099,50,47,15.6077,0.6285,16.2362,1924,50,0.94
naive_prefilter,main_cat='Tools &amp; Home Improvement' AND overall>=4.0,0.01,0.0099,50,48,15.5848,0.5792,16.164,1924,50,0.96
naive_prefilter,main_cat='Tools &amp; Home Improvement' AND overall>=4.0,0.01,0.0099,50,49,15.4646,0.5805,16.045,1924,50,1.0
post_filter,main_cat='Tools &amp; Home Improvement' AND overall>=4.0,0.01,0.0099,50,0,0.9175,0.9212,1.8387,2,2,0.04
post_filter,main_cat='Tools &amp; Home Improvement' AND overall>=4.0,0.01,0.0099,50,1,1.6163,1.256,2.8723,17,17,0.26
post_filter,main_cat='Tools &amp; Home Improvement' AND overall>=4.0,0.01,0.0099,50,2,1.2304,0.9514,2.1818,17,17,0.26
post_filter,main_cat='Tools &amp; Home Improvement' AND overall>=4.0,0.01,0.0099,50,3,1.2898,0.9676,2.2575,42,42,0.44
post_filter,main_cat='Tools &amp; Home Improvement' AND overall>=4.0,0.01,0.0099,50,4,1.5234,1.1095,2.6329,12,12,0.22
post_filter,main_cat='Tools &amp; Home Improvement' AND overall>=4.0,0.01,0.0099,50,5,1.1406,0.9103,2.0509,4,4,0.08
post_filter,main_cat='Tools &amp; Home Improvement' AND overall>=4.0,0.01,0.0099,50,6,1.3689,1.0571,2.426,7,7,0.14
post_filter,main_cat='Tools &amp; Home Improvement' AND overall>=4.0,0.01,0.0099,50,7,1.1367,0.8356,1.9723,10,10,0.18
post_filter,main_cat='Tools &amp; Home Improvement' AND overall>=4.0,0.01,0.0099,50,8,1.6117,1.2595,2.8712,9,9,0.16
post_filter,main_cat='Tools &amp; Home Improvement' AND overall>=4.0,0.01,0.0099,50,9,1.4989,1.1694,2.6683,49,49,0.62
post_filter,main_cat='Tools &amp; Home Improvement' AND overall>=4.0,0.01,0.0099,50,10,1.4562,1.0483,2.5045,24,24,0.4
post_filter,main_cat='Tools &amp; Home Improvement' AND overall>=4.0,0.01,0.0099,50,11,1.3494,1.0429,2.3923,1,1,0.0
post_filter,main_cat='Tools &amp; Home Improvement' AND overall>=4.0,0.01,0.0099,50,12,1.0551,0.8493,1.9044,1,1,0.02
post_filter,main_cat='Tools &amp; Home Improvement' AND overall>=4.0,0.01,0.0099,50,13,1.2229,0.8647,2.0876,9,9,0.16
post_filter,main_cat='Tools &amp; Home Improvement' AND overall>=4.0,0.01,0.0099,50,14,0.8832,0.6624,1.5456,3,3,0.04
post_filter,main_cat='Tools &amp; Home Improvement' AND overall>=4.0,0.01,0.0099,50,15,0.6561,0.578,1.2341,2,2,0.02
post_filter,main_cat='Tools &amp; Home Improvement' AND overall>=4.0,0.01,0.0099,50,16,0.783,1.0431,1.8262,50,50,0.66
post_filter,main_cat='Tools &amp; Home Improvement' AND overall>=4.0,0.01,0.0099,50,17,1.0791,0.7968,1.8758,28,28,0.28
post_filter,main_cat='Tools &amp; Home Improvement' AND overall>=4.0,0.01,0.0099,50,18,1.2865,0.9751,2.2617,12,12,0.22
post_filter,main_cat='Tools &amp; Home Improvement' AND overall>=4.0,0.01,0.0099,50,19,0.3795,0.9991,1.3787,50,50,0.88
post_filter,main_cat='Tools &amp; Home Improvement' AND overall>=4.0,0.01,0.0099,50,20,0.9511,0.7142,1.6654,22,22,0.32
post_filter,main_cat='Tools &amp; Home Improvement' AND overall>=4.0,0.01,0.0099,50,21,0.954,0.7622,1.7163,6,6,0.06
post_filter,main_cat='Tools &amp; Home Improvement' AND overall>=4.0,0.01,0.0099,50,22,1.0698,0.8098,1.8796,3,3,0.06
post_filter,main_cat='Tools &amp; Home Improvement' AND overall>=4.0,0.01,0.0099,50,23,1.0395,0.7562,1.7957,27,27,0.36
post_filter,main_cat='Tools &amp; Home Improvement' AND overall>=4.0,0.01,0.0099,50,24,1.4381,1.1406,2.5787,20,20,0.36
post_filter,main_cat='Tools &amp; Home Improvement' AND overall>=4.0,0.01,0.0099,50,25,0.5745,0.363,0.9374,2,2,0.02
post_filter,main_cat='Tools &amp; Home Improvement' AND overall>=4.0,0.01,0.0099,50,26,1.2061,1.0176,2.2237,15,15,0.18
post_filter,main_cat='Tools &amp; Home Improvement' AND overall>=4.0,0.01,0.0099,50,27,1.22,0.953,2.173,4,4,0.08
post_filter,main_cat='Tools &amp; Home Improvement' AND overall>=4.0,0.01,0.0099,50,28,1.4155,0.9757,2.3912,39,39,0.44
post_filter,main_cat='Tools &amp; Home Improvement' AND overall>=4.0,0.01,0.0099,50,29,0.8753,0.6245,1.4999,9,9,0.1
post_filter,main_cat='Tools &amp; Home Improvement' AND overall>=4.0,0.01,0.0099,50,30,0.4999,0.457,0.9569,8,8,0.16
post_filter,main_cat='Tools &amp; Home Improvement' AND overall>=4.0,0.01,0.0099,50,31,1.2956,0.9668,2.2625,48,48,0.56
post_filter,main_cat='Tools &amp; Home Improvement' AND overall>=4.0,0.01,0.0099,50,32,1.0607,0.7521,1.8129,10,10,0.18
post_filter,main_cat='Tools &amp; Home Improvement' AND overall>=4.0,0.01,0.0099,50,33,0.7162,0.581,1.2973,6,6,0.08
post_filter,main_cat='Tools &amp; Home Improvement' AND overall>=4.0,0.01,0.0099,50,34,1.1862,0.9928,2.179,1,1,0.02
post_filter,main_cat='Tools &amp; Home Improvement' AND overall>=4.0,0.01,0.0099,50,35,1.3863,1.0097,2.396,7,7,0.14
post_filter,main_cat='Tools &amp; Home Improvement' AND overall>=4.0,0.01,0.0099,50,36,1.159,0.8367,1.9956,1,1,0.02
post_filter,main_cat='Tools &amp; Home Improvement' AND overall>=4.0,0.01,0.0099,50,37,1.0306,0.7472,1.7777,4,4,0.08
post_filter,main_cat='Tools &amp; Home Improvement' AND overall>=4.0,0.01,0.0099,50,38,1.5602,1.2381,2.7983,7,7,0.12
post_filter,main_cat='Tools &amp; Home Improvement' AND overall>=4.0,0.01,0.0099,50,39,0.8598,0.593,1.4529,25,25,0.38
post_filter,main_cat='Tools &amp; Home Improvement' AND overall>=4.0,0.01,0.0099,50,40,1.5578,1.2398,2.7976,27,27,0.38
post_filter,main_cat='Tools &amp; Home Improvement' AND overall>=4.0,0.01,0.0099,50,41,0.8757,0.6476,1.5233,2,2,0.02
post_filter,main_cat='Tools &amp; Home Improvement' AND overall>=4.0,0.01,0.0099,50,42,1.3248,1.0133,2.3381,21,21,0.34
post_filter,main_cat='Tools &amp; Home Improvement' AND overall>=4.0,0.01,0.0099,50,43,0.6749,0.5131,1.188,16,16,0.22
post_filter,main_cat='Tools &amp; Home Improvement' AND overall>=4.0,0.01,0.0099,50,44,0.9876,0.7267,1.7142,1,1,0.02
post_filter,main_cat='Tools &amp; Home Improvement' AND overall>=4.0,0.01,0.0099,50,45,0.8441,1.0682,1.9123,50,50,0.68
post_filter,main_cat='Tools &amp; Home Improvement' AND overall>=4.0,0.01,0.0099,50,46,1.1527,0.9004,2.053,0,0,0.0
post_filter,main_cat='Tools &amp; Home Improvement' AND overall>=4.0,0.01,0.0099,50,47,0.4627,0.3037,0.7665,5,5,0.08
post_filter,main_cat='Tools &amp; Home Improvement' AND overall>=4.0,0.01,0.0099,50,48,1.4213,1.0514,2.4727,35,35,0.42
post_filter,main_cat='Tools &amp; Home Improvement' AND overall>=4.0,0.01,0.0099,50,49,0.7408,0.5139,1.2547,20,20,0.3
bitmap_prefilter,main_cat='Tools &amp; Home Improvement' AND overall>=4.0,0.01,0.0099,50,0,0.0066,0.4561,0.4627,1924,50,1.0
bitmap_prefilter,main_cat='Tools &amp; Home Improvement' AND overall>=4.0,0.01,0.0099,50,1,0.0063,0.4673,0.4736,1924,50,0.98
bitmap_prefilter,main_cat='Tools &amp; Home Improvement' AND overall>=4.0,0.01,0.0099,50,2,0.0061,0.446,0.4521,1924,50,1.0
bitmap_prefilter,main_cat='Tools &amp; Home Improvement' AND overall>=4.0,0.01,0.0099,50,3,0.0058,0.4414,0.4472,1924,50,1.0
bitmap_prefilter,main_cat='Tools &amp; Home Improvement' AND overall>=4.0,0.01,0.0099,50,4,0.006,0.4537,0.4597,1924,50,1.0
bitmap_prefilter,main_cat='Tools &amp; Home Improvement' AND overall>=4.0,0.01,0.0099,50,5,0.006,0.4468,0.4528,1924,50,1.0
bitmap_prefilter,main_cat='Tools &amp; Home Improvement' AND overall>=4.0,0.01,0.0099,50,6,0.0059,0.453,0.4589,1924,50,1.0
bitmap_prefilter,main_cat='Tools &amp; Home Improvement' AND overall>=4.0,0.01,0.0099,50,7,0.0057,0.4734,0.4791,1924,50,1.0
bitmap_prefilter,main_cat='Tools &amp; Home Improvement' AND overall>=4.0,0.01,0.0099,50,8,0.0153,0.5677,0.583,1924,50,1.0
bitmap_prefilter,main_cat='Tools &amp; Home Improvement' AND overall>=4.0,0.01,0.0099,50,9,0.0096,0.4873,0.4969,1924,50,1.0
bitmap_prefilter,main_cat='Tools &amp; Home Improvement' AND overall>=4.0,0.01,0.0099,50,10,0.008,0.5049,0.5129,1924,50,1.0
bitmap_prefilter,main_cat='Tools &amp; Home Improvement' AND overall>=4.0,0.01,0.0099,50,11,0.0078,0.4757,0.4835,1924,50,1.0
bitmap_prefilter,main_cat='Tools &amp; Home Improvement' AND overall>=4.0,0.01,0.0099,50,12,0.0076,0.4877,0.4952,1924,50,1.0
bitmap_prefilter,main_cat='Tools &amp; Home Improvement' AND overall>=4.0,0.01,0.0099,50,13,0.008,0.496,0.504,1924,50,0.96
bitmap_prefilter,main_cat='Tools &amp; Home Improvement' AND overall>=4.0,0.01,0.0099,50,14,0.008,0.4482,0.4562,1924,50,1.0
bitmap_prefilter,main_cat='Tools &amp; Home Improvement' AND overall>=4.0,0.01,0.0099,50,15,0.0077,0.4678,0.4754,1924,50,1.0
bitmap_prefilter,main_cat='Tools &amp; Home Improvement' AND overall>=4.0,0.01,0.0099,50,16,0.0081,0.5413,0.5494,1924,50,1.0
bitmap_prefilter,main_cat='Tools &amp; Home Improvement' AND overall>=4.0,0.01,0.0099,50,17,0.0174,0.4504,0.4678,1924,50,1.0
bitmap_prefilter,main_cat='Tools &amp; Home Improvement' AND overall>=4.0,0.01,0.0099,50,18,0.0102,0.4299,0.4401,1924,50,1.0
bitmap_prefilter,main_cat='Tools &amp; Home Improvement' AND overall>=4.0,0.01,0.0099,50,19,0.0079,0.4863,0.4942,1924,50,1.0
bitmap_prefilter,main_cat='Tools &amp; Home Improvement' AND overall>=4.0,0.01,0.0099,50,20,0.008,0.4459,0.454,1924,50,1.0
bitmap_prefilter,main_cat='Tools &amp; Home Improvement' AND overall>=4.0,0.01,0.0099,50,21,0.0076,0.417,0.4246,1924,50,1.0
bitmap_prefilter,main_cat='Tools &amp; Home Improvement' AND overall>=4.0,0.01,0.0099,50,22,0.007,0.4256,0.4326,1924,50,1.0
bitmap_prefilter,main_cat='Tools &amp; Home Improvement' AND overall>=4.0,0.01,0.0099,50,23,0.0074,0.4085,0.416,1924,50,1.0
bitmap_prefilter,main_cat='Tools &amp; Home Improvement' AND overall>=4.0,0.01,0.0099,50,24,0.0074,0.4231,0.4305,1924,50,1.0
bitmap_prefilter,main_cat='Tools &amp; Home Improvement' AND overall>=4.0,0.01,0.0099,50,25,0.007,0.403,0.41,1924,50,0.98
bitmap_prefilter,main_cat='Tools &amp; Home Improvement' AND overall>=4.0,0.01,0.0099,50,26,0.0067,0.3879,0.3946,1924,50,1.0
bitmap_prefilter,main_cat='Tools &amp; Home Improvement' AND overall>=4.0,0.01,0.0099,50,27,0.0065,0.3741,0.3806,1924,50,1.0
bitmap_prefilter,main_cat='Tools &amp; Home Improvement' AND overall>=4.0,0.01,0.0099,50,28,0.0065,0.3924,0.3989,1924,50,1.0
bitmap_prefilter,main_cat='Tools &amp; Home Improvement' AND overall>=4.0,0.01,0.0099,50,29,0.0074,0.3802,0.3875,1924,50,0.98
bitmap_prefilter,main_cat='Tools &amp; Home Improvement' AND overall>=4.0,0.01,0.0099,50,30,0.0067,0.3767,0.3833,1924,50,1.0
bitmap_prefilter,main_cat='Tools &amp; Home Improvement' AND overall>=4.0,0.01,0.0099,50,31,0.0065,0.3767,0.3832,1924,50,1.0
bitmap_prefilter,main_cat='Tools &amp; Home Improvement' AND overall>=4.0,0.01,0.0099,50,32,0.0065,0.3895,0.3959,1924,50,1.0
bitmap_prefilter,main_cat='Tools &amp; Home Improvement' AND overall>=4.0,0.01,0.0099,50,33,0.0067,0.4082,0.4149,1924,50,1.0
bitmap_prefilter,main_cat='Tools &amp; Home Improvement' AND overall>=4.0,0.01,0.0099,50,34,0.0074,0.3957,0.403,1924,50,1.0
bitmap_prefilter,main_cat='Tools &amp; Home Improvement' AND overall>=4.0,0.01,0.0099,50,35,0.0071,0.4141,0.4212,1924,50,1.0
bitmap_prefilter,main_cat='Tools &amp; Home Improvement' AND overall>=4.0,0.01,0.0099,50,36,0.0073,0.442,0.4493,1924,50,1.0
bitmap_prefilter,main_cat='Tools &amp; Home Improvement' AND overall>=4.0,0.01,0.0099,50,37,0.0078,0.3917,0.3995,1924,50,1.0
bitmap_prefilter,main_cat='Tools &amp; Home Improvement' AND overall>=4.0,0.01,0.0099,50,38,0.0071,0.395,0.4021,1924,50,1.0
bitmap_prefilter,main_cat='Tools &amp; Home Improvement' AND overall>=4.0,0.01,0.0099,50,39,0.0078,0.3798,0.3875,1924,50,1.0
bitmap_prefilter,main_cat='Tools &amp; Home Improvement' AND overall>=4.0,0.01,0.0099,50,40,0.0072,0.3695,0.3767,1924,50,1.0
bitmap_prefilter,main_cat='Tools &amp; Home Improvement' AND overall>=4.0,0.01,0.0099,50,41,0.0064,0.3696,0.376,1924,50,1.0
bitmap_prefilter,main_cat='Tools &amp; Home Improvement' AND overall>=4.0,0.01,0.0099,50,42,0.0061,0.3695,0.3756,1924,50,1.0
bitmap_prefilter,main_cat='Tools &amp; Home Improvement' AND overall>=4.0,0.01,0.0099,50,43,0.0062,0.3647,0.3709,1924,50,0.96
bitmap_prefilter,main_cat='Tools &amp; Home Improvement' AND overall>=4.0,0.01,0.0099,50,44,0.0067,0.376,0.3827,1924,50,1.0
bitmap_prefilter,main_cat='Tools &amp; Home Improvement' AND overall>=4.0,0.01,0.0099,50,45,0.0064,0.3667,0.3731,1924,50,1.0
bitmap_prefilter,main_cat='Tools &amp; Home Improvement' AND overall>=4.0,0.01,0.0099,50,46,0.0062,0.3619,0.3681,1924,50,1.0
bitmap_prefilter,main_cat='Tools &amp; Home Improvement' AND overall>=4.0,0.01,0.0099,50,47,0.0061,0.3684,0.3745,1924,50,0.94
bitmap_prefilter,main_cat='Tools &amp; Home Improvement' AND overall>=4.0,0.01,0.0099,50,48,0.0071,0.3661,0.3732,1924,50,0.96
bitmap_prefilter,main_cat='Tools &amp; Home Improvement' AND overall>=4.0,0.01,0.0099,50,49,0.0062,0.3704,0.3766,1924,50,1.0
brute_force,brand='Canon',0.05,0.0489,10,0,0.6886,25.3235,26.0121,10,10,0.9
brute_force,brand='Canon',0.05,0.0489,10,1,0.1987,25.3515,25.5503,10,10,1.0
brute_force,brand='Canon',0.05,0.0489,10,2,0.2211,25.6924,25.9135,10,10,1.0
brute_force,brand='Canon',0.05,0.0489,10,3,0.091,25.203,25.294,10,10,1.0
brute_force,brand='Canon',0.05,0.0489,10,4,0.2238,25.1966,25.4205,10,10,1.0
brute_force,brand='Canon',0.05,0.0489,10,5,0.5882,25.0945,25.6828,10,10,1.0
brute_force,brand='Canon',0.05,0.0489,10,6,0.5785,25.0225,25.6009,10,10,1.0
brute_force,brand='Canon',0.05,0.0489,10,7,0.39,25.0781,25.4682,10,10,1.0
brute_force,brand='Canon',0.05,0.0489,10,8,0.5258,24.8781,25.4039,10,10,1.0
brute_force,brand='Canon',0.05,0.0489,10,9,0.2165,25.0406,25.2571,10,10,1.0
brute_force,brand='Canon',0.05,0.0489,10,10,0.1631,25.1153,25.2785,10,10,1.0
brute_force,brand='Canon',0.05,0.0489,10,11,0.7952,25.2174,26.0126,10,10,1.0
brute_force,brand='Canon',0.05,0.0489,10,12,0.2648,25.4419,25.7067,10,10,1.0
brute_force,brand='Canon',0.05,0.0489,10,13,0.2286,25.0939,25.3225,10,10,1.0
brute_force,brand='Canon',0.05,0.0489,10,14,0.377,25.1332,25.5102,10,10,1.0
brute_force,brand='Canon',0.05,0.0489,10,15,0.6137,25.0465,25.6602,10,10,1.0
brute_force,brand='Canon',0.05,0.0489,10,16,0.3457,25.2467,25.5924,10,10,1.0
brute_force,brand='Canon',0.05,0.0489,10,17,0.107,25.4268,25.5338,10,10,1.0
brute_force,brand='Canon',0.05,0.0489,10,18,0.2613,25.2888,25.55,10,10,1.0
brute_force,brand='Canon',0.05,0.0489,10,19,0.141,24.7618,24.9029,10,10,1.0
brute_force,brand='Canon',0.05,0.0489,10,20,0.44,25.0303,25.4703,10,10,1.0
brute_force,brand='Canon',0.05,0.0489,10,21,0.2736,24.8054,25.079,10,10,1.0
brute_force,brand='Canon',0.05,0.0489,10,22,0.0404,24.9834,25.0238,10,10,1.0
brute_force,brand='Canon',0.05,0.0489,10,23,0.2338,25.0211,25.2548,10,10,1.0
brute_force,brand='Canon',0.05,0.0489,10,24,0.128,24.8724,25.0004,10,10,1.0
brute_force,brand='Canon',0.05,0.0489,10,25,0.2767,24.9721,25.2488,10,10,1.0
brute_force,brand='Canon',0.05,0.0489,10,26,0.0738,25.3128,25.3866,10,10,1.0
brute_force,brand='Canon',0.05,0.0489,10,27,0.4233,24.9335,25.3569,10,10,1.0
brute_force,brand='Canon',0.05,0.0489,10,28,0.1756,25.0009,25.1765,10,10,1.0
brute_force,brand='Canon',0.05,0.0489,10,29,0.0841,24.88,24.9641,10,10,1.0
brute_force,brand='Canon',0.05,0.0489,10,30,0.2696,24.9342,25.2037,10,10,1.0
brute_force,brand='Canon',0.05,0.0489,10,31,0.1831,25.0458,25.229,10,10,1.0
brute_force,brand='Canon',0.05,0.0489,10,32,0.1195,25.193,25.3125,10,10,1.0
brute_force,brand='Canon',0.05,0.0489,10,33,0.3211,25.0267,25.3478,10,10,1.0
brute_force,brand='Canon',0.05,0.0489,10,34,0.3661,24.8741,25.2402,10,10,1.0
brute_force,brand='Canon',0.05,0.0489,10,35,0.2636,24.8414,25.105,10,10,1.0
brute_force,brand='Canon',0.05,0.0489,10,36,0.062,25.7243,25.7863,10,10,1.0
brute_force,brand='Canon',0.05,0.0489,10,37,0.4721,25.4767,25.9487,10,10,1.0
brute_force,brand='Canon',0.05,0.0489,10,38,0.1152,25.1347,25.2498,10,10,1.0
brute_force,brand='Canon',0.05,0.0489,10,39,0.1984,25.0118,25.2102,10,10,1.0
brute_force,brand='Canon',0.05,0.0489,10,40,0.0611,25.1228,25.1839,10,10,1.0
brute_force,brand='Canon',0.05,0.0489,10,41,0.4759,25.1922,25.6681,10,10,1.0
brute_force,brand='Canon',0.05,0.0489,10,42,0.1193,25.1739,25.2932,10,10,1.0
brute_force,brand='Canon',0.05,0.0489,10,43,0.3275,25.1878,25.5153,10,10,1.0
brute_force,brand='Canon',0.05,0.0489,10,44,0.1453,25.2443,25.3896,10,10,1.0
brute_force,brand='Canon',0.05,0.0489,10,45,0.0979,25.2401,25.338,10,10,1.0
brute_force,brand='Canon',0.05,0.0489,10,46,0.5271,25.2865,25.8137,10,10,1.0
brute_force,brand='Canon',0.05,0.0489,10,47,0.364,25.204,25.568,10,10,1.0
brute_force,brand='Canon',0.05,0.0489,10,48,0.0545,25.2456,25.3001,10,10,1.0
brute_force,brand='Canon',0.05,0.0489,10,49,0.1293,25.128,25.2573,10,10,1.0
naive_prefilter,brand='Canon',0.05,0.0489,10,0,14.9255,2.7542,17.6797,9482,10,0.9
naive_prefilter,brand='Canon',0.05,0.0489,10,1,14.7288,2.8591,17.5879,9482,10,1.0
naive_prefilter,brand='Canon',0.05,0.0489,10,2,14.9356,2.8362,17.7717,9482,10,1.0
naive_prefilter,brand='Canon',0.05,0.0489,10,3,14.7662,2.8114,17.5777,9482,10,1.0
naive_prefilter,brand='Canon',0.05,0.0489,10,4,14.8703,2.8754,17.7457,9482,10,1.0
naive_prefilter,brand='Canon',0.05,0.0489,10,5,14.8514,2.8219,17.6733,9482,10,1.0
naive_prefilter,brand='Canon',0.05,0.0489,10,6,14.9582,2.762,17.7202,9482,10,1.0
naive_prefilter,brand='Canon',0.05,0.0489,10,7,14.9928,2.8905,17.8833,9482,10,1.0
naive_prefilter,brand='Canon',0.05,0.0489,10,8,14.7831,2.9225,17.7055,9482,10,1.0
naive_prefilter,brand='Canon',0.05,0.0489,10,9,14.653,2.8126,17.4656,9482,10,1.0
naive_prefilter,brand='Canon',0.05,0.0489,10,10,14.7692,2.9087,17.6779,9482,10,1.0
naive_prefilter,brand='Canon',0.05,0.0489,10,11,14.8693,2.8158,17.6851,9482,10,1.0
naive_prefilter,brand='Canon',0.05,0.0489,10,12,14.8226,2.7662,17.5888,9482,10,1.0
naive_prefilter,brand='Canon',0.05,0.0489,10,13,14.7163,2.9039,17.6202,9482,10,1.0
naive_prefilter,brand='Canon',0.05,0.0489,10,14,14.9555,2.8211,17.7766,9482,10,1.0
naive_prefilter,brand='Canon',0.05,0.0489,10,15,14.5154,2.9443,17.4597,9482,10,1.0
naive_prefilter,brand='Canon',0.05,0.0489,10,16,14.6084,2.9606,17.569,9482,10,1.0
naive_prefilter,brand='Canon',0.05,0.0489,10,17,15.203,2.879,18.082,9482,10,1.0
naive_prefilter,brand='Canon',0.05,0.0489,10,18,15.054,2.7859,17.8399,9482,10,1.0
naive_prefilter,brand='Canon',0.05,0.0489,10,19,14.734,2.9198,17.6538,9482,10,1.0
naive_prefilter,brand='Canon',0.05,0.0489,10,20,14.9387,2.9126,17.8513,9482,10,1.0
naive_prefilter,brand='Canon',0.05,0.0489,10,21,14.905,2.9738,17.8789,9482,10,1.0
naive_prefilter,brand='Canon',0.05,0.0489,10,22,14.7989,3.0794,17.8783,9482,10,1.0
naive_prefilter,brand='Canon',0.05,0.0489,10,23,14.6195,2.9995,17.619,9482,10,1.0
naive_prefilter,brand='Canon',0.05,0.0489,10,24,14.8383,2.7518,17.5902,9482,10,1.0
naive_prefilter,brand='Canon',0.05,0.0489,10,25,14.6075,2.9344,17.5418,9482,10,1.0
naive_prefilter,brand='Canon',0.05,0.0489,10,26,14.8479,2.9539,17.8018,9482,10,1.0
naive_prefilter,brand='Canon',0.05,0.0489,10,27,14.5921,2.8928,17.4849,9482,10,1.0
naive_prefilter,brand='Canon',0.05,0.0489,10,28,14.7038,2.8717,17.5756,9482,10,1.0
naive_prefilter,brand='Canon',0.05,0.0489,10,29,14.9192,2.8517,17.7709,9482,10,1.0
naive_prefilter,brand='Canon',0.05,0.0489,10,30,14.6066,2.8491,17.4557,9482,10,0.9
naive_prefilter,brand='Canon',0.05,0.0489,10,31,15.4535,2.9725,18.4261,9482,10,1.0
naive_prefilter,brand='Canon',0.05,0.0489,10,32,15.329,3.2096,18.5386,9482,10,1.0
naive_prefilter,brand='Canon',0.05,0.0489,10,33,15.392,2.8323,18.2243,9482,10,1.0
naive_prefilter,brand='Canon',0.05,0.0489,10,34,15.2688,2.8327,18.1015,9482,10,1.0
naive_prefilter,brand='Canon',0.05,0.0489,10,35,14.7341,3.1687,17.9028,9482,10,1.0
naive_prefilter,brand='Canon',0.05,0.0489,10,36,14.9945,2.9782,17.9727,9482,10,1.0
naive_prefilter,brand='Canon',0.05,0.0489,10,37,14.7505,2.7846,17.5351,9482,10,1.0
naive_prefilter,brand='Canon',0.05,0.0489,10,38,14.9876,3.0015,17.989,9482,10,1.0
naive_prefilter,brand='Canon',0.05,0.0489,10,39,15.0318,2.8547,17.8865,9482,10,1.0
naive_prefilter,brand='Canon',0.05,0.0489,10,40,15.0985,2.7402,17.8387,9482,10,1.0
naive_prefilter,brand='Canon',0.05,0.0489,10,41,14.9406,3.1335,18.0741,9482,10,1.0
naive_prefilter,brand='Canon',0.05,0.0489,10,42,14.934,3.0017,17.9357,9482,10,1.0
naive_prefilter,brand='Canon',0.05,0.0489,10,43,14.6372,2.8289,17.4661,9482,10,1.0
naive_prefilter,brand='Canon',0.05,0.0489,10,44,14.9392,2.9902,17.9294,9482,10,1.0
naive_prefilter,brand='Canon',0.05,0.0489,10,45,14.6411,2.8489,17.49,9482,10,1.0
naive_prefilter,brand='Canon',0.05,0.0489,10,46,15.052,2.7718,17.8238,9482,10,1.0
naive_prefilter,brand='Canon',0.05,0.0489,10,47,14.6614,3.0904,17.7518,9482,10,1.0
naive_prefilter,brand='Canon',0.05,0.0489,10,48,14.7341,2.9653,17.6994,9482,10,1.0
naive_prefilter,brand='Canon',0.05,0.0489,10,49,15.2336,3.0097,18.2433,9482,10,1.0
post_filter,brand='Canon',0.05,0.0489,10,0,0.1574,0.4233,0.5808,3,3,0.3
post_filter,brand='Canon',0.05,0.0489,10,1,0.1574,0.8395,0.997,10,10,1.0
post_filter,brand='Canon',0.05,0.0489,10,2,0.1817,0.7301,0.9118,10,10,1.0
post_filter,brand='Canon',0.05,0.0489,10,3,0.0737,0.7578,0.8315,10,10,1.0
post_filter,brand='Canon',0.05,0.0489,10,4,0.1807,0.9033,1.084,10,10,0.9
post_filter,brand='Canon',0.05,0.0489,10,5,0.4098,0.7418,1.1516,3,3,0.3
post_filter,brand='Canon',0.05,0.0489,10,6,0.6826,1.1716,1.8542,9,9,0.9
post_filter,brand='Canon',0.05,0.0489,10,7,0.4798,0.7033,1.183,9,9,0.5
post_filter,brand='Canon',0.05,0.0489,10,8,0.4105,0.9424,1.3529,10,10,0.8
post_filter,brand='Canon',0.05,0.0489,10,9,0.183,0.9501,1.1332,10,10,0.9
post_filter,brand='Canon',0.05,0.0489,10,10,0.1318,0.8903,1.0221,10,10,1.0
post_filter,brand='Canon',0.05,0.0489,10,11,0.4223,0.8004,1.2227,1,1,0.1
post_filter,brand='Canon',0.05,0.0489,10,12,0.2665,0.663,0.9296,10,10,0.5
post_filter,brand='Canon',0.05,0.0489,10,13,0.2855,0.7073,0.9928,10,10,0.9
post_filter,brand='Canon',0.05,0.0489,10,14,0.4531,0.584,1.0371,9,9,0.7
post_filter,brand='Canon',0.05,0.0489,10,15,0.2958,0.4847,0.7805,0,0,0.0
post_filter,brand='Canon',0.05,0.0489,10,16,0.2718,0.8489,1.1207,10,10,0.8
post_filter,brand='Canon',0.05,0.0489,10,17,0.084,0.6457,0.7298,10,10,0.9
post_filter,brand='Canon',0.05,0.0489,10,18,0.2517,0.7658,1.0176,10,10,0.9
post_filter,brand='Canon',0.05,0.0489,10,19,0.1133,0.8727,0.986,10,10,0.9
post_filter,brand='Canon',0.05,0.0489,10,20,0.3292,0.5773,0.9065,10,10,0.9
post_filter,brand='Canon',0.05,0.0489,10,21,0.2945,0.6105,0.905,10,10,0.5
post_filter,brand='Canon',0.05,0.0489,10,22,0.0321,0.6931,0.7252,10,10,1.0
post_filter,brand='Canon',0.05,0.0489,10,23,0.1887,0.6575,0.8462,10,10,1.0
post_filter,brand='Canon',0.05,0.0489,10,24,0.104,0.8948,0.9987,10,10,1.0
post_filter,brand='Canon',0.05,0.0489,10,25,0.288,0.2645,0.5524,8,8,0.1
post_filter,brand='Canon',0.05,0.0489,10,26,0.0495,0.7692,0.8187,10,10,1.0
post_filter,brand='Canon',0.05,0.0489,10,27,0.4519,0.7528,1.2047,10,10,0.7
post_filter,brand='Canon',0.05,0.0489,10,28,0.1718,0.7913,0.9631,10,10,0.7
post_filter,brand='Canon',0.05,0.0489,10,29,0.0621,0.5072,0.5693,10,10,1.0
post_filter,brand='Canon',0.05,0.0489,10,30,0.2454,0.3943,0.6397,8,8,0.1
post_filter,brand='Canon',0.05,0.0489,10,31,0.1788,0.8113,0.9901,10,10,0.8
post_filter,brand='Canon',0.05,0.0489,10,32,0.0998,0.6177,0.7176,10,10,1.0
post_filter,brand='Canon',0.05,0.0489,10,33,0.3337,0.4597,0.7934,4,4,0.3
post_filter,brand='Canon',0.05,0.0489,10,34,0.3534,0.7533,1.1067,10,10,0.8
post_filter,brand='Canon',0.05,0.0489,10,35,0.2276,0.7905,1.0181,10,10,0.9
post_filter,brand='Canon',0.05,0.0489,10,36,0.0433,0.667,0.7103,10,10,1.0
post_filter,brand='Canon',0.05,0.0489,10,37,0.5066,0.5969,1.1035,6,6,0.4
post_filter,brand='Canon',0.05,0.0489,10,38,0.0948,1.0606,1.1554,10,10,1.0
post_filter,brand='Canon',0.05,0.0489,10,39,0.1732,0.4793,0.6525,10,10,0.8
post_filter,brand='Canon',0.05,0.0489,10,40,0.0502,0.9598,1.01,10,10,1.0
post_filter,brand='Canon',0.05,0.0489,10,41,0.3859,0.5306,0.9165,10,10,0.8
post_filter,brand='Canon',0.05,0.0489,10,42,0.1319,0.7982,0.9301,10,10,0.9
post_filter,brand='Canon',0.05,0.0489,10,43,0.2418,0.4048,0.6466,10,10,0.9
post_filter,brand='Canon',0.05,0.0489,10,44,0.1445,0.5863,0.7308,10,10,0.9
post_filter,brand='Canon',0.05,0.0489,10,45,0.0832,0.8347,0.9178,10,10,0.9
post_filter,brand='Canon',0.05,0.0489,10,46,0.461,0.7139,1.1749,4,4,0.4
post_filter,brand='Canon',0.05,0.0489,10,47,0.2101,0.2569,0.467,5,5,0.3
post_filter,brand='Canon',0.05,0.0489,10,48,0.0395,0.833,0.8725,10,10,1.0
post_filter,brand='Canon',0.05,0.0489,10,49,0.0865,0.4122,0.4987,10,10,1.0
bitmap_prefilter,brand='Canon',0.05,0.0489,10,0,0.0168,3.3261,3.3429,9482,10,0.9
bitmap_prefilter,brand='Canon',0.05,0.0489,10,1,0.0122,2.576,2.5882,9482,10,1.0
bitmap_prefilter,brand='Canon',0.05,0.0489,10,2,0.0141,2.7596,2.7737,9482,10,1.0
bitmap_prefilter,brand='Canon',0.05,0.0489,10,3,0.0157,2.6404,2.6561,9482,10,1.0
bitmap_prefilter,brand='Canon',0.05,0.0489,10,4,0.012,2.5286,2.5406,9482,10,1.0
bitmap_prefilter,brand='Canon',0.05,0.0489,10,5,0.0136,2.7899,2.8035,9482,10,1.0
bitmap_prefilter,brand='Canon',0.05,0.0489,10,6,0.0119,2.5938,2.6057,9482,10,1.0
bitmap_prefilter,brand='Canon',0.05,0.0489,10,7,0.012,2.5998,2.6118,9482,10,1.0
bitmap_prefilter,brand='Canon',0.05,0.0489,10,8,0.01,2.5887,2.5987,9482,10,1.0
bitmap_prefilter,brand='Canon',0.05,0.0489,10,9,0.0174,2.7487,2.7662,9482,10,1.0
bitmap_prefilter,brand='Canon',0.05,0.0489,10,10,0.0145,2.8014,2.816,9482,10,1.0
bitmap_prefilter,brand='Canon',0.05,0.0489,10,11,0.0121,2.552,2.5642,9482,10,1.0
bitmap_prefilter,brand='Canon',0.05,0.0489,10,12,0.0122,2.5929,2.6051,9482,10,1.0
bitmap_prefilter,brand='Canon',0.05,0.0489,10,13,0.0111,2.646,2.6571,9482,10,1.0
bitmap_prefilter,brand='Canon',0.05,0.0489,10,14,0.0102,2.4965,2.5067,9482,10,1.0
bitmap_prefilter,brand='Canon',0.05,0.0489,10,15,0.0106,2.9865,2.9971,9482,10,1.0
bitmap_prefilter,brand='Canon',0.05,0.0489,10,16,0.0169,2.6168,2.6338,9482,10,1.0
bitmap_prefilter,brand='Canon',0.05,0.0489,10,17,0.0125,2.56,2.5725,9482,10,1.0
bitmap_prefilter,brand='Canon',0.05,0.0489,10,18,0.0119,2.6367,2.6485,9482,10,1.0
bitmap_prefilter,brand='Canon',0.05,0.0489,10,19,0.0195,2.5685,2.5879,9482,10,1.0
bitmap_prefilter,brand='Canon',0.05,0.0489,10,20,0.0123,2.6618,2.6742,9482,10,1.0
bitmap_prefilter,brand='Canon',0.05,0.0489,10,21,0.0122,2.6754,2.6876,9482,10,1.0
bitmap_prefilter,brand='Canon',0.05,0.0489,10,22,0.0128,2.7007,2.7134,9482,10,1.0
bitmap_prefilter,brand='Canon',0.05,0.0489,10,23,0.0142,2.5904,2.6047,9482,10,1.0
bitmap_prefilter,brand='Canon',0.05,0.0489,10,24,0.0118,2.5638,2.5756,9482,10,1.0
bitmap_prefilter,brand='Canon',0.05,0.0489,10,25,0.0113,2.7327,2.7439,9482,10,1.0
bitmap_prefilter,brand='Canon',0.05,0.0489,10,26,0.0113,2.56,2.5713,9482,10,1.0
bitmap_prefilter,brand='Canon',0.05,0.0489,10,27,0.0105,2.6562,2.6667,9482,10,1.0
bitmap_prefilter,brand='Canon',0.05,0.0489,10,28,0.0158,2.6925,2.7083,9482,10,1.0
bitmap_prefilter,brand='Canon',0.05,0.0489,10,29,0.0105,2.449,2.4595,9482,10,1.0
bitmap_prefilter,brand='Canon',0.05,0.0489,10,30,0.0115,2.6665,2.678,9482,10,0.9
bitmap_prefilter,brand='Canon',0.05,0.0489,10,31,0.0106,2.6034,2.614,9482,10,1.0
bitmap_prefilter,brand='Canon',0.05,0.0489,10,32,0.0113,2.6023,2.6135,9482,10,1.0
bitmap_prefilter,brand='Canon',0.05,0.0489,10,33,0.0108,2.6042,2.6149,9482,10,1.0
bitmap_prefilter,brand='Canon',0.05,0.0489,10,34,0.0139,2.4566,2.4705,9482,10,1.0
bitmap_prefilter,brand='Canon',0.05,0.0489,10,35,0.0105,2.624,2.6346,9482,10,1.0
bitmap_prefilter,brand='Canon',0.05,0.0489,10,36,0.0103,2.6105,2.6208,9482,10,1.0
bitmap_prefilter,brand='Canon',0.05,0.0489,10,37,0.0113,2.4956,2.5069,9482,10,1.0
bitmap_prefilter,brand='Canon',0.05,0.0489,10,38,0.0111,2.5593,2.5703,9482,10,1.0
bitmap_prefilter,brand='Canon',0.05,0.0489,10,39,0.0115,2.3928,2.4043,9482,10,1.0
bitmap_prefilter,brand='Canon',0.05,0.0489,10,40,0.0105,2.6006,2.6111,9482,10,1.0
bitmap_prefilter,brand='Canon',0.05,0.0489,10,41,0.0113,2.6377,2.649,9482,10,1.0
bitmap_prefilter,brand='Canon',0.05,0.0489,10,42,0.0113,2.4288,2.4401,9482,10,1.0
bitmap_prefilter,brand='Canon',0.05,0.0489,10,43,0.0106,2.5369,2.5475,9482,10,1.0
bitmap_prefilter,brand='Canon',0.05,0.0489,10,44,0.0103,2.4377,2.448,9482,10,1.0
bitmap_prefilter,brand='Canon',0.05,0.0489,10,45,0.0094,2.4864,2.4958,9482,10,1.0
bitmap_prefilter,brand='Canon',0.05,0.0489,10,46,0.0106,2.6318,2.6424,9482,10,1.0
bitmap_prefilter,brand='Canon',0.05,0.0489,10,47,0.0109,2.4588,2.4697,9482,10,1.0
bitmap_prefilter,brand='Canon',0.05,0.0489,10,48,0.0107,2.5109,2.5216,9482,10,1.0
bitmap_prefilter,brand='Canon',0.05,0.0489,10,49,0.0129,2.4837,2.4966,9482,10,1.0
brute_force,brand='Canon',0.05,0.0489,50,0,1.4692,25.4396,26.9088,50,50,0.98
brute_force,brand='Canon',0.05,0.0489,50,1,0.7752,25.8278,26.603,50,50,1.0
brute_force,brand='Canon',0.05,0.0489,50,2,0.7534,25.5625,26.3158,50,50,1.0
brute_force,brand='Canon',0.05,0.0489,50,3,0.3838,25.7367,26.1205,50,50,1.0
brute_force,brand='Canon',0.05,0.0489,50,4,1.1677,25.4257,26.5934,50,50,1.0
brute_force,brand='Canon',0.05,0.0489,50,5,1.6566,26.5422,28.1989,50,50,0.98
brute_force,brand='Canon',0.05,0.0489,50,6,1.8797,25.8386,27.7183,50,50,1.0
brute_force,brand='Canon',0.05,0.0489,50,7,1.0437,25.4759,26.5196,50,50,0.98
brute_force,brand='Canon',0.05,0.0489,50,8,1.3365,25.5716,26.9082,50,50,1.0
brute_force,brand='Canon',0.05,0.0489,50,9,1.0755,28.0134,29.0889,50,50,1.0
brute_force,brand='Canon',0.05,0.0489,50,10,1.1756,34.7919,35.9675,50,50,1.0
brute_force,brand='Canon',0.05,0.0489,50,11,1.9736,30.29,32.2636,50,50,1.0
brute_force,brand='Canon',0.05,0.0489,50,12,0.64,27.1286,27.7686,50,50,1.0
brute_force,brand='Canon',0.05,0.0489,50,13,0.661,26.0187,26.6797,50,50,1.0
brute_force,brand='Canon',0.05,0.0489,50,14,1.1441,26.0775,27.2215,50,50,1.0
brute_force,brand='Canon',0.05,0.0489,50,15,1.0894,26.0466,27.136,50,50,1.0
brute_force,brand='Canon',0.05,0.0489,50,16,0.8671,25.8885,26.7556,50,50,1.0
brute_force,brand='Canon',0.05,0.0489,50,17,0.54,25.7571,26.2972,50,50,1.0
brute_force,brand='Canon',0.05,0.0489,50,18,0.7991,25.7744,26.5735,50,50,0.98
brute_force,brand='Canon',0.05,0.0489,50,19,0.7058,25.677,26.3827,50,50,1.0
brute_force,brand='Canon',0.05,0.0489,50,20,1.3723,25.5125,26.8848,50,50,1.0
brute_force,brand='Canon',0.05,0.0489,50,21,0.774,25.6085,26.3825,50,50,1.0
brute_force,brand='Canon',0.05,0.0489,50,22,0.1929,25.5265,25.7195,50,50,0.98
brute_force,brand='Canon',0.05,0.0489,50,23,0.7613,25.1525,25.9138,50,50,1.0
brute_force,brand='Canon',0.05,0.0489,50,24,0.4328,25.5203,25.953,50,50,1.0
brute_force,brand='Canon',0.05,0.0489,50,25,0.863,25.2717,26.1347,50,50,1.0
brute_force,brand='Canon',0.05,0.0489,50,26,0.27,25.331,25.601,50,50,1.0
brute_force,brand='Canon',0.05,0.0489,50,27,1.2189,25.1945,26.4135,50,50,1.0
brute_force,brand='Canon',0.05,0.0489,50,28,0.4761,25.381,25.8571,50,50,1.0
brute_force,brand='Canon',0.05,0.0489,50,29,0.5769,25.3578,25.9347,50,50,1.0
brute_force,brand='Canon',0.05,0.0489,50,30,1.0132,25.5468,26.56,50,50,1.0
brute_force,brand='Canon',0.05,0.0489,50,31,0.6627,25.4581,26.1208,50,50,1.0
brute_force,brand='Canon',0.05,0.0489,50,32,0.5431,25.5725,26.1155,50,50,1.0
brute_force,brand='Canon',0.05,0.0489,50,33,0.7523,25.4576,26.21,50,50,1.0
brute_force,brand='Canon',0.05,0.0489,50,34,0.9324,25.2603,26.1927,50,50,1.0
brute_force,brand='Canon',0.05,0.0489,50,35,0.7395,25.1597,25.8992,50,50,1.0
brute_force,brand='Canon',0.05,0.0489,50,36,0.205,25.0935,25.2985,50,50,1.0
brute_force,brand='Canon',0.05,0.0489,50,37,1.4288,25.3518,26.7806,50,50,1.0
brute_force,brand='Canon',0.05,0.0489,50,38,0.8195,52.6478,53.4673,50,50,1.0
brute_force,brand='Canon',0.05,0.0489,50,39,1.021,31.8115,32.8325,50,50,1.0
brute_force,brand='Canon',0.05,0.0489,50,40,0.3633,25.1714,25.5347,50,50,1.0
brute_force,brand='Canon',0.05,0.0489,50,41,1.2263,25.6778,26.9041,50,50,1.0
brute_force,brand='Canon',0.05,0.0489,50,42,0.5527,25.4937,26.0464,50,50,1.0
brute_force,brand='Canon',0.05,0.0489,50,43,1.1304,25.4911,26.6215,50,50,1.0
brute_force,brand='Canon',0.05,0.0489,50,44,0.6184,25.4881,26.1065,50,50,1.0
brute_force,brand='Canon',0.05,0.0489,50,45,0.4414,25.0928,25.5342,50,50,1.0
brute_force,brand='Canon',0.05,0.0489,50,46,1.4114,25.398,26.8094,50,50,1.0
brute_force,brand='Canon',0.05,0.0489,50,47,1.0784,25.4207,26.4991,50,50,1.0
brute_force,brand='Canon',0.05,0.0489,50,48,0.2839,25.9316,26.2155,50,50,1.0
brute_force,brand='Canon',0.05,0.0489,50,49,0.7232,26.7147,27.4379,50,50,1.0
naive_prefilter,brand='Canon',0.05,0.0489,50,0,14.7091,2.819,17.528,9482,50,0.98
naive_prefilter,brand='Canon',0.05,0.0489,50,1,14.9812,3.0272,18.0084,9482,50,1.0
naive_prefilter,brand='Canon',0.05,0.0489,50,2,14.6076,2.9761,17.5837,9482,50,1.0
naive_prefilter,brand='Canon',0.05,0.0489,50,3,14.9571,3.069,18.0262,9482,50,1.0
naive_prefilter,brand='Canon',0.05,0.0489,50,4,15.1509,3.0217,18.1726,9482,50,1.0
naive_prefilter,brand='Canon',0.05,0.0489,50,5,15.3781,2.9712,18.3493,9482,50,0.98
naive_prefilter,brand='Canon',0.05,0.0489,50,6,15.3578,2.9538,18.3115,9482,50,1.0
naive_prefilter,brand='Canon',0.05,0.0489,50,7,15.3257,3.1615,18.4872,9482,50,0.98
naive_prefilter,brand='Canon',0.05,0.0489,50,8,15.4384,3.2049,18.6432,9482,50,1.0
naive_prefilter,brand='Canon',0.05,0.0489,50,9,15.4816,3.2749,18.7565,9482,50,1.0
naive_prefilter,brand='Canon',0.05,0.0489,50,10,41.8226,2.9375,44.7602,9482,50,1.0
naive_prefilter,brand='Canon',0.05,0.0489,50,11,15.4498,3.7221,19.1718,9482,50,1.0
naive_prefilter,brand='Canon',0.05,0.0489,50,12,15.3972,3.056,18.4532,9482,50,1.0
naive_prefilter,brand='Canon',0.05,0.0489,50,13,16.3624,4.0591,20.4215,9482,50,1.0
naive_prefilter,brand='Canon',0.05,0.0489,50,14,15.6847,3.036,18.7206,9482,50,1.0
naive_prefilter,brand='Canon',0.05,0.0489,50,15,15.6351,2.8747,18.5098,9482,50,1.0
naive_prefilter,brand='Canon',0.05,0.0489,50,16,15.5497,2.9298,18.4796,9482,50,1.0
naive_prefilter,brand='Canon',0.05,0.0489,50,17,15.7847,3.4719,19.2566,9482,50,1.0
naive_prefilter,brand='Canon',0.05,0.0489,50,18,15.3006,3.2487,18.5493,9482,50,0.98
naive_prefilter,brand='Canon',0.05,0.0489,50,19,15.5983,3.0185,18.6168,9482,50,1.0
naive_prefilter,brand='Canon',0.05,0.0489,50,20,16.4765,3.1184,19.595,9482,50,1.0
naive_prefilter,brand='Canon',0.05,0.0489,50,21,15.4939,3.1153,18.6092,9482,50,1.0
naive_prefilter,brand='Canon',0.05,0.0489,50,22,15.2813,3.2254,18.5067,9482,50,0.98
naive_prefilter,brand='Canon',0.05,0.0489,50,23,16.1932,2.8669,19.06,9482,50,1.0
naive_prefilter,brand='Canon',0.05,0.0489,50,24,14.8722,2.9419,17.8142,9482,50,1.0
naive_prefilter,brand='Canon',0.05,0.0489,50,25,15.2865,2.8957,18.1822,9482,50,1.0
naive_prefilter,brand='Canon',0.05,0.0489,50,26,15.08,3.2194,18.2995,9482,50,1.0
naive_prefilter,brand='Canon',0.05,0.0489,50,27,15.178,2.8831,18.0611,9482,50,1.0
naive_prefilter,brand='Canon',0.05,0.0489,50,28,16.0615,3.1111,19.1727,9482,50,1.0
naive_prefilter,brand='Canon',0.05,0.0489,50,29,15.4532,3.1465,18.5997,9482,50,1.0
naive_prefilter,brand='Canon',0.05,0.0489,50,30,16.809,4.226,21.0351,9482,50,1.0
naive_prefilter,brand='Canon',0.05,0.0489,50,31,16.9366,4.2477,21.1843,9482,50,1.0
naive_prefilter,brand='Canon',0.05,0.0489,50,32,54.3614,5.6023,59.9637,9482,50,1.0
naive_prefilter,brand='Canon',0.05,0.0489,50,33,17.8139,3.515,21.3289,9482,50,1.0
naive_prefilter,brand='Canon',0.05,0.0489,50,34,18.427,3.9884,22.4153,9482,50,1.0
naive_prefilter,brand='Canon',0.05,0.0489,50,35,22.434,3.8467,26.2806,9482,50,1.0
naive_prefilter,brand='Canon',0.05,0.0489,50,36,16.761,4.7056,21.4667,9482,50,1.0
naive_prefilter,brand='Canon',0.05,0.0489,50,37,16.6398,3.2669,19.9067,9482,50,1.0
naive_prefilter,brand='Canon',0.05,0.0489,50,38,16.7371,3.9781,20.7153,9482,50,1.0
naive_prefilter,brand='Canon',0.05,0.0489,50,39,16.4905,3.237,19.7275,9482,50,1.0
naive_prefilter,brand='Canon',0.05,0.0489,50,40,15.6667,3.259,18.9257,9482,50,1.0
naive_prefilter,brand='Canon',0.05,0.0489,50,41,16.6553,4.2528,20.9081,9482,50,1.0
naive_prefilter,brand='Canon',0.05,0.0489,50,42,15.9544,3.4611,19.4155,9482,50,1.0
naive_prefilter,brand='Canon',0.05,0.0489,50,43,16.7566,3.0813,19.8379,9482,50,1.0
naive_prefilter,brand='Canon',0.05,0.0489,50,44,15.9339,3.1535,19.0873,9482,50,1.0
naive_prefilter,brand='Canon',0.05,0.0489,50,45,15.8247,3.0685,18.8931,9482,50,1.0
naive_prefilter,brand='Canon',0.05,0.0489,50,46,15.5172,2.8917,18.4089,9482,50,1.0
naive_prefilter,brand='Canon',0.05,0.0489,50,47,15.4048,3.0174,18.4222,9482,50,1.0
naive_prefilter,brand='Canon',0.05,0.0489,50,48,15.397,2.8322,18.2292,9482,50,1.0
naive_prefilter,brand='Canon',0.05,0.0489,50,49,14.9114,2.77,17.6814,9482,50,1.0
post_filter,brand='Canon',0.05,0.0489,50,0,0.4812,0.7504,1.2315,50,50,0.38
post_filter,brand='Canon',0.05,0.0489,50,1,0.5833,1.1745,1.7578,50,50,0.78
post_filter,brand='Canon',0.05,0.0489,50,2,0.6247,0.8864,1.511,50,50,0.56
post_filter,brand='Canon',0.05,0.0489,50,3,0.3355,0.9784,1.3139,50,50,0.82
post_filter,brand='Canon',0.05,0.0489,50,4,0.9544,1.3442,2.2986,50,50,0.6
post_filter,brand='Canon',0.05,0.0489,50,5,1.1874,0.9498,2.1372,25,25,0.22
post_filter,brand='Canon',0.05,0.0489,50,6,1.4211,1.0971,2.5182,40,40,0.5
post_filter,brand='Canon',0.05,0.0489,50,7,1.0415,0.7821,1.8236,44,44,0.3
post_filter,brand='Canon',0.05,0.0489,50,8,1.33,1.2384,2.5684,50,50,0.46
post_filter,brand='Canon',0.05,0.0489,50,9,0.5953,1.1695,1.7649,50,50,0.52
post_filter,brand='Canon',0.05,0.0489,50,10,0.5451,1.0465,1.5916,50,50,0.78
post_filter,brand='Canon',0.05,0.0489,50,11,1.2761,1.014,2.29,24,24,0.18
post_filter,brand='Canon',0.05,0.0489,50,12,0.7115,0.8334,1.5448,50,50,0.54
post_filter,brand='Canon',0.05,0.0489,50,13,0.6034,0.8622,1.4656,50,50,0.48
post_filter,brand='Canon',0.05,0.0489,50,14,0.8586,0.6449,1.5035,22,22,0.24
post_filter,brand='Canon',0.05,0.0489,50,15,0.6477,0.5866,1.2343,3,3,0.02
post_filter,brand='Canon',0.05,0.0489,50,16,0.7907,1.059,1.8497,50,50,0.48
post_filter,brand='Canon',0.05,0.0489,50,17,0.3363,0.8344,1.1707,50,50,0.74
post_filter,brand='Canon',0.05,0.0489,50,18,0.7477,0.9555,1.7032,50,50,0.64
post_filter,brand='Canon',0.05,0.0489,50,19,0.584,1.0063,1.5903,50,50,0.7
post_filter,brand='Canon',0.05,0.0489,50,20,0.9867,0.7182,1.7049,36,36,0.42
post_filter,brand='Canon',0.05,0.0489,50,21,1.026,0.7894,1.8154,45,45,0.24
post_filter,brand='Canon',0.05,0.0489,50,22,0.1592,0.8079,0.9672,50,50,0.8
post_filter,brand='Canon',0.05,0.0489,50,23,0.7116,0.7641,1.4757,50,50,0.58
post_filter,brand='Canon',0.05,0.0489,50,24,0.3644,1.1228,1.4872,50,50,0.9
post_filter,brand='Canon',0.05,0.0489,50,25,0.5539,0.3444,0.8983,8,8,0.04
post_filter,brand='Canon',0.05,0.0489,50,26,0.1623,0.9832,1.1455,50,50,1.0
post_filter,brand='Canon',0.05,0.0489,50,27,1.0633,0.9295,1.9928,50,50,0.56
post_filter,brand='Canon',0.05,0.0489,50,28,0.5229,0.993,1.5159,50,50,0.6
post_filter,brand='Canon',0.05,0.0489,50,29,0.4088,0.6324,1.0412,50,50,0.62
post_filter,brand='Canon',0.05,0.0489,50,30,0.5025,0.4737,0.9762,8,8,0.16
post_filter,brand='Canon',0.05,0.0489,50,31,0.7321,0.9722,1.7043,50,50,0.52
post_filter,brand='Canon',0.05,0.0489,50,32,0.4434,0.7637,1.2071,50,50,0.76
post_filter,brand='Canon',0.05,0.0489,50,33,0.7063,0.5787,1.285,14,14,0.08
post_filter,brand='Canon',0.05,0.0489,50,34,0.9833,0.998,1.9814,50,50,0.36
post_filter,brand='Canon',0.05,0.0489,50,35,0.659,1.0141,1.6732,50,50,0.66
post_filter,brand='Canon',0.05,0.0489,50,36,0.1602,0.8293,0.9895,50,50,0.96
post_filter,brand='Canon',0.05,0.0489,50,37,0.9895,0.7368,1.7264,21,21,0.26
post_filter,brand='Canon',0.05,0.0489,50,38,0.5355,1.2156,1.7511,50,50,0.68
post_filter,brand='Canon',0.05,0.0489,50,39,0.843,0.5739,1.417,47,47,0.54
post_filter,brand='Canon',0.05,0.0489,50,40,0.3227,1.2433,1.566,50,50,0.8
post_filter,brand='Canon',0.05,0.0489,50,41,0.8923,0.6415,1.5338,34,34,0.48
post_filter,brand='Canon',0.05,0.0489,50,42,0.429,0.9819,1.4108,50,50,0.8
post_filter,brand='Canon',0.05,0.0489,50,43,0.6477,0.4889,1.1367,18,18,0.3
post_filter,brand='Canon',0.05,0.0489,50,44,0.5613,0.7253,1.2866,50,50,0.74
post_filter,brand='Canon',0.05,0.0489,50,45,0.3416,1.0609,1.4025,50,50,0.76
post_filter,brand='Canon',0.05,0.0489,50,46,1.1089,0.857,1.9659,26,26,0.24
post_filter,brand='Canon',0.05,0.0489,50,47,0.4527,0.3188,0.7715,5,5,0.08
post_filter,brand='Canon',0.05,0.0489,50,48,0.1842,1.0565,1.2407,50,50,0.96
post_filter,brand='Canon',0.05,0.0489,50,49,0.3962,0.5026,0.8988,50,50,0.68
bitmap_prefilter,brand='Canon',0.05,0.0489,50,0,0.0137,2.4807,2.4943,9482,50,0.98
bitmap_prefilter,brand='Canon',0.05,0.0489,50,1,0.0117,2.4742,2.486,9482,50,1.0
bitmap_prefilter,brand='Canon',0.05,0.0489,50,2,0.0127,2.7302,2.7429,9482,50,1.0
bitmap_prefilter,brand='Canon',0.05,0.0489,50,3,0.0122,2.4669,2.4791,9482,50,1.0
bitmap_prefilter,brand='Canon',0.05,0.0489,50,4,0.0104,2.4499,2.4603,9482,50,1.0
bitmap_prefilter,brand='Canon',0.05,0.0489,50,5,0.0115,2.6445,2.656,9482,50,0.98
bitmap_prefilter,brand='Canon',0.05,0.0489,50,6,0.0225,2.5988,2.6214,9482,50,1.0
bitmap_prefilter,brand='Canon',0.05,0.0489,50,7,0.0133,2.4446,2.458,9482,50,0.98
bitmap_prefilter,brand='Canon',0.05,0.0489,50,8,0.0129,2.473,2.4859,9482,50,1.0
bitmap_prefilter,brand='Canon',0.05,0.0489,50,9,0.0125,2.5226,2.5352,9482,50,1.0
bitmap_prefilter,brand='Canon',0.05,0.0489,50,10,0.0128,2.4357,2.4485,9482,50,1.0
bitmap_prefilter,brand='Canon',0.05,0.0489,50,11,0.011,2.4895,2.5005,9482,50,1.0
bitmap_prefilter,brand='Canon',0.05,0.0489,50,12,0.013,2.4699,2.4829,9482,50,1.0
bitmap_prefilter,brand='Canon',0.05,0.0489,50,13,0.0117,2.4408,2.4525,9482,50,1.0
bitmap_prefilter,brand='Canon',0.05,0.0489,50,14,0.0113,2.4268,2.4382,9482,50,1.0
bitmap_prefilter,brand='Canon',0.05,0.0489,50,15,0.0109,2.451,2.462,9482,50,1.0
bitmap_prefilter,brand='Canon',0.05,0.0489,50,16,0.0111,2.5727,2.5838,9482,50,1.0
bitmap_prefilter,brand='Canon',0.05,0.0489,50,17,0.0142,2.5327,2.5469,9482,50,1.0
bitmap_prefilter,brand='Canon',0.05,0.0489,50,18,0.0128,2.6397,2.6525,9482,50,0.98
bitmap_prefilter,brand='Canon',0.05,0.0489,50,19,0.0131,2.5318,2.5449,9482,50,1.0
bitmap_prefilter,brand='Canon',0.05,0.0489,50,20,0.0111,2.4298,2.4409,9482,50,1.0
bitmap_prefilter,brand='Canon',0.05,0.0489,50,21,0.0115,2.5913,2.6029,9482,50,1.0
bitmap_prefilter,brand='Canon',0.05,0.0489,50,22,0.0116,2.5029,2.5145,9482,50,0.98
bitmap_prefilter,brand='Canon',0.05,0.0489,50,23,0.0106,2.4348,2.4455,9482,50,1.0
bitmap_prefilter,brand='Canon',0.05,0.0489,50,24,0.0109,2.5451,2.556,9482,50,1.0
bitmap_prefilter,brand='Canon',0.05,0.0489,50,25,0.0176,2.918,2.9357,9482,50,1.0
bitmap_prefilter,brand='Canon',0.05,0.0489,50,26,0.0165,2.5362,2.5527,9482,50,1.0
bitmap_prefilter,brand='Canon',0.05,0.0489,50,27,0.0125,2.8036,2.8161,9482,50,1.0
bitmap_prefilter,brand='Canon',0.05,0.0489,50,28,0.0137,2.811,2.8247,9482,50,1.0
bitmap_prefilter,brand='Canon',0.05,0.0489,50,29,0.0115,2.5403,2.5518,9482,50,1.0
bitmap_prefilter,brand='Canon',0.05,0.0489,50,30,0.0111,2.6444,2.6555,9482,50,1.0
bitmap_prefilter,brand='Canon',0.05,0.0489,50,31,0.0133,3.0347,3.048,9482,50,1.0
bitmap_prefilter,brand='Canon',0.05,0.0489,50,32,0.0223,2.5636,2.5859,9482,50,1.0
bitmap_prefilter,brand='Canon',0.05,0.0489,50,33,0.0124,2.8092,2.8215,9482,50,1.0
bitmap_prefilter,brand='Canon',0.05,0.0489,50,34,0.0176,2.6787,2.6963,9482,50,1.0
bitmap_prefilter,brand='Canon',0.05,0.0489,50,35,0.017,2.7396,2.7566,9482,50,1.0
bitmap_prefilter,brand='Canon',0.05,0.0489,50,36,0.0124,3.0622,3.0746,9482,50,1.0
bitmap_prefilter,brand='Canon',0.05,0.0489,50,37,0.0187,2.9985,3.0172,9482,50,1.0
bitmap_prefilter,brand='Canon',0.05,0.0489,50,38,0.0193,2.5714,2.5907,9482,50,1.0
bitmap_prefilter,brand='Canon',0.05,0.0489,50,39,0.0127,2.6756,2.6883,9482,50,1.0
bitmap_prefilter,brand='Canon',0.05,0.0489,50,40,0.0118,2.8241,2.8359,9482,50,1.0
bitmap_prefilter,brand='Canon',0.05,0.0489,50,41,0.0117,2.6516,2.6634,9482,50,1.0
bitmap_prefilter,brand='Canon',0.05,0.0489,50,42,0.0139,2.68,2.6939,9482,50,1.0
bitmap_prefilter,brand='Canon',0.05,0.0489,50,43,0.0163,2.9041,2.9204,9482,50,1.0
bitmap_prefilter,brand='Canon',0.05,0.0489,50,44,0.017,2.6231,2.6401,9482,50,1.0
bitmap_prefilter,brand='Canon',0.05,0.0489,50,45,0.0133,2.5835,2.5969,9482,50,1.0
bitmap_prefilter,brand='Canon',0.05,0.0489,50,46,0.0126,3.1307,3.1434,9482,50,1.0
bitmap_prefilter,brand='Canon',0.05,0.0489,50,47,0.0122,2.578,2.5902,9482,50,1.0
bitmap_prefilter,brand='Canon',0.05,0.0489,50,48,0.0167,2.9357,2.9524,9482,50,1.0
bitmap_prefilter,brand='Canon',0.05,0.0489,50,49,0.0161,2.7314,2.7475,9482,50,1.0
brute_force,main_cat='Camera & Photo' AND overall>=4.0,0.1,0.1001,10,0,0.4477,24.7895,25.2372,10,10,1.0
brute_force,main_cat='Camera & Photo' AND overall>=4.0,0.1,0.1001,10,1,0.1256,24.8063,24.9318,10,10,1.0
brute_force,main_cat='Camera & Photo' AND overall>=4.0,0.1,0.1001,10,2,0.0655,25.6593,25.7249,10,10,1.0
brute_force,main_cat='Camera & Photo' AND overall>=4.0,0.1,0.1001,10,3,0.0646,24.9195,24.9841,10,10,1.0
brute_force,main_cat='Camera & Photo' AND overall>=4.0,0.1,0.1001,10,4,0.1747,24.8247,24.9994,10,10,1.0
brute_force,main_cat='Camera & Photo' AND overall>=4.0,0.1,0.1001,10,5,0.2847,25.1318,25.4165,10,10,1.0
brute_force,main_cat='Camera & Photo' AND overall>=4.0,0.1,0.1001,10,6,0.7162,25.5415,26.2577,10,10,1.0
brute_force,main_cat='Camera & Photo' AND overall>=4.0,0.1,0.1001,10,7,0.3856,25.4253,25.811,10,10,1.0
brute_force,main_cat='Camera & Photo' AND overall>=4.0,0.1,0.1001,10,8,0.2814,25.1774,25.4588,10,10,1.0
brute_force,main_cat='Camera & Photo' AND overall>=4.0,0.1,0.1001,10,9,0.1309,25.1798,25.3106,10,10,1.0
brute_force,main_cat='Camera & Photo' AND overall>=4.0,0.1,0.1001,10,10,0.09,25.8843,25.9743,10,10,1.0
brute_force,main_cat='Camera & Photo' AND overall>=4.0,0.1,0.1001,10,11,0.2108,24.9289,25.1396,10,10,1.0
brute_force,main_cat='Camera & Photo' AND overall>=4.0,0.1,0.1001,10,12,0.3091,25.4338,25.743,10,10,1.0
brute_force,main_cat='Camera & Photo' AND overall>=4.0,0.1,0.1001,10,13,0.1372,25.0667,25.2038,10,10,1.0
brute_force,main_cat='Camera & Photo' AND overall>=4.0,0.1,0.1001,10,14,0.4468,25.4542,25.901,10,10,1.0
brute_force,main_cat='Camera & Photo' AND overall>=4.0,0.1,0.1001,10,15,0.449,25.2978,25.7468,10,10,1.0
brute_force,main_cat='Camera & Photo' AND overall>=4.0,0.1,0.1001,10,16,0.0562,25.3214,25.3776,10,10,1.0
brute_force,main_cat='Camera & Photo' AND overall>=4.0,0.1,0.1001,10,17,0.083,25.2772,25.3602,10,10,1.0
brute_force,main_cat='Camera & Photo' AND overall>=4.0,0.1,0.1001,10,18,0.1699,24.6773,24.8472,10,10,1.0
brute_force,main_cat='Camera & Photo' AND overall>=4.0,0.1,0.1001,10,19,0.1787,25.0597,25.2385,10,10,1.0
brute_force,main_cat='Camera & Photo' AND overall>=4.0,0.1,0.1001,10,20,0.1427,25.0952,25.2379,10,10,1.0
brute_force,main_cat='Camera & Photo' AND overall>=4.0,0.1,0.1001,10,21,0.2513,25.9192,26.1706,10,10,1.0
brute_force,main_cat='Camera & Photo' AND overall>=4.0,0.1,0.1001,10,22,0.0312,24.6754,24.7067,10,10,1.0
brute_force,main_cat='Camera & Photo' AND overall>=4.0,0.1,0.1001,10,23,0.0745,24.9818,25.0562,10,10,1.0
brute_force,main_cat='Camera & Photo' AND overall>=4.0,0.1,0.1001,10,24,0.0356,24.5996,24.6352,10,10,1.0
brute_force,main_cat='Camera & Photo' AND overall>=4.0,0.1,0.1001,10,25,0.184,24.9852,25.1692,10,10,1.0
brute_force,main_cat='Camera & Photo' AND overall>=4.0,0.1,0.1001,10,26,0.0337,24.6609,24.6946,10,10,1.0
brute_force,main_cat='Camera & Photo' AND overall>=4.0,0.1,0.1001,10,27,0.2069,25.0787,25.2856,10,10,1.0
brute_force,main_cat='Camera & Photo' AND overall>=4.0,0.1,0.1001,10,28,0.123,24.8213,24.9443,10,10,1.0
brute_force,main_cat='Camera & Photo' AND overall>=4.0,0.1,0.1001,10,29,0.0829,25.0939,25.1767,10,10,1.0
brute_force,main_cat='Camera & Photo' AND overall>=4.0,0.1,0.1001,10,30,0.0695,24.6505,24.7199,10,10,1.0
brute_force,main_cat='Camera & Photo' AND overall>=4.0,0.1,0.1001,10,31,0.1598,25.0364,25.1963,10,10,1.0
brute_force,main_cat='Camera & Photo' AND overall>=4.0,0.1,0.1001,10,32,0.189,24.9937,25.1826,10,10,1.0
brute_force,main_cat='Camera & Photo' AND overall>=4.0,0.1,0.1001,10,33,0.2778,25.2467,25.5245,10,10,1.0
brute_force,main_cat='Camera & Photo' AND overall>=4.0,0.1,0.1001,10,34,0.2638,24.9173,25.181,10,10,1.0
brute_force,main_cat='Camera & Photo' AND overall>=4.0,0.1,0.1001,10,35,0.2626,25.2731,25.5357,10,10,1.0
brute_force,main_cat='Camera & Photo' AND overall>=4.0,0.1,0.1001,10,36,0.0421,24.9139,24.956,10,10,1.0
brute_force,main_cat='Camera & Photo' AND overall>=4.0,0.1,0.1001,10,37,0.1617,25.3704,25.532,10,10,1.0
brute_force,main_cat='Camera & Photo' AND overall>=4.0,0.1,0.1001,10,38,0.0418,24.7227,24.7644,10,10,1.0
brute_force,main_cat='Camera & Photo' AND overall>=4.0,0.1,0.1001,10,39,0.0818,25.2606,25.3423,10,10,1.0
brute_force,main_cat='Camera & Photo' AND overall>=4.0,0.1,0.1001,10,40,0.0661,24.8686,24.9347,10,10,1.0
brute_force,main_cat='Camera & Photo' AND overall>=4.0,0.1,0.1001,10,41,0.5139,25.2083,25.7223,10,10,1.0
brute_force,main_cat='Camera & Photo' AND overall>=4.0,0.1,0.1001,10,42,0.1242,24.7081,24.8323,10,10,1.0
brute_force,main_cat='Camera & Photo' AND overall>=4.0,0.1,0.1001,10,43,0.0614,25.2873,25.3486,10,10,1.0
brute_force,main_cat='Camera & Photo' AND overall>=4.0,0.1,0.1001,10,44,0.327,24.8427,25.1697,10,10,1.0
brute_force,main_cat='Camera & Photo' AND overall>=4.0,0.1,0.1001,10,45,0.0645,25.2938,25.3583,10,10,1.0
brute_force,main_cat='Camera & Photo' AND overall>=4.0,0.1,0.1001,10,46,0.2618,24.7358,24.9975,10,10,1.0
brute_force,main_cat='Camera & Photo' AND overall>=4.0,0.1,0.1001,10,47,0.0479,25.3407,25.3886,10,10,1.0
brute_force,main_cat='Camera & Photo' AND overall>=4.0,0.1,0.1001,10,48,0.04,24.844,24.8841,10,10,1.0
brute_force,main_cat='Camera & Photo' AND overall>=4.0,0.1,0.1001,10,49,0.0503,25.8954,25.9457,10,10,1.0
naive_prefilter,main_cat='Camera & Photo' AND overall>=4.0,0.1,0.1001,10,0,17.1254,6.3906,23.516,19400,10,1.0
naive_prefilter,main_cat='Camera & Photo' AND overall>=4.0,0.1,0.1001,10,1,17.1214,6.3785,23.4999,19400,10,1.0
naive_prefilter,main_cat='Camera & Photo' AND overall>=4.0,0.1,0.1001,10,2,16.9675,6.8979,23.8654,19400,10,1.0
naive_prefilter,main_cat='Camera & Photo' AND overall>=4.0,0.1,0.1001,10,3,16.8239,6.373,23.197,19400,10,1.0
naive_prefilter,main_cat='Camera & Photo' AND overall>=4.0,0.1,0.1001,10,4,16.8562,6.9547,23.8109,19400,10,1.0
naive_prefilter,main_cat='Camera & Photo' AND overall>=4.0,0.1,0.1001,10,5,16.7747,6.315,23.0898,19400,10,1.0
naive_prefilter,main_cat='Camera & Photo' AND overall>=4.0,0.1,0.1001,10,6,16.7493,6.2888,23.038,19400,10,1.0
naive_prefilter,main_cat='Camera & Photo' AND overall>=4.0,0.1,0.1001,10,7,16.7574,6.3525,23.1099,19400,10,1.0
naive_prefilter,main_cat='Camera & Photo' AND overall>=4.0,0.1,0.1001,10,8,16.7623,6.2798,23.0421,19400,10,1.0
naive_prefilter,main_cat='Camera & Photo' AND overall>=4.0,0.1,0.1001,10,9,16.7004,6.9337,23.6341,19400,10,1.0
naive_prefilter,main_cat='Camera & Photo' AND overall>=4.0,0.1,0.1001,10,10,16.4709,6.3015,22.7724,19400,10,1.0
naive_prefilter,main_cat='Camera & Photo' AND overall>=4.0,0.1,0.1001,10,11,16.5991,6.352,22.9511,19400,10,1.0
naive_prefilter,main_cat='Camera & Photo' AND overall>=4.0,0.1,0.1001,10,12,16.7156,6.4929,23.2085,19400,10,1.0
naive_prefilter,main_cat='Camera & Photo' AND overall>=4.0,0.1,0.1001,10,13,17.2583,6.2997,23.558,19400,10,1.0
naive_prefilter,main_cat='Camera & Photo' AND overall>=4.0,0.1,0.1001,10,14,16.9419,6.805,23.7468,19400,10,1.0
naive_prefilter,main_cat='Camera & Photo' AND overall>=4.0,0.1,0.1001,10,15,16.973,6.2997,23.2727,19400,10,1.0
naive_prefilter,main_cat='Camera & Photo' AND overall>=4.0,0.1,0.1001,10,16,16.9163,6.7661,23.6824,19400,10,1.0
naive_prefilter,main_cat='Camera & Photo' AND overall>=4.0,0.1,0.1001,10,17,16.7684,6.3733,23.1417,19400,10,1.0
naive_prefilter,main_cat='Camera & Photo' AND overall>=4.0,0.1,0.1001,10,18,16.8807,6.2686,23.1493,19400,10,1.0
naive_prefilter,main_cat='Camera & Photo' AND overall>=4.0,0.1,0.1001,10,19,16.729,6.5893,23.3183,19400,10,1.0
naive_prefilter,main_cat='Camera & Photo' AND overall>=4.0,0.1,0.1001,10,20,16.6738,6.2568,22.9306,19400,10,1.0
naive_prefilter,main_cat='Camera & Photo' AND overall>=4.0,0.1,0.1001,10,21,16.7648,6.6449,23.4097,19400,10,1.0
naive_prefilter,main_cat='Camera & Photo' AND overall>=4.0,0.1,0.1001,10,22,16.7292,6.2301,22.9593,19400,10,1.0
naive_prefilter,main_cat='Camera & Photo' AND overall>=4.0,0.1,0.1001,10,23,16.7195,6.2029,22.9224,19400,10,1.0
naive_prefilter,main_cat='Camera & Photo' AND overall>=4.0,0.1,0.1001,10,24,16.7049,6.611,23.3158,19400,10,1.0
naive_prefilter,main_cat='Camera & Photo' AND overall>=4.0,0.1,0.1001,10,25,16.7974,6.7908,23.5882,19400,10,1.0
naive_prefilter,main_cat='Camera & Photo' AND overall>=4.0,0.1,0.1001,10,26,16.9186,6.3755,23.294,19400,10,1.0
naive_prefilter,main_cat='Camera & Photo' AND overall>=4.0,0.1,0.1001,10,27,16.6764,6.2077,22.8841,19400,10,1.0
naive_prefilter,main_cat='Camera & Photo' AND overall>=4.0,0.1,0.1001,10,28,16.7232,6.1847,22.9079,19400,10,1.0
naive_prefilter,main_cat='Camera & Photo' AND overall>=4.0,0.1,0.1001,10,29,16.7371,6.1597,22.8968,19400,10,1.0
naive_prefilter,main_cat='Camera & Photo' AND overall>=4.0,0.1,0.1001,10,30,16.7875,6.2487,23.0362,19400,10,1.0
naive_prefilter,main_cat='Camera & Photo' AND overall>=4.0,0.1,0.1001,10,31,16.7441,6.2802,23.0243,19400,10,1.0
naive_prefilter,main_cat='Camera & Photo' AND overall>=4.0,0.1,0.1001,10,32,16.8074,6.2151,23.0225,19400,10,1.0
naive_prefilter,main_cat='Camera & Photo' AND overall>=4.0,0.1,0.1001,10,33,16.7224,6.2847,23.0071,19400,10,1.0
naive_prefilter,main_cat='Camera & Photo' AND overall>=4.0,0.1,0.1001,10,34,16.9005,6.3486,23.2491,19400,10,1.0
naive_prefilter,main_cat='Camera & Photo' AND overall>=4.0,0.1,0.1001,10,35,16.8334,6.3443,23.1777,19400,10,1.0
naive_prefilter,main_cat='Camera & Photo' AND overall>=4.0,0.1,0.1001,10,36,16.8101,6.4687,23.2789,19400,10,1.0
naive_prefilter,main_cat='Camera & Photo' AND overall>=4.0,0.1,0.1001,10,37,16.7312,6.8756,23.6069,19400,10,1.0
naive_prefilter,main_cat='Camera & Photo' AND overall>=4.0,0.1,0.1001,10,38,17.047,6.6005,23.6476,19400,10,1.0
naive_prefilter,main_cat='Camera & Photo' AND overall>=4.0,0.1,0.1001,10,39,17.1556,6.5278,23.6834,19400,10,1.0
naive_prefilter,main_cat='Camera & Photo' AND overall>=4.0,0.1,0.1001,10,40,17.1972,6.4194,23.6166,19400,10,1.0
naive_prefilter,main_cat='Camera & Photo' AND overall>=4.0,0.1,0.1001,10,41,16.8406,6.3601,23.2007,19400,10,1.0
naive_prefilter,main_cat='Camera & Photo' AND overall>=4.0,0.1,0.1001,10,42,17.0447,6.3634,23.4081,19400,10,1.0
naive_prefilter,main_cat='Camera & Photo' AND overall>=4.0,0.1,0.1001,10,43,17.2456,6.2665,23.5121,19400,10,1.0
naive_prefilter,main_cat='Camera & Photo' AND overall>=4.0,0.1,0.1001,10,44,17.0411,6.3646,23.4057,19400,10,1.0
naive_prefilter,main_cat='Camera & Photo' AND overall>=4.0,0.1,0.1001,10,45,17.1387,6.2514,23.39,19400,10,1.0
naive_prefilter,main_cat='Camera & Photo' AND overall>=4.0,0.1,0.1001,10,46,16.9646,6.2494,23.214,19400,10,1.0
naive_prefilter,main_cat='Camera & Photo' AND overall>=4.0,0.1,0.1001,10,47,16.972,6.2737,23.2457,19400,10,0.0
naive_prefilter,main_cat='Camera & Photo' AND overall>=4.0,0.1,0.1001,10,48,16.9255,6.2173,23.1427,19400,10,1.0
naive_prefilter,main_cat='Camera & Photo' AND overall>=4.0,0.1,0.1001,10,49,17.7394,7.4553,25.1947,19400,10,1.0
post_filter,main_cat='Camera & Photo' AND overall>=4.0,0.1,0.1001,10,0,0.1731,0.4051,0.5782,6,6,0.6
post_filter,main_cat='Camera & Photo' AND overall>=4.0,0.1,0.1001,10,1,0.102,0.8296,0.9316,10,10,0.9
post_filter,main_cat='Camera & Photo' AND overall>=4.0,0.1,0.1001,10,2,0.0433,0.6649,0.7082,10,10,1.0
post_filter,main_cat='Camera & Photo' AND overall>=4.0,0.1,0.1001,10,3,0.0547,0.7057,0.7604,10,10,1.0
post_filter,main_cat='Camera & Photo' AND overall>=4.0,0.1,0.1001,10,4,0.1543,0.8235,0.9777,10,10,0.9
post_filter,main_cat='Camera & Photo' AND overall>=4.0,0.1,0.1001,10,5,0.8302,0.9465,1.7767,10,10,0.9
post_filter,main_cat='Camera & Photo' AND overall>=4.0,0.1,0.1001,10,6,1.5058,5.8365,7.3423,4,4,0.4
post_filter,main_cat='Camera & Photo' AND overall>=4.0,0.1,0.1001,10,7,0.6167,1.047,1.6637,10,10,0.9
post_filter,main_cat='Camera & Photo' AND overall>=4.0,0.1,0.1001,10,8,0.4803,17.1932,17.6735,10,10,0.8
post_filter,main_cat='Camera & Photo' AND overall>=4.0,0.1,0.1001,10,9,0.1461,5.2408,5.3869,10,10,1.0
post_filter,main_cat='Camera & Photo' AND overall>=4.0,0.1,0.1001,10,10,1.2992,1.9675,3.2666,10,10,1.0
post_filter,main_cat='Camera & Photo' AND overall>=4.0,0.1,0.1001,10,11,0.3792,1.2261,1.6053,10,10,0.6
post_filter,main_cat='Camera & Photo' AND overall>=4.0,0.1,0.1001,10,12,1.0907,0.7626,1.8533,10,10,0.7
post_filter,main_cat='Camera & Photo' AND overall>=4.0,0.1,0.1001,10,13,0.1745,23.9534,24.1279,10,10,0.9
post_filter,main_cat='Camera & Photo' AND overall>=4.0,0.1,0.1001,10,14,0.529,0.6753,1.2042,10,10,0.5
post_filter,main_cat='Camera & Photo' AND overall>=4.0,0.1,0.1001,10,15,1.0335,0.8392,1.8727,2,2,0.2
post_filter,main_cat='Camera & Photo' AND overall>=4.0,0.1,0.1001,10,16,6.5217,2.0897,8.6115,10,10,1.0
post_filter,main_cat='Camera & Photo' AND overall>=4.0,0.1,0.1001,10,17,0.0697,1.0189,1.0886,10,10,1.0
post_filter,main_cat='Camera & Photo' AND overall>=4.0,0.1,0.1001,10,18,0.1785,0.9338,1.1123,10,10,1.0
post_filter,main_cat='Camera & Photo' AND overall>=4.0,0.1,0.1001,10,19,0.1096,0.8684,0.978,10,10,0.8
post_filter,main_cat='Camera & Photo' AND overall>=4.0,0.1,0.1001,10,20,0.1163,0.648,0.7644,10,10,1.0
post_filter,main_cat='Camera & Photo' AND overall>=4.0,0.1,0.1001,10,21,0.2095,0.6511,0.8606,10,10,0.6
post_filter,main_cat='Camera & Photo' AND overall>=4.0,0.1,0.1001,10,22,0.0217,0.677,0.6986,10,10,1.0
post_filter,main_cat='Camera & Photo' AND overall>=4.0,0.1,0.1001,10,23,0.0603,0.6309,0.6912,10,10,1.0
post_filter,main_cat='Camera & Photo' AND overall>=4.0,0.1,0.1001,10,24,0.0288,0.8677,0.8966,10,10,1.0
post_filter,main_cat='Camera & Photo' AND overall>=4.0,0.1,0.1001,10,25,0.18,0.2638,0.4438,10,10,0.2
post_filter,main_cat='Camera & Photo' AND overall>=4.0,0.1,0.1001,10,26,0.023,0.7745,0.7975,10,10,1.0
post_filter,main_cat='Camera & Photo' AND overall>=4.0,0.1,0.1001,10,27,0.1847,0.7342,0.9189,10,10,1.0
post_filter,main_cat='Camera & Photo' AND overall>=4.0,0.1,0.1001,10,28,0.1049,1.0498,1.1547,10,10,1.0
post_filter,main_cat='Camera & Photo' AND overall>=4.0,0.1,0.1001,10,29,0.0666,0.519,0.5856,10,10,0.9
post_filter,main_cat='Camera & Photo' AND overall>=4.0,0.1,0.1001,10,30,0.1369,0.3993,0.5362,10,10,0.0
post_filter,main_cat='Camera & Photo' AND overall>=4.0,0.1,0.1001,10,31,0.1603,0.7803,0.9405,10,10,0.7
post_filter,main_cat='Camera & Photo' AND overall>=4.0,0.1,0.1001,10,32,0.1617,0.6098,0.7715,10,10,1.0
post_filter,main_cat='Camera & Photo' AND overall>=4.0,0.1,0.1001,10,33,0.329,0.4657,0.7947,8,8,0.3
post_filter,main_cat='Camera & Photo' AND overall>=4.0,0.1,0.1001,10,34,0.2776,0.7605,1.0381,10,10,0.8
post_filter,main_cat='Camera & Photo' AND overall>=4.0,0.1,0.1001,10,35,0.2375,0.7928,1.0303,10,10,0.8
post_filter,main_cat='Camera & Photo' AND overall>=4.0,0.1,0.1001,10,36,0.0297,0.6472,0.6769,10,10,1.0
post_filter,main_cat='Camera & Photo' AND overall>=4.0,0.1,0.1001,10,37,0.1408,0.5936,0.7343,10,10,1.0
post_filter,main_cat='Camera & Photo' AND overall>=4.0,0.1,0.1001,10,38,0.0347,0.9303,0.965,10,10,0.9
post_filter,main_cat='Camera & Photo' AND overall>=4.0,0.1,0.1001,10,39,0.0595,0.4678,0.5273,10,10,1.0
post_filter,main_cat='Camera & Photo' AND overall>=4.0,0.1,0.1001,10,40,0.0491,0.9184,0.9675,10,10,1.0
post_filter,main_cat='Camera & Photo' AND overall>=4.0,0.1,0.1001,10,41,0.4485,0.5171,0.9656,7,7,0.7
post_filter,main_cat='Camera & Photo' AND overall>=4.0,0.1,0.1001,10,42,0.0994,0.7735,0.8729,10,10,0.9
post_filter,main_cat='Camera & Photo' AND overall>=4.0,0.1,0.1001,10,43,0.051,0.4011,0.4521,10,10,0.9
post_filter,main_cat='Camera & Photo' AND overall>=4.0,0.1,0.1001,10,44,0.2696,0.5818,0.8514,10,10,0.9
post_filter,main_cat='Camera & Photo' AND overall>=4.0,0.1,0.1001,10,45,0.0475,0.8395,0.887,10,10,1.0
post_filter,main_cat='Camera & Photo' AND overall>=4.0,0.1,0.1001,10,46,0.379,0.694,1.0731,10,10,0.4
post_filter,main_cat='Camera & Photo' AND overall>=4.0,0.1,0.1001,10,47,0.0955,0.2453,0.3408,10,10,0.0
post_filter,main_cat='Camera & Photo' AND overall>=4.0,0.1,0.1001,10,48,0.0283,1.1178,1.146,10,10,1.0
post_filter,main_cat='Camera & Photo' AND overall>=4.0,0.1,0.1001,10,49,0.0317,0.4205,0.4522,10,10,1.0
bitmap_prefilter,main_cat='Camera & Photo' AND overall>=4.0,0.1,0.1001,10,0,0.0748,6.3073,6.3821,19400,10,1.0
bitmap_prefilter,main_cat='Camera & Photo' AND overall>=4.0,0.1,0.1001,10,1,0.0314,5.8222,5.8536,19400,10,1.0
bitmap_prefilter,main_cat='Camera & Photo' AND overall>=4.0,0.1,0.1001,10,2,0.0312,6.4914,6.5227,19400,10,1.0
bitmap_prefilter,main_cat='Camera & Photo' AND overall>=4.0,0.1,0.1001,10,3,0.0292,5.8505,5.8797,19400,10,1.0
bitmap_prefilter,main_cat='Camera & Photo' AND overall>=4.0,0.1,0.1001,10,4,0.0308,6.0015,6.0323,19400,10,1.0
bitmap_prefilter,main_cat='Camera & Photo' AND overall>=4.0,0.1,0.1001,10,5,0.0312,6.3712,6.4023,19400,10,1.0
bitmap_prefilter,main_cat='Camera & Photo' AND overall>=4.0,0.1,0.1001,10,6,0.0288,5.7604,5.7892,19400,10,1.0
bitmap_prefilter,main_cat='Camera & Photo' AND overall>=4.0,0.1,0.1001,10,7,0.0278,5.8545,5.8823,19400,10,1.0
bitmap_prefilter,main_cat='Camera & Photo' AND overall>=4.0,0.1,0.1001,10,8,0.0315,6.3879,6.4195,19400,10,1.0
bitmap_prefilter,main_cat='Camera & Photo' AND overall>=4.0,0.1,0.1001,10,9,0.0275,5.7709,5.7984,19400,10,1.0
bitmap_prefilter,main_cat='Camera & Photo' AND overall>=4.0,0.1,0.1001,10,10,0.0281,6.2372,6.2653,19400,10,1.0
bitmap_prefilter,main_cat='Camera & Photo' AND overall>=4.0,0.1,0.1001,10,11,0.0367,6.0235,6.0602,19400,10,1.0
bitmap_prefilter,main_cat='Camera & Photo' AND overall>=4.0,0.1,0.1001,10,12,0.0283,5.7468,5.775,19400,10,1.0
bitmap_prefilter,main_cat='Camera & Photo' AND overall>=4.0,0.1,0.1001,10,13,0.0282,6.4454,6.4736,19400,10,1.0
bitmap_prefilter,main_cat='Camera & Photo' AND overall>=4.0,0.1,0.1001,10,14,0.0287,5.8599,5.8887,19400,10,1.0
bitmap_prefilter,main_cat='Camera & Photo' AND overall>=4.0,0.1,0.1001,10,15,0.0468,5.9205,5.9673,19400,10,1.0
bitmap_prefilter,main_cat='Camera & Photo' AND overall>=4.0,0.1,0.1001,10,16,0.0354,6.413,6.4485,19400,10,1.0
bitmap_prefilter,main_cat='Camera & Photo' AND overall>=4.0,0.1,0.1001,10,17,0.0327,5.8065,5.8391,19400,10,1.0
bitmap_prefilter,main_cat='Camera & Photo' AND overall>=4.0,0.1,0.1001,10,18,0.0315,6.3264,6.3578,19400,10,1.0
bitmap_prefilter,main_cat='Camera & Photo' AND overall>=4.0,0.1,0.1001,10,19,0.0354,6.6885,6.7238,19400,10,1.0
bitmap_prefilter,main_cat='Camera & Photo' AND overall>=4.0,0.1,0.1001,10,20,0.0342,5.9375,5.9716,19400,10,1.0
bitmap_prefilter,main_cat='Camera & Photo' AND overall>=4.0,0.1,0.1001,10,21,0.03,6.6947,6.7247,19400,10,1.0
bitmap_prefilter,main_cat='Camera & Photo' AND overall>=4.0,0.1,0.1001,10,22,0.0315,5.9947,6.0261,19400,10,1.0
bitmap_prefilter,main_cat='Camera & Photo' AND overall>=4.0,0.1,0.1001,10,23,0.032,5.8367,5.8687,19400,10,1.0
bitmap_prefilter,main_cat='Camera & Photo' AND overall>=4.0,0.1,0.1001,10,24,0.0303,6.5289,6.5592,19400,10,1.0
bitmap_prefilter,main_cat='Camera & Photo' AND overall>=4.0,0.1,0.1001,10,25,0.0298,5.821,5.8509,19400,10,1.0
bitmap_prefilter,main_cat='Camera & Photo' AND overall>=4.0,0.1,0.1001,10,26,0.0295,5.9452,5.9747,19400,10,1.0
bitmap_prefilter,main_cat='Camera & Photo' AND overall>=4.0,0.1,0.1001,10,27,0.0289,6.428,6.4569,19400,10,1.0
bitmap_prefilter,main_cat='Camera & Photo' AND overall>=4.0,0.1,0.1001,10,28,0.0471,5.7515,5.7986,19400,10,1.0
bitmap_prefilter,main_cat='Camera & Photo' AND overall>=4.0,0.1,0.1001,10,29,0.0345,6.3747,6.4092,19400,10,1.0
bitmap_prefilter,main_cat='Camera & Photo' AND overall>=4.0,0.1,0.1001,10,30,0.0346,6.1148,6.1493,19400,10,1.0
bitmap_prefilter,main_cat='Camera & Photo' AND overall>=4.0,0.1,0.1001,10,31,0.0416,5.7909,5.8325,19400,10,1.0
bitmap_prefilter,main_cat='Camera & Photo' AND overall>=4.0,0.1,0.1001,10,32,0.0335,6.5184,6.5518,19400,10,1.0
bitmap_prefilter,main_cat='Camera & Photo' AND overall>=4.0,0.1,0.1001,10,33,0.032,5.7966,5.8286,19400,10,1.0
bitmap_prefilter,main_cat='Camera & Photo' AND overall>=4.0,0.1,0.1001,10,34,0.0307,5.933,5.9637,19400,10,1.0
bitmap_prefilter,main_cat='Camera & Photo' AND overall>=4.0,0.1,0.1001,10,35,0.0301,6.4369,6.467,19400,10,1.0
bitmap_prefilter,main_cat='Camera & Photo' AND overall>=4.0,0.1,0.1001,10,36,0.03,5.8018,5.8318,19400,10,1.0
bitmap_prefilter,main_cat='Camera & Photo' AND overall>=4.0,0.1,0.1001,10,37,0.0286,6.5298,6.5585,19400,10,1.0
bitmap_prefilter,main_cat='Camera & Photo' AND overall>=4.0,0.1,0.1001,10,38,0.0396,5.8317,5.8713,19400,10,1.0
bitmap_prefilter,main_cat='Camera & Photo' AND overall>=4.0,0.1,0.1001,10,39,0.0325,5.7712,5.8036,19400,10,1.0
bitmap_prefilter,main_cat='Camera & Photo' AND overall>=4.0,0.1,0.1001,10,40,0.0314,6.494,6.5254,19400,10,1.0
bitmap_prefilter,main_cat='Camera & Photo' AND overall>=4.0,0.1,0.1001,10,41,0.0311,5.8843,5.9154,19400,10,1.0
bitmap_prefilter,main_cat='Camera & Photo' AND overall>=4.0,0.1,0.1001,10,42,0.0314,5.8021,5.8335,19400,10,1.0
bitmap_prefilter,main_cat='Camera & Photo' AND overall>=4.0,0.1,0.1001,10,43,0.0292,6.4928,6.522,19400,10,1.0
bitmap_prefilter,main_cat='Camera & Photo' AND overall>=4.0,0.1,0.1001,10,44,0.0292,5.821,5.8501,19400,10,1.0
bitmap_prefilter,main_cat='Camera & Photo' AND overall>=4.0,0.1,0.1001,10,45,0.0281,6.3025,6.3305,19400,10,1.0
bitmap_prefilter,main_cat='Camera & Photo' AND overall>=4.0,0.1,0.1001,10,46,0.0502,6.1508,6.201,19400,10,1.0
bitmap_prefilter,main_cat='Camera & Photo' AND overall>=4.0,0.1,0.1001,10,47,0.0288,5.7873,5.8161,19400,10,0.0
bitmap_prefilter,main_cat='Camera & Photo' AND overall>=4.0,0.1,0.1001,10,48,0.0285,6.5154,6.5439,19400,10,1.0
bitmap_prefilter,main_cat='Camera & Photo' AND overall>=4.0,0.1,0.1001,10,49,0.0289,5.8824,5.9113,19400,10,1.0
brute_force,main_cat='Camera & Photo' AND overall>=4.0,0.1,0.1001,50,0,2.3776,29.8477,32.2253,50,50,0.98
brute_force,main_cat='Camera & Photo' AND overall>=4.0,0.1,0.1001,50,1,0.5175,32.5695,33.087,50,50,1.0
brute_force,main_cat='Camera & Photo' AND overall>=4.0,0.1,0.1001,50,2,0.3492,26.1465,26.4957,50,50,1.0
brute_force,main_cat='Camera & Photo' AND overall>=4.0,0.1,0.1001,50,3,0.2588,25.9037,26.1625,50,50,1.0
brute_force,main_cat='Camera & Photo' AND overall>=4.0,0.1,0.1001,50,4,0.7096,24.9525,25.6621,50,50,1.0
brute_force,main_cat='Camera & Photo' AND overall>=4.0,0.1,0.1001,50,5,0.7032,25.5875,26.2907,50,50,1.0
brute_force,main_cat='Camera & Photo' AND overall>=4.0,0.1,0.1001,50,6,1.856,25.2972,27.1532,50,50,1.0
brute_force,main_cat='Camera & Photo' AND overall>=4.0,0.1,0.1001,50,7,0.9114,25.249,26.1603,50,50,1.0
brute_force,main_cat='Camera & Photo' AND overall>=4.0,0.1,0.1001,50,8,1.061,25.0972,26.1582,50,50,1.0
brute_force,main_cat='Camera & Photo' AND overall>=4.0,0.1,0.1001,50,9,0.3922,24.9044,25.2966,50,50,1.0
brute_force,main_cat='Camera & Photo' AND overall>=4.0,0.1,0.1001,50,10,0.3271,24.5031,24.8302,50,50,1.0
brute_force,main_cat='Camera & Photo' AND overall>=4.0,0.1,0.1001,50,11,0.776,24.7867,25.5627,50,50,1.0
brute_force,main_cat='Camera & Photo' AND overall>=4.0,0.1,0.1001,50,12,0.5848,24.721,25.3058,50,50,0.98
brute_force,main_cat='Camera & Photo' AND overall>=4.0,0.1,0.1001,50,13,0.3603,24.6745,25.0348,50,50,1.0
brute_force,main_cat='Camera & Photo' AND overall>=4.0,0.1,0.1001,50,14,1.3568,24.9376,26.2944,50,50,1.0
brute_force,main_cat='Camera & Photo' AND overall>=4.0,0.1,0.1001,50,15,0.9019,24.8868,25.7886,50,50,1.0
brute_force,main_cat='Camera & Photo' AND overall>=4.0,0.1,0.1001,50,16,0.2717,27.3783,27.65,50,50,1.0
brute_force,main_cat='Camera & Photo' AND overall>=4.0,0.1,0.1001,50,17,0.1961,27.1094,27.3055,50,50,1.0
brute_force,main_cat='Camera & Photo' AND overall>=4.0,0.1,0.1001,50,18,0.9948,29.283,30.2778,50,50,0.98
brute_force,main_cat='Camera & Photo' AND overall>=4.0,0.1,0.1001,50,19,0.4922,26.732,27.2242,50,50,1.0
brute_force,main_cat='Camera & Photo' AND overall>=4.0,0.1,0.1001,50,20,0.5201,25.0494,25.5695,50,50,1.0
brute_force,main_cat='Camera & Photo' AND overall>=4.0,0.1,0.1001,50,21,0.6784,24.6445,25.3229,50,50,1.0
brute_force,main_cat='Camera & Photo' AND overall>=4.0,0.1,0.1001,50,22,0.119,25.939,26.0581,50,50,0.98
brute_force,main_cat='Camera & Photo' AND overall>=4.0,0.1,0.1001,50,23,0.3662,24.885,25.2512,50,50,1.0
brute_force,main_cat='Camera & Photo' AND overall>=4.0,0.1,0.1001,50,24,0.2118,25.2049,25.4166,50,50,1.0
brute_force,main_cat='Camera & Photo' AND overall>=4.0,0.1,0.1001,50,25,0.4365,24.9307,25.3672,50,50,1.0
brute_force,main_cat='Camera & Photo' AND overall>=4.0,0.1,0.1001,50,26,0.1466,24.9017,25.0482,50,50,1.0
brute_force,main_cat='Camera & Photo' AND overall>=4.0,0.1,0.1001,50,27,0.8265,24.8693,25.6957,50,50,1.0
brute_force,main_cat='Camera & Photo' AND overall>=4.0,0.1,0.1001,50,28,0.4134,24.9399,25.3533,50,50,1.0
brute_force,main_cat='Camera & Photo' AND overall>=4.0,0.1,0.1001,50,29,0.3133,24.9921,25.3054,50,50,1.0
brute_force,main_cat='Camera & Photo' AND overall>=4.0,0.1,0.1001,50,30,0.3143,24.8565,25.1707,50,50,1.0
brute_force,main_cat='Camera & Photo' AND overall>=4.0,0.1,0.1001,50,31,0.4588,25.938,26.3969,50,50,1.0
brute_force,main_cat='Camera & Photo' AND overall>=4.0,0.1,0.1001,50,32,0.8547,24.9549,25.8095,50,50,1.0
brute_force,main_cat='Camera & Photo' AND overall>=4.0,0.1,0.1001,50,33,0.8074,24.808,25.6154,50,50,1.0
brute_force,main_cat='Camera & Photo' AND overall>=4.0,0.1,0.1001,50,34,0.7881,25.1301,25.9182,50,50,0.98
brute_force,main_cat='Camera & Photo' AND overall>=4.0,0.1,0.1001,50,35,0.7286,25.1863,25.9149,50,50,1.0
brute_force,main_cat='Camera & Photo' AND overall>=4.0,0.1,0.1001,50,36,0.1666,25.148,25.3146,50,50,1.0
brute_force,main_cat='Camera & Photo' AND overall>=4.0,0.1,0.1001,50,37,0.5993,25.2761,25.8754,50,50,1.0
brute_force,main_cat='Camera & Photo' AND overall>=4.0,0.1,0.1001,50,38,0.362,25.1387,25.5008,50,50,1.0
brute_force,main_cat='Camera & Photo' AND overall>=4.0,0.1,0.1001,50,39,0.3201,25.1156,25.4357,50,50,1.0
brute_force,main_cat='Camera & Photo' AND overall>=4.0,0.1,0.1001,50,40,0.2913,25.1488,25.44,50,50,1.0
brute_force,main_cat='Camera & Photo' AND overall>=4.0,0.1,0.1001,50,41,1.398,25.1508,26.5488,50,50,1.0
brute_force,main_cat='Camera & Photo' AND overall>=4.0,0.1,0.1001,50,42,0.39,24.8967,25.2867,50,50,1.0
brute_force,main_cat='Camera & Photo' AND overall>=4.0,0.1,0.1001,50,43,0.3079,24.9817,25.2896,50,50,1.0
brute_force,main_cat='Camera & Photo' AND overall>=4.0,0.1,0.1001,50,44,1.5952,24.7944,26.3896,50,50,1.0
brute_force,main_cat='Camera & Photo' AND overall>=4.0,0.1,0.1001,50,45,0.2639,24.8401,25.104,50,50,1.0
brute_force,main_cat='Camera & Photo' AND overall>=4.0,0.1,0.1001,50,46,0.781,29.5825,30.3635,50,50,1.0
brute_force,main_cat='Camera & Photo' AND overall>=4.0,0.1,0.1001,50,47,0.5932,28.2682,28.8614,50,50,1.0
brute_force,main_cat='Camera & Photo' AND overall>=4.0,0.1,0.1001,50,48,0.1973,27.5222,27.7195,50,50,1.0
brute_force,main_cat='Camera & Photo' AND overall>=4.0,0.1,0.1001,50,49,0.24,26.7004,26.9404,50,50,1.0
naive_prefilter,main_cat='Camera & Photo' AND overall>=4.0,0.1,0.1001,50,0,16.8745,6.3111,23.1856,19400,50,0.98
naive_prefilter,main_cat='Camera & Photo' AND overall>=4.0,0.1,0.1001,50,1,16.7965,6.2942,23.0907,19400,50,1.0
naive_prefilter,main_cat='Camera & Photo' AND overall>=4.0,0.1,0.1001,50,2,16.8215,6.2394,23.0609,19400,50,1.0
naive_prefilter,main_cat='Camera & Photo' AND overall>=4.0,0.1,0.1001,50,3,16.8167,6.2287,23.0453,19400,50,1.0
naive_prefilter,main_cat='Camera & Photo' AND overall>=4.0,0.1,0.1001,50,4,16.7695,6.2296,22.9991,19400,50,1.0
naive_prefilter,main_cat='Camera & Photo' AND overall>=4.0,0.1,0.1001,50,5,17.0643,6.6339,23.6982,19400,50,1.0
naive_prefilter,main_cat='Camera & Photo' AND overall>=4.0,0.1,0.1001,50,6,17.5671,6.6269,24.194,19400,50,1.0
naive_prefilter,main_cat='Camera & Photo' AND overall>=4.0,0.1,0.1001,50,7,17.6138,6.3835,23.9973,19400,50,1.0
naive_prefilter,main_cat='Camera & Photo' AND overall>=4.0,0.1,0.1001,50,8,17.3769,6.555,23.9319,19400,50,1.0
naive_prefilter,main_cat='Camera & Photo' AND overall>=4.0,0.1,0.1001,50,9,17.4041,6.523,23.9271,19400,50,1.0
naive_prefilter,main_cat='Camera & Photo' AND overall>=4.0,0.1,0.1001,50,10,16.9595,6.56,23.5195,19400,50,1.0
naive_prefilter,main_cat='Camera & Photo' AND overall>=4.0,0.1,0.1001,50,11,16.8448,6.2949,23.1397,19400,50,1.0
naive_prefilter,main_cat='Camera & Photo' AND overall>=4.0,0.1,0.1001,50,12,16.7739,6.3167,23.0905,19400,50,0.98
naive_prefilter,main_cat='Camera & Photo' AND overall>=4.0,0.1,0.1001,50,13,16.6512,6.3065,22.9577,19400,50,1.0
naive_prefilter,main_cat='Camera & Photo' AND overall>=4.0,0.1,0.1001,50,14,16.832,6.552,23.384,19400,50,1.0
naive_prefilter,main_cat='Camera & Photo' AND overall>=4.0,0.1,0.1001,50,15,16.7833,6.325,23.1083,19400,50,1.0
naive_prefilter,main_cat='Camera & Photo' AND overall>=4.0,0.1,0.1001,50,16,16.6809,6.1791,22.86,19400,50,1.0
naive_prefilter,main_cat='Camera & Photo' AND overall>=4.0,0.1,0.1001,50,17,16.6326,6.3708,23.0034,19400,50,1.0
naive_prefilter,main_cat='Camera & Photo' AND overall>=4.0,0.1,0.1001,50,18,16.8425,6.2092,23.0516,19400,50,0.98
naive_prefilter,main_cat='Camera & Photo' AND overall>=4.0,0.1,0.1001,50,19,16.7315,6.2515,22.9829,19400,50,1.0
naive_prefilter,main_cat='Camera & Photo' AND overall>=4.0,0.1,0.1001,50,20,16.6148,6.4629,23.0777,19400,50,1.0
naive_prefilter,main_cat='Camera & Photo' AND overall>=4.0,0.1,0.1001,50,21,16.5689,6.3108,22.8797,19400,50,1.0
naive_prefilter,main_cat='Camera & Photo' AND overall>=4.0,0.1,0.1001,50,22,16.6933,6.281,22.9743,19400,50,0.98
naive_prefilter,main_cat='Camera & Photo' AND overall>=4.0,0.1,0.1001,50,23,16.5885,6.4225,23.011,19400,50,1.0
naive_prefilter,main_cat='Camera & Photo' AND overall>=4.0,0.1,0.1001,50,24,16.7538,6.2383,22.9921,19400,50,1.0
naive_prefilter,main_cat='Camera & Photo' AND overall>=4.0,0.1,0.1001,50,25,16.6592,6.5072,23.1664,19400,50,1.0
naive_prefilter,main_cat='Camera & Photo' AND overall>=4.0,0.1,0.1001,50,26,16.7588,6.4415,23.2003,19400,50,1.0
naive_prefilter,main_cat='Camera & Photo' AND overall>=4.0,0.1,0.1001,50,27,16.6794,6.3573,23.0366,19400,50,1.0
naive_prefilter,main_cat='Camera & Photo' AND overall>=4.0,0.1,0.1001,50,28,16.6685,6.3555,23.0239,19400,50,1.0
naive_prefilter,main_cat='Camera & Photo' AND overall>=4.0,0.1,0.1001,50,29,16.6912,6.5212,23.2123,19400,50,1.0
naive_prefilter,main_cat='Camera & Photo' AND overall>=4.0,0.1,0.1001,50,30,16.6095,6.2867,22.8962,19400,50,0.96
naive_prefilter,main_cat='Camera & Photo' AND overall>=4.0,0.1,0.1001,50,31,16.7032,6.3623,23.0655,19400,50,1.0
naive_prefilter,main_cat='Camera & Photo' AND overall>=4.0,0.1,0.1001,50,32,16.5853,6.4268,23.0121,19400,50,1.0
naive_prefilter,main_cat='Camera & Photo' AND overall>=4.0,0.1,0.1001,50,33,16.7919,6.4887,23.2806,19400,50,1.0
naive_prefilter,main_cat='Camera & Photo' AND overall>=4.0,0.1,0.1001,50,34,16.5238,6.2391,22.7629,19400,50,0.98
naive_prefilter,main_cat='Camera & Photo' AND overall>=4.0,0.1,0.1001,50,35,16.7035,6.3241,23.0277,19400,50,1.0
naive_prefilter,main_cat='Camera & Photo' AND overall>=4.0,0.1,0.1001,50,36,16.6261,6.4829,23.109,19400,50,1.0
naive_prefilter,main_cat='Camera & Photo' AND overall>=4.0,0.1,0.1001,50,37,16.6742,6.5447,23.219,19400,50,1.0
naive_prefilter,main_cat='Camera & Photo' AND overall>=4.0,0.1,0.1001,50,38,16.5886,6.5505,23.1391,19400,50,1.0
naive_prefilter,main_cat='Camera & Photo' AND overall>=4.0,0.1,0.1001,50,39,17.6436,6.5983,24.2419,19400,50,1.0
naive_prefilter,main_cat='Camera & Photo' AND overall>=4.0,0.1,0.1001,50,40,17.4463,6.5785,24.0248,19400,50,1.0
naive_prefilter,main_cat='Camera & Photo' AND overall>=4.0,0.1,0.1001,50,41,17.6172,6.7695,24.3867,19400,50,1.0
naive_prefilter,main_cat='Camera & Photo' AND overall>=4.0,0.1,0.1001,50,42,17.2721,6.6825,23.9545,19400,50,1.0
naive_prefilter,main_cat='Camera & Photo' AND overall>=4.0,0.1,0.1001,50,43,17.4705,7.2649,24.7355,19400,50,1.0
naive_prefilter,main_cat='Camera & Photo' AND overall>=4.0,0.1,0.1001,50,44,17.3652,6.3756,23.7408,19400,50,1.0
naive_prefilter,main_cat='Camera & Photo' AND overall>=4.0,0.1,0.1001,50,45,17.2236,6.5053,23.7288,19400,50,1.0
naive_prefilter,main_cat='Camera & Photo' AND overall>=4.0,0.1,0.1001,50,46,17.2326,6.5605,23.7932,19400,50,1.0
naive_prefilter,main_cat='Camera & Photo' AND overall>=4.0,0.1,0.1001,50,47,17.27,6.5905,23.8605,19400,50,1.0
naive_prefilter,main_cat='Camera & Photo' AND overall>=4.0,0.1,0.1001,50,48,17.2396,6.404,23.6436,19400,50,1.0
naive_prefilter,main_cat='Camera & Photo' AND overall>=4.0,0.1,0.1001,50,49,17.2769,6.5835,23.8604,19400,50,1.0
post_filter,main_cat='Camera & Photo' AND overall>=4.0,0.1,0.1001,50,0,0.5025,0.7068,1.2094,50,50,0.38
post_filter,main_cat='Camera & Photo' AND overall>=4.0,0.1,0.1001,50,1,0.3567,1.3329,1.6896,50,50,0.86
post_filter,main_cat='Camera & Photo' AND overall>=4.0,0.1,0.1001,50,2,0.2565,0.9606,1.217,50,50,0.92
post_filter,main_cat='Camera & Photo' AND overall>=4.0,0.1,0.1001,50,3,0.2094,0.9949,1.2043,50,50,0.84
post_filter,main_cat='Camera & Photo' AND overall>=4.0,0.1,0.1001,50,4,0.6457,1.2425,1.8882,50,50,0.76
post_filter,main_cat='Camera & Photo' AND overall>=4.0,0.1,0.1001,50,5,0.8188,0.9966,1.8154,50,50,0.58
post_filter,main_cat='Camera & Photo' AND overall>=4.0,0.1,0.1001,50,6,1.3937,1.2307,2.6244,50,50,0.38
post_filter,main_cat='Camera & Photo' AND overall>=4.0,0.1,0.1001,50,7,0.8365,0.814,1.6505,50,50,0.5
post_filter,main_cat='Camera & Photo' AND overall>=4.0,0.1,0.1001,50,8,0.9641,1.2164,2.1805,50,50,0.54
post_filter,main_cat='Camera & Photo' AND overall>=4.0,0.1,0.1001,50,9,0.3231,1.1722,1.4953,50,50,0.8
post_filter,main_cat='Camera & Photo' AND overall>=4.0,0.1,0.1001,50,10,0.2734,1.0969,1.3703,50,50,0.96
post_filter,main_cat='Camera & Photo' AND overall>=4.0,0.1,0.1001,50,11,0.8532,1.0292,1.8823,50,50,0.46
post_filter,main_cat='Camera & Photo' AND overall>=4.0,0.1,0.1001,50,12,0.6699,0.8591,1.529,50,50,0.5
post_filter,main_cat='Camera & Photo' AND overall>=4.0,0.1,0.1001,50,13,0.3568,0.8918,1.2486,50,50,0.74
post_filter,main_cat='Camera & Photo' AND overall>=4.0,0.1,0.1001,50,14,0.9709,0.6631,1.634,32,32,0.22
post_filter,main_cat='Camera & Photo' AND overall>=4.0,0.1,0.1001,50,15,0.6947,0.5743,1.269,8,8,0.1
post_filter,main_cat='Camera & Photo' AND overall>=4.0,0.1,0.1001,50,16,0.2078,1.1416,1.3494,50,50,0.84
post_filter,main_cat='Camera & Photo' AND overall>=4.0,0.1,0.1001,50,17,0.1444,0.8288,0.9732,50,50,0.94
post_filter,main_cat='Camera & Photo' AND overall>=4.0,0.1,0.1001,50,18,0.5459,0.9423,1.4882,50,50,0.78
post_filter,main_cat='Camera & Photo' AND overall>=4.0,0.1,0.1001,50,19,0.4027,1.0642,1.4669,50,50,0.7
post_filter,main_cat='Camera & Photo' AND overall>=4.0,0.1,0.1001,50,20,0.3737,0.735,1.1087,50,50,0.86
post_filter,main_cat='Camera & Photo' AND overall>=4.0,0.1,0.1001,50,21,0.5884,0.7787,1.3671,50,50,0.4
post_filter,main_cat='Camera & Photo' AND overall>=4.0,0.1,0.1001,50,22,0.0887,0.8526,0.9413,50,50,0.94
post_filter,main_cat='Camera & Photo' AND overall>=4.0,0.1,0.1001,50,23,0.2561,0.7735,1.0296,50,50,0.88
post_filter,main_cat='Camera & Photo' AND overall>=4.0,0.1,0.1001,50,24,0.1749,1.1603,1.3353,50,50,0.98
post_filter,main_cat='Camera & Photo' AND overall>=4.0,0.1,0.1001,50,25,0.6097,0.3462,0.9558,26,26,0.04
post_filter,main_cat='Camera & Photo' AND overall>=4.0,0.1,0.1001,50,26,0.0987,1.0039,1.1025,50,50,1.0
post_filter,main_cat='Camera & Photo' AND overall>=4.0,0.1,0.1001,50,27,0.88,0.9648,1.8448,50,50,0.6
post_filter,main_cat='Camera & Photo' AND overall>=4.0,0.1,0.1001,50,28,0.3749,1.0341,1.409,50,50,0.7
post_filter,main_cat='Camera & Photo' AND overall>=4.0,0.1,0.1001,50,29,0.2958,0.6574,0.9532,50,50,0.64
post_filter,main_cat='Camera & Photo' AND overall>=4.0,0.1,0.1001,50,30,0.5424,0.4807,1.0231,28,28,0.46
post_filter,main_cat='Camera & Photo' AND overall>=4.0,0.1,0.1001,50,31,0.4625,0.9802,1.4426,50,50,0.64
post_filter,main_cat='Camera & Photo' AND overall>=4.0,0.1,0.1001,50,32,0.784,0.7595,1.5435,50,50,0.7
post_filter,main_cat='Camera & Photo' AND overall>=4.0,0.1,0.1001,50,33,0.754,0.5827,1.3367,28,28,0.14
post_filter,main_cat='Camera & Photo' AND overall>=4.0,0.1,0.1001,50,34,0.8745,0.9504,1.8249,50,50,0.48
post_filter,main_cat='Camera & Photo' AND overall>=4.0,0.1,0.1001,50,35,0.6941,1.0379,1.732,50,50,0.64
post_filter,main_cat='Camera & Photo' AND overall>=4.0,0.1,0.1001,50,36,0.1379,0.8222,0.9601,50,50,0.98
post_filter,main_cat='Camera & Photo' AND overall>=4.0,0.1,0.1001,50,37,0.6477,0.7517,1.3994,50,50,0.64
post_filter,main_cat='Camera & Photo' AND overall>=4.0,0.1,0.1001,50,38,0.312,1.2398,1.5518,50,50,0.76
post_filter,main_cat='Camera & Photo' AND overall>=4.0,0.1,0.1001,50,39,0.3055,0.6145,0.92,50,50,0.82
post_filter,main_cat='Camera & Photo' AND overall>=4.0,0.1,0.1001,50,40,0.2575,1.2579,1.5154,50,50,0.86
post_filter,main_cat='Camera & Photo' AND overall>=4.0,0.1,0.1001,50,41,0.9896,0.6645,1.6541,21,21,0.3
post_filter,main_cat='Camera & Photo' AND overall>=4.0,0.1,0.1001,50,42,0.3335,0.995,1.3285,50,50,0.88
post_filter,main_cat='Camera & Photo' AND overall>=4.0,0.1,0.1001,50,43,0.2548,0.5034,0.7582,50,50,0.76
post_filter,main_cat='Camera & Photo' AND overall>=4.0,0.1,0.1001,50,44,1.099,0.7152,1.8142,38,38,0.42
post_filter,main_cat='Camera & Photo' AND overall>=4.0,0.1,0.1001,50,45,0.2205,1.0519,1.2723,50,50,0.88
post_filter,main_cat='Camera & Photo' AND overall>=4.0,0.1,0.1001,50,46,0.968,0.8578,1.8259,50,50,0.34
post_filter,main_cat='Camera & Photo' AND overall>=4.0,0.1,0.1001,50,47,0.5017,0.324,0.8258,41,41,0.64
post_filter,main_cat='Camera & Photo' AND overall>=4.0,0.1,0.1001,50,48,0.1339,1.0713,1.2052,50,50,0.98
post_filter,main_cat='Camera & Photo' AND overall>=4.0,0.1,0.1001,50,49,0.1939,0.5085,0.7024,50,50,0.74
bitmap_prefilter,main_cat='Camera & Photo' AND overall>=4.0,0.1,0.1001,50,0,0.0482,6.0158,6.064,19400,50,0.98
bitmap_prefilter,main_cat='Camera & Photo' AND overall>=4.0,0.1,0.1001,50,1,0.0348,6.8137,6.8485,19400,50,1.0
bitmap_prefilter,main_cat='Camera & Photo' AND overall>=4.0,0.1,0.1001,50,2,0.0369,6.2004,6.2373,19400,50,1.0
bitmap_prefilter,main_cat='Camera & Photo' AND overall>=4.0,0.1,0.1001,50,3,0.0388,6.3414,6.3802,19400,50,1.0
bitmap_prefilter,main_cat='Camera & Photo' AND overall>=4.0,0.1,0.1001,50,4,0.0455,5.9488,5.9943,19400,50,1.0
bitmap_prefilter,main_cat='Camera & Photo' AND overall>=4.0,0.1,0.1001,50,5,0.0361,5.8738,5.9099,19400,50,1.0
bitmap_prefilter,main_cat='Camera & Photo' AND overall>=4.0,0.1,0.1001,50,6,0.0329,5.9839,6.0168,19400,50,1.0
bitmap_prefilter,main_cat='Camera & Photo' AND overall>=4.0,0.1,0.1001,50,7,0.0322,5.8834,5.9156,19400,50,1.0
bitmap_prefilter,main_cat='Camera & Photo' AND overall>=4.0,0.1,0.1001,50,8,0.031,5.805,5.836,19400,50,1.0
bitmap_prefilter,main_cat='Camera & Photo' AND overall>=4.0,0.1,0.1001,50,9,0.032,5.7827,5.8147,19400,50,1.0
bitmap_prefilter,main_cat='Camera & Photo' AND overall>=4.0,0.1,0.1001,50,10,0.0282,5.975,6.0032,19400,50,1.0
bitmap_prefilter,main_cat='Camera & Photo' AND overall>=4.0,0.1,0.1001,50,11,0.031,5.9227,5.9536,19400,50,1.0
bitmap_prefilter,main_cat='Camera & Photo' AND overall>=4.0,0.1,0.1001,50,12,0.031,5.861,5.892,19400,50,0.98
bitmap_prefilter,main_cat='Camera & Photo' AND overall>=4.0,0.1,0.1001,50,13,0.0287,5.993,6.0217,19400,50,1.0
bitmap_prefilter,main_cat='Camera & Photo' AND overall>=4.0,0.1,0.1001,50,14,0.0284,5.8591,5.8875,19400,50,1.0
bitmap_prefilter,main_cat='Camera & Photo' AND overall>=4.0,0.1,0.1001,50,15,0.0285,5.9781,6.0066,19400,50,1.0
bitmap_prefilter,main_cat='Camera & Photo' AND overall>=4.0,0.1,0.1001,50,16,0.029,5.8601,5.8891,19400,50,1.0
bitmap_prefilter,main_cat='Camera & Photo' AND overall>=4.0,0.1,0.1001,50,17,0.0274,5.9443,5.9717,19400,50,1.0
bitmap_prefilter,main_cat='Camera & Photo' AND overall>=4.0,0.1,0.1001,50,18,0.0298,5.8842,5.914,19400,50,0.98
bitmap_prefilter,main_cat='Camera & Photo' AND overall>=4.0,0.1,0.1001,50,19,0.0285,5.8485,5.8769,19400,50,1.0
bitmap_prefilter,main_cat='Camera & Photo' AND overall>=4.0,0.1,0.1001,50,20,0.0281,5.8855,5.9136,19400,50,1.0
bitmap_prefilter,main_cat='Camera & Photo' AND overall>=4.0,0.1,0.1001,50,21,0.0281,5.8172,5.8452,19400,50,1.0
bitmap_prefilter,main_cat='Camera & Photo' AND overall>=4.0,0.1,0.1001,50,22,0.0275,5.8538,5.8813,19400,50,0.98
bitmap_prefilter,main_cat='Camera & Photo' AND overall>=4.0,0.1,0.1001,50,23,0.0265,5.7899,5.8164,19400,50,1.0
bitmap_prefilter,main_cat='Camera & Photo' AND overall>=4.0,0.1,0.1001,50,24,0.0283,5.9257,5.954,19400,50,1.0
bitmap_prefilter,main_cat='Camera & Photo' AND overall>=4.0,0.1,0.1001,50,25,0.0291,5.7471,5.7762,19400,50,1.0
bitmap_prefilter,main_cat='Camera & Photo' AND overall>=4.0,0.1,0.1001,50,26,0.0269,5.7697,5.7966,19400,50,1.0
bitmap_prefilter,main_cat='Camera & Photo' AND overall>=4.0,0.1,0.1001,50,27,0.0275,5.717,5.7445,19400,50,1.0
bitmap_prefilter,main_cat='Camera & Photo' AND overall>=4.0,0.1,0.1001,50,28,0.0277,5.7542,5.7819,19400,50,1.0
bitmap_prefilter,main_cat='Camera & Photo' AND overall>=4.0,0.1,0.1001,50,29,0.0279,5.9841,6.012,19400,50,1.0
bitmap_prefilter,main_cat='Camera & Photo' AND overall>=4.0,0.1,0.1001,50,30,0.027,5.8216,5.8487,19400,50,0.96
bitmap_prefilter,main_cat='Camera & Photo' AND overall>=4.0,0.1,0.1001,50,31,0.0281,5.9174,5.9455,19400,50,1.0
bitmap_prefilter,main_cat='Camera & Photo' AND overall>=4.0,0.1,0.1001,50,32,0.0262,5.7855,5.8117,19400,50,1.0
bitmap_prefilter,main_cat='Camera & Photo' AND overall>=4.0,0.1,0.1001,50,33,0.0271,5.9115,5.9385,19400,50,1.0
bitmap_prefilter,main_cat='Camera & Photo' AND overall>=4.0,0.1,0.1001,50,34,0.028,5.7328,5.7608,19400,50,0.98
bitmap_prefilter,main_cat='Camera & Photo' AND overall>=4.0,0.1,0.1001,50,35,0.0262,5.8858,5.912,19400,50,1.0
bitmap_prefilter,main_cat='Camera & Photo' AND overall>=4.0,0.1,0.1001,50,36,0.0274,5.7676,5.795,19400,50,1.0
bitmap_prefilter,main_cat='Camera & Photo' AND overall>=4.0,0.1,0.1001,50,37,0.028,5.8113,5.8393,19400,50,1.0
bitmap_prefilter,main_cat='Camera & Photo' AND overall>=4.0,0.1,0.1001,50,38,0.0275,5.9753,6.0028,19400,50,1.0
bitmap_prefilter,main_cat='Camera & Photo' AND overall>=4.0,0.1,0.1001,50,39,0.0271,5.8397,5.8668,19400,50,1.0
bitmap_prefilter,main_cat='Camera & Photo' AND overall>=4.0,0.1,0.1001,50,40,0.0273,5.9268,5.954,19400,50,1.0
bitmap_prefilter,main_cat='Camera & Photo' AND overall>=4.0,0.1,0.1001,50,41,0.027,5.7618,5.7888,19400,50,1.0
bitmap_prefilter,main_cat='Camera & Photo' AND overall>=4.0,0.1,0.1001,50,42,0.0262,5.9118,5.9379,19400,50,1.0
bitmap_prefilter,main_cat='Camera & Photo' AND overall>=4.0,0.1,0.1001,50,43,0.0293,5.8727,5.902,19400,50,1.0
bitmap_prefilter,main_cat='Camera & Photo' AND overall>=4.0,0.1,0.1001,50,44,0.0292,5.7916,5.8208,19400,50,1.0
bitmap_prefilter,main_cat='Camera & Photo' AND overall>=4.0,0.1,0.1001,50,45,0.028,5.7939,5.8219,19400,50,1.0
bitmap_prefilter,main_cat='Camera & Photo' AND overall>=4.0,0.1,0.1001,50,46,0.0277,5.9077,5.9354,19400,50,1.0
bitmap_prefilter,main_cat='Camera & Photo' AND overall>=4.0,0.1,0.1001,50,47,0.0277,5.8561,5.8838,19400,50,1.0
bitmap_prefilter,main_cat='Camera & Photo' AND overall>=4.0,0.1,0.1001,50,48,0.0261,5.8322,5.8583,19400,50,1.0
bitmap_prefilter,main_cat='Camera & Photo' AND overall>=4.0,0.1,0.1001,50,49,0.0288,5.7956,5.8244,19400,50,1.0
brute_force,main_cat='Home Audio & Theater' AND overall>=3.0,0.2,0.1962,10,0,0.0202,24.823,24.8432,10,10,1.0
brute_force,main_cat='Home Audio & Theater' AND overall>=3.0,0.2,0.1962,10,1,0.0331,24.9689,25.002,10,10,1.0
brute_force,main_cat='Home Audio & Theater' AND overall>=3.0,0.2,0.1962,10,2,0.0902,24.982,25.0722,10,10,1.0
brute_force,main_cat='Home Audio & Theater' AND overall>=3.0,0.2,0.1962,10,3,0.0376,24.8992,24.9368,10,10,1.0
brute_force,main_cat='Home Audio & Theater' AND overall>=3.0,0.2,0.1962,10,4,0.0597,24.9974,25.0572,10,10,1.0
brute_force,main_cat='Home Audio & Theater' AND overall>=3.0,0.2,0.1962,10,5,0.1765,24.664,24.8405,10,10,1.0
brute_force,main_cat='Home Audio & Theater' AND overall>=3.0,0.2,0.1962,10,6,0.0427,24.8152,24.8579,10,10,1.0
brute_force,main_cat='Home Audio & Theater' AND overall>=3.0,0.2,0.1962,10,7,0.0942,24.8752,24.9694,10,10,1.0
brute_force,main_cat='Home Audio & Theater' AND overall>=3.0,0.2,0.1962,10,8,0.031,24.945,24.9759,10,10,1.0
brute_force,main_cat='Home Audio & Theater' AND overall>=3.0,0.2,0.1962,10,9,0.0316,24.8032,24.8348,10,10,1.0
brute_force,main_cat='Home Audio & Theater' AND overall>=3.0,0.2,0.1962,10,10,0.0462,24.854,24.9001,10,10,1.0
brute_force,main_cat='Home Audio & Theater' AND overall>=3.0,0.2,0.1962,10,11,0.0312,24.7279,24.7591,10,10,1.0
brute_force,main_cat='Home Audio & Theater' AND overall>=3.0,0.2,0.1962,10,12,0.023,24.9979,25.0208,10,10,1.0
brute_force,main_cat='Home Audio & Theater' AND overall>=3.0,0.2,0.1962,10,13,0.0211,24.8963,24.9175,10,10,1.0
brute_force,main_cat='Home Audio & Theater' AND overall>=3.0,0.2,0.1962,10,14,0.1971,24.8818,25.0789,10,10,1.0
brute_force,main_cat='Home Audio & Theater' AND overall>=3.0,0.2,0.1962,10,15,0.3212,24.857,25.1782,10,10,1.0
brute_force,main_cat='Home Audio & Theater' AND overall>=3.0,0.2,0.1962,10,16,0.0529,25.1111,25.164,10,10,1.0
brute_force,main_cat='Home Audio & Theater' AND overall>=3.0,0.2,0.1962,10,17,0.0468,25.0584,25.1051,10,10,1.0
brute_force,main_cat='Home Audio & Theater' AND overall>=3.0,0.2,0.1962,10,18,0.1765,24.9691,25.1456,10,10,1.0
brute_force,main_cat='Home Audio & Theater' AND overall>=3.0,0.2,0.1962,10,19,0.0591,24.889,24.9481,10,10,1.0
brute_force,main_cat='Home Audio & Theater' AND overall>=3.0,0.2,0.1962,10,20,0.049,25.1569,25.2058,10,10,1.0
brute_force,main_cat='Home Audio & Theater' AND overall>=3.0,0.2,0.1962,10,21,0.1386,24.9728,25.1114,10,10,1.0
brute_force,main_cat='Home Audio & Theater' AND overall>=3.0,0.2,0.1962,10,22,0.163,24.8792,25.0422,10,10,1.0
brute_force,main_cat='Home Audio & Theater' AND overall>=3.0,0.2,0.1962,10,23,0.0517,25.091,25.1427,10,10,1.0
brute_force,main_cat='Home Audio & Theater' AND overall>=3.0,0.2,0.1962,10,24,0.0425,25.0696,25.112,10,10,1.0
brute_force,main_cat='Home Audio & Theater' AND overall>=3.0,0.2,0.1962,10,25,0.0245,25.3688,25.3933,10,10,1.0
brute_force,main_cat='Home Audio & Theater' AND overall>=3.0,0.2,0.1962,10,26,0.0947,25.2975,25.3921,10,10,1.0
brute_force,main_cat='Home Audio & Theater' AND overall>=3.0,0.2,0.1962,10,27,0.1214,25.559,25.6804,10,10,1.0
brute_force,main_cat='Home Audio & Theater' AND overall>=3.0,0.2,0.1962,10,28,0.0826,25.0798,25.1624,10,10,1.0
brute_force,main_cat='Home Audio & Theater' AND overall>=3.0,0.2,0.1962,10,29,0.0287,25.0669,25.0956,10,10,1.0
brute_force,main_cat='Home Audio & Theater' AND overall>=3.0,0.2,0.1962,10,30,0.0462,24.9518,24.998,10,10,1.0
brute_force,main_cat='Home Audio & Theater' AND overall>=3.0,0.2,0.1962,10,31,0.0401,24.5389,24.579,10,10,1.0
brute_force,main_cat='Home Audio & Theater' AND overall>=3.0,0.2,0.1962,10,32,0.0632,24.818,24.8812,10,10,1.0
brute_force,main_cat='Home Audio & Theater' AND overall>=3.0,0.2,0.1962,10,33,0.1881,24.6019,24.79,10,10,1.0
brute_force,main_cat='Home Audio & Theater' AND overall>=3.0,0.2,0.1962,10,34,0.029,24.6696,24.6986,10,10,1.0
brute_force,main_cat='Home Audio & Theater' AND overall>=3.0,0.2,0.1962,10,35,0.0769,24.6755,24.7524,10,10,1.0
brute_force,main_cat='Home Audio & Theater' AND overall>=3.0,0.2,0.1962,10,36,0.1703,24.5667,24.737,10,10,1.0
brute_force,main_cat='Home Audio & Theater' AND overall>=3.0,0.2,0.1962,10,37,0.0418,24.792,24.8338,10,10,1.0
brute_force,main_cat='Home Audio & Theater' AND overall>=3.0,0.2,0.1962,10,38,0.0985,25.5719,25.6705,10,10,1.0
brute_force,main_cat='Home Audio & Theater' AND overall>=3.0,0.2,0.1962,10,39,0.0419,24.8907,24.9326,10,10,1.0
brute_force,main_cat='Home Audio & Theater' AND overall>=3.0,0.2,0.1962,10,40,0.0649,25.2958,25.3608,10,10,1.0
brute_force,main_cat='Home Audio & Theater' AND overall>=3.0,0.2,0.1962,10,41,0.1458,25.2219,25.3677,10,10,1.0
brute_force,main_cat='Home Audio & Theater' AND overall>=3.0,0.2,0.1962,10,42,0.0347,25.1459,25.1806,10,10,1.0
brute_force,main_cat='Home Audio & Theater' AND overall>=3.0,0.2,0.1962,10,43,0.0489,25.5493,25.5983,10,10,1.0
brute_force,main_cat='Home Audio & Theater' AND overall>=3.0,0.2,0.1962,10,44,0.2919,25.1295,25.4215,10,10,1.0
brute_force,main_cat='Home Audio & Theater' AND overall>=3.0,0.2,0.1962,10,45,0.0332,25.0757,25.1089,10,10,1.0
brute_force,main_cat='Home Audio & Theater' AND overall>=3.0,0.2,0.1962,10,46,0.0253,25.1336,25.1589,10,10,1.0
brute_force,main_cat='Home Audio & Theater' AND overall>=3.0,0.2,0.1962,10,47,0.0351,25.121,25.1561,10,10,1.0
brute_force,main_cat='Home Audio & Theater' AND overall>=3.0,0.2,0.1962,10,48,0.0555,25.1137,25.1692,10,10,1.0
brute_force,main_cat='Home Audio & Theater' AND overall>=3.0,0.2,0.1962,10,49,0.0433,25.102,25.1453,10,10,1.0
naive_prefilter,main_cat='Home Audio & Theater' AND overall>=3.0,0.2,0.1962,10,0,17.7488,12.2124,29.9612,38011,10,1.0
naive_prefilter,main_cat='Home Audio & Theater' AND overall>=3.0,0.2,0.1962,10,1,17.657,11.9875,29.6445,38011,10,1.0
naive_prefilter,main_cat='Home Audio & Theater' AND overall>=3.0,0.2,0.1962,10,2,17.4862,12.0086,29.4948,38011,10,1.0
naive_prefilter,main_cat='Home Audio & Theater' AND overall>=3.0,0.2,0.1962,10,3,17.6235,12.3552,29.9787,38011,10,1.0
naive_prefilter,main_cat='Home Audio & Theater' AND overall>=3.0,0.2,0.1962,10,4,17.6012,12.2529,29.8542,38011,10,1.0
naive_prefilter,main_cat='Home Audio & Theater' AND overall>=3.0,0.2,0.1962,10,5,17.9829,12.4551,30.438,38011,10,1.0
naive_prefilter,main_cat='Home Audio & Theater' AND overall>=3.0,0.2,0.1962,10,6,18.5006,12.9332,31.4338,38011,10,1.0
naive_prefilter,main_cat='Home Audio & Theater' AND overall>=3.0,0.2,0.1962,10,7,18.8298,12.8139,31.6437,38011,10,1.0
naive_prefilter,main_cat='Home Audio & Theater' AND overall>=3.0,0.2,0.1962,10,8,19.1871,18.304,37.4911,38011,10,1.0
naive_prefilter,main_cat='Home Audio & Theater' AND overall>=3.0,0.2,0.1962,10,9,21.3352,19.0219,40.3572,38011,10,1.0
naive_prefilter,main_cat='Home Audio & Theater' AND overall>=3.0,0.2,0.1962,10,10,19.3615,13.651,33.0125,38011,10,1.0
naive_prefilter,main_cat='Home Audio & Theater' AND overall>=3.0,0.2,0.1962,10,11,18.9333,13.8934,32.8267,38011,10,1.0
naive_prefilter,main_cat='Home Audio & Theater' AND overall>=3.0,0.2,0.1962,10,12,18.9845,14.2461,33.2306,38011,10,1.0
naive_prefilter,main_cat='Home Audio & Theater' AND overall>=3.0,0.2,0.1962,10,13,18.8517,13.8013,32.653,38011,10,1.0
naive_prefilter,main_cat='Home Audio & Theater' AND overall>=3.0,0.2,0.1962,10,14,19.8415,13.7357,33.5772,38011,10,1.0
naive_prefilter,main_cat='Home Audio & Theater' AND overall>=3.0,0.2,0.1962,10,15,18.8517,14.1267,32.9783,38011,10,1.0
naive_prefilter,main_cat='Home Audio & Theater' AND overall>=3.0,0.2,0.1962,10,16,18.5813,15.7924,34.3737,38011,10,1.0
naive_prefilter,main_cat='Home Audio & Theater' AND overall>=3.0,0.2,0.1962,10,17,19.0882,14.1634,33.2516,38011,10,1.0
naive_prefilter,main_cat='Home Audio & Theater' AND overall>=3.0,0.2,0.1962,10,18,19.1052,14.0014,33.1067,38011,10,1.0
naive_prefilter,main_cat='Home Audio & Theater' AND overall>=3.0,0.2,0.1962,10,19,19.4738,15.7161,35.1899,38011,10,1.0
naive_prefilter,main_cat='Home Audio & Theater' AND overall>=3.0,0.2,0.1962,10,20,23.1358,15.658,38.7937,38011,10,1.0
naive_prefilter,main_cat='Home Audio & Theater' AND overall>=3.0,0.2,0.1962,10,21,23.368,58.0288,81.3968,38011,10,1.0
naive_prefilter,main_cat='Home Audio & Theater' AND overall>=3.0,0.2,0.1962,10,22,51.4436,73.2008,124.6444,38011,10,1.0
naive_prefilter,main_cat='Home Audio & Theater' AND overall>=3.0,0.2,0.1962,10,23,44.3921,23.3538,67.746,38011,10,1.0
naive_prefilter,main_cat='Home Audio & Theater' AND overall>=3.0,0.2,0.1962,10,24,23.0719,15.3745,38.4463,38011,10,1.0
naive_prefilter,main_cat='Home Audio & Theater' AND overall>=3.0,0.2,0.1962,10,25,26.566,22.8475,49.4135,38011,10,1.0
naive_prefilter,main_cat='Home Audio & Theater' AND overall>=3.0,0.2,0.1962,10,26,20.4408,16.16,36.6007,38011,10,1.0
naive_prefilter,main_cat='Home Audio & Theater' AND overall>=3.0,0.2,0.1962,10,27,18.6732,13.6144,32.2875,38011,10,1.0
naive_prefilter,main_cat='Home Audio & Theater' AND overall>=3.0,0.2,0.1962,10,28,18.7886,16.5646,35.3532,38011,10,1.0
naive_prefilter,main_cat='Home Audio & Theater' AND overall>=3.0,0.2,0.1962,10,29,20.2477,16.125,36.3727,38011,10,1.0
naive_prefilter,main_cat='Home Audio & Theater' AND overall>=3.0,0.2,0.1962,10,30,20.0467,15.552,35.5987,38011,10,1.0
naive_prefilter,main_cat='Home Audio & Theater' AND overall>=3.0,0.2,0.1962,10,31,18.9045,14.5186,33.4232,38011,10,1.0
naive_prefilter,main_cat='Home Audio & Theater' AND overall>=3.0,0.2,0.1962,10,32,19.439,16.361,35.7999,38011,10,1.0
naive_prefilter,main_cat='Home Audio & Theater' AND overall>=3.0,0.2,0.1962,10,33,22.477,15.5685,38.0455,38011,10,1.0
naive_prefilter,main_cat='Home Audio & Theater' AND overall>=3.0,0.2,0.1962,10,34,23.6437,21.6451,45.2888,38011,10,1.0
naive_prefilter,main_cat='Home Audio & Theater' AND overall>=3.0,0.2,0.1962,10,35,23.0477,15.3902,38.4379,38011,10,1.0
naive_prefilter,main_cat='Home Audio & Theater' AND overall>=3.0,0.2,0.1962,10,36,19.742,14.9595,34.7014,38011,10,1.0
naive_prefilter,main_cat='Home Audio & Theater' AND overall>=3.0,0.2,0.1962,10,37,20.1402,16.927,37.0672,38011,10,1.0
naive_prefilter,main_cat='Home Audio & Theater' AND overall>=3.0,0.2,0.1962,10,38,19.8291,14.1116,33.9407,38011,10,1.0
naive_prefilter,main_cat='Home Audio & Theater' AND overall>=3.0,0.2,0.1962,10,39,19.5898,14.1618,33.7516,38011,10,1.0
naive_prefilter,main_cat='Home Audio & Theater' AND overall>=3.0,0.2,0.1962,10,40,18.9028,13.7094,32.6122,38011,10,1.0
naive_prefilter,main_cat='Home Audio & Theater' AND overall>=3.0,0.2,0.1962,10,41,21.301,14.3662,35.6673,38011,10,1.0
naive_prefilter,main_cat='Home Audio & Theater' AND overall>=3.0,0.2,0.1962,10,42,19.756,13.8034,33.5594,38011,10,1.0
naive_prefilter,main_cat='Home Audio & Theater' AND overall>=3.0,0.2,0.1962,10,43,18.7862,13.3038,32.09,38011,10,1.0
naive_prefilter,main_cat='Home Audio & Theater' AND overall>=3.0,0.2,0.1962,10,44,18.8957,13.097,31.9927,38011,10,1.0
naive_prefilter,main_cat='Home Audio & Theater' AND overall>=3.0,0.2,0.1962,10,45,19.5679,14.8287,34.3965,38011,10,1.0
naive_prefilter,main_cat='Home Audio & Theater' AND overall>=3.0,0.2,0.1962,10,46,87.6825,32.5044,120.1869,38011,10,1.0
naive_prefilter,main_cat='Home Audio & Theater' AND overall>=3.0,0.2,0.1962,10,47,37.7951,24.0265,61.8216,38011,10,0.0
naive_prefilter,main_cat='Home Audio & Theater' AND overall>=3.0,0.2,0.1962,10,48,53.4102,21.6728,75.083,38011,10,1.0
naive_prefilter,main_cat='Home Audio & Theater' AND overall>=3.0,0.2,0.1962,10,49,35.2406,17.5591,52.7997,38011,10,1.0
post_filter,main_cat='Home Audio & Theater' AND overall>=3.0,0.2,0.1962,10,0,0.0183,0.7487,0.767,10,10,1.0
post_filter,main_cat='Home Audio & Theater' AND overall>=3.0,0.2,0.1962,10,1,0.0402,1.6732,1.7134,10,10,1.0
post_filter,main_cat='Home Audio & Theater' AND overall>=3.0,0.2,0.1962,10,2,0.1113,1.17,1.2813,10,10,1.0
post_filter,main_cat='Home Audio & Theater' AND overall>=3.0,0.2,0.1962,10,3,0.0535,1.3223,1.3758,10,10,1.0
post_filter,main_cat='Home Audio & Theater' AND overall>=3.0,0.2,0.1962,10,4,0.1031,1.5313,1.6344,10,10,1.0
post_filter,main_cat='Home Audio & Theater' AND overall>=3.0,0.2,0.1962,10,5,0.3453,1.273,1.6183,10,10,1.0
post_filter,main_cat='Home Audio & Theater' AND overall>=3.0,0.2,0.1962,10,6,0.0515,2.1055,2.157,10,10,1.0
post_filter,main_cat='Home Audio & Theater' AND overall>=3.0,0.2,0.1962,10,7,0.1429,3.1335,3.2763,10,10,1.0
post_filter,main_cat='Home Audio & Theater' AND overall>=3.0,0.2,0.1962,10,8,0.0479,4.3289,4.3768,10,10,1.0
post_filter,main_cat='Home Audio & Theater' AND overall>=3.0,0.2,0.1962,10,9,0.0357,1.2041,1.2398,10,10,1.0
post_filter,main_cat='Home Audio & Theater' AND overall>=3.0,0.2,0.1962,10,10,0.0522,1.2561,1.3083,10,10,1.0
post_filter,main_cat='Home Audio & Theater' AND overall>=3.0,0.2,0.1962,10,11,0.2429,1.2401,1.483,10,10,1.0
post_filter,main_cat='Home Audio & Theater' AND overall>=3.0,0.2,0.1962,10,12,0.0444,1.4425,1.4868,10,10,1.0
post_filter,main_cat='Home Audio & Theater' AND overall>=3.0,0.2,0.1962,10,13,0.0391,1.288,1.3271,10,10,1.0
post_filter,main_cat='Home Audio & Theater' AND overall>=3.0,0.2,0.1962,10,14,0.2591,1.1713,1.4304,10,10,0.9
post_filter,main_cat='Home Audio & Theater' AND overall>=3.0,0.2,0.1962,10,15,0.4065,0.7152,1.1217,10,10,0.5
post_filter,main_cat='Home Audio & Theater' AND overall>=3.0,0.2,0.1962,10,16,0.0534,1.3312,1.3846,10,10,1.0
post_filter,main_cat='Home Audio & Theater' AND overall>=3.0,0.2,0.1962,10,17,0.0471,0.837,0.8841,10,10,1.0
post_filter,main_cat='Home Audio & Theater' AND overall>=3.0,0.2,0.1962,10,18,0.1827,0.8961,1.0788,10,10,1.0
post_filter,main_cat='Home Audio & Theater' AND overall>=3.0,0.2,0.1962,10,19,0.0553,0.9807,1.036,10,10,1.0
post_filter,main_cat='Home Audio & Theater' AND overall>=3.0,0.2,0.1962,10,20,0.1398,1.3379,1.4777,10,10,1.0
post_filter,main_cat='Home Audio & Theater' AND overall>=3.0,0.2,0.1962,10,21,0.189,1.653,1.842,10,10,0.8
post_filter,main_cat='Home Audio & Theater' AND overall>=3.0,0.2,0.1962,10,22,0.211,1.0769,1.288,10,10,0.8
post_filter,main_cat='Home Audio & Theater' AND overall>=3.0,0.2,0.1962,10,23,0.1001,1.851,1.9511,10,10,1.0
post_filter,main_cat='Home Audio & Theater' AND overall>=3.0,0.2,0.1962,10,24,0.051,1.2981,1.3491,10,10,1.0
post_filter,main_cat='Home Audio & Theater' AND overall>=3.0,0.2,0.1962,10,25,0.1,0.5001,0.6001,10,10,0.6
post_filter,main_cat='Home Audio & Theater' AND overall>=3.0,0.2,0.1962,10,26,0.1007,1.0419,1.1425,10,10,0.9
post_filter,main_cat='Home Audio & Theater' AND overall>=3.0,0.2,0.1962,10,27,0.1195,1.1267,1.2462,10,10,1.0
post_filter,main_cat='Home Audio & Theater' AND overall>=3.0,0.2,0.1962,10,28,0.0802,1.0147,1.095,10,10,1.0
post_filter,main_cat='Home Audio & Theater' AND overall>=3.0,0.2,0.1962,10,29,0.0245,0.6642,0.6887,10,10,1.0
post_filter,main_cat='Home Audio & Theater' AND overall>=3.0,0.2,0.1962,10,30,0.06,0.5395,0.5995,10,10,0.0
post_filter,main_cat='Home Audio & Theater' AND overall>=3.0,0.2,0.1962,10,31,0.0403,0.9335,0.9739,10,10,1.0
post_filter,main_cat='Home Audio & Theater' AND overall>=3.0,0.2,0.1962,10,32,0.0634,0.778,0.8415,10,10,1.0
post_filter,main_cat='Home Audio & Theater' AND overall>=3.0,0.2,0.1962,10,33,0.2472,0.5439,0.7911,10,10,0.6
post_filter,main_cat='Home Audio & Theater' AND overall>=3.0,0.2,0.1962,10,34,0.0238,0.9306,0.9544,10,10,1.0
post_filter,main_cat='Home Audio & Theater' AND overall>=3.0,0.2,0.1962,10,35,0.087,1.1759,1.2629,10,10,1.0
post_filter,main_cat='Home Audio & Theater' AND overall>=3.0,0.2,0.1962,10,36,0.2063,1.1487,1.355,10,10,0.9
post_filter,main_cat='Home Audio & Theater' AND overall>=3.0,0.2,0.1962,10,37,0.0419,0.7545,0.7964,10,10,1.0
post_filter,main_cat='Home Audio & Theater' AND overall>=3.0,0.2,0.1962,10,38,0.094,1.3855,1.4795,10,10,1.0
post_filter,main_cat='Home Audio & Theater' AND overall>=3.0,0.2,0.1962,10,39,0.0348,0.5998,0.6346,10,10,1.0
post_filter,main_cat='Home Audio & Theater' AND overall>=3.0,0.2,0.1962,10,40,0.0768,1.0802,1.157,10,10,1.0
post_filter,main_cat='Home Audio & Theater' AND overall>=3.0,0.2,0.1962,10,41,0.202,0.6603,0.8623,10,10,1.0
post_filter,main_cat='Home Audio & Theater' AND overall>=3.0,0.2,0.1962,10,42,0.0479,1.179,1.2269,10,10,1.0
post_filter,main_cat='Home Audio & Theater' AND overall>=3.0,0.2,0.1962,10,43,0.0454,0.5496,0.595,10,10,0.9
post_filter,main_cat='Home Audio & Theater' AND overall>=3.0,0.2,0.1962,10,44,0.3379,1.0795,1.4174,10,10,1.0
post_filter,main_cat='Home Audio & Theater' AND overall>=3.0,0.2,0.1962,10,45,0.0357,1.1442,1.18,10,10,1.0
post_filter,main_cat='Home Audio & Theater' AND overall>=3.0,0.2,0.1962,10,46,0.026,0.8892,0.9151,10,10,1.0
post_filter,main_cat='Home Audio & Theater' AND overall>=3.0,0.2,0.1962,10,47,0.0501,0.331,0.3812,10,10,0.1
post_filter,main_cat='Home Audio & Theater' AND overall>=3.0,0.2,0.1962,10,48,0.063,1.032,1.095,10,10,1.0
post_filter,main_cat='Home Audio & Theater' AND overall>=3.0,0.2,0.1962,10,49,0.0367,0.4899,0.5266,10,10,1.0
bitmap_prefilter,main_cat='Home Audio & Theater' AND overall>=3.0,0.2,0.1962,10,0,0.0662,12.9604,13.0266,38011,10,1.0
bitmap_prefilter,main_cat='Home Audio & Theater' AND overall>=3.0,0.2,0.1962,10,1,0.0685,13.3894,13.4579,38011,10,1.0
bitmap_prefilter,main_cat='Home Audio & Theater' AND overall>=3.0,0.2,0.1962,10,2,0.0675,12.5024,12.5698,38011,10,1.0
bitmap_prefilter,main_cat='Home Audio & Theater' AND overall>=3.0,0.2,0.1962,10,3,0.2044,12.3253,12.5297,38011,10,1.0
bitmap_prefilter,main_cat='Home Audio & Theater' AND overall>=3.0,0.2,0.1962,10,4,0.0719,12.513,12.585,38011,10,1.0
bitmap_prefilter,main_cat='Home Audio & Theater' AND overall>=3.0,0.2,0.1962,10,5,0.0631,13.1885,13.2515,38011,10,1.0
bitmap_prefilter,main_cat='Home Audio & Theater' AND overall>=3.0,0.2,0.1962,10,6,0.0731,13.8021,13.8752,38011,10,1.0
bitmap_prefilter,main_cat='Home Audio & Theater' AND overall>=3.0,0.2,0.1962,10,7,0.069,13.8581,13.9271,38011,10,1.0
bitmap_prefilter,main_cat='Home Audio & Theater' AND overall>=3.0,0.2,0.1962,10,8,0.0735,14.7931,14.8666,38011,10,1.0
bitmap_prefilter,main_cat='Home Audio & Theater' AND overall>=3.0,0.2,0.1962,10,9,0.0721,15.353,15.4251,38011,10,1.0
bitmap_prefilter,main_cat='Home Audio & Theater' AND overall>=3.0,0.2,0.1962,10,10,0.2186,14.6482,14.8668,38011,10,1.0
bitmap_prefilter,main_cat='Home Audio & Theater' AND overall>=3.0,0.2,0.1962,10,11,0.0722,14.5083,14.5805,38011,10,1.0
bitmap_prefilter,main_cat='Home Audio & Theater' AND overall>=3.0,0.2,0.1962,10,12,0.0722,13.9496,14.0218,38011,10,1.0
bitmap_prefilter,main_cat='Home Audio & Theater' AND overall>=3.0,0.2,0.1962,10,13,0.0674,13.1322,13.1996,38011,10,1.0
bitmap_prefilter,main_cat='Home Audio & Theater' AND overall>=3.0,0.2,0.1962,10,14,0.0722,13.526,13.5982,38011,10,1.0
bitmap_prefilter,main_cat='Home Audio & Theater' AND overall>=3.0,0.2,0.1962,10,15,0.0762,13.1373,13.2135,38011,10,1.0
bitmap_prefilter,main_cat='Home Audio & Theater' AND overall>=3.0,0.2,0.1962,10,16,0.0745,12.2171,12.2917,38011,10,1.0
bitmap_prefilter,main_cat='Home Audio & Theater' AND overall>=3.0,0.2,0.1962,10,17,0.0668,17.8531,17.9199,38011,10,1.0
bitmap_prefilter,main_cat='Home Audio & Theater' AND overall>=3.0,0.2,0.1962,10,18,0.1342,27.1456,27.2798,38011,10,1.0
bitmap_prefilter,main_cat='Home Audio & Theater' AND overall>=3.0,0.2,0.1962,10,19,0.0857,21.4336,21.5193,38011,10,1.0
bitmap_prefilter,main_cat='Home Audio & Theater' AND overall>=3.0,0.2,0.1962,10,20,0.0742,16.8217,16.8959,38011,10,1.0
bitmap_prefilter,main_cat='Home Audio & Theater' AND overall>=3.0,0.2,0.1962,10,21,0.1024,19.9985,20.1008,38011,10,1.0
bitmap_prefilter,main_cat='Home Audio & Theater' AND overall>=3.0,0.2,0.1962,10,22,0.1407,25.4345,25.5752,38011,10,1.0
bitmap_prefilter,main_cat='Home Audio & Theater' AND overall>=3.0,0.2,0.1962,10,23,0.084,15.7955,15.8794,38011,10,1.0
bitmap_prefilter,main_cat='Home Audio & Theater' AND overall>=3.0,0.2,0.1962,10,24,0.0704,16.503,16.5734,38011,10,1.0
bitmap_prefilter,main_cat='Home Audio & Theater' AND overall>=3.0,0.2,0.1962,10,25,0.0775,15.6504,15.7279,38011,10,1.0
bitmap_prefilter,main_cat='Home Audio & Theater' AND overall>=3.0,0.2,0.1962,10,26,0.0775,28.2539,28.3314,38011,10,1.0
bitmap_prefilter,main_cat='Home Audio & Theater' AND overall>=3.0,0.2,0.1962,10,27,0.1706,29.5407,29.7113,38011,10,1.0
bitmap_prefilter,main_cat='Home Audio & Theater' AND overall>=3.0,0.2,0.1962,10,28,0.1365,19.8594,19.996,38011,10,1.0
bitmap_prefilter,main_cat='Home Audio & Theater' AND overall>=3.0,0.2,0.1962,10,29,0.0798,15.1552,15.235,38011,10,1.0
bitmap_prefilter,main_cat='Home Audio & Theater' AND overall>=3.0,0.2,0.1962,10,30,0.0713,34.5084,34.5796,38011,10,1.0
bitmap_prefilter,main_cat='Home Audio & Theater' AND overall>=3.0,0.2,0.1962,10,31,0.1253,18.1364,18.2617,38011,10,1.0
bitmap_prefilter,main_cat='Home Audio & Theater' AND overall>=3.0,0.2,0.1962,10,32,0.0822,21.495,21.5772,38011,10,1.0
bitmap_prefilter,main_cat='Home Audio & Theater' AND overall>=3.0,0.2,0.1962,10,33,0.077,14.7668,14.8438,38011,10,1.0
bitmap_prefilter,main_cat='Home Audio & Theater' AND overall>=3.0,0.2,0.1962,10,34,0.0757,20.5127,20.5885,38011,10,1.0
bitmap_prefilter,main_cat='Home Audio & Theater' AND overall>=3.0,0.2,0.1962,10,35,0.0722,25.4379,25.5101,38011,10,1.0
bitmap_prefilter,main_cat='Home Audio & Theater' AND overall>=3.0,0.2,0.1962,10,36,0.0756,20.657,20.7325,38011,10,1.0
bitmap_prefilter,main_cat='Home Audio & Theater' AND overall>=3.0,0.2,0.1962,10,37,0.1099,16.7348,16.8448,38011,10,1.0
bitmap_prefilter,main_cat='Home Audio & Theater' AND overall>=3.0,0.2,0.1962,10,38,0.0736,19.3987,19.4723,38011,10,1.0
bitmap_prefilter,main_cat='Home Audio & Theater' AND overall>=3.0,0.2,0.1962,10,39,0.1337,18.8273,18.9611,38011,10,1.0
bitmap_prefilter,main_cat='Home Audio & Theater' AND overall>=3.0,0.2,0.1962,10,40,0.1014,20.0011,20.1025,38011,10,1.0
bitmap_prefilter,main_cat='Home Audio & Theater' AND overall>=3.0,0.2,0.1962,10,41,0.0763,18.7803,18.8566,38011,10,1.0
bitmap_prefilter,main_cat='Home Audio & Theater' AND overall>=3.0,0.2,0.1962,10,42,0.1209,15.3739,15.4947,38011,10,1.0
bitmap_prefilter,main_cat='Home Audio & Theater' AND overall>=3.0,0.2,0.1962,10,43,0.0733,14.8227,14.896,38011,10,1.0
bitmap_prefilter,main_cat='Home Audio & Theater' AND overall>=3.0,0.2,0.1962,10,44,0.0739,16.3358,16.4098,38011,10,1.0
bitmap_prefilter,main_cat='Home Audio & Theater' AND overall>=3.0,0.2,0.1962,10,45,0.1395,14.0718,14.2113,38011,10,1.0
bitmap_prefilter,main_cat='Home Audio & Theater' AND overall>=3.0,0.2,0.1962,10,46,0.1152,13.3372,13.4524,38011,10,1.0
bitmap_prefilter,main_cat='Home Audio & Theater' AND overall>=3.0,0.2,0.1962,10,47,0.0729,14.0501,14.123,38011,10,0.0
bitmap_prefilter,main_cat='Home Audio & Theater' AND overall>=3.0,0.2,0.1962,10,48,0.1039,14.6026,14.7065,38011,10,1.0
bitmap_prefilter,main_cat='Home Audio & Theater' AND overall>=3.0,0.2,0.1962,10,49,0.0745,13.4527,13.5272,38011,10,1.0
brute_force,main_cat='Home Audio & Theater' AND overall>=3.0,0.2,0.1962,50,0,0.1195,28.3993,28.5188,50,50,1.0
brute_force,main_cat='Home Audio & Theater' AND overall>=3.0,0.2,0.1962,50,1,0.1588,28.6687,28.8275,50,50,1.0
brute_force,main_cat='Home Audio & Theater' AND overall>=3.0,0.2,0.1962,50,2,0.3229,28.0997,28.4226,50,50,1.0
brute_force,main_cat='Home Audio & Theater' AND overall>=3.0,0.2,0.1962,50,3,0.1459,26.2834,26.4293,50,50,1.0
brute_force,main_cat='Home Audio & Theater' AND overall>=3.0,0.2,0.1962,50,4,0.2144,25.8182,26.0326,50,50,1.0
brute_force,main_cat='Home Audio & Theater' AND overall>=3.0,0.2,0.1962,50,5,0.5675,27.8227,28.3903,50,50,1.0
brute_force,main_cat='Home Audio & Theater' AND overall>=3.0,0.2,0.1962,50,6,0.1701,32.2783,32.4484,50,50,1.0
brute_force,main_cat='Home Audio & Theater' AND overall>=3.0,0.2,0.1962,50,7,0.5185,47.289,47.8075,50,50,1.0
brute_force,main_cat='Home Audio & Theater' AND overall>=3.0,0.2,0.1962,50,8,0.1263,47.2578,47.3841,50,50,0.96
brute_force,main_cat='Home Audio & Theater' AND overall>=3.0,0.2,0.1962,50,9,9.1889,60.8255,70.0144,50,50,1.0
brute_force,main_cat='Home Audio & Theater' AND overall>=3.0,0.2,0.1962,50,10,0.6556,132.8468,133.5024,50,50,1.0
brute_force,main_cat='Home Audio & Theater' AND overall>=3.0,0.2,0.1962,50,11,0.4703,26.486,26.9564,50,50,1.0
brute_force,main_cat='Home Audio & Theater' AND overall>=3.0,0.2,0.1962,50,12,0.3658,27.2441,27.61,50,50,1.0
brute_force,main_cat='Home Audio & Theater' AND overall>=3.0,0.2,0.1962,50,13,0.4935,26.4526,26.9461,50,50,1.0
brute_force,main_cat='Home Audio & Theater' AND overall>=3.0,0.2,0.1962,50,14,1.8342,26.4792,28.3134,50,50,1.0
brute_force,main_cat='Home Audio & Theater' AND overall>=3.0,0.2,0.1962,50,15,0.8603,27.4446,28.3049,50,50,1.0
brute_force,main_cat='Home Audio & Theater' AND overall>=3.0,0.2,0.1962,50,16,0.5154,26.6902,27.2056,50,50,1.0
brute_force,main_cat='Home Audio & Theater' AND overall>=3.0,0.2,0.1962,50,17,0.749,28.5273,29.2763,50,50,1.0
brute_force,main_cat='Home Audio & Theater' AND overall>=3.0,0.2,0.1962,50,18,0.9288,29.358,30.2869,50,50,1.0
brute_force,main_cat='Home Audio & Theater' AND overall>=3.0,0.2,0.1962,50,19,0.4222,27.3345,27.7568,50,50,1.0
brute_force,main_cat='Home Audio & Theater' AND overall>=3.0,0.2,0.1962,50,20,0.3651,26.574,26.9391,50,50,1.0
brute_force,main_cat='Home Audio & Theater' AND overall>=3.0,0.2,0.1962,50,21,0.5454,26.0756,26.621,50,50,1.0
brute_force,main_cat='Home Audio & Theater' AND overall>=3.0,0.2,0.1962,50,22,0.9769,28.7759,29.7528,50,50,1.0
brute_force,main_cat='Home Audio & Theater' AND overall>=3.0,0.2,0.1962,50,23,0.4777,26.8707,27.3484,50,50,1.0
brute_force,main_cat='Home Audio & Theater' AND overall>=3.0,0.2,0.1962,50,24,0.2218,25.63,25.8518,50,50,1.0
brute_force,main_cat='Home Audio & Theater' AND overall>=3.0,0.2,0.1962,50,25,0.1552,25.644,25.7992,50,50,1.0
brute_force,main_cat='Home Audio & Theater' AND overall>=3.0,0.2,0.1962,50,26,0.3814,25.4564,25.8378,50,50,1.0
brute_force,main_cat='Home Audio & Theater' AND overall>=3.0,0.2,0.1962,50,27,0.6423,25.927,26.5692,50,50,1.0
brute_force,main_cat='Home Audio & Theater' AND overall>=3.0,0.2,0.1962,50,28,0.3393,25.6413,25.9806,50,50,1.0
brute_force,main_cat='Home Audio & Theater' AND overall>=3.0,0.2,0.1962,50,29,0.2071,25.3424,25.5495,50,50,1.0
brute_force,main_cat='Home Audio & Theater' AND overall>=3.0,0.2,0.1962,50,30,0.2749,24.9773,25.2522,50,50,1.0
brute_force,main_cat='Home Audio & Theater' AND overall>=3.0,0.2,0.1962,50,31,0.1853,25.0764,25.2617,50,50,1.0
brute_force,main_cat='Home Audio & Theater' AND overall>=3.0,0.2,0.1962,50,32,0.4677,24.9599,25.4275,50,50,1.0
brute_force,main_cat='Home Audio & Theater' AND overall>=3.0,0.2,0.1962,50,33,0.4622,35.6297,36.0919,50,50,1.0
brute_force,main_cat='Home Audio & Theater' AND overall>=3.0,0.2,0.1962,50,34,0.1432,28.8237,28.9669,50,50,1.0
brute_force,main_cat='Home Audio & Theater' AND overall>=3.0,0.2,0.1962,50,35,0.3127,26.1657,26.4784,50,50,1.0
brute_force,main_cat='Home Audio & Theater' AND overall>=3.0,0.2,0.1962,50,36,0.5733,25.8663,26.4396,50,50,1.0
brute_force,main_cat='Home Audio & Theater' AND overall>=3.0,0.2,0.1962,50,37,0.1459,25.3792,25.5252,50,50,1.0
brute_force,main_cat='Home Audio & Theater' AND overall>=3.0,0.2,0.1962,50,38,0.3992,25.43,25.8292,50,50,1.0
brute_force,main_cat='Home Audio & Theater' AND overall>=3.0,0.2,0.1962,50,39,0.1833,25.1069,25.2901,50,50,1.0
brute_force,main_cat='Home Audio & Theater' AND overall>=3.0,0.2,0.1962,50,40,0.2546,26.58,26.8346,50,50,1.0
brute_force,main_cat='Home Audio & Theater' AND overall>=3.0,0.2,0.1962,50,41,0.6172,25.8637,26.4809,50,50,1.0
brute_force,main_cat='Home Audio & Theater' AND overall>=3.0,0.2,0.1962,50,42,0.1536,31.8865,32.0401,50,50,1.0
brute_force,main_cat='Home Audio & Theater' AND overall>=3.0,0.2,0.1962,50,43,0.2146,27.3233,27.538,50,50,1.0
brute_force,main_cat='Home Audio & Theater' AND overall>=3.0,0.2,0.1962,50,44,1.1015,26.8387,27.9402,50,50,1.0
brute_force,main_cat='Home Audio & Theater' AND overall>=3.0,0.2,0.1962,50,45,0.1756,26.4222,26.5977,50,50,1.0
brute_force,main_cat='Home Audio & Theater' AND overall>=3.0,0.2,0.1962,50,46,0.1075,26.0983,26.2057,50,50,1.0
brute_force,main_cat='Home Audio & Theater' AND overall>=3.0,0.2,0.1962,50,47,0.1965,25.307,25.5035,50,50,1.0
brute_force,main_cat='Home Audio & Theater' AND overall>=3.0,0.2,0.1962,50,48,0.2395,25.522,25.7615,50,50,1.0
brute_force,main_cat='Home Audio & Theater' AND overall>=3.0,0.2,0.1962,50,49,0.2343,25.3387,25.573,50,50,1.0
naive_prefilter,main_cat='Home Audio & Theater' AND overall>=3.0,0.2,0.1962,50,0,21.2295,14.1733,35.4029,38011,50,1.0
naive_prefilter,main_cat='Home Audio & Theater' AND overall>=3.0,0.2,0.1962,50,1,25.3919,12.9658,38.3578,38011,50,1.0
naive_prefilter,main_cat='Home Audio & Theater' AND overall>=3.0,0.2,0.1962,50,2,20.0078,13.7722,33.78,38011,50,1.0
naive_prefilter,main_cat='Home Audio & Theater' AND overall>=3.0,0.2,0.1962,50,3,23.0836,18.3537,41.4373,38011,50,1.0
naive_prefilter,main_cat='Home Audio & Theater' AND overall>=3.0,0.2,0.1962,50,4,30.0368,14.6352,44.672,38011,50,1.0
naive_prefilter,main_cat='Home Audio & Theater' AND overall>=3.0,0.2,0.1962,50,5,19.9769,15.0657,35.0426,38011,50,1.0
naive_prefilter,main_cat='Home Audio & Theater' AND overall>=3.0,0.2,0.1962,50,6,18.8731,12.8457,31.7187,38011,50,1.0
naive_prefilter,main_cat='Home Audio & Theater' AND overall>=3.0,0.2,0.1962,50,7,18.2077,14.0959,32.3036,38011,50,1.0
naive_prefilter,main_cat='Home Audio & Theater' AND overall>=3.0,0.2,0.1962,50,8,18.6503,12.8737,31.5241,38011,50,0.96
naive_prefilter,main_cat='Home Audio & Theater' AND overall>=3.0,0.2,0.1962,50,9,18.5885,12.9772,31.5657,38011,50,1.0
naive_prefilter,main_cat='Home Audio & Theater' AND overall>=3.0,0.2,0.1962,50,10,18.9097,12.8451,31.7548,38011,50,1.0
naive_prefilter,main_cat='Home Audio & Theater' AND overall>=3.0,0.2,0.1962,50,11,18.108,12.8818,30.9898,38011,50,1.0
naive_prefilter,main_cat='Home Audio & Theater' AND overall>=3.0,0.2,0.1962,50,12,17.6987,12.765,30.4638,38011,50,1.0
naive_prefilter,main_cat='Home Audio & Theater' AND overall>=3.0,0.2,0.1962,50,13,17.6093,12.4541,30.0634,38011,50,1.0
naive_prefilter,main_cat='Home Audio & Theater' AND overall>=3.0,0.2,0.1962,50,14,17.619,12.8369,30.4559,38011,50,1.0
naive_prefilter,main_cat='Home Audio & Theater' AND overall>=3.0,0.2,0.1962,50,15,18.0313,12.1222,30.1535,38011,50,1.0
naive_prefilter,main_cat='Home Audio & Theater' AND overall>=3.0,0.2,0.1962,50,16,18.0456,12.0816,30.1273,38011,50,1.0
naive_prefilter,main_cat='Home Audio & Theater' AND overall>=3.0,0.2,0.1962,50,17,18.0105,12.4074,30.4179,38011,50,1.0
naive_prefilter,main_cat='Home Audio & Theater' AND overall>=3.0,0.2,0.1962,50,18,17.7914,12.4221,30.2135,38011,50,1.0
naive_prefilter,main_cat='Home Audio & Theater' AND overall>=3.0,0.2,0.1962,50,19,17.9115,12.164,30.0755,38011,50,1.0
naive_prefilter,main_cat='Home Audio & Theater' AND overall>=3.0,0.2,0.1962,50,20,17.9452,12.15,30.0953,38011,50,1.0
naive_prefilter,main_cat='Home Audio & Theater' AND overall>=3.0,0.2,0.1962,50,21,17.9927,12.3942,30.387,38011,50,1.0
naive_prefilter,main_cat='Home Audio & Theater' AND overall>=3.0,0.2,0.1962,50,22,17.8643,12.0246,29.8889,38011,50,1.0
naive_prefilter,main_cat='Home Audio & Theater' AND overall>=3.0,0.2,0.1962,50,23,17.8245,12.1492,29.9737,38011,50,1.0
naive_prefilter,main_cat='Home Audio & Theater' AND overall>=3.0,0.2,0.1962,50,24,17.8095,12.7006,30.5101,38011,50,1.0
naive_prefilter,main_cat='Home Audio & Theater' AND overall>=3.0,0.2,0.1962,50,25,17.9232,12.84,30.7631,38011,50,1.0
naive_prefilter,main_cat='Home Audio & Theater' AND overall>=3.0,0.2,0.1962,50,26,17.872,13.0123,30.8843,38011,50,1.0
naive_prefilter,main_cat='Home Audio & Theater' AND overall>=3.0,0.2,0.1962,50,27,17.7037,12.1566,29.8603,38011,50,1.0
naive_prefilter,main_cat='Home Audio & Theater' AND overall>=3.0,0.2,0.1962,50,28,17.8256,12.0672,29.8927,38011,50,1.0
naive_prefilter,main_cat='Home Audio & Theater' AND overall>=3.0,0.2,0.1962,50,29,17.89,12.0883,29.9783,38011,50,1.0
naive_prefilter,main_cat='Home Audio & Theater' AND overall>=3.0,0.2,0.1962,50,30,17.8009,12.4771,30.278,38011,50,1.0
naive_prefilter,main_cat='Home Audio & Theater' AND overall>=3.0,0.2,0.1962,50,31,17.8324,13.454,31.2863,38011,50,1.0
naive_prefilter,main_cat='Home Audio & Theater' AND overall>=3.0,0.2,0.1962,50,32,18.0396,14.3739,32.4135,38011,50,1.0
naive_prefilter,main_cat='Home Audio & Theater' AND overall>=3.0,0.2,0.1962,50,33,18.2001,13.3968,31.5968,38011,50,1.0
naive_prefilter,main_cat='Home Audio & Theater' AND overall>=3.0,0.2,0.1962,50,34,17.9942,13.4157,31.4099,38011,50,1.0
naive_prefilter,main_cat='Home Audio & Theater' AND overall>=3.0,0.2,0.1962,50,35,18.0145,13.5219,31.5364,38011,50,1.0
naive_prefilter,main_cat='Home Audio & Theater' AND overall>=3.0,0.2,0.1962,50,36,18.0437,13.5519,31.5956,38011,50,1.0
naive_prefilter,main_cat='Home Audio & Theater' AND overall>=3.0,0.2,0.1962,50,37,18.3105,16.0806,34.3911,38011,50,1.0
naive_prefilter,main_cat='Home Audio & Theater' AND overall>=3.0,0.2,0.1962,50,38,18.3853,16.1152,34.5004,38011,50,1.0
naive_prefilter,main_cat='Home Audio & Theater' AND overall>=3.0,0.2,0.1962,50,39,19.0902,15.5899,34.6801,38011,50,1.0
naive_prefilter,main_cat='Home Audio & Theater' AND overall>=3.0,0.2,0.1962,50,40,19.229,15.5875,34.8165,38011,50,1.0
naive_prefilter,main_cat='Home Audio & Theater' AND overall>=3.0,0.2,0.1962,50,41,19.1457,15.1513,34.297,38011,50,1.0
naive_prefilter,main_cat='Home Audio & Theater' AND overall>=3.0,0.2,0.1962,50,42,19.1866,13.5762,32.7627,38011,50,1.0
naive_prefilter,main_cat='Home Audio & Theater' AND overall>=3.0,0.2,0.1962,50,43,19.1857,14.5145,33.7001,38011,50,1.0
naive_prefilter,main_cat='Home Audio & Theater' AND overall>=3.0,0.2,0.1962,50,44,19.132,15.5698,34.7018,38011,50,1.0
naive_prefilter,main_cat='Home Audio & Theater' AND overall>=3.0,0.2,0.1962,50,45,22.4154,18.8577,41.2731,38011,50,1.0
naive_prefilter,main_cat='Home Audio & Theater' AND overall>=3.0,0.2,0.1962,50,46,18.7242,16.7314,35.4555,38011,50,1.0
naive_prefilter,main_cat='Home Audio & Theater' AND overall>=3.0,0.2,0.1962,50,47,17.8414,13.342,31.1834,38011,50,0.96
naive_prefilter,main_cat='Home Audio & Theater' AND overall>=3.0,0.2,0.1962,50,48,19.0745,14.0726,33.1471,38011,50,1.0
naive_prefilter,main_cat='Home Audio & Theater' AND overall>=3.0,0.2,0.1962,50,49,18.7915,14.2127,33.0042,38011,50,1.0
post_filter,main_cat='Home Audio & Theater' AND overall>=3.0,0.2,0.1962,50,0,0.0398,0.7319,0.7717,50,50,1.0
post_filter,main_cat='Home Audio & Theater' AND overall>=3.0,0.2,0.1962,50,1,0.1229,1.5495,1.6725,50,50,1.0
post_filter,main_cat='Home Audio & Theater' AND overall>=3.0,0.2,0.1962,50,2,0.3119,1.3879,1.6998,50,50,0.9
post_filter,main_cat='Home Audio & Theater' AND overall>=3.0,0.2,0.1962,50,3,0.1345,1.0888,1.2234,50,50,0.86
post_filter,main_cat='Home Audio & Theater' AND overall>=3.0,0.2,0.1962,50,4,0.223,1.2353,1.4583,50,50,0.8
post_filter,main_cat='Home Audio & Theater' AND overall>=3.0,0.2,0.1962,50,5,0.4973,1.0127,1.51,50,50,0.8
post_filter,main_cat='Home Audio & Theater' AND overall>=3.0,0.2,0.1962,50,6,0.1257,1.2142,1.3399,50,50,1.0
post_filter,main_cat='Home Audio & Theater' AND overall>=3.0,0.2,0.1962,50,7,0.4418,1.0713,1.513,50,50,0.84
post_filter,main_cat='Home Audio & Theater' AND overall>=3.0,0.2,0.1962,50,8,0.1116,1.3984,1.51,50,50,0.96
post_filter,main_cat='Home Audio & Theater' AND overall>=3.0,0.2,0.1962,50,9,0.156,1.2418,1.3977,50,50,0.98
post_filter,main_cat='Home Audio & Theater' AND overall>=3.0,0.2,0.1962,50,10,0.2073,1.2291,1.4364,50,50,0.98
post_filter,main_cat='Home Audio & Theater' AND overall>=3.0,0.2,0.1962,50,11,0.1198,1.3639,1.4837,50,50,1.0
post_filter,main_cat='Home Audio & Theater' AND overall>=3.0,0.2,0.1962,50,12,0.0889,0.9349,1.0238,50,50,1.0
post_filter,main_cat='Home Audio & Theater' AND overall>=3.0,0.2,0.1962,50,13,0.0795,0.9421,1.0215,50,50,1.0
post_filter,main_cat='Home Audio & Theater' AND overall>=3.0,0.2,0.1962,50,14,0.5577,0.741,1.2988,50,50,0.78
post_filter,main_cat='Home Audio & Theater' AND overall>=3.0,0.2,0.1962,50,15,1.1746,0.7991,1.9737,47,47,0.32
post_filter,main_cat='Home Audio & Theater' AND overall>=3.0,0.2,0.1962,50,16,0.222,1.7066,1.9286,50,50,0.94
post_filter,main_cat='Home Audio & Theater' AND overall>=3.0,0.2,0.1962,50,17,0.2448,0.9586,1.2034,50,50,0.84
post_filter,main_cat='Home Audio & Theater' AND overall>=3.0,0.2,0.1962,50,18,0.6178,1.127,1.7449,50,50,0.86
post_filter,main_cat='Home Audio & Theater' AND overall>=3.0,0.2,0.1962,50,19,0.2704,1.2632,1.5336,50,50,0.86
post_filter,main_cat='Home Audio & Theater' AND overall>=3.0,0.2,0.1962,50,20,0.189,0.9447,1.1337,50,50,0.98
post_filter,main_cat='Home Audio & Theater' AND overall>=3.0,0.2,0.1962,50,21,0.4305,0.9402,1.3707,50,50,0.42
post_filter,main_cat='Home Audio & Theater' AND overall>=3.0,0.2,0.1962,50,22,0.6137,0.8856,1.4993,50,50,0.52
post_filter,main_cat='Home Audio & Theater' AND overall>=3.0,0.2,0.1962,50,23,0.1662,0.9587,1.1249,50,50,1.0
post_filter,main_cat='Home Audio & Theater' AND overall>=3.0,0.2,0.1962,50,24,0.2285,1.412,1.6406,50,50,0.98
post_filter,main_cat='Home Audio & Theater' AND overall>=3.0,0.2,0.1962,50,25,0.103,0.5059,0.609,50,50,0.82
post_filter,main_cat='Home Audio & Theater' AND overall>=3.0,0.2,0.1962,50,26,0.5156,1.8403,2.3559,50,50,0.9
post_filter,main_cat='Home Audio & Theater' AND overall>=3.0,0.2,0.1962,50,27,0.6892,1.4585,2.1477,50,50,0.92
post_filter,main_cat='Home Audio & Theater' AND overall>=3.0,0.2,0.1962,50,28,0.3547,1.8324,2.1871,50,50,0.92
post_filter,main_cat='Home Audio & Theater' AND overall>=3.0,0.2,0.1962,50,29,0.2184,2.1624,2.3808,50,50,0.96
post_filter,main_cat='Home Audio & Theater' AND overall>=3.0,0.2,0.1962,50,30,0.3056,1.1417,1.4473,50,50,0.0
post_filter,main_cat='Home Audio & Theater' AND overall>=3.0,0.2,0.1962,50,31,0.5518,1.8399,2.3917,50,50,0.96
post_filter,main_cat='Home Audio & Theater' AND overall>=3.0,0.2,0.1962,50,32,0.6259,1.702,2.3279,50,50,0.96
post_filter,main_cat='Home Audio & Theater' AND overall>=3.0,0.2,0.1962,50,33,0.8187,1.0322,1.8509,50,50,0.48
post_filter,main_cat='Home Audio & Theater' AND overall>=3.0,0.2,0.1962,50,34,0.1883,2.45,2.6382,50,50,1.0
post_filter,main_cat='Home Audio & Theater' AND overall>=3.0,0.2,0.1962,50,35,1.0387,2.1903,3.229,50,50,0.9
post_filter,main_cat='Home Audio & Theater' AND overall>=3.0,0.2,0.1962,50,36,1.6376,1.7596,3.3972,50,50,0.64
post_filter,main_cat='Home Audio & Theater' AND overall>=3.0,0.2,0.1962,50,37,0.4101,1.8325,2.2426,50,50,1.0
post_filter,main_cat='Home Audio & Theater' AND overall>=3.0,0.2,0.1962,50,38,1.1584,2.4716,3.63,50,50,0.88
post_filter,main_cat='Home Audio & Theater' AND overall>=3.0,0.2,0.1962,50,39,0.4217,1.4925,1.9141,50,50,0.98
post_filter,main_cat='Home Audio & Theater' AND overall>=3.0,0.2,0.1962,50,40,0.2067,2.0683,2.2751,50,50,0.94
post_filter,main_cat='Home Audio & Theater' AND overall>=3.0,0.2,0.1962,50,41,0.9071,0.763,1.6701,50,50,0.7
post_filter,main_cat='Home Audio & Theater' AND overall>=3.0,0.2,0.1962,50,42,0.1276,1.375,1.5026,50,50,0.98
post_filter,main_cat='Home Audio & Theater' AND overall>=3.0,0.2,0.1962,50,43,0.1848,0.592,0.7768,50,50,0.94
post_filter,main_cat='Home Audio & Theater' AND overall>=3.0,0.2,0.1962,50,44,0.886,0.8116,1.6976,50,50,0.7
post_filter,main_cat='Home Audio & Theater' AND overall>=3.0,0.2,0.1962,50,45,0.1255,1.2126,1.338,50,50,0.92
post_filter,main_cat='Home Audio & Theater' AND overall>=3.0,0.2,0.1962,50,46,0.133,1.0419,1.1748,50,50,1.0
post_filter,main_cat='Home Audio & Theater' AND overall>=3.0,0.2,0.1962,50,47,0.3154,0.4617,0.7771,50,50,0.9
post_filter,main_cat='Home Audio & Theater' AND overall>=3.0,0.2,0.1962,50,48,0.2811,1.4376,1.7187,50,50,0.92
post_filter,main_cat='Home Audio & Theater' AND overall>=3.0,0.2,0.1962,50,49,0.3613,0.9804,1.3417,50,50,0.76
bitmap_prefilter,main_cat='Home Audio & Theater' AND overall>=3.0,0.2,0.1962,50,0,0.0757,13.4163,13.492,38011,50,1.0
bitmap_prefilter,main_cat='Home Audio & Theater' AND overall>=3.0,0.2,0.1962,50,1,0.0791,12.745,12.8241,38011,50,1.0
bitmap_prefilter,main_cat='Home Audio & Theater' AND overall>=3.0,0.2,0.1962,50,2,0.063,13.0479,13.1109,38011,50,1.0
bitmap_prefilter,main_cat='Home Audio & Theater' AND overall>=3.0,0.2,0.1962,50,3,0.0744,14.6849,14.7593,38011,50,1.0
bitmap_prefilter,main_cat='Home Audio & Theater' AND overall>=3.0,0.2,0.1962,50,4,0.0781,14.033,14.1111,38011,50,1.0
bitmap_prefilter,main_cat='Home Audio & Theater' AND overall>=3.0,0.2,0.1962,50,5,0.0783,13.1354,13.2137,38011,50,1.0
bitmap_prefilter,main_cat='Home Audio & Theater' AND overall>=3.0,0.2,0.1962,50,6,0.073,13.7498,13.8228,38011,50,1.0
bitmap_prefilter,main_cat='Home Audio & Theater' AND overall>=3.0,0.2,0.1962,50,7,0.0681,12.4831,12.5512,38011,50,1.0
bitmap_prefilter,main_cat='Home Audio & Theater' AND overall>=3.0,0.2,0.1962,50,8,0.059,15.681,15.74,38011,50,0.96
bitmap_prefilter,main_cat='Home Audio & Theater' AND overall>=3.0,0.2,0.1962,50,9,0.079,16.1885,16.2675,38011,50,1.0
bitmap_prefilter,main_cat='Home Audio & Theater' AND overall>=3.0,0.2,0.1962,50,10,0.0723,14.517,14.5893,38011,50,1.0
bitmap_prefilter,main_cat='Home Audio & Theater' AND overall>=3.0,0.2,0.1962,50,11,0.1023,20.0636,20.1658,38011,50,1.0
bitmap_prefilter,main_cat='Home Audio & Theater' AND overall>=3.0,0.2,0.1962,50,12,0.0868,18.9209,19.0077,38011,50,1.0
bitmap_prefilter,main_cat='Home Audio & Theater' AND overall>=3.0,0.2,0.1962,50,13,0.14,23.2069,23.3468,38011,50,1.0
bitmap_prefilter,main_cat='Home Audio & Theater' AND overall>=3.0,0.2,0.1962,50,14,0.0752,15.778,15.8532,38011,50,1.0
bitmap_prefilter,main_cat='Home Audio & Theater' AND overall>=3.0,0.2,0.1962,50,15,0.077,17.386,17.463,38011,50,1.0
bitmap_prefilter,main_cat='Home Audio & Theater' AND overall>=3.0,0.2,0.1962,50,16,0.0777,13.3349,13.4126,38011,50,1.0
bitmap_prefilter,main_cat='Home Audio & Theater' AND overall>=3.0,0.2,0.1962,50,17,0.0747,13.24,13.3147,38011,50,1.0
bitmap_prefilter,main_cat='Home Audio & Theater' AND overall>=3.0,0.2,0.1962,50,18,0.0675,12.5482,12.6157,38011,50,1.0
bitmap_prefilter,main_cat='Home Audio & Theater' AND overall>=3.0,0.2,0.1962,50,19,0.0665,12.5303,12.5968,38011,50,1.0
bitmap_prefilter,main_cat='Home Audio & Theater' AND overall>=3.0,0.2,0.1962,50,20,0.0578,11.9558,12.0136,38011,50,1.0
bitmap_prefilter,main_cat='Home Audio & Theater' AND overall>=3.0,0.2,0.1962,50,21,0.0527,11.8472,11.9,38011,50,1.0
bitmap_prefilter,main_cat='Home Audio & Theater' AND overall>=3.0,0.2,0.1962,50,22,0.0515,11.9235,11.975,38011,50,1.0
bitmap_prefilter,main_cat='Home Audio & Theater' AND overall>=3.0,0.2,0.1962,50,23,0.0721,11.9556,12.0278,38011,50,1.0
bitmap_prefilter,main_cat='Home Audio & Theater' AND overall>=3.0,0.2,0.1962,50,24,0.064,12.245,12.309,38011,50,1.0
bitmap_prefilter,main_cat='Home Audio & Theater' AND overall>=3.0,0.2,0.1962,50,25,0.0553,12.9291,12.9844,38011,50,1.0
bitmap_prefilter,main_cat='Home Audio & Theater' AND overall>=3.0,0.2,0.1962,50,26,0.0793,13.8351,13.9144,38011,50,1.0
bitmap_prefilter,main_cat='Home Audio & Theater' AND overall>=3.0,0.2,0.1962,50,27,0.0695,14.3969,14.4664,38011,50,1.0
bitmap_prefilter,main_cat='Home Audio & Theater' AND overall>=3.0,0.2,0.1962,50,28,0.071,12.6178,12.6888,38011,50,1.0
bitmap_prefilter,main_cat='Home Audio & Theater' AND overall>=3.0,0.2,0.1962,50,29,0.0715,12.2001,12.2716,38011,50,1.0
bitmap_prefilter,main_cat='Home Audio & Theater' AND overall>=3.0,0.2,0.1962,50,30,0.0731,12.2573,12.3304,38011,50,1.0
bitmap_prefilter,main_cat='Home Audio & Theater' AND overall>=3.0,0.2,0.1962,50,31,0.0749,11.8972,11.9721,38011,50,1.0
bitmap_prefilter,main_cat='Home Audio & Theater' AND overall>=3.0,0.2,0.1962,50,32,0.0573,11.7028,11.76,38011,50,1.0
bitmap_prefilter,main_cat='Home Audio & Theater' AND overall>=3.0,0.2,0.1962,50,33,0.0688,14.2809,14.3497,38011,50,1.0
bitmap_prefilter,main_cat='Home Audio & Theater' AND overall>=3.0,0.2,0.1962,50,34,0.1211,13.4588,13.5799,38011,50,1.0
bitmap_prefilter,main_cat='Home Audio & Theater' AND overall>=3.0,0.2,0.1962,50,35,0.0742,17.9434,18.0176,38011,50,1.0
bitmap_prefilter,main_cat='Home Audio & Theater' AND overall>=3.0,0.2,0.1962,50,36,0.0798,16.0686,16.1484,38011,50,1.0
bitmap_prefilter,main_cat='Home Audio & Theater' AND overall>=3.0,0.2,0.1962,50,37,0.0811,15.7805,15.8616,38011,50,1.0
bitmap_prefilter,main_cat='Home Audio & Theater' AND overall>=3.0,0.2,0.1962,50,38,0.0833,16.1578,16.2411,38011,50,1.0
bitmap_prefilter,main_cat='Home Audio & Theater' AND overall>=3.0,0.2,0.1962,50,39,0.0788,12.8603,12.9392,38011,50,1.0
bitmap_prefilter,main_cat='Home Audio & Theater' AND overall>=3.0,0.2,0.1962,50,40,0.067,11.9202,11.9873,38011,50,1.0
bitmap_prefilter,main_cat='Home Audio & Theater' AND overall>=3.0,0.2,0.1962,50,41,0.0617,13.6182,13.6799,38011,50,1.0
bitmap_prefilter,main_cat='Home Audio & Theater' AND overall>=3.0,0.2,0.1962,50,42,0.0905,16.465,16.5555,38011,50,1.0
bitmap_prefilter,main_cat='Home Audio & Theater' AND overall>=3.0,0.2,0.1962,50,43,0.0746,13.0908,13.1654,38011,50,1.0
bitmap_prefilter,main_cat='Home Audio & Theater' AND overall>=3.0,0.2,0.1962,50,44,0.1026,14.2196,14.3222,38011,50,1.0
bitmap_prefilter,main_cat='Home Audio & Theater' AND overall>=3.0,0.2,0.1962,50,45,0.0698,15.7036,15.7734,38011,50,1.0
bitmap_prefilter,main_cat='Home Audio & Theater' AND overall>=3.0,0.2,0.1962,50,46,0.0825,13.591,13.6735,38011,50,1.0
bitmap_prefilter,main_cat='Home Audio & Theater' AND overall>=3.0,0.2,0.1962,50,47,0.0793,13.2935,13.3728,38011,50,0.96
bitmap_prefilter,main_cat='Home Audio & Theater' AND overall>=3.0,0.2,0.1962,50,48,0.077,14.151,14.228,38011,50,1.0
bitmap_prefilter,main_cat='Home Audio & Theater' AND overall>=3.0,0.2,0.1962,50,49,0.0808,13.6984,13.7792,38011,50,1.0
brute_force,verified=false,0.3,0.2486,10,0,0.0485,28.268,28.3165,10,10,1.0
brute_force,verified=false,0.3,0.2486,10,1,0.0397,28.5322,28.5719,10,10,1.0
brute_force,verified=false,0.3,0.2486,10,2,0.051,29.6391,29.6901,10,10,1.0
brute_force,verified=false,0.3,0.2486,10,3,0.0474,27.8326,27.88,10,10,1.0
brute_force,verified=false,0.3,0.2486,10,4,0.0432,26.7212,26.7643,10,10,1.0
brute_force,verified=false,0.3,0.2486,10,5,0.0294,27.3074,27.3368,10,10,1.0
brute_force,verified=false,0.3,0.2486,10,6,0.026,25.1202,25.1462,10,10,1.0
brute_force,verified=false,0.3,0.2486,10,7,0.0497,25.4369,25.4866,10,10,1.0
brute_force,verified=false,0.3,0.2486,10,8,0.0345,25.1157,25.1501,10,10,1.0
brute_force,verified=false,0.3,0.2486,10,9,0.031,25.3423,25.3733,10,10,1.0
brute_force,verified=false,0.3,0.2486,10,10,0.0375,25.0051,25.0426,10,10,1.0
brute_force,verified=false,0.3,0.2486,10,11,0.0372,26.1502,26.1874,10,10,1.0
brute_force,verified=false,0.3,0.2486,10,12,0.0394,25.3058,25.3452,10,10,1.0
brute_force,verified=false,0.3,0.2486,10,13,0.0565,25.4194,25.476,10,10,1.0
brute_force,verified=false,0.3,0.2486,10,14,0.038,24.879,24.917,10,10,1.0
brute_force,verified=false,0.3,0.2486,10,15,0.0271,24.7657,24.7928,10,10,1.0
brute_force,verified=false,0.3,0.2486,10,16,0.045,24.816,24.861,10,10,1.0
brute_force,verified=false,0.3,0.2486,10,17,0.0704,24.7755,24.8459,10,10,1.0
brute_force,verified=false,0.3,0.2486,10,18,0.0185,24.6861,24.7046,10,10,1.0
brute_force,verified=false,0.3,0.2486,10,19,0.0255,24.8061,24.8316,10,10,1.0
brute_force,verified=false,0.3,0.2486,10,20,0.0484,24.8095,24.858,10,10,1.0
brute_force,verified=false,0.3,0.2486,10,21,0.0341,24.7985,24.8326,10,10,1.0
brute_force,verified=false,0.3,0.2486,10,22,0.0257,25.0348,25.0604,10,10,1.0
brute_force,verified=false,0.3,0.2486,10,23,0.0675,24.9104,24.9779,10,10,1.0
brute_force,verified=false,0.3,0.2486,10,24,0.0183,24.5602,24.5785,10,10,1.0
brute_force,verified=false,0.3,0.2486,10,25,0.1351,24.7033,24.8384,10,10,1.0
brute_force,verified=false,0.3,0.2486,10,26,0.0254,24.5549,24.5803,10,10,1.0
brute_force,verified=false,0.3,0.2486,10,27,0.0163,24.759,24.7753,10,10,1.0
brute_force,verified=false,0.3,0.2486,10,28,0.0478,24.6493,24.6971,10,10,1.0
brute_force,verified=false,0.3,0.2486,10,29,0.0782,24.7595,24.8378,10,10,1.0
brute_force,verified=false,0.3,0.2486,10,30,0.1241,24.8273,24.9514,10,10,1.0
brute_force,verified=false,0.3,0.2486,10,31,0.0339,25.0312,25.0651,10,10,1.0
brute_force,verified=false,0.3,0.2486,10,32,0.0444,25.4879,25.5322,10,10,1.0
brute_force,verified=false,0.3,0.2486,10,33,0.0312,25.1859,25.2172,10,10,1.0
brute_force,verified=false,0.3,0.2486,10,34,0.0312,24.911,24.9422,10,10,1.0
brute_force,verified=false,0.3,0.2486,10,35,0.0205,24.9996,25.0201,10,10,1.0
brute_force,verified=false,0.3,0.2486,10,36,0.0445,25.1425,25.187,10,10,1.0
brute_force,verified=false,0.3,0.2486,10,37,0.063,25.0365,25.0995,10,10,1.0
brute_force,verified=false,0.3,0.2486,10,38,0.0236,24.8731,24.8967,10,10,1.0
brute_force,verified=false,0.3,0.2486,10,39,0.0872,24.8892,24.9764,10,10,1.0
brute_force,verified=false,0.3,0.2486,10,40,0.0369,24.9132,24.9501,10,10,1.0
brute_force,verified=false,0.3,0.2486,10,41,0.035,24.8951,24.9301,10,10,1.0
brute_force,verified=false,0.3,0.2486,10,42,0.0187,24.9075,24.9262,10,10,1.0
brute_force,verified=false,0.3,0.2486,10,43,0.1172,24.9438,25.061,10,10,1.0
brute_force,verified=false,0.3,0.2486,10,44,0.0493,25.1231,25.1723,10,10,1.0
brute_force,verified=false,0.3,0.2486,10,45,0.0312,24.9102,24.9414,10,10,1.0
brute_force,verified=false,0.3,0.2486,10,46,0.0281,24.9363,24.9644,10,10,1.0
brute_force,verified=false,0.3,0.2486,10,47,0.141,25.0798,25.2207,10,10,1.0
brute_force,verified=false,0.3,0.2486,10,48,0.0395,25.0334,25.0729,10,10,1.0
brute_force,verified=false,0.3,0.2486,10,49,0.1363,25.2624,25.3987,10,10,1.0
naive_prefilter,verified=false,0.3,0.2486,10,0,18.6986,17.4454,36.144,48178,10,1.0
naive_prefilter,verified=false,0.3,0.2486,10,1,19.0185,17.5182,36.5366,48178,10,1.0
naive_prefilter,verified=false,0.3,0.2486,10,2,18.7701,17.1204,35.8905,48178,10,1.0
naive_prefilter,verified=false,0.3,0.2486,10,3,18.9722,17.1704,36.1425,48178,10,1.0
naive_prefilter,verified=false,0.3,0.2486,10,4,18.97,17.2337,36.2038,48178,10,1.0
naive_prefilter,verified=false,0.3,0.2486,10,5,19.1398,17.3889,36.5286,48178,10,1.0
naive_prefilter,verified=false,0.3,0.2486,10,6,19.111,17.3159,36.4268,48178,10,1.0
naive_prefilter,verified=false,0.3,0.2486,10,7,19.0385,17.2254,36.2639,48178,10,1.0
naive_prefilter,verified=false,0.3,0.2486,10,8,18.8049,17.2016,36.0065,48178,10,1.0
naive_prefilter,verified=false,0.3,0.2486,10,9,19.0012,17.3451,36.3463,48178,10,1.0
naive_prefilter,verified=false,0.3,0.2486,10,10,18.6062,17.0944,35.7007,48178,10,1.0
naive_prefilter,verified=false,0.3,0.2486,10,11,19.4515,17.1842,36.6357,48178,10,1.0
naive_prefilter,verified=false,0.3,0.2486,10,12,18.9125,17.692,36.6045,48178,10,1.0
naive_prefilter,verified=false,0.3,0.2486,10,13,18.9679,17.6044,36.5723,48178,10,1.0
naive_prefilter,verified=false,0.3,0.2486,10,14,19.0111,17.335,36.3462,48178,10,1.0
naive_prefilter,verified=false,0.3,0.2486,10,15,18.7002,17.1668,35.867,48178,10,1.0
naive_prefilter,verified=false,0.3,0.2486,10,16,18.8314,17.2543,36.0856,48178,10,1.0
naive_prefilter,verified=false,0.3,0.2486,10,17,18.8667,17.1326,35.9993,48178,10,1.0
naive_prefilter,verified=false,0.3,0.2486,10,18,18.9615,17.1118,36.0733,48178,10,1.0
naive_prefilter,verified=false,0.3,0.2486,10,19,18.9083,17.1114,36.0197,48178,10,1.0
naive_prefilter,verified=false,0.3,0.2486,10,20,18.8133,17.1169,35.9302,48178,10,1.0
naive_prefilter,verified=false,0.3,0.2486,10,21,18.679,17.1661,35.8451,48178,10,1.0
naive_prefilter,verified=false,0.3,0.2486,10,22,18.8686,17.2436,36.1122,48178,10,1.0
naive_prefilter,verified=false,0.3,0.2486,10,23,18.7318,17.3644,36.0962,48178,10,1.0
naive_prefilter,verified=false,0.3,0.2486,10,24,18.6839,17.0312,35.7152,48178,10,1.0
naive_prefilter,verified=false,0.3,0.2486,10,25,18.9164,17.1428,36.0592,48178,10,1.0
naive_prefilter,verified=false,0.3,0.2486,10,26,18.8329,17.0656,35.8985,48178,10,1.0
naive_prefilter,verified=false,0.3,0.2486,10,27,18.8409,17.1446,35.9855,48178,10,1.0
naive_prefilter,verified=false,0.3,0.2486,10,28,18.8441,17.1529,35.997,48178,10,1.0
naive_prefilter,verified=false,0.3,0.2486,10,29,18.8281,17.1101,35.9382,48178,10,1.0
naive_prefilter,verified=false,0.3,0.2486,10,30,18.598,17.1904,35.7884,48178,10,0.9
naive_prefilter,verified=false,0.3,0.2486,10,31,18.686,17.4153,36.1013,48178,10,1.0
naive_prefilter,verified=false,0.3,0.2486,10,32,18.5383,18.1432,36.6815,48178,10,1.0
naive_prefilter,verified=false,0.3,0.2486,10,33,18.9621,17.6787,36.6408,48178,10,1.0
naive_prefilter,verified=false,0.3,0.2486,10,34,18.8496,17.7312,36.5809,48178,10,1.0
naive_prefilter,verified=false,0.3,0.2486,10,35,18.8296,17.0877,35.9172,48178,10,1.0
naive_prefilter,verified=false,0.3,0.2486,10,36,18.7212,17.1057,35.8269,48178,10,1.0
naive_prefilter,verified=false,0.3,0.2486,10,37,18.781,17.0811,35.8621,48178,10,1.0
naive_prefilter,verified=false,0.3,0.2486,10,38,18.8114,17.3908,36.2023,48178,10,1.0
naive_prefilter,verified=false,0.3,0.2486,10,39,18.6566,17.248,35.9046,48178,10,1.0
naive_prefilter,verified=false,0.3,0.2486,10,40,18.9709,17.3423,36.3131,48178,10,1.0
naive_prefilter,verified=false,0.3,0.2486,10,41,18.9142,17.1932,36.1074,48178,10,1.0
naive_prefilter,verified=false,0.3,0.2486,10,42,18.5197,17.1008,35.6206,48178,10,1.0
naive_prefilter,verified=false,0.3,0.2486,10,43,18.9416,17.1079,36.0495,48178,10,1.0
naive_prefilter,verified=false,0.3,0.2486,10,44,18.7757,17.1236,35.8993,48178,10,1.0
naive_prefilter,verified=false,0.3,0.2486,10,45,18.5871,17.205,35.7921,48178,10,1.0
naive_prefilter,verified=false,0.3,0.2486,10,46,18.9785,17.265,36.2434,48178,10,1.0
naive_prefilter,verified=false,0.3,0.2486,10,47,18.9076,17.0699,35.9775,48178,10,1.0
naive_prefilter,verified=false,0.3,0.2486,10,48,18.7108,17.144,35.8548,48178,10,1.0
naive_prefilter,verified=false,0.3,0.2486,10,49,18.6583,17.0838,35.7421,48178,10,1.0
post_filter,verified=false,0.3,0.2486,10,0,0.0117,0.3883,0.4,10,10,1.0
post_filter,verified=false,0.3,0.2486,10,1,0.0186,0.8295,0.8481,10,10,1.0
post_filter,verified=false,0.3,0.2486,10,2,0.0225,0.6705,0.693,10,10,1.0
post_filter,verified=false,0.3,0.2486,10,3,0.0296,0.6857,0.7153,10,10,1.0
post_filter,verified=false,0.3,0.2486,10,4,0.0219,0.778,0.8,10,10,1.0
post_filter,verified=false,0.3,0.2486,10,5,0.0212,0.6746,0.6958,10,10,1.0
post_filter,verified=false,0.3,0.2486,10,6,0.0162,0.8426,0.8588,10,10,1.0
post_filter,verified=false,0.3,0.2486,10,7,0.0309,0.6073,0.6382,10,10,1.0
post_filter,verified=false,0.3,0.2486,10,8,0.021,0.8732,0.8942,10,10,1.0
post_filter,verified=false,0.3,0.2486,10,9,0.0157,0.8738,0.8896,10,10,1.0
post_filter,verified=false,0.3,0.2486,10,10,0.0166,0.8067,0.8233,10,10,1.0
post_filter,verified=false,0.3,0.2486,10,11,0.0228,0.7859,0.8086,10,10,1.0
post_filter,verified=false,0.3,0.2486,10,12,0.0247,0.6397,0.6643,10,10,1.0
post_filter,verified=false,0.3,0.2486,10,13,0.043,0.6738,0.7167,10,10,1.0
post_filter,verified=false,0.3,0.2486,10,14,0.0225,0.5149,0.5375,10,10,1.0
post_filter,verified=false,0.3,0.2486,10,15,0.0202,0.4462,0.4664,10,10,1.0
post_filter,verified=false,0.3,0.2486,10,16,0.0377,0.8083,0.846,10,10,1.0
post_filter,verified=false,0.3,0.2486,10,17,0.0593,0.6205,0.6797,10,10,1.0
post_filter,verified=false,0.3,0.2486,10,18,0.013,0.7312,0.7443,10,10,1.0
post_filter,verified=false,0.3,0.2486,10,19,0.0201,0.7823,0.8024,10,10,1.0
post_filter,verified=false,0.3,0.2486,10,20,0.0378,0.5611,0.5989,10,10,1.0
post_filter,verified=false,0.3,0.2486,10,21,0.0167,0.589,0.6057,10,10,1.0
post_filter,verified=false,0.3,0.2486,10,22,0.0185,0.6447,0.6632,10,10,1.0
post_filter,verified=false,0.3,0.2486,10,23,0.056,0.6125,0.6685,10,10,1.0
post_filter,verified=false,0.3,0.2486,10,24,0.0125,0.8485,0.8609,10,10,1.0
post_filter,verified=false,0.3,0.2486,10,25,0.1238,0.2566,0.3805,10,10,0.6
post_filter,verified=false,0.3,0.2486,10,26,0.0179,0.7529,0.7708,10,10,1.0
post_filter,verified=false,0.3,0.2486,10,27,0.0111,0.7125,0.7236,10,10,1.0
post_filter,verified=false,0.3,0.2486,10,28,0.0268,0.7669,0.7937,10,10,0.9
post_filter,verified=false,0.3,0.2486,10,29,0.0607,0.497,0.5576,10,10,1.0
post_filter,verified=false,0.3,0.2486,10,30,0.0725,0.3886,0.4611,10,10,0.0
post_filter,verified=false,0.3,0.2486,10,31,0.0273,0.7592,0.7865,10,10,1.0
post_filter,verified=false,0.3,0.2486,10,32,0.0335,0.5952,0.6286,10,10,1.0
post_filter,verified=false,0.3,0.2486,10,33,0.0191,0.4463,0.4654,10,10,1.0
post_filter,verified=false,0.3,0.2486,10,34,0.0242,0.739,0.7632,10,10,1.0
post_filter,verified=false,0.3,0.2486,10,35,0.0136,0.7722,0.7857,10,10,1.0
post_filter,verified=false,0.3,0.2486,10,36,0.0258,0.6401,0.6659,10,10,1.0
post_filter,verified=false,0.3,0.2486,10,37,0.0545,0.5802,0.6348,10,10,1.0
post_filter,verified=false,0.3,0.2486,10,38,0.0173,0.9167,0.934,10,10,1.0
post_filter,verified=false,0.3,0.2486,10,39,0.0758,0.4525,0.5283,10,10,1.0
post_filter,verified=false,0.3,0.2486,10,40,0.0306,0.9042,0.9348,10,10,1.0
post_filter,verified=false,0.3,0.2486,10,41,0.0289,0.5148,0.5437,10,10,1.0
post_filter,verified=false,0.3,0.2486,10,42,0.0121,0.751,0.7631,10,10,1.0
post_filter,verified=false,0.3,0.2486,10,43,0.1032,0.4035,0.5067,10,10,0.9
post_filter,verified=false,0.3,0.2486,10,44,0.0413,0.5658,0.6071,10,10,1.0
post_filter,verified=false,0.3,0.2486,10,45,0.0249,0.8329,0.8578,10,10,1.0
post_filter,verified=false,0.3,0.2486,10,46,0.0218,0.6861,0.7079,10,10,1.0
post_filter,verified=false,0.3,0.2486,10,47,0.1292,0.2319,0.3611,10,10,1.0
post_filter,verified=false,0.3,0.2486,10,48,0.0298,0.8166,0.8464,10,10,1.0
post_filter,verified=false,0.3,0.2486,10,49,0.1037,0.4048,0.5085,10,10,0.9
bitmap_prefilter,verified=false,0.3,0.2486,10,0,0.0008,0.0,0.0008,0,0,0.0
bitmap_prefilter,verified=false,0.3,0.2486,10,1,0.0008,0.0,0.0008,0,0,0.0
bitmap_prefilter,verified=false,0.3,0.2486,10,2,0.0008,0.0,0.0008,0,0,0.0
bitmap_prefilter,verified=false,0.3,0.2486,10,3,0.0009,0.0,0.0009,0,0,0.0
bitmap_prefilter,verified=false,0.3,0.2486,10,4,0.0008,0.0,0.0008,0,0,0.0
bitmap_prefilter,verified=false,0.3,0.2486,10,5,0.0009,0.0,0.0009,0,0,0.0
bitmap_prefilter,verified=false,0.3,0.2486,10,6,0.0008,0.0,0.0008,0,0,0.0
bitmap_prefilter,verified=false,0.3,0.2486,10,7,0.0008,0.0,0.0008,0,0,0.0
bitmap_prefilter,verified=false,0.3,0.2486,10,8,0.001,0.0,0.001,0,0,0.0
bitmap_prefilter,verified=false,0.3,0.2486,10,9,0.0009,0.0,0.0009,0,0,0.0
bitmap_prefilter,verified=false,0.3,0.2486,10,10,0.0008,0.0,0.0008,0,0,0.0
bitmap_prefilter,verified=false,0.3,0.2486,10,11,0.0009,0.0,0.0009,0,0,0.0
bitmap_prefilter,verified=false,0.3,0.2486,10,12,0.0008,0.0,0.0008,0,0,0.0
bitmap_prefilter,verified=false,0.3,0.2486,10,13,0.0008,0.0,0.0008,0,0,0.0
bitmap_prefilter,verified=false,0.3,0.2486,10,14,0.0008,0.0,0.0008,0,0,0.0
bitmap_prefilter,verified=false,0.3,0.2486,10,15,0.0008,0.0,0.0008,0,0,0.0
bitmap_prefilter,verified=false,0.3,0.2486,10,16,0.0008,0.0,0.0008,0,0,0.0
bitmap_prefilter,verified=false,0.3,0.2486,10,17,0.0008,0.0,0.0008,0,0,0.0
bitmap_prefilter,verified=false,0.3,0.2486,10,18,0.0008,0.0,0.0008,0,0,0.0
bitmap_prefilter,verified=false,0.3,0.2486,10,19,0.0008,0.0,0.0008,0,0,0.0
bitmap_prefilter,verified=false,0.3,0.2486,10,20,0.0008,0.0,0.0008,0,0,0.0
bitmap_prefilter,verified=false,0.3,0.2486,10,21,0.0008,0.0,0.0008,0,0,0.0
bitmap_prefilter,verified=false,0.3,0.2486,10,22,0.0008,0.0,0.0008,0,0,0.0
bitmap_prefilter,verified=false,0.3,0.2486,10,23,0.0007,0.0,0.0007,0,0,0.0
bitmap_prefilter,verified=false,0.3,0.2486,10,24,0.0007,0.0,0.0007,0,0,0.0
bitmap_prefilter,verified=false,0.3,0.2486,10,25,0.0007,0.0,0.0007,0,0,0.0
bitmap_prefilter,verified=false,0.3,0.2486,10,26,0.0007,0.0,0.0007,0,0,0.0
bitmap_prefilter,verified=false,0.3,0.2486,10,27,0.0007,0.0,0.0007,0,0,0.0
bitmap_prefilter,verified=false,0.3,0.2486,10,28,0.0007,0.0,0.0007,0,0,0.0
bitmap_prefilter,verified=false,0.3,0.2486,10,29,0.0007,0.0,0.0007,0,0,0.0
bitmap_prefilter,verified=false,0.3,0.2486,10,30,0.0007,0.0,0.0007,0,0,0.0
bitmap_prefilter,verified=false,0.3,0.2486,10,31,0.0007,0.0,0.0007,0,0,0.0
bitmap_prefilter,verified=false,0.3,0.2486,10,32,0.0008,0.0,0.0008,0,0,0.0
bitmap_prefilter,verified=false,0.3,0.2486,10,33,0.0007,0.0,0.0007,0,0,0.0
bitmap_prefilter,verified=false,0.3,0.2486,10,34,0.0007,0.0,0.0007,0,0,0.0
bitmap_prefilter,verified=false,0.3,0.2486,10,35,0.0007,0.0,0.0007,0,0,0.0
bitmap_prefilter,verified=false,0.3,0.2486,10,36,0.0007,0.0,0.0007,0,0,0.0
bitmap_prefilter,verified=false,0.3,0.2486,10,37,0.0007,0.0,0.0007,0,0,0.0
bitmap_prefilter,verified=false,0.3,0.2486,10,38,0.0008,0.0,0.0008,0,0,0.0
bitmap_prefilter,verified=false,0.3,0.2486,10,39,0.0007,0.0,0.0007,0,0,0.0
bitmap_prefilter,verified=false,0.3,0.2486,10,40,0.0007,0.0,0.0007,0,0,0.0
bitmap_prefilter,verified=false,0.3,0.2486,10,41,0.0007,0.0,0.0007,0,0,0.0
bitmap_prefilter,verified=false,0.3,0.2486,10,42,0.0007,0.0,0.0007,0,0,0.0
bitmap_prefilter,verified=false,0.3,0.2486,10,43,0.0007,0.0,0.0007,0,0,0.0
bitmap_prefilter,verified=false,0.3,0.2486,10,44,0.0007,0.0,0.0007,0,0,0.0
bitmap_prefilter,verified=false,0.3,0.2486,10,45,0.0007,0.0,0.0007,0,0,0.0
bitmap_prefilter,verified=false,0.3,0.2486,10,46,0.0007,0.0,0.0007,0,0,0.0
bitmap_prefilter,verified=false,0.3,0.2486,10,47,0.0008,0.0,0.0008,0,0,0.0
bitmap_prefilter,verified=false,0.3,0.2486,10,48,0.0007,0.0,0.0007,0,0,0.0
bitmap_prefilter,verified=false,0.3,0.2486,10,49,0.0007,0.0,0.0007,0,0,0.0
brute_force,verified=false,0.3,0.2486,50,0,0.1023,24.4249,24.5271,50,50,1.0
brute_force,verified=false,0.3,0.2486,50,1,0.099,24.6777,24.7767,50,50,1.0
brute_force,verified=false,0.3,0.2486,50,2,0.1375,24.7015,24.8391,50,50,1.0
brute_force,verified=false,0.3,0.2486,50,3,0.1771,25.036,25.2131,50,50,1.0
brute_force,verified=false,0.3,0.2486,50,4,0.1055,24.8097,24.9152,50,50,1.0
brute_force,verified=false,0.3,0.2486,50,5,0.0616,24.8116,24.8733,50,50,1.0
brute_force,verified=false,0.3,0.2486,50,6,0.0955,24.7099,24.8054,50,50,1.0
brute_force,verified=false,0.3,0.2486,50,7,0.13,24.8231,24.9531,50,50,1.0
brute_force,verified=false,0.3,0.2486,50,8,0.0976,24.8149,24.9125,50,50,1.0
brute_force,verified=false,0.3,0.2486,50,9,0.0999,24.938,25.0379,50,50,1.0
brute_force,verified=false,0.3,0.2486,50,10,0.0909,24.7413,24.8322,50,50,1.0
brute_force,verified=false,0.3,0.2486,50,11,0.0923,24.8627,24.955,50,50,1.0
brute_force,verified=false,0.3,0.2486,50,12,0.1623,24.8695,25.0318,50,50,1.0
brute_force,verified=false,0.3,0.2486,50,13,0.1984,25.0165,25.2149,50,50,1.0
brute_force,verified=false,0.3,0.2486,50,14,0.1106,25.1128,25.2234,50,50,1.0
brute_force,verified=false,0.3,0.2486,50,15,0.1015,25.0078,25.1093,50,50,1.0
brute_force,verified=false,0.3,0.2486,50,16,0.2456,25.8192,26.0648,50,50,1.0
brute_force,verified=false,0.3,0.2486,50,17,0.2528,25.8132,26.066,50,50,1.0
brute_force,verified=false,0.3,0.2486,50,18,0.0776,24.9723,25.0499,50,50,1.0
brute_force,verified=false,0.3,0.2486,50,19,0.0899,25.0257,25.1155,50,50,1.0
brute_force,verified=false,0.3,0.2486,50,20,0.2131,26.2905,26.5036,50,50,1.0
brute_force,verified=false,0.3,0.2486,50,21,0.0844,25.0521,25.1365,50,50,1.0
brute_force,verified=false,0.3,0.2486,50,22,0.0893,24.4994,24.5888,50,50,1.0
brute_force,verified=false,0.3,0.2486,50,23,0.2948,24.6584,24.9532,50,50,1.0
brute_force,verified=false,0.3,0.2486,50,24,0.0697,24.4604,24.5301,50,50,1.0
brute_force,verified=false,0.3,0.2486,50,25,0.5248,24.6208,25.1456,50,50,1.0
brute_force,verified=false,0.3,0.2486,50,26,0.081,24.709,24.79,50,50,1.0
brute_force,verified=false,0.3,0.2486,50,27,0.074,25.377,25.451,50,50,1.0
brute_force,verified=false,0.3,0.2486,50,28,0.191,26.2958,26.4868,50,50,1.0
brute_force,verified=false,0.3,0.2486,50,29,0.4248,26.4513,26.8762,50,50,1.0
brute_force,verified=false,0.3,0.2486,50,30,0.4157,25.5402,25.9558,50,50,1.0
brute_force,verified=false,0.3,0.2486,50,31,0.1036,24.791,24.8946,50,50,1.0
brute_force,verified=false,0.3,0.2486,50,32,0.2063,24.941,25.1472,50,50,1.0
brute_force,verified=false,0.3,0.2486,50,33,0.1107,25.0345,25.1452,50,50,1.0
brute_force,verified=false,0.3,0.2486,50,34,0.1076,24.9343,25.0419,50,50,1.0
brute_force,verified=false,0.3,0.2486,50,35,0.081,24.8225,24.9036,50,50,1.0
brute_force,verified=false,0.3,0.2486,50,36,0.1162,24.778,24.8941,50,50,1.0
brute_force,verified=false,0.3,0.2486,50,37,0.1765,24.8653,25.0418,50,50,1.0
brute_force,verified=false,0.3,0.2486,50,38,0.088,24.824,24.912,50,50,1.0
brute_force,verified=false,0.3,0.2486,50,39,0.4998,25.1033,25.603,50,50,1.0
brute_force,verified=false,0.3,0.2486,50,40,0.1359,24.7801,24.916,50,50,1.0
brute_force,verified=false,0.3,0.2486,50,41,0.1314,24.8836,25.015,50,50,1.0
brute_force,verified=false,0.3,0.2486,50,42,0.0766,24.7361,24.8127,50,50,1.0
brute_force,verified=false,0.3,0.2486,50,43,0.4922,24.9167,25.4088,50,50,1.0
brute_force,verified=false,0.3,0.2486,50,44,0.1963,25.2201,25.4165,50,50,1.0
brute_force,verified=false,0.3,0.2486,50,45,0.1119,25.3479,25.4598,50,50,1.0
brute_force,verified=false,0.3,0.2486,50,46,0.1005,25.1139,25.2144,50,50,1.0
brute_force,verified=false,0.3,0.2486,50,47,0.4196,25.258,25.6776,50,50,0.96
brute_force,verified=false,0.3,0.2486,50,48,0.1586,24.8325,24.9911,50,50,1.0
brute_force,verified=false,0.3,0.2486,50,49,0.528,24.9375,25.4655,50,50,1.0
naive_prefilter,verified=false,0.3,0.2486,50,0,18.8888,17.4321,36.3209,48178,50,1.0
naive_prefilter,verified=false,0.3,0.2486,50,1,19.1608,17.4886,36.6494,48178,50,1.0
naive_prefilter,verified=false,0.3,0.2486,50,2,19.1452,17.4924,36.6376,48178,50,1.0
naive_prefilter,verified=false,0.3,0.2486,50,3,18.851,17.1705,36.0215,48178,50,1.0
naive_prefilter,verified=false,0.3,0.2486,50,4,18.8843,17.0341,35.9184,48178,50,1.0
naive_prefilter,verified=false,0.3,0.2486,50,5,19.0357,17.2744,36.3101,48178,50,1.0
naive_prefilter,verified=false,0.3,0.2486,50,6,18.8573,17.1464,36.0037,48178,50,1.0
naive_prefilter,verified=false,0.3,0.2486,50,7,18.8703,17.1182,35.9885,48178,50,1.0
naive_prefilter,verified=false,0.3,0.2486,50,8,18.9726,17.1328,36.1053,48178,50,1.0
naive_prefilter,verified=false,0.3,0.2486,50,9,18.6804,17.3501,36.0305,48178,50,1.0
naive_prefilter,verified=false,0.3,0.2486,50,10,18.6137,18.1308,36.7445,48178,50,1.0
naive_prefilter,verified=false,0.3,0.2486,50,11,19.5993,17.7296,37.3289,48178,50,1.0
naive_prefilter,verified=false,0.3,0.2486,50,12,18.8634,17.6971,36.5605,48178,50,1.0
naive_prefilter,verified=false,0.3,0.2486,50,13,18.875,17.6652,36.5401,48178,50,1.0
naive_prefilter,verified=false,0.3,0.2486,50,14,18.882,17.621,36.5029,48178,50,1.0
naive_prefilter,verified=false,0.3,0.2486,50,15,18.9088,17.6055,36.5143,48178,50,1.0
naive_prefilter,verified=false,0.3,0.2486,50,16,19.193,17.6179,36.8109,48178,50,1.0
naive_prefilter,verified=false,0.3,0.2486,50,17,18.937,17.6259,36.5629,48178,50,1.0
naive_prefilter,verified=false,0.3,0.2486,50,18,18.8692,17.698,36.5672,48178,50,1.0
naive_prefilter,verified=false,0.3,0.2486,50,19,19.1052,17.5247,36.6298,48178,50,1.0
naive_prefilter,verified=false,0.3,0.2486,50,20,18.9524,17.6,36.5524,48178,50,1.0
naive_prefilter,verified=false,0.3,0.2486,50,21,18.9629,17.5559,36.5188,48178,50,1.0
naive_prefilter,verified=false,0.3,0.2486,50,22,18.8201,17.7003,36.5204,48178,50,1.0
naive_prefilter,verified=false,0.3,0.2486,50,23,18.8189,17.5277,36.3466,48178,50,1.0
naive_prefilter,verified=false,0.3,0.2486,50,24,19.1182,17.6485,36.7667,48178,50,1.0
naive_prefilter,verified=false,0.3,0.2486,50,25,18.9414,17.4144,36.3558,48178,50,1.0
naive_prefilter,verified=false,0.3,0.2486,50,26,18.9819,17.4368,36.4187,48178,50,1.0
naive_prefilter,verified=false,0.3,0.2486,50,27,18.8116,17.3386,36.1502,48178,50,1.0
naive_prefilter,verified=false,0.3,0.2486,50,28,19.1806,17.0806,36.2612,48178,50,1.0
naive_prefilter,verified=false,0.3,0.2486,50,29,18.9937,17.0539,36.0476,48178,50,1.0
naive_prefilter,verified=false,0.3,0.2486,50,30,18.7015,17.1065,35.808,48178,50,1.0
naive_prefilter,verified=false,0.3,0.2486,50,31,18.7766,17.074,35.8505,48178,50,1.0
naive_prefilter,verified=false,0.3,0.2486,50,32,18.9446,17.0185,35.9631,48178,50,1.0
naive_prefilter,verified=false,0.3,0.2486,50,33,18.9383,17.2613,36.1996,48178,50,1.0
naive_prefilter,verified=false,0.3,0.2486,50,34,18.5883,16.9888,35.577,48178,50,1.0
naive_prefilter,verified=false,0.3,0.2486,50,35,18.7397,17.233,35.9727,48178,50,1.0
naive_prefilter,verified=false,0.3,0.2486,50,36,18.9992,17.4423,36.4415,48178,50,1.0
naive_prefilter,verified=false,0.3,0.2486,50,37,19.022,17.2753,36.2972,48178,50,1.0
naive_prefilter,verified=false,0.3,0.2486,50,38,18.9645,17.0873,36.0518,48178,50,1.0
naive_prefilter,verified=false,0.3,0.2486,50,39,18.7808,17.0806,35.8615,48178,50,1.0
naive_prefilter,verified=false,0.3,0.2486,50,40,18.8964,17.2147,36.1111,48178,50,1.0
naive_prefilter,verified=false,0.3,0.2486,50,41,18.9474,17.0715,36.0189,48178,50,1.0
naive_prefilter,verified=false,0.3,0.2486,50,42,18.9741,17.1698,36.1439,48178,50,1.0
naive_prefilter,verified=false,0.3,0.2486,50,43,18.8926,17.5026,36.3952,48178,50,1.0
naive_prefilter,verified=false,0.3,0.2486,50,44,18.9552,18.1434,37.0986,48178,50,1.0
naive_prefilter,verified=false,0.3,0.2486,50,45,19.8998,17.0593,36.9591,48178,50,1.0
naive_prefilter,verified=false,0.3,0.2486,50,46,18.9721,17.1019,36.074,48178,50,1.0
naive_prefilter,verified=false,0.3,0.2486,50,47,18.5885,17.1831,35.7717,48178,50,0.96
naive_prefilter,verified=false,0.3,0.2486,50,48,18.6168,17.0823,35.6991,48178,50,1.0
naive_prefilter,verified=false,0.3,0.2486,50,49,18.9849,17.418,36.4029,48178,50,1.0
post_filter,verified=false,0.3,0.2486,50,0,0.0409,0.5193,0.5602,50,50,1.0
post_filter,verified=false,0.3,0.2486,50,1,0.0901,1.0856,1.1757,50,50,1.0
post_filter,verified=false,0.3,0.2486,50,2,0.1152,0.8327,0.9479,50,50,0.98
post_filter,verified=false,0.3,0.2486,50,3,0.1615,0.9195,1.0809,50,50,0.92
post_filter,verified=false,0.3,0.2486,50,4,0.091,1.1191,1.2102,50,50,0.98
post_filter,verified=false,0.3,0.2486,50,5,0.0524,0.9204,0.9728,50,50,1.0
post_filter,verified=false,0.3,0.2486,50,6,0.0827,1.0561,1.1387,50,50,0.98
post_filter,verified=false,0.3,0.2486,50,7,0.1173,0.7506,0.868,50,50,1.0
post_filter,verified=false,0.3,0.2486,50,8,0.0848,1.1225,1.2073,50,50,1.0
post_filter,verified=false,0.3,0.2486,50,9,0.0826,1.1406,1.2232,50,50,0.98
post_filter,verified=false,0.3,0.2486,50,10,0.0782,1.0224,1.1006,50,50,0.98
post_filter,verified=false,0.3,0.2486,50,11,0.0819,0.9815,1.0635,50,50,0.96
post_filter,verified=false,0.3,0.2486,50,12,0.1465,0.8317,0.9782,50,50,1.0
post_filter,verified=false,0.3,0.2486,50,13,0.1735,0.853,1.0265,50,50,0.98
post_filter,verified=false,0.3,0.2486,50,14,0.1036,0.6345,0.7381,50,50,0.98
post_filter,verified=false,0.3,0.2486,50,15,0.0904,0.5585,0.6489,50,50,0.98
post_filter,verified=false,0.3,0.2486,50,16,0.2124,1.0256,1.238,50,50,0.9
post_filter,verified=false,0.3,0.2486,50,17,0.2386,0.7781,1.0167,50,50,0.72
post_filter,verified=false,0.3,0.2486,50,18,0.064,0.9315,0.9955,50,50,1.0
post_filter,verified=false,0.3,0.2486,50,19,0.0707,0.9871,1.0578,50,50,0.98
post_filter,verified=false,0.3,0.2486,50,20,0.1805,0.69,0.8705,50,50,0.96
post_filter,verified=false,0.3,0.2486,50,21,0.0709,0.7425,0.8135,50,50,0.98
post_filter,verified=false,0.3,0.2486,50,22,0.0716,0.7965,0.8681,50,50,0.92
post_filter,verified=false,0.3,0.2486,50,23,0.2716,0.7485,1.0202,50,50,0.86
post_filter,verified=false,0.3,0.2486,50,24,0.0577,1.101,1.1586,50,50,1.0
post_filter,verified=false,0.3,0.2486,50,25,0.5795,0.3341,0.9136,28,28,0.22
post_filter,verified=false,0.3,0.2486,50,26,0.0593,1.0042,1.0635,50,50,1.0
post_filter,verified=false,0.3,0.2486,50,27,0.0588,0.9285,0.9874,50,50,1.0
post_filter,verified=false,0.3,0.2486,50,28,0.1567,0.9742,1.131,50,50,0.94
post_filter,verified=false,0.3,0.2486,50,29,0.2852,0.6051,0.8903,50,50,0.74
post_filter,verified=false,0.3,0.2486,50,30,0.5265,0.47,0.9965,31,31,0.62
post_filter,verified=false,0.3,0.2486,50,31,0.0907,0.973,1.0638,50,50,0.96
post_filter,verified=false,0.3,0.2486,50,32,0.1888,0.7481,0.9369,50,50,0.96
post_filter,verified=false,0.3,0.2486,50,33,0.103,0.5689,0.672,50,50,1.0
post_filter,verified=false,0.3,0.2486,50,34,0.0963,0.9611,1.0574,50,50,1.0
post_filter,verified=false,0.3,0.2486,50,35,0.0694,0.9965,1.0659,50,50,1.0
post_filter,verified=false,0.3,0.2486,50,36,0.1015,0.8077,0.9092,50,50,1.0
post_filter,verified=false,0.3,0.2486,50,37,0.1592,0.7295,0.8887,50,50,0.98
post_filter,verified=false,0.3,0.2486,50,38,0.0728,1.2049,1.2777,50,50,1.0
post_filter,verified=false,0.3,0.2486,50,39,0.436,0.565,1.001,50,50,0.68
post_filter,verified=false,0.3,0.2486,50,40,0.1115,1.2071,1.3186,50,50,0.98
post_filter,verified=false,0.3,0.2486,50,41,0.1125,0.6308,0.7433,50,50,0.98
post_filter,verified=false,0.3,0.2486,50,42,0.0638,0.9732,1.037,50,50,1.0
post_filter,verified=false,0.3,0.2486,50,43,0.39,0.5,0.8899,50,50,0.44
post_filter,verified=false,0.3,0.2486,50,44,0.1714,0.7229,0.8943,50,50,0.92
post_filter,verified=false,0.3,0.2486,50,45,0.0907,1.0456,1.1363,50,50,0.94
post_filter,verified=false,0.3,0.2486,50,46,0.0867,0.8473,0.934,50,50,1.0
post_filter,verified=false,0.3,0.2486,50,47,0.4724,0.2943,0.7667,15,15,0.26
post_filter,verified=false,0.3,0.2486,50,48,0.1374,1.043,1.1804,50,50,0.92
post_filter,verified=false,0.3,0.2486,50,49,0.4492,0.4947,0.9439,50,50,0.46
bitmap_prefilter,verified=false,0.3,0.2486,50,0,0.001,0.0,0.001,0,0,0.0
bitmap_prefilter,verified=false,0.3,0.2486,50,1,0.0009,0.0,0.0009,0,0,0.0
bitmap_prefilter,verified=false,0.3,0.2486,50,2,0.0012,0.0,0.0012,0,0,0.0
bitmap_prefilter,verified=false,0.3,0.2486,50,3,0.0009,0.0,0.0009,0,0,0.0
bitmap_prefilter,verified=false,0.3,0.2486,50,4,0.0009,0.0,0.0009,0,0,0.0
bitmap_prefilter,verified=false,0.3,0.2486,50,5,0.0009,0.0,0.0009,0,0,0.0
bitmap_prefilter,verified=false,0.3,0.2486,50,6,0.0009,0.0,0.0009,0,0,0.0
bitmap_prefilter,verified=false,0.3,0.2486,50,7,0.0007,0.0,0.0007,0,0,0.0
bitmap_prefilter,verified=false,0.3,0.2486,50,8,0.0008,0.0,0.0008,0,0,0.0
bitmap_prefilter,verified=false,0.3,0.2486,50,9,0.0009,0.0,0.0009,0,0,0.0
bitmap_prefilter,verified=false,0.3,0.2486,50,10,0.0008,0.0,0.0008,0,0,0.0
bitmap_prefilter,verified=false,0.3,0.2486,50,11,0.0007,0.0,0.0007,0,0,0.0
bitmap_prefilter,verified=false,0.3,0.2486,50,12,0.0007,0.0,0.0007,0,0,0.0
bitmap_prefilter,verified=false,0.3,0.2486,50,13,0.0007,0.0,0.0007,0,0,0.0
bitmap_prefilter,verified=false,0.3,0.2486,50,14,0.0007,0.0,0.0007,0,0,0.0
bitmap_prefilter,verified=false,0.3,0.2486,50,15,0.0007,0.0,0.0007,0,0,0.0
bitmap_prefilter,verified=false,0.3,0.2486,50,16,0.0007,0.0,0.0007,0,0,0.0
bitmap_prefilter,verified=false,0.3,0.2486,50,17,0.0008,0.0,0.0008,0,0,0.0
bitmap_prefilter,verified=false,0.3,0.2486,50,18,0.0007,0.0,0.0007,0,0,0.0
bitmap_prefilter,verified=false,0.3,0.2486,50,19,0.0008,0.0,0.0008,0,0,0.0
bitmap_prefilter,verified=false,0.3,0.2486,50,20,0.0008,0.0,0.0008,0,0,0.0
bitmap_prefilter,verified=false,0.3,0.2486,50,21,0.0007,0.0,0.0007,0,0,0.0
bitmap_prefilter,verified=false,0.3,0.2486,50,22,0.0007,0.0,0.0007,0,0,0.0
bitmap_prefilter,verified=false,0.3,0.2486,50,23,0.0008,0.0,0.0008,0,0,0.0
bitmap_prefilter,verified=false,0.3,0.2486,50,24,0.0008,0.0,0.0008,0,0,0.0
bitmap_prefilter,verified=false,0.3,0.2486,50,25,0.0008,0.0,0.0008,0,0,0.0
bitmap_prefilter,verified=false,0.3,0.2486,50,26,0.0007,0.0,0.0007,0,0,0.0
bitmap_prefilter,verified=false,0.3,0.2486,50,27,0.0007,0.0,0.0007,0,0,0.0
bitmap_prefilter,verified=false,0.3,0.2486,50,28,0.0007,0.0,0.0007,0,0,0.0
bitmap_prefilter,verified=false,0.3,0.2486,50,29,0.0008,0.0,0.0008,0,0,0.0
bitmap_prefilter,verified=false,0.3,0.2486,50,30,0.0007,0.0,0.0007,0,0,0.0
bitmap_prefilter,verified=false,0.3,0.2486,50,31,0.0007,0.0,0.0007,0,0,0.0
bitmap_prefilter,verified=false,0.3,0.2486,50,32,0.0008,0.0,0.0008,0,0,0.0
bitmap_prefilter,verified=false,0.3,0.2486,50,33,0.0008,0.0,0.0008,0,0,0.0
bitmap_prefilter,verified=false,0.3,0.2486,50,34,0.0007,0.0,0.0007,0,0,0.0
bitmap_prefilter,verified=false,0.3,0.2486,50,35,0.0007,0.0,0.0007,0,0,0.0
bitmap_prefilter,verified=false,0.3,0.2486,50,36,0.0007,0.0,0.0007,0,0,0.0
bitmap_prefilter,verified=false,0.3,0.2486,50,37,0.0007,0.0,0.0007,0,0,0.0
bitmap_prefilter,verified=false,0.3,0.2486,50,38,0.0007,0.0,0.0007,0,0,0.0
bitmap_prefilter,verified=false,0.3,0.2486,50,39,0.0007,0.0,0.0007,0,0,0.0
bitmap_prefilter,verified=false,0.3,0.2486,50,40,0.0007,0.0,0.0007,0,0,0.0
bitmap_prefilter,verified=false,0.3,0.2486,50,41,0.0007,0.0,0.0007,0,0,0.0
bitmap_prefilter,verified=false,0.3,0.2486,50,42,0.0007,0.0,0.0007,0,0,0.0
bitmap_prefilter,verified=false,0.3,0.2486,50,43,0.0007,0.0,0.0007,0,0,0.0
bitmap_prefilter,verified=false,0.3,0.2486,50,44,0.0008,0.0,0.0008,0,0,0.0
bitmap_prefilter,verified=false,0.3,0.2486,50,45,0.0008,0.0,0.0008,0,0,0.0
bitmap_prefilter,verified=false,0.3,0.2486,50,46,0.0008,0.0,0.0008,0,0,0.0
bitmap_prefilter,verified=false,0.3,0.2486,50,47,0.0008,0.0,0.0008,0,0,0.0
bitmap_prefilter,verified=false,0.3,0.2486,50,48,0.0008,0.0,0.0008,0,0,0.0
bitmap_prefilter,verified=false,0.3,0.2486,50,49,0.0009,0.0,0.0009,0,0,0.0
brute_force,overall>=5.0,0.5,0.6103,10,0,0.0191,24.4598,24.4789,10,10,1.0
brute_force,overall>=5.0,0.5,0.6103,10,1,0.038,24.6394,24.6775,10,10,1.0
brute_force,overall>=5.0,0.5,0.6103,10,2,0.047,24.6838,24.7308,10,10,1.0
brute_force,overall>=5.0,0.5,0.6103,10,3,0.0277,24.813,24.8407,10,10,1.0
brute_force,overall>=5.0,0.5,0.6103,10,4,0.0616,24.8379,24.8995,10,10,1.0
brute_force,overall>=5.0,0.5,0.6103,10,5,0.0594,24.8358,24.8952,10,10,1.0
brute_force,overall>=5.0,0.5,0.6103,10,6,0.0342,24.7985,24.8327,10,10,1.0
brute_force,overall>=5.0,0.5,0.6103,10,7,0.1521,25.1163,25.2685,10,10,1.0
brute_force,overall>=5.0,0.5,0.6103,10,8,0.0642,24.9295,24.9936,10,10,1.0
brute_force,overall>=5.0,0.5,0.6103,10,9,0.0149,25.4023,25.4172,10,10,1.0
brute_force,overall>=5.0,0.5,0.6103,10,10,0.045,24.6693,24.7143,10,10,1.0
brute_force,overall>=5.0,0.5,0.6103,10,11,0.0179,24.5609,24.5788,10,10,1.0
brute_force,overall>=5.0,0.5,0.6103,10,12,0.0283,24.5954,24.6237,10,10,1.0
brute_force,overall>=5.0,0.5,0.6103,10,13,0.0295,24.802,24.8315,10,10,1.0
brute_force,overall>=5.0,0.5,0.6103,10,14,0.0877,24.7364,24.824,10,10,1.0
brute_force,overall>=5.0,0.5,0.6103,10,15,0.0393,24.6447,24.684,10,10,1.0
brute_force,overall>=5.0,0.5,0.6103,10,16,0.0175,24.6258,24.6432,10,10,1.0
brute_force,overall>=5.0,0.5,0.6103,10,17,0.0484,24.7062,24.7546,10,10,1.0
brute_force,overall>=5.0,0.5,0.6103,10,18,0.1121,24.5085,24.6205,10,10,1.0
brute_force,overall>=5.0,0.5,0.6103,10,19,0.03,24.5727,24.6027,10,10,1.0
brute_force,overall>=5.0,0.5,0.6103,10,20,0.0277,24.6308,24.6585,10,10,1.0
brute_force,overall>=5.0,0.5,0.6103,10,21,0.0201,24.7043,24.7244,10,10,1.0
brute_force,overall>=5.0,0.5,0.6103,10,22,0.0189,25.2279,25.2468,10,10,1.0
brute_force,overall>=5.0,0.5,0.6103,10,23,0.0276,24.7663,24.7939,10,10,1.0
brute_force,overall>=5.0,0.5,0.6103,10,24,0.0367,24.7844,24.8211,10,10,1.0
brute_force,overall>=5.0,0.5,0.6103,10,25,0.0169,25.4705,25.4874,10,10,1.0
brute_force,overall>=5.0,0.5,0.6103,10,26,0.0271,24.7427,24.7698,10,10,1.0
brute_force,overall>=5.0,0.5,0.6103,10,27,0.0247,24.7845,24.8092,10,10,1.0
brute_force,overall>=5.0,0.5,0.6103,10,28,0.0477,24.831,24.8787,10,10,1.0
brute_force,overall>=5.0,0.5,0.6103,10,29,0.0538,24.9129,24.9666,10,10,1.0
brute_force,overall>=5.0,0.5,0.6103,10,30,0.0169,25.0172,25.034,10,10,1.0
brute_force,overall>=5.0,0.5,0.6103,10,31,0.0175,24.885,24.9025,10,10,1.0
brute_force,overall>=5.0,0.5,0.6103,10,32,0.3335,25.7369,26.0705,10,10,1.0
brute_force,overall>=5.0,0.5,0.6103,10,33,0.0782,27.0411,27.1193,10,10,1.0
brute_force,overall>=5.0,0.5,0.6103,10,34,0.0352,34.6645,34.6997,10,10,1.0
brute_force,overall>=5.0,0.5,0.6103,10,35,0.0594,29.4862,29.5456,10,10,1.0
brute_force,overall>=5.0,0.5,0.6103,10,36,0.1363,26.3695,26.5059,10,10,1.0
brute_force,overall>=5.0,0.5,0.6103,10,37,0.037,27.0985,27.1355,10,10,1.0
brute_force,overall>=5.0,0.5,0.6103,10,38,0.0529,28.2517,28.3046,10,10,1.0
brute_force,overall>=5.0,0.5,0.6103,10,39,0.0309,28.2075,28.2384,10,10,1.0
brute_force,overall>=5.0,0.5,0.6103,10,40,0.0469,27.6475,27.6944,10,10,1.0
brute_force,overall>=5.0,0.5,0.6103,10,41,0.2898,26.2176,26.5075,10,10,1.0
brute_force,overall>=5.0,0.5,0.6103,10,42,0.0419,26.7622,26.8041,10,10,1.0
brute_force,overall>=5.0,0.5,0.6103,10,43,0.0424,27.3167,27.3592,10,10,1.0
brute_force,overall>=5.0,0.5,0.6103,10,44,0.4612,26.9914,27.4526,10,10,1.0
brute_force,overall>=5.0,0.5,0.6103,10,45,0.0325,27.0754,27.1079,10,10,1.0
brute_force,overall>=5.0,0.5,0.6103,10,46,0.0471,27.1477,27.1948,10,10,1.0
brute_force,overall>=5.0,0.5,0.6103,10,47,0.0291,25.7168,25.7459,10,10,1.0
brute_force,overall>=5.0,0.5,0.6103,10,48,0.0333,26.4437,26.4771,10,10,1.0
brute_force,overall>=5.0,0.5,0.6103,10,49,0.032,26.4012,26.4331,10,10,1.0
naive_prefilter,overall>=5.0,0.5,0.6103,10,0,18.8427,46.2117,65.0544,118244,10,1.0
naive_prefilter,overall>=5.0,0.5,0.6103,10,1,19.3356,40.0115,59.3472,118244,10,1.0
naive_prefilter,overall>=5.0,0.5,0.6103,10,2,18.6447,39.4157,58.0604,118244,10,1.0
naive_prefilter,overall>=5.0,0.5,0.6103,10,3,18.1308,39.1003,57.2311,118244,10,1.0
naive_prefilter,overall>=5.0,0.5,0.6103,10,4,17.8469,39.5655,57.4124,118244,10,1.0
naive_prefilter,overall>=5.0,0.5,0.6103,10,5,17.2209,39.9478,57.1687,118244,10,1.0
naive_prefilter,overall>=5.0,0.5,0.6103,10,6,18.7312,40.6145,59.3457,118244,10,1.0
naive_prefilter,overall>=5.0,0.5,0.6103,10,7,18.7928,40.4866,59.2794,118244,10,1.0
naive_prefilter,overall>=5.0,0.5,0.6103,10,8,18.2238,40.392,58.6158,118244,10,1.0
naive_prefilter,overall>=5.0,0.5,0.6103,10,9,18.1943,41.1201,59.3144,118244,10,1.0
naive_prefilter,overall>=5.0,0.5,0.6103,10,10,18.731,38.8097,57.5407,118244,10,1.0
naive_prefilter,overall>=5.0,0.5,0.6103,10,11,18.2383,40.9552,59.1935,118244,10,1.0
naive_prefilter,overall>=5.0,0.5,0.6103,10,12,17.7207,40.1192,57.84,118244,10,1.0
naive_prefilter,overall>=5.0,0.5,0.6103,10,13,18.2661,38.9983,57.2644,118244,10,1.0
naive_prefilter,overall>=5.0,0.5,0.6103,10,14,17.1385,38.0839,55.2224,118244,10,1.0
naive_prefilter,overall>=5.0,0.5,0.6103,10,15,17.4562,37.9759,55.432,118244,10,1.0
naive_prefilter,overall>=5.0,0.5,0.6103,10,16,17.2432,45.4555,62.6987,118244,10,1.0
naive_prefilter,overall>=5.0,0.5,0.6103,10,17,18.5902,41.9892,60.5793,118244,10,1.0
naive_prefilter,overall>=5.0,0.5,0.6103,10,18,18.6188,38.5262,57.145,118244,10,1.0
naive_prefilter,overall>=5.0,0.5,0.6103,10,19,17.806,38.3847,56.1907,118244,10,1.0
naive_prefilter,overall>=5.0,0.5,0.6103,10,20,17.6791,39.5516,57.2308,118244,10,1.0
naive_prefilter,overall>=5.0,0.5,0.6103,10,21,17.7098,39.7111,57.4209,118244,10,1.0
naive_prefilter,overall>=5.0,0.5,0.6103,10,22,18.2295,39.6467,57.8762,118244,10,1.0
naive_prefilter,overall>=5.0,0.5,0.6103,10,23,17.4669,39.8433,57.3102,118244,10,1.0
naive_prefilter,overall>=5.0,0.5,0.6103,10,24,18.993,40.5329,59.5258,118244,10,1.0
naive_prefilter,overall>=5.0,0.5,0.6103,10,25,19.0891,39.2793,58.3685,118244,10,1.0
naive_prefilter,overall>=5.0,0.5,0.6103,10,26,18.8771,38.8875,57.7646,118244,10,1.0
naive_prefilter,overall>=5.0,0.5,0.6103,10,27,18.0477,38.6205,56.6681,118244,10,1.0
naive_prefilter,overall>=5.0,0.5,0.6103,10,28,17.7841,39.0457,56.8298,118244,10,1.0
naive_prefilter,overall>=5.0,0.5,0.6103,10,29,17.4461,39.2566,56.7027,118244,10,1.0
naive_prefilter,overall>=5.0,0.5,0.6103,10,30,17.0559,38.2735,55.3294,118244,10,1.0
naive_prefilter,overall>=5.0,0.5,0.6103,10,31,17.3099,37.8434,55.1533,118244,10,1.0
naive_prefilter,overall>=5.0,0.5,0.6103,10,32,17.152,38.9343,56.0863,118244,10,1.0
naive_prefilter,overall>=5.0,0.5,0.6103,10,33,17.4383,38.7531,56.1914,118244,10,1.0
naive_prefilter,overall>=5.0,0.5,0.6103,10,34,17.9432,39.6329,57.5761,118244,10,1.0
naive_prefilter,overall>=5.0,0.5,0.6103,10,35,18.9975,39.3184,58.3159,118244,10,1.0
naive_prefilter,overall>=5.0,0.5,0.6103,10,36,18.8537,39.1083,57.962,118244,10,1.0
naive_prefilter,overall>=5.0,0.5,0.6103,10,37,17.583,38.2819,55.8649,118244,10,1.0
naive_prefilter,overall>=5.0,0.5,0.6103,10,38,17.9593,38.0337,55.993,118244,10,1.0
naive_prefilter,overall>=5.0,0.5,0.6103,10,39,17.1849,39.0811,56.266,118244,10,1.0
naive_prefilter,overall>=5.0,0.5,0.6103,10,40,17.2385,38.4175,55.6561,118244,10,1.0
naive_prefilter,overall>=5.0,0.5,0.6103,10,41,17.317,38.9623,56.2793,118244,10,1.0
naive_prefilter,overall>=5.0,0.5,0.6103,10,42,17.2931,39.2847,56.5778,118244,10,1.0
naive_prefilter,overall>=5.0,0.5,0.6103,10,43,18.1845,39.4855,57.67,118244,10,1.0
naive_prefilter,overall>=5.0,0.5,0.6103,10,44,18.1159,38.349,56.4649,118244,10,1.0
naive_prefilter,overall>=5.0,0.5,0.6103,10,45,17.9656,38.0349,56.0005,118244,10,1.0
naive_prefilter,overall>=5.0,0.5,0.6103,10,46,17.143,39.3675,56.5105,118244,10,1.0
naive_prefilter,overall>=5.0,0.5,0.6103,10,47,17.1208,38.5032,55.624,118244,10,0.0
naive_prefilter,overall>=5.0,0.5,0.6103,10,48,18.3161,48.7597,67.0757,118244,10,1.0
naive_prefilter,overall>=5.0,0.5,0.6103,10,49,23.2298,50.4499,73.6797,118244,10,1.0
post_filter,overall>=5.0,0.5,0.6103,10,0,0.0065,0.4403,0.4468,10,10,1.0
post_filter,overall>=5.0,0.5,0.6103,10,1,0.0178,0.9331,0.9509,10,10,1.0
post_filter,overall>=5.0,0.5,0.6103,10,2,0.0606,0.8092,0.8698,10,10,1.0
post_filter,overall>=5.0,0.5,0.6103,10,3,0.0225,1.0321,1.0546,10,10,1.0
post_filter,overall>=5.0,0.5,0.6103,10,4,0.0369,0.9754,1.0123,10,10,0.9
post_filter,overall>=5.0,0.5,0.6103,10,5,0.028,0.7231,0.7512,10,10,1.0
post_filter,overall>=5.0,0.5,0.6103,10,6,0.0355,0.9303,0.9659,10,10,1.0
post_filter,overall>=5.0,0.5,0.6103,10,7,0.0697,0.6415,0.7113,10,10,1.0
post_filter,overall>=5.0,0.5,0.6103,10,8,0.0284,0.9136,0.942,10,10,1.0
post_filter,overall>=5.0,0.5,0.6103,10,9,0.0166,0.9604,0.977,10,10,1.0
post_filter,overall>=5.0,0.5,0.6103,10,10,0.0284,0.8519,0.8803,10,10,1.0
post_filter,overall>=5.0,0.5,0.6103,10,11,0.016,0.8418,0.8579,10,10,1.0
post_filter,overall>=5.0,0.5,0.6103,10,12,0.0169,0.674,0.6909,10,10,1.0
post_filter,overall>=5.0,0.5,0.6103,10,13,0.0182,0.7105,0.7287,10,10,1.0
post_filter,overall>=5.0,0.5,0.6103,10,14,0.0323,0.5505,0.5829,10,10,1.0
post_filter,overall>=5.0,0.5,0.6103,10,15,0.0152,0.4527,0.4679,10,10,1.0
post_filter,overall>=5.0,0.5,0.6103,10,16,0.0138,0.8265,0.8403,10,10,1.0
post_filter,overall>=5.0,0.5,0.6103,10,17,0.0169,0.6357,0.6526,10,10,1.0
post_filter,overall>=5.0,0.5,0.6103,10,18,0.062,0.7576,0.8197,10,10,1.0
post_filter,overall>=5.0,0.5,0.6103,10,19,0.0162,0.7923,0.8085,10,10,1.0
post_filter,overall>=5.0,0.5,0.6103,10,20,0.0139,0.5635,0.5774,10,10,1.0
post_filter,overall>=5.0,0.5,0.6103,10,21,0.0153,0.5983,0.6136,10,10,1.0
post_filter,overall>=5.0,0.5,0.6103,10,22,0.0153,0.669,0.6843,10,10,1.0
post_filter,overall>=5.0,0.5,0.6103,10,23,0.0141,0.6113,0.6254,10,10,1.0
post_filter,overall>=5.0,0.5,0.6103,10,24,0.0195,0.8377,0.8572,10,10,1.0
post_filter,overall>=5.0,0.5,0.6103,10,25,0.0134,0.2778,0.2911,10,10,0.6
post_filter,overall>=5.0,0.5,0.6103,10,26,0.0143,0.7645,0.7787,10,10,1.0
post_filter,overall>=5.0,0.5,0.6103,10,27,0.0197,0.7234,0.743,10,10,1.0
post_filter,overall>=5.0,0.5,0.6103,10,28,0.0199,0.7649,0.7848,10,10,1.0
post_filter,overall>=5.0,0.5,0.6103,10,29,0.0219,0.5302,0.5521,10,10,1.0
post_filter,overall>=5.0,0.5,0.6103,10,30,0.0099,0.4347,0.4445,10,10,0.0
post_filter,overall>=5.0,0.5,0.6103,10,31,0.0726,0.9674,1.04,10,10,1.0
post_filter,overall>=5.0,0.5,0.6103,10,32,0.2908,0.7326,1.0234,10,10,0.8
post_filter,overall>=5.0,0.5,0.6103,10,33,0.0231,0.5567,0.5798,10,10,1.0
post_filter,overall>=5.0,0.5,0.6103,10,34,0.0168,0.8064,0.8232,10,10,1.0
post_filter,overall>=5.0,0.5,0.6103,10,35,0.0443,0.8378,0.882,10,10,1.0
post_filter,overall>=5.0,0.5,0.6103,10,36,0.0514,0.692,0.7434,10,10,0.9
post_filter,overall>=5.0,0.5,0.6103,10,37,0.0128,0.6423,0.6551,10,10,1.0
post_filter,overall>=5.0,0.5,0.6103,10,38,0.0391,0.973,1.0121,10,10,1.0
post_filter,overall>=5.0,0.5,0.6103,10,39,0.0154,0.5026,0.518,10,10,1.0
post_filter,overall>=5.0,0.5,0.6103,10,40,0.0224,0.9555,0.9779,10,10,1.0
post_filter,overall>=5.0,0.5,0.6103,10,41,0.1953,0.5331,0.7284,10,10,1.0
post_filter,overall>=5.0,0.5,0.6103,10,42,0.0269,0.772,0.7989,10,10,1.0
post_filter,overall>=5.0,0.5,0.6103,10,43,0.0125,0.4061,0.4187,10,10,0.7
post_filter,overall>=5.0,0.5,0.6103,10,44,0.3051,0.5911,0.8962,10,10,1.0
post_filter,overall>=5.0,0.5,0.6103,10,45,0.0123,0.8385,0.8508,10,10,1.0
post_filter,overall>=5.0,0.5,0.6103,10,46,0.0142,0.7109,0.7251,10,10,1.0
post_filter,overall>=5.0,0.5,0.6103,10,47,0.0116,0.2349,0.2465,10,10,0.0
post_filter,overall>=5.0,0.5,0.6103,10,48,0.016,0.8293,0.8453,10,10,1.0
post_filter,overall>=5.0,0.5,0.6103,10,49,0.0125,0.4063,0.4188,10,10,1.0
bitmap_prefilter,overall>=5.0,0.5,0.6103,10,0,0.1209,38.1037,38.2246,118244,10,1.0
bitmap_prefilter,overall>=5.0,0.5,0.6103,10,1,0.1203,38.2463,38.3666,118244,10,1.0
bitmap_prefilter,overall>=5.0,0.5,0.6103,10,2,0.1259,39.2168,39.3426,118244,10,1.0
bitmap_prefilter,overall>=5.0,0.5,0.6103,10,3,0.1325,39.8158,39.9483,118244,10,1.0
bitmap_prefilter,overall>=5.0,0.5,0.6103,10,4,0.1148,39.369,39.4839,118244,10,1.0
bitmap_prefilter,overall>=5.0,0.5,0.6103,10,5,0.1456,39.9505,40.0962,118244,10,1.0
bitmap_prefilter,overall>=5.0,0.5,0.6103,10,6,0.1239,42.3491,42.473,118244,10,1.0
bitmap_prefilter,overall>=5.0,0.5,0.6103,10,7,0.1241,43.7782,43.9023,118244,10,1.0
bitmap_prefilter,overall>=5.0,0.5,0.6103,10,8,0.1249,43.6971,43.822,118244,10,1.0
bitmap_prefilter,overall>=5.0,0.5,0.6103,10,9,0.1254,47.0921,47.2175,118244,10,1.0
bitmap_prefilter,overall>=5.0,0.5,0.6103,10,10,0.1332,50.2136,50.3468,118244,10,1.0
bitmap_prefilter,overall>=5.0,0.5,0.6103,10,11,0.1556,43.8386,43.9942,118244,10,1.0
bitmap_prefilter,overall>=5.0,0.5,0.6103,10,12,0.129,44.218,44.347,118244,10,1.0
bitmap_prefilter,overall>=5.0,0.5,0.6103,10,13,0.1365,46.638,46.7745,118244,10,1.0
bitmap_prefilter,overall>=5.0,0.5,0.6103,10,14,0.1945,45.0183,45.2127,118244,10,1.0
bitmap_prefilter,overall>=5.0,0.5,0.6103,10,15,0.1796,47.2219,47.4015,118244,10,1.0
bitmap_prefilter,overall>=5.0,0.5,0.6103,10,16,0.1662,46.0003,46.1665,118244,10,1.0
bitmap_prefilter,overall>=5.0,0.5,0.6103,10,17,0.1288,53.5662,53.695,118244,10,1.0
bitmap_prefilter,overall>=5.0,0.5,0.6103,10,18,0.2492,50.4353,50.6845,118244,10,1.0
bitmap_prefilter,overall>=5.0,0.5,0.6103,10,19,0.1212,45.7823,45.9035,118244,10,1.0
bitmap_prefilter,overall>=5.0,0.5,0.6103,10,20,0.1365,39.5115,39.648,118244,10,1.0
bitmap_prefilter,overall>=5.0,0.5,0.6103,10,21,0.1345,37.4104,37.5449,118244,10,1.0
bitmap_prefilter,overall>=5.0,0.5,0.6103,10,22,0.1098,37.0606,37.1705,118244,10,1.0
bitmap_prefilter,overall>=5.0,0.5,0.6103,10,23,0.1078,46.8819,46.9898,118244,10,1.0
bitmap_prefilter,overall>=5.0,0.5,0.6103,10,24,0.1213,39.3276,39.4489,118244,10,1.0
bitmap_prefilter,overall>=5.0,0.5,0.6103,10,25,0.1202,38.275,38.3952,118244,10,1.0
bitmap_prefilter,overall>=5.0,0.5,0.6103,10,26,0.1247,41.0072,41.132,118244,10,1.0
bitmap_prefilter,overall>=5.0,0.5,0.6103,10,27,0.1227,42.1615,42.2841,118244,10,1.0
bitmap_prefilter,overall>=5.0,0.5,0.6103,10,28,0.1302,45.7835,45.9137,118244,10,1.0
bitmap_prefilter,overall>=5.0,0.5,0.6103,10,29,0.1195,43.3324,43.4519,118244,10,1.0
bitmap_prefilter,overall>=5.0,0.5,0.6103,10,30,0.1245,43.4533,43.5777,118244,10,1.0
bitmap_prefilter,overall>=5.0,0.5,0.6103,10,31,0.1252,43.9255,44.0507,118244,10,1.0
bitmap_prefilter,overall>=5.0,0.5,0.6103,10,32,0.1263,45.3406,45.4668,118244,10,1.0
bitmap_prefilter,overall>=5.0,0.5,0.6103,10,33,0.126,49.0224,49.1484,118244,10,1.0
bitmap_prefilter,overall>=5.0,0.5,0.6103,10,34,0.1272,41.1472,41.2745,118244,10,1.0
bitmap_prefilter,overall>=5.0,0.5,0.6103,10,35,0.1169,44.4235,44.5404,118244,10,1.0
bitmap_prefilter,overall>=5.0,0.5,0.6103,10,36,0.1294,43.8358,43.9652,118244,10,1.0
bitmap_prefilter,overall>=5.0,0.5,0.6103,10,37,0.1248,47.0666,47.1914,118244,10,1.0
bitmap_prefilter,overall>=5.0,0.5,0.6103,10,38,0.1296,53.2091,53.3387,118244,10,1.0
bitmap_prefilter,overall>=5.0,0.5,0.6103,10,39,0.1462,42.5955,42.7417,118244,10,1.0
bitmap_prefilter,overall>=5.0,0.5,0.6103,10,40,0.1247,43.5374,43.662,118244,10,1.0
bitmap_prefilter,overall>=5.0,0.5,0.6103,10,41,0.1329,40.9078,41.0407,118244,10,1.0
bitmap_prefilter,overall>=5.0,0.5,0.6103,10,42,0.1266,46.299,46.4257,118244,10,1.0
bitmap_prefilter,overall>=5.0,0.5,0.6103,10,43,0.123,50.1314,50.2545,118244,10,1.0
bitmap_prefilter,overall>=5.0,0.5,0.6103,10,44,0.1236,47.1566,47.2802,118244,10,1.0
bitmap_prefilter,overall>=5.0,0.5,0.6103,10,45,0.1194,39.3382,39.4576,118244,10,1.0
bitmap_prefilter,overall>=5.0,0.5,0.6103,10,46,0.1296,39.7879,39.9175,118244,10,1.0
bitmap_prefilter,overall>=5.0,0.5,0.6103,10,47,0.1369,40.6446,40.7815,118244,10,0.0
bitmap_prefilter,overall>=5.0,0.5,0.6103,10,48,0.1238,42.8551,42.9788,118244,10,1.0
bitmap_prefilter,overall>=5.0,0.5,0.6103,10,49,0.1281,49.2592,49.3873,118244,10,1.0
brute_force,overall>=5.0,0.5,0.6103,50,0,0.0897,29.351,29.4407,50,50,1.0
brute_force,overall>=5.0,0.5,0.6103,50,1,0.0883,27.9928,28.081,50,50,1.0
brute_force,overall>=5.0,0.5,0.6103,50,2,0.0899,27.7851,27.875,50,50,1.0
brute_force,overall>=5.0,0.5,0.6103,50,3,0.0868,26.1448,26.2317,50,50,1.0
brute_force,overall>=5.0,0.5,0.6103,50,4,0.1678,26.2069,26.3746,50,50,1.0
brute_force,overall>=5.0,0.5,0.6103,50,5,0.1288,26.6207,26.7496,50,50,1.0
brute_force,overall>=5.0,0.5,0.6103,50,6,0.1633,26.5993,26.7626,50,50,1.0
brute_force,overall>=5.0,0.5,0.6103,50,7,0.2536,26.708,26.9615,50,50,1.0
brute_force,overall>=5.0,0.5,0.6103,50,8,0.1477,25.6635,25.8112,50,50,1.0
brute_force,overall>=5.0,0.5,0.6103,50,9,0.1028,26.9777,27.0805,50,50,1.0
brute_force,overall>=5.0,0.5,0.6103,50,10,0.1082,26.8953,27.0035,50,50,1.0
brute_force,overall>=5.0,0.5,0.6103,50,11,0.1145,26.3094,26.4239,50,50,1.0
brute_force,overall>=5.0,0.5,0.6103,50,12,0.0952,28.5333,28.6285,50,50,1.0
brute_force,overall>=5.0,0.5,0.6103,50,13,0.0939,28.3437,28.4376,50,50,1.0
brute_force,overall>=5.0,0.5,0.6103,50,14,0.294,28.4787,28.7726,50,50,1.0
brute_force,overall>=5.0,0.5,0.6103,50,15,0.9314,29.783,30.7144,50,50,1.0
brute_force,overall>=5.0,0.5,0.6103,50,16,0.1927,42.5558,42.7485,50,50,1.0
brute_force,overall>=5.0,0.5,0.6103,50,17,0.101,29.0655,29.1665,50,50,1.0
brute_force,overall>=5.0,0.5,0.6103,50,18,0.233,29.608,29.841,50,50,1.0
brute_force,overall>=5.0,0.5,0.6103,50,19,0.1023,29.2504,29.3527,50,50,1.0
brute_force,overall>=5.0,0.5,0.6103,50,20,0.0969,28.0434,28.1403,50,50,1.0
brute_force,overall>=5.0,0.5,0.6103,50,21,0.1006,28.4457,28.5463,50,50,0.98
brute_force,overall>=5.0,0.5,0.6103,50,22,0.1101,28.8779,28.988,50,50,1.0
brute_force,overall>=5.0,0.5,0.6103,50,23,0.093,33.5279,33.6209,50,50,1.0
brute_force,overall>=5.0,0.5,0.6103,50,24,0.1166,30.7793,30.896,50,50,1.0
brute_force,overall>=5.0,0.5,0.6103,50,25,0.0915,32.0535,32.145,50,50,1.0
brute_force,overall>=5.0,0.5,0.6103,50,26,0.2226,30.6447,30.8672,50,50,1.0
brute_force,overall>=5.0,0.5,0.6103,50,27,0.2658,31.8559,32.1217,50,50,1.0
brute_force,overall>=5.0,0.5,0.6103,50,28,0.1756,32.9448,33.1204,50,50,1.0
brute_force,overall>=5.0,0.5,0.6103,50,29,0.1122,28.2106,28.3228,50,50,1.0
brute_force,overall>=5.0,0.5,0.6103,50,30,0.1074,29.8307,29.9381,50,50,1.0
brute_force,overall>=5.0,0.5,0.6103,50,31,0.0807,27.1162,27.1969,50,50,1.0
brute_force,overall>=5.0,0.5,0.6103,50,32,0.6408,25.6759,26.3167,50,50,1.0
brute_force,overall>=5.0,0.5,0.6103,50,33,0.1133,27.9528,28.066,50,50,1.0
brute_force,overall>=5.0,0.5,0.6103,50,34,0.0857,27.1855,27.2712,50,50,1.0
brute_force,overall>=5.0,0.5,0.6103,50,35,0.1731,25.5989,25.772,50,50,1.0
brute_force,overall>=5.0,0.5,0.6103,50,36,0.1809,26.3975,26.5784,50,50,1.0
brute_force,overall>=5.0,0.5,0.6103,50,37,0.0776,25.8015,25.879,50,50,1.0
brute_force,overall>=5.0,0.5,0.6103,50,38,0.1459,26.1813,26.3272,50,50,1.0
brute_force,overall>=5.0,0.5,0.6103,50,39,0.087,25.9579,26.0448,50,50,1.0
brute_force,overall>=5.0,0.5,0.6103,50,40,0.1379,25.5104,25.6483,50,50,1.0
brute_force,overall>=5.0,0.5,0.6103,50,41,0.6704,26.1501,26.8205,50,50,1.0
brute_force,overall>=5.0,0.5,0.6103,50,42,0.1228,25.3805,25.5033,50,50,1.0
brute_force,overall>=5.0,0.5,0.6103,50,43,0.0798,25.765,25.8449,50,50,0.98
brute_force,overall>=5.0,0.5,0.6103,50,44,1.1455,26.3143,27.4599,50,50,1.0
brute_force,overall>=5.0,0.5,0.6103,50,45,0.0715,25.4519,25.5234,50,50,1.0
brute_force,overall>=5.0,0.5,0.6103,50,46,0.0761,25.3603,25.4364,50,50,1.0
brute_force,overall>=5.0,0.5,0.6103,50,47,0.0775,25.6987,25.7762,50,50,1.0
brute_force,overall>=5.0,0.5,0.6103,50,48,0.0785,25.4649,25.5434,50,50,1.0
brute_force,overall>=5.0,0.5,0.6103,50,49,0.0782,25.7969,25.8752,50,50,1.0
naive_prefilter,overall>=5.0,0.5,0.6103,50,0,18.6291,39.4078,58.037,118244,50,1.0
naive_prefilter,overall>=5.0,0.5,0.6103,50,1,17.9023,38.5038,56.4061,118244,50,1.0
naive_prefilter,overall>=5.0,0.5,0.6103,50,2,16.9746,38.9681,55.9427,118244,50,1.0
naive_prefilter,overall>=5.0,0.5,0.6103,50,3,17.3678,40.3689,57.7366,118244,50,1.0
naive_prefilter,overall>=5.0,0.5,0.6103,50,4,18.8064,38.8823,57.6886,118244,50,1.0
naive_prefilter,overall>=5.0,0.5,0.6103,50,5,17.6446,41.513,59.1576,118244,50,1.0
naive_prefilter,overall>=5.0,0.5,0.6103,50,6,18.5335,38.696,57.2295,118244,50,1.0
naive_prefilter,overall>=5.0,0.5,0.6103,50,7,16.9671,38.4897,55.4568,118244,50,1.0
naive_prefilter,overall>=5.0,0.5,0.6103,50,8,17.3143,38.63,55.9442,118244,50,1.0
naive_prefilter,overall>=5.0,0.5,0.6103,50,9,17.1716,41.9818,59.1534,118244,50,1.0
naive_prefilter,overall>=5.0,0.5,0.6103,50,10,18.7177,40.7338,59.4515,118244,50,1.0
naive_prefilter,overall>=5.0,0.5,0.6103,50,11,17.745,40.0377,57.7827,118244,50,1.0
naive_prefilter,overall>=5.0,0.5,0.6103,50,12,18.855,40.8951,59.7501,118244,50,1.0
naive_prefilter,overall>=5.0,0.5,0.6103,50,13,18.5136,40.4574,58.971,118244,50,1.0
naive_prefilter,overall>=5.0,0.5,0.6103,50,14,18.1014,40.582,58.6834,118244,50,1.0
naive_prefilter,overall>=5.0,0.5,0.6103,50,15,18.3148,43.0415,61.3562,118244,50,1.0
naive_prefilter,overall>=5.0,0.5,0.6103,50,16,18.204,40.9119,59.1159,118244,50,1.0
naive_prefilter,overall>=5.0,0.5,0.6103,50,17,18.2819,39.1367,57.4186,118244,50,1.0
naive_prefilter,overall>=5.0,0.5,0.6103,50,18,17.238,41.2704,58.5084,118244,50,1.0
naive_prefilter,overall>=5.0,0.5,0.6103,50,19,18.4919,40.2299,58.7217,118244,50,1.0
naive_prefilter,overall>=5.0,0.5,0.6103,50,20,18.3395,40.9724,59.3119,118244,50,1.0
naive_prefilter,overall>=5.0,0.5,0.6103,50,21,18.0102,39.2294,57.2396,118244,50,0.98
naive_prefilter,overall>=5.0,0.5,0.6103,50,22,18.4105,43.32,61.7305,118244,50,1.0
naive_prefilter,overall>=5.0,0.5,0.6103,50,23,17.9601,41.4643,59.4244,118244,50,1.0
naive_prefilter,overall>=5.0,0.5,0.6103,50,24,18.9386,42.6286,61.5672,118244,50,1.0
naive_prefilter,overall>=5.0,0.5,0.6103,50,25,18.4599,41.8392,60.2991,118244,50,1.0
naive_prefilter,overall>=5.0,0.5,0.6103,50,26,17.8473,41.1562,59.0035,118244,50,1.0
naive_prefilter,overall>=5.0,0.5,0.6103,50,27,17.5203,41.5106,59.0309,118244,50,1.0
naive_prefilter,overall>=5.0,0.5,0.6103,50,28,18.8008,41.1826,59.9834,118244,50,1.0
naive_prefilter,overall>=5.0,0.5,0.6103,50,29,18.6989,45.1791,63.878,118244,50,1.0
naive_prefilter,overall>=5.0,0.5,0.6103,50,30,19.2386,44.5314,63.77,118244,50,0.98
naive_prefilter,overall>=5.0,0.5,0.6103,50,31,19.4153,46.7018,66.1171,118244,50,1.0
naive_prefilter,overall>=5.0,0.5,0.6103,50,32,20.6317,44.181,64.8126,118244,50,1.0
naive_prefilter,overall>=5.0,0.5,0.6103,50,33,20.9577,46.5189,67.4766,118244,50,1.0
naive_prefilter,overall>=5.0,0.5,0.6103,50,34,33.6657,45.4399,79.1055,118244,50,1.0
naive_prefilter,overall>=5.0,0.5,0.6103,50,35,19.3453,41.9114,61.2567,118244,50,1.0
naive_prefilter,overall>=5.0,0.5,0.6103,50,36,18.2815,38.927,57.2085,118244,50,1.0
naive_prefilter,overall>=5.0,0.5,0.6103,50,37,17.9295,39.7036,57.6331,118244,50,1.0
naive_prefilter,overall>=5.0,0.5,0.6103,50,38,18.3373,40.3335,58.6708,118244,50,1.0
naive_prefilter,overall>=5.0,0.5,0.6103,50,39,18.6291,43.7174,62.3465,118244,50,1.0
naive_prefilter,overall>=5.0,0.5,0.6103,50,40,18.5316,42.4558,60.9875,118244,50,1.0
naive_prefilter,overall>=5.0,0.5,0.6103,50,41,19.7221,40.1567,59.8788,118244,50,1.0
naive_prefilter,overall>=5.0,0.5,0.6103,50,42,18.7073,40.3259,59.0332,118244,50,1.0
naive_prefilter,overall>=5.0,0.5,0.6103,50,43,18.76,41.0544,59.8144,118244,50,0.98
naive_prefilter,overall>=5.0,0.5,0.6103,50,44,18.7048,40.5752,59.2801,118244,50,1.0
naive_prefilter,overall>=5.0,0.5,0.6103,50,45,18.3909,39.4297,57.8205,118244,50,1.0
naive_prefilter,overall>=5.0,0.5,0.6103,50,46,18.6101,39.7537,58.3638,118244,50,1.0
naive_prefilter,overall>=5.0,0.5,0.6103,50,47,17.7371,38.9132,56.6503,118244,50,0.0
naive_prefilter,overall>=5.0,0.5,0.6103,50,48,17.4272,38.8172,56.2444,118244,50,1.0
naive_prefilter,overall>=5.0,0.5,0.6103,50,49,17.3398,50.0223,67.3621,118244,50,1.0
post_filter,overall>=5.0,0.5,0.6103,50,0,0.0731,0.9109,0.984,50,50,1.0
post_filter,overall>=5.0,0.5,0.6103,50,1,0.1183,2.4794,2.5977,50,50,1.0
post_filter,overall>=5.0,0.5,0.6103,50,2,0.0882,1.1427,1.231,50,50,0.98
post_filter,overall>=5.0,0.5,0.6103,50,3,0.0761,1.0926,1.1687,50,50,1.0
post_filter,overall>=5.0,0.5,0.6103,50,4,0.1704,1.2249,1.3953,50,50,0.88
post_filter,overall>=5.0,0.5,0.6103,50,5,0.1178,1.0674,1.1852,50,50,1.0
post_filter,overall>=5.0,0.5,0.6103,50,6,0.1741,1.6419,1.816,50,50,1.0
post_filter,overall>=5.0,0.5,0.6103,50,7,0.3105,1.0449,1.3555,50,50,0.96
post_filter,overall>=5.0,0.5,0.6103,50,8,0.1458,2.1062,2.252,50,50,1.0
post_filter,overall>=5.0,0.5,0.6103,50,9,0.1066,1.3851,1.4917,50,50,0.98
post_filter,overall>=5.0,0.5,0.6103,50,10,0.2134,1.5021,1.7155,50,50,1.0
post_filter,overall>=5.0,0.5,0.6103,50,11,0.2947,1.4706,1.7653,50,50,0.98
post_filter,overall>=5.0,0.5,0.6103,50,12,0.0909,2.1662,2.2571,50,50,1.0
post_filter,overall>=5.0,0.5,0.6103,50,13,0.0821,1.0805,1.1627,50,50,0.98
post_filter,overall>=5.0,0.5,0.6103,50,14,0.2236,0.7645,0.9881,50,50,1.0
post_filter,overall>=5.0,0.5,0.6103,50,15,0.0804,0.6751,0.7555,50,50,1.0
post_filter,overall>=5.0,0.5,0.6103,50,16,0.267,1.6103,1.8772,50,50,1.0
post_filter,overall>=5.0,0.5,0.6103,50,17,0.1277,1.319,1.4468,50,50,0.98
post_filter,overall>=5.0,0.5,0.6103,50,18,0.2289,2.1622,2.3911,50,50,0.96
post_filter,overall>=5.0,0.5,0.6103,50,19,0.0897,1.3646,1.4542,50,50,0.98
post_filter,overall>=5.0,0.5,0.6103,50,20,0.1754,1.1891,1.3645,50,50,0.98
post_filter,overall>=5.0,0.5,0.6103,50,21,0.1779,1.3961,1.574,50,50,0.98
post_filter,overall>=5.0,0.5,0.6103,50,22,0.1468,1.12,1.2667,50,50,0.98
post_filter,overall>=5.0,0.5,0.6103,50,23,0.0753,1.3197,1.395,50,50,1.0
post_filter,overall>=5.0,0.5,0.6103,50,24,0.0895,1.3986,1.4882,50,50,1.0
post_filter,overall>=5.0,0.5,0.6103,50,25,0.0726,0.3988,0.4714,50,50,0.92
post_filter,overall>=5.0,0.5,0.6103,50,26,0.0705,1.3005,1.371,50,50,1.0
post_filter,overall>=5.0,0.5,0.6103,50,27,0.312,1.077,1.389,50,50,1.0
post_filter,overall>=5.0,0.5,0.6103,50,28,0.1445,1.278,1.4225,50,50,0.98
post_filter,overall>=5.0,0.5,0.6103,50,29,0.1628,0.7133,0.8762,50,50,1.0
post_filter,overall>=5.0,0.5,0.6103,50,30,0.0634,0.5595,0.6229,50,50,0.0
post_filter,overall>=5.0,0.5,0.6103,50,31,0.0779,1.1729,1.2508,50,50,1.0
post_filter,overall>=5.0,0.5,0.6103,50,32,0.9581,0.9368,1.8949,50,50,0.72
post_filter,overall>=5.0,0.5,0.6103,50,33,0.0897,0.7557,0.8454,50,50,1.0
post_filter,overall>=5.0,0.5,0.6103,50,34,0.0875,1.0848,1.1723,50,50,1.0
post_filter,overall>=5.0,0.5,0.6103,50,35,0.159,1.1354,1.2943,50,50,0.98
post_filter,overall>=5.0,0.5,0.6103,50,36,0.1914,0.9458,1.1372,50,50,0.98
post_filter,overall>=5.0,0.5,0.6103,50,37,0.0913,0.9005,0.9917,50,50,1.0
post_filter,overall>=5.0,0.5,0.6103,50,38,0.1857,1.7022,1.8879,50,50,0.92
post_filter,overall>=5.0,0.5,0.6103,50,39,0.0877,0.7518,0.8395,50,50,1.0
post_filter,overall>=5.0,0.5,0.6103,50,40,0.1295,1.9191,2.0486,50,50,0.96
post_filter,overall>=5.0,0.5,0.6103,50,41,0.5786,0.6572,1.2359,50,50,0.7
post_filter,overall>=5.0,0.5,0.6103,50,42,0.0981,0.9943,1.0924,50,50,0.98
post_filter,overall>=5.0,0.5,0.6103,50,43,0.0627,0.4934,0.5561,50,50,0.84
post_filter,overall>=5.0,0.5,0.6103,50,44,0.9165,0.7275,1.644,50,50,0.66
post_filter,overall>=5.0,0.5,0.6103,50,45,0.059,1.0655,1.1245,50,50,0.98
post_filter,overall>=5.0,0.5,0.6103,50,46,0.0691,0.9158,0.9849,50,50,1.0
post_filter,overall>=5.0,0.5,0.6103,50,47,0.0638,0.3185,0.3822,50,50,0.16
post_filter,overall>=5.0,0.5,0.6103,50,48,0.0694,1.0793,1.1488,50,50,1.0
post_filter,overall>=5.0,0.5,0.6103,50,49,0.0603,0.5232,0.5836,50,50,0.96
bitmap_prefilter,overall>=5.0,0.5,0.6103,50,0,0.1175,38.6115,38.729,118244,50,1.0
bitmap_prefilter,overall>=5.0,0.5,0.6103,50,1,0.1226,37.8883,38.0109,118244,50,1.0
bitmap_prefilter,overall>=5.0,0.5,0.6103,50,2,0.1151,37.8268,37.9419,118244,50,1.0
bitmap_prefilter,overall>=5.0,0.5,0.6103,50,3,0.1128,37.0675,37.1803,118244,50,1.0
bitmap_prefilter,overall>=5.0,0.5,0.6103,50,4,0.1092,37.1889,37.2981,118244,50,1.0
bitmap_prefilter,overall>=5.0,0.5,0.6103,50,5,0.105,36.9573,37.0623,118244,50,1.0
bitmap_prefilter,overall>=5.0,0.5,0.6103,50,6,0.105,37.6414,37.7464,118244,50,1.0
bitmap_prefilter,overall>=5.0,0.5,0.6103,50,7,0.1047,78.4335,78.5382,118244,50,1.0
bitmap_prefilter,overall>=5.0,0.5,0.6103,50,8,0.1423,42.776,42.9182,118244,50,1.0
bitmap_prefilter,overall>=5.0,0.5,0.6103,50,9,0.1336,38.7092,38.8428,118244,50,1.0
bitmap_prefilter,overall>=5.0,0.5,0.6103,50,10,0.124,36.6941,36.8182,118244,50,1.0
bitmap_prefilter,overall>=5.0,0.5,0.6103,50,11,0.1207,36.5638,36.6845,118244,50,1.0
bitmap_prefilter,overall>=5.0,0.5,0.6103,50,12,0.118,36.5123,36.6302,118244,50,1.0
bitmap_prefilter,overall>=5.0,0.5,0.6103,50,13,0.122,37.0831,37.2051,118244,50,1.0
bitmap_prefilter,overall>=5.0,0.5,0.6103,50,14,0.1143,36.1944,36.3087,118244,50,1.0
bitmap_prefilter,overall>=5.0,0.5,0.6103,50,15,0.1188,36.313,36.4319,118244,50,1.0
bitmap_prefilter,overall>=5.0,0.5,0.6103,50,16,0.1157,36.2196,36.3353,118244,50,1.0
bitmap_prefilter,overall>=5.0,0.5,0.6103,50,17,0.1158,36.0607,36.1766,118244,50,1.0
bitmap_prefilter,overall>=5.0,0.5,0.6103,50,18,0.109,35.8952,36.0042,118244,50,1.0
bitmap_prefilter,overall>=5.0,0.5,0.6103,50,19,0.1076,36.0928,36.2003,118244,50,1.0
bitmap_prefilter,overall>=5.0,0.5,0.6103,50,20,0.1076,36.1765,36.2842,118244,50,1.0
bitmap_prefilter,overall>=5.0,0.5,0.6103,50,21,0.1062,37.7271,37.8333,118244,50,0.98
bitmap_prefilter,overall>=5.0,0.5,0.6103,50,22,0.1089,38.3033,38.4123,118244,50,1.0
bitmap_prefilter,overall>=5.0,0.5,0.6103,50,23,0.1093,36.3014,36.4107,118244,50,1.0
bitmap_prefilter,overall>=5.0,0.5,0.6103,50,24,0.1063,36.1338,36.2401,118244,50,1.0
bitmap_prefilter,overall>=5.0,0.5,0.6103,50,25,0.1131,36.0405,36.1536,118244,50,1.0
bitmap_prefilter,overall>=5.0,0.5,0.6103,50,26,0.1186,36.2531,36.3718,118244,50,1.0
bitmap_prefilter,overall>=5.0,0.5,0.6103,50,27,0.1114,35.9159,36.0273,118244,50,1.0
bitmap_prefilter,overall>=5.0,0.5,0.6103,50,28,0.108,35.8118,35.9198,118244,50,1.0
bitmap_prefilter,overall>=5.0,0.5,0.6103,50,29,0.1172,35.8371,35.9543,118244,50,1.0
bitmap_prefilter,overall>=5.0,0.5,0.6103,50,30,0.1065,36.0411,36.1476,118244,50,0.98
bitmap_prefilter,overall>=5.0,0.5,0.6103,50,31,0.1056,35.949,36.0547,118244,50,1.0
bitmap_prefilter,overall>=5.0,0.5,0.6103,50,32,0.107,36.176,36.283,118244,50,1.0
bitmap_prefilter,overall>=5.0,0.5,0.6103,50,33,0.1045,36.2287,36.3332,118244,50,1.0
bitmap_prefilter,overall>=5.0,0.5,0.6103,50,34,0.1057,36.0483,36.154,118244,50,1.0
bitmap_prefilter,overall>=5.0,0.5,0.6103,50,35,0.1056,35.8593,35.9649,118244,50,1.0
bitmap_prefilter,overall>=5.0,0.5,0.6103,50,36,0.1041,36.0258,36.13,118244,50,1.0
bitmap_prefilter,overall>=5.0,0.5,0.6103,50,37,0.1044,36.1389,36.2433,118244,50,1.0
bitmap_prefilter,overall>=5.0,0.5,0.6103,50,38,0.1037,36.5017,36.6054,118244,50,1.0
bitmap_prefilter,overall>=5.0,0.5,0.6103,50,39,0.1052,35.8514,35.9566,118244,50,1.0
bitmap_prefilter,overall>=5.0,0.5,0.6103,50,40,0.1037,36.175,36.2787,118244,50,1.0
bitmap_prefilter,overall>=5.0,0.5,0.6103,50,41,0.1036,36.1606,36.2643,118244,50,1.0
bitmap_prefilter,overall>=5.0,0.5,0.6103,50,42,0.1042,35.8263,35.9306,118244,50,1.0
bitmap_prefilter,overall>=5.0,0.5,0.6103,50,43,0.1128,36.0619,36.1747,118244,50,0.98
bitmap_prefilter,overall>=5.0,0.5,0.6103,50,44,0.103,36.4448,36.5478,118244,50,1.0
bitmap_prefilter,overall>=5.0,0.5,0.6103,50,45,0.1115,35.9707,36.0822,118244,50,1.0
bitmap_prefilter,overall>=5.0,0.5,0.6103,50,46,0.1045,35.997,36.1016,118244,50,1.0
bitmap_prefilter,overall>=5.0,0.5,0.6103,50,47,0.1031,35.9934,36.0965,118244,50,0.0
bitmap_prefilter,overall>=5.0,0.5,0.6103,50,48,0.105,36.221,36.326,118244,50,1.0
bitmap_prefilter,overall>=5.0,0.5,0.6103,50,49,0.1032,36.0457,36.1489,118244,50,1.0
