strategy,filter_name,target_selectivity,actual_selectivity,top_k,query_idx,filter_time_ms,search_time_ms,total_time_ms,candidates_after_filter,results_returned,recall
brute_force,verified=true AND overall<=4.0,0.27,0.2715,10,0,0.0462,23.5721,23.6184,10,10,1.0
brute_force,verified=true AND overall<=4.0,0.27,0.2715,10,1,0.079,23.4886,23.5676,10,10,1.0
brute_force,verified=true AND overall<=4.0,0.27,0.2715,10,2,0.0873,23.6357,23.723,10,10,1.0
brute_force,verified=true AND overall<=4.0,0.27,0.2715,10,3,0.064,24.1832,24.2472,10,10,1.0
brute_force,verified=true AND overall<=4.0,0.27,0.2715,10,4,0.0398,24.5919,24.6318,10,10,1.0
brute_force,verified=true AND overall<=4.0,0.27,0.2715,10,5,0.0661,24.0389,24.105,10,10,1.0
brute_force,verified=true AND overall<=4.0,0.27,0.2715,10,6,0.0424,24.179,24.2215,10,10,1.0
brute_force,verified=true AND overall<=4.0,0.27,0.2715,10,7,0.0339,23.7682,23.8021,10,10,1.0
brute_force,verified=true AND overall<=4.0,0.27,0.2715,10,8,0.0459,24.975,25.0209,10,10,1.0
brute_force,verified=true AND overall<=4.0,0.27,0.2715,10,9,0.0485,24.1498,24.1983,10,10,1.0
brute_force,verified=true AND overall<=4.0,0.27,0.2715,10,10,0.0482,25.2189,25.267,10,10,1.0
brute_force,verified=true AND overall<=4.0,0.27,0.2715,10,11,0.0364,23.8289,23.8653,10,10,1.0
brute_force,verified=true AND overall<=4.0,0.27,0.2715,10,12,0.057,24.3077,24.3647,10,10,1.0
brute_force,verified=true AND overall<=4.0,0.27,0.2715,10,13,0.0761,24.2365,24.3126,10,10,1.0
brute_force,verified=true AND overall<=4.0,0.27,0.2715,10,14,0.0211,24.6293,24.6504,10,10,1.0
brute_force,verified=true AND overall<=4.0,0.27,0.2715,10,15,0.0279,24.4348,24.4627,10,10,1.0
brute_force,verified=true AND overall<=4.0,0.27,0.2715,10,16,0.0693,25.0104,25.0797,10,10,1.0
brute_force,verified=true AND overall<=4.0,0.27,0.2715,10,17,0.0398,24.7269,24.7667,10,10,1.0
brute_force,verified=true AND overall<=4.0,0.27,0.2715,10,18,0.0458,24.0399,24.0857,10,10,1.0
brute_force,verified=true AND overall<=4.0,0.27,0.2715,10,19,0.054,25.3204,25.3744,10,10,1.0
brute_force,verified=true AND overall<=4.0,0.27,0.2715,10,20,0.0735,26.2768,26.3503,10,10,1.0
brute_force,verified=true AND overall<=4.0,0.27,0.2715,10,21,0.0405,24.7215,24.762,10,10,1.0
brute_force,verified=true AND overall<=4.0,0.27,0.2715,10,22,0.0289,24.8794,24.9083,10,10,1.0
brute_force,verified=true AND overall<=4.0,0.27,0.2715,10,23,0.0675,24.8228,24.8903,10,10,1.0
brute_force,verified=true AND overall<=4.0,0.27,0.2715,10,24,0.0779,25.3258,25.4037,10,10,1.0
brute_force,verified=true AND overall<=4.0,0.27,0.2715,10,25,0.0565,24.6083,24.6647,10,10,1.0
brute_force,verified=true AND overall<=4.0,0.27,0.2715,10,26,0.1053,24.4312,24.5365,10,10,1.0
brute_force,verified=true AND overall<=4.0,0.27,0.2715,10,27,0.0485,23.9149,23.9634,10,10,1.0
brute_force,verified=true AND overall<=4.0,0.27,0.2715,10,28,0.0287,24.5188,24.5475,10,10,1.0
brute_force,verified=true AND overall<=4.0,0.27,0.2715,10,29,0.0318,24.7768,24.8085,10,10,1.0
brute_force,verified=true AND overall<=4.0,0.27,0.2715,10,30,0.0643,23.785,23.8493,10,10,1.0
brute_force,verified=true AND overall<=4.0,0.27,0.2715,10,31,0.0323,24.0452,24.0775,10,10,1.0
brute_force,verified=true AND overall<=4.0,0.27,0.2715,10,32,0.0233,24.0475,24.0708,10,10,1.0
brute_force,verified=true AND overall<=4.0,0.27,0.2715,10,33,0.0311,23.9883,24.0194,10,10,1.0
brute_force,verified=true AND overall<=4.0,0.27,0.2715,10,34,0.0474,23.8958,23.9431,10,10,1.0
brute_force,verified=true AND overall<=4.0,0.27,0.2715,10,35,0.0375,24.078,24.1155,10,10,1.0
brute_force,verified=true AND overall<=4.0,0.27,0.2715,10,36,0.0185,24.0773,24.0957,10,10,1.0
brute_force,verified=true AND overall<=4.0,0.27,0.2715,10,37,0.0997,24.1717,24.2714,10,10,1.0
brute_force,verified=true AND overall<=4.0,0.27,0.2715,10,38,0.0254,24.4944,24.5198,10,10,1.0
brute_force,verified=true AND overall<=4.0,0.27,0.2715,10,39,0.0827,24.9708,25.0534,10,10,1.0
brute_force,verified=true AND overall<=4.0,0.27,0.2715,10,40,0.0327,23.8079,23.8406,10,10,1.0
brute_force,verified=true AND overall<=4.0,0.27,0.2715,10,41,0.0199,23.9159,23.9358,10,10,1.0
brute_force,verified=true AND overall<=4.0,0.27,0.2715,10,42,0.0536,24.0781,24.1317,10,10,1.0
brute_force,verified=true AND overall<=4.0,0.27,0.2715,10,43,0.047,24.2916,24.3386,10,10,1.0
brute_force,verified=true AND overall<=4.0,0.27,0.2715,10,44,0.0173,24.1619,24.1792,10,10,1.0
brute_force,verified=true AND overall<=4.0,0.27,0.2715,10,45,0.1276,24.2678,24.3954,10,10,1.0
brute_force,verified=true AND overall<=4.0,0.27,0.2715,10,46,0.0437,24.1991,24.2428,10,10,1.0
brute_force,verified=true AND overall<=4.0,0.27,0.2715,10,47,0.0385,24.2923,24.3308,10,10,1.0
brute_force,verified=true AND overall<=4.0,0.27,0.2715,10,48,0.0685,24.3124,24.381,10,10,1.0
brute_force,verified=true AND overall<=4.0,0.27,0.2715,10,49,0.0877,24.4635,24.5513,10,10,1.0
naive_prefilter,verified=true AND overall<=4.0,0.27,0.2715,10,0,24.4179,21.1033,45.5212,52601,10,1.0
naive_prefilter,verified=true AND overall<=4.0,0.27,0.2715,10,1,24.2645,21.1405,45.405,52601,10,1.0
naive_prefilter,verified=true AND overall<=4.0,0.27,0.2715,10,2,24.7347,21.018,45.7527,52601,10,1.0
naive_prefilter,verified=true AND overall<=4.0,0.27,0.2715,10,3,24.3792,21.0707,45.4499,52601,10,1.0
naive_prefilter,verified=true AND overall<=4.0,0.27,0.2715,10,4,24.3236,21.2917,45.6153,52601,10,1.0
naive_prefilter,verified=true AND overall<=4.0,0.27,0.2715,10,5,24.2626,21.4564,45.719,52601,10,1.0
naive_prefilter,verified=true AND overall<=4.0,0.27,0.2715,10,6,24.3294,21.1071,45.4365,52601,10,1.0
naive_prefilter,verified=true AND overall<=4.0,0.27,0.2715,10,7,24.2993,21.1407,45.4401,52601,10,1.0
naive_prefilter,verified=true AND overall<=4.0,0.27,0.2715,10,8,24.1177,21.0218,45.1395,52601,10,1.0
naive_prefilter,verified=true AND overall<=4.0,0.27,0.2715,10,9,24.3665,20.9882,45.3546,52601,10,1.0
naive_prefilter,verified=true AND overall<=4.0,0.27,0.2715,10,10,24.3925,21.017,45.4095,52601,10,1.0
naive_prefilter,verified=true AND overall<=4.0,0.27,0.2715,10,11,24.3641,21.1395,45.5035,52601,10,1.0
naive_prefilter,verified=true AND overall<=4.0,0.27,0.2715,10,12,24.1702,21.135,45.3053,52601,10,1.0
naive_prefilter,verified=true AND overall<=4.0,0.27,0.2715,10,13,24.2582,21.0483,45.3065,52601,10,1.0
naive_prefilter,verified=true AND overall<=4.0,0.27,0.2715,10,14,24.3047,21.0475,45.3522,52601,10,1.0
naive_prefilter,verified=true AND overall<=4.0,0.27,0.2715,10,15,24.208,21.003,45.211,52601,10,1.0
naive_prefilter,verified=true AND overall<=4.0,0.27,0.2715,10,16,24.2315,20.9944,45.2258,52601,10,1.0
naive_prefilter,verified=true AND overall<=4.0,0.27,0.2715,10,17,24.2103,21.0342,45.2445,52601,10,1.0
naive_prefilter,verified=true AND overall<=4.0,0.27,0.2715,10,18,24.2005,21.1315,45.332,52601,10,1.0
naive_prefilter,verified=true AND overall<=4.0,0.27,0.2715,10,19,24.236,21.0388,45.2748,52601,10,1.0
naive_prefilter,verified=true AND overall<=4.0,0.27,0.2715,10,20,24.1155,20.9841,45.0997,52601,10,1.0
naive_prefilter,verified=true AND overall<=4.0,0.27,0.2715,10,21,24.1776,21.1517,45.3292,52601,10,1.0
naive_prefilter,verified=true AND overall<=4.0,0.27,0.2715,10,22,24.2107,21.0744,45.285,52601,10,1.0
naive_prefilter,verified=true AND overall<=4.0,0.27,0.2715,10,23,24.325,21.0225,45.3475,52601,10,1.0
naive_prefilter,verified=true AND overall<=4.0,0.27,0.2715,10,24,24.111,21.0915,45.2025,52601,10,1.0
naive_prefilter,verified=true AND overall<=4.0,0.27,0.2715,10,25,24.3443,21.0176,45.3619,52601,10,1.0
naive_prefilter,verified=true AND overall<=4.0,0.27,0.2715,10,26,24.1335,21.0365,45.17,52601,10,1.0
naive_prefilter,verified=true AND overall<=4.0,0.27,0.2715,10,27,24.2291,21.135,45.3642,52601,10,1.0
naive_prefilter,verified=true AND overall<=4.0,0.27,0.2715,10,28,24.366,21.031,45.397,52601,10,1.0
naive_prefilter,verified=true AND overall<=4.0,0.27,0.2715,10,29,24.1435,21.3478,45.4913,52601,10,1.0
naive_prefilter,verified=true AND overall<=4.0,0.27,0.2715,10,30,24.2711,20.9816,45.2527,52601,10,1.0
naive_prefilter,verified=true AND overall<=4.0,0.27,0.2715,10,31,24.2614,21.2049,45.4663,52601,10,1.0
naive_prefilter,verified=true AND overall<=4.0,0.27,0.2715,10,32,24.1529,21.012,45.1649,52601,10,1.0
naive_prefilter,verified=true AND overall<=4.0,0.27,0.2715,10,33,24.3727,21.0294,45.402,52601,10,1.0
naive_prefilter,verified=true AND overall<=4.0,0.27,0.2715,10,34,24.3766,20.931,45.3076,52601,10,1.0
naive_prefilter,verified=true AND overall<=4.0,0.27,0.2715,10,35,24.1565,20.9792,45.1357,52601,10,1.0
naive_prefilter,verified=true AND overall<=4.0,0.27,0.2715,10,36,24.3619,21.0589,45.4208,52601,10,1.0
naive_prefilter,verified=true AND overall<=4.0,0.27,0.2715,10,37,24.3629,20.9897,45.3526,52601,10,1.0
naive_prefilter,verified=true AND overall<=4.0,0.27,0.2715,10,38,24.0028,21.0069,45.0097,52601,10,1.0
naive_prefilter,verified=true AND overall<=4.0,0.27,0.2715,10,39,24.2743,20.9833,45.2575,52601,10,1.0
naive_prefilter,verified=true AND overall<=4.0,0.27,0.2715,10,40,24.2749,21.1157,45.3906,52601,10,1.0
naive_prefilter,verified=true AND overall<=4.0,0.27,0.2715,10,41,24.3442,21.0574,45.4017,52601,10,1.0
naive_prefilter,verified=true AND overall<=4.0,0.27,0.2715,10,42,24.3642,21.002,45.3662,52601,10,1.0
naive_prefilter,verified=true AND overall<=4.0,0.27,0.2715,10,43,24.3505,20.9782,45.3286,52601,10,1.0
naive_prefilter,verified=true AND overall<=4.0,0.27,0.2715,10,44,24.2189,21.054,45.273,52601,10,1.0
naive_prefilter,verified=true AND overall<=4.0,0.27,0.2715,10,45,24.3144,21.024,45.3385,52601,10,1.0
naive_prefilter,verified=true AND overall<=4.0,0.27,0.2715,10,46,24.6102,21.2162,45.8264,52601,10,1.0
naive_prefilter,verified=true AND overall<=4.0,0.27,0.2715,10,47,24.2749,21.1115,45.3864,52601,10,0.0
naive_prefilter,verified=true AND overall<=4.0,0.27,0.2715,10,48,24.353,21.1352,45.4881,52601,10,1.0
naive_prefilter,verified=true AND overall<=4.0,0.27,0.2715,10,49,24.3891,21.1153,45.5044,52601,10,1.0
post_filter,verified=true AND overall<=4.0,0.27,0.2715,10,0,0.0132,0.3753,0.3885,10,10,1.0
post_filter,verified=true AND overall<=4.0,0.27,0.2715,10,1,0.0521,1.5989,1.651,10,10,1.0
post_filter,verified=true AND overall<=4.0,0.27,0.2715,10,2,0.0588,1.2985,1.3573,10,10,1.0
post_filter,verified=true AND overall<=4.0,0.27,0.2715,10,3,0.0458,1.3782,1.424,10,10,1.0
post_filter,verified=true AND overall<=4.0,0.27,0.2715,10,4,0.0259,1.8468,1.8727,10,10,1.0
post_filter,verified=true AND overall<=4.0,0.27,0.2715,10,5,0.0703,1.2701,1.3404,10,10,1.0
post_filter,verified=true AND overall<=4.0,0.27,0.2715,10,6,0.0276,1.5468,1.5744,10,10,1.0
post_filter,verified=true AND overall<=4.0,0.27,0.2715,10,7,0.0152,0.9536,0.9688,10,10,1.0
post_filter,verified=true AND overall<=4.0,0.27,0.2715,10,8,0.0217,1.2095,1.2312,10,10,1.0
post_filter,verified=true AND overall<=4.0,0.27,0.2715,10,9,0.034,1.1917,1.2257,10,10,1.0
post_filter,verified=true AND overall<=4.0,0.27,0.2715,10,10,0.0323,1.0358,1.068,10,10,1.0
post_filter,verified=true AND overall<=4.0,0.27,0.2715,10,11,0.0238,0.9404,0.9641,10,10,1.0
post_filter,verified=true AND overall<=4.0,0.27,0.2715,10,12,0.0375,0.728,0.7655,10,10,1.0
post_filter,verified=true AND overall<=4.0,0.27,0.2715,10,13,0.0624,0.888,0.9505,10,10,1.0
post_filter,verified=true AND overall<=4.0,0.27,0.2715,10,14,0.0135,0.6067,0.6202,10,10,1.0
post_filter,verified=true AND overall<=4.0,0.27,0.2715,10,15,0.018,0.4465,0.4645,10,10,1.0
post_filter,verified=true AND overall<=4.0,0.27,0.2715,10,16,0.0558,1.1067,1.1625,10,10,1.0
post_filter,verified=true AND overall<=4.0,0.27,0.2715,10,17,0.0288,0.9097,0.9384,10,10,0.9
post_filter,verified=true AND overall<=4.0,0.27,0.2715,10,18,0.0243,0.8388,0.8631,10,10,1.0
post_filter,verified=true AND overall<=4.0,0.27,0.2715,10,19,0.0359,0.9052,0.9411,10,10,1.0
post_filter,verified=true AND overall<=4.0,0.27,0.2715,10,20,0.0526,0.7458,0.7984,10,10,1.0
post_filter,verified=true AND overall<=4.0,0.27,0.2715,10,21,0.0232,0.644,0.6672,10,10,1.0
post_filter,verified=true AND overall<=4.0,0.27,0.2715,10,22,0.02,0.8746,0.8947,10,10,1.0
post_filter,verified=true AND overall<=4.0,0.27,0.2715,10,23,0.0579,0.8592,0.917,10,10,1.0
post_filter,verified=true AND overall<=4.0,0.27,0.2715,10,24,0.0497,0.9407,0.9904,10,10,1.0
post_filter,verified=true AND overall<=4.0,0.27,0.2715,10,25,0.0369,0.3052,0.3421,10,10,0.9
post_filter,verified=true AND overall<=4.0,0.27,0.2715,10,26,0.073,0.799,0.872,10,10,1.0
post_filter,verified=true AND overall<=4.0,0.27,0.2715,10,27,0.0324,0.7375,0.77,10,10,1.0
post_filter,verified=true AND overall<=4.0,0.27,0.2715,10,28,0.0259,1.0283,1.0542,10,10,1.0
post_filter,verified=true AND overall<=4.0,0.27,0.2715,10,29,0.021,0.6668,0.6878,10,10,1.0
post_filter,verified=true AND overall<=4.0,0.27,0.2715,10,30,0.0657,0.4733,0.539,10,10,0.0
post_filter,verified=true AND overall<=4.0,0.27,0.2715,10,31,0.0282,0.8648,0.893,10,10,1.0
post_filter,verified=true AND overall<=4.0,0.27,0.2715,10,32,0.0135,0.7355,0.749,10,10,1.0
post_filter,verified=true AND overall<=4.0,0.27,0.2715,10,33,0.022,0.4475,0.4695,10,10,1.0
post_filter,verified=true AND overall<=4.0,0.27,0.2715,10,34,0.0293,0.8178,0.847,10,10,1.0
post_filter,verified=true AND overall<=4.0,0.27,0.2715,10,35,0.0238,0.842,0.8659,10,10,1.0
post_filter,verified=true AND overall<=4.0,0.27,0.2715,10,36,0.0142,0.7748,0.789,10,10,1.0
post_filter,verified=true AND overall<=4.0,0.27,0.2715,10,37,0.08,0.6488,0.7288,10,10,1.0
post_filter,verified=true AND overall<=4.0,0.27,0.2715,10,38,0.0194,0.9753,0.9947,10,10,1.0
post_filter,verified=true AND overall<=4.0,0.27,0.2715,10,39,0.0674,0.5407,0.6081,10,10,1.0
post_filter,verified=true AND overall<=4.0,0.27,0.2715,10,40,0.0193,0.9625,0.9818,10,10,1.0
post_filter,verified=true AND overall<=4.0,0.27,0.2715,10,41,0.0126,0.5307,0.5433,10,10,1.0
post_filter,verified=true AND overall<=4.0,0.27,0.2715,10,42,0.0387,0.749,0.7876,10,10,1.0
post_filter,verified=true AND overall<=4.0,0.27,0.2715,10,43,0.0352,0.4469,0.4821,10,10,0.8
post_filter,verified=true AND overall<=4.0,0.27,0.2715,10,44,0.012,0.6042,0.6162,10,10,1.0
post_filter,verified=true AND overall<=4.0,0.27,0.2715,10,45,0.1042,0.8355,0.9397,10,10,0.9
post_filter,verified=true AND overall<=4.0,0.27,0.2715,10,46,0.0364,0.6982,0.7347,10,10,1.0
post_filter,verified=true AND overall<=4.0,0.27,0.2715,10,47,0.0326,0.2469,0.2795,10,10,0.2
post_filter,verified=true AND overall<=4.0,0.27,0.2715,10,48,0.0537,0.8302,0.8839,10,10,1.0
post_filter,verified=true AND overall<=4.0,0.27,0.2715,10,49,0.0685,0.4246,0.4932,10,10,0.9
bitmap_prefilter,verified=true AND overall<=4.0,0.27,0.2715,10,0,0.082,20.1655,20.2475,52601,10,1.0
bitmap_prefilter,verified=true AND overall<=4.0,0.27,0.2715,10,1,0.0755,20.1941,20.2696,52601,10,1.0
bitmap_prefilter,verified=true AND overall<=4.0,0.27,0.2715,10,2,0.0738,20.1547,20.2284,52601,10,1.0
bitmap_prefilter,verified=true AND overall<=4.0,0.27,0.2715,10,3,0.0727,20.1962,20.2689,52601,10,1.0
bitmap_prefilter,verified=true AND overall<=4.0,0.27,0.2715,10,4,0.0833,20.1038,20.1871,52601,10,1.0
bitmap_prefilter,verified=true AND overall<=4.0,0.27,0.2715,10,5,0.0911,20.1101,20.2012,52601,10,1.0
bitmap_prefilter,verified=true AND overall<=4.0,0.27,0.2715,10,6,0.0707,20.3851,20.4558,52601,10,1.0
bitmap_prefilter,verified=true AND overall<=4.0,0.27,0.2715,10,7,0.071,20.08,20.151,52601,10,1.0
bitmap_prefilter,verified=true AND overall<=4.0,0.27,0.2715,10,8,0.0864,20.1991,20.2855,52601,10,1.0
bitmap_prefilter,verified=true AND overall<=4.0,0.27,0.2715,10,9,0.0827,20.1623,20.245,52601,10,1.0
bitmap_prefilter,verified=true AND overall<=4.0,0.27,0.2715,10,10,0.077,20.0302,20.1072,52601,10,1.0
bitmap_prefilter,verified=true AND overall<=4.0,0.27,0.2715,10,11,0.0856,20.227,20.3126,52601,10,1.0
bitmap_prefilter,verified=true AND overall<=4.0,0.27,0.2715,10,12,0.0734,20.1068,20.1802,52601,10,1.0
bitmap_prefilter,verified=true AND overall<=4.0,0.27,0.2715,10,13,0.0738,20.2903,20.364,52601,10,1.0
bitmap_prefilter,verified=true AND overall<=4.0,0.27,0.2715,10,14,0.0698,20.1306,20.2004,52601,10,1.0
bitmap_prefilter,verified=true AND overall<=4.0,0.27,0.2715,10,15,0.0709,20.2076,20.2785,52601,10,1.0
bitmap_prefilter,verified=true AND overall<=4.0,0.27,0.2715,10,16,0.0701,20.1843,20.2544,52601,10,1.0
bitmap_prefilter,verified=true AND overall<=4.0,0.27,0.2715,10,17,0.0692,20.1057,20.1749,52601,10,1.0
bitmap_prefilter,verified=true AND overall<=4.0,0.27,0.2715,10,18,0.0717,20.1083,20.18,52601,10,1.0
bitmap_prefilter,verified=true AND overall<=4.0,0.27,0.2715,10,19,0.0687,20.1238,20.1925,52601,10,1.0
bitmap_prefilter,verified=true AND overall<=4.0,0.27,0.2715,10,20,0.0686,20.1086,20.1772,52601,10,1.0
bitmap_prefilter,verified=true AND overall<=4.0,0.27,0.2715,10,21,0.0704,20.3494,20.4198,52601,10,1.0
bitmap_prefilter,verified=true AND overall<=4.0,0.27,0.2715,10,22,0.0738,20.1363,20.21,52601,10,1.0
bitmap_prefilter,verified=true AND overall<=4.0,0.27,0.2715,10,23,0.0703,20.0484,20.1187,52601,10,1.0
bitmap_prefilter,verified=true AND overall<=4.0,0.27,0.2715,10,24,0.0746,20.1495,20.2241,52601,10,1.0
bitmap_prefilter,verified=true AND overall<=4.0,0.27,0.2715,10,25,0.0691,20.0661,20.1353,52601,10,1.0
bitmap_prefilter,verified=true AND overall<=4.0,0.27,0.2715,10,26,0.0695,20.1266,20.1961,52601,10,1.0
bitmap_prefilter,verified=true AND overall<=4.0,0.27,0.2715,10,27,0.0785,20.1165,20.195,52601,10,1.0
bitmap_prefilter,verified=true AND overall<=4.0,0.27,0.2715,10,28,0.0695,20.2275,20.297,52601,10,1.0
bitmap_prefilter,verified=true AND overall<=4.0,0.27,0.2715,10,29,0.0684,20.0717,20.1401,52601,10,1.0
bitmap_prefilter,verified=true AND overall<=4.0,0.27,0.2715,10,30,0.0688,20.152,20.2208,52601,10,1.0
bitmap_prefilter,verified=true AND overall<=4.0,0.27,0.2715,10,31,0.0686,20.063,20.1316,52601,10,1.0
bitmap_prefilter,verified=true AND overall<=4.0,0.27,0.2715,10,32,0.0678,21.1666,21.2344,52601,10,1.0
bitmap_prefilter,verified=true AND overall<=4.0,0.27,0.2715,10,33,0.073,20.9269,20.9998,52601,10,1.0
bitmap_prefilter,verified=true AND overall<=4.0,0.27,0.2715,10,34,0.0763,20.1125,20.1888,52601,10,1.0
bitmap_prefilter,verified=true AND overall<=4.0,0.27,0.2715,10,35,0.0686,20.4241,20.4927,52601,10,1.0
bitmap_prefilter,verified=true AND overall<=4.0,0.27,0.2715,10,36,0.0718,20.1019,20.1737,52601,10,1.0
bitmap_prefilter,verified=true AND overall<=4.0,0.27,0.2715,10,37,0.0716,20.0925,20.1641,52601,10,1.0
bitmap_prefilter,verified=true AND overall<=4.0,0.27,0.2715,10,38,0.0707,20.3742,20.445,52601,10,1.0
bitmap_prefilter,verified=true AND overall<=4.0,0.27,0.2715,10,39,0.0723,20.187,20.2593,52601,10,1.0
bitmap_prefilter,verified=true AND overall<=4.0,0.27,0.2715,10,40,0.0695,20.2544,20.3239,52601,10,1.0
bitmap_prefilter,verified=true AND overall<=4.0,0.27,0.2715,10,41,0.0682,20.3904,20.4586,52601,10,1.0
bitmap_prefilter,verified=true AND overall<=4.0,0.27,0.2715,10,42,0.069,20.2815,20.3505,52601,10,1.0
bitmap_prefilter,verified=true AND overall<=4.0,0.27,0.2715,10,43,0.0698,20.1948,20.2646,52601,10,1.0
bitmap_prefilter,verified=true AND overall<=4.0,0.27,0.2715,10,44,0.0679,20.1716,20.2395,52601,10,1.0
bitmap_prefilter,verified=true AND overall<=4.0,0.27,0.2715,10,45,0.0673,20.2476,20.3149,52601,10,1.0
bitmap_prefilter,verified=true AND overall<=4.0,0.27,0.2715,10,46,0.0682,20.2196,20.2878,52601,10,1.0
bitmap_prefilter,verified=true AND overall<=4.0,0.27,0.2715,10,47,0.0688,20.0962,20.165,52601,10,0.0
bitmap_prefilter,verified=true AND overall<=4.0,0.27,0.2715,10,48,0.0702,20.1485,20.2187,52601,10,1.0
bitmap_prefilter,verified=true AND overall<=4.0,0.27,0.2715,10,49,0.0708,20.2244,20.2951,52601,10,1.0
brute_force,verified=true AND overall<=4.0,0.27,0.2715,50,0,0.1602,23.8007,23.9609,50,50,1.0
brute_force,verified=true AND overall<=4.0,0.27,0.2715,50,1,0.4061,24.3902,24.7963,50,50,1.0
brute_force,verified=true AND overall<=4.0,0.27,0.2715,50,2,0.3626,24.7705,25.1331,50,50,1.0
brute_force,verified=true AND overall<=4.0,0.27,0.2715,50,3,0.1772,24.1782,24.3555,50,50,1.0
brute_force,verified=true AND overall<=4.0,0.27,0.2715,50,4,0.0962,24.2519,24.3481,50,50,1.0
brute_force,verified=true AND overall<=4.0,0.27,0.2715,50,5,0.1603,24.627,24.7873,50,50,1.0
brute_force,verified=true AND overall<=4.0,0.27,0.2715,50,6,0.1119,25.0646,25.1765,50,50,1.0
brute_force,verified=true AND overall<=4.0,0.27,0.2715,50,7,0.0791,24.8656,24.9447,50,50,1.0
brute_force,verified=true AND overall<=4.0,0.27,0.2715,50,8,0.1052,25.0513,25.1566,50,50,0.96
brute_force,verified=true AND overall<=4.0,0.27,0.2715,50,9,0.1557,24.7485,24.9042,50,50,1.0
brute_force,verified=true AND overall<=4.0,0.27,0.2715,50,10,0.1739,25.0655,25.2395,50,50,1.0
brute_force,verified=true AND overall<=4.0,0.27,0.2715,50,11,0.1322,25.0316,25.1638,50,50,1.0
brute_force,verified=true AND overall<=4.0,0.27,0.2715,50,12,0.1419,25.1884,25.3303,50,50,1.0
brute_force,verified=true AND overall<=4.0,0.27,0.2715,50,13,0.2823,24.9427,25.225,50,50,1.0
brute_force,verified=true AND overall<=4.0,0.27,0.2715,50,14,0.0716,25.1218,25.1935,50,50,1.0
brute_force,verified=true AND overall<=4.0,0.27,0.2715,50,15,0.1127,25.0059,25.1185,50,50,1.0
brute_force,verified=true AND overall<=4.0,0.27,0.2715,50,16,0.2866,25.2047,25.4912,50,50,1.0
brute_force,verified=true AND overall<=4.0,0.27,0.2715,50,17,0.1752,24.402,24.5773,50,50,1.0
brute_force,verified=true AND overall<=4.0,0.27,0.2715,50,18,0.1447,61.5053,61.65,50,50,1.0
brute_force,verified=true AND overall<=4.0,0.27,0.2715,50,19,0.2282,25.3056,25.5338,50,50,1.0
brute_force,verified=true AND overall<=4.0,0.27,0.2715,50,20,0.3161,25.0627,25.3788,50,50,1.0
brute_force,verified=true AND overall<=4.0,0.27,0.2715,50,21,0.1357,25.0418,25.1775,50,50,1.0
brute_force,verified=true AND overall<=4.0,0.27,0.2715,50,22,0.1853,25.0723,25.2576,50,50,1.0
brute_force,verified=true AND overall<=4.0,0.27,0.2715,50,23,0.2554,25.1578,25.4132,50,50,0.98
brute_force,verified=true AND overall<=4.0,0.27,0.2715,50,24,0.3053,24.787,25.0924,50,50,1.0
brute_force,verified=true AND overall<=4.0,0.27,0.2715,50,25,0.3669,24.9553,25.3222,50,50,1.0
brute_force,verified=true AND overall<=4.0,0.27,0.2715,50,26,0.2705,24.904,25.1745,50,50,1.0
brute_force,verified=true AND overall<=4.0,0.27,0.2715,50,27,0.1275,24.7329,24.8604,50,50,1.0
brute_force,verified=true AND overall<=4.0,0.27,0.2715,50,28,0.099,24.7331,24.8321,50,50,1.0
brute_force,verified=true AND overall<=4.0,0.27,0.2715,50,29,0.1427,24.7631,24.9058,50,50,1.0
brute_force,verified=true AND overall<=4.0,0.27,0.2715,50,30,0.3065,24.6938,25.0003,50,50,1.0
brute_force,verified=true AND overall<=4.0,0.27,0.2715,50,31,0.1656,24.5623,24.7279,50,50,1.0
brute_force,verified=true AND overall<=4.0,0.27,0.2715,50,32,0.0739,24.8506,24.9245,50,50,1.0
brute_force,verified=true AND overall<=4.0,0.27,0.2715,50,33,0.0916,24.7165,24.8081,50,50,1.0
brute_force,verified=true AND overall<=4.0,0.27,0.2715,50,34,0.1292,24.608,24.7372,50,50,1.0
brute_force,verified=true AND overall<=4.0,0.27,0.2715,50,35,0.1527,24.8021,24.9548,50,50,1.0
brute_force,verified=true AND overall<=4.0,0.27,0.2715,50,36,0.0834,24.8269,24.9103,50,50,1.0
brute_force,verified=true AND overall<=4.0,0.27,0.2715,50,37,0.2853,24.7053,24.9906,50,50,1.0
brute_force,verified=true AND overall<=4.0,0.27,0.2715,50,38,0.1309,24.359,24.4899,50,50,1.0
brute_force,verified=true AND overall<=4.0,0.27,0.2715,50,39,0.2752,26.1307,26.4059,50,50,1.0
brute_force,verified=true AND overall<=4.0,0.27,0.2715,50,40,0.0987,24.6422,24.7409,50,50,1.0
brute_force,verified=true AND overall<=4.0,0.27,0.2715,50,41,0.0805,25.0171,25.0976,50,50,1.0
brute_force,verified=true AND overall<=4.0,0.27,0.2715,50,42,0.1788,50.119,50.2978,50,50,1.0
brute_force,verified=true AND overall<=4.0,0.27,0.2715,50,43,0.233,30.6335,30.8665,50,50,1.0
brute_force,verified=true AND overall<=4.0,0.27,0.2715,50,44,0.0732,24.8738,24.947,50,50,1.0
brute_force,verified=true AND overall<=4.0,0.27,0.2715,50,45,0.3755,25.5208,25.8963,50,50,1.0
brute_force,verified=true AND overall<=4.0,0.27,0.2715,50,46,0.1988,24.7784,24.9772,50,50,1.0
brute_force,verified=true AND overall<=4.0,0.27,0.2715,50,47,0.1696,25.5913,25.761,50,50,1.0
brute_force,verified=true AND overall<=4.0,0.27,0.2715,50,48,0.2609,25.0851,25.346,50,50,1.0
brute_force,verified=true AND overall<=4.0,0.27,0.2715,50,49,0.3792,25.7756,26.1549,50,50,1.0
naive_prefilter,verified=true AND overall<=4.0,0.27,0.2715,50,0,24.1757,22.793,46.9687,52601,50,1.0
naive_prefilter,verified=true AND overall<=4.0,0.27,0.2715,50,1,24.3447,22.4156,46.7603,52601,50,1.0
naive_prefilter,verified=true AND overall<=4.0,0.27,0.2715,50,2,31.7618,25.4272,57.189,52601,50,1.0
naive_prefilter,verified=true AND overall<=4.0,0.27,0.2715,50,3,25.3521,22.646,47.9981,52601,50,1.0
naive_prefilter,verified=true AND overall<=4.0,0.27,0.2715,50,4,24.6852,22.1425,46.8277,52601,50,1.0
naive_prefilter,verified=true AND overall<=4.0,0.27,0.2715,50,5,24.8597,22.3633,47.223,52601,50,1.0
naive_prefilter,verified=true AND overall<=4.0,0.27,0.2715,50,6,24.7101,22.0224,46.7325,52601,50,1.0
naive_prefilter,verified=true AND overall<=4.0,0.27,0.2715,50,7,24.8141,21.8247,46.6388,52601,50,1.0
naive_prefilter,verified=true AND overall<=4.0,0.27,0.2715,50,8,24.5051,21.9238,46.4289,52601,50,0.96
naive_prefilter,verified=true AND overall<=4.0,0.27,0.2715,50,9,24.4772,21.9556,46.4328,52601,50,1.0
naive_prefilter,verified=true AND overall<=4.0,0.27,0.2715,50,10,24.4652,21.9487,46.4139,52601,50,1.0
naive_prefilter,verified=true AND overall<=4.0,0.27,0.2715,50,11,24.4092,21.6016,46.0108,52601,50,1.0
naive_prefilter,verified=true AND overall<=4.0,0.27,0.2715,50,12,24.3665,21.2976,45.6641,52601,50,1.0
naive_prefilter,verified=true AND overall<=4.0,0.27,0.2715,50,13,24.3036,21.2759,45.5795,52601,50,1.0
naive_prefilter,verified=true AND overall<=4.0,0.27,0.2715,50,14,24.2155,21.3899,45.6054,52601,50,1.0
naive_prefilter,verified=true AND overall<=4.0,0.27,0.2715,50,15,24.3547,21.331,45.6857,52601,50,1.0
naive_prefilter,verified=true AND overall<=4.0,0.27,0.2715,50,16,24.2364,21.3456,45.582,52601,50,1.0
naive_prefilter,verified=true AND overall<=4.0,0.27,0.2715,50,17,24.1606,21.2961,45.4567,52601,50,1.0
naive_prefilter,verified=true AND overall<=4.0,0.27,0.2715,50,18,24.2736,21.2299,45.5035,52601,50,1.0
naive_prefilter,verified=true AND overall<=4.0,0.27,0.2715,50,19,24.2416,21.4839,45.7255,52601,50,1.0
naive_prefilter,verified=true AND overall<=4.0,0.27,0.2715,50,20,24.4024,21.2803,45.6827,52601,50,1.0
naive_prefilter,verified=true AND overall<=4.0,0.27,0.2715,50,21,24.4756,21.852,46.3276,52601,50,1.0
naive_prefilter,verified=true AND overall<=4.0,0.27,0.2715,50,22,24.5493,21.708,46.2573,52601,50,1.0
naive_prefilter,verified=true AND overall<=4.0,0.27,0.2715,50,23,24.3129,21.71,46.0228,52601,50,0.98
naive_prefilter,verified=true AND overall<=4.0,0.27,0.2715,50,24,24.5652,21.911,46.4763,52601,50,1.0
naive_prefilter,verified=true AND overall<=4.0,0.27,0.2715,50,25,24.5097,21.5825,46.0922,52601,50,1.0
naive_prefilter,verified=true AND overall<=4.0,0.27,0.2715,50,26,24.2491,21.2087,45.4578,52601,50,1.0
naive_prefilter,verified=true AND overall<=4.0,0.27,0.2715,50,27,24.216,21.3188,45.5348,52601,50,1.0
naive_prefilter,verified=true AND overall<=4.0,0.27,0.2715,50,28,24.1406,21.6792,45.8198,52601,50,1.0
naive_prefilter,verified=true AND overall<=4.0,0.27,0.2715,50,29,24.2127,21.5101,45.7228,52601,50,1.0
naive_prefilter,verified=true AND overall<=4.0,0.27,0.2715,50,30,24.148,21.8685,46.0165,52601,50,0.72
naive_prefilter,verified=true AND overall<=4.0,0.27,0.2715,50,31,24.4297,21.7139,46.1436,52601,50,1.0
naive_prefilter,verified=true AND overall<=4.0,0.27,0.2715,50,32,24.3755,21.4766,45.852,52601,50,1.0
naive_prefilter,verified=true AND overall<=4.0,0.27,0.2715,50,33,24.4224,21.7337,46.156,52601,50,1.0
naive_prefilter,verified=true AND overall<=4.0,0.27,0.2715,50,34,24.4864,21.413,45.8994,52601,50,1.0
naive_prefilter,verified=true AND overall<=4.0,0.27,0.2715,50,35,24.345,21.7703,46.1154,52601,50,1.0
naive_prefilter,verified=true AND overall<=4.0,0.27,0.2715,50,36,24.4845,21.5406,46.025,52601,50,1.0
naive_prefilter,verified=true AND overall<=4.0,0.27,0.2715,50,37,24.3441,21.6713,46.0154,52601,50,1.0
naive_prefilter,verified=true AND overall<=4.0,0.27,0.2715,50,38,24.3905,21.395,45.7855,52601,50,1.0
naive_prefilter,verified=true AND overall<=4.0,0.27,0.2715,50,39,24.3595,21.6053,45.9648,52601,50,1.0
naive_prefilter,verified=true AND overall<=4.0,0.27,0.2715,50,40,24.4764,21.3909,45.8673,52601,50,1.0
naive_prefilter,verified=true AND overall<=4.0,0.27,0.2715,50,41,24.2413,21.4215,45.6629,52601,50,1.0
naive_prefilter,verified=true AND overall<=4.0,0.27,0.2715,50,42,24.1885,21.896,46.0845,52601,50,1.0
naive_prefilter,verified=true AND overall<=4.0,0.27,0.2715,50,43,24.2124,21.4936,45.706,52601,50,1.0
naive_prefilter,verified=true AND overall<=4.0,0.27,0.2715,50,44,24.0328,21.6784,45.7112,52601,50,1.0
naive_prefilter,verified=true AND overall<=4.0,0.27,0.2715,50,45,24.084,21.4302,45.5142,52601,50,1.0
naive_prefilter,verified=true AND overall<=4.0,0.27,0.2715,50,46,24.2065,21.2016,45.4081,52601,50,1.0
naive_prefilter,verified=true AND overall<=4.0,0.27,0.2715,50,47,24.0308,21.1485,45.1793,52601,50,0.96
naive_prefilter,verified=true AND overall<=4.0,0.27,0.2715,50,48,24.0634,21.2753,45.3387,52601,50,1.0
naive_prefilter,verified=true AND overall<=4.0,0.27,0.2715,50,49,103.1485,33.8358,136.9843,52601,50,1.0
post_filter,verified=true AND overall<=4.0,0.27,0.2715,50,0,0.062,0.4605,0.5225,50,50,0.96
post_filter,verified=true AND overall<=4.0,0.27,0.2715,50,1,0.3911,1.4384,1.8295,50,50,0.94
post_filter,verified=true AND overall<=4.0,0.27,0.2715,50,2,0.4874,1.2935,1.7808,50,50,0.88
post_filter,verified=true AND overall<=4.0,0.27,0.2715,50,3,0.1605,1.51,1.6705,50,50,0.94
post_filter,verified=true AND overall<=4.0,0.27,0.2715,50,4,0.086,1.3851,1.4711,50,50,1.0
post_filter,verified=true AND overall<=4.0,0.27,0.2715,50,5,0.1453,0.9932,1.1385,50,50,0.96
post_filter,verified=true AND overall<=4.0,0.27,0.2715,50,6,0.0964,1.1615,1.2579,50,50,1.0
post_filter,verified=true AND overall<=4.0,0.27,0.2715,50,7,0.0765,1.0645,1.141,50,50,1.0
post_filter,verified=true AND overall<=4.0,0.27,0.2715,50,8,0.0915,1.268,1.3595,50,50,0.96
post_filter,verified=true AND overall<=4.0,0.27,0.2715,50,9,0.1337,1.1643,1.298,50,50,0.92
post_filter,verified=true AND overall<=4.0,0.27,0.2715,50,10,0.158,1.0509,1.2089,50,50,0.96
post_filter,verified=true AND overall<=4.0,0.27,0.2715,50,11,0.1124,1.0604,1.1728,50,50,0.94
post_filter,verified=true AND overall<=4.0,0.27,0.2715,50,12,0.1268,0.8397,0.9665,50,50,1.0
post_filter,verified=true AND overall<=4.0,0.27,0.2715,50,13,0.3005,1.0803,1.3807,50,50,0.92
post_filter,verified=true AND overall<=4.0,0.27,0.2715,50,14,0.0706,0.9215,0.9922,50,50,1.0
post_filter,verified=true AND overall<=4.0,0.27,0.2715,50,15,0.1025,0.7245,0.827,50,50,1.0
post_filter,verified=true AND overall<=4.0,0.27,0.2715,50,16,0.2922,1.3624,1.6546,50,50,0.86
post_filter,verified=true AND overall<=4.0,0.27,0.2715,50,17,0.1468,0.8265,0.9733,50,50,0.96
post_filter,verified=true AND overall<=4.0,0.27,0.2715,50,18,0.1308,0.9228,1.0536,50,50,0.98
post_filter,verified=true AND overall<=4.0,0.27,0.2715,50,19,0.2144,0.9926,1.207,50,50,0.8
post_filter,verified=true AND overall<=4.0,0.27,0.2715,50,20,0.2852,0.724,1.0092,50,50,0.9
post_filter,verified=true AND overall<=4.0,0.27,0.2715,50,21,0.1225,0.7822,0.9047,50,50,0.98
post_filter,verified=true AND overall<=4.0,0.27,0.2715,50,22,0.1673,0.8259,0.9932,50,50,0.88
post_filter,verified=true AND overall<=4.0,0.27,0.2715,50,23,0.2237,0.8279,1.0516,50,50,0.9
post_filter,verified=true AND overall<=4.0,0.27,0.2715,50,24,0.2801,1.1723,1.4524,50,50,0.96
post_filter,verified=true AND overall<=4.0,0.27,0.2715,50,25,0.2447,0.354,0.5987,50,50,0.68
post_filter,verified=true AND overall<=4.0,0.27,0.2715,50,26,0.1941,0.9638,1.1579,50,50,0.94
post_filter,verified=true AND overall<=4.0,0.27,0.2715,50,27,0.1064,0.9209,1.0273,50,50,1.0
post_filter,verified=true AND overall<=4.0,0.27,0.2715,50,28,0.0841,0.9672,1.0512,50,50,0.98
post_filter,verified=true AND overall<=4.0,0.27,0.2715,50,29,0.1327,0.6817,0.8144,50,50,0.98
post_filter,verified=true AND overall<=4.0,0.27,0.2715,50,30,0.5799,0.5369,1.1168,49,49,0.38
post_filter,verified=true AND overall<=4.0,0.27,0.2715,50,31,0.1839,1.0581,1.242,50,50,0.98
post_filter,verified=true AND overall<=4.0,0.27,0.2715,50,32,0.0734,0.963,1.0365,50,50,0.98
post_filter,verified=true AND overall<=4.0,0.27,0.2715,50,33,0.0778,0.5848,0.6626,50,50,1.0
post_filter,verified=true AND overall<=4.0,0.27,0.2715,50,34,0.116,0.9166,1.0326,50,50,1.0
post_filter,verified=true AND overall<=4.0,0.27,0.2715,50,35,0.1303,0.9682,1.0986,50,50,0.98
post_filter,verified=true AND overall<=4.0,0.27,0.2715,50,36,0.0697,0.7835,0.8532,50,50,1.0
post_filter,verified=true AND overall<=4.0,0.27,0.2715,50,37,0.2431,0.7275,0.9706,50,50,0.98
post_filter,verified=true AND overall<=4.0,0.27,0.2715,50,38,0.1002,1.2251,1.3253,50,50,0.94
post_filter,verified=true AND overall<=4.0,0.27,0.2715,50,39,0.2684,0.5682,0.8366,50,50,0.72
post_filter,verified=true AND overall<=4.0,0.27,0.2715,50,40,0.0823,1.2074,1.2897,50,50,0.98
post_filter,verified=true AND overall<=4.0,0.27,0.2715,50,41,0.0618,0.6528,0.7146,50,50,1.0
post_filter,verified=true AND overall<=4.0,0.27,0.2715,50,42,0.1235,0.9854,1.1089,50,50,0.96
post_filter,verified=true AND overall<=4.0,0.27,0.2715,50,43,0.2085,0.5044,0.7129,50,50,0.72
post_filter,verified=true AND overall<=4.0,0.27,0.2715,50,44,0.0575,0.7401,0.7975,50,50,1.0
post_filter,verified=true AND overall<=4.0,0.27,0.2715,50,45,0.3299,1.0779,1.4078,50,50,0.8
post_filter,verified=true AND overall<=4.0,0.27,0.2715,50,46,0.2003,0.9066,1.1069,50,50,0.92
post_filter,verified=true AND overall<=4.0,0.27,0.2715,50,47,0.1557,0.3238,0.4795,50,50,0.96
post_filter,verified=true AND overall<=4.0,0.27,0.2715,50,48,0.3167,1.1621,1.4788,50,50,0.88
post_filter,verified=true AND overall<=4.0,0.27,0.2715,50,49,0.306,0.5851,0.8912,50,50,0.72
bitmap_prefilter,verified=true AND overall<=4.0,0.27,0.2715,50,0,0.098,21.202,21.2999,52601,50,1.0
bitmap_prefilter,verified=true AND overall<=4.0,0.27,0.2715,50,1,0.0954,20.8702,20.9655,52601,50,1.0
bitmap_prefilter,verified=true AND overall<=4.0,0.27,0.2715,50,2,0.0962,21.1207,21.2169,52601,50,1.0
bitmap_prefilter,verified=true AND overall<=4.0,0.27,0.2715,50,3,0.0915,20.9753,21.0668,52601,50,1.0
bitmap_prefilter,verified=true AND overall<=4.0,0.27,0.2715,50,4,0.0815,20.7497,20.8313,52601,50,1.0
bitmap_prefilter,verified=true AND overall<=4.0,0.27,0.2715,50,5,0.0755,20.5557,20.6312,52601,50,1.0
bitmap_prefilter,verified=true AND overall<=4.0,0.27,0.2715,50,6,0.0743,20.6181,20.6924,52601,50,1.0
bitmap_prefilter,verified=true AND overall<=4.0,0.27,0.2715,50,7,0.0759,21.261,21.3369,52601,50,1.0
bitmap_prefilter,verified=true AND overall<=4.0,0.27,0.2715,50,8,0.074,21.8836,21.9576,52601,50,0.96
bitmap_prefilter,verified=true AND overall<=4.0,0.27,0.2715,50,9,0.0989,23.2499,23.3488,52601,50,1.0
bitmap_prefilter,verified=true AND overall<=4.0,0.27,0.2715,50,10,0.0841,21.2448,21.3289,52601,50,1.0
bitmap_prefilter,verified=true AND overall<=4.0,0.27,0.2715,50,11,0.1004,20.5861,20.6865,52601,50,1.0
bitmap_prefilter,verified=true AND overall<=4.0,0.27,0.2715,50,12,0.0936,21.0092,21.1027,52601,50,1.0
bitmap_prefilter,verified=true AND overall<=4.0,0.27,0.2715,50,13,0.0831,21.59,21.6732,52601,50,1.0
bitmap_prefilter,verified=true AND overall<=4.0,0.27,0.2715,50,14,0.0881,21.0677,21.1558,52601,50,1.0
bitmap_prefilter,verified=true AND overall<=4.0,0.27,0.2715,50,15,0.0962,20.6383,20.7345,52601,50,1.0
bitmap_prefilter,verified=true AND overall<=4.0,0.27,0.2715,50,16,0.0885,20.8705,20.959,52601,50,1.0
bitmap_prefilter,verified=true AND overall<=4.0,0.27,0.2715,50,17,0.0771,21.682,21.759,52601,50,1.0
bitmap_prefilter,verified=true AND overall<=4.0,0.27,0.2715,50,18,0.0768,21.6115,21.6882,52601,50,1.0
bitmap_prefilter,verified=true AND overall<=4.0,0.27,0.2715,50,19,0.0982,20.7154,20.8136,52601,50,1.0
bitmap_prefilter,verified=true AND overall<=4.0,0.27,0.2715,50,20,0.0833,20.7199,20.8032,52601,50,1.0
bitmap_prefilter,verified=true AND overall<=4.0,0.27,0.2715,50,21,0.0789,20.9743,21.0532,52601,50,1.0
bitmap_prefilter,verified=true AND overall<=4.0,0.27,0.2715,50,22,0.0945,20.7044,20.7989,52601,50,1.0
bitmap_prefilter,verified=true AND overall<=4.0,0.27,0.2715,50,23,0.0908,20.799,20.8898,52601,50,0.98
bitmap_prefilter,verified=true AND overall<=4.0,0.27,0.2715,50,24,0.0804,20.8435,20.9239,52601,50,1.0
bitmap_prefilter,verified=true AND overall<=4.0,0.27,0.2715,50,25,0.074,20.7572,20.8312,52601,50,1.0
bitmap_prefilter,verified=true AND overall<=4.0,0.27,0.2715,50,26,0.0736,20.6345,20.7081,52601,50,1.0
bitmap_prefilter,verified=true AND overall<=4.0,0.27,0.2715,50,27,0.0759,20.5863,20.6621,52601,50,1.0
bitmap_prefilter,verified=true AND overall<=4.0,0.27,0.2715,50,28,0.0726,20.657,20.7297,52601,50,1.0
bitmap_prefilter,verified=true AND overall<=4.0,0.27,0.2715,50,29,0.0711,20.7613,20.8324,52601,50,1.0
bitmap_prefilter,verified=true AND overall<=4.0,0.27,0.2715,50,30,0.0708,20.5677,20.6385,52601,50,0.72
bitmap_prefilter,verified=true AND overall<=4.0,0.27,0.2715,50,31,0.069,20.6424,20.7114,52601,50,1.0
bitmap_prefilter,verified=true AND overall<=4.0,0.27,0.2715,50,32,0.07,20.6488,20.7188,52601,50,1.0
bitmap_prefilter,verified=true AND overall<=4.0,0.27,0.2715,50,33,0.068,20.5922,20.6602,52601,50,1.0
bitmap_prefilter,verified=true AND overall<=4.0,0.27,0.2715,50,34,0.069,20.1806,20.2496,52601,50,1.0
bitmap_prefilter,verified=true AND overall<=4.0,0.27,0.2715,50,35,0.0675,20.2249,20.2925,52601,50,1.0
bitmap_prefilter,verified=true AND overall<=4.0,0.27,0.2715,50,36,0.0672,20.3012,20.3684,52601,50,1.0
bitmap_prefilter,verified=true AND overall<=4.0,0.27,0.2715,50,37,0.0691,20.6693,20.7384,52601,50,1.0
bitmap_prefilter,verified=true AND overall<=4.0,0.27,0.2715,50,38,0.0738,20.8433,20.917,52601,50,1.0
bitmap_prefilter,verified=true AND overall<=4.0,0.27,0.2715,50,39,0.0687,20.169,20.2377,52601,50,1.0
bitmap_prefilter,verified=true AND overall<=4.0,0.27,0.2715,50,40,0.0677,20.3975,20.4653,52601,50,1.0
bitmap_prefilter,verified=true AND overall<=4.0,0.27,0.2715,50,41,0.0683,20.2471,20.3154,52601,50,1.0
bitmap_prefilter,verified=true AND overall<=4.0,0.27,0.2715,50,42,0.0671,20.2902,20.3574,52601,50,1.0
bitmap_prefilter,verified=true AND overall<=4.0,0.27,0.2715,50,43,0.0674,20.1957,20.2631,52601,50,1.0
bitmap_prefilter,verified=true AND overall<=4.0,0.27,0.2715,50,44,0.0715,20.179,20.2505,52601,50,1.0
bitmap_prefilter,verified=true AND overall<=4.0,0.27,0.2715,50,45,0.068,20.1438,20.2118,52601,50,1.0
bitmap_prefilter,verified=true AND overall<=4.0,0.27,0.2715,50,46,0.067,20.1923,20.2592,52601,50,1.0
bitmap_prefilter,verified=true AND overall<=4.0,0.27,0.2715,50,47,0.0673,20.3738,20.4411,52601,50,0.96
bitmap_prefilter,verified=true AND overall<=4.0,0.27,0.2715,50,48,0.0657,20.2402,20.3059,52601,50,1.0
bitmap_prefilter,verified=true AND overall<=4.0,0.27,0.2715,50,49,0.0675,20.4429,20.5104,52601,50,1.0
brute_force,verified=false AND overall<=5.0,0.29,0.2486,10,0,0.0428,25.168,25.2107,10,10,1.0
brute_force,verified=false AND overall<=5.0,0.29,0.2486,10,1,0.0258,25.8707,25.8966,10,10,1.0
brute_force,verified=false AND overall<=5.0,0.29,0.2486,10,2,0.0299,24.8137,24.8437,10,10,1.0
brute_force,verified=false AND overall<=5.0,0.29,0.2486,10,3,0.036,25.016,25.052,10,10,1.0
brute_force,verified=false AND overall<=5.0,0.29,0.2486,10,4,0.0304,24.7922,24.8225,10,10,1.0
brute_force,verified=false AND overall<=5.0,0.29,0.2486,10,5,0.0189,24.8788,24.8977,10,10,1.0
brute_force,verified=false AND overall<=5.0,0.29,0.2486,10,6,0.0216,24.7098,24.7314,10,10,1.0
brute_force,verified=false AND overall<=5.0,0.29,0.2486,10,7,0.0393,24.7029,24.7421,10,10,1.0
brute_force,verified=false AND overall<=5.0,0.29,0.2486,10,8,0.0291,24.7781,24.8072,10,10,1.0
brute_force,verified=false AND overall<=5.0,0.29,0.2486,10,9,0.0216,24.664,24.6856,10,10,1.0
brute_force,verified=false AND overall<=5.0,0.29,0.2486,10,10,0.0243,24.6605,24.6848,10,10,1.0
brute_force,verified=false AND overall<=5.0,0.29,0.2486,10,11,0.0396,24.7365,24.7761,10,10,1.0
brute_force,verified=false AND overall<=5.0,0.29,0.2486,10,12,0.0322,24.8198,24.8519,10,10,1.0
brute_force,verified=false AND overall<=5.0,0.29,0.2486,10,13,0.0523,24.7413,24.7936,10,10,1.0
brute_force,verified=false AND overall<=5.0,0.29,0.2486,10,14,0.0287,24.7252,24.7539,10,10,1.0
brute_force,verified=false AND overall<=5.0,0.29,0.2486,10,15,0.0373,25.0389,25.0762,10,10,1.0
brute_force,verified=false AND overall<=5.0,0.29,0.2486,10,16,0.0472,25.3479,25.3951,10,10,1.0
brute_force,verified=false AND overall<=5.0,0.29,0.2486,10,17,0.0748,24.5231,24.5979,10,10,1.0
brute_force,verified=false AND overall<=5.0,0.29,0.2486,10,18,0.0273,26.8877,26.915,10,10,1.0
brute_force,verified=false AND overall<=5.0,0.29,0.2486,10,19,0.0364,26.0288,26.0652,10,10,1.0
brute_force,verified=false AND overall<=5.0,0.29,0.2486,10,20,0.0583,28.928,28.9863,10,10,1.0
brute_force,verified=false AND overall<=5.0,0.29,0.2486,10,21,0.0337,24.6066,24.6403,10,10,1.0
brute_force,verified=false AND overall<=5.0,0.29,0.2486,10,22,0.028,24.631,24.6591,10,10,1.0
brute_force,verified=false AND overall<=5.0,0.29,0.2486,10,23,0.0717,24.6507,24.7224,10,10,1.0
brute_force,verified=false AND overall<=5.0,0.29,0.2486,10,24,0.0434,26.7058,26.7493,10,10,1.0
brute_force,verified=false AND overall<=5.0,0.29,0.2486,10,25,0.1384,25.4725,25.6109,10,10,1.0
brute_force,verified=false AND overall<=5.0,0.29,0.2486,10,26,0.0261,24.5876,24.6137,10,10,1.0
brute_force,verified=false AND overall<=5.0,0.29,0.2486,10,27,0.0196,24.5148,24.5345,10,10,1.0
brute_force,verified=false AND overall<=5.0,0.29,0.2486,10,28,0.0355,24.4315,24.467,10,10,1.0
brute_force,verified=false AND overall<=5.0,0.29,0.2486,10,29,0.0748,24.5388,24.6136,10,10,1.0
brute_force,verified=false AND overall<=5.0,0.29,0.2486,10,30,0.1223,24.4075,24.5298,10,10,1.0
brute_force,verified=false AND overall<=5.0,0.29,0.2486,10,31,0.0338,24.3321,24.3659,10,10,1.0
brute_force,verified=false AND overall<=5.0,0.29,0.2486,10,32,0.0426,25.4063,25.4489,10,10,1.0
brute_force,verified=false AND overall<=5.0,0.29,0.2486,10,33,0.0253,24.4885,24.5139,10,10,1.0
brute_force,verified=false AND overall<=5.0,0.29,0.2486,10,34,0.0323,24.6375,24.6698,10,10,1.0
brute_force,verified=false AND overall<=5.0,0.29,0.2486,10,35,0.0197,24.3438,24.3635,10,10,1.0
brute_force,verified=false AND overall<=5.0,0.29,0.2486,10,36,0.0336,24.5156,24.5492,10,10,1.0
brute_force,verified=false AND overall<=5.0,0.29,0.2486,10,37,0.0654,24.3945,24.4598,10,10,1.0
brute_force,verified=false AND overall<=5.0,0.29,0.2486,10,38,0.0381,25.9654,26.0035,10,10,1.0
brute_force,verified=false AND overall<=5.0,0.29,0.2486,10,39,0.0984,27.641,27.7394,10,10,1.0
brute_force,verified=false AND overall<=5.0,0.29,0.2486,10,40,0.0493,24.579,24.6283,10,10,1.0
brute_force,verified=false AND overall<=5.0,0.29,0.2486,10,41,0.0478,25.55,25.5979,10,10,1.0
brute_force,verified=false AND overall<=5.0,0.29,0.2486,10,42,0.0251,24.4789,24.504,10,10,1.0
brute_force,verified=false AND overall<=5.0,0.29,0.2486,10,43,0.118,24.5494,24.6674,10,10,1.0
brute_force,verified=false AND overall<=5.0,0.29,0.2486,10,44,0.0508,24.4142,24.465,10,10,1.0
brute_force,verified=false AND overall<=5.0,0.29,0.2486,10,45,0.0325,24.4746,24.5072,10,10,1.0
brute_force,verified=false AND overall<=5.0,0.29,0.2486,10,46,0.0314,24.5682,24.5996,10,10,1.0
brute_force,verified=false AND overall<=5.0,0.29,0.2486,10,47,0.1404,24.4253,24.5657,10,10,1.0
brute_force,verified=false AND overall<=5.0,0.29,0.2486,10,48,0.04,24.6074,24.6474,10,10,1.0
brute_force,verified=false AND overall<=5.0,0.29,0.2486,10,49,0.1278,24.4832,24.611,10,10,1.0
naive_prefilter,verified=false AND overall<=5.0,0.29,0.2486,10,0,18.9544,18.4524,37.4068,48178,10,1.0
naive_prefilter,verified=false AND overall<=5.0,0.29,0.2486,10,1,18.9361,16.9479,35.884,48178,10,1.0
naive_prefilter,verified=false AND overall<=5.0,0.29,0.2486,10,2,18.8639,17.1685,36.0323,48178,10,1.0
naive_prefilter,verified=false AND overall<=5.0,0.29,0.2486,10,3,18.8976,17.7396,36.6372,48178,10,1.0
naive_prefilter,verified=false AND overall<=5.0,0.29,0.2486,10,4,18.8198,16.9623,35.7821,48178,10,1.0
naive_prefilter,verified=false AND overall<=5.0,0.29,0.2486,10,5,18.6158,17.017,35.6329,48178,10,1.0
naive_prefilter,verified=false AND overall<=5.0,0.29,0.2486,10,6,18.7602,17.17,35.9302,48178,10,1.0
naive_prefilter,verified=false AND overall<=5.0,0.29,0.2486,10,7,18.7073,16.9364,35.6437,48178,10,1.0
naive_prefilter,verified=false AND overall<=5.0,0.29,0.2486,10,8,18.5113,16.9932,35.5045,48178,10,1.0
naive_prefilter,verified=false AND overall<=5.0,0.29,0.2486,10,9,18.6123,17.0164,35.6287,48178,10,1.0
naive_prefilter,verified=false AND overall<=5.0,0.29,0.2486,10,10,18.5561,17.2812,35.8374,48178,10,1.0
naive_prefilter,verified=false AND overall<=5.0,0.29,0.2486,10,11,18.5905,17.1326,35.7231,48178,10,1.0
naive_prefilter,verified=false AND overall<=5.0,0.29,0.2486,10,12,18.698,16.8766,35.5747,48178,10,1.0
naive_prefilter,verified=false AND overall<=5.0,0.29,0.2486,10,13,18.5305,16.8912,35.4216,48178,10,1.0
naive_prefilter,verified=false AND overall<=5.0,0.29,0.2486,10,14,18.6668,16.9396,35.6064,48178,10,1.0
naive_prefilter,verified=false AND overall<=5.0,0.29,0.2486,10,15,18.6183,16.8678,35.4861,48178,10,1.0
naive_prefilter,verified=false AND overall<=5.0,0.29,0.2486,10,16,18.6807,17.6468,36.3274,48178,10,1.0
naive_prefilter,verified=false AND overall<=5.0,0.29,0.2486,10,17,18.5255,18.0246,36.5502,48178,10,1.0
naive_prefilter,verified=false AND overall<=5.0,0.29,0.2486,10,18,19.663,18.4408,38.1038,48178,10,1.0
naive_prefilter,verified=false AND overall<=5.0,0.29,0.2486,10,19,21.8333,19.3087,41.1419,48178,10,1.0
naive_prefilter,verified=false AND overall<=5.0,0.29,0.2486,10,20,19.3303,18.4616,37.7919,48178,10,1.0
naive_prefilter,verified=false AND overall<=5.0,0.29,0.2486,10,21,19.5147,18.1014,37.616,48178,10,1.0
naive_prefilter,verified=false AND overall<=5.0,0.29,0.2486,10,22,19.1713,18.1354,37.3066,48178,10,1.0
naive_prefilter,verified=false AND overall<=5.0,0.29,0.2486,10,23,19.2977,18.601,37.8987,48178,10,1.0
naive_prefilter,verified=false AND overall<=5.0,0.29,0.2486,10,24,19.849,18.4168,38.2658,48178,10,1.0
naive_prefilter,verified=false AND overall<=5.0,0.29,0.2486,10,25,19.2847,17.1698,36.4545,48178,10,1.0
naive_prefilter,verified=false AND overall<=5.0,0.29,0.2486,10,26,18.8726,17.0308,35.9034,48178,10,1.0
naive_prefilter,verified=false AND overall<=5.0,0.29,0.2486,10,27,18.9076,17.097,36.0046,48178,10,1.0
naive_prefilter,verified=false AND overall<=5.0,0.29,0.2486,10,28,19.0218,16.9217,35.9435,48178,10,1.0
naive_prefilter,verified=false AND overall<=5.0,0.29,0.2486,10,29,18.9027,16.9156,35.8183,48178,10,1.0
naive_prefilter,verified=false AND overall<=5.0,0.29,0.2486,10,30,18.6372,17.1333,35.7705,48178,10,0.9
naive_prefilter,verified=false AND overall<=5.0,0.29,0.2486,10,31,19.0458,19.4129,38.4586,48178,10,1.0
naive_prefilter,verified=false AND overall<=5.0,0.29,0.2486,10,32,19.417,17.8129,37.2299,48178,10,1.0
naive_prefilter,verified=false AND overall<=5.0,0.29,0.2486,10,33,19.0585,17.3245,36.383,48178,10,1.0
naive_prefilter,verified=false AND overall<=5.0,0.29,0.2486,10,34,18.59,17.3437,35.9337,48178,10,1.0
naive_prefilter,verified=false AND overall<=5.0,0.29,0.2486,10,35,19.0275,17.6545,36.682,48178,10,1.0
naive_prefilter,verified=false AND overall<=5.0,0.29,0.2486,10,36,19.039,18.0364,37.0754,48178,10,1.0
naive_prefilter,verified=false AND overall<=5.0,0.29,0.2486,10,37,18.7949,17.4893,36.2842,48178,10,1.0
naive_prefilter,verified=false AND overall<=5.0,0.29,0.2486,10,38,19.0375,17.5576,36.5951,48178,10,1.0
naive_prefilter,verified=false AND overall<=5.0,0.29,0.2486,10,39,19.1451,17.4152,36.5603,48178,10,1.0
naive_prefilter,verified=false AND overall<=5.0,0.29,0.2486,10,40,18.9574,17.3074,36.2648,48178,10,1.0
naive_prefilter,verified=false AND overall<=5.0,0.29,0.2486,10,41,19.0032,17.3251,36.3283,48178,10,1.0
naive_prefilter,verified=false AND overall<=5.0,0.29,0.2486,10,42,18.9562,17.3093,36.2655,48178,10,1.0
naive_prefilter,verified=false AND overall<=5.0,0.29,0.2486,10,43,18.9521,49.9555,68.9076,48178,10,1.0
naive_prefilter,verified=false AND overall<=5.0,0.29,0.2486,10,44,24.9168,18.0801,42.9969,48178,10,1.0
naive_prefilter,verified=false AND overall<=5.0,0.29,0.2486,10,45,19.1962,17.5535,36.7497,48178,10,1.0
naive_prefilter,verified=false AND overall<=5.0,0.29,0.2486,10,46,19.2046,17.3781,36.5827,48178,10,1.0
naive_prefilter,verified=false AND overall<=5.0,0.29,0.2486,10,47,19.089,17.1284,36.2174,48178,10,1.0
naive_prefilter,verified=false AND overall<=5.0,0.29,0.2486,10,48,19.0235,17.083,36.1064,48178,10,1.0
naive_prefilter,verified=false AND overall<=5.0,0.29,0.2486,10,49,19.0597,17.2403,36.3,48178,10,1.0
post_filter,verified=false AND overall<=5.0,0.29,0.2486,10,0,0.0117,0.3664,0.3781,10,10,1.0
post_filter,verified=false AND overall<=5.0,0.29,0.2486,10,1,0.0205,0.8313,0.8519,10,10,1.0
post_filter,verified=false AND overall<=5.0,0.29,0.2486,10,2,0.0224,0.6592,0.6816,10,10,1.0
post_filter,verified=false AND overall<=5.0,0.29,0.2486,10,3,0.0314,0.6769,0.7082,10,10,1.0
post_filter,verified=false AND overall<=5.0,0.29,0.2486,10,4,0.0386,0.7934,0.832,10,10,1.0
post_filter,verified=false AND overall<=5.0,0.29,0.2486,10,5,0.016,0.725,0.741,10,10,1.0
post_filter,verified=false AND overall<=5.0,0.29,0.2486,10,6,0.0176,0.8335,0.8511,10,10,1.0
post_filter,verified=false AND overall<=5.0,0.29,0.2486,10,7,0.0319,0.6011,0.633,10,10,1.0
post_filter,verified=false AND overall<=5.0,0.29,0.2486,10,8,0.0208,0.8455,0.8662,10,10,1.0
post_filter,verified=false AND overall<=5.0,0.29,0.2486,10,9,0.0163,0.8496,0.8659,10,10,1.0
post_filter,verified=false AND overall<=5.0,0.29,0.2486,10,10,0.0171,0.766,0.7831,10,10,1.0
post_filter,verified=false AND overall<=5.0,0.29,0.2486,10,11,0.0219,0.7583,0.7802,10,10,1.0
post_filter,verified=false AND overall<=5.0,0.29,0.2486,10,12,0.0232,0.61,0.6332,10,10,1.0
post_filter,verified=false AND overall<=5.0,0.29,0.2486,10,13,0.0415,0.6613,0.7028,10,10,1.0
post_filter,verified=false AND overall<=5.0,0.29,0.2486,10,14,0.0237,0.5045,0.5282,10,10,1.0
post_filter,verified=false AND overall<=5.0,0.29,0.2486,10,15,0.0196,0.4324,0.452,10,10,1.0
post_filter,verified=false AND overall<=5.0,0.29,0.2486,10,16,0.0353,0.7774,0.8127,10,10,1.0
post_filter,verified=false AND overall<=5.0,0.29,0.2486,10,17,0.0565,0.6048,0.6614,10,10,1.0
post_filter,verified=false AND overall<=5.0,0.29,0.2486,10,18,0.0144,0.7181,0.7325,10,10,1.0
post_filter,verified=false AND overall<=5.0,0.29,0.2486,10,19,0.0201,0.7575,0.7775,10,10,1.0
post_filter,verified=false AND overall<=5.0,0.29,0.2486,10,20,0.0359,0.5389,0.5748,10,10,1.0
post_filter,verified=false AND overall<=5.0,0.29,0.2486,10,21,0.0179,0.5821,0.6,10,10,1.0
post_filter,verified=false AND overall<=5.0,0.29,0.2486,10,22,0.0193,0.652,0.6713,10,10,1.0
post_filter,verified=false AND overall<=5.0,0.29,0.2486,10,23,0.054,0.6137,0.6677,10,10,1.0
post_filter,verified=false AND overall<=5.0,0.29,0.2486,10,24,0.0139,0.8262,0.8401,10,10,1.0
post_filter,verified=false AND overall<=5.0,0.29,0.2486,10,25,0.117,0.2599,0.377,10,10,0.6
post_filter,verified=false AND overall<=5.0,0.29,0.2486,10,26,0.0184,0.7499,0.7683,10,10,1.0
post_filter,verified=false AND overall<=5.0,0.29,0.2486,10,27,0.0117,0.7068,0.7185,10,10,1.0
post_filter,verified=false AND overall<=5.0,0.29,0.2486,10,28,0.0306,0.7564,0.787,10,10,0.9
post_filter,verified=false AND overall<=5.0,0.29,0.2486,10,29,0.0582,0.4921,0.5503,10,10,1.0
post_filter,verified=false AND overall<=5.0,0.29,0.2486,10,30,0.0693,0.385,0.4543,10,10,0.0
post_filter,verified=false AND overall<=5.0,0.29,0.2486,10,31,0.0267,0.7444,0.771,10,10,1.0
post_filter,verified=false AND overall<=5.0,0.29,0.2486,10,32,0.0325,0.5831,0.6156,10,10,1.0
post_filter,verified=false AND overall<=5.0,0.29,0.2486,10,33,0.019,0.4437,0.4627,10,10,1.0
post_filter,verified=false AND overall<=5.0,0.29,0.2486,10,34,0.0246,0.7381,0.7627,10,10,1.0
post_filter,verified=false AND overall<=5.0,0.29,0.2486,10,35,0.0157,0.782,0.7977,10,10,1.0
post_filter,verified=false AND overall<=5.0,0.29,0.2486,10,36,0.0267,0.6435,0.6702,10,10,1.0
post_filter,verified=false AND overall<=5.0,0.29,0.2486,10,37,0.0534,0.5878,0.6412,10,10,1.0
post_filter,verified=false AND overall<=5.0,0.29,0.2486,10,38,0.0183,0.9169,0.9352,10,10,1.0
post_filter,verified=false AND overall<=5.0,0.29,0.2486,10,39,0.0737,0.4517,0.5254,10,10,1.0
post_filter,verified=false AND overall<=5.0,0.29,0.2486,10,40,0.0294,0.9114,0.9408,10,10,1.0
post_filter,verified=false AND overall<=5.0,0.29,0.2486,10,41,0.0291,0.5084,0.5375,10,10,1.0
post_filter,verified=false AND overall<=5.0,0.29,0.2486,10,42,0.0136,0.7418,0.7554,10,10,1.0
post_filter,verified=false AND overall<=5.0,0.29,0.2486,10,43,0.098,0.3953,0.4933,10,10,0.9
post_filter,verified=false AND overall<=5.0,0.29,0.2486,10,44,0.0419,0.5635,0.6054,10,10,1.0
post_filter,verified=false AND overall<=5.0,0.29,0.2486,10,45,0.0236,0.8135,0.8371,10,10,1.0
post_filter,verified=false AND overall<=5.0,0.29,0.2486,10,46,0.0218,0.6782,0.7,10,10,1.0
post_filter,verified=false AND overall<=5.0,0.29,0.2486,10,47,0.1198,0.2314,0.3512,10,10,1.0
post_filter,verified=false AND overall<=5.0,0.29,0.2486,10,48,0.0306,0.8071,0.8377,10,10,1.0
post_filter,verified=false AND overall<=5.0,0.29,0.2486,10,49,0.0995,0.3963,0.4958,10,10,0.9
bitmap_prefilter,verified=false AND overall<=5.0,0.29,0.2486,10,0,0.0672,16.1916,16.2588,48178,10,1.0
bitmap_prefilter,verified=false AND overall<=5.0,0.29,0.2486,10,1,0.0683,16.5331,16.6015,48178,10,1.0
bitmap_prefilter,verified=false AND overall<=5.0,0.29,0.2486,10,2,0.0664,16.2,16.2663,48178,10,1.0
bitmap_prefilter,verified=false AND overall<=5.0,0.29,0.2486,10,3,0.0708,16.1389,16.2097,48178,10,1.0
bitmap_prefilter,verified=false AND overall<=5.0,0.29,0.2486,10,4,0.066,16.0961,16.1621,48178,10,1.0
bitmap_prefilter,verified=false AND overall<=5.0,0.29,0.2486,10,5,0.0654,16.2505,16.3158,48178,10,1.0
bitmap_prefilter,verified=false AND overall<=5.0,0.29,0.2486,10,6,0.0635,16.1318,16.1953,48178,10,1.0
bitmap_prefilter,verified=false AND overall<=5.0,0.29,0.2486,10,7,0.0657,16.1365,16.2022,48178,10,1.0
bitmap_prefilter,verified=false AND overall<=5.0,0.29,0.2486,10,8,0.0651,16.1602,16.2253,48178,10,1.0
bitmap_prefilter,verified=false AND overall<=5.0,0.29,0.2486,10,9,0.0659,17.2305,17.2965,48178,10,1.0
bitmap_prefilter,verified=false AND overall<=5.0,0.29,0.2486,10,10,0.0674,16.5462,16.6136,48178,10,1.0
bitmap_prefilter,verified=false AND overall<=5.0,0.29,0.2486,10,11,0.0818,16.3243,16.4061,48178,10,1.0
bitmap_prefilter,verified=false AND overall<=5.0,0.29,0.2486,10,12,0.0768,16.281,16.3578,48178,10,1.0
bitmap_prefilter,verified=false AND overall<=5.0,0.29,0.2486,10,13,0.0701,16.1573,16.2274,48178,10,1.0
bitmap_prefilter,verified=false AND overall<=5.0,0.29,0.2486,10,14,0.0677,16.189,16.2568,48178,10,1.0
bitmap_prefilter,verified=false AND overall<=5.0,0.29,0.2486,10,15,0.0677,16.3102,16.3779,48178,10,1.0
bitmap_prefilter,verified=false AND overall<=5.0,0.29,0.2486,10,16,0.0728,16.1645,16.2372,48178,10,1.0
bitmap_prefilter,verified=false AND overall<=5.0,0.29,0.2486,10,17,0.0641,16.16,16.2242,48178,10,1.0
bitmap_prefilter,verified=false AND overall<=5.0,0.29,0.2486,10,18,0.0642,16.1025,16.1666,48178,10,1.0
bitmap_prefilter,verified=false AND overall<=5.0,0.29,0.2486,10,19,0.0647,16.4412,16.5059,48178,10,1.0
bitmap_prefilter,verified=false AND overall<=5.0,0.29,0.2486,10,20,0.0686,16.1503,16.2189,48178,10,1.0
bitmap_prefilter,verified=false AND overall<=5.0,0.29,0.2486,10,21,0.0632,16.1677,16.2309,48178,10,1.0
bitmap_prefilter,verified=false AND overall<=5.0,0.29,0.2486,10,22,0.0633,16.1741,16.2374,48178,10,1.0
bitmap_prefilter,verified=false AND overall<=5.0,0.29,0.2486,10,23,0.0685,16.284,16.3525,48178,10,1.0
bitmap_prefilter,verified=false AND overall<=5.0,0.29,0.2486,10,24,0.0676,16.2107,16.2783,48178,10,1.0
bitmap_prefilter,verified=false AND overall<=5.0,0.29,0.2486,10,25,0.0639,16.367,16.4309,48178,10,1.0
bitmap_prefilter,verified=false AND overall<=5.0,0.29,0.2486,10,26,0.0637,16.1744,16.2381,48178,10,1.0
bitmap_prefilter,verified=false AND overall<=5.0,0.29,0.2486,10,27,0.064,16.2161,16.2801,48178,10,1.0
bitmap_prefilter,verified=false AND overall<=5.0,0.29,0.2486,10,28,0.0627,16.1718,16.2345,48178,10,1.0
bitmap_prefilter,verified=false AND overall<=5.0,0.29,0.2486,10,29,0.0675,16.1268,16.1943,48178,10,1.0
bitmap_prefilter,verified=false AND overall<=5.0,0.29,0.2486,10,30,0.0626,16.1332,16.1958,48178,10,0.9
bitmap_prefilter,verified=false AND overall<=5.0,0.29,0.2486,10,31,0.0648,16.303,16.3679,48178,10,1.0
bitmap_prefilter,verified=false AND overall<=5.0,0.29,0.2486,10,32,0.063,16.3214,16.3844,48178,10,1.0
bitmap_prefilter,verified=false AND overall<=5.0,0.29,0.2486,10,33,0.0642,16.4292,16.4934,48178,10,1.0
bitmap_prefilter,verified=false AND overall<=5.0,0.29,0.2486,10,34,0.0624,16.1222,16.1846,48178,10,1.0
bitmap_prefilter,verified=false AND overall<=5.0,0.29,0.2486,10,35,0.0628,16.1909,16.2537,48178,10,1.0
bitmap_prefilter,verified=false AND overall<=5.0,0.29,0.2486,10,36,0.0638,16.4174,16.4812,48178,10,1.0
bitmap_prefilter,verified=false AND overall<=5.0,0.29,0.2486,10,37,0.0698,16.3442,16.414,48178,10,1.0
bitmap_prefilter,verified=false AND overall<=5.0,0.29,0.2486,10,38,0.0663,16.4073,16.4736,48178,10,1.0
bitmap_prefilter,verified=false AND overall<=5.0,0.29,0.2486,10,39,0.0644,16.2232,16.2876,48178,10,1.0
bitmap_prefilter,verified=false AND overall<=5.0,0.29,0.2486,10,40,0.0662,17.0925,17.1587,48178,10,1.0
bitmap_prefilter,verified=false AND overall<=5.0,0.29,0.2486,10,41,0.0653,16.226,16.2913,48178,10,1.0
bitmap_prefilter,verified=false AND overall<=5.0,0.29,0.2486,10,42,0.0648,16.1079,16.1727,48178,10,1.0
bitmap_prefilter,verified=false AND overall<=5.0,0.29,0.2486,10,43,0.0653,16.1391,16.2044,48178,10,1.0
bitmap_prefilter,verified=false AND overall<=5.0,0.29,0.2486,10,44,0.0648,16.3244,16.3892,48178,10,1.0
bitmap_prefilter,verified=false AND overall<=5.0,0.29,0.2486,10,45,0.0653,16.2292,16.2945,48178,10,1.0
bitmap_prefilter,verified=false AND overall<=5.0,0.29,0.2486,10,46,0.0641,16.3407,16.4048,48178,10,1.0
bitmap_prefilter,verified=false AND overall<=5.0,0.29,0.2486,10,47,0.0657,17.1559,17.2216,48178,10,1.0
bitmap_prefilter,verified=false AND overall<=5.0,0.29,0.2486,10,48,0.0686,17.0935,17.162,48178,10,1.0
bitmap_prefilter,verified=false AND overall<=5.0,0.29,0.2486,10,49,0.0636,16.2538,16.3174,48178,10,1.0
brute_force,verified=false AND overall<=5.0,0.29,0.2486,50,0,0.1118,24.9375,25.0492,50,50,1.0
brute_force,verified=false AND overall<=5.0,0.29,0.2486,50,1,0.1065,24.9895,25.096,50,50,1.0
brute_force,verified=false AND overall<=5.0,0.29,0.2486,50,2,0.1469,25.3957,25.5427,50,50,1.0
brute_force,verified=false AND overall<=5.0,0.29,0.2486,50,3,0.1809,25.0717,25.2526,50,50,1.0
brute_force,verified=false AND overall<=5.0,0.29,0.2486,50,4,0.1173,24.9677,25.085,50,50,1.0
brute_force,verified=false AND overall<=5.0,0.29,0.2486,50,5,0.0705,25.1376,25.208,50,50,1.0
brute_force,verified=false AND overall<=5.0,0.29,0.2486,50,6,0.1045,25.5278,25.6323,50,50,1.0
brute_force,verified=false AND overall<=5.0,0.29,0.2486,50,7,0.1361,24.998,25.1341,50,50,1.0
brute_force,verified=false AND overall<=5.0,0.29,0.2486,50,8,0.1067,24.9869,25.0936,50,50,1.0
brute_force,verified=false AND overall<=5.0,0.29,0.2486,50,9,0.1012,25.0335,25.1346,50,50,1.0
brute_force,verified=false AND overall<=5.0,0.29,0.2486,50,10,0.0973,24.7833,24.8806,50,50,1.0
brute_force,verified=false AND overall<=5.0,0.29,0.2486,50,11,0.0935,24.6069,24.7005,50,50,1.0
brute_force,verified=false AND overall<=5.0,0.29,0.2486,50,12,0.1671,24.7715,24.9386,50,50,1.0
brute_force,verified=false AND overall<=5.0,0.29,0.2486,50,13,0.1987,24.7928,24.9915,50,50,1.0
brute_force,verified=false AND overall<=5.0,0.29,0.2486,50,14,0.1145,24.7169,24.8314,50,50,1.0
brute_force,verified=false AND overall<=5.0,0.29,0.2486,50,15,0.1025,24.6943,24.7968,50,50,1.0
brute_force,verified=false AND overall<=5.0,0.29,0.2486,50,16,0.2291,24.7772,25.0063,50,50,1.0
brute_force,verified=false AND overall<=5.0,0.29,0.2486,50,17,0.2495,24.7217,24.9712,50,50,1.0
brute_force,verified=false AND overall<=5.0,0.29,0.2486,50,18,0.0836,24.6827,24.7663,50,50,1.0
brute_force,verified=false AND overall<=5.0,0.29,0.2486,50,19,0.0923,24.7758,24.8681,50,50,1.0
brute_force,verified=false AND overall<=5.0,0.29,0.2486,50,20,0.2143,24.754,24.9682,50,50,1.0
brute_force,verified=false AND overall<=5.0,0.29,0.2486,50,21,0.0904,24.6464,24.7368,50,50,1.0
brute_force,verified=false AND overall<=5.0,0.29,0.2486,50,22,0.087,24.6232,24.7101,50,50,1.0
brute_force,verified=false AND overall<=5.0,0.29,0.2486,50,23,0.2982,24.9671,25.2653,50,50,1.0
brute_force,verified=false AND overall<=5.0,0.29,0.2486,50,24,0.0753,24.7475,24.8229,50,50,1.0
brute_force,verified=false AND overall<=5.0,0.29,0.2486,50,25,0.5291,24.7207,25.2498,50,50,1.0
brute_force,verified=false AND overall<=5.0,0.29,0.2486,50,26,0.0821,24.7518,24.8338,50,50,1.0
brute_force,verified=false AND overall<=5.0,0.29,0.2486,50,27,0.0808,24.6607,24.7414,50,50,1.0
brute_force,verified=false AND overall<=5.0,0.29,0.2486,50,28,0.2021,27.7087,27.9108,50,50,1.0
brute_force,verified=false AND overall<=5.0,0.29,0.2486,50,29,0.414,25.0506,25.4646,50,50,1.0
brute_force,verified=false AND overall<=5.0,0.29,0.2486,50,30,0.6537,25.2275,25.8812,50,50,1.0
brute_force,verified=false AND overall<=5.0,0.29,0.2486,50,31,0.1232,24.9744,25.0976,50,50,1.0
brute_force,verified=false AND overall<=5.0,0.29,0.2486,50,32,0.2235,25.5777,25.8012,50,50,1.0
brute_force,verified=false AND overall<=5.0,0.29,0.2486,50,33,0.1203,25.4784,25.5987,50,50,1.0
brute_force,verified=false AND overall<=5.0,0.29,0.2486,50,34,0.1183,25.9677,26.086,50,50,1.0
brute_force,verified=false AND overall<=5.0,0.29,0.2486,50,35,0.0931,25.4568,25.55,50,50,1.0
brute_force,verified=false AND overall<=5.0,0.29,0.2486,50,36,0.1236,25.9686,26.0922,50,50,1.0
brute_force,verified=false AND overall<=5.0,0.29,0.2486,50,37,0.2181,26.1629,26.381,50,50,1.0
brute_force,verified=false AND overall<=5.0,0.29,0.2486,50,38,0.0964,25.5545,25.6509,50,50,1.0
brute_force,verified=false AND overall<=5.0,0.29,0.2486,50,39,0.5148,25.6853,26.2001,50,50,1.0
brute_force,verified=false AND overall<=5.0,0.29,0.2486,50,40,0.1369,24.8603,24.9972,50,50,1.0
brute_force,verified=false AND overall<=5.0,0.29,0.2486,50,41,0.1393,25.6237,25.763,50,50,1.0
brute_force,verified=false AND overall<=5.0,0.29,0.2486,50,42,0.0857,24.8934,24.9791,50,50,1.0
brute_force,verified=false AND overall<=5.0,0.29,0.2486,50,43,0.5088,25.6575,26.1664,50,50,1.0
brute_force,verified=false AND overall<=5.0,0.29,0.2486,50,44,0.208,25.169,25.3771,50,50,1.0
brute_force,verified=false AND overall<=5.0,0.29,0.2486,50,45,0.1162,25.6383,25.7545,50,50,1.0
brute_force,verified=false AND overall<=5.0,0.29,0.2486,50,46,0.1139,25.541,25.6549,50,50,1.0
brute_force,verified=false AND overall<=5.0,0.29,0.2486,50,47,0.4356,25.3503,25.7859,50,50,0.96
brute_force,verified=false AND overall<=5.0,0.29,0.2486,50,48,0.1736,26.5859,26.7595,50,50,1.0
brute_force,verified=false AND overall<=5.0,0.29,0.2486,50,49,0.5379,24.9104,25.4483,50,50,1.0
naive_prefilter,verified=false AND overall<=5.0,0.29,0.2486,50,0,19.2332,17.3856,36.6188,48178,50,1.0
naive_prefilter,verified=false AND overall<=5.0,0.29,0.2486,50,1,19.072,17.282,36.3541,48178,50,1.0
naive_prefilter,verified=false AND overall<=5.0,0.29,0.2486,50,2,19.0528,18.0007,37.0535,48178,50,1.0
naive_prefilter,verified=false AND overall<=5.0,0.29,0.2486,50,3,18.8423,17.2407,36.083,48178,50,1.0
naive_prefilter,verified=false AND overall<=5.0,0.29,0.2486,50,4,18.718,17.1083,35.8263,48178,50,1.0
naive_prefilter,verified=false AND overall<=5.0,0.29,0.2486,50,5,18.8959,17.1342,36.0301,48178,50,1.0
naive_prefilter,verified=false AND overall<=5.0,0.29,0.2486,50,6,18.9692,17.1174,36.0866,48178,50,1.0
naive_prefilter,verified=false AND overall<=5.0,0.29,0.2486,50,7,18.96,17.0694,36.0294,48178,50,1.0
naive_prefilter,verified=false AND overall<=5.0,0.29,0.2486,50,8,18.8188,17.1335,35.9523,48178,50,1.0
naive_prefilter,verified=false AND overall<=5.0,0.29,0.2486,50,9,18.6031,17.1699,35.773,48178,50,1.0
naive_prefilter,verified=false AND overall<=5.0,0.29,0.2486,50,10,18.9774,17.1882,36.1657,48178,50,1.0
naive_prefilter,verified=false AND overall<=5.0,0.29,0.2486,50,11,18.5209,17.1625,35.6834,48178,50,1.0
naive_prefilter,verified=false AND overall<=5.0,0.29,0.2486,50,12,18.8264,17.1405,35.9668,48178,50,1.0
naive_prefilter,verified=false AND overall<=5.0,0.29,0.2486,50,13,18.9289,17.0981,36.027,48178,50,1.0
naive_prefilter,verified=false AND overall<=5.0,0.29,0.2486,50,14,18.6201,17.1619,35.782,48178,50,1.0
naive_prefilter,verified=false AND overall<=5.0,0.29,0.2486,50,15,18.9656,17.3949,36.3605,48178,50,1.0
naive_prefilter,verified=false AND overall<=5.0,0.29,0.2486,50,16,18.9293,17.2279,36.1572,48178,50,1.0
naive_prefilter,verified=false AND overall<=5.0,0.29,0.2486,50,17,18.6103,17.0951,35.7053,48178,50,1.0
naive_prefilter,verified=false AND overall<=5.0,0.29,0.2486,50,18,18.9692,17.17,36.1393,48178,50,1.0
naive_prefilter,verified=false AND overall<=5.0,0.29,0.2486,50,19,18.9011,17.1359,36.037,48178,50,1.0
naive_prefilter,verified=false AND overall<=5.0,0.29,0.2486,50,20,18.9051,17.1445,36.0496,48178,50,1.0
naive_prefilter,verified=false AND overall<=5.0,0.29,0.2486,50,21,19.0203,17.2276,36.2479,48178,50,1.0
naive_prefilter,verified=false AND overall<=5.0,0.29,0.2486,50,22,18.9083,17.3692,36.2775,48178,50,1.0
naive_prefilter,verified=false AND overall<=5.0,0.29,0.2486,50,23,18.8987,17.3548,36.2535,48178,50,1.0
naive_prefilter,verified=false AND overall<=5.0,0.29,0.2486,50,24,18.7905,17.1274,35.9179,48178,50,1.0
naive_prefilter,verified=false AND overall<=5.0,0.29,0.2486,50,25,18.9514,17.184,36.1354,48178,50,1.0
naive_prefilter,verified=false AND overall<=5.0,0.29,0.2486,50,26,18.833,17.0983,35.9313,48178,50,1.0
naive_prefilter,verified=false AND overall<=5.0,0.29,0.2486,50,27,18.871,17.1713,36.0423,48178,50,1.0
naive_prefilter,verified=false AND overall<=5.0,0.29,0.2486,50,28,18.9288,17.0858,36.0146,48178,50,1.0
naive_prefilter,verified=false AND overall<=5.0,0.29,0.2486,50,29,19.0,17.0825,36.0825,48178,50,1.0
naive_prefilter,verified=false AND overall<=5.0,0.29,0.2486,50,30,18.9395,17.465,36.4044,48178,50,1.0
naive_prefilter,verified=false AND overall<=5.0,0.29,0.2486,50,31,20.49,31.6058,52.0958,48178,50,1.0
naive_prefilter,verified=false AND overall<=5.0,0.29,0.2486,50,32,20.952,19.9995,40.9515,48178,50,1.0
naive_prefilter,verified=false AND overall<=5.0,0.29,0.2486,50,33,19.4119,18.6292,38.041,48178,50,1.0
naive_prefilter,verified=false AND overall<=5.0,0.29,0.2486,50,34,19.3841,18.74,38.1241,48178,50,1.0
naive_prefilter,verified=false AND overall<=5.0,0.29,0.2486,50,35,19.4998,18.436,37.9358,48178,50,1.0
naive_prefilter,verified=false AND overall<=5.0,0.29,0.2486,50,36,19.2982,18.0483,37.3465,48178,50,1.0
naive_prefilter,verified=false AND overall<=5.0,0.29,0.2486,50,37,19.1024,18.0425,37.145,48178,50,1.0
naive_prefilter,verified=false AND overall<=5.0,0.29,0.2486,50,38,19.3073,18.0547,37.362,48178,50,1.0
naive_prefilter,verified=false AND overall<=5.0,0.29,0.2486,50,39,19.0019,18.3283,37.3302,48178,50,1.0
naive_prefilter,verified=false AND overall<=5.0,0.29,0.2486,50,40,19.0222,18.0321,37.0543,48178,50,1.0
naive_prefilter,verified=false AND overall<=5.0,0.29,0.2486,50,41,19.0795,17.1872,36.2667,48178,50,1.0
naive_prefilter,verified=false AND overall<=5.0,0.29,0.2486,50,42,19.3117,17.195,36.5067,48178,50,1.0
naive_prefilter,verified=false AND overall<=5.0,0.29,0.2486,50,43,19.1363,18.6553,37.7916,48178,50,1.0
naive_prefilter,verified=false AND overall<=5.0,0.29,0.2486,50,44,19.2786,18.8807,38.1593,48178,50,1.0
naive_prefilter,verified=false AND overall<=5.0,0.29,0.2486,50,45,19.2642,18.552,37.8162,48178,50,1.0
naive_prefilter,verified=false AND overall<=5.0,0.29,0.2486,50,46,19.4479,18.2879,37.7358,48178,50,1.0
naive_prefilter,verified=false AND overall<=5.0,0.29,0.2486,50,47,19.1762,18.7076,37.8838,48178,50,0.96
naive_prefilter,verified=false AND overall<=5.0,0.29,0.2486,50,48,19.4005,18.4285,37.829,48178,50,1.0
naive_prefilter,verified=false AND overall<=5.0,0.29,0.2486,50,49,19.3595,18.3223,37.6818,48178,50,1.0
post_filter,verified=false AND overall<=5.0,0.29,0.2486,50,0,0.0428,0.49,0.5329,50,50,1.0
post_filter,verified=false AND overall<=5.0,0.29,0.2486,50,1,0.0981,1.1399,1.238,50,50,1.0
post_filter,verified=false AND overall<=5.0,0.29,0.2486,50,2,0.2277,0.8734,1.1011,50,50,0.98
post_filter,verified=false AND overall<=5.0,0.29,0.2486,50,3,0.1788,0.9904,1.1692,50,50,0.92
post_filter,verified=false AND overall<=5.0,0.29,0.2486,50,4,0.0985,1.1769,1.2755,50,50,0.98
post_filter,verified=false AND overall<=5.0,0.29,0.2486,50,5,0.0615,0.9556,1.0172,50,50,1.0
post_filter,verified=false AND overall<=5.0,0.29,0.2486,50,6,0.105,1.2795,1.3845,50,50,0.98
post_filter,verified=false AND overall<=5.0,0.29,0.2486,50,7,0.151,1.2369,1.3879,50,50,1.0
post_filter,verified=false AND overall<=5.0,0.29,0.2486,50,8,0.1082,1.2823,1.3905,50,50,1.0
post_filter,verified=false AND overall<=5.0,0.29,0.2486,50,9,0.1598,1.5205,1.6803,50,50,0.98
post_filter,verified=false AND overall<=5.0,0.29,0.2486,50,10,0.0909,1.3652,1.4561,50,50,0.98
post_filter,verified=false AND overall<=5.0,0.29,0.2486,50,11,0.087,1.0382,1.1252,50,50,0.96
post_filter,verified=false AND overall<=5.0,0.29,0.2486,50,12,0.1534,0.8413,0.9947,50,50,1.0
post_filter,verified=false AND overall<=5.0,0.29,0.2486,50,13,0.1722,0.8712,1.0433,50,50,0.98
post_filter,verified=false AND overall<=5.0,0.29,0.2486,50,14,0.1045,0.7021,0.8066,50,50,0.98
post_filter,verified=false AND overall<=5.0,0.29,0.2486,50,15,0.0925,0.5683,0.6607,50,50,0.98
post_filter,verified=false AND overall<=5.0,0.29,0.2486,50,16,0.2214,1.0513,1.2727,50,50,0.9
post_filter,verified=false AND overall<=5.0,0.29,0.2486,50,17,0.2583,0.8185,1.0768,50,50,0.72
post_filter,verified=false AND overall<=5.0,0.29,0.2486,50,18,0.0722,0.9486,1.0208,50,50,1.0
post_filter,verified=false AND overall<=5.0,0.29,0.2486,50,19,0.0804,1.0117,1.092,50,50,0.98
post_filter,verified=false AND overall<=5.0,0.29,0.2486,50,20,0.1876,0.7205,0.9081,50,50,0.96
post_filter,verified=false AND overall<=5.0,0.29,0.2486,50,21,0.0801,0.7888,0.8689,50,50,0.98
post_filter,verified=false AND overall<=5.0,0.29,0.2486,50,22,0.0811,0.8252,0.9063,50,50,0.92
post_filter,verified=false AND overall<=5.0,0.29,0.2486,50,23,0.2848,0.7989,1.0837,50,50,0.86
post_filter,verified=false AND overall<=5.0,0.29,0.2486,50,24,0.1527,1.2793,1.432,50,50,1.0
post_filter,verified=false AND overall<=5.0,0.29,0.2486,50,25,0.8123,0.4045,1.2167,28,28,0.22
post_filter,verified=false AND overall<=5.0,0.29,0.2486,50,26,0.0682,1.1041,1.1723,50,50,1.0
post_filter,verified=false AND overall<=5.0,0.29,0.2486,50,27,0.0646,0.9449,1.0095,50,50,1.0
post_filter,verified=false AND overall<=5.0,0.29,0.2486,50,28,0.1652,0.9895,1.1547,50,50,0.94
post_filter,verified=false AND overall<=5.0,0.29,0.2486,50,29,0.2864,0.6281,0.9145,50,50,0.74
post_filter,verified=false AND overall<=5.0,0.29,0.2486,50,30,0.5195,0.5319,1.0514,31,31,0.62
post_filter,verified=false AND overall<=5.0,0.29,0.2486,50,31,0.0956,0.9913,1.0868,50,50,0.96
post_filter,verified=false AND overall<=5.0,0.29,0.2486,50,32,0.192,0.7802,0.9722,50,50,0.96
post_filter,verified=false AND overall<=5.0,0.29,0.2486,50,33,0.1039,0.5675,0.6714,50,50,1.0
post_filter,verified=false AND overall<=5.0,0.29,0.2486,50,34,0.103,0.9619,1.065,50,50,1.0
post_filter,verified=false AND overall<=5.0,0.29,0.2486,50,35,0.0755,1.0026,1.0781,50,50,1.0
post_filter,verified=false AND overall<=5.0,0.29,0.2486,50,36,0.1086,0.8084,0.917,50,50,1.0
post_filter,verified=false AND overall<=5.0,0.29,0.2486,50,37,0.1695,0.7673,0.9368,50,50,0.98
post_filter,verified=false AND overall<=5.0,0.29,0.2486,50,38,0.0856,1.2537,1.3393,50,50,1.0
post_filter,verified=false AND overall<=5.0,0.29,0.2486,50,39,0.46,0.6112,1.0712,50,50,0.68
post_filter,verified=false AND overall<=5.0,0.29,0.2486,50,40,0.2316,1.5712,1.8027,50,50,0.98
post_filter,verified=false AND overall<=5.0,0.29,0.2486,50,41,0.1298,0.8244,0.9542,50,50,0.98
post_filter,verified=false AND overall<=5.0,0.29,0.2486,50,42,0.073,1.0367,1.1097,50,50,1.0
post_filter,verified=false AND overall<=5.0,0.29,0.2486,50,43,0.3983,0.5027,0.901,50,50,0.44
post_filter,verified=false AND overall<=5.0,0.29,0.2486,50,44,0.1934,0.724,0.9174,50,50,0.92
post_filter,verified=false AND overall<=5.0,0.29,0.2486,50,45,0.098,1.0719,1.1699,50,50,0.94
post_filter,verified=false AND overall<=5.0,0.29,0.2486,50,46,0.0921,0.8767,0.9687,50,50,1.0
post_filter,verified=false AND overall<=5.0,0.29,0.2486,50,47,0.4622,0.304,0.7662,15,15,0.26
post_filter,verified=false AND overall<=5.0,0.29,0.2486,50,48,0.1452,1.0741,1.2192,50,50,0.92
post_filter,verified=false AND overall<=5.0,0.29,0.2486,50,49,0.4697,0.5053,0.975,50,50,0.46
bitmap_prefilter,verified=false AND overall<=5.0,0.29,0.2486,50,0,0.1003,17.9407,18.041,48178,50,1.0
bitmap_prefilter,verified=false AND overall<=5.0,0.29,0.2486,50,1,0.082,18.3543,18.4362,48178,50,1.0
bitmap_prefilter,verified=false AND overall<=5.0,0.29,0.2486,50,2,0.0726,17.9748,18.0474,48178,50,1.0
bitmap_prefilter,verified=false AND overall<=5.0,0.29,0.2486,50,3,0.0986,17.8652,17.9638,48178,50,1.0
bitmap_prefilter,verified=false AND overall<=5.0,0.29,0.2486,50,4,0.0852,17.9537,18.0389,48178,50,1.0
bitmap_prefilter,verified=false AND overall<=5.0,0.29,0.2486,50,5,0.0732,19.6867,19.76,48178,50,1.0
bitmap_prefilter,verified=false AND overall<=5.0,0.29,0.2486,50,6,0.0935,18.6767,18.7702,48178,50,1.0
bitmap_prefilter,verified=false AND overall<=5.0,0.29,0.2486,50,7,0.0907,16.8799,16.9706,48178,50,1.0
bitmap_prefilter,verified=false AND overall<=5.0,0.29,0.2486,50,8,0.0937,16.6848,16.7785,48178,50,1.0
bitmap_prefilter,verified=false AND overall<=5.0,0.29,0.2486,50,9,0.1038,16.6234,16.7272,48178,50,1.0
bitmap_prefilter,verified=false AND overall<=5.0,0.29,0.2486,50,10,0.0858,16.576,16.6618,48178,50,1.0
bitmap_prefilter,verified=false AND overall<=5.0,0.29,0.2486,50,11,0.0782,16.6242,16.7023,48178,50,1.0
bitmap_prefilter,verified=false AND overall<=5.0,0.29,0.2486,50,12,0.0809,16.5078,16.5887,48178,50,1.0
bitmap_prefilter,verified=false AND overall<=5.0,0.29,0.2486,50,13,0.0909,16.5029,16.5938,48178,50,1.0
bitmap_prefilter,verified=false AND overall<=5.0,0.29,0.2486,50,14,0.076,16.5496,16.6256,48178,50,1.0
bitmap_prefilter,verified=false AND overall<=5.0,0.29,0.2486,50,15,0.1116,16.4948,16.6064,48178,50,1.0
bitmap_prefilter,verified=false AND overall<=5.0,0.29,0.2486,50,16,0.0878,16.4159,16.5037,48178,50,1.0
bitmap_prefilter,verified=false AND overall<=5.0,0.29,0.2486,50,17,0.075,16.5035,16.5785,48178,50,1.0
bitmap_prefilter,verified=false AND overall<=5.0,0.29,0.2486,50,18,0.0721,16.4436,16.5157,48178,50,1.0
bitmap_prefilter,verified=false AND overall<=5.0,0.29,0.2486,50,19,0.0706,16.433,16.5036,48178,50,1.0
bitmap_prefilter,verified=false AND overall<=5.0,0.29,0.2486,50,20,0.072,16.5595,16.6315,48178,50,1.0
bitmap_prefilter,verified=false AND overall<=5.0,0.29,0.2486,50,21,0.0791,16.6808,16.7599,48178,50,1.0
bitmap_prefilter,verified=false AND overall<=5.0,0.29,0.2486,50,22,0.07,16.5623,16.6323,48178,50,1.0
bitmap_prefilter,verified=false AND overall<=5.0,0.29,0.2486,50,23,0.0686,16.4138,16.4824,48178,50,1.0
bitmap_prefilter,verified=false AND overall<=5.0,0.29,0.2486,50,24,0.0666,16.3774,16.444,48178,50,1.0
bitmap_prefilter,verified=false AND overall<=5.0,0.29,0.2486,50,25,0.0687,16.6604,16.7291,48178,50,1.0
bitmap_prefilter,verified=false AND overall<=5.0,0.29,0.2486,50,26,0.0662,16.3833,16.4495,48178,50,1.0
bitmap_prefilter,verified=false AND overall<=5.0,0.29,0.2486,50,27,0.0663,16.4151,16.4813,48178,50,1.0
bitmap_prefilter,verified=false AND overall<=5.0,0.29,0.2486,50,28,0.0643,16.2853,16.3497,48178,50,1.0
bitmap_prefilter,verified=false AND overall<=5.0,0.29,0.2486,50,29,0.0697,16.3878,16.4574,48178,50,1.0
bitmap_prefilter,verified=false AND overall<=5.0,0.29,0.2486,50,30,0.0679,16.2852,16.3531,48178,50,1.0
bitmap_prefilter,verified=false AND overall<=5.0,0.29,0.2486,50,31,0.0639,16.18,16.2439,48178,50,1.0
bitmap_prefilter,verified=false AND overall<=5.0,0.29,0.2486,50,32,0.0633,16.3763,16.4396,48178,50,1.0
bitmap_prefilter,verified=false AND overall<=5.0,0.29,0.2486,50,33,0.0645,16.3083,16.3727,48178,50,1.0
bitmap_prefilter,verified=false AND overall<=5.0,0.29,0.2486,50,34,0.0644,16.2258,16.2902,48178,50,1.0
bitmap_prefilter,verified=false AND overall<=5.0,0.29,0.2486,50,35,0.0638,16.2107,16.2745,48178,50,1.0
bitmap_prefilter,verified=false AND overall<=5.0,0.29,0.2486,50,36,0.0633,16.2565,16.3198,48178,50,1.0
bitmap_prefilter,verified=false AND overall<=5.0,0.29,0.2486,50,37,0.0725,16.3175,16.3901,48178,50,1.0
bitmap_prefilter,verified=false AND overall<=5.0,0.29,0.2486,50,38,0.0633,16.2067,16.27,48178,50,1.0
bitmap_prefilter,verified=false AND overall<=5.0,0.29,0.2486,50,39,0.064,16.1685,16.2326,48178,50,1.0
bitmap_prefilter,verified=false AND overall<=5.0,0.29,0.2486,50,40,0.0646,16.192,16.2566,48178,50,1.0
bitmap_prefilter,verified=false AND overall<=5.0,0.29,0.2486,50,41,0.0658,16.2058,16.2716,48178,50,1.0
bitmap_prefilter,verified=false AND overall<=5.0,0.29,0.2486,50,42,0.0638,16.377,16.4407,48178,50,1.0
bitmap_prefilter,verified=false AND overall<=5.0,0.29,0.2486,50,43,0.0642,16.3316,16.3958,48178,50,1.0
bitmap_prefilter,verified=false AND overall<=5.0,0.29,0.2486,50,44,0.0635,16.6926,16.7561,48178,50,1.0
bitmap_prefilter,verified=false AND overall<=5.0,0.29,0.2486,50,45,0.0641,16.3279,16.392,48178,50,1.0
bitmap_prefilter,verified=false AND overall<=5.0,0.29,0.2486,50,46,0.0631,16.4425,16.5056,48178,50,1.0
bitmap_prefilter,verified=false AND overall<=5.0,0.29,0.2486,50,47,0.0664,16.7683,16.8347,48178,50,0.96
bitmap_prefilter,verified=false AND overall<=5.0,0.29,0.2486,50,48,0.0663,22.225,22.2913,48178,50,1.0
bitmap_prefilter,verified=false AND overall<=5.0,0.29,0.2486,50,49,0.0813,23.9006,23.9819,48178,50,1.0
brute_force,verified=false,0.31,0.2486,10,0,0.0413,25.2278,25.2691,10,10,1.0
brute_force,verified=false,0.31,0.2486,10,1,0.0265,26.2413,26.2677,10,10,1.0
brute_force,verified=false,0.31,0.2486,10,2,0.0517,25.724,25.7757,10,10,1.0
brute_force,verified=false,0.31,0.2486,10,3,0.0448,25.4205,25.4653,10,10,1.0
brute_force,verified=false,0.31,0.2486,10,4,0.029,25.7962,25.8253,10,10,1.0
brute_force,verified=false,0.31,0.2486,10,5,0.0178,24.9041,24.9219,10,10,1.0
brute_force,verified=false,0.31,0.2486,10,6,0.0226,25.3523,25.3749,10,10,1.0
brute_force,verified=false,0.31,0.2486,10,7,0.038,24.8593,24.8973,10,10,1.0
brute_force,verified=false,0.31,0.2486,10,8,0.027,25.3933,25.4202,10,10,1.0
brute_force,verified=false,0.31,0.2486,10,9,0.0195,24.8138,24.8333,10,10,1.0
brute_force,verified=false,0.31,0.2486,10,10,0.0235,25.2103,25.2337,10,10,1.0
brute_force,verified=false,0.31,0.2486,10,11,0.0275,24.6762,24.7037,10,10,1.0
brute_force,verified=false,0.31,0.2486,10,12,0.0303,25.3185,25.3488,10,10,1.0
brute_force,verified=false,0.31,0.2486,10,13,0.0508,24.9734,25.0241,10,10,1.0
brute_force,verified=false,0.31,0.2486,10,14,0.0262,26.451,26.4773,10,10,1.0
brute_force,verified=false,0.31,0.2486,10,15,0.0257,24.8747,24.9004,10,10,1.0
brute_force,verified=false,0.31,0.2486,10,16,0.0429,25.3595,25.4023,10,10,1.0
brute_force,verified=false,0.31,0.2486,10,17,1.3215,26.6935,28.015,10,10,1.0
brute_force,verified=false,0.31,0.2486,10,18,0.0297,41.672,41.7017,10,10,1.0
brute_force,verified=false,0.31,0.2486,10,19,0.0351,27.0065,27.0416,10,10,1.0
brute_force,verified=false,0.31,0.2486,10,20,0.05,25.2274,25.2773,10,10,1.0
brute_force,verified=false,0.31,0.2486,10,21,0.0328,25.1305,25.1634,10,10,1.0
brute_force,verified=false,0.31,0.2486,10,22,0.0322,24.9057,24.9378,10,10,1.0
brute_force,verified=false,0.31,0.2486,10,23,0.0755,25.4259,25.5014,10,10,1.0
brute_force,verified=false,0.31,0.2486,10,24,0.0285,24.66,24.6885,10,10,1.0
brute_force,verified=false,0.31,0.2486,10,25,0.1387,24.983,25.1218,10,10,1.0
brute_force,verified=false,0.31,0.2486,10,26,0.0329,25.1798,25.2127,10,10,1.0
brute_force,verified=false,0.31,0.2486,10,27,0.0186,25.1357,25.1543,10,10,1.0
brute_force,verified=false,0.31,0.2486,10,28,0.0409,24.804,24.8448,10,10,1.0
brute_force,verified=false,0.31,0.2486,10,29,0.0738,24.7574,24.8312,10,10,1.0
brute_force,verified=false,0.31,0.2486,10,30,0.1219,24.6757,24.7976,10,10,1.0
brute_force,verified=false,0.31,0.2486,10,31,0.035,24.8017,24.8367,10,10,1.0
brute_force,verified=false,0.31,0.2486,10,32,0.0441,24.6032,24.6473,10,10,1.0
brute_force,verified=false,0.31,0.2486,10,33,0.0256,25.5523,25.578,10,10,1.0
brute_force,verified=false,0.31,0.2486,10,34,0.0307,25.5145,25.5451,10,10,1.0
brute_force,verified=false,0.31,0.2486,10,35,0.0191,24.7053,24.7245,10,10,1.0
brute_force,verified=false,0.31,0.2486,10,36,0.0315,24.6236,24.6551,10,10,1.0
brute_force,verified=false,0.31,0.2486,10,37,0.0612,24.7633,24.8245,10,10,1.0
brute_force,verified=false,0.31,0.2486,10,38,0.024,24.719,24.743,10,10,1.0
brute_force,verified=false,0.31,0.2486,10,39,0.0865,24.795,24.8815,10,10,1.0
brute_force,verified=false,0.31,0.2486,10,40,0.0356,24.5816,24.6172,10,10,1.0
brute_force,verified=false,0.31,0.2486,10,41,0.037,24.8201,24.857,10,10,1.0
brute_force,verified=false,0.31,0.2486,10,42,0.0183,24.8193,24.8375,10,10,1.0
brute_force,verified=false,0.31,0.2486,10,43,0.1159,25.1226,25.2385,10,10,1.0
brute_force,verified=false,0.31,0.2486,10,44,0.0495,24.7326,24.7821,10,10,1.0
brute_force,verified=false,0.31,0.2486,10,45,0.032,24.699,24.7311,10,10,1.0
brute_force,verified=false,0.31,0.2486,10,46,0.0296,25.469,25.4986,10,10,1.0
brute_force,verified=false,0.31,0.2486,10,47,0.1423,25.136,25.2783,10,10,1.0
brute_force,verified=false,0.31,0.2486,10,48,0.038,24.7878,24.8258,10,10,1.0
brute_force,verified=false,0.31,0.2486,10,49,0.1301,24.8117,24.9418,10,10,1.0
naive_prefilter,verified=false,0.31,0.2486,10,0,15.3538,17.386,32.7398,48178,10,1.0
naive_prefilter,verified=false,0.31,0.2486,10,1,15.3853,16.9794,32.3647,48178,10,1.0
naive_prefilter,verified=false,0.31,0.2486,10,2,15.4489,16.9994,32.4483,48178,10,1.0
naive_prefilter,verified=false,0.31,0.2486,10,3,15.4275,17.0092,32.4367,48178,10,1.0
naive_prefilter,verified=false,0.31,0.2486,10,4,15.4514,17.055,32.5065,48178,10,1.0
naive_prefilter,verified=false,0.31,0.2486,10,5,15.4717,16.9786,32.4502,48178,10,1.0
naive_prefilter,verified=false,0.31,0.2486,10,6,15.2872,17.0415,32.3287,48178,10,1.0
naive_prefilter,verified=false,0.31,0.2486,10,7,15.3909,17.0682,32.4592,48178,10,1.0
naive_prefilter,verified=false,0.31,0.2486,10,8,15.1463,17.0148,32.1611,48178,10,1.0
naive_prefilter,verified=false,0.31,0.2486,10,9,15.2395,16.9679,32.2074,48178,10,1.0
naive_prefilter,verified=false,0.31,0.2486,10,10,15.2447,17.0647,32.3094,48178,10,1.0
naive_prefilter,verified=false,0.31,0.2486,10,11,15.1596,16.954,32.1136,48178,10,1.0
naive_prefilter,verified=false,0.31,0.2486,10,12,15.3148,16.9775,32.2923,48178,10,1.0
naive_prefilter,verified=false,0.31,0.2486,10,13,15.2367,16.9027,32.1395,48178,10,1.0
naive_prefilter,verified=false,0.31,0.2486,10,14,15.2625,16.9778,32.2402,48178,10,1.0
naive_prefilter,verified=false,0.31,0.2486,10,15,15.2906,17.0101,32.3007,48178,10,1.0
naive_prefilter,verified=false,0.31,0.2486,10,16,15.536,17.0386,32.5746,48178,10,1.0
naive_prefilter,verified=false,0.31,0.2486,10,17,15.3285,17.2766,32.6052,48178,10,1.0
naive_prefilter,verified=false,0.31,0.2486,10,18,14.9573,16.9305,31.8878,48178,10,1.0
naive_prefilter,verified=false,0.31,0.2486,10,19,15.259,16.9549,32.214,48178,10,1.0
naive_prefilter,verified=false,0.31,0.2486,10,20,15.2869,16.9661,32.253,48178,10,1.0
naive_prefilter,verified=false,0.31,0.2486,10,21,15.0813,16.9515,32.0329,48178,10,1.0
naive_prefilter,verified=false,0.31,0.2486,10,22,15.3574,17.0021,32.3595,48178,10,1.0
naive_prefilter,verified=false,0.31,0.2486,10,23,15.277,16.9502,32.2272,48178,10,1.0
naive_prefilter,verified=false,0.31,0.2486,10,24,15.2448,16.9674,32.2121,48178,10,1.0
naive_prefilter,verified=false,0.31,0.2486,10,25,15.1134,16.9668,32.0802,48178,10,1.0
naive_prefilter,verified=false,0.31,0.2486,10,26,15.2341,17.564,32.7981,48178,10,1.0
naive_prefilter,verified=false,0.31,0.2486,10,27,15.3153,32.5216,47.8368,48178,10,1.0
naive_prefilter,verified=false,0.31,0.2486,10,28,34.5038,17.1794,51.6832,48178,10,1.0
naive_prefilter,verified=false,0.31,0.2486,10,29,15.393,17.0087,32.4017,48178,10,1.0
naive_prefilter,verified=false,0.31,0.2486,10,30,15.4751,17.5365,33.0116,48178,10,0.9
naive_prefilter,verified=false,0.31,0.2486,10,31,15.444,17.0602,32.5042,48178,10,1.0
naive_prefilter,verified=false,0.31,0.2486,10,32,14.8736,17.0153,31.8889,48178,10,1.0
naive_prefilter,verified=false,0.31,0.2486,10,33,15.2674,17.0354,32.3027,48178,10,1.0
naive_prefilter,verified=false,0.31,0.2486,10,34,15.0996,17.0782,32.1778,48178,10,1.0
naive_prefilter,verified=false,0.31,0.2486,10,35,15.2981,17.0125,32.3106,48178,10,1.0
naive_prefilter,verified=false,0.31,0.2486,10,36,15.3217,17.0531,32.3747,48178,10,1.0
naive_prefilter,verified=false,0.31,0.2486,10,37,15.0378,17.0394,32.0773,48178,10,1.0
naive_prefilter,verified=false,0.31,0.2486,10,38,15.3154,16.9958,32.3111,48178,10,1.0
naive_prefilter,verified=false,0.31,0.2486,10,39,15.1443,17.0454,32.1897,48178,10,1.0
naive_prefilter,verified=false,0.31,0.2486,10,40,15.3447,16.95,32.2947,48178,10,1.0
naive_prefilter,verified=false,0.31,0.2486,10,41,15.1387,17.0139,32.1526,48178,10,1.0
naive_prefilter,verified=false,0.31,0.2486,10,42,15.2671,17.1725,32.4396,48178,10,1.0
naive_prefilter,verified=false,0.31,0.2486,10,43,15.3565,16.971,32.3276,48178,10,1.0
naive_prefilter,verified=false,0.31,0.2486,10,44,15.046,17.0342,32.0802,48178,10,1.0
naive_prefilter,verified=false,0.31,0.2486,10,45,15.262,17.1089,32.3709,48178,10,1.0
naive_prefilter,verified=false,0.31,0.2486,10,46,15.1525,17.6459,32.7984,48178,10,1.0
naive_prefilter,verified=false,0.31,0.2486,10,47,37.4993,19.6141,57.1134,48178,10,1.0
naive_prefilter,verified=false,0.31,0.2486,10,48,15.5751,17.0589,32.634,48178,10,1.0
naive_prefilter,verified=false,0.31,0.2486,10,49,15.4163,17.0308,32.4471,48178,10,1.0
post_filter,verified=false,0.31,0.2486,10,0,0.011,0.3845,0.3956,10,10,1.0
post_filter,verified=false,0.31,0.2486,10,1,0.0173,0.8202,0.8375,10,10,1.0
post_filter,verified=false,0.31,0.2486,10,2,0.0211,0.6679,0.689,10,10,1.0
post_filter,verified=false,0.31,0.2486,10,3,0.0276,0.6774,0.705,10,10,1.0
post_filter,verified=false,0.31,0.2486,10,4,0.02,0.7716,0.7915,10,10,1.0
post_filter,verified=false,0.31,0.2486,10,5,0.0156,0.6586,0.6742,10,10,1.0
post_filter,verified=false,0.31,0.2486,10,6,0.0166,0.778,0.7946,10,10,1.0
post_filter,verified=false,0.31,0.2486,10,7,0.0313,0.5963,0.6276,10,10,1.0
post_filter,verified=false,0.31,0.2486,10,8,0.0205,0.8336,0.8541,10,10,1.0
post_filter,verified=false,0.31,0.2486,10,9,0.016,0.857,0.873,10,10,1.0
post_filter,verified=false,0.31,0.2486,10,10,0.0273,0.8763,0.9035,10,10,1.0
post_filter,verified=false,0.31,0.2486,10,11,0.0291,0.8793,0.9084,10,10,1.0
post_filter,verified=false,0.31,0.2486,10,12,0.027,0.812,0.839,10,10,1.0
post_filter,verified=false,0.31,0.2486,10,13,0.0482,0.8096,0.8578,10,10,1.0
post_filter,verified=false,0.31,0.2486,10,14,0.0219,0.5445,0.5664,10,10,1.0
post_filter,verified=false,0.31,0.2486,10,15,0.0198,0.4487,0.4685,10,10,1.0
post_filter,verified=false,0.31,0.2486,10,16,0.0374,0.8361,0.8735,10,10,1.0
post_filter,verified=false,0.31,0.2486,10,17,0.0582,0.6361,0.6943,10,10,1.0
post_filter,verified=false,0.31,0.2486,10,18,0.0127,0.7451,0.7577,10,10,1.0
post_filter,verified=false,0.31,0.2486,10,19,0.0195,0.7882,0.8077,10,10,1.0
post_filter,verified=false,0.31,0.2486,10,20,0.0373,0.5747,0.612,10,10,1.0
post_filter,verified=false,0.31,0.2486,10,21,0.0167,0.6007,0.6174,10,10,1.0
post_filter,verified=false,0.31,0.2486,10,22,0.0213,0.6668,0.6881,10,10,1.0
post_filter,verified=false,0.31,0.2486,10,23,0.0557,0.632,0.6877,10,10,1.0
post_filter,verified=false,0.31,0.2486,10,24,0.0132,0.8946,0.9079,10,10,1.0
post_filter,verified=false,0.31,0.2486,10,25,0.1222,0.2745,0.3967,10,10,0.6
post_filter,verified=false,0.31,0.2486,10,26,0.0184,0.7698,0.7882,10,10,1.0
post_filter,verified=false,0.31,0.2486,10,27,0.0107,0.7407,0.7514,10,10,1.0
post_filter,verified=false,0.31,0.2486,10,28,0.0285,0.7872,0.8157,10,10,0.9
post_filter,verified=false,0.31,0.2486,10,29,0.0599,0.5103,0.5703,10,10,1.0
post_filter,verified=false,0.31,0.2486,10,30,0.07,0.3882,0.4582,10,10,0.0
post_filter,verified=false,0.31,0.2486,10,31,0.0265,0.7709,0.7974,10,10,1.0
post_filter,verified=false,0.31,0.2486,10,32,0.0328,0.6043,0.6372,10,10,1.0
post_filter,verified=false,0.31,0.2486,10,33,0.0189,0.4543,0.4732,10,10,1.0
post_filter,verified=false,0.31,0.2486,10,34,0.0239,0.7487,0.7726,10,10,1.0
post_filter,verified=false,0.31,0.2486,10,35,0.0144,0.7808,0.7952,10,10,1.0
post_filter,verified=false,0.31,0.2486,10,36,0.0266,0.6548,0.6815,10,10,1.0
post_filter,verified=false,0.31,0.2486,10,37,0.0657,0.594,0.6597,10,10,1.0
post_filter,verified=false,0.31,0.2486,10,38,0.0188,0.9722,0.991,10,10,1.0
post_filter,verified=false,0.31,0.2486,10,39,0.0739,0.4657,0.5396,10,10,1.0
post_filter,verified=false,0.31,0.2486,10,40,0.0288,0.9178,0.9466,10,10,1.0
post_filter,verified=false,0.31,0.2486,10,41,0.0299,0.5308,0.5607,10,10,1.0
post_filter,verified=false,0.31,0.2486,10,42,0.0131,0.7875,0.8006,10,10,1.0
post_filter,verified=false,0.31,0.2486,10,43,0.0997,0.4001,0.4998,10,10,0.9
post_filter,verified=false,0.31,0.2486,10,44,0.0411,0.5905,0.6316,10,10,1.0
post_filter,verified=false,0.31,0.2486,10,45,0.0264,0.9162,0.9426,10,10,1.0
post_filter,verified=false,0.31,0.2486,10,46,0.023,0.7572,0.7803,10,10,1.0
post_filter,verified=false,0.31,0.2486,10,47,0.1334,0.2529,0.3863,10,10,1.0
post_filter,verified=false,0.31,0.2486,10,48,0.0335,0.8388,0.8723,10,10,1.0
post_filter,verified=false,0.31,0.2486,10,49,0.0999,0.4047,0.5045,10,10,0.9
bitmap_prefilter,verified=false,0.31,0.2486,10,0,0.0696,16.7763,16.8458,48178,10,1.0
bitmap_prefilter,verified=false,0.31,0.2486,10,1,0.0491,17.6408,17.6899,48178,10,1.0
bitmap_prefilter,verified=false,0.31,0.2486,10,2,0.0687,17.2582,17.3268,48178,10,1.0
bitmap_prefilter,verified=false,0.31,0.2486,10,3,0.0496,17.039,17.0886,48178,10,1.0
bitmap_prefilter,verified=false,0.31,0.2486,10,4,0.0467,16.8527,16.8995,48178,10,1.0
bitmap_prefilter,verified=false,0.31,0.2486,10,5,0.058,16.7744,16.8325,48178,10,1.0
bitmap_prefilter,verified=false,0.31,0.2486,10,6,0.0473,16.849,16.8963,48178,10,1.0
bitmap_prefilter,verified=false,0.31,0.2486,10,7,0.0448,16.6669,16.7118,48178,10,1.0
bitmap_prefilter,verified=false,0.31,0.2486,10,8,0.0477,16.2332,16.2808,48178,10,1.0
bitmap_prefilter,verified=false,0.31,0.2486,10,9,0.0504,16.2553,16.3056,48178,10,1.0
bitmap_prefilter,verified=false,0.31,0.2486,10,10,0.045,16.2087,16.2537,48178,10,1.0
bitmap_prefilter,verified=false,0.31,0.2486,10,11,0.0439,16.1897,16.2336,48178,10,1.0
bitmap_prefilter,verified=false,0.31,0.2486,10,12,0.0439,16.621,16.6648,48178,10,1.0
bitmap_prefilter,verified=false,0.31,0.2486,10,13,0.0561,16.3294,16.3855,48178,10,1.0
bitmap_prefilter,verified=false,0.31,0.2486,10,14,0.0452,16.2826,16.3278,48178,10,1.0
bitmap_prefilter,verified=false,0.31,0.2486,10,15,0.045,16.2858,16.3308,48178,10,1.0
bitmap_prefilter,verified=false,0.31,0.2486,10,16,0.0469,16.2572,16.3041,48178,10,1.0
bitmap_prefilter,verified=false,0.31,0.2486,10,17,0.043,16.2337,16.2768,48178,10,1.0
bitmap_prefilter,verified=false,0.31,0.2486,10,18,0.0438,16.2955,16.3393,48178,10,1.0
bitmap_prefilter,verified=false,0.31,0.2486,10,19,0.0495,16.3123,16.3618,48178,10,1.0
bitmap_prefilter,verified=false,0.31,0.2486,10,20,0.045,16.3141,16.3591,48178,10,1.0
bitmap_prefilter,verified=false,0.31,0.2486,10,21,0.0445,16.2118,16.2563,48178,10,1.0
bitmap_prefilter,verified=false,0.31,0.2486,10,22,0.0442,16.259,16.3032,48178,10,1.0
bitmap_prefilter,verified=false,0.31,0.2486,10,23,0.0427,16.1755,16.2182,48178,10,1.0
bitmap_prefilter,verified=false,0.31,0.2486,10,24,0.0423,16.2289,16.2712,48178,10,1.0
bitmap_prefilter,verified=false,0.31,0.2486,10,25,0.0431,16.2582,16.3013,48178,10,1.0
bitmap_prefilter,verified=false,0.31,0.2486,10,26,0.043,16.3906,16.4336,48178,10,1.0
bitmap_prefilter,verified=false,0.31,0.2486,10,27,0.043,16.2634,16.3064,48178,10,1.0
bitmap_prefilter,verified=false,0.31,0.2486,10,28,0.0417,16.2402,16.282,48178,10,1.0
bitmap_prefilter,verified=false,0.31,0.2486,10,29,0.0423,16.2179,16.2601,48178,10,1.0
bitmap_prefilter,verified=false,0.31,0.2486,10,30,0.0424,16.2206,16.263,48178,10,0.9
bitmap_prefilter,verified=false,0.31,0.2486,10,31,0.0427,16.2129,16.2555,48178,10,1.0
bitmap_prefilter,verified=false,0.31,0.2486,10,32,0.0423,16.1663,16.2086,48178,10,1.0
bitmap_prefilter,verified=false,0.31,0.2486,10,33,0.0422,16.4351,16.4773,48178,10,1.0
bitmap_prefilter,verified=false,0.31,0.2486,10,34,0.0448,16.233,16.2777,48178,10,1.0
bitmap_prefilter,verified=false,0.31,0.2486,10,35,0.0421,16.1853,16.2274,48178,10,1.0
bitmap_prefilter,verified=false,0.31,0.2486,10,36,0.0424,16.1843,16.2268,48178,10,1.0
bitmap_prefilter,verified=false,0.31,0.2486,10,37,0.0422,16.2348,16.277,48178,10,1.0
bitmap_prefilter,verified=false,0.31,0.2486,10,38,0.042,16.2635,16.3055,48178,10,1.0
bitmap_prefilter,verified=false,0.31,0.2486,10,39,0.0416,16.1721,16.2137,48178,10,1.0
bitmap_prefilter,verified=false,0.31,0.2486,10,40,0.043,16.2885,16.3315,48178,10,1.0
bitmap_prefilter,verified=false,0.31,0.2486,10,41,0.0428,16.2163,16.2591,48178,10,1.0
bitmap_prefilter,verified=false,0.31,0.2486,10,42,0.0416,16.1651,16.2067,48178,10,1.0
bitmap_prefilter,verified=false,0.31,0.2486,10,43,0.0417,16.3791,16.4207,48178,10,1.0
bitmap_prefilter,verified=false,0.31,0.2486,10,44,0.0637,16.2065,16.2703,48178,10,1.0
bitmap_prefilter,verified=false,0.31,0.2486,10,45,0.0505,16.1973,16.2477,48178,10,1.0
bitmap_prefilter,verified=false,0.31,0.2486,10,46,0.047,16.2768,16.3239,48178,10,1.0
bitmap_prefilter,verified=false,0.31,0.2486,10,47,0.0462,16.2255,16.2718,48178,10,1.0
bitmap_prefilter,verified=false,0.31,0.2486,10,48,0.0463,16.1638,16.2102,48178,10,1.0
bitmap_prefilter,verified=false,0.31,0.2486,10,49,0.0444,16.2715,16.3159,48178,10,1.0
brute_force,verified=false,0.31,0.2486,50,0,0.0999,24.513,24.613,50,50,1.0
brute_force,verified=false,0.31,0.2486,50,1,0.0991,24.8005,24.8996,50,50,1.0
brute_force,verified=false,0.31,0.2486,50,2,0.1253,24.8797,25.005,50,50,1.0
brute_force,verified=false,0.31,0.2486,50,3,0.1722,24.8203,24.9925,50,50,1.0
brute_force,verified=false,0.31,0.2486,50,4,0.1037,24.6229,24.7265,50,50,1.0
brute_force,verified=false,0.31,0.2486,50,5,0.0599,24.4393,24.4992,50,50,1.0
brute_force,verified=false,0.31,0.2486,50,6,0.0911,24.4863,24.5774,50,50,1.0
brute_force,verified=false,0.31,0.2486,50,7,0.125,24.514,24.639,50,50,1.0
brute_force,verified=false,0.31,0.2486,50,8,0.0955,24.4174,24.5129,50,50,1.0
brute_force,verified=false,0.31,0.2486,50,9,0.0918,24.4962,24.588,50,50,1.0
brute_force,verified=false,0.31,0.2486,50,10,0.089,24.3235,24.4125,50,50,1.0
brute_force,verified=false,0.31,0.2486,50,11,0.0914,24.8942,24.9856,50,50,1.0
brute_force,verified=false,0.31,0.2486,50,12,0.1508,24.6202,24.771,50,50,1.0
brute_force,verified=false,0.31,0.2486,50,13,0.185,24.5156,24.7005,50,50,1.0
brute_force,verified=false,0.31,0.2486,50,14,0.1045,24.4736,24.5781,50,50,1.0
brute_force,verified=false,0.31,0.2486,50,15,0.095,24.4931,24.5881,50,50,1.0
brute_force,verified=false,0.31,0.2486,50,16,0.216,24.5014,24.7174,50,50,1.0
brute_force,verified=false,0.31,0.2486,50,17,0.237,24.5981,24.8351,50,50,1.0
brute_force,verified=false,0.31,0.2486,50,18,0.0718,24.4131,24.4849,50,50,1.0
brute_force,verified=false,0.31,0.2486,50,19,0.0818,24.4325,24.5142,50,50,1.0
brute_force,verified=false,0.31,0.2486,50,20,0.2065,24.556,24.7625,50,50,1.0
brute_force,verified=false,0.31,0.2486,50,21,0.0799,24.3929,24.4728,50,50,1.0
brute_force,verified=false,0.31,0.2486,50,22,0.0774,24.3399,24.4172,50,50,1.0
brute_force,verified=false,0.31,0.2486,50,23,0.2892,24.5136,24.8028,50,50,1.0
brute_force,verified=false,0.31,0.2486,50,24,0.0646,24.3504,24.415,50,50,1.0
brute_force,verified=false,0.31,0.2486,50,25,0.5099,24.5681,25.078,50,50,1.0
brute_force,verified=false,0.31,0.2486,50,26,0.07,24.4663,24.5363,50,50,1.0
brute_force,verified=false,0.31,0.2486,50,27,0.0644,24.35,24.4144,50,50,1.0
brute_force,verified=false,0.31,0.2486,50,28,0.1647,24.4655,24.6302,50,50,1.0
brute_force,verified=false,0.31,0.2486,50,29,0.38,24.498,24.878,50,50,1.0
brute_force,verified=false,0.31,0.2486,50,30,0.3971,24.3911,24.7882,50,50,1.0
brute_force,verified=false,0.31,0.2486,50,31,0.1007,24.6321,24.7328,50,50,1.0
brute_force,verified=false,0.31,0.2486,50,32,0.2036,24.7295,24.9332,50,50,1.0
brute_force,verified=false,0.31,0.2486,50,33,0.1067,24.6313,24.738,50,50,1.0
brute_force,verified=false,0.31,0.2486,50,34,0.1075,24.3826,24.4902,50,50,1.0
brute_force,verified=false,0.31,0.2486,50,35,0.0761,24.4546,24.5307,50,50,1.0
brute_force,verified=false,0.31,0.2486,50,36,0.1133,24.3517,24.465,50,50,1.0
brute_force,verified=false,0.31,0.2486,50,37,0.1744,24.5872,24.7616,50,50,1.0
brute_force,verified=false,0.31,0.2486,50,38,0.0845,24.335,24.4195,50,50,1.0
brute_force,verified=false,0.31,0.2486,50,39,0.4877,24.5186,25.0063,50,50,1.0
brute_force,verified=false,0.31,0.2486,50,40,0.1229,24.4884,24.6113,50,50,1.0
brute_force,verified=false,0.31,0.2486,50,41,0.1338,24.5336,24.6674,50,50,1.0
brute_force,verified=false,0.31,0.2486,50,42,0.0727,24.3497,24.4224,50,50,1.0
brute_force,verified=false,0.31,0.2486,50,43,0.4852,24.6966,25.1819,50,50,1.0
brute_force,verified=false,0.31,0.2486,50,44,0.1889,24.474,24.6629,50,50,1.0
brute_force,verified=false,0.31,0.2486,50,45,0.1032,24.5008,24.604,50,50,1.0
brute_force,verified=false,0.31,0.2486,50,46,0.1061,24.8343,24.9404,50,50,1.0
brute_force,verified=false,0.31,0.2486,50,47,0.4197,25.6172,26.0369,50,50,0.96
brute_force,verified=false,0.31,0.2486,50,48,0.1477,24.5927,24.7403,50,50,1.0
brute_force,verified=false,0.31,0.2486,50,49,0.5184,24.535,25.0534,50,50,1.0
naive_prefilter,verified=false,0.31,0.2486,50,0,15.1881,17.1237,32.3117,48178,50,1.0
naive_prefilter,verified=false,0.31,0.2486,50,1,15.126,17.0505,32.1766,48178,50,1.0
naive_prefilter,verified=false,0.31,0.2486,50,2,15.4185,17.0907,32.5092,48178,50,1.0
naive_prefilter,verified=false,0.31,0.2486,50,3,15.5372,17.1185,32.6557,48178,50,1.0
naive_prefilter,verified=false,0.31,0.2486,50,4,15.067,17.0327,32.0997,48178,50,1.0
naive_prefilter,verified=false,0.31,0.2486,50,5,14.9215,17.0053,31.9268,48178,50,1.0
naive_prefilter,verified=false,0.31,0.2486,50,6,15.2155,17.0397,32.2551,48178,50,1.0
naive_prefilter,verified=false,0.31,0.2486,50,7,15.3662,17.1255,32.4917,48178,50,1.0
naive_prefilter,verified=false,0.31,0.2486,50,8,15.4141,17.0141,32.4282,48178,50,1.0
naive_prefilter,verified=false,0.31,0.2486,50,9,14.8757,17.0004,31.8762,48178,50,1.0
naive_prefilter,verified=false,0.31,0.2486,50,10,15.3419,16.9716,32.3135,48178,50,1.0
naive_prefilter,verified=false,0.31,0.2486,50,11,15.0439,17.2637,32.3077,48178,50,1.0
naive_prefilter,verified=false,0.31,0.2486,50,12,15.3186,17.0336,32.3523,48178,50,1.0
naive_prefilter,verified=false,0.31,0.2486,50,13,15.2459,17.002,32.2479,48178,50,1.0
naive_prefilter,verified=false,0.31,0.2486,50,14,15.1565,16.9974,32.1539,48178,50,1.0
naive_prefilter,verified=false,0.31,0.2486,50,15,15.2532,17.2457,32.4989,48178,50,1.0
naive_prefilter,verified=false,0.31,0.2486,50,16,15.2295,17.0028,32.2323,48178,50,1.0
naive_prefilter,verified=false,0.31,0.2486,50,17,14.9167,17.016,31.9327,48178,50,1.0
naive_prefilter,verified=false,0.31,0.2486,50,18,14.6941,17.0372,31.7314,48178,50,1.0
naive_prefilter,verified=false,0.31,0.2486,50,19,15.2129,16.9962,32.2091,48178,50,1.0
naive_prefilter,verified=false,0.31,0.2486,50,20,15.0485,17.1006,32.1491,48178,50,1.0
naive_prefilter,verified=false,0.31,0.2486,50,21,15.1105,17.0201,32.1306,48178,50,1.0
naive_prefilter,verified=false,0.31,0.2486,50,22,15.3394,17.0944,32.4338,48178,50,1.0
naive_prefilter,verified=false,0.31,0.2486,50,23,15.3197,16.9955,32.3151,48178,50,1.0
naive_prefilter,verified=false,0.31,0.2486,50,24,15.1072,17.0257,32.1329,48178,50,1.0
naive_prefilter,verified=false,0.31,0.2486,50,25,15.1478,17.05,32.1977,48178,50,1.0
naive_prefilter,verified=false,0.31,0.2486,50,26,15.0831,17.1313,32.2143,48178,50,1.0
naive_prefilter,verified=false,0.31,0.2486,50,27,15.5383,17.0516,32.59,48178,50,1.0
naive_prefilter,verified=false,0.31,0.2486,50,28,15.3823,18.6111,33.9934,48178,50,1.0
naive_prefilter,verified=false,0.31,0.2486,50,29,15.2485,17.3896,32.6382,48178,50,1.0
naive_prefilter,verified=false,0.31,0.2486,50,30,15.3653,16.958,32.3232,48178,50,1.0
naive_prefilter,verified=false,0.31,0.2486,50,31,15.3764,17.0097,32.386,48178,50,1.0
naive_prefilter,verified=false,0.31,0.2486,50,32,15.2961,17.0165,32.3126,48178,50,1.0
naive_prefilter,verified=false,0.31,0.2486,50,33,15.0865,16.9928,32.0793,48178,50,1.0
naive_prefilter,verified=false,0.31,0.2486,50,34,14.905,16.9573,31.8623,48178,50,1.0
naive_prefilter,verified=false,0.31,0.2486,50,35,15.1282,16.9843,32.1125,48178,50,1.0
naive_prefilter,verified=false,0.31,0.2486,50,36,15.3406,17.0821,32.4227,48178,50,1.0
naive_prefilter,verified=false,0.31,0.2486,50,37,15.3962,16.9734,32.3695,48178,50,1.0
naive_prefilter,verified=false,0.31,0.2486,50,38,15.2587,17.0076,32.2663,48178,50,1.0
naive_prefilter,verified=false,0.31,0.2486,50,39,15.1446,16.9979,32.1425,48178,50,1.0
naive_prefilter,verified=false,0.31,0.2486,50,40,15.2887,16.9815,32.2702,48178,50,1.0
naive_prefilter,verified=false,0.31,0.2486,50,41,15.2479,16.9542,32.2021,48178,50,1.0
naive_prefilter,verified=false,0.31,0.2486,50,42,15.3435,17.0722,32.4157,48178,50,1.0
naive_prefilter,verified=false,0.31,0.2486,50,43,15.3702,16.9928,32.363,48178,50,1.0
naive_prefilter,verified=false,0.31,0.2486,50,44,15.3623,16.9438,32.3061,48178,50,1.0
naive_prefilter,verified=false,0.31,0.2486,50,45,15.3244,17.0853,32.4097,48178,50,1.0
naive_prefilter,verified=false,0.31,0.2486,50,46,15.0815,17.1522,32.2337,48178,50,1.0
naive_prefilter,verified=false,0.31,0.2486,50,47,15.3336,17.1176,32.4512,48178,50,0.96
naive_prefilter,verified=false,0.31,0.2486,50,48,15.3462,17.0762,32.4224,48178,50,1.0
naive_prefilter,verified=false,0.31,0.2486,50,49,15.3071,17.0575,32.3645,48178,50,1.0
post_filter,verified=false,0.31,0.2486,50,0,0.0388,0.5354,0.5742,50,50,1.0
post_filter,verified=false,0.31,0.2486,50,1,0.0893,1.1089,1.1982,50,50,1.0
post_filter,verified=false,0.31,0.2486,50,2,0.1074,0.8391,0.9465,50,50,0.98
post_filter,verified=false,0.31,0.2486,50,3,0.1554,0.9571,1.1125,50,50,0.92
post_filter,verified=false,0.31,0.2486,50,4,0.0892,1.1606,1.2497,50,50,0.98
post_filter,verified=false,0.31,0.2486,50,5,0.0522,0.9267,0.9789,50,50,1.0
post_filter,verified=false,0.31,0.2486,50,6,0.1054,1.0953,1.2007,50,50,0.98
post_filter,verified=false,0.31,0.2486,50,7,0.1632,0.967,1.1303,50,50,1.0
post_filter,verified=false,0.31,0.2486,50,8,0.0885,1.302,1.3905,50,50,1.0
post_filter,verified=false,0.31,0.2486,50,9,0.0811,1.1484,1.2295,50,50,0.98
post_filter,verified=false,0.31,0.2486,50,10,0.0784,1.0264,1.1048,50,50,0.98
post_filter,verified=false,0.31,0.2486,50,11,0.0775,1.0008,1.0783,50,50,0.96
post_filter,verified=false,0.31,0.2486,50,12,0.1382,0.8182,0.9564,50,50,1.0
post_filter,verified=false,0.31,0.2486,50,13,0.1588,0.8485,1.0073,50,50,0.98
post_filter,verified=false,0.31,0.2486,50,14,0.1062,0.6377,0.744,50,50,0.98
post_filter,verified=false,0.31,0.2486,50,15,0.0939,0.5999,0.6938,50,50,0.98
post_filter,verified=false,0.31,0.2486,50,16,0.2034,1.038,1.2414,50,50,0.9
post_filter,verified=false,0.31,0.2486,50,17,0.2284,0.7731,1.0015,50,50,0.72
post_filter,verified=false,0.31,0.2486,50,18,0.0633,0.9179,0.9812,50,50,1.0
post_filter,verified=false,0.31,0.2486,50,19,0.0704,0.979,1.0494,50,50,0.98
post_filter,verified=false,0.31,0.2486,50,20,0.1782,0.6915,0.8697,50,50,0.96
post_filter,verified=false,0.31,0.2486,50,21,0.0704,0.7454,0.8158,50,50,0.98
post_filter,verified=false,0.31,0.2486,50,22,0.0694,0.783,0.8524,50,50,0.92
post_filter,verified=false,0.31,0.2486,50,23,0.2619,0.743,1.005,50,50,0.86
post_filter,verified=false,0.31,0.2486,50,24,0.057,1.0974,1.1543,50,50,1.0
post_filter,verified=false,0.31,0.2486,50,25,0.5695,0.3366,0.906,28,28,0.22
post_filter,verified=false,0.31,0.2486,50,26,0.066,1.0357,1.1017,50,50,1.0
post_filter,verified=false,0.31,0.2486,50,27,0.0555,0.9346,0.9901,50,50,1.0
post_filter,verified=false,0.31,0.2486,50,28,0.1561,0.9907,1.1468,50,50,0.94
post_filter,verified=false,0.31,0.2486,50,29,0.3075,0.6137,0.9212,50,50,0.74
post_filter,verified=false,0.31,0.2486,50,30,0.522,0.4781,1.0002,31,31,0.62
post_filter,verified=false,0.31,0.2486,50,31,0.0964,1.036,1.1323,50,50,0.96
post_filter,verified=false,0.31,0.2486,50,32,0.1773,0.772,0.9493,50,50,0.96
post_filter,verified=false,0.31,0.2486,50,33,0.0974,0.5695,0.667,50,50,1.0
post_filter,verified=false,0.31,0.2486,50,34,0.0943,0.9515,1.0458,50,50,1.0
post_filter,verified=false,0.31,0.2486,50,35,0.0673,0.9937,1.061,50,50,1.0
post_filter,verified=false,0.31,0.2486,50,36,0.0993,0.81,0.9093,50,50,1.0
post_filter,verified=false,0.31,0.2486,50,37,0.1537,0.7283,0.882,50,50,0.98
post_filter,verified=false,0.31,0.2486,50,38,0.071,1.2184,1.2894,50,50,1.0
post_filter,verified=false,0.31,0.2486,50,39,0.4282,0.5685,0.9967,50,50,0.68
post_filter,verified=false,0.31,0.2486,50,40,0.1075,1.2127,1.3202,50,50,0.98
post_filter,verified=false,0.31,0.2486,50,41,0.1089,0.6371,0.746,50,50,0.98
post_filter,verified=false,0.31,0.2486,50,42,0.0618,0.9758,1.0377,50,50,1.0
post_filter,verified=false,0.31,0.2486,50,43,0.3706,0.4826,0.8532,50,50,0.44
post_filter,verified=false,0.31,0.2486,50,44,0.1654,0.7128,0.8782,50,50,0.92
post_filter,verified=false,0.31,0.2486,50,45,0.088,1.0529,1.1409,50,50,0.94
post_filter,verified=false,0.31,0.2486,50,46,0.0841,0.8469,0.931,50,50,1.0
post_filter,verified=false,0.31,0.2486,50,47,0.4536,0.2942,0.7478,15,15,0.26
post_filter,verified=false,0.31,0.2486,50,48,0.1402,1.0579,1.1981,50,50,0.92
post_filter,verified=false,0.31,0.2486,50,49,0.4211,0.5057,0.9268,50,50,0.46
bitmap_prefilter,verified=false,0.31,0.2486,50,0,0.0467,16.2708,16.3175,48178,50,1.0
bitmap_prefilter,verified=false,0.31,0.2486,50,1,0.0481,16.2861,16.3343,48178,50,1.0
bitmap_prefilter,verified=false,0.31,0.2486,50,2,0.0523,16.272,16.3244,48178,50,1.0
bitmap_prefilter,verified=false,0.31,0.2486,50,3,0.0488,16.2703,16.3191,48178,50,1.0
bitmap_prefilter,verified=false,0.31,0.2486,50,4,0.0453,16.2416,16.2869,48178,50,1.0
bitmap_prefilter,verified=false,0.31,0.2486,50,5,0.0692,16.1977,16.267,48178,50,1.0
bitmap_prefilter,verified=false,0.31,0.2486,50,6,0.0528,16.218,16.2707,48178,50,1.0
bitmap_prefilter,verified=false,0.31,0.2486,50,7,0.0488,16.4497,16.4985,48178,50,1.0
bitmap_prefilter,verified=false,0.31,0.2486,50,8,0.0449,16.3012,16.3461,48178,50,1.0
bitmap_prefilter,verified=false,0.31,0.2486,50,9,0.064,16.3341,16.3981,48178,50,1.0
bitmap_prefilter,verified=false,0.31,0.2486,50,10,0.049,16.233,16.282,48178,50,1.0
bitmap_prefilter,verified=false,0.31,0.2486,50,11,0.0461,16.2489,16.295,48178,50,1.0
bitmap_prefilter,verified=false,0.31,0.2486,50,12,0.0477,16.2512,16.2989,48178,50,1.0
bitmap_prefilter,verified=false,0.31,0.2486,50,13,0.045,16.2133,16.2583,48178,50,1.0
bitmap_prefilter,verified=false,0.31,0.2486,50,14,0.044,16.2248,16.2688,48178,50,1.0
bitmap_prefilter,verified=false,0.31,0.2486,50,15,0.0438,16.2517,16.2955,48178,50,1.0
bitmap_prefilter,verified=false,0.31,0.2486,50,16,0.0432,16.2087,16.2518,48178,50,1.0
bitmap_prefilter,verified=false,0.31,0.2486,50,17,0.0429,16.3794,16.4223,48178,50,1.0
bitmap_prefilter,verified=false,0.31,0.2486,50,18,0.0426,16.2345,16.2771,48178,50,1.0
bitmap_prefilter,verified=false,0.31,0.2486,50,19,0.0426,16.2325,16.2751,48178,50,1.0
bitmap_prefilter,verified=false,0.31,0.2486,50,20,0.0429,16.3345,16.3775,48178,50,1.0
bitmap_prefilter,verified=false,0.31,0.2486,50,21,0.0435,16.2314,16.2748,48178,50,1.0
bitmap_prefilter,verified=false,0.31,0.2486,50,22,0.0424,16.235,16.2774,48178,50,1.0
bitmap_prefilter,verified=false,0.31,0.2486,50,23,0.0425,16.1762,16.2186,48178,50,1.0
bitmap_prefilter,verified=false,0.31,0.2486,50,24,0.0434,16.3167,16.36,48178,50,1.0
bitmap_prefilter,verified=false,0.31,0.2486,50,25,0.0425,16.2117,16.2542,48178,50,1.0
bitmap_prefilter,verified=false,0.31,0.2486,50,26,0.0416,16.2952,16.3368,48178,50,1.0
bitmap_prefilter,verified=false,0.31,0.2486,50,27,0.0419,16.244,16.2859,48178,50,1.0
bitmap_prefilter,verified=false,0.31,0.2486,50,28,0.0417,16.2743,16.316,48178,50,1.0
bitmap_prefilter,verified=false,0.31,0.2486,50,29,0.042,16.162,16.2039,48178,50,1.0
bitmap_prefilter,verified=false,0.31,0.2486,50,30,0.0428,16.236,16.2787,48178,50,1.0
bitmap_prefilter,verified=false,0.31,0.2486,50,31,0.0432,16.2635,16.3067,48178,50,1.0
bitmap_prefilter,verified=false,0.31,0.2486,50,32,0.0426,16.1697,16.2123,48178,50,1.0
bitmap_prefilter,verified=false,0.31,0.2486,50,33,0.041,16.2397,16.2808,48178,50,1.0
bitmap_prefilter,verified=false,0.31,0.2486,50,34,0.0428,16.2767,16.3195,48178,50,1.0
bitmap_prefilter,verified=false,0.31,0.2486,50,35,0.0415,16.2158,16.2573,48178,50,1.0
bitmap_prefilter,verified=false,0.31,0.2486,50,36,0.0418,16.4036,16.4454,48178,50,1.0
bitmap_prefilter,verified=false,0.31,0.2486,50,37,0.0456,16.33,16.3755,48178,50,1.0
bitmap_prefilter,verified=false,0.31,0.2486,50,38,0.042,16.2269,16.2689,48178,50,1.0
bitmap_prefilter,verified=false,0.31,0.2486,50,39,0.0427,16.3134,16.3561,48178,50,1.0
bitmap_prefilter,verified=false,0.31,0.2486,50,40,0.0423,16.3776,16.4198,48178,50,1.0
bitmap_prefilter,verified=false,0.31,0.2486,50,41,0.0425,16.2037,16.2461,48178,50,1.0
bitmap_prefilter,verified=false,0.31,0.2486,50,42,0.0419,16.2672,16.3091,48178,50,1.0
bitmap_prefilter,verified=false,0.31,0.2486,50,43,0.0416,16.2572,16.2988,48178,50,1.0
bitmap_prefilter,verified=false,0.31,0.2486,50,44,0.0427,16.2765,16.3192,48178,50,1.0
bitmap_prefilter,verified=false,0.31,0.2486,50,45,0.0418,16.232,16.2738,48178,50,1.0
bitmap_prefilter,verified=false,0.31,0.2486,50,46,0.0423,16.2426,16.2849,48178,50,1.0
bitmap_prefilter,verified=false,0.31,0.2486,50,47,0.0416,16.2371,16.2787,48178,50,0.96
bitmap_prefilter,verified=false,0.31,0.2486,50,48,0.0421,16.2665,16.3086,48178,50,1.0
bitmap_prefilter,verified=false,0.31,0.2486,50,49,0.0412,16.2513,16.2925,48178,50,1.0
brute_force,overall<=4.0,0.33,0.3897,10,0,0.0386,24.8045,24.8431,10,10,1.0
brute_force,overall<=4.0,0.33,0.3897,10,1,0.0488,24.4457,24.4945,10,10,1.0
brute_force,overall<=4.0,0.33,0.3897,10,2,0.0728,25.5858,25.6586,10,10,1.0
brute_force,overall<=4.0,0.33,0.3897,10,3,0.05,25.7446,25.7946,10,10,1.0
brute_force,overall<=4.0,0.33,0.3897,10,4,0.0262,24.5698,24.596,10,10,1.0
brute_force,overall<=4.0,0.33,0.3897,10,5,0.0198,24.5821,24.6019,10,10,1.0
brute_force,overall<=4.0,0.33,0.3897,10,6,0.0209,24.7569,24.7778,10,10,1.0
brute_force,overall<=4.0,0.33,0.3897,10,7,0.0178,25.0165,25.0343,10,10,1.0
brute_force,overall<=4.0,0.33,0.3897,10,8,0.02,24.9035,24.9235,10,10,1.0
brute_force,overall<=4.0,0.33,0.3897,10,9,0.025,24.6258,24.6508,10,10,1.0
brute_force,overall<=4.0,0.33,0.3897,10,10,0.023,24.7261,24.7492,10,10,1.0
brute_force,overall<=4.0,0.33,0.3897,10,11,0.0262,24.6899,24.7161,10,10,1.0
brute_force,overall<=4.0,0.33,0.3897,10,12,0.0335,24.879,24.9125,10,10,1.0
brute_force,overall<=4.0,0.33,0.3897,10,13,0.0503,24.7385,24.7887,10,10,1.0
brute_force,overall<=4.0,0.33,0.3897,10,14,0.0156,24.8238,24.8394,10,10,1.0
brute_force,overall<=4.0,0.33,0.3897,10,15,0.0205,24.6419,24.6624,10,10,1.0
brute_force,overall<=4.0,0.33,0.3897,10,16,0.0506,24.8147,24.8652,10,10,1.0
brute_force,overall<=4.0,0.33,0.3897,10,17,0.0351,24.7086,24.7437,10,10,1.0
brute_force,overall<=4.0,0.33,0.3897,10,18,0.0183,24.6672,24.6855,10,10,1.0
brute_force,overall<=4.0,0.33,0.3897,10,19,0.0266,24.6264,24.653,10,10,1.0
brute_force,overall<=4.0,0.33,0.3897,10,20,0.0611,24.7763,24.8373,10,10,1.0
brute_force,overall<=4.0,0.33,0.3897,10,21,0.0212,24.5828,24.604,10,10,1.0
brute_force,overall<=4.0,0.33,0.3897,10,22,0.0253,24.687,24.7123,10,10,1.0
brute_force,overall<=4.0,0.33,0.3897,10,23,0.0541,24.698,24.7521,10,10,1.0
brute_force,overall<=4.0,0.33,0.3897,10,24,0.0217,24.6223,24.644,10,10,1.0
brute_force,overall<=4.0,0.33,0.3897,10,25,0.04,24.6097,24.6497,10,10,1.0
brute_force,overall<=4.0,0.33,0.3897,10,26,0.0485,24.5603,24.6088,10,10,1.0
brute_force,overall<=4.0,0.33,0.3897,10,27,0.0209,24.4336,24.4545,10,10,1.0
brute_force,overall<=4.0,0.33,0.3897,10,28,0.0237,24.505,24.5287,10,10,1.0
brute_force,overall<=4.0,0.33,0.3897,10,29,0.0223,24.539,24.5613,10,10,1.0
brute_force,overall<=4.0,0.33,0.3897,10,30,0.0547,24.4059,24.4606,10,10,1.0
brute_force,overall<=4.0,0.33,0.3897,10,31,0.029,24.3441,24.3731,10,10,1.0
brute_force,overall<=4.0,0.33,0.3897,10,32,0.0161,24.5983,24.6144,10,10,1.0
brute_force,overall<=4.0,0.33,0.3897,10,33,0.0208,24.5333,24.5541,10,10,1.0
brute_force,overall<=4.0,0.33,0.3897,10,34,0.037,24.6816,24.7187,10,10,1.0
brute_force,overall<=4.0,0.33,0.3897,10,35,0.0197,24.6595,24.6791,10,10,1.0
brute_force,overall<=4.0,0.33,0.3897,10,36,0.0165,24.6622,24.6788,10,10,1.0
brute_force,overall<=4.0,0.33,0.3897,10,37,0.0923,24.6975,24.7899,10,10,1.0
brute_force,overall<=4.0,0.33,0.3897,10,38,0.0194,24.708,24.7274,10,10,1.0
brute_force,overall<=4.0,0.33,0.3897,10,39,0.0785,24.6601,24.7386,10,10,1.0
brute_force,overall<=4.0,0.33,0.3897,10,40,0.0206,24.6618,24.6825,10,10,1.0
brute_force,overall<=4.0,0.33,0.3897,10,41,0.0174,24.6746,24.692,10,10,1.0
brute_force,overall<=4.0,0.33,0.3897,10,42,0.0205,24.6547,24.6752,10,10,1.0
brute_force,overall<=4.0,0.33,0.3897,10,43,0.0462,24.6567,24.7029,10,10,1.0
brute_force,overall<=4.0,0.33,0.3897,10,44,0.0165,24.7325,24.749,10,10,1.0
brute_force,overall<=4.0,0.33,0.3897,10,45,0.068,24.7018,24.7698,10,10,1.0
brute_force,overall<=4.0,0.33,0.3897,10,46,0.0467,24.7205,24.7672,10,10,1.0
brute_force,overall<=4.0,0.33,0.3897,10,47,0.0387,24.7031,24.7418,10,10,1.0
brute_force,overall<=4.0,0.33,0.3897,10,48,0.0492,24.6429,24.6921,10,10,1.0
brute_force,overall<=4.0,0.33,0.3897,10,49,0.0782,24.4871,24.5653,10,10,1.0
naive_prefilter,overall<=4.0,0.33,0.3897,10,0,21.2594,28.1491,49.4085,75517,10,1.0
naive_prefilter,overall<=4.0,0.33,0.3897,10,1,20.9313,27.8047,48.736,75517,10,1.0
naive_prefilter,overall<=4.0,0.33,0.3897,10,2,21.1462,27.8385,48.9847,75517,10,1.0
naive_prefilter,overall<=4.0,0.33,0.3897,10,3,20.9012,27.8247,48.7258,75517,10,1.0
naive_prefilter,overall<=4.0,0.33,0.3897,10,4,20.6179,27.8162,48.4341,75517,10,1.0
naive_prefilter,overall<=4.0,0.33,0.3897,10,5,20.7132,27.8573,48.5705,75517,10,1.0
naive_prefilter,overall<=4.0,0.33,0.3897,10,6,20.672,27.7992,48.4713,75517,10,1.0
naive_prefilter,overall<=4.0,0.33,0.3897,10,7,20.7836,27.788,48.5716,75517,10,1.0
naive_prefilter,overall<=4.0,0.33,0.3897,10,8,20.5865,27.8396,48.4262,75517,10,1.0
naive_prefilter,overall<=4.0,0.33,0.3897,10,9,20.6665,27.7344,48.401,75517,10,1.0
naive_prefilter,overall<=4.0,0.33,0.3897,10,10,20.6973,27.7596,48.4568,75517,10,1.0
naive_prefilter,overall<=4.0,0.33,0.3897,10,11,20.9684,29.883,50.8514,75517,10,1.0
naive_prefilter,overall<=4.0,0.33,0.3897,10,12,20.7063,27.8207,48.527,75517,10,1.0
naive_prefilter,overall<=4.0,0.33,0.3897,10,13,20.7646,28.3173,49.082,75517,10,1.0
naive_prefilter,overall<=4.0,0.33,0.3897,10,14,20.7071,27.9594,48.6665,75517,10,1.0
naive_prefilter,overall<=4.0,0.33,0.3897,10,15,20.7293,27.9767,48.7061,75517,10,1.0
naive_prefilter,overall<=4.0,0.33,0.3897,10,16,20.9049,28.1179,49.0228,75517,10,1.0
naive_prefilter,overall<=4.0,0.33,0.3897,10,17,21.1307,27.9524,49.0831,75517,10,1.0
naive_prefilter,overall<=4.0,0.33,0.3897,10,18,21.178,27.9382,49.1163,75517,10,1.0
naive_prefilter,overall<=4.0,0.33,0.3897,10,19,21.0856,27.9297,49.0153,75517,10,1.0
naive_prefilter,overall<=4.0,0.33,0.3897,10,20,20.8535,28.3181,49.1715,75517,10,1.0
naive_prefilter,overall<=4.0,0.33,0.3897,10,21,21.1824,27.9336,49.116,75517,10,1.0
naive_prefilter,overall<=4.0,0.33,0.3897,10,22,21.172,27.9085,49.0805,75517,10,1.0
naive_prefilter,overall<=4.0,0.33,0.3897,10,23,20.8784,28.1539,49.0323,75517,10,1.0
naive_prefilter,overall<=4.0,0.33,0.3897,10,24,21.087,27.9956,49.0825,75517,10,1.0
naive_prefilter,overall<=4.0,0.33,0.3897,10,25,21.0582,27.94,48.9983,75517,10,1.0
naive_prefilter,overall<=4.0,0.33,0.3897,10,26,20.8821,27.956,48.838,75517,10,1.0
naive_prefilter,overall<=4.0,0.33,0.3897,10,27,20.8491,27.9383,48.7874,75517,10,1.0
naive_prefilter,overall<=4.0,0.33,0.3897,10,28,20.8706,27.9598,48.8305,75517,10,1.0
naive_prefilter,overall<=4.0,0.33,0.3897,10,29,20.8777,28.1596,49.0373,75517,10,1.0
naive_prefilter,overall<=4.0,0.33,0.3897,10,30,20.769,27.9793,48.7483,75517,10,1.0
naive_prefilter,overall<=4.0,0.33,0.3897,10,31,20.8941,27.9655,48.8596,75517,10,1.0
naive_prefilter,overall<=4.0,0.33,0.3897,10,32,20.8435,27.972,48.8155,75517,10,1.0
naive_prefilter,overall<=4.0,0.33,0.3897,10,33,20.7589,28.051,48.8099,75517,10,1.0
naive_prefilter,overall<=4.0,0.33,0.3897,10,34,20.8407,27.868,48.7087,75517,10,1.0
naive_prefilter,overall<=4.0,0.33,0.3897,10,35,21.0188,27.9068,48.9255,75517,10,1.0
naive_prefilter,overall<=4.0,0.33,0.3897,10,36,20.8935,27.8022,48.6957,75517,10,1.0
naive_prefilter,overall<=4.0,0.33,0.3897,10,37,20.5563,27.9289,48.4852,75517,10,1.0
naive_prefilter,overall<=4.0,0.33,0.3897,10,38,20.4875,27.7898,48.2772,75517,10,1.0
naive_prefilter,overall<=4.0,0.33,0.3897,10,39,20.6956,27.8058,48.5014,75517,10,1.0
naive_prefilter,overall<=4.0,0.33,0.3897,10,40,21.0315,27.8239,48.8554,75517,10,1.0
naive_prefilter,overall<=4.0,0.33,0.3897,10,41,20.8932,27.9386,48.8318,75517,10,1.0
naive_prefilter,overall<=4.0,0.33,0.3897,10,42,21.0223,27.8346,48.8569,75517,10,1.0
naive_prefilter,overall<=4.0,0.33,0.3897,10,43,20.8796,27.9126,48.7922,75517,10,1.0
naive_prefilter,overall<=4.0,0.33,0.3897,10,44,20.7391,27.8232,48.5623,75517,10,1.0
naive_prefilter,overall<=4.0,0.33,0.3897,10,45,20.5231,27.8865,48.4096,75517,10,1.0
naive_prefilter,overall<=4.0,0.33,0.3897,10,46,20.553,28.3082,48.8612,75517,10,1.0
naive_prefilter,overall<=4.0,0.33,0.3897,10,47,20.677,27.9773,48.6543,75517,10,0.0
naive_prefilter,overall<=4.0,0.33,0.3897,10,48,20.6028,27.9157,48.5185,75517,10,1.0
naive_prefilter,overall<=4.0,0.33,0.3897,10,49,20.8041,28.0628,48.867,75517,10,1.0
post_filter,overall<=4.0,0.33,0.3897,10,0,0.0113,0.3558,0.3672,10,10,1.0
post_filter,overall<=4.0,0.33,0.3897,10,1,0.0446,0.8265,0.8712,10,10,1.0
post_filter,overall<=4.0,0.33,0.3897,10,2,0.0495,0.6694,0.7188,10,10,1.0
post_filter,overall<=4.0,0.33,0.3897,10,3,0.0369,0.6845,0.7214,10,10,1.0
post_filter,overall<=4.0,0.33,0.3897,10,4,0.017,0.7675,0.7845,10,10,1.0
post_filter,overall<=4.0,0.33,0.3897,10,5,0.0207,0.6626,0.6833,10,10,1.0
post_filter,overall<=4.0,0.33,0.3897,10,6,0.016,0.8572,0.8732,10,10,1.0
post_filter,overall<=4.0,0.33,0.3897,10,7,0.0134,0.6419,0.6553,10,10,1.0
post_filter,overall<=4.0,0.33,0.3897,10,8,0.0155,0.9166,0.9321,10,10,1.0
post_filter,overall<=4.0,0.33,0.3897,10,9,0.0216,0.9157,0.9373,10,10,1.0
post_filter,overall<=4.0,0.33,0.3897,10,10,0.0186,0.8404,0.859,10,10,1.0
post_filter,overall<=4.0,0.33,0.3897,10,11,0.0394,0.916,0.9555,10,10,1.0
post_filter,overall<=4.0,0.33,0.3897,10,12,0.0353,0.8757,0.911,10,10,1.0
post_filter,overall<=4.0,0.33,0.3897,10,13,0.0452,0.7904,0.8356,10,10,1.0
post_filter,overall<=4.0,0.33,0.3897,10,14,0.0136,0.524,0.5375,10,10,1.0
post_filter,overall<=4.0,0.33,0.3897,10,15,0.0175,0.447,0.4644,10,10,1.0
post_filter,overall<=4.0,0.33,0.3897,10,16,0.0471,0.833,0.8801,10,10,1.0
post_filter,overall<=4.0,0.33,0.3897,10,17,0.0305,0.6418,0.6722,10,10,0.9
post_filter,overall<=4.0,0.33,0.3897,10,18,0.0145,0.7673,0.7818,10,10,1.0
post_filter,overall<=4.0,0.33,0.3897,10,19,0.0228,0.8016,0.8244,10,10,1.0
post_filter,overall<=4.0,0.33,0.3897,10,20,0.0603,0.5952,0.6555,10,10,1.0
post_filter,overall<=4.0,0.33,0.3897,10,21,0.018,0.6152,0.6333,10,10,1.0
post_filter,overall<=4.0,0.33,0.3897,10,22,0.0204,0.6516,0.672,10,10,1.0
post_filter,overall<=4.0,0.33,0.3897,10,23,0.0472,0.6043,0.6515,10,10,1.0
post_filter,overall<=4.0,0.33,0.3897,10,24,0.021,0.9054,0.9264,10,10,1.0
post_filter,overall<=4.0,0.33,0.3897,10,25,0.0405,0.2811,0.3216,10,10,0.9
post_filter,overall<=4.0,0.33,0.3897,10,26,0.0378,0.8447,0.8825,10,10,1.0
post_filter,overall<=4.0,0.33,0.3897,10,27,0.0178,0.7665,0.7843,10,10,1.0
post_filter,overall<=4.0,0.33,0.3897,10,28,0.0192,0.7887,0.8079,10,10,1.0
post_filter,overall<=4.0,0.33,0.3897,10,29,0.0174,0.5068,0.5242,10,10,1.0
post_filter,overall<=4.0,0.33,0.3897,10,30,0.0587,0.3802,0.4389,10,10,0.0
post_filter,overall<=4.0,0.33,0.3897,10,31,0.025,0.758,0.783,10,10,1.0
post_filter,overall<=4.0,0.33,0.3897,10,32,0.0116,0.5924,0.604,10,10,1.0
post_filter,overall<=4.0,0.33,0.3897,10,33,0.0178,0.4599,0.4777,10,10,1.0
post_filter,overall<=4.0,0.33,0.3897,10,34,0.0255,0.74,0.7655,10,10,1.0
post_filter,overall<=4.0,0.33,0.3897,10,35,0.0142,0.7716,0.7858,10,10,1.0
post_filter,overall<=4.0,0.33,0.3897,10,36,0.0121,0.6462,0.6583,10,10,1.0
post_filter,overall<=4.0,0.33,0.3897,10,37,0.0805,0.5897,0.6703,10,10,1.0
post_filter,overall<=4.0,0.33,0.3897,10,38,0.0144,0.9223,0.9367,10,10,1.0
post_filter,overall<=4.0,0.33,0.3897,10,39,0.0679,0.4603,0.5283,10,10,1.0
post_filter,overall<=4.0,0.33,0.3897,10,40,0.0153,0.9098,0.9251,10,10,1.0
post_filter,overall<=4.0,0.33,0.3897,10,41,0.0134,0.5152,0.5286,10,10,1.0
post_filter,overall<=4.0,0.33,0.3897,10,42,0.0154,0.7575,0.773,10,10,1.0
post_filter,overall<=4.0,0.33,0.3897,10,43,0.0373,0.4052,0.4425,10,10,0.8
post_filter,overall<=4.0,0.33,0.3897,10,44,0.0113,0.5675,0.5787,10,10,1.0
post_filter,overall<=4.0,0.33,0.3897,10,45,0.0578,0.8157,0.8735,10,10,1.0
post_filter,overall<=4.0,0.33,0.3897,10,46,0.0374,0.6796,0.717,10,10,1.0
post_filter,overall<=4.0,0.33,0.3897,10,47,0.0316,0.2296,0.2612,10,10,0.2
post_filter,overall<=4.0,0.33,0.3897,10,48,0.042,0.8283,0.8704,10,10,1.0
post_filter,overall<=4.0,0.33,0.3897,10,49,0.0682,0.3982,0.4664,10,10,0.9
bitmap_prefilter,overall<=4.0,0.33,0.3897,10,0,0.097,26.7348,26.8317,75517,10,1.0
bitmap_prefilter,overall<=4.0,0.33,0.3897,10,1,0.0926,27.0315,27.1241,75517,10,1.0
bitmap_prefilter,overall<=4.0,0.33,0.3897,10,2,0.1006,26.6645,26.7652,75517,10,1.0
bitmap_prefilter,overall<=4.0,0.33,0.3897,10,3,0.1014,26.652,26.7534,75517,10,1.0
bitmap_prefilter,overall<=4.0,0.33,0.3897,10,4,0.0927,26.689,26.7817,75517,10,1.0
bitmap_prefilter,overall<=4.0,0.33,0.3897,10,5,0.1,26.6604,26.7605,75517,10,1.0
bitmap_prefilter,overall<=4.0,0.33,0.3897,10,6,0.0925,26.7111,26.8035,75517,10,1.0
bitmap_prefilter,overall<=4.0,0.33,0.3897,10,7,0.0978,26.6721,26.77,75517,10,1.0
bitmap_prefilter,overall<=4.0,0.33,0.3897,10,8,0.094,26.6022,26.6963,75517,10,1.0
bitmap_prefilter,overall<=4.0,0.33,0.3897,10,9,0.0916,26.5825,26.6741,75517,10,1.0
bitmap_prefilter,overall<=4.0,0.33,0.3897,10,10,0.0908,26.5614,26.6522,75517,10,1.0
bitmap_prefilter,overall<=4.0,0.33,0.3897,10,11,0.0887,26.7056,26.7943,75517,10,1.0
bitmap_prefilter,overall<=4.0,0.33,0.3897,10,12,0.0898,26.5947,26.6845,75517,10,1.0
bitmap_prefilter,overall<=4.0,0.33,0.3897,10,13,0.0881,26.6019,26.69,75517,10,1.0
bitmap_prefilter,overall<=4.0,0.33,0.3897,10,14,0.0943,26.5724,26.6667,75517,10,1.0
bitmap_prefilter,overall<=4.0,0.33,0.3897,10,15,0.0871,26.6276,26.7147,75517,10,1.0
bitmap_prefilter,overall<=4.0,0.33,0.3897,10,16,0.0856,26.5883,26.6739,75517,10,1.0
bitmap_prefilter,overall<=4.0,0.33,0.3897,10,17,0.0865,26.5915,26.678,75517,10,1.0
bitmap_prefilter,overall<=4.0,0.33,0.3897,10,18,0.0878,26.5468,26.6346,75517,10,1.0
bitmap_prefilter,overall<=4.0,0.33,0.3897,10,19,0.0864,26.6587,26.7451,75517,10,1.0
bitmap_prefilter,overall<=4.0,0.33,0.3897,10,20,0.0873,26.8507,26.938,75517,10,1.0
bitmap_prefilter,overall<=4.0,0.33,0.3897,10,21,0.0932,26.6368,26.73,75517,10,1.0
bitmap_prefilter,overall<=4.0,0.33,0.3897,10,22,0.0864,26.6428,26.7292,75517,10,1.0
bitmap_prefilter,overall<=4.0,0.33,0.3897,10,23,0.086,26.6283,26.7143,75517,10,1.0
bitmap_prefilter,overall<=4.0,0.33,0.3897,10,24,0.086,26.5673,26.6533,75517,10,1.0
bitmap_prefilter,overall<=4.0,0.33,0.3897,10,25,0.085,26.6101,26.6951,75517,10,1.0
bitmap_prefilter,overall<=4.0,0.33,0.3897,10,26,0.0865,26.6621,26.7486,75517,10,1.0
bitmap_prefilter,overall<=4.0,0.33,0.3897,10,27,0.0851,26.659,26.744,75517,10,1.0
bitmap_prefilter,overall<=4.0,0.33,0.3897,10,28,0.1023,26.6019,26.7042,75517,10,1.0
bitmap_prefilter,overall<=4.0,0.33,0.3897,10,29,0.085,26.6442,26.7291,75517,10,1.0
bitmap_prefilter,overall<=4.0,0.33,0.3897,10,30,0.0865,26.7164,26.8029,75517,10,1.0
bitmap_prefilter,overall<=4.0,0.33,0.3897,10,31,0.0851,26.5705,26.6555,75517,10,1.0
bitmap_prefilter,overall<=4.0,0.33,0.3897,10,32,0.0862,26.6335,26.7197,75517,10,1.0
bitmap_prefilter,overall<=4.0,0.33,0.3897,10,33,0.086,26.661,26.7469,75517,10,1.0
bitmap_prefilter,overall<=4.0,0.33,0.3897,10,34,0.0873,26.661,26.7482,75517,10,1.0
bitmap_prefilter,overall<=4.0,0.33,0.3897,10,35,0.0857,26.6818,26.7676,75517,10,1.0
bitmap_prefilter,overall<=4.0,0.33,0.3897,10,36,0.0894,26.8832,26.9726,75517,10,1.0
bitmap_prefilter,overall<=4.0,0.33,0.3897,10,37,0.0862,26.6557,26.742,75517,10,1.0
bitmap_prefilter,overall<=4.0,0.33,0.3897,10,38,0.0861,26.7026,26.7887,75517,10,1.0
bitmap_prefilter,overall<=4.0,0.33,0.3897,10,39,0.0852,27.4192,27.5044,75517,10,1.0
bitmap_prefilter,overall<=4.0,0.33,0.3897,10,40,0.0869,27.2942,27.3811,75517,10,1.0
bitmap_prefilter,overall<=4.0,0.33,0.3897,10,41,0.0853,26.7583,26.8436,75517,10,1.0
bitmap_prefilter,overall<=4.0,0.33,0.3897,10,42,0.086,26.9423,27.0282,75517,10,1.0
bitmap_prefilter,overall<=4.0,0.33,0.3897,10,43,0.0852,26.7209,26.8061,75517,10,1.0
bitmap_prefilter,overall<=4.0,0.33,0.3897,10,44,0.0888,26.624,26.7128,75517,10,1.0
bitmap_prefilter,overall<=4.0,0.33,0.3897,10,45,0.0851,26.703,26.7882,75517,10,1.0
bitmap_prefilter,overall<=4.0,0.33,0.3897,10,46,0.086,26.645,26.731,75517,10,1.0
bitmap_prefilter,overall<=4.0,0.33,0.3897,10,47,0.0851,27.0253,27.1103,75517,10,0.0
bitmap_prefilter,overall<=4.0,0.33,0.3897,10,48,0.0862,26.7721,26.8582,75517,10,1.0
bitmap_prefilter,overall<=4.0,0.33,0.3897,10,49,0.0861,26.6088,26.695,75517,10,1.0
brute_force,overall<=4.0,0.33,0.3897,50,0,0.1362,24.6703,24.8065,50,50,1.0
brute_force,overall<=4.0,0.33,0.3897,50,1,0.2253,24.5824,24.8077,50,50,1.0
brute_force,overall<=4.0,0.33,0.3897,50,2,0.2485,24.8732,25.1217,50,50,1.0
brute_force,overall<=4.0,0.33,0.3897,50,3,0.1579,24.6566,24.8145,50,50,1.0
brute_force,overall<=4.0,0.33,0.3897,50,4,0.0829,24.6884,24.7713,50,50,1.0
brute_force,overall<=4.0,0.33,0.3897,50,5,0.0855,24.9378,25.0233,50,50,1.0
brute_force,overall<=4.0,0.33,0.3897,50,6,0.076,24.7986,24.8746,50,50,1.0
brute_force,overall<=4.0,0.33,0.3897,50,7,0.0697,24.7216,24.7913,50,50,1.0
brute_force,overall<=4.0,0.33,0.3897,50,8,0.0795,24.7184,24.7979,50,50,1.0
brute_force,overall<=4.0,0.33,0.3897,50,9,0.1046,24.716,24.8206,50,50,1.0
brute_force,overall<=4.0,0.33,0.3897,50,10,0.114,24.6812,24.7952,50,50,1.0
brute_force,overall<=4.0,0.33,0.3897,50,11,0.0911,24.62,24.7111,50,50,1.0
brute_force,overall<=4.0,0.33,0.3897,50,12,0.122,24.8209,24.9429,50,50,1.0
brute_force,overall<=4.0,0.33,0.3897,50,13,0.2244,24.8128,25.0371,50,50,1.0
brute_force,overall<=4.0,0.33,0.3897,50,14,0.0589,24.8629,24.9218,50,50,1.0
brute_force,overall<=4.0,0.33,0.3897,50,15,0.0899,24.7947,24.8846,50,50,1.0
brute_force,overall<=4.0,0.33,0.3897,50,16,0.2622,25.0317,25.2939,50,50,1.0
brute_force,overall<=4.0,0.33,0.3897,50,17,0.1535,24.9742,25.1277,50,50,1.0
brute_force,overall<=4.0,0.33,0.3897,50,18,0.0715,24.8487,24.9203,50,50,1.0
brute_force,overall<=4.0,0.33,0.3897,50,19,0.1465,24.6651,24.8116,50,50,1.0
brute_force,overall<=4.0,0.33,0.3897,50,20,0.2523,24.8795,25.1318,50,50,1.0
brute_force,overall<=4.0,0.33,0.3897,50,21,0.0867,24.8634,24.9501,50,50,1.0
brute_force,overall<=4.0,0.33,0.3897,50,22,0.1167,24.8851,25.0018,50,50,1.0
brute_force,overall<=4.0,0.33,0.3897,50,23,0.2035,24.8686,25.0721,50,50,0.98
brute_force,overall<=4.0,0.33,0.3897,50,24,0.1109,24.7474,24.8583,50,50,1.0
brute_force,overall<=4.0,0.33,0.3897,50,25,0.3258,24.5255,24.8514,50,50,1.0
brute_force,overall<=4.0,0.33,0.3897,50,26,0.1637,24.6756,24.8393,50,50,1.0
brute_force,overall<=4.0,0.33,0.3897,50,27,0.0832,24.4686,24.5518,50,50,1.0
brute_force,overall<=4.0,0.33,0.3897,50,28,0.0864,24.6292,24.7156,50,50,1.0
brute_force,overall<=4.0,0.33,0.3897,50,29,0.1255,24.5183,24.6437,50,50,1.0
brute_force,overall<=4.0,0.33,0.3897,50,30,0.3016,24.6195,24.921,50,50,1.0
brute_force,overall<=4.0,0.33,0.3897,50,31,0.1272,24.4227,24.55,50,50,1.0
brute_force,overall<=4.0,0.33,0.3897,50,32,0.0662,24.6005,24.6666,50,50,1.0
brute_force,overall<=4.0,0.33,0.3897,50,33,0.0778,24.4692,24.547,50,50,1.0
brute_force,overall<=4.0,0.33,0.3897,50,34,0.114,24.451,24.5649,50,50,1.0
brute_force,overall<=4.0,0.33,0.3897,50,35,0.0738,24.328,24.4018,50,50,1.0
brute_force,overall<=4.0,0.33,0.3897,50,36,0.0663,24.4798,24.5461,50,50,1.0
brute_force,overall<=4.0,0.33,0.3897,50,37,0.254,25.2306,25.4846,50,50,1.0
brute_force,overall<=4.0,0.33,0.3897,50,38,0.0861,25.6922,25.7783,50,50,1.0
brute_force,overall<=4.0,0.33,0.3897,50,39,0.2617,24.9124,25.1741,50,50,1.0
brute_force,overall<=4.0,0.33,0.3897,50,40,0.0937,24.6153,24.709,50,50,1.0
brute_force,overall<=4.0,0.33,0.3897,50,41,0.0673,24.6694,24.7367,50,50,1.0
brute_force,overall<=4.0,0.33,0.3897,50,42,0.0853,24.7212,24.8064,50,50,1.0
brute_force,overall<=4.0,0.33,0.3897,50,43,0.2099,24.8071,25.017,50,50,1.0
brute_force,overall<=4.0,0.33,0.3897,50,44,0.0697,24.6019,24.6716,50,50,1.0
brute_force,overall<=4.0,0.33,0.3897,50,45,0.245,24.5331,24.7781,50,50,1.0
brute_force,overall<=4.0,0.33,0.3897,50,46,0.1719,24.739,24.9109,50,50,1.0
brute_force,overall<=4.0,0.33,0.3897,50,47,0.1645,24.6521,24.8167,50,50,1.0
brute_force,overall<=4.0,0.33,0.3897,50,48,0.2121,24.7611,24.9732,50,50,1.0
brute_force,overall<=4.0,0.33,0.3897,50,49,0.3574,24.5816,24.939,50,50,1.0
naive_prefilter,overall<=4.0,0.33,0.3897,50,0,20.9579,28.0118,48.9698,75517,50,1.0
naive_prefilter,overall<=4.0,0.33,0.3897,50,1,21.0342,28.0442,49.0783,75517,50,1.0
naive_prefilter,overall<=4.0,0.33,0.3897,50,2,20.9424,28.0727,49.0151,75517,50,1.0
naive_prefilter,overall<=4.0,0.33,0.3897,50,3,20.8434,28.0808,48.9243,75517,50,1.0
naive_prefilter,overall<=4.0,0.33,0.3897,50,4,20.6606,27.9514,48.612,75517,50,1.0
naive_prefilter,overall<=4.0,0.33,0.3897,50,5,21.3322,27.9304,49.2625,75517,50,1.0
naive_prefilter,overall<=4.0,0.33,0.3897,50,6,21.1015,27.9738,49.0753,75517,50,1.0
naive_prefilter,overall<=4.0,0.33,0.3897,50,7,20.9312,27.9226,48.8538,75517,50,1.0
naive_prefilter,overall<=4.0,0.33,0.3897,50,8,20.4472,27.9339,48.3811,75517,50,1.0
naive_prefilter,overall<=4.0,0.33,0.3897,50,9,20.5854,27.9824,48.5678,75517,50,1.0
naive_prefilter,overall<=4.0,0.33,0.3897,50,10,20.7258,27.941,48.6668,75517,50,1.0
naive_prefilter,overall<=4.0,0.33,0.3897,50,11,20.5891,27.9831,48.5722,75517,50,1.0
naive_prefilter,overall<=4.0,0.33,0.3897,50,12,20.8797,28.0007,48.8803,75517,50,1.0
naive_prefilter,overall<=4.0,0.33,0.3897,50,13,20.2229,28.0666,48.2895,75517,50,1.0
naive_prefilter,overall<=4.0,0.33,0.3897,50,14,20.8026,28.0443,48.8468,75517,50,1.0
naive_prefilter,overall<=4.0,0.33,0.3897,50,15,20.8497,27.9264,48.776,75517,50,1.0
naive_prefilter,overall<=4.0,0.33,0.3897,50,16,20.8708,27.9739,48.8447,75517,50,1.0
naive_prefilter,overall<=4.0,0.33,0.3897,50,17,20.7164,28.0617,48.7781,75517,50,1.0
naive_prefilter,overall<=4.0,0.33,0.3897,50,18,20.4981,28.0152,48.5133,75517,50,1.0
naive_prefilter,overall<=4.0,0.33,0.3897,50,19,20.754,28.0532,48.8072,75517,50,1.0
naive_prefilter,overall<=4.0,0.33,0.3897,50,20,20.2464,28.0292,48.2756,75517,50,1.0
naive_prefilter,overall<=4.0,0.33,0.3897,50,21,20.2873,28.1531,48.4404,75517,50,1.0
naive_prefilter,overall<=4.0,0.33,0.3897,50,22,20.5971,28.2026,48.7998,75517,50,1.0
naive_prefilter,overall<=4.0,0.33,0.3897,50,23,20.4583,27.9886,48.4469,75517,50,0.98
naive_prefilter,overall<=4.0,0.33,0.3897,50,24,20.7108,27.8343,48.5451,75517,50,1.0
naive_prefilter,overall<=4.0,0.33,0.3897,50,25,20.2693,27.8534,48.1227,75517,50,1.0
naive_prefilter,overall<=4.0,0.33,0.3897,50,26,20.2908,27.8369,48.1277,75517,50,1.0
naive_prefilter,overall<=4.0,0.33,0.3897,50,27,20.1702,27.8426,48.0128,75517,50,1.0
naive_prefilter,overall<=4.0,0.33,0.3897,50,28,20.7115,27.8071,48.5185,75517,50,1.0
naive_prefilter,overall<=4.0,0.33,0.3897,50,29,20.3242,27.789,48.1131,75517,50,1.0
naive_prefilter,overall<=4.0,0.33,0.3897,50,30,20.1171,28.1647,48.2818,75517,50,0.64
naive_prefilter,overall<=4.0,0.33,0.3897,50,31,20.7498,28.0698,48.8196,75517,50,1.0
naive_prefilter,overall<=4.0,0.33,0.3897,50,32,20.9203,27.9907,48.911,75517,50,1.0
naive_prefilter,overall<=4.0,0.33,0.3897,50,33,20.4963,28.0412,48.5375,75517,50,1.0
naive_prefilter,overall<=4.0,0.33,0.3897,50,34,20.71,28.0104,48.7204,75517,50,1.0
naive_prefilter,overall<=4.0,0.33,0.3897,50,35,20.1892,28.0109,48.2002,75517,50,1.0
naive_prefilter,overall<=4.0,0.33,0.3897,50,36,20.5197,28.0587,48.5784,75517,50,1.0
naive_prefilter,overall<=4.0,0.33,0.3897,50,37,20.7651,28.1917,48.9569,75517,50,1.0
naive_prefilter,overall<=4.0,0.33,0.3897,50,38,20.7595,28.0947,48.8542,75517,50,1.0
naive_prefilter,overall<=4.0,0.33,0.3897,50,39,20.6893,28.0671,48.7564,75517,50,1.0
naive_prefilter,overall<=4.0,0.33,0.3897,50,40,20.4425,27.9654,48.4079,75517,50,1.0
naive_prefilter,overall<=4.0,0.33,0.3897,50,41,20.6104,27.9387,48.5491,75517,50,1.0
naive_prefilter,overall<=4.0,0.33,0.3897,50,42,20.4015,28.0267,48.4282,75517,50,1.0
naive_prefilter,overall<=4.0,0.33,0.3897,50,43,20.7758,28.1005,48.8764,75517,50,1.0
naive_prefilter,overall<=4.0,0.33,0.3897,50,44,20.7693,28.0848,48.8541,75517,50,1.0
naive_prefilter,overall<=4.0,0.33,0.3897,50,45,20.4479,28.0009,48.4488,75517,50,1.0
naive_prefilter,overall<=4.0,0.33,0.3897,50,46,20.677,28.034,48.711,75517,50,1.0
naive_prefilter,overall<=4.0,0.33,0.3897,50,47,20.7483,28.0,48.7483,75517,50,1.0
naive_prefilter,overall<=4.0,0.33,0.3897,50,48,20.8345,27.9895,48.824,75517,50,1.0
naive_prefilter,overall<=4.0,0.33,0.3897,50,49,20.7052,27.9195,48.6247,75517,50,1.0
post_filter,overall<=4.0,0.33,0.3897,50,0,0.0474,0.5322,0.5796,50,50,1.0
post_filter,overall<=4.0,0.33,0.3897,50,1,0.2112,1.0974,1.3086,50,50,0.96
post_filter,overall<=4.0,0.33,0.3897,50,2,0.2669,0.8362,1.1031,50,50,0.94
post_filter,overall<=4.0,0.33,0.3897,50,3,0.1395,0.953,1.0925,50,50,0.96
post_filter,overall<=4.0,0.33,0.3897,50,4,0.0681,1.1394,1.2075,50,50,0.98
post_filter,overall<=4.0,0.33,0.3897,50,5,0.0747,0.9838,1.0586,50,50,1.0
post_filter,overall<=4.0,0.33,0.3897,50,6,0.0745,1.1729,1.2473,50,50,1.0
post_filter,overall<=4.0,0.33,0.3897,50,7,0.087,0.8789,0.966,50,50,1.0
post_filter,overall<=4.0,0.33,0.3897,50,8,0.0963,1.3636,1.4599,50,50,1.0
post_filter,overall<=4.0,0.33,0.3897,50,9,0.0988,1.217,1.3158,50,50,0.96
post_filter,overall<=4.0,0.33,0.3897,50,10,0.101,1.0329,1.1339,50,50,0.98
post_filter,overall<=4.0,0.33,0.3897,50,11,0.0796,1.0021,1.0817,50,50,1.0
post_filter,overall<=4.0,0.33,0.3897,50,12,0.1117,0.8302,0.9419,50,50,1.0
post_filter,overall<=4.0,0.33,0.3897,50,13,0.2015,0.8534,1.0548,50,50,0.96
post_filter,overall<=4.0,0.33,0.3897,50,14,0.054,0.6405,0.6944,50,50,1.0
post_filter,overall<=4.0,0.33,0.3897,50,15,0.0824,0.563,0.6454,50,50,1.0
post_filter,overall<=4.0,0.33,0.3897,50,16,0.2472,1.0483,1.2955,50,50,0.84
post_filter,overall<=4.0,0.33,0.3897,50,17,0.1288,0.7759,0.9047,50,50,1.0
post_filter,overall<=4.0,0.33,0.3897,50,18,0.0602,0.93,0.9902,50,50,1.0
post_filter,overall<=4.0,0.33,0.3897,50,19,0.131,0.9801,1.1112,50,50,0.9
post_filter,overall<=4.0,0.33,0.3897,50,20,0.2328,0.6918,0.9246,50,50,0.9
post_filter,overall<=4.0,0.33,0.3897,50,21,0.0761,0.747,0.8231,50,50,0.98
post_filter,overall<=4.0,0.33,0.3897,50,22,0.1076,0.7959,0.9035,50,50,0.92
post_filter,overall<=4.0,0.33,0.3897,50,23,0.1808,0.743,0.9239,50,50,0.94
post_filter,overall<=4.0,0.33,0.3897,50,24,0.0957,1.0972,1.1929,50,50,1.0
post_filter,overall<=4.0,0.33,0.3897,50,25,0.2316,0.3353,0.5669,50,50,0.7
post_filter,overall<=4.0,0.33,0.3897,50,26,0.139,0.9871,1.1262,50,50,0.96
post_filter,overall<=4.0,0.33,0.3897,50,27,0.0683,0.9545,1.0228,50,50,1.0
post_filter,overall<=4.0,0.33,0.3897,50,28,0.0779,0.9761,1.054,50,50,0.96
post_filter,overall<=4.0,0.33,0.3897,50,29,0.1129,0.6184,0.7313,50,50,0.98
post_filter,overall<=4.0,0.33,0.3897,50,30,0.261,0.4638,0.7248,50,50,0.32
post_filter,overall<=4.0,0.33,0.3897,50,31,0.1096,0.9715,1.0811,50,50,0.98
post_filter,overall<=4.0,0.33,0.3897,50,32,0.0558,0.7455,0.8013,50,50,1.0
post_filter,overall<=4.0,0.33,0.3897,50,33,0.0681,0.5633,0.6314,50,50,1.0
post_filter,overall<=4.0,0.33,0.3897,50,34,0.1123,0.9763,1.0886,50,50,1.0
post_filter,overall<=4.0,0.33,0.3897,50,35,0.0731,1.0715,1.1445,50,50,1.0
post_filter,overall<=4.0,0.33,0.3897,50,36,0.0681,0.8765,0.9446,50,50,1.0
post_filter,overall<=4.0,0.33,0.3897,50,37,0.2323,0.7625,0.9949,50,50,0.98
post_filter,overall<=4.0,0.33,0.3897,50,38,0.0688,1.2142,1.283,50,50,0.96
post_filter,overall<=4.0,0.33,0.3897,50,39,0.2738,0.5668,0.8406,50,50,0.72
post_filter,overall<=4.0,0.33,0.3897,50,40,0.0755,1.2084,1.2839,50,50,0.98
post_filter,overall<=4.0,0.33,0.3897,50,41,0.0565,0.6419,0.6984,50,50,1.0
post_filter,overall<=4.0,0.33,0.3897,50,42,0.0738,0.971,1.0448,50,50,1.0
post_filter,overall<=4.0,0.33,0.3897,50,43,0.2056,0.4827,0.6882,50,50,0.72
post_filter,overall<=4.0,0.33,0.3897,50,44,0.054,0.7102,0.7642,50,50,1.0
post_filter,overall<=4.0,0.33,0.3897,50,45,0.2158,1.0482,1.264,50,50,0.88
post_filter,overall<=4.0,0.33,0.3897,50,46,0.1442,0.8523,0.9966,50,50,0.96
post_filter,overall<=4.0,0.33,0.3897,50,47,0.145,0.2972,0.4422,50,50,1.0
post_filter,overall<=4.0,0.33,0.3897,50,48,0.2015,1.0655,1.267,50,50,0.92
post_filter,overall<=4.0,0.33,0.3897,50,49,0.3022,0.5017,0.8039,50,50,0.72
bitmap_prefilter,overall<=4.0,0.33,0.3897,50,0,0.0944,26.6979,26.7923,75517,50,1.0
bitmap_prefilter,overall<=4.0,0.33,0.3897,50,1,0.0963,26.6358,26.7321,75517,50,1.0
bitmap_prefilter,overall<=4.0,0.33,0.3897,50,2,0.0947,26.6987,26.7934,75517,50,1.0
bitmap_prefilter,overall<=4.0,0.33,0.3897,50,3,0.0923,26.6841,26.7764,75517,50,1.0
bitmap_prefilter,overall<=4.0,0.33,0.3897,50,4,0.0959,26.78,26.8759,75517,50,1.0
bitmap_prefilter,overall<=4.0,0.33,0.3897,50,5,0.0902,26.6617,26.7519,75517,50,1.0
bitmap_prefilter,overall<=4.0,0.33,0.3897,50,6,0.0888,26.7348,26.8235,75517,50,1.0
bitmap_prefilter,overall<=4.0,0.33,0.3897,50,7,0.0871,26.7355,26.8226,75517,50,1.0
bitmap_prefilter,overall<=4.0,0.33,0.3897,50,8,0.0878,26.8055,26.8933,75517,50,1.0
bitmap_prefilter,overall<=4.0,0.33,0.3897,50,9,0.0874,26.6438,26.7312,75517,50,1.0
bitmap_prefilter,overall<=4.0,0.33,0.3897,50,10,0.0871,26.664,26.751,75517,50,1.0
bitmap_prefilter,overall<=4.0,0.33,0.3897,50,11,0.087,26.7448,26.8317,75517,50,1.0
bitmap_prefilter,overall<=4.0,0.33,0.3897,50,12,0.0913,26.6183,26.7097,75517,50,1.0
bitmap_prefilter,overall<=4.0,0.33,0.3897,50,13,0.0907,26.7154,26.8061,75517,50,1.0
bitmap_prefilter,overall<=4.0,0.33,0.3897,50,14,0.0851,26.7184,26.8035,75517,50,1.0
bitmap_prefilter,overall<=4.0,0.33,0.3897,50,15,0.0866,26.7327,26.8193,75517,50,1.0
bitmap_prefilter,overall<=4.0,0.33,0.3897,50,16,0.0949,26.7666,26.8615,75517,50,1.0
bitmap_prefilter,overall<=4.0,0.33,0.3897,50,17,0.0902,27.1052,27.1953,75517,50,1.0
bitmap_prefilter,overall<=4.0,0.33,0.3897,50,18,0.0963,26.6359,26.7322,75517,50,1.0
bitmap_prefilter,overall<=4.0,0.33,0.3897,50,19,0.0915,26.743,26.8345,75517,50,1.0
bitmap_prefilter,overall<=4.0,0.33,0.3897,50,20,0.0911,26.708,26.7991,75517,50,1.0
bitmap_prefilter,overall<=4.0,0.33,0.3897,50,21,0.0884,26.7109,26.7993,75517,50,1.0
bitmap_prefilter,overall<=4.0,0.33,0.3897,50,22,0.0967,26.6661,26.7628,75517,50,1.0
bitmap_prefilter,overall<=4.0,0.33,0.3897,50,23,0.0877,26.7531,26.8408,75517,50,0.98
bitmap_prefilter,overall<=4.0,0.33,0.3897,50,24,0.0868,26.6754,26.7622,75517,50,1.0
bitmap_prefilter,overall<=4.0,0.33,0.3897,50,25,0.0871,26.6696,26.7567,75517,50,1.0
bitmap_prefilter,overall<=4.0,0.33,0.3897,50,26,0.0851,26.7379,26.823,75517,50,1.0
bitmap_prefilter,overall<=4.0,0.33,0.3897,50,27,0.0861,26.7135,26.7996,75517,50,1.0
bitmap_prefilter,overall<=4.0,0.33,0.3897,50,28,0.0867,26.8992,26.986,75517,50,1.0
bitmap_prefilter,overall<=4.0,0.33,0.3897,50,29,0.0927,26.6588,26.7515,75517,50,1.0
bitmap_prefilter,overall<=4.0,0.33,0.3897,50,30,0.0857,26.6916,26.7774,75517,50,0.64
bitmap_prefilter,overall<=4.0,0.33,0.3897,50,31,0.0858,26.6948,26.7806,75517,50,1.0
bitmap_prefilter,overall<=4.0,0.33,0.3897,50,32,0.0902,26.6582,26.7484,75517,50,1.0
bitmap_prefilter,overall<=4.0,0.33,0.3897,50,33,0.0849,26.6695,26.7544,75517,50,1.0
bitmap_prefilter,overall<=4.0,0.33,0.3897,50,34,0.0852,26.7592,26.8445,75517,50,1.0
bitmap_prefilter,overall<=4.0,0.33,0.3897,50,35,0.0876,26.6695,26.757,75517,50,1.0
bitmap_prefilter,overall<=4.0,0.33,0.3897,50,36,0.0846,26.6992,26.7838,75517,50,1.0
bitmap_prefilter,overall<=4.0,0.33,0.3897,50,37,0.087,26.7438,26.8307,75517,50,1.0
bitmap_prefilter,overall<=4.0,0.33,0.3897,50,38,0.0842,26.8312,26.9154,75517,50,1.0
bitmap_prefilter,overall<=4.0,0.33,0.3897,50,39,0.0885,26.8728,26.9613,75517,50,1.0
bitmap_prefilter,overall<=4.0,0.33,0.3897,50,40,0.0883,26.6992,26.7875,75517,50,1.0
bitmap_prefilter,overall<=4.0,0.33,0.3897,50,41,0.0853,26.7317,26.817,75517,50,1.0
bitmap_prefilter,overall<=4.0,0.33,0.3897,50,42,0.0845,26.6703,26.7548,75517,50,1.0
bitmap_prefilter,overall<=4.0,0.33,0.3897,50,43,0.085,26.6617,26.7467,75517,50,1.0
bitmap_prefilter,overall<=4.0,0.33,0.3897,50,44,0.0844,26.643,26.7274,75517,50,1.0
bitmap_prefilter,overall<=4.0,0.33,0.3897,50,45,0.0844,26.856,26.9404,75517,50,1.0
bitmap_prefilter,overall<=4.0,0.33,0.3897,50,46,0.0851,26.732,26.8171,75517,50,1.0
bitmap_prefilter,overall<=4.0,0.33,0.3897,50,47,0.0944,26.7208,26.8152,75517,50,1.0
bitmap_prefilter,overall<=4.0,0.33,0.3897,50,48,0.0854,26.9415,27.0269,75517,50,1.0
bitmap_prefilter,overall<=4.0,0.33,0.3897,50,49,0.0852,26.8515,26.9367,75517,50,1.0
brute_force,main_cat='All Electronics',0.35,0.2469,10,0,0.166,24.734,24.9,10,10,1.0
brute_force,main_cat='All Electronics',0.35,0.2469,10,1,0.0469,24.8592,24.9061,10,10,1.0
brute_force,main_cat='All Electronics',0.35,0.2469,10,2,0.0316,24.6782,24.7098,10,10,1.0
brute_force,main_cat='All Electronics',0.35,0.2469,10,3,0.0629,24.8593,24.9222,10,10,1.0
brute_force,main_cat='All Electronics',0.35,0.2469,10,4,0.0306,24.8014,24.832,10,10,1.0
brute_force,main_cat='All Electronics',0.35,0.2469,10,5,0.0181,24.7309,24.749,10,10,1.0
brute_force,main_cat='All Electronics',0.35,0.2469,10,6,0.0285,24.5133,24.5418,10,10,1.0
brute_force,main_cat='All Electronics',0.35,0.2469,10,7,0.036,24.7921,24.8282,10,10,1.0
brute_force,main_cat='All Electronics',0.35,0.2469,10,8,0.0568,24.7577,24.8145,10,10,1.0
brute_force,main_cat='All Electronics',0.35,0.2469,10,9,0.0652,24.7068,24.772,10,10,1.0
brute_force,main_cat='All Electronics',0.35,0.2469,10,10,0.0217,24.7478,24.7695,10,10,1.0
brute_force,main_cat='All Electronics',0.35,0.2469,10,11,0.044,24.6819,24.726,10,10,1.0
brute_force,main_cat='All Electronics',0.35,0.2469,10,12,0.1199,24.841,24.9609,10,10,1.0
brute_force,main_cat='All Electronics',0.35,0.2469,10,13,0.0467,25.0595,25.1062,10,10,1.0
brute_force,main_cat='All Electronics',0.35,0.2469,10,14,0.0681,24.9312,24.9993,10,10,1.0
brute_force,main_cat='All Electronics',0.35,0.2469,10,15,0.2403,24.7048,24.9451,10,10,1.0
brute_force,main_cat='All Electronics',0.35,0.2469,10,16,0.0312,24.8429,24.8741,10,10,1.0
brute_force,main_cat='All Electronics',0.35,0.2469,10,17,0.0656,24.7395,24.805,10,10,1.0
brute_force,main_cat='All Electronics',0.35,0.2469,10,18,0.0316,24.9277,24.9593,10,10,1.0
brute_force,main_cat='All Electronics',0.35,0.2469,10,19,0.0313,24.7339,24.7651,10,10,1.0
brute_force,main_cat='All Electronics',0.35,0.2469,10,20,0.0227,24.8542,24.8769,10,10,1.0
brute_force,main_cat='All Electronics',0.35,0.2469,10,21,0.0732,24.683,24.7562,10,10,1.0
brute_force,main_cat='All Electronics',0.35,0.2469,10,22,0.1046,24.749,24.8536,10,10,1.0
brute_force,main_cat='All Electronics',0.35,0.2469,10,23,0.0294,24.7696,24.799,10,10,1.0
brute_force,main_cat='All Electronics',0.35,0.2469,10,24,0.0285,24.709,24.7375,10,10,1.0
brute_force,main_cat='All Electronics',0.35,0.2469,10,25,0.0353,24.707,24.7423,10,10,1.0
brute_force,main_cat='All Electronics',0.35,0.2469,10,26,0.0392,24.8153,24.8545,10,10,1.0
brute_force,main_cat='All Electronics',0.35,0.2469,10,27,0.0164,24.686,24.7023,10,10,1.0
brute_force,main_cat='All Electronics',0.35,0.2469,10,28,0.0377,24.7955,24.8333,10,10,1.0
brute_force,main_cat='All Electronics',0.35,0.2469,10,29,0.0682,24.7145,24.7827,10,10,1.0
brute_force,main_cat='All Electronics',0.35,0.2469,10,30,0.0381,24.8008,24.8389,10,10,1.0
brute_force,main_cat='All Electronics',0.35,0.2469,10,31,0.0365,24.7602,24.7967,10,10,1.0
brute_force,main_cat='All Electronics',0.35,0.2469,10,32,0.0669,24.9073,24.9742,10,10,1.0
brute_force,main_cat='All Electronics',0.35,0.2469,10,33,0.2047,24.869,25.0736,10,10,1.0
brute_force,main_cat='All Electronics',0.35,0.2469,10,34,0.1359,25.8429,25.9788,10,10,1.0
brute_force,main_cat='All Electronics',0.35,0.2469,10,35,0.0226,24.8223,24.8449,10,10,1.0
brute_force,main_cat='All Electronics',0.35,0.2469,10,36,0.064,24.678,24.7419,10,10,1.0
brute_force,main_cat='All Electronics',0.35,0.2469,10,37,0.0211,24.6562,24.6773,10,10,1.0
brute_force,main_cat='All Electronics',0.35,0.2469,10,38,0.0265,24.8115,24.8379,10,10,1.0
brute_force,main_cat='All Electronics',0.35,0.2469,10,39,0.0266,24.793,24.8196,10,10,1.0
brute_force,main_cat='All Electronics',0.35,0.2469,10,40,0.0598,24.7609,24.8207,10,10,1.0
brute_force,main_cat='All Electronics',0.35,0.2469,10,41,0.0274,24.8711,24.8985,10,10,1.0
brute_force,main_cat='All Electronics',0.35,0.2469,10,42,0.0528,24.6751,24.7279,10,10,1.0
brute_force,main_cat='All Electronics',0.35,0.2469,10,43,0.0392,24.7041,24.7433,10,10,1.0
brute_force,main_cat='All Electronics',0.35,0.2469,10,44,0.0733,24.8252,24.8985,10,10,1.0
brute_force,main_cat='All Electronics',0.35,0.2469,10,45,0.0368,24.6802,24.717,10,10,1.0
brute_force,main_cat='All Electronics',0.35,0.2469,10,46,0.0287,24.7646,24.7933,10,10,1.0
brute_force,main_cat='All Electronics',0.35,0.2469,10,47,0.0308,24.7688,24.7995,10,10,1.0
brute_force,main_cat='All Electronics',0.35,0.2469,10,48,0.039,24.771,24.81,10,10,1.0
brute_force,main_cat='All Electronics',0.35,0.2469,10,49,0.0468,24.713,24.7598,10,10,1.0
naive_prefilter,main_cat='All Electronics',0.35,0.2469,10,0,15.4152,14.221,29.6363,47842,10,1.0
naive_prefilter,main_cat='All Electronics',0.35,0.2469,10,1,15.2941,14.3872,29.6813,47842,10,1.0
naive_prefilter,main_cat='All Electronics',0.35,0.2469,10,2,15.3839,14.3687,29.7526,47842,10,1.0
naive_prefilter,main_cat='All Electronics',0.35,0.2469,10,3,15.3303,14.264,29.5943,47842,10,1.0
naive_prefilter,main_cat='All Electronics',0.35,0.2469,10,4,15.2358,14.553,29.7889,47842,10,1.0
naive_prefilter,main_cat='All Electronics',0.35,0.2469,10,5,15.1081,14.2728,29.3809,47842,10,1.0
naive_prefilter,main_cat='All Electronics',0.35,0.2469,10,6,15.2662,14.4322,29.6983,47842,10,1.0
naive_prefilter,main_cat='All Electronics',0.35,0.2469,10,7,15.5362,14.2265,29.7628,47842,10,1.0
naive_prefilter,main_cat='All Electronics',0.35,0.2469,10,8,15.5921,14.2851,29.8772,47842,10,1.0
naive_prefilter,main_cat='All Electronics',0.35,0.2469,10,9,15.415,14.5042,29.9192,47842,10,1.0
naive_prefilter,main_cat='All Electronics',0.35,0.2469,10,10,15.3058,14.2742,29.58,47842,10,1.0
naive_prefilter,main_cat='All Electronics',0.35,0.2469,10,11,14.987,14.318,29.305,47842,10,1.0
naive_prefilter,main_cat='All Electronics',0.35,0.2469,10,12,15.1869,14.3603,29.5472,47842,10,1.0
naive_prefilter,main_cat='All Electronics',0.35,0.2469,10,13,15.5013,14.2795,29.7807,47842,10,1.0
naive_prefilter,main_cat='All Electronics',0.35,0.2469,10,14,15.4905,14.2401,29.7307,47842,10,1.0
naive_prefilter,main_cat='All Electronics',0.35,0.2469,10,15,15.1839,14.2378,29.4218,47842,10,1.0
naive_prefilter,main_cat='All Electronics',0.35,0.2469,10,16,15.455,14.336,29.791,47842,10,1.0
naive_prefilter,main_cat='All Electronics',0.35,0.2469,10,17,15.5008,14.3379,29.8387,47842,10,1.0
naive_prefilter,main_cat='All Electronics',0.35,0.2469,10,18,15.396,14.3147,29.7106,47842,10,1.0
naive_prefilter,main_cat='All Electronics',0.35,0.2469,10,19,15.5113,14.4919,30.0032,47842,10,1.0
naive_prefilter,main_cat='All Electronics',0.35,0.2469,10,20,15.4697,14.5806,30.0502,47842,10,1.0
naive_prefilter,main_cat='All Electronics',0.35,0.2469,10,21,15.1731,14.2912,29.4643,47842,10,1.0
naive_prefilter,main_cat='All Electronics',0.35,0.2469,10,22,15.1901,14.2762,29.4662,47842,10,1.0
naive_prefilter,main_cat='All Electronics',0.35,0.2469,10,23,15.004,14.3067,29.3107,47842,10,1.0
naive_prefilter,main_cat='All Electronics',0.35,0.2469,10,24,14.891,14.2223,29.1133,47842,10,1.0
naive_prefilter,main_cat='All Electronics',0.35,0.2469,10,25,15.2658,14.4581,29.7239,47842,10,1.0
naive_prefilter,main_cat='All Electronics',0.35,0.2469,10,26,15.2365,14.2897,29.5262,47842,10,1.0
naive_prefilter,main_cat='All Electronics',0.35,0.2469,10,27,15.2484,14.2338,29.4822,47842,10,1.0
naive_prefilter,main_cat='All Electronics',0.35,0.2469,10,28,15.3147,14.3058,29.6204,47842,10,1.0
naive_prefilter,main_cat='All Electronics',0.35,0.2469,10,29,15.1888,14.2598,29.4486,47842,10,1.0
naive_prefilter,main_cat='All Electronics',0.35,0.2469,10,30,15.352,14.4319,29.7839,47842,10,1.0
naive_prefilter,main_cat='All Electronics',0.35,0.2469,10,31,15.2413,14.2568,29.4981,47842,10,1.0
naive_prefilter,main_cat='All Electronics',0.35,0.2469,10,32,15.0175,14.2984,29.3159,47842,10,1.0
naive_prefilter,main_cat='All Electronics',0.35,0.2469,10,33,15.4069,14.2087,29.6155,47842,10,1.0
naive_prefilter,main_cat='All Electronics',0.35,0.2469,10,34,15.1024,14.2145,29.3169,47842,10,1.0
naive_prefilter,main_cat='All Electronics',0.35,0.2469,10,35,14.9317,14.2678,29.1994,47842,10,1.0
naive_prefilter,main_cat='All Electronics',0.35,0.2469,10,36,15.1465,14.2492,29.3957,47842,10,1.0
naive_prefilter,main_cat='All Electronics',0.35,0.2469,10,37,15.1216,14.3071,29.4287,47842,10,1.0
naive_prefilter,main_cat='All Electronics',0.35,0.2469,10,38,14.9917,14.3953,29.387,47842,10,1.0
naive_prefilter,main_cat='All Electronics',0.35,0.2469,10,39,15.265,14.4165,29.6816,47842,10,1.0
naive_prefilter,main_cat='All Electronics',0.35,0.2469,10,40,15.2631,14.2538,29.5169,47842,10,1.0
naive_prefilter,main_cat='All Electronics',0.35,0.2469,10,41,15.0175,14.2821,29.2996,47842,10,1.0
naive_prefilter,main_cat='All Electronics',0.35,0.2469,10,42,15.5058,14.1813,29.6871,47842,10,1.0
naive_prefilter,main_cat='All Electronics',0.35,0.2469,10,43,15.279,14.2596,29.5386,47842,10,1.0
naive_prefilter,main_cat='All Electronics',0.35,0.2469,10,44,15.3219,14.1954,29.5172,47842,10,1.0
naive_prefilter,main_cat='All Electronics',0.35,0.2469,10,45,15.3887,14.2233,29.612,47842,10,1.0
naive_prefilter,main_cat='All Electronics',0.35,0.2469,10,46,15.2738,14.202,29.4758,47842,10,1.0
naive_prefilter,main_cat='All Electronics',0.35,0.2469,10,47,14.9869,14.2222,29.2092,47842,10,0.0
naive_prefilter,main_cat='All Electronics',0.35,0.2469,10,48,15.3315,14.4003,29.7318,47842,10,1.0
naive_prefilter,main_cat='All Electronics',0.35,0.2469,10,49,15.1915,14.3146,29.5061,47842,10,1.0
post_filter,main_cat='All Electronics',0.35,0.2469,10,0,0.0548,0.3549,0.4097,10,10,0.9
post_filter,main_cat='All Electronics',0.35,0.2469,10,1,0.0309,0.8154,0.8463,10,10,1.0
post_filter,main_cat='All Electronics',0.35,0.2469,10,2,0.022,0.6546,0.6766,10,10,1.0
post_filter,main_cat='All Electronics',0.35,0.2469,10,3,0.0485,0.6799,0.7285,10,10,1.0
post_filter,main_cat='All Electronics',0.35,0.2469,10,4,0.0189,0.7584,0.7773,10,10,1.0
post_filter,main_cat='All Electronics',0.35,0.2469,10,5,0.0182,0.7315,0.7497,10,10,1.0
post_filter,main_cat='All Electronics',0.35,0.2469,10,6,0.0251,0.8677,0.8928,10,10,1.0
post_filter,main_cat='All Electronics',0.35,0.2469,10,7,0.0258,0.6154,0.6412,10,10,1.0
post_filter,main_cat='All Electronics',0.35,0.2469,10,8,0.0492,0.9082,0.9573,10,10,1.0
post_filter,main_cat='All Electronics',0.35,0.2469,10,9,0.0565,0.9231,0.9796,10,10,1.0
post_filter,main_cat='All Electronics',0.35,0.2469,10,10,0.0222,1.0261,1.0482,10,10,1.0
post_filter,main_cat='All Electronics',0.35,0.2469,10,11,0.045,0.9695,1.0145,10,10,1.0
post_filter,main_cat='All Electronics',0.35,0.2469,10,12,0.1096,0.7053,0.8148,10,10,1.0
post_filter,main_cat='All Electronics',0.35,0.2469,10,13,0.0397,0.712,0.7517,10,10,1.0
post_filter,main_cat='All Electronics',0.35,0.2469,10,14,0.0574,0.5263,0.5837,10,10,1.0
post_filter,main_cat='All Electronics',0.35,0.2469,10,15,0.2195,0.4498,0.6694,10,10,0.8
post_filter,main_cat='All Electronics',0.35,0.2469,10,16,0.0245,0.8183,0.8428,10,10,1.0
post_filter,main_cat='All Electronics',0.35,0.2469,10,17,0.0567,0.6263,0.683,10,10,1.0
post_filter,main_cat='All Electronics',0.35,0.2469,10,18,0.023,0.7467,0.7698,10,10,1.0
post_filter,main_cat='All Electronics',0.35,0.2469,10,19,0.023,0.7789,0.8019,10,10,1.0
post_filter,main_cat='All Electronics',0.35,0.2469,10,20,0.0158,0.5722,0.588,10,10,1.0
post_filter,main_cat='All Electronics',0.35,0.2469,10,21,0.0564,0.5952,0.6515,10,10,1.0
post_filter,main_cat='All Electronics',0.35,0.2469,10,22,0.0926,0.6656,0.7583,10,10,0.7
post_filter,main_cat='All Electronics',0.35,0.2469,10,23,0.0224,0.6117,0.6341,10,10,1.0
post_filter,main_cat='All Electronics',0.35,0.2469,10,24,0.0207,0.8355,0.8562,10,10,1.0
post_filter,main_cat='All Electronics',0.35,0.2469,10,25,0.0282,0.2591,0.2873,10,10,0.9
post_filter,main_cat='All Electronics',0.35,0.2469,10,26,0.0264,0.7528,0.7792,10,10,1.0
post_filter,main_cat='All Electronics',0.35,0.2469,10,27,0.013,0.7295,0.7425,10,10,1.0
post_filter,main_cat='All Electronics',0.35,0.2469,10,28,0.0339,0.831,0.8649,10,10,0.9
post_filter,main_cat='All Electronics',0.35,0.2469,10,29,0.0595,0.5351,0.5946,10,10,1.0
post_filter,main_cat='All Electronics',0.35,0.2469,10,30,0.0345,0.4039,0.4383,10,10,0.0
post_filter,main_cat='All Electronics',0.35,0.2469,10,31,0.0295,0.7848,0.8143,10,10,1.0
post_filter,main_cat='All Electronics',0.35,0.2469,10,32,0.052,0.5972,0.6492,10,10,1.0
post_filter,main_cat='All Electronics',0.35,0.2469,10,33,0.2326,0.4751,0.7077,10,10,0.4
post_filter,main_cat='All Electronics',0.35,0.2469,10,34,0.1118,0.7457,0.8576,10,10,1.0
post_filter,main_cat='All Electronics',0.35,0.2469,10,35,0.0153,0.7832,0.7985,10,10,1.0
post_filter,main_cat='All Electronics',0.35,0.2469,10,36,0.0553,0.6512,0.7065,10,10,0.9
post_filter,main_cat='All Electronics',0.35,0.2469,10,37,0.0154,0.5952,0.6106,10,10,1.0
post_filter,main_cat='All Electronics',0.35,0.2469,10,38,0.0191,0.9353,0.9544,10,10,1.0
post_filter,main_cat='All Electronics',0.35,0.2469,10,39,0.02,0.4536,0.4736,10,10,1.0
post_filter,main_cat='All Electronics',0.35,0.2469,10,40,0.0416,0.9155,0.9572,10,10,1.0
post_filter,main_cat='All Electronics',0.35,0.2469,10,41,0.0194,0.5136,0.533,10,10,1.0
post_filter,main_cat='All Electronics',0.35,0.2469,10,42,0.0415,0.7483,0.7898,10,10,1.0
post_filter,main_cat='All Electronics',0.35,0.2469,10,43,0.0398,0.407,0.4468,10,10,0.8
post_filter,main_cat='All Electronics',0.35,0.2469,10,44,0.0597,0.6041,0.6638,10,10,1.0
post_filter,main_cat='All Electronics',0.35,0.2469,10,45,0.0269,0.8172,0.844,10,10,1.0
post_filter,main_cat='All Electronics',0.35,0.2469,10,46,0.022,0.683,0.705,10,10,1.0
post_filter,main_cat='All Electronics',0.35,0.2469,10,47,0.0327,0.2316,0.2644,10,10,0.2
post_filter,main_cat='All Electronics',0.35,0.2469,10,48,0.0275,0.8083,0.8358,10,10,1.0
post_filter,main_cat='All Electronics',0.35,0.2469,10,49,0.0359,0.4021,0.438,10,10,0.9
bitmap_prefilter,main_cat='All Electronics',0.35,0.2469,10,0,0.0498,13.5196,13.5694,47842,10,1.0
bitmap_prefilter,main_cat='All Electronics',0.35,0.2469,10,1,0.0482,13.4628,13.511,47842,10,1.0
bitmap_prefilter,main_cat='All Electronics',0.35,0.2469,10,2,0.0516,13.6768,13.7284,47842,10,1.0
bitmap_prefilter,main_cat='All Electronics',0.35,0.2469,10,3,0.0481,13.4561,13.5042,47842,10,1.0
bitmap_prefilter,main_cat='All Electronics',0.35,0.2469,10,4,0.0457,13.4654,13.5111,47842,10,1.0
bitmap_prefilter,main_cat='All Electronics',0.35,0.2469,10,5,0.0462,13.4019,13.4481,47842,10,1.0
bitmap_prefilter,main_cat='All Electronics',0.35,0.2469,10,6,0.0445,13.3308,13.3753,47842,10,1.0
bitmap_prefilter,main_cat='All Electronics',0.35,0.2469,10,7,0.0441,13.4862,13.5303,47842,10,1.0
bitmap_prefilter,main_cat='All Electronics',0.35,0.2469,10,8,0.0449,13.5388,13.5837,47842,10,1.0
bitmap_prefilter,main_cat='All Electronics',0.35,0.2469,10,9,0.053,13.6808,13.7338,47842,10,1.0
bitmap_prefilter,main_cat='All Electronics',0.35,0.2469,10,10,0.0476,13.6384,13.686,47842,10,1.0
bitmap_prefilter,main_cat='All Electronics',0.35,0.2469,10,11,0.0467,13.4918,13.5385,47842,10,1.0
bitmap_prefilter,main_cat='All Electronics',0.35,0.2469,10,12,0.0497,13.4758,13.5256,47842,10,1.0
bitmap_prefilter,main_cat='All Electronics',0.35,0.2469,10,13,0.047,13.4601,13.5071,47842,10,1.0
bitmap_prefilter,main_cat='All Electronics',0.35,0.2469,10,14,0.0454,13.5513,13.5967,47842,10,1.0
bitmap_prefilter,main_cat='All Electronics',0.35,0.2469,10,15,0.0475,13.3784,13.426,47842,10,1.0
bitmap_prefilter,main_cat='All Electronics',0.35,0.2469,10,16,0.045,13.363,13.408,47842,10,1.0
bitmap_prefilter,main_cat='All Electronics',0.35,0.2469,10,17,0.045,13.3237,13.3687,47842,10,1.0
bitmap_prefilter,main_cat='All Electronics',0.35,0.2469,10,18,0.0441,13.394,13.4381,47842,10,1.0
bitmap_prefilter,main_cat='All Electronics',0.35,0.2469,10,19,0.0445,13.4095,13.454,47842,10,1.0
bitmap_prefilter,main_cat='All Electronics',0.35,0.2469,10,20,0.0438,13.353,13.3968,47842,10,1.0
bitmap_prefilter,main_cat='All Electronics',0.35,0.2469,10,21,0.0437,13.3304,13.3741,47842,10,1.0
bitmap_prefilter,main_cat='All Electronics',0.35,0.2469,10,22,0.0431,13.366,13.4092,47842,10,1.0
bitmap_prefilter,main_cat='All Electronics',0.35,0.2469,10,23,0.0425,13.3722,13.4147,47842,10,1.0
bitmap_prefilter,main_cat='All Electronics',0.35,0.2469,10,24,0.0435,13.3763,13.4198,47842,10,1.0
bitmap_prefilter,main_cat='All Electronics',0.35,0.2469,10,25,0.043,13.3449,13.3879,47842,10,1.0
bitmap_prefilter,main_cat='All Electronics',0.35,0.2469,10,26,0.0436,13.3829,13.4265,47842,10,1.0
bitmap_prefilter,main_cat='All Electronics',0.35,0.2469,10,27,0.0441,13.3618,13.4059,47842,10,1.0
bitmap_prefilter,main_cat='All Electronics',0.35,0.2469,10,28,0.0433,13.395,13.4383,47842,10,1.0
bitmap_prefilter,main_cat='All Electronics',0.35,0.2469,10,29,0.0427,13.391,13.4337,47842,10,1.0
bitmap_prefilter,main_cat='All Electronics',0.35,0.2469,10,30,0.0424,13.3631,13.4055,47842,10,1.0
bitmap_prefilter,main_cat='All Electronics',0.35,0.2469,10,31,0.0427,13.3105,13.3533,47842,10,1.0
bitmap_prefilter,main_cat='All Electronics',0.35,0.2469,10,32,0.0437,13.3165,13.3602,47842,10,1.0
bitmap_prefilter,main_cat='All Electronics',0.35,0.2469,10,33,0.0422,13.4936,13.5358,47842,10,1.0
bitmap_prefilter,main_cat='All Electronics',0.35,0.2469,10,34,0.0429,13.485,13.5279,47842,10,1.0
bitmap_prefilter,main_cat='All Electronics',0.35,0.2469,10,35,0.0423,13.3975,13.4399,47842,10,1.0
bitmap_prefilter,main_cat='All Electronics',0.35,0.2469,10,36,0.0435,13.472,13.5155,47842,10,1.0
bitmap_prefilter,main_cat='All Electronics',0.35,0.2469,10,37,0.0428,13.3889,13.4317,47842,10,1.0
bitmap_prefilter,main_cat='All Electronics',0.35,0.2469,10,38,0.0431,13.3673,13.4104,47842,10,1.0
bitmap_prefilter,main_cat='All Electronics',0.35,0.2469,10,39,0.0423,13.4196,13.4619,47842,10,1.0
bitmap_prefilter,main_cat='All Electronics',0.35,0.2469,10,40,0.0418,13.3761,13.4179,47842,10,1.0
bitmap_prefilter,main_cat='All Electronics',0.35,0.2469,10,41,0.0432,13.3732,13.4164,47842,10,1.0
bitmap_prefilter,main_cat='All Electronics',0.35,0.2469,10,42,0.0471,13.3693,13.4164,47842,10,1.0
bitmap_prefilter,main_cat='All Electronics',0.35,0.2469,10,43,0.0435,13.4232,13.4666,47842,10,1.0
bitmap_prefilter,main_cat='All Electronics',0.35,0.2469,10,44,0.0464,13.393,13.4394,47842,10,1.0
bitmap_prefilter,main_cat='All Electronics',0.35,0.2469,10,45,0.0429,13.3877,13.4305,47842,10,1.0
bitmap_prefilter,main_cat='All Electronics',0.35,0.2469,10,46,0.0425,13.3829,13.4253,47842,10,1.0
bitmap_prefilter,main_cat='All Electronics',0.35,0.2469,10,47,0.042,13.3349,13.377,47842,10,0.0
bitmap_prefilter,main_cat='All Electronics',0.35,0.2469,10,48,0.0434,13.4087,13.4521,47842,10,1.0
bitmap_prefilter,main_cat='All Electronics',0.35,0.2469,10,49,0.0422,13.3832,13.4254,47842,10,1.0
brute_force,main_cat='All Electronics',0.35,0.2469,50,0,0.4358,24.6332,25.069,50,50,1.0
brute_force,main_cat='All Electronics',0.35,0.2469,50,1,0.1379,24.7774,24.9153,50,50,1.0
brute_force,main_cat='All Electronics',0.35,0.2469,50,2,0.1043,24.8878,24.9921,50,50,1.0
brute_force,main_cat='All Electronics',0.35,0.2469,50,3,0.238,24.8529,25.0909,50,50,1.0
brute_force,main_cat='All Electronics',0.35,0.2469,50,4,0.1119,24.6027,24.7146,50,50,1.0
brute_force,main_cat='All Electronics',0.35,0.2469,50,5,0.0633,24.444,24.5073,50,50,1.0
brute_force,main_cat='All Electronics',0.35,0.2469,50,6,0.1182,24.609,24.7272,50,50,1.0
brute_force,main_cat='All Electronics',0.35,0.2469,50,7,0.1332,24.5002,24.6335,50,50,1.0
brute_force,main_cat='All Electronics',0.35,0.2469,50,8,0.2497,24.5115,24.7613,50,50,1.0
brute_force,main_cat='All Electronics',0.35,0.2469,50,9,0.1852,24.8524,25.0375,50,50,1.0
brute_force,main_cat='All Electronics',0.35,0.2469,50,10,0.1219,24.8229,24.9448,50,50,1.0
brute_force,main_cat='All Electronics',0.35,0.2469,50,11,0.1323,24.5805,24.7128,50,50,1.0
brute_force,main_cat='All Electronics',0.35,0.2469,50,12,0.4579,24.9217,25.3797,50,50,1.0
brute_force,main_cat='All Electronics',0.35,0.2469,50,13,0.2489,24.8473,25.0962,50,50,1.0
brute_force,main_cat='All Electronics',0.35,0.2469,50,14,0.2134,24.8339,25.0473,50,50,1.0
brute_force,main_cat='All Electronics',0.35,0.2469,50,15,0.4625,24.7675,25.2301,50,50,1.0
brute_force,main_cat='All Electronics',0.35,0.2469,50,16,0.1215,24.8049,24.9264,50,50,1.0
brute_force,main_cat='All Electronics',0.35,0.2469,50,17,0.2505,24.774,25.0245,50,50,1.0
brute_force,main_cat='All Electronics',0.35,0.2469,50,18,0.0905,24.7679,24.8584,50,50,1.0
brute_force,main_cat='All Electronics',0.35,0.2469,50,19,0.1,24.6398,24.7398,50,50,1.0
brute_force,main_cat='All Electronics',0.35,0.2469,50,20,0.0973,24.8444,24.9417,50,50,1.0
brute_force,main_cat='All Electronics',0.35,0.2469,50,21,0.1998,24.7055,24.9053,50,50,1.0
brute_force,main_cat='All Electronics',0.35,0.2469,50,22,0.2943,24.7764,25.0707,50,50,1.0
brute_force,main_cat='All Electronics',0.35,0.2469,50,23,0.1531,24.8344,24.9875,50,50,1.0
brute_force,main_cat='All Electronics',0.35,0.2469,50,24,0.1026,24.697,24.7996,50,50,0.98
brute_force,main_cat='All Electronics',0.35,0.2469,50,25,0.1961,24.6553,24.8514,50,50,1.0
brute_force,main_cat='All Electronics',0.35,0.2469,50,26,0.1336,24.8495,24.9832,50,50,1.0
brute_force,main_cat='All Electronics',0.35,0.2469,50,27,0.0675,24.7242,24.7917,50,50,1.0
brute_force,main_cat='All Electronics',0.35,0.2469,50,28,0.1693,24.8625,25.0319,50,50,1.0
brute_force,main_cat='All Electronics',0.35,0.2469,50,29,0.2122,24.7625,24.9747,50,50,1.0
brute_force,main_cat='All Electronics',0.35,0.2469,50,30,0.1488,24.7937,24.9425,50,50,1.0
brute_force,main_cat='All Electronics',0.35,0.2469,50,31,0.1623,24.7147,24.877,50,50,1.0
brute_force,main_cat='All Electronics',0.35,0.2469,50,32,0.2378,24.8955,25.1333,50,50,1.0
brute_force,main_cat='All Electronics',0.35,0.2469,50,33,0.4513,24.8944,25.3457,50,50,1.0
brute_force,main_cat='All Electronics',0.35,0.2469,50,34,0.4238,24.8735,25.2973,50,50,1.0
brute_force,main_cat='All Electronics',0.35,0.2469,50,35,0.0939,24.7144,24.8083,50,50,1.0
brute_force,main_cat='All Electronics',0.35,0.2469,50,36,0.2725,24.6901,24.9627,50,50,1.0
brute_force,main_cat='All Electronics',0.35,0.2469,50,37,0.0788,24.7458,24.8246,50,50,1.0
brute_force,main_cat='All Electronics',0.35,0.2469,50,38,0.1099,24.7578,24.8677,50,50,1.0
brute_force,main_cat='All Electronics',0.35,0.2469,50,39,0.1362,24.7959,24.9321,50,50,1.0
brute_force,main_cat='All Electronics',0.35,0.2469,50,40,0.2742,24.7046,24.9788,50,50,1.0
brute_force,main_cat='All Electronics',0.35,0.2469,50,41,0.1302,24.7751,24.9053,50,50,1.0
brute_force,main_cat='All Electronics',0.35,0.2469,50,42,0.2002,24.7167,24.9169,50,50,1.0
brute_force,main_cat='All Electronics',0.35,0.2469,50,43,0.1822,24.7749,24.9571,50,50,1.0
brute_force,main_cat='All Electronics',0.35,0.2469,50,44,0.1874,24.8733,25.0607,50,50,1.0
brute_force,main_cat='All Electronics',0.35,0.2469,50,45,0.2003,24.7816,24.9819,50,50,1.0
brute_force,main_cat='All Electronics',0.35,0.2469,50,46,0.1848,24.8814,25.0662,50,50,1.0
brute_force,main_cat='All Electronics',0.35,0.2469,50,47,0.1758,24.8,24.9758,50,50,1.0
brute_force,main_cat='All Electronics',0.35,0.2469,50,48,0.1666,24.792,24.9586,50,50,1.0
brute_force,main_cat='All Electronics',0.35,0.2469,50,49,0.1805,24.7363,24.9168,50,50,1.0
naive_prefilter,main_cat='All Electronics',0.35,0.2469,50,0,15.4733,14.3392,29.8125,47842,50,1.0
naive_prefilter,main_cat='All Electronics',0.35,0.2469,50,1,15.3493,14.421,29.7703,47842,50,1.0
naive_prefilter,main_cat='All Electronics',0.35,0.2469,50,2,15.2603,14.2554,29.5157,47842,50,1.0
naive_prefilter,main_cat='All Electronics',0.35,0.2469,50,3,15.1219,14.252,29.374,47842,50,1.0
naive_prefilter,main_cat='All Electronics',0.35,0.2469,50,4,15.1286,14.3562,29.4847,47842,50,1.0
naive_prefilter,main_cat='All Electronics',0.35,0.2469,50,5,15.3943,14.308,29.7023,47842,50,1.0
naive_prefilter,main_cat='All Electronics',0.35,0.2469,50,6,15.3405,14.339,29.6795,47842,50,1.0
naive_prefilter,main_cat='All Electronics',0.35,0.2469,50,7,15.375,14.247,29.622,47842,50,1.0
naive_prefilter,main_cat='All Electronics',0.35,0.2469,50,8,14.8314,14.2852,29.1166,47842,50,1.0
naive_prefilter,main_cat='All Electronics',0.35,0.2469,50,9,15.3635,14.2323,29.5958,47842,50,1.0
naive_prefilter,main_cat='All Electronics',0.35,0.2469,50,10,15.2719,14.2608,29.5327,47842,50,1.0
naive_prefilter,main_cat='All Electronics',0.35,0.2469,50,11,15.2458,14.3722,29.6181,47842,50,1.0
naive_prefilter,main_cat='All Electronics',0.35,0.2469,50,12,14.8332,14.3284,29.1616,47842,50,1.0
naive_prefilter,main_cat='All Electronics',0.35,0.2469,50,13,15.2229,14.2633,29.4862,47842,50,1.0
naive_prefilter,main_cat='All Electronics',0.35,0.2469,50,14,15.0008,14.2056,29.2064,47842,50,1.0
naive_prefilter,main_cat='All Electronics',0.35,0.2469,50,15,15.106,14.3352,29.4412,47842,50,1.0
naive_prefilter,main_cat='All Electronics',0.35,0.2469,50,16,14.7372,14.2613,28.9986,47842,50,1.0
naive_prefilter,main_cat='All Electronics',0.35,0.2469,50,17,15.2966,14.2433,29.5399,47842,50,1.0
naive_prefilter,main_cat='All Electronics',0.35,0.2469,50,18,15.1535,14.2747,29.4282,47842,50,1.0
naive_prefilter,main_cat='All Electronics',0.35,0.2469,50,19,14.9724,14.213,29.1854,47842,50,1.0
naive_prefilter,main_cat='All Electronics',0.35,0.2469,50,20,15.4088,14.2148,29.6235,47842,50,1.0
naive_prefilter,main_cat='All Electronics',0.35,0.2469,50,21,15.2328,15.0791,30.3119,47842,50,1.0
naive_prefilter,main_cat='All Electronics',0.35,0.2469,50,22,15.6109,14.9452,30.5561,47842,50,1.0
naive_prefilter,main_cat='All Electronics',0.35,0.2469,50,23,15.4174,14.2592,29.6767,47842,50,1.0
naive_prefilter,main_cat='All Electronics',0.35,0.2469,50,24,15.3966,14.2085,29.6051,47842,50,0.98
naive_prefilter,main_cat='All Electronics',0.35,0.2469,50,25,14.759,14.2617,29.0207,47842,50,1.0
naive_prefilter,main_cat='All Electronics',0.35,0.2469,50,26,14.7214,14.3083,29.0297,47842,50,1.0
naive_prefilter,main_cat='All Electronics',0.35,0.2469,50,27,14.7924,14.2234,29.0158,47842,50,1.0
naive_prefilter,main_cat='All Electronics',0.35,0.2469,50,28,15.456,14.3917,29.8477,47842,50,1.0
naive_prefilter,main_cat='All Electronics',0.35,0.2469,50,29,15.2459,14.2305,29.4764,47842,50,1.0
naive_prefilter,main_cat='All Electronics',0.35,0.2469,50,30,15.2749,14.2772,29.5521,47842,50,0.76
naive_prefilter,main_cat='All Electronics',0.35,0.2469,50,31,15.1692,14.2255,29.3947,47842,50,1.0
naive_prefilter,main_cat='All Electronics',0.35,0.2469,50,32,14.9578,14.265,29.2227,47842,50,1.0
naive_prefilter,main_cat='All Electronics',0.35,0.2469,50,33,15.2724,14.343,29.6154,47842,50,1.0
naive_prefilter,main_cat='All Electronics',0.35,0.2469,50,34,15.14,14.2021,29.3422,47842,50,1.0
naive_prefilter,main_cat='All Electronics',0.35,0.2469,50,35,15.3887,14.2489,29.6376,47842,50,1.0
naive_prefilter,main_cat='All Electronics',0.35,0.2469,50,36,15.2488,14.2463,29.4951,47842,50,1.0
naive_prefilter,main_cat='All Electronics',0.35,0.2469,50,37,15.2299,14.2003,29.4302,47842,50,1.0
naive_prefilter,main_cat='All Electronics',0.35,0.2469,50,38,15.0846,14.2901,29.3747,47842,50,1.0
naive_prefilter,main_cat='All Electronics',0.35,0.2469,50,39,15.3241,14.203,29.5271,47842,50,1.0
naive_prefilter,main_cat='All Electronics',0.35,0.2469,50,40,15.0822,14.2128,29.295,47842,50,1.0
naive_prefilter,main_cat='All Electronics',0.35,0.2469,50,41,15.0202,14.2826,29.3028,47842,50,1.0
naive_prefilter,main_cat='All Electronics',0.35,0.2469,50,42,15.0625,14.29,29.3525,47842,50,1.0
naive_prefilter,main_cat='All Electronics',0.35,0.2469,50,43,15.3088,14.2894,29.5982,47842,50,1.0
naive_prefilter,main_cat='All Electronics',0.35,0.2469,50,44,15.2149,14.2222,29.4371,47842,50,1.0
naive_prefilter,main_cat='All Electronics',0.35,0.2469,50,45,15.1391,14.2801,29.4192,47842,50,1.0
naive_prefilter,main_cat='All Electronics',0.35,0.2469,50,46,15.2155,14.6314,29.847,47842,50,1.0
naive_prefilter,main_cat='All Electronics',0.35,0.2469,50,47,15.3392,14.3135,29.6527,47842,50,0.96
naive_prefilter,main_cat='All Electronics',0.35,0.2469,50,48,15.1998,14.2405,29.4403,47842,50,1.0
naive_prefilter,main_cat='All Electronics',0.35,0.2469,50,49,15.0013,14.296,29.2973,47842,50,1.0
post_filter,main_cat='All Electronics',0.35,0.2469,50,0,0.1634,0.5185,0.6819,50,50,0.88
post_filter,main_cat='All Electronics',0.35,0.2469,50,1,0.1155,1.0789,1.1945,50,50,0.98
post_filter,main_cat='All Electronics',0.35,0.2469,50,2,0.0897,0.9154,1.0051,50,50,0.98
post_filter,main_cat='All Electronics',0.35,0.2469,50,3,0.222,0.9783,1.2003,50,50,0.9
post_filter,main_cat='All Electronics',0.35,0.2469,50,4,0.0937,1.1189,1.2126,50,50,0.96
post_filter,main_cat='All Electronics',0.35,0.2469,50,5,0.0586,0.957,1.0157,50,50,1.0
post_filter,main_cat='All Electronics',0.35,0.2469,50,6,0.1432,1.2427,1.3859,50,50,0.98
post_filter,main_cat='All Electronics',0.35,0.2469,50,7,0.1217,0.8441,0.9659,50,50,1.0
post_filter,main_cat='All Electronics',0.35,0.2469,50,8,0.2147,1.159,1.3737,50,50,0.98
post_filter,main_cat='All Electronics',0.35,0.2469,50,9,0.1452,1.1385,1.2837,50,50,0.98
post_filter,main_cat='All Electronics',0.35,0.2469,50,10,0.0969,1.0287,1.1256,50,50,0.98
post_filter,main_cat='All Electronics',0.35,0.2469,50,11,0.1125,0.997,1.1095,50,50,0.9
post_filter,main_cat='All Electronics',0.35,0.2469,50,12,0.3675,0.8235,1.191,50,50,0.88
post_filter,main_cat='All Electronics',0.35,0.2469,50,13,0.2197,0.8497,1.0694,50,50,0.82
post_filter,main_cat='All Electronics',0.35,0.2469,50,14,0.1801,0.6351,0.8152,50,50,0.9
post_filter,main_cat='All Electronics',0.35,0.2469,50,15,0.3947,0.5525,0.9472,50,50,0.62
post_filter,main_cat='All Electronics',0.35,0.2469,50,16,0.1017,1.0305,1.1322,50,50,1.0
post_filter,main_cat='All Electronics',0.35,0.2469,50,17,0.2013,0.7731,0.9744,50,50,0.82
post_filter,main_cat='All Electronics',0.35,0.2469,50,18,0.0729,0.9298,1.0028,50,50,1.0
post_filter,main_cat='All Electronics',0.35,0.2469,50,19,0.0805,0.9831,1.0636,50,50,0.94
post_filter,main_cat='All Electronics',0.35,0.2469,50,20,0.0763,0.7078,0.7841,50,50,1.0
post_filter,main_cat='All Electronics',0.35,0.2469,50,21,0.1983,0.8792,1.0775,50,50,0.78
post_filter,main_cat='All Electronics',0.35,0.2469,50,22,0.2661,0.7967,1.0629,50,50,0.52
post_filter,main_cat='All Electronics',0.35,0.2469,50,23,0.1212,0.7506,0.8719,50,50,1.0
post_filter,main_cat='All Electronics',0.35,0.2469,50,24,0.0851,1.1237,1.2088,50,50,0.98
post_filter,main_cat='All Electronics',0.35,0.2469,50,25,0.1538,0.3351,0.4889,50,50,0.56
post_filter,main_cat='All Electronics',0.35,0.2469,50,26,0.0963,0.9885,1.0848,50,50,0.96
post_filter,main_cat='All Electronics',0.35,0.2469,50,27,0.0545,0.9198,0.9743,50,50,1.0
post_filter,main_cat='All Electronics',0.35,0.2469,50,28,0.1361,0.9597,1.0958,50,50,0.92
post_filter,main_cat='All Electronics',0.35,0.2469,50,29,0.1634,0.5888,0.7522,50,50,0.9
post_filter,main_cat='All Electronics',0.35,0.2469,50,30,0.0912,0.4636,0.5549,50,50,0.0
post_filter,main_cat='All Electronics',0.35,0.2469,50,31,0.1272,0.9578,1.085,50,50,0.96
post_filter,main_cat='All Electronics',0.35,0.2469,50,32,0.1944,0.7429,0.9373,50,50,1.0
post_filter,main_cat='All Electronics',0.35,0.2469,50,33,0.4288,0.5884,1.0172,50,50,0.3
post_filter,main_cat='All Electronics',0.35,0.2469,50,34,0.3777,0.9569,1.3345,50,50,0.92
post_filter,main_cat='All Electronics',0.35,0.2469,50,35,0.0732,0.9931,1.0663,50,50,1.0
post_filter,main_cat='All Electronics',0.35,0.2469,50,36,0.2356,0.801,1.0366,50,50,0.88
post_filter,main_cat='All Electronics',0.35,0.2469,50,37,0.0647,0.736,0.8006,50,50,1.0
post_filter,main_cat='All Electronics',0.35,0.2469,50,38,0.0842,1.2088,1.293,50,50,0.94
post_filter,main_cat='All Electronics',0.35,0.2469,50,39,0.1134,0.5702,0.6836,50,50,0.92
post_filter,main_cat='All Electronics',0.35,0.2469,50,40,0.234,1.201,1.435,50,50,0.84
post_filter,main_cat='All Electronics',0.35,0.2469,50,41,0.1132,0.6607,0.7739,50,50,1.0
post_filter,main_cat='All Electronics',0.35,0.2469,50,42,0.1763,1.0027,1.179,50,50,0.94
post_filter,main_cat='All Electronics',0.35,0.2469,50,43,0.1479,0.489,0.6369,50,50,0.8
post_filter,main_cat='All Electronics',0.35,0.2469,50,44,0.1572,0.7157,0.873,50,50,0.96
post_filter,main_cat='All Electronics',0.35,0.2469,50,45,0.1586,1.0493,1.208,50,50,0.94
post_filter,main_cat='All Electronics',0.35,0.2469,50,46,0.1589,0.8506,1.0095,50,50,0.92
post_filter,main_cat='All Electronics',0.35,0.2469,50,47,0.1321,0.2984,0.4305,50,50,0.92
post_filter,main_cat='All Electronics',0.35,0.2469,50,48,0.1335,1.0367,1.1702,50,50,0.96
post_filter,main_cat='All Electronics',0.35,0.2469,50,49,0.125,0.4955,0.6205,50,50,0.88
bitmap_prefilter,main_cat='All Electronics',0.35,0.2469,50,0,0.0464,13.4117,13.4582,47842,50,1.0
bitmap_prefilter,main_cat='All Electronics',0.35,0.2469,50,1,0.0526,13.4327,13.4853,47842,50,1.0
bitmap_prefilter,main_cat='All Electronics',0.35,0.2469,50,2,0.0497,13.504,13.5536,47842,50,1.0
bitmap_prefilter,main_cat='All Electronics',0.35,0.2469,50,3,0.0491,13.462,13.5111,47842,50,1.0
bitmap_prefilter,main_cat='All Electronics',0.35,0.2469,50,4,0.0473,13.3868,13.4341,47842,50,1.0
bitmap_prefilter,main_cat='All Electronics',0.35,0.2469,50,5,0.0449,13.3732,13.4181,47842,50,1.0
bitmap_prefilter,main_cat='All Electronics',0.35,0.2469,50,6,0.044,13.4703,13.5143,47842,50,1.0
bitmap_prefilter,main_cat='All Electronics',0.35,0.2469,50,7,0.0457,13.4385,13.4842,47842,50,1.0
bitmap_prefilter,main_cat='All Electronics',0.35,0.2469,50,8,0.0593,13.3592,13.4185,47842,50,1.0
bitmap_prefilter,main_cat='All Electronics',0.35,0.2469,50,9,0.0518,13.3887,13.4406,47842,50,1.0
bitmap_prefilter,main_cat='All Electronics',0.35,0.2469,50,10,0.0562,13.5426,13.5988,47842,50,1.0
bitmap_prefilter,main_cat='All Electronics',0.35,0.2469,50,11,0.0468,13.5446,13.5914,47842,50,1.0
bitmap_prefilter,main_cat='All Electronics',0.35,0.2469,50,12,0.0472,13.4022,13.4493,47842,50,1.0
bitmap_prefilter,main_cat='All Electronics',0.35,0.2469,50,13,0.0464,13.4003,13.4467,47842,50,1.0
bitmap_prefilter,main_cat='All Electronics',0.35,0.2469,50,14,0.0505,13.4572,13.5077,47842,50,1.0
bitmap_prefilter,main_cat='All Electronics',0.35,0.2469,50,15,0.0446,13.3923,13.437,47842,50,1.0
bitmap_prefilter,main_cat='All Electronics',0.35,0.2469,50,16,0.0453,13.5096,13.5549,47842,50,1.0
bitmap_prefilter,main_cat='All Electronics',0.35,0.2469,50,17,0.0462,13.9325,13.9787,47842,50,1.0
bitmap_prefilter,main_cat='All Electronics',0.35,0.2469,50,18,0.0464,13.4686,13.515,47842,50,1.0
bitmap_prefilter,main_cat='All Electronics',0.35,0.2469,50,19,0.0563,13.3857,13.442,47842,50,1.0
bitmap_prefilter,main_cat='All Electronics',0.35,0.2469,50,20,0.0478,13.4012,13.4491,47842,50,1.0
bitmap_prefilter,main_cat='All Electronics',0.35,0.2469,50,21,0.049,13.4518,13.5009,47842,50,1.0
bitmap_prefilter,main_cat='All Electronics',0.35,0.2469,50,22,0.0452,13.3832,13.4285,47842,50,1.0
bitmap_prefilter,main_cat='All Electronics',0.35,0.2469,50,23,0.0454,13.3523,13.3977,47842,50,1.0
bitmap_prefilter,main_cat='All Electronics',0.35,0.2469,50,24,0.0433,13.3552,13.3985,47842,50,0.98
bitmap_prefilter,main_cat='All Electronics',0.35,0.2469,50,25,0.049,13.3619,13.4108,47842,50,1.0
bitmap_prefilter,main_cat='All Electronics',0.35,0.2469,50,26,0.0441,13.3867,13.4308,47842,50,1.0
bitmap_prefilter,main_cat='All Electronics',0.35,0.2469,50,27,0.0433,13.3985,13.4418,47842,50,1.0
bitmap_prefilter,main_cat='All Electronics',0.35,0.2469,50,28,0.0465,13.4445,13.491,47842,50,1.0
bitmap_prefilter,main_cat='All Electronics',0.35,0.2469,50,29,0.0447,13.3937,13.4385,47842,50,1.0
bitmap_prefilter,main_cat='All Electronics',0.35,0.2469,50,30,0.0435,13.3452,13.3887,47842,50,0.76
bitmap_prefilter,main_cat='All Electronics',0.35,0.2469,50,31,0.0428,13.3387,13.3815,47842,50,1.0
bitmap_prefilter,main_cat='All Electronics',0.35,0.2469,50,32,0.0478,13.4006,13.4484,47842,50,1.0
bitmap_prefilter,main_cat='All Electronics',0.35,0.2469,50,33,0.0433,13.3691,13.4125,47842,50,1.0
bitmap_prefilter,main_cat='All Electronics',0.35,0.2469,50,34,0.0445,13.3923,13.4368,47842,50,1.0
bitmap_prefilter,main_cat='All Electronics',0.35,0.2469,50,35,0.0437,13.3857,13.4294,47842,50,1.0
bitmap_prefilter,main_cat='All Electronics',0.35,0.2469,50,36,0.0429,13.3888,13.4317,47842,50,1.0
bitmap_prefilter,main_cat='All Electronics',0.35,0.2469,50,37,0.0432,13.5662,13.6095,47842,50,1.0
bitmap_prefilter,main_cat='All Electronics',0.35,0.2469,50,38,0.0435,13.3413,13.3848,47842,50,1.0
bitmap_prefilter,main_cat='All Electronics',0.35,0.2469,50,39,0.0439,13.4254,13.4693,47842,50,1.0
bitmap_prefilter,main_cat='All Electronics',0.35,0.2469,50,40,0.0442,13.6025,13.6467,47842,50,1.0
bitmap_prefilter,main_cat='All Electronics',0.35,0.2469,50,41,0.0424,13.389,13.4314,47842,50,1.0
bitmap_prefilter,main_cat='All Electronics',0.35,0.2469,50,42,0.0429,13.6386,13.6815,47842,50,1.0
bitmap_prefilter,main_cat='All Electronics',0.35,0.2469,50,43,0.0426,13.4498,13.4925,47842,50,1.0
bitmap_prefilter,main_cat='All Electronics',0.35,0.2469,50,44,0.0433,13.4011,13.4444,47842,50,1.0
bitmap_prefilter,main_cat='All Electronics',0.35,0.2469,50,45,0.043,13.3477,13.3908,47842,50,1.0
bitmap_prefilter,main_cat='All Electronics',0.35,0.2469,50,46,0.0429,13.3819,13.4247,47842,50,1.0
bitmap_prefilter,main_cat='All Electronics',0.35,0.2469,50,47,0.0472,13.4995,13.5467,47842,50,0.96
bitmap_prefilter,main_cat='All Electronics',0.35,0.2469,50,48,0.0432,13.4434,13.4866,47842,50,1.0
bitmap_prefilter,main_cat='All Electronics',0.35,0.2469,50,49,0.043,13.4237,13.4666,47842,50,1.0
brute_force,verified=true AND overall>=5.0,0.37,0.4799,10,0,0.0246,24.6445,24.6692,10,10,1.0
brute_force,verified=true AND overall>=5.0,0.37,0.4799,10,1,0.0246,24.8806,24.9052,10,10,1.0
brute_force,verified=true AND overall>=5.0,0.37,0.4799,10,2,0.0286,24.7413,24.7699,10,10,1.0
brute_force,verified=true AND overall>=5.0,0.37,0.4799,10,3,0.02,24.6752,24.6952,10,10,1.0
brute_force,verified=true AND overall>=5.0,0.37,0.4799,10,4,0.0441,24.712,24.7561,10,10,1.0
brute_force,verified=true AND overall>=5.0,0.37,0.4799,10,5,0.0627,24.5009,24.5637,10,10,1.0
brute_force,verified=true AND overall>=5.0,0.37,0.4799,10,6,0.0471,24.4789,24.526,10,10,1.0
brute_force,verified=true AND overall>=5.0,0.37,0.4799,10,7,0.0864,24.5025,24.5889,10,10,1.0
brute_force,verified=true AND overall>=5.0,0.37,0.4799,10,8,0.0388,24.482,24.5209,10,10,1.0
brute_force,verified=true AND overall>=5.0,0.37,0.4799,10,9,0.02,24.4695,24.4895,10,10,1.0
brute_force,verified=true AND overall>=5.0,0.37,0.4799,10,10,0.0301,24.4045,24.4345,10,10,1.0
brute_force,verified=true AND overall>=5.0,0.37,0.4799,10,11,0.0262,24.3784,24.4046,10,10,1.0
brute_force,verified=true AND overall>=5.0,0.37,0.4799,10,12,0.0211,24.5466,24.5677,10,10,1.0
brute_force,verified=true AND overall>=5.0,0.37,0.4799,10,13,0.0198,24.6592,24.679,10,10,1.0
brute_force,verified=true AND overall>=5.0,0.37,0.4799,10,14,0.036,24.6598,24.6958,10,10,1.0
brute_force,verified=true AND overall>=5.0,0.37,0.4799,10,15,0.0235,24.5306,24.554,10,10,1.0
brute_force,verified=true AND overall>=5.0,0.37,0.4799,10,16,0.0175,24.614,24.6315,10,10,1.0
brute_force,verified=true AND overall>=5.0,0.37,0.4799,10,17,0.0261,24.7342,24.7603,10,10,1.0
brute_force,verified=true AND overall>=5.0,0.37,0.4799,10,18,0.0864,24.7508,24.8373,10,10,1.0
brute_force,verified=true AND overall>=5.0,0.37,0.4799,10,19,0.0255,24.675,24.7005,10,10,1.0
brute_force,verified=true AND overall>=5.0,0.37,0.4799,10,20,0.0201,24.9398,24.9599,10,10,1.0
brute_force,verified=true AND overall>=5.0,0.37,0.4799,10,21,0.0279,24.686,24.7139,10,10,1.0
brute_force,verified=true AND overall>=5.0,0.37,0.4799,10,22,0.0294,24.6797,24.709,10,10,1.0
brute_force,verified=true AND overall>=5.0,0.37,0.4799,10,23,0.021,24.7621,24.7831,10,10,1.0
brute_force,verified=true AND overall>=5.0,0.37,0.4799,10,24,0.0408,24.774,24.8148,10,10,1.0
brute_force,verified=true AND overall>=5.0,0.37,0.4799,10,25,0.0181,24.8678,24.8859,10,10,1.0
brute_force,verified=true AND overall>=5.0,0.37,0.4799,10,26,0.0231,24.7482,24.7713,10,10,1.0
brute_force,verified=true AND overall>=5.0,0.37,0.4799,10,27,0.0597,24.6988,24.7585,10,10,1.0
brute_force,verified=true AND overall>=5.0,0.37,0.4799,10,28,0.0275,24.8281,24.8556,10,10,1.0
brute_force,verified=true AND overall>=5.0,0.37,0.4799,10,29,0.0273,24.7391,24.7664,10,10,1.0
brute_force,verified=true AND overall>=5.0,0.37,0.4799,10,30,0.0181,24.6685,24.6866,10,10,1.0
brute_force,verified=true AND overall>=5.0,0.37,0.4799,10,31,0.0198,24.6645,24.6843,10,10,1.0
brute_force,verified=true AND overall>=5.0,0.37,0.4799,10,32,0.2625,24.907,25.1695,10,10,1.0
brute_force,verified=true AND overall>=5.0,0.37,0.4799,10,33,0.0227,24.8218,24.8446,10,10,1.0
brute_force,verified=true AND overall>=5.0,0.37,0.4799,10,34,0.0231,24.8612,24.8843,10,10,1.0
brute_force,verified=true AND overall>=5.0,0.37,0.4799,10,35,0.0518,24.7367,24.7885,10,10,1.0
brute_force,verified=true AND overall>=5.0,0.37,0.4799,10,36,0.0574,24.777,24.8343,10,10,1.0
brute_force,verified=true AND overall>=5.0,0.37,0.4799,10,37,0.0175,24.8131,24.8306,10,10,1.0
brute_force,verified=true AND overall>=5.0,0.37,0.4799,10,38,0.0525,24.6984,24.7509,10,10,1.0
brute_force,verified=true AND overall>=5.0,0.37,0.4799,10,39,0.0193,24.7843,24.8036,10,10,1.0
brute_force,verified=true AND overall>=5.0,0.37,0.4799,10,40,0.0263,24.8592,24.8856,10,10,1.0
brute_force,verified=true AND overall>=5.0,0.37,0.4799,10,41,0.325,24.7924,25.1174,10,10,1.0
brute_force,verified=true AND overall>=5.0,0.37,0.4799,10,42,0.0415,24.7005,24.742,10,10,1.0
brute_force,verified=true AND overall>=5.0,0.37,0.4799,10,43,0.0194,24.7622,24.7816,10,10,1.0
brute_force,verified=true AND overall>=5.0,0.37,0.4799,10,44,0.3514,24.8485,25.1999,10,10,1.0
brute_force,verified=true AND overall>=5.0,0.37,0.4799,10,45,0.0172,24.7164,24.7335,10,10,1.0
brute_force,verified=true AND overall>=5.0,0.37,0.4799,10,46,0.0236,24.9965,25.02,10,10,1.0
brute_force,verified=true AND overall>=5.0,0.37,0.4799,10,47,0.0181,24.7915,24.8096,10,10,1.0
brute_force,verified=true AND overall>=5.0,0.37,0.4799,10,48,0.0227,24.8183,24.841,10,10,1.0
brute_force,verified=true AND overall>=5.0,0.37,0.4799,10,49,0.0183,24.8039,24.8222,10,10,1.0
naive_prefilter,verified=true AND overall>=5.0,0.37,0.4799,10,0,22.6641,31.1419,53.806,92982,10,1.0
naive_prefilter,verified=true AND overall>=5.0,0.37,0.4799,10,1,22.6183,31.0965,53.7148,92982,10,1.0
naive_prefilter,verified=true AND overall>=5.0,0.37,0.4799,10,2,22.3857,31.0608,53.4465,92982,10,1.0
naive_prefilter,verified=true AND overall>=5.0,0.37,0.4799,10,3,22.5012,31.0676,53.5688,92982,10,1.0
naive_prefilter,verified=true AND overall>=5.0,0.37,0.4799,10,4,22.4883,31.1092,53.5975,92982,10,1.0
naive_prefilter,verified=true AND overall>=5.0,0.37,0.4799,10,5,22.4778,31.1615,53.6393,92982,10,1.0
naive_prefilter,verified=true AND overall>=5.0,0.37,0.4799,10,6,22.4224,31.1505,53.5729,92982,10,1.0
naive_prefilter,verified=true AND overall>=5.0,0.37,0.4799,10,7,22.3007,31.106,53.4066,92982,10,1.0
naive_prefilter,verified=true AND overall>=5.0,0.37,0.4799,10,8,22.6386,30.9417,53.5803,92982,10,1.0
naive_prefilter,verified=true AND overall>=5.0,0.37,0.4799,10,9,22.5597,31.0432,53.6029,92982,10,1.0
naive_prefilter,verified=true AND overall>=5.0,0.37,0.4799,10,10,22.6548,31.2672,53.922,92982,10,1.0
naive_prefilter,verified=true AND overall>=5.0,0.37,0.4799,10,11,22.5518,31.1897,53.7415,92982,10,1.0
naive_prefilter,verified=true AND overall>=5.0,0.37,0.4799,10,12,22.4945,31.6242,54.1187,92982,10,1.0
naive_prefilter,verified=true AND overall>=5.0,0.37,0.4799,10,13,22.5307,31.0281,53.5588,92982,10,1.0
naive_prefilter,verified=true AND overall>=5.0,0.37,0.4799,10,14,22.4192,31.098,53.5172,92982,10,1.0
naive_prefilter,verified=true AND overall>=5.0,0.37,0.4799,10,15,22.4133,31.1122,53.5256,92982,10,1.0
naive_prefilter,verified=true AND overall>=5.0,0.37,0.4799,10,16,22.8812,30.9808,53.862,92982,10,1.0
naive_prefilter,verified=true AND overall>=5.0,0.37,0.4799,10,17,22.5724,31.0261,53.5985,92982,10,1.0
naive_prefilter,verified=true AND overall>=5.0,0.37,0.4799,10,18,22.6297,30.9464,53.576,92982,10,1.0
naive_prefilter,verified=true AND overall>=5.0,0.37,0.4799,10,19,22.5794,30.9908,53.5702,92982,10,1.0
naive_prefilter,verified=true AND overall>=5.0,0.37,0.4799,10,20,22.5008,30.9644,53.4651,92982,10,1.0
naive_prefilter,verified=true AND overall>=5.0,0.37,0.4799,10,21,22.4429,31.1325,53.5754,92982,10,1.0
naive_prefilter,verified=true AND overall>=5.0,0.37,0.4799,10,22,22.366,30.9733,53.3394,92982,10,1.0
naive_prefilter,verified=true AND overall>=5.0,0.37,0.4799,10,23,22.2435,31.0305,53.274,92982,10,1.0
naive_prefilter,verified=true AND overall>=5.0,0.37,0.4799,10,24,22.3753,31.0268,53.4022,92982,10,1.0
naive_prefilter,verified=true AND overall>=5.0,0.37,0.4799,10,25,22.2857,30.9521,53.2378,92982,10,1.0
naive_prefilter,verified=true AND overall>=5.0,0.37,0.4799,10,26,22.2541,31.2958,53.55,92982,10,1.0
naive_prefilter,verified=true AND overall>=5.0,0.37,0.4799,10,27,22.3335,31.0415,53.375,92982,10,1.0
naive_prefilter,verified=true AND overall>=5.0,0.37,0.4799,10,28,22.4107,30.9321,53.3428,92982,10,1.0
naive_prefilter,verified=true AND overall>=5.0,0.37,0.4799,10,29,22.4251,30.9971,53.4222,92982,10,1.0
naive_prefilter,verified=true AND overall>=5.0,0.37,0.4799,10,30,22.3431,31.3193,53.6625,92982,10,1.0
naive_prefilter,verified=true AND overall>=5.0,0.37,0.4799,10,31,22.8492,31.0047,53.8539,92982,10,1.0
naive_prefilter,verified=true AND overall>=5.0,0.37,0.4799,10,32,22.4047,31.0059,53.4105,92982,10,1.0
naive_prefilter,verified=true AND overall>=5.0,0.37,0.4799,10,33,22.2985,31.8587,54.1572,92982,10,1.0
naive_prefilter,verified=true AND overall>=5.0,0.37,0.4799,10,34,22.4371,31.2641,53.7013,92982,10,1.0
naive_prefilter,verified=true AND overall>=5.0,0.37,0.4799,10,35,22.7821,31.1177,53.8998,92982,10,1.0
naive_prefilter,verified=true AND overall>=5.0,0.37,0.4799,10,36,22.5164,31.1147,53.631,92982,10,1.0
naive_prefilter,verified=true AND overall>=5.0,0.37,0.4799,10,37,22.2087,31.0958,53.3045,92982,10,1.0
naive_prefilter,verified=true AND overall>=5.0,0.37,0.4799,10,38,22.2102,31.1522,53.3624,92982,10,1.0
naive_prefilter,verified=true AND overall>=5.0,0.37,0.4799,10,39,22.3981,31.0355,53.4335,92982,10,1.0
naive_prefilter,verified=true AND overall>=5.0,0.37,0.4799,10,40,22.3095,31.0026,53.3122,92982,10,1.0
naive_prefilter,verified=true AND overall>=5.0,0.37,0.4799,10,41,22.2352,31.0348,53.27,92982,10,1.0
naive_prefilter,verified=true AND overall>=5.0,0.37,0.4799,10,42,22.2312,31.1662,53.3975,92982,10,1.0
naive_prefilter,verified=true AND overall>=5.0,0.37,0.4799,10,43,22.1695,31.0685,53.238,92982,10,1.0
naive_prefilter,verified=true AND overall>=5.0,0.37,0.4799,10,44,22.1687,31.4377,53.6064,92982,10,1.0
naive_prefilter,verified=true AND overall>=5.0,0.37,0.4799,10,45,22.1308,31.1029,53.2337,92982,10,1.0
naive_prefilter,verified=true AND overall>=5.0,0.37,0.4799,10,46,22.1071,31.2181,53.3252,92982,10,1.0
naive_prefilter,verified=true AND overall>=5.0,0.37,0.4799,10,47,22.1184,31.1045,53.2229,92982,10,0.0
naive_prefilter,verified=true AND overall>=5.0,0.37,0.4799,10,48,22.106,31.0766,53.1825,92982,10,1.0
naive_prefilter,verified=true AND overall>=5.0,0.37,0.4799,10,49,22.0008,31.1113,53.1121,92982,10,1.0
post_filter,verified=true AND overall>=5.0,0.37,0.4799,10,0,0.0062,0.3396,0.3457,10,10,1.0
post_filter,verified=true AND overall>=5.0,0.37,0.4799,10,1,0.0186,0.8262,0.8448,10,10,1.0
post_filter,verified=true AND overall>=5.0,0.37,0.4799,10,2,0.0173,0.6536,0.671,10,10,0.9
post_filter,verified=true AND overall>=5.0,0.37,0.4799,10,3,0.0137,0.6787,0.6925,10,10,1.0
post_filter,verified=true AND overall>=5.0,0.37,0.4799,10,4,0.0352,0.7605,0.7957,10,10,1.0
post_filter,verified=true AND overall>=5.0,0.37,0.4799,10,5,0.0564,0.6514,0.7078,10,10,1.0
post_filter,verified=true AND overall>=5.0,0.37,0.4799,10,6,0.0515,0.8892,0.9407,10,10,1.0
post_filter,verified=true AND overall>=5.0,0.37,0.4799,10,7,0.0804,0.6561,0.7365,10,10,1.0
post_filter,verified=true AND overall>=5.0,0.37,0.4799,10,8,0.0321,0.9228,0.9549,10,10,1.0
post_filter,verified=true AND overall>=5.0,0.37,0.4799,10,9,0.0214,0.935,0.9564,10,10,1.0
post_filter,verified=true AND overall>=5.0,0.37,0.4799,10,10,0.1209,0.8652,0.9861,10,10,1.0
post_filter,verified=true AND overall>=5.0,0.37,0.4799,10,11,0.025,0.9423,0.9673,10,10,1.0
post_filter,verified=true AND overall>=5.0,0.37,0.4799,10,12,0.0247,0.8098,0.8345,10,10,1.0
post_filter,verified=true AND overall>=5.0,0.37,0.4799,10,13,0.0212,0.7732,0.7943,10,10,1.0
post_filter,verified=true AND overall>=5.0,0.37,0.4799,10,14,0.0333,0.5895,0.6227,10,10,1.0
post_filter,verified=true AND overall>=5.0,0.37,0.4799,10,15,0.0187,0.4567,0.4755,10,10,1.0
post_filter,verified=true AND overall>=5.0,0.37,0.4799,10,16,0.0131,0.8679,0.881,10,10,1.0
post_filter,verified=true AND overall>=5.0,0.37,0.4799,10,17,0.0157,0.6541,0.6698,10,10,1.0
post_filter,verified=true AND overall>=5.0,0.37,0.4799,10,18,0.0821,0.7652,0.8473,10,10,1.0
post_filter,verified=true AND overall>=5.0,0.37,0.4799,10,19,0.0215,0.8247,0.8462,10,10,1.0
post_filter,verified=true AND overall>=5.0,0.37,0.4799,10,20,0.0168,0.5735,0.5903,10,10,1.0
post_filter,verified=true AND overall>=5.0,0.37,0.4799,10,21,0.0285,0.6304,0.6589,10,10,1.0
post_filter,verified=true AND overall>=5.0,0.37,0.4799,10,22,0.0247,0.7027,0.7275,10,10,1.0
post_filter,verified=true AND overall>=5.0,0.37,0.4799,10,23,0.0178,0.6356,0.6534,10,10,1.0
post_filter,verified=true AND overall>=5.0,0.37,0.4799,10,24,0.0399,0.903,0.9429,10,10,1.0
post_filter,verified=true AND overall>=5.0,0.37,0.4799,10,25,0.0144,0.2805,0.2948,10,10,0.7
post_filter,verified=true AND overall>=5.0,0.37,0.4799,10,26,0.0178,0.8392,0.857,10,10,1.0
post_filter,verified=true AND overall>=5.0,0.37,0.4799,10,27,0.066,0.8051,0.8711,10,10,1.0
post_filter,verified=true AND overall>=5.0,0.37,0.4799,10,28,0.0226,0.8253,0.8478,10,10,1.0
post_filter,verified=true AND overall>=5.0,0.37,0.4799,10,29,0.021,0.5015,0.5225,10,10,1.0
post_filter,verified=true AND overall>=5.0,0.37,0.4799,10,30,0.0101,0.389,0.399,10,10,0.0
post_filter,verified=true AND overall>=5.0,0.37,0.4799,10,31,0.0155,0.7781,0.7937,10,10,1.0
post_filter,verified=true AND overall>=5.0,0.37,0.4799,10,32,0.2363,0.6054,0.8417,10,10,0.8
post_filter,verified=true AND overall>=5.0,0.37,0.4799,10,33,0.0187,0.4637,0.4824,10,10,1.0
post_filter,verified=true AND overall>=5.0,0.37,0.4799,10,34,0.0171,0.7652,0.7823,10,10,1.0
post_filter,verified=true AND overall>=5.0,0.37,0.4799,10,35,0.0415,0.7857,0.8272,10,10,1.0
post_filter,verified=true AND overall>=5.0,0.37,0.4799,10,36,0.0532,0.6712,0.7244,10,10,0.9
post_filter,verified=true AND overall>=5.0,0.37,0.4799,10,37,0.0131,0.6145,0.6275,10,10,1.0
post_filter,verified=true AND overall>=5.0,0.37,0.4799,10,38,0.0458,0.9516,0.9974,10,10,0.9
post_filter,verified=true AND overall>=5.0,0.37,0.4799,10,39,0.0138,0.4609,0.4747,10,10,1.0
post_filter,verified=true AND overall>=5.0,0.37,0.4799,10,40,0.0206,0.9257,0.9463,10,10,1.0
post_filter,verified=true AND overall>=5.0,0.37,0.4799,10,41,0.2772,0.5206,0.7978,10,10,1.0
post_filter,verified=true AND overall>=5.0,0.37,0.4799,10,42,0.0341,0.7693,0.8033,10,10,0.9
post_filter,verified=true AND overall>=5.0,0.37,0.4799,10,43,0.0129,0.4043,0.4171,10,10,0.7
post_filter,verified=true AND overall>=5.0,0.37,0.4799,10,44,0.2934,0.5745,0.8679,10,10,1.0
post_filter,verified=true AND overall>=5.0,0.37,0.4799,10,45,0.0128,0.8355,0.8483,10,10,1.0
post_filter,verified=true AND overall>=5.0,0.37,0.4799,10,46,0.0168,0.686,0.7027,10,10,1.0
post_filter,verified=true AND overall>=5.0,0.37,0.4799,10,47,0.0119,0.24,0.252,10,10,0.0
post_filter,verified=true AND overall>=5.0,0.37,0.4799,10,48,0.0161,0.8177,0.8338,10,10,1.0
post_filter,verified=true AND overall>=5.0,0.37,0.4799,10,49,0.0129,0.3991,0.412,10,10,1.0
bitmap_prefilter,verified=true AND overall>=5.0,0.37,0.4799,10,0,0.1071,29.5653,29.6725,92982,10,1.0
bitmap_prefilter,verified=true AND overall>=5.0,0.37,0.4799,10,1,0.1071,29.6093,29.7164,92982,10,1.0
bitmap_prefilter,verified=true AND overall>=5.0,0.37,0.4799,10,2,0.1041,29.7288,29.8329,92982,10,1.0
bitmap_prefilter,verified=true AND overall>=5.0,0.37,0.4799,10,3,0.097,29.4944,29.5914,92982,10,1.0
bitmap_prefilter,verified=true AND overall>=5.0,0.37,0.4799,10,4,0.0983,29.5377,29.636,92982,10,1.0
bitmap_prefilter,verified=true AND overall>=5.0,0.37,0.4799,10,5,0.0927,29.598,29.6906,92982,10,1.0
bitmap_prefilter,verified=true AND overall>=5.0,0.37,0.4799,10,6,0.0926,29.6212,29.7138,92982,10,1.0
bitmap_prefilter,verified=true AND overall>=5.0,0.37,0.4799,10,7,0.1006,29.5472,29.6478,92982,10,1.0
bitmap_prefilter,verified=true AND overall>=5.0,0.37,0.4799,10,8,0.0935,29.633,29.7265,92982,10,1.0
bitmap_prefilter,verified=true AND overall>=5.0,0.37,0.4799,10,9,0.0902,29.521,29.6113,92982,10,1.0
bitmap_prefilter,verified=true AND overall>=5.0,0.37,0.4799,10,10,0.0902,29.512,29.6022,92982,10,1.0
bitmap_prefilter,verified=true AND overall>=5.0,0.37,0.4799,10,11,0.0892,29.58,29.6693,92982,10,1.0
bitmap_prefilter,verified=true AND overall>=5.0,0.37,0.4799,10,12,0.0897,29.6038,29.6935,92982,10,1.0
bitmap_prefilter,verified=true AND overall>=5.0,0.37,0.4799,10,13,0.0928,29.6324,29.7252,92982,10,1.0
bitmap_prefilter,verified=true AND overall>=5.0,0.37,0.4799,10,14,0.091,29.7035,29.7945,92982,10,1.0
bitmap_prefilter,verified=true AND overall>=5.0,0.37,0.4799,10,15,0.0965,29.5227,29.6192,92982,10,1.0
bitmap_prefilter,verified=true AND overall>=5.0,0.37,0.4799,10,16,0.0889,29.6365,29.7254,92982,10,1.0
bitmap_prefilter,verified=true AND overall>=5.0,0.37,0.4799,10,17,0.0973,29.4814,29.5787,92982,10,1.0
bitmap_prefilter,verified=true AND overall>=5.0,0.37,0.4799,10,18,0.0921,29.5332,29.6253,92982,10,1.0
bitmap_prefilter,verified=true AND overall>=5.0,0.37,0.4799,10,19,0.0902,29.554,29.6442,92982,10,1.0
bitmap_prefilter,verified=true AND overall>=5.0,0.37,0.4799,10,20,0.0907,29.4951,29.5858,92982,10,1.0
bitmap_prefilter,verified=true AND overall>=5.0,0.37,0.4799,10,21,0.0904,29.4794,29.5698,92982,10,1.0
bitmap_prefilter,verified=true AND overall>=5.0,0.37,0.4799,10,22,0.0908,29.7618,29.8526,92982,10,1.0
bitmap_prefilter,verified=true AND overall>=5.0,0.37,0.4799,10,23,0.0896,29.5372,29.6268,92982,10,1.0
bitmap_prefilter,verified=true AND overall>=5.0,0.37,0.4799,10,24,0.0892,29.4743,29.5635,92982,10,1.0
bitmap_prefilter,verified=true AND overall>=5.0,0.37,0.4799,10,25,0.0875,29.5575,29.645,92982,10,1.0
bitmap_prefilter,verified=true AND overall>=5.0,0.37,0.4799,10,26,0.0892,29.4664,29.5555,92982,10,1.0
bitmap_prefilter,verified=true AND overall>=5.0,0.37,0.4799,10,27,0.0889,29.5183,29.6072,92982,10,1.0
bitmap_prefilter,verified=true AND overall>=5.0,0.37,0.4799,10,28,0.0887,29.5356,29.6243,92982,10,1.0
bitmap_prefilter,verified=true AND overall>=5.0,0.37,0.4799,10,29,0.0878,29.5852,29.673,92982,10,1.0
bitmap_prefilter,verified=true AND overall>=5.0,0.37,0.4799,10,30,0.1009,29.6236,29.7245,92982,10,1.0
bitmap_prefilter,verified=true AND overall>=5.0,0.37,0.4799,10,31,0.094,29.552,29.646,92982,10,1.0
bitmap_prefilter,verified=true AND overall>=5.0,0.37,0.4799,10,32,0.0913,29.6788,29.7701,92982,10,1.0
bitmap_prefilter,verified=true AND overall>=5.0,0.37,0.4799,10,33,0.0901,29.8982,29.9883,92982,10,1.0
bitmap_prefilter,verified=true AND overall>=5.0,0.37,0.4799,10,34,0.0926,29.6464,29.739,92982,10,1.0
bitmap_prefilter,verified=true AND overall>=5.0,0.37,0.4799,10,35,0.0898,29.584,29.6737,92982,10,1.0
bitmap_prefilter,verified=true AND overall>=5.0,0.37,0.4799,10,36,0.1021,29.5617,29.6638,92982,10,1.0
bitmap_prefilter,verified=true AND overall>=5.0,0.37,0.4799,10,37,0.0953,29.5036,29.5988,92982,10,1.0
bitmap_prefilter,verified=true AND overall>=5.0,0.37,0.4799,10,38,0.0927,29.5266,29.6193,92982,10,1.0
bitmap_prefilter,verified=true AND overall>=5.0,0.37,0.4799,10,39,0.0912,29.5055,29.5967,92982,10,1.0
bitmap_prefilter,verified=true AND overall>=5.0,0.37,0.4799,10,40,0.0946,29.4914,29.586,92982,10,1.0
bitmap_prefilter,verified=true AND overall>=5.0,0.37,0.4799,10,41,0.09,29.5122,29.6022,92982,10,1.0
bitmap_prefilter,verified=true AND overall>=5.0,0.37,0.4799,10,42,0.0895,29.4723,29.5617,92982,10,1.0
bitmap_prefilter,verified=true AND overall>=5.0,0.37,0.4799,10,43,0.0892,29.5455,29.6346,92982,10,1.0
bitmap_prefilter,verified=true AND overall>=5.0,0.37,0.4799,10,44,0.0878,29.7279,29.8157,92982,10,1.0
bitmap_prefilter,verified=true AND overall>=5.0,0.37,0.4799,10,45,0.0894,29.5883,29.6777,92982,10,1.0
bitmap_prefilter,verified=true AND overall>=5.0,0.37,0.4799,10,46,0.0998,29.56,29.6598,92982,10,1.0
bitmap_prefilter,verified=true AND overall>=5.0,0.37,0.4799,10,47,0.0889,29.547,29.636,92982,10,0.0
bitmap_prefilter,verified=true AND overall>=5.0,0.37,0.4799,10,48,0.0882,29.728,29.8162,92982,10,1.0
bitmap_prefilter,verified=true AND overall>=5.0,0.37,0.4799,10,49,0.0883,29.534,29.6223,92982,10,1.0
brute_force,verified=true AND overall>=5.0,0.37,0.4799,50,0,0.0798,24.7948,24.8746,50,50,1.0
brute_force,verified=true AND overall>=5.0,0.37,0.4799,50,1,0.0907,24.8265,24.9171,50,50,1.0
brute_force,verified=true AND overall>=5.0,0.37,0.4799,50,2,0.0898,25.1675,25.2574,50,50,1.0
brute_force,verified=true AND overall>=5.0,0.37,0.4799,50,3,0.0805,25.3834,25.4639,50,50,1.0
brute_force,verified=true AND overall>=5.0,0.37,0.4799,50,4,0.1989,25.3325,25.5314,50,50,1.0
brute_force,verified=true AND overall>=5.0,0.37,0.4799,50,5,0.2002,25.2729,25.4731,50,50,0.98
brute_force,verified=true AND overall>=5.0,0.37,0.4799,50,6,0.1732,25.0229,25.196,50,50,1.0
brute_force,verified=true AND overall>=5.0,0.37,0.4799,50,7,0.3278,24.7845,25.1123,50,50,1.0
brute_force,verified=true AND overall>=5.0,0.37,0.4799,50,8,0.1662,24.7872,24.9534,50,50,1.0
brute_force,verified=true AND overall>=5.0,0.37,0.4799,50,9,0.1024,24.7585,24.861,50,50,1.0
brute_force,verified=true AND overall>=5.0,0.37,0.4799,50,10,0.1277,24.7359,24.8636,50,50,1.0
brute_force,verified=true AND overall>=5.0,0.37,0.4799,50,11,0.1329,24.8335,24.9663,50,50,1.0
brute_force,verified=true AND overall>=5.0,0.37,0.4799,50,12,0.0788,24.9445,25.0233,50,50,1.0
brute_force,verified=true AND overall>=5.0,0.37,0.4799,50,13,0.0722,24.8681,24.9402,50,50,1.0
brute_force,verified=true AND overall>=5.0,0.37,0.4799,50,14,0.1856,24.8702,25.0558,50,50,1.0
brute_force,verified=true AND overall>=5.0,0.37,0.4799,50,15,0.0884,24.837,24.9253,50,50,1.0
brute_force,verified=true AND overall>=5.0,0.37,0.4799,50,16,0.0781,24.757,24.8351,50,50,1.0
brute_force,verified=true AND overall>=5.0,0.37,0.4799,50,17,0.0831,24.5732,24.6563,50,50,1.0
brute_force,verified=true AND overall>=5.0,0.37,0.4799,50,18,0.2458,24.52,24.7658,50,50,1.0
brute_force,verified=true AND overall>=5.0,0.37,0.4799,50,19,0.1051,24.5151,24.6202,50,50,1.0
brute_force,verified=true AND overall>=5.0,0.37,0.4799,50,20,0.0753,24.5825,24.6578,50,50,1.0
brute_force,verified=true AND overall>=5.0,0.37,0.4799,50,21,0.0987,24.491,24.5897,50,50,1.0
brute_force,verified=true AND overall>=5.0,0.37,0.4799,50,22,0.1194,24.4232,24.5426,50,50,1.0
brute_force,verified=true AND overall>=5.0,0.37,0.4799,50,23,0.0754,24.6258,24.7012,50,50,1.0
brute_force,verified=true AND overall>=5.0,0.37,0.4799,50,24,0.1493,24.3964,24.5456,50,50,1.0
brute_force,verified=true AND overall>=5.0,0.37,0.4799,50,25,0.0705,24.511,24.5815,50,50,1.0
brute_force,verified=true AND overall>=5.0,0.37,0.4799,50,26,0.1096,24.4566,24.5662,50,50,1.0
brute_force,verified=true AND overall>=5.0,0.37,0.4799,50,27,0.2341,24.5096,24.7437,50,50,1.0
brute_force,verified=true AND overall>=5.0,0.37,0.4799,50,28,0.1356,24.5102,24.6457,50,50,1.0
brute_force,verified=true AND overall>=5.0,0.37,0.4799,50,29,0.0934,24.5815,24.6749,50,50,1.0
brute_force,verified=true AND overall>=5.0,0.37,0.4799,50,30,0.0725,24.4798,24.5523,50,50,1.0
brute_force,verified=true AND overall>=5.0,0.37,0.4799,50,31,0.088,24.5962,24.6842,50,50,1.0
brute_force,verified=true AND overall>=5.0,0.37,0.4799,50,32,0.8207,24.6689,25.4896,50,50,1.0
brute_force,verified=true AND overall>=5.0,0.37,0.4799,50,33,0.0963,24.6925,24.7888,50,50,1.0
brute_force,verified=true AND overall>=5.0,0.37,0.4799,50,34,0.0925,24.4985,24.591,50,50,1.0
brute_force,verified=true AND overall>=5.0,0.37,0.4799,50,35,0.1958,24.4969,24.6928,50,50,1.0
brute_force,verified=true AND overall>=5.0,0.37,0.4799,50,36,0.1998,24.5174,24.7172,50,50,1.0
brute_force,verified=true AND overall>=5.0,0.37,0.4799,50,37,0.0668,24.6036,24.6704,50,50,1.0
brute_force,verified=true AND overall>=5.0,0.37,0.4799,50,38,0.189,24.4099,24.5989,50,50,1.0
brute_force,verified=true AND overall>=5.0,0.37,0.4799,50,39,0.0704,24.6122,24.6826,50,50,1.0
brute_force,verified=true AND overall>=5.0,0.37,0.4799,50,40,0.149,24.4219,24.5709,50,50,1.0
brute_force,verified=true AND overall>=5.0,0.37,0.4799,50,41,0.7872,24.5485,25.3357,50,50,1.0
brute_force,verified=true AND overall>=5.0,0.37,0.4799,50,42,0.1565,24.3962,24.5528,50,50,1.0
brute_force,verified=true AND overall>=5.0,0.37,0.4799,50,43,0.078,24.6417,24.7197,50,50,0.96
brute_force,verified=true AND overall>=5.0,0.37,0.4799,50,44,1.2652,24.6071,25.8723,50,50,1.0
brute_force,verified=true AND overall>=5.0,0.37,0.4799,50,45,0.0931,24.8242,24.9173,50,50,1.0
brute_force,verified=true AND overall>=5.0,0.37,0.4799,50,46,0.1053,25.0569,25.1621,50,50,1.0
brute_force,verified=true AND overall>=5.0,0.37,0.4799,50,47,0.082,25.1915,25.2735,50,50,1.0
brute_force,verified=true AND overall>=5.0,0.37,0.4799,50,48,0.0847,24.6249,24.7096,50,50,1.0
brute_force,verified=true AND overall>=5.0,0.37,0.4799,50,49,0.0725,24.6363,24.7089,50,50,1.0
naive_prefilter,verified=true AND overall>=5.0,0.37,0.4799,50,0,22.6769,31.2406,53.9175,92982,50,1.0
naive_prefilter,verified=true AND overall>=5.0,0.37,0.4799,50,1,22.5442,31.1025,53.6466,92982,50,1.0
naive_prefilter,verified=true AND overall>=5.0,0.37,0.4799,50,2,22.4571,31.38,53.8371,92982,50,1.0
naive_prefilter,verified=true AND overall>=5.0,0.37,0.4799,50,3,22.3853,31.1174,53.5027,92982,50,1.0
naive_prefilter,verified=true AND overall>=5.0,0.37,0.4799,50,4,22.3266,31.2091,53.5357,92982,50,1.0
naive_prefilter,verified=true AND overall>=5.0,0.37,0.4799,50,5,22.4064,31.1569,53.5633,92982,50,0.98
naive_prefilter,verified=true AND overall>=5.0,0.37,0.4799,50,6,22.4215,31.1639,53.5853,92982,50,1.0
naive_prefilter,verified=true AND overall>=5.0,0.37,0.4799,50,7,22.4384,31.088,53.5264,92982,50,1.0
naive_prefilter,verified=true AND overall>=5.0,0.37,0.4799,50,8,22.4608,31.0602,53.521,92982,50,1.0
naive_prefilter,verified=true AND overall>=5.0,0.37,0.4799,50,9,22.4261,31.1494,53.5755,92982,50,1.0
naive_prefilter,verified=true AND overall>=5.0,0.37,0.4799,50,10,22.4471,31.0805,53.5276,92982,50,1.0
naive_prefilter,verified=true AND overall>=5.0,0.37,0.4799,50,11,22.4254,31.0772,53.5026,92982,50,1.0
naive_prefilter,verified=true AND overall>=5.0,0.37,0.4799,50,12,22.7209,32.097,54.8179,92982,50,1.0
naive_prefilter,verified=true AND overall>=5.0,0.37,0.4799,50,13,22.4365,31.067,53.5036,92982,50,1.0
naive_prefilter,verified=true AND overall>=5.0,0.37,0.4799,50,14,22.3181,31.0893,53.4074,92982,50,1.0
naive_prefilter,verified=true AND overall>=5.0,0.37,0.4799,50,15,22.3722,31.0919,53.4641,92982,50,1.0
naive_prefilter,verified=true AND overall>=5.0,0.37,0.4799,50,16,22.443,31.1268,53.5699,92982,50,1.0
naive_prefilter,verified=true AND overall>=5.0,0.37,0.4799,50,17,22.5484,31.0189,53.5673,92982,50,1.0
naive_prefilter,verified=true AND overall>=5.0,0.37,0.4799,50,18,22.407,31.1394,53.5463,92982,50,1.0
naive_prefilter,verified=true AND overall>=5.0,0.37,0.4799,50,19,22.4576,31.0242,53.4819,92982,50,1.0
naive_prefilter,verified=true AND overall>=5.0,0.37,0.4799,50,20,22.472,30.9458,53.4177,92982,50,1.0
naive_prefilter,verified=true AND overall>=5.0,0.37,0.4799,50,21,22.5308,30.9932,53.5239,92982,50,1.0
naive_prefilter,verified=true AND overall>=5.0,0.37,0.4799,50,22,22.52,30.9606,53.4806,92982,50,1.0
naive_prefilter,verified=true AND overall>=5.0,0.37,0.4799,50,23,22.5103,31.1762,53.6865,92982,50,1.0
naive_prefilter,verified=true AND overall>=5.0,0.37,0.4799,50,24,22.5373,31.0085,53.5458,92982,50,1.0
naive_prefilter,verified=true AND overall>=5.0,0.37,0.4799,50,25,22.5724,31.6045,54.177,92982,50,1.0
naive_prefilter,verified=true AND overall>=5.0,0.37,0.4799,50,26,22.5799,31.2053,53.7852,92982,50,1.0
naive_prefilter,verified=true AND overall>=5.0,0.37,0.4799,50,27,22.5561,31.2174,53.7735,92982,50,1.0
naive_prefilter,verified=true AND overall>=5.0,0.37,0.4799,50,28,22.5224,31.1945,53.7169,92982,50,1.0
naive_prefilter,verified=true AND overall>=5.0,0.37,0.4799,50,29,22.3942,31.123,53.5172,92982,50,1.0
naive_prefilter,verified=true AND overall>=5.0,0.37,0.4799,50,30,22.4348,31.3132,53.748,92982,50,1.0
naive_prefilter,verified=true AND overall>=5.0,0.37,0.4799,50,31,22.4845,31.2347,53.7192,92982,50,1.0
naive_prefilter,verified=true AND overall>=5.0,0.37,0.4799,50,32,22.4375,31.4155,53.853,92982,50,1.0
naive_prefilter,verified=true AND overall>=5.0,0.37,0.4799,50,33,22.3929,31.2413,53.6342,92982,50,1.0
naive_prefilter,verified=true AND overall>=5.0,0.37,0.4799,50,34,22.4339,31.4658,53.8998,92982,50,1.0
naive_prefilter,verified=true AND overall>=5.0,0.37,0.4799,50,35,22.6485,31.1267,53.7752,92982,50,1.0
naive_prefilter,verified=true AND overall>=5.0,0.37,0.4799,50,36,22.6015,31.0855,53.687,92982,50,1.0
naive_prefilter,verified=true AND overall>=5.0,0.37,0.4799,50,37,22.4916,31.0625,53.5541,92982,50,1.0
naive_prefilter,verified=true AND overall>=5.0,0.37,0.4799,50,38,22.28,30.987,53.267,92982,50,1.0
naive_prefilter,verified=true AND overall>=5.0,0.37,0.4799,50,39,22.1812,31.0545,53.2357,92982,50,1.0
naive_prefilter,verified=true AND overall>=5.0,0.37,0.4799,50,40,22.2428,31.036,53.2787,92982,50,1.0
naive_prefilter,verified=true AND overall>=5.0,0.37,0.4799,50,41,22.266,31.1613,53.4273,92982,50,1.0
naive_prefilter,verified=true AND overall>=5.0,0.37,0.4799,50,42,22.2398,31.1484,53.3882,92982,50,1.0
naive_prefilter,verified=true AND overall>=5.0,0.37,0.4799,50,43,22.1934,31.0877,53.2811,92982,50,0.96
naive_prefilter,verified=true AND overall>=5.0,0.37,0.4799,50,44,22.2518,31.1104,53.3621,92982,50,1.0
naive_prefilter,verified=true AND overall>=5.0,0.37,0.4799,50,45,22.3354,31.057,53.3924,92982,50,1.0
naive_prefilter,verified=true AND overall>=5.0,0.37,0.4799,50,46,22.351,31.0484,53.3995,92982,50,1.0
naive_prefilter,verified=true AND overall>=5.0,0.37,0.4799,50,47,22.2765,31.0113,53.2878,92982,50,0.0
naive_prefilter,verified=true AND overall>=5.0,0.37,0.4799,50,48,22.2552,31.0292,53.2844,92982,50,1.0
naive_prefilter,verified=true AND overall>=5.0,0.37,0.4799,50,49,22.263,31.0642,53.3272,92982,50,1.0
post_filter,verified=true AND overall>=5.0,0.37,0.4799,50,0,0.0298,0.4954,0.5252,50,50,1.0
post_filter,verified=true AND overall>=5.0,0.37,0.4799,50,1,0.0817,1.092,1.1737,50,50,1.0
post_filter,verified=true AND overall>=5.0,0.37,0.4799,50,2,0.0802,0.8268,0.907,50,50,0.98
post_filter,verified=true AND overall>=5.0,0.37,0.4799,50,3,0.0768,0.9509,1.0277,50,50,1.0
post_filter,verified=true AND overall>=5.0,0.37,0.4799,50,4,0.2023,1.1279,1.3302,50,50,0.8
post_filter,verified=true AND overall>=5.0,0.37,0.4799,50,5,0.1867,0.9502,1.137,50,50,0.92
post_filter,verified=true AND overall>=5.0,0.37,0.4799,50,6,0.16,1.1375,1.2975,50,50,1.0
post_filter,verified=true AND overall>=5.0,0.37,0.4799,50,7,0.367,0.8962,1.2632,50,50,0.9
post_filter,verified=true AND overall>=5.0,0.37,0.4799,50,8,0.1577,1.385,1.5427,50,50,1.0
post_filter,verified=true AND overall>=5.0,0.37,0.4799,50,9,0.0878,1.1694,1.2572,50,50,0.98
post_filter,verified=true AND overall>=5.0,0.37,0.4799,50,10,0.1109,1.0301,1.141,50,50,0.96
post_filter,verified=true AND overall>=5.0,0.37,0.4799,50,11,0.1166,1.028,1.1446,50,50,0.98
post_filter,verified=true AND overall>=5.0,0.37,0.4799,50,12,0.0688,0.8279,0.8967,50,50,1.0
post_filter,verified=true AND overall>=5.0,0.37,0.4799,50,13,0.063,0.8582,0.9213,50,50,1.0
post_filter,verified=true AND overall>=5.0,0.37,0.4799,50,14,0.1733,0.6327,0.806,50,50,0.96
post_filter,verified=true AND overall>=5.0,0.37,0.4799,50,15,0.0722,0.5561,0.6283,50,50,1.0
post_filter,verified=true AND overall>=5.0,0.37,0.4799,50,16,0.0659,1.0422,1.108,50,50,1.0
post_filter,verified=true AND overall>=5.0,0.37,0.4799,50,17,0.0711,0.7865,0.8576,50,50,0.98
post_filter,verified=true AND overall>=5.0,0.37,0.4799,50,18,0.2155,0.9188,1.1343,50,50,0.94
post_filter,verified=true AND overall>=5.0,0.37,0.4799,50,19,0.0895,0.9925,1.082,50,50,0.98
post_filter,verified=true AND overall>=5.0,0.37,0.4799,50,20,0.0651,0.6924,0.7575,50,50,1.0
post_filter,verified=true AND overall>=5.0,0.37,0.4799,50,21,0.0834,0.7552,0.8386,50,50,1.0
post_filter,verified=true AND overall>=5.0,0.37,0.4799,50,22,0.1062,0.8054,0.9116,50,50,0.98
post_filter,verified=true AND overall>=5.0,0.37,0.4799,50,23,0.0765,0.7538,0.8303,50,50,1.0
post_filter,verified=true AND overall>=5.0,0.37,0.4799,50,24,0.1417,1.129,1.2706,50,50,0.94
post_filter,verified=true AND overall>=5.0,0.37,0.4799,50,25,0.0708,0.3445,0.4153,50,50,0.94
post_filter,verified=true AND overall>=5.0,0.37,0.4799,50,26,0.0844,0.9853,1.0697,50,50,0.98
post_filter,verified=true AND overall>=5.0,0.37,0.4799,50,27,0.2316,0.9371,1.1687,50,50,1.0
post_filter,verified=true AND overall>=5.0,0.37,0.4799,50,28,0.1337,1.026,1.1596,50,50,0.98
post_filter,verified=true AND overall>=5.0,0.37,0.4799,50,29,0.0854,0.6773,0.7627,50,50,1.0
post_filter,verified=true AND overall>=5.0,0.37,0.4799,50,30,0.0528,0.476,0.5288,50,50,0.0
post_filter,verified=true AND overall>=5.0,0.37,0.4799,50,31,0.0789,0.969,1.0478,50,50,1.0
post_filter,verified=true AND overall>=5.0,0.37,0.4799,50,32,0.6687,0.7512,1.4199,50,50,0.74
post_filter,verified=true AND overall>=5.0,0.37,0.4799,50,33,0.0834,0.5656,0.649,50,50,1.0
post_filter,verified=true AND overall>=5.0,0.37,0.4799,50,34,0.084,0.9487,1.0327,50,50,1.0
post_filter,verified=true AND overall>=5.0,0.37,0.4799,50,35,0.1785,0.9965,1.175,50,50,0.92
post_filter,verified=true AND overall>=5.0,0.37,0.4799,50,36,0.2022,0.7977,0.9999,50,50,0.92
post_filter,verified=true AND overall>=5.0,0.37,0.4799,50,37,0.0592,0.7559,0.8151,50,50,1.0
post_filter,verified=true AND overall>=5.0,0.37,0.4799,50,38,0.1652,1.2202,1.3855,50,50,0.88
post_filter,verified=true AND overall>=5.0,0.37,0.4799,50,39,0.0598,0.5621,0.6219,50,50,1.0
post_filter,verified=true AND overall>=5.0,0.37,0.4799,50,40,0.128,1.2132,1.3412,50,50,0.96
post_filter,verified=true AND overall>=5.0,0.37,0.4799,50,41,0.6089,0.6319,1.2407,50,50,0.66
post_filter,verified=true AND overall>=5.0,0.37,0.4799,50,42,0.1374,1.0069,1.1443,50,50,0.94
post_filter,verified=true AND overall>=5.0,0.37,0.4799,50,43,0.0633,0.4876,0.551,50,50,0.8
post_filter,verified=true AND overall>=5.0,0.37,0.4799,50,44,0.9463,0.7019,1.6482,50,50,0.58
post_filter,verified=true AND overall>=5.0,0.37,0.4799,50,45,0.0786,1.0846,1.1632,50,50,0.96
post_filter,verified=true AND overall>=5.0,0.37,0.4799,50,46,0.0791,0.868,0.9471,50,50,1.0
post_filter,verified=true AND overall>=5.0,0.37,0.4799,50,47,0.0637,0.2887,0.3524,50,50,0.18
post_filter,verified=true AND overall>=5.0,0.37,0.4799,50,48,0.0668,1.0394,1.1062,50,50,0.98
post_filter,verified=true AND overall>=5.0,0.37,0.4799,50,49,0.0566,0.4854,0.542,50,50,0.98
bitmap_prefilter,verified=true AND overall>=5.0,0.37,0.4799,50,0,0.0941,29.5975,29.6916,92982,50,1.0
bitmap_prefilter,verified=true AND overall>=5.0,0.37,0.4799,50,1,0.0934,29.5365,29.6299,92982,50,1.0
bitmap_prefilter,verified=true AND overall>=5.0,0.37,0.4799,50,2,0.0897,29.5061,29.5959,92982,50,1.0
bitmap_prefilter,verified=true AND overall>=5.0,0.37,0.4799,50,3,0.0897,29.5977,29.6874,92982,50,1.0
bitmap_prefilter,verified=true AND overall>=5.0,0.37,0.4799,50,4,0.0899,29.5127,29.6026,92982,50,1.0
bitmap_prefilter,verified=true AND overall>=5.0,0.37,0.4799,50,5,0.0894,29.5436,29.633,92982,50,0.98
bitmap_prefilter,verified=true AND overall>=5.0,0.37,0.4799,50,6,0.0882,29.5503,29.6385,92982,50,1.0
bitmap_prefilter,verified=true AND overall>=5.0,0.37,0.4799,50,7,0.0907,29.4418,29.5325,92982,50,1.0
bitmap_prefilter,verified=true AND overall>=5.0,0.37,0.4799,50,8,0.0886,29.6119,29.7005,92982,50,1.0
bitmap_prefilter,verified=true AND overall>=5.0,0.37,0.4799,50,9,0.105,29.542,29.6471,92982,50,1.0
bitmap_prefilter,verified=true AND overall>=5.0,0.37,0.4799,50,10,0.1032,29.5164,29.6196,92982,50,1.0
bitmap_prefilter,verified=true AND overall>=5.0,0.37,0.4799,50,11,0.0929,29.7334,29.8263,92982,50,1.0
bitmap_prefilter,verified=true AND overall>=5.0,0.37,0.4799,50,12,0.0917,29.6576,29.7493,92982,50,1.0
bitmap_prefilter,verified=true AND overall>=5.0,0.37,0.4799,50,13,0.0905,29.663,29.7535,92982,50,1.0
bitmap_prefilter,verified=true AND overall>=5.0,0.37,0.4799,50,14,0.0925,29.5268,29.6192,92982,50,1.0
bitmap_prefilter,verified=true AND overall>=5.0,0.37,0.4799,50,15,0.0897,29.4943,29.584,92982,50,1.0
bitmap_prefilter,verified=true AND overall>=5.0,0.37,0.4799,50,16,0.0897,29.5475,29.6372,92982,50,1.0
bitmap_prefilter,verified=true AND overall>=5.0,0.37,0.4799,50,17,0.0912,29.4853,29.5765,92982,50,1.0
bitmap_prefilter,verified=true AND overall>=5.0,0.37,0.4799,50,18,0.0886,29.494,29.5826,92982,50,1.0
bitmap_prefilter,verified=true AND overall>=5.0,0.37,0.4799,50,19,0.0877,29.5138,29.6015,92982,50,1.0
bitmap_prefilter,verified=true AND overall>=5.0,0.37,0.4799,50,20,0.0885,29.5137,29.6022,92982,50,1.0
bitmap_prefilter,verified=true AND overall>=5.0,0.37,0.4799,50,21,0.0888,29.6644,29.7532,92982,50,1.0
bitmap_prefilter,verified=true AND overall>=5.0,0.37,0.4799,50,22,0.0888,29.4668,29.5556,92982,50,1.0
bitmap_prefilter,verified=true AND overall>=5.0,0.37,0.4799,50,23,0.0873,29.472,29.5593,92982,50,1.0
bitmap_prefilter,verified=true AND overall>=5.0,0.37,0.4799,50,24,0.0871,29.4994,29.5865,92982,50,1.0
bitmap_prefilter,verified=true AND overall>=5.0,0.37,0.4799,50,25,0.0878,29.5219,29.6097,92982,50,1.0
bitmap_prefilter,verified=true AND overall>=5.0,0.37,0.4799,50,26,0.0893,29.5432,29.6326,92982,50,1.0
bitmap_prefilter,verified=true AND overall>=5.0,0.37,0.4799,50,27,0.095,29.4373,29.5323,92982,50,1.0
bitmap_prefilter,verified=true AND overall>=5.0,0.37,0.4799,50,28,0.087,29.55,29.6371,92982,50,1.0
bitmap_prefilter,verified=true AND overall>=5.0,0.37,0.4799,50,29,0.094,29.7705,29.8645,92982,50,1.0
bitmap_prefilter,verified=true AND overall>=5.0,0.37,0.4799,50,30,0.0878,29.54,29.6278,92982,50,1.0
bitmap_prefilter,verified=true AND overall>=5.0,0.37,0.4799,50,31,0.0876,29.5905,29.6781,92982,50,1.0
bitmap_prefilter,verified=true AND overall>=5.0,0.37,0.4799,50,32,0.088,29.4812,29.5692,92982,50,1.0
bitmap_prefilter,verified=true AND overall>=5.0,0.37,0.4799,50,33,0.0875,29.7951,29.8826,92982,50,1.0
bitmap_prefilter,verified=true AND overall>=5.0,0.37,0.4799,50,34,0.0969,29.5452,29.6421,92982,50,1.0
bitmap_prefilter,verified=true AND overall>=5.0,0.37,0.4799,50,35,0.0893,29.7059,29.7952,92982,50,1.0
bitmap_prefilter,verified=true AND overall>=5.0,0.37,0.4799,50,36,0.0887,29.6088,29.6975,92982,50,1.0
bitmap_prefilter,verified=true AND overall>=5.0,0.37,0.4799,50,37,0.0899,29.6075,29.6974,92982,50,1.0
bitmap_prefilter,verified=true AND overall>=5.0,0.37,0.4799,50,38,0.089,29.5805,29.6695,92982,50,1.0
bitmap_prefilter,verified=true AND overall>=5.0,0.37,0.4799,50,39,0.0893,29.5291,29.6184,92982,50,1.0
bitmap_prefilter,verified=true AND overall>=5.0,0.37,0.4799,50,40,0.0885,29.614,29.7025,92982,50,1.0
bitmap_prefilter,verified=true AND overall>=5.0,0.37,0.4799,50,41,0.0882,29.5462,29.6343,92982,50,1.0
bitmap_prefilter,verified=true AND overall>=5.0,0.37,0.4799,50,42,0.0888,29.7628,29.8516,92982,50,1.0
bitmap_prefilter,verified=true AND overall>=5.0,0.37,0.4799,50,43,0.0883,29.6438,29.7321,92982,50,0.96
bitmap_prefilter,verified=true AND overall>=5.0,0.37,0.4799,50,44,0.0879,29.5547,29.6426,92982,50,1.0
bitmap_prefilter,verified=true AND overall>=5.0,0.37,0.4799,50,45,0.0877,29.6874,29.7752,92982,50,1.0
bitmap_prefilter,verified=true AND overall>=5.0,0.37,0.4799,50,46,0.0881,29.6249,29.713,92982,50,1.0
bitmap_prefilter,verified=true AND overall>=5.0,0.37,0.4799,50,47,0.0882,29.6048,29.693,92982,50,0.0
bitmap_prefilter,verified=true AND overall>=5.0,0.37,0.4799,50,48,0.0883,29.6184,29.7067,92982,50,1.0
bitmap_prefilter,verified=true AND overall>=5.0,0.37,0.4799,50,49,0.0886,29.585,29.6736,92982,50,1.0
brute_force,main_cat='Home Audio & Theater',0.39,0.2277,10,0,0.0264,24.6407,24.6671,10,10,1.0
brute_force,main_cat='Home Audio & Theater',0.39,0.2277,10,1,0.0304,24.5874,24.6178,10,10,1.0
brute_force,main_cat='Home Audio & Theater',0.39,0.2277,10,2,0.092,24.7357,24.8276,10,10,1.0
brute_force,main_cat='Home Audio & Theater',0.39,0.2277,10,3,0.0362,24.9918,25.028,10,10,1.0
brute_force,main_cat='Home Audio & Theater',0.39,0.2277,10,4,0.0512,24.7185,24.7697,10,10,1.0
brute_force,main_cat='Home Audio & Theater',0.39,0.2277,10,5,0.1324,24.7786,24.911,10,10,1.0
brute_force,main_cat='Home Audio & Theater',0.39,0.2277,10,6,0.0271,24.6923,24.7194,10,10,1.0
brute_force,main_cat='Home Audio & Theater',0.39,0.2277,10,7,0.0299,24.7819,24.8118,10,10,1.0
brute_force,main_cat='Home Audio & Theater',0.39,0.2277,10,8,0.0242,24.7103,24.7345,10,10,1.0
brute_force,main_cat='Home Audio & Theater',0.39,0.2277,10,9,0.0306,24.8677,24.8983,10,10,1.0
brute_force,main_cat='Home Audio & Theater',0.39,0.2277,10,10,0.0438,24.7751,24.8189,10,10,1.0
brute_force,main_cat='Home Audio & Theater',0.39,0.2277,10,11,0.0255,24.7964,24.8219,10,10,1.0
brute_force,main_cat='Home Audio & Theater',0.39,0.2277,10,12,0.0228,24.8116,24.8345,10,10,1.0
brute_force,main_cat='Home Audio & Theater',0.39,0.2277,10,13,0.021,24.9566,24.9777,10,10,1.0
brute_force,main_cat='Home Audio & Theater',0.39,0.2277,10,14,0.101,24.7828,24.8838,10,10,1.0
brute_force,main_cat='Home Audio & Theater',0.39,0.2277,10,15,0.3278,25.2225,25.5503,10,10,1.0
brute_force,main_cat='Home Audio & Theater',0.39,0.2277,10,16,0.0489,24.8816,24.9305,10,10,1.0
brute_force,main_cat='Home Audio & Theater',0.39,0.2277,10,17,0.046,24.8147,24.8607,10,10,1.0
brute_force,main_cat='Home Audio & Theater',0.39,0.2277,10,18,0.0739,24.7154,24.7893,10,10,1.0
brute_force,main_cat='Home Audio & Theater',0.39,0.2277,10,19,0.0512,24.7568,24.808,10,10,1.0
brute_force,main_cat='Home Audio & Theater',0.39,0.2277,10,20,0.044,24.8115,24.8554,10,10,1.0
brute_force,main_cat='Home Audio & Theater',0.39,0.2277,10,21,0.1135,24.7833,24.8968,10,10,1.0
brute_force,main_cat='Home Audio & Theater',0.39,0.2277,10,22,0.1321,24.6649,24.797,10,10,1.0
brute_force,main_cat='Home Audio & Theater',0.39,0.2277,10,23,0.0419,24.8145,24.8564,10,10,1.0
brute_force,main_cat='Home Audio & Theater',0.39,0.2277,10,24,0.037,24.6358,24.6727,10,10,1.0
brute_force,main_cat='Home Audio & Theater',0.39,0.2277,10,25,0.0181,24.8348,24.8529,10,10,1.0
brute_force,main_cat='Home Audio & Theater',0.39,0.2277,10,26,0.0677,24.7029,24.7707,10,10,1.0
brute_force,main_cat='Home Audio & Theater',0.39,0.2277,10,27,0.0688,24.6011,24.6699,10,10,1.0
brute_force,main_cat='Home Audio & Theater',0.39,0.2277,10,28,0.0531,24.7792,24.8323,10,10,1.0
brute_force,main_cat='Home Audio & Theater',0.39,0.2277,10,29,0.0239,24.8633,24.8872,10,10,1.0
brute_force,main_cat='Home Audio & Theater',0.39,0.2277,10,30,0.0442,24.7738,24.818,10,10,1.0
brute_force,main_cat='Home Audio & Theater',0.39,0.2277,10,31,0.0368,24.7133,24.7501,10,10,1.0
brute_force,main_cat='Home Audio & Theater',0.39,0.2277,10,32,0.0482,24.8728,24.9209,10,10,1.0
brute_force,main_cat='Home Audio & Theater',0.39,0.2277,10,33,0.1917,24.9075,25.0992,10,10,1.0
brute_force,main_cat='Home Audio & Theater',0.39,0.2277,10,34,0.0237,24.7609,24.7845,10,10,1.0
brute_force,main_cat='Home Audio & Theater',0.39,0.2277,10,35,0.0314,24.6997,24.7311,10,10,1.0
brute_force,main_cat='Home Audio & Theater',0.39,0.2277,10,36,0.1312,24.6265,24.7577,10,10,1.0
brute_force,main_cat='Home Audio & Theater',0.39,0.2277,10,37,0.0379,24.7651,24.803,10,10,1.0
brute_force,main_cat='Home Audio & Theater',0.39,0.2277,10,38,0.0404,24.6699,24.7103,10,10,1.0
brute_force,main_cat='Home Audio & Theater',0.39,0.2277,10,39,0.0349,24.725,24.7599,10,10,1.0
brute_force,main_cat='Home Audio & Theater',0.39,0.2277,10,40,0.0438,24.613,24.6569,10,10,1.0
brute_force,main_cat='Home Audio & Theater',0.39,0.2277,10,41,0.0315,24.7662,24.7977,10,10,1.0
brute_force,main_cat='Home Audio & Theater',0.39,0.2277,10,42,0.0265,24.6295,24.656,10,10,1.0
brute_force,main_cat='Home Audio & Theater',0.39,0.2277,10,43,0.0466,24.7627,24.8094,10,10,1.0
brute_force,main_cat='Home Audio & Theater',0.39,0.2277,10,44,0.066,24.7839,24.8499,10,10,1.0
brute_force,main_cat='Home Audio & Theater',0.39,0.2277,10,45,0.0338,24.7648,24.7986,10,10,1.0
brute_force,main_cat='Home Audio & Theater',0.39,0.2277,10,46,0.0284,25.9535,25.9819,10,10,1.0
brute_force,main_cat='Home Audio & Theater',0.39,0.2277,10,47,0.0351,25.0995,25.1346,10,10,1.0
brute_force,main_cat='Home Audio & Theater',0.39,0.2277,10,48,0.0513,24.7992,24.8505,10,10,1.0
brute_force,main_cat='Home Audio & Theater',0.39,0.2277,10,49,0.0435,24.8454,24.8889,10,10,1.0
naive_prefilter,main_cat='Home Audio & Theater',0.39,0.2277,10,0,15.4011,13.2364,28.6375,44126,10,1.0
naive_prefilter,main_cat='Home Audio & Theater',0.39,0.2277,10,1,15.2114,13.2747,28.4861,44126,10,1.0
naive_prefilter,main_cat='Home Audio & Theater',0.39,0.2277,10,2,15.0833,13.2599,28.3432,44126,10,1.0
naive_prefilter,main_cat='Home Audio & Theater',0.39,0.2277,10,3,15.3143,13.2902,28.6044,44126,10,1.0
naive_prefilter,main_cat='Home Audio & Theater',0.39,0.2277,10,4,15.1936,13.2504,28.444,44126,10,1.0
naive_prefilter,main_cat='Home Audio & Theater',0.39,0.2277,10,5,15.2407,13.307,28.5477,44126,10,1.0
naive_prefilter,main_cat='Home Audio & Theater',0.39,0.2277,10,6,14.9629,13.2614,28.2243,44126,10,1.0
naive_prefilter,main_cat='Home Audio & Theater',0.39,0.2277,10,7,15.2373,13.2105,28.4478,44126,10,1.0
naive_prefilter,main_cat='Home Audio & Theater',0.39,0.2277,10,8,15.0993,13.2527,28.3521,44126,10,1.0
naive_prefilter,main_cat='Home Audio & Theater',0.39,0.2277,10,9,15.1279,13.1951,28.323,44126,10,1.0
naive_prefilter,main_cat='Home Audio & Theater',0.39,0.2277,10,10,15.121,13.2275,28.3485,44126,10,1.0
naive_prefilter,main_cat='Home Audio & Theater',0.39,0.2277,10,11,14.9954,13.2832,28.2785,44126,10,1.0
naive_prefilter,main_cat='Home Audio & Theater',0.39,0.2277,10,12,14.9063,13.2962,28.2025,44126,10,1.0
naive_prefilter,main_cat='Home Audio & Theater',0.39,0.2277,10,13,14.7971,13.532,28.3291,44126,10,1.0
naive_prefilter,main_cat='Home Audio & Theater',0.39,0.2277,10,14,14.9039,13.2475,28.1513,44126,10,1.0
naive_prefilter,main_cat='Home Audio & Theater',0.39,0.2277,10,15,14.9427,13.27,28.2128,44126,10,1.0
naive_prefilter,main_cat='Home Audio & Theater',0.39,0.2277,10,16,15.2396,13.4072,28.6468,44126,10,1.0
naive_prefilter,main_cat='Home Audio & Theater',0.39,0.2277,10,17,15.2516,13.2583,28.5099,44126,10,1.0
naive_prefilter,main_cat='Home Audio & Theater',0.39,0.2277,10,18,14.7704,13.2986,28.069,44126,10,1.0
naive_prefilter,main_cat='Home Audio & Theater',0.39,0.2277,10,19,14.932,13.3371,28.269,44126,10,1.0
naive_prefilter,main_cat='Home Audio & Theater',0.39,0.2277,10,20,15.0456,13.2645,28.3101,44126,10,1.0
naive_prefilter,main_cat='Home Audio & Theater',0.39,0.2277,10,21,14.6846,13.2348,27.9194,44126,10,1.0
naive_prefilter,main_cat='Home Audio & Theater',0.39,0.2277,10,22,15.0659,13.2388,28.3047,44126,10,1.0
naive_prefilter,main_cat='Home Audio & Theater',0.39,0.2277,10,23,15.0112,13.3013,28.3125,44126,10,1.0
naive_prefilter,main_cat='Home Audio & Theater',0.39,0.2277,10,24,15.1502,13.2486,28.3988,44126,10,1.0
naive_prefilter,main_cat='Home Audio & Theater',0.39,0.2277,10,25,14.8055,13.2423,28.0478,44126,10,1.0
naive_prefilter,main_cat='Home Audio & Theater',0.39,0.2277,10,26,14.8534,13.2606,28.114,44126,10,1.0
naive_prefilter,main_cat='Home Audio & Theater',0.39,0.2277,10,27,15.0705,13.2681,28.3385,44126,10,1.0
naive_prefilter,main_cat='Home Audio & Theater',0.39,0.2277,10,28,14.7467,13.1942,27.941,44126,10,1.0
naive_prefilter,main_cat='Home Audio & Theater',0.39,0.2277,10,29,15.1078,13.373,28.4808,44126,10,1.0
naive_prefilter,main_cat='Home Audio & Theater',0.39,0.2277,10,30,15.0034,13.2519,28.2552,44126,10,1.0
naive_prefilter,main_cat='Home Audio & Theater',0.39,0.2277,10,31,15.045,13.2287,28.2738,44126,10,1.0
naive_prefilter,main_cat='Home Audio & Theater',0.39,0.2277,10,32,15.0404,13.2807,28.3211,44126,10,1.0
naive_prefilter,main_cat='Home Audio & Theater',0.39,0.2277,10,33,15.1585,13.2499,28.4084,44126,10,1.0
naive_prefilter,main_cat='Home Audio & Theater',0.39,0.2277,10,34,14.7802,13.5819,28.3621,44126,10,1.0
naive_prefilter,main_cat='Home Audio & Theater',0.39,0.2277,10,35,15.2445,13.2483,28.4928,44126,10,1.0
naive_prefilter,main_cat='Home Audio & Theater',0.39,0.2277,10,36,14.7998,13.316,28.1158,44126,10,1.0
naive_prefilter,main_cat='Home Audio & Theater',0.39,0.2277,10,37,15.1447,13.2451,28.3898,44126,10,1.0
naive_prefilter,main_cat='Home Audio & Theater',0.39,0.2277,10,38,15.1355,13.2802,28.4157,44126,10,1.0
naive_prefilter,main_cat='Home Audio & Theater',0.39,0.2277,10,39,15.0236,13.2074,28.231,44126,10,1.0
naive_prefilter,main_cat='Home Audio & Theater',0.39,0.2277,10,40,15.2374,13.2787,28.516,44126,10,1.0
naive_prefilter,main_cat='Home Audio & Theater',0.39,0.2277,10,41,14.7829,13.303,28.0859,44126,10,1.0
naive_prefilter,main_cat='Home Audio & Theater',0.39,0.2277,10,42,15.2145,13.2122,28.4267,44126,10,1.0
naive_prefilter,main_cat='Home Audio & Theater',0.39,0.2277,10,43,15.18,13.2935,28.4735,44126,10,1.0
naive_prefilter,main_cat='Home Audio & Theater',0.39,0.2277,10,44,15.0724,13.3142,28.3866,44126,10,1.0
naive_prefilter,main_cat='Home Audio & Theater',0.39,0.2277,10,45,15.1913,13.2569,28.4482,44126,10,1.0
naive_prefilter,main_cat='Home Audio & Theater',0.39,0.2277,10,46,15.1438,13.2362,28.38,44126,10,1.0
naive_prefilter,main_cat='Home Audio & Theater',0.39,0.2277,10,47,14.8781,13.2967,28.1748,44126,10,0.0
naive_prefilter,main_cat='Home Audio & Theater',0.39,0.2277,10,48,15.0642,13.2948,28.359,44126,10,1.0
naive_prefilter,main_cat='Home Audio & Theater',0.39,0.2277,10,49,15.1905,13.2225,28.413,44126,10,1.0
post_filter,main_cat='Home Audio & Theater',0.39,0.2277,10,0,0.0078,0.3589,0.3666,10,10,1.0
post_filter,main_cat='Home Audio & Theater',0.39,0.2277,10,1,0.0225,0.8259,0.8484,10,10,1.0
post_filter,main_cat='Home Audio & Theater',0.39,0.2277,10,2,0.0765,0.6607,0.7372,10,10,1.0
post_filter,main_cat='Home Audio & Theater',0.39,0.2277,10,3,0.0264,0.6816,0.708,10,10,1.0
post_filter,main_cat='Home Audio & Theater',0.39,0.2277,10,4,0.0295,0.7654,0.7949,10,10,1.0
post_filter,main_cat='Home Audio & Theater',0.39,0.2277,10,5,0.1433,0.698,0.8413,10,10,1.0
post_filter,main_cat='Home Audio & Theater',0.39,0.2277,10,6,0.0222,0.8564,0.8786,10,10,1.0
post_filter,main_cat='Home Audio & Theater',0.39,0.2277,10,7,0.0217,0.6302,0.652,10,10,1.0
post_filter,main_cat='Home Audio & Theater',0.39,0.2277,10,8,0.0178,0.9162,0.934,10,10,1.0
post_filter,main_cat='Home Audio & Theater',0.39,0.2277,10,9,0.0244,0.9144,0.9388,10,10,1.0
post_filter,main_cat='Home Audio & Theater',0.39,0.2277,10,10,0.0493,0.9834,1.0326,10,10,1.0
post_filter,main_cat='Home Audio & Theater',0.39,0.2277,10,11,0.0227,0.9196,0.9423,10,10,1.0
post_filter,main_cat='Home Audio & Theater',0.39,0.2277,10,12,0.0211,0.6788,0.6999,10,10,1.0
post_filter,main_cat='Home Audio & Theater',0.39,0.2277,10,13,0.0176,0.823,0.8406,10,10,1.0
post_filter,main_cat='Home Audio & Theater',0.39,0.2277,10,14,0.0907,0.6277,0.7185,10,10,1.0
post_filter,main_cat='Home Audio & Theater',0.39,0.2277,10,15,0.2913,0.4561,0.7474,10,10,0.5
post_filter,main_cat='Home Audio & Theater',0.39,0.2277,10,16,0.0402,0.8452,0.8854,10,10,1.0
post_filter,main_cat='Home Audio & Theater',0.39,0.2277,10,17,0.0367,0.6458,0.6825,10,10,1.0
post_filter,main_cat='Home Audio & Theater',0.39,0.2277,10,18,0.0727,0.7822,0.8549,10,10,1.0
post_filter,main_cat='Home Audio & Theater',0.39,0.2277,10,19,0.0395,0.8013,0.8407,10,10,1.0
post_filter,main_cat='Home Audio & Theater',0.39,0.2277,10,20,0.0336,0.5703,0.6038,10,10,1.0
post_filter,main_cat='Home Audio & Theater',0.39,0.2277,10,21,0.1022,0.6087,0.7109,10,10,0.9
post_filter,main_cat='Home Audio & Theater',0.39,0.2277,10,22,0.1143,0.6544,0.7687,10,10,0.8
post_filter,main_cat='Home Audio & Theater',0.39,0.2277,10,23,0.0324,0.6114,0.6437,10,10,1.0
post_filter,main_cat='Home Audio & Theater',0.39,0.2277,10,24,0.0274,0.8431,0.8705,10,10,1.0
post_filter,main_cat='Home Audio & Theater',0.39,0.2277,10,25,0.015,0.2535,0.2685,10,10,0.6
post_filter,main_cat='Home Audio & Theater',0.39,0.2277,10,26,0.0645,0.7569,0.8215,10,10,0.9
post_filter,main_cat='Home Audio & Theater',0.39,0.2277,10,27,0.0592,0.7263,0.7855,10,10,1.0
post_filter,main_cat='Home Audio & Theater',0.39,0.2277,10,28,0.0385,0.7605,0.7989,10,10,1.0
post_filter,main_cat='Home Audio & Theater',0.39,0.2277,10,29,0.0163,0.4953,0.5116,10,10,1.0
post_filter,main_cat='Home Audio & Theater',0.39,0.2277,10,30,0.0445,0.3873,0.4318,10,10,0.0
post_filter,main_cat='Home Audio & Theater',0.39,0.2277,10,31,0.0304,0.7714,0.8018,10,10,1.0
post_filter,main_cat='Home Audio & Theater',0.39,0.2277,10,32,0.0382,0.6285,0.6667,10,10,1.0
post_filter,main_cat='Home Audio & Theater',0.39,0.2277,10,33,0.1937,0.489,0.6828,10,10,0.6
post_filter,main_cat='Home Audio & Theater',0.39,0.2277,10,34,0.0175,0.7553,0.7728,10,10,1.0
post_filter,main_cat='Home Audio & Theater',0.39,0.2277,10,35,0.0234,0.784,0.8074,10,10,1.0
post_filter,main_cat='Home Audio & Theater',0.39,0.2277,10,36,0.1253,0.7142,0.8395,10,10,1.0
post_filter,main_cat='Home Audio & Theater',0.39,0.2277,10,37,0.0328,0.6465,0.6792,10,10,1.0
post_filter,main_cat='Home Audio & Theater',0.39,0.2277,10,38,0.0304,0.9912,1.0216,10,10,1.0
post_filter,main_cat='Home Audio & Theater',0.39,0.2277,10,39,0.026,0.4571,0.4832,10,10,1.0
post_filter,main_cat='Home Audio & Theater',0.39,0.2277,10,40,0.0332,0.917,0.9502,10,10,1.0
post_filter,main_cat='Home Audio & Theater',0.39,0.2277,10,41,0.0276,0.5329,0.5605,10,10,1.0
post_filter,main_cat='Home Audio & Theater',0.39,0.2277,10,42,0.0216,0.7992,0.8208,10,10,1.0
post_filter,main_cat='Home Audio & Theater',0.39,0.2277,10,43,0.0337,0.4136,0.4473,10,10,0.9
post_filter,main_cat='Home Audio & Theater',0.39,0.2277,10,44,0.0548,0.5995,0.6543,10,10,1.0
post_filter,main_cat='Home Audio & Theater',0.39,0.2277,10,45,0.0275,0.8453,0.8728,10,10,1.0
post_filter,main_cat='Home Audio & Theater',0.39,0.2277,10,46,0.0196,0.6996,0.7192,10,10,1.0
post_filter,main_cat='Home Audio & Theater',0.39,0.2277,10,47,0.0347,0.2441,0.2788,10,10,0.1
post_filter,main_cat='Home Audio & Theater',0.39,0.2277,10,48,0.041,0.8358,0.8768,10,10,1.0
post_filter,main_cat='Home Audio & Theater',0.39,0.2277,10,49,0.0322,0.4176,0.4497,10,10,1.0
bitmap_prefilter,main_cat='Home Audio & Theater',0.39,0.2277,10,0,0.0568,12.6029,12.6597,44126,10,1.0
bitmap_prefilter,main_cat='Home Audio & Theater',0.39,0.2277,10,1,0.0565,12.5961,12.6526,44126,10,1.0
bitmap_prefilter,main_cat='Home Audio & Theater',0.39,0.2277,10,2,0.0498,12.5549,12.6048,44126,10,1.0
bitmap_prefilter,main_cat='Home Audio & Theater',0.39,0.2277,10,3,0.046,12.549,12.5951,44126,10,1.0
bitmap_prefilter,main_cat='Home Audio & Theater',0.39,0.2277,10,4,0.0505,12.5264,12.5769,44126,10,1.0
bitmap_prefilter,main_cat='Home Audio & Theater',0.39,0.2277,10,5,0.0542,12.5432,12.5974,44126,10,1.0
bitmap_prefilter,main_cat='Home Audio & Theater',0.39,0.2277,10,6,0.0449,12.4758,12.5207,44126,10,1.0
bitmap_prefilter,main_cat='Home Audio & Theater',0.39,0.2277,10,7,0.0436,12.4057,12.4493,44126,10,1.0
bitmap_prefilter,main_cat='Home Audio & Theater',0.39,0.2277,10,8,0.0443,12.5218,12.5661,44126,10,1.0
bitmap_prefilter,main_cat='Home Audio & Theater',0.39,0.2277,10,9,0.0455,12.4791,12.5247,44126,10,1.0
bitmap_prefilter,main_cat='Home Audio & Theater',0.39,0.2277,10,10,0.0448,12.4528,12.4976,44126,10,1.0
bitmap_prefilter,main_cat='Home Audio & Theater',0.39,0.2277,10,11,0.0437,12.4387,12.4824,44126,10,1.0
bitmap_prefilter,main_cat='Home Audio & Theater',0.39,0.2277,10,12,0.0435,12.5333,12.5768,44126,10,1.0
bitmap_prefilter,main_cat='Home Audio & Theater',0.39,0.2277,10,13,0.0426,12.4758,12.5184,44126,10,1.0
bitmap_prefilter,main_cat='Home Audio & Theater',0.39,0.2277,10,14,0.0417,12.7343,12.776,44126,10,1.0
bitmap_prefilter,main_cat='Home Audio & Theater',0.39,0.2277,10,15,0.0444,12.4253,12.4696,44126,10,1.0
bitmap_prefilter,main_cat='Home Audio & Theater',0.39,0.2277,10,16,0.0429,12.4927,12.5356,44126,10,1.0
bitmap_prefilter,main_cat='Home Audio & Theater',0.39,0.2277,10,17,0.0433,12.4507,12.494,44126,10,1.0
bitmap_prefilter,main_cat='Home Audio & Theater',0.39,0.2277,10,18,0.0422,12.4736,12.5158,44126,10,1.0
bitmap_prefilter,main_cat='Home Audio & Theater',0.39,0.2277,10,19,0.0433,12.4287,12.472,44126,10,1.0
bitmap_prefilter,main_cat='Home Audio & Theater',0.39,0.2277,10,20,0.0426,12.4728,12.5154,44126,10,1.0
bitmap_prefilter,main_cat='Home Audio & Theater',0.39,0.2277,10,21,0.0432,12.4356,12.4788,44126,10,1.0
bitmap_prefilter,main_cat='Home Audio & Theater',0.39,0.2277,10,22,0.0421,12.5412,12.5833,44126,10,1.0
bitmap_prefilter,main_cat='Home Audio & Theater',0.39,0.2277,10,23,0.0417,12.4085,12.4502,44126,10,1.0
bitmap_prefilter,main_cat='Home Audio & Theater',0.39,0.2277,10,24,0.0418,12.513,12.5547,44126,10,1.0
bitmap_prefilter,main_cat='Home Audio & Theater',0.39,0.2277,10,25,0.0466,12.8677,12.9142,44126,10,1.0
bitmap_prefilter,main_cat='Home Audio & Theater',0.39,0.2277,10,26,0.0448,12.4899,12.5347,44126,10,1.0
bitmap_prefilter,main_cat='Home Audio & Theater',0.39,0.2277,10,27,0.0435,12.439,12.4826,44126,10,1.0
bitmap_prefilter,main_cat='Home Audio & Theater',0.39,0.2277,10,28,0.0433,12.5209,12.5642,44126,10,1.0
bitmap_prefilter,main_cat='Home Audio & Theater',0.39,0.2277,10,29,0.0421,12.4583,12.5005,44126,10,1.0
bitmap_prefilter,main_cat='Home Audio & Theater',0.39,0.2277,10,30,0.0416,12.4272,12.4688,44126,10,1.0
bitmap_prefilter,main_cat='Home Audio & Theater',0.39,0.2277,10,31,0.0422,12.4149,12.4571,44126,10,1.0
bitmap_prefilter,main_cat='Home Audio & Theater',0.39,0.2277,10,32,0.0415,12.4977,12.5392,44126,10,1.0
bitmap_prefilter,main_cat='Home Audio & Theater',0.39,0.2277,10,33,0.0418,12.4622,12.504,44126,10,1.0
bitmap_prefilter,main_cat='Home Audio & Theater',0.39,0.2277,10,34,0.042,12.4724,12.5144,44126,10,1.0
bitmap_prefilter,main_cat='Home Audio & Theater',0.39,0.2277,10,35,0.0416,12.3988,12.4405,44126,10,1.0
bitmap_prefilter,main_cat='Home Audio & Theater',0.39,0.2277,10,36,0.0425,12.8431,12.8856,44126,10,1.0
bitmap_prefilter,main_cat='Home Audio & Theater',0.39,0.2277,10,37,0.0467,12.5374,12.5841,44126,10,1.0
bitmap_prefilter,main_cat='Home Audio & Theater',0.39,0.2277,10,38,0.0431,12.5242,12.5673,44126,10,1.0
bitmap_prefilter,main_cat='Home Audio & Theater',0.39,0.2277,10,39,0.0424,12.4221,12.4645,44126,10,1.0
bitmap_prefilter,main_cat='Home Audio & Theater',0.39,0.2277,10,40,0.0414,12.7948,12.8362,44126,10,1.0
bitmap_prefilter,main_cat='Home Audio & Theater',0.39,0.2277,10,41,0.0416,12.524,12.5656,44126,10,1.0
bitmap_prefilter,main_cat='Home Audio & Theater',0.39,0.2277,10,42,0.0422,12.4673,12.5096,44126,10,1.0
bitmap_prefilter,main_cat='Home Audio & Theater',0.39,0.2277,10,43,0.0417,12.4559,12.4976,44126,10,1.0
bitmap_prefilter,main_cat='Home Audio & Theater',0.39,0.2277,10,44,0.0414,12.52,12.5614,44126,10,1.0
bitmap_prefilter,main_cat='Home Audio & Theater',0.39,0.2277,10,45,0.042,12.4845,12.5265,44126,10,1.0
bitmap_prefilter,main_cat='Home Audio & Theater',0.39,0.2277,10,46,0.0466,12.4374,12.484,44126,10,1.0
bitmap_prefilter,main_cat='Home Audio & Theater',0.39,0.2277,10,47,0.042,12.4071,12.4491,44126,10,0.0
bitmap_prefilter,main_cat='Home Audio & Theater',0.39,0.2277,10,48,0.042,12.4899,12.5319,44126,10,1.0
bitmap_prefilter,main_cat='Home Audio & Theater',0.39,0.2277,10,49,0.041,12.4746,12.5156,44126,10,1.0
brute_force,main_cat='Home Audio & Theater',0.39,0.2277,50,0,0.0842,24.8212,24.9054,50,50,1.0
brute_force,main_cat='Home Audio & Theater',0.39,0.2277,50,1,0.1025,24.4604,24.5629,50,50,1.0
brute_force,main_cat='Home Audio & Theater',0.39,0.2277,50,2,0.301,24.9478,25.2489,50,50,1.0
brute_force,main_cat='Home Audio & Theater',0.39,0.2277,50,3,0.1364,24.7208,24.8572,50,50,1.0
brute_force,main_cat='Home Audio & Theater',0.39,0.2277,50,4,0.1883,24.6433,24.8316,50,50,1.0
brute_force,main_cat='Home Audio & Theater',0.39,0.2277,50,5,0.3922,24.5097,24.9018,50,50,1.0
brute_force,main_cat='Home Audio & Theater',0.39,0.2277,50,6,0.1053,24.906,25.0113,50,50,1.0
brute_force,main_cat='Home Audio & Theater',0.39,0.2277,50,7,0.1188,24.5608,24.6795,50,50,1.0
brute_force,main_cat='Home Audio & Theater',0.39,0.2277,50,8,0.091,24.8916,24.9825,50,50,0.96
brute_force,main_cat='Home Audio & Theater',0.39,0.2277,50,9,0.1073,24.5402,24.6475,50,50,1.0
brute_force,main_cat='Home Audio & Theater',0.39,0.2277,50,10,0.1494,24.5403,24.6897,50,50,1.0
brute_force,main_cat='Home Audio & Theater',0.39,0.2277,50,11,0.1151,24.461,24.576,50,50,1.0
brute_force,main_cat='Home Audio & Theater',0.39,0.2277,50,12,0.0861,24.6377,24.7238,50,50,1.0
brute_force,main_cat='Home Audio & Theater',0.39,0.2277,50,13,0.0792,24.537,24.6163,50,50,1.0
brute_force,main_cat='Home Audio & Theater',0.39,0.2277,50,14,0.3189,24.6592,24.9781,50,50,1.0
brute_force,main_cat='Home Audio & Theater',0.39,0.2277,50,15,0.5208,24.5739,25.0947,50,50,1.0
brute_force,main_cat='Home Audio & Theater',0.39,0.2277,50,16,0.1656,24.6582,24.8238,50,50,1.0
brute_force,main_cat='Home Audio & Theater',0.39,0.2277,50,17,0.215,24.5664,24.7814,50,50,1.0
brute_force,main_cat='Home Audio & Theater',0.39,0.2277,50,18,0.2303,24.575,24.8053,50,50,0.98
brute_force,main_cat='Home Audio & Theater',0.39,0.2277,50,19,0.2052,24.544,24.7492,50,50,1.0
brute_force,main_cat='Home Audio & Theater',0.39,0.2277,50,20,0.1743,24.7675,24.9418,50,50,1.0
brute_force,main_cat='Home Audio & Theater',0.39,0.2277,50,21,0.3071,24.3852,24.6923,50,50,1.0
brute_force,main_cat='Home Audio & Theater',0.39,0.2277,50,22,0.5313,24.5094,25.0407,50,50,1.0
brute_force,main_cat='Home Audio & Theater',0.39,0.2277,50,23,0.1631,24.552,24.7151,50,50,1.0
brute_force,main_cat='Home Audio & Theater',0.39,0.2277,50,24,0.1517,24.532,24.6836,50,50,1.0
brute_force,main_cat='Home Audio & Theater',0.39,0.2277,50,25,0.0775,24.4908,24.5683,50,50,1.0
brute_force,main_cat='Home Audio & Theater',0.39,0.2277,50,26,0.249,24.5203,24.7693,50,50,1.0
brute_force,main_cat='Home Audio & Theater',0.39,0.2277,50,27,0.3216,24.4995,24.821,50,50,1.0
brute_force,main_cat='Home Audio & Theater',0.39,0.2277,50,28,0.1825,24.6701,24.8526,50,50,1.0
brute_force,main_cat='Home Audio & Theater',0.39,0.2277,50,29,0.1125,24.6897,24.8022,50,50,1.0
brute_force,main_cat='Home Audio & Theater',0.39,0.2277,50,30,0.1668,24.5625,24.7292,50,50,1.0
brute_force,main_cat='Home Audio & Theater',0.39,0.2277,50,31,0.1412,24.562,24.7032,50,50,1.0
brute_force,main_cat='Home Audio & Theater',0.39,0.2277,50,32,0.1692,24.6683,24.8375,50,50,1.0
brute_force,main_cat='Home Audio & Theater',0.39,0.2277,50,33,0.365,24.5711,24.9361,50,50,1.0
brute_force,main_cat='Home Audio & Theater',0.39,0.2277,50,34,0.0873,24.4471,24.5344,50,50,1.0
brute_force,main_cat='Home Audio & Theater',0.39,0.2277,50,35,0.1435,24.42,24.5636,50,50,1.0
brute_force,main_cat='Home Audio & Theater',0.39,0.2277,50,36,0.3295,24.4373,24.7668,50,50,1.0
brute_force,main_cat='Home Audio & Theater',0.39,0.2277,50,37,0.1341,24.54,24.6741,50,50,1.0
brute_force,main_cat='Home Audio & Theater',0.39,0.2277,50,38,0.2365,24.4519,24.6883,50,50,1.0
brute_force,main_cat='Home Audio & Theater',0.39,0.2277,50,39,0.1441,24.4368,24.5808,50,50,1.0
brute_force,main_cat='Home Audio & Theater',0.39,0.2277,50,40,0.1365,24.4419,24.5785,50,50,1.0
brute_force,main_cat='Home Audio & Theater',0.39,0.2277,50,41,0.1305,24.4784,24.6089,50,50,1.0
brute_force,main_cat='Home Audio & Theater',0.39,0.2277,50,42,0.0994,24.4612,24.5605,50,50,1.0
brute_force,main_cat='Home Audio & Theater',0.39,0.2277,50,43,0.1628,24.567,24.7298,50,50,1.0
brute_force,main_cat='Home Audio & Theater',0.39,0.2277,50,44,0.2232,24.5851,24.8083,50,50,1.0
brute_force,main_cat='Home Audio & Theater',0.39,0.2277,50,45,0.1236,24.5541,24.6777,50,50,1.0
brute_force,main_cat='Home Audio & Theater',0.39,0.2277,50,46,0.0836,24.571,24.6546,50,50,1.0
brute_force,main_cat='Home Audio & Theater',0.39,0.2277,50,47,0.1631,24.4918,24.6548,50,50,1.0
brute_force,main_cat='Home Audio & Theater',0.39,0.2277,50,48,0.1925,24.616,24.8085,50,50,1.0
brute_force,main_cat='Home Audio & Theater',0.39,0.2277,50,49,0.1822,24.5906,24.7727,50,50,1.0
naive_prefilter,main_cat='Home Audio & Theater',0.39,0.2277,50,0,14.6996,13.3352,28.0349,44126,50,1.0
naive_prefilter,main_cat='Home Audio & Theater',0.39,0.2277,50,1,15.2224,13.2307,28.4531,44126,50,1.0
naive_prefilter,main_cat='Home Audio & Theater',0.39,0.2277,50,2,14.9508,13.3558,28.3066,44126,50,1.0
naive_prefilter,main_cat='Home Audio & Theater',0.39,0.2277,50,3,15.0177,13.2777,28.2954,44126,50,1.0
naive_prefilter,main_cat='Home Audio & Theater',0.39,0.2277,50,4,14.983,13.2507,28.2337,44126,50,1.0
naive_prefilter,main_cat='Home Audio & Theater',0.39,0.2277,50,5,14.6664,13.2608,27.9272,44126,50,1.0
naive_prefilter,main_cat='Home Audio & Theater',0.39,0.2277,50,6,15.0288,13.2897,28.3185,44126,50,1.0
naive_prefilter,main_cat='Home Audio & Theater',0.39,0.2277,50,7,15.1123,13.3193,28.4316,44126,50,1.0
naive_prefilter,main_cat='Home Audio & Theater',0.39,0.2277,50,8,15.194,13.2624,28.4564,44126,50,0.96
naive_prefilter,main_cat='Home Audio & Theater',0.39,0.2277,50,9,15.0704,13.4522,28.5226,44126,50,1.0
naive_prefilter,main_cat='Home Audio & Theater',0.39,0.2277,50,10,15.2956,13.2413,28.5369,44126,50,1.0
naive_prefilter,main_cat='Home Audio & Theater',0.39,0.2277,50,11,15.1084,13.5804,28.6888,44126,50,1.0
naive_prefilter,main_cat='Home Audio & Theater',0.39,0.2277,50,12,15.0847,13.2795,28.3643,44126,50,1.0
naive_prefilter,main_cat='Home Audio & Theater',0.39,0.2277,50,13,15.217,13.2681,28.4852,44126,50,1.0
naive_prefilter,main_cat='Home Audio & Theater',0.39,0.2277,50,14,15.1027,13.2691,28.3718,44126,50,1.0
naive_prefilter,main_cat='Home Audio & Theater',0.39,0.2277,50,15,15.0537,13.2543,28.308,44126,50,1.0
naive_prefilter,main_cat='Home Audio & Theater',0.39,0.2277,50,16,14.7504,13.2687,28.0192,44126,50,1.0
naive_prefilter,main_cat='Home Audio & Theater',0.39,0.2277,50,17,14.9112,13.2415,28.1526,44126,50,1.0
naive_prefilter,main_cat='Home Audio & Theater',0.39,0.2277,50,18,14.8202,13.2682,28.0883,44126,50,0.98
naive_prefilter,main_cat='Home Audio & Theater',0.39,0.2277,50,19,15.152,13.4808,28.6329,44126,50,1.0
naive_prefilter,main_cat='Home Audio & Theater',0.39,0.2277,50,20,14.8173,13.4081,28.2255,44126,50,1.0
naive_prefilter,main_cat='Home Audio & Theater',0.39,0.2277,50,21,14.9553,13.4378,28.393,44126,50,1.0
naive_prefilter,main_cat='Home Audio & Theater',0.39,0.2277,50,22,15.0305,13.2246,28.2551,44126,50,1.0
naive_prefilter,main_cat='Home Audio & Theater',0.39,0.2277,50,23,15.185,13.3791,28.5642,44126,50,1.0
naive_prefilter,main_cat='Home Audio & Theater',0.39,0.2277,50,24,15.0324,13.4146,28.447,44126,50,1.0
naive_prefilter,main_cat='Home Audio & Theater',0.39,0.2277,50,25,15.0395,13.3453,28.3847,44126,50,1.0
naive_prefilter,main_cat='Home Audio & Theater',0.39,0.2277,50,26,15.1635,13.275,28.4385,44126,50,1.0
naive_prefilter,main_cat='Home Audio & Theater',0.39,0.2277,50,27,15.0962,13.2467,28.3429,44126,50,1.0
naive_prefilter,main_cat='Home Audio & Theater',0.39,0.2277,50,28,15.1821,13.3205,28.5026,44126,50,1.0
naive_prefilter,main_cat='Home Audio & Theater',0.39,0.2277,50,29,14.8212,13.3992,28.2204,44126,50,1.0
naive_prefilter,main_cat='Home Audio & Theater',0.39,0.2277,50,30,14.942,13.2655,28.2076,44126,50,1.0
naive_prefilter,main_cat='Home Audio & Theater',0.39,0.2277,50,31,14.794,13.4631,28.2571,44126,50,1.0
naive_prefilter,main_cat='Home Audio & Theater',0.39,0.2277,50,32,14.6891,13.3461,28.0352,44126,50,1.0
naive_prefilter,main_cat='Home Audio & Theater',0.39,0.2277,50,33,15.0352,13.3039,28.3391,44126,50,1.0
naive_prefilter,main_cat='Home Audio & Theater',0.39,0.2277,50,34,15.1544,13.2856,28.44,44126,50,1.0
naive_prefilter,main_cat='Home Audio & Theater',0.39,0.2277,50,35,15.1077,13.3825,28.4902,44126,50,1.0
naive_prefilter,main_cat='Home Audio & Theater',0.39,0.2277,50,36,15.0676,13.3161,28.3837,44126,50,1.0
naive_prefilter,main_cat='Home Audio & Theater',0.39,0.2277,50,37,15.1891,13.5493,28.7384,44126,50,1.0
naive_prefilter,main_cat='Home Audio & Theater',0.39,0.2277,50,38,15.3903,13.9859,29.3762,44126,50,1.0
naive_prefilter,main_cat='Home Audio & Theater',0.39,0.2277,50,39,14.8165,13.2811,28.0976,44126,50,1.0
naive_prefilter,main_cat='Home Audio & Theater',0.39,0.2277,50,40,15.0328,13.2865,28.3193,44126,50,1.0
naive_prefilter,main_cat='Home Audio & Theater',0.39,0.2277,50,41,15.043,13.5882,28.6312,44126,50,1.0
naive_prefilter,main_cat='Home Audio & Theater',0.39,0.2277,50,42,14.8215,13.348,28.1695,44126,50,1.0
naive_prefilter,main_cat='Home Audio & Theater',0.39,0.2277,50,43,14.8542,13.2935,28.1478,44126,50,1.0
naive_prefilter,main_cat='Home Audio & Theater',0.39,0.2277,50,44,15.1247,13.2683,28.393,44126,50,1.0
naive_prefilter,main_cat='Home Audio & Theater',0.39,0.2277,50,45,15.0061,13.2255,28.2315,44126,50,1.0
naive_prefilter,main_cat='Home Audio & Theater',0.39,0.2277,50,46,15.0667,13.5153,28.582,44126,50,1.0
naive_prefilter,main_cat='Home Audio & Theater',0.39,0.2277,50,47,15.3988,13.2767,28.6755,44126,50,0.94
naive_prefilter,main_cat='Home Audio & Theater',0.39,0.2277,50,48,15.3169,13.2663,28.5832,44126,50,1.0
naive_prefilter,main_cat='Home Audio & Theater',0.39,0.2277,50,49,15.1825,13.2626,28.4452,44126,50,1.0
post_filter,main_cat='Home Audio & Theater',0.39,0.2277,50,0,0.0315,0.5159,0.5474,50,50,1.0
post_filter,main_cat='Home Audio & Theater',0.39,0.2277,50,1,0.0929,1.0935,1.1863,50,50,1.0
post_filter,main_cat='Home Audio & Theater',0.39,0.2277,50,2,0.2688,0.8289,1.0977,50,50,0.9
post_filter,main_cat='Home Audio & Theater',0.39,0.2277,50,3,0.1325,0.9777,1.1102,50,50,0.86
post_filter,main_cat='Home Audio & Theater',0.39,0.2277,50,4,0.1461,1.1503,1.2963,50,50,0.9
post_filter,main_cat='Home Audio & Theater',0.39,0.2277,50,5,0.3561,0.9261,1.2822,50,50,0.9
post_filter,main_cat='Home Audio & Theater',0.39,0.2277,50,6,0.102,1.1759,1.2779,50,50,1.0
post_filter,main_cat='Home Audio & Theater',0.39,0.2277,50,7,0.1441,0.8767,1.0208,50,50,1.0
post_filter,main_cat='Home Audio & Theater',0.39,0.2277,50,8,0.0759,1.2729,1.3487,50,50,0.96
post_filter,main_cat='Home Audio & Theater',0.39,0.2277,50,9,0.0942,1.141,1.2352,50,50,0.98
post_filter,main_cat='Home Audio & Theater',0.39,0.2277,50,10,0.1255,1.0225,1.148,50,50,1.0
post_filter,main_cat='Home Audio & Theater',0.39,0.2277,50,11,0.0969,0.9979,1.0947,50,50,1.0
post_filter,main_cat='Home Audio & Theater',0.39,0.2277,50,12,0.0738,0.8107,0.8845,50,50,1.0
post_filter,main_cat='Home Audio & Theater',0.39,0.2277,50,13,0.0665,0.8409,0.9074,50,50,1.0
post_filter,main_cat='Home Audio & Theater',0.39,0.2277,50,14,0.2617,0.6305,0.8922,50,50,0.9
post_filter,main_cat='Home Audio & Theater',0.39,0.2277,50,15,0.6934,0.5515,1.2449,49,49,0.34
post_filter,main_cat='Home Audio & Theater',0.39,0.2277,50,16,0.1311,1.0167,1.1478,50,50,0.94
post_filter,main_cat='Home Audio & Theater',0.39,0.2277,50,17,0.1941,0.7622,0.9563,50,50,0.84
post_filter,main_cat='Home Audio & Theater',0.39,0.2277,50,18,0.2376,0.9334,1.171,50,50,0.96
post_filter,main_cat='Home Audio & Theater',0.39,0.2277,50,19,0.1902,1.0189,1.2091,50,50,0.88
post_filter,main_cat='Home Audio & Theater',0.39,0.2277,50,20,0.1463,0.6999,0.8461,50,50,0.98
post_filter,main_cat='Home Audio & Theater',0.39,0.2277,50,21,0.3206,0.7542,1.0748,50,50,0.44
post_filter,main_cat='Home Audio & Theater',0.39,0.2277,50,22,0.4282,0.7803,1.2084,50,50,0.56
post_filter,main_cat='Home Audio & Theater',0.39,0.2277,50,23,0.1302,0.7422,0.8724,50,50,1.0
post_filter,main_cat='Home Audio & Theater',0.39,0.2277,50,24,0.1208,1.0827,1.2035,50,50,0.98
post_filter,main_cat='Home Audio & Theater',0.39,0.2277,50,25,0.0695,0.3293,0.3988,50,50,0.82
post_filter,main_cat='Home Audio & Theater',0.39,0.2277,50,26,0.1927,0.9727,1.1653,50,50,0.92
post_filter,main_cat='Home Audio & Theater',0.39,0.2277,50,27,0.2746,0.9243,1.1989,50,50,0.94
post_filter,main_cat='Home Audio & Theater',0.39,0.2277,50,28,0.1352,0.9778,1.113,50,50,0.98
post_filter,main_cat='Home Audio & Theater',0.39,0.2277,50,29,0.0921,0.6015,0.6936,50,50,0.96
post_filter,main_cat='Home Audio & Theater',0.39,0.2277,50,30,0.1447,0.4619,0.6066,50,50,0.0
post_filter,main_cat='Home Audio & Theater',0.39,0.2277,50,31,0.1103,1.0026,1.1129,50,50,0.96
post_filter,main_cat='Home Audio & Theater',0.39,0.2277,50,32,0.1393,0.7605,0.8998,50,50,0.98
post_filter,main_cat='Home Audio & Theater',0.39,0.2277,50,33,0.3588,0.5587,0.9175,50,50,0.48
post_filter,main_cat='Home Audio & Theater',0.39,0.2277,50,34,0.0845,1.0149,1.0994,50,50,1.0
post_filter,main_cat='Home Audio & Theater',0.39,0.2277,50,35,0.1295,1.0755,1.205,50,50,0.98
post_filter,main_cat='Home Audio & Theater',0.39,0.2277,50,36,0.3139,0.8129,1.1268,50,50,0.76
post_filter,main_cat='Home Audio & Theater',0.39,0.2277,50,37,0.1131,0.7393,0.8525,50,50,1.0
post_filter,main_cat='Home Audio & Theater',0.39,0.2277,50,38,0.1929,1.2054,1.3983,50,50,0.94
post_filter,main_cat='Home Audio & Theater',0.39,0.2277,50,39,0.1173,0.5731,0.6905,50,50,0.98
post_filter,main_cat='Home Audio & Theater',0.39,0.2277,50,40,0.114,1.1931,1.307,50,50,1.0
post_filter,main_cat='Home Audio & Theater',0.39,0.2277,50,41,0.1061,0.6325,0.7386,50,50,1.0
post_filter,main_cat='Home Audio & Theater',0.39,0.2277,50,42,0.0807,0.9637,1.0443,50,50,0.98
post_filter,main_cat='Home Audio & Theater',0.39,0.2277,50,43,0.1338,0.4828,0.6166,50,50,0.94
post_filter,main_cat='Home Audio & Theater',0.39,0.2277,50,44,0.179,0.709,0.888,50,50,1.0
post_filter,main_cat='Home Audio & Theater',0.39,0.2277,50,45,0.098,1.0461,1.1441,50,50,0.92
post_filter,main_cat='Home Audio & Theater',0.39,0.2277,50,46,0.0685,0.8472,0.9157,50,50,1.0
post_filter,main_cat='Home Audio & Theater',0.39,0.2277,50,47,0.1315,0.2935,0.425,50,50,0.88
post_filter,main_cat='Home Audio & Theater',0.39,0.2277,50,48,0.1608,1.0255,1.1862,50,50,0.92
post_filter,main_cat='Home Audio & Theater',0.39,0.2277,50,49,0.1431,0.4999,0.643,50,50,0.76
bitmap_prefilter,main_cat='Home Audio & Theater',0.39,0.2277,50,0,0.0447,12.4697,12.5144,44126,50,1.0
bitmap_prefilter,main_cat='Home Audio & Theater',0.39,0.2277,50,1,0.0484,12.4896,12.538,44126,50,1.0
bitmap_prefilter,main_cat='Home Audio & Theater',0.39,0.2277,50,2,0.0464,12.523,12.5694,44126,50,1.0
bitmap_prefilter,main_cat='Home Audio & Theater',0.39,0.2277,50,3,0.051,12.4741,12.5251,44126,50,1.0
bitmap_prefilter,main_cat='Home Audio & Theater',0.39,0.2277,50,4,0.0462,12.533,12.5792,44126,50,1.0
bitmap_prefilter,main_cat='Home Audio & Theater',0.39,0.2277,50,5,0.0449,12.5209,12.5658,44126,50,1.0
bitmap_prefilter,main_cat='Home Audio & Theater',0.39,0.2277,50,6,0.0451,12.4585,12.5036,44126,50,1.0
bitmap_prefilter,main_cat='Home Audio & Theater',0.39,0.2277,50,7,0.045,12.4084,12.4534,44126,50,1.0
bitmap_prefilter,main_cat='Home Audio & Theater',0.39,0.2277,50,8,0.0435,12.4334,12.4769,44126,50,0.96
bitmap_prefilter,main_cat='Home Audio & Theater',0.39,0.2277,50,9,0.0443,12.548,12.5923,44126,50,1.0
bitmap_prefilter,main_cat='Home Audio & Theater',0.39,0.2277,50,10,0.0446,12.5645,12.6091,44126,50,1.0
bitmap_prefilter,main_cat='Home Audio & Theater',0.39,0.2277,50,11,0.0577,12.4442,12.5018,44126,50,1.0
bitmap_prefilter,main_cat='Home Audio & Theater',0.39,0.2277,50,12,0.0464,12.4636,12.51,44126,50,1.0
bitmap_prefilter,main_cat='Home Audio & Theater',0.39,0.2277,50,13,0.0429,12.5389,12.5818,44126,50,1.0
bitmap_prefilter,main_cat='Home Audio & Theater',0.39,0.2277,50,14,0.0479,12.564,12.6119,44126,50,1.0
bitmap_prefilter,main_cat='Home Audio & Theater',0.39,0.2277,50,15,0.0434,12.5486,12.592,44126,50,1.0
bitmap_prefilter,main_cat='Home Audio & Theater',0.39,0.2277,50,16,0.0441,12.4477,12.4919,44126,50,1.0
bitmap_prefilter,main_cat='Home Audio & Theater',0.39,0.2277,50,17,0.0425,12.5932,12.6357,44126,50,1.0
bitmap_prefilter,main_cat='Home Audio & Theater',0.39,0.2277,50,18,0.0444,12.7699,12.8143,44126,50,0.98
bitmap_prefilter,main_cat='Home Audio & Theater',0.39,0.2277,50,19,0.0424,12.575,12.6174,44126,50,1.0
bitmap_prefilter,main_cat='Home Audio & Theater',0.39,0.2277,50,20,0.0427,12.9042,12.9469,44126,50,1.0
bitmap_prefilter,main_cat='Home Audio & Theater',0.39,0.2277,50,21,0.046,12.617,12.663,44126,50,1.0
bitmap_prefilter,main_cat='Home Audio & Theater',0.39,0.2277,50,22,0.0443,12.4967,12.541,44126,50,1.0
bitmap_prefilter,main_cat='Home Audio & Theater',0.39,0.2277,50,23,0.044,12.4512,12.4952,44126,50,1.0
bitmap_prefilter,main_cat='Home Audio & Theater',0.39,0.2277,50,24,0.042,12.4513,12.4933,44126,50,1.0
bitmap_prefilter,main_cat='Home Audio & Theater',0.39,0.2277,50,25,0.0415,12.607,12.6485,44126,50,1.0
bitmap_prefilter,main_cat='Home Audio & Theater',0.39,0.2277,50,26,0.0416,12.4738,12.5155,44126,50,1.0
bitmap_prefilter,main_cat='Home Audio & Theater',0.39,0.2277,50,27,0.0414,12.495,12.5364,44126,50,1.0
bitmap_prefilter,main_cat='Home Audio & Theater',0.39,0.2277,50,28,0.0418,12.4921,12.5338,44126,50,1.0
bitmap_prefilter,main_cat='Home Audio & Theater',0.39,0.2277,50,29,0.042,12.4752,12.5172,44126,50,1.0
bitmap_prefilter,main_cat='Home Audio & Theater',0.39,0.2277,50,30,0.0423,12.507,12.5493,44126,50,1.0
bitmap_prefilter,main_cat='Home Audio & Theater',0.39,0.2277,50,31,0.0414,12.493,12.5344,44126,50,1.0
bitmap_prefilter,main_cat='Home Audio & Theater',0.39,0.2277,50,32,0.0411,12.4371,12.4782,44126,50,1.0
bitmap_prefilter,main_cat='Home Audio & Theater',0.39,0.2277,50,33,0.0417,12.5083,12.5499,44126,50,1.0
bitmap_prefilter,main_cat='Home Audio & Theater',0.39,0.2277,50,34,0.0417,12.4763,12.518,44126,50,1.0
bitmap_prefilter,main_cat='Home Audio & Theater',0.39,0.2277,50,35,0.0408,12.434,12.4748,44126,50,1.0
bitmap_prefilter,main_cat='Home Audio & Theater',0.39,0.2277,50,36,0.0411,12.4423,12.4834,44126,50,1.0
bitmap_prefilter,main_cat='Home Audio & Theater',0.39,0.2277,50,37,0.0417,12.4858,12.5275,44126,50,1.0
bitmap_prefilter,main_cat='Home Audio & Theater',0.39,0.2277,50,38,0.0404,12.4562,12.4967,44126,50,1.0
bitmap_prefilter,main_cat='Home Audio & Theater',0.39,0.2277,50,39,0.0418,12.439,12.4808,44126,50,1.0
bitmap_prefilter,main_cat='Home Audio & Theater',0.39,0.2277,50,40,0.0433,12.455,12.4983,44126,50,1.0
bitmap_prefilter,main_cat='Home Audio & Theater',0.39,0.2277,50,41,0.0465,12.4932,12.5397,44126,50,1.0
bitmap_prefilter,main_cat='Home Audio & Theater',0.39,0.2277,50,42,0.0406,12.4598,12.5004,44126,50,1.0
bitmap_prefilter,main_cat='Home Audio & Theater',0.39,0.2277,50,43,0.0409,12.6324,12.6733,44126,50,1.0
bitmap_prefilter,main_cat='Home Audio & Theater',0.39,0.2277,50,44,0.0411,12.4979,12.539,44126,50,1.0
bitmap_prefilter,main_cat='Home Audio & Theater',0.39,0.2277,50,45,0.0424,12.5614,12.6037,44126,50,1.0
bitmap_prefilter,main_cat='Home Audio & Theater',0.39,0.2277,50,46,0.0424,12.4603,12.5026,44126,50,1.0
bitmap_prefilter,main_cat='Home Audio & Theater',0.39,0.2277,50,47,0.041,12.465,12.506,44126,50,0.94
bitmap_prefilter,main_cat='Home Audio & Theater',0.39,0.2277,50,48,0.0405,12.4405,12.4811,44126,50,1.0
bitmap_prefilter,main_cat='Home Audio & Theater',0.39,0.2277,50,49,0.0444,12.6131,12.6575,44126,50,1.0
