strategy,filter_name,target_selectivity,actual_selectivity,top_k,query_idx,filter_time_ms,search_time_ms,total_time_ms,candidates_after_filter,results_returned,recall
brute_force,main_cat='Home Audio & Theater' AND overall>=3.0,0.2,0.1962,10,0,0.0372,24.0077,24.0449,10,10,1.0
brute_force,main_cat='Home Audio & Theater' AND overall>=3.0,0.2,0.1962,10,1,0.0395,25.0235,25.0629,10,10,1.0
brute_force,main_cat='Home Audio & Theater' AND overall>=3.0,0.2,0.1962,10,2,0.0997,25.4456,25.5453,10,10,1.0
brute_force,main_cat='Home Audio & Theater' AND overall>=3.0,0.2,0.1962,10,3,0.0486,25.0036,25.0522,10,10,1.0
brute_force,main_cat='Home Audio & Theater' AND overall>=3.0,0.2,0.1962,10,4,0.0635,24.5382,24.6017,10,10,1.0
brute_force,main_cat='Home Audio & Theater' AND overall>=3.0,0.2,0.1962,10,5,0.1774,24.0932,24.2705,10,10,1.0
brute_force,main_cat='Home Audio & Theater' AND overall>=3.0,0.2,0.1962,10,6,0.0454,24.1312,24.1766,10,10,1.0
brute_force,main_cat='Home Audio & Theater' AND overall>=3.0,0.2,0.1962,10,7,0.0855,24.2186,24.304,10,10,1.0
brute_force,main_cat='Home Audio & Theater' AND overall>=3.0,0.2,0.1962,10,8,0.0319,24.7471,24.779,10,10,1.0
brute_force,main_cat='Home Audio & Theater' AND overall>=3.0,0.2,0.1962,10,9,0.0372,24.833,24.8702,10,10,1.0
brute_force,main_cat='Home Audio & Theater' AND overall>=3.0,0.2,0.1962,10,10,0.0531,24.7105,24.7637,10,10,1.0
brute_force,main_cat='Home Audio & Theater' AND overall>=3.0,0.2,0.1962,10,11,0.0299,24.6025,24.6323,10,10,1.0
brute_force,main_cat='Home Audio & Theater' AND overall>=3.0,0.2,0.1962,10,12,0.0305,24.7519,24.7825,10,10,1.0
brute_force,main_cat='Home Audio & Theater' AND overall>=3.0,0.2,0.1962,10,13,0.0246,24.7909,24.8155,10,10,1.0
brute_force,main_cat='Home Audio & Theater' AND overall>=3.0,0.2,0.1962,10,14,0.1998,24.813,25.0128,10,10,1.0
brute_force,main_cat='Home Audio & Theater' AND overall>=3.0,0.2,0.1962,10,15,0.345,24.665,25.01,10,10,1.0
brute_force,main_cat='Home Audio & Theater' AND overall>=3.0,0.2,0.1962,10,16,0.0515,24.8192,24.8707,10,10,1.0
brute_force,main_cat='Home Audio & Theater' AND overall>=3.0,0.2,0.1962,10,17,0.0494,25.003,25.0523,10,10,1.0
brute_force,main_cat='Home Audio & Theater' AND overall>=3.0,0.2,0.1962,10,18,0.189,25.1679,25.3569,10,10,1.0
brute_force,main_cat='Home Audio & Theater' AND overall>=3.0,0.2,0.1962,10,19,0.0645,24.8907,24.9552,10,10,1.0
brute_force,main_cat='Home Audio & Theater' AND overall>=3.0,0.2,0.1962,10,20,0.0494,25.2329,25.2823,10,10,1.0
brute_force,main_cat='Home Audio & Theater' AND overall>=3.0,0.2,0.1962,10,21,0.149,24.8255,24.9745,10,10,1.0
brute_force,main_cat='Home Audio & Theater' AND overall>=3.0,0.2,0.1962,10,22,0.1754,24.9254,25.1008,10,10,1.0
brute_force,main_cat='Home Audio & Theater' AND overall>=3.0,0.2,0.1962,10,23,0.0679,25.1899,25.2578,10,10,1.0
brute_force,main_cat='Home Audio & Theater' AND overall>=3.0,0.2,0.1962,10,24,0.045,24.8029,24.848,10,10,1.0
brute_force,main_cat='Home Audio & Theater' AND overall>=3.0,0.2,0.1962,10,25,0.0269,25.4432,25.4701,10,10,1.0
brute_force,main_cat='Home Audio & Theater' AND overall>=3.0,0.2,0.1962,10,26,0.0936,25.1975,25.2912,10,10,1.0
brute_force,main_cat='Home Audio & Theater' AND overall>=3.0,0.2,0.1962,10,27,0.1136,24.5539,24.6675,10,10,1.0
brute_force,main_cat='Home Audio & Theater' AND overall>=3.0,0.2,0.1962,10,28,0.0766,24.2852,24.3617,10,10,1.0
brute_force,main_cat='Home Audio & Theater' AND overall>=3.0,0.2,0.1962,10,29,0.0329,24.6486,24.6815,10,10,1.0
brute_force,main_cat='Home Audio & Theater' AND overall>=3.0,0.2,0.1962,10,30,0.0436,24.5271,24.5708,10,10,1.0
brute_force,main_cat='Home Audio & Theater' AND overall>=3.0,0.2,0.1962,10,31,0.0421,24.3046,24.3467,10,10,1.0
brute_force,main_cat='Home Audio & Theater' AND overall>=3.0,0.2,0.1962,10,32,0.061,24.4616,24.5226,10,10,1.0
brute_force,main_cat='Home Audio & Theater' AND overall>=3.0,0.2,0.1962,10,33,0.2036,24.6813,24.8849,10,10,1.0
brute_force,main_cat='Home Audio & Theater' AND overall>=3.0,0.2,0.1962,10,34,0.0244,24.4468,24.4712,10,10,1.0
brute_force,main_cat='Home Audio & Theater' AND overall>=3.0,0.2,0.1962,10,35,0.0752,24.5185,24.5938,10,10,1.0
brute_force,main_cat='Home Audio & Theater' AND overall>=3.0,0.2,0.1962,10,36,0.168,24.3676,24.5356,10,10,1.0
brute_force,main_cat='Home Audio & Theater' AND overall>=3.0,0.2,0.1962,10,37,0.0373,24.4992,24.5365,10,10,1.0
brute_force,main_cat='Home Audio & Theater' AND overall>=3.0,0.2,0.1962,10,38,0.085,24.6841,24.7692,10,10,1.0
brute_force,main_cat='Home Audio & Theater' AND overall>=3.0,0.2,0.1962,10,39,0.0394,24.6527,24.6921,10,10,1.0
brute_force,main_cat='Home Audio & Theater' AND overall>=3.0,0.2,0.1962,10,40,0.0606,25.2156,25.2763,10,10,1.0
brute_force,main_cat='Home Audio & Theater' AND overall>=3.0,0.2,0.1962,10,41,0.1767,25.4267,25.6034,10,10,1.0
brute_force,main_cat='Home Audio & Theater' AND overall>=3.0,0.2,0.1962,10,42,0.0425,25.0861,25.1286,10,10,1.0
brute_force,main_cat='Home Audio & Theater' AND overall>=3.0,0.2,0.1962,10,43,0.0571,25.6315,25.6886,10,10,1.0
brute_force,main_cat='Home Audio & Theater' AND overall>=3.0,0.2,0.1962,10,44,0.2968,26.2556,26.5524,10,10,1.0
brute_force,main_cat='Home Audio & Theater' AND overall>=3.0,0.2,0.1962,10,45,0.0392,25.8754,25.9146,10,10,1.0
brute_force,main_cat='Home Audio & Theater' AND overall>=3.0,0.2,0.1962,10,46,0.0398,24.8628,24.9025,10,10,1.0
brute_force,main_cat='Home Audio & Theater' AND overall>=3.0,0.2,0.1962,10,47,0.0388,24.9272,24.966,10,10,1.0
brute_force,main_cat='Home Audio & Theater' AND overall>=3.0,0.2,0.1962,10,48,0.0609,24.9348,24.9957,10,10,1.0
brute_force,main_cat='Home Audio & Theater' AND overall>=3.0,0.2,0.1962,10,49,0.0531,25.1387,25.1918,10,10,1.0
naive_prefilter,main_cat='Home Audio & Theater' AND overall>=3.0,0.2,0.1962,10,0,17.2501,11.8929,29.143,38011,10,1.0
naive_prefilter,main_cat='Home Audio & Theater' AND overall>=3.0,0.2,0.1962,10,1,17.3887,11.8681,29.2568,38011,10,1.0
naive_prefilter,main_cat='Home Audio & Theater' AND overall>=3.0,0.2,0.1962,10,2,17.341,11.953,29.2941,38011,10,1.0
naive_prefilter,main_cat='Home Audio & Theater' AND overall>=3.0,0.2,0.1962,10,3,17.2827,11.8939,29.1766,38011,10,1.0
naive_prefilter,main_cat='Home Audio & Theater' AND overall>=3.0,0.2,0.1962,10,4,17.2663,11.8395,29.1059,38011,10,1.0
naive_prefilter,main_cat='Home Audio & Theater' AND overall>=3.0,0.2,0.1962,10,5,17.7546,11.7998,29.5544,38011,10,1.0
naive_prefilter,main_cat='Home Audio & Theater' AND overall>=3.0,0.2,0.1962,10,6,17.4986,11.9507,29.4493,38011,10,1.0
naive_prefilter,main_cat='Home Audio & Theater' AND overall>=3.0,0.2,0.1962,10,7,17.2741,11.9171,29.1912,38011,10,1.0
naive_prefilter,main_cat='Home Audio & Theater' AND overall>=3.0,0.2,0.1962,10,8,17.3221,11.8503,29.1724,38011,10,1.0
naive_prefilter,main_cat='Home Audio & Theater' AND overall>=3.0,0.2,0.1962,10,9,17.2908,12.0056,29.2964,38011,10,1.0
naive_prefilter,main_cat='Home Audio & Theater' AND overall>=3.0,0.2,0.1962,10,10,17.3745,11.9844,29.3589,38011,10,1.0
naive_prefilter,main_cat='Home Audio & Theater' AND overall>=3.0,0.2,0.1962,10,11,17.3085,12.1224,29.4309,38011,10,1.0
naive_prefilter,main_cat='Home Audio & Theater' AND overall>=3.0,0.2,0.1962,10,12,17.4549,12.0174,29.4723,38011,10,1.0
naive_prefilter,main_cat='Home Audio & Theater' AND overall>=3.0,0.2,0.1962,10,13,17.8011,13.7137,31.5149,38011,10,1.0
naive_prefilter,main_cat='Home Audio & Theater' AND overall>=3.0,0.2,0.1962,10,14,17.7918,13.1527,30.9445,38011,10,1.0
naive_prefilter,main_cat='Home Audio & Theater' AND overall>=3.0,0.2,0.1962,10,15,17.6297,12.3566,29.9863,38011,10,1.0
naive_prefilter,main_cat='Home Audio & Theater' AND overall>=3.0,0.2,0.1962,10,16,17.7056,12.3418,30.0474,38011,10,1.0
naive_prefilter,main_cat='Home Audio & Theater' AND overall>=3.0,0.2,0.1962,10,17,17.5591,12.221,29.7801,38011,10,1.0
naive_prefilter,main_cat='Home Audio & Theater' AND overall>=3.0,0.2,0.1962,10,18,17.5507,11.9452,29.4959,38011,10,1.0
naive_prefilter,main_cat='Home Audio & Theater' AND overall>=3.0,0.2,0.1962,10,19,17.2878,12.2043,29.4921,38011,10,1.0
naive_prefilter,main_cat='Home Audio & Theater' AND overall>=3.0,0.2,0.1962,10,20,17.5492,12.1352,29.6844,38011,10,1.0
naive_prefilter,main_cat='Home Audio & Theater' AND overall>=3.0,0.2,0.1962,10,21,17.5557,12.1459,29.7016,38011,10,1.0
naive_prefilter,main_cat='Home Audio & Theater' AND overall>=3.0,0.2,0.1962,10,22,17.6142,13.023,30.6372,38011,10,1.0
naive_prefilter,main_cat='Home Audio & Theater' AND overall>=3.0,0.2,0.1962,10,23,17.7635,12.1151,29.8786,38011,10,1.0
naive_prefilter,main_cat='Home Audio & Theater' AND overall>=3.0,0.2,0.1962,10,24,17.6983,13.4806,31.1789,38011,10,1.0
naive_prefilter,main_cat='Home Audio & Theater' AND overall>=3.0,0.2,0.1962,10,25,17.5701,12.1709,29.741,38011,10,1.0
naive_prefilter,main_cat='Home Audio & Theater' AND overall>=3.0,0.2,0.1962,10,26,17.6554,12.0217,29.6771,38011,10,1.0
naive_prefilter,main_cat='Home Audio & Theater' AND overall>=3.0,0.2,0.1962,10,27,17.3706,12.1188,29.4895,38011,10,1.0
naive_prefilter,main_cat='Home Audio & Theater' AND overall>=3.0,0.2,0.1962,10,28,17.3533,11.978,29.3313,38011,10,1.0
naive_prefilter,main_cat='Home Audio & Theater' AND overall>=3.0,0.2,0.1962,10,29,17.1495,11.9804,29.1298,38011,10,1.0
naive_prefilter,main_cat='Home Audio & Theater' AND overall>=3.0,0.2,0.1962,10,30,17.1207,12.0406,29.1613,38011,10,1.0
naive_prefilter,main_cat='Home Audio & Theater' AND overall>=3.0,0.2,0.1962,10,31,17.3097,11.8655,29.1751,38011,10,1.0
naive_prefilter,main_cat='Home Audio & Theater' AND overall>=3.0,0.2,0.1962,10,32,17.4461,11.981,29.4272,38011,10,1.0
naive_prefilter,main_cat='Home Audio & Theater' AND overall>=3.0,0.2,0.1962,10,33,17.2654,11.9407,29.206,38011,10,1.0
naive_prefilter,main_cat='Home Audio & Theater' AND overall>=3.0,0.2,0.1962,10,34,17.5524,13.4357,30.9881,38011,10,1.0
naive_prefilter,main_cat='Home Audio & Theater' AND overall>=3.0,0.2,0.1962,10,35,18.2845,12.287,30.5714,38011,10,1.0
naive_prefilter,main_cat='Home Audio & Theater' AND overall>=3.0,0.2,0.1962,10,36,17.7635,12.0209,29.7844,38011,10,1.0
naive_prefilter,main_cat='Home Audio & Theater' AND overall>=3.0,0.2,0.1962,10,37,17.3151,12.761,30.0761,38011,10,1.0
naive_prefilter,main_cat='Home Audio & Theater' AND overall>=3.0,0.2,0.1962,10,38,17.3892,12.5704,29.9596,38011,10,1.0
naive_prefilter,main_cat='Home Audio & Theater' AND overall>=3.0,0.2,0.1962,10,39,17.4654,12.6977,30.163,38011,10,1.0
naive_prefilter,main_cat='Home Audio & Theater' AND overall>=3.0,0.2,0.1962,10,40,17.5462,14.1383,31.6845,38011,10,1.0
naive_prefilter,main_cat='Home Audio & Theater' AND overall>=3.0,0.2,0.1962,10,41,17.6539,11.9677,29.6216,38011,10,1.0
naive_prefilter,main_cat='Home Audio & Theater' AND overall>=3.0,0.2,0.1962,10,42,17.6556,14.3785,32.0341,38011,10,1.0
naive_prefilter,main_cat='Home Audio & Theater' AND overall>=3.0,0.2,0.1962,10,43,17.527,12.7045,30.2314,38011,10,1.0
naive_prefilter,main_cat='Home Audio & Theater' AND overall>=3.0,0.2,0.1962,10,44,17.8955,12.7963,30.6917,38011,10,1.0
naive_prefilter,main_cat='Home Audio & Theater' AND overall>=3.0,0.2,0.1962,10,45,17.6991,12.8879,30.587,38011,10,1.0
naive_prefilter,main_cat='Home Audio & Theater' AND overall>=3.0,0.2,0.1962,10,46,17.3971,12.445,29.8421,38011,10,1.0
naive_prefilter,main_cat='Home Audio & Theater' AND overall>=3.0,0.2,0.1962,10,47,17.3785,12.104,29.4825,38011,10,0.0
naive_prefilter,main_cat='Home Audio & Theater' AND overall>=3.0,0.2,0.1962,10,48,17.3592,13.1226,30.4819,38011,10,1.0
naive_prefilter,main_cat='Home Audio & Theater' AND overall>=3.0,0.2,0.1962,10,49,17.6944,13.1549,30.8493,38011,10,1.0
post_filter,main_cat='Home Audio & Theater' AND overall>=3.0,0.2,0.1962,10,0,0.0083,0.3216,0.3299,10,10,1.0
post_filter,main_cat='Home Audio & Theater' AND overall>=3.0,0.2,0.1962,10,1,0.1063,3.8356,3.9419,10,10,1.0
post_filter,main_cat='Home Audio & Theater' AND overall>=3.0,0.2,0.1962,10,2,0.102,2.777,2.879,10,10,1.0
post_filter,main_cat='Home Audio & Theater' AND overall>=3.0,0.2,0.1962,10,3,0.0359,4.3595,4.3953,10,10,1.0
post_filter,main_cat='Home Audio & Theater' AND overall>=3.0,0.2,0.1962,10,4,0.051,2.4004,2.4514,10,10,1.0
post_filter,main_cat='Home Audio & Theater' AND overall>=3.0,0.2,0.1962,10,5,0.1581,1.32,1.4781,10,10,1.0
post_filter,main_cat='Home Audio & Theater' AND overall>=3.0,0.2,0.1962,10,6,0.0326,1.5343,1.567,10,10,1.0
post_filter,main_cat='Home Audio & Theater' AND overall>=3.0,0.2,0.1962,10,7,0.0788,1.4816,1.5604,10,10,1.0
post_filter,main_cat='Home Audio & Theater' AND overall>=3.0,0.2,0.1962,10,8,0.0227,1.4229,1.4456,10,10,1.0
post_filter,main_cat='Home Audio & Theater' AND overall>=3.0,0.2,0.1962,10,9,0.0252,1.393,1.4182,10,10,1.0
post_filter,main_cat='Home Audio & Theater' AND overall>=3.0,0.2,0.1962,10,10,0.05,2.7429,2.7928,10,10,1.0
post_filter,main_cat='Home Audio & Theater' AND overall>=3.0,0.2,0.1962,10,11,0.0286,2.2969,2.3255,10,10,1.0
post_filter,main_cat='Home Audio & Theater' AND overall>=3.0,0.2,0.1962,10,12,0.0187,0.9192,0.9378,10,10,1.0
post_filter,main_cat='Home Audio & Theater' AND overall>=3.0,0.2,0.1962,10,13,0.0183,1.4038,1.4221,10,10,1.0
post_filter,main_cat='Home Audio & Theater' AND overall>=3.0,0.2,0.1962,10,14,0.1725,1.8173,1.9897,10,10,0.9
post_filter,main_cat='Home Audio & Theater' AND overall>=3.0,0.2,0.1962,10,15,0.3099,1.037,1.3469,10,10,0.5
post_filter,main_cat='Home Audio & Theater' AND overall>=3.0,0.2,0.1962,10,16,0.0434,1.5143,1.5577,10,10,1.0
post_filter,main_cat='Home Audio & Theater' AND overall>=3.0,0.2,0.1962,10,17,0.0398,1.1674,1.2073,10,10,1.0
post_filter,main_cat='Home Audio & Theater' AND overall>=3.0,0.2,0.1962,10,18,0.1534,1.0672,1.2206,10,10,1.0
post_filter,main_cat='Home Audio & Theater' AND overall>=3.0,0.2,0.1962,10,19,0.0449,1.1107,1.1557,10,10,1.0
post_filter,main_cat='Home Audio & Theater' AND overall>=3.0,0.2,0.1962,10,20,0.0576,1.3466,1.4042,10,10,1.0
post_filter,main_cat='Home Audio & Theater' AND overall>=3.0,0.2,0.1962,10,21,0.1423,0.8558,0.9982,10,10,0.8
post_filter,main_cat='Home Audio & Theater' AND overall>=3.0,0.2,0.1962,10,22,0.1559,0.9224,1.0783,10,10,0.8
post_filter,main_cat='Home Audio & Theater' AND overall>=3.0,0.2,0.1962,10,23,0.0353,1.0975,1.1328,10,10,1.0
post_filter,main_cat='Home Audio & Theater' AND overall>=3.0,0.2,0.1962,10,24,0.03,1.1328,1.1628,10,10,1.0
post_filter,main_cat='Home Audio & Theater' AND overall>=3.0,0.2,0.1962,10,25,0.0165,0.4269,0.4433,10,10,0.6
post_filter,main_cat='Home Audio & Theater' AND overall>=3.0,0.2,0.1962,10,26,0.0698,0.9405,1.0103,10,10,0.9
post_filter,main_cat='Home Audio & Theater' AND overall>=3.0,0.2,0.1962,10,27,0.0912,0.8546,0.9458,10,10,1.0
post_filter,main_cat='Home Audio & Theater' AND overall>=3.0,0.2,0.1962,10,28,0.0603,1.0808,1.141,10,10,1.0
post_filter,main_cat='Home Audio & Theater' AND overall>=3.0,0.2,0.1962,10,29,0.0187,0.8451,0.8638,10,10,1.0
post_filter,main_cat='Home Audio & Theater' AND overall>=3.0,0.2,0.1962,10,30,0.0478,0.9018,0.9497,10,10,0.0
post_filter,main_cat='Home Audio & Theater' AND overall>=3.0,0.2,0.1962,10,31,0.0321,0.9745,1.0067,10,10,1.0
post_filter,main_cat='Home Audio & Theater' AND overall>=3.0,0.2,0.1962,10,32,0.052,0.8788,0.9308,10,10,1.0
post_filter,main_cat='Home Audio & Theater' AND overall>=3.0,0.2,0.1962,10,33,0.1863,0.5486,0.7349,10,10,0.6
post_filter,main_cat='Home Audio & Theater' AND overall>=3.0,0.2,0.1962,10,34,0.0192,0.8196,0.8388,10,10,1.0
post_filter,main_cat='Home Audio & Theater' AND overall>=3.0,0.2,0.1962,10,35,0.065,0.9372,1.0022,10,10,1.0
post_filter,main_cat='Home Audio & Theater' AND overall>=3.0,0.2,0.1962,10,36,0.1736,0.8223,0.9959,10,10,0.9
post_filter,main_cat='Home Audio & Theater' AND overall>=3.0,0.2,0.1962,10,37,0.0603,1.1448,1.2051,10,10,1.0
post_filter,main_cat='Home Audio & Theater' AND overall>=3.0,0.2,0.1962,10,38,0.0698,1.1323,1.2021,10,10,1.0
post_filter,main_cat='Home Audio & Theater' AND overall>=3.0,0.2,0.1962,10,39,0.0292,0.7048,0.734,10,10,1.0
post_filter,main_cat='Home Audio & Theater' AND overall>=3.0,0.2,0.1962,10,40,0.045,1.0459,1.0909,10,10,1.0
post_filter,main_cat='Home Audio & Theater' AND overall>=3.0,0.2,0.1962,10,41,0.1206,0.6752,0.7959,10,10,1.0
post_filter,main_cat='Home Audio & Theater' AND overall>=3.0,0.2,0.1962,10,42,0.0245,0.8637,0.8881,10,10,1.0
post_filter,main_cat='Home Audio & Theater' AND overall>=3.0,0.2,0.1962,10,43,0.0338,0.5934,0.6271,10,10,0.9
post_filter,main_cat='Home Audio & Theater' AND overall>=3.0,0.2,0.1962,10,44,0.2388,0.8019,1.0408,10,10,1.0
post_filter,main_cat='Home Audio & Theater' AND overall>=3.0,0.2,0.1962,10,45,0.0261,0.9366,0.9627,10,10,1.0
post_filter,main_cat='Home Audio & Theater' AND overall>=3.0,0.2,0.1962,10,46,0.0187,0.7696,0.7883,10,10,1.0
post_filter,main_cat='Home Audio & Theater' AND overall>=3.0,0.2,0.1962,10,47,0.0345,0.3423,0.3768,10,10,0.1
post_filter,main_cat='Home Audio & Theater' AND overall>=3.0,0.2,0.1962,10,48,0.044,0.9205,0.9645,10,10,1.0
post_filter,main_cat='Home Audio & Theater' AND overall>=3.0,0.2,0.1962,10,49,0.0313,0.5272,0.5585,10,10,1.0
bitmap_prefilter,main_cat='Home Audio & Theater' AND overall>=3.0,0.2,0.1962,10,0,0.0519,12.0603,12.1122,38011,10,1.0
bitmap_prefilter,main_cat='Home Audio & Theater' AND overall>=3.0,0.2,0.1962,10,1,0.055,11.2858,11.3408,38011,10,1.0
bitmap_prefilter,main_cat='Home Audio & Theater' AND overall>=3.0,0.2,0.1962,10,2,0.0496,12.2707,12.3203,38011,10,1.0
bitmap_prefilter,main_cat='Home Audio & Theater' AND overall>=3.0,0.2,0.1962,10,3,0.0641,12.2103,12.2744,38011,10,1.0
bitmap_prefilter,main_cat='Home Audio & Theater' AND overall>=3.0,0.2,0.1962,10,4,0.0544,11.5519,11.6063,38011,10,1.0
bitmap_prefilter,main_cat='Home Audio & Theater' AND overall>=3.0,0.2,0.1962,10,5,0.0603,12.0636,12.1239,38011,10,1.0
bitmap_prefilter,main_cat='Home Audio & Theater' AND overall>=3.0,0.2,0.1962,10,6,0.0548,12.2222,12.277,38011,10,1.0
bitmap_prefilter,main_cat='Home Audio & Theater' AND overall>=3.0,0.2,0.1962,10,7,0.0664,12.465,12.5314,38011,10,1.0
bitmap_prefilter,main_cat='Home Audio & Theater' AND overall>=3.0,0.2,0.1962,10,8,0.0524,11.3361,11.3885,38011,10,1.0
bitmap_prefilter,main_cat='Home Audio & Theater' AND overall>=3.0,0.2,0.1962,10,9,0.0565,12.0815,12.138,38011,10,1.0
bitmap_prefilter,main_cat='Home Audio & Theater' AND overall>=3.0,0.2,0.1962,10,10,0.0525,12.1369,12.1895,38011,10,1.0
bitmap_prefilter,main_cat='Home Audio & Theater' AND overall>=3.0,0.2,0.1962,10,11,0.0573,20.1665,20.2238,38011,10,1.0
bitmap_prefilter,main_cat='Home Audio & Theater' AND overall>=3.0,0.2,0.1962,10,12,0.1565,15.4894,15.6459,38011,10,1.0
bitmap_prefilter,main_cat='Home Audio & Theater' AND overall>=3.0,0.2,0.1962,10,13,0.1177,16.154,16.2717,38011,10,1.0
bitmap_prefilter,main_cat='Home Audio & Theater' AND overall>=3.0,0.2,0.1962,10,14,0.0711,14.2164,14.2875,38011,10,1.0
bitmap_prefilter,main_cat='Home Audio & Theater' AND overall>=3.0,0.2,0.1962,10,15,0.0732,13.403,13.4762,38011,10,1.0
bitmap_prefilter,main_cat='Home Audio & Theater' AND overall>=3.0,0.2,0.1962,10,16,0.066,13.6528,13.7188,38011,10,1.0
bitmap_prefilter,main_cat='Home Audio & Theater' AND overall>=3.0,0.2,0.1962,10,17,0.0789,13.7567,13.8356,38011,10,1.0
bitmap_prefilter,main_cat='Home Audio & Theater' AND overall>=3.0,0.2,0.1962,10,18,0.069,12.7883,12.8572,38011,10,1.0
bitmap_prefilter,main_cat='Home Audio & Theater' AND overall>=3.0,0.2,0.1962,10,19,0.0621,12.3521,12.4142,38011,10,1.0
bitmap_prefilter,main_cat='Home Audio & Theater' AND overall>=3.0,0.2,0.1962,10,20,0.0671,11.9519,12.019,38011,10,1.0
bitmap_prefilter,main_cat='Home Audio & Theater' AND overall>=3.0,0.2,0.1962,10,21,0.0687,12.2806,12.3493,38011,10,1.0
bitmap_prefilter,main_cat='Home Audio & Theater' AND overall>=3.0,0.2,0.1962,10,22,0.1615,12.3303,12.4918,38011,10,1.0
bitmap_prefilter,main_cat='Home Audio & Theater' AND overall>=3.0,0.2,0.1962,10,23,0.0677,13.3538,13.4215,38011,10,1.0
bitmap_prefilter,main_cat='Home Audio & Theater' AND overall>=3.0,0.2,0.1962,10,24,0.0622,13.0984,13.1607,38011,10,1.0
bitmap_prefilter,main_cat='Home Audio & Theater' AND overall>=3.0,0.2,0.1962,10,25,0.0717,13.0035,13.0753,38011,10,1.0
bitmap_prefilter,main_cat='Home Audio & Theater' AND overall>=3.0,0.2,0.1962,10,26,0.0619,12.3302,12.392,38011,10,1.0
bitmap_prefilter,main_cat='Home Audio & Theater' AND overall>=3.0,0.2,0.1962,10,27,0.067,12.7947,12.8616,38011,10,1.0
bitmap_prefilter,main_cat='Home Audio & Theater' AND overall>=3.0,0.2,0.1962,10,28,0.071,12.5185,12.5895,38011,10,1.0
bitmap_prefilter,main_cat='Home Audio & Theater' AND overall>=3.0,0.2,0.1962,10,29,0.0651,12.3995,12.4647,38011,10,1.0
bitmap_prefilter,main_cat='Home Audio & Theater' AND overall>=3.0,0.2,0.1962,10,30,0.0663,12.1224,12.1887,38011,10,1.0
bitmap_prefilter,main_cat='Home Audio & Theater' AND overall>=3.0,0.2,0.1962,10,31,0.0632,12.3296,12.3928,38011,10,1.0
bitmap_prefilter,main_cat='Home Audio & Theater' AND overall>=3.0,0.2,0.1962,10,32,0.0653,12.6615,12.7268,38011,10,1.0
bitmap_prefilter,main_cat='Home Audio & Theater' AND overall>=3.0,0.2,0.1962,10,33,0.0644,12.0121,12.0765,38011,10,1.0
bitmap_prefilter,main_cat='Home Audio & Theater' AND overall>=3.0,0.2,0.1962,10,34,0.0556,11.687,11.7426,38011,10,1.0
bitmap_prefilter,main_cat='Home Audio & Theater' AND overall>=3.0,0.2,0.1962,10,35,0.052,11.6912,11.7432,38011,10,1.0
bitmap_prefilter,main_cat='Home Audio & Theater' AND overall>=3.0,0.2,0.1962,10,36,0.0621,11.7192,11.7814,38011,10,1.0
bitmap_prefilter,main_cat='Home Audio & Theater' AND overall>=3.0,0.2,0.1962,10,37,0.0535,11.5193,11.5728,38011,10,1.0
bitmap_prefilter,main_cat='Home Audio & Theater' AND overall>=3.0,0.2,0.1962,10,38,0.0545,11.8043,11.8588,38011,10,1.0
bitmap_prefilter,main_cat='Home Audio & Theater' AND overall>=3.0,0.2,0.1962,10,39,0.052,11.8264,11.8784,38011,10,1.0
bitmap_prefilter,main_cat='Home Audio & Theater' AND overall>=3.0,0.2,0.1962,10,40,0.0511,11.5428,11.5939,38011,10,1.0
bitmap_prefilter,main_cat='Home Audio & Theater' AND overall>=3.0,0.2,0.1962,10,41,0.0518,11.6281,11.6799,38011,10,1.0
bitmap_prefilter,main_cat='Home Audio & Theater' AND overall>=3.0,0.2,0.1962,10,42,0.0479,11.7185,11.7664,38011,10,1.0
bitmap_prefilter,main_cat='Home Audio & Theater' AND overall>=3.0,0.2,0.1962,10,43,0.0489,12.0455,12.0944,38011,10,1.0
bitmap_prefilter,main_cat='Home Audio & Theater' AND overall>=3.0,0.2,0.1962,10,44,0.0496,11.7845,11.8341,38011,10,1.0
bitmap_prefilter,main_cat='Home Audio & Theater' AND overall>=3.0,0.2,0.1962,10,45,0.0488,12.1482,12.197,38011,10,1.0
bitmap_prefilter,main_cat='Home Audio & Theater' AND overall>=3.0,0.2,0.1962,10,46,0.0487,11.6611,11.7098,38011,10,1.0
bitmap_prefilter,main_cat='Home Audio & Theater' AND overall>=3.0,0.2,0.1962,10,47,0.0476,11.3355,11.3831,38011,10,0.0
bitmap_prefilter,main_cat='Home Audio & Theater' AND overall>=3.0,0.2,0.1962,10,48,0.0475,11.4055,11.4529,38011,10,1.0
bitmap_prefilter,main_cat='Home Audio & Theater' AND overall>=3.0,0.2,0.1962,10,49,0.0504,11.2816,11.332,38011,10,1.0
brute_force,main_cat='Home Audio & Theater' AND overall>=3.0,0.2,0.1962,50,0,0.0956,25.3152,25.4107,50,50,1.0
brute_force,main_cat='Home Audio & Theater' AND overall>=3.0,0.2,0.1962,50,1,0.1282,25.4061,25.5343,50,50,1.0
brute_force,main_cat='Home Audio & Theater' AND overall>=3.0,0.2,0.1962,50,2,0.3221,25.4685,25.7906,50,50,1.0
brute_force,main_cat='Home Audio & Theater' AND overall>=3.0,0.2,0.1962,50,3,0.1446,25.5369,25.6815,50,50,1.0
brute_force,main_cat='Home Audio & Theater' AND overall>=3.0,0.2,0.1962,50,4,0.211,25.129,25.34,50,50,1.0
brute_force,main_cat='Home Audio & Theater' AND overall>=3.0,0.2,0.1962,50,5,0.5287,25.3902,25.9189,50,50,1.0
brute_force,main_cat='Home Audio & Theater' AND overall>=3.0,0.2,0.1962,50,6,0.1415,25.2342,25.3756,50,50,1.0
brute_force,main_cat='Home Audio & Theater' AND overall>=3.0,0.2,0.1962,50,7,0.3808,25.4308,25.8116,50,50,1.0
brute_force,main_cat='Home Audio & Theater' AND overall>=3.0,0.2,0.1962,50,8,0.1054,25.0849,25.1903,50,50,0.96
brute_force,main_cat='Home Audio & Theater' AND overall>=3.0,0.2,0.1962,50,9,0.121,25.0768,25.1978,50,50,1.0
brute_force,main_cat='Home Audio & Theater' AND overall>=3.0,0.2,0.1962,50,10,0.1721,24.7515,24.9236,50,50,1.0
brute_force,main_cat='Home Audio & Theater' AND overall>=3.0,0.2,0.1962,50,11,0.1371,25.0313,25.1685,50,50,1.0
brute_force,main_cat='Home Audio & Theater' AND overall>=3.0,0.2,0.1962,50,12,0.0918,24.9051,24.9968,50,50,1.0
brute_force,main_cat='Home Audio & Theater' AND overall>=3.0,0.2,0.1962,50,13,0.0897,25.5783,25.668,50,50,1.0
brute_force,main_cat='Home Audio & Theater' AND overall>=3.0,0.2,0.1962,50,14,0.5788,24.853,25.4318,50,50,1.0
brute_force,main_cat='Home Audio & Theater' AND overall>=3.0,0.2,0.1962,50,15,0.5792,25.2418,25.821,50,50,1.0
brute_force,main_cat='Home Audio & Theater' AND overall>=3.0,0.2,0.1962,50,16,0.1728,24.9391,25.1119,50,50,1.0
brute_force,main_cat='Home Audio & Theater' AND overall>=3.0,0.2,0.1962,50,17,0.2393,25.0846,25.3239,50,50,1.0
brute_force,main_cat='Home Audio & Theater' AND overall>=3.0,0.2,0.1962,50,18,0.4583,25.1578,25.6162,50,50,1.0
brute_force,main_cat='Home Audio & Theater' AND overall>=3.0,0.2,0.1962,50,19,0.2555,25.0569,25.3125,50,50,1.0
brute_force,main_cat='Home Audio & Theater' AND overall>=3.0,0.2,0.1962,50,20,0.1885,25.2799,25.4684,50,50,1.0
brute_force,main_cat='Home Audio & Theater' AND overall>=3.0,0.2,0.1962,50,21,0.3803,25.2749,25.6552,50,50,1.0
brute_force,main_cat='Home Audio & Theater' AND overall>=3.0,0.2,0.1962,50,22,0.5768,25.0725,25.6493,50,50,1.0
brute_force,main_cat='Home Audio & Theater' AND overall>=3.0,0.2,0.1962,50,23,0.1788,25.274,25.4528,50,50,1.0
brute_force,main_cat='Home Audio & Theater' AND overall>=3.0,0.2,0.1962,50,24,0.178,26.1593,26.3373,50,50,1.0
brute_force,main_cat='Home Audio & Theater' AND overall>=3.0,0.2,0.1962,50,25,0.0923,25.8721,25.9644,50,50,1.0
brute_force,main_cat='Home Audio & Theater' AND overall>=3.0,0.2,0.1962,50,26,0.2828,25.6138,25.8965,50,50,1.0
brute_force,main_cat='Home Audio & Theater' AND overall>=3.0,0.2,0.1962,50,27,0.5181,25.7887,26.3068,50,50,1.0
brute_force,main_cat='Home Audio & Theater' AND overall>=3.0,0.2,0.1962,50,28,0.2679,25.5978,25.8657,50,50,1.0
brute_force,main_cat='Home Audio & Theater' AND overall>=3.0,0.2,0.1962,50,29,0.1283,25.4883,25.6166,50,50,1.0
brute_force,main_cat='Home Audio & Theater' AND overall>=3.0,0.2,0.1962,50,30,0.176,25.1756,25.3516,50,50,1.0
brute_force,main_cat='Home Audio & Theater' AND overall>=3.0,0.2,0.1962,50,31,0.1488,24.6819,24.8307,50,50,1.0
brute_force,main_cat='Home Audio & Theater' AND overall>=3.0,0.2,0.1962,50,32,0.3281,24.7696,25.0977,50,50,1.0
brute_force,main_cat='Home Audio & Theater' AND overall>=3.0,0.2,0.1962,50,33,0.396,24.7472,25.1431,50,50,1.0
brute_force,main_cat='Home Audio & Theater' AND overall>=3.0,0.2,0.1962,50,34,0.0997,24.7856,24.8852,50,50,1.0
brute_force,main_cat='Home Audio & Theater' AND overall>=3.0,0.2,0.1962,50,35,0.2709,24.9459,25.2168,50,50,1.0
brute_force,main_cat='Home Audio & Theater' AND overall>=3.0,0.2,0.1962,50,36,0.491,24.7269,25.2179,50,50,1.0
brute_force,main_cat='Home Audio & Theater' AND overall>=3.0,0.2,0.1962,50,37,0.1411,24.7155,24.8566,50,50,1.0
brute_force,main_cat='Home Audio & Theater' AND overall>=3.0,0.2,0.1962,50,38,0.3423,24.8433,25.1857,50,50,1.0
brute_force,main_cat='Home Audio & Theater' AND overall>=3.0,0.2,0.1962,50,39,0.1628,25.0123,25.1751,50,50,1.0
brute_force,main_cat='Home Audio & Theater' AND overall>=3.0,0.2,0.1962,50,40,0.1814,24.9326,25.114,50,50,1.0
brute_force,main_cat='Home Audio & Theater' AND overall>=3.0,0.2,0.1962,50,41,0.501,25.0885,25.5894,50,50,1.0
brute_force,main_cat='Home Audio & Theater' AND overall>=3.0,0.2,0.1962,50,42,0.1378,25.0096,25.1474,50,50,1.0
brute_force,main_cat='Home Audio & Theater' AND overall>=3.0,0.2,0.1962,50,43,0.1779,25.2698,25.4476,50,50,1.0
brute_force,main_cat='Home Audio & Theater' AND overall>=3.0,0.2,0.1962,50,44,0.9741,25.0145,25.9886,50,50,1.0
brute_force,main_cat='Home Audio & Theater' AND overall>=3.0,0.2,0.1962,50,45,0.1285,25.0692,25.1977,50,50,1.0
brute_force,main_cat='Home Audio & Theater' AND overall>=3.0,0.2,0.1962,50,46,0.097,24.9756,25.0726,50,50,1.0
brute_force,main_cat='Home Audio & Theater' AND overall>=3.0,0.2,0.1962,50,47,0.1757,25.179,25.3547,50,50,1.0
brute_force,main_cat='Home Audio & Theater' AND overall>=3.0,0.2,0.1962,50,48,0.2134,24.8179,25.0313,50,50,1.0
brute_force,main_cat='Home Audio & Theater' AND overall>=3.0,0.2,0.1962,50,49,0.1898,25.0303,25.2201,50,50,1.0
naive_prefilter,main_cat='Home Audio & Theater' AND overall>=3.0,0.2,0.1962,50,0,17.1833,11.9478,29.131,38011,50,1.0
naive_prefilter,main_cat='Home Audio & Theater' AND overall>=3.0,0.2,0.1962,50,1,17.2712,12.0248,29.296,38011,50,1.0
naive_prefilter,main_cat='Home Audio & Theater' AND overall>=3.0,0.2,0.1962,50,2,17.1035,11.9845,29.0879,38011,50,1.0
naive_prefilter,main_cat='Home Audio & Theater' AND overall>=3.0,0.2,0.1962,50,3,17.172,12.0737,29.2457,38011,50,1.0
naive_prefilter,main_cat='Home Audio & Theater' AND overall>=3.0,0.2,0.1962,50,4,17.1245,11.8538,28.9782,38011,50,1.0
naive_prefilter,main_cat='Home Audio & Theater' AND overall>=3.0,0.2,0.1962,50,5,17.1093,11.9464,29.0557,38011,50,1.0
naive_prefilter,main_cat='Home Audio & Theater' AND overall>=3.0,0.2,0.1962,50,6,17.196,12.5445,29.7404,38011,50,1.0
naive_prefilter,main_cat='Home Audio & Theater' AND overall>=3.0,0.2,0.1962,50,7,21.2998,52.2721,73.5719,38011,50,1.0
naive_prefilter,main_cat='Home Audio & Theater' AND overall>=3.0,0.2,0.1962,50,8,37.2171,12.3517,49.5687,38011,50,0.96
naive_prefilter,main_cat='Home Audio & Theater' AND overall>=3.0,0.2,0.1962,50,9,18.1942,12.1989,30.3931,38011,50,1.0
naive_prefilter,main_cat='Home Audio & Theater' AND overall>=3.0,0.2,0.1962,50,10,17.9643,13.3311,31.2953,38011,50,1.0
naive_prefilter,main_cat='Home Audio & Theater' AND overall>=3.0,0.2,0.1962,50,11,17.8657,13.4399,31.3055,38011,50,1.0
naive_prefilter,main_cat='Home Audio & Theater' AND overall>=3.0,0.2,0.1962,50,12,17.9989,12.8766,30.8755,38011,50,1.0
naive_prefilter,main_cat='Home Audio & Theater' AND overall>=3.0,0.2,0.1962,50,13,17.8422,13.0116,30.8538,38011,50,1.0
naive_prefilter,main_cat='Home Audio & Theater' AND overall>=3.0,0.2,0.1962,50,14,17.8824,12.9927,30.8751,38011,50,1.0
naive_prefilter,main_cat='Home Audio & Theater' AND overall>=3.0,0.2,0.1962,50,15,17.8696,12.1654,30.035,38011,50,1.0
naive_prefilter,main_cat='Home Audio & Theater' AND overall>=3.0,0.2,0.1962,50,16,17.6262,12.0937,29.72,38011,50,1.0
naive_prefilter,main_cat='Home Audio & Theater' AND overall>=3.0,0.2,0.1962,50,17,17.6635,12.3568,30.0202,38011,50,1.0
naive_prefilter,main_cat='Home Audio & Theater' AND overall>=3.0,0.2,0.1962,50,18,17.4189,12.4475,29.8664,38011,50,1.0
naive_prefilter,main_cat='Home Audio & Theater' AND overall>=3.0,0.2,0.1962,50,19,17.2755,12.6136,29.8891,38011,50,1.0
naive_prefilter,main_cat='Home Audio & Theater' AND overall>=3.0,0.2,0.1962,50,20,17.1369,12.366,29.5029,38011,50,1.0
naive_prefilter,main_cat='Home Audio & Theater' AND overall>=3.0,0.2,0.1962,50,21,17.0747,12.0655,29.1402,38011,50,1.0
naive_prefilter,main_cat='Home Audio & Theater' AND overall>=3.0,0.2,0.1962,50,22,16.9948,12.5438,29.5386,38011,50,1.0
naive_prefilter,main_cat='Home Audio & Theater' AND overall>=3.0,0.2,0.1962,50,23,17.0924,12.7647,29.8571,38011,50,1.0
naive_prefilter,main_cat='Home Audio & Theater' AND overall>=3.0,0.2,0.1962,50,24,17.0882,12.5312,29.6195,38011,50,1.0
naive_prefilter,main_cat='Home Audio & Theater' AND overall>=3.0,0.2,0.1962,50,25,35.2176,14.441,49.6586,38011,50,1.0
naive_prefilter,main_cat='Home Audio & Theater' AND overall>=3.0,0.2,0.1962,50,26,18.7043,13.1539,31.8582,38011,50,1.0
naive_prefilter,main_cat='Home Audio & Theater' AND overall>=3.0,0.2,0.1962,50,27,17.5373,12.5982,30.1356,38011,50,1.0
naive_prefilter,main_cat='Home Audio & Theater' AND overall>=3.0,0.2,0.1962,50,28,17.6764,12.2559,29.9323,38011,50,1.0
naive_prefilter,main_cat='Home Audio & Theater' AND overall>=3.0,0.2,0.1962,50,29,17.8052,12.4517,30.257,38011,50,1.0
naive_prefilter,main_cat='Home Audio & Theater' AND overall>=3.0,0.2,0.1962,50,30,17.6455,12.2261,29.8715,38011,50,1.0
naive_prefilter,main_cat='Home Audio & Theater' AND overall>=3.0,0.2,0.1962,50,31,17.8475,12.472,30.3195,38011,50,1.0
naive_prefilter,main_cat='Home Audio & Theater' AND overall>=3.0,0.2,0.1962,50,32,22.9984,12.7051,35.7035,38011,50,1.0
naive_prefilter,main_cat='Home Audio & Theater' AND overall>=3.0,0.2,0.1962,50,33,17.603,12.3665,29.9695,38011,50,1.0
naive_prefilter,main_cat='Home Audio & Theater' AND overall>=3.0,0.2,0.1962,50,34,17.6895,12.401,30.0906,38011,50,1.0
naive_prefilter,main_cat='Home Audio & Theater' AND overall>=3.0,0.2,0.1962,50,35,17.484,12.6631,30.1472,38011,50,1.0
naive_prefilter,main_cat='Home Audio & Theater' AND overall>=3.0,0.2,0.1962,50,36,17.6182,11.944,29.5622,38011,50,1.0
naive_prefilter,main_cat='Home Audio & Theater' AND overall>=3.0,0.2,0.1962,50,37,17.2571,11.8846,29.1417,38011,50,1.0
naive_prefilter,main_cat='Home Audio & Theater' AND overall>=3.0,0.2,0.1962,50,38,17.3887,11.9116,29.3003,38011,50,1.0
naive_prefilter,main_cat='Home Audio & Theater' AND overall>=3.0,0.2,0.1962,50,39,17.5397,11.9693,29.509,38011,50,1.0
naive_prefilter,main_cat='Home Audio & Theater' AND overall>=3.0,0.2,0.1962,50,40,17.1623,12.1801,29.3425,38011,50,1.0
naive_prefilter,main_cat='Home Audio & Theater' AND overall>=3.0,0.2,0.1962,50,41,17.5969,12.056,29.6529,38011,50,1.0
naive_prefilter,main_cat='Home Audio & Theater' AND overall>=3.0,0.2,0.1962,50,42,17.511,11.8944,29.4054,38011,50,1.0
naive_prefilter,main_cat='Home Audio & Theater' AND overall>=3.0,0.2,0.1962,50,43,17.3117,11.8295,29.1411,38011,50,1.0
naive_prefilter,main_cat='Home Audio & Theater' AND overall>=3.0,0.2,0.1962,50,44,17.4756,11.9425,29.4181,38011,50,1.0
naive_prefilter,main_cat='Home Audio & Theater' AND overall>=3.0,0.2,0.1962,50,45,17.3953,11.9153,29.3106,38011,50,1.0
naive_prefilter,main_cat='Home Audio & Theater' AND overall>=3.0,0.2,0.1962,50,46,17.321,11.981,29.302,38011,50,1.0
naive_prefilter,main_cat='Home Audio & Theater' AND overall>=3.0,0.2,0.1962,50,47,17.3488,11.8367,29.1855,38011,50,0.96
naive_prefilter,main_cat='Home Audio & Theater' AND overall>=3.0,0.2,0.1962,50,48,17.1597,11.8809,29.0406,38011,50,1.0
naive_prefilter,main_cat='Home Audio & Theater' AND overall>=3.0,0.2,0.1962,50,49,17.2628,12.1014,29.3642,38011,50,1.0
post_filter,main_cat='Home Audio & Theater' AND overall>=3.0,0.2,0.1962,50,0,0.0347,0.5333,0.568,50,50,1.0
post_filter,main_cat='Home Audio & Theater' AND overall>=3.0,0.2,0.1962,50,1,0.0983,1.1053,1.2037,50,50,1.0
post_filter,main_cat='Home Audio & Theater' AND overall>=3.0,0.2,0.1962,50,2,0.2758,0.8305,1.1063,50,50,0.9
post_filter,main_cat='Home Audio & Theater' AND overall>=3.0,0.2,0.1962,50,3,0.1296,1.0488,1.1785,50,50,0.86
post_filter,main_cat='Home Audio & Theater' AND overall>=3.0,0.2,0.1962,50,4,0.2177,1.275,1.4927,50,50,0.8
post_filter,main_cat='Home Audio & Theater' AND overall>=3.0,0.2,0.1962,50,5,0.5382,1.0344,1.5726,50,50,0.8
post_filter,main_cat='Home Audio & Theater' AND overall>=3.0,0.2,0.1962,50,6,0.1161,1.1242,1.2403,50,50,1.0
post_filter,main_cat='Home Audio & Theater' AND overall>=3.0,0.2,0.1962,50,7,0.3503,0.7748,1.1251,50,50,0.84
post_filter,main_cat='Home Audio & Theater' AND overall>=3.0,0.2,0.1962,50,8,0.086,1.1428,1.2288,50,50,0.96
post_filter,main_cat='Home Audio & Theater' AND overall>=3.0,0.2,0.1962,50,9,0.0952,1.1163,1.2115,50,50,0.98
post_filter,main_cat='Home Audio & Theater' AND overall>=3.0,0.2,0.1962,50,10,0.1364,0.9987,1.1352,50,50,0.98
post_filter,main_cat='Home Audio & Theater' AND overall>=3.0,0.2,0.1962,50,11,0.1085,0.9807,1.0892,50,50,1.0
post_filter,main_cat='Home Audio & Theater' AND overall>=3.0,0.2,0.1962,50,12,0.0788,0.8073,0.8861,50,50,1.0
post_filter,main_cat='Home Audio & Theater' AND overall>=3.0,0.2,0.1962,50,13,0.0708,0.8348,0.9056,50,50,1.0
post_filter,main_cat='Home Audio & Theater' AND overall>=3.0,0.2,0.1962,50,14,0.4517,0.6275,1.0792,50,50,0.78
post_filter,main_cat='Home Audio & Theater' AND overall>=3.0,0.2,0.1962,50,15,0.7012,0.5603,1.2615,47,47,0.32
post_filter,main_cat='Home Audio & Theater' AND overall>=3.0,0.2,0.1962,50,16,0.1561,1.0395,1.1956,50,50,0.94
post_filter,main_cat='Home Audio & Theater' AND overall>=3.0,0.2,0.1962,50,17,0.2232,0.8323,1.0555,50,50,0.84
post_filter,main_cat='Home Audio & Theater' AND overall>=3.0,0.2,0.1962,50,18,0.4009,0.9498,1.3507,50,50,0.86
post_filter,main_cat='Home Audio & Theater' AND overall>=3.0,0.2,0.1962,50,19,0.2008,1.0064,1.2071,50,50,0.86
post_filter,main_cat='Home Audio & Theater' AND overall>=3.0,0.2,0.1962,50,20,0.1469,0.6955,0.8424,50,50,0.98
post_filter,main_cat='Home Audio & Theater' AND overall>=3.0,0.2,0.1962,50,21,0.3315,0.7417,1.0732,50,50,0.42
post_filter,main_cat='Home Audio & Theater' AND overall>=3.0,0.2,0.1962,50,22,0.4695,0.8005,1.27,50,50,0.52
post_filter,main_cat='Home Audio & Theater' AND overall>=3.0,0.2,0.1962,50,23,0.136,0.7438,0.8797,50,50,1.0
post_filter,main_cat='Home Audio & Theater' AND overall>=3.0,0.2,0.1962,50,24,0.1278,1.0932,1.221,50,50,0.98
post_filter,main_cat='Home Audio & Theater' AND overall>=3.0,0.2,0.1962,50,25,0.075,0.3308,0.4058,50,50,0.82
post_filter,main_cat='Home Audio & Theater' AND overall>=3.0,0.2,0.1962,50,26,0.2284,0.9755,1.204,50,50,0.9
post_filter,main_cat='Home Audio & Theater' AND overall>=3.0,0.2,0.1962,50,27,0.3969,0.927,1.3239,50,50,0.92
post_filter,main_cat='Home Audio & Theater' AND overall>=3.0,0.2,0.1962,50,28,0.1897,0.9713,1.161,50,50,0.92
post_filter,main_cat='Home Audio & Theater' AND overall>=3.0,0.2,0.1962,50,29,0.0987,0.5963,0.6951,50,50,0.96
post_filter,main_cat='Home Audio & Theater' AND overall>=3.0,0.2,0.1962,50,30,0.1424,0.4605,0.6029,50,50,0.0
post_filter,main_cat='Home Audio & Theater' AND overall>=3.0,0.2,0.1962,50,31,0.1208,0.9607,1.0815,50,50,0.96
post_filter,main_cat='Home Audio & Theater' AND overall>=3.0,0.2,0.1962,50,32,0.2752,0.7482,1.0234,50,50,0.96
post_filter,main_cat='Home Audio & Theater' AND overall>=3.0,0.2,0.1962,50,33,0.3613,0.5623,0.9236,50,50,0.48
post_filter,main_cat='Home Audio & Theater' AND overall>=3.0,0.2,0.1962,50,34,0.0833,0.941,1.0243,50,50,1.0
post_filter,main_cat='Home Audio & Theater' AND overall>=3.0,0.2,0.1962,50,35,0.2334,0.9899,1.2233,50,50,0.9
post_filter,main_cat='Home Audio & Theater' AND overall>=3.0,0.2,0.1962,50,36,0.4577,0.7906,1.2483,50,50,0.64
post_filter,main_cat='Home Audio & Theater' AND overall>=3.0,0.2,0.1962,50,37,0.115,0.7282,0.8432,50,50,1.0
post_filter,main_cat='Home Audio & Theater' AND overall>=3.0,0.2,0.1962,50,38,0.2938,1.2162,1.51,50,50,0.88
post_filter,main_cat='Home Audio & Theater' AND overall>=3.0,0.2,0.1962,50,39,0.1218,0.5836,0.7054,50,50,0.98
post_filter,main_cat='Home Audio & Theater' AND overall>=3.0,0.2,0.1962,50,40,0.1446,1.2018,1.3464,50,50,0.94
post_filter,main_cat='Home Audio & Theater' AND overall>=3.0,0.2,0.1962,50,41,0.4334,0.6255,1.0588,50,50,0.7
post_filter,main_cat='Home Audio & Theater' AND overall>=3.0,0.2,0.1962,50,42,0.0917,0.963,1.0547,50,50,0.98
post_filter,main_cat='Home Audio & Theater' AND overall>=3.0,0.2,0.1962,50,43,0.1418,0.4794,0.6212,50,50,0.94
post_filter,main_cat='Home Audio & Theater' AND overall>=3.0,0.2,0.1962,50,44,0.7012,0.7178,1.419,50,50,0.7
post_filter,main_cat='Home Audio & Theater' AND overall>=3.0,0.2,0.1962,50,45,0.1048,1.0498,1.1546,50,50,0.92
post_filter,main_cat='Home Audio & Theater' AND overall>=3.0,0.2,0.1962,50,46,0.071,0.8429,0.9139,50,50,1.0
post_filter,main_cat='Home Audio & Theater' AND overall>=3.0,0.2,0.1962,50,47,0.1387,0.3027,0.4415,50,50,0.9
post_filter,main_cat='Home Audio & Theater' AND overall>=3.0,0.2,0.1962,50,48,0.1659,1.0266,1.1925,50,50,0.92
post_filter,main_cat='Home Audio & Theater' AND overall>=3.0,0.2,0.1962,50,49,0.1455,0.4986,0.6441,50,50,0.76
bitmap_prefilter,main_cat='Home Audio & Theater' AND overall>=3.0,0.2,0.1962,50,0,0.068,11.3671,11.4352,38011,50,1.0
bitmap_prefilter,main_cat='Home Audio & Theater' AND overall>=3.0,0.2,0.1962,50,1,0.0577,11.2684,11.3261,38011,50,1.0
bitmap_prefilter,main_cat='Home Audio & Theater' AND overall>=3.0,0.2,0.1962,50,2,0.0533,11.2586,11.3119,38011,50,1.0
bitmap_prefilter,main_cat='Home Audio & Theater' AND overall>=3.0,0.2,0.1962,50,3,0.0515,11.3804,11.4319,38011,50,1.0
bitmap_prefilter,main_cat='Home Audio & Theater' AND overall>=3.0,0.2,0.1962,50,4,0.052,11.2682,11.3202,38011,50,1.0
bitmap_prefilter,main_cat='Home Audio & Theater' AND overall>=3.0,0.2,0.1962,50,5,0.0502,11.3115,11.3618,38011,50,1.0
bitmap_prefilter,main_cat='Home Audio & Theater' AND overall>=3.0,0.2,0.1962,50,6,0.0488,11.3231,11.3719,38011,50,1.0
bitmap_prefilter,main_cat='Home Audio & Theater' AND overall>=3.0,0.2,0.1962,50,7,0.0482,11.3178,11.366,38011,50,1.0
bitmap_prefilter,main_cat='Home Audio & Theater' AND overall>=3.0,0.2,0.1962,50,8,0.0518,11.2903,11.3421,38011,50,0.96
bitmap_prefilter,main_cat='Home Audio & Theater' AND overall>=3.0,0.2,0.1962,50,9,0.0494,11.6562,11.7055,38011,50,1.0
bitmap_prefilter,main_cat='Home Audio & Theater' AND overall>=3.0,0.2,0.1962,50,10,0.0485,11.5794,11.6279,38011,50,1.0
bitmap_prefilter,main_cat='Home Audio & Theater' AND overall>=3.0,0.2,0.1962,50,11,0.0488,11.4778,11.5266,38011,50,1.0
bitmap_prefilter,main_cat='Home Audio & Theater' AND overall>=3.0,0.2,0.1962,50,12,0.0499,11.9469,11.9967,38011,50,1.0
bitmap_prefilter,main_cat='Home Audio & Theater' AND overall>=3.0,0.2,0.1962,50,13,0.0504,12.5544,12.6048,38011,50,1.0
bitmap_prefilter,main_cat='Home Audio & Theater' AND overall>=3.0,0.2,0.1962,50,14,0.0493,11.6677,11.7169,38011,50,1.0
bitmap_prefilter,main_cat='Home Audio & Theater' AND overall>=3.0,0.2,0.1962,50,15,0.0489,11.8538,11.9027,38011,50,1.0
bitmap_prefilter,main_cat='Home Audio & Theater' AND overall>=3.0,0.2,0.1962,50,16,0.0652,11.7068,11.772,38011,50,1.0
bitmap_prefilter,main_cat='Home Audio & Theater' AND overall>=3.0,0.2,0.1962,50,17,0.0724,12.9689,13.0413,38011,50,1.0
bitmap_prefilter,main_cat='Home Audio & Theater' AND overall>=3.0,0.2,0.1962,50,18,0.0546,12.0471,12.1017,38011,50,1.0
bitmap_prefilter,main_cat='Home Audio & Theater' AND overall>=3.0,0.2,0.1962,50,19,0.0656,11.7241,11.7897,38011,50,1.0
bitmap_prefilter,main_cat='Home Audio & Theater' AND overall>=3.0,0.2,0.1962,50,20,0.0542,11.6079,11.662,38011,50,1.0
bitmap_prefilter,main_cat='Home Audio & Theater' AND overall>=3.0,0.2,0.1962,50,21,0.051,12.9807,13.0317,38011,50,1.0
bitmap_prefilter,main_cat='Home Audio & Theater' AND overall>=3.0,0.2,0.1962,50,22,0.0585,11.697,11.7555,38011,50,1.0
bitmap_prefilter,main_cat='Home Audio & Theater' AND overall>=3.0,0.2,0.1962,50,23,0.0709,11.9544,12.0253,38011,50,1.0
bitmap_prefilter,main_cat='Home Audio & Theater' AND overall>=3.0,0.2,0.1962,50,24,0.0571,12.5942,12.6513,38011,50,1.0
bitmap_prefilter,main_cat='Home Audio & Theater' AND overall>=3.0,0.2,0.1962,50,25,0.0639,11.5293,11.5931,38011,50,1.0
bitmap_prefilter,main_cat='Home Audio & Theater' AND overall>=3.0,0.2,0.1962,50,26,0.0521,11.6515,11.7036,38011,50,1.0
bitmap_prefilter,main_cat='Home Audio & Theater' AND overall>=3.0,0.2,0.1962,50,27,0.0603,11.6838,11.7441,38011,50,1.0
bitmap_prefilter,main_cat='Home Audio & Theater' AND overall>=3.0,0.2,0.1962,50,28,0.0678,12.4975,12.5653,38011,50,1.0
bitmap_prefilter,main_cat='Home Audio & Theater' AND overall>=3.0,0.2,0.1962,50,29,0.057,11.5482,11.6051,38011,50,1.0
bitmap_prefilter,main_cat='Home Audio & Theater' AND overall>=3.0,0.2,0.1962,50,30,0.0518,11.3497,11.4015,38011,50,1.0
bitmap_prefilter,main_cat='Home Audio & Theater' AND overall>=3.0,0.2,0.1962,50,31,0.0558,11.27,11.3258,38011,50,1.0
bitmap_prefilter,main_cat='Home Audio & Theater' AND overall>=3.0,0.2,0.1962,50,32,0.0494,11.2765,11.3258,38011,50,1.0
bitmap_prefilter,main_cat='Home Audio & Theater' AND overall>=3.0,0.2,0.1962,50,33,0.0589,11.263,11.3219,38011,50,1.0
bitmap_prefilter,main_cat='Home Audio & Theater' AND overall>=3.0,0.2,0.1962,50,34,0.0492,11.692,11.7412,38011,50,1.0
bitmap_prefilter,main_cat='Home Audio & Theater' AND overall>=3.0,0.2,0.1962,50,35,0.0491,11.2367,11.2858,38011,50,1.0
bitmap_prefilter,main_cat='Home Audio & Theater' AND overall>=3.0,0.2,0.1962,50,36,0.0474,11.2893,11.3366,38011,50,1.0
bitmap_prefilter,main_cat='Home Audio & Theater' AND overall>=3.0,0.2,0.1962,50,37,0.0543,11.2286,11.283,38011,50,1.0
bitmap_prefilter,main_cat='Home Audio & Theater' AND overall>=3.0,0.2,0.1962,50,38,0.0517,11.1677,11.2194,38011,50,1.0
bitmap_prefilter,main_cat='Home Audio & Theater' AND overall>=3.0,0.2,0.1962,50,39,0.0489,11.224,11.2729,38011,50,1.0
bitmap_prefilter,main_cat='Home Audio & Theater' AND overall>=3.0,0.2,0.1962,50,40,0.049,11.2927,11.3418,38011,50,1.0
bitmap_prefilter,main_cat='Home Audio & Theater' AND overall>=3.0,0.2,0.1962,50,41,0.0492,11.2441,11.2933,38011,50,1.0
bitmap_prefilter,main_cat='Home Audio & Theater' AND overall>=3.0,0.2,0.1962,50,42,0.0472,11.1715,11.2187,38011,50,1.0
bitmap_prefilter,main_cat='Home Audio & Theater' AND overall>=3.0,0.2,0.1962,50,43,0.0472,11.3367,11.3839,38011,50,1.0
bitmap_prefilter,main_cat='Home Audio & Theater' AND overall>=3.0,0.2,0.1962,50,44,0.0503,11.2629,11.3132,38011,50,1.0
bitmap_prefilter,main_cat='Home Audio & Theater' AND overall>=3.0,0.2,0.1962,50,45,0.0484,11.2193,11.2676,38011,50,1.0
bitmap_prefilter,main_cat='Home Audio & Theater' AND overall>=3.0,0.2,0.1962,50,46,0.0492,11.4315,11.4807,38011,50,1.0
bitmap_prefilter,main_cat='Home Audio & Theater' AND overall>=3.0,0.2,0.1962,50,47,0.0572,11.2444,11.3016,38011,50,0.96
bitmap_prefilter,main_cat='Home Audio & Theater' AND overall>=3.0,0.2,0.1962,50,48,0.0536,11.1806,11.2342,38011,50,1.0
bitmap_prefilter,main_cat='Home Audio & Theater' AND overall>=3.0,0.2,0.1962,50,49,0.0535,11.3097,11.3632,38011,50,1.0
brute_force,verified=false,0.25,0.2486,10,0,0.032,24.4933,24.5253,10,10,1.0
brute_force,verified=false,0.25,0.2486,10,1,0.0218,24.4632,24.485,10,10,1.0
brute_force,verified=false,0.25,0.2486,10,2,0.0344,24.7609,24.7953,10,10,1.0
brute_force,verified=false,0.25,0.2486,10,3,0.0427,24.8469,24.8896,10,10,1.0
brute_force,verified=false,0.25,0.2486,10,4,0.0305,24.9471,24.9776,10,10,1.0
brute_force,verified=false,0.25,0.2486,10,5,0.0182,24.6176,24.6358,10,10,1.0
brute_force,verified=false,0.25,0.2486,10,6,0.029,25.0174,25.0464,10,10,1.0
brute_force,verified=false,0.25,0.2486,10,7,0.0389,24.6811,24.72,10,10,1.0
brute_force,verified=false,0.25,0.2486,10,8,0.029,24.7152,24.7442,10,10,1.0
brute_force,verified=false,0.25,0.2486,10,9,0.0315,25.2897,25.3211,10,10,1.0
brute_force,verified=false,0.25,0.2486,10,10,0.0309,26.3505,26.3814,10,10,1.0
brute_force,verified=false,0.25,0.2486,10,11,0.0287,24.9095,24.9381,10,10,1.0
brute_force,verified=false,0.25,0.2486,10,12,0.0312,25.1329,25.1641,10,10,1.0
brute_force,verified=false,0.25,0.2486,10,13,0.0488,24.9167,24.9655,10,10,1.0
brute_force,verified=false,0.25,0.2486,10,14,0.0317,25.0674,25.099,10,10,1.0
brute_force,verified=false,0.25,0.2486,10,15,0.0254,24.878,24.9034,10,10,1.0
brute_force,verified=false,0.25,0.2486,10,16,0.0431,25.0071,25.0502,10,10,1.0
brute_force,verified=false,0.25,0.2486,10,17,0.0685,24.6636,24.7321,10,10,1.0
brute_force,verified=false,0.25,0.2486,10,18,0.0165,24.6549,24.6713,10,10,1.0
brute_force,verified=false,0.25,0.2486,10,19,0.0233,24.5365,24.5597,10,10,1.0
brute_force,verified=false,0.25,0.2486,10,20,0.057,25.2238,25.2807,10,10,1.0
brute_force,verified=false,0.25,0.2486,10,21,0.0244,24.907,24.9314,10,10,1.0
brute_force,verified=false,0.25,0.2486,10,22,0.0236,24.7518,24.7754,10,10,1.0
brute_force,verified=false,0.25,0.2486,10,23,0.0614,24.8339,24.8953,10,10,1.0
brute_force,verified=false,0.25,0.2486,10,24,0.0248,25.1683,25.1931,10,10,1.0
brute_force,verified=false,0.25,0.2486,10,25,0.1367,24.6915,24.8282,10,10,1.0
brute_force,verified=false,0.25,0.2486,10,26,0.025,24.7673,24.7923,10,10,1.0
brute_force,verified=false,0.25,0.2486,10,27,0.0179,24.4653,24.4832,10,10,1.0
brute_force,verified=false,0.25,0.2486,10,28,0.0333,25.1403,25.1736,10,10,1.0
brute_force,verified=false,0.25,0.2486,10,29,0.0714,24.5117,24.5831,10,10,1.0
brute_force,verified=false,0.25,0.2486,10,30,0.1193,24.6777,24.7971,10,10,1.0
brute_force,verified=false,0.25,0.2486,10,31,0.0331,24.5889,24.622,10,10,1.0
brute_force,verified=false,0.25,0.2486,10,32,0.0398,25.7384,25.7782,10,10,1.0
brute_force,verified=false,0.25,0.2486,10,33,0.0215,24.5406,24.5621,10,10,1.0
brute_force,verified=false,0.25,0.2486,10,34,0.028,24.5405,24.5685,10,10,1.0
brute_force,verified=false,0.25,0.2486,10,35,0.0185,24.488,24.5065,10,10,1.0
brute_force,verified=false,0.25,0.2486,10,36,0.0311,24.7998,24.8309,10,10,1.0
brute_force,verified=false,0.25,0.2486,10,37,0.058,24.5175,24.5755,10,10,1.0
brute_force,verified=false,0.25,0.2486,10,38,0.023,24.5751,24.5981,10,10,1.0
brute_force,verified=false,0.25,0.2486,10,39,0.0832,24.584,24.6672,10,10,1.0
brute_force,verified=false,0.25,0.2486,10,40,0.0349,24.7339,24.7688,10,10,1.0
brute_force,verified=false,0.25,0.2486,10,41,0.0346,24.4247,24.4593,10,10,1.0
brute_force,verified=false,0.25,0.2486,10,42,0.0173,24.7808,24.7981,10,10,1.0
brute_force,verified=false,0.25,0.2486,10,43,0.1216,25.3957,25.5172,10,10,1.0
brute_force,verified=false,0.25,0.2486,10,44,0.0538,24.9872,25.041,10,10,1.0
brute_force,verified=false,0.25,0.2486,10,45,0.0303,24.5479,24.5782,10,10,1.0
brute_force,verified=false,0.25,0.2486,10,46,0.028,24.6043,24.6322,10,10,1.0
brute_force,verified=false,0.25,0.2486,10,47,0.1382,24.653,24.7912,10,10,1.0
brute_force,verified=false,0.25,0.2486,10,48,0.0379,24.7731,24.811,10,10,1.0
brute_force,verified=false,0.25,0.2486,10,49,0.1256,24.6233,24.749,10,10,1.0
naive_prefilter,verified=false,0.25,0.2486,10,0,15.5158,17.051,32.5668,48178,10,1.0
naive_prefilter,verified=false,0.25,0.2486,10,1,15.522,17.2899,32.8119,48178,10,1.0
naive_prefilter,verified=false,0.25,0.2486,10,2,15.5527,17.016,32.5687,48178,10,1.0
naive_prefilter,verified=false,0.25,0.2486,10,3,15.1734,17.0563,32.2297,48178,10,1.0
naive_prefilter,verified=false,0.25,0.2486,10,4,15.5347,17.1175,32.6521,48178,10,1.0
naive_prefilter,verified=false,0.25,0.2486,10,5,15.3637,16.9958,32.3596,48178,10,1.0
naive_prefilter,verified=false,0.25,0.2486,10,6,15.1902,17.124,32.3142,48178,10,1.0
naive_prefilter,verified=false,0.25,0.2486,10,7,15.4119,17.0612,32.4731,48178,10,1.0
naive_prefilter,verified=false,0.25,0.2486,10,8,15.3158,16.9777,32.2935,48178,10,1.0
naive_prefilter,verified=false,0.25,0.2486,10,9,15.3053,16.9762,32.2815,48178,10,1.0
naive_prefilter,verified=false,0.25,0.2486,10,10,15.039,17.041,32.08,48178,10,1.0
naive_prefilter,verified=false,0.25,0.2486,10,11,15.3642,17.0443,32.4085,48178,10,1.0
naive_prefilter,verified=false,0.25,0.2486,10,12,15.3202,17.2467,32.5669,48178,10,1.0
naive_prefilter,verified=false,0.25,0.2486,10,13,15.3203,17.142,32.4623,48178,10,1.0
naive_prefilter,verified=false,0.25,0.2486,10,14,15.2578,17.0081,32.2659,48178,10,1.0
naive_prefilter,verified=false,0.25,0.2486,10,15,15.4199,17.0829,32.5028,48178,10,1.0
naive_prefilter,verified=false,0.25,0.2486,10,16,15.3182,17.1141,32.4323,48178,10,1.0
naive_prefilter,verified=false,0.25,0.2486,10,17,15.2885,17.0113,32.2998,48178,10,1.0
naive_prefilter,verified=false,0.25,0.2486,10,18,15.3277,17.0475,32.3752,48178,10,1.0
naive_prefilter,verified=false,0.25,0.2486,10,19,15.3793,17.07,32.4493,48178,10,1.0
naive_prefilter,verified=false,0.25,0.2486,10,20,15.4233,17.0227,32.446,48178,10,1.0
naive_prefilter,verified=false,0.25,0.2486,10,21,15.4741,17.2855,32.7596,48178,10,1.0
naive_prefilter,verified=false,0.25,0.2486,10,22,15.2844,17.0592,32.3435,48178,10,1.0
naive_prefilter,verified=false,0.25,0.2486,10,23,15.3806,17.2237,32.6043,48178,10,1.0
naive_prefilter,verified=false,0.25,0.2486,10,24,15.3833,17.0555,32.4388,48178,10,1.0
naive_prefilter,verified=false,0.25,0.2486,10,25,15.2418,17.3267,32.5686,48178,10,1.0
naive_prefilter,verified=false,0.25,0.2486,10,26,15.2632,17.1101,32.3732,48178,10,1.0
naive_prefilter,verified=false,0.25,0.2486,10,27,15.3211,17.1881,32.5092,48178,10,1.0
naive_prefilter,verified=false,0.25,0.2486,10,28,15.4239,17.0357,32.4596,48178,10,1.0
naive_prefilter,verified=false,0.25,0.2486,10,29,15.494,17.2012,32.6952,48178,10,1.0
naive_prefilter,verified=false,0.25,0.2486,10,30,15.4731,17.1305,32.6036,48178,10,0.9
naive_prefilter,verified=false,0.25,0.2486,10,31,15.2454,17.315,32.5604,48178,10,1.0
naive_prefilter,verified=false,0.25,0.2486,10,32,15.5313,17.1566,32.6879,48178,10,1.0
naive_prefilter,verified=false,0.25,0.2486,10,33,15.404,17.2885,32.6925,48178,10,1.0
naive_prefilter,verified=false,0.25,0.2486,10,34,15.5019,17.317,32.8189,48178,10,1.0
naive_prefilter,verified=false,0.25,0.2486,10,35,15.5299,17.1347,32.6646,48178,10,1.0
naive_prefilter,verified=false,0.25,0.2486,10,36,15.4988,17.1473,32.646,48178,10,1.0
naive_prefilter,verified=false,0.25,0.2486,10,37,15.4527,17.1487,32.6015,48178,10,1.0
naive_prefilter,verified=false,0.25,0.2486,10,38,15.5759,17.493,33.0689,48178,10,1.0
naive_prefilter,verified=false,0.25,0.2486,10,39,15.3804,17.9636,33.344,48178,10,1.0
naive_prefilter,verified=false,0.25,0.2486,10,40,15.6162,17.5351,33.1512,48178,10,1.0
naive_prefilter,verified=false,0.25,0.2486,10,41,15.4466,17.6595,33.106,48178,10,1.0
naive_prefilter,verified=false,0.25,0.2486,10,42,15.6334,17.5272,33.1606,48178,10,1.0
naive_prefilter,verified=false,0.25,0.2486,10,43,15.4985,17.6898,33.1883,48178,10,1.0
naive_prefilter,verified=false,0.25,0.2486,10,44,15.443,17.5043,32.9474,48178,10,1.0
naive_prefilter,verified=false,0.25,0.2486,10,45,15.3286,17.1864,32.515,48178,10,1.0
naive_prefilter,verified=false,0.25,0.2486,10,46,15.2614,17.1201,32.3815,48178,10,1.0
naive_prefilter,verified=false,0.25,0.2486,10,47,15.3883,17.0281,32.4164,48178,10,1.0
naive_prefilter,verified=false,0.25,0.2486,10,48,15.3932,17.2614,32.6546,48178,10,1.0
naive_prefilter,verified=false,0.25,0.2486,10,49,15.4673,17.0473,32.5146,48178,10,1.0
post_filter,verified=false,0.25,0.2486,10,0,0.011,0.3605,0.3715,10,10,1.0
post_filter,verified=false,0.25,0.2486,10,1,0.018,0.8341,0.852,10,10,1.0
post_filter,verified=false,0.25,0.2486,10,2,0.0202,0.6804,0.7006,10,10,1.0
post_filter,verified=false,0.25,0.2486,10,3,0.0285,0.6857,0.7142,10,10,1.0
post_filter,verified=false,0.25,0.2486,10,4,0.031,0.9306,0.9616,10,10,1.0
post_filter,verified=false,0.25,0.2486,10,5,0.0142,0.7546,0.7688,10,10,1.0
post_filter,verified=false,0.25,0.2486,10,6,0.0214,0.9109,0.9323,10,10,1.0
post_filter,verified=false,0.25,0.2486,10,7,0.0465,0.701,0.7475,10,10,1.0
post_filter,verified=false,0.25,0.2486,10,8,0.0242,1.0797,1.1039,10,10,1.0
post_filter,verified=false,0.25,0.2486,10,9,0.0167,0.9901,1.0068,10,10,1.0
post_filter,verified=false,0.25,0.2486,10,10,0.0214,0.8322,0.8535,10,10,1.0
post_filter,verified=false,0.25,0.2486,10,11,0.0234,0.8268,0.8502,10,10,1.0
post_filter,verified=false,0.25,0.2486,10,12,0.0253,0.6572,0.6825,10,10,1.0
post_filter,verified=false,0.25,0.2486,10,13,0.0432,0.7316,0.7748,10,10,1.0
post_filter,verified=false,0.25,0.2486,10,14,0.0224,0.519,0.5415,10,10,1.0
post_filter,verified=false,0.25,0.2486,10,15,0.0196,0.4418,0.4614,10,10,1.0
post_filter,verified=false,0.25,0.2486,10,16,0.039,0.8313,0.8703,10,10,1.0
post_filter,verified=false,0.25,0.2486,10,17,0.0587,0.6323,0.691,10,10,1.0
post_filter,verified=false,0.25,0.2486,10,18,0.0165,0.807,0.8236,10,10,1.0
post_filter,verified=false,0.25,0.2486,10,19,0.0214,0.8617,0.8831,10,10,1.0
post_filter,verified=false,0.25,0.2486,10,20,0.039,0.6071,0.6461,10,10,1.0
post_filter,verified=false,0.25,0.2486,10,21,0.0189,0.6272,0.6461,10,10,1.0
post_filter,verified=false,0.25,0.2486,10,22,0.0208,0.678,0.6988,10,10,1.0
post_filter,verified=false,0.25,0.2486,10,23,0.0549,0.6172,0.6721,10,10,1.0
post_filter,verified=false,0.25,0.2486,10,24,0.013,0.8508,0.8638,10,10,1.0
post_filter,verified=false,0.25,0.2486,10,25,0.1198,0.2602,0.38,10,10,0.6
post_filter,verified=false,0.25,0.2486,10,26,0.0175,0.7659,0.7833,10,10,1.0
post_filter,verified=false,0.25,0.2486,10,27,0.011,0.7213,0.7323,10,10,1.0
post_filter,verified=false,0.25,0.2486,10,28,0.0283,0.7592,0.7875,10,10,0.9
post_filter,verified=false,0.25,0.2486,10,29,0.0624,0.4988,0.5612,10,10,1.0
post_filter,verified=false,0.25,0.2486,10,30,0.0704,0.386,0.4563,10,10,0.0
post_filter,verified=false,0.25,0.2486,10,31,0.0271,0.7682,0.7953,10,10,1.0
post_filter,verified=false,0.25,0.2486,10,32,0.0325,0.6107,0.6432,10,10,1.0
post_filter,verified=false,0.25,0.2486,10,33,0.0189,0.4513,0.4702,10,10,1.0
post_filter,verified=false,0.25,0.2486,10,34,0.0241,0.7643,0.7884,10,10,1.0
post_filter,verified=false,0.25,0.2486,10,35,0.014,0.7696,0.7836,10,10,1.0
post_filter,verified=false,0.25,0.2486,10,36,0.0255,0.6483,0.6737,10,10,1.0
post_filter,verified=false,0.25,0.2486,10,37,0.0517,0.5859,0.6376,10,10,1.0
post_filter,verified=false,0.25,0.2486,10,38,0.0172,0.9306,0.9478,10,10,1.0
post_filter,verified=false,0.25,0.2486,10,39,0.0734,0.4651,0.5385,10,10,1.0
post_filter,verified=false,0.25,0.2486,10,40,0.029,0.9204,0.9494,10,10,1.0
post_filter,verified=false,0.25,0.2486,10,41,0.0276,0.5129,0.5405,10,10,1.0
post_filter,verified=false,0.25,0.2486,10,42,0.0123,0.7502,0.7625,10,10,1.0
post_filter,verified=false,0.25,0.2486,10,43,0.0985,0.3945,0.493,10,10,0.9
post_filter,verified=false,0.25,0.2486,10,44,0.0413,0.5814,0.6227,10,10,1.0
post_filter,verified=false,0.25,0.2486,10,45,0.0235,0.8479,0.8714,10,10,1.0
post_filter,verified=false,0.25,0.2486,10,46,0.0239,0.7043,0.7282,10,10,1.0
post_filter,verified=false,0.25,0.2486,10,47,0.1331,0.2547,0.3878,10,10,1.0
post_filter,verified=false,0.25,0.2486,10,48,0.0329,0.849,0.8819,10,10,1.0
post_filter,verified=false,0.25,0.2486,10,49,0.1005,0.4101,0.5107,10,10,0.9
bitmap_prefilter,verified=false,0.25,0.2486,10,0,0.047,16.67,16.717,48178,10,1.0
bitmap_prefilter,verified=false,0.25,0.2486,10,1,0.0703,16.5095,16.5798,48178,10,1.0
bitmap_prefilter,verified=false,0.25,0.2486,10,2,0.0459,16.4979,16.5438,48178,10,1.0
bitmap_prefilter,verified=false,0.25,0.2486,10,3,0.0439,16.2926,16.3365,48178,10,1.0
bitmap_prefilter,verified=false,0.25,0.2486,10,4,0.0554,16.443,16.4984,48178,10,1.0
bitmap_prefilter,verified=false,0.25,0.2486,10,5,0.0501,16.3897,16.4397,48178,10,1.0
bitmap_prefilter,verified=false,0.25,0.2486,10,6,0.0436,16.3695,16.413,48178,10,1.0
bitmap_prefilter,verified=false,0.25,0.2486,10,7,0.0442,16.2772,16.3215,48178,10,1.0
bitmap_prefilter,verified=false,0.25,0.2486,10,8,0.0484,16.4169,16.4653,48178,10,1.0
bitmap_prefilter,verified=false,0.25,0.2486,10,9,0.0436,16.3254,16.369,48178,10,1.0
bitmap_prefilter,verified=false,0.25,0.2486,10,10,0.0621,16.3694,16.4315,48178,10,1.0
bitmap_prefilter,verified=false,0.25,0.2486,10,11,0.0505,16.593,16.6435,48178,10,1.0
bitmap_prefilter,verified=false,0.25,0.2486,10,12,0.0528,16.4244,16.4772,48178,10,1.0
bitmap_prefilter,verified=false,0.25,0.2486,10,13,0.0482,16.3675,16.4157,48178,10,1.0
bitmap_prefilter,verified=false,0.25,0.2486,10,14,0.0446,16.4443,16.4889,48178,10,1.0
bitmap_prefilter,verified=false,0.25,0.2486,10,15,0.0445,16.2905,16.3351,48178,10,1.0
bitmap_prefilter,verified=false,0.25,0.2486,10,16,0.046,16.7448,16.7908,48178,10,1.0
bitmap_prefilter,verified=false,0.25,0.2486,10,17,0.0429,16.7583,16.8012,48178,10,1.0
bitmap_prefilter,verified=false,0.25,0.2486,10,18,0.0502,16.7072,16.7574,48178,10,1.0
bitmap_prefilter,verified=false,0.25,0.2486,10,19,0.0484,16.3493,16.3977,48178,10,1.0
bitmap_prefilter,verified=false,0.25,0.2486,10,20,0.047,16.3719,16.4188,48178,10,1.0
bitmap_prefilter,verified=false,0.25,0.2486,10,21,0.0451,16.3152,16.3602,48178,10,1.0
bitmap_prefilter,verified=false,0.25,0.2486,10,22,0.045,16.3693,16.4143,48178,10,1.0
bitmap_prefilter,verified=false,0.25,0.2486,10,23,0.0476,16.2721,16.3197,48178,10,1.0
bitmap_prefilter,verified=false,0.25,0.2486,10,24,0.0433,16.3378,16.3811,48178,10,1.0
bitmap_prefilter,verified=false,0.25,0.2486,10,25,0.0431,16.2106,16.2537,48178,10,1.0
bitmap_prefilter,verified=false,0.25,0.2486,10,26,0.0427,16.3597,16.4024,48178,10,1.0
bitmap_prefilter,verified=false,0.25,0.2486,10,27,0.0425,16.2891,16.3316,48178,10,1.0
bitmap_prefilter,verified=false,0.25,0.2486,10,28,0.0427,16.4764,16.519,48178,10,1.0
bitmap_prefilter,verified=false,0.25,0.2486,10,29,0.0423,16.4052,16.4475,48178,10,1.0
bitmap_prefilter,verified=false,0.25,0.2486,10,30,0.0432,16.3437,16.3868,48178,10,0.9
bitmap_prefilter,verified=false,0.25,0.2486,10,31,0.042,16.5042,16.5462,48178,10,1.0
bitmap_prefilter,verified=false,0.25,0.2486,10,32,0.0425,17.619,17.6615,48178,10,1.0
bitmap_prefilter,verified=false,0.25,0.2486,10,33,0.0576,16.4792,16.5368,48178,10,1.0
bitmap_prefilter,verified=false,0.25,0.2486,10,34,0.0443,16.5568,16.6011,48178,10,1.0
bitmap_prefilter,verified=false,0.25,0.2486,10,35,0.0445,16.3558,16.4004,48178,10,1.0
bitmap_prefilter,verified=false,0.25,0.2486,10,36,0.0434,16.5541,16.5975,48178,10,1.0
bitmap_prefilter,verified=false,0.25,0.2486,10,37,0.0684,16.4439,16.5123,48178,10,1.0
bitmap_prefilter,verified=false,0.25,0.2486,10,38,0.0543,16.4917,16.546,48178,10,1.0
bitmap_prefilter,verified=false,0.25,0.2486,10,39,0.0473,16.3378,16.3851,48178,10,1.0
bitmap_prefilter,verified=false,0.25,0.2486,10,40,0.046,16.3345,16.3805,48178,10,1.0
bitmap_prefilter,verified=false,0.25,0.2486,10,41,0.044,16.4976,16.5417,48178,10,1.0
bitmap_prefilter,verified=false,0.25,0.2486,10,42,0.0434,16.3426,16.386,48178,10,1.0
bitmap_prefilter,verified=false,0.25,0.2486,10,43,0.0438,16.6535,16.6973,48178,10,1.0
bitmap_prefilter,verified=false,0.25,0.2486,10,44,0.0429,16.5547,16.5976,48178,10,1.0
bitmap_prefilter,verified=false,0.25,0.2486,10,45,0.0445,16.6256,16.67,48178,10,1.0
bitmap_prefilter,verified=false,0.25,0.2486,10,46,0.042,17.2808,17.3228,48178,10,1.0
bitmap_prefilter,verified=false,0.25,0.2486,10,47,0.0488,17.446,17.4948,48178,10,1.0
bitmap_prefilter,verified=false,0.25,0.2486,10,48,0.0462,17.3288,17.375,48178,10,1.0
bitmap_prefilter,verified=false,0.25,0.2486,10,49,0.0949,17.406,17.5009,48178,10,1.0
brute_force,verified=false,0.25,0.2486,50,0,0.1039,24.7972,24.901,50,50,1.0
brute_force,verified=false,0.25,0.2486,50,1,0.1073,25.2149,25.3222,50,50,1.0
brute_force,verified=false,0.25,0.2486,50,2,0.134,25.4054,25.5395,50,50,1.0
brute_force,verified=false,0.25,0.2486,50,3,0.183,26.2072,26.3901,50,50,1.0
brute_force,verified=false,0.25,0.2486,50,4,0.1044,24.9377,25.042,50,50,1.0
brute_force,verified=false,0.25,0.2486,50,5,0.0589,24.8333,24.8922,50,50,1.0
brute_force,verified=false,0.25,0.2486,50,6,0.0963,24.8165,24.9128,50,50,1.0
brute_force,verified=false,0.25,0.2486,50,7,0.134,24.8852,25.0192,50,50,1.0
brute_force,verified=false,0.25,0.2486,50,8,0.1013,24.7262,24.8275,50,50,1.0
brute_force,verified=false,0.25,0.2486,50,9,0.0969,25.0157,25.1127,50,50,1.0
brute_force,verified=false,0.25,0.2486,50,10,0.0961,24.7132,24.8093,50,50,1.0
brute_force,verified=false,0.25,0.2486,50,11,0.0918,24.6267,24.7185,50,50,1.0
brute_force,verified=false,0.25,0.2486,50,12,0.1584,24.8692,25.0275,50,50,1.0
brute_force,verified=false,0.25,0.2486,50,13,0.1945,24.9776,25.1721,50,50,1.0
brute_force,verified=false,0.25,0.2486,50,14,0.1142,24.6887,24.8028,50,50,1.0
brute_force,verified=false,0.25,0.2486,50,15,0.1045,24.6553,24.7598,50,50,1.0
brute_force,verified=false,0.25,0.2486,50,16,0.2247,24.6679,24.8927,50,50,1.0
brute_force,verified=false,0.25,0.2486,50,17,0.2458,24.6552,24.901,50,50,1.0
brute_force,verified=false,0.25,0.2486,50,18,0.0741,24.62,24.6941,50,50,1.0
brute_force,verified=false,0.25,0.2486,50,19,0.0845,24.6135,24.698,50,50,1.0
brute_force,verified=false,0.25,0.2486,50,20,0.214,24.9,25.114,50,50,1.0
brute_force,verified=false,0.25,0.2486,50,21,0.0816,24.8925,24.9742,50,50,1.0
brute_force,verified=false,0.25,0.2486,50,22,0.083,24.4723,24.5553,50,50,1.0
brute_force,verified=false,0.25,0.2486,50,23,0.2867,24.6257,24.9123,50,50,1.0
brute_force,verified=false,0.25,0.2486,50,24,0.0666,24.4159,24.4825,50,50,1.0
brute_force,verified=false,0.25,0.2486,50,25,0.5295,24.5313,25.0608,50,50,1.0
brute_force,verified=false,0.25,0.2486,50,26,0.0739,24.726,24.7999,50,50,1.0
brute_force,verified=false,0.25,0.2486,50,27,0.0651,24.5652,24.6304,50,50,1.0
brute_force,verified=false,0.25,0.2486,50,28,0.1648,24.615,24.7798,50,50,1.0
brute_force,verified=false,0.25,0.2486,50,29,0.3872,24.6732,25.0605,50,50,1.0
brute_force,verified=false,0.25,0.2486,50,30,0.4117,24.6201,25.0318,50,50,1.0
brute_force,verified=false,0.25,0.2486,50,31,0.1,24.6059,24.7059,50,50,1.0
brute_force,verified=false,0.25,0.2486,50,32,0.1987,24.7857,24.9845,50,50,1.0
brute_force,verified=false,0.25,0.2486,50,33,0.1135,24.708,24.8215,50,50,1.0
brute_force,verified=false,0.25,0.2486,50,34,0.1028,24.5646,24.6674,50,50,1.0
brute_force,verified=false,0.25,0.2486,50,35,0.0775,24.5906,24.6682,50,50,1.0
brute_force,verified=false,0.25,0.2486,50,36,0.1145,24.5047,24.6192,50,50,1.0
brute_force,verified=false,0.25,0.2486,50,37,0.1736,24.605,24.7786,50,50,1.0
brute_force,verified=false,0.25,0.2486,50,38,0.084,24.5159,24.5999,50,50,1.0
brute_force,verified=false,0.25,0.2486,50,39,0.4927,24.557,25.0496,50,50,1.0
brute_force,verified=false,0.25,0.2486,50,40,0.1213,24.4195,24.5408,50,50,1.0
brute_force,verified=false,0.25,0.2486,50,41,0.1245,24.5348,24.6592,50,50,1.0
brute_force,verified=false,0.25,0.2486,50,42,0.0779,24.6778,24.7557,50,50,1.0
brute_force,verified=false,0.25,0.2486,50,43,0.4913,25.7117,26.203,50,50,1.0
brute_force,verified=false,0.25,0.2486,50,44,0.1878,24.6469,24.8347,50,50,1.0
brute_force,verified=false,0.25,0.2486,50,45,0.1022,24.4865,24.5886,50,50,1.0
brute_force,verified=false,0.25,0.2486,50,46,0.0957,24.6309,24.7265,50,50,1.0
brute_force,verified=false,0.25,0.2486,50,47,0.4228,24.602,25.0248,50,50,0.96
brute_force,verified=false,0.25,0.2486,50,48,0.1485,24.552,24.7005,50,50,1.0
brute_force,verified=false,0.25,0.2486,50,49,0.5227,24.6395,25.1621,50,50,1.0
naive_prefilter,verified=false,0.25,0.2486,50,0,15.4999,17.2008,32.7008,48178,50,1.0
naive_prefilter,verified=false,0.25,0.2486,50,1,15.5441,17.1174,32.6615,48178,50,1.0
naive_prefilter,verified=false,0.25,0.2486,50,2,15.4003,17.217,32.6173,48178,50,1.0
naive_prefilter,verified=false,0.25,0.2486,50,3,15.3338,17.1622,32.496,48178,50,1.0
naive_prefilter,verified=false,0.25,0.2486,50,4,15.3702,17.2335,32.6037,48178,50,1.0
naive_prefilter,verified=false,0.25,0.2486,50,5,15.3305,17.0892,32.4197,48178,50,1.0
naive_prefilter,verified=false,0.25,0.2486,50,6,15.2276,17.0925,32.32,48178,50,1.0
naive_prefilter,verified=false,0.25,0.2486,50,7,15.2366,17.2002,32.4367,48178,50,1.0
naive_prefilter,verified=false,0.25,0.2486,50,8,15.2524,17.1025,32.3548,48178,50,1.0
naive_prefilter,verified=false,0.25,0.2486,50,9,15.2822,17.2206,32.5028,48178,50,1.0
naive_prefilter,verified=false,0.25,0.2486,50,10,14.9258,17.1298,32.0555,48178,50,1.0
naive_prefilter,verified=false,0.25,0.2486,50,11,15.4232,17.0767,32.4998,48178,50,1.0
naive_prefilter,verified=false,0.25,0.2486,50,12,15.3361,17.1015,32.4376,48178,50,1.0
naive_prefilter,verified=false,0.25,0.2486,50,13,15.1921,17.1421,32.3342,48178,50,1.0
naive_prefilter,verified=false,0.25,0.2486,50,14,15.191,17.3219,32.5129,48178,50,1.0
naive_prefilter,verified=false,0.25,0.2486,50,15,15.2149,17.223,32.4379,48178,50,1.0
naive_prefilter,verified=false,0.25,0.2486,50,16,15.3783,17.0788,32.4571,48178,50,1.0
naive_prefilter,verified=false,0.25,0.2486,50,17,15.3113,17.212,32.5233,48178,50,1.0
naive_prefilter,verified=false,0.25,0.2486,50,18,15.2582,17.2141,32.4723,48178,50,1.0
naive_prefilter,verified=false,0.25,0.2486,50,19,14.9857,17.0896,32.0753,48178,50,1.0
naive_prefilter,verified=false,0.25,0.2486,50,20,15.2301,17.09,32.3201,48178,50,1.0
naive_prefilter,verified=false,0.25,0.2486,50,21,15.2567,17.1756,32.4323,48178,50,1.0
naive_prefilter,verified=false,0.25,0.2486,50,22,15.2265,17.069,32.2955,48178,50,1.0
naive_prefilter,verified=false,0.25,0.2486,50,23,15.33,17.134,32.464,48178,50,1.0
naive_prefilter,verified=false,0.25,0.2486,50,24,15.3363,17.1022,32.4384,48178,50,1.0
naive_prefilter,verified=false,0.25,0.2486,50,25,15.4699,17.4281,32.898,48178,50,1.0
naive_prefilter,verified=false,0.25,0.2486,50,26,15.2213,17.2496,32.4709,48178,50,1.0
naive_prefilter,verified=false,0.25,0.2486,50,27,15.2194,17.279,32.4985,48178,50,1.0
naive_prefilter,verified=false,0.25,0.2486,50,28,15.2912,17.4151,32.7063,48178,50,1.0
naive_prefilter,verified=false,0.25,0.2486,50,29,15.4062,17.2842,32.6904,48178,50,1.0
naive_prefilter,verified=false,0.25,0.2486,50,30,15.4565,17.1448,32.6013,48178,50,1.0
naive_prefilter,verified=false,0.25,0.2486,50,31,15.3578,17.1817,32.5395,48178,50,1.0
naive_prefilter,verified=false,0.25,0.2486,50,32,15.3909,17.1767,32.5676,48178,50,1.0
naive_prefilter,verified=false,0.25,0.2486,50,33,15.3383,17.2633,32.6016,48178,50,1.0
naive_prefilter,verified=false,0.25,0.2486,50,34,15.3476,17.0822,32.4298,48178,50,1.0
naive_prefilter,verified=false,0.25,0.2486,50,35,15.3765,17.1455,32.522,48178,50,1.0
naive_prefilter,verified=false,0.25,0.2486,50,36,15.1634,17.0615,32.2249,48178,50,1.0
naive_prefilter,verified=false,0.25,0.2486,50,37,15.3066,17.1166,32.4232,48178,50,1.0
naive_prefilter,verified=false,0.25,0.2486,50,38,15.4579,17.1855,32.6434,48178,50,1.0
naive_prefilter,verified=false,0.25,0.2486,50,39,15.3019,17.2413,32.5432,48178,50,1.0
naive_prefilter,verified=false,0.25,0.2486,50,40,15.4095,17.0694,32.4789,48178,50,1.0
naive_prefilter,verified=false,0.25,0.2486,50,41,15.3209,17.1176,32.4385,48178,50,1.0
naive_prefilter,verified=false,0.25,0.2486,50,42,15.3309,17.1177,32.4487,48178,50,1.0
naive_prefilter,verified=false,0.25,0.2486,50,43,15.2915,17.0278,32.3193,48178,50,1.0
naive_prefilter,verified=false,0.25,0.2486,50,44,15.3803,17.1368,32.5172,48178,50,1.0
naive_prefilter,verified=false,0.25,0.2486,50,45,15.3549,17.0641,32.419,48178,50,1.0
naive_prefilter,verified=false,0.25,0.2486,50,46,15.4228,17.644,33.0668,48178,50,1.0
naive_prefilter,verified=false,0.25,0.2486,50,47,15.3942,17.1968,32.591,48178,50,0.96
naive_prefilter,verified=false,0.25,0.2486,50,48,15.4778,17.1247,32.6025,48178,50,1.0
naive_prefilter,verified=false,0.25,0.2486,50,49,15.2986,17.0396,32.3382,48178,50,1.0
post_filter,verified=false,0.25,0.2486,50,0,0.0383,0.5273,0.5656,50,50,1.0
post_filter,verified=false,0.25,0.2486,50,1,0.0875,1.1421,1.2296,50,50,1.0
post_filter,verified=false,0.25,0.2486,50,2,0.1084,0.846,0.9545,50,50,0.98
post_filter,verified=false,0.25,0.2486,50,3,0.1552,0.9783,1.1336,50,50,0.92
post_filter,verified=false,0.25,0.2486,50,4,0.0933,1.1875,1.2808,50,50,0.98
post_filter,verified=false,0.25,0.2486,50,5,0.0738,1.0555,1.1294,50,50,1.0
post_filter,verified=false,0.25,0.2486,50,6,0.0829,1.233,1.3159,50,50,0.98
post_filter,verified=false,0.25,0.2486,50,7,0.1145,0.7768,0.8913,50,50,1.0
post_filter,verified=false,0.25,0.2486,50,8,0.084,1.1623,1.2463,50,50,1.0
post_filter,verified=false,0.25,0.2486,50,9,0.0811,1.1317,1.2128,50,50,0.98
post_filter,verified=false,0.25,0.2486,50,10,0.0878,1.0171,1.1048,50,50,0.98
post_filter,verified=false,0.25,0.2486,50,11,0.0801,1.017,1.0971,50,50,0.96
post_filter,verified=false,0.25,0.2486,50,12,0.1493,0.8457,0.995,50,50,1.0
post_filter,verified=false,0.25,0.2486,50,13,0.1626,0.8705,1.0331,50,50,0.98
post_filter,verified=false,0.25,0.2486,50,14,0.1081,0.6595,0.7676,50,50,0.98
post_filter,verified=false,0.25,0.2486,50,15,0.1073,0.5911,0.6985,50,50,0.98
post_filter,verified=false,0.25,0.2486,50,16,0.2067,1.1247,1.3314,50,50,0.9
post_filter,verified=false,0.25,0.2486,50,17,0.2394,0.7962,1.0357,50,50,0.72
post_filter,verified=false,0.25,0.2486,50,18,0.063,0.9371,1.0001,50,50,1.0
post_filter,verified=false,0.25,0.2486,50,19,0.07,0.9986,1.0686,50,50,0.98
post_filter,verified=false,0.25,0.2486,50,20,0.1749,0.7007,0.8756,50,50,0.96
post_filter,verified=false,0.25,0.2486,50,21,0.07,0.7484,0.8184,50,50,0.98
post_filter,verified=false,0.25,0.2486,50,22,0.0684,0.7909,0.8593,50,50,0.92
post_filter,verified=false,0.25,0.2486,50,23,0.2633,0.7455,1.0088,50,50,0.86
post_filter,verified=false,0.25,0.2486,50,24,0.0568,1.1,1.1568,50,50,1.0
post_filter,verified=false,0.25,0.2486,50,25,0.5624,0.3312,0.8936,28,28,0.22
post_filter,verified=false,0.25,0.2486,50,26,0.0725,0.9921,1.0646,50,50,1.0
post_filter,verified=false,0.25,0.2486,50,27,0.0567,0.9301,0.9868,50,50,1.0
post_filter,verified=false,0.25,0.2486,50,28,0.1468,0.9571,1.1039,50,50,0.94
post_filter,verified=false,0.25,0.2486,50,29,0.2696,0.606,0.8756,50,50,0.74
post_filter,verified=false,0.25,0.2486,50,30,0.5044,0.453,0.9574,31,31,0.62
post_filter,verified=false,0.25,0.2486,50,31,0.089,0.9643,1.0533,50,50,0.96
post_filter,verified=false,0.25,0.2486,50,32,0.1756,0.745,0.9206,50,50,0.96
post_filter,verified=false,0.25,0.2486,50,33,0.0961,0.5561,0.6522,50,50,1.0
post_filter,verified=false,0.25,0.2486,50,34,0.1055,0.9532,1.0588,50,50,1.0
post_filter,verified=false,0.25,0.2486,50,35,0.0711,1.0382,1.1093,50,50,1.0
post_filter,verified=false,0.25,0.2486,50,36,0.0976,0.8241,0.9217,50,50,1.0
post_filter,verified=false,0.25,0.2486,50,37,0.1539,0.7299,0.8838,50,50,0.98
post_filter,verified=false,0.25,0.2486,50,38,0.0714,1.2112,1.2826,50,50,1.0
post_filter,verified=false,0.25,0.2486,50,39,0.4251,0.5703,0.9954,50,50,0.68
post_filter,verified=false,0.25,0.2486,50,40,0.1076,1.2196,1.3272,50,50,0.98
post_filter,verified=false,0.25,0.2486,50,41,0.108,0.6295,0.7374,50,50,0.98
post_filter,verified=false,0.25,0.2486,50,42,0.062,0.9774,1.0394,50,50,1.0
post_filter,verified=false,0.25,0.2486,50,43,0.3763,0.49,0.8663,50,50,0.44
post_filter,verified=false,0.25,0.2486,50,44,0.1649,0.7151,0.88,50,50,0.92
post_filter,verified=false,0.25,0.2486,50,45,0.0871,1.0415,1.1286,50,50,0.94
post_filter,verified=false,0.25,0.2486,50,46,0.0835,0.8472,0.9308,50,50,1.0
post_filter,verified=false,0.25,0.2486,50,47,0.4562,0.295,0.7512,15,15,0.26
post_filter,verified=false,0.25,0.2486,50,48,0.1317,1.0469,1.1786,50,50,0.92
post_filter,verified=false,0.25,0.2486,50,49,0.4275,0.4959,0.9234,50,50,0.46
bitmap_prefilter,verified=false,0.25,0.2486,50,0,0.0455,16.2921,16.3377,48178,50,1.0
bitmap_prefilter,verified=false,0.25,0.2486,50,1,0.0587,16.6457,16.7044,48178,50,1.0
bitmap_prefilter,verified=false,0.25,0.2486,50,2,0.0445,16.6977,16.7422,48178,50,1.0
bitmap_prefilter,verified=false,0.25,0.2486,50,3,0.0448,16.3386,16.3834,48178,50,1.0
bitmap_prefilter,verified=false,0.25,0.2486,50,4,0.0438,16.2599,16.3037,48178,50,1.0
bitmap_prefilter,verified=false,0.25,0.2486,50,5,0.0504,16.3594,16.4098,48178,50,1.0
bitmap_prefilter,verified=false,0.25,0.2486,50,6,0.0471,16.2595,16.3066,48178,50,1.0
bitmap_prefilter,verified=false,0.25,0.2486,50,7,0.0468,16.4228,16.4696,48178,50,1.0
bitmap_prefilter,verified=false,0.25,0.2486,50,8,0.0472,16.5435,16.5907,48178,50,1.0
bitmap_prefilter,verified=false,0.25,0.2486,50,9,0.0646,16.5546,16.6192,48178,50,1.0
bitmap_prefilter,verified=false,0.25,0.2486,50,10,0.0709,16.3074,16.3783,48178,50,1.0
bitmap_prefilter,verified=false,0.25,0.2486,50,11,0.0578,16.2621,16.3199,48178,50,1.0
bitmap_prefilter,verified=false,0.25,0.2486,50,12,0.0509,16.2869,16.3378,48178,50,1.0
bitmap_prefilter,verified=false,0.25,0.2486,50,13,0.0455,16.3147,16.3602,48178,50,1.0
bitmap_prefilter,verified=false,0.25,0.2486,50,14,0.0436,16.2711,16.3147,48178,50,1.0
bitmap_prefilter,verified=false,0.25,0.2486,50,15,0.0432,16.2123,16.2555,48178,50,1.0
bitmap_prefilter,verified=false,0.25,0.2486,50,16,0.0429,16.537,16.5798,48178,50,1.0
bitmap_prefilter,verified=false,0.25,0.2486,50,17,0.0572,16.3401,16.3973,48178,50,1.0
bitmap_prefilter,verified=false,0.25,0.2486,50,18,0.0516,16.3593,16.4109,48178,50,1.0
bitmap_prefilter,verified=false,0.25,0.2486,50,19,0.046,16.3117,16.3577,48178,50,1.0
bitmap_prefilter,verified=false,0.25,0.2486,50,20,0.044,16.3591,16.4031,48178,50,1.0
bitmap_prefilter,verified=false,0.25,0.2486,50,21,0.0444,16.2818,16.3262,48178,50,1.0
bitmap_prefilter,verified=false,0.25,0.2486,50,22,0.0434,16.251,16.2943,48178,50,1.0
bitmap_prefilter,verified=false,0.25,0.2486,50,23,0.044,16.3754,16.4194,48178,50,1.0
bitmap_prefilter,verified=false,0.25,0.2486,50,24,0.0427,16.4875,16.5303,48178,50,1.0
bitmap_prefilter,verified=false,0.25,0.2486,50,25,0.0425,17.3915,17.434,48178,50,1.0
bitmap_prefilter,verified=false,0.25,0.2486,50,26,0.044,16.3904,16.4344,48178,50,1.0
bitmap_prefilter,verified=false,0.25,0.2486,50,27,0.0429,16.2607,16.3036,48178,50,1.0
bitmap_prefilter,verified=false,0.25,0.2486,50,28,0.0425,16.3591,16.4017,48178,50,1.0
bitmap_prefilter,verified=false,0.25,0.2486,50,29,0.0429,16.3054,16.3483,48178,50,1.0
bitmap_prefilter,verified=false,0.25,0.2486,50,30,0.0422,16.3239,16.3662,48178,50,1.0
bitmap_prefilter,verified=false,0.25,0.2486,50,31,0.0422,16.2459,16.2881,48178,50,1.0
bitmap_prefilter,verified=false,0.25,0.2486,50,32,0.0427,16.3792,16.4219,48178,50,1.0
bitmap_prefilter,verified=false,0.25,0.2486,50,33,0.042,16.3815,16.4234,48178,50,1.0
bitmap_prefilter,verified=false,0.25,0.2486,50,34,0.0434,16.2691,16.3125,48178,50,1.0
bitmap_prefilter,verified=false,0.25,0.2486,50,35,0.0424,16.4108,16.4532,48178,50,1.0
bitmap_prefilter,verified=false,0.25,0.2486,50,36,0.0426,16.362,16.4046,48178,50,1.0
bitmap_prefilter,verified=false,0.25,0.2486,50,37,0.0417,16.2006,16.2423,48178,50,1.0
bitmap_prefilter,verified=false,0.25,0.2486,50,38,0.0422,16.3079,16.35,48178,50,1.0
bitmap_prefilter,verified=false,0.25,0.2486,50,39,0.0425,16.2996,16.3421,48178,50,1.0
bitmap_prefilter,verified=false,0.25,0.2486,50,40,0.0419,16.2866,16.3285,48178,50,1.0
bitmap_prefilter,verified=false,0.25,0.2486,50,41,0.0413,16.2989,16.3402,48178,50,1.0
bitmap_prefilter,verified=false,0.25,0.2486,50,42,0.0418,16.5155,16.5573,48178,50,1.0
bitmap_prefilter,verified=false,0.25,0.2486,50,43,0.0449,16.2417,16.2865,48178,50,1.0
bitmap_prefilter,verified=false,0.25,0.2486,50,44,0.0414,16.4991,16.5405,48178,50,1.0
bitmap_prefilter,verified=false,0.25,0.2486,50,45,0.0422,16.307,16.3491,48178,50,1.0
bitmap_prefilter,verified=false,0.25,0.2486,50,46,0.0417,16.2905,16.3322,48178,50,1.0
bitmap_prefilter,verified=false,0.25,0.2486,50,47,0.0414,16.3892,16.4306,48178,50,0.96
bitmap_prefilter,verified=false,0.25,0.2486,50,48,0.044,16.4913,16.5354,48178,50,1.0
bitmap_prefilter,verified=false,0.25,0.2486,50,49,0.0417,16.2238,16.2655,48178,50,1.0
brute_force,main_cat='All Electronics',0.3,0.2469,10,0,0.1529,24.3533,24.5063,10,10,1.0
brute_force,main_cat='All Electronics',0.3,0.2469,10,1,0.0407,24.6383,24.679,10,10,1.0
brute_force,main_cat='All Electronics',0.3,0.2469,10,2,0.0308,24.9033,24.9342,10,10,1.0
brute_force,main_cat='All Electronics',0.3,0.2469,10,3,0.0613,24.758,24.8194,10,10,1.0
brute_force,main_cat='All Electronics',0.3,0.2469,10,4,0.0298,24.8028,24.8326,10,10,1.0
brute_force,main_cat='All Electronics',0.3,0.2469,10,5,0.0203,24.8223,24.8427,10,10,1.0
brute_force,main_cat='All Electronics',0.3,0.2469,10,6,0.0285,24.8358,24.8644,10,10,1.0
brute_force,main_cat='All Electronics',0.3,0.2469,10,7,0.0349,24.8518,24.8867,10,10,1.0
brute_force,main_cat='All Electronics',0.3,0.2469,10,8,0.0612,24.9535,25.0147,10,10,1.0
brute_force,main_cat='All Electronics',0.3,0.2469,10,9,0.0701,25.0612,25.1313,10,10,1.0
brute_force,main_cat='All Electronics',0.3,0.2469,10,10,0.022,24.85,24.872,10,10,1.0
brute_force,main_cat='All Electronics',0.3,0.2469,10,11,0.0458,24.8136,24.8594,10,10,1.0
brute_force,main_cat='All Electronics',0.3,0.2469,10,12,0.1264,24.9546,25.081,10,10,1.0
brute_force,main_cat='All Electronics',0.3,0.2469,10,13,0.0494,24.972,25.0213,10,10,1.0
brute_force,main_cat='All Electronics',0.3,0.2469,10,14,0.0702,25.0776,25.1478,10,10,1.0
brute_force,main_cat='All Electronics',0.3,0.2469,10,15,0.2575,24.8662,25.1237,10,10,1.0
brute_force,main_cat='All Electronics',0.3,0.2469,10,16,0.0312,24.8519,24.883,10,10,1.0
brute_force,main_cat='All Electronics',0.3,0.2469,10,17,0.0688,24.9208,24.9896,10,10,1.0
brute_force,main_cat='All Electronics',0.3,0.2469,10,18,0.0314,24.8993,24.9308,10,10,1.0
brute_force,main_cat='All Electronics',0.3,0.2469,10,19,0.0305,24.8109,24.8413,10,10,1.0
brute_force,main_cat='All Electronics',0.3,0.2469,10,20,0.0223,24.8192,24.8415,10,10,1.0
brute_force,main_cat='All Electronics',0.3,0.2469,10,21,0.0771,24.7322,24.8093,10,10,1.0
brute_force,main_cat='All Electronics',0.3,0.2469,10,22,0.1031,24.8908,24.9939,10,10,1.0
brute_force,main_cat='All Electronics',0.3,0.2469,10,23,0.0295,24.9414,24.971,10,10,1.0
brute_force,main_cat='All Electronics',0.3,0.2469,10,24,0.0283,24.7501,24.7784,10,10,1.0
brute_force,main_cat='All Electronics',0.3,0.2469,10,25,0.035,24.8768,24.9118,10,10,1.0
brute_force,main_cat='All Electronics',0.3,0.2469,10,26,0.0396,24.903,24.9426,10,10,1.0
brute_force,main_cat='All Electronics',0.3,0.2469,10,27,0.017,24.763,24.78,10,10,1.0
brute_force,main_cat='All Electronics',0.3,0.2469,10,28,0.0378,24.8144,24.8522,10,10,1.0
brute_force,main_cat='All Electronics',0.3,0.2469,10,29,0.0701,24.932,25.0021,10,10,1.0
brute_force,main_cat='All Electronics',0.3,0.2469,10,30,0.0387,24.8602,24.8989,10,10,1.0
brute_force,main_cat='All Electronics',0.3,0.2469,10,31,0.0364,24.7414,24.7777,10,10,1.0
brute_force,main_cat='All Electronics',0.3,0.2469,10,32,0.065,24.9226,24.9875,10,10,1.0
brute_force,main_cat='All Electronics',0.3,0.2469,10,33,0.2005,24.954,25.1545,10,10,1.0
brute_force,main_cat='All Electronics',0.3,0.2469,10,34,0.1293,25.0203,25.1496,10,10,1.0
brute_force,main_cat='All Electronics',0.3,0.2469,10,35,0.0235,24.8281,24.8516,10,10,1.0
brute_force,main_cat='All Electronics',0.3,0.2469,10,36,0.0661,25.931,25.9971,10,10,1.0
brute_force,main_cat='All Electronics',0.3,0.2469,10,37,0.0226,24.9475,24.9701,10,10,1.0
brute_force,main_cat='All Electronics',0.3,0.2469,10,38,0.0257,24.8958,24.9215,10,10,1.0
brute_force,main_cat='All Electronics',0.3,0.2469,10,39,0.0284,24.9377,24.966,10,10,1.0
brute_force,main_cat='All Electronics',0.3,0.2469,10,40,0.0536,24.8004,24.854,10,10,1.0
brute_force,main_cat='All Electronics',0.3,0.2469,10,41,0.0272,24.8272,24.8544,10,10,1.0
brute_force,main_cat='All Electronics',0.3,0.2469,10,42,0.0538,24.8252,24.879,10,10,1.0
brute_force,main_cat='All Electronics',0.3,0.2469,10,43,0.0399,24.8296,24.8695,10,10,1.0
brute_force,main_cat='All Electronics',0.3,0.2469,10,44,0.0736,24.9629,25.0365,10,10,1.0
brute_force,main_cat='All Electronics',0.3,0.2469,10,45,0.0371,24.8728,24.9099,10,10,1.0
brute_force,main_cat='All Electronics',0.3,0.2469,10,46,0.0285,24.93,24.9586,10,10,1.0
brute_force,main_cat='All Electronics',0.3,0.2469,10,47,0.0265,24.8532,24.8797,10,10,1.0
brute_force,main_cat='All Electronics',0.3,0.2469,10,48,0.0434,25.034,25.0773,10,10,1.0
brute_force,main_cat='All Electronics',0.3,0.2469,10,49,0.0476,24.746,24.7935,10,10,1.0
naive_prefilter,main_cat='All Electronics',0.3,0.2469,10,0,15.3167,14.4179,29.7346,47842,10,1.0
naive_prefilter,main_cat='All Electronics',0.3,0.2469,10,1,15.4039,14.4983,29.9022,47842,10,1.0
naive_prefilter,main_cat='All Electronics',0.3,0.2469,10,2,15.2422,14.3085,29.5507,47842,10,1.0
naive_prefilter,main_cat='All Electronics',0.3,0.2469,10,3,15.4203,14.3131,29.7333,47842,10,1.0
naive_prefilter,main_cat='All Electronics',0.3,0.2469,10,4,15.1194,14.335,29.4544,47842,10,1.0
naive_prefilter,main_cat='All Electronics',0.3,0.2469,10,5,15.3166,14.1725,29.4891,47842,10,1.0
naive_prefilter,main_cat='All Electronics',0.3,0.2469,10,6,15.0815,14.304,29.3855,47842,10,1.0
naive_prefilter,main_cat='All Electronics',0.3,0.2469,10,7,15.1861,14.2989,29.485,47842,10,1.0
naive_prefilter,main_cat='All Electronics',0.3,0.2469,10,8,15.1497,14.254,29.4037,47842,10,1.0
naive_prefilter,main_cat='All Electronics',0.3,0.2469,10,9,15.1517,14.2937,29.4454,47842,10,1.0
naive_prefilter,main_cat='All Electronics',0.3,0.2469,10,10,15.08,14.3592,29.4392,47842,10,1.0
naive_prefilter,main_cat='All Electronics',0.3,0.2469,10,11,15.2412,14.4803,29.7215,47842,10,1.0
naive_prefilter,main_cat='All Electronics',0.3,0.2469,10,12,15.2481,14.3468,29.5949,47842,10,1.0
naive_prefilter,main_cat='All Electronics',0.3,0.2469,10,13,15.3353,14.1969,29.5322,47842,10,1.0
naive_prefilter,main_cat='All Electronics',0.3,0.2469,10,14,15.3257,14.3082,29.6339,47842,10,1.0
naive_prefilter,main_cat='All Electronics',0.3,0.2469,10,15,15.108,14.1253,29.2333,47842,10,1.0
naive_prefilter,main_cat='All Electronics',0.3,0.2469,10,16,15.071,14.3001,29.3711,47842,10,1.0
naive_prefilter,main_cat='All Electronics',0.3,0.2469,10,17,15.1574,14.5277,29.685,47842,10,1.0
naive_prefilter,main_cat='All Electronics',0.3,0.2469,10,18,15.4702,14.9772,30.4474,47842,10,1.0
naive_prefilter,main_cat='All Electronics',0.3,0.2469,10,19,15.0389,14.293,29.3319,47842,10,1.0
naive_prefilter,main_cat='All Electronics',0.3,0.2469,10,20,15.1362,14.4244,29.5606,47842,10,1.0
naive_prefilter,main_cat='All Electronics',0.3,0.2469,10,21,15.0533,14.4371,29.4904,47842,10,1.0
naive_prefilter,main_cat='All Electronics',0.3,0.2469,10,22,15.0578,14.3887,29.4466,47842,10,1.0
naive_prefilter,main_cat='All Electronics',0.3,0.2469,10,23,15.008,14.2443,29.2523,47842,10,1.0
naive_prefilter,main_cat='All Electronics',0.3,0.2469,10,24,15.0414,14.421,29.4624,47842,10,1.0
naive_prefilter,main_cat='All Electronics',0.3,0.2469,10,25,15.1117,14.1897,29.3014,47842,10,1.0
naive_prefilter,main_cat='All Electronics',0.3,0.2469,10,26,15.0623,14.2164,29.2787,47842,10,1.0
naive_prefilter,main_cat='All Electronics',0.3,0.2469,10,27,15.162,14.6101,29.7722,47842,10,1.0
naive_prefilter,main_cat='All Electronics',0.3,0.2469,10,28,15.3537,14.3961,29.7498,47842,10,1.0
naive_prefilter,main_cat='All Electronics',0.3,0.2469,10,29,15.2232,14.2952,29.5184,47842,10,1.0
naive_prefilter,main_cat='All Electronics',0.3,0.2469,10,30,15.1674,14.3556,29.523,47842,10,1.0
naive_prefilter,main_cat='All Electronics',0.3,0.2469,10,31,14.9498,14.2567,29.2065,47842,10,1.0
naive_prefilter,main_cat='All Electronics',0.3,0.2469,10,32,15.0215,14.1883,29.2098,47842,10,1.0
naive_prefilter,main_cat='All Electronics',0.3,0.2469,10,33,15.2257,14.2515,29.4772,47842,10,1.0
naive_prefilter,main_cat='All Electronics',0.3,0.2469,10,34,15.0482,14.2323,29.2805,47842,10,1.0
naive_prefilter,main_cat='All Electronics',0.3,0.2469,10,35,15.0323,14.2737,29.306,47842,10,1.0
naive_prefilter,main_cat='All Electronics',0.3,0.2469,10,36,15.1878,14.117,29.3048,47842,10,1.0
naive_prefilter,main_cat='All Electronics',0.3,0.2469,10,37,15.1333,14.2372,29.3705,47842,10,1.0
naive_prefilter,main_cat='All Electronics',0.3,0.2469,10,38,15.1954,14.2592,29.4546,47842,10,1.0
naive_prefilter,main_cat='All Electronics',0.3,0.2469,10,39,15.043,14.3962,29.4392,47842,10,1.0
naive_prefilter,main_cat='All Electronics',0.3,0.2469,10,40,15.0825,14.233,29.3155,47842,10,1.0
naive_prefilter,main_cat='All Electronics',0.3,0.2469,10,41,15.0235,14.3083,29.3318,47842,10,1.0
naive_prefilter,main_cat='All Electronics',0.3,0.2469,10,42,15.1133,14.2339,29.3472,47842,10,1.0
naive_prefilter,main_cat='All Electronics',0.3,0.2469,10,43,15.1164,14.2786,29.395,47842,10,1.0
naive_prefilter,main_cat='All Electronics',0.3,0.2469,10,44,15.0516,14.1668,29.2184,47842,10,1.0
naive_prefilter,main_cat='All Electronics',0.3,0.2469,10,45,15.1788,14.2903,29.4691,47842,10,1.0
naive_prefilter,main_cat='All Electronics',0.3,0.2469,10,46,15.0758,14.2836,29.3594,47842,10,1.0
naive_prefilter,main_cat='All Electronics',0.3,0.2469,10,47,15.1457,14.3762,29.522,47842,10,0.0
naive_prefilter,main_cat='All Electronics',0.3,0.2469,10,48,15.0421,14.3056,29.3477,47842,10,1.0
naive_prefilter,main_cat='All Electronics',0.3,0.2469,10,49,15.0174,14.2758,29.2932,47842,10,1.0
post_filter,main_cat='All Electronics',0.3,0.2469,10,0,0.0548,0.3577,0.4125,10,10,0.9
post_filter,main_cat='All Electronics',0.3,0.2469,10,1,0.032,0.8181,0.8501,10,10,1.0
post_filter,main_cat='All Electronics',0.3,0.2469,10,2,0.0223,0.6535,0.6758,10,10,1.0
post_filter,main_cat='All Electronics',0.3,0.2469,10,3,0.0498,0.6706,0.7203,10,10,1.0
post_filter,main_cat='All Electronics',0.3,0.2469,10,4,0.0217,0.7886,0.8103,10,10,1.0
post_filter,main_cat='All Electronics',0.3,0.2469,10,5,0.0122,0.6545,0.6668,10,10,1.0
post_filter,main_cat='All Electronics',0.3,0.2469,10,6,0.0214,0.7867,0.8081,10,10,1.0
post_filter,main_cat='All Electronics',0.3,0.2469,10,7,0.027,0.5802,0.6073,10,10,1.0
post_filter,main_cat='All Electronics',0.3,0.2469,10,8,0.0612,1.1148,1.176,10,10,1.0
post_filter,main_cat='All Electronics',0.3,0.2469,10,9,0.0745,1.0445,1.119,10,10,1.0
post_filter,main_cat='All Electronics',0.3,0.2469,10,10,0.0186,0.8719,0.8905,10,10,1.0
post_filter,main_cat='All Electronics',0.3,0.2469,10,11,0.0402,0.8051,0.8454,10,10,1.0
post_filter,main_cat='All Electronics',0.3,0.2469,10,12,0.1078,0.6763,0.7841,10,10,1.0
post_filter,main_cat='All Electronics',0.3,0.2469,10,13,0.0393,0.7034,0.7427,10,10,1.0
post_filter,main_cat='All Electronics',0.3,0.2469,10,14,0.0601,0.5187,0.5788,10,10,1.0
post_filter,main_cat='All Electronics',0.3,0.2469,10,15,0.215,0.4391,0.6541,10,10,0.8
post_filter,main_cat='All Electronics',0.3,0.2469,10,16,0.0247,0.8285,0.8532,10,10,1.0
post_filter,main_cat='All Electronics',0.3,0.2469,10,17,0.0545,0.6309,0.6854,10,10,1.0
post_filter,main_cat='All Electronics',0.3,0.2469,10,18,0.0238,0.7412,0.7649,10,10,1.0
post_filter,main_cat='All Electronics',0.3,0.2469,10,19,0.029,0.7928,0.8217,10,10,1.0
post_filter,main_cat='All Electronics',0.3,0.2469,10,20,0.0167,0.5954,0.612,10,10,1.0
post_filter,main_cat='All Electronics',0.3,0.2469,10,21,0.0567,0.5953,0.652,10,10,1.0
post_filter,main_cat='All Electronics',0.3,0.2469,10,22,0.0936,0.6564,0.75,10,10,0.7
post_filter,main_cat='All Electronics',0.3,0.2469,10,23,0.0228,0.6099,0.6327,10,10,1.0
post_filter,main_cat='All Electronics',0.3,0.2469,10,24,0.0208,0.8365,0.8574,10,10,1.0
post_filter,main_cat='All Electronics',0.3,0.2469,10,25,0.0297,0.2614,0.2911,10,10,0.9
post_filter,main_cat='All Electronics',0.3,0.2469,10,26,0.0264,0.7578,0.7842,10,10,1.0
post_filter,main_cat='All Electronics',0.3,0.2469,10,27,0.0122,0.7375,0.7496,10,10,1.0
post_filter,main_cat='All Electronics',0.3,0.2469,10,28,0.0297,0.7559,0.7856,10,10,0.9
post_filter,main_cat='All Electronics',0.3,0.2469,10,29,0.0564,0.4959,0.5523,10,10,1.0
post_filter,main_cat='All Electronics',0.3,0.2469,10,30,0.0333,0.3784,0.4117,10,10,0.0
post_filter,main_cat='All Electronics',0.3,0.2469,10,31,0.0297,0.7703,0.8,10,10,1.0
post_filter,main_cat='All Electronics',0.3,0.2469,10,32,0.0529,0.596,0.6489,10,10,1.0
post_filter,main_cat='All Electronics',0.3,0.2469,10,33,0.2199,0.4585,0.6785,10,10,0.4
post_filter,main_cat='All Electronics',0.3,0.2469,10,34,0.1327,0.7484,0.8811,10,10,1.0
post_filter,main_cat='All Electronics',0.3,0.2469,10,35,0.0165,0.7913,0.8078,10,10,1.0
post_filter,main_cat='All Electronics',0.3,0.2469,10,36,0.0574,0.6704,0.7278,10,10,0.9
post_filter,main_cat='All Electronics',0.3,0.2469,10,37,0.0157,0.6153,0.631,10,10,1.0
post_filter,main_cat='All Electronics',0.3,0.2469,10,38,0.019,0.9426,0.9616,10,10,1.0
post_filter,main_cat='All Electronics',0.3,0.2469,10,39,0.0198,0.4645,0.4843,10,10,1.0
post_filter,main_cat='All Electronics',0.3,0.2469,10,40,0.0546,1.0337,1.0883,10,10,1.0
post_filter,main_cat='All Electronics',0.3,0.2469,10,41,0.0264,0.6042,0.6305,10,10,1.0
post_filter,main_cat='All Electronics',0.3,0.2469,10,42,0.0441,0.7886,0.8327,10,10,1.0
post_filter,main_cat='All Electronics',0.3,0.2469,10,43,0.0446,0.4152,0.4598,10,10,0.8
post_filter,main_cat='All Electronics',0.3,0.2469,10,44,0.0605,0.6098,0.6702,10,10,1.0
post_filter,main_cat='All Electronics',0.3,0.2469,10,45,0.0292,0.8558,0.885,10,10,1.0
post_filter,main_cat='All Electronics',0.3,0.2469,10,46,0.0217,0.6933,0.715,10,10,1.0
post_filter,main_cat='All Electronics',0.3,0.2469,10,47,0.0345,0.2388,0.2732,10,10,0.2
post_filter,main_cat='All Electronics',0.3,0.2469,10,48,0.0297,0.8352,0.8649,10,10,1.0
post_filter,main_cat='All Electronics',0.3,0.2469,10,49,0.0367,0.4042,0.4409,10,10,0.9
bitmap_prefilter,main_cat='All Electronics',0.3,0.2469,10,0,0.0478,13.4363,13.4842,47842,10,1.0
bitmap_prefilter,main_cat='All Electronics',0.3,0.2469,10,1,0.0459,13.607,13.6529,47842,10,1.0
bitmap_prefilter,main_cat='All Electronics',0.3,0.2469,10,2,0.0581,13.4787,13.5369,47842,10,1.0
bitmap_prefilter,main_cat='All Electronics',0.3,0.2469,10,3,0.0494,13.5169,13.5663,47842,10,1.0
bitmap_prefilter,main_cat='All Electronics',0.3,0.2469,10,4,0.0458,13.4896,13.5354,47842,10,1.0
bitmap_prefilter,main_cat='All Electronics',0.3,0.2469,10,5,0.0488,13.3471,13.3958,47842,10,1.0
bitmap_prefilter,main_cat='All Electronics',0.3,0.2469,10,6,0.0462,13.4788,13.525,47842,10,1.0
bitmap_prefilter,main_cat='All Electronics',0.3,0.2469,10,7,0.046,13.4836,13.5296,47842,10,1.0
bitmap_prefilter,main_cat='All Electronics',0.3,0.2469,10,8,0.0456,13.3861,13.4317,47842,10,1.0
bitmap_prefilter,main_cat='All Electronics',0.3,0.2469,10,9,0.0453,13.478,13.5234,47842,10,1.0
bitmap_prefilter,main_cat='All Electronics',0.3,0.2469,10,10,0.0445,13.487,13.5315,47842,10,1.0
bitmap_prefilter,main_cat='All Electronics',0.3,0.2469,10,11,0.0451,13.5655,13.6107,47842,10,1.0
bitmap_prefilter,main_cat='All Electronics',0.3,0.2469,10,12,0.0449,13.4459,13.4908,47842,10,1.0
bitmap_prefilter,main_cat='All Electronics',0.3,0.2469,10,13,0.0477,13.502,13.5496,47842,10,1.0
bitmap_prefilter,main_cat='All Electronics',0.3,0.2469,10,14,0.0454,13.4413,13.4868,47842,10,1.0
bitmap_prefilter,main_cat='All Electronics',0.3,0.2469,10,15,0.0446,13.4356,13.4802,47842,10,1.0
bitmap_prefilter,main_cat='All Electronics',0.3,0.2469,10,16,0.0457,13.6311,13.6768,47842,10,1.0
bitmap_prefilter,main_cat='All Electronics',0.3,0.2469,10,17,0.0586,13.8678,13.9264,47842,10,1.0
bitmap_prefilter,main_cat='All Electronics',0.3,0.2469,10,18,0.0477,14.1492,14.197,47842,10,1.0
bitmap_prefilter,main_cat='All Electronics',0.3,0.2469,10,19,0.0472,14.5411,14.5883,47842,10,1.0
bitmap_prefilter,main_cat='All Electronics',0.3,0.2469,10,20,0.0483,14.4335,14.4819,47842,10,1.0
bitmap_prefilter,main_cat='All Electronics',0.3,0.2469,10,21,0.0454,13.6576,13.703,47842,10,1.0
bitmap_prefilter,main_cat='All Electronics',0.3,0.2469,10,22,0.0452,13.4578,13.503,47842,10,1.0
bitmap_prefilter,main_cat='All Electronics',0.3,0.2469,10,23,0.0454,13.5411,13.5865,47842,10,1.0
bitmap_prefilter,main_cat='All Electronics',0.3,0.2469,10,24,0.0454,13.4031,13.4485,47842,10,1.0
bitmap_prefilter,main_cat='All Electronics',0.3,0.2469,10,25,0.044,13.4506,13.4946,47842,10,1.0
bitmap_prefilter,main_cat='All Electronics',0.3,0.2469,10,26,0.0443,13.4905,13.5348,47842,10,1.0
bitmap_prefilter,main_cat='All Electronics',0.3,0.2469,10,27,0.0448,13.415,13.4598,47842,10,1.0
bitmap_prefilter,main_cat='All Electronics',0.3,0.2469,10,28,0.0435,13.5893,13.6328,47842,10,1.0
bitmap_prefilter,main_cat='All Electronics',0.3,0.2469,10,29,0.0429,13.4369,13.4798,47842,10,1.0
bitmap_prefilter,main_cat='All Electronics',0.3,0.2469,10,30,0.0438,13.3573,13.4012,47842,10,1.0
bitmap_prefilter,main_cat='All Electronics',0.3,0.2469,10,31,0.0438,13.3947,13.4385,47842,10,1.0
bitmap_prefilter,main_cat='All Electronics',0.3,0.2469,10,32,0.0439,13.5027,13.5465,47842,10,1.0
bitmap_prefilter,main_cat='All Electronics',0.3,0.2469,10,33,0.0434,13.7085,13.752,47842,10,1.0
bitmap_prefilter,main_cat='All Electronics',0.3,0.2469,10,34,0.0432,14.7275,14.7707,47842,10,1.0
bitmap_prefilter,main_cat='All Electronics',0.3,0.2469,10,35,0.0553,13.599,13.6543,47842,10,1.0
bitmap_prefilter,main_cat='All Electronics',0.3,0.2469,10,36,0.05,13.4508,13.5009,47842,10,1.0
bitmap_prefilter,main_cat='All Electronics',0.3,0.2469,10,37,0.0509,13.4176,13.4685,47842,10,1.0
bitmap_prefilter,main_cat='All Electronics',0.3,0.2469,10,38,0.0465,13.6471,13.6936,47842,10,1.0
bitmap_prefilter,main_cat='All Electronics',0.3,0.2469,10,39,0.0454,13.5052,13.5506,47842,10,1.0
bitmap_prefilter,main_cat='All Electronics',0.3,0.2469,10,40,0.0455,13.5714,13.617,47842,10,1.0
bitmap_prefilter,main_cat='All Electronics',0.3,0.2469,10,41,0.044,13.4497,13.4936,47842,10,1.0
bitmap_prefilter,main_cat='All Electronics',0.3,0.2469,10,42,0.0441,13.481,13.5251,47842,10,1.0
bitmap_prefilter,main_cat='All Electronics',0.3,0.2469,10,43,0.0459,13.6734,13.7192,47842,10,1.0
bitmap_prefilter,main_cat='All Electronics',0.3,0.2469,10,44,0.0474,13.5088,13.5562,47842,10,1.0
bitmap_prefilter,main_cat='All Electronics',0.3,0.2469,10,45,0.0439,13.5654,13.6092,47842,10,1.0
bitmap_prefilter,main_cat='All Electronics',0.3,0.2469,10,46,0.0456,13.4512,13.4968,47842,10,1.0
bitmap_prefilter,main_cat='All Electronics',0.3,0.2469,10,47,0.0439,13.4962,13.5401,47842,10,0.0
bitmap_prefilter,main_cat='All Electronics',0.3,0.2469,10,48,0.0442,13.5314,13.5755,47842,10,1.0
bitmap_prefilter,main_cat='All Electronics',0.3,0.2469,10,49,0.0443,13.3955,13.4398,47842,10,1.0
brute_force,main_cat='All Electronics',0.3,0.2469,50,0,0.4176,24.3431,24.7608,50,50,1.0
brute_force,main_cat='All Electronics',0.3,0.2469,50,1,0.1485,24.6654,24.8139,50,50,1.0
brute_force,main_cat='All Electronics',0.3,0.2469,50,2,0.1033,24.88,24.9832,50,50,1.0
brute_force,main_cat='All Electronics',0.3,0.2469,50,3,0.2509,25.0696,25.3205,50,50,1.0
brute_force,main_cat='All Electronics',0.3,0.2469,50,4,0.109,24.748,24.857,50,50,1.0
brute_force,main_cat='All Electronics',0.3,0.2469,50,5,0.0627,24.7509,24.8135,50,50,1.0
brute_force,main_cat='All Electronics',0.3,0.2469,50,6,0.1223,24.9872,25.1095,50,50,1.0
brute_force,main_cat='All Electronics',0.3,0.2469,50,7,0.1362,25.0416,25.1778,50,50,1.0
brute_force,main_cat='All Electronics',0.3,0.2469,50,8,0.2515,24.7696,25.0211,50,50,1.0
brute_force,main_cat='All Electronics',0.3,0.2469,50,9,0.1774,24.8178,24.9952,50,50,1.0
brute_force,main_cat='All Electronics',0.3,0.2469,50,10,0.1201,24.8105,24.9305,50,50,1.0
brute_force,main_cat='All Electronics',0.3,0.2469,50,11,0.1346,24.7548,24.8894,50,50,1.0
brute_force,main_cat='All Electronics',0.3,0.2469,50,12,0.4523,24.8348,25.2871,50,50,1.0
brute_force,main_cat='All Electronics',0.3,0.2469,50,13,0.245,25.0482,25.2932,50,50,1.0
brute_force,main_cat='All Electronics',0.3,0.2469,50,14,0.216,24.919,25.1349,50,50,1.0
brute_force,main_cat='All Electronics',0.3,0.2469,50,15,0.48,25.3822,25.8622,50,50,1.0
brute_force,main_cat='All Electronics',0.3,0.2469,50,16,0.1197,24.8991,25.0187,50,50,1.0
brute_force,main_cat='All Electronics',0.3,0.2469,50,17,0.259,25.0513,25.3103,50,50,1.0
brute_force,main_cat='All Electronics',0.3,0.2469,50,18,0.09,24.5031,24.5931,50,50,1.0
brute_force,main_cat='All Electronics',0.3,0.2469,50,19,0.0983,24.639,24.7372,50,50,1.0
brute_force,main_cat='All Electronics',0.3,0.2469,50,20,0.0932,24.643,24.7362,50,50,1.0
brute_force,main_cat='All Electronics',0.3,0.2469,50,21,0.1973,24.6229,24.8202,50,50,1.0
brute_force,main_cat='All Electronics',0.3,0.2469,50,22,0.2893,24.4826,24.7719,50,50,1.0
brute_force,main_cat='All Electronics',0.3,0.2469,50,23,0.1441,24.7338,24.8778,50,50,1.0
brute_force,main_cat='All Electronics',0.3,0.2469,50,24,0.1027,24.4085,24.5112,50,50,0.98
brute_force,main_cat='All Electronics',0.3,0.2469,50,25,0.1979,24.5483,24.7463,50,50,1.0
brute_force,main_cat='All Electronics',0.3,0.2469,50,26,0.1322,24.7671,24.8994,50,50,1.0
brute_force,main_cat='All Electronics',0.3,0.2469,50,27,0.0675,24.6781,24.7456,50,50,1.0
brute_force,main_cat='All Electronics',0.3,0.2469,50,28,0.168,24.5691,24.7371,50,50,1.0
brute_force,main_cat='All Electronics',0.3,0.2469,50,29,0.2095,24.6563,24.8657,50,50,1.0
brute_force,main_cat='All Electronics',0.3,0.2469,50,30,0.1447,24.5695,24.7142,50,50,1.0
brute_force,main_cat='All Electronics',0.3,0.2469,50,31,0.1547,24.8376,24.9923,50,50,1.0
brute_force,main_cat='All Electronics',0.3,0.2469,50,32,0.2341,24.6323,24.8665,50,50,1.0
brute_force,main_cat='All Electronics',0.3,0.2469,50,33,0.461,24.7099,25.171,50,50,1.0
brute_force,main_cat='All Electronics',0.3,0.2469,50,34,0.4112,24.5533,24.9645,50,50,1.0
brute_force,main_cat='All Electronics',0.3,0.2469,50,35,0.0914,24.6077,24.6991,50,50,1.0
brute_force,main_cat='All Electronics',0.3,0.2469,50,36,0.2725,24.589,24.8615,50,50,1.0
brute_force,main_cat='All Electronics',0.3,0.2469,50,37,0.0785,24.6552,24.7337,50,50,1.0
brute_force,main_cat='All Electronics',0.3,0.2469,50,38,0.1078,24.5421,24.6499,50,50,1.0
brute_force,main_cat='All Electronics',0.3,0.2469,50,39,0.1346,24.7632,24.8977,50,50,1.0
brute_force,main_cat='All Electronics',0.3,0.2469,50,40,0.2698,24.4683,24.7382,50,50,1.0
brute_force,main_cat='All Electronics',0.3,0.2469,50,41,0.1291,24.5604,24.6895,50,50,1.0
brute_force,main_cat='All Electronics',0.3,0.2469,50,42,0.1975,24.6023,24.7998,50,50,1.0
brute_force,main_cat='All Electronics',0.3,0.2469,50,43,0.1872,24.6283,24.8155,50,50,1.0
brute_force,main_cat='All Electronics',0.3,0.2469,50,44,0.1876,24.6795,24.8671,50,50,1.0
brute_force,main_cat='All Electronics',0.3,0.2469,50,45,0.1993,24.5905,24.7898,50,50,1.0
brute_force,main_cat='All Electronics',0.3,0.2469,50,46,0.1848,24.5987,24.7834,50,50,1.0
brute_force,main_cat='All Electronics',0.3,0.2469,50,47,0.1672,24.7297,24.8969,50,50,1.0
brute_force,main_cat='All Electronics',0.3,0.2469,50,48,0.1646,24.5703,24.735,50,50,1.0
brute_force,main_cat='All Electronics',0.3,0.2469,50,49,0.1681,24.6779,24.846,50,50,1.0
naive_prefilter,main_cat='All Electronics',0.3,0.2469,50,0,15.2367,14.2524,29.4892,47842,50,1.0
naive_prefilter,main_cat='All Electronics',0.3,0.2469,50,1,15.4358,14.7676,30.2034,47842,50,1.0
naive_prefilter,main_cat='All Electronics',0.3,0.2469,50,2,15.2522,14.3366,29.5887,47842,50,1.0
naive_prefilter,main_cat='All Electronics',0.3,0.2469,50,3,15.1729,14.2133,29.3861,47842,50,1.0
naive_prefilter,main_cat='All Electronics',0.3,0.2469,50,4,15.4118,14.3213,29.733,47842,50,1.0
naive_prefilter,main_cat='All Electronics',0.3,0.2469,50,5,15.1478,14.2815,29.4293,47842,50,1.0
naive_prefilter,main_cat='All Electronics',0.3,0.2469,50,6,15.2722,14.2385,29.5108,47842,50,1.0
naive_prefilter,main_cat='All Electronics',0.3,0.2469,50,7,15.2747,14.287,29.5617,47842,50,1.0
naive_prefilter,main_cat='All Electronics',0.3,0.2469,50,8,15.1474,14.2419,29.3893,47842,50,1.0
naive_prefilter,main_cat='All Electronics',0.3,0.2469,50,9,15.1318,14.2832,29.415,47842,50,1.0
naive_prefilter,main_cat='All Electronics',0.3,0.2469,50,10,15.15,14.407,29.557,47842,50,1.0
naive_prefilter,main_cat='All Electronics',0.3,0.2469,50,11,15.2176,14.5117,29.7292,47842,50,1.0
naive_prefilter,main_cat='All Electronics',0.3,0.2469,50,12,15.2027,14.347,29.5498,47842,50,1.0
naive_prefilter,main_cat='All Electronics',0.3,0.2469,50,13,15.2194,14.1672,29.3866,47842,50,1.0
naive_prefilter,main_cat='All Electronics',0.3,0.2469,50,14,15.172,14.3285,29.5006,47842,50,1.0
naive_prefilter,main_cat='All Electronics',0.3,0.2469,50,15,15.2003,14.2711,29.4714,47842,50,1.0
naive_prefilter,main_cat='All Electronics',0.3,0.2469,50,16,15.3042,14.3543,29.6585,47842,50,1.0
naive_prefilter,main_cat='All Electronics',0.3,0.2469,50,17,15.0695,14.256,29.3255,47842,50,1.0
naive_prefilter,main_cat='All Electronics',0.3,0.2469,50,18,15.2999,14.3143,29.6141,47842,50,1.0
naive_prefilter,main_cat='All Electronics',0.3,0.2469,50,19,15.1781,14.3687,29.5468,47842,50,1.0
naive_prefilter,main_cat='All Electronics',0.3,0.2469,50,20,15.2026,14.427,29.6297,47842,50,1.0
naive_prefilter,main_cat='All Electronics',0.3,0.2469,50,21,15.2267,14.32,29.5467,47842,50,1.0
naive_prefilter,main_cat='All Electronics',0.3,0.2469,50,22,15.188,14.3366,29.5247,47842,50,1.0
naive_prefilter,main_cat='All Electronics',0.3,0.2469,50,23,15.2298,14.2003,29.4301,47842,50,1.0
naive_prefilter,main_cat='All Electronics',0.3,0.2469,50,24,15.1226,14.4877,29.6103,47842,50,0.98
naive_prefilter,main_cat='All Electronics',0.3,0.2469,50,25,15.2306,14.4186,29.6492,47842,50,1.0
naive_prefilter,main_cat='All Electronics',0.3,0.2469,50,26,15.2173,14.3427,29.5599,47842,50,1.0
naive_prefilter,main_cat='All Electronics',0.3,0.2469,50,27,15.2123,14.267,29.4794,47842,50,1.0
naive_prefilter,main_cat='All Electronics',0.3,0.2469,50,28,15.2509,14.3648,29.6157,47842,50,1.0
naive_prefilter,main_cat='All Electronics',0.3,0.2469,50,29,15.2098,14.2743,29.4841,47842,50,1.0
naive_prefilter,main_cat='All Electronics',0.3,0.2469,50,30,15.1804,14.4139,29.5943,47842,50,0.76
naive_prefilter,main_cat='All Electronics',0.3,0.2469,50,31,15.239,14.3681,29.607,47842,50,1.0
naive_prefilter,main_cat='All Electronics',0.3,0.2469,50,32,15.0985,14.2004,29.2988,47842,50,1.0
naive_prefilter,main_cat='All Electronics',0.3,0.2469,50,33,15.1769,14.2191,29.396,47842,50,1.0
naive_prefilter,main_cat='All Electronics',0.3,0.2469,50,34,15.1586,14.4331,29.5918,47842,50,1.0
naive_prefilter,main_cat='All Electronics',0.3,0.2469,50,35,15.4385,14.3014,29.7399,47842,50,1.0
naive_prefilter,main_cat='All Electronics',0.3,0.2469,50,36,15.2103,14.2707,29.481,47842,50,1.0
naive_prefilter,main_cat='All Electronics',0.3,0.2469,50,37,15.2676,14.27,29.5376,47842,50,1.0
naive_prefilter,main_cat='All Electronics',0.3,0.2469,50,38,15.1753,14.3273,29.5026,47842,50,1.0
naive_prefilter,main_cat='All Electronics',0.3,0.2469,50,39,15.1477,14.7322,29.8799,47842,50,1.0
naive_prefilter,main_cat='All Electronics',0.3,0.2469,50,40,15.035,14.2722,29.3072,47842,50,1.0
naive_prefilter,main_cat='All Electronics',0.3,0.2469,50,41,14.9835,14.2658,29.2492,47842,50,1.0
naive_prefilter,main_cat='All Electronics',0.3,0.2469,50,42,15.0705,14.3175,29.388,47842,50,1.0
naive_prefilter,main_cat='All Electronics',0.3,0.2469,50,43,15.1048,14.3245,29.4293,47842,50,1.0
naive_prefilter,main_cat='All Electronics',0.3,0.2469,50,44,15.127,14.2576,29.3846,47842,50,1.0
naive_prefilter,main_cat='All Electronics',0.3,0.2469,50,45,15.1677,14.1281,29.2958,47842,50,1.0
naive_prefilter,main_cat='All Electronics',0.3,0.2469,50,46,14.9849,14.306,29.2909,47842,50,1.0
naive_prefilter,main_cat='All Electronics',0.3,0.2469,50,47,15.0974,14.2524,29.3498,47842,50,0.96
naive_prefilter,main_cat='All Electronics',0.3,0.2469,50,48,15.1212,14.5049,29.6261,47842,50,1.0
naive_prefilter,main_cat='All Electronics',0.3,0.2469,50,49,15.1578,14.2905,29.4482,47842,50,1.0
post_filter,main_cat='All Electronics',0.3,0.2469,50,0,0.163,0.5363,0.6993,50,50,0.88
post_filter,main_cat='All Electronics',0.3,0.2469,50,1,0.1162,1.08,1.1962,50,50,0.98
post_filter,main_cat='All Electronics',0.3,0.2469,50,2,0.0885,0.9129,1.0014,50,50,0.98
post_filter,main_cat='All Electronics',0.3,0.2469,50,3,0.2244,0.9679,1.1922,50,50,0.9
post_filter,main_cat='All Electronics',0.3,0.2469,50,4,0.1257,1.3686,1.4943,50,50,0.96
post_filter,main_cat='All Electronics',0.3,0.2469,50,5,0.0669,1.0682,1.1351,50,50,1.0
post_filter,main_cat='All Electronics',0.3,0.2469,50,6,0.1102,1.1053,1.2155,50,50,0.98
post_filter,main_cat='All Electronics',0.3,0.2469,50,7,0.1176,0.7831,0.9007,50,50,1.0
post_filter,main_cat='All Electronics',0.3,0.2469,50,8,0.2105,1.1437,1.3543,50,50,0.98
post_filter,main_cat='All Electronics',0.3,0.2469,50,9,0.1438,1.1531,1.2969,50,50,0.98
post_filter,main_cat='All Electronics',0.3,0.2469,50,10,0.0965,1.0219,1.1184,50,50,0.98
post_filter,main_cat='All Electronics',0.3,0.2469,50,11,0.1111,0.9934,1.1045,50,50,0.9
post_filter,main_cat='All Electronics',0.3,0.2469,50,12,0.3659,0.8141,1.18,50,50,0.88
post_filter,main_cat='All Electronics',0.3,0.2469,50,13,0.2129,0.8576,1.0705,50,50,0.82
post_filter,main_cat='All Electronics',0.3,0.2469,50,14,0.1789,0.6326,0.8115,50,50,0.9
post_filter,main_cat='All Electronics',0.3,0.2469,50,15,0.3926,0.5539,0.9465,50,50,0.62
post_filter,main_cat='All Electronics',0.3,0.2469,50,16,0.0968,1.0324,1.1293,50,50,1.0
post_filter,main_cat='All Electronics',0.3,0.2469,50,17,0.1981,0.7787,0.9769,50,50,0.82
post_filter,main_cat='All Electronics',0.3,0.2469,50,18,0.0719,0.9438,1.0157,50,50,1.0
post_filter,main_cat='All Electronics',0.3,0.2469,50,19,0.0858,1.0022,1.0881,50,50,0.94
post_filter,main_cat='All Electronics',0.3,0.2469,50,20,0.075,0.7218,0.7969,50,50,1.0
post_filter,main_cat='All Electronics',0.3,0.2469,50,21,0.1555,0.7527,0.9082,50,50,0.78
post_filter,main_cat='All Electronics',0.3,0.2469,50,22,0.2925,0.8234,1.1158,50,50,0.52
post_filter,main_cat='All Electronics',0.3,0.2469,50,23,0.1278,0.806,0.9338,50,50,1.0
post_filter,main_cat='All Electronics',0.3,0.2469,50,24,0.0851,1.1079,1.193,50,50,0.98
post_filter,main_cat='All Electronics',0.3,0.2469,50,25,0.1743,0.3571,0.5313,50,50,0.56
post_filter,main_cat='All Electronics',0.3,0.2469,50,26,0.0998,1.0241,1.124,50,50,0.96
post_filter,main_cat='All Electronics',0.3,0.2469,50,27,0.056,0.9347,0.9906,50,50,1.0
post_filter,main_cat='All Electronics',0.3,0.2469,50,28,0.1437,0.9754,1.1191,50,50,0.92
post_filter,main_cat='All Electronics',0.3,0.2469,50,29,0.167,0.6016,0.7687,50,50,0.9
post_filter,main_cat='All Electronics',0.3,0.2469,50,30,0.0902,0.4548,0.5451,50,50,0.0
post_filter,main_cat='All Electronics',0.3,0.2469,50,31,0.1287,0.9549,1.0837,50,50,0.96
post_filter,main_cat='All Electronics',0.3,0.2469,50,32,0.1956,0.7418,0.9374,50,50,1.0
post_filter,main_cat='All Electronics',0.3,0.2469,50,33,0.4439,0.5615,1.0053,50,50,0.3
post_filter,main_cat='All Electronics',0.3,0.2469,50,34,0.3799,0.9491,1.329,50,50,0.92
post_filter,main_cat='All Electronics',0.3,0.2469,50,35,0.074,0.9909,1.0648,50,50,1.0
post_filter,main_cat='All Electronics',0.3,0.2469,50,36,0.2398,0.8081,1.0479,50,50,0.88
post_filter,main_cat='All Electronics',0.3,0.2469,50,37,0.0648,0.7242,0.789,50,50,1.0
post_filter,main_cat='All Electronics',0.3,0.2469,50,38,0.0876,1.2328,1.3205,50,50,0.94
post_filter,main_cat='All Electronics',0.3,0.2469,50,39,0.1138,0.5715,0.6854,50,50,0.92
post_filter,main_cat='All Electronics',0.3,0.2469,50,40,0.2317,1.1943,1.426,50,50,0.84
post_filter,main_cat='All Electronics',0.3,0.2469,50,41,0.1,0.6339,0.7339,50,50,1.0
post_filter,main_cat='All Electronics',0.3,0.2469,50,42,0.1747,0.9842,1.1589,50,50,0.94
post_filter,main_cat='All Electronics',0.3,0.2469,50,43,0.1458,0.4815,0.6273,50,50,0.8
post_filter,main_cat='All Electronics',0.3,0.2469,50,44,0.1573,0.7229,0.8802,50,50,0.96
post_filter,main_cat='All Electronics',0.3,0.2469,50,45,0.1552,1.0429,1.1981,50,50,0.94
post_filter,main_cat='All Electronics',0.3,0.2469,50,46,0.1559,0.8553,1.0112,50,50,0.92
post_filter,main_cat='All Electronics',0.3,0.2469,50,47,0.1295,0.295,0.4245,50,50,0.92
post_filter,main_cat='All Electronics',0.3,0.2469,50,48,0.1329,1.047,1.1799,50,50,0.96
post_filter,main_cat='All Electronics',0.3,0.2469,50,49,0.1227,0.5036,0.6263,50,50,0.88
bitmap_prefilter,main_cat='All Electronics',0.3,0.2469,50,0,0.0448,13.4369,13.4818,47842,50,1.0
bitmap_prefilter,main_cat='All Electronics',0.3,0.2469,50,1,0.058,13.6392,13.6972,47842,50,1.0
bitmap_prefilter,main_cat='All Electronics',0.3,0.2469,50,2,0.0512,13.6447,13.6959,47842,50,1.0
bitmap_prefilter,main_cat='All Electronics',0.3,0.2469,50,3,0.0492,13.5375,13.5866,47842,50,1.0
bitmap_prefilter,main_cat='All Electronics',0.3,0.2469,50,4,0.0456,13.4074,13.453,47842,50,1.0
bitmap_prefilter,main_cat='All Electronics',0.3,0.2469,50,5,0.0453,13.5185,13.5639,47842,50,1.0
bitmap_prefilter,main_cat='All Electronics',0.3,0.2469,50,6,0.0483,13.4892,13.5375,47842,50,1.0
bitmap_prefilter,main_cat='All Electronics',0.3,0.2469,50,7,0.0451,13.5823,13.6274,47842,50,1.0
bitmap_prefilter,main_cat='All Electronics',0.3,0.2469,50,8,0.0455,13.471,13.5164,47842,50,1.0
bitmap_prefilter,main_cat='All Electronics',0.3,0.2469,50,9,0.0471,14.4228,14.4699,47842,50,1.0
bitmap_prefilter,main_cat='All Electronics',0.3,0.2469,50,10,0.0465,14.334,14.3805,47842,50,1.0
bitmap_prefilter,main_cat='All Electronics',0.3,0.2469,50,11,0.049,13.9036,13.9526,47842,50,1.0
bitmap_prefilter,main_cat='All Electronics',0.3,0.2469,50,12,0.0608,13.6164,13.6773,47842,50,1.0
bitmap_prefilter,main_cat='All Electronics',0.3,0.2469,50,13,0.0514,13.4797,13.5311,47842,50,1.0
bitmap_prefilter,main_cat='All Electronics',0.3,0.2469,50,14,0.0526,13.5213,13.574,47842,50,1.0
bitmap_prefilter,main_cat='All Electronics',0.3,0.2469,50,15,0.0523,13.4453,13.4976,47842,50,1.0
bitmap_prefilter,main_cat='All Electronics',0.3,0.2469,50,16,0.0468,13.4552,13.502,47842,50,1.0
bitmap_prefilter,main_cat='All Electronics',0.3,0.2469,50,17,0.045,13.5478,13.5929,47842,50,1.0
bitmap_prefilter,main_cat='All Electronics',0.3,0.2469,50,18,0.0441,13.4069,13.451,47842,50,1.0
bitmap_prefilter,main_cat='All Electronics',0.3,0.2469,50,19,0.0433,13.4975,13.5408,47842,50,1.0
bitmap_prefilter,main_cat='All Electronics',0.3,0.2469,50,20,0.0438,13.5538,13.5977,47842,50,1.0
bitmap_prefilter,main_cat='All Electronics',0.3,0.2469,50,21,0.0435,13.4055,13.449,47842,50,1.0
bitmap_prefilter,main_cat='All Electronics',0.3,0.2469,50,22,0.0441,13.4668,13.5109,47842,50,1.0
bitmap_prefilter,main_cat='All Electronics',0.3,0.2469,50,23,0.0439,13.4837,13.5276,47842,50,1.0
bitmap_prefilter,main_cat='All Electronics',0.3,0.2469,50,24,0.0439,13.6354,13.6792,47842,50,0.98
bitmap_prefilter,main_cat='All Electronics',0.3,0.2469,50,25,0.0432,13.4858,13.529,47842,50,1.0
bitmap_prefilter,main_cat='All Electronics',0.3,0.2469,50,26,0.0467,13.5062,13.5529,47842,50,1.0
bitmap_prefilter,main_cat='All Electronics',0.3,0.2469,50,27,0.0437,13.5961,13.6398,47842,50,1.0
bitmap_prefilter,main_cat='All Electronics',0.3,0.2469,50,28,0.0429,13.4645,13.5074,47842,50,1.0
bitmap_prefilter,main_cat='All Electronics',0.3,0.2469,50,29,0.0458,13.6468,13.6926,47842,50,1.0
bitmap_prefilter,main_cat='All Electronics',0.3,0.2469,50,30,0.0436,13.4263,13.47,47842,50,0.76
bitmap_prefilter,main_cat='All Electronics',0.3,0.2469,50,31,0.0454,13.8453,13.8907,47842,50,1.0
bitmap_prefilter,main_cat='All Electronics',0.3,0.2469,50,32,0.0533,13.5062,13.5595,47842,50,1.0
bitmap_prefilter,main_cat='All Electronics',0.3,0.2469,50,33,0.0476,13.3934,13.441,47842,50,1.0
bitmap_prefilter,main_cat='All Electronics',0.3,0.2469,50,34,0.0458,13.5287,13.5745,47842,50,1.0
bitmap_prefilter,main_cat='All Electronics',0.3,0.2469,50,35,0.0452,13.5252,13.5705,47842,50,1.0
bitmap_prefilter,main_cat='All Electronics',0.3,0.2469,50,36,0.0447,13.6362,13.681,47842,50,1.0
bitmap_prefilter,main_cat='All Electronics',0.3,0.2469,50,37,0.0449,13.4962,13.541,47842,50,1.0
bitmap_prefilter,main_cat='All Electronics',0.3,0.2469,50,38,0.0442,13.4641,13.5083,47842,50,1.0
bitmap_prefilter,main_cat='All Electronics',0.3,0.2469,50,39,0.0446,13.5364,13.581,47842,50,1.0
bitmap_prefilter,main_cat='All Electronics',0.3,0.2469,50,40,0.0443,13.5096,13.554,47842,50,1.0
bitmap_prefilter,main_cat='All Electronics',0.3,0.2469,50,41,0.0439,13.5849,13.6288,47842,50,1.0
bitmap_prefilter,main_cat='All Electronics',0.3,0.2469,50,42,0.045,13.4552,13.5001,47842,50,1.0
bitmap_prefilter,main_cat='All Electronics',0.3,0.2469,50,43,0.0438,13.7075,13.7513,47842,50,1.0
bitmap_prefilter,main_cat='All Electronics',0.3,0.2469,50,44,0.0445,13.7869,13.8314,47842,50,1.0
bitmap_prefilter,main_cat='All Electronics',0.3,0.2469,50,45,0.044,13.6268,13.6708,47842,50,1.0
bitmap_prefilter,main_cat='All Electronics',0.3,0.2469,50,46,0.0436,13.7078,13.7513,47842,50,1.0
bitmap_prefilter,main_cat='All Electronics',0.3,0.2469,50,47,0.0438,13.8329,13.8767,47842,50,0.96
bitmap_prefilter,main_cat='All Electronics',0.3,0.2469,50,48,0.0477,14.5629,14.6106,47842,50,1.0
bitmap_prefilter,main_cat='All Electronics',0.3,0.2469,50,49,0.0448,14.4309,14.4757,47842,50,1.0
brute_force,main_cat='Home Audio & Theater',0.35,0.2277,10,0,0.0315,25.613,25.6446,10,10,1.0
brute_force,main_cat='Home Audio & Theater',0.35,0.2277,10,1,0.0335,25.1686,25.2021,10,10,1.0
brute_force,main_cat='Home Audio & Theater',0.35,0.2277,10,2,0.0912,25.5839,25.6752,10,10,1.0
brute_force,main_cat='Home Audio & Theater',0.35,0.2277,10,3,0.0368,25.2037,25.2405,10,10,1.0
brute_force,main_cat='Home Audio & Theater',0.35,0.2277,10,4,0.0398,25.0115,25.0513,10,10,1.0
brute_force,main_cat='Home Audio & Theater',0.35,0.2277,10,5,0.1286,24.7899,24.9185,10,10,1.0
brute_force,main_cat='Home Audio & Theater',0.35,0.2277,10,6,0.0305,24.8075,24.838,10,10,1.0
brute_force,main_cat='Home Audio & Theater',0.35,0.2277,10,7,0.0286,24.68,24.7086,10,10,1.0
brute_force,main_cat='Home Audio & Theater',0.35,0.2277,10,8,0.0296,24.7326,24.7622,10,10,1.0
brute_force,main_cat='Home Audio & Theater',0.35,0.2277,10,9,0.0356,24.8579,24.8935,10,10,1.0
brute_force,main_cat='Home Audio & Theater',0.35,0.2277,10,10,0.0445,24.5916,24.6361,10,10,1.0
brute_force,main_cat='Home Audio & Theater',0.35,0.2277,10,11,0.0279,24.4174,24.4452,10,10,1.0
brute_force,main_cat='Home Audio & Theater',0.35,0.2277,10,12,0.0263,25.0509,25.0772,10,10,1.0
brute_force,main_cat='Home Audio & Theater',0.35,0.2277,10,13,0.0205,24.9711,24.9917,10,10,1.0
brute_force,main_cat='Home Audio & Theater',0.35,0.2277,10,14,0.1023,24.9787,25.081,10,10,1.0
brute_force,main_cat='Home Audio & Theater',0.35,0.2277,10,15,0.3338,24.8157,25.1495,10,10,1.0
brute_force,main_cat='Home Audio & Theater',0.35,0.2277,10,16,0.0482,25.1384,25.1866,10,10,1.0
brute_force,main_cat='Home Audio & Theater',0.35,0.2277,10,17,0.0473,24.8855,24.9328,10,10,1.0
brute_force,main_cat='Home Audio & Theater',0.35,0.2277,10,18,0.077,25.0924,25.1693,10,10,1.0
brute_force,main_cat='Home Audio & Theater',0.35,0.2277,10,19,0.0498,24.7265,24.7764,10,10,1.0
brute_force,main_cat='Home Audio & Theater',0.35,0.2277,10,20,0.045,25.055,25.1,10,10,1.0
brute_force,main_cat='Home Audio & Theater',0.35,0.2277,10,21,0.1177,24.8367,24.9545,10,10,1.0
brute_force,main_cat='Home Audio & Theater',0.35,0.2277,10,22,0.137,25.0288,25.1658,10,10,1.0
brute_force,main_cat='Home Audio & Theater',0.35,0.2277,10,23,0.0485,25.2477,25.2962,10,10,1.0
brute_force,main_cat='Home Audio & Theater',0.35,0.2277,10,24,0.0413,25.5212,25.5625,10,10,1.0
brute_force,main_cat='Home Audio & Theater',0.35,0.2277,10,25,0.025,25.8246,25.8497,10,10,1.0
brute_force,main_cat='Home Audio & Theater',0.35,0.2277,10,26,0.0759,26.397,26.4729,10,10,1.0
brute_force,main_cat='Home Audio & Theater',0.35,0.2277,10,27,0.0758,25.1406,25.2164,10,10,1.0
brute_force,main_cat='Home Audio & Theater',0.35,0.2277,10,28,0.0643,26.0146,26.0789,10,10,1.0
brute_force,main_cat='Home Audio & Theater',0.35,0.2277,10,29,0.035,25.9315,25.9665,10,10,1.0
brute_force,main_cat='Home Audio & Theater',0.35,0.2277,10,30,0.0454,25.4991,25.5445,10,10,1.0
brute_force,main_cat='Home Audio & Theater',0.35,0.2277,10,31,0.0462,24.9974,25.0436,10,10,1.0
brute_force,main_cat='Home Audio & Theater',0.35,0.2277,10,32,0.0641,25.4072,25.4713,10,10,1.0
brute_force,main_cat='Home Audio & Theater',0.35,0.2277,10,33,0.2345,25.3737,25.6083,10,10,1.0
brute_force,main_cat='Home Audio & Theater',0.35,0.2277,10,34,0.0249,24.9094,24.9343,10,10,1.0
brute_force,main_cat='Home Audio & Theater',0.35,0.2277,10,35,0.037,24.9449,24.9819,10,10,1.0
brute_force,main_cat='Home Audio & Theater',0.35,0.2277,10,36,0.1419,25.039,25.1809,10,10,1.0
brute_force,main_cat='Home Audio & Theater',0.35,0.2277,10,37,0.0426,24.9475,24.9901,10,10,1.0
brute_force,main_cat='Home Audio & Theater',0.35,0.2277,10,38,0.0444,24.8893,24.9337,10,10,1.0
brute_force,main_cat='Home Audio & Theater',0.35,0.2277,10,39,0.0386,24.9044,24.943,10,10,1.0
brute_force,main_cat='Home Audio & Theater',0.35,0.2277,10,40,0.0489,24.7911,24.84,10,10,1.0
brute_force,main_cat='Home Audio & Theater',0.35,0.2277,10,41,0.0348,24.9604,24.9952,10,10,1.0
brute_force,main_cat='Home Audio & Theater',0.35,0.2277,10,42,0.0285,24.8816,24.9101,10,10,1.0
brute_force,main_cat='Home Audio & Theater',0.35,0.2277,10,43,0.046,24.9904,25.0364,10,10,1.0
brute_force,main_cat='Home Audio & Theater',0.35,0.2277,10,44,0.065,25.1066,25.1717,10,10,1.0
brute_force,main_cat='Home Audio & Theater',0.35,0.2277,10,45,0.0316,25.04,25.0715,10,10,1.0
brute_force,main_cat='Home Audio & Theater',0.35,0.2277,10,46,0.0242,25.0695,25.0938,10,10,1.0
brute_force,main_cat='Home Audio & Theater',0.35,0.2277,10,47,0.0347,24.9934,25.028,10,10,1.0
brute_force,main_cat='Home Audio & Theater',0.35,0.2277,10,48,0.0529,25.0693,25.1222,10,10,1.0
brute_force,main_cat='Home Audio & Theater',0.35,0.2277,10,49,0.0425,24.9532,24.9958,10,10,1.0
naive_prefilter,main_cat='Home Audio & Theater',0.35,0.2277,10,0,14.9704,13.3571,28.3275,44126,10,1.0
naive_prefilter,main_cat='Home Audio & Theater',0.35,0.2277,10,1,15.0766,13.2822,28.3588,44126,10,1.0
naive_prefilter,main_cat='Home Audio & Theater',0.35,0.2277,10,2,15.1198,13.2983,28.4181,44126,10,1.0
naive_prefilter,main_cat='Home Audio & Theater',0.35,0.2277,10,3,14.9433,13.245,28.1883,44126,10,1.0
naive_prefilter,main_cat='Home Audio & Theater',0.35,0.2277,10,4,14.9749,13.4033,28.3782,44126,10,1.0
naive_prefilter,main_cat='Home Audio & Theater',0.35,0.2277,10,5,15.0552,13.2128,28.268,44126,10,1.0
naive_prefilter,main_cat='Home Audio & Theater',0.35,0.2277,10,6,15.141,13.7783,28.9193,44126,10,1.0
naive_prefilter,main_cat='Home Audio & Theater',0.35,0.2277,10,7,14.8662,13.3966,28.2629,44126,10,1.0
naive_prefilter,main_cat='Home Audio & Theater',0.35,0.2277,10,8,15.075,13.2229,28.2978,44126,10,1.0
naive_prefilter,main_cat='Home Audio & Theater',0.35,0.2277,10,9,14.9009,13.331,28.232,44126,10,1.0
naive_prefilter,main_cat='Home Audio & Theater',0.35,0.2277,10,10,14.8067,13.2525,28.0592,44126,10,1.0
naive_prefilter,main_cat='Home Audio & Theater',0.35,0.2277,10,11,14.8328,13.2423,28.0751,44126,10,1.0
naive_prefilter,main_cat='Home Audio & Theater',0.35,0.2277,10,12,14.9275,13.2632,28.1907,44126,10,1.0
naive_prefilter,main_cat='Home Audio & Theater',0.35,0.2277,10,13,14.8734,13.5674,28.4408,44126,10,1.0
naive_prefilter,main_cat='Home Audio & Theater',0.35,0.2277,10,14,14.9074,13.9923,28.8997,44126,10,1.0
naive_prefilter,main_cat='Home Audio & Theater',0.35,0.2277,10,15,15.123,13.2442,28.3671,44126,10,1.0
naive_prefilter,main_cat='Home Audio & Theater',0.35,0.2277,10,16,15.0771,13.5361,28.6132,44126,10,1.0
naive_prefilter,main_cat='Home Audio & Theater',0.35,0.2277,10,17,14.8446,13.2387,28.0833,44126,10,1.0
naive_prefilter,main_cat='Home Audio & Theater',0.35,0.2277,10,18,14.9331,13.541,28.4741,44126,10,1.0
naive_prefilter,main_cat='Home Audio & Theater',0.35,0.2277,10,19,14.9816,13.6398,28.6214,44126,10,1.0
naive_prefilter,main_cat='Home Audio & Theater',0.35,0.2277,10,20,14.9309,13.368,28.2989,44126,10,1.0
naive_prefilter,main_cat='Home Audio & Theater',0.35,0.2277,10,21,14.8362,13.2812,28.1174,44126,10,1.0
naive_prefilter,main_cat='Home Audio & Theater',0.35,0.2277,10,22,14.7293,13.196,27.9253,44126,10,1.0
naive_prefilter,main_cat='Home Audio & Theater',0.35,0.2277,10,23,14.7936,13.2741,28.0677,44126,10,1.0
naive_prefilter,main_cat='Home Audio & Theater',0.35,0.2277,10,24,14.8293,13.3284,28.1577,44126,10,1.0
naive_prefilter,main_cat='Home Audio & Theater',0.35,0.2277,10,25,14.8552,13.3063,28.1615,44126,10,1.0
naive_prefilter,main_cat='Home Audio & Theater',0.35,0.2277,10,26,14.7713,13.4042,28.1754,44126,10,1.0
naive_prefilter,main_cat='Home Audio & Theater',0.35,0.2277,10,27,14.8487,13.4637,28.3124,44126,10,1.0
naive_prefilter,main_cat='Home Audio & Theater',0.35,0.2277,10,28,14.7585,13.4376,28.1961,44126,10,1.0
naive_prefilter,main_cat='Home Audio & Theater',0.35,0.2277,10,29,14.7843,13.1833,27.9677,44126,10,1.0
naive_prefilter,main_cat='Home Audio & Theater',0.35,0.2277,10,30,14.7011,13.2723,27.9734,44126,10,1.0
naive_prefilter,main_cat='Home Audio & Theater',0.35,0.2277,10,31,14.7417,13.2668,28.0086,44126,10,1.0
naive_prefilter,main_cat='Home Audio & Theater',0.35,0.2277,10,32,14.8976,13.2545,28.1521,44126,10,1.0
naive_prefilter,main_cat='Home Audio & Theater',0.35,0.2277,10,33,14.9995,13.2157,28.2153,44126,10,1.0
naive_prefilter,main_cat='Home Audio & Theater',0.35,0.2277,10,34,14.9332,13.4022,28.3354,44126,10,1.0
naive_prefilter,main_cat='Home Audio & Theater',0.35,0.2277,10,35,14.767,13.3045,28.0715,44126,10,1.0
naive_prefilter,main_cat='Home Audio & Theater',0.35,0.2277,10,36,14.7208,13.2549,27.9757,44126,10,1.0
naive_prefilter,main_cat='Home Audio & Theater',0.35,0.2277,10,37,14.8061,13.2941,28.1002,44126,10,1.0
naive_prefilter,main_cat='Home Audio & Theater',0.35,0.2277,10,38,14.9537,13.2556,28.2093,44126,10,1.0
naive_prefilter,main_cat='Home Audio & Theater',0.35,0.2277,10,39,14.9694,13.2465,28.2159,44126,10,1.0
naive_prefilter,main_cat='Home Audio & Theater',0.35,0.2277,10,40,14.8092,13.262,28.0712,44126,10,1.0
naive_prefilter,main_cat='Home Audio & Theater',0.35,0.2277,10,41,15.0407,13.4166,28.4573,44126,10,1.0
naive_prefilter,main_cat='Home Audio & Theater',0.35,0.2277,10,42,15.2055,13.3859,28.5914,44126,10,1.0
naive_prefilter,main_cat='Home Audio & Theater',0.35,0.2277,10,43,15.0489,13.2337,28.2826,44126,10,1.0
naive_prefilter,main_cat='Home Audio & Theater',0.35,0.2277,10,44,14.9052,13.2857,28.1909,44126,10,1.0
naive_prefilter,main_cat='Home Audio & Theater',0.35,0.2277,10,45,15.0008,13.2799,28.2807,44126,10,1.0
naive_prefilter,main_cat='Home Audio & Theater',0.35,0.2277,10,46,15.0183,13.2634,28.2817,44126,10,1.0
naive_prefilter,main_cat='Home Audio & Theater',0.35,0.2277,10,47,14.9912,13.245,28.2362,44126,10,0.0
naive_prefilter,main_cat='Home Audio & Theater',0.35,0.2277,10,48,15.0241,13.3397,28.3638,44126,10,1.0
naive_prefilter,main_cat='Home Audio & Theater',0.35,0.2277,10,49,14.9976,13.3245,28.3221,44126,10,1.0
post_filter,main_cat='Home Audio & Theater',0.35,0.2277,10,0,0.0077,0.3663,0.374,10,10,1.0
post_filter,main_cat='Home Audio & Theater',0.35,0.2277,10,1,0.0224,0.8342,0.8567,10,10,1.0
post_filter,main_cat='Home Audio & Theater',0.35,0.2277,10,2,0.0775,0.6596,0.7371,10,10,1.0
post_filter,main_cat='Home Audio & Theater',0.35,0.2277,10,3,0.0278,0.6883,0.7162,10,10,1.0
post_filter,main_cat='Home Audio & Theater',0.35,0.2277,10,4,0.0371,0.919,0.9561,10,10,1.0
post_filter,main_cat='Home Audio & Theater',0.35,0.2277,10,5,0.1185,0.7361,0.8546,10,10,1.0
post_filter,main_cat='Home Audio & Theater',0.35,0.2277,10,6,0.0215,0.8634,0.885,10,10,1.0
post_filter,main_cat='Home Audio & Theater',0.35,0.2277,10,7,0.0303,0.7297,0.76,10,10,1.0
post_filter,main_cat='Home Audio & Theater',0.35,0.2277,10,8,0.0192,0.9736,0.9928,10,10,1.0
post_filter,main_cat='Home Audio & Theater',0.35,0.2277,10,9,0.0239,0.8995,0.9234,10,10,1.0
post_filter,main_cat='Home Audio & Theater',0.35,0.2277,10,10,0.0405,0.8541,0.8946,10,10,1.0
post_filter,main_cat='Home Audio & Theater',0.35,0.2277,10,11,0.0205,0.7954,0.8159,10,10,1.0
post_filter,main_cat='Home Audio & Theater',0.35,0.2277,10,12,0.0168,0.6631,0.6799,10,10,1.0
post_filter,main_cat='Home Audio & Theater',0.35,0.2277,10,13,0.0188,0.7173,0.7361,10,10,1.0
post_filter,main_cat='Home Audio & Theater',0.35,0.2277,10,14,0.0972,0.5719,0.6692,10,10,1.0
post_filter,main_cat='Home Audio & Theater',0.35,0.2277,10,15,0.3025,0.5017,0.8042,10,10,0.5
post_filter,main_cat='Home Audio & Theater',0.35,0.2277,10,16,0.0403,0.8507,0.891,10,10,1.0
post_filter,main_cat='Home Audio & Theater',0.35,0.2277,10,17,0.036,0.6443,0.6803,10,10,1.0
post_filter,main_cat='Home Audio & Theater',0.35,0.2277,10,18,0.0606,0.7308,0.7914,10,10,1.0
post_filter,main_cat='Home Audio & Theater',0.35,0.2277,10,19,0.0388,0.7832,0.822,10,10,1.0
post_filter,main_cat='Home Audio & Theater',0.35,0.2277,10,20,0.0324,0.5703,0.6027,10,10,1.0
post_filter,main_cat='Home Audio & Theater',0.35,0.2277,10,21,0.0948,0.6228,0.7176,10,10,0.9
post_filter,main_cat='Home Audio & Theater',0.35,0.2277,10,22,0.115,0.6552,0.7703,10,10,0.8
post_filter,main_cat='Home Audio & Theater',0.35,0.2277,10,23,0.0317,0.6187,0.6504,10,10,1.0
post_filter,main_cat='Home Audio & Theater',0.35,0.2277,10,24,0.0271,0.8486,0.8757,10,10,1.0
post_filter,main_cat='Home Audio & Theater',0.35,0.2277,10,25,0.0149,0.2577,0.2725,10,10,0.6
post_filter,main_cat='Home Audio & Theater',0.35,0.2277,10,26,0.0716,0.7578,0.8294,10,10,0.9
post_filter,main_cat='Home Audio & Theater',0.35,0.2277,10,27,0.0564,0.7255,0.7819,10,10,1.0
post_filter,main_cat='Home Audio & Theater',0.35,0.2277,10,28,0.0402,0.7773,0.8175,10,10,1.0
post_filter,main_cat='Home Audio & Theater',0.35,0.2277,10,29,0.0163,0.5046,0.521,10,10,1.0
post_filter,main_cat='Home Audio & Theater',0.35,0.2277,10,30,0.0453,0.3877,0.433,10,10,0.0
post_filter,main_cat='Home Audio & Theater',0.35,0.2277,10,31,0.031,0.7684,0.7994,10,10,1.0
post_filter,main_cat='Home Audio & Theater',0.35,0.2277,10,32,0.0373,0.621,0.6583,10,10,1.0
post_filter,main_cat='Home Audio & Theater',0.35,0.2277,10,33,0.1759,0.4556,0.6315,10,10,0.6
post_filter,main_cat='Home Audio & Theater',0.35,0.2277,10,34,0.0171,0.7458,0.763,10,10,1.0
post_filter,main_cat='Home Audio & Theater',0.35,0.2277,10,35,0.0226,0.7803,0.8029,10,10,1.0
post_filter,main_cat='Home Audio & Theater',0.35,0.2277,10,36,0.1117,0.6457,0.7573,10,10,1.0
post_filter,main_cat='Home Audio & Theater',0.35,0.2277,10,37,0.0301,0.5885,0.6186,10,10,1.0
post_filter,main_cat='Home Audio & Theater',0.35,0.2277,10,38,0.0312,0.928,0.9592,10,10,1.0
post_filter,main_cat='Home Audio & Theater',0.35,0.2277,10,39,0.0261,0.4589,0.485,10,10,1.0
post_filter,main_cat='Home Audio & Theater',0.35,0.2277,10,40,0.0333,0.9121,0.9454,10,10,1.0
post_filter,main_cat='Home Audio & Theater',0.35,0.2277,10,41,0.0234,0.517,0.5404,10,10,1.0
post_filter,main_cat='Home Audio & Theater',0.35,0.2277,10,42,0.0216,0.7579,0.7795,10,10,1.0
post_filter,main_cat='Home Audio & Theater',0.35,0.2277,10,43,0.0333,0.421,0.4543,10,10,0.9
post_filter,main_cat='Home Audio & Theater',0.35,0.2277,10,44,0.0527,0.6082,0.6608,10,10,1.0
post_filter,main_cat='Home Audio & Theater',0.35,0.2277,10,45,0.0292,0.895,0.9242,10,10,1.0
post_filter,main_cat='Home Audio & Theater',0.35,0.2277,10,46,0.0195,0.7146,0.7341,10,10,1.0
post_filter,main_cat='Home Audio & Theater',0.35,0.2277,10,47,0.0343,0.2429,0.2772,10,10,0.1
post_filter,main_cat='Home Audio & Theater',0.35,0.2277,10,48,0.0408,0.8237,0.8645,10,10,1.0
post_filter,main_cat='Home Audio & Theater',0.35,0.2277,10,49,0.0317,0.4017,0.4334,10,10,1.0
bitmap_prefilter,main_cat='Home Audio & Theater',0.35,0.2277,10,0,0.0495,12.7303,12.7798,44126,10,1.0
bitmap_prefilter,main_cat='Home Audio & Theater',0.35,0.2277,10,1,0.0471,12.5912,12.6383,44126,10,1.0
bitmap_prefilter,main_cat='Home Audio & Theater',0.35,0.2277,10,2,0.045,12.615,12.6599,44126,10,1.0
bitmap_prefilter,main_cat='Home Audio & Theater',0.35,0.2277,10,3,0.0462,12.8896,12.9358,44126,10,1.0
bitmap_prefilter,main_cat='Home Audio & Theater',0.35,0.2277,10,4,0.0508,13.0272,13.078,44126,10,1.0
bitmap_prefilter,main_cat='Home Audio & Theater',0.35,0.2277,10,5,0.0472,13.0259,13.0731,44126,10,1.0
bitmap_prefilter,main_cat='Home Audio & Theater',0.35,0.2277,10,6,0.044,13.1737,13.2177,44126,10,1.0
bitmap_prefilter,main_cat='Home Audio & Theater',0.35,0.2277,10,7,0.0564,13.1696,13.226,44126,10,1.0
bitmap_prefilter,main_cat='Home Audio & Theater',0.35,0.2277,10,8,0.0454,13.345,13.3904,44126,10,1.0
bitmap_prefilter,main_cat='Home Audio & Theater',0.35,0.2277,10,9,0.0455,13.3282,13.3736,44126,10,1.0
bitmap_prefilter,main_cat='Home Audio & Theater',0.35,0.2277,10,10,0.0465,13.9203,13.9668,44126,10,1.0
bitmap_prefilter,main_cat='Home Audio & Theater',0.35,0.2277,10,11,0.0594,13.7331,13.7925,44126,10,1.0
bitmap_prefilter,main_cat='Home Audio & Theater',0.35,0.2277,10,12,0.0558,14.5656,14.6215,44126,10,1.0
bitmap_prefilter,main_cat='Home Audio & Theater',0.35,0.2277,10,13,0.0478,13.6447,13.6925,44126,10,1.0
bitmap_prefilter,main_cat='Home Audio & Theater',0.35,0.2277,10,14,0.0598,13.4206,13.4804,44126,10,1.0
bitmap_prefilter,main_cat='Home Audio & Theater',0.35,0.2277,10,15,0.0493,13.4263,13.4755,44126,10,1.0
bitmap_prefilter,main_cat='Home Audio & Theater',0.35,0.2277,10,16,0.0482,13.3912,13.4394,44126,10,1.0
bitmap_prefilter,main_cat='Home Audio & Theater',0.35,0.2277,10,17,0.0485,13.1109,13.1594,44126,10,1.0
bitmap_prefilter,main_cat='Home Audio & Theater',0.35,0.2277,10,18,0.052,12.9815,13.0335,44126,10,1.0
bitmap_prefilter,main_cat='Home Audio & Theater',0.35,0.2277,10,19,0.0467,13.179,13.2257,44126,10,1.0
bitmap_prefilter,main_cat='Home Audio & Theater',0.35,0.2277,10,20,0.0467,13.2407,13.2875,44126,10,1.0
bitmap_prefilter,main_cat='Home Audio & Theater',0.35,0.2277,10,21,0.0469,13.5118,13.5587,44126,10,1.0
bitmap_prefilter,main_cat='Home Audio & Theater',0.35,0.2277,10,22,0.0451,12.6212,12.6663,44126,10,1.0
bitmap_prefilter,main_cat='Home Audio & Theater',0.35,0.2277,10,23,0.0429,12.5363,12.5792,44126,10,1.0
bitmap_prefilter,main_cat='Home Audio & Theater',0.35,0.2277,10,24,0.0428,12.6061,12.6489,44126,10,1.0
bitmap_prefilter,main_cat='Home Audio & Theater',0.35,0.2277,10,25,0.0423,12.5252,12.5675,44126,10,1.0
bitmap_prefilter,main_cat='Home Audio & Theater',0.35,0.2277,10,26,0.0429,12.5603,12.6032,44126,10,1.0
bitmap_prefilter,main_cat='Home Audio & Theater',0.35,0.2277,10,27,0.0439,12.5918,12.6357,44126,10,1.0
bitmap_prefilter,main_cat='Home Audio & Theater',0.35,0.2277,10,28,0.042,12.5034,12.5455,44126,10,1.0
bitmap_prefilter,main_cat='Home Audio & Theater',0.35,0.2277,10,29,0.042,12.562,12.604,44126,10,1.0
bitmap_prefilter,main_cat='Home Audio & Theater',0.35,0.2277,10,30,0.0445,12.595,12.6395,44126,10,1.0
bitmap_prefilter,main_cat='Home Audio & Theater',0.35,0.2277,10,31,0.0418,12.4995,12.5413,44126,10,1.0
bitmap_prefilter,main_cat='Home Audio & Theater',0.35,0.2277,10,32,0.0423,12.6061,12.6485,44126,10,1.0
bitmap_prefilter,main_cat='Home Audio & Theater',0.35,0.2277,10,33,0.0417,12.4826,12.5242,44126,10,1.0
bitmap_prefilter,main_cat='Home Audio & Theater',0.35,0.2277,10,34,0.0418,12.5524,12.5942,44126,10,1.0
bitmap_prefilter,main_cat='Home Audio & Theater',0.35,0.2277,10,35,0.042,12.7428,12.7848,44126,10,1.0
bitmap_prefilter,main_cat='Home Audio & Theater',0.35,0.2277,10,36,0.0419,12.4747,12.5167,44126,10,1.0
bitmap_prefilter,main_cat='Home Audio & Theater',0.35,0.2277,10,37,0.0417,12.5084,12.5502,44126,10,1.0
bitmap_prefilter,main_cat='Home Audio & Theater',0.35,0.2277,10,38,0.0455,12.5773,12.6228,44126,10,1.0
bitmap_prefilter,main_cat='Home Audio & Theater',0.35,0.2277,10,39,0.0422,12.6292,12.6714,44126,10,1.0
bitmap_prefilter,main_cat='Home Audio & Theater',0.35,0.2277,10,40,0.0425,12.7435,12.786,44126,10,1.0
bitmap_prefilter,main_cat='Home Audio & Theater',0.35,0.2277,10,41,0.043,12.5238,12.5667,44126,10,1.0
bitmap_prefilter,main_cat='Home Audio & Theater',0.35,0.2277,10,42,0.0426,12.5566,12.5992,44126,10,1.0
bitmap_prefilter,main_cat='Home Audio & Theater',0.35,0.2277,10,43,0.0422,12.5611,12.6033,44126,10,1.0
bitmap_prefilter,main_cat='Home Audio & Theater',0.35,0.2277,10,44,0.0422,12.509,12.5512,44126,10,1.0
bitmap_prefilter,main_cat='Home Audio & Theater',0.35,0.2277,10,45,0.0432,12.6404,12.6836,44126,10,1.0
bitmap_prefilter,main_cat='Home Audio & Theater',0.35,0.2277,10,46,0.0415,12.5795,12.6211,44126,10,1.0
bitmap_prefilter,main_cat='Home Audio & Theater',0.35,0.2277,10,47,0.0419,12.5559,12.5978,44126,10,0.0
bitmap_prefilter,main_cat='Home Audio & Theater',0.35,0.2277,10,48,0.0418,12.5906,12.6324,44126,10,1.0
bitmap_prefilter,main_cat='Home Audio & Theater',0.35,0.2277,10,49,0.0417,12.5516,12.5932,44126,10,1.0
brute_force,main_cat='Home Audio & Theater',0.35,0.2277,50,0,0.0877,24.4142,24.5018,50,50,1.0
brute_force,main_cat='Home Audio & Theater',0.35,0.2277,50,1,0.1102,24.7443,24.8545,50,50,1.0
brute_force,main_cat='Home Audio & Theater',0.35,0.2277,50,2,0.2992,24.9781,25.2773,50,50,1.0
brute_force,main_cat='Home Audio & Theater',0.35,0.2277,50,3,0.1425,24.8778,25.0203,50,50,1.0
brute_force,main_cat='Home Audio & Theater',0.35,0.2277,50,4,0.1884,24.8968,25.0853,50,50,1.0
brute_force,main_cat='Home Audio & Theater',0.35,0.2277,50,5,0.3972,24.5798,24.977,50,50,1.0
brute_force,main_cat='Home Audio & Theater',0.35,0.2277,50,6,0.1022,24.6034,24.7055,50,50,1.0
brute_force,main_cat='Home Audio & Theater',0.35,0.2277,50,7,0.1164,24.6227,24.7391,50,50,1.0
brute_force,main_cat='Home Audio & Theater',0.35,0.2277,50,8,0.0904,24.5312,24.6215,50,50,0.96
brute_force,main_cat='Home Audio & Theater',0.35,0.2277,50,9,0.1104,24.7404,24.8508,50,50,1.0
brute_force,main_cat='Home Audio & Theater',0.35,0.2277,50,10,0.1493,24.6085,24.7578,50,50,1.0
brute_force,main_cat='Home Audio & Theater',0.35,0.2277,50,11,0.1183,24.598,24.7162,50,50,1.0
brute_force,main_cat='Home Audio & Theater',0.35,0.2277,50,12,0.0872,24.643,24.7302,50,50,1.0
brute_force,main_cat='Home Audio & Theater',0.35,0.2277,50,13,0.0804,24.6945,24.7749,50,50,1.0
brute_force,main_cat='Home Audio & Theater',0.35,0.2277,50,14,0.33,24.6742,25.0042,50,50,1.0
brute_force,main_cat='Home Audio & Theater',0.35,0.2277,50,15,0.5518,24.6636,25.2154,50,50,1.0
brute_force,main_cat='Home Audio & Theater',0.35,0.2277,50,16,0.1706,24.6804,24.851,50,50,1.0
brute_force,main_cat='Home Audio & Theater',0.35,0.2277,50,17,0.216,24.7332,24.9492,50,50,1.0
brute_force,main_cat='Home Audio & Theater',0.35,0.2277,50,18,0.2307,24.5504,24.7811,50,50,0.98
brute_force,main_cat='Home Audio & Theater',0.35,0.2277,50,19,0.2118,24.6002,24.812,50,50,1.0
brute_force,main_cat='Home Audio & Theater',0.35,0.2277,50,20,0.1822,24.6354,24.8177,50,50,1.0
brute_force,main_cat='Home Audio & Theater',0.35,0.2277,50,21,0.3302,24.9012,25.2315,50,50,1.0
brute_force,main_cat='Home Audio & Theater',0.35,0.2277,50,22,0.5779,24.7799,25.3577,50,50,1.0
brute_force,main_cat='Home Audio & Theater',0.35,0.2277,50,23,0.1808,25.7844,25.9652,50,50,1.0
brute_force,main_cat='Home Audio & Theater',0.35,0.2277,50,24,0.154,24.6725,24.8265,50,50,1.0
brute_force,main_cat='Home Audio & Theater',0.35,0.2277,50,25,0.0761,24.6537,24.7298,50,50,1.0
brute_force,main_cat='Home Audio & Theater',0.35,0.2277,50,26,0.2485,24.5752,24.8237,50,50,1.0
brute_force,main_cat='Home Audio & Theater',0.35,0.2277,50,27,0.3275,24.6234,24.9509,50,50,1.0
brute_force,main_cat='Home Audio & Theater',0.35,0.2277,50,28,0.1735,24.5696,24.7432,50,50,1.0
brute_force,main_cat='Home Audio & Theater',0.35,0.2277,50,29,0.1105,24.6909,24.8014,50,50,1.0
brute_force,main_cat='Home Audio & Theater',0.35,0.2277,50,30,0.1658,24.6773,24.8431,50,50,1.0
brute_force,main_cat='Home Audio & Theater',0.35,0.2277,50,31,0.1439,24.6456,24.7895,50,50,1.0
brute_force,main_cat='Home Audio & Theater',0.35,0.2277,50,32,0.1778,24.6275,24.8053,50,50,1.0
brute_force,main_cat='Home Audio & Theater',0.35,0.2277,50,33,0.3835,24.7632,25.1467,50,50,1.0
brute_force,main_cat='Home Audio & Theater',0.35,0.2277,50,34,0.0881,24.479,24.5671,50,50,1.0
brute_force,main_cat='Home Audio & Theater',0.35,0.2277,50,35,0.1461,24.6238,24.77,50,50,1.0
brute_force,main_cat='Home Audio & Theater',0.35,0.2277,50,36,0.3509,24.6928,25.0437,50,50,1.0
brute_force,main_cat='Home Audio & Theater',0.35,0.2277,50,37,0.1384,24.6825,24.821,50,50,1.0
brute_force,main_cat='Home Audio & Theater',0.35,0.2277,50,38,0.2407,24.3858,24.6264,50,50,1.0
brute_force,main_cat='Home Audio & Theater',0.35,0.2277,50,39,0.1482,24.6179,24.7662,50,50,1.0
brute_force,main_cat='Home Audio & Theater',0.35,0.2277,50,40,0.1401,24.454,24.5941,50,50,1.0
brute_force,main_cat='Home Audio & Theater',0.35,0.2277,50,41,0.1295,24.8014,24.931,50,50,1.0
brute_force,main_cat='Home Audio & Theater',0.35,0.2277,50,42,0.1034,24.3926,24.496,50,50,1.0
brute_force,main_cat='Home Audio & Theater',0.35,0.2277,50,43,0.1642,24.6408,24.805,50,50,1.0
brute_force,main_cat='Home Audio & Theater',0.35,0.2277,50,44,0.2255,24.603,24.8285,50,50,1.0
brute_force,main_cat='Home Audio & Theater',0.35,0.2277,50,45,0.122,24.6673,24.7892,50,50,1.0
brute_force,main_cat='Home Audio & Theater',0.35,0.2277,50,46,0.0869,24.514,24.601,50,50,1.0
brute_force,main_cat='Home Audio & Theater',0.35,0.2277,50,47,0.1702,24.8232,24.9933,50,50,1.0
brute_force,main_cat='Home Audio & Theater',0.35,0.2277,50,48,0.1968,24.6275,24.8243,50,50,1.0
brute_force,main_cat='Home Audio & Theater',0.35,0.2277,50,49,0.1859,24.8408,25.0268,50,50,1.0
naive_prefilter,main_cat='Home Audio & Theater',0.35,0.2277,50,0,15.2028,13.2931,28.4959,44126,50,1.0
naive_prefilter,main_cat='Home Audio & Theater',0.35,0.2277,50,1,15.1564,13.2803,28.4367,44126,50,1.0
naive_prefilter,main_cat='Home Audio & Theater',0.35,0.2277,50,2,14.9264,13.2375,28.1639,44126,50,1.0
naive_prefilter,main_cat='Home Audio & Theater',0.35,0.2277,50,3,15.2133,13.4592,28.6725,44126,50,1.0
naive_prefilter,main_cat='Home Audio & Theater',0.35,0.2277,50,4,15.0508,13.3647,28.4154,44126,50,1.0
naive_prefilter,main_cat='Home Audio & Theater',0.35,0.2277,50,5,14.9944,13.4416,28.436,44126,50,1.0
naive_prefilter,main_cat='Home Audio & Theater',0.35,0.2277,50,6,14.9062,13.2766,28.1828,44126,50,1.0
naive_prefilter,main_cat='Home Audio & Theater',0.35,0.2277,50,7,15.0453,13.2402,28.2855,44126,50,1.0
naive_prefilter,main_cat='Home Audio & Theater',0.35,0.2277,50,8,15.0002,13.2294,28.2296,44126,50,0.96
naive_prefilter,main_cat='Home Audio & Theater',0.35,0.2277,50,9,14.7715,13.237,28.0085,44126,50,1.0
naive_prefilter,main_cat='Home Audio & Theater',0.35,0.2277,50,10,15.0097,13.3401,28.3499,44126,50,1.0
naive_prefilter,main_cat='Home Audio & Theater',0.35,0.2277,50,11,14.7229,13.2822,28.0052,44126,50,1.0
naive_prefilter,main_cat='Home Audio & Theater',0.35,0.2277,50,12,14.832,13.3918,28.2238,44126,50,1.0
naive_prefilter,main_cat='Home Audio & Theater',0.35,0.2277,50,13,14.9329,13.2437,28.1766,44126,50,1.0
naive_prefilter,main_cat='Home Audio & Theater',0.35,0.2277,50,14,14.7508,13.1746,27.9255,44126,50,1.0
naive_prefilter,main_cat='Home Audio & Theater',0.35,0.2277,50,15,14.9091,13.2888,28.1979,44126,50,1.0
naive_prefilter,main_cat='Home Audio & Theater',0.35,0.2277,50,16,14.8372,13.232,28.0692,44126,50,1.0
naive_prefilter,main_cat='Home Audio & Theater',0.35,0.2277,50,17,14.8102,13.2948,28.105,44126,50,1.0
naive_prefilter,main_cat='Home Audio & Theater',0.35,0.2277,50,18,15.042,13.4806,28.5226,44126,50,0.98
naive_prefilter,main_cat='Home Audio & Theater',0.35,0.2277,50,19,14.8074,13.4053,28.2127,44126,50,1.0
naive_prefilter,main_cat='Home Audio & Theater',0.35,0.2277,50,20,14.8937,13.3038,28.1975,44126,50,1.0
naive_prefilter,main_cat='Home Audio & Theater',0.35,0.2277,50,21,14.82,13.1972,28.0171,44126,50,1.0
naive_prefilter,main_cat='Home Audio & Theater',0.35,0.2277,50,22,15.1467,13.2243,28.3711,44126,50,1.0
naive_prefilter,main_cat='Home Audio & Theater',0.35,0.2277,50,23,14.8862,13.253,28.1392,44126,50,1.0
naive_prefilter,main_cat='Home Audio & Theater',0.35,0.2277,50,24,14.7017,13.3655,28.0672,44126,50,1.0
naive_prefilter,main_cat='Home Audio & Theater',0.35,0.2277,50,25,14.9278,13.4692,28.3969,44126,50,1.0
naive_prefilter,main_cat='Home Audio & Theater',0.35,0.2277,50,26,14.955,14.0989,29.0538,44126,50,1.0
naive_prefilter,main_cat='Home Audio & Theater',0.35,0.2277,50,27,14.8062,13.2271,28.0333,44126,50,1.0
naive_prefilter,main_cat='Home Audio & Theater',0.35,0.2277,50,28,14.8547,13.2056,28.0603,44126,50,1.0
naive_prefilter,main_cat='Home Audio & Theater',0.35,0.2277,50,29,14.9643,13.48,28.4443,44126,50,1.0
naive_prefilter,main_cat='Home Audio & Theater',0.35,0.2277,50,30,14.9422,13.2626,28.2048,44126,50,1.0
naive_prefilter,main_cat='Home Audio & Theater',0.35,0.2277,50,31,14.9836,13.3789,28.3625,44126,50,1.0
naive_prefilter,main_cat='Home Audio & Theater',0.35,0.2277,50,32,14.824,13.4725,28.2965,44126,50,1.0
naive_prefilter,main_cat='Home Audio & Theater',0.35,0.2277,50,33,14.9256,13.2745,28.2001,44126,50,1.0
naive_prefilter,main_cat='Home Audio & Theater',0.35,0.2277,50,34,14.893,13.416,28.309,44126,50,1.0
naive_prefilter,main_cat='Home Audio & Theater',0.35,0.2277,50,35,14.8894,13.2059,28.0953,44126,50,1.0
naive_prefilter,main_cat='Home Audio & Theater',0.35,0.2277,50,36,15.1239,13.3445,28.4684,44126,50,1.0
naive_prefilter,main_cat='Home Audio & Theater',0.35,0.2277,50,37,14.8107,13.2402,28.0509,44126,50,1.0
naive_prefilter,main_cat='Home Audio & Theater',0.35,0.2277,50,38,14.7762,13.3153,28.0915,44126,50,1.0
naive_prefilter,main_cat='Home Audio & Theater',0.35,0.2277,50,39,14.8995,13.3945,28.294,44126,50,1.0
naive_prefilter,main_cat='Home Audio & Theater',0.35,0.2277,50,40,15.0176,13.2811,28.2987,44126,50,1.0
naive_prefilter,main_cat='Home Audio & Theater',0.35,0.2277,50,41,14.9345,13.2426,28.1771,44126,50,1.0
naive_prefilter,main_cat='Home Audio & Theater',0.35,0.2277,50,42,14.9118,13.2947,28.2065,44126,50,1.0
naive_prefilter,main_cat='Home Audio & Theater',0.35,0.2277,50,43,14.8488,13.5433,28.3921,44126,50,1.0
naive_prefilter,main_cat='Home Audio & Theater',0.35,0.2277,50,44,14.9799,13.2724,28.2523,44126,50,1.0
naive_prefilter,main_cat='Home Audio & Theater',0.35,0.2277,50,45,14.8697,13.2442,28.114,44126,50,1.0
naive_prefilter,main_cat='Home Audio & Theater',0.35,0.2277,50,46,14.9531,13.2786,28.2317,44126,50,1.0
naive_prefilter,main_cat='Home Audio & Theater',0.35,0.2277,50,47,15.0166,13.2649,28.2815,44126,50,0.94
naive_prefilter,main_cat='Home Audio & Theater',0.35,0.2277,50,48,14.876,13.2973,28.1733,44126,50,1.0
naive_prefilter,main_cat='Home Audio & Theater',0.35,0.2277,50,49,14.8231,13.2067,28.0298,44126,50,1.0
post_filter,main_cat='Home Audio & Theater',0.35,0.2277,50,0,0.0301,0.5094,0.5395,50,50,1.0
post_filter,main_cat='Home Audio & Theater',0.35,0.2277,50,1,0.0925,1.0935,1.186,50,50,1.0
post_filter,main_cat='Home Audio & Theater',0.35,0.2277,50,2,0.2647,0.825,1.0897,50,50,0.9
post_filter,main_cat='Home Audio & Theater',0.35,0.2277,50,3,0.1267,0.9682,1.0949,50,50,0.86
post_filter,main_cat='Home Audio & Theater',0.35,0.2277,50,4,0.1575,1.1647,1.3222,50,50,0.9
post_filter,main_cat='Home Audio & Theater',0.35,0.2277,50,5,0.4319,1.1962,1.6281,50,50,0.9
post_filter,main_cat='Home Audio & Theater',0.35,0.2277,50,6,0.0866,1.146,1.2326,50,50,1.0
post_filter,main_cat='Home Audio & Theater',0.35,0.2277,50,7,0.0962,0.7842,0.8805,50,50,1.0
post_filter,main_cat='Home Audio & Theater',0.35,0.2277,50,8,0.0778,1.206,1.2839,50,50,0.96
post_filter,main_cat='Home Audio & Theater',0.35,0.2277,50,9,0.0933,1.1381,1.2314,50,50,0.98
post_filter,main_cat='Home Audio & Theater',0.35,0.2277,50,10,0.128,1.0184,1.1464,50,50,1.0
post_filter,main_cat='Home Audio & Theater',0.35,0.2277,50,11,0.0998,0.9953,1.0951,50,50,1.0
post_filter,main_cat='Home Audio & Theater',0.35,0.2277,50,12,0.0739,0.808,0.882,50,50,1.0
post_filter,main_cat='Home Audio & Theater',0.35,0.2277,50,13,0.0665,0.8337,0.9001,50,50,1.0
post_filter,main_cat='Home Audio & Theater',0.35,0.2277,50,14,0.2606,0.6446,0.9052,50,50,0.9
post_filter,main_cat='Home Audio & Theater',0.35,0.2277,50,15,0.698,0.5568,1.2548,49,49,0.34
post_filter,main_cat='Home Audio & Theater',0.35,0.2277,50,16,0.1487,1.0487,1.1974,50,50,0.94
post_filter,main_cat='Home Audio & Theater',0.35,0.2277,50,17,0.1961,0.8329,1.029,50,50,0.84
post_filter,main_cat='Home Audio & Theater',0.35,0.2277,50,18,0.1965,0.9351,1.1316,50,50,0.96
post_filter,main_cat='Home Audio & Theater',0.35,0.2277,50,19,0.1822,0.9714,1.1536,50,50,0.88
post_filter,main_cat='Home Audio & Theater',0.35,0.2277,50,20,0.1409,0.6862,0.827,50,50,0.98
post_filter,main_cat='Home Audio & Theater',0.35,0.2277,50,21,0.356,0.7508,1.1068,50,50,0.44
post_filter,main_cat='Home Audio & Theater',0.35,0.2277,50,22,0.4371,0.8094,1.2465,50,50,0.56
post_filter,main_cat='Home Audio & Theater',0.35,0.2277,50,23,0.1309,0.7444,0.8753,50,50,1.0
post_filter,main_cat='Home Audio & Theater',0.35,0.2277,50,24,0.1214,1.0876,1.209,50,50,0.98
post_filter,main_cat='Home Audio & Theater',0.35,0.2277,50,25,0.0693,0.3335,0.4028,50,50,0.82
post_filter,main_cat='Home Audio & Theater',0.35,0.2277,50,26,0.202,0.964,1.166,50,50,0.92
post_filter,main_cat='Home Audio & Theater',0.35,0.2277,50,27,0.2673,0.9242,1.1915,50,50,0.94
post_filter,main_cat='Home Audio & Theater',0.35,0.2277,50,28,0.1397,0.9542,1.0939,50,50,0.98
post_filter,main_cat='Home Audio & Theater',0.35,0.2277,50,29,0.0875,0.6062,0.6937,50,50,0.96
post_filter,main_cat='Home Audio & Theater',0.35,0.2277,50,30,0.1396,0.4486,0.5882,50,50,0.0
post_filter,main_cat='Home Audio & Theater',0.35,0.2277,50,31,0.1093,0.954,1.0634,50,50,0.96
post_filter,main_cat='Home Audio & Theater',0.35,0.2277,50,32,0.1374,0.7349,0.8723,50,50,0.98
post_filter,main_cat='Home Audio & Theater',0.35,0.2277,50,33,0.3438,0.5561,0.8999,50,50,0.48
post_filter,main_cat='Home Audio & Theater',0.35,0.2277,50,34,0.0747,0.935,1.0097,50,50,1.0
post_filter,main_cat='Home Audio & Theater',0.35,0.2277,50,35,0.1206,0.9755,1.0961,50,50,0.98
post_filter,main_cat='Home Audio & Theater',0.35,0.2277,50,36,0.3056,0.7962,1.1018,50,50,0.76
post_filter,main_cat='Home Audio & Theater',0.35,0.2277,50,37,0.1133,0.7328,0.846,50,50,1.0
post_filter,main_cat='Home Audio & Theater',0.35,0.2277,50,38,0.1925,1.2284,1.4209,50,50,0.94
post_filter,main_cat='Home Audio & Theater',0.35,0.2277,50,39,0.1154,0.568,0.6833,50,50,0.98
post_filter,main_cat='Home Audio & Theater',0.35,0.2277,50,40,0.1085,1.1963,1.3048,50,50,1.0
post_filter,main_cat='Home Audio & Theater',0.35,0.2277,50,41,0.1085,0.6344,0.743,50,50,1.0
post_filter,main_cat='Home Audio & Theater',0.35,0.2277,50,42,0.0797,0.9578,1.0375,50,50,0.98
post_filter,main_cat='Home Audio & Theater',0.35,0.2277,50,43,0.134,0.4813,0.6153,50,50,0.94
post_filter,main_cat='Home Audio & Theater',0.35,0.2277,50,44,0.1772,0.7022,0.8794,50,50,1.0
post_filter,main_cat='Home Audio & Theater',0.35,0.2277,50,45,0.0968,1.0367,1.1336,50,50,0.92
post_filter,main_cat='Home Audio & Theater',0.35,0.2277,50,46,0.0687,0.8429,0.9117,50,50,1.0
post_filter,main_cat='Home Audio & Theater',0.35,0.2277,50,47,0.1313,0.3001,0.4314,50,50,0.88
post_filter,main_cat='Home Audio & Theater',0.35,0.2277,50,48,0.1618,1.0433,1.205,50,50,0.92
post_filter,main_cat='Home Audio & Theater',0.35,0.2277,50,49,0.1426,0.4889,0.6315,50,50,0.76
bitmap_prefilter,main_cat='Home Audio & Theater',0.35,0.2277,50,0,0.0487,12.7649,12.8136,44126,50,1.0
bitmap_prefilter,main_cat='Home Audio & Theater',0.35,0.2277,50,1,0.0455,12.8338,12.8793,44126,50,1.0
bitmap_prefilter,main_cat='Home Audio & Theater',0.35,0.2277,50,2,0.0475,12.5889,12.6365,44126,50,1.0
bitmap_prefilter,main_cat='Home Audio & Theater',0.35,0.2277,50,3,0.044,12.6204,12.6643,44126,50,1.0
bitmap_prefilter,main_cat='Home Audio & Theater',0.35,0.2277,50,4,0.049,12.6241,12.6731,44126,50,1.0
bitmap_prefilter,main_cat='Home Audio & Theater',0.35,0.2277,50,5,0.0446,12.5146,12.5592,44126,50,1.0
bitmap_prefilter,main_cat='Home Audio & Theater',0.35,0.2277,50,6,0.0473,12.7103,12.7576,44126,50,1.0
bitmap_prefilter,main_cat='Home Audio & Theater',0.35,0.2277,50,7,0.0453,12.5536,12.599,44126,50,1.0
bitmap_prefilter,main_cat='Home Audio & Theater',0.35,0.2277,50,8,0.0435,12.5017,12.5451,44126,50,0.96
bitmap_prefilter,main_cat='Home Audio & Theater',0.35,0.2277,50,9,0.0444,12.5944,12.6388,44126,50,1.0
bitmap_prefilter,main_cat='Home Audio & Theater',0.35,0.2277,50,10,0.0439,12.4689,12.5128,44126,50,1.0
bitmap_prefilter,main_cat='Home Audio & Theater',0.35,0.2277,50,11,0.044,12.572,12.616,44126,50,1.0
bitmap_prefilter,main_cat='Home Audio & Theater',0.35,0.2277,50,12,0.0448,12.6255,12.6702,44126,50,1.0
bitmap_prefilter,main_cat='Home Audio & Theater',0.35,0.2277,50,13,0.0435,12.4782,12.5217,44126,50,1.0
bitmap_prefilter,main_cat='Home Audio & Theater',0.35,0.2277,50,14,0.0427,12.5224,12.5652,44126,50,1.0
bitmap_prefilter,main_cat='Home Audio & Theater',0.35,0.2277,50,15,0.0422,13.2325,13.2747,44126,50,1.0
bitmap_prefilter,main_cat='Home Audio & Theater',0.35,0.2277,50,16,0.0545,13.5017,13.5561,44126,50,1.0
bitmap_prefilter,main_cat='Home Audio & Theater',0.35,0.2277,50,17,0.0452,12.8996,12.9448,44126,50,1.0
bitmap_prefilter,main_cat='Home Audio & Theater',0.35,0.2277,50,18,0.0496,12.8878,12.9373,44126,50,0.98
bitmap_prefilter,main_cat='Home Audio & Theater',0.35,0.2277,50,19,0.0452,12.5496,12.5948,44126,50,1.0
bitmap_prefilter,main_cat='Home Audio & Theater',0.35,0.2277,50,20,0.0436,12.5739,12.6175,44126,50,1.0
bitmap_prefilter,main_cat='Home Audio & Theater',0.35,0.2277,50,21,0.0441,12.6249,12.669,44126,50,1.0
bitmap_prefilter,main_cat='Home Audio & Theater',0.35,0.2277,50,22,0.0425,12.8943,12.9368,44126,50,1.0
bitmap_prefilter,main_cat='Home Audio & Theater',0.35,0.2277,50,23,0.0416,12.6577,12.6994,44126,50,1.0
bitmap_prefilter,main_cat='Home Audio & Theater',0.35,0.2277,50,24,0.0422,12.6228,12.6651,44126,50,1.0
bitmap_prefilter,main_cat='Home Audio & Theater',0.35,0.2277,50,25,0.0408,13.2907,13.3315,44126,50,1.0
bitmap_prefilter,main_cat='Home Audio & Theater',0.35,0.2277,50,26,0.0412,13.423,13.4642,44126,50,1.0
bitmap_prefilter,main_cat='Home Audio & Theater',0.35,0.2277,50,27,0.0414,12.9238,12.9652,44126,50,1.0
bitmap_prefilter,main_cat='Home Audio & Theater',0.35,0.2277,50,28,0.0425,12.4791,12.5216,44126,50,1.0
bitmap_prefilter,main_cat='Home Audio & Theater',0.35,0.2277,50,29,0.0422,12.6396,12.6818,44126,50,1.0
bitmap_prefilter,main_cat='Home Audio & Theater',0.35,0.2277,50,30,0.0413,12.6184,12.6596,44126,50,1.0
bitmap_prefilter,main_cat='Home Audio & Theater',0.35,0.2277,50,31,0.0419,12.6221,12.664,44126,50,1.0
bitmap_prefilter,main_cat='Home Audio & Theater',0.35,0.2277,50,32,0.0402,12.5867,12.6269,44126,50,1.0
bitmap_prefilter,main_cat='Home Audio & Theater',0.35,0.2277,50,33,0.0408,12.4707,12.5115,44126,50,1.0
bitmap_prefilter,main_cat='Home Audio & Theater',0.35,0.2277,50,34,0.041,12.5681,12.6091,44126,50,1.0
bitmap_prefilter,main_cat='Home Audio & Theater',0.35,0.2277,50,35,0.0414,12.7066,12.748,44126,50,1.0
bitmap_prefilter,main_cat='Home Audio & Theater',0.35,0.2277,50,36,0.04,12.5046,12.5445,44126,50,1.0
bitmap_prefilter,main_cat='Home Audio & Theater',0.35,0.2277,50,37,0.0408,12.475,12.5158,44126,50,1.0
bitmap_prefilter,main_cat='Home Audio & Theater',0.35,0.2277,50,38,0.0412,12.755,12.7962,44126,50,1.0
bitmap_prefilter,main_cat='Home Audio & Theater',0.35,0.2277,50,39,0.041,12.6622,12.7032,44126,50,1.0
bitmap_prefilter,main_cat='Home Audio & Theater',0.35,0.2277,50,40,0.0405,12.5966,12.637,44126,50,1.0
bitmap_prefilter,main_cat='Home Audio & Theater',0.35,0.2277,50,41,0.0412,12.5266,12.5678,44126,50,1.0
bitmap_prefilter,main_cat='Home Audio & Theater',0.35,0.2277,50,42,0.0533,12.5647,12.618,44126,50,1.0
bitmap_prefilter,main_cat='Home Audio & Theater',0.35,0.2277,50,43,0.0504,12.935,12.9853,44126,50,1.0
bitmap_prefilter,main_cat='Home Audio & Theater',0.35,0.2277,50,44,0.0464,12.8546,12.901,44126,50,1.0
bitmap_prefilter,main_cat='Home Audio & Theater',0.35,0.2277,50,45,0.0437,12.7329,12.7766,44126,50,1.0
bitmap_prefilter,main_cat='Home Audio & Theater',0.35,0.2277,50,46,0.0442,12.685,12.7291,44126,50,1.0
bitmap_prefilter,main_cat='Home Audio & Theater',0.35,0.2277,50,47,0.0433,12.5869,12.6303,44126,50,0.94
bitmap_prefilter,main_cat='Home Audio & Theater',0.35,0.2277,50,48,0.0428,12.7687,12.8115,44126,50,1.0
bitmap_prefilter,main_cat='Home Audio & Theater',0.35,0.2277,50,49,0.0431,12.5722,12.6153,44126,50,1.0
brute_force,main_cat='All Electronics' AND overall>=3.0,0.4,0.2056,10,0,0.1563,24.7907,24.947,10,10,1.0
brute_force,main_cat='All Electronics' AND overall>=3.0,0.4,0.2056,10,1,0.0567,25.0566,25.1133,10,10,1.0
brute_force,main_cat='All Electronics' AND overall>=3.0,0.4,0.2056,10,2,0.0335,24.9158,24.9493,10,10,1.0
brute_force,main_cat='All Electronics' AND overall>=3.0,0.4,0.2056,10,3,0.0665,24.9383,25.0048,10,10,1.0
brute_force,main_cat='All Electronics' AND overall>=3.0,0.4,0.2056,10,4,0.0437,24.7004,24.7441,10,10,1.0
brute_force,main_cat='All Electronics' AND overall>=3.0,0.4,0.2056,10,5,0.0238,24.8858,24.9096,10,10,1.0
brute_force,main_cat='All Electronics' AND overall>=3.0,0.4,0.2056,10,6,0.0353,24.6389,24.6742,10,10,1.0
brute_force,main_cat='All Electronics' AND overall>=3.0,0.4,0.2056,10,7,0.0955,24.7334,24.829,10,10,1.0
brute_force,main_cat='All Electronics' AND overall>=3.0,0.4,0.2056,10,8,0.0846,24.7061,24.7907,10,10,1.0
brute_force,main_cat='All Electronics' AND overall>=3.0,0.4,0.2056,10,9,0.0742,25.1031,25.1773,10,10,1.0
brute_force,main_cat='All Electronics' AND overall>=3.0,0.4,0.2056,10,10,0.0263,24.8606,24.8869,10,10,1.0
brute_force,main_cat='All Electronics' AND overall>=3.0,0.4,0.2056,10,11,0.0525,24.749,24.8015,10,10,1.0
brute_force,main_cat='All Electronics' AND overall>=3.0,0.4,0.2056,10,12,0.1264,24.9008,25.0273,10,10,1.0
brute_force,main_cat='All Electronics' AND overall>=3.0,0.4,0.2056,10,13,0.0481,25.0162,25.0643,10,10,1.0
brute_force,main_cat='All Electronics' AND overall>=3.0,0.4,0.2056,10,14,0.1167,24.9271,25.0438,10,10,1.0
brute_force,main_cat='All Electronics' AND overall>=3.0,0.4,0.2056,10,15,0.2607,25.007,25.2676,10,10,1.0
brute_force,main_cat='All Electronics' AND overall>=3.0,0.4,0.2056,10,16,0.0329,25.0036,25.0365,10,10,1.0
brute_force,main_cat='All Electronics' AND overall>=3.0,0.4,0.2056,10,17,0.0696,24.884,24.9536,10,10,1.0
brute_force,main_cat='All Electronics' AND overall>=3.0,0.4,0.2056,10,18,0.0574,24.9085,24.9659,10,10,1.0
brute_force,main_cat='All Electronics' AND overall>=3.0,0.4,0.2056,10,19,0.0352,24.8772,24.9123,10,10,1.0
brute_force,main_cat='All Electronics' AND overall>=3.0,0.4,0.2056,10,20,0.0237,24.8433,24.867,10,10,1.0
brute_force,main_cat='All Electronics' AND overall>=3.0,0.4,0.2056,10,21,0.0821,24.8778,24.9598,10,10,1.0
brute_force,main_cat='All Electronics' AND overall>=3.0,0.4,0.2056,10,22,0.1041,24.8649,24.969,10,10,1.0
brute_force,main_cat='All Electronics' AND overall>=3.0,0.4,0.2056,10,23,0.0302,24.945,24.9753,10,10,1.0
brute_force,main_cat='All Electronics' AND overall>=3.0,0.4,0.2056,10,24,0.0295,24.7769,24.8064,10,10,1.0
brute_force,main_cat='All Electronics' AND overall>=3.0,0.4,0.2056,10,25,0.0365,24.8353,24.8717,10,10,1.0
brute_force,main_cat='All Electronics' AND overall>=3.0,0.4,0.2056,10,26,0.04,24.9692,25.0092,10,10,1.0
brute_force,main_cat='All Electronics' AND overall>=3.0,0.4,0.2056,10,27,0.0207,24.854,24.8746,10,10,1.0
brute_force,main_cat='All Electronics' AND overall>=3.0,0.4,0.2056,10,28,0.0426,24.9933,25.0359,10,10,1.0
brute_force,main_cat='All Electronics' AND overall>=3.0,0.4,0.2056,10,29,0.0701,25.135,25.2051,10,10,1.0
brute_force,main_cat='All Electronics' AND overall>=3.0,0.4,0.2056,10,30,0.0405,24.8674,24.9079,10,10,1.0
brute_force,main_cat='All Electronics' AND overall>=3.0,0.4,0.2056,10,31,0.0382,24.837,24.8752,10,10,1.0
brute_force,main_cat='All Electronics' AND overall>=3.0,0.4,0.2056,10,32,0.1818,24.9633,25.1451,10,10,1.0
brute_force,main_cat='All Electronics' AND overall>=3.0,0.4,0.2056,10,33,0.2344,24.9395,25.1739,10,10,1.0
brute_force,main_cat='All Electronics' AND overall>=3.0,0.4,0.2056,10,34,0.1309,24.9992,25.1301,10,10,1.0
brute_force,main_cat='All Electronics' AND overall>=3.0,0.4,0.2056,10,35,0.0507,24.794,24.8447,10,10,1.0
brute_force,main_cat='All Electronics' AND overall>=3.0,0.4,0.2056,10,36,0.1301,24.781,24.9112,10,10,1.0
brute_force,main_cat='All Electronics' AND overall>=3.0,0.4,0.2056,10,37,0.0223,24.8565,24.8788,10,10,1.0
brute_force,main_cat='All Electronics' AND overall>=3.0,0.4,0.2056,10,38,0.0455,24.7895,24.835,10,10,1.0
brute_force,main_cat='All Electronics' AND overall>=3.0,0.4,0.2056,10,39,0.0295,24.9263,24.9558,10,10,1.0
brute_force,main_cat='All Electronics' AND overall>=3.0,0.4,0.2056,10,40,0.0585,24.7426,24.801,10,10,1.0
brute_force,main_cat='All Electronics' AND overall>=3.0,0.4,0.2056,10,41,0.1087,24.9502,25.0589,10,10,1.0
brute_force,main_cat='All Electronics' AND overall>=3.0,0.4,0.2056,10,42,0.0664,24.8637,24.9302,10,10,1.0
brute_force,main_cat='All Electronics' AND overall>=3.0,0.4,0.2056,10,43,0.0408,25.0166,25.0574,10,10,1.0
brute_force,main_cat='All Electronics' AND overall>=3.0,0.4,0.2056,10,44,0.3012,24.8138,25.1149,10,10,1.0
brute_force,main_cat='All Electronics' AND overall>=3.0,0.4,0.2056,10,45,0.0396,25.0508,25.0905,10,10,1.0
brute_force,main_cat='All Electronics' AND overall>=3.0,0.4,0.2056,10,46,0.0305,24.8903,24.9207,10,10,1.0
brute_force,main_cat='All Electronics' AND overall>=3.0,0.4,0.2056,10,47,0.0257,24.8945,24.9202,10,10,1.0
brute_force,main_cat='All Electronics' AND overall>=3.0,0.4,0.2056,10,48,0.0471,24.8314,24.8785,10,10,1.0
brute_force,main_cat='All Electronics' AND overall>=3.0,0.4,0.2056,10,49,0.05,24.748,24.798,10,10,1.0
naive_prefilter,main_cat='All Electronics' AND overall>=3.0,0.4,0.2056,10,0,17.7139,12.519,30.2329,39828,10,1.0
naive_prefilter,main_cat='All Electronics' AND overall>=3.0,0.4,0.2056,10,1,17.7058,12.6288,30.3346,39828,10,1.0
naive_prefilter,main_cat='All Electronics' AND overall>=3.0,0.4,0.2056,10,2,17.5411,12.6114,30.1525,39828,10,1.0
naive_prefilter,main_cat='All Electronics' AND overall>=3.0,0.4,0.2056,10,3,17.759,12.5447,30.3037,39828,10,1.0
naive_prefilter,main_cat='All Electronics' AND overall>=3.0,0.4,0.2056,10,4,17.7685,12.4216,30.1901,39828,10,1.0
naive_prefilter,main_cat='All Electronics' AND overall>=3.0,0.4,0.2056,10,5,17.5474,12.495,30.0425,39828,10,1.0
naive_prefilter,main_cat='All Electronics' AND overall>=3.0,0.4,0.2056,10,6,17.4953,12.5024,29.9977,39828,10,1.0
naive_prefilter,main_cat='All Electronics' AND overall>=3.0,0.4,0.2056,10,7,17.5793,12.4267,30.0061,39828,10,1.0
naive_prefilter,main_cat='All Electronics' AND overall>=3.0,0.4,0.2056,10,8,17.5547,12.5045,30.0592,39828,10,1.0
naive_prefilter,main_cat='All Electronics' AND overall>=3.0,0.4,0.2056,10,9,17.6849,12.4457,30.1306,39828,10,1.0
naive_prefilter,main_cat='All Electronics' AND overall>=3.0,0.4,0.2056,10,10,17.5012,12.5392,30.0404,39828,10,1.0
naive_prefilter,main_cat='All Electronics' AND overall>=3.0,0.4,0.2056,10,11,17.4508,12.4315,29.8822,39828,10,1.0
naive_prefilter,main_cat='All Electronics' AND overall>=3.0,0.4,0.2056,10,12,17.4813,12.6115,30.0928,39828,10,1.0
naive_prefilter,main_cat='All Electronics' AND overall>=3.0,0.4,0.2056,10,13,17.4107,12.5274,29.9381,39828,10,1.0
naive_prefilter,main_cat='All Electronics' AND overall>=3.0,0.4,0.2056,10,14,17.4221,12.3979,29.82,39828,10,1.0
naive_prefilter,main_cat='All Electronics' AND overall>=3.0,0.4,0.2056,10,15,17.5085,13.2126,30.7211,39828,10,1.0
naive_prefilter,main_cat='All Electronics' AND overall>=3.0,0.4,0.2056,10,16,17.6403,12.4825,30.1228,39828,10,1.0
naive_prefilter,main_cat='All Electronics' AND overall>=3.0,0.4,0.2056,10,17,17.4168,12.4652,29.882,39828,10,1.0
naive_prefilter,main_cat='All Electronics' AND overall>=3.0,0.4,0.2056,10,18,17.3609,12.439,29.7999,39828,10,1.0
naive_prefilter,main_cat='All Electronics' AND overall>=3.0,0.4,0.2056,10,19,17.4534,12.3911,29.8445,39828,10,1.0
naive_prefilter,main_cat='All Electronics' AND overall>=3.0,0.4,0.2056,10,20,17.3515,12.4018,29.7533,39828,10,1.0
naive_prefilter,main_cat='All Electronics' AND overall>=3.0,0.4,0.2056,10,21,17.4395,12.4842,29.9237,39828,10,1.0
naive_prefilter,main_cat='All Electronics' AND overall>=3.0,0.4,0.2056,10,22,17.4494,12.4738,29.9232,39828,10,1.0
naive_prefilter,main_cat='All Electronics' AND overall>=3.0,0.4,0.2056,10,23,17.3549,12.5052,29.86,39828,10,1.0
naive_prefilter,main_cat='All Electronics' AND overall>=3.0,0.4,0.2056,10,24,17.406,13.3625,30.7685,39828,10,1.0
naive_prefilter,main_cat='All Electronics' AND overall>=3.0,0.4,0.2056,10,25,17.392,12.4521,29.8441,39828,10,1.0
naive_prefilter,main_cat='All Electronics' AND overall>=3.0,0.4,0.2056,10,26,17.3995,12.3897,29.7893,39828,10,1.0
naive_prefilter,main_cat='All Electronics' AND overall>=3.0,0.4,0.2056,10,27,17.6975,12.543,30.2405,39828,10,1.0
naive_prefilter,main_cat='All Electronics' AND overall>=3.0,0.4,0.2056,10,28,17.7307,12.7373,30.468,39828,10,1.0
naive_prefilter,main_cat='All Electronics' AND overall>=3.0,0.4,0.2056,10,29,17.5117,12.481,29.9927,39828,10,1.0
naive_prefilter,main_cat='All Electronics' AND overall>=3.0,0.4,0.2056,10,30,17.4504,12.5597,30.0101,39828,10,1.0
naive_prefilter,main_cat='All Electronics' AND overall>=3.0,0.4,0.2056,10,31,17.4279,12.514,29.9419,39828,10,1.0
naive_prefilter,main_cat='All Electronics' AND overall>=3.0,0.4,0.2056,10,32,17.5174,12.4917,30.0092,39828,10,1.0
naive_prefilter,main_cat='All Electronics' AND overall>=3.0,0.4,0.2056,10,33,17.2694,12.4575,29.7269,39828,10,1.0
naive_prefilter,main_cat='All Electronics' AND overall>=3.0,0.4,0.2056,10,34,17.4429,12.6528,30.0957,39828,10,1.0
naive_prefilter,main_cat='All Electronics' AND overall>=3.0,0.4,0.2056,10,35,17.4128,12.474,29.8868,39828,10,1.0
naive_prefilter,main_cat='All Electronics' AND overall>=3.0,0.4,0.2056,10,36,17.457,12.6231,30.08,39828,10,1.0
naive_prefilter,main_cat='All Electronics' AND overall>=3.0,0.4,0.2056,10,37,17.549,12.5697,30.1187,39828,10,1.0
naive_prefilter,main_cat='All Electronics' AND overall>=3.0,0.4,0.2056,10,38,17.3573,12.586,29.9433,39828,10,1.0
naive_prefilter,main_cat='All Electronics' AND overall>=3.0,0.4,0.2056,10,39,17.4225,12.4226,29.8451,39828,10,1.0
naive_prefilter,main_cat='All Electronics' AND overall>=3.0,0.4,0.2056,10,40,17.4333,12.4454,29.8786,39828,10,1.0
naive_prefilter,main_cat='All Electronics' AND overall>=3.0,0.4,0.2056,10,41,17.4051,12.4035,29.8086,39828,10,1.0
naive_prefilter,main_cat='All Electronics' AND overall>=3.0,0.4,0.2056,10,42,17.464,12.8874,30.3514,39828,10,1.0
naive_prefilter,main_cat='All Electronics' AND overall>=3.0,0.4,0.2056,10,43,17.2698,12.579,29.8488,39828,10,1.0
naive_prefilter,main_cat='All Electronics' AND overall>=3.0,0.4,0.2056,10,44,17.4308,12.5981,30.0288,39828,10,1.0
naive_prefilter,main_cat='All Electronics' AND overall>=3.0,0.4,0.2056,10,45,17.4251,12.5144,29.9395,39828,10,1.0
naive_prefilter,main_cat='All Electronics' AND overall>=3.0,0.4,0.2056,10,46,17.3748,12.5445,29.9193,39828,10,1.0
naive_prefilter,main_cat='All Electronics' AND overall>=3.0,0.4,0.2056,10,47,17.4135,12.3934,29.807,39828,10,0.0
naive_prefilter,main_cat='All Electronics' AND overall>=3.0,0.4,0.2056,10,48,17.367,12.4995,29.8664,39828,10,1.0
naive_prefilter,main_cat='All Electronics' AND overall>=3.0,0.4,0.2056,10,49,17.3148,12.4018,29.7165,39828,10,1.0
post_filter,main_cat='All Electronics' AND overall>=3.0,0.4,0.2056,10,0,0.0586,0.3735,0.4321,10,10,0.9
post_filter,main_cat='All Electronics' AND overall>=3.0,0.4,0.2056,10,1,0.042,0.8499,0.8919,10,10,1.0
post_filter,main_cat='All Electronics' AND overall>=3.0,0.4,0.2056,10,2,0.0231,0.6644,0.6875,10,10,1.0
post_filter,main_cat='All Electronics' AND overall>=3.0,0.4,0.2056,10,3,0.0511,0.68,0.7311,10,10,1.0
post_filter,main_cat='All Electronics' AND overall>=3.0,0.4,0.2056,10,4,0.0321,0.7758,0.808,10,10,1.0
post_filter,main_cat='All Electronics' AND overall>=3.0,0.4,0.2056,10,5,0.0257,0.7645,0.7902,10,10,1.0
post_filter,main_cat='All Electronics' AND overall>=3.0,0.4,0.2056,10,6,0.0283,0.8653,0.8935,10,10,1.0
post_filter,main_cat='All Electronics' AND overall>=3.0,0.4,0.2056,10,7,0.0838,0.6374,0.7212,10,10,1.0
post_filter,main_cat='All Electronics' AND overall>=3.0,0.4,0.2056,10,8,0.0946,1.0118,1.1063,10,10,1.0
post_filter,main_cat='All Electronics' AND overall>=3.0,0.4,0.2056,10,9,0.0619,1.1216,1.1835,10,10,1.0
post_filter,main_cat='All Electronics' AND overall>=3.0,0.4,0.2056,10,10,0.0205,0.9062,0.9267,10,10,1.0
post_filter,main_cat='All Electronics' AND overall>=3.0,0.4,0.2056,10,11,0.0512,0.8137,0.8648,10,10,0.9
post_filter,main_cat='All Electronics' AND overall>=3.0,0.4,0.2056,10,12,0.1081,0.673,0.781,10,10,1.0
post_filter,main_cat='All Electronics' AND overall>=3.0,0.4,0.2056,10,13,0.0398,0.701,0.7408,10,10,1.0
post_filter,main_cat='All Electronics' AND overall>=3.0,0.4,0.2056,10,14,0.0982,0.5204,0.6186,10,10,1.0
post_filter,main_cat='All Electronics' AND overall>=3.0,0.4,0.2056,10,15,0.2158,0.4433,0.6591,10,10,0.8
post_filter,main_cat='All Electronics' AND overall>=3.0,0.4,0.2056,10,16,0.0255,0.8302,0.8557,10,10,1.0
post_filter,main_cat='All Electronics' AND overall>=3.0,0.4,0.2056,10,17,0.0548,0.6342,0.6889,10,10,1.0
post_filter,main_cat='All Electronics' AND overall>=3.0,0.4,0.2056,10,18,0.046,0.7449,0.7909,10,10,1.0
post_filter,main_cat='All Electronics' AND overall>=3.0,0.4,0.2056,10,19,0.0275,0.7823,0.8098,10,10,1.0
post_filter,main_cat='All Electronics' AND overall>=3.0,0.4,0.2056,10,20,0.0165,0.5645,0.5811,10,10,1.0
post_filter,main_cat='All Electronics' AND overall>=3.0,0.4,0.2056,10,21,0.0672,0.5905,0.6577,10,10,0.9
post_filter,main_cat='All Electronics' AND overall>=3.0,0.4,0.2056,10,22,0.094,0.6585,0.7526,10,10,0.7
post_filter,main_cat='All Electronics' AND overall>=3.0,0.4,0.2056,10,23,0.0244,0.6317,0.656,10,10,1.0
post_filter,main_cat='All Electronics' AND overall>=3.0,0.4,0.2056,10,24,0.0221,0.8731,0.8952,10,10,1.0
post_filter,main_cat='All Electronics' AND overall>=3.0,0.4,0.2056,10,25,0.0305,0.2555,0.286,10,10,0.9
post_filter,main_cat='All Electronics' AND overall>=3.0,0.4,0.2056,10,26,0.0275,0.7862,0.8137,10,10,1.0
post_filter,main_cat='All Electronics' AND overall>=3.0,0.4,0.2056,10,27,0.015,0.766,0.781,10,10,1.0
post_filter,main_cat='All Electronics' AND overall>=3.0,0.4,0.2056,10,28,0.0306,0.762,0.7926,10,10,0.9
post_filter,main_cat='All Electronics' AND overall>=3.0,0.4,0.2056,10,29,0.0673,0.5238,0.5911,10,10,1.0
post_filter,main_cat='All Electronics' AND overall>=3.0,0.4,0.2056,10,30,0.0434,0.4268,0.4702,10,10,0.0
post_filter,main_cat='All Electronics' AND overall>=3.0,0.4,0.2056,10,31,0.0311,0.8304,0.8615,10,10,1.0
post_filter,main_cat='All Electronics' AND overall>=3.0,0.4,0.2056,10,32,0.1553,0.6047,0.76,10,10,1.0
post_filter,main_cat='All Electronics' AND overall>=3.0,0.4,0.2056,10,33,0.2534,0.4517,0.7051,10,10,0.5
post_filter,main_cat='All Electronics' AND overall>=3.0,0.4,0.2056,10,34,0.1121,0.7656,0.8777,10,10,1.0
post_filter,main_cat='All Electronics' AND overall>=3.0,0.4,0.2056,10,35,0.0384,0.7817,0.8201,10,10,1.0
post_filter,main_cat='All Electronics' AND overall>=3.0,0.4,0.2056,10,36,0.1165,0.6425,0.759,10,10,0.9
post_filter,main_cat='All Electronics' AND overall>=3.0,0.4,0.2056,10,37,0.0154,0.5862,0.6015,10,10,1.0
post_filter,main_cat='All Electronics' AND overall>=3.0,0.4,0.2056,10,38,0.0334,0.9235,0.9569,10,10,1.0
post_filter,main_cat='All Electronics' AND overall>=3.0,0.4,0.2056,10,39,0.019,0.4519,0.4709,10,10,1.0
post_filter,main_cat='All Electronics' AND overall>=3.0,0.4,0.2056,10,40,0.0536,0.9155,0.9691,10,10,0.9
post_filter,main_cat='All Electronics' AND overall>=3.0,0.4,0.2056,10,41,0.0866,0.511,0.5975,10,10,1.0
post_filter,main_cat='All Electronics' AND overall>=3.0,0.4,0.2056,10,42,0.0516,0.7505,0.8021,10,10,1.0
post_filter,main_cat='All Electronics' AND overall>=3.0,0.4,0.2056,10,43,0.037,0.394,0.431,10,10,0.8
post_filter,main_cat='All Electronics' AND overall>=3.0,0.4,0.2056,10,44,0.2677,0.5941,0.8618,10,10,0.8
post_filter,main_cat='All Electronics' AND overall>=3.0,0.4,0.2056,10,45,0.0277,0.8354,0.863,10,10,1.0
post_filter,main_cat='All Electronics' AND overall>=3.0,0.4,0.2056,10,46,0.0217,0.6791,0.7008,10,10,1.0
post_filter,main_cat='All Electronics' AND overall>=3.0,0.4,0.2056,10,47,0.0335,0.2344,0.2679,10,10,0.2
post_filter,main_cat='All Electronics' AND overall>=3.0,0.4,0.2056,10,48,0.0278,0.8127,0.8405,10,10,1.0
post_filter,main_cat='All Electronics' AND overall>=3.0,0.4,0.2056,10,49,0.0345,0.4008,0.4353,10,10,0.9
bitmap_prefilter,main_cat='All Electronics' AND overall>=3.0,0.4,0.2056,10,0,0.0672,11.8662,11.9335,39828,10,1.0
bitmap_prefilter,main_cat='All Electronics' AND overall>=3.0,0.4,0.2056,10,1,0.0578,11.9382,11.996,39828,10,1.0
bitmap_prefilter,main_cat='All Electronics' AND overall>=3.0,0.4,0.2056,10,2,0.0524,11.7919,11.8443,39828,10,1.0
bitmap_prefilter,main_cat='All Electronics' AND overall>=3.0,0.4,0.2056,10,3,0.0536,12.0129,12.0665,39828,10,1.0
bitmap_prefilter,main_cat='All Electronics' AND overall>=3.0,0.4,0.2056,10,4,0.0518,11.7717,11.8235,39828,10,1.0
bitmap_prefilter,main_cat='All Electronics' AND overall>=3.0,0.4,0.2056,10,5,0.0495,11.7283,11.7777,39828,10,1.0
bitmap_prefilter,main_cat='All Electronics' AND overall>=3.0,0.4,0.2056,10,6,0.049,11.935,11.984,39828,10,1.0
bitmap_prefilter,main_cat='All Electronics' AND overall>=3.0,0.4,0.2056,10,7,0.0505,11.7832,11.8337,39828,10,1.0
bitmap_prefilter,main_cat='All Electronics' AND overall>=3.0,0.4,0.2056,10,8,0.0486,11.8121,11.8607,39828,10,1.0
bitmap_prefilter,main_cat='All Electronics' AND overall>=3.0,0.4,0.2056,10,9,0.0482,11.827,11.8752,39828,10,1.0
bitmap_prefilter,main_cat='All Electronics' AND overall>=3.0,0.4,0.2056,10,10,0.07,11.792,11.8621,39828,10,1.0
bitmap_prefilter,main_cat='All Electronics' AND overall>=3.0,0.4,0.2056,10,11,0.0575,11.7782,11.8357,39828,10,1.0
bitmap_prefilter,main_cat='All Electronics' AND overall>=3.0,0.4,0.2056,10,12,0.0532,11.8536,11.9068,39828,10,1.0
bitmap_prefilter,main_cat='All Electronics' AND overall>=3.0,0.4,0.2056,10,13,0.0526,11.8295,11.8821,39828,10,1.0
bitmap_prefilter,main_cat='All Electronics' AND overall>=3.0,0.4,0.2056,10,14,0.0588,11.946,12.0048,39828,10,1.0
bitmap_prefilter,main_cat='All Electronics' AND overall>=3.0,0.4,0.2056,10,15,0.0651,11.7988,11.8639,39828,10,1.0
bitmap_prefilter,main_cat='All Electronics' AND overall>=3.0,0.4,0.2056,10,16,0.0558,11.7097,11.7655,39828,10,1.0
bitmap_prefilter,main_cat='All Electronics' AND overall>=3.0,0.4,0.2056,10,17,0.0496,11.9134,11.963,39828,10,1.0
bitmap_prefilter,main_cat='All Electronics' AND overall>=3.0,0.4,0.2056,10,18,0.0525,11.9809,12.0334,39828,10,1.0
bitmap_prefilter,main_cat='All Electronics' AND overall>=3.0,0.4,0.2056,10,19,0.052,11.6945,11.7465,39828,10,1.0
bitmap_prefilter,main_cat='All Electronics' AND overall>=3.0,0.4,0.2056,10,20,0.0522,11.7999,11.8521,39828,10,1.0
bitmap_prefilter,main_cat='All Electronics' AND overall>=3.0,0.4,0.2056,10,21,0.051,11.7603,11.8113,39828,10,1.0
bitmap_prefilter,main_cat='All Electronics' AND overall>=3.0,0.4,0.2056,10,22,0.051,11.7413,11.7922,39828,10,1.0
bitmap_prefilter,main_cat='All Electronics' AND overall>=3.0,0.4,0.2056,10,23,0.0497,11.7956,11.8453,39828,10,1.0
bitmap_prefilter,main_cat='All Electronics' AND overall>=3.0,0.4,0.2056,10,24,0.0496,11.7913,11.841,39828,10,1.0
bitmap_prefilter,main_cat='All Electronics' AND overall>=3.0,0.4,0.2056,10,25,0.0491,11.8373,11.8864,39828,10,1.0
bitmap_prefilter,main_cat='All Electronics' AND overall>=3.0,0.4,0.2056,10,26,0.0494,11.7932,11.8426,39828,10,1.0
bitmap_prefilter,main_cat='All Electronics' AND overall>=3.0,0.4,0.2056,10,27,0.0487,11.7637,11.8124,39828,10,1.0
bitmap_prefilter,main_cat='All Electronics' AND overall>=3.0,0.4,0.2056,10,28,0.0483,11.7899,11.8382,39828,10,1.0
bitmap_prefilter,main_cat='All Electronics' AND overall>=3.0,0.4,0.2056,10,29,0.0483,11.6802,11.7286,39828,10,1.0
bitmap_prefilter,main_cat='All Electronics' AND overall>=3.0,0.4,0.2056,10,30,0.0485,11.7537,11.8023,39828,10,1.0
bitmap_prefilter,main_cat='All Electronics' AND overall>=3.0,0.4,0.2056,10,31,0.0488,11.9002,11.949,39828,10,1.0
bitmap_prefilter,main_cat='All Electronics' AND overall>=3.0,0.4,0.2056,10,32,0.0485,11.7279,11.7764,39828,10,1.0
bitmap_prefilter,main_cat='All Electronics' AND overall>=3.0,0.4,0.2056,10,33,0.0488,11.7083,11.7571,39828,10,1.0
bitmap_prefilter,main_cat='All Electronics' AND overall>=3.0,0.4,0.2056,10,34,0.0481,11.8342,11.8823,39828,10,1.0
bitmap_prefilter,main_cat='All Electronics' AND overall>=3.0,0.4,0.2056,10,35,0.0487,11.9573,12.006,39828,10,1.0
bitmap_prefilter,main_cat='All Electronics' AND overall>=3.0,0.4,0.2056,10,36,0.0468,11.7118,11.7586,39828,10,1.0
bitmap_prefilter,main_cat='All Electronics' AND overall>=3.0,0.4,0.2056,10,37,0.0472,12.1313,12.1785,39828,10,1.0
bitmap_prefilter,main_cat='All Electronics' AND overall>=3.0,0.4,0.2056,10,38,0.0475,12.3157,12.3632,39828,10,1.0
bitmap_prefilter,main_cat='All Electronics' AND overall>=3.0,0.4,0.2056,10,39,0.0472,12.2419,12.2891,39828,10,1.0
bitmap_prefilter,main_cat='All Electronics' AND overall>=3.0,0.4,0.2056,10,40,0.0469,12.2643,12.3112,39828,10,1.0
bitmap_prefilter,main_cat='All Electronics' AND overall>=3.0,0.4,0.2056,10,41,0.0467,12.232,12.2787,39828,10,1.0
bitmap_prefilter,main_cat='All Electronics' AND overall>=3.0,0.4,0.2056,10,42,0.0485,12.4302,12.4787,39828,10,1.0
bitmap_prefilter,main_cat='All Electronics' AND overall>=3.0,0.4,0.2056,10,43,0.0465,12.4214,12.468,39828,10,1.0
bitmap_prefilter,main_cat='All Electronics' AND overall>=3.0,0.4,0.2056,10,44,0.0481,12.1953,12.2434,39828,10,1.0
bitmap_prefilter,main_cat='All Electronics' AND overall>=3.0,0.4,0.2056,10,45,0.048,12.2687,12.3166,39828,10,1.0
bitmap_prefilter,main_cat='All Electronics' AND overall>=3.0,0.4,0.2056,10,46,0.0496,12.2711,12.3207,39828,10,1.0
bitmap_prefilter,main_cat='All Electronics' AND overall>=3.0,0.4,0.2056,10,47,0.0485,12.2284,12.2769,39828,10,0.0
bitmap_prefilter,main_cat='All Electronics' AND overall>=3.0,0.4,0.2056,10,48,0.0471,11.9399,11.987,39828,10,1.0
bitmap_prefilter,main_cat='All Electronics' AND overall>=3.0,0.4,0.2056,10,49,0.047,11.6928,11.7397,39828,10,1.0
brute_force,main_cat='All Electronics' AND overall>=3.0,0.4,0.2056,50,0,0.4683,24.8062,25.2746,50,50,1.0
brute_force,main_cat='All Electronics' AND overall>=3.0,0.4,0.2056,50,1,0.1502,25.0703,25.2206,50,50,1.0
brute_force,main_cat='All Electronics' AND overall>=3.0,0.4,0.2056,50,2,0.1087,24.9127,25.0213,50,50,1.0
brute_force,main_cat='All Electronics' AND overall>=3.0,0.4,0.2056,50,3,0.2577,25.0896,25.3474,50,50,1.0
brute_force,main_cat='All Electronics' AND overall>=3.0,0.4,0.2056,50,4,0.1773,24.5843,24.7616,50,50,1.0
brute_force,main_cat='All Electronics' AND overall>=3.0,0.4,0.2056,50,5,0.0845,24.6336,24.7181,50,50,1.0
brute_force,main_cat='All Electronics' AND overall>=3.0,0.4,0.2056,50,6,0.1737,24.9275,25.1011,50,50,1.0
brute_force,main_cat='All Electronics' AND overall>=3.0,0.4,0.2056,50,7,0.2883,25.5313,25.8196,50,50,1.0
brute_force,main_cat='All Electronics' AND overall>=3.0,0.4,0.2056,50,8,0.317,24.9516,25.2686,50,50,1.0
brute_force,main_cat='All Electronics' AND overall>=3.0,0.4,0.2056,50,9,0.1762,24.9259,25.1021,50,50,1.0
brute_force,main_cat='All Electronics' AND overall>=3.0,0.4,0.2056,50,10,0.1552,24.6974,24.8525,50,50,1.0
brute_force,main_cat='All Electronics' AND overall>=3.0,0.4,0.2056,50,11,0.1502,24.821,24.9713,50,50,1.0
brute_force,main_cat='All Electronics' AND overall>=3.0,0.4,0.2056,50,12,0.4732,24.8129,25.286,50,50,1.0
brute_force,main_cat='All Electronics' AND overall>=3.0,0.4,0.2056,50,13,0.2535,25.1278,25.3813,50,50,1.0
brute_force,main_cat='All Electronics' AND overall>=3.0,0.4,0.2056,50,14,0.4002,24.7409,25.1412,50,50,1.0
brute_force,main_cat='All Electronics' AND overall>=3.0,0.4,0.2056,50,15,0.5075,25.049,25.5564,50,50,1.0
brute_force,main_cat='All Electronics' AND overall>=3.0,0.4,0.2056,50,16,0.1311,24.9614,25.0925,50,50,1.0
brute_force,main_cat='All Electronics' AND overall>=3.0,0.4,0.2056,50,17,0.276,24.9782,25.2542,50,50,1.0
brute_force,main_cat='All Electronics' AND overall>=3.0,0.4,0.2056,50,18,0.2074,24.5445,24.7519,50,50,1.0
brute_force,main_cat='All Electronics' AND overall>=3.0,0.4,0.2056,50,19,0.1126,24.8801,24.9928,50,50,1.0
brute_force,main_cat='All Electronics' AND overall>=3.0,0.4,0.2056,50,20,0.1044,24.9471,25.0515,50,50,1.0
brute_force,main_cat='All Electronics' AND overall>=3.0,0.4,0.2056,50,21,0.2325,24.787,25.0196,50,50,1.0
brute_force,main_cat='All Electronics' AND overall>=3.0,0.4,0.2056,50,22,0.2981,24.7164,25.0145,50,50,1.0
brute_force,main_cat='All Electronics' AND overall>=3.0,0.4,0.2056,50,23,0.1538,25.0833,25.2371,50,50,1.0
brute_force,main_cat='All Electronics' AND overall>=3.0,0.4,0.2056,50,24,0.1127,24.7501,24.8628,50,50,0.98
brute_force,main_cat='All Electronics' AND overall>=3.0,0.4,0.2056,50,25,0.207,24.8842,25.0912,50,50,1.0
brute_force,main_cat='All Electronics' AND overall>=3.0,0.4,0.2056,50,26,0.1389,24.7318,24.8707,50,50,1.0
brute_force,main_cat='All Electronics' AND overall>=3.0,0.4,0.2056,50,27,0.1103,24.8205,24.9308,50,50,1.0
brute_force,main_cat='All Electronics' AND overall>=3.0,0.4,0.2056,50,28,0.2173,24.8241,25.0415,50,50,1.0
brute_force,main_cat='All Electronics' AND overall>=3.0,0.4,0.2056,50,29,0.2208,24.9417,25.1625,50,50,1.0
brute_force,main_cat='All Electronics' AND overall>=3.0,0.4,0.2056,50,30,0.1566,24.7415,24.8982,50,50,1.0
brute_force,main_cat='All Electronics' AND overall>=3.0,0.4,0.2056,50,31,0.1635,24.9225,25.086,50,50,1.0
brute_force,main_cat='All Electronics' AND overall>=3.0,0.4,0.2056,50,32,0.5441,24.9238,25.4679,50,50,1.0
brute_force,main_cat='All Electronics' AND overall>=3.0,0.4,0.2056,50,33,0.507,25.0287,25.5357,50,50,1.0
brute_force,main_cat='All Electronics' AND overall>=3.0,0.4,0.2056,50,34,0.4695,24.7615,25.2309,50,50,1.0
brute_force,main_cat='All Electronics' AND overall>=3.0,0.4,0.2056,50,35,0.1755,24.8896,25.0651,50,50,1.0
brute_force,main_cat='All Electronics' AND overall>=3.0,0.4,0.2056,50,36,0.4191,24.715,25.134,50,50,1.0
brute_force,main_cat='All Electronics' AND overall>=3.0,0.4,0.2056,50,37,0.0853,24.9472,25.0325,50,50,1.0
brute_force,main_cat='All Electronics' AND overall>=3.0,0.4,0.2056,50,38,0.1755,24.796,24.9714,50,50,1.0
brute_force,main_cat='All Electronics' AND overall>=3.0,0.4,0.2056,50,39,0.142,25.0254,25.1673,50,50,1.0
brute_force,main_cat='All Electronics' AND overall>=3.0,0.4,0.2056,50,40,0.3106,24.767,25.0776,50,50,1.0
brute_force,main_cat='All Electronics' AND overall>=3.0,0.4,0.2056,50,41,0.5088,24.9037,25.4125,50,50,1.0
brute_force,main_cat='All Electronics' AND overall>=3.0,0.4,0.2056,50,42,0.2744,24.7181,24.9925,50,50,1.0
brute_force,main_cat='All Electronics' AND overall>=3.0,0.4,0.2056,50,43,0.1857,24.8629,25.0485,50,50,1.0
brute_force,main_cat='All Electronics' AND overall>=3.0,0.4,0.2056,50,44,1.0008,24.7559,25.7567,50,50,1.0
brute_force,main_cat='All Electronics' AND overall>=3.0,0.4,0.2056,50,45,0.2042,24.8566,25.0608,50,50,1.0
brute_force,main_cat='All Electronics' AND overall>=3.0,0.4,0.2056,50,46,0.2023,24.8273,25.0296,50,50,1.0
brute_force,main_cat='All Electronics' AND overall>=3.0,0.4,0.2056,50,47,0.1767,24.9406,25.1172,50,50,1.0
brute_force,main_cat='All Electronics' AND overall>=3.0,0.4,0.2056,50,48,0.1803,24.815,24.9953,50,50,1.0
brute_force,main_cat='All Electronics' AND overall>=3.0,0.4,0.2056,50,49,0.1788,24.8514,25.0303,50,50,1.0
naive_prefilter,main_cat='All Electronics' AND overall>=3.0,0.4,0.2056,50,0,17.6397,12.5434,30.1831,39828,50,1.0
naive_prefilter,main_cat='All Electronics' AND overall>=3.0,0.4,0.2056,50,1,17.7107,12.5211,30.2318,39828,50,1.0
naive_prefilter,main_cat='All Electronics' AND overall>=3.0,0.4,0.2056,50,2,17.5422,13.081,30.6232,39828,50,1.0
naive_prefilter,main_cat='All Electronics' AND overall>=3.0,0.4,0.2056,50,3,17.6067,12.4978,30.1045,39828,50,1.0
naive_prefilter,main_cat='All Electronics' AND overall>=3.0,0.4,0.2056,50,4,17.5029,12.5019,30.0048,39828,50,1.0
naive_prefilter,main_cat='All Electronics' AND overall>=3.0,0.4,0.2056,50,5,17.49,12.5308,30.0208,39828,50,1.0
naive_prefilter,main_cat='All Electronics' AND overall>=3.0,0.4,0.2056,50,6,17.5558,12.6019,30.1577,39828,50,1.0
naive_prefilter,main_cat='All Electronics' AND overall>=3.0,0.4,0.2056,50,7,17.4319,12.8065,30.2384,39828,50,1.0
naive_prefilter,main_cat='All Electronics' AND overall>=3.0,0.4,0.2056,50,8,17.4305,12.4996,29.9302,39828,50,1.0
naive_prefilter,main_cat='All Electronics' AND overall>=3.0,0.4,0.2056,50,9,17.5308,12.4149,29.9457,39828,50,1.0
naive_prefilter,main_cat='All Electronics' AND overall>=3.0,0.4,0.2056,50,10,17.5971,13.3682,30.9654,39828,50,1.0
naive_prefilter,main_cat='All Electronics' AND overall>=3.0,0.4,0.2056,50,11,17.6217,12.4592,30.081,39828,50,1.0
naive_prefilter,main_cat='All Electronics' AND overall>=3.0,0.4,0.2056,50,12,17.5414,12.7826,30.324,39828,50,1.0
naive_prefilter,main_cat='All Electronics' AND overall>=3.0,0.4,0.2056,50,13,17.4293,12.5021,29.9314,39828,50,1.0
naive_prefilter,main_cat='All Electronics' AND overall>=3.0,0.4,0.2056,50,14,17.4262,12.3914,29.8176,39828,50,1.0
naive_prefilter,main_cat='All Electronics' AND overall>=3.0,0.4,0.2056,50,15,17.3942,12.4762,29.8704,39828,50,1.0
naive_prefilter,main_cat='All Electronics' AND overall>=3.0,0.4,0.2056,50,16,17.4047,12.428,29.8327,39828,50,1.0
naive_prefilter,main_cat='All Electronics' AND overall>=3.0,0.4,0.2056,50,17,17.3761,12.5547,29.9308,39828,50,1.0
naive_prefilter,main_cat='All Electronics' AND overall>=3.0,0.4,0.2056,50,18,17.3574,12.7526,30.11,39828,50,1.0
naive_prefilter,main_cat='All Electronics' AND overall>=3.0,0.4,0.2056,50,19,17.3467,12.5126,29.8593,39828,50,1.0
naive_prefilter,main_cat='All Electronics' AND overall>=3.0,0.4,0.2056,50,20,17.4851,12.4257,29.9109,39828,50,1.0
naive_prefilter,main_cat='All Electronics' AND overall>=3.0,0.4,0.2056,50,21,17.4085,12.4653,29.8738,39828,50,1.0
naive_prefilter,main_cat='All Electronics' AND overall>=3.0,0.4,0.2056,50,22,17.4567,12.5387,29.9954,39828,50,1.0
naive_prefilter,main_cat='All Electronics' AND overall>=3.0,0.4,0.2056,50,23,17.4101,12.537,29.947,39828,50,1.0
naive_prefilter,main_cat='All Electronics' AND overall>=3.0,0.4,0.2056,50,24,17.3463,12.3767,29.723,39828,50,0.98
naive_prefilter,main_cat='All Electronics' AND overall>=3.0,0.4,0.2056,50,25,17.39,12.437,29.827,39828,50,1.0
naive_prefilter,main_cat='All Electronics' AND overall>=3.0,0.4,0.2056,50,26,17.3269,12.4081,29.735,39828,50,1.0
naive_prefilter,main_cat='All Electronics' AND overall>=3.0,0.4,0.2056,50,27,17.3867,12.5263,29.913,39828,50,1.0
naive_prefilter,main_cat='All Electronics' AND overall>=3.0,0.4,0.2056,50,28,17.3246,12.5797,29.9043,39828,50,1.0
naive_prefilter,main_cat='All Electronics' AND overall>=3.0,0.4,0.2056,50,29,17.4521,12.5379,29.99,39828,50,1.0
naive_prefilter,main_cat='All Electronics' AND overall>=3.0,0.4,0.2056,50,30,17.2993,12.5154,29.8147,39828,50,0.76
naive_prefilter,main_cat='All Electronics' AND overall>=3.0,0.4,0.2056,50,31,17.5282,12.4503,29.9786,39828,50,1.0
naive_prefilter,main_cat='All Electronics' AND overall>=3.0,0.4,0.2056,50,32,17.5882,12.4819,30.0701,39828,50,1.0
naive_prefilter,main_cat='All Electronics' AND overall>=3.0,0.4,0.2056,50,33,17.4534,12.5144,29.9678,39828,50,1.0
naive_prefilter,main_cat='All Electronics' AND overall>=3.0,0.4,0.2056,50,34,17.5203,12.4627,29.983,39828,50,1.0
naive_prefilter,main_cat='All Electronics' AND overall>=3.0,0.4,0.2056,50,35,17.4375,12.6934,30.1309,39828,50,1.0
naive_prefilter,main_cat='All Electronics' AND overall>=3.0,0.4,0.2056,50,36,17.6057,12.5281,30.1338,39828,50,1.0
naive_prefilter,main_cat='All Electronics' AND overall>=3.0,0.4,0.2056,50,37,17.6402,12.5324,30.1726,39828,50,1.0
naive_prefilter,main_cat='All Electronics' AND overall>=3.0,0.4,0.2056,50,38,17.4573,37.1553,54.6126,39828,50,1.0
naive_prefilter,main_cat='All Electronics' AND overall>=3.0,0.4,0.2056,50,39,21.7467,12.6887,34.4353,39828,50,1.0
naive_prefilter,main_cat='All Electronics' AND overall>=3.0,0.4,0.2056,50,40,17.4625,12.4322,29.8947,39828,50,1.0
naive_prefilter,main_cat='All Electronics' AND overall>=3.0,0.4,0.2056,50,41,17.6552,12.4266,30.0818,39828,50,1.0
naive_prefilter,main_cat='All Electronics' AND overall>=3.0,0.4,0.2056,50,42,17.5122,12.5173,30.0295,39828,50,1.0
naive_prefilter,main_cat='All Electronics' AND overall>=3.0,0.4,0.2056,50,43,17.5514,12.3887,29.94,39828,50,1.0
naive_prefilter,main_cat='All Electronics' AND overall>=3.0,0.4,0.2056,50,44,17.507,12.5402,30.0472,39828,50,1.0
naive_prefilter,main_cat='All Electronics' AND overall>=3.0,0.4,0.2056,50,45,17.5351,12.4504,29.9855,39828,50,1.0
naive_prefilter,main_cat='All Electronics' AND overall>=3.0,0.4,0.2056,50,46,17.3695,12.5275,29.897,39828,50,1.0
naive_prefilter,main_cat='All Electronics' AND overall>=3.0,0.4,0.2056,50,47,17.4507,12.4968,29.9476,39828,50,0.96
naive_prefilter,main_cat='All Electronics' AND overall>=3.0,0.4,0.2056,50,48,17.5105,12.6681,30.1786,39828,50,1.0
naive_prefilter,main_cat='All Electronics' AND overall>=3.0,0.4,0.2056,50,49,17.3987,12.4954,29.8941,39828,50,1.0
post_filter,main_cat='All Electronics' AND overall>=3.0,0.4,0.2056,50,0,0.1764,0.5512,0.7276,50,50,0.9
post_filter,main_cat='All Electronics' AND overall>=3.0,0.4,0.2056,50,1,0.1663,1.1139,1.2802,50,50,0.98
post_filter,main_cat='All Electronics' AND overall>=3.0,0.4,0.2056,50,2,0.0913,0.9181,1.0095,50,50,0.98
post_filter,main_cat='All Electronics' AND overall>=3.0,0.4,0.2056,50,3,0.2279,0.9537,1.1816,50,50,0.9
post_filter,main_cat='All Electronics' AND overall>=3.0,0.4,0.2056,50,4,0.219,1.1403,1.3593,50,50,0.9
post_filter,main_cat='All Electronics' AND overall>=3.0,0.4,0.2056,50,5,0.1009,1.057,1.1579,50,50,1.0
post_filter,main_cat='All Electronics' AND overall>=3.0,0.4,0.2056,50,6,0.1523,1.27,1.4223,50,50,0.98
post_filter,main_cat='All Electronics' AND overall>=3.0,0.4,0.2056,50,7,0.2566,0.765,1.0216,50,50,0.9
post_filter,main_cat='All Electronics' AND overall>=3.0,0.4,0.2056,50,8,0.274,1.1585,1.4324,50,50,0.98
post_filter,main_cat='All Electronics' AND overall>=3.0,0.4,0.2056,50,9,0.2066,1.4355,1.6422,50,50,0.96
post_filter,main_cat='All Electronics' AND overall>=3.0,0.4,0.2056,50,10,0.13,1.0638,1.1938,50,50,0.96
post_filter,main_cat='All Electronics' AND overall>=3.0,0.4,0.2056,50,11,0.1255,1.0035,1.129,50,50,0.92
post_filter,main_cat='All Electronics' AND overall>=3.0,0.4,0.2056,50,12,0.3778,0.8316,1.2093,50,50,0.88
post_filter,main_cat='All Electronics' AND overall>=3.0,0.4,0.2056,50,13,0.2233,0.8518,1.0751,50,50,0.82
post_filter,main_cat='All Electronics' AND overall>=3.0,0.4,0.2056,50,14,0.4005,0.6305,1.031,50,50,0.7
post_filter,main_cat='All Electronics' AND overall>=3.0,0.4,0.2056,50,15,0.4144,0.5575,0.9719,50,50,0.62
post_filter,main_cat='All Electronics' AND overall>=3.0,0.4,0.2056,50,16,0.104,1.0348,1.1388,50,50,1.0
post_filter,main_cat='All Electronics' AND overall>=3.0,0.4,0.2056,50,17,0.2022,0.803,1.0052,50,50,0.82
post_filter,main_cat='All Electronics' AND overall>=3.0,0.4,0.2056,50,18,0.1842,0.9509,1.1351,50,50,0.98
post_filter,main_cat='All Electronics' AND overall>=3.0,0.4,0.2056,50,19,0.0866,1.0191,1.1057,50,50,0.96
post_filter,main_cat='All Electronics' AND overall>=3.0,0.4,0.2056,50,20,0.0892,0.7195,0.8087,50,50,1.0
post_filter,main_cat='All Electronics' AND overall>=3.0,0.4,0.2056,50,21,0.2047,0.8204,1.025,50,50,0.76
post_filter,main_cat='All Electronics' AND overall>=3.0,0.4,0.2056,50,22,0.2763,0.8145,1.0908,50,50,0.52
post_filter,main_cat='All Electronics' AND overall>=3.0,0.4,0.2056,50,23,0.1239,0.7669,0.8908,50,50,1.0
post_filter,main_cat='All Electronics' AND overall>=3.0,0.4,0.2056,50,24,0.0903,1.0943,1.1846,50,50,0.98
post_filter,main_cat='All Electronics' AND overall>=3.0,0.4,0.2056,50,25,0.1584,0.3319,0.4903,50,50,0.56
post_filter,main_cat='All Electronics' AND overall>=3.0,0.4,0.2056,50,26,0.0995,0.9794,1.0789,50,50,0.96
post_filter,main_cat='All Electronics' AND overall>=3.0,0.4,0.2056,50,27,0.0887,0.9137,1.0024,50,50,1.0
post_filter,main_cat='All Electronics' AND overall>=3.0,0.4,0.2056,50,28,0.1761,0.9581,1.1343,50,50,0.92
post_filter,main_cat='All Electronics' AND overall>=3.0,0.4,0.2056,50,29,0.1688,0.6071,0.7759,50,50,0.88
post_filter,main_cat='All Electronics' AND overall>=3.0,0.4,0.2056,50,30,0.0983,0.4533,0.5516,50,50,0.0
post_filter,main_cat='All Electronics' AND overall>=3.0,0.4,0.2056,50,31,0.1445,0.9516,1.096,50,50,0.96
post_filter,main_cat='All Electronics' AND overall>=3.0,0.4,0.2056,50,32,0.4878,0.7465,1.2343,50,50,0.74
post_filter,main_cat='All Electronics' AND overall>=3.0,0.4,0.2056,50,33,0.4511,0.5667,1.0178,50,50,0.32
post_filter,main_cat='All Electronics' AND overall>=3.0,0.4,0.2056,50,34,0.4009,0.9427,1.3436,50,50,0.92
post_filter,main_cat='All Electronics' AND overall>=3.0,0.4,0.2056,50,35,0.1483,0.9881,1.1364,50,50,0.98
post_filter,main_cat='All Electronics' AND overall>=3.0,0.4,0.2056,50,36,0.3884,0.798,1.1864,50,50,0.78
post_filter,main_cat='All Electronics' AND overall>=3.0,0.4,0.2056,50,37,0.0672,0.742,0.8092,50,50,1.0
post_filter,main_cat='All Electronics' AND overall>=3.0,0.4,0.2056,50,38,0.135,1.2018,1.3368,50,50,0.94
post_filter,main_cat='All Electronics' AND overall>=3.0,0.4,0.2056,50,39,0.1166,0.573,0.6897,50,50,0.92
post_filter,main_cat='All Electronics' AND overall>=3.0,0.4,0.2056,50,40,0.2798,1.2131,1.4929,50,50,0.86
post_filter,main_cat='All Electronics' AND overall>=3.0,0.4,0.2056,50,41,0.4664,0.6474,1.1138,50,50,0.7
post_filter,main_cat='All Electronics' AND overall>=3.0,0.4,0.2056,50,42,0.2233,0.9861,1.2094,50,50,0.96
post_filter,main_cat='All Electronics' AND overall>=3.0,0.4,0.2056,50,43,0.15,0.4892,0.6392,50,50,0.8
post_filter,main_cat='All Electronics' AND overall>=3.0,0.4,0.2056,50,44,0.7215,0.7106,1.4321,50,50,0.64
post_filter,main_cat='All Electronics' AND overall>=3.0,0.4,0.2056,50,45,0.1532,1.0438,1.197,50,50,0.94
post_filter,main_cat='All Electronics' AND overall>=3.0,0.4,0.2056,50,46,0.1632,0.8587,1.022,50,50,0.92
post_filter,main_cat='All Electronics' AND overall>=3.0,0.4,0.2056,50,47,0.1324,0.293,0.4255,50,50,0.92
post_filter,main_cat='All Electronics' AND overall>=3.0,0.4,0.2056,50,48,0.1419,1.061,1.203,50,50,0.96
post_filter,main_cat='All Electronics' AND overall>=3.0,0.4,0.2056,50,49,0.1374,0.5017,0.639,50,50,0.88
bitmap_prefilter,main_cat='All Electronics' AND overall>=3.0,0.4,0.2056,50,0,0.0587,11.8865,11.9452,39828,50,1.0
bitmap_prefilter,main_cat='All Electronics' AND overall>=3.0,0.4,0.2056,50,1,0.0577,11.8841,11.9418,39828,50,1.0
bitmap_prefilter,main_cat='All Electronics' AND overall>=3.0,0.4,0.2056,50,2,0.051,11.8239,11.875,39828,50,1.0
bitmap_prefilter,main_cat='All Electronics' AND overall>=3.0,0.4,0.2056,50,3,0.058,11.9544,12.0124,39828,50,1.0
bitmap_prefilter,main_cat='All Electronics' AND overall>=3.0,0.4,0.2056,50,4,0.0666,11.7512,11.8178,39828,50,1.0
bitmap_prefilter,main_cat='All Electronics' AND overall>=3.0,0.4,0.2056,50,5,0.0575,12.5987,12.6563,39828,50,1.0
bitmap_prefilter,main_cat='All Electronics' AND overall>=3.0,0.4,0.2056,50,6,0.0554,12.4497,12.5051,39828,50,1.0
bitmap_prefilter,main_cat='All Electronics' AND overall>=3.0,0.4,0.2056,50,7,0.057,12.4781,12.5352,39828,50,1.0
bitmap_prefilter,main_cat='All Electronics' AND overall>=3.0,0.4,0.2056,50,8,0.051,11.878,11.9289,39828,50,1.0
bitmap_prefilter,main_cat='All Electronics' AND overall>=3.0,0.4,0.2056,50,9,0.0499,11.7513,11.8012,39828,50,1.0
bitmap_prefilter,main_cat='All Electronics' AND overall>=3.0,0.4,0.2056,50,10,0.05,11.8178,11.8678,39828,50,1.0
bitmap_prefilter,main_cat='All Electronics' AND overall>=3.0,0.4,0.2056,50,11,0.056,11.879,11.935,39828,50,1.0
bitmap_prefilter,main_cat='All Electronics' AND overall>=3.0,0.4,0.2056,50,12,0.0502,11.767,11.8171,39828,50,1.0
bitmap_prefilter,main_cat='All Electronics' AND overall>=3.0,0.4,0.2056,50,13,0.0499,11.774,11.8239,39828,50,1.0
bitmap_prefilter,main_cat='All Electronics' AND overall>=3.0,0.4,0.2056,50,14,0.0603,11.8646,11.9249,39828,50,1.0
bitmap_prefilter,main_cat='All Electronics' AND overall>=3.0,0.4,0.2056,50,15,0.058,11.86,11.918,39828,50,1.0
bitmap_prefilter,main_cat='All Electronics' AND overall>=3.0,0.4,0.2056,50,16,0.0515,11.7858,11.8373,39828,50,1.0
bitmap_prefilter,main_cat='All Electronics' AND overall>=3.0,0.4,0.2056,50,17,0.0515,11.9977,12.0492,39828,50,1.0
bitmap_prefilter,main_cat='All Electronics' AND overall>=3.0,0.4,0.2056,50,18,0.0492,12.0,12.0492,39828,50,1.0
bitmap_prefilter,main_cat='All Electronics' AND overall>=3.0,0.4,0.2056,50,19,0.0488,11.9094,11.9582,39828,50,1.0
bitmap_prefilter,main_cat='All Electronics' AND overall>=3.0,0.4,0.2056,50,20,0.0493,11.8588,11.9081,39828,50,1.0
bitmap_prefilter,main_cat='All Electronics' AND overall>=3.0,0.4,0.2056,50,21,0.0531,11.8058,11.8588,39828,50,1.0
bitmap_prefilter,main_cat='All Electronics' AND overall>=3.0,0.4,0.2056,50,22,0.0523,11.8521,11.9044,39828,50,1.0
bitmap_prefilter,main_cat='All Electronics' AND overall>=3.0,0.4,0.2056,50,23,0.049,11.7265,11.7754,39828,50,1.0
bitmap_prefilter,main_cat='All Electronics' AND overall>=3.0,0.4,0.2056,50,24,0.049,11.6968,11.7458,39828,50,0.98
bitmap_prefilter,main_cat='All Electronics' AND overall>=3.0,0.4,0.2056,50,25,0.0486,11.9023,11.9509,39828,50,1.0
bitmap_prefilter,main_cat='All Electronics' AND overall>=3.0,0.4,0.2056,50,26,0.0471,11.77,11.8171,39828,50,1.0
bitmap_prefilter,main_cat='All Electronics' AND overall>=3.0,0.4,0.2056,50,27,0.0475,11.7772,11.8246,39828,50,1.0
bitmap_prefilter,main_cat='All Electronics' AND overall>=3.0,0.4,0.2056,50,28,0.0469,11.8867,11.9336,39828,50,1.0
bitmap_prefilter,main_cat='All Electronics' AND overall>=3.0,0.4,0.2056,50,29,0.0483,11.7179,11.7662,39828,50,1.0
bitmap_prefilter,main_cat='All Electronics' AND overall>=3.0,0.4,0.2056,50,30,0.0503,11.7843,11.8346,39828,50,0.76
bitmap_prefilter,main_cat='All Electronics' AND overall>=3.0,0.4,0.2056,50,31,0.0483,11.8392,11.8875,39828,50,1.0
bitmap_prefilter,main_cat='All Electronics' AND overall>=3.0,0.4,0.2056,50,32,0.0478,11.7451,11.7929,39828,50,1.0
bitmap_prefilter,main_cat='All Electronics' AND overall>=3.0,0.4,0.2056,50,33,0.0476,11.83,11.8776,39828,50,1.0
bitmap_prefilter,main_cat='All Electronics' AND overall>=3.0,0.4,0.2056,50,34,0.048,11.7828,11.8308,39828,50,1.0
bitmap_prefilter,main_cat='All Electronics' AND overall>=3.0,0.4,0.2056,50,35,0.0488,12.1263,12.1751,39828,50,1.0
bitmap_prefilter,main_cat='All Electronics' AND overall>=3.0,0.4,0.2056,50,36,0.0528,11.8685,11.9214,39828,50,1.0
bitmap_prefilter,main_cat='All Electronics' AND overall>=3.0,0.4,0.2056,50,37,0.049,11.7012,11.7502,39828,50,1.0
bitmap_prefilter,main_cat='All Electronics' AND overall>=3.0,0.4,0.2056,50,38,0.048,11.8318,11.8797,39828,50,1.0
bitmap_prefilter,main_cat='All Electronics' AND overall>=3.0,0.4,0.2056,50,39,0.0483,11.9612,12.0095,39828,50,1.0
bitmap_prefilter,main_cat='All Electronics' AND overall>=3.0,0.4,0.2056,50,40,0.0475,12.015,12.0625,39828,50,1.0
bitmap_prefilter,main_cat='All Electronics' AND overall>=3.0,0.4,0.2056,50,41,0.0475,11.9126,11.9602,39828,50,1.0
bitmap_prefilter,main_cat='All Electronics' AND overall>=3.0,0.4,0.2056,50,42,0.0471,12.1494,12.1965,39828,50,1.0
bitmap_prefilter,main_cat='All Electronics' AND overall>=3.0,0.4,0.2056,50,43,0.0472,11.8195,11.8667,39828,50,1.0
bitmap_prefilter,main_cat='All Electronics' AND overall>=3.0,0.4,0.2056,50,44,0.0465,11.8322,11.8786,39828,50,1.0
bitmap_prefilter,main_cat='All Electronics' AND overall>=3.0,0.4,0.2056,50,45,0.0475,11.7466,11.7941,39828,50,1.0
bitmap_prefilter,main_cat='All Electronics' AND overall>=3.0,0.4,0.2056,50,46,0.0469,11.8739,11.9208,39828,50,1.0
bitmap_prefilter,main_cat='All Electronics' AND overall>=3.0,0.4,0.2056,50,47,0.047,11.8501,11.897,39828,50,0.96
bitmap_prefilter,main_cat='All Electronics' AND overall>=3.0,0.4,0.2056,50,48,0.0465,11.8648,11.9114,39828,50,1.0
bitmap_prefilter,main_cat='All Electronics' AND overall>=3.0,0.4,0.2056,50,49,0.0476,11.697,11.7446,39828,50,1.0
brute_force,overall>=5.0,0.45,0.6103,10,0,0.0218,24.6328,24.6547,10,10,1.0
brute_force,overall>=5.0,0.45,0.6103,10,1,0.0195,24.6986,24.7181,10,10,1.0
brute_force,overall>=5.0,0.45,0.6103,10,2,0.0231,25.1587,25.1819,10,10,1.0
brute_force,overall>=5.0,0.45,0.6103,10,3,0.0185,24.9803,24.9987,10,10,1.0
brute_force,overall>=5.0,0.45,0.6103,10,4,0.0371,24.78,24.8172,10,10,1.0
brute_force,overall>=5.0,0.45,0.6103,10,5,0.0304,24.5932,24.6236,10,10,1.0
brute_force,overall>=5.0,0.45,0.6103,10,6,0.0398,24.6482,24.688,10,10,1.0
brute_force,overall>=5.0,0.45,0.6103,10,7,0.0767,24.8249,24.9016,10,10,1.0
brute_force,overall>=5.0,0.45,0.6103,10,8,0.0343,24.6657,24.7,10,10,1.0
brute_force,overall>=5.0,0.45,0.6103,10,9,0.0163,24.6941,24.7104,10,10,1.0
brute_force,overall>=5.0,0.45,0.6103,10,10,0.0249,24.5711,24.596,10,10,1.0
brute_force,overall>=5.0,0.45,0.6103,10,11,0.0187,24.5275,24.5462,10,10,1.0
brute_force,overall>=5.0,0.45,0.6103,10,12,0.0195,24.6798,24.6994,10,10,1.0
brute_force,overall>=5.0,0.45,0.6103,10,13,0.0202,24.707,24.7272,10,10,1.0
brute_force,overall>=5.0,0.45,0.6103,10,14,0.0371,24.6527,24.6898,10,10,1.0
brute_force,overall>=5.0,0.45,0.6103,10,15,0.023,24.6913,24.7143,10,10,1.0
brute_force,overall>=5.0,0.45,0.6103,10,16,0.0181,24.782,24.8002,10,10,1.0
brute_force,overall>=5.0,0.45,0.6103,10,17,0.0192,24.8235,24.8427,10,10,1.0
brute_force,overall>=5.0,0.45,0.6103,10,18,0.0673,24.6815,24.7489,10,10,1.0
brute_force,overall>=5.0,0.45,0.6103,10,19,0.0207,24.5797,24.6004,10,10,1.0
brute_force,overall>=5.0,0.45,0.6103,10,20,0.0193,24.8322,24.8515,10,10,1.0
brute_force,overall>=5.0,0.45,0.6103,10,21,0.0193,24.5665,24.5858,10,10,1.0
brute_force,overall>=5.0,0.45,0.6103,10,22,0.0197,24.5503,24.5701,10,10,1.0
brute_force,overall>=5.0,0.45,0.6103,10,23,0.019,24.6544,24.6734,10,10,1.0
brute_force,overall>=5.0,0.45,0.6103,10,24,0.0248,24.5937,24.6185,10,10,1.0
brute_force,overall>=5.0,0.45,0.6103,10,25,0.0167,24.6159,24.6326,10,10,1.0
brute_force,overall>=5.0,0.45,0.6103,10,26,0.0199,24.6824,24.7023,10,10,1.0
brute_force,overall>=5.0,0.45,0.6103,10,27,0.0252,24.5822,24.6074,10,10,1.0
brute_force,overall>=5.0,0.45,0.6103,10,28,0.0305,24.7954,24.8258,10,10,1.0
brute_force,overall>=5.0,0.45,0.6103,10,29,0.0267,24.9298,24.9565,10,10,1.0
brute_force,overall>=5.0,0.45,0.6103,10,30,0.0181,24.5095,24.5275,10,10,1.0
brute_force,overall>=5.0,0.45,0.6103,10,31,0.0181,24.5878,24.6059,10,10,1.0
brute_force,overall>=5.0,0.45,0.6103,10,32,0.2494,24.7773,25.0267,10,10,1.0
brute_force,overall>=5.0,0.45,0.6103,10,33,0.0205,24.7082,24.7287,10,10,1.0
brute_force,overall>=5.0,0.45,0.6103,10,34,0.0202,24.6066,24.6268,10,10,1.0
brute_force,overall>=5.0,0.45,0.6103,10,35,0.046,24.5052,24.5512,10,10,1.0
brute_force,overall>=5.0,0.45,0.6103,10,36,0.0554,24.625,24.6804,10,10,1.0
brute_force,overall>=5.0,0.45,0.6103,10,37,0.0175,24.7453,24.7627,10,10,1.0
brute_force,overall>=5.0,0.45,0.6103,10,38,0.0465,25.1357,25.1822,10,10,1.0
brute_force,overall>=5.0,0.45,0.6103,10,39,0.0195,24.837,24.8564,10,10,1.0
brute_force,overall>=5.0,0.45,0.6103,10,40,0.0263,24.9537,24.98,10,10,1.0
brute_force,overall>=5.0,0.45,0.6103,10,41,0.2144,24.7598,24.9742,10,10,1.0
brute_force,overall>=5.0,0.45,0.6103,10,42,0.0343,24.5905,24.6248,10,10,1.0
brute_force,overall>=5.0,0.45,0.6103,10,43,0.02,24.6372,24.6571,10,10,1.0
brute_force,overall>=5.0,0.45,0.6103,10,44,0.3578,24.6757,25.0335,10,10,1.0
brute_force,overall>=5.0,0.45,0.6103,10,45,0.0181,24.8066,24.8247,10,10,1.0
brute_force,overall>=5.0,0.45,0.6103,10,46,0.0192,24.6963,24.7154,10,10,1.0
brute_force,overall>=5.0,0.45,0.6103,10,47,0.018,24.6315,24.6495,10,10,1.0
brute_force,overall>=5.0,0.45,0.6103,10,48,0.0218,24.687,24.7088,10,10,1.0
brute_force,overall>=5.0,0.45,0.6103,10,49,0.0173,24.7237,24.7409,10,10,1.0
naive_prefilter,overall>=5.0,0.45,0.6103,10,0,18.4467,37.631,56.0776,118244,10,1.0
naive_prefilter,overall>=5.0,0.45,0.6103,10,1,17.6054,37.6477,55.2531,118244,10,1.0
naive_prefilter,overall>=5.0,0.45,0.6103,10,2,17.6098,37.6004,55.2102,118244,10,1.0
naive_prefilter,overall>=5.0,0.45,0.6103,10,3,17.7589,37.5899,55.3488,118244,10,1.0
naive_prefilter,overall>=5.0,0.45,0.6103,10,4,17.4159,37.7111,55.127,118244,10,1.0
naive_prefilter,overall>=5.0,0.45,0.6103,10,5,17.0482,37.7498,54.798,118244,10,1.0
naive_prefilter,overall>=5.0,0.45,0.6103,10,6,17.2119,37.5628,54.7747,118244,10,1.0
naive_prefilter,overall>=5.0,0.45,0.6103,10,7,17.3217,37.7911,55.1128,118244,10,1.0
naive_prefilter,overall>=5.0,0.45,0.6103,10,8,17.9363,37.7969,55.7332,118244,10,1.0
naive_prefilter,overall>=5.0,0.45,0.6103,10,9,17.5755,37.6253,55.2009,118244,10,1.0
naive_prefilter,overall>=5.0,0.45,0.6103,10,10,17.4924,38.077,55.5695,118244,10,1.0
naive_prefilter,overall>=5.0,0.45,0.6103,10,11,17.3838,37.8008,55.1846,118244,10,1.0
naive_prefilter,overall>=5.0,0.45,0.6103,10,12,17.3997,37.626,55.0257,118244,10,1.0
naive_prefilter,overall>=5.0,0.45,0.6103,10,13,17.2486,37.8546,55.1032,118244,10,1.0
naive_prefilter,overall>=5.0,0.45,0.6103,10,14,17.4046,37.6061,55.0107,118244,10,1.0
naive_prefilter,overall>=5.0,0.45,0.6103,10,15,17.3966,37.7246,55.1212,118244,10,1.0
naive_prefilter,overall>=5.0,0.45,0.6103,10,16,17.5865,38.0585,55.645,118244,10,1.0
naive_prefilter,overall>=5.0,0.45,0.6103,10,17,17.3796,37.7532,55.1328,118244,10,1.0
naive_prefilter,overall>=5.0,0.45,0.6103,10,18,17.5985,37.7181,55.3166,118244,10,1.0
naive_prefilter,overall>=5.0,0.45,0.6103,10,19,17.3105,37.9096,55.2201,118244,10,1.0
naive_prefilter,overall>=5.0,0.45,0.6103,10,20,17.411,37.9377,55.3486,118244,10,1.0
naive_prefilter,overall>=5.0,0.45,0.6103,10,21,17.8024,37.6339,55.4363,118244,10,1.0
naive_prefilter,overall>=5.0,0.45,0.6103,10,22,17.2368,37.9262,55.163,118244,10,1.0
naive_prefilter,overall>=5.0,0.45,0.6103,10,23,17.5162,37.6088,55.1251,118244,10,1.0
naive_prefilter,overall>=5.0,0.45,0.6103,10,24,17.4517,37.5398,54.9915,118244,10,1.0
naive_prefilter,overall>=5.0,0.45,0.6103,10,25,17.4227,37.8844,55.3071,118244,10,1.0
naive_prefilter,overall>=5.0,0.45,0.6103,10,26,17.8709,37.7472,55.618,118244,10,1.0
naive_prefilter,overall>=5.0,0.45,0.6103,10,27,17.5042,37.6506,55.1548,118244,10,1.0
naive_prefilter,overall>=5.0,0.45,0.6103,10,28,17.1279,37.831,54.959,118244,10,1.0
naive_prefilter,overall>=5.0,0.45,0.6103,10,29,17.2796,37.7337,55.0133,118244,10,1.0
naive_prefilter,overall>=5.0,0.45,0.6103,10,30,17.1417,37.6337,54.7753,118244,10,1.0
naive_prefilter,overall>=5.0,0.45,0.6103,10,31,17.2604,37.6492,54.9096,118244,10,1.0
naive_prefilter,overall>=5.0,0.45,0.6103,10,32,17.2252,37.7995,55.0247,118244,10,1.0
naive_prefilter,overall>=5.0,0.45,0.6103,10,33,17.3687,37.5497,54.9185,118244,10,1.0
naive_prefilter,overall>=5.0,0.45,0.6103,10,34,17.3829,37.9177,55.3006,118244,10,1.0
naive_prefilter,overall>=5.0,0.45,0.6103,10,35,17.3887,37.5885,54.9772,118244,10,1.0
naive_prefilter,overall>=5.0,0.45,0.6103,10,36,17.2944,37.6054,54.8998,118244,10,1.0
naive_prefilter,overall>=5.0,0.45,0.6103,10,37,17.347,37.7245,55.0715,118244,10,1.0
naive_prefilter,overall>=5.0,0.45,0.6103,10,38,16.9094,37.6613,54.5707,118244,10,1.0
naive_prefilter,overall>=5.0,0.45,0.6103,10,39,17.9407,37.7714,55.712,118244,10,1.0
naive_prefilter,overall>=5.0,0.45,0.6103,10,40,17.6029,37.5854,55.1883,118244,10,1.0
naive_prefilter,overall>=5.0,0.45,0.6103,10,41,17.154,37.6615,54.8156,118244,10,1.0
naive_prefilter,overall>=5.0,0.45,0.6103,10,42,17.2924,37.5411,54.8335,118244,10,1.0
naive_prefilter,overall>=5.0,0.45,0.6103,10,43,17.2978,37.8115,55.1093,118244,10,1.0
naive_prefilter,overall>=5.0,0.45,0.6103,10,44,17.9463,37.7579,55.7042,118244,10,1.0
naive_prefilter,overall>=5.0,0.45,0.6103,10,45,17.4925,37.8863,55.3788,118244,10,1.0
naive_prefilter,overall>=5.0,0.45,0.6103,10,46,17.18,37.5993,54.7793,118244,10,1.0
naive_prefilter,overall>=5.0,0.45,0.6103,10,47,17.0742,38.1006,55.1749,118244,10,0.0
naive_prefilter,overall>=5.0,0.45,0.6103,10,48,17.2834,37.9339,55.2173,118244,10,1.0
naive_prefilter,overall>=5.0,0.45,0.6103,10,49,17.4796,39.6346,57.1143,118244,10,1.0
post_filter,overall>=5.0,0.45,0.6103,10,0,0.0061,0.4056,0.4118,10,10,1.0
post_filter,overall>=5.0,0.45,0.6103,10,1,0.0148,0.8973,0.9121,10,10,1.0
post_filter,overall>=5.0,0.45,0.6103,10,2,0.0163,0.6703,0.6866,10,10,1.0
post_filter,overall>=5.0,0.45,0.6103,10,3,0.0129,0.6925,0.7054,10,10,1.0
post_filter,overall>=5.0,0.45,0.6103,10,4,0.0312,0.7979,0.829,10,10,0.9
post_filter,overall>=5.0,0.45,0.6103,10,5,0.0251,0.668,0.6932,10,10,1.0
post_filter,overall>=5.0,0.45,0.6103,10,6,0.03,0.7826,0.8126,10,10,1.0
post_filter,overall>=5.0,0.45,0.6103,10,7,0.068,0.5873,0.6552,10,10,1.0
post_filter,overall>=5.0,0.45,0.6103,10,8,0.0273,0.8502,0.8774,10,10,1.0
post_filter,overall>=5.0,0.45,0.6103,10,9,0.0285,1.1312,1.1597,10,10,1.0
post_filter,overall>=5.0,0.45,0.6103,10,10,0.0309,1.1173,1.1483,10,10,1.0
post_filter,overall>=5.0,0.45,0.6103,10,11,0.0173,0.9785,0.9959,10,10,1.0
post_filter,overall>=5.0,0.45,0.6103,10,12,0.0166,0.699,0.7156,10,10,1.0
post_filter,overall>=5.0,0.45,0.6103,10,13,0.0163,0.7188,0.7351,10,10,1.0
post_filter,overall>=5.0,0.45,0.6103,10,14,0.0333,0.5282,0.5615,10,10,1.0
post_filter,overall>=5.0,0.45,0.6103,10,15,0.0147,0.4415,0.4562,10,10,1.0
post_filter,overall>=5.0,0.45,0.6103,10,16,0.0129,0.8239,0.8368,10,10,1.0
post_filter,overall>=5.0,0.45,0.6103,10,17,0.0151,0.6306,0.6457,10,10,1.0
post_filter,overall>=5.0,0.45,0.6103,10,18,0.0609,0.7479,0.8088,10,10,1.0
post_filter,overall>=5.0,0.45,0.6103,10,19,0.0171,0.8085,0.8256,10,10,1.0
post_filter,overall>=5.0,0.45,0.6103,10,20,0.0134,0.5795,0.5929,10,10,1.0
post_filter,overall>=5.0,0.45,0.6103,10,21,0.0178,0.6056,0.6234,10,10,1.0
post_filter,overall>=5.0,0.45,0.6103,10,22,0.015,0.6576,0.6725,10,10,1.0
post_filter,overall>=5.0,0.45,0.6103,10,23,0.0139,0.6061,0.62,10,10,1.0
post_filter,overall>=5.0,0.45,0.6103,10,24,0.0198,0.8556,0.8754,10,10,1.0
post_filter,overall>=5.0,0.45,0.6103,10,25,0.0126,0.2608,0.2734,10,10,0.6
post_filter,overall>=5.0,0.45,0.6103,10,26,0.0136,0.7681,0.7818,10,10,1.0
post_filter,overall>=5.0,0.45,0.6103,10,27,0.0198,0.7613,0.7811,10,10,1.0
post_filter,overall>=5.0,0.45,0.6103,10,28,0.0229,0.7867,0.8097,10,10,1.0
post_filter,overall>=5.0,0.45,0.6103,10,29,0.0212,0.5274,0.5486,10,10,1.0
post_filter,overall>=5.0,0.45,0.6103,10,30,0.0094,0.3967,0.406,10,10,0.0
post_filter,overall>=5.0,0.45,0.6103,10,31,0.014,0.8125,0.8265,10,10,1.0
post_filter,overall>=5.0,0.45,0.6103,10,32,0.2383,0.619,0.8572,10,10,0.8
post_filter,overall>=5.0,0.45,0.6103,10,33,0.0168,0.4621,0.4789,10,10,1.0
post_filter,overall>=5.0,0.45,0.6103,10,34,0.0175,0.7648,0.7822,10,10,1.0
post_filter,overall>=5.0,0.45,0.6103,10,35,0.0482,0.8827,0.9309,10,10,1.0
post_filter,overall>=5.0,0.45,0.6103,10,36,0.0565,0.7615,0.818,10,10,0.9
post_filter,overall>=5.0,0.45,0.6103,10,37,0.0183,0.7138,0.7322,10,10,1.0
post_filter,overall>=5.0,0.45,0.6103,10,38,0.0362,1.0712,1.1074,10,10,1.0
post_filter,overall>=5.0,0.45,0.6103,10,39,0.0138,0.4768,0.4905,10,10,1.0
post_filter,overall>=5.0,0.45,0.6103,10,40,0.0217,0.9476,0.9692,10,10,1.0
post_filter,overall>=5.0,0.45,0.6103,10,41,0.1905,0.5345,0.725,10,10,1.0
post_filter,overall>=5.0,0.45,0.6103,10,42,0.0262,0.7792,0.8054,10,10,1.0
post_filter,overall>=5.0,0.45,0.6103,10,43,0.0124,0.4,0.4124,10,10,0.7
post_filter,overall>=5.0,0.45,0.6103,10,44,0.3002,0.5746,0.8748,10,10,1.0
post_filter,overall>=5.0,0.45,0.6103,10,45,0.0138,0.852,0.8658,10,10,1.0
post_filter,overall>=5.0,0.45,0.6103,10,46,0.0151,0.7023,0.7174,10,10,1.0
post_filter,overall>=5.0,0.45,0.6103,10,47,0.0118,0.241,0.2528,10,10,0.0
post_filter,overall>=5.0,0.45,0.6103,10,48,0.0164,0.8379,0.8542,10,10,1.0
post_filter,overall>=5.0,0.45,0.6103,10,49,0.0206,0.4321,0.4527,10,10,1.0
bitmap_prefilter,overall>=5.0,0.45,0.6103,10,0,0.1112,35.9705,36.0817,118244,10,1.0
bitmap_prefilter,overall>=5.0,0.45,0.6103,10,1,0.1172,36.0823,36.1995,118244,10,1.0
bitmap_prefilter,overall>=5.0,0.45,0.6103,10,2,0.1062,35.8738,35.98,118244,10,1.0
bitmap_prefilter,overall>=5.0,0.45,0.6103,10,3,0.1125,36.4488,36.5613,118244,10,1.0
bitmap_prefilter,overall>=5.0,0.45,0.6103,10,4,0.1155,37.2111,37.3266,118244,10,1.0
bitmap_prefilter,overall>=5.0,0.45,0.6103,10,5,0.1118,38.0525,38.1644,118244,10,1.0
bitmap_prefilter,overall>=5.0,0.45,0.6103,10,6,0.1154,36.116,36.2314,118244,10,1.0
bitmap_prefilter,overall>=5.0,0.45,0.6103,10,7,0.1107,35.8205,35.9311,118244,10,1.0
bitmap_prefilter,overall>=5.0,0.45,0.6103,10,8,0.1086,35.8331,35.9417,118244,10,1.0
bitmap_prefilter,overall>=5.0,0.45,0.6103,10,9,0.1071,36.5328,36.6399,118244,10,1.0
bitmap_prefilter,overall>=5.0,0.45,0.6103,10,10,0.1067,36.9887,37.0954,118244,10,1.0
bitmap_prefilter,overall>=5.0,0.45,0.6103,10,11,0.106,36.226,36.332,118244,10,1.0
bitmap_prefilter,overall>=5.0,0.45,0.6103,10,12,0.1052,35.8439,35.9491,118244,10,1.0
bitmap_prefilter,overall>=5.0,0.45,0.6103,10,13,0.115,35.7433,35.8584,118244,10,1.0
bitmap_prefilter,overall>=5.0,0.45,0.6103,10,14,0.1061,36.2068,36.3129,118244,10,1.0
bitmap_prefilter,overall>=5.0,0.45,0.6103,10,15,0.1062,36.1551,36.2613,118244,10,1.0
bitmap_prefilter,overall>=5.0,0.45,0.6103,10,16,0.1058,36.0995,36.2053,118244,10,1.0
bitmap_prefilter,overall>=5.0,0.45,0.6103,10,17,0.1042,36.2283,36.3325,118244,10,1.0
bitmap_prefilter,overall>=5.0,0.45,0.6103,10,18,0.1068,36.2351,36.3419,118244,10,1.0
bitmap_prefilter,overall>=5.0,0.45,0.6103,10,19,0.107,35.8624,35.9693,118244,10,1.0
bitmap_prefilter,overall>=5.0,0.45,0.6103,10,20,0.1051,35.7209,35.826,118244,10,1.0
bitmap_prefilter,overall>=5.0,0.45,0.6103,10,21,0.1051,35.769,35.8741,118244,10,1.0
bitmap_prefilter,overall>=5.0,0.45,0.6103,10,22,0.1075,35.9084,36.0158,118244,10,1.0
bitmap_prefilter,overall>=5.0,0.45,0.6103,10,23,0.1044,36.1665,36.2708,118244,10,1.0
bitmap_prefilter,overall>=5.0,0.45,0.6103,10,24,0.1074,35.8192,35.9266,118244,10,1.0
bitmap_prefilter,overall>=5.0,0.45,0.6103,10,25,0.105,35.9473,36.0522,118244,10,1.0
bitmap_prefilter,overall>=5.0,0.45,0.6103,10,26,0.1205,36.0865,36.207,118244,10,1.0
bitmap_prefilter,overall>=5.0,0.45,0.6103,10,27,0.1133,35.8967,36.01,118244,10,1.0
bitmap_prefilter,overall>=5.0,0.45,0.6103,10,28,0.1093,35.8595,35.9688,118244,10,1.0
bitmap_prefilter,overall>=5.0,0.45,0.6103,10,29,0.1079,35.9137,36.0216,118244,10,1.0
bitmap_prefilter,overall>=5.0,0.45,0.6103,10,30,0.1079,36.0519,36.1598,118244,10,1.0
bitmap_prefilter,overall>=5.0,0.45,0.6103,10,31,0.1074,35.959,36.0664,118244,10,1.0
bitmap_prefilter,overall>=5.0,0.45,0.6103,10,32,0.1078,36.1738,36.2816,118244,10,1.0
bitmap_prefilter,overall>=5.0,0.45,0.6103,10,33,0.1056,35.7055,35.8111,118244,10,1.0
bitmap_prefilter,overall>=5.0,0.45,0.6103,10,34,0.1055,35.9428,36.0482,118244,10,1.0
bitmap_prefilter,overall>=5.0,0.45,0.6103,10,35,0.1044,35.9165,36.0209,118244,10,1.0
bitmap_prefilter,overall>=5.0,0.45,0.6103,10,36,0.1047,35.9149,36.0196,118244,10,1.0
bitmap_prefilter,overall>=5.0,0.45,0.6103,10,37,0.1049,35.9226,36.0275,118244,10,1.0
bitmap_prefilter,overall>=5.0,0.45,0.6103,10,38,0.1041,35.8583,35.9624,118244,10,1.0
bitmap_prefilter,overall>=5.0,0.45,0.6103,10,39,0.1045,35.8771,35.9817,118244,10,1.0
bitmap_prefilter,overall>=5.0,0.45,0.6103,10,40,0.1126,35.7211,35.8337,118244,10,1.0
bitmap_prefilter,overall>=5.0,0.45,0.6103,10,41,0.1046,35.7563,35.8609,118244,10,1.0
bitmap_prefilter,overall>=5.0,0.45,0.6103,10,42,0.1046,35.8798,35.9844,118244,10,1.0
bitmap_prefilter,overall>=5.0,0.45,0.6103,10,43,0.1185,35.8148,35.9334,118244,10,1.0
bitmap_prefilter,overall>=5.0,0.45,0.6103,10,44,0.1105,36.1085,36.219,118244,10,1.0
bitmap_prefilter,overall>=5.0,0.45,0.6103,10,45,0.1092,36.034,36.1432,118244,10,1.0
bitmap_prefilter,overall>=5.0,0.45,0.6103,10,46,0.1079,35.6657,35.7736,118244,10,1.0
bitmap_prefilter,overall>=5.0,0.45,0.6103,10,47,0.1072,35.8583,35.9655,118244,10,0.0
bitmap_prefilter,overall>=5.0,0.45,0.6103,10,48,0.1162,35.7647,35.881,118244,10,1.0
bitmap_prefilter,overall>=5.0,0.45,0.6103,10,49,0.1064,35.8183,35.9246,118244,10,1.0
brute_force,overall>=5.0,0.45,0.6103,50,0,0.0797,24.639,24.7186,50,50,1.0
brute_force,overall>=5.0,0.45,0.6103,50,1,0.0775,24.7748,24.8523,50,50,1.0
brute_force,overall>=5.0,0.45,0.6103,50,2,0.0804,25.1468,25.2272,50,50,1.0
brute_force,overall>=5.0,0.45,0.6103,50,3,0.0754,24.7486,24.824,50,50,1.0
brute_force,overall>=5.0,0.45,0.6103,50,4,0.1653,25.0831,25.2484,50,50,1.0
brute_force,overall>=5.0,0.45,0.6103,50,5,0.1129,24.7731,24.886,50,50,1.0
brute_force,overall>=5.0,0.45,0.6103,50,6,0.1567,24.9699,25.1265,50,50,1.0
brute_force,overall>=5.0,0.45,0.6103,50,7,0.2426,24.9747,25.2173,50,50,1.0
brute_force,overall>=5.0,0.45,0.6103,50,8,0.1335,24.7528,24.8862,50,50,1.0
brute_force,overall>=5.0,0.45,0.6103,50,9,0.088,24.9771,25.065,50,50,1.0
brute_force,overall>=5.0,0.45,0.6103,50,10,0.0946,24.8679,24.9625,50,50,1.0
brute_force,overall>=5.0,0.45,0.6103,50,11,0.1016,24.4779,24.5795,50,50,1.0
brute_force,overall>=5.0,0.45,0.6103,50,12,0.0711,24.8333,24.9044,50,50,1.0
brute_force,overall>=5.0,0.45,0.6103,50,13,0.0695,24.6972,24.7667,50,50,1.0
brute_force,overall>=5.0,0.45,0.6103,50,14,0.1745,24.7595,24.934,50,50,1.0
brute_force,overall>=5.0,0.45,0.6103,50,15,0.0755,24.6165,24.692,50,50,1.0
brute_force,overall>=5.0,0.45,0.6103,50,16,0.0718,24.9192,24.9909,50,50,1.0
brute_force,overall>=5.0,0.45,0.6103,50,17,0.0796,24.644,24.7236,50,50,1.0
brute_force,overall>=5.0,0.45,0.6103,50,18,0.1971,24.8485,25.0455,50,50,1.0
brute_force,overall>=5.0,0.45,0.6103,50,19,0.077,24.5341,24.611,50,50,1.0
brute_force,overall>=5.0,0.45,0.6103,50,20,0.074,24.827,24.901,50,50,1.0
brute_force,overall>=5.0,0.45,0.6103,50,21,0.0796,24.5821,24.6617,50,50,0.98
brute_force,overall>=5.0,0.45,0.6103,50,22,0.0826,24.6708,24.7534,50,50,1.0
brute_force,overall>=5.0,0.45,0.6103,50,23,0.072,24.5925,24.6645,50,50,1.0
brute_force,overall>=5.0,0.45,0.6103,50,24,0.0885,24.6192,24.7077,50,50,1.0
brute_force,overall>=5.0,0.45,0.6103,50,25,0.0697,24.6219,24.6916,50,50,1.0
brute_force,overall>=5.0,0.45,0.6103,50,26,0.0732,24.7808,24.854,50,50,1.0
brute_force,overall>=5.0,0.45,0.6103,50,27,0.1168,24.5439,24.6607,50,50,1.0
brute_force,overall>=5.0,0.45,0.6103,50,28,0.1293,24.7676,24.8969,50,50,1.0
brute_force,overall>=5.0,0.45,0.6103,50,29,0.0914,24.7369,24.8283,50,50,1.0
brute_force,overall>=5.0,0.45,0.6103,50,30,0.0728,24.8093,24.8821,50,50,1.0
brute_force,overall>=5.0,0.45,0.6103,50,31,0.0687,24.5258,24.5945,50,50,1.0
brute_force,overall>=5.0,0.45,0.6103,50,32,0.6295,24.8088,25.4383,50,50,1.0
brute_force,overall>=5.0,0.45,0.6103,50,33,0.0868,24.6933,24.7801,50,50,1.0
brute_force,overall>=5.0,0.45,0.6103,50,34,0.0771,24.6914,24.7685,50,50,1.0
brute_force,overall>=5.0,0.45,0.6103,50,35,0.1441,24.5444,24.6885,50,50,1.0
brute_force,overall>=5.0,0.45,0.6103,50,36,0.2875,24.6413,24.9287,50,50,1.0
brute_force,overall>=5.0,0.45,0.6103,50,37,0.0629,24.7868,24.8496,50,50,1.0
brute_force,overall>=5.0,0.45,0.6103,50,38,0.1337,24.6508,24.7845,50,50,1.0
brute_force,overall>=5.0,0.45,0.6103,50,39,0.067,24.6499,24.7169,50,50,1.0
brute_force,overall>=5.0,0.45,0.6103,50,40,0.1249,24.7363,24.8612,50,50,1.0
brute_force,overall>=5.0,0.45,0.6103,50,41,0.6409,24.7682,25.409,50,50,1.0
brute_force,overall>=5.0,0.45,0.6103,50,42,0.1173,24.8002,24.9175,50,50,1.0
brute_force,overall>=5.0,0.45,0.6103,50,43,0.0766,24.6331,24.7097,50,50,0.98
brute_force,overall>=5.0,0.45,0.6103,50,44,1.1815,24.7266,25.9081,50,50,1.0
brute_force,overall>=5.0,0.45,0.6103,50,45,0.0719,24.7063,24.7782,50,50,1.0
brute_force,overall>=5.0,0.45,0.6103,50,46,0.0776,24.8277,24.9053,50,50,1.0
brute_force,overall>=5.0,0.45,0.6103,50,47,0.0755,24.6433,24.7188,50,50,1.0
brute_force,overall>=5.0,0.45,0.6103,50,48,0.0855,25.0131,25.0986,50,50,1.0
brute_force,overall>=5.0,0.45,0.6103,50,49,0.0727,24.851,24.9237,50,50,1.0
naive_prefilter,overall>=5.0,0.45,0.6103,50,0,17.852,37.8273,55.6793,118244,50,1.0
naive_prefilter,overall>=5.0,0.45,0.6103,50,1,17.9598,37.9688,55.9287,118244,50,1.0
naive_prefilter,overall>=5.0,0.45,0.6103,50,2,17.4937,37.6762,55.17,118244,50,1.0
naive_prefilter,overall>=5.0,0.45,0.6103,50,3,17.4332,37.8162,55.2494,118244,50,1.0
naive_prefilter,overall>=5.0,0.45,0.6103,50,4,17.163,37.6024,54.7654,118244,50,1.0
naive_prefilter,overall>=5.0,0.45,0.6103,50,5,17.2669,37.8825,55.1494,118244,50,1.0
naive_prefilter,overall>=5.0,0.45,0.6103,50,6,17.4308,37.6855,55.1163,118244,50,1.0
naive_prefilter,overall>=5.0,0.45,0.6103,50,7,17.1803,37.8865,55.0669,118244,50,1.0
naive_prefilter,overall>=5.0,0.45,0.6103,50,8,17.3969,37.657,55.054,118244,50,1.0
naive_prefilter,overall>=5.0,0.45,0.6103,50,9,17.2428,37.779,55.0218,118244,50,1.0
naive_prefilter,overall>=5.0,0.45,0.6103,50,10,17.2011,37.8161,55.0172,118244,50,1.0
naive_prefilter,overall>=5.0,0.45,0.6103,50,11,17.5952,37.6924,55.2876,118244,50,1.0
naive_prefilter,overall>=5.0,0.45,0.6103,50,12,18.2268,38.2286,56.4554,118244,50,1.0
naive_prefilter,overall>=5.0,0.45,0.6103,50,13,17.622,37.6246,55.2467,118244,50,1.0
naive_prefilter,overall>=5.0,0.45,0.6103,50,14,17.4614,37.6772,55.1386,118244,50,1.0
naive_prefilter,overall>=5.0,0.45,0.6103,50,15,17.4492,37.7904,55.2396,118244,50,1.0
naive_prefilter,overall>=5.0,0.45,0.6103,50,16,17.4125,37.6928,55.1053,118244,50,1.0
naive_prefilter,overall>=5.0,0.45,0.6103,50,17,17.2677,38.1418,55.4096,118244,50,1.0
naive_prefilter,overall>=5.0,0.45,0.6103,50,18,17.5915,37.763,55.3546,118244,50,1.0
naive_prefilter,overall>=5.0,0.45,0.6103,50,19,17.4002,38.0852,55.4853,118244,50,1.0
naive_prefilter,overall>=5.0,0.45,0.6103,50,20,17.5916,37.8978,55.4894,118244,50,1.0
naive_prefilter,overall>=5.0,0.45,0.6103,50,21,17.5697,37.5819,55.1516,118244,50,0.98
naive_prefilter,overall>=5.0,0.45,0.6103,50,22,17.8237,38.1852,56.0088,118244,50,1.0
naive_prefilter,overall>=5.0,0.45,0.6103,50,23,17.8512,38.1355,55.9867,118244,50,1.0
naive_prefilter,overall>=5.0,0.45,0.6103,50,24,17.6065,37.9362,55.5427,118244,50,1.0
naive_prefilter,overall>=5.0,0.45,0.6103,50,25,17.4535,37.739,55.1925,118244,50,1.0
naive_prefilter,overall>=5.0,0.45,0.6103,50,26,17.6407,37.642,55.2826,118244,50,1.0
naive_prefilter,overall>=5.0,0.45,0.6103,50,27,17.4414,37.6274,55.0688,118244,50,1.0
naive_prefilter,overall>=5.0,0.45,0.6103,50,28,17.551,37.7191,55.2701,118244,50,1.0
naive_prefilter,overall>=5.0,0.45,0.6103,50,29,17.8445,37.7828,55.6274,118244,50,1.0
naive_prefilter,overall>=5.0,0.45,0.6103,50,30,18.1717,37.8836,56.0553,118244,50,0.98
naive_prefilter,overall>=5.0,0.45,0.6103,50,31,17.1265,37.5834,54.71,118244,50,1.0
naive_prefilter,overall>=5.0,0.45,0.6103,50,32,17.2179,37.5058,54.7236,118244,50,1.0
naive_prefilter,overall>=5.0,0.45,0.6103,50,33,17.0666,37.9002,54.9668,118244,50,1.0
naive_prefilter,overall>=5.0,0.45,0.6103,50,34,16.9062,38.0084,54.9145,118244,50,1.0
naive_prefilter,overall>=5.0,0.45,0.6103,50,35,17.1571,37.691,54.848,118244,50,1.0
naive_prefilter,overall>=5.0,0.45,0.6103,50,36,17.2518,37.5457,54.7975,118244,50,1.0
naive_prefilter,overall>=5.0,0.45,0.6103,50,37,17.2602,37.6276,54.8878,118244,50,1.0
naive_prefilter,overall>=5.0,0.45,0.6103,50,38,17.335,37.6136,54.9487,118244,50,1.0
naive_prefilter,overall>=5.0,0.45,0.6103,50,39,17.2857,37.6634,54.9491,118244,50,1.0
naive_prefilter,overall>=5.0,0.45,0.6103,50,40,17.2643,37.4982,54.7626,118244,50,1.0
naive_prefilter,overall>=5.0,0.45,0.6103,50,41,16.9189,37.6186,54.5375,118244,50,1.0
naive_prefilter,overall>=5.0,0.45,0.6103,50,42,17.3752,37.6249,55.0,118244,50,1.0
naive_prefilter,overall>=5.0,0.45,0.6103,50,43,17.1597,37.744,54.9037,118244,50,0.98
naive_prefilter,overall>=5.0,0.45,0.6103,50,44,17.4103,37.5347,54.945,118244,50,1.0
naive_prefilter,overall>=5.0,0.45,0.6103,50,45,17.2825,37.5723,54.8548,118244,50,1.0
naive_prefilter,overall>=5.0,0.45,0.6103,50,46,17.4685,37.7295,55.198,118244,50,1.0
naive_prefilter,overall>=5.0,0.45,0.6103,50,47,17.1836,37.5306,54.7143,118244,50,0.0
naive_prefilter,overall>=5.0,0.45,0.6103,50,48,17.9928,37.7936,55.7864,118244,50,1.0
naive_prefilter,overall>=5.0,0.45,0.6103,50,49,17.0043,37.7017,54.706,118244,50,1.0
post_filter,overall>=5.0,0.45,0.6103,50,0,0.0238,0.4974,0.5212,50,50,1.0
post_filter,overall>=5.0,0.45,0.6103,50,1,0.0642,1.0986,1.1628,50,50,1.0
post_filter,overall>=5.0,0.45,0.6103,50,2,0.0661,0.8341,0.9002,50,50,0.98
post_filter,overall>=5.0,0.45,0.6103,50,3,0.0945,0.8776,0.9721,50,50,1.0
post_filter,overall>=5.0,0.45,0.6103,50,4,0.1495,1.1315,1.281,50,50,0.88
post_filter,overall>=5.0,0.45,0.6103,50,5,0.1826,0.9441,1.1267,50,50,1.0
post_filter,overall>=5.0,0.45,0.6103,50,6,0.1669,1.2438,1.4107,50,50,1.0
post_filter,overall>=5.0,0.45,0.6103,50,7,0.2892,0.885,1.1743,50,50,0.96
post_filter,overall>=5.0,0.45,0.6103,50,8,0.1188,1.19,1.3088,50,50,1.0
post_filter,overall>=5.0,0.45,0.6103,50,9,0.0731,1.1537,1.2269,50,50,0.98
post_filter,overall>=5.0,0.45,0.6103,50,10,0.0825,1.0223,1.1047,50,50,1.0
post_filter,overall>=5.0,0.45,0.6103,50,11,0.0907,0.9931,1.0837,50,50,0.98
post_filter,overall>=5.0,0.45,0.6103,50,12,0.062,0.8272,0.8892,50,50,1.0
post_filter,overall>=5.0,0.45,0.6103,50,13,0.0586,0.8526,0.9112,50,50,0.98
post_filter,overall>=5.0,0.45,0.6103,50,14,0.1469,0.6648,0.8117,50,50,1.0
post_filter,overall>=5.0,0.45,0.6103,50,15,0.0627,0.5583,0.621,50,50,1.0
post_filter,overall>=5.0,0.45,0.6103,50,16,0.0608,1.0308,1.0916,50,50,1.0
post_filter,overall>=5.0,0.45,0.6103,50,17,0.0675,0.7679,0.8354,50,50,0.98
post_filter,overall>=5.0,0.45,0.6103,50,18,0.1752,0.9184,1.0936,50,50,0.96
post_filter,overall>=5.0,0.45,0.6103,50,19,0.0647,0.9815,1.0462,50,50,0.98
post_filter,overall>=5.0,0.45,0.6103,50,20,0.0611,0.6885,0.7495,50,50,0.98
post_filter,overall>=5.0,0.45,0.6103,50,21,0.0657,0.7456,0.8113,50,50,0.98
post_filter,overall>=5.0,0.45,0.6103,50,22,0.0733,0.7806,0.854,50,50,0.98
post_filter,overall>=5.0,0.45,0.6103,50,23,0.0642,0.7485,0.8127,50,50,1.0
post_filter,overall>=5.0,0.45,0.6103,50,24,0.0757,1.1067,1.1823,50,50,1.0
post_filter,overall>=5.0,0.45,0.6103,50,25,0.0613,0.3367,0.3979,50,50,0.92
post_filter,overall>=5.0,0.45,0.6103,50,26,0.0553,1.0202,1.0755,50,50,1.0
post_filter,overall>=5.0,0.45,0.6103,50,27,0.1014,0.9435,1.0449,50,50,1.0
post_filter,overall>=5.0,0.45,0.6103,50,28,0.1177,1.0184,1.1361,50,50,0.98
post_filter,overall>=5.0,0.45,0.6103,50,29,0.0768,0.6204,0.6971,50,50,1.0
post_filter,overall>=5.0,0.45,0.6103,50,30,0.0505,0.453,0.5035,50,50,0.0
post_filter,overall>=5.0,0.45,0.6103,50,31,0.0589,0.9667,1.0256,50,50,1.0
post_filter,overall>=5.0,0.45,0.6103,50,32,0.7368,0.7888,1.5256,50,50,0.72
post_filter,overall>=5.0,0.45,0.6103,50,33,0.0768,0.6145,0.6912,50,50,1.0
post_filter,overall>=5.0,0.45,0.6103,50,34,0.0695,0.9924,1.0619,50,50,1.0
post_filter,overall>=5.0,0.45,0.6103,50,35,0.1276,1.012,1.1395,50,50,0.98
post_filter,overall>=5.0,0.45,0.6103,50,36,0.1515,0.819,0.9705,50,50,0.98
post_filter,overall>=5.0,0.45,0.6103,50,37,0.057,0.7388,0.7958,50,50,1.0
post_filter,overall>=5.0,0.45,0.6103,50,38,0.1243,1.2219,1.3462,50,50,0.92
post_filter,overall>=5.0,0.45,0.6103,50,39,0.059,0.5675,0.6265,50,50,1.0
post_filter,overall>=5.0,0.45,0.6103,50,40,0.109,1.2238,1.3329,50,50,0.96
post_filter,overall>=5.0,0.45,0.6103,50,41,0.5572,0.6464,1.2037,50,50,0.7
post_filter,overall>=5.0,0.45,0.6103,50,42,0.0977,0.9881,1.0858,50,50,0.98
post_filter,overall>=5.0,0.45,0.6103,50,43,0.0618,0.4886,0.5504,50,50,0.84
post_filter,overall>=5.0,0.45,0.6103,50,44,0.909,0.7178,1.6268,50,50,0.66
post_filter,overall>=5.0,0.45,0.6103,50,45,0.0569,1.0673,1.1242,50,50,0.98
post_filter,overall>=5.0,0.45,0.6103,50,46,0.0605,0.8561,0.9166,50,50,1.0
post_filter,overall>=5.0,0.45,0.6103,50,47,0.0608,0.2962,0.357,50,50,0.16
post_filter,overall>=5.0,0.45,0.6103,50,48,0.0617,1.0468,1.1085,50,50,1.0
post_filter,overall>=5.0,0.45,0.6103,50,49,0.0616,0.5341,0.5957,50,50,0.96
bitmap_prefilter,overall>=5.0,0.45,0.6103,50,0,0.1187,35.8441,35.9627,118244,50,1.0
bitmap_prefilter,overall>=5.0,0.45,0.6103,50,1,0.1075,35.862,35.9695,118244,50,1.0
bitmap_prefilter,overall>=5.0,0.45,0.6103,50,2,0.1068,35.8571,35.964,118244,50,1.0
bitmap_prefilter,overall>=5.0,0.45,0.6103,50,3,0.1059,35.8186,35.9245,118244,50,1.0
bitmap_prefilter,overall>=5.0,0.45,0.6103,50,4,0.1122,36.1773,36.2895,118244,50,1.0
bitmap_prefilter,overall>=5.0,0.45,0.6103,50,5,0.1109,35.7976,35.9085,118244,50,1.0
bitmap_prefilter,overall>=5.0,0.45,0.6103,50,6,0.1084,35.9863,36.0947,118244,50,1.0
bitmap_prefilter,overall>=5.0,0.45,0.6103,50,7,0.1078,35.9627,36.0705,118244,50,1.0
bitmap_prefilter,overall>=5.0,0.45,0.6103,50,8,0.1062,35.902,36.0082,118244,50,1.0
bitmap_prefilter,overall>=5.0,0.45,0.6103,50,9,0.1047,35.9215,36.0262,118244,50,1.0
bitmap_prefilter,overall>=5.0,0.45,0.6103,50,10,0.105,35.9952,36.1001,118244,50,1.0
bitmap_prefilter,overall>=5.0,0.45,0.6103,50,11,0.1047,35.8674,35.9721,118244,50,1.0
bitmap_prefilter,overall>=5.0,0.45,0.6103,50,12,0.1166,35.9897,36.1063,118244,50,1.0
bitmap_prefilter,overall>=5.0,0.45,0.6103,50,13,0.1052,35.969,36.0742,118244,50,1.0
bitmap_prefilter,overall>=5.0,0.45,0.6103,50,14,0.104,35.8747,35.9788,118244,50,1.0
bitmap_prefilter,overall>=5.0,0.45,0.6103,50,15,0.1043,36.0017,36.106,118244,50,1.0
bitmap_prefilter,overall>=5.0,0.45,0.6103,50,16,0.1051,35.9451,36.0502,118244,50,1.0
bitmap_prefilter,overall>=5.0,0.45,0.6103,50,17,0.1048,36.03,36.1347,118244,50,1.0
bitmap_prefilter,overall>=5.0,0.45,0.6103,50,18,0.1099,35.9363,36.0461,118244,50,1.0
bitmap_prefilter,overall>=5.0,0.45,0.6103,50,19,0.1103,36.047,36.1573,118244,50,1.0
bitmap_prefilter,overall>=5.0,0.45,0.6103,50,20,0.1059,35.8763,35.9822,118244,50,1.0
bitmap_prefilter,overall>=5.0,0.45,0.6103,50,21,0.1051,35.8861,35.9912,118244,50,0.98
bitmap_prefilter,overall>=5.0,0.45,0.6103,50,22,0.106,35.7694,35.8754,118244,50,1.0
bitmap_prefilter,overall>=5.0,0.45,0.6103,50,23,0.1059,35.7993,35.9051,118244,50,1.0
bitmap_prefilter,overall>=5.0,0.45,0.6103,50,24,0.1058,36.9813,37.0871,118244,50,1.0
bitmap_prefilter,overall>=5.0,0.45,0.6103,50,25,0.1065,36.1176,36.2241,118244,50,1.0
bitmap_prefilter,overall>=5.0,0.45,0.6103,50,26,0.1048,35.9602,36.0651,118244,50,1.0
bitmap_prefilter,overall>=5.0,0.45,0.6103,50,27,0.1133,35.85,35.9632,118244,50,1.0
bitmap_prefilter,overall>=5.0,0.45,0.6103,50,28,0.105,36.4743,36.5792,118244,50,1.0
bitmap_prefilter,overall>=5.0,0.45,0.6103,50,29,0.1054,36.263,36.3684,118244,50,1.0
bitmap_prefilter,overall>=5.0,0.45,0.6103,50,30,0.105,35.8333,35.9383,118244,50,0.98
bitmap_prefilter,overall>=5.0,0.45,0.6103,50,31,0.1042,35.8901,35.9943,118244,50,1.0
bitmap_prefilter,overall>=5.0,0.45,0.6103,50,32,0.1185,35.9589,36.0775,118244,50,1.0
bitmap_prefilter,overall>=5.0,0.45,0.6103,50,33,0.1107,35.7322,35.8429,118244,50,1.0
bitmap_prefilter,overall>=5.0,0.45,0.6103,50,34,0.1088,35.813,35.9218,118244,50,1.0
bitmap_prefilter,overall>=5.0,0.45,0.6103,50,35,0.1081,35.8901,35.9982,118244,50,1.0
bitmap_prefilter,overall>=5.0,0.45,0.6103,50,36,0.1064,35.9273,36.0337,118244,50,1.0
bitmap_prefilter,overall>=5.0,0.45,0.6103,50,37,0.1062,36.3097,36.416,118244,50,1.0
bitmap_prefilter,overall>=5.0,0.45,0.6103,50,38,0.1062,35.8479,35.9541,118244,50,1.0
bitmap_prefilter,overall>=5.0,0.45,0.6103,50,39,0.1054,35.8397,35.9451,118244,50,1.0
bitmap_prefilter,overall>=5.0,0.45,0.6103,50,40,0.1045,35.891,35.9955,118244,50,1.0
bitmap_prefilter,overall>=5.0,0.45,0.6103,50,41,0.1044,35.9177,36.0221,118244,50,1.0
bitmap_prefilter,overall>=5.0,0.45,0.6103,50,42,0.1048,35.7689,35.8737,118244,50,1.0
bitmap_prefilter,overall>=5.0,0.45,0.6103,50,43,0.1066,35.8026,35.9092,118244,50,0.98
bitmap_prefilter,overall>=5.0,0.45,0.6103,50,44,0.1041,35.813,35.9171,118244,50,1.0
bitmap_prefilter,overall>=5.0,0.45,0.6103,50,45,0.103,36.0133,36.1163,118244,50,1.0
bitmap_prefilter,overall>=5.0,0.45,0.6103,50,46,0.1039,36.431,36.535,118244,50,1.0
bitmap_prefilter,overall>=5.0,0.45,0.6103,50,47,0.109,35.8048,35.9137,118244,50,0.0
bitmap_prefilter,overall>=5.0,0.45,0.6103,50,48,0.1067,36.3274,36.4341,118244,50,1.0
bitmap_prefilter,overall>=5.0,0.45,0.6103,50,49,0.1045,35.8484,35.953,118244,50,1.0
brute_force,verified=true,0.5,0.7514,10,0,0.0187,24.6375,24.6562,10,10,1.0
brute_force,verified=true,0.5,0.7514,10,1,0.0278,24.7962,24.824,10,10,1.0
brute_force,verified=true,0.5,0.7514,10,2,0.0254,24.707,24.7324,10,10,1.0
brute_force,verified=true,0.5,0.7514,10,3,0.0215,25.0144,25.0359,10,10,1.0
brute_force,verified=true,0.5,0.7514,10,4,0.0211,24.8867,24.9078,10,10,1.0
brute_force,verified=true,0.5,0.7514,10,5,0.0422,24.8012,24.8434,10,10,1.0
brute_force,verified=true,0.5,0.7514,10,6,0.0263,24.586,24.6123,10,10,1.0
brute_force,verified=true,0.5,0.7514,10,7,0.0226,24.9294,24.952,10,10,1.0
brute_force,verified=true,0.5,0.7514,10,8,0.0214,24.6789,24.7003,10,10,1.0
brute_force,verified=true,0.5,0.7514,10,9,0.0176,24.8503,24.8679,10,10,1.0
brute_force,verified=true,0.5,0.7514,10,10,0.0217,24.5576,24.5793,10,10,1.0
brute_force,verified=true,0.5,0.7514,10,11,0.0184,24.6303,24.6487,10,10,1.0
brute_force,verified=true,0.5,0.7514,10,12,0.0183,24.7902,24.8085,10,10,1.0
brute_force,verified=true,0.5,0.7514,10,13,0.017,24.8211,24.8381,10,10,1.0
brute_force,verified=true,0.5,0.7514,10,14,0.015,24.6643,24.6793,10,10,1.0
brute_force,verified=true,0.5,0.7514,10,15,0.0135,24.6749,24.6884,10,10,1.0
brute_force,verified=true,0.5,0.7514,10,16,0.0162,24.6965,24.7127,10,10,1.0
brute_force,verified=true,0.5,0.7514,10,17,0.0157,24.6982,24.7139,10,10,1.0
brute_force,verified=true,0.5,0.7514,10,18,0.0283,24.6342,24.6625,10,10,1.0
brute_force,verified=true,0.5,0.7514,10,19,0.019,24.6741,24.6931,10,10,1.0
brute_force,verified=true,0.5,0.7514,10,20,0.016,24.8957,24.9116,10,10,1.0
brute_force,verified=true,0.5,0.7514,10,21,0.0169,24.601,24.6179,10,10,1.0
brute_force,verified=true,0.5,0.7514,10,22,0.0177,24.5404,24.5581,10,10,1.0
brute_force,verified=true,0.5,0.7514,10,23,0.0185,24.7857,24.8042,10,10,1.0
brute_force,verified=true,0.5,0.7514,10,24,0.0315,24.6339,24.6654,10,10,1.0
brute_force,verified=true,0.5,0.7514,10,25,0.0156,24.7785,24.794,10,10,1.0
brute_force,verified=true,0.5,0.7514,10,26,0.0203,24.6775,24.6978,10,10,1.0
brute_force,verified=true,0.5,0.7514,10,27,0.0347,24.6215,24.6562,10,10,1.0
brute_force,verified=true,0.5,0.7514,10,28,0.018,24.7577,24.7757,10,10,1.0
brute_force,verified=true,0.5,0.7514,10,29,0.0194,24.844,24.8634,10,10,1.0
brute_force,verified=true,0.5,0.7514,10,30,0.0159,24.634,24.6498,10,10,1.0
brute_force,verified=true,0.5,0.7514,10,31,0.0143,24.6325,24.6468,10,10,1.0
brute_force,verified=true,0.5,0.7514,10,32,0.0157,24.7265,24.7422,10,10,1.0
brute_force,verified=true,0.5,0.7514,10,33,0.0148,24.781,24.7958,10,10,1.0
brute_force,verified=true,0.5,0.7514,10,34,0.017,24.6089,24.6259,10,10,1.0
brute_force,verified=true,0.5,0.7514,10,35,0.0244,24.6247,24.6491,10,10,1.0
brute_force,verified=true,0.5,0.7514,10,36,0.0145,24.6899,24.7043,10,10,1.0
brute_force,verified=true,0.5,0.7514,10,37,0.0158,24.674,24.6898,10,10,1.0
brute_force,verified=true,0.5,0.7514,10,38,0.0191,24.4938,24.5129,10,10,1.0
brute_force,verified=true,0.5,0.7514,10,39,0.0173,24.7525,24.7698,10,10,1.0
brute_force,verified=true,0.5,0.7514,10,40,0.018,24.5566,24.5747,10,10,1.0
brute_force,verified=true,0.5,0.7514,10,41,0.0163,24.7448,24.761,10,10,1.0
brute_force,verified=true,0.5,0.7514,10,42,0.0283,24.5962,24.6246,10,10,1.0
brute_force,verified=true,0.5,0.7514,10,43,0.017,24.6758,24.6928,10,10,1.0
brute_force,verified=true,0.5,0.7514,10,44,0.0152,24.5802,24.5955,10,10,1.0
brute_force,verified=true,0.5,0.7514,10,45,0.0153,24.7078,24.723,10,10,1.0
brute_force,verified=true,0.5,0.7514,10,46,0.0178,24.6536,24.6714,10,10,1.0
brute_force,verified=true,0.5,0.7514,10,47,0.014,24.7962,24.8102,10,10,1.0
brute_force,verified=true,0.5,0.7514,10,48,0.0195,24.6209,24.6404,10,10,1.0
brute_force,verified=true,0.5,0.7514,10,49,0.0159,24.8526,24.8685,10,10,1.0
naive_prefilter,verified=true,0.5,0.7514,10,0,16.4848,43.2454,59.7303,145583,10,1.0
naive_prefilter,verified=true,0.5,0.7514,10,1,16.503,43.0514,59.5544,145583,10,1.0
naive_prefilter,verified=true,0.5,0.7514,10,2,16.3907,43.0195,59.4102,145583,10,1.0
naive_prefilter,verified=true,0.5,0.7514,10,3,16.193,47.0607,63.2537,145583,10,1.0
naive_prefilter,verified=true,0.5,0.7514,10,4,16.3341,43.1871,59.5213,145583,10,1.0
naive_prefilter,verified=true,0.5,0.7514,10,5,16.4008,43.1257,59.5265,145583,10,1.0
naive_prefilter,verified=true,0.5,0.7514,10,6,16.3813,43.0626,59.444,145583,10,1.0
naive_prefilter,verified=true,0.5,0.7514,10,7,16.1271,42.7609,58.888,145583,10,1.0
naive_prefilter,verified=true,0.5,0.7514,10,8,15.9742,42.9854,58.9597,145583,10,1.0
naive_prefilter,verified=true,0.5,0.7514,10,9,15.9836,42.9073,58.8909,145583,10,1.0
naive_prefilter,verified=true,0.5,0.7514,10,10,16.1803,43.1946,59.3749,145583,10,1.0
naive_prefilter,verified=true,0.5,0.7514,10,11,16.0208,42.8497,58.8706,145583,10,1.0
naive_prefilter,verified=true,0.5,0.7514,10,12,16.1743,42.9315,59.1058,145583,10,1.0
naive_prefilter,verified=true,0.5,0.7514,10,13,16.1165,42.8899,59.0064,145583,10,1.0
naive_prefilter,verified=true,0.5,0.7514,10,14,16.208,42.901,59.109,145583,10,1.0
naive_prefilter,verified=true,0.5,0.7514,10,15,16.1842,43.0514,59.2356,145583,10,1.0
naive_prefilter,verified=true,0.5,0.7514,10,16,16.3037,43.8634,60.167,145583,10,1.0
naive_prefilter,verified=true,0.5,0.7514,10,17,16.5554,42.8557,59.4111,145583,10,1.0
naive_prefilter,verified=true,0.5,0.7514,10,18,16.1703,44.558,60.7283,145583,10,1.0
naive_prefilter,verified=true,0.5,0.7514,10,19,16.3238,46.3265,62.6503,145583,10,1.0
naive_prefilter,verified=true,0.5,0.7514,10,20,16.0452,43.1745,59.2197,145583,10,1.0
naive_prefilter,verified=true,0.5,0.7514,10,21,16.0,43.0583,59.0583,145583,10,1.0
naive_prefilter,verified=true,0.5,0.7514,10,22,16.0914,42.9688,59.0602,145583,10,1.0
naive_prefilter,verified=true,0.5,0.7514,10,23,16.1924,43.1763,59.3687,145583,10,1.0
naive_prefilter,verified=true,0.5,0.7514,10,24,16.1984,43.0444,59.2428,145583,10,1.0
naive_prefilter,verified=true,0.5,0.7514,10,25,16.3339,43.4197,59.7536,145583,10,1.0
naive_prefilter,verified=true,0.5,0.7514,10,26,16.185,43.0705,59.2555,145583,10,1.0
naive_prefilter,verified=true,0.5,0.7514,10,27,16.102,42.8544,58.9564,145583,10,1.0
naive_prefilter,verified=true,0.5,0.7514,10,28,16.1945,42.9938,59.1883,145583,10,1.0
naive_prefilter,verified=true,0.5,0.7514,10,29,16.1947,42.9823,59.177,145583,10,1.0
naive_prefilter,verified=true,0.5,0.7514,10,30,16.1345,43.1171,59.2515,145583,10,1.0
naive_prefilter,verified=true,0.5,0.7514,10,31,16.186,43.5129,59.6989,145583,10,1.0
naive_prefilter,verified=true,0.5,0.7514,10,32,16.107,43.0826,59.1896,145583,10,1.0
naive_prefilter,verified=true,0.5,0.7514,10,33,16.0591,43.5177,59.5768,145583,10,1.0
naive_prefilter,verified=true,0.5,0.7514,10,34,15.8742,42.9676,58.8417,145583,10,1.0
naive_prefilter,verified=true,0.5,0.7514,10,35,16.0851,42.9484,59.0335,145583,10,1.0
naive_prefilter,verified=true,0.5,0.7514,10,36,16.1759,43.3434,59.5193,145583,10,1.0
naive_prefilter,verified=true,0.5,0.7514,10,37,16.062,42.9,58.962,145583,10,1.0
naive_prefilter,verified=true,0.5,0.7514,10,38,16.1785,42.9328,59.1113,145583,10,1.0
naive_prefilter,verified=true,0.5,0.7514,10,39,16.0708,42.9213,58.9921,145583,10,1.0
naive_prefilter,verified=true,0.5,0.7514,10,40,16.0102,42.9682,58.9784,145583,10,1.0
naive_prefilter,verified=true,0.5,0.7514,10,41,16.117,42.986,59.1031,145583,10,1.0
naive_prefilter,verified=true,0.5,0.7514,10,42,16.0002,42.9033,58.9035,145583,10,1.0
naive_prefilter,verified=true,0.5,0.7514,10,43,15.9784,42.9678,58.9462,145583,10,1.0
naive_prefilter,verified=true,0.5,0.7514,10,44,16.0167,42.8815,58.8983,145583,10,1.0
naive_prefilter,verified=true,0.5,0.7514,10,45,15.9615,43.1352,59.0967,145583,10,1.0
naive_prefilter,verified=true,0.5,0.7514,10,46,15.9812,42.8821,58.8634,145583,10,1.0
naive_prefilter,verified=true,0.5,0.7514,10,47,16.1226,42.9043,59.0269,145583,10,0.0
naive_prefilter,verified=true,0.5,0.7514,10,48,16.129,43.0063,59.1353,145583,10,1.0
naive_prefilter,verified=true,0.5,0.7514,10,49,16.1133,42.9639,59.0772,145583,10,1.0
post_filter,verified=true,0.5,0.7514,10,0,0.0063,0.5522,0.5585,10,10,1.0
post_filter,verified=true,0.5,0.7514,10,1,0.0184,0.9286,0.947,10,10,1.0
post_filter,verified=true,0.5,0.7514,10,2,0.0155,0.7211,0.7365,10,10,1.0
post_filter,verified=true,0.5,0.7514,10,3,0.0126,0.744,0.7567,10,10,1.0
post_filter,verified=true,0.5,0.7514,10,4,0.0243,0.9066,0.9309,10,10,1.0
post_filter,verified=true,0.5,0.7514,10,5,0.0374,0.7327,0.7701,10,10,1.0
post_filter,verified=true,0.5,0.7514,10,6,0.0201,0.8786,0.8988,10,10,1.0
post_filter,verified=true,0.5,0.7514,10,7,0.0169,0.6678,0.6847,10,10,1.0
post_filter,verified=true,0.5,0.7514,10,8,0.0189,1.1954,1.2143,10,10,1.0
post_filter,verified=true,0.5,0.7514,10,9,0.0222,1.1442,1.1665,10,10,1.0
post_filter,verified=true,0.5,0.7514,10,10,0.0184,0.9835,1.0019,10,10,1.0
post_filter,verified=true,0.5,0.7514,10,11,0.0144,0.8316,0.846,10,10,1.0
post_filter,verified=true,0.5,0.7514,10,12,0.0139,0.6639,0.6778,10,10,1.0
post_filter,verified=true,0.5,0.7514,10,13,0.0124,0.7171,0.7295,10,10,1.0
post_filter,verified=true,0.5,0.7514,10,14,0.0115,0.5305,0.5421,10,10,1.0
post_filter,verified=true,0.5,0.7514,10,15,0.0097,0.4486,0.4584,10,10,1.0
post_filter,verified=true,0.5,0.7514,10,16,0.0116,0.8461,0.8577,10,10,1.0
post_filter,verified=true,0.5,0.7514,10,17,0.0124,0.6696,0.682,10,10,1.0
post_filter,verified=true,0.5,0.7514,10,18,0.0249,0.7832,0.8081,10,10,1.0
post_filter,verified=true,0.5,0.7514,10,19,0.0151,0.8374,0.8525,10,10,1.0
post_filter,verified=true,0.5,0.7514,10,20,0.0122,0.6188,0.631,10,10,1.0
post_filter,verified=true,0.5,0.7514,10,21,0.0136,0.6372,0.6509,10,10,1.0
post_filter,verified=true,0.5,0.7514,10,22,0.0149,0.6725,0.6874,10,10,1.0
post_filter,verified=true,0.5,0.7514,10,23,0.0142,0.6371,0.6512,10,10,1.0
post_filter,verified=true,0.5,0.7514,10,24,0.0313,0.9297,0.961,10,10,1.0
post_filter,verified=true,0.5,0.7514,10,25,0.0145,0.294,0.3085,10,10,0.6
post_filter,verified=true,0.5,0.7514,10,26,0.0147,0.8392,0.8539,10,10,1.0
post_filter,verified=true,0.5,0.7514,10,27,0.0335,0.747,0.7805,10,10,1.0
post_filter,verified=true,0.5,0.7514,10,28,0.0142,0.7682,0.7825,10,10,1.0
post_filter,verified=true,0.5,0.7514,10,29,0.0123,0.4976,0.5099,10,10,1.0
post_filter,verified=true,0.5,0.7514,10,30,0.0085,0.3856,0.3941,10,10,0.0
post_filter,verified=true,0.5,0.7514,10,31,0.0111,0.7698,0.781,10,10,1.0
post_filter,verified=true,0.5,0.7514,10,32,0.0121,0.5953,0.6075,10,10,1.0
post_filter,verified=true,0.5,0.7514,10,33,0.0117,0.4533,0.465,10,10,1.0
post_filter,verified=true,0.5,0.7514,10,34,0.012,0.7494,0.7614,10,10,1.0
post_filter,verified=true,0.5,0.7514,10,35,0.0189,0.7756,0.7945,10,10,1.0
post_filter,verified=true,0.5,0.7514,10,36,0.0123,0.665,0.6774,10,10,1.0
post_filter,verified=true,0.5,0.7514,10,37,0.0115,0.5825,0.594,10,10,1.0
post_filter,verified=true,0.5,0.7514,10,38,0.0142,0.9294,0.9436,10,10,1.0
post_filter,verified=true,0.5,0.7514,10,39,0.012,0.4656,0.4776,10,10,1.0
post_filter,verified=true,0.5,0.7514,10,40,0.0136,0.9148,0.9284,10,10,1.0
post_filter,verified=true,0.5,0.7514,10,41,0.0119,0.5141,0.526,10,10,1.0
post_filter,verified=true,0.5,0.7514,10,42,0.0225,0.7515,0.7741,10,10,1.0
post_filter,verified=true,0.5,0.7514,10,43,0.0121,0.3965,0.4086,10,10,0.6
post_filter,verified=true,0.5,0.7514,10,44,0.0112,0.5677,0.5789,10,10,1.0
post_filter,verified=true,0.5,0.7514,10,45,0.0106,0.8263,0.8369,10,10,1.0
post_filter,verified=true,0.5,0.7514,10,46,0.013,0.6806,0.6936,10,10,1.0
post_filter,verified=true,0.5,0.7514,10,47,0.0122,0.234,0.2463,10,10,0.0
post_filter,verified=true,0.5,0.7514,10,48,0.0137,0.8125,0.8261,10,10,1.0
post_filter,verified=true,0.5,0.7514,10,49,0.0115,0.4093,0.4208,10,10,0.9
bitmap_prefilter,verified=true,0.5,0.7514,10,0,0.1234,40.6835,40.8069,145583,10,1.0
bitmap_prefilter,verified=true,0.5,0.7514,10,1,0.1234,40.7115,40.835,145583,10,1.0
bitmap_prefilter,verified=true,0.5,0.7514,10,2,0.1309,40.5724,40.7033,145583,10,1.0
bitmap_prefilter,verified=true,0.5,0.7514,10,3,0.1262,40.9478,41.074,145583,10,1.0
bitmap_prefilter,verified=true,0.5,0.7514,10,4,0.1282,41.3074,41.4356,145583,10,1.0
bitmap_prefilter,verified=true,0.5,0.7514,10,5,0.1228,40.7215,40.8442,145583,10,1.0
bitmap_prefilter,verified=true,0.5,0.7514,10,6,0.1233,40.5825,40.7058,145583,10,1.0
bitmap_prefilter,verified=true,0.5,0.7514,10,7,0.1215,41.2198,41.3414,145583,10,1.0
bitmap_prefilter,verified=true,0.5,0.7514,10,8,0.121,40.5753,40.6963,145583,10,1.0
bitmap_prefilter,verified=true,0.5,0.7514,10,9,0.1236,40.5894,40.713,145583,10,1.0
bitmap_prefilter,verified=true,0.5,0.7514,10,10,0.1229,40.6399,40.7628,145583,10,1.0
bitmap_prefilter,verified=true,0.5,0.7514,10,11,0.121,40.8064,40.9274,145583,10,1.0
bitmap_prefilter,verified=true,0.5,0.7514,10,12,0.129,40.7037,40.8328,145583,10,1.0
bitmap_prefilter,verified=true,0.5,0.7514,10,13,0.1264,40.5629,40.6893,145583,10,1.0
bitmap_prefilter,verified=true,0.5,0.7514,10,14,0.126,40.756,40.882,145583,10,1.0
bitmap_prefilter,verified=true,0.5,0.7514,10,15,0.1232,40.6783,40.8015,145583,10,1.0
bitmap_prefilter,verified=true,0.5,0.7514,10,16,0.122,41.0163,41.1384,145583,10,1.0
bitmap_prefilter,verified=true,0.5,0.7514,10,17,0.1207,40.8681,40.9888,145583,10,1.0
bitmap_prefilter,verified=true,0.5,0.7514,10,18,0.125,42.3139,42.4389,145583,10,1.0
bitmap_prefilter,verified=true,0.5,0.7514,10,19,0.1254,41.7335,41.8589,145583,10,1.0
bitmap_prefilter,verified=true,0.5,0.7514,10,20,0.1201,41.3396,41.4597,145583,10,1.0
bitmap_prefilter,verified=true,0.5,0.7514,10,21,0.1211,40.5205,40.6416,145583,10,1.0
bitmap_prefilter,verified=true,0.5,0.7514,10,22,0.1191,40.559,40.678,145583,10,1.0
bitmap_prefilter,verified=true,0.5,0.7514,10,23,0.122,40.771,40.893,145583,10,1.0
bitmap_prefilter,verified=true,0.5,0.7514,10,24,0.1196,42.8615,42.9811,145583,10,1.0
bitmap_prefilter,verified=true,0.5,0.7514,10,25,0.1263,41.3268,41.453,145583,10,1.0
bitmap_prefilter,verified=true,0.5,0.7514,10,26,0.1233,40.7057,40.8291,145583,10,1.0
bitmap_prefilter,verified=true,0.5,0.7514,10,27,0.1218,40.7518,40.8735,145583,10,1.0
bitmap_prefilter,verified=true,0.5,0.7514,10,28,0.1207,40.8815,41.0022,145583,10,1.0
bitmap_prefilter,verified=true,0.5,0.7514,10,29,0.121,40.5631,40.6842,145583,10,1.0
bitmap_prefilter,verified=true,0.5,0.7514,10,30,0.1246,40.6997,40.8243,145583,10,1.0
bitmap_prefilter,verified=true,0.5,0.7514,10,31,0.1238,40.6725,40.7964,145583,10,1.0
bitmap_prefilter,verified=true,0.5,0.7514,10,32,0.1199,41.8802,42.0,145583,10,1.0
bitmap_prefilter,verified=true,0.5,0.7514,10,33,0.1288,41.3891,41.5179,145583,10,1.0
bitmap_prefilter,verified=true,0.5,0.7514,10,34,0.1203,40.4692,40.5896,145583,10,1.0
bitmap_prefilter,verified=true,0.5,0.7514,10,35,0.1193,40.6598,40.7791,145583,10,1.0
bitmap_prefilter,verified=true,0.5,0.7514,10,36,0.121,40.6255,40.7466,145583,10,1.0
bitmap_prefilter,verified=true,0.5,0.7514,10,37,0.12,40.7561,40.8761,145583,10,1.0
bitmap_prefilter,verified=true,0.5,0.7514,10,38,0.1192,40.5904,40.7096,145583,10,1.0
bitmap_prefilter,verified=true,0.5,0.7514,10,39,0.119,40.5965,40.7156,145583,10,1.0
bitmap_prefilter,verified=true,0.5,0.7514,10,40,0.1212,40.616,40.7372,145583,10,1.0
bitmap_prefilter,verified=true,0.5,0.7514,10,41,0.12,40.5956,40.7155,145583,10,1.0
bitmap_prefilter,verified=true,0.5,0.7514,10,42,0.127,40.7356,40.8626,145583,10,1.0
bitmap_prefilter,verified=true,0.5,0.7514,10,43,0.1197,41.0879,41.2075,145583,10,1.0
bitmap_prefilter,verified=true,0.5,0.7514,10,44,0.1307,40.7382,40.8689,145583,10,1.0
bitmap_prefilter,verified=true,0.5,0.7514,10,45,0.1275,40.7207,40.8482,145583,10,1.0
bitmap_prefilter,verified=true,0.5,0.7514,10,46,0.1281,40.9163,41.0444,145583,10,1.0
bitmap_prefilter,verified=true,0.5,0.7514,10,47,0.129,40.5658,40.6948,145583,10,0.0
bitmap_prefilter,verified=true,0.5,0.7514,10,48,0.1234,41.0017,41.1252,145583,10,1.0
bitmap_prefilter,verified=true,0.5,0.7514,10,49,0.1235,40.8628,40.9863,145583,10,1.0
brute_force,verified=true,0.5,0.7514,50,0,0.0629,24.6844,24.7472,50,50,1.0
brute_force,verified=true,0.5,0.7514,50,1,0.082,25.041,25.123,50,50,1.0
brute_force,verified=true,0.5,0.7514,50,2,0.0735,24.6872,24.7606,50,50,1.0
brute_force,verified=true,0.5,0.7514,50,3,0.0643,24.7275,24.7918,50,50,1.0
brute_force,verified=true,0.5,0.7514,50,4,0.0764,24.6542,24.7306,50,50,1.0
brute_force,verified=true,0.5,0.7514,50,5,0.1085,24.6879,24.7964,50,50,1.0
brute_force,verified=true,0.5,0.7514,50,6,0.078,24.4582,24.5362,50,50,1.0
brute_force,verified=true,0.5,0.7514,50,7,0.0661,24.6883,24.7545,50,50,1.0
brute_force,verified=true,0.5,0.7514,50,8,0.0713,24.5867,24.658,50,50,1.0
brute_force,verified=true,0.5,0.7514,50,9,0.0723,24.7347,24.807,50,50,1.0
brute_force,verified=true,0.5,0.7514,50,10,0.0839,24.6332,24.7171,50,50,1.0
brute_force,verified=true,0.5,0.7514,50,11,0.0778,24.5846,24.6624,50,50,1.0
brute_force,verified=true,0.5,0.7514,50,12,0.0623,24.7377,24.8,50,50,1.0
brute_force,verified=true,0.5,0.7514,50,13,0.0594,24.8189,24.8783,50,50,1.0
brute_force,verified=true,0.5,0.7514,50,14,0.0543,24.6865,24.7408,50,50,1.0
brute_force,verified=true,0.5,0.7514,50,15,0.0627,24.6796,24.7423,50,50,1.0
brute_force,verified=true,0.5,0.7514,50,16,0.0624,24.8085,24.8709,50,50,1.0
brute_force,verified=true,0.5,0.7514,50,17,0.0714,24.7819,24.8532,50,50,1.0
brute_force,verified=true,0.5,0.7514,50,18,0.1063,24.5847,24.691,50,50,1.0
brute_force,verified=true,0.5,0.7514,50,19,0.0827,24.5821,24.6648,50,50,1.0
brute_force,verified=true,0.5,0.7514,50,20,0.0625,24.7146,24.7771,50,50,1.0
brute_force,verified=true,0.5,0.7514,50,21,0.0721,25.307,25.379,50,50,1.0
brute_force,verified=true,0.5,0.7514,50,22,0.0828,24.7429,24.8257,50,50,1.0
brute_force,verified=true,0.5,0.7514,50,23,0.065,24.8963,24.9612,50,50,1.0
brute_force,verified=true,0.5,0.7514,50,24,0.1145,24.8609,24.9754,50,50,1.0
brute_force,verified=true,0.5,0.7514,50,25,0.056,25.0124,25.0684,50,50,1.0
brute_force,verified=true,0.5,0.7514,50,26,0.0949,24.848,24.9429,50,50,1.0
brute_force,verified=true,0.5,0.7514,50,27,0.0976,24.815,24.9126,50,50,1.0
brute_force,verified=true,0.5,0.7514,50,28,0.0699,25.422,25.4919,50,50,1.0
brute_force,verified=true,0.5,0.7514,50,29,0.0649,25.5784,25.6433,50,50,1.0
brute_force,verified=true,0.5,0.7514,50,30,0.0618,24.9582,25.02,50,50,1.0
brute_force,verified=true,0.5,0.7514,50,31,0.0661,25.2428,25.3089,50,50,1.0
brute_force,verified=true,0.5,0.7514,50,32,0.0643,25.2149,25.2792,50,50,1.0
brute_force,verified=true,0.5,0.7514,50,33,0.0534,25.0778,25.1312,50,50,1.0
brute_force,verified=true,0.5,0.7514,50,34,0.0658,24.8594,24.9252,50,50,1.0
brute_force,verified=true,0.5,0.7514,50,35,0.0942,24.8265,24.9207,50,50,1.0
brute_force,verified=true,0.5,0.7514,50,36,0.0663,24.8818,24.948,50,50,1.0
brute_force,verified=true,0.5,0.7514,50,37,0.0593,25.0787,25.138,50,50,1.0
brute_force,verified=true,0.5,0.7514,50,38,0.0786,24.7757,24.8543,50,50,1.0
brute_force,verified=true,0.5,0.7514,50,39,0.0637,24.8976,24.9613,50,50,1.0
brute_force,verified=true,0.5,0.7514,50,40,0.0646,24.9078,24.9724,50,50,1.0
brute_force,verified=true,0.5,0.7514,50,41,0.0675,24.959,25.0265,50,50,1.0
brute_force,verified=true,0.5,0.7514,50,42,0.0987,24.7346,24.8333,50,50,1.0
brute_force,verified=true,0.5,0.7514,50,43,0.0648,24.9563,25.021,50,50,1.0
brute_force,verified=true,0.5,0.7514,50,44,0.0606,24.9135,24.9741,50,50,1.0
brute_force,verified=true,0.5,0.7514,50,45,0.0757,25.093,25.1687,50,50,1.0
brute_force,verified=true,0.5,0.7514,50,46,0.0725,24.9022,24.9748,50,50,1.0
brute_force,verified=true,0.5,0.7514,50,47,0.0614,24.9696,25.031,50,50,1.0
brute_force,verified=true,0.5,0.7514,50,48,0.0667,25.0629,25.1296,50,50,1.0
brute_force,verified=true,0.5,0.7514,50,49,0.0637,25.0424,25.106,50,50,1.0
naive_prefilter,verified=true,0.5,0.7514,50,0,16.3188,42.9736,59.2924,145583,50,1.0
naive_prefilter,verified=true,0.5,0.7514,50,1,16.1045,42.948,59.0525,145583,50,1.0
naive_prefilter,verified=true,0.5,0.7514,50,2,16.4196,42.963,59.3825,145583,50,1.0
naive_prefilter,verified=true,0.5,0.7514,50,3,16.1053,43.2388,59.344,145583,50,1.0
naive_prefilter,verified=true,0.5,0.7514,50,4,16.1813,43.0911,59.2724,145583,50,1.0
naive_prefilter,verified=true,0.5,0.7514,50,5,16.0079,42.8333,58.8412,145583,50,1.0
naive_prefilter,verified=true,0.5,0.7514,50,6,16.1525,43.5047,59.6572,145583,50,1.0
naive_prefilter,verified=true,0.5,0.7514,50,7,16.2001,43.0763,59.2764,145583,50,1.0
naive_prefilter,verified=true,0.5,0.7514,50,8,16.1621,43.046,59.208,145583,50,1.0
naive_prefilter,verified=true,0.5,0.7514,50,9,16.136,43.2613,59.3972,145583,50,1.0
naive_prefilter,verified=true,0.5,0.7514,50,10,16.1941,42.9666,59.1607,145583,50,1.0
naive_prefilter,verified=true,0.5,0.7514,50,11,16.0243,43.2389,59.2633,145583,50,1.0
naive_prefilter,verified=true,0.5,0.7514,50,12,16.2378,42.9428,59.1806,145583,50,1.0
naive_prefilter,verified=true,0.5,0.7514,50,13,16.2375,43.195,59.4325,145583,50,1.0
naive_prefilter,verified=true,0.5,0.7514,50,14,16.3218,43.1483,59.4702,145583,50,1.0
naive_prefilter,verified=true,0.5,0.7514,50,15,16.23,43.0112,59.2411,145583,50,1.0
naive_prefilter,verified=true,0.5,0.7514,50,16,16.1666,43.4551,59.6218,145583,50,1.0
naive_prefilter,verified=true,0.5,0.7514,50,17,15.8923,43.0181,58.9104,145583,50,1.0
naive_prefilter,verified=true,0.5,0.7514,50,18,16.0405,42.9933,59.0339,145583,50,1.0
naive_prefilter,verified=true,0.5,0.7514,50,19,16.126,43.2227,59.3487,145583,50,1.0
naive_prefilter,verified=true,0.5,0.7514,50,20,16.2023,43.0153,59.2175,145583,50,1.0
naive_prefilter,verified=true,0.5,0.7514,50,21,16.0155,43.1643,59.1798,145583,50,1.0
naive_prefilter,verified=true,0.5,0.7514,50,22,16.2833,43.6079,59.8912,145583,50,1.0
naive_prefilter,verified=true,0.5,0.7514,50,23,16.1573,43.2535,59.4107,145583,50,1.0
naive_prefilter,verified=true,0.5,0.7514,50,24,16.0556,43.4921,59.5477,145583,50,1.0
naive_prefilter,verified=true,0.5,0.7514,50,25,16.1903,43.1939,59.3842,145583,50,1.0
naive_prefilter,verified=true,0.5,0.7514,50,26,16.112,44.5455,60.6576,145583,50,1.0
naive_prefilter,verified=true,0.5,0.7514,50,27,16.6667,44.7893,61.456,145583,50,1.0
naive_prefilter,verified=true,0.5,0.7514,50,28,16.6649,44.2548,60.9197,145583,50,1.0
naive_prefilter,verified=true,0.5,0.7514,50,29,16.3435,43.3056,59.6492,145583,50,1.0
naive_prefilter,verified=true,0.5,0.7514,50,30,16.2518,44.0432,60.295,145583,50,1.0
naive_prefilter,verified=true,0.5,0.7514,50,31,16.395,44.1127,60.5078,145583,50,1.0
naive_prefilter,verified=true,0.5,0.7514,50,32,16.5195,47.0045,63.524,145583,50,1.0
naive_prefilter,verified=true,0.5,0.7514,50,33,16.3542,46.8485,63.2027,145583,50,1.0
naive_prefilter,verified=true,0.5,0.7514,50,34,16.3654,46.537,62.9024,145583,50,1.0
naive_prefilter,verified=true,0.5,0.7514,50,35,16.4568,46.5579,63.0146,145583,50,1.0
naive_prefilter,verified=true,0.5,0.7514,50,36,16.6452,46.1556,62.8008,145583,50,1.0
naive_prefilter,verified=true,0.5,0.7514,50,37,16.6063,45.5322,62.1385,145583,50,1.0
naive_prefilter,verified=true,0.5,0.7514,50,38,16.9288,44.8751,61.804,145583,50,1.0
naive_prefilter,verified=true,0.5,0.7514,50,39,16.5605,45.3787,61.9392,145583,50,1.0
naive_prefilter,verified=true,0.5,0.7514,50,40,16.692,48.7367,65.4288,145583,50,1.0
naive_prefilter,verified=true,0.5,0.7514,50,41,16.5694,48.6838,65.2533,145583,50,1.0
naive_prefilter,verified=true,0.5,0.7514,50,42,16.5593,45.3401,61.8995,145583,50,1.0
naive_prefilter,verified=true,0.5,0.7514,50,43,16.8556,45.7418,62.5975,145583,50,1.0
naive_prefilter,verified=true,0.5,0.7514,50,44,16.6889,47.8959,64.5848,145583,50,1.0
naive_prefilter,verified=true,0.5,0.7514,50,45,17.0709,47.9595,65.0303,145583,50,1.0
naive_prefilter,verified=true,0.5,0.7514,50,46,16.8064,47.9118,64.7182,145583,50,1.0
naive_prefilter,verified=true,0.5,0.7514,50,47,16.5029,46.8393,63.3422,145583,50,0.0
naive_prefilter,verified=true,0.5,0.7514,50,48,16.8829,45.4534,62.3363,145583,50,1.0
naive_prefilter,verified=true,0.5,0.7514,50,49,16.3965,45.7686,62.1651,145583,50,1.0
post_filter,verified=true,0.5,0.7514,50,0,0.0242,0.4699,0.4941,50,50,1.0
post_filter,verified=true,0.5,0.7514,50,1,0.068,1.1896,1.2577,50,50,0.98
post_filter,verified=true,0.5,0.7514,50,2,0.0655,0.895,0.9605,50,50,0.98
post_filter,verified=true,0.5,0.7514,50,3,0.0635,0.9951,1.0586,50,50,1.0
post_filter,verified=true,0.5,0.7514,50,4,0.0644,1.1493,1.2137,50,50,1.0
post_filter,verified=true,0.5,0.7514,50,5,0.0964,0.9674,1.0638,50,50,1.0
post_filter,verified=true,0.5,0.7514,50,6,0.0806,1.2373,1.3179,50,50,1.0
post_filter,verified=true,0.5,0.7514,50,7,0.0668,0.8191,0.8859,50,50,1.0
post_filter,verified=true,0.5,0.7514,50,8,0.0773,1.5216,1.5988,50,50,1.0
post_filter,verified=true,0.5,0.7514,50,9,0.0675,1.1872,1.2547,50,50,0.98
post_filter,verified=true,0.5,0.7514,50,10,0.0739,1.0339,1.1078,50,50,1.0
post_filter,verified=true,0.5,0.7514,50,11,0.0785,1.0282,1.1067,50,50,1.0
post_filter,verified=true,0.5,0.7514,50,12,0.0552,0.8434,0.8985,50,50,1.0
post_filter,verified=true,0.5,0.7514,50,13,0.0517,0.8629,0.9146,50,50,1.0
post_filter,verified=true,0.5,0.7514,50,14,0.0492,0.6428,0.692,50,50,1.0
post_filter,verified=true,0.5,0.7514,50,15,0.0481,0.5629,0.611,50,50,1.0
post_filter,verified=true,0.5,0.7514,50,16,0.0542,1.0417,1.0959,50,50,1.0
post_filter,verified=true,0.5,0.7514,50,17,0.054,0.7871,0.8412,50,50,0.98
post_filter,verified=true,0.5,0.7514,50,18,0.0955,0.944,1.0395,50,50,1.0
post_filter,verified=true,0.5,0.7514,50,19,0.0719,0.9959,1.0678,50,50,0.98
post_filter,verified=true,0.5,0.7514,50,20,0.0542,0.7079,0.7621,50,50,1.0
post_filter,verified=true,0.5,0.7514,50,21,0.0569,0.7688,0.8257,50,50,1.0
post_filter,verified=true,0.5,0.7514,50,22,0.0713,0.7903,0.8616,50,50,0.98
post_filter,verified=true,0.5,0.7514,50,23,0.0622,0.8203,0.8825,50,50,1.0
post_filter,verified=true,0.5,0.7514,50,24,0.1031,1.1812,1.2844,50,50,0.98
post_filter,verified=true,0.5,0.7514,50,25,0.0507,0.3489,0.3996,50,50,0.92
post_filter,verified=true,0.5,0.7514,50,26,0.0766,0.9989,1.0755,50,50,0.98
post_filter,verified=true,0.5,0.7514,50,27,0.0831,0.9576,1.0407,50,50,1.0
post_filter,verified=true,0.5,0.7514,50,28,0.0609,0.9937,1.0546,50,50,1.0
post_filter,verified=true,0.5,0.7514,50,29,0.0527,0.6083,0.661,50,50,0.98
post_filter,verified=true,0.5,0.7514,50,30,0.0518,0.4825,0.5343,50,50,0.0
post_filter,verified=true,0.5,0.7514,50,31,0.0549,1.0015,1.0564,50,50,1.0
post_filter,verified=true,0.5,0.7514,50,32,0.0579,0.7635,0.8214,50,50,0.98
post_filter,verified=true,0.5,0.7514,50,33,0.0475,0.5774,0.625,50,50,1.0
post_filter,verified=true,0.5,0.7514,50,34,0.0603,0.9586,1.0189,50,50,1.0
post_filter,verified=true,0.5,0.7514,50,35,0.0845,1.0077,1.0923,50,50,0.96
post_filter,verified=true,0.5,0.7514,50,36,0.058,0.8043,0.8623,50,50,1.0
post_filter,verified=true,0.5,0.7514,50,37,0.051,0.7331,0.7842,50,50,1.0
post_filter,verified=true,0.5,0.7514,50,38,0.0727,1.222,1.2948,50,50,0.92
post_filter,verified=true,0.5,0.7514,50,39,0.0523,0.5704,0.6227,50,50,1.0
post_filter,verified=true,0.5,0.7514,50,40,0.0565,1.21,1.2665,50,50,1.0
post_filter,verified=true,0.5,0.7514,50,41,0.056,0.6365,0.6925,50,50,1.0
post_filter,verified=true,0.5,0.7514,50,42,0.0845,0.977,1.0615,50,50,0.96
post_filter,verified=true,0.5,0.7514,50,43,0.0505,0.489,0.5395,50,50,0.82
post_filter,verified=true,0.5,0.7514,50,44,0.0501,0.7191,0.7692,50,50,1.0
post_filter,verified=true,0.5,0.7514,50,45,0.0627,1.0653,1.1279,50,50,0.96
post_filter,verified=true,0.5,0.7514,50,46,0.0616,0.8544,0.916,50,50,0.98
post_filter,verified=true,0.5,0.7514,50,47,0.049,0.2982,0.3473,50,50,0.12
post_filter,verified=true,0.5,0.7514,50,48,0.0547,1.0361,1.0908,50,50,1.0
post_filter,verified=true,0.5,0.7514,50,49,0.0507,0.5074,0.5581,50,50,0.96
bitmap_prefilter,verified=true,0.5,0.7514,50,0,0.1304,43.4965,43.6269,145583,50,1.0
bitmap_prefilter,verified=true,0.5,0.7514,50,1,0.1369,43.1857,43.3226,145583,50,1.0
bitmap_prefilter,verified=true,0.5,0.7514,50,2,0.125,44.214,44.3389,145583,50,1.0
bitmap_prefilter,verified=true,0.5,0.7514,50,3,0.1238,43.6223,43.7461,145583,50,1.0
bitmap_prefilter,verified=true,0.5,0.7514,50,4,0.123,42.4278,42.5508,145583,50,1.0
bitmap_prefilter,verified=true,0.5,0.7514,50,5,0.1223,41.7793,41.9016,145583,50,1.0
bitmap_prefilter,verified=true,0.5,0.7514,50,6,0.122,42.4718,42.5938,145583,50,1.0
bitmap_prefilter,verified=true,0.5,0.7514,50,7,0.1312,41.9182,42.0494,145583,50,1.0
bitmap_prefilter,verified=true,0.5,0.7514,50,8,0.1222,43.9695,44.0917,145583,50,1.0
bitmap_prefilter,verified=true,0.5,0.7514,50,9,0.1253,41.5117,41.637,145583,50,1.0
bitmap_prefilter,verified=true,0.5,0.7514,50,10,0.1209,40.7422,40.863,145583,50,1.0
bitmap_prefilter,verified=true,0.5,0.7514,50,11,0.1203,41.0207,41.1409,145583,50,1.0
bitmap_prefilter,verified=true,0.5,0.7514,50,12,0.1224,40.7232,40.8455,145583,50,1.0
bitmap_prefilter,verified=true,0.5,0.7514,50,13,0.1215,40.7889,40.9104,145583,50,1.0
bitmap_prefilter,verified=true,0.5,0.7514,50,14,0.1206,41.9287,42.0493,145583,50,1.0
bitmap_prefilter,verified=true,0.5,0.7514,50,15,0.1208,41.1005,41.2213,145583,50,1.0
bitmap_prefilter,verified=true,0.5,0.7514,50,16,0.1343,41.428,41.5624,145583,50,1.0
bitmap_prefilter,verified=true,0.5,0.7514,50,17,0.1265,41.4013,41.5278,145583,50,1.0
bitmap_prefilter,verified=true,0.5,0.7514,50,18,0.1435,42.528,42.6715,145583,50,1.0
bitmap_prefilter,verified=true,0.5,0.7514,50,19,0.1291,42.8028,42.932,145583,50,1.0
bitmap_prefilter,verified=true,0.5,0.7514,50,20,0.1248,45.7369,45.8617,145583,50,1.0
bitmap_prefilter,verified=true,0.5,0.7514,50,21,0.1267,42.9176,43.0443,145583,50,1.0
bitmap_prefilter,verified=true,0.5,0.7514,50,22,0.1263,41.132,41.2582,145583,50,1.0
bitmap_prefilter,verified=true,0.5,0.7514,50,23,0.1333,41.1201,41.2534,145583,50,1.0
bitmap_prefilter,verified=true,0.5,0.7514,50,24,0.1214,41.0387,41.1601,145583,50,1.0
bitmap_prefilter,verified=true,0.5,0.7514,50,25,0.1227,41.7184,41.8411,145583,50,1.0
bitmap_prefilter,verified=true,0.5,0.7514,50,26,0.1265,40.8902,41.0167,145583,50,1.0
bitmap_prefilter,verified=true,0.5,0.7514,50,27,0.1215,40.755,40.8766,145583,50,1.0
bitmap_prefilter,verified=true,0.5,0.7514,50,28,0.1199,41.1848,41.3047,145583,50,1.0
bitmap_prefilter,verified=true,0.5,0.7514,50,29,0.1218,40.9038,41.0256,145583,50,1.0
bitmap_prefilter,verified=true,0.5,0.7514,50,30,0.1196,41.0509,41.1705,145583,50,1.0
bitmap_prefilter,verified=true,0.5,0.7514,50,31,0.12,40.7995,40.9195,145583,50,1.0
bitmap_prefilter,verified=true,0.5,0.7514,50,32,0.12,41.6474,41.7674,145583,50,1.0
bitmap_prefilter,verified=true,0.5,0.7514,50,33,0.1208,41.3399,41.4607,145583,50,1.0
bitmap_prefilter,verified=true,0.5,0.7514,50,34,0.1273,41.2912,41.4185,145583,50,1.0
bitmap_prefilter,verified=true,0.5,0.7514,50,35,0.1205,41.6687,41.7892,145583,50,1.0
bitmap_prefilter,verified=true,0.5,0.7514,50,36,0.1204,41.0882,41.2086,145583,50,1.0
bitmap_prefilter,verified=true,0.5,0.7514,50,37,0.1193,41.2158,41.335,145583,50,1.0
bitmap_prefilter,verified=true,0.5,0.7514,50,38,0.1192,41.2377,41.3569,145583,50,1.0
bitmap_prefilter,verified=true,0.5,0.7514,50,39,0.1192,41.7614,41.8806,145583,50,1.0
bitmap_prefilter,verified=true,0.5,0.7514,50,40,0.1268,41.6832,41.81,145583,50,1.0
bitmap_prefilter,verified=true,0.5,0.7514,50,41,0.1218,41.3971,41.5189,145583,50,1.0
bitmap_prefilter,verified=true,0.5,0.7514,50,42,0.1205,40.8931,41.0136,145583,50,1.0
bitmap_prefilter,verified=true,0.5,0.7514,50,43,0.1205,41.2557,41.3762,145583,50,1.0
bitmap_prefilter,verified=true,0.5,0.7514,50,44,0.1202,40.9505,41.0708,145583,50,1.0
bitmap_prefilter,verified=true,0.5,0.7514,50,45,0.1208,41.203,41.3237,145583,50,1.0
bitmap_prefilter,verified=true,0.5,0.7514,50,46,0.12,41.1308,41.2508,145583,50,1.0
bitmap_prefilter,verified=true,0.5,0.7514,50,47,0.1192,41.0853,41.2045,145583,50,0.0
bitmap_prefilter,verified=true,0.5,0.7514,50,48,0.1207,40.8522,40.9728,145583,50,1.0
bitmap_prefilter,verified=true,0.5,0.7514,50,49,0.1207,40.934,41.0547,145583,50,1.0
brute_force,overall>=4.0,0.55,0.7886,10,0,0.0173,24.8728,24.8901,10,10,1.0
brute_force,overall>=4.0,0.55,0.7886,10,1,0.0286,24.674,24.7026,10,10,1.0
brute_force,overall>=4.0,0.55,0.7886,10,2,0.0214,24.7574,24.7788,10,10,1.0
brute_force,overall>=4.0,0.55,0.7886,10,3,0.0185,24.6751,24.6937,10,10,1.0
brute_force,overall>=4.0,0.55,0.7886,10,4,0.0252,24.7413,24.7665,10,10,1.0
brute_force,overall>=4.0,0.55,0.7886,10,5,0.0267,24.7031,24.7298,10,10,1.0
brute_force,overall>=4.0,0.55,0.7886,10,6,0.0199,24.8962,24.9162,10,10,1.0
brute_force,overall>=4.0,0.55,0.7886,10,7,0.0576,24.9072,24.9649,10,10,1.0
brute_force,overall>=4.0,0.55,0.7886,10,8,0.024,24.731,24.755,10,10,1.0
brute_force,overall>=4.0,0.55,0.7886,10,9,0.0235,24.8822,24.9057,10,10,1.0
brute_force,overall>=4.0,0.55,0.7886,10,10,0.0224,24.9471,24.9695,10,10,1.0
brute_force,overall>=4.0,0.55,0.7886,10,11,0.0207,24.8072,24.828,10,10,1.0
brute_force,overall>=4.0,0.55,0.7886,10,12,0.0172,24.8465,24.8636,10,10,1.0
brute_force,overall>=4.0,0.55,0.7886,10,13,0.017,24.6108,24.6279,10,10,1.0
brute_force,overall>=4.0,0.55,0.7886,10,14,0.0211,24.6929,24.714,10,10,1.0
brute_force,overall>=4.0,0.55,0.7886,10,15,0.0163,24.6916,24.7079,10,10,1.0
brute_force,overall>=4.0,0.55,0.7886,10,16,0.0175,25.0272,25.0447,10,10,1.0
brute_force,overall>=4.0,0.55,0.7886,10,17,0.0248,25.2936,25.3185,10,10,1.0
brute_force,overall>=4.0,0.55,0.7886,10,18,0.0397,25.0173,25.0569,10,10,1.0
brute_force,overall>=4.0,0.55,0.7886,10,19,0.0176,24.9128,24.9305,10,10,1.0
brute_force,overall>=4.0,0.55,0.7886,10,20,0.019,25.0912,25.1103,10,10,1.0
brute_force,overall>=4.0,0.55,0.7886,10,21,0.0155,24.9935,25.009,10,10,1.0
brute_force,overall>=4.0,0.55,0.7886,10,22,0.0194,25.5305,25.5499,10,10,1.0
brute_force,overall>=4.0,0.55,0.7886,10,23,0.0185,25.2337,25.2521,10,10,1.0
brute_force,overall>=4.0,0.55,0.7886,10,24,0.0187,25.0327,25.0514,10,10,1.0
brute_force,overall>=4.0,0.55,0.7886,10,25,0.0163,24.9145,24.9308,10,10,1.0
brute_force,overall>=4.0,0.55,0.7886,10,26,0.0184,24.9138,24.9322,10,10,1.0
brute_force,overall>=4.0,0.55,0.7886,10,27,0.0248,24.9716,24.9964,10,10,1.0
brute_force,overall>=4.0,0.55,0.7886,10,28,0.02,25.4406,25.4607,10,10,1.0
brute_force,overall>=4.0,0.55,0.7886,10,29,0.0213,25.0902,25.1115,10,10,1.0
brute_force,overall>=4.0,0.55,0.7886,10,30,0.0174,24.9107,24.9281,10,10,1.0
brute_force,overall>=4.0,0.55,0.7886,10,31,0.0153,24.8627,24.878,10,10,1.0
brute_force,overall>=4.0,0.55,0.7886,10,32,0.0878,25.1524,25.2402,10,10,1.0
brute_force,overall>=4.0,0.55,0.7886,10,33,0.0158,24.9521,24.9678,10,10,1.0
brute_force,overall>=4.0,0.55,0.7886,10,34,0.017,24.8679,24.885,10,10,1.0
brute_force,overall>=4.0,0.55,0.7886,10,35,0.0258,24.8303,24.8561,10,10,1.0
brute_force,overall>=4.0,0.55,0.7886,10,36,0.028,24.9701,24.9982,10,10,1.0
brute_force,overall>=4.0,0.55,0.7886,10,37,0.0169,24.8992,24.916,10,10,1.0
brute_force,overall>=4.0,0.55,0.7886,10,38,0.0264,24.8332,24.8596,10,10,1.0
brute_force,overall>=4.0,0.55,0.7886,10,39,0.0177,24.9048,24.9225,10,10,1.0
brute_force,overall>=4.0,0.55,0.7886,10,40,0.0249,24.9247,24.9497,10,10,1.0
brute_force,overall>=4.0,0.55,0.7886,10,41,0.1078,24.7801,24.888,10,10,1.0
brute_force,overall>=4.0,0.55,0.7886,10,42,0.0235,24.7758,24.7992,10,10,1.0
brute_force,overall>=4.0,0.55,0.7886,10,43,0.0175,24.9148,24.9323,10,10,1.0
brute_force,overall>=4.0,0.55,0.7886,10,44,0.2467,24.9802,25.2269,10,10,1.0
brute_force,overall>=4.0,0.55,0.7886,10,45,0.0174,24.9628,24.9803,10,10,1.0
brute_force,overall>=4.0,0.55,0.7886,10,46,0.0175,24.9323,24.9499,10,10,1.0
brute_force,overall>=4.0,0.55,0.7886,10,47,0.0155,24.8742,24.8897,10,10,1.0
brute_force,overall>=4.0,0.55,0.7886,10,48,0.0173,25.0472,25.0645,10,10,1.0
brute_force,overall>=4.0,0.55,0.7886,10,49,0.0174,24.8957,24.9131,10,10,1.0
naive_prefilter,overall>=4.0,0.55,0.7886,10,0,17.1539,46.0553,63.2092,152800,10,1.0
naive_prefilter,overall>=4.0,0.55,0.7886,10,1,17.3264,45.4233,62.7497,152800,10,1.0
naive_prefilter,overall>=4.0,0.55,0.7886,10,2,17.4108,45.554,62.9649,152800,10,1.0
naive_prefilter,overall>=4.0,0.55,0.7886,10,3,17.1293,45.7353,62.8647,152800,10,1.0
naive_prefilter,overall>=4.0,0.55,0.7886,10,4,16.9735,45.4083,62.3818,152800,10,1.0
naive_prefilter,overall>=4.0,0.55,0.7886,10,5,17.1519,45.479,62.631,152800,10,1.0
naive_prefilter,overall>=4.0,0.55,0.7886,10,6,17.055,45.1715,62.2265,152800,10,1.0
naive_prefilter,overall>=4.0,0.55,0.7886,10,7,17.0757,45.9029,62.9785,152800,10,1.0
naive_prefilter,overall>=4.0,0.55,0.7886,10,8,17.8663,45.4537,63.32,152800,10,1.0
naive_prefilter,overall>=4.0,0.55,0.7886,10,9,18.1672,45.7662,63.9334,152800,10,1.0
naive_prefilter,overall>=4.0,0.55,0.7886,10,10,17.73,45.508,63.238,152800,10,1.0
naive_prefilter,overall>=4.0,0.55,0.7886,10,11,17.7138,45.9975,63.7113,152800,10,1.0
naive_prefilter,overall>=4.0,0.55,0.7886,10,12,17.6783,45.3236,63.0019,152800,10,1.0
naive_prefilter,overall>=4.0,0.55,0.7886,10,13,17.88,45.4318,63.3118,152800,10,1.0
naive_prefilter,overall>=4.0,0.55,0.7886,10,14,17.7146,45.4092,63.1238,152800,10,1.0
naive_prefilter,overall>=4.0,0.55,0.7886,10,15,17.7656,45.5691,63.3347,152800,10,1.0
naive_prefilter,overall>=4.0,0.55,0.7886,10,16,17.5988,45.2668,62.8655,152800,10,1.0
naive_prefilter,overall>=4.0,0.55,0.7886,10,17,17.7364,45.4077,63.1442,152800,10,1.0
naive_prefilter,overall>=4.0,0.55,0.7886,10,18,17.9075,46.7564,64.6639,152800,10,1.0
naive_prefilter,overall>=4.0,0.55,0.7886,10,19,17.9025,45.6268,63.5292,152800,10,1.0
naive_prefilter,overall>=4.0,0.55,0.7886,10,20,17.7078,45.2562,62.964,152800,10,1.0
naive_prefilter,overall>=4.0,0.55,0.7886,10,21,17.7178,45.0748,62.7926,152800,10,1.0
naive_prefilter,overall>=4.0,0.55,0.7886,10,22,17.6256,45.9398,63.5654,152800,10,1.0
naive_prefilter,overall>=4.0,0.55,0.7886,10,23,17.4473,45.6252,63.0725,152800,10,1.0
naive_prefilter,overall>=4.0,0.55,0.7886,10,24,17.5161,45.111,62.6271,152800,10,1.0
naive_prefilter,overall>=4.0,0.55,0.7886,10,25,17.2164,45.0434,62.2598,152800,10,1.0
naive_prefilter,overall>=4.0,0.55,0.7886,10,26,17.0209,45.5469,62.5678,152800,10,1.0
naive_prefilter,overall>=4.0,0.55,0.7886,10,27,17.7853,45.4285,63.2138,152800,10,1.0
naive_prefilter,overall>=4.0,0.55,0.7886,10,28,17.6199,45.5378,63.1577,152800,10,1.0
naive_prefilter,overall>=4.0,0.55,0.7886,10,29,17.9012,45.0342,62.9354,152800,10,1.0
naive_prefilter,overall>=4.0,0.55,0.7886,10,30,17.6221,45.2179,62.84,152800,10,1.0
naive_prefilter,overall>=4.0,0.55,0.7886,10,31,17.4745,45.0911,62.5656,152800,10,1.0
naive_prefilter,overall>=4.0,0.55,0.7886,10,32,17.7335,45.2294,62.9629,152800,10,1.0
naive_prefilter,overall>=4.0,0.55,0.7886,10,33,17.569,45.6514,63.2203,152800,10,1.0
naive_prefilter,overall>=4.0,0.55,0.7886,10,34,17.6265,45.3465,62.973,152800,10,1.0
naive_prefilter,overall>=4.0,0.55,0.7886,10,35,17.4303,45.2967,62.727,152800,10,1.0
naive_prefilter,overall>=4.0,0.55,0.7886,10,36,17.5092,45.2373,62.7464,152800,10,1.0
naive_prefilter,overall>=4.0,0.55,0.7886,10,37,17.4103,45.8297,63.24,152800,10,1.0
naive_prefilter,overall>=4.0,0.55,0.7886,10,38,17.7937,46.9083,64.7019,152800,10,1.0
naive_prefilter,overall>=4.0,0.55,0.7886,10,39,17.8136,46.6863,64.4999,152800,10,1.0
naive_prefilter,overall>=4.0,0.55,0.7886,10,40,17.9818,46.244,64.2258,152800,10,1.0
naive_prefilter,overall>=4.0,0.55,0.7886,10,41,17.6244,46.811,64.4354,152800,10,1.0
naive_prefilter,overall>=4.0,0.55,0.7886,10,42,17.6561,45.3064,62.9625,152800,10,1.0
naive_prefilter,overall>=4.0,0.55,0.7886,10,43,17.1108,45.3378,62.4486,152800,10,1.0
naive_prefilter,overall>=4.0,0.55,0.7886,10,44,16.8324,45.5303,62.3627,152800,10,1.0
naive_prefilter,overall>=4.0,0.55,0.7886,10,45,17.3365,46.2566,63.5932,152800,10,1.0
naive_prefilter,overall>=4.0,0.55,0.7886,10,46,17.3422,45.3891,62.7314,152800,10,1.0
naive_prefilter,overall>=4.0,0.55,0.7886,10,47,17.4375,45.1723,62.6098,152800,10,0.0
naive_prefilter,overall>=4.0,0.55,0.7886,10,48,17.3617,45.1739,62.5356,152800,10,1.0
naive_prefilter,overall>=4.0,0.55,0.7886,10,49,17.4502,45.86,63.3102,152800,10,1.0
post_filter,overall>=4.0,0.55,0.7886,10,0,0.0062,0.3551,0.3613,10,10,1.0
post_filter,overall>=4.0,0.55,0.7886,10,1,0.0149,0.8843,0.8992,10,10,1.0
post_filter,overall>=4.0,0.55,0.7886,10,2,0.0138,0.6688,0.6826,10,10,0.9
post_filter,overall>=4.0,0.55,0.7886,10,3,0.0127,0.6863,0.699,10,10,1.0
post_filter,overall>=4.0,0.55,0.7886,10,4,0.019,0.7703,0.7893,10,10,1.0
post_filter,overall>=4.0,0.55,0.7886,10,5,0.0179,0.6456,0.6635,10,10,1.0
post_filter,overall>=4.0,0.55,0.7886,10,6,0.0197,0.901,0.9207,10,10,1.0
post_filter,overall>=4.0,0.55,0.7886,10,7,0.0535,0.6072,0.6607,10,10,1.0
post_filter,overall>=4.0,0.55,0.7886,10,8,0.0183,0.8737,0.892,10,10,1.0
post_filter,overall>=4.0,0.55,0.7886,10,9,0.0105,0.8773,0.8878,10,10,1.0
post_filter,overall>=4.0,0.55,0.7886,10,10,0.0143,0.8047,0.8189,10,10,1.0
post_filter,overall>=4.0,0.55,0.7886,10,11,0.0134,0.7855,0.7989,10,10,1.0
post_filter,overall>=4.0,0.55,0.7886,10,12,0.0123,0.6615,0.6739,10,10,1.0
post_filter,overall>=4.0,0.55,0.7886,10,13,0.0143,0.7033,0.7176,10,10,1.0
post_filter,overall>=4.0,0.55,0.7886,10,14,0.0182,0.5205,0.5387,10,10,1.0
post_filter,overall>=4.0,0.55,0.7886,10,15,0.0114,0.4525,0.4639,10,10,1.0
post_filter,overall>=4.0,0.55,0.7886,10,16,0.0123,0.8185,0.8308,10,10,1.0
post_filter,overall>=4.0,0.55,0.7886,10,17,0.0135,0.6263,0.6398,10,10,1.0
post_filter,overall>=4.0,0.55,0.7886,10,18,0.03,0.7422,0.7722,10,10,1.0
post_filter,overall>=4.0,0.55,0.7886,10,19,0.013,0.7906,0.8036,10,10,1.0
post_filter,overall>=4.0,0.55,0.7886,10,20,0.0125,0.5715,0.584,10,10,1.0
post_filter,overall>=4.0,0.55,0.7886,10,21,0.0113,0.5889,0.6002,10,10,1.0
post_filter,overall>=4.0,0.55,0.7886,10,22,0.0139,0.6461,0.66,10,10,1.0
post_filter,overall>=4.0,0.55,0.7886,10,23,0.0129,0.6084,0.6213,10,10,1.0
post_filter,overall>=4.0,0.55,0.7886,10,24,0.0141,0.8395,0.8536,10,10,1.0
post_filter,overall>=4.0,0.55,0.7886,10,25,0.0123,0.2615,0.2738,10,10,0.5
post_filter,overall>=4.0,0.55,0.7886,10,26,0.0132,0.7623,0.7755,10,10,1.0
post_filter,overall>=4.0,0.55,0.7886,10,27,0.0194,0.7306,0.75,10,10,1.0
post_filter,overall>=4.0,0.55,0.7886,10,28,0.0158,0.7828,0.7985,10,10,1.0
post_filter,overall>=4.0,0.55,0.7886,10,29,0.0179,0.5153,0.5332,10,10,1.0
post_filter,overall>=4.0,0.55,0.7886,10,30,0.0103,0.404,0.4143,10,10,0.0
post_filter,overall>=4.0,0.55,0.7886,10,31,0.0118,0.8128,0.8245,10,10,1.0
post_filter,overall>=4.0,0.55,0.7886,10,32,0.0861,0.6249,0.711,10,10,1.0
post_filter,overall>=4.0,0.55,0.7886,10,33,0.0125,0.4875,0.5,10,10,1.0
post_filter,overall>=4.0,0.55,0.7886,10,34,0.0148,0.8042,0.819,10,10,1.0
post_filter,overall>=4.0,0.55,0.7886,10,35,0.0267,0.9202,0.9469,10,10,1.0
post_filter,overall>=4.0,0.55,0.7886,10,36,0.0241,0.7101,0.7342,10,10,1.0
post_filter,overall>=4.0,0.55,0.7886,10,37,0.0146,0.718,0.7326,10,10,1.0
post_filter,overall>=4.0,0.55,0.7886,10,38,0.0216,1.1978,1.2194,10,10,1.0
post_filter,overall>=4.0,0.55,0.7886,10,39,0.015,0.5069,0.5219,10,10,1.0
post_filter,overall>=4.0,0.55,0.7886,10,40,0.0308,1.0982,1.129,10,10,1.0
post_filter,overall>=4.0,0.55,0.7886,10,41,0.1059,0.5735,0.6794,10,10,1.0
post_filter,overall>=4.0,0.55,0.7886,10,42,0.018,0.811,0.8291,10,10,1.0
post_filter,overall>=4.0,0.55,0.7886,10,43,0.0151,0.4141,0.4292,10,10,0.6
post_filter,overall>=4.0,0.55,0.7886,10,44,0.2158,0.6033,0.8191,10,10,0.9
post_filter,overall>=4.0,0.55,0.7886,10,45,0.0129,0.8562,0.8691,10,10,1.0
post_filter,overall>=4.0,0.55,0.7886,10,46,0.013,0.7117,0.7246,10,10,1.0
post_filter,overall>=4.0,0.55,0.7886,10,47,0.0135,0.2488,0.2622,10,10,0.0
post_filter,overall>=4.0,0.55,0.7886,10,48,0.014,0.8804,0.8944,10,10,1.0
post_filter,overall>=4.0,0.55,0.7886,10,49,0.0124,0.4315,0.4439,10,10,0.9
bitmap_prefilter,overall>=4.0,0.55,0.7886,10,0,0.135,42.9592,43.0942,152800,10,1.0
bitmap_prefilter,overall>=4.0,0.55,0.7886,10,1,0.1496,43.564,43.7136,152800,10,1.0
bitmap_prefilter,overall>=4.0,0.55,0.7886,10,2,0.1423,43.2743,43.4166,152800,10,1.0
bitmap_prefilter,overall>=4.0,0.55,0.7886,10,3,0.135,42.7142,42.8493,152800,10,1.0
bitmap_prefilter,overall>=4.0,0.55,0.7886,10,4,0.1332,42.7829,42.9161,152800,10,1.0
bitmap_prefilter,overall>=4.0,0.55,0.7886,10,5,0.1318,42.9576,43.0895,152800,10,1.0
bitmap_prefilter,overall>=4.0,0.55,0.7886,10,6,0.1346,45.0056,45.1403,152800,10,1.0
bitmap_prefilter,overall>=4.0,0.55,0.7886,10,7,0.1397,42.7086,42.8483,152800,10,1.0
bitmap_prefilter,overall>=4.0,0.55,0.7886,10,8,0.1353,42.8291,42.9644,152800,10,1.0
bitmap_prefilter,overall>=4.0,0.55,0.7886,10,9,0.1343,43.0366,43.1709,152800,10,1.0
bitmap_prefilter,overall>=4.0,0.55,0.7886,10,10,0.1348,42.9215,43.0563,152800,10,1.0
bitmap_prefilter,overall>=4.0,0.55,0.7886,10,11,0.1308,42.9532,43.084,152800,10,1.0
bitmap_prefilter,overall>=4.0,0.55,0.7886,10,12,0.1302,43.0539,43.1841,152800,10,1.0
bitmap_prefilter,overall>=4.0,0.55,0.7886,10,13,0.1302,42.8033,42.9335,152800,10,1.0
bitmap_prefilter,overall>=4.0,0.55,0.7886,10,14,0.1317,42.8993,43.031,152800,10,1.0
bitmap_prefilter,overall>=4.0,0.55,0.7886,10,15,0.1317,42.6129,42.7446,152800,10,1.0
bitmap_prefilter,overall>=4.0,0.55,0.7886,10,16,0.1296,42.9027,43.0323,152800,10,1.0
bitmap_prefilter,overall>=4.0,0.55,0.7886,10,17,0.13,42.6636,42.7936,152800,10,1.0
bitmap_prefilter,overall>=4.0,0.55,0.7886,10,18,0.1296,43.101,43.2306,152800,10,1.0
bitmap_prefilter,overall>=4.0,0.55,0.7886,10,19,0.1293,42.6204,42.7498,152800,10,1.0
bitmap_prefilter,overall>=4.0,0.55,0.7886,10,20,0.1289,43.0313,43.1602,152800,10,1.0
bitmap_prefilter,overall>=4.0,0.55,0.7886,10,21,0.1313,42.6005,42.7317,152800,10,1.0
bitmap_prefilter,overall>=4.0,0.55,0.7886,10,22,0.1302,42.7448,42.8749,152800,10,1.0
bitmap_prefilter,overall>=4.0,0.55,0.7886,10,23,0.1307,43.3432,43.4739,152800,10,1.0
bitmap_prefilter,overall>=4.0,0.55,0.7886,10,24,0.129,42.5077,42.6367,152800,10,1.0
bitmap_prefilter,overall>=4.0,0.55,0.7886,10,25,0.1287,43.0816,43.2103,152800,10,1.0
bitmap_prefilter,overall>=4.0,0.55,0.7886,10,26,0.142,42.5893,42.7313,152800,10,1.0
bitmap_prefilter,overall>=4.0,0.55,0.7886,10,27,0.1373,42.6875,42.8249,152800,10,1.0
bitmap_prefilter,overall>=4.0,0.55,0.7886,10,28,0.1367,42.7964,42.933,152800,10,1.0
bitmap_prefilter,overall>=4.0,0.55,0.7886,10,29,0.1331,43.2048,43.3379,152800,10,1.0
bitmap_prefilter,overall>=4.0,0.55,0.7886,10,30,0.1317,42.6926,42.8244,152800,10,1.0
bitmap_prefilter,overall>=4.0,0.55,0.7886,10,31,0.1323,42.5483,42.6806,152800,10,1.0
bitmap_prefilter,overall>=4.0,0.55,0.7886,10,32,0.1366,42.6838,42.8204,152800,10,1.0
bitmap_prefilter,overall>=4.0,0.55,0.7886,10,33,0.1314,42.5337,42.6651,152800,10,1.0
bitmap_prefilter,overall>=4.0,0.55,0.7886,10,34,0.1327,42.9907,43.1234,152800,10,1.0
bitmap_prefilter,overall>=4.0,0.55,0.7886,10,35,0.1313,42.9428,43.0741,152800,10,1.0
bitmap_prefilter,overall>=4.0,0.55,0.7886,10,36,0.131,44.7072,44.8382,152800,10,1.0
bitmap_prefilter,overall>=4.0,0.55,0.7886,10,37,0.1322,44.7887,44.9209,152800,10,1.0
bitmap_prefilter,overall>=4.0,0.55,0.7886,10,38,0.1386,43.6313,43.7699,152800,10,1.0
bitmap_prefilter,overall>=4.0,0.55,0.7886,10,39,0.1295,92.261,92.3905,152800,10,1.0
bitmap_prefilter,overall>=4.0,0.55,0.7886,10,40,0.1538,45.6598,45.8136,152800,10,1.0
bitmap_prefilter,overall>=4.0,0.55,0.7886,10,41,0.1427,44.9393,45.082,152800,10,1.0
bitmap_prefilter,overall>=4.0,0.55,0.7886,10,42,0.1502,44.1153,44.2655,152800,10,1.0
bitmap_prefilter,overall>=4.0,0.55,0.7886,10,43,0.1422,44.4463,44.5885,152800,10,1.0
bitmap_prefilter,overall>=4.0,0.55,0.7886,10,44,0.1421,44.4732,44.6153,152800,10,1.0
bitmap_prefilter,overall>=4.0,0.55,0.7886,10,45,0.1444,43.821,43.9654,152800,10,1.0
bitmap_prefilter,overall>=4.0,0.55,0.7886,10,46,0.1434,43.6499,43.7933,152800,10,1.0
bitmap_prefilter,overall>=4.0,0.55,0.7886,10,47,0.1458,42.7828,42.9286,152800,10,0.0
bitmap_prefilter,overall>=4.0,0.55,0.7886,10,48,0.1415,42.6999,42.8414,152800,10,1.0
bitmap_prefilter,overall>=4.0,0.55,0.7886,10,49,0.1355,50.8977,51.0332,152800,10,1.0
brute_force,overall>=4.0,0.55,0.7886,50,0,0.0736,25.8485,25.9221,50,50,1.0
brute_force,overall>=4.0,0.55,0.7886,50,1,0.0869,26.7505,26.8375,50,50,1.0
brute_force,overall>=4.0,0.55,0.7886,50,2,0.0848,26.931,27.0158,50,50,1.0
brute_force,overall>=4.0,0.55,0.7886,50,3,0.0793,26.7458,26.8251,50,50,1.0
brute_force,overall>=4.0,0.55,0.7886,50,4,0.1176,26.4339,26.5515,50,50,1.0
brute_force,overall>=4.0,0.55,0.7886,50,5,0.1035,26.5117,26.6152,50,50,1.0
brute_force,overall>=4.0,0.55,0.7886,50,6,0.109,26.8197,26.9287,50,50,1.0
brute_force,overall>=4.0,0.55,0.7886,50,7,0.2044,27.3243,27.5287,50,50,1.0
brute_force,overall>=4.0,0.55,0.7886,50,8,0.1049,26.9115,27.0164,50,50,0.96
brute_force,overall>=4.0,0.55,0.7886,50,9,0.0805,26.5484,26.6289,50,50,1.0
brute_force,overall>=4.0,0.55,0.7886,50,10,0.0972,25.9717,26.069,50,50,1.0
brute_force,overall>=4.0,0.55,0.7886,50,11,0.0986,26.1643,26.2629,50,50,1.0
brute_force,overall>=4.0,0.55,0.7886,50,12,0.0762,26.8947,26.9709,50,50,1.0
brute_force,overall>=4.0,0.55,0.7886,50,13,0.0763,26.5665,26.6428,50,50,1.0
brute_force,overall>=4.0,0.55,0.7886,50,14,0.1149,26.1238,26.2387,50,50,1.0
brute_force,overall>=4.0,0.55,0.7886,50,15,0.0649,26.2365,26.3013,50,50,1.0
brute_force,overall>=4.0,0.55,0.7886,50,16,0.0838,25.9713,26.0551,50,50,1.0
brute_force,overall>=4.0,0.55,0.7886,50,17,0.073,26.9968,27.0698,50,50,1.0
brute_force,overall>=4.0,0.55,0.7886,50,18,0.1612,26.1835,26.3447,50,50,1.0
brute_force,overall>=4.0,0.55,0.7886,50,19,0.0847,26.8247,26.9093,50,50,1.0
brute_force,overall>=4.0,0.55,0.7886,50,20,0.0802,26.9818,27.062,50,50,1.0
brute_force,overall>=4.0,0.55,0.7886,50,21,0.0682,26.451,26.5191,50,50,0.98
brute_force,overall>=4.0,0.55,0.7886,50,22,0.0906,26.4374,26.528,50,50,1.0
brute_force,overall>=4.0,0.55,0.7886,50,23,0.0819,27.0535,27.1354,50,50,1.0
brute_force,overall>=4.0,0.55,0.7886,50,24,0.0863,26.5873,26.6735,50,50,1.0
brute_force,overall>=4.0,0.55,0.7886,50,25,0.0758,27.0895,27.1653,50,50,1.0
brute_force,overall>=4.0,0.55,0.7886,50,26,0.0863,26.9072,26.9935,50,50,1.0
brute_force,overall>=4.0,0.55,0.7886,50,27,0.1076,26.9482,27.0558,50,50,1.0
brute_force,overall>=4.0,0.55,0.7886,50,28,0.1055,25.4272,25.5326,50,50,1.0
brute_force,overall>=4.0,0.55,0.7886,50,29,0.0774,25.4914,25.5688,50,50,1.0
brute_force,overall>=4.0,0.55,0.7886,50,30,0.0728,25.3833,25.4561,50,50,1.0
brute_force,overall>=4.0,0.55,0.7886,50,31,0.0633,25.2243,25.2876,50,50,1.0
brute_force,overall>=4.0,0.55,0.7886,50,32,0.2861,25.438,25.7241,50,50,1.0
brute_force,overall>=4.0,0.55,0.7886,50,33,0.0598,25.1832,25.243,50,50,1.0
brute_force,overall>=4.0,0.55,0.7886,50,34,0.0695,25.277,25.3465,50,50,1.0
brute_force,overall>=4.0,0.55,0.7886,50,35,0.1338,25.2501,25.3839,50,50,1.0
brute_force,overall>=4.0,0.55,0.7886,50,36,0.098,25.5428,25.6408,50,50,1.0
brute_force,overall>=4.0,0.55,0.7886,50,37,0.0634,24.9377,25.0011,50,50,1.0
brute_force,overall>=4.0,0.55,0.7886,50,38,0.0955,25.1473,25.2428,50,50,1.0
brute_force,overall>=4.0,0.55,0.7886,50,39,0.0677,24.9372,25.0049,50,50,1.0
brute_force,overall>=4.0,0.55,0.7886,50,40,0.0861,25.0456,25.1317,50,50,1.0
brute_force,overall>=4.0,0.55,0.7886,50,41,0.4187,24.927,25.3457,50,50,1.0
brute_force,overall>=4.0,0.55,0.7886,50,42,0.0836,24.9338,25.0174,50,50,1.0
brute_force,overall>=4.0,0.55,0.7886,50,43,0.0777,24.9482,25.0259,50,50,1.0
brute_force,overall>=4.0,0.55,0.7886,50,44,0.6912,25.1715,25.8627,50,50,1.0
brute_force,overall>=4.0,0.55,0.7886,50,45,0.0711,24.683,24.7541,50,50,1.0
brute_force,overall>=4.0,0.55,0.7886,50,46,0.0706,24.9225,24.9931,50,50,1.0
brute_force,overall>=4.0,0.55,0.7886,50,47,0.0681,24.7333,24.8015,50,50,1.0
brute_force,overall>=4.0,0.55,0.7886,50,48,0.069,25.2369,25.3059,50,50,1.0
brute_force,overall>=4.0,0.55,0.7886,50,49,0.0769,24.6417,24.7186,50,50,1.0
naive_prefilter,overall>=4.0,0.55,0.7886,50,0,18.1377,46.7105,64.8482,152800,50,1.0
naive_prefilter,overall>=4.0,0.55,0.7886,50,1,18.1843,45.3628,63.547,152800,50,1.0
naive_prefilter,overall>=4.0,0.55,0.7886,50,2,17.9262,45.9886,63.9148,152800,50,1.0
naive_prefilter,overall>=4.0,0.55,0.7886,50,3,17.3715,45.556,62.9275,152800,50,1.0
naive_prefilter,overall>=4.0,0.55,0.7886,50,4,18.0926,45.5679,63.6605,152800,50,1.0
naive_prefilter,overall>=4.0,0.55,0.7886,50,5,17.8052,45.3661,63.1713,152800,50,1.0
naive_prefilter,overall>=4.0,0.55,0.7886,50,6,17.7652,45.2172,62.9824,152800,50,1.0
naive_prefilter,overall>=4.0,0.55,0.7886,50,7,17.5894,45.4661,63.0555,152800,50,1.0
naive_prefilter,overall>=4.0,0.55,0.7886,50,8,17.5888,45.4972,63.086,152800,50,0.96
naive_prefilter,overall>=4.0,0.55,0.7886,50,9,17.7963,45.2433,63.0396,152800,50,1.0
naive_prefilter,overall>=4.0,0.55,0.7886,50,10,17.2924,45.3686,62.661,152800,50,1.0
naive_prefilter,overall>=4.0,0.55,0.7886,50,11,17.514,45.1752,62.6891,152800,50,1.0
naive_prefilter,overall>=4.0,0.55,0.7886,50,12,18.0516,45.4899,63.5415,152800,50,1.0
naive_prefilter,overall>=4.0,0.55,0.7886,50,13,17.4026,45.3671,62.7698,152800,50,1.0
naive_prefilter,overall>=4.0,0.55,0.7886,50,14,17.4273,45.6284,63.0556,152800,50,1.0
naive_prefilter,overall>=4.0,0.55,0.7886,50,15,17.4745,45.2779,62.7524,152800,50,1.0
naive_prefilter,overall>=4.0,0.55,0.7886,50,16,17.5463,45.712,63.2583,152800,50,1.0
naive_prefilter,overall>=4.0,0.55,0.7886,50,17,18.1703,45.4036,63.5739,152800,50,1.0
naive_prefilter,overall>=4.0,0.55,0.7886,50,18,17.6184,45.557,63.1754,152800,50,1.0
naive_prefilter,overall>=4.0,0.55,0.7886,50,19,17.8801,45.5784,63.4585,152800,50,1.0
naive_prefilter,overall>=4.0,0.55,0.7886,50,20,17.7532,45.2972,63.0503,152800,50,1.0
naive_prefilter,overall>=4.0,0.55,0.7886,50,21,17.5435,46.1777,63.7212,152800,50,0.98
naive_prefilter,overall>=4.0,0.55,0.7886,50,22,17.4221,45.1601,62.5822,152800,50,1.0
naive_prefilter,overall>=4.0,0.55,0.7886,50,23,17.2074,45.1625,62.3699,152800,50,1.0
naive_prefilter,overall>=4.0,0.55,0.7886,50,24,17.3424,45.1468,62.4892,152800,50,1.0
naive_prefilter,overall>=4.0,0.55,0.7886,50,25,17.3867,45.3107,62.6973,152800,50,1.0
naive_prefilter,overall>=4.0,0.55,0.7886,50,26,17.5605,45.0665,62.627,152800,50,1.0
naive_prefilter,overall>=4.0,0.55,0.7886,50,27,17.4118,45.2985,62.7102,152800,50,1.0
naive_prefilter,overall>=4.0,0.55,0.7886,50,28,17.999,45.145,63.144,152800,50,1.0
naive_prefilter,overall>=4.0,0.55,0.7886,50,29,17.4235,46.4675,63.891,152800,50,1.0
naive_prefilter,overall>=4.0,0.55,0.7886,50,30,17.2545,45.4259,62.6803,152800,50,1.0
naive_prefilter,overall>=4.0,0.55,0.7886,50,31,17.1087,45.7261,62.8347,152800,50,1.0
naive_prefilter,overall>=4.0,0.55,0.7886,50,32,17.2342,45.5725,62.8067,152800,50,1.0
naive_prefilter,overall>=4.0,0.55,0.7886,50,33,17.6646,45.325,62.9895,152800,50,1.0
naive_prefilter,overall>=4.0,0.55,0.7886,50,34,17.2546,45.055,62.3096,152800,50,1.0
naive_prefilter,overall>=4.0,0.55,0.7886,50,35,16.9481,45.3322,62.2803,152800,50,1.0
naive_prefilter,overall>=4.0,0.55,0.7886,50,36,18.3579,45.3379,63.6958,152800,50,1.0
naive_prefilter,overall>=4.0,0.55,0.7886,50,37,17.8913,45.327,63.2183,152800,50,1.0
naive_prefilter,overall>=4.0,0.55,0.7886,50,38,17.352,45.0417,62.3937,152800,50,1.0
naive_prefilter,overall>=4.0,0.55,0.7886,50,39,17.5643,45.062,62.6263,152800,50,1.0
naive_prefilter,overall>=4.0,0.55,0.7886,50,40,17.4536,46.2394,63.693,152800,50,1.0
naive_prefilter,overall>=4.0,0.55,0.7886,50,41,17.9068,45.318,63.2247,152800,50,1.0
naive_prefilter,overall>=4.0,0.55,0.7886,50,42,17.591,45.2291,62.8201,152800,50,1.0
naive_prefilter,overall>=4.0,0.55,0.7886,50,43,17.4686,45.213,62.6816,152800,50,1.0
naive_prefilter,overall>=4.0,0.55,0.7886,50,44,17.2451,45.0128,62.2579,152800,50,1.0
naive_prefilter,overall>=4.0,0.55,0.7886,50,45,17.9082,45.2813,63.1896,152800,50,1.0
naive_prefilter,overall>=4.0,0.55,0.7886,50,46,17.5983,45.2962,62.8945,152800,50,1.0
naive_prefilter,overall>=4.0,0.55,0.7886,50,47,17.3809,45.1972,62.5781,152800,50,0.0
naive_prefilter,overall>=4.0,0.55,0.7886,50,48,17.6531,45.3833,63.0363,152800,50,1.0
naive_prefilter,overall>=4.0,0.55,0.7886,50,49,17.9487,45.1855,63.1342,152800,50,1.0
post_filter,overall>=4.0,0.55,0.7886,50,0,0.0212,0.4881,0.5093,50,50,1.0
post_filter,overall>=4.0,0.55,0.7886,50,1,0.0609,1.469,1.53,50,50,1.0
post_filter,overall>=4.0,0.55,0.7886,50,2,0.0688,1.2178,1.2865,50,50,0.98
post_filter,overall>=4.0,0.55,0.7886,50,3,0.0595,1.2855,1.3451,50,50,1.0
post_filter,overall>=4.0,0.55,0.7886,50,4,0.3542,5.232,5.5862,50,50,0.96
post_filter,overall>=4.0,0.55,0.7886,50,5,0.6188,2.3317,2.9505,50,50,1.0
post_filter,overall>=4.0,0.55,0.7886,50,6,0.1565,6.2473,6.4038,50,50,1.0
post_filter,overall>=4.0,0.55,0.7886,50,7,0.6613,1.6503,2.3116,50,50,0.96
post_filter,overall>=4.0,0.55,0.7886,50,8,0.1669,3.2487,3.4156,50,50,0.96
post_filter,overall>=4.0,0.55,0.7886,50,9,0.0737,10.71,10.7836,50,50,1.0
post_filter,overall>=4.0,0.55,0.7886,50,10,0.0756,1.3082,1.3837,50,50,1.0
post_filter,overall>=4.0,0.55,0.7886,50,11,0.0744,1.1966,1.271,50,50,0.98
post_filter,overall>=4.0,0.55,0.7886,50,12,0.064,0.965,1.029,50,50,1.0
post_filter,overall>=4.0,0.55,0.7886,50,13,0.0625,1.0181,1.0806,50,50,1.0
post_filter,overall>=4.0,0.55,0.7886,50,14,0.1105,0.8195,0.93,50,50,1.0
post_filter,overall>=4.0,0.55,0.7886,50,15,0.1117,1.5262,1.6379,50,50,1.0
post_filter,overall>=4.0,0.55,0.7886,50,16,0.1316,3.523,3.6546,50,50,1.0
post_filter,overall>=4.0,0.55,0.7886,50,17,0.0806,1.2601,1.3407,50,50,0.98
post_filter,overall>=4.0,0.55,0.7886,50,18,0.1485,1.4945,1.6431,50,50,0.98
post_filter,overall>=4.0,0.55,0.7886,50,19,0.0607,1.1913,1.252,50,50,0.98
post_filter,overall>=4.0,0.55,0.7886,50,20,0.058,0.8037,0.8617,50,50,1.0
post_filter,overall>=4.0,0.55,0.7886,50,21,0.0744,0.8144,0.8888,50,50,0.98
post_filter,overall>=4.0,0.55,0.7886,50,22,0.063,0.9112,0.9741,50,50,0.98
post_filter,overall>=4.0,0.55,0.7886,50,23,0.058,0.8537,0.9116,50,50,1.0
post_filter,overall>=4.0,0.55,0.7886,50,24,0.0634,1.1575,1.221,50,50,1.0
post_filter,overall>=4.0,0.55,0.7886,50,25,0.0539,0.3676,0.4215,50,50,0.9
post_filter,overall>=4.0,0.55,0.7886,50,26,0.0522,1.0035,1.0558,50,50,1.0
post_filter,overall>=4.0,0.55,0.7886,50,27,0.0848,0.95,1.0347,50,50,1.0
post_filter,overall>=4.0,0.55,0.7886,50,28,0.0792,1.038,1.1172,50,50,0.98
post_filter,overall>=4.0,0.55,0.7886,50,29,0.0613,0.673,0.7343,50,50,0.98
post_filter,overall>=4.0,0.55,0.7886,50,30,0.0486,0.4767,0.5253,50,50,0.0
post_filter,overall>=4.0,0.55,0.7886,50,31,0.0524,1.0263,1.0787,50,50,1.0
post_filter,overall>=4.0,0.55,0.7886,50,32,0.2574,0.8879,1.1453,50,50,0.92
post_filter,overall>=4.0,0.55,0.7886,50,33,0.0608,0.59,0.6507,50,50,1.0
post_filter,overall>=4.0,0.55,0.7886,50,34,0.0585,0.988,1.0465,50,50,1.0
post_filter,overall>=4.0,0.55,0.7886,50,35,0.099,1.0086,1.1077,50,50,0.98
post_filter,overall>=4.0,0.55,0.7886,50,36,0.0804,0.8439,0.9243,50,50,0.96
post_filter,overall>=4.0,0.55,0.7886,50,37,0.0529,0.7482,0.8011,50,50,1.0
post_filter,overall>=4.0,0.55,0.7886,50,38,0.0804,1.2068,1.2872,50,50,0.94
post_filter,overall>=4.0,0.55,0.7886,50,39,0.0561,0.6072,0.6633,50,50,1.0
post_filter,overall>=4.0,0.55,0.7886,50,40,0.0755,1.2164,1.2919,50,50,0.98
post_filter,overall>=4.0,0.55,0.7886,50,41,0.3893,0.6432,1.0325,50,50,0.84
post_filter,overall>=4.0,0.55,0.7886,50,42,0.0711,0.9889,1.06,50,50,0.98
post_filter,overall>=4.0,0.55,0.7886,50,43,0.0558,0.5008,0.5565,50,50,0.88
post_filter,overall>=4.0,0.55,0.7886,50,44,0.5363,0.7471,1.2833,50,50,0.84
post_filter,overall>=4.0,0.55,0.7886,50,45,0.0538,1.0661,1.1198,50,50,0.98
post_filter,overall>=4.0,0.55,0.7886,50,46,0.0574,0.8824,0.9398,50,50,1.0
post_filter,overall>=4.0,0.55,0.7886,50,47,0.054,0.3095,0.3635,50,50,0.12
post_filter,overall>=4.0,0.55,0.7886,50,48,0.0543,1.0428,1.0971,50,50,1.0
post_filter,overall>=4.0,0.55,0.7886,50,49,0.0542,0.5076,0.5618,50,50,0.94
bitmap_prefilter,overall>=4.0,0.55,0.7886,50,0,0.144,42.8995,43.0435,152800,50,1.0
bitmap_prefilter,overall>=4.0,0.55,0.7886,50,1,0.1363,43.01,43.1463,152800,50,1.0
bitmap_prefilter,overall>=4.0,0.55,0.7886,50,2,0.1356,44.308,44.4436,152800,50,1.0
bitmap_prefilter,overall>=4.0,0.55,0.7886,50,3,0.1376,46.7521,46.8897,152800,50,1.0
bitmap_prefilter,overall>=4.0,0.55,0.7886,50,4,0.1426,43.0798,43.2224,152800,50,1.0
bitmap_prefilter,overall>=4.0,0.55,0.7886,50,5,0.1304,42.8135,42.9438,152800,50,1.0
bitmap_prefilter,overall>=4.0,0.55,0.7886,50,6,0.1418,43.1888,43.3306,152800,50,1.0
bitmap_prefilter,overall>=4.0,0.55,0.7886,50,7,0.137,43.3835,43.5205,152800,50,1.0
bitmap_prefilter,overall>=4.0,0.55,0.7886,50,8,0.1329,42.5773,42.7102,152800,50,0.96
bitmap_prefilter,overall>=4.0,0.55,0.7886,50,9,0.1315,42.6408,42.7723,152800,50,1.0
bitmap_prefilter,overall>=4.0,0.55,0.7886,50,10,0.1316,42.7397,42.8713,152800,50,1.0
bitmap_prefilter,overall>=4.0,0.55,0.7886,50,11,0.1304,42.6485,42.779,152800,50,1.0
bitmap_prefilter,overall>=4.0,0.55,0.7886,50,12,0.1317,42.7009,42.8326,152800,50,1.0
bitmap_prefilter,overall>=4.0,0.55,0.7886,50,13,0.1324,43.3972,43.5296,152800,50,1.0
bitmap_prefilter,overall>=4.0,0.55,0.7886,50,14,0.1397,42.8754,43.0151,152800,50,1.0
bitmap_prefilter,overall>=4.0,0.55,0.7886,50,15,0.1335,42.6005,42.734,152800,50,1.0
bitmap_prefilter,overall>=4.0,0.55,0.7886,50,16,0.133,42.8359,42.9689,152800,50,1.0
bitmap_prefilter,overall>=4.0,0.55,0.7886,50,17,0.1357,42.6413,42.777,152800,50,1.0
bitmap_prefilter,overall>=4.0,0.55,0.7886,50,18,0.1317,42.8102,42.9419,152800,50,1.0
bitmap_prefilter,overall>=4.0,0.55,0.7886,50,19,0.13,42.765,42.8951,152800,50,1.0
bitmap_prefilter,overall>=4.0,0.55,0.7886,50,20,0.1317,42.9138,43.0455,152800,50,1.0
bitmap_prefilter,overall>=4.0,0.55,0.7886,50,21,0.1316,42.9541,43.0857,152800,50,0.98
bitmap_prefilter,overall>=4.0,0.55,0.7886,50,22,0.1313,42.6281,42.7593,152800,50,1.0
bitmap_prefilter,overall>=4.0,0.55,0.7886,50,23,0.1294,42.8917,43.0211,152800,50,1.0
bitmap_prefilter,overall>=4.0,0.55,0.7886,50,24,0.1386,42.5856,42.7242,152800,50,1.0
bitmap_prefilter,overall>=4.0,0.55,0.7886,50,25,0.129,42.7745,42.9035,152800,50,1.0
bitmap_prefilter,overall>=4.0,0.55,0.7886,50,26,0.1308,42.6786,42.8093,152800,50,1.0
bitmap_prefilter,overall>=4.0,0.55,0.7886,50,27,0.1306,42.8075,42.9381,152800,50,1.0
bitmap_prefilter,overall>=4.0,0.55,0.7886,50,28,0.1285,42.7574,42.8859,152800,50,1.0
bitmap_prefilter,overall>=4.0,0.55,0.7886,50,29,0.1288,42.6716,42.8004,152800,50,1.0
bitmap_prefilter,overall>=4.0,0.55,0.7886,50,30,0.1289,42.8613,42.9902,152800,50,1.0
bitmap_prefilter,overall>=4.0,0.55,0.7886,50,31,0.134,42.7316,42.8655,152800,50,1.0
bitmap_prefilter,overall>=4.0,0.55,0.7886,50,32,0.1293,42.5924,42.7217,152800,50,1.0
bitmap_prefilter,overall>=4.0,0.55,0.7886,50,33,0.1312,42.7643,42.8955,152800,50,1.0
bitmap_prefilter,overall>=4.0,0.55,0.7886,50,34,0.1303,42.6306,42.7609,152800,50,1.0
bitmap_prefilter,overall>=4.0,0.55,0.7886,50,35,0.1291,42.9067,43.0358,152800,50,1.0
bitmap_prefilter,overall>=4.0,0.55,0.7886,50,36,0.1287,42.5748,42.7035,152800,50,1.0
bitmap_prefilter,overall>=4.0,0.55,0.7886,50,37,0.1293,42.9118,43.0411,152800,50,1.0
bitmap_prefilter,overall>=4.0,0.55,0.7886,50,38,0.1455,42.7369,42.8824,152800,50,1.0
bitmap_prefilter,overall>=4.0,0.55,0.7886,50,39,0.1346,42.7646,42.8992,152800,50,1.0
bitmap_prefilter,overall>=4.0,0.55,0.7886,50,40,0.1363,42.892,43.0283,152800,50,1.0
bitmap_prefilter,overall>=4.0,0.55,0.7886,50,41,0.1325,43.079,43.2115,152800,50,1.0
bitmap_prefilter,overall>=4.0,0.55,0.7886,50,42,0.1426,42.8689,43.0115,152800,50,1.0
bitmap_prefilter,overall>=4.0,0.55,0.7886,50,43,0.1341,42.6904,42.8245,152800,50,1.0
bitmap_prefilter,overall>=4.0,0.55,0.7886,50,44,0.137,42.8695,43.0065,152800,50,1.0
bitmap_prefilter,overall>=4.0,0.55,0.7886,50,45,0.1298,42.8067,42.9365,152800,50,1.0
bitmap_prefilter,overall>=4.0,0.55,0.7886,50,46,0.1375,42.7631,42.9007,152800,50,1.0
bitmap_prefilter,overall>=4.0,0.55,0.7886,50,47,0.1349,43.0174,43.1523,152800,50,0.0
bitmap_prefilter,overall>=4.0,0.55,0.7886,50,48,0.133,42.899,43.0321,152800,50,1.0
bitmap_prefilter,overall>=4.0,0.55,0.7886,50,49,0.1305,42.7538,42.8843,152800,50,1.0
brute_force,overall>=3.0,0.6,0.8592,10,0,0.0164,24.8718,24.8882,10,10,1.0
brute_force,overall>=3.0,0.6,0.8592,10,1,0.0194,24.9158,24.9352,10,10,1.0
brute_force,overall>=3.0,0.6,0.8592,10,2,0.0223,24.8265,24.8488,10,10,1.0
brute_force,overall>=3.0,0.6,0.8592,10,3,0.0228,25.0046,25.0275,10,10,1.0
brute_force,overall>=3.0,0.6,0.8592,10,4,0.0224,24.9649,24.9873,10,10,1.0
brute_force,overall>=3.0,0.6,0.8592,10,5,0.0197,24.7569,24.7765,10,10,1.0
brute_force,overall>=3.0,0.6,0.8592,10,6,0.0201,24.916,24.9361,10,10,1.0
brute_force,overall>=3.0,0.6,0.8592,10,7,0.0402,24.989,25.0291,10,10,1.0
brute_force,overall>=3.0,0.6,0.8592,10,8,0.022,24.8755,24.8975,10,10,1.0
brute_force,overall>=3.0,0.6,0.8592,10,9,0.014,24.967,24.981,10,10,1.0
brute_force,overall>=3.0,0.6,0.8592,10,10,0.0199,25.6601,25.68,10,10,1.0
brute_force,overall>=3.0,0.6,0.8592,10,11,0.018,24.9537,24.9717,10,10,1.0
brute_force,overall>=3.0,0.6,0.8592,10,12,0.0175,25.1717,25.1891,10,10,1.0
brute_force,overall>=3.0,0.6,0.8592,10,13,0.0207,25.0175,25.0382,10,10,1.0
brute_force,overall>=3.0,0.6,0.8592,10,14,0.0176,24.7506,24.7682,10,10,1.0
brute_force,overall>=3.0,0.6,0.8592,10,15,0.0152,24.6908,24.706,10,10,1.0
brute_force,overall>=3.0,0.6,0.8592,10,16,0.0181,24.7895,24.8075,10,10,1.0
brute_force,overall>=3.0,0.6,0.8592,10,17,0.0189,24.8193,24.8382,10,10,1.0
brute_force,overall>=3.0,0.6,0.8592,10,18,0.028,24.8994,24.9274,10,10,1.0
brute_force,overall>=3.0,0.6,0.8592,10,19,0.0168,24.6927,24.7095,10,10,1.0
brute_force,overall>=3.0,0.6,0.8592,10,20,0.0179,24.7777,24.7957,10,10,1.0
brute_force,overall>=3.0,0.6,0.8592,10,21,0.0151,24.6348,24.6499,10,10,1.0
brute_force,overall>=3.0,0.6,0.8592,10,22,0.0169,24.6029,24.6198,10,10,1.0
brute_force,overall>=3.0,0.6,0.8592,10,23,0.0176,24.7957,24.8133,10,10,1.0
brute_force,overall>=3.0,0.6,0.8592,10,24,0.0181,24.6372,24.6553,10,10,1.0
brute_force,overall>=3.0,0.6,0.8592,10,25,0.0187,24.6373,24.656,10,10,1.0
brute_force,overall>=3.0,0.6,0.8592,10,26,0.019,25.9465,25.9655,10,10,1.0
brute_force,overall>=3.0,0.6,0.8592,10,27,0.0173,24.8177,24.8351,10,10,1.0
brute_force,overall>=3.0,0.6,0.8592,10,28,0.0194,24.7706,24.79,10,10,1.0
brute_force,overall>=3.0,0.6,0.8592,10,29,0.0182,24.7224,24.7407,10,10,1.0
brute_force,overall>=3.0,0.6,0.8592,10,30,0.018,24.6845,24.7025,10,10,1.0
brute_force,overall>=3.0,0.6,0.8592,10,31,0.015,24.6164,24.6314,10,10,1.0
brute_force,overall>=3.0,0.6,0.8592,10,32,0.0375,24.7968,24.8343,10,10,1.0
brute_force,overall>=3.0,0.6,0.8592,10,33,0.015,24.6456,24.6606,10,10,1.0
brute_force,overall>=3.0,0.6,0.8592,10,34,0.0165,24.8413,24.8578,10,10,1.0
brute_force,overall>=3.0,0.6,0.8592,10,35,0.0224,24.5466,24.569,10,10,1.0
brute_force,overall>=3.0,0.6,0.8592,10,36,0.0258,24.7526,24.7784,10,10,1.0
brute_force,overall>=3.0,0.6,0.8592,10,37,0.0166,24.5717,24.5883,10,10,1.0
brute_force,overall>=3.0,0.6,0.8592,10,38,0.0211,24.6222,24.6433,10,10,1.0
brute_force,overall>=3.0,0.6,0.8592,10,39,0.0179,24.6656,24.6835,10,10,1.0
brute_force,overall>=3.0,0.6,0.8592,10,40,0.0218,24.7434,24.7652,10,10,1.0
brute_force,overall>=3.0,0.6,0.8592,10,41,0.047,24.714,24.761,10,10,1.0
brute_force,overall>=3.0,0.6,0.8592,10,42,0.019,24.7543,24.7732,10,10,1.0
brute_force,overall>=3.0,0.6,0.8592,10,43,0.0182,24.5985,24.6167,10,10,1.0
brute_force,overall>=3.0,0.6,0.8592,10,44,0.0586,24.7136,24.7722,10,10,1.0
brute_force,overall>=3.0,0.6,0.8592,10,45,0.0173,24.6147,24.632,10,10,1.0
brute_force,overall>=3.0,0.6,0.8592,10,46,0.0167,24.8792,24.8959,10,10,1.0
brute_force,overall>=3.0,0.6,0.8592,10,47,0.0156,24.609,24.6246,10,10,1.0
brute_force,overall>=3.0,0.6,0.8592,10,48,0.0177,24.6572,24.6749,10,10,1.0
brute_force,overall>=3.0,0.6,0.8592,10,49,0.0175,24.6378,24.6553,10,10,1.0
naive_prefilter,overall>=3.0,0.6,0.8592,10,0,17.7553,48.9326,66.688,166489,10,1.0
naive_prefilter,overall>=3.0,0.6,0.8592,10,1,17.5541,49.1947,66.7488,166489,10,1.0
naive_prefilter,overall>=3.0,0.6,0.8592,10,2,17.9794,56.5313,74.5108,166489,10,1.0
naive_prefilter,overall>=3.0,0.6,0.8592,10,3,17.3734,48.4036,65.777,166489,10,1.0
naive_prefilter,overall>=3.0,0.6,0.8592,10,4,17.128,49.4925,66.6205,166489,10,1.0
naive_prefilter,overall>=3.0,0.6,0.8592,10,5,17.4396,48.341,65.7807,166489,10,1.0
naive_prefilter,overall>=3.0,0.6,0.8592,10,6,17.219,48.6519,65.8709,166489,10,1.0
naive_prefilter,overall>=3.0,0.6,0.8592,10,7,17.1035,48.4515,65.555,166489,10,1.0
naive_prefilter,overall>=3.0,0.6,0.8592,10,8,17.351,48.9965,66.3475,166489,10,1.0
naive_prefilter,overall>=3.0,0.6,0.8592,10,9,17.5035,48.1795,65.683,166489,10,1.0
naive_prefilter,overall>=3.0,0.6,0.8592,10,10,17.5013,48.8528,66.3541,166489,10,1.0
naive_prefilter,overall>=3.0,0.6,0.8592,10,11,17.5225,48.075,65.5975,166489,10,1.0
naive_prefilter,overall>=3.0,0.6,0.8592,10,12,17.3754,48.7838,66.1592,166489,10,1.0
naive_prefilter,overall>=3.0,0.6,0.8592,10,13,17.5048,48.1568,65.6617,166489,10,1.0
naive_prefilter,overall>=3.0,0.6,0.8592,10,14,17.4883,48.7514,66.2397,166489,10,1.0
naive_prefilter,overall>=3.0,0.6,0.8592,10,15,17.3893,47.971,65.3603,166489,10,1.0
naive_prefilter,overall>=3.0,0.6,0.8592,10,16,17.2988,49.2196,66.5184,166489,10,1.0
naive_prefilter,overall>=3.0,0.6,0.8592,10,17,17.4356,48.0268,65.4625,166489,10,1.0
naive_prefilter,overall>=3.0,0.6,0.8592,10,18,17.3939,48.8284,66.2223,166489,10,1.0
naive_prefilter,overall>=3.0,0.6,0.8592,10,19,17.3994,48.279,65.6784,166489,10,1.0
naive_prefilter,overall>=3.0,0.6,0.8592,10,20,17.2502,48.6068,65.857,166489,10,1.0
naive_prefilter,overall>=3.0,0.6,0.8592,10,21,17.2142,48.157,65.3712,166489,10,1.0
naive_prefilter,overall>=3.0,0.6,0.8592,10,22,17.2752,48.8372,66.1123,166489,10,1.0
naive_prefilter,overall>=3.0,0.6,0.8592,10,23,17.4854,48.1867,65.672,166489,10,1.0
naive_prefilter,overall>=3.0,0.6,0.8592,10,24,17.3788,48.94,66.3188,166489,10,1.0
naive_prefilter,overall>=3.0,0.6,0.8592,10,25,17.33,48.1719,65.5019,166489,10,1.0
naive_prefilter,overall>=3.0,0.6,0.8592,10,26,17.4593,48.8794,66.3387,166489,10,1.0
naive_prefilter,overall>=3.0,0.6,0.8592,10,27,17.3722,48.1435,65.5158,166489,10,1.0
naive_prefilter,overall>=3.0,0.6,0.8592,10,28,17.9281,48.7656,66.6938,166489,10,1.0
naive_prefilter,overall>=3.0,0.6,0.8592,10,29,17.8793,48.1722,66.0515,166489,10,1.0
naive_prefilter,overall>=3.0,0.6,0.8592,10,30,17.2774,48.7001,65.9775,166489,10,1.0
naive_prefilter,overall>=3.0,0.6,0.8592,10,31,16.9675,48.5452,65.5127,166489,10,1.0
naive_prefilter,overall>=3.0,0.6,0.8592,10,32,17.0356,48.8711,65.9067,166489,10,1.0
naive_prefilter,overall>=3.0,0.6,0.8592,10,33,17.1993,48.0638,65.2631,166489,10,1.0
naive_prefilter,overall>=3.0,0.6,0.8592,10,34,17.1736,48.9098,66.0835,166489,10,1.0
naive_prefilter,overall>=3.0,0.6,0.8592,10,35,17.1568,49.1591,66.3159,166489,10,1.0
naive_prefilter,overall>=3.0,0.6,0.8592,10,36,18.0497,48.8497,66.8994,166489,10,1.0
naive_prefilter,overall>=3.0,0.6,0.8592,10,37,18.0285,48.0868,66.1153,166489,10,1.0
naive_prefilter,overall>=3.0,0.6,0.8592,10,38,17.7643,48.559,66.3233,166489,10,1.0
naive_prefilter,overall>=3.0,0.6,0.8592,10,39,17.6959,48.1407,65.8365,166489,10,1.0
naive_prefilter,overall>=3.0,0.6,0.8592,10,40,17.7192,48.6529,66.3721,166489,10,1.0
naive_prefilter,overall>=3.0,0.6,0.8592,10,41,17.8738,48.0763,65.95,166489,10,1.0
naive_prefilter,overall>=3.0,0.6,0.8592,10,42,17.6799,48.8435,66.5233,166489,10,1.0
naive_prefilter,overall>=3.0,0.6,0.8592,10,43,17.4971,48.0412,65.5383,166489,10,1.0
naive_prefilter,overall>=3.0,0.6,0.8592,10,44,17.4776,49.0192,66.4968,166489,10,1.0
naive_prefilter,overall>=3.0,0.6,0.8592,10,45,17.5063,48.3755,65.8818,166489,10,1.0
naive_prefilter,overall>=3.0,0.6,0.8592,10,46,17.479,49.1164,66.5953,166489,10,1.0
naive_prefilter,overall>=3.0,0.6,0.8592,10,47,18.0157,48.1043,66.12,166489,10,0.0
naive_prefilter,overall>=3.0,0.6,0.8592,10,48,17.322,49.1181,66.4401,166489,10,1.0
naive_prefilter,overall>=3.0,0.6,0.8592,10,49,17.7913,48.3993,66.1906,166489,10,1.0
post_filter,overall>=3.0,0.6,0.8592,10,0,0.0051,0.4272,0.4324,10,10,1.0
post_filter,overall>=3.0,0.6,0.8592,10,1,0.0275,20.6641,20.6917,10,10,1.0
post_filter,overall>=3.0,0.6,0.8592,10,2,0.0328,22.1316,22.1645,10,10,0.9
post_filter,overall>=3.0,0.6,0.8592,10,3,0.0316,8.6747,8.7063,10,10,1.0
post_filter,overall>=3.0,0.6,0.8592,10,4,0.0293,10.2011,10.2304,10,10,1.0
post_filter,overall>=3.0,0.6,0.8592,10,5,0.0258,5.7172,5.743,10,10,1.0
post_filter,overall>=3.0,0.6,0.8592,10,6,0.0254,6.6562,6.6816,10,10,1.0
post_filter,overall>=3.0,0.6,0.8592,10,7,0.0472,4.8667,4.9138,10,10,1.0
post_filter,overall>=3.0,0.6,0.8592,10,8,0.0342,5.6939,5.7281,10,10,1.0
post_filter,overall>=3.0,0.6,0.8592,10,9,0.0196,4.6561,4.6757,10,10,1.0
post_filter,overall>=3.0,0.6,0.8592,10,10,0.0284,4.7867,4.8151,10,10,1.0
post_filter,overall>=3.0,0.6,0.8592,10,11,0.0229,3.6243,3.6472,10,10,1.0
post_filter,overall>=3.0,0.6,0.8592,10,12,0.025,2.5938,2.6188,10,10,1.0
post_filter,overall>=3.0,0.6,0.8592,10,13,0.0231,4.8055,4.8286,10,10,1.0
post_filter,overall>=3.0,0.6,0.8592,10,14,0.0225,3.4723,3.4948,10,10,1.0
post_filter,overall>=3.0,0.6,0.8592,10,15,0.0151,1.3793,1.3945,10,10,1.0
post_filter,overall>=3.0,0.6,0.8592,10,16,0.0223,5.2057,5.228,10,10,1.0
post_filter,overall>=3.0,0.6,0.8592,10,17,0.0259,4.0749,4.1008,10,10,1.0
post_filter,overall>=3.0,0.6,0.8592,10,18,0.0339,2.4697,2.5037,10,10,1.0
post_filter,overall>=3.0,0.6,0.8592,10,19,0.0225,3.1207,3.1432,10,10,1.0
post_filter,overall>=3.0,0.6,0.8592,10,20,0.0233,2.8032,2.8265,10,10,1.0
post_filter,overall>=3.0,0.6,0.8592,10,21,0.0188,1.3254,1.3442,10,10,1.0
post_filter,overall>=3.0,0.6,0.8592,10,22,0.0206,3.2346,3.2552,10,10,1.0
post_filter,overall>=3.0,0.6,0.8592,10,23,0.0264,3.2108,3.2372,10,10,1.0
post_filter,overall>=3.0,0.6,0.8592,10,24,0.021,2.2795,2.3005,10,10,1.0
post_filter,overall>=3.0,0.6,0.8592,10,25,0.0344,1.1701,1.2045,10,10,0.5
post_filter,overall>=3.0,0.6,0.8592,10,26,0.0205,1.8023,1.8228,10,10,1.0
post_filter,overall>=3.0,0.6,0.8592,10,27,0.0187,1.4215,1.4402,10,10,1.0
post_filter,overall>=3.0,0.6,0.8592,10,28,0.0228,2.8913,2.9142,10,10,1.0
post_filter,overall>=3.0,0.6,0.8592,10,29,0.0231,2.453,2.476,10,10,1.0
post_filter,overall>=3.0,0.6,0.8592,10,30,0.026,1.6262,1.6522,10,10,0.0
post_filter,overall>=3.0,0.6,0.8592,10,31,0.0194,2.1916,2.211,10,10,1.0
post_filter,overall>=3.0,0.6,0.8592,10,32,0.0446,2.5328,2.5774,10,10,1.0
post_filter,overall>=3.0,0.6,0.8592,10,33,0.017,0.7633,0.7804,10,10,1.0
post_filter,overall>=3.0,0.6,0.8592,10,34,0.0179,1.3283,1.3462,10,10,1.0
post_filter,overall>=3.0,0.6,0.8592,10,35,0.0245,1.6317,1.6562,10,10,1.0
post_filter,overall>=3.0,0.6,0.8592,10,36,0.0284,1.9692,1.9975,10,10,1.0
post_filter,overall>=3.0,0.6,0.8592,10,37,0.0173,1.5922,1.6095,10,10,1.0
post_filter,overall>=3.0,0.6,0.8592,10,38,0.0235,1.7865,1.81,10,10,1.0
post_filter,overall>=3.0,0.6,0.8592,10,39,0.0179,1.8762,1.8941,10,10,1.0
post_filter,overall>=3.0,0.6,0.8592,10,40,0.0242,1.878,1.9023,10,10,1.0
post_filter,overall>=3.0,0.6,0.8592,10,41,0.0542,1.1067,1.1608,10,10,1.0
post_filter,overall>=3.0,0.6,0.8592,10,42,0.0205,1.306,1.3266,10,10,1.0
post_filter,overall>=3.0,0.6,0.8592,10,43,0.037,1.2615,1.2985,10,10,0.6
post_filter,overall>=3.0,0.6,0.8592,10,44,0.0657,1.5929,1.6586,10,10,1.0
post_filter,overall>=3.0,0.6,0.8592,10,45,0.0185,1.7538,1.7722,10,10,1.0
post_filter,overall>=3.0,0.6,0.8592,10,46,0.0173,1.2146,1.232,10,10,1.0
post_filter,overall>=3.0,0.6,0.8592,10,47,0.0384,0.5861,0.6245,10,10,0.0
post_filter,overall>=3.0,0.6,0.8592,10,48,0.0175,1.5564,1.5739,10,10,1.0
post_filter,overall>=3.0,0.6,0.8592,10,49,0.0245,1.0316,1.056,10,10,0.9
bitmap_prefilter,overall>=3.0,0.6,0.8592,10,0,0.1568,45.2541,45.4109,166489,10,1.0
bitmap_prefilter,overall>=3.0,0.6,0.8592,10,1,0.1486,45.583,45.7317,166489,10,1.0
bitmap_prefilter,overall>=3.0,0.6,0.8592,10,2,0.148,45.2477,45.3957,166489,10,1.0
bitmap_prefilter,overall>=3.0,0.6,0.8592,10,3,0.144,45.2793,45.4233,166489,10,1.0
bitmap_prefilter,overall>=3.0,0.6,0.8592,10,4,0.144,45.4842,45.6281,166489,10,1.0
bitmap_prefilter,overall>=3.0,0.6,0.8592,10,5,0.1511,46.4039,46.555,166489,10,1.0
bitmap_prefilter,overall>=3.0,0.6,0.8592,10,6,0.1434,45.3845,45.5279,166489,10,1.0
bitmap_prefilter,overall>=3.0,0.6,0.8592,10,7,0.1422,45.5281,45.6703,166489,10,1.0
bitmap_prefilter,overall>=3.0,0.6,0.8592,10,8,0.1499,45.5095,45.6594,166489,10,1.0
bitmap_prefilter,overall>=3.0,0.6,0.8592,10,9,0.1466,45.609,45.7557,166489,10,1.0
bitmap_prefilter,overall>=3.0,0.6,0.8592,10,10,0.144,45.4271,45.5711,166489,10,1.0
bitmap_prefilter,overall>=3.0,0.6,0.8592,10,11,0.144,45.4138,45.5577,166489,10,1.0
bitmap_prefilter,overall>=3.0,0.6,0.8592,10,12,0.1444,45.4417,45.586,166489,10,1.0
bitmap_prefilter,overall>=3.0,0.6,0.8592,10,13,0.1422,45.6581,45.8003,166489,10,1.0
bitmap_prefilter,overall>=3.0,0.6,0.8592,10,14,0.1416,45.3489,45.4905,166489,10,1.0
bitmap_prefilter,overall>=3.0,0.6,0.8592,10,15,0.144,45.5006,45.6446,166489,10,1.0
bitmap_prefilter,overall>=3.0,0.6,0.8592,10,16,0.1422,45.6703,45.8125,166489,10,1.0
bitmap_prefilter,overall>=3.0,0.6,0.8592,10,17,0.1414,45.4702,45.6116,166489,10,1.0
bitmap_prefilter,overall>=3.0,0.6,0.8592,10,18,0.1418,48.0802,48.222,166489,10,1.0
bitmap_prefilter,overall>=3.0,0.6,0.8592,10,19,0.158,46.1594,46.3174,166489,10,1.0
bitmap_prefilter,overall>=3.0,0.6,0.8592,10,20,0.1473,45.7232,45.8704,166489,10,1.0
bitmap_prefilter,overall>=3.0,0.6,0.8592,10,21,0.148,46.0527,46.2007,166489,10,1.0
bitmap_prefilter,overall>=3.0,0.6,0.8592,10,22,0.1475,45.6664,45.814,166489,10,1.0
bitmap_prefilter,overall>=3.0,0.6,0.8592,10,23,0.1461,45.2901,45.4362,166489,10,1.0
bitmap_prefilter,overall>=3.0,0.6,0.8592,10,24,0.1559,45.246,45.4019,166489,10,1.0
bitmap_prefilter,overall>=3.0,0.6,0.8592,10,25,0.142,45.4767,45.6187,166489,10,1.0
bitmap_prefilter,overall>=3.0,0.6,0.8592,10,26,0.1418,45.2339,45.3757,166489,10,1.0
bitmap_prefilter,overall>=3.0,0.6,0.8592,10,27,0.1405,45.5313,45.6717,166489,10,1.0
bitmap_prefilter,overall>=3.0,0.6,0.8592,10,28,0.1415,45.7501,45.8916,166489,10,1.0
bitmap_prefilter,overall>=3.0,0.6,0.8592,10,29,0.1437,45.7218,45.8655,166489,10,1.0
bitmap_prefilter,overall>=3.0,0.6,0.8592,10,30,0.152,45.258,45.4099,166489,10,1.0
bitmap_prefilter,overall>=3.0,0.6,0.8592,10,31,0.1462,45.3375,45.4837,166489,10,1.0
bitmap_prefilter,overall>=3.0,0.6,0.8592,10,32,0.1417,45.6593,45.801,166489,10,1.0
bitmap_prefilter,overall>=3.0,0.6,0.8592,10,33,0.1417,45.4153,45.557,166489,10,1.0
bitmap_prefilter,overall>=3.0,0.6,0.8592,10,34,0.141,45.4586,45.5996,166489,10,1.0
bitmap_prefilter,overall>=3.0,0.6,0.8592,10,35,0.1399,46.1948,46.3346,166489,10,1.0
bitmap_prefilter,overall>=3.0,0.6,0.8592,10,36,0.1416,45.58,45.7216,166489,10,1.0
bitmap_prefilter,overall>=3.0,0.6,0.8592,10,37,0.1421,45.599,45.7412,166489,10,1.0
bitmap_prefilter,overall>=3.0,0.6,0.8592,10,38,0.1407,45.1916,45.3323,166489,10,1.0
bitmap_prefilter,overall>=3.0,0.6,0.8592,10,39,0.1403,45.4423,45.5825,166489,10,1.0
bitmap_prefilter,overall>=3.0,0.6,0.8592,10,40,0.1408,45.7825,45.9233,166489,10,1.0
bitmap_prefilter,overall>=3.0,0.6,0.8592,10,41,0.1411,45.538,45.6791,166489,10,1.0
bitmap_prefilter,overall>=3.0,0.6,0.8592,10,42,0.1407,45.4476,45.5883,166489,10,1.0
bitmap_prefilter,overall>=3.0,0.6,0.8592,10,43,0.142,45.3546,45.4965,166489,10,1.0
bitmap_prefilter,overall>=3.0,0.6,0.8592,10,44,0.141,45.3687,45.5097,166489,10,1.0
bitmap_prefilter,overall>=3.0,0.6,0.8592,10,45,0.14,45.4542,45.5942,166489,10,1.0
bitmap_prefilter,overall>=3.0,0.6,0.8592,10,46,0.1413,45.4781,45.6194,166489,10,1.0
bitmap_prefilter,overall>=3.0,0.6,0.8592,10,47,0.1485,45.3895,45.538,166489,10,0.0
bitmap_prefilter,overall>=3.0,0.6,0.8592,10,48,0.141,45.8162,45.9572,166489,10,1.0
bitmap_prefilter,overall>=3.0,0.6,0.8592,10,49,0.1395,45.4636,45.6032,166489,10,1.0
brute_force,overall>=3.0,0.6,0.8592,50,0,0.0737,25.356,25.4297,50,50,1.0
brute_force,overall>=3.0,0.6,0.8592,50,1,0.1667,27.595,27.7617,50,50,1.0
brute_force,overall>=3.0,0.6,0.8592,50,2,0.1663,24.987,25.1533,50,50,1.0
brute_force,overall>=3.0,0.6,0.8592,50,3,0.1678,24.8175,24.9854,50,50,1.0
brute_force,overall>=3.0,0.6,0.8592,50,4,0.2217,24.6756,24.8973,50,50,1.0
brute_force,overall>=3.0,0.6,0.8592,50,5,0.1659,25.6638,25.8298,50,50,1.0
brute_force,overall>=3.0,0.6,0.8592,50,6,0.1837,24.666,24.8497,50,50,1.0
brute_force,overall>=3.0,0.6,0.8592,50,7,0.2056,24.6746,24.8802,50,50,1.0
brute_force,overall>=3.0,0.6,0.8592,50,8,0.1765,24.7133,24.8899,50,50,1.0
brute_force,overall>=3.0,0.6,0.8592,50,9,0.1325,24.8576,24.9901,50,50,1.0
brute_force,overall>=3.0,0.6,0.8592,50,10,0.1674,24.6985,24.8659,50,50,1.0
brute_force,overall>=3.0,0.6,0.8592,50,11,0.1363,24.5798,24.7161,50,50,1.0
brute_force,overall>=3.0,0.6,0.8592,50,12,0.1175,24.679,24.7966,50,50,1.0
brute_force,overall>=3.0,0.6,0.8592,50,13,0.1269,24.7724,24.8993,50,50,1.0
brute_force,overall>=3.0,0.6,0.8592,50,14,0.1013,24.7482,24.8495,50,50,1.0
brute_force,overall>=3.0,0.6,0.8592,50,15,0.0793,24.6193,24.6986,50,50,1.0
brute_force,overall>=3.0,0.6,0.8592,50,16,0.1596,24.796,24.9555,50,50,1.0
brute_force,overall>=3.0,0.6,0.8592,50,17,0.1363,24.7844,24.9207,50,50,1.0
brute_force,overall>=3.0,0.6,0.8592,50,18,0.1935,24.6376,24.8311,50,50,1.0
brute_force,overall>=3.0,0.6,0.8592,50,19,0.0997,24.5972,24.697,50,50,1.0
brute_force,overall>=3.0,0.6,0.8592,50,20,0.1449,24.8173,24.9622,50,50,1.0
brute_force,overall>=3.0,0.6,0.8592,50,21,0.0765,24.6801,24.7566,50,50,0.98
brute_force,overall>=3.0,0.6,0.8592,50,22,0.1335,24.662,24.7955,50,50,1.0
brute_force,overall>=3.0,0.6,0.8592,50,23,0.1386,24.693,24.8316,50,50,1.0
brute_force,overall>=3.0,0.6,0.8592,50,24,0.1047,24.6781,24.7828,50,50,1.0
brute_force,overall>=3.0,0.6,0.8592,50,25,0.083,24.685,24.768,50,50,1.0
brute_force,overall>=3.0,0.6,0.8592,50,26,0.0845,24.7609,24.8454,50,50,1.0
brute_force,overall>=3.0,0.6,0.8592,50,27,0.1084,24.588,24.6964,50,50,1.0
brute_force,overall>=3.0,0.6,0.8592,50,28,0.1202,24.7309,24.8511,50,50,1.0
brute_force,overall>=3.0,0.6,0.8592,50,29,0.1443,24.5964,24.7407,50,50,1.0
brute_force,overall>=3.0,0.6,0.8592,50,30,0.1253,24.7677,24.893,50,50,1.0
brute_force,overall>=3.0,0.6,0.8592,50,31,0.1,24.5633,24.6634,50,50,1.0
brute_force,overall>=3.0,0.6,0.8592,50,32,0.1819,24.8843,25.0663,50,50,1.0
brute_force,overall>=3.0,0.6,0.8592,50,33,0.0542,24.7183,24.7725,50,50,1.0
brute_force,overall>=3.0,0.6,0.8592,50,34,0.0753,24.7023,24.7776,50,50,1.0
brute_force,overall>=3.0,0.6,0.8592,50,35,0.1048,24.5633,24.6681,50,50,1.0
brute_force,overall>=3.0,0.6,0.8592,50,36,0.1074,24.6888,24.7962,50,50,1.0
brute_force,overall>=3.0,0.6,0.8592,50,37,0.1122,25.2751,25.3873,50,50,1.0
brute_force,overall>=3.0,0.6,0.8592,50,38,0.1033,24.9133,25.0166,50,50,1.0
brute_force,overall>=3.0,0.6,0.8592,50,39,0.1153,24.8062,24.9214,50,50,1.0
brute_force,overall>=3.0,0.6,0.8592,50,40,0.1211,25.1474,25.2685,50,50,1.0
brute_force,overall>=3.0,0.6,0.8592,50,41,0.2914,25.7006,25.992,50,50,1.0
brute_force,overall>=3.0,0.6,0.8592,50,42,0.1227,29.5203,29.643,50,50,1.0
brute_force,overall>=3.0,0.6,0.8592,50,43,0.1488,27.7653,27.9141,50,50,1.0
brute_force,overall>=3.0,0.6,0.8592,50,44,0.3218,25.3311,25.6529,50,50,1.0
brute_force,overall>=3.0,0.6,0.8592,50,45,0.0981,25.2609,25.359,50,50,1.0
brute_force,overall>=3.0,0.6,0.8592,50,46,0.0749,24.9952,25.0701,50,50,1.0
brute_force,overall>=3.0,0.6,0.8592,50,47,0.097,24.8925,24.9895,50,50,1.0
brute_force,overall>=3.0,0.6,0.8592,50,48,0.0887,25.6801,25.7689,50,50,1.0
brute_force,overall>=3.0,0.6,0.8592,50,49,0.1059,25.1641,25.27,50,50,1.0
naive_prefilter,overall>=3.0,0.6,0.8592,50,0,18.2764,47.9381,66.2145,166489,50,1.0
naive_prefilter,overall>=3.0,0.6,0.8592,50,1,17.642,47.8584,65.5005,166489,50,1.0
naive_prefilter,overall>=3.0,0.6,0.8592,50,2,17.5292,47.9618,65.491,166489,50,1.0
naive_prefilter,overall>=3.0,0.6,0.8592,50,3,17.1347,47.9466,65.0813,166489,50,1.0
naive_prefilter,overall>=3.0,0.6,0.8592,50,4,17.3799,48.5408,65.9207,166489,50,1.0
naive_prefilter,overall>=3.0,0.6,0.8592,50,5,17.5905,48.0272,65.6178,166489,50,1.0
naive_prefilter,overall>=3.0,0.6,0.8592,50,6,17.4341,48.1266,65.5607,166489,50,1.0
naive_prefilter,overall>=3.0,0.6,0.8592,50,7,17.4157,48.3779,65.7936,166489,50,1.0
naive_prefilter,overall>=3.0,0.6,0.8592,50,8,17.2373,48.1649,65.4022,166489,50,1.0
naive_prefilter,overall>=3.0,0.6,0.8592,50,9,17.3047,48.0051,65.3098,166489,50,1.0
naive_prefilter,overall>=3.0,0.6,0.8592,50,10,17.385,47.8919,65.2769,166489,50,1.0
naive_prefilter,overall>=3.0,0.6,0.8592,50,11,17.1544,47.8638,65.0182,166489,50,1.0
naive_prefilter,overall>=3.0,0.6,0.8592,50,12,17.3505,48.1884,65.5389,166489,50,1.0
naive_prefilter,overall>=3.0,0.6,0.8592,50,13,17.483,48.4927,65.9757,166489,50,1.0
naive_prefilter,overall>=3.0,0.6,0.8592,50,14,17.0991,48.1635,65.2625,166489,50,1.0
naive_prefilter,overall>=3.0,0.6,0.8592,50,15,17.5876,48.1158,65.7034,166489,50,1.0
naive_prefilter,overall>=3.0,0.6,0.8592,50,16,17.468,47.9381,65.4061,166489,50,1.0
naive_prefilter,overall>=3.0,0.6,0.8592,50,17,17.4564,48.1418,65.5981,166489,50,1.0
naive_prefilter,overall>=3.0,0.6,0.8592,50,18,17.2404,48.737,65.9774,166489,50,1.0
naive_prefilter,overall>=3.0,0.6,0.8592,50,19,17.4358,47.8719,65.3076,166489,50,1.0
naive_prefilter,overall>=3.0,0.6,0.8592,50,20,17.7511,48.5971,66.3482,166489,50,1.0
naive_prefilter,overall>=3.0,0.6,0.8592,50,21,17.5315,48.1821,65.7136,166489,50,0.98
naive_prefilter,overall>=3.0,0.6,0.8592,50,22,17.2609,48.3128,65.5737,166489,50,1.0
naive_prefilter,overall>=3.0,0.6,0.8592,50,23,17.0714,49.1614,66.2328,166489,50,1.0
naive_prefilter,overall>=3.0,0.6,0.8592,50,24,17.7046,48.1811,65.8857,166489,50,1.0
naive_prefilter,overall>=3.0,0.6,0.8592,50,25,17.478,48.0354,65.5134,166489,50,1.0
naive_prefilter,overall>=3.0,0.6,0.8592,50,26,17.1948,48.1254,65.3202,166489,50,1.0
naive_prefilter,overall>=3.0,0.6,0.8592,50,27,17.6117,49.7967,67.4084,166489,50,1.0
naive_prefilter,overall>=3.0,0.6,0.8592,50,28,16.9459,48.0122,64.9581,166489,50,1.0
naive_prefilter,overall>=3.0,0.6,0.8592,50,29,17.093,48.0487,65.1417,166489,50,1.0
naive_prefilter,overall>=3.0,0.6,0.8592,50,30,17.0086,48.1229,65.1315,166489,50,1.0
naive_prefilter,overall>=3.0,0.6,0.8592,50,31,17.4325,48.3252,65.7578,166489,50,1.0
naive_prefilter,overall>=3.0,0.6,0.8592,50,32,17.1626,48.0524,65.215,166489,50,1.0
naive_prefilter,overall>=3.0,0.6,0.8592,50,33,17.2273,48.293,65.5203,166489,50,1.0
naive_prefilter,overall>=3.0,0.6,0.8592,50,34,17.3243,47.9038,65.228,166489,50,1.0
naive_prefilter,overall>=3.0,0.6,0.8592,50,35,17.5041,48.0957,65.5998,166489,50,1.0
naive_prefilter,overall>=3.0,0.6,0.8592,50,36,17.4512,48.1475,65.5987,166489,50,1.0
naive_prefilter,overall>=3.0,0.6,0.8592,50,37,17.3674,48.023,65.3904,166489,50,1.0
naive_prefilter,overall>=3.0,0.6,0.8592,50,38,17.2401,48.3812,65.6213,166489,50,1.0
naive_prefilter,overall>=3.0,0.6,0.8592,50,39,16.8534,48.0786,64.932,166489,50,1.0
naive_prefilter,overall>=3.0,0.6,0.8592,50,40,17.9142,50.2868,68.201,166489,50,1.0
naive_prefilter,overall>=3.0,0.6,0.8592,50,41,17.8157,49.448,67.2637,166489,50,1.0
naive_prefilter,overall>=3.0,0.6,0.8592,50,42,17.3998,48.3302,65.7301,166489,50,1.0
naive_prefilter,overall>=3.0,0.6,0.8592,50,43,17.2555,48.1407,65.3962,166489,50,1.0
naive_prefilter,overall>=3.0,0.6,0.8592,50,44,17.493,48.3577,65.8506,166489,50,1.0
naive_prefilter,overall>=3.0,0.6,0.8592,50,45,17.9055,48.5525,66.458,166489,50,1.0
naive_prefilter,overall>=3.0,0.6,0.8592,50,46,17.4125,47.9811,65.3936,166489,50,1.0
naive_prefilter,overall>=3.0,0.6,0.8592,50,47,17.189,47.8875,65.0765,166489,50,0.0
naive_prefilter,overall>=3.0,0.6,0.8592,50,48,17.3345,48.0965,65.431,166489,50,1.0
naive_prefilter,overall>=3.0,0.6,0.8592,50,49,17.3782,48.6352,66.0134,166489,50,1.0
post_filter,overall>=3.0,0.6,0.8592,50,0,0.0215,0.4629,0.4844,50,50,1.0
post_filter,overall>=3.0,0.6,0.8592,50,1,0.0602,1.0886,1.1488,50,50,1.0
post_filter,overall>=3.0,0.6,0.8592,50,2,0.0741,0.8504,0.9245,50,50,0.98
post_filter,overall>=3.0,0.6,0.8592,50,3,0.0608,0.9733,1.034,50,50,1.0
post_filter,overall>=3.0,0.6,0.8592,50,4,0.0827,1.126,1.2087,50,50,0.98
post_filter,overall>=3.0,0.6,0.8592,50,5,0.0947,1.0516,1.1464,50,50,1.0
post_filter,overall>=3.0,0.6,0.8592,50,6,0.0952,1.2126,1.3078,50,50,1.0
post_filter,overall>=3.0,0.6,0.8592,50,7,0.1897,0.8727,1.0625,50,50,1.0
post_filter,overall>=3.0,0.6,0.8592,50,8,0.0709,1.2308,1.3017,50,50,1.0
post_filter,overall>=3.0,0.6,0.8592,50,9,0.056,1.19,1.246,50,50,1.0
post_filter,overall>=3.0,0.6,0.8592,50,10,0.0692,1.1122,1.1814,50,50,1.0
post_filter,overall>=3.0,0.6,0.8592,50,11,0.0625,1.0348,1.0973,50,50,1.0
post_filter,overall>=3.0,0.6,0.8592,50,12,0.0559,0.8368,0.8927,50,50,1.0
post_filter,overall>=3.0,0.6,0.8592,50,13,0.0562,0.8428,0.899,50,50,1.0
post_filter,overall>=3.0,0.6,0.8592,50,14,0.0632,0.629,0.6922,50,50,1.0
post_filter,overall>=3.0,0.6,0.8592,50,15,0.0453,0.5532,0.5985,50,50,1.0
post_filter,overall>=3.0,0.6,0.8592,50,16,0.0575,1.0269,1.0843,50,50,1.0
post_filter,overall>=3.0,0.6,0.8592,50,17,0.0583,0.7614,0.8197,50,50,0.98
post_filter,overall>=3.0,0.6,0.8592,50,18,0.1164,0.9308,1.0471,50,50,0.98
post_filter,overall>=3.0,0.6,0.8592,50,19,0.0613,0.9967,1.058,50,50,0.98
post_filter,overall>=3.0,0.6,0.8592,50,20,0.066,0.7545,0.8204,50,50,1.0
post_filter,overall>=3.0,0.6,0.8592,50,21,0.0528,0.8155,0.8683,50,50,0.98
post_filter,overall>=3.0,0.6,0.8592,50,22,0.0672,0.8594,0.9265,50,50,0.98
post_filter,overall>=3.0,0.6,0.8592,50,23,0.0593,0.7932,0.8525,50,50,1.0
post_filter,overall>=3.0,0.6,0.8592,50,24,0.0571,1.0985,1.1556,50,50,1.0
post_filter,overall>=3.0,0.6,0.8592,50,25,0.0542,0.3382,0.3923,50,50,0.9
post_filter,overall>=3.0,0.6,0.8592,50,26,0.0522,0.9815,1.0338,50,50,1.0
post_filter,overall>=3.0,0.6,0.8592,50,27,0.0745,0.9771,1.0516,50,50,1.0
post_filter,overall>=3.0,0.6,0.8592,50,28,0.0691,0.9806,1.0497,50,50,0.98
post_filter,overall>=3.0,0.6,0.8592,50,29,0.0729,0.6144,0.6873,50,50,0.98
post_filter,overall>=3.0,0.6,0.8592,50,30,0.0619,0.4616,0.5235,50,50,0.0
post_filter,overall>=3.0,0.6,0.8592,50,31,0.0567,0.9696,1.0263,50,50,1.0
post_filter,overall>=3.0,0.6,0.8592,50,32,0.1135,0.7477,0.8612,50,50,1.0
post_filter,overall>=3.0,0.6,0.8592,50,33,0.0491,0.5674,0.6165,50,50,1.0
post_filter,overall>=3.0,0.6,0.8592,50,34,0.0583,0.9669,1.0252,50,50,1.0
post_filter,overall>=3.0,0.6,0.8592,50,35,0.095,0.9963,1.0913,50,50,0.98
post_filter,overall>=3.0,0.6,0.8592,50,36,0.0712,0.8055,0.8767,50,50,0.98
post_filter,overall>=3.0,0.6,0.8592,50,37,0.0541,0.7488,0.8029,50,50,1.0
post_filter,overall>=3.0,0.6,0.8592,50,38,0.0701,1.2315,1.3016,50,50,0.96
post_filter,overall>=3.0,0.6,0.8592,50,39,0.0608,0.5834,0.6442,50,50,1.0
post_filter,overall>=3.0,0.6,0.8592,50,40,0.0672,1.2579,1.325,50,50,1.0
post_filter,overall>=3.0,0.6,0.8592,50,41,0.2064,0.6463,0.8527,50,50,0.94
post_filter,overall>=3.0,0.6,0.8592,50,42,0.0682,0.9995,1.0678,50,50,0.98
post_filter,overall>=3.0,0.6,0.8592,50,43,0.3887,0.5072,0.8959,50,50,0.88
post_filter,overall>=3.0,0.6,0.8592,50,44,0.259,0.7525,1.0115,50,50,0.98
post_filter,overall>=3.0,0.6,0.8592,50,45,0.0655,1.1317,1.1972,50,50,0.98
post_filter,overall>=3.0,0.6,0.8592,50,46,0.0608,0.9222,0.983,50,50,1.0
post_filter,overall>=3.0,0.6,0.8592,50,47,0.0708,0.3103,0.3811,50,50,0.12
post_filter,overall>=3.0,0.6,0.8592,50,48,0.0613,1.106,1.1673,50,50,1.0
post_filter,overall>=3.0,0.6,0.8592,50,49,0.1198,0.5222,0.642,50,50,0.94
bitmap_prefilter,overall>=3.0,0.6,0.8592,50,0,0.1494,45.8978,46.0472,166489,50,1.0
bitmap_prefilter,overall>=3.0,0.6,0.8592,50,1,0.1582,45.527,45.6852,166489,50,1.0
bitmap_prefilter,overall>=3.0,0.6,0.8592,50,2,0.1475,45.389,45.5364,166489,50,1.0
bitmap_prefilter,overall>=3.0,0.6,0.8592,50,3,0.1445,46.7165,46.861,166489,50,1.0
bitmap_prefilter,overall>=3.0,0.6,0.8592,50,4,0.1525,45.7595,45.912,166489,50,1.0
bitmap_prefilter,overall>=3.0,0.6,0.8592,50,5,0.1469,45.9705,46.1174,166489,50,1.0
bitmap_prefilter,overall>=3.0,0.6,0.8592,50,6,0.1428,45.7673,45.9101,166489,50,1.0
bitmap_prefilter,overall>=3.0,0.6,0.8592,50,7,0.1576,45.2132,45.3709,166489,50,1.0
bitmap_prefilter,overall>=3.0,0.6,0.8592,50,8,0.146,45.334,45.48,166489,50,1.0
bitmap_prefilter,overall>=3.0,0.6,0.8592,50,9,0.1464,45.7367,45.883,166489,50,1.0
bitmap_prefilter,overall>=3.0,0.6,0.8592,50,10,0.158,45.3978,45.5559,166489,50,1.0
bitmap_prefilter,overall>=3.0,0.6,0.8592,50,11,0.1449,45.3595,45.5044,166489,50,1.0
bitmap_prefilter,overall>=3.0,0.6,0.8592,50,12,0.1429,45.3128,45.4557,166489,50,1.0
bitmap_prefilter,overall>=3.0,0.6,0.8592,50,13,0.1429,45.5618,45.7048,166489,50,1.0
bitmap_prefilter,overall>=3.0,0.6,0.8592,50,14,0.1456,45.3413,45.487,166489,50,1.0
bitmap_prefilter,overall>=3.0,0.6,0.8592,50,15,0.1417,45.5777,45.7194,166489,50,1.0
bitmap_prefilter,overall>=3.0,0.6,0.8592,50,16,0.1464,45.2616,45.408,166489,50,1.0
bitmap_prefilter,overall>=3.0,0.6,0.8592,50,17,0.143,45.8514,45.9944,166489,50,1.0
bitmap_prefilter,overall>=3.0,0.6,0.8592,50,18,0.1438,45.3678,45.5116,166489,50,1.0
bitmap_prefilter,overall>=3.0,0.6,0.8592,50,19,0.1432,45.3428,45.486,166489,50,1.0
bitmap_prefilter,overall>=3.0,0.6,0.8592,50,20,0.1419,46.5313,46.6731,166489,50,1.0
bitmap_prefilter,overall>=3.0,0.6,0.8592,50,21,0.1455,45.547,45.6925,166489,50,0.98
bitmap_prefilter,overall>=3.0,0.6,0.8592,50,22,0.141,45.4871,45.6281,166489,50,1.0
bitmap_prefilter,overall>=3.0,0.6,0.8592,50,23,0.1436,45.1821,45.3257,166489,50,1.0
bitmap_prefilter,overall>=3.0,0.6,0.8592,50,24,0.1408,45.4213,45.5621,166489,50,1.0
bitmap_prefilter,overall>=3.0,0.6,0.8592,50,25,0.1427,45.5063,45.649,166489,50,1.0
bitmap_prefilter,overall>=3.0,0.6,0.8592,50,26,0.1438,45.2458,45.3896,166489,50,1.0
bitmap_prefilter,overall>=3.0,0.6,0.8592,50,27,0.1387,45.2086,45.3474,166489,50,1.0
bitmap_prefilter,overall>=3.0,0.6,0.8592,50,28,0.1425,45.3806,45.5231,166489,50,1.0
bitmap_prefilter,overall>=3.0,0.6,0.8592,50,29,0.1407,45.5614,45.7021,166489,50,1.0
bitmap_prefilter,overall>=3.0,0.6,0.8592,50,30,0.1407,45.1412,45.2819,166489,50,1.0
bitmap_prefilter,overall>=3.0,0.6,0.8592,50,31,0.14,45.5498,45.6898,166489,50,1.0
bitmap_prefilter,overall>=3.0,0.6,0.8592,50,32,0.1475,45.4975,45.645,166489,50,1.0
bitmap_prefilter,overall>=3.0,0.6,0.8592,50,33,0.1435,45.2824,45.426,166489,50,1.0
bitmap_prefilter,overall>=3.0,0.6,0.8592,50,34,0.1434,45.4195,45.5629,166489,50,1.0
bitmap_prefilter,overall>=3.0,0.6,0.8592,50,35,0.1432,45.2369,45.3801,166489,50,1.0
bitmap_prefilter,overall>=3.0,0.6,0.8592,50,36,0.1404,45.3053,45.4456,166489,50,1.0
bitmap_prefilter,overall>=3.0,0.6,0.8592,50,37,0.1409,46.2732,46.4141,166489,50,1.0
bitmap_prefilter,overall>=3.0,0.6,0.8592,50,38,0.1511,45.423,45.5741,166489,50,1.0
bitmap_prefilter,overall>=3.0,0.6,0.8592,50,39,0.1478,45.4609,45.6087,166489,50,1.0
bitmap_prefilter,overall>=3.0,0.6,0.8592,50,40,0.145,45.621,45.7659,166489,50,1.0
bitmap_prefilter,overall>=3.0,0.6,0.8592,50,41,0.1439,45.4285,45.5724,166489,50,1.0
bitmap_prefilter,overall>=3.0,0.6,0.8592,50,42,0.1435,45.4163,45.5598,166489,50,1.0
bitmap_prefilter,overall>=3.0,0.6,0.8592,50,43,0.1427,45.4639,45.6066,166489,50,1.0
bitmap_prefilter,overall>=3.0,0.6,0.8592,50,44,0.1424,45.6526,45.795,166489,50,1.0
bitmap_prefilter,overall>=3.0,0.6,0.8592,50,45,0.142,45.4611,45.6032,166489,50,1.0
bitmap_prefilter,overall>=3.0,0.6,0.8592,50,46,0.1418,45.5917,45.7335,166489,50,1.0
bitmap_prefilter,overall>=3.0,0.6,0.8592,50,47,0.141,45.4807,45.6217,166489,50,0.0
bitmap_prefilter,overall>=3.0,0.6,0.8592,50,48,0.1412,45.5788,45.72,166489,50,1.0
bitmap_prefilter,overall>=3.0,0.6,0.8592,50,49,0.1469,45.4963,45.6432,166489,50,1.0
