strategy,filter_name,target_selectivity,actual_selectivity,top_k,query_idx,filter_time_ms,search_time_ms,total_time_ms,candidates_after_filter,results_returned,recall
brute_force,"main_cat IN ('Home Audio & Theater', 'Books', 'Tools & Home Improvement')",0.27,0.2704,10,0,0.0263,24.2792,24.3055,10,10,1.0
brute_force,"main_cat IN ('Home Audio & Theater', 'Books', 'Tools & Home Improvement')",0.27,0.2704,10,1,0.11,24.4247,24.5347,10,10,1.0
brute_force,"main_cat IN ('Home Audio & Theater', 'Books', 'Tools & Home Improvement')",0.27,0.2704,10,2,0.3075,24.6497,24.9573,10,10,1.0
brute_force,"main_cat IN ('Home Audio & Theater', 'Books', 'Tools & Home Improvement')",0.27,0.2704,10,3,0.1192,24.9104,25.0295,10,10,1.0
brute_force,"main_cat IN ('Home Audio & Theater', 'Books', 'Tools & Home Improvement')",0.27,0.2704,10,4,0.1143,24.8126,24.9269,10,10,1.0
brute_force,"main_cat IN ('Home Audio & Theater', 'Books', 'Tools & Home Improvement')",0.27,0.2704,10,5,0.3727,25.4577,25.8303,10,10,1.0
brute_force,"main_cat IN ('Home Audio & Theater', 'Books', 'Tools & Home Improvement')",0.27,0.2704,10,6,0.1184,25.5508,25.6692,10,10,1.0
brute_force,"main_cat IN ('Home Audio & Theater', 'Books', 'Tools & Home Improvement')",0.27,0.2704,10,7,0.0967,24.5999,24.6966,10,10,1.0
brute_force,"main_cat IN ('Home Audio & Theater', 'Books', 'Tools & Home Improvement')",0.27,0.2704,10,8,0.0603,24.51,24.5702,10,10,1.0
brute_force,"main_cat IN ('Home Audio & Theater', 'Books', 'Tools & Home Improvement')",0.27,0.2704,10,9,0.077,24.5137,24.5907,10,10,1.0
brute_force,"main_cat IN ('Home Audio & Theater', 'Books', 'Tools & Home Improvement')",0.27,0.2704,10,10,0.1113,24.7775,24.8888,10,10,1.0
brute_force,"main_cat IN ('Home Audio & Theater', 'Books', 'Tools & Home Improvement')",0.27,0.2704,10,11,0.0609,24.8693,24.9302,10,10,1.0
brute_force,"main_cat IN ('Home Audio & Theater', 'Books', 'Tools & Home Improvement')",0.27,0.2704,10,12,0.0557,24.9389,24.9946,10,10,1.0
brute_force,"main_cat IN ('Home Audio & Theater', 'Books', 'Tools & Home Improvement')",0.27,0.2704,10,13,0.0545,24.9439,24.9983,10,10,1.0
brute_force,"main_cat IN ('Home Audio & Theater', 'Books', 'Tools & Home Improvement')",0.27,0.2704,10,14,0.0427,24.9607,25.0033,10,10,1.0
brute_force,"main_cat IN ('Home Audio & Theater', 'Books', 'Tools & Home Improvement')",0.27,0.2704,10,15,0.043,25.2186,25.2616,10,10,1.0
brute_force,"main_cat IN ('Home Audio & Theater', 'Books', 'Tools & Home Improvement')",0.27,0.2704,10,16,0.1285,25.1974,25.3259,10,10,1.0
brute_force,"main_cat IN ('Home Audio & Theater', 'Books', 'Tools & Home Improvement')",0.27,0.2704,10,17,0.119,25.2629,25.3819,10,10,1.0
brute_force,"main_cat IN ('Home Audio & Theater', 'Books', 'Tools & Home Improvement')",0.27,0.2704,10,18,0.1622,26.0164,26.1786,10,10,1.0
brute_force,"main_cat IN ('Home Audio & Theater', 'Books', 'Tools & Home Improvement')",0.27,0.2704,10,19,0.121,26.1141,26.2352,10,10,1.0
brute_force,"main_cat IN ('Home Audio & Theater', 'Books', 'Tools & Home Improvement')",0.27,0.2704,10,20,0.1037,25.5263,25.63,10,10,1.0
brute_force,"main_cat IN ('Home Audio & Theater', 'Books', 'Tools & Home Improvement')",0.27,0.2704,10,21,0.0391,26.0172,26.0563,10,10,1.0
brute_force,"main_cat IN ('Home Audio & Theater', 'Books', 'Tools & Home Improvement')",0.27,0.2704,10,22,0.3488,25.5057,25.8546,10,10,1.0
brute_force,"main_cat IN ('Home Audio & Theater', 'Books', 'Tools & Home Improvement')",0.27,0.2704,10,23,0.0945,24.929,25.0235,10,10,1.0
brute_force,"main_cat IN ('Home Audio & Theater', 'Books', 'Tools & Home Improvement')",0.27,0.2704,10,24,0.0751,24.6799,24.755,10,10,1.0
brute_force,"main_cat IN ('Home Audio & Theater', 'Books', 'Tools & Home Improvement')",0.27,0.2704,10,25,0.0465,24.5519,24.5984,10,10,1.0
brute_force,"main_cat IN ('Home Audio & Theater', 'Books', 'Tools & Home Improvement')",0.27,0.2704,10,26,0.1272,24.8905,25.0177,10,10,1.0
brute_force,"main_cat IN ('Home Audio & Theater', 'Books', 'Tools & Home Improvement')",0.27,0.2704,10,27,0.1308,24.9895,25.1203,10,10,1.0
brute_force,"main_cat IN ('Home Audio & Theater', 'Books', 'Tools & Home Improvement')",0.27,0.2704,10,28,0.0716,25.8388,25.9104,10,10,1.0
brute_force,"main_cat IN ('Home Audio & Theater', 'Books', 'Tools & Home Improvement')",0.27,0.2704,10,29,0.0557,24.8133,24.869,10,10,1.0
brute_force,"main_cat IN ('Home Audio & Theater', 'Books', 'Tools & Home Improvement')",0.27,0.2704,10,30,0.0955,24.8835,24.979,10,10,1.0
brute_force,"main_cat IN ('Home Audio & Theater', 'Books', 'Tools & Home Improvement')",0.27,0.2704,10,31,0.0738,24.6834,24.7572,10,10,1.0
brute_force,"main_cat IN ('Home Audio & Theater', 'Books', 'Tools & Home Improvement')",0.27,0.2704,10,32,0.1169,25.0728,25.1896,10,10,1.0
brute_force,"main_cat IN ('Home Audio & Theater', 'Books', 'Tools & Home Improvement')",0.27,0.2704,10,33,0.031,24.599,24.63,10,10,1.0
brute_force,"main_cat IN ('Home Audio & Theater', 'Books', 'Tools & Home Improvement')",0.27,0.2704,10,34,0.0421,24.5315,24.5736,10,10,1.0
brute_force,"main_cat IN ('Home Audio & Theater', 'Books', 'Tools & Home Improvement')",0.27,0.2704,10,35,0.0591,24.5323,24.5914,10,10,1.0
brute_force,"main_cat IN ('Home Audio & Theater', 'Books', 'Tools & Home Improvement')",0.27,0.2704,10,36,0.2486,24.4983,24.7468,10,10,1.0
brute_force,"main_cat IN ('Home Audio & Theater', 'Books', 'Tools & Home Improvement')",0.27,0.2704,10,37,0.0519,24.7092,24.7611,10,10,1.0
brute_force,"main_cat IN ('Home Audio & Theater', 'Books', 'Tools & Home Improvement')",0.27,0.2704,10,38,0.083,24.8054,24.8884,10,10,1.0
brute_force,"main_cat IN ('Home Audio & Theater', 'Books', 'Tools & Home Improvement')",0.27,0.2704,10,39,0.081,24.823,24.904,10,10,1.0
brute_force,"main_cat IN ('Home Audio & Theater', 'Books', 'Tools & Home Improvement')",0.27,0.2704,10,40,0.0803,24.7665,24.8467,10,10,1.0
brute_force,"main_cat IN ('Home Audio & Theater', 'Books', 'Tools & Home Improvement')",0.27,0.2704,10,41,0.0585,24.7568,24.8153,10,10,1.0
brute_force,"main_cat IN ('Home Audio & Theater', 'Books', 'Tools & Home Improvement')",0.27,0.2704,10,42,0.0435,24.7225,24.766,10,10,1.0
brute_force,"main_cat IN ('Home Audio & Theater', 'Books', 'Tools & Home Improvement')",0.27,0.2704,10,43,0.0758,25.1038,25.1795,10,10,1.0
brute_force,"main_cat IN ('Home Audio & Theater', 'Books', 'Tools & Home Improvement')",0.27,0.2704,10,44,0.1115,24.796,24.9075,10,10,1.0
brute_force,"main_cat IN ('Home Audio & Theater', 'Books', 'Tools & Home Improvement')",0.27,0.2704,10,45,0.0525,24.7276,24.7801,10,10,1.0
brute_force,"main_cat IN ('Home Audio & Theater', 'Books', 'Tools & Home Improvement')",0.27,0.2704,10,46,0.0431,24.766,24.8091,10,10,1.0
brute_force,"main_cat IN ('Home Audio & Theater', 'Books', 'Tools & Home Improvement')",0.27,0.2704,10,47,0.0645,24.8163,24.8808,10,10,1.0
brute_force,"main_cat IN ('Home Audio & Theater', 'Books', 'Tools & Home Improvement')",0.27,0.2704,10,48,0.0905,24.8064,24.8969,10,10,1.0
brute_force,"main_cat IN ('Home Audio & Theater', 'Books', 'Tools & Home Improvement')",0.27,0.2704,10,49,0.0992,24.6931,24.7923,10,10,1.0
naive_prefilter,"main_cat IN ('Home Audio & Theater', 'Books', 'Tools & Home Improvement')",0.27,0.2704,10,0,17.6112,15.5926,33.2038,52390,10,1.0
naive_prefilter,"main_cat IN ('Home Audio & Theater', 'Books', 'Tools & Home Improvement')",0.27,0.2704,10,1,17.7643,15.5447,33.309,52390,10,1.0
naive_prefilter,"main_cat IN ('Home Audio & Theater', 'Books', 'Tools & Home Improvement')",0.27,0.2704,10,2,17.6463,15.868,33.5143,52390,10,1.0
naive_prefilter,"main_cat IN ('Home Audio & Theater', 'Books', 'Tools & Home Improvement')",0.27,0.2704,10,3,17.4816,15.9162,33.3978,52390,10,1.0
naive_prefilter,"main_cat IN ('Home Audio & Theater', 'Books', 'Tools & Home Improvement')",0.27,0.2704,10,4,17.7024,16.266,33.9684,52390,10,1.0
naive_prefilter,"main_cat IN ('Home Audio & Theater', 'Books', 'Tools & Home Improvement')",0.27,0.2704,10,5,18.7282,15.9157,34.6439,52390,10,1.0
naive_prefilter,"main_cat IN ('Home Audio & Theater', 'Books', 'Tools & Home Improvement')",0.27,0.2704,10,6,17.6365,15.663,33.2995,52390,10,1.0
naive_prefilter,"main_cat IN ('Home Audio & Theater', 'Books', 'Tools & Home Improvement')",0.27,0.2704,10,7,17.2008,15.8168,33.0176,52390,10,1.0
naive_prefilter,"main_cat IN ('Home Audio & Theater', 'Books', 'Tools & Home Improvement')",0.27,0.2704,10,8,17.2394,15.633,32.8723,52390,10,1.0
naive_prefilter,"main_cat IN ('Home Audio & Theater', 'Books', 'Tools & Home Improvement')",0.27,0.2704,10,9,17.435,15.5059,32.9409,52390,10,1.0
naive_prefilter,"main_cat IN ('Home Audio & Theater', 'Books', 'Tools & Home Improvement')",0.27,0.2704,10,10,17.2118,15.702,32.9138,52390,10,1.0
naive_prefilter,"main_cat IN ('Home Audio & Theater', 'Books', 'Tools & Home Improvement')",0.27,0.2704,10,11,17.1659,15.6026,32.7685,52390,10,1.0
naive_prefilter,"main_cat IN ('Home Audio & Theater', 'Books', 'Tools & Home Improvement')",0.27,0.2704,10,12,17.3474,15.5819,32.9293,52390,10,1.0
naive_prefilter,"main_cat IN ('Home Audio & Theater', 'Books', 'Tools & Home Improvement')",0.27,0.2704,10,13,17.2177,15.6204,32.8381,52390,10,1.0
naive_prefilter,"main_cat IN ('Home Audio & Theater', 'Books', 'Tools & Home Improvement')",0.27,0.2704,10,14,17.3738,15.6138,32.9876,52390,10,1.0
naive_prefilter,"main_cat IN ('Home Audio & Theater', 'Books', 'Tools & Home Improvement')",0.27,0.2704,10,15,17.3134,15.6563,32.9697,52390,10,1.0
naive_prefilter,"main_cat IN ('Home Audio & Theater', 'Books', 'Tools & Home Improvement')",0.27,0.2704,10,16,17.5716,15.8004,33.372,52390,10,1.0
naive_prefilter,"main_cat IN ('Home Audio & Theater', 'Books', 'Tools & Home Improvement')",0.27,0.2704,10,17,17.5739,19.5739,37.1478,52390,10,1.0
naive_prefilter,"main_cat IN ('Home Audio & Theater', 'Books', 'Tools & Home Improvement')",0.27,0.2704,10,18,17.8538,16.112,33.9658,52390,10,1.0
naive_prefilter,"main_cat IN ('Home Audio & Theater', 'Books', 'Tools & Home Improvement')",0.27,0.2704,10,19,17.6991,15.717,33.4161,52390,10,1.0
naive_prefilter,"main_cat IN ('Home Audio & Theater', 'Books', 'Tools & Home Improvement')",0.27,0.2704,10,20,17.5672,15.7829,33.35,52390,10,1.0
naive_prefilter,"main_cat IN ('Home Audio & Theater', 'Books', 'Tools & Home Improvement')",0.27,0.2704,10,21,17.4919,15.7108,33.2027,52390,10,1.0
naive_prefilter,"main_cat IN ('Home Audio & Theater', 'Books', 'Tools & Home Improvement')",0.27,0.2704,10,22,17.7083,15.6259,33.3342,52390,10,1.0
naive_prefilter,"main_cat IN ('Home Audio & Theater', 'Books', 'Tools & Home Improvement')",0.27,0.2704,10,23,17.7116,15.542,33.2535,52390,10,1.0
naive_prefilter,"main_cat IN ('Home Audio & Theater', 'Books', 'Tools & Home Improvement')",0.27,0.2704,10,24,17.5664,15.6098,33.1761,52390,10,1.0
naive_prefilter,"main_cat IN ('Home Audio & Theater', 'Books', 'Tools & Home Improvement')",0.27,0.2704,10,25,17.3865,15.8696,33.2561,52390,10,1.0
naive_prefilter,"main_cat IN ('Home Audio & Theater', 'Books', 'Tools & Home Improvement')",0.27,0.2704,10,26,17.504,15.535,33.039,52390,10,1.0
naive_prefilter,"main_cat IN ('Home Audio & Theater', 'Books', 'Tools & Home Improvement')",0.27,0.2704,10,27,17.3059,15.7927,33.0986,52390,10,1.0
naive_prefilter,"main_cat IN ('Home Audio & Theater', 'Books', 'Tools & Home Improvement')",0.27,0.2704,10,28,17.3708,15.7492,33.12,52390,10,1.0
naive_prefilter,"main_cat IN ('Home Audio & Theater', 'Books', 'Tools & Home Improvement')",0.27,0.2704,10,29,17.3865,15.6538,33.0403,52390,10,1.0
naive_prefilter,"main_cat IN ('Home Audio & Theater', 'Books', 'Tools & Home Improvement')",0.27,0.2704,10,30,17.236,15.6409,32.8769,52390,10,1.0
naive_prefilter,"main_cat IN ('Home Audio & Theater', 'Books', 'Tools & Home Improvement')",0.27,0.2704,10,31,17.2866,15.6018,32.8883,52390,10,1.0
naive_prefilter,"main_cat IN ('Home Audio & Theater', 'Books', 'Tools & Home Improvement')",0.27,0.2704,10,32,17.3319,15.5829,32.9148,52390,10,1.0
naive_prefilter,"main_cat IN ('Home Audio & Theater', 'Books', 'Tools & Home Improvement')",0.27,0.2704,10,33,17.7485,15.6266,33.375,52390,10,1.0
naive_prefilter,"main_cat IN ('Home Audio & Theater', 'Books', 'Tools & Home Improvement')",0.27,0.2704,10,34,17.6684,15.6249,33.2933,52390,10,1.0
naive_prefilter,"main_cat IN ('Home Audio & Theater', 'Books', 'Tools & Home Improvement')",0.27,0.2704,10,35,17.6707,15.586,33.2568,52390,10,1.0
naive_prefilter,"main_cat IN ('Home Audio & Theater', 'Books', 'Tools & Home Improvement')",0.27,0.2704,10,36,17.1052,15.506,32.6112,52390,10,1.0
naive_prefilter,"main_cat IN ('Home Audio & Theater', 'Books', 'Tools & Home Improvement')",0.27,0.2704,10,37,17.1762,15.5782,32.7544,52390,10,1.0
naive_prefilter,"main_cat IN ('Home Audio & Theater', 'Books', 'Tools & Home Improvement')",0.27,0.2704,10,38,17.1142,15.4846,32.5988,52390,10,1.0
naive_prefilter,"main_cat IN ('Home Audio & Theater', 'Books', 'Tools & Home Improvement')",0.27,0.2704,10,39,17.1167,15.4188,32.5354,52390,10,1.0
naive_prefilter,"main_cat IN ('Home Audio & Theater', 'Books', 'Tools & Home Improvement')",0.27,0.2704,10,40,17.296,15.6171,32.9131,52390,10,1.0
naive_prefilter,"main_cat IN ('Home Audio & Theater', 'Books', 'Tools & Home Improvement')",0.27,0.2704,10,41,17.2189,15.507,32.726,52390,10,1.0
naive_prefilter,"main_cat IN ('Home Audio & Theater', 'Books', 'Tools & Home Improvement')",0.27,0.2704,10,42,17.3915,15.6272,33.0186,52390,10,1.0
naive_prefilter,"main_cat IN ('Home Audio & Theater', 'Books', 'Tools & Home Improvement')",0.27,0.2704,10,43,17.1318,15.5223,32.6542,52390,10,1.0
naive_prefilter,"main_cat IN ('Home Audio & Theater', 'Books', 'Tools & Home Improvement')",0.27,0.2704,10,44,17.2737,15.4996,32.7733,52390,10,1.0
naive_prefilter,"main_cat IN ('Home Audio & Theater', 'Books', 'Tools & Home Improvement')",0.27,0.2704,10,45,17.0301,15.5495,32.5796,52390,10,1.0
naive_prefilter,"main_cat IN ('Home Audio & Theater', 'Books', 'Tools & Home Improvement')",0.27,0.2704,10,46,17.268,15.566,32.834,52390,10,1.0
naive_prefilter,"main_cat IN ('Home Audio & Theater', 'Books', 'Tools & Home Improvement')",0.27,0.2704,10,47,16.9002,15.6175,32.5176,52390,10,0.0
naive_prefilter,"main_cat IN ('Home Audio & Theater', 'Books', 'Tools & Home Improvement')",0.27,0.2704,10,48,17.2166,15.4856,32.7022,52390,10,1.0
naive_prefilter,"main_cat IN ('Home Audio & Theater', 'Books', 'Tools & Home Improvement')",0.27,0.2704,10,49,17.0832,15.4925,32.5757,52390,10,1.0
post_filter,"main_cat IN ('Home Audio & Theater', 'Books', 'Tools & Home Improvement')",0.27,0.2704,10,0,0.0081,0.2939,0.302,10,10,1.0
post_filter,"main_cat IN ('Home Audio & Theater', 'Books', 'Tools & Home Improvement')",0.27,0.2704,10,1,0.0228,0.8942,0.917,10,10,1.0
post_filter,"main_cat IN ('Home Audio & Theater', 'Books', 'Tools & Home Improvement')",0.27,0.2704,10,2,0.0682,0.699,0.7672,10,10,1.0
post_filter,"main_cat IN ('Home Audio & Theater', 'Books', 'Tools & Home Improvement')",0.27,0.2704,10,3,0.0338,0.8394,0.8732,10,10,1.0
post_filter,"main_cat IN ('Home Audio & Theater', 'Books', 'Tools & Home Improvement')",0.27,0.2704,10,4,0.0319,0.8772,0.9091,10,10,1.0
post_filter,"main_cat IN ('Home Audio & Theater', 'Books', 'Tools & Home Improvement')",0.27,0.2704,10,5,0.2355,0.7234,0.9589,10,10,1.0
post_filter,"main_cat IN ('Home Audio & Theater', 'Books', 'Tools & Home Improvement')",0.27,0.2704,10,6,0.0748,1.5083,1.5831,10,10,1.0
post_filter,"main_cat IN ('Home Audio & Theater', 'Books', 'Tools & Home Improvement')",0.27,0.2704,10,7,0.0545,1.0907,1.1452,10,10,1.0
post_filter,"main_cat IN ('Home Audio & Theater', 'Books', 'Tools & Home Improvement')",0.27,0.2704,10,8,0.056,2.7037,2.7597,10,10,1.0
post_filter,"main_cat IN ('Home Audio & Theater', 'Books', 'Tools & Home Improvement')",0.27,0.2704,10,9,0.0692,1.844,1.9133,10,10,1.0
post_filter,"main_cat IN ('Home Audio & Theater', 'Books', 'Tools & Home Improvement')",0.27,0.2704,10,10,0.076,1.3399,1.4159,10,10,1.0
post_filter,"main_cat IN ('Home Audio & Theater', 'Books', 'Tools & Home Improvement')",0.27,0.2704,10,11,0.0377,3.7532,3.7909,10,10,1.0
post_filter,"main_cat IN ('Home Audio & Theater', 'Books', 'Tools & Home Improvement')",0.27,0.2704,10,12,0.0242,0.7338,0.758,10,10,1.0
post_filter,"main_cat IN ('Home Audio & Theater', 'Books', 'Tools & Home Improvement')",0.27,0.2704,10,13,0.0361,4.904,4.9401,10,10,1.0
post_filter,"main_cat IN ('Home Audio & Theater', 'Books', 'Tools & Home Improvement')",0.27,0.2704,10,14,0.0175,0.8332,0.8507,10,10,1.0
post_filter,"main_cat IN ('Home Audio & Theater', 'Books', 'Tools & Home Improvement')",0.27,0.2704,10,15,0.0125,0.5032,0.5157,10,10,1.0
post_filter,"main_cat IN ('Home Audio & Theater', 'Books', 'Tools & Home Improvement')",0.27,0.2704,10,16,0.0537,0.9137,0.9675,10,10,1.0
post_filter,"main_cat IN ('Home Audio & Theater', 'Books', 'Tools & Home Improvement')",0.27,0.2704,10,17,0.0477,0.715,0.7627,10,10,1.0
post_filter,"main_cat IN ('Home Audio & Theater', 'Books', 'Tools & Home Improvement')",0.27,0.2704,10,18,0.0885,0.8773,0.9658,10,10,1.0
post_filter,"main_cat IN ('Home Audio & Theater', 'Books', 'Tools & Home Improvement')",0.27,0.2704,10,19,0.0503,0.9068,0.9571,10,10,1.0
post_filter,"main_cat IN ('Home Audio & Theater', 'Books', 'Tools & Home Improvement')",0.27,0.2704,10,20,0.0508,0.7173,0.768,10,10,1.0
post_filter,"main_cat IN ('Home Audio & Theater', 'Books', 'Tools & Home Improvement')",0.27,0.2704,10,21,0.0151,0.7557,0.7708,10,10,1.0
post_filter,"main_cat IN ('Home Audio & Theater', 'Books', 'Tools & Home Improvement')",0.27,0.2704,10,22,0.1745,7.0883,7.2629,10,10,0.8
post_filter,"main_cat IN ('Home Audio & Theater', 'Books', 'Tools & Home Improvement')",0.27,0.2704,10,23,0.0373,0.718,0.7553,10,10,1.0
post_filter,"main_cat IN ('Home Audio & Theater', 'Books', 'Tools & Home Improvement')",0.27,0.2704,10,24,0.0376,0.9648,1.0024,10,10,1.0
post_filter,"main_cat IN ('Home Audio & Theater', 'Books', 'Tools & Home Improvement')",0.27,0.2704,10,25,0.0236,0.2904,0.314,10,10,0.6
post_filter,"main_cat IN ('Home Audio & Theater', 'Books', 'Tools & Home Improvement')",0.27,0.2704,10,26,0.0773,0.801,0.8783,10,10,0.9
post_filter,"main_cat IN ('Home Audio & Theater', 'Books', 'Tools & Home Improvement')",0.27,0.2704,10,27,0.0807,0.7885,0.8692,10,10,1.0
post_filter,"main_cat IN ('Home Audio & Theater', 'Books', 'Tools & Home Improvement')",0.27,0.2704,10,28,0.0309,0.8363,0.8672,10,10,1.0
post_filter,"main_cat IN ('Home Audio & Theater', 'Books', 'Tools & Home Improvement')",0.27,0.2704,10,29,0.0288,0.6482,0.6771,10,10,1.0
post_filter,"main_cat IN ('Home Audio & Theater', 'Books', 'Tools & Home Improvement')",0.27,0.2704,10,30,0.0472,0.4365,0.4837,10,10,0.0
post_filter,"main_cat IN ('Home Audio & Theater', 'Books', 'Tools & Home Improvement')",0.27,0.2704,10,31,0.0499,1.0867,1.1367,10,10,1.0
post_filter,"main_cat IN ('Home Audio & Theater', 'Books', 'Tools & Home Improvement')",0.27,0.2704,10,32,0.0504,0.7398,0.7902,10,10,1.0
post_filter,"main_cat IN ('Home Audio & Theater', 'Books', 'Tools & Home Improvement')",0.27,0.2704,10,33,0.0139,0.53,0.544,10,10,1.0
post_filter,"main_cat IN ('Home Audio & Theater', 'Books', 'Tools & Home Improvement')",0.27,0.2704,10,34,0.0235,0.8938,0.9173,10,10,1.0
post_filter,"main_cat IN ('Home Audio & Theater', 'Books', 'Tools & Home Improvement')",0.27,0.2704,10,35,0.0651,1.2007,1.2658,10,10,1.0
post_filter,"main_cat IN ('Home Audio & Theater', 'Books', 'Tools & Home Improvement')",0.27,0.2704,10,36,0.1746,1.2473,1.4219,10,10,1.0
post_filter,"main_cat IN ('Home Audio & Theater', 'Books', 'Tools & Home Improvement')",0.27,0.2704,10,37,0.0238,1.7632,1.787,10,10,1.0
post_filter,"main_cat IN ('Home Audio & Theater', 'Books', 'Tools & Home Improvement')",0.27,0.2704,10,38,0.0403,1.6752,1.7155,10,10,1.0
post_filter,"main_cat IN ('Home Audio & Theater', 'Books', 'Tools & Home Improvement')",0.27,0.2704,10,39,0.0309,0.5467,0.5776,10,10,1.0
post_filter,"main_cat IN ('Home Audio & Theater', 'Books', 'Tools & Home Improvement')",0.27,0.2704,10,40,0.0445,1.0835,1.128,10,10,1.0
post_filter,"main_cat IN ('Home Audio & Theater', 'Books', 'Tools & Home Improvement')",0.27,0.2704,10,41,0.0272,0.601,0.6281,10,10,1.0
post_filter,"main_cat IN ('Home Audio & Theater', 'Books', 'Tools & Home Improvement')",0.27,0.2704,10,42,0.025,0.8713,0.8962,10,10,1.0
post_filter,"main_cat IN ('Home Audio & Theater', 'Books', 'Tools & Home Improvement')",0.27,0.2704,10,43,0.0362,0.4486,0.4848,10,10,0.9
post_filter,"main_cat IN ('Home Audio & Theater', 'Books', 'Tools & Home Improvement')",0.27,0.2704,10,44,0.0609,0.678,0.7389,10,10,1.0
post_filter,"main_cat IN ('Home Audio & Theater', 'Books', 'Tools & Home Improvement')",0.27,0.2704,10,45,0.0269,0.8859,0.9128,10,10,1.0
post_filter,"main_cat IN ('Home Audio & Theater', 'Books', 'Tools & Home Improvement')",0.27,0.2704,10,46,0.0197,0.7095,0.7293,10,10,1.0
post_filter,"main_cat IN ('Home Audio & Theater', 'Books', 'Tools & Home Improvement')",0.27,0.2704,10,47,0.038,0.2426,0.2806,10,10,0.1
post_filter,"main_cat IN ('Home Audio & Theater', 'Books', 'Tools & Home Improvement')",0.27,0.2704,10,48,0.0391,0.8329,0.872,10,10,1.0
post_filter,"main_cat IN ('Home Audio & Theater', 'Books', 'Tools & Home Improvement')",0.27,0.2704,10,49,0.0303,0.3984,0.4286,10,10,1.0
bitmap_prefilter,"main_cat IN ('Home Audio & Theater', 'Books', 'Tools & Home Improvement')",0.27,0.2704,10,0,0.0625,14.7936,14.8561,52390,10,1.0
bitmap_prefilter,"main_cat IN ('Home Audio & Theater', 'Books', 'Tools & Home Improvement')",0.27,0.2704,10,1,0.0806,14.8455,14.9262,52390,10,1.0
bitmap_prefilter,"main_cat IN ('Home Audio & Theater', 'Books', 'Tools & Home Improvement')",0.27,0.2704,10,2,0.0729,14.7606,14.8335,52390,10,1.0
bitmap_prefilter,"main_cat IN ('Home Audio & Theater', 'Books', 'Tools & Home Improvement')",0.27,0.2704,10,3,0.0622,14.7616,14.8237,52390,10,1.0
bitmap_prefilter,"main_cat IN ('Home Audio & Theater', 'Books', 'Tools & Home Improvement')",0.27,0.2704,10,4,0.0608,14.8456,14.9064,52390,10,1.0
bitmap_prefilter,"main_cat IN ('Home Audio & Theater', 'Books', 'Tools & Home Improvement')",0.27,0.2704,10,5,0.0625,14.7807,14.8432,52390,10,1.0
bitmap_prefilter,"main_cat IN ('Home Audio & Theater', 'Books', 'Tools & Home Improvement')",0.27,0.2704,10,6,0.0595,14.9031,14.9626,52390,10,1.0
bitmap_prefilter,"main_cat IN ('Home Audio & Theater', 'Books', 'Tools & Home Improvement')",0.27,0.2704,10,7,0.0574,14.7613,14.8187,52390,10,1.0
bitmap_prefilter,"main_cat IN ('Home Audio & Theater', 'Books', 'Tools & Home Improvement')",0.27,0.2704,10,8,0.0687,14.8581,14.9268,52390,10,1.0
bitmap_prefilter,"main_cat IN ('Home Audio & Theater', 'Books', 'Tools & Home Improvement')",0.27,0.2704,10,9,0.065,14.6544,14.7193,52390,10,1.0
bitmap_prefilter,"main_cat IN ('Home Audio & Theater', 'Books', 'Tools & Home Improvement')",0.27,0.2704,10,10,0.0619,14.8096,14.8715,52390,10,1.0
bitmap_prefilter,"main_cat IN ('Home Audio & Theater', 'Books', 'Tools & Home Improvement')",0.27,0.2704,10,11,0.0663,14.8006,14.8669,52390,10,1.0
bitmap_prefilter,"main_cat IN ('Home Audio & Theater', 'Books', 'Tools & Home Improvement')",0.27,0.2704,10,12,0.058,14.6731,14.7312,52390,10,1.0
bitmap_prefilter,"main_cat IN ('Home Audio & Theater', 'Books', 'Tools & Home Improvement')",0.27,0.2704,10,13,0.0575,14.6921,14.7496,52390,10,1.0
bitmap_prefilter,"main_cat IN ('Home Audio & Theater', 'Books', 'Tools & Home Improvement')",0.27,0.2704,10,14,0.0637,14.6475,14.7112,52390,10,1.0
bitmap_prefilter,"main_cat IN ('Home Audio & Theater', 'Books', 'Tools & Home Improvement')",0.27,0.2704,10,15,0.0598,15.0814,15.1412,52390,10,1.0
bitmap_prefilter,"main_cat IN ('Home Audio & Theater', 'Books', 'Tools & Home Improvement')",0.27,0.2704,10,16,0.0598,14.9179,14.9776,52390,10,1.0
bitmap_prefilter,"main_cat IN ('Home Audio & Theater', 'Books', 'Tools & Home Improvement')",0.27,0.2704,10,17,0.0567,14.8982,14.9549,52390,10,1.0
bitmap_prefilter,"main_cat IN ('Home Audio & Theater', 'Books', 'Tools & Home Improvement')",0.27,0.2704,10,18,0.0575,14.7369,14.7943,52390,10,1.0
bitmap_prefilter,"main_cat IN ('Home Audio & Theater', 'Books', 'Tools & Home Improvement')",0.27,0.2704,10,19,0.06,14.7861,14.8461,52390,10,1.0
bitmap_prefilter,"main_cat IN ('Home Audio & Theater', 'Books', 'Tools & Home Improvement')",0.27,0.2704,10,20,0.059,15.005,15.064,52390,10,1.0
bitmap_prefilter,"main_cat IN ('Home Audio & Theater', 'Books', 'Tools & Home Improvement')",0.27,0.2704,10,21,0.0611,14.6587,14.7197,52390,10,1.0
bitmap_prefilter,"main_cat IN ('Home Audio & Theater', 'Books', 'Tools & Home Improvement')",0.27,0.2704,10,22,0.0585,14.7755,14.834,52390,10,1.0
bitmap_prefilter,"main_cat IN ('Home Audio & Theater', 'Books', 'Tools & Home Improvement')",0.27,0.2704,10,23,0.0575,14.7761,14.8336,52390,10,1.0
bitmap_prefilter,"main_cat IN ('Home Audio & Theater', 'Books', 'Tools & Home Improvement')",0.27,0.2704,10,24,0.0563,14.9313,14.9876,52390,10,1.0
bitmap_prefilter,"main_cat IN ('Home Audio & Theater', 'Books', 'Tools & Home Improvement')",0.27,0.2704,10,25,0.0575,15.767,15.8245,52390,10,1.0
bitmap_prefilter,"main_cat IN ('Home Audio & Theater', 'Books', 'Tools & Home Improvement')",0.27,0.2704,10,26,0.0588,15.1075,15.1663,52390,10,1.0
bitmap_prefilter,"main_cat IN ('Home Audio & Theater', 'Books', 'Tools & Home Improvement')",0.27,0.2704,10,27,0.0569,14.839,14.8959,52390,10,1.0
bitmap_prefilter,"main_cat IN ('Home Audio & Theater', 'Books', 'Tools & Home Improvement')",0.27,0.2704,10,28,0.0555,14.9165,14.972,52390,10,1.0
bitmap_prefilter,"main_cat IN ('Home Audio & Theater', 'Books', 'Tools & Home Improvement')",0.27,0.2704,10,29,0.0551,14.6635,14.7186,52390,10,1.0
bitmap_prefilter,"main_cat IN ('Home Audio & Theater', 'Books', 'Tools & Home Improvement')",0.27,0.2704,10,30,0.0577,14.7137,14.7714,52390,10,1.0
bitmap_prefilter,"main_cat IN ('Home Audio & Theater', 'Books', 'Tools & Home Improvement')",0.27,0.2704,10,31,0.0575,14.7107,14.7683,52390,10,1.0
bitmap_prefilter,"main_cat IN ('Home Audio & Theater', 'Books', 'Tools & Home Improvement')",0.27,0.2704,10,32,0.0554,14.6798,14.7352,52390,10,1.0
bitmap_prefilter,"main_cat IN ('Home Audio & Theater', 'Books', 'Tools & Home Improvement')",0.27,0.2704,10,33,0.0573,14.819,14.8764,52390,10,1.0
bitmap_prefilter,"main_cat IN ('Home Audio & Theater', 'Books', 'Tools & Home Improvement')",0.27,0.2704,10,34,0.056,14.6504,14.7064,52390,10,1.0
bitmap_prefilter,"main_cat IN ('Home Audio & Theater', 'Books', 'Tools & Home Improvement')",0.27,0.2704,10,35,0.0582,14.9198,14.978,52390,10,1.0
bitmap_prefilter,"main_cat IN ('Home Audio & Theater', 'Books', 'Tools & Home Improvement')",0.27,0.2704,10,36,0.0576,14.8253,14.8829,52390,10,1.0
bitmap_prefilter,"main_cat IN ('Home Audio & Theater', 'Books', 'Tools & Home Improvement')",0.27,0.2704,10,37,0.0573,14.8658,14.9231,52390,10,1.0
bitmap_prefilter,"main_cat IN ('Home Audio & Theater', 'Books', 'Tools & Home Improvement')",0.27,0.2704,10,38,0.0561,14.761,14.8171,52390,10,1.0
bitmap_prefilter,"main_cat IN ('Home Audio & Theater', 'Books', 'Tools & Home Improvement')",0.27,0.2704,10,39,0.0567,14.7334,14.7901,52390,10,1.0
bitmap_prefilter,"main_cat IN ('Home Audio & Theater', 'Books', 'Tools & Home Improvement')",0.27,0.2704,10,40,0.057,14.7115,14.7685,52390,10,1.0
bitmap_prefilter,"main_cat IN ('Home Audio & Theater', 'Books', 'Tools & Home Improvement')",0.27,0.2704,10,41,0.0566,14.9334,14.99,52390,10,1.0
bitmap_prefilter,"main_cat IN ('Home Audio & Theater', 'Books', 'Tools & Home Improvement')",0.27,0.2704,10,42,0.0567,14.7264,14.7831,52390,10,1.0
bitmap_prefilter,"main_cat IN ('Home Audio & Theater', 'Books', 'Tools & Home Improvement')",0.27,0.2704,10,43,0.0556,14.7828,14.8384,52390,10,1.0
bitmap_prefilter,"main_cat IN ('Home Audio & Theater', 'Books', 'Tools & Home Improvement')",0.27,0.2704,10,44,0.0565,14.8971,14.9536,52390,10,1.0
bitmap_prefilter,"main_cat IN ('Home Audio & Theater', 'Books', 'Tools & Home Improvement')",0.27,0.2704,10,45,0.0575,14.7452,14.8027,52390,10,1.0
bitmap_prefilter,"main_cat IN ('Home Audio & Theater', 'Books', 'Tools & Home Improvement')",0.27,0.2704,10,46,0.057,14.7707,14.8277,52390,10,1.0
bitmap_prefilter,"main_cat IN ('Home Audio & Theater', 'Books', 'Tools & Home Improvement')",0.27,0.2704,10,47,0.057,14.7299,14.7868,52390,10,0.0
bitmap_prefilter,"main_cat IN ('Home Audio & Theater', 'Books', 'Tools & Home Improvement')",0.27,0.2704,10,48,0.0573,14.756,14.8132,52390,10,1.0
bitmap_prefilter,"main_cat IN ('Home Audio & Theater', 'Books', 'Tools & Home Improvement')",0.27,0.2704,10,49,0.0558,14.7568,14.8127,52390,10,1.0
brute_force,"main_cat IN ('Home Audio & Theater', 'Books', 'Tools & Home Improvement')",0.27,0.2704,50,0,0.0891,24.619,24.7081,50,50,1.0
brute_force,"main_cat IN ('Home Audio & Theater', 'Books', 'Tools & Home Improvement')",0.27,0.2704,50,1,0.1245,24.8082,24.9326,50,50,1.0
brute_force,"main_cat IN ('Home Audio & Theater', 'Books', 'Tools & Home Improvement')",0.27,0.2704,50,2,0.2763,25.0398,25.3161,50,50,1.0
brute_force,"main_cat IN ('Home Audio & Theater', 'Books', 'Tools & Home Improvement')",0.27,0.2704,50,3,0.1482,24.8381,24.9863,50,50,1.0
brute_force,"main_cat IN ('Home Audio & Theater', 'Books', 'Tools & Home Improvement')",0.27,0.2704,50,4,0.214,25.2399,25.4539,50,50,1.0
brute_force,"main_cat IN ('Home Audio & Theater', 'Books', 'Tools & Home Improvement')",0.27,0.2704,50,5,0.469,25.9638,26.4328,50,50,1.0
brute_force,"main_cat IN ('Home Audio & Theater', 'Books', 'Tools & Home Improvement')",0.27,0.2704,50,6,0.2194,29.8664,30.0858,50,50,1.0
brute_force,"main_cat IN ('Home Audio & Theater', 'Books', 'Tools & Home Improvement')",0.27,0.2704,50,7,0.1337,57.8935,58.0272,50,50,1.0
brute_force,"main_cat IN ('Home Audio & Theater', 'Books', 'Tools & Home Improvement')",0.27,0.2704,50,8,0.111,25.3388,25.4498,50,50,0.96
brute_force,"main_cat IN ('Home Audio & Theater', 'Books', 'Tools & Home Improvement')",0.27,0.2704,50,9,0.1172,24.7259,24.8431,50,50,1.0
brute_force,"main_cat IN ('Home Audio & Theater', 'Books', 'Tools & Home Improvement')",0.27,0.2704,50,10,0.1649,24.7059,24.8708,50,50,1.0
brute_force,"main_cat IN ('Home Audio & Theater', 'Books', 'Tools & Home Improvement')",0.27,0.2704,50,11,0.1307,24.6949,24.8255,50,50,1.0
brute_force,"main_cat IN ('Home Audio & Theater', 'Books', 'Tools & Home Improvement')",0.27,0.2704,50,12,0.0971,25.0111,25.1082,50,50,1.0
brute_force,"main_cat IN ('Home Audio & Theater', 'Books', 'Tools & Home Improvement')",0.27,0.2704,50,13,0.0887,24.8851,24.9738,50,50,1.0
brute_force,"main_cat IN ('Home Audio & Theater', 'Books', 'Tools & Home Improvement')",0.27,0.2704,50,14,0.0686,25.1262,25.1948,50,50,1.0
brute_force,"main_cat IN ('Home Audio & Theater', 'Books', 'Tools & Home Improvement')",0.27,0.2704,50,15,0.0678,25.0995,25.1673,50,50,1.0
brute_force,"main_cat IN ('Home Audio & Theater', 'Books', 'Tools & Home Improvement')",0.27,0.2704,50,16,0.1925,25.9144,26.1069,50,50,1.0
brute_force,"main_cat IN ('Home Audio & Theater', 'Books', 'Tools & Home Improvement')",0.27,0.2704,50,17,0.2323,25.1236,25.3559,50,50,1.0
brute_force,"main_cat IN ('Home Audio & Theater', 'Books', 'Tools & Home Improvement')",0.27,0.2704,50,18,0.2546,25.3226,25.5772,50,50,0.98
brute_force,"main_cat IN ('Home Audio & Theater', 'Books', 'Tools & Home Improvement')",0.27,0.2704,50,19,0.216,25.2343,25.4504,50,50,1.0
brute_force,"main_cat IN ('Home Audio & Theater', 'Books', 'Tools & Home Improvement')",0.27,0.2704,50,20,0.196,25.836,26.032,50,50,1.0
brute_force,"main_cat IN ('Home Audio & Theater', 'Books', 'Tools & Home Improvement')",0.27,0.2704,50,21,0.0631,25.4829,25.546,50,50,0.98
brute_force,"main_cat IN ('Home Audio & Theater', 'Books', 'Tools & Home Improvement')",0.27,0.2704,50,22,0.572,25.4386,26.0106,50,50,1.0
brute_force,"main_cat IN ('Home Audio & Theater', 'Books', 'Tools & Home Improvement')",0.27,0.2704,50,23,0.1744,25.6319,25.8063,50,50,1.0
brute_force,"main_cat IN ('Home Audio & Theater', 'Books', 'Tools & Home Improvement')",0.27,0.2704,50,24,0.1771,25.3317,25.5089,50,50,1.0
brute_force,"main_cat IN ('Home Audio & Theater', 'Books', 'Tools & Home Improvement')",0.27,0.2704,50,25,0.0954,25.3744,25.4698,50,50,1.0
brute_force,"main_cat IN ('Home Audio & Theater', 'Books', 'Tools & Home Improvement')",0.27,0.2704,50,26,0.2716,25.1865,25.4582,50,50,1.0
brute_force,"main_cat IN ('Home Audio & Theater', 'Books', 'Tools & Home Improvement')",0.27,0.2704,50,27,0.3855,25.4114,25.7969,50,50,1.0
brute_force,"main_cat IN ('Home Audio & Theater', 'Books', 'Tools & Home Improvement')",0.27,0.2704,50,28,0.173,25.4763,25.6492,50,50,1.0
brute_force,"main_cat IN ('Home Audio & Theater', 'Books', 'Tools & Home Improvement')",0.27,0.2704,50,29,0.1223,25.1736,25.2959,50,50,1.0
brute_force,"main_cat IN ('Home Audio & Theater', 'Books', 'Tools & Home Improvement')",0.27,0.2704,50,30,0.1534,25.0233,25.1767,50,50,1.0
brute_force,"main_cat IN ('Home Audio & Theater', 'Books', 'Tools & Home Improvement')",0.27,0.2704,50,31,0.154,24.9452,25.0993,50,50,1.0
brute_force,"main_cat IN ('Home Audio & Theater', 'Books', 'Tools & Home Improvement')",0.27,0.2704,50,32,0.1821,25.1958,25.3779,50,50,1.0
brute_force,"main_cat IN ('Home Audio & Theater', 'Books', 'Tools & Home Improvement')",0.27,0.2704,50,33,0.058,24.775,24.833,50,50,1.0
brute_force,"main_cat IN ('Home Audio & Theater', 'Books', 'Tools & Home Improvement')",0.27,0.2704,50,34,0.0961,24.8135,24.9096,50,50,1.0
brute_force,"main_cat IN ('Home Audio & Theater', 'Books', 'Tools & Home Improvement')",0.27,0.2704,50,35,0.1627,24.8881,25.0507,50,50,1.0
brute_force,"main_cat IN ('Home Audio & Theater', 'Books', 'Tools & Home Improvement')",0.27,0.2704,50,36,0.3567,24.9719,25.3287,50,50,1.0
brute_force,"main_cat IN ('Home Audio & Theater', 'Books', 'Tools & Home Improvement')",0.27,0.2704,50,37,0.1325,26.3893,26.5219,50,50,1.0
brute_force,"main_cat IN ('Home Audio & Theater', 'Books', 'Tools & Home Improvement')",0.27,0.2704,50,38,0.2555,25.911,26.1664,50,50,1.0
brute_force,"main_cat IN ('Home Audio & Theater', 'Books', 'Tools & Home Improvement')",0.27,0.2704,50,39,0.1464,25.7404,25.8868,50,50,1.0
brute_force,"main_cat IN ('Home Audio & Theater', 'Books', 'Tools & Home Improvement')",0.27,0.2704,50,40,0.1562,24.9844,25.1406,50,50,1.0
brute_force,"main_cat IN ('Home Audio & Theater', 'Books', 'Tools & Home Improvement')",0.27,0.2704,50,41,0.1301,24.8041,24.9342,50,50,1.0
brute_force,"main_cat IN ('Home Audio & Theater', 'Books', 'Tools & Home Improvement')",0.27,0.2704,50,42,0.1195,24.5777,24.6972,50,50,1.0
brute_force,"main_cat IN ('Home Audio & Theater', 'Books', 'Tools & Home Improvement')",0.27,0.2704,50,43,0.1553,24.7815,24.9369,50,50,0.98
brute_force,"main_cat IN ('Home Audio & Theater', 'Books', 'Tools & Home Improvement')",0.27,0.2704,50,44,0.2368,24.7692,25.006,50,50,1.0
brute_force,"main_cat IN ('Home Audio & Theater', 'Books', 'Tools & Home Improvement')",0.27,0.2704,50,45,0.1407,24.6054,24.746,50,50,1.0
brute_force,"main_cat IN ('Home Audio & Theater', 'Books', 'Tools & Home Improvement')",0.27,0.2704,50,46,0.093,24.6245,24.7175,50,50,1.0
brute_force,"main_cat IN ('Home Audio & Theater', 'Books', 'Tools & Home Improvement')",0.27,0.2704,50,47,0.1611,24.5968,24.7579,50,50,1.0
brute_force,"main_cat IN ('Home Audio & Theater', 'Books', 'Tools & Home Improvement')",0.27,0.2704,50,48,0.1993,25.2118,25.4111,50,50,1.0
brute_force,"main_cat IN ('Home Audio & Theater', 'Books', 'Tools & Home Improvement')",0.27,0.2704,50,49,0.1875,24.7152,24.9027,50,50,1.0
naive_prefilter,"main_cat IN ('Home Audio & Theater', 'Books', 'Tools & Home Improvement')",0.27,0.2704,50,0,17.7471,16.0891,33.8363,52390,50,1.0
naive_prefilter,"main_cat IN ('Home Audio & Theater', 'Books', 'Tools & Home Improvement')",0.27,0.2704,50,1,17.8579,15.8034,33.6613,52390,50,1.0
naive_prefilter,"main_cat IN ('Home Audio & Theater', 'Books', 'Tools & Home Improvement')",0.27,0.2704,50,2,17.4629,15.8652,33.3281,52390,50,1.0
naive_prefilter,"main_cat IN ('Home Audio & Theater', 'Books', 'Tools & Home Improvement')",0.27,0.2704,50,3,17.4505,15.9439,33.3944,52390,50,1.0
naive_prefilter,"main_cat IN ('Home Audio & Theater', 'Books', 'Tools & Home Improvement')",0.27,0.2704,50,4,17.779,15.9471,33.726,52390,50,1.0
naive_prefilter,"main_cat IN ('Home Audio & Theater', 'Books', 'Tools & Home Improvement')",0.27,0.2704,50,5,17.7147,15.9025,33.6172,52390,50,1.0
naive_prefilter,"main_cat IN ('Home Audio & Theater', 'Books', 'Tools & Home Improvement')",0.27,0.2704,50,6,17.884,16.0288,33.9128,52390,50,1.0
naive_prefilter,"main_cat IN ('Home Audio & Theater', 'Books', 'Tools & Home Improvement')",0.27,0.2704,50,7,17.626,15.7788,33.4049,52390,50,1.0
naive_prefilter,"main_cat IN ('Home Audio & Theater', 'Books', 'Tools & Home Improvement')",0.27,0.2704,50,8,17.8163,15.9038,33.7201,52390,50,0.96
naive_prefilter,"main_cat IN ('Home Audio & Theater', 'Books', 'Tools & Home Improvement')",0.27,0.2704,50,9,17.8613,15.7417,33.603,52390,50,1.0
naive_prefilter,"main_cat IN ('Home Audio & Theater', 'Books', 'Tools & Home Improvement')",0.27,0.2704,50,10,17.5936,15.5413,33.1349,52390,50,1.0
naive_prefilter,"main_cat IN ('Home Audio & Theater', 'Books', 'Tools & Home Improvement')",0.27,0.2704,50,11,17.815,15.6694,33.4843,52390,50,1.0
naive_prefilter,"main_cat IN ('Home Audio & Theater', 'Books', 'Tools & Home Improvement')",0.27,0.2704,50,12,17.4855,15.6378,33.1233,52390,50,1.0
naive_prefilter,"main_cat IN ('Home Audio & Theater', 'Books', 'Tools & Home Improvement')",0.27,0.2704,50,13,17.3256,15.76,33.0857,52390,50,1.0
naive_prefilter,"main_cat IN ('Home Audio & Theater', 'Books', 'Tools & Home Improvement')",0.27,0.2704,50,14,17.4381,15.9673,33.4053,52390,50,1.0
naive_prefilter,"main_cat IN ('Home Audio & Theater', 'Books', 'Tools & Home Improvement')",0.27,0.2704,50,15,17.6328,16.3381,33.971,52390,50,1.0
naive_prefilter,"main_cat IN ('Home Audio & Theater', 'Books', 'Tools & Home Improvement')",0.27,0.2704,50,16,17.8702,16.7394,34.6095,52390,50,1.0
naive_prefilter,"main_cat IN ('Home Audio & Theater', 'Books', 'Tools & Home Improvement')",0.27,0.2704,50,17,18.2023,16.703,34.9052,52390,50,1.0
naive_prefilter,"main_cat IN ('Home Audio & Theater', 'Books', 'Tools & Home Improvement')",0.27,0.2704,50,18,18.3424,17.8578,36.2003,52390,50,0.98
naive_prefilter,"main_cat IN ('Home Audio & Theater', 'Books', 'Tools & Home Improvement')",0.27,0.2704,50,19,17.9799,16.3507,34.3306,52390,50,1.0
naive_prefilter,"main_cat IN ('Home Audio & Theater', 'Books', 'Tools & Home Improvement')",0.27,0.2704,50,20,17.7771,15.8022,33.5793,52390,50,1.0
naive_prefilter,"main_cat IN ('Home Audio & Theater', 'Books', 'Tools & Home Improvement')",0.27,0.2704,50,21,17.711,15.8159,33.5269,52390,50,0.98
naive_prefilter,"main_cat IN ('Home Audio & Theater', 'Books', 'Tools & Home Improvement')",0.27,0.2704,50,22,17.7759,15.6717,33.4476,52390,50,1.0
naive_prefilter,"main_cat IN ('Home Audio & Theater', 'Books', 'Tools & Home Improvement')",0.27,0.2704,50,23,17.5241,15.8593,33.3835,52390,50,1.0
naive_prefilter,"main_cat IN ('Home Audio & Theater', 'Books', 'Tools & Home Improvement')",0.27,0.2704,50,24,17.4703,16.104,33.5743,52390,50,1.0
naive_prefilter,"main_cat IN ('Home Audio & Theater', 'Books', 'Tools & Home Improvement')",0.27,0.2704,50,25,17.6697,15.8638,33.5336,52390,50,1.0
naive_prefilter,"main_cat IN ('Home Audio & Theater', 'Books', 'Tools & Home Improvement')",0.27,0.2704,50,26,17.4302,15.9999,33.4302,52390,50,1.0
naive_prefilter,"main_cat IN ('Home Audio & Theater', 'Books', 'Tools & Home Improvement')",0.27,0.2704,50,27,17.7171,16.0454,33.7625,52390,50,1.0
naive_prefilter,"main_cat IN ('Home Audio & Theater', 'Books', 'Tools & Home Improvement')",0.27,0.2704,50,28,17.7653,16.2403,34.0056,52390,50,1.0
naive_prefilter,"main_cat IN ('Home Audio & Theater', 'Books', 'Tools & Home Improvement')",0.27,0.2704,50,29,18.1354,17.305,35.4404,52390,50,1.0
naive_prefilter,"main_cat IN ('Home Audio & Theater', 'Books', 'Tools & Home Improvement')",0.27,0.2704,50,30,18.5776,16.1987,34.7763,52390,50,0.88
naive_prefilter,"main_cat IN ('Home Audio & Theater', 'Books', 'Tools & Home Improvement')",0.27,0.2704,50,31,17.8015,16.0562,33.8577,52390,50,1.0
naive_prefilter,"main_cat IN ('Home Audio & Theater', 'Books', 'Tools & Home Improvement')",0.27,0.2704,50,32,17.7544,16.124,33.8785,52390,50,1.0
naive_prefilter,"main_cat IN ('Home Audio & Theater', 'Books', 'Tools & Home Improvement')",0.27,0.2704,50,33,17.4078,15.6622,33.07,52390,50,1.0
naive_prefilter,"main_cat IN ('Home Audio & Theater', 'Books', 'Tools & Home Improvement')",0.27,0.2704,50,34,17.6814,15.7105,33.3918,52390,50,1.0
naive_prefilter,"main_cat IN ('Home Audio & Theater', 'Books', 'Tools & Home Improvement')",0.27,0.2704,50,35,17.3546,15.725,33.0796,52390,50,1.0
naive_prefilter,"main_cat IN ('Home Audio & Theater', 'Books', 'Tools & Home Improvement')",0.27,0.2704,50,36,17.6723,15.7329,33.4051,52390,50,1.0
naive_prefilter,"main_cat IN ('Home Audio & Theater', 'Books', 'Tools & Home Improvement')",0.27,0.2704,50,37,17.6657,15.6584,33.3241,52390,50,1.0
naive_prefilter,"main_cat IN ('Home Audio & Theater', 'Books', 'Tools & Home Improvement')",0.27,0.2704,50,38,17.3233,15.738,33.0612,52390,50,1.0
naive_prefilter,"main_cat IN ('Home Audio & Theater', 'Books', 'Tools & Home Improvement')",0.27,0.2704,50,39,17.2967,15.64,32.9367,52390,50,1.0
naive_prefilter,"main_cat IN ('Home Audio & Theater', 'Books', 'Tools & Home Improvement')",0.27,0.2704,50,40,17.767,15.8834,33.6504,52390,50,1.0
naive_prefilter,"main_cat IN ('Home Audio & Theater', 'Books', 'Tools & Home Improvement')",0.27,0.2704,50,41,17.5098,16.1517,33.6615,52390,50,1.0
naive_prefilter,"main_cat IN ('Home Audio & Theater', 'Books', 'Tools & Home Improvement')",0.27,0.2704,50,42,17.6488,16.4139,34.0627,52390,50,1.0
naive_prefilter,"main_cat IN ('Home Audio & Theater', 'Books', 'Tools & Home Improvement')",0.27,0.2704,50,43,18.0112,17.2375,35.2487,52390,50,0.98
naive_prefilter,"main_cat IN ('Home Audio & Theater', 'Books', 'Tools & Home Improvement')",0.27,0.2704,50,44,18.4118,16.8059,35.2177,52390,50,1.0
naive_prefilter,"main_cat IN ('Home Audio & Theater', 'Books', 'Tools & Home Improvement')",0.27,0.2704,50,45,17.7456,16.8088,34.5544,52390,50,1.0
naive_prefilter,"main_cat IN ('Home Audio & Theater', 'Books', 'Tools & Home Improvement')",0.27,0.2704,50,46,17.6448,16.1709,33.8157,52390,50,1.0
naive_prefilter,"main_cat IN ('Home Audio & Theater', 'Books', 'Tools & Home Improvement')",0.27,0.2704,50,47,17.8558,16.0996,33.9554,52390,50,0.9
naive_prefilter,"main_cat IN ('Home Audio & Theater', 'Books', 'Tools & Home Improvement')",0.27,0.2704,50,48,17.4159,15.814,33.2299,52390,50,1.0
naive_prefilter,"main_cat IN ('Home Audio & Theater', 'Books', 'Tools & Home Improvement')",0.27,0.2704,50,49,17.7412,16.0999,33.8411,52390,50,1.0
post_filter,"main_cat IN ('Home Audio & Theater', 'Books', 'Tools & Home Improvement')",0.27,0.2704,50,0,0.0361,0.5084,0.5445,50,50,1.0
post_filter,"main_cat IN ('Home Audio & Theater', 'Books', 'Tools & Home Improvement')",0.27,0.2704,50,1,0.0929,1.0881,1.181,50,50,1.0
post_filter,"main_cat IN ('Home Audio & Theater', 'Books', 'Tools & Home Improvement')",0.27,0.2704,50,2,0.2212,0.8282,1.0493,50,50,0.9
post_filter,"main_cat IN ('Home Audio & Theater', 'Books', 'Tools & Home Improvement')",0.27,0.2704,50,3,0.1176,0.9236,1.0412,50,50,0.92
post_filter,"main_cat IN ('Home Audio & Theater', 'Books', 'Tools & Home Improvement')",0.27,0.2704,50,4,0.1651,1.0891,1.2543,50,50,0.9
post_filter,"main_cat IN ('Home Audio & Theater', 'Books', 'Tools & Home Improvement')",0.27,0.2704,50,5,0.3946,0.9439,1.3385,50,50,0.9
post_filter,"main_cat IN ('Home Audio & Theater', 'Books', 'Tools & Home Improvement')",0.27,0.2704,50,6,0.1337,1.3224,1.4561,50,50,1.0
post_filter,"main_cat IN ('Home Audio & Theater', 'Books', 'Tools & Home Improvement')",0.27,0.2704,50,7,0.111,0.8711,0.9822,50,50,1.0
post_filter,"main_cat IN ('Home Audio & Theater', 'Books', 'Tools & Home Improvement')",0.27,0.2704,50,8,0.1248,1.4091,1.5339,50,50,0.96
post_filter,"main_cat IN ('Home Audio & Theater', 'Books', 'Tools & Home Improvement')",0.27,0.2704,50,9,0.1054,1.3144,1.4198,50,50,0.98
post_filter,"main_cat IN ('Home Audio & Theater', 'Books', 'Tools & Home Improvement')",0.27,0.2704,50,10,0.1545,1.098,1.2525,50,50,1.0
post_filter,"main_cat IN ('Home Audio & Theater', 'Books', 'Tools & Home Improvement')",0.27,0.2704,50,11,0.1059,1.0853,1.1912,50,50,1.0
post_filter,"main_cat IN ('Home Audio & Theater', 'Books', 'Tools & Home Improvement')",0.27,0.2704,50,12,0.0917,0.8725,0.9642,50,50,1.0
post_filter,"main_cat IN ('Home Audio & Theater', 'Books', 'Tools & Home Improvement')",0.27,0.2704,50,13,0.0838,0.9811,1.0649,50,50,1.0
post_filter,"main_cat IN ('Home Audio & Theater', 'Books', 'Tools & Home Improvement')",0.27,0.2704,50,14,0.0568,0.7255,0.7824,50,50,1.0
post_filter,"main_cat IN ('Home Audio & Theater', 'Books', 'Tools & Home Improvement')",0.27,0.2704,50,15,0.0495,0.6553,0.7049,50,50,1.0
post_filter,"main_cat IN ('Home Audio & Theater', 'Books', 'Tools & Home Improvement')",0.27,0.2704,50,16,0.1601,1.1165,1.2766,50,50,0.96
post_filter,"main_cat IN ('Home Audio & Theater', 'Books', 'Tools & Home Improvement')",0.27,0.2704,50,17,0.202,0.8089,1.0108,50,50,0.84
post_filter,"main_cat IN ('Home Audio & Theater', 'Books', 'Tools & Home Improvement')",0.27,0.2704,50,18,0.2246,0.9569,1.1815,50,50,0.94
post_filter,"main_cat IN ('Home Audio & Theater', 'Books', 'Tools & Home Improvement')",0.27,0.2704,50,19,0.1991,1.1074,1.3065,50,50,0.88
post_filter,"main_cat IN ('Home Audio & Theater', 'Books', 'Tools & Home Improvement')",0.27,0.2704,50,20,0.1608,0.7723,0.9331,50,50,0.98
post_filter,"main_cat IN ('Home Audio & Theater', 'Books', 'Tools & Home Improvement')",0.27,0.2704,50,21,0.051,0.8238,0.8748,50,50,0.98
post_filter,"main_cat IN ('Home Audio & Theater', 'Books', 'Tools & Home Improvement')",0.27,0.2704,50,22,0.4844,0.8542,1.3387,50,50,0.58
post_filter,"main_cat IN ('Home Audio & Theater', 'Books', 'Tools & Home Improvement')",0.27,0.2704,50,23,0.1425,0.8199,0.9624,50,50,1.0
post_filter,"main_cat IN ('Home Audio & Theater', 'Books', 'Tools & Home Improvement')",0.27,0.2704,50,24,0.1485,1.1867,1.3352,50,50,0.98
post_filter,"main_cat IN ('Home Audio & Theater', 'Books', 'Tools & Home Improvement')",0.27,0.2704,50,25,0.0784,0.3626,0.441,50,50,0.82
post_filter,"main_cat IN ('Home Audio & Theater', 'Books', 'Tools & Home Improvement')",0.27,0.2704,50,26,0.2445,1.056,1.3005,50,50,0.92
post_filter,"main_cat IN ('Home Audio & Theater', 'Books', 'Tools & Home Improvement')",0.27,0.2704,50,27,0.3145,1.0104,1.3249,50,50,0.94
post_filter,"main_cat IN ('Home Audio & Theater', 'Books', 'Tools & Home Improvement')",0.27,0.2704,50,28,0.141,1.057,1.198,50,50,0.98
post_filter,"main_cat IN ('Home Audio & Theater', 'Books', 'Tools & Home Improvement')",0.27,0.2704,50,29,0.101,0.6567,0.7577,50,50,0.98
post_filter,"main_cat IN ('Home Audio & Theater', 'Books', 'Tools & Home Improvement')",0.27,0.2704,50,30,0.1434,0.4895,0.6329,50,50,0.0
post_filter,"main_cat IN ('Home Audio & Theater', 'Books', 'Tools & Home Improvement')",0.27,0.2704,50,31,0.1269,1.0283,1.1552,50,50,0.96
post_filter,"main_cat IN ('Home Audio & Theater', 'Books', 'Tools & Home Improvement')",0.27,0.2704,50,32,0.156,0.8051,0.9611,50,50,0.98
post_filter,"main_cat IN ('Home Audio & Theater', 'Books', 'Tools & Home Improvement')",0.27,0.2704,50,33,0.0482,0.6149,0.6631,50,50,1.0
post_filter,"main_cat IN ('Home Audio & Theater', 'Books', 'Tools & Home Improvement')",0.27,0.2704,50,34,0.089,1.0099,1.0988,50,50,1.0
post_filter,"main_cat IN ('Home Audio & Theater', 'Books', 'Tools & Home Improvement')",0.27,0.2704,50,35,0.1825,1.1852,1.3677,50,50,0.98
post_filter,"main_cat IN ('Home Audio & Theater', 'Books', 'Tools & Home Improvement')",0.27,0.2704,50,36,0.3672,0.8756,1.2428,50,50,0.78
post_filter,"main_cat IN ('Home Audio & Theater', 'Books', 'Tools & Home Improvement')",0.27,0.2704,50,37,0.1077,0.8026,0.9103,50,50,1.0
post_filter,"main_cat IN ('Home Audio & Theater', 'Books', 'Tools & Home Improvement')",0.27,0.2704,50,38,0.2186,1.3374,1.556,50,50,0.94
post_filter,"main_cat IN ('Home Audio & Theater', 'Books', 'Tools & Home Improvement')",0.27,0.2704,50,39,0.1252,0.6132,0.7384,50,50,1.0
post_filter,"main_cat IN ('Home Audio & Theater', 'Books', 'Tools & Home Improvement')",0.27,0.2704,50,40,0.1266,1.3265,1.4532,50,50,1.0
post_filter,"main_cat IN ('Home Audio & Theater', 'Books', 'Tools & Home Improvement')",0.27,0.2704,50,41,0.1107,0.682,0.7928,50,50,1.0
post_filter,"main_cat IN ('Home Audio & Theater', 'Books', 'Tools & Home Improvement')",0.27,0.2704,50,42,0.0924,1.0335,1.126,50,50,0.98
post_filter,"main_cat IN ('Home Audio & Theater', 'Books', 'Tools & Home Improvement')",0.27,0.2704,50,43,0.134,0.5154,0.6494,50,50,0.94
post_filter,"main_cat IN ('Home Audio & Theater', 'Books', 'Tools & Home Improvement')",0.27,0.2704,50,44,0.1915,0.7595,0.951,50,50,1.0
post_filter,"main_cat IN ('Home Audio & Theater', 'Books', 'Tools & Home Improvement')",0.27,0.2704,50,45,0.1126,1.1231,1.2357,50,50,0.92
post_filter,"main_cat IN ('Home Audio & Theater', 'Books', 'Tools & Home Improvement')",0.27,0.2704,50,46,0.0769,0.9021,0.979,50,50,1.0
post_filter,"main_cat IN ('Home Audio & Theater', 'Books', 'Tools & Home Improvement')",0.27,0.2704,50,47,0.1394,0.3147,0.4542,50,50,0.9
post_filter,"main_cat IN ('Home Audio & Theater', 'Books', 'Tools & Home Improvement')",0.27,0.2704,50,48,0.1692,1.0938,1.263,50,50,0.94
post_filter,"main_cat IN ('Home Audio & Theater', 'Books', 'Tools & Home Improvement')",0.27,0.2704,50,49,0.1549,0.5234,0.6783,50,50,0.76
bitmap_prefilter,"main_cat IN ('Home Audio & Theater', 'Books', 'Tools & Home Improvement')",0.27,0.2704,50,0,0.0608,14.7867,14.8475,52390,50,1.0
bitmap_prefilter,"main_cat IN ('Home Audio & Theater', 'Books', 'Tools & Home Improvement')",0.27,0.2704,50,1,0.0676,14.7775,14.8451,52390,50,1.0
bitmap_prefilter,"main_cat IN ('Home Audio & Theater', 'Books', 'Tools & Home Improvement')",0.27,0.2704,50,2,0.0724,14.9175,14.9899,52390,50,1.0
bitmap_prefilter,"main_cat IN ('Home Audio & Theater', 'Books', 'Tools & Home Improvement')",0.27,0.2704,50,3,0.0736,14.7275,14.8011,52390,50,1.0
bitmap_prefilter,"main_cat IN ('Home Audio & Theater', 'Books', 'Tools & Home Improvement')",0.27,0.2704,50,4,0.0639,14.7621,14.826,52390,50,1.0
bitmap_prefilter,"main_cat IN ('Home Audio & Theater', 'Books', 'Tools & Home Improvement')",0.27,0.2704,50,5,0.0605,15.1197,15.1802,52390,50,1.0
bitmap_prefilter,"main_cat IN ('Home Audio & Theater', 'Books', 'Tools & Home Improvement')",0.27,0.2704,50,6,0.0588,14.8092,14.868,52390,50,1.0
bitmap_prefilter,"main_cat IN ('Home Audio & Theater', 'Books', 'Tools & Home Improvement')",0.27,0.2704,50,7,0.062,14.7289,14.7909,52390,50,1.0
bitmap_prefilter,"main_cat IN ('Home Audio & Theater', 'Books', 'Tools & Home Improvement')",0.27,0.2704,50,8,0.0598,15.0971,15.1569,52390,50,0.96
bitmap_prefilter,"main_cat IN ('Home Audio & Theater', 'Books', 'Tools & Home Improvement')",0.27,0.2704,50,9,0.0655,15.0163,15.0818,52390,50,1.0
bitmap_prefilter,"main_cat IN ('Home Audio & Theater', 'Books', 'Tools & Home Improvement')",0.27,0.2704,50,10,0.064,14.7522,14.8161,52390,50,1.0
bitmap_prefilter,"main_cat IN ('Home Audio & Theater', 'Books', 'Tools & Home Improvement')",0.27,0.2704,50,11,0.0621,14.7871,14.8492,52390,50,1.0
bitmap_prefilter,"main_cat IN ('Home Audio & Theater', 'Books', 'Tools & Home Improvement')",0.27,0.2704,50,12,0.0591,14.8494,14.9085,52390,50,1.0
bitmap_prefilter,"main_cat IN ('Home Audio & Theater', 'Books', 'Tools & Home Improvement')",0.27,0.2704,50,13,0.0585,14.8156,14.874,52390,50,1.0
bitmap_prefilter,"main_cat IN ('Home Audio & Theater', 'Books', 'Tools & Home Improvement')",0.27,0.2704,50,14,0.0581,14.8003,14.8584,52390,50,1.0
bitmap_prefilter,"main_cat IN ('Home Audio & Theater', 'Books', 'Tools & Home Improvement')",0.27,0.2704,50,15,0.0577,14.6521,14.7099,52390,50,1.0
bitmap_prefilter,"main_cat IN ('Home Audio & Theater', 'Books', 'Tools & Home Improvement')",0.27,0.2704,50,16,0.0563,14.7406,14.797,52390,50,1.0
bitmap_prefilter,"main_cat IN ('Home Audio & Theater', 'Books', 'Tools & Home Improvement')",0.27,0.2704,50,17,0.0572,14.7026,14.7598,52390,50,1.0
bitmap_prefilter,"main_cat IN ('Home Audio & Theater', 'Books', 'Tools & Home Improvement')",0.27,0.2704,50,18,0.0562,14.8257,14.8819,52390,50,0.98
bitmap_prefilter,"main_cat IN ('Home Audio & Theater', 'Books', 'Tools & Home Improvement')",0.27,0.2704,50,19,0.057,14.6957,14.7526,52390,50,1.0
bitmap_prefilter,"main_cat IN ('Home Audio & Theater', 'Books', 'Tools & Home Improvement')",0.27,0.2704,50,20,0.0564,14.7066,14.763,52390,50,1.0
bitmap_prefilter,"main_cat IN ('Home Audio & Theater', 'Books', 'Tools & Home Improvement')",0.27,0.2704,50,21,0.0562,14.66,14.7163,52390,50,0.98
bitmap_prefilter,"main_cat IN ('Home Audio & Theater', 'Books', 'Tools & Home Improvement')",0.27,0.2704,50,22,0.0573,14.675,14.7323,52390,50,1.0
bitmap_prefilter,"main_cat IN ('Home Audio & Theater', 'Books', 'Tools & Home Improvement')",0.27,0.2704,50,23,0.0568,14.7127,14.7695,52390,50,1.0
bitmap_prefilter,"main_cat IN ('Home Audio & Theater', 'Books', 'Tools & Home Improvement')",0.27,0.2704,50,24,0.0558,14.8912,14.947,52390,50,1.0
bitmap_prefilter,"main_cat IN ('Home Audio & Theater', 'Books', 'Tools & Home Improvement')",0.27,0.2704,50,25,0.0558,14.9855,15.0412,52390,50,1.0
bitmap_prefilter,"main_cat IN ('Home Audio & Theater', 'Books', 'Tools & Home Improvement')",0.27,0.2704,50,26,0.0564,14.8822,14.9385,52390,50,1.0
bitmap_prefilter,"main_cat IN ('Home Audio & Theater', 'Books', 'Tools & Home Improvement')",0.27,0.2704,50,27,0.0572,14.8395,14.8967,52390,50,1.0
bitmap_prefilter,"main_cat IN ('Home Audio & Theater', 'Books', 'Tools & Home Improvement')",0.27,0.2704,50,28,0.0557,15.0799,15.1356,52390,50,1.0
bitmap_prefilter,"main_cat IN ('Home Audio & Theater', 'Books', 'Tools & Home Improvement')",0.27,0.2704,50,29,0.06,15.0509,15.1109,52390,50,1.0
bitmap_prefilter,"main_cat IN ('Home Audio & Theater', 'Books', 'Tools & Home Improvement')",0.27,0.2704,50,30,0.0695,14.7495,14.819,52390,50,0.88
bitmap_prefilter,"main_cat IN ('Home Audio & Theater', 'Books', 'Tools & Home Improvement')",0.27,0.2704,50,31,0.0639,14.8134,14.8772,52390,50,1.0
bitmap_prefilter,"main_cat IN ('Home Audio & Theater', 'Books', 'Tools & Home Improvement')",0.27,0.2704,50,32,0.0608,14.9284,14.9892,52390,50,1.0
bitmap_prefilter,"main_cat IN ('Home Audio & Theater', 'Books', 'Tools & Home Improvement')",0.27,0.2704,50,33,0.0588,14.6868,14.7456,52390,50,1.0
bitmap_prefilter,"main_cat IN ('Home Audio & Theater', 'Books', 'Tools & Home Improvement')",0.27,0.2704,50,34,0.0588,14.6393,14.6981,52390,50,1.0
bitmap_prefilter,"main_cat IN ('Home Audio & Theater', 'Books', 'Tools & Home Improvement')",0.27,0.2704,50,35,0.0589,14.7242,14.7832,52390,50,1.0
bitmap_prefilter,"main_cat IN ('Home Audio & Theater', 'Books', 'Tools & Home Improvement')",0.27,0.2704,50,36,0.0571,14.8862,14.9433,52390,50,1.0
bitmap_prefilter,"main_cat IN ('Home Audio & Theater', 'Books', 'Tools & Home Improvement')",0.27,0.2704,50,37,0.057,14.6945,14.7514,52390,50,1.0
bitmap_prefilter,"main_cat IN ('Home Audio & Theater', 'Books', 'Tools & Home Improvement')",0.27,0.2704,50,38,0.0566,14.7716,14.8282,52390,50,1.0
bitmap_prefilter,"main_cat IN ('Home Audio & Theater', 'Books', 'Tools & Home Improvement')",0.27,0.2704,50,39,0.0572,14.7922,14.8494,52390,50,1.0
bitmap_prefilter,"main_cat IN ('Home Audio & Theater', 'Books', 'Tools & Home Improvement')",0.27,0.2704,50,40,0.057,14.8555,14.9125,52390,50,1.0
bitmap_prefilter,"main_cat IN ('Home Audio & Theater', 'Books', 'Tools & Home Improvement')",0.27,0.2704,50,41,0.0567,14.69,14.7467,52390,50,1.0
bitmap_prefilter,"main_cat IN ('Home Audio & Theater', 'Books', 'Tools & Home Improvement')",0.27,0.2704,50,42,0.0555,14.6889,14.7444,52390,50,1.0
bitmap_prefilter,"main_cat IN ('Home Audio & Theater', 'Books', 'Tools & Home Improvement')",0.27,0.2704,50,43,0.0569,14.7275,14.7843,52390,50,0.98
bitmap_prefilter,"main_cat IN ('Home Audio & Theater', 'Books', 'Tools & Home Improvement')",0.27,0.2704,50,44,0.0562,14.8417,14.8979,52390,50,1.0
bitmap_prefilter,"main_cat IN ('Home Audio & Theater', 'Books', 'Tools & Home Improvement')",0.27,0.2704,50,45,0.0556,15.1213,15.1769,52390,50,1.0
bitmap_prefilter,"main_cat IN ('Home Audio & Theater', 'Books', 'Tools & Home Improvement')",0.27,0.2704,50,46,0.0554,14.8228,14.8783,52390,50,1.0
bitmap_prefilter,"main_cat IN ('Home Audio & Theater', 'Books', 'Tools & Home Improvement')",0.27,0.2704,50,47,0.0559,14.8287,14.8846,52390,50,0.9
bitmap_prefilter,"main_cat IN ('Home Audio & Theater', 'Books', 'Tools & Home Improvement')",0.27,0.2704,50,48,0.0559,14.6631,14.719,52390,50,1.0
bitmap_prefilter,"main_cat IN ('Home Audio & Theater', 'Books', 'Tools & Home Improvement')",0.27,0.2704,50,49,0.0562,14.8021,14.8583,52390,50,1.0
brute_force,"main_cat IN ('All Electronics', 'Books', 'Car Electronics')",0.29,0.2898,10,0,0.1312,24.7294,24.8606,10,10,1.0
brute_force,"main_cat IN ('All Electronics', 'Books', 'Car Electronics')",0.29,0.2898,10,1,0.0502,24.5516,24.6018,10,10,1.0
brute_force,"main_cat IN ('All Electronics', 'Books', 'Car Electronics')",0.29,0.2898,10,2,0.0505,24.9939,25.0445,10,10,1.0
brute_force,"main_cat IN ('All Electronics', 'Books', 'Car Electronics')",0.29,0.2898,10,3,0.0672,24.7427,24.8098,10,10,1.0
brute_force,"main_cat IN ('All Electronics', 'Books', 'Car Electronics')",0.29,0.2898,10,4,0.0348,24.6545,24.6893,10,10,1.0
brute_force,"main_cat IN ('All Electronics', 'Books', 'Car Electronics')",0.29,0.2898,10,5,0.0287,24.6295,24.6583,10,10,1.0
brute_force,"main_cat IN ('All Electronics', 'Books', 'Car Electronics')",0.29,0.2898,10,6,0.0396,24.7538,24.7935,10,10,1.0
brute_force,"main_cat IN ('All Electronics', 'Books', 'Car Electronics')",0.29,0.2898,10,7,0.0434,24.996,25.0394,10,10,1.0
brute_force,"main_cat IN ('All Electronics', 'Books', 'Car Electronics')",0.29,0.2898,10,8,0.0673,25.6637,25.731,10,10,1.0
brute_force,"main_cat IN ('All Electronics', 'Books', 'Car Electronics')",0.29,0.2898,10,9,0.0719,24.6854,24.7573,10,10,1.0
brute_force,"main_cat IN ('All Electronics', 'Books', 'Car Electronics')",0.29,0.2898,10,10,0.0413,24.8772,24.9185,10,10,1.0
brute_force,"main_cat IN ('All Electronics', 'Books', 'Car Electronics')",0.29,0.2898,10,11,0.0517,24.6352,24.6868,10,10,1.0
brute_force,"main_cat IN ('All Electronics', 'Books', 'Car Electronics')",0.29,0.2898,10,12,0.1301,24.6963,24.8264,10,10,1.0
brute_force,"main_cat IN ('All Electronics', 'Books', 'Car Electronics')",0.29,0.2898,10,13,0.0534,24.6798,24.7332,10,10,1.0
brute_force,"main_cat IN ('All Electronics', 'Books', 'Car Electronics')",0.29,0.2898,10,14,0.0145,24.5852,24.5998,10,10,1.0
brute_force,"main_cat IN ('All Electronics', 'Books', 'Car Electronics')",0.29,0.2898,10,15,0.0144,24.5703,24.5846,10,10,1.0
brute_force,"main_cat IN ('All Electronics', 'Books', 'Car Electronics')",0.29,0.2898,10,16,0.036,24.6526,24.6887,10,10,1.0
brute_force,"main_cat IN ('All Electronics', 'Books', 'Car Electronics')",0.29,0.2898,10,17,0.0755,24.638,24.7135,10,10,1.0
brute_force,"main_cat IN ('All Electronics', 'Books', 'Car Electronics')",0.29,0.2898,10,18,0.0422,24.4544,24.4966,10,10,1.0
brute_force,"main_cat IN ('All Electronics', 'Books', 'Car Electronics')",0.29,0.2898,10,19,0.0385,24.6182,24.6566,10,10,1.0
brute_force,"main_cat IN ('All Electronics', 'Books', 'Car Electronics')",0.29,0.2898,10,20,0.0307,24.6123,24.643,10,10,1.0
brute_force,"main_cat IN ('All Electronics', 'Books', 'Car Electronics')",0.29,0.2898,10,21,0.0152,24.4721,24.4873,10,10,1.0
brute_force,"main_cat IN ('All Electronics', 'Books', 'Car Electronics')",0.29,0.2898,10,22,0.1178,24.5177,24.6355,10,10,1.0
brute_force,"main_cat IN ('All Electronics', 'Books', 'Car Electronics')",0.29,0.2898,10,23,0.0397,24.6733,24.713,10,10,1.0
brute_force,"main_cat IN ('All Electronics', 'Books', 'Car Electronics')",0.29,0.2898,10,24,0.0358,24.4931,24.5289,10,10,1.0
brute_force,"main_cat IN ('All Electronics', 'Books', 'Car Electronics')",0.29,0.2898,10,25,0.0433,24.5388,24.5821,10,10,1.0
brute_force,"main_cat IN ('All Electronics', 'Books', 'Car Electronics')",0.29,0.2898,10,26,0.0395,24.7171,24.7565,10,10,1.0
brute_force,"main_cat IN ('All Electronics', 'Books', 'Car Electronics')",0.29,0.2898,10,27,0.0233,24.6216,24.6449,10,10,1.0
brute_force,"main_cat IN ('All Electronics', 'Books', 'Car Electronics')",0.29,0.2898,10,28,0.0427,24.5211,24.5638,10,10,1.0
brute_force,"main_cat IN ('All Electronics', 'Books', 'Car Electronics')",0.29,0.2898,10,29,0.0688,24.6407,24.7095,10,10,1.0
brute_force,"main_cat IN ('All Electronics', 'Books', 'Car Electronics')",0.29,0.2898,10,30,0.0436,24.5778,24.6215,10,10,1.0
brute_force,"main_cat IN ('All Electronics', 'Books', 'Car Electronics')",0.29,0.2898,10,31,0.0283,24.6281,24.6564,10,10,1.0
brute_force,"main_cat IN ('All Electronics', 'Books', 'Car Electronics')",0.29,0.2898,10,32,0.0722,24.8015,24.8737,10,10,1.0
brute_force,"main_cat IN ('All Electronics', 'Books', 'Car Electronics')",0.29,0.2898,10,33,0.0161,24.8401,24.8562,10,10,1.0
brute_force,"main_cat IN ('All Electronics', 'Books', 'Car Electronics')",0.29,0.2898,10,34,0.1385,24.5855,24.724,10,10,1.0
brute_force,"main_cat IN ('All Electronics', 'Books', 'Car Electronics')",0.29,0.2898,10,35,0.0285,24.7326,24.7611,10,10,1.0
brute_force,"main_cat IN ('All Electronics', 'Books', 'Car Electronics')",0.29,0.2898,10,36,0.0749,24.5216,24.5965,10,10,1.0
brute_force,"main_cat IN ('All Electronics', 'Books', 'Car Electronics')",0.29,0.2898,10,37,0.0271,24.7288,24.7559,10,10,1.0
brute_force,"main_cat IN ('All Electronics', 'Books', 'Car Electronics')",0.29,0.2898,10,38,0.0266,24.4194,24.446,10,10,1.0
brute_force,"main_cat IN ('All Electronics', 'Books', 'Car Electronics')",0.29,0.2898,10,39,0.0325,24.6334,24.6659,10,10,1.0
brute_force,"main_cat IN ('All Electronics', 'Books', 'Car Electronics')",0.29,0.2898,10,40,0.0614,24.4813,24.5427,10,10,1.0
brute_force,"main_cat IN ('All Electronics', 'Books', 'Car Electronics')",0.29,0.2898,10,41,0.0314,24.6172,24.6486,10,10,1.0
brute_force,"main_cat IN ('All Electronics', 'Books', 'Car Electronics')",0.29,0.2898,10,42,0.0567,24.5587,24.6154,10,10,1.0
brute_force,"main_cat IN ('All Electronics', 'Books', 'Car Electronics')",0.29,0.2898,10,43,0.0452,24.6493,24.6945,10,10,1.0
brute_force,"main_cat IN ('All Electronics', 'Books', 'Car Electronics')",0.29,0.2898,10,44,0.0738,24.5295,24.6033,10,10,1.0
brute_force,"main_cat IN ('All Electronics', 'Books', 'Car Electronics')",0.29,0.2898,10,45,0.0388,24.731,24.7698,10,10,1.0
brute_force,"main_cat IN ('All Electronics', 'Books', 'Car Electronics')",0.29,0.2898,10,46,0.0368,24.7311,24.768,10,10,1.0
brute_force,"main_cat IN ('All Electronics', 'Books', 'Car Electronics')",0.29,0.2898,10,47,0.033,24.8895,24.9225,10,10,1.0
brute_force,"main_cat IN ('All Electronics', 'Books', 'Car Electronics')",0.29,0.2898,10,48,0.0462,24.809,24.8552,10,10,1.0
brute_force,"main_cat IN ('All Electronics', 'Books', 'Car Electronics')",0.29,0.2898,10,49,0.0541,24.9281,24.9823,10,10,1.0
naive_prefilter,"main_cat IN ('All Electronics', 'Books', 'Car Electronics')",0.29,0.2898,10,0,17.4458,16.6667,34.1125,56160,10,1.0
naive_prefilter,"main_cat IN ('All Electronics', 'Books', 'Car Electronics')",0.29,0.2898,10,1,17.7304,16.5588,34.2892,56160,10,1.0
naive_prefilter,"main_cat IN ('All Electronics', 'Books', 'Car Electronics')",0.29,0.2898,10,2,17.7357,16.8136,34.5493,56160,10,1.0
naive_prefilter,"main_cat IN ('All Electronics', 'Books', 'Car Electronics')",0.29,0.2898,10,3,17.4206,16.6801,34.1007,56160,10,1.0
naive_prefilter,"main_cat IN ('All Electronics', 'Books', 'Car Electronics')",0.29,0.2898,10,4,17.7028,16.7758,34.4786,56160,10,1.0
naive_prefilter,"main_cat IN ('All Electronics', 'Books', 'Car Electronics')",0.29,0.2898,10,5,17.6138,16.7108,34.3247,56160,10,1.0
naive_prefilter,"main_cat IN ('All Electronics', 'Books', 'Car Electronics')",0.29,0.2898,10,6,17.3897,16.81,34.1997,56160,10,1.0
naive_prefilter,"main_cat IN ('All Electronics', 'Books', 'Car Electronics')",0.29,0.2898,10,7,17.3639,16.5699,33.9337,56160,10,1.0
naive_prefilter,"main_cat IN ('All Electronics', 'Books', 'Car Electronics')",0.29,0.2898,10,8,17.5075,16.5993,34.1067,56160,10,1.0
naive_prefilter,"main_cat IN ('All Electronics', 'Books', 'Car Electronics')",0.29,0.2898,10,9,17.3797,16.5934,33.973,56160,10,1.0
naive_prefilter,"main_cat IN ('All Electronics', 'Books', 'Car Electronics')",0.29,0.2898,10,10,17.6353,17.5246,35.1599,56160,10,1.0
naive_prefilter,"main_cat IN ('All Electronics', 'Books', 'Car Electronics')",0.29,0.2898,10,11,17.4001,16.643,34.0431,56160,10,1.0
naive_prefilter,"main_cat IN ('All Electronics', 'Books', 'Car Electronics')",0.29,0.2898,10,12,17.4805,16.5439,34.0244,56160,10,1.0
naive_prefilter,"main_cat IN ('All Electronics', 'Books', 'Car Electronics')",0.29,0.2898,10,13,17.3526,16.6524,34.005,56160,10,1.0
naive_prefilter,"main_cat IN ('All Electronics', 'Books', 'Car Electronics')",0.29,0.2898,10,14,17.452,16.556,34.008,56160,10,1.0
naive_prefilter,"main_cat IN ('All Electronics', 'Books', 'Car Electronics')",0.29,0.2898,10,15,17.448,16.5026,33.9507,56160,10,1.0
naive_prefilter,"main_cat IN ('All Electronics', 'Books', 'Car Electronics')",0.29,0.2898,10,16,17.1414,16.8661,34.0075,56160,10,1.0
naive_prefilter,"main_cat IN ('All Electronics', 'Books', 'Car Electronics')",0.29,0.2898,10,17,17.3473,16.7361,34.0834,56160,10,1.0
naive_prefilter,"main_cat IN ('All Electronics', 'Books', 'Car Electronics')",0.29,0.2898,10,18,17.8012,16.5982,34.3993,56160,10,1.0
naive_prefilter,"main_cat IN ('All Electronics', 'Books', 'Car Electronics')",0.29,0.2898,10,19,17.7132,16.6047,34.318,56160,10,1.0
naive_prefilter,"main_cat IN ('All Electronics', 'Books', 'Car Electronics')",0.29,0.2898,10,20,17.3273,16.4717,33.799,56160,10,1.0
naive_prefilter,"main_cat IN ('All Electronics', 'Books', 'Car Electronics')",0.29,0.2898,10,21,17.2267,16.5249,33.7516,56160,10,1.0
naive_prefilter,"main_cat IN ('All Electronics', 'Books', 'Car Electronics')",0.29,0.2898,10,22,17.133,16.5712,33.7042,56160,10,1.0
naive_prefilter,"main_cat IN ('All Electronics', 'Books', 'Car Electronics')",0.29,0.2898,10,23,17.1198,16.7674,33.8873,56160,10,1.0
naive_prefilter,"main_cat IN ('All Electronics', 'Books', 'Car Electronics')",0.29,0.2898,10,24,17.3694,16.6707,34.04,56160,10,1.0
naive_prefilter,"main_cat IN ('All Electronics', 'Books', 'Car Electronics')",0.29,0.2898,10,25,17.3597,16.5532,33.9129,56160,10,1.0
naive_prefilter,"main_cat IN ('All Electronics', 'Books', 'Car Electronics')",0.29,0.2898,10,26,17.1672,16.5948,33.762,56160,10,1.0
naive_prefilter,"main_cat IN ('All Electronics', 'Books', 'Car Electronics')",0.29,0.2898,10,27,17.3898,16.44,33.8298,56160,10,1.0
naive_prefilter,"main_cat IN ('All Electronics', 'Books', 'Car Electronics')",0.29,0.2898,10,28,17.3378,16.5359,33.8737,56160,10,1.0
naive_prefilter,"main_cat IN ('All Electronics', 'Books', 'Car Electronics')",0.29,0.2898,10,29,17.447,16.556,34.0031,56160,10,1.0
naive_prefilter,"main_cat IN ('All Electronics', 'Books', 'Car Electronics')",0.29,0.2898,10,30,17.2992,17.3687,34.6679,56160,10,1.0
naive_prefilter,"main_cat IN ('All Electronics', 'Books', 'Car Electronics')",0.29,0.2898,10,31,17.6527,16.9111,34.5638,56160,10,1.0
naive_prefilter,"main_cat IN ('All Electronics', 'Books', 'Car Electronics')",0.29,0.2898,10,32,17.7003,16.6527,34.353,56160,10,1.0
naive_prefilter,"main_cat IN ('All Electronics', 'Books', 'Car Electronics')",0.29,0.2898,10,33,17.609,16.7567,34.3656,56160,10,1.0
naive_prefilter,"main_cat IN ('All Electronics', 'Books', 'Car Electronics')",0.29,0.2898,10,34,17.579,16.6326,34.2115,56160,10,1.0
naive_prefilter,"main_cat IN ('All Electronics', 'Books', 'Car Electronics')",0.29,0.2898,10,35,17.0564,16.6651,33.7215,56160,10,1.0
naive_prefilter,"main_cat IN ('All Electronics', 'Books', 'Car Electronics')",0.29,0.2898,10,36,17.2041,16.5758,33.7799,56160,10,1.0
naive_prefilter,"main_cat IN ('All Electronics', 'Books', 'Car Electronics')",0.29,0.2898,10,37,17.2656,16.8032,34.0689,56160,10,1.0
naive_prefilter,"main_cat IN ('All Electronics', 'Books', 'Car Electronics')",0.29,0.2898,10,38,17.0744,16.8675,33.9419,56160,10,1.0
naive_prefilter,"main_cat IN ('All Electronics', 'Books', 'Car Electronics')",0.29,0.2898,10,39,17.2947,16.7471,34.0418,56160,10,1.0
naive_prefilter,"main_cat IN ('All Electronics', 'Books', 'Car Electronics')",0.29,0.2898,10,40,17.3853,16.6536,34.0389,56160,10,1.0
naive_prefilter,"main_cat IN ('All Electronics', 'Books', 'Car Electronics')",0.29,0.2898,10,41,17.4765,16.7468,34.2233,56160,10,1.0
naive_prefilter,"main_cat IN ('All Electronics', 'Books', 'Car Electronics')",0.29,0.2898,10,42,17.0721,16.6228,33.6948,56160,10,1.0
naive_prefilter,"main_cat IN ('All Electronics', 'Books', 'Car Electronics')",0.29,0.2898,10,43,17.2752,16.5952,33.8704,56160,10,1.0
naive_prefilter,"main_cat IN ('All Electronics', 'Books', 'Car Electronics')",0.29,0.2898,10,44,17.2039,16.6269,33.8308,56160,10,1.0
naive_prefilter,"main_cat IN ('All Electronics', 'Books', 'Car Electronics')",0.29,0.2898,10,45,17.1494,16.8057,33.9551,56160,10,1.0
naive_prefilter,"main_cat IN ('All Electronics', 'Books', 'Car Electronics')",0.29,0.2898,10,46,17.3149,16.5533,33.8683,56160,10,1.0
naive_prefilter,"main_cat IN ('All Electronics', 'Books', 'Car Electronics')",0.29,0.2898,10,47,17.2787,17.1316,34.4103,56160,10,0.0
naive_prefilter,"main_cat IN ('All Electronics', 'Books', 'Car Electronics')",0.29,0.2898,10,48,17.6135,16.6172,34.2307,56160,10,1.0
naive_prefilter,"main_cat IN ('All Electronics', 'Books', 'Car Electronics')",0.29,0.2898,10,49,17.292,16.6396,33.9315,56160,10,1.0
post_filter,"main_cat IN ('All Electronics', 'Books', 'Car Electronics')",0.29,0.2898,10,0,0.0482,0.3571,0.4053,10,10,0.9
post_filter,"main_cat IN ('All Electronics', 'Books', 'Car Electronics')",0.29,0.2898,10,1,0.0332,0.831,0.8642,10,10,1.0
post_filter,"main_cat IN ('All Electronics', 'Books', 'Car Electronics')",0.29,0.2898,10,2,0.0222,0.6623,0.6845,10,10,1.0
post_filter,"main_cat IN ('All Electronics', 'Books', 'Car Electronics')",0.29,0.2898,10,3,0.0554,0.6843,0.7397,10,10,1.0
post_filter,"main_cat IN ('All Electronics', 'Books', 'Car Electronics')",0.29,0.2898,10,4,0.0205,0.8114,0.8319,10,10,1.0
post_filter,"main_cat IN ('All Electronics', 'Books', 'Car Electronics')",0.29,0.2898,10,5,0.0125,0.6789,0.6915,10,10,1.0
post_filter,"main_cat IN ('All Electronics', 'Books', 'Car Electronics')",0.29,0.2898,10,6,0.0228,0.8075,0.8303,10,10,1.0
post_filter,"main_cat IN ('All Electronics', 'Books', 'Car Electronics')",0.29,0.2898,10,7,0.026,0.5995,0.6255,10,10,1.0
post_filter,"main_cat IN ('All Electronics', 'Books', 'Car Electronics')",0.29,0.2898,10,8,0.0462,0.8396,0.8858,10,10,1.0
post_filter,"main_cat IN ('All Electronics', 'Books', 'Car Electronics')",0.29,0.2898,10,9,0.0764,1.025,1.1013,10,10,1.0
post_filter,"main_cat IN ('All Electronics', 'Books', 'Car Electronics')",0.29,0.2898,10,10,0.0249,1.1251,1.15,10,10,1.0
post_filter,"main_cat IN ('All Electronics', 'Books', 'Car Electronics')",0.29,0.2898,10,11,0.041,0.9265,0.9674,10,10,1.0
post_filter,"main_cat IN ('All Electronics', 'Books', 'Car Electronics')",0.29,0.2898,10,12,0.1133,0.6806,0.7939,10,10,1.0
post_filter,"main_cat IN ('All Electronics', 'Books', 'Car Electronics')",0.29,0.2898,10,13,0.043,0.7203,0.7633,10,10,1.0
post_filter,"main_cat IN ('All Electronics', 'Books', 'Car Electronics')",0.29,0.2898,10,14,0.0113,0.5333,0.5445,10,10,1.0
post_filter,"main_cat IN ('All Electronics', 'Books', 'Car Electronics')",0.29,0.2898,10,15,0.0106,0.4483,0.459,10,10,1.0
post_filter,"main_cat IN ('All Electronics', 'Books', 'Car Electronics')",0.29,0.2898,10,16,0.0265,0.8403,0.8668,10,10,1.0
post_filter,"main_cat IN ('All Electronics', 'Books', 'Car Electronics')",0.29,0.2898,10,17,0.0579,0.6361,0.694,10,10,1.0
post_filter,"main_cat IN ('All Electronics', 'Books', 'Car Electronics')",0.29,0.2898,10,18,0.0234,0.7539,0.7773,10,10,1.0
post_filter,"main_cat IN ('All Electronics', 'Books', 'Car Electronics')",0.29,0.2898,10,19,0.0256,0.8156,0.8412,10,10,1.0
post_filter,"main_cat IN ('All Electronics', 'Books', 'Car Electronics')",0.29,0.2898,10,20,0.0167,0.5772,0.5939,10,10,1.0
post_filter,"main_cat IN ('All Electronics', 'Books', 'Car Electronics')",0.29,0.2898,10,21,0.012,0.6071,0.6191,10,10,1.0
post_filter,"main_cat IN ('All Electronics', 'Books', 'Car Electronics')",0.29,0.2898,10,22,0.1017,0.6671,0.7687,10,10,0.7
post_filter,"main_cat IN ('All Electronics', 'Books', 'Car Electronics')",0.29,0.2898,10,23,0.0229,0.6141,0.637,10,10,1.0
post_filter,"main_cat IN ('All Electronics', 'Books', 'Car Electronics')",0.29,0.2898,10,24,0.0215,0.863,0.8845,10,10,1.0
post_filter,"main_cat IN ('All Electronics', 'Books', 'Car Electronics')",0.29,0.2898,10,25,0.0305,0.2664,0.2969,10,10,0.9
post_filter,"main_cat IN ('All Electronics', 'Books', 'Car Electronics')",0.29,0.2898,10,26,0.0282,0.7708,0.799,10,10,1.0
post_filter,"main_cat IN ('All Electronics', 'Books', 'Car Electronics')",0.29,0.2898,10,27,0.0143,0.7535,0.7678,10,10,1.0
post_filter,"main_cat IN ('All Electronics', 'Books', 'Car Electronics')",0.29,0.2898,10,28,0.0312,0.8612,0.8924,10,10,0.9
post_filter,"main_cat IN ('All Electronics', 'Books', 'Car Electronics')",0.29,0.2898,10,29,0.0594,0.5364,0.5958,10,10,1.0
post_filter,"main_cat IN ('All Electronics', 'Books', 'Car Electronics')",0.29,0.2898,10,30,0.0402,0.4107,0.4508,10,10,0.0
post_filter,"main_cat IN ('All Electronics', 'Books', 'Car Electronics')",0.29,0.2898,10,31,0.019,0.8234,0.8424,10,10,1.0
post_filter,"main_cat IN ('All Electronics', 'Books', 'Car Electronics')",0.29,0.2898,10,32,0.0552,0.6041,0.6593,10,10,1.0
post_filter,"main_cat IN ('All Electronics', 'Books', 'Car Electronics')",0.29,0.2898,10,33,0.0115,0.4557,0.4672,10,10,1.0
post_filter,"main_cat IN ('All Electronics', 'Books', 'Car Electronics')",0.29,0.2898,10,34,0.1294,0.7465,0.876,10,10,1.0
post_filter,"main_cat IN ('All Electronics', 'Books', 'Car Electronics')",0.29,0.2898,10,35,0.018,0.8206,0.8386,10,10,1.0
post_filter,"main_cat IN ('All Electronics', 'Books', 'Car Electronics')",0.29,0.2898,10,36,0.0605,0.6672,0.7277,10,10,0.9
post_filter,"main_cat IN ('All Electronics', 'Books', 'Car Electronics')",0.29,0.2898,10,37,0.0165,0.5943,0.6108,10,10,1.0
post_filter,"main_cat IN ('All Electronics', 'Books', 'Car Electronics')",0.29,0.2898,10,38,0.02,0.9439,0.9639,10,10,1.0
post_filter,"main_cat IN ('All Electronics', 'Books', 'Car Electronics')",0.29,0.2898,10,39,0.0184,0.4669,0.4853,10,10,1.0
post_filter,"main_cat IN ('All Electronics', 'Books', 'Car Electronics')",0.29,0.2898,10,40,0.0442,0.9327,0.9769,10,10,1.0
post_filter,"main_cat IN ('All Electronics', 'Books', 'Car Electronics')",0.29,0.2898,10,41,0.0206,0.5272,0.5479,10,10,1.0
post_filter,"main_cat IN ('All Electronics', 'Books', 'Car Electronics')",0.29,0.2898,10,42,0.0422,0.7765,0.8187,10,10,1.0
post_filter,"main_cat IN ('All Electronics', 'Books', 'Car Electronics')",0.29,0.2898,10,43,0.0437,0.4036,0.4474,10,10,0.8
post_filter,"main_cat IN ('All Electronics', 'Books', 'Car Electronics')",0.29,0.2898,10,44,0.0618,0.5788,0.6406,10,10,1.0
post_filter,"main_cat IN ('All Electronics', 'Books', 'Car Electronics')",0.29,0.2898,10,45,0.0252,0.8512,0.8764,10,10,1.0
post_filter,"main_cat IN ('All Electronics', 'Books', 'Car Electronics')",0.29,0.2898,10,46,0.026,0.6963,0.7223,10,10,1.0
post_filter,"main_cat IN ('All Electronics', 'Books', 'Car Electronics')",0.29,0.2898,10,47,0.0342,0.238,0.2723,10,10,0.3
post_filter,"main_cat IN ('All Electronics', 'Books', 'Car Electronics')",0.29,0.2898,10,48,0.03,0.8387,0.8687,10,10,1.0
post_filter,"main_cat IN ('All Electronics', 'Books', 'Car Electronics')",0.29,0.2898,10,49,0.037,0.4074,0.4444,10,10,0.9
bitmap_prefilter,"main_cat IN ('All Electronics', 'Books', 'Car Electronics')",0.29,0.2898,10,0,0.0747,15.6973,15.772,56160,10,1.0
bitmap_prefilter,"main_cat IN ('All Electronics', 'Books', 'Car Electronics')",0.29,0.2898,10,1,0.0655,15.8432,15.9086,56160,10,1.0
bitmap_prefilter,"main_cat IN ('All Electronics', 'Books', 'Car Electronics')",0.29,0.2898,10,2,0.081,15.8418,15.9228,56160,10,1.0
bitmap_prefilter,"main_cat IN ('All Electronics', 'Books', 'Car Electronics')",0.29,0.2898,10,3,0.0667,15.7701,15.8369,56160,10,1.0
bitmap_prefilter,"main_cat IN ('All Electronics', 'Books', 'Car Electronics')",0.29,0.2898,10,4,0.0634,15.5971,15.6605,56160,10,1.0
bitmap_prefilter,"main_cat IN ('All Electronics', 'Books', 'Car Electronics')",0.29,0.2898,10,5,0.0628,15.671,15.7337,56160,10,1.0
bitmap_prefilter,"main_cat IN ('All Electronics', 'Books', 'Car Electronics')",0.29,0.2898,10,6,0.0629,15.6127,15.6756,56160,10,1.0
bitmap_prefilter,"main_cat IN ('All Electronics', 'Books', 'Car Electronics')",0.29,0.2898,10,7,0.0653,15.6977,15.763,56160,10,1.0
bitmap_prefilter,"main_cat IN ('All Electronics', 'Books', 'Car Electronics')",0.29,0.2898,10,8,0.0637,15.8212,15.885,56160,10,1.0
bitmap_prefilter,"main_cat IN ('All Electronics', 'Books', 'Car Electronics')",0.29,0.2898,10,9,0.062,15.6535,15.7155,56160,10,1.0
bitmap_prefilter,"main_cat IN ('All Electronics', 'Books', 'Car Electronics')",0.29,0.2898,10,10,0.0603,15.7209,15.7811,56160,10,1.0
bitmap_prefilter,"main_cat IN ('All Electronics', 'Books', 'Car Electronics')",0.29,0.2898,10,11,0.0593,15.6424,15.7017,56160,10,1.0
bitmap_prefilter,"main_cat IN ('All Electronics', 'Books', 'Car Electronics')",0.29,0.2898,10,12,0.0607,15.7285,15.7891,56160,10,1.0
bitmap_prefilter,"main_cat IN ('All Electronics', 'Books', 'Car Electronics')",0.29,0.2898,10,13,0.0584,15.6753,15.7337,56160,10,1.0
bitmap_prefilter,"main_cat IN ('All Electronics', 'Books', 'Car Electronics')",0.29,0.2898,10,14,0.0606,15.6806,15.7412,56160,10,1.0
bitmap_prefilter,"main_cat IN ('All Electronics', 'Books', 'Car Electronics')",0.29,0.2898,10,15,0.0585,15.7591,15.8176,56160,10,1.0
bitmap_prefilter,"main_cat IN ('All Electronics', 'Books', 'Car Electronics')",0.29,0.2898,10,16,0.0582,15.9726,16.0308,56160,10,1.0
bitmap_prefilter,"main_cat IN ('All Electronics', 'Books', 'Car Electronics')",0.29,0.2898,10,17,0.0579,15.7357,15.7936,56160,10,1.0
bitmap_prefilter,"main_cat IN ('All Electronics', 'Books', 'Car Electronics')",0.29,0.2898,10,18,0.0587,15.7677,15.8264,56160,10,1.0
bitmap_prefilter,"main_cat IN ('All Electronics', 'Books', 'Car Electronics')",0.29,0.2898,10,19,0.0583,15.7002,15.7585,56160,10,1.0
bitmap_prefilter,"main_cat IN ('All Electronics', 'Books', 'Car Electronics')",0.29,0.2898,10,20,0.0612,15.6907,15.7519,56160,10,1.0
bitmap_prefilter,"main_cat IN ('All Electronics', 'Books', 'Car Electronics')",0.29,0.2898,10,21,0.0578,15.6821,15.7398,56160,10,1.0
bitmap_prefilter,"main_cat IN ('All Electronics', 'Books', 'Car Electronics')",0.29,0.2898,10,22,0.0582,15.6934,15.7516,56160,10,1.0
bitmap_prefilter,"main_cat IN ('All Electronics', 'Books', 'Car Electronics')",0.29,0.2898,10,23,0.0583,15.6635,15.7218,56160,10,1.0
bitmap_prefilter,"main_cat IN ('All Electronics', 'Books', 'Car Electronics')",0.29,0.2898,10,24,0.0578,15.6925,15.7503,56160,10,1.0
bitmap_prefilter,"main_cat IN ('All Electronics', 'Books', 'Car Electronics')",0.29,0.2898,10,25,0.059,15.6583,15.7173,56160,10,1.0
bitmap_prefilter,"main_cat IN ('All Electronics', 'Books', 'Car Electronics')",0.29,0.2898,10,26,0.0571,15.6812,15.7384,56160,10,1.0
bitmap_prefilter,"main_cat IN ('All Electronics', 'Books', 'Car Electronics')",0.29,0.2898,10,27,0.0577,15.7135,15.7712,56160,10,1.0
bitmap_prefilter,"main_cat IN ('All Electronics', 'Books', 'Car Electronics')",0.29,0.2898,10,28,0.0579,15.7117,15.7696,56160,10,1.0
bitmap_prefilter,"main_cat IN ('All Electronics', 'Books', 'Car Electronics')",0.29,0.2898,10,29,0.059,15.741,15.8,56160,10,1.0
bitmap_prefilter,"main_cat IN ('All Electronics', 'Books', 'Car Electronics')",0.29,0.2898,10,30,0.0586,15.7928,15.8513,56160,10,1.0
bitmap_prefilter,"main_cat IN ('All Electronics', 'Books', 'Car Electronics')",0.29,0.2898,10,31,0.0649,15.8342,15.899,56160,10,1.0
bitmap_prefilter,"main_cat IN ('All Electronics', 'Books', 'Car Electronics')",0.29,0.2898,10,32,0.0585,15.6878,15.7463,56160,10,1.0
bitmap_prefilter,"main_cat IN ('All Electronics', 'Books', 'Car Electronics')",0.29,0.2898,10,33,0.0577,15.8427,15.9004,56160,10,1.0
bitmap_prefilter,"main_cat IN ('All Electronics', 'Books', 'Car Electronics')",0.29,0.2898,10,34,0.0627,15.6358,15.6985,56160,10,1.0
bitmap_prefilter,"main_cat IN ('All Electronics', 'Books', 'Car Electronics')",0.29,0.2898,10,35,0.0578,15.7669,15.8247,56160,10,1.0
bitmap_prefilter,"main_cat IN ('All Electronics', 'Books', 'Car Electronics')",0.29,0.2898,10,36,0.0579,15.8377,15.8956,56160,10,1.0
bitmap_prefilter,"main_cat IN ('All Electronics', 'Books', 'Car Electronics')",0.29,0.2898,10,37,0.0577,15.8445,15.9023,56160,10,1.0
bitmap_prefilter,"main_cat IN ('All Electronics', 'Books', 'Car Electronics')",0.29,0.2898,10,38,0.0575,15.6343,15.6917,56160,10,1.0
bitmap_prefilter,"main_cat IN ('All Electronics', 'Books', 'Car Electronics')",0.29,0.2898,10,39,0.057,15.6479,15.7049,56160,10,1.0
bitmap_prefilter,"main_cat IN ('All Electronics', 'Books', 'Car Electronics')",0.29,0.2898,10,40,0.0569,15.8118,15.8687,56160,10,1.0
bitmap_prefilter,"main_cat IN ('All Electronics', 'Books', 'Car Electronics')",0.29,0.2898,10,41,0.0582,15.7937,15.8519,56160,10,1.0
bitmap_prefilter,"main_cat IN ('All Electronics', 'Books', 'Car Electronics')",0.29,0.2898,10,42,0.0582,15.6467,15.7048,56160,10,1.0
bitmap_prefilter,"main_cat IN ('All Electronics', 'Books', 'Car Electronics')",0.29,0.2898,10,43,0.0588,15.7037,15.7626,56160,10,1.0
bitmap_prefilter,"main_cat IN ('All Electronics', 'Books', 'Car Electronics')",0.29,0.2898,10,44,0.0579,15.628,15.686,56160,10,1.0
bitmap_prefilter,"main_cat IN ('All Electronics', 'Books', 'Car Electronics')",0.29,0.2898,10,45,0.0573,15.6457,15.7031,56160,10,1.0
bitmap_prefilter,"main_cat IN ('All Electronics', 'Books', 'Car Electronics')",0.29,0.2898,10,46,0.0585,15.6407,15.6992,56160,10,1.0
bitmap_prefilter,"main_cat IN ('All Electronics', 'Books', 'Car Electronics')",0.29,0.2898,10,47,0.0576,15.7152,15.7728,56160,10,0.0
bitmap_prefilter,"main_cat IN ('All Electronics', 'Books', 'Car Electronics')",0.29,0.2898,10,48,0.0573,15.7667,15.824,56160,10,1.0
bitmap_prefilter,"main_cat IN ('All Electronics', 'Books', 'Car Electronics')",0.29,0.2898,10,49,0.0576,15.8137,15.8713,56160,10,1.0
brute_force,"main_cat IN ('All Electronics', 'Books', 'Car Electronics')",0.29,0.2898,50,0,0.4268,24.255,24.6817,50,50,1.0
brute_force,"main_cat IN ('All Electronics', 'Books', 'Car Electronics')",0.29,0.2898,50,1,0.1518,24.7789,24.9306,50,50,1.0
brute_force,"main_cat IN ('All Electronics', 'Books', 'Car Electronics')",0.29,0.2898,50,2,0.1224,25.1404,25.2627,50,50,1.0
brute_force,"main_cat IN ('All Electronics', 'Books', 'Car Electronics')",0.29,0.2898,50,3,0.2476,25.0756,25.3232,50,50,1.0
brute_force,"main_cat IN ('All Electronics', 'Books', 'Car Electronics')",0.29,0.2898,50,4,0.1209,24.8849,25.0057,50,50,1.0
brute_force,"main_cat IN ('All Electronics', 'Books', 'Car Electronics')",0.29,0.2898,50,5,0.071,24.7418,24.8128,50,50,1.0
brute_force,"main_cat IN ('All Electronics', 'Books', 'Car Electronics')",0.29,0.2898,50,6,0.1208,24.7883,24.9091,50,50,1.0
brute_force,"main_cat IN ('All Electronics', 'Books', 'Car Electronics')",0.29,0.2898,50,7,0.1376,24.785,24.9227,50,50,1.0
brute_force,"main_cat IN ('All Electronics', 'Books', 'Car Electronics')",0.29,0.2898,50,8,0.2201,24.7441,24.9642,50,50,1.0
brute_force,"main_cat IN ('All Electronics', 'Books', 'Car Electronics')",0.29,0.2898,50,9,0.1696,24.862,25.0316,50,50,1.0
brute_force,"main_cat IN ('All Electronics', 'Books', 'Car Electronics')",0.29,0.2898,50,10,0.1216,24.9215,25.0432,50,50,1.0
brute_force,"main_cat IN ('All Electronics', 'Books', 'Car Electronics')",0.29,0.2898,50,11,0.1437,24.7406,24.8843,50,50,1.0
brute_force,"main_cat IN ('All Electronics', 'Books', 'Car Electronics')",0.29,0.2898,50,12,0.4486,25.0194,25.468,50,50,1.0
brute_force,"main_cat IN ('All Electronics', 'Books', 'Car Electronics')",0.29,0.2898,50,13,0.2295,24.9583,25.1878,50,50,1.0
brute_force,"main_cat IN ('All Electronics', 'Books', 'Car Electronics')",0.29,0.2898,50,14,0.0541,24.9379,24.992,50,50,1.0
brute_force,"main_cat IN ('All Electronics', 'Books', 'Car Electronics')",0.29,0.2898,50,15,0.0516,24.8856,24.9372,50,50,1.0
brute_force,"main_cat IN ('All Electronics', 'Books', 'Car Electronics')",0.29,0.2898,50,16,0.1221,24.859,24.9812,50,50,1.0
brute_force,"main_cat IN ('All Electronics', 'Books', 'Car Electronics')",0.29,0.2898,50,17,0.2548,24.882,25.1368,50,50,1.0
brute_force,"main_cat IN ('All Electronics', 'Books', 'Car Electronics')",0.29,0.2898,50,18,0.1011,24.8811,24.9822,50,50,1.0
brute_force,"main_cat IN ('All Electronics', 'Books', 'Car Electronics')",0.29,0.2898,50,19,0.1101,24.7696,24.8797,50,50,1.0
brute_force,"main_cat IN ('All Electronics', 'Books', 'Car Electronics')",0.29,0.2898,50,20,0.101,24.9674,25.0684,50,50,1.0
brute_force,"main_cat IN ('All Electronics', 'Books', 'Car Electronics')",0.29,0.2898,50,21,0.0532,24.7625,24.8158,50,50,0.98
brute_force,"main_cat IN ('All Electronics', 'Books', 'Car Electronics')",0.29,0.2898,50,22,0.3076,24.8885,25.196,50,50,1.0
brute_force,"main_cat IN ('All Electronics', 'Books', 'Car Electronics')",0.29,0.2898,50,23,0.1389,24.933,25.0719,50,50,1.0
brute_force,"main_cat IN ('All Electronics', 'Books', 'Car Electronics')",0.29,0.2898,50,24,0.1145,24.6075,24.722,50,50,0.98
brute_force,"main_cat IN ('All Electronics', 'Books', 'Car Electronics')",0.29,0.2898,50,25,0.1896,24.666,24.8556,50,50,1.0
brute_force,"main_cat IN ('All Electronics', 'Books', 'Car Electronics')",0.29,0.2898,50,26,0.1445,24.7704,24.9149,50,50,1.0
brute_force,"main_cat IN ('All Electronics', 'Books', 'Car Electronics')",0.29,0.2898,50,27,0.0741,24.5122,24.5863,50,50,1.0
brute_force,"main_cat IN ('All Electronics', 'Books', 'Car Electronics')",0.29,0.2898,50,28,0.1638,24.6579,24.8217,50,50,1.0
brute_force,"main_cat IN ('All Electronics', 'Books', 'Car Electronics')",0.29,0.2898,50,29,0.1933,24.6649,24.8582,50,50,1.0
brute_force,"main_cat IN ('All Electronics', 'Books', 'Car Electronics')",0.29,0.2898,50,30,0.1408,24.6102,24.751,50,50,1.0
brute_force,"main_cat IN ('All Electronics', 'Books', 'Car Electronics')",0.29,0.2898,50,31,0.0775,24.5253,24.6028,50,50,1.0
brute_force,"main_cat IN ('All Electronics', 'Books', 'Car Electronics')",0.29,0.2898,50,32,0.2267,24.6616,24.8883,50,50,1.0
brute_force,"main_cat IN ('All Electronics', 'Books', 'Car Electronics')",0.29,0.2898,50,33,0.0496,24.6645,24.714,50,50,1.0
brute_force,"main_cat IN ('All Electronics', 'Books', 'Car Electronics')",0.29,0.2898,50,34,0.4255,24.7118,25.1372,50,50,1.0
brute_force,"main_cat IN ('All Electronics', 'Books', 'Car Electronics')",0.29,0.2898,50,35,0.098,24.5383,24.6363,50,50,1.0
brute_force,"main_cat IN ('All Electronics', 'Books', 'Car Electronics')",0.29,0.2898,50,36,0.2821,24.571,24.8531,50,50,1.0
brute_force,"main_cat IN ('All Electronics', 'Books', 'Car Electronics')",0.29,0.2898,50,37,0.0785,24.6058,24.6843,50,50,1.0
brute_force,"main_cat IN ('All Electronics', 'Books', 'Car Electronics')",0.29,0.2898,50,38,0.114,24.6139,24.7279,50,50,1.0
brute_force,"main_cat IN ('All Electronics', 'Books', 'Car Electronics')",0.29,0.2898,50,39,0.1322,24.7417,24.8739,50,50,1.0
brute_force,"main_cat IN ('All Electronics', 'Books', 'Car Electronics')",0.29,0.2898,50,40,0.265,24.4862,24.7512,50,50,1.0
brute_force,"main_cat IN ('All Electronics', 'Books', 'Car Electronics')",0.29,0.2898,50,41,0.1337,24.6861,24.8198,50,50,1.0
brute_force,"main_cat IN ('All Electronics', 'Books', 'Car Electronics')",0.29,0.2898,50,42,0.1925,25.0015,25.194,50,50,1.0
brute_force,"main_cat IN ('All Electronics', 'Books', 'Car Electronics')",0.29,0.2898,50,43,0.1723,24.7968,24.9691,50,50,1.0
brute_force,"main_cat IN ('All Electronics', 'Books', 'Car Electronics')",0.29,0.2898,50,44,0.1921,24.8692,25.0613,50,50,1.0
brute_force,"main_cat IN ('All Electronics', 'Books', 'Car Electronics')",0.29,0.2898,50,45,0.1642,24.8324,24.9966,50,50,1.0
brute_force,"main_cat IN ('All Electronics', 'Books', 'Car Electronics')",0.29,0.2898,50,46,0.1923,24.8945,25.0867,50,50,1.0
brute_force,"main_cat IN ('All Electronics', 'Books', 'Car Electronics')",0.29,0.2898,50,47,0.1688,24.7382,24.907,50,50,1.0
brute_force,"main_cat IN ('All Electronics', 'Books', 'Car Electronics')",0.29,0.2898,50,48,0.1752,24.8662,25.0415,50,50,1.0
brute_force,"main_cat IN ('All Electronics', 'Books', 'Car Electronics')",0.29,0.2898,50,49,0.1645,24.8783,25.0429,50,50,1.0
naive_prefilter,"main_cat IN ('All Electronics', 'Books', 'Car Electronics')",0.29,0.2898,50,0,17.2587,16.7706,34.0293,56160,50,1.0
naive_prefilter,"main_cat IN ('All Electronics', 'Books', 'Car Electronics')",0.29,0.2898,50,1,17.4914,16.636,34.1273,56160,50,1.0
naive_prefilter,"main_cat IN ('All Electronics', 'Books', 'Car Electronics')",0.29,0.2898,50,2,17.5527,16.8257,34.3784,56160,50,1.0
naive_prefilter,"main_cat IN ('All Electronics', 'Books', 'Car Electronics')",0.29,0.2898,50,3,17.1584,16.7703,33.9287,56160,50,1.0
naive_prefilter,"main_cat IN ('All Electronics', 'Books', 'Car Electronics')",0.29,0.2898,50,4,17.5948,16.8162,34.411,56160,50,1.0
naive_prefilter,"main_cat IN ('All Electronics', 'Books', 'Car Electronics')",0.29,0.2898,50,5,17.6798,16.6376,34.3174,56160,50,1.0
naive_prefilter,"main_cat IN ('All Electronics', 'Books', 'Car Electronics')",0.29,0.2898,50,6,17.6842,16.7013,34.3855,56160,50,1.0
naive_prefilter,"main_cat IN ('All Electronics', 'Books', 'Car Electronics')",0.29,0.2898,50,7,17.1615,16.6225,33.784,56160,50,1.0
naive_prefilter,"main_cat IN ('All Electronics', 'Books', 'Car Electronics')",0.29,0.2898,50,8,17.4328,16.8308,34.2635,56160,50,1.0
naive_prefilter,"main_cat IN ('All Electronics', 'Books', 'Car Electronics')",0.29,0.2898,50,9,17.1561,16.7788,33.9349,56160,50,1.0
naive_prefilter,"main_cat IN ('All Electronics', 'Books', 'Car Electronics')",0.29,0.2898,50,10,17.268,16.6518,33.9198,56160,50,1.0
naive_prefilter,"main_cat IN ('All Electronics', 'Books', 'Car Electronics')",0.29,0.2898,50,11,17.2263,16.5452,33.7715,56160,50,1.0
naive_prefilter,"main_cat IN ('All Electronics', 'Books', 'Car Electronics')",0.29,0.2898,50,12,17.3435,16.6286,33.9722,56160,50,1.0
naive_prefilter,"main_cat IN ('All Electronics', 'Books', 'Car Electronics')",0.29,0.2898,50,13,17.5102,16.5661,34.0763,56160,50,1.0
naive_prefilter,"main_cat IN ('All Electronics', 'Books', 'Car Electronics')",0.29,0.2898,50,14,17.598,16.547,34.145,56160,50,1.0
naive_prefilter,"main_cat IN ('All Electronics', 'Books', 'Car Electronics')",0.29,0.2898,50,15,17.5818,16.5554,34.1373,56160,50,1.0
naive_prefilter,"main_cat IN ('All Electronics', 'Books', 'Car Electronics')",0.29,0.2898,50,16,17.5428,16.5757,34.1185,56160,50,1.0
naive_prefilter,"main_cat IN ('All Electronics', 'Books', 'Car Electronics')",0.29,0.2898,50,17,17.3802,16.511,33.8912,56160,50,1.0
naive_prefilter,"main_cat IN ('All Electronics', 'Books', 'Car Electronics')",0.29,0.2898,50,18,17.7226,16.7142,34.4368,56160,50,1.0
naive_prefilter,"main_cat IN ('All Electronics', 'Books', 'Car Electronics')",0.29,0.2898,50,19,17.4727,16.5316,34.0043,56160,50,1.0
naive_prefilter,"main_cat IN ('All Electronics', 'Books', 'Car Electronics')",0.29,0.2898,50,20,17.5901,16.5014,34.0915,56160,50,1.0
naive_prefilter,"main_cat IN ('All Electronics', 'Books', 'Car Electronics')",0.29,0.2898,50,21,17.4089,16.5162,33.9252,56160,50,0.98
naive_prefilter,"main_cat IN ('All Electronics', 'Books', 'Car Electronics')",0.29,0.2898,50,22,17.5224,16.4823,34.0047,56160,50,1.0
naive_prefilter,"main_cat IN ('All Electronics', 'Books', 'Car Electronics')",0.29,0.2898,50,23,17.4405,16.5431,33.9836,56160,50,1.0
naive_prefilter,"main_cat IN ('All Electronics', 'Books', 'Car Electronics')",0.29,0.2898,50,24,17.5383,16.5183,34.0567,56160,50,0.98
naive_prefilter,"main_cat IN ('All Electronics', 'Books', 'Car Electronics')",0.29,0.2898,50,25,17.1769,16.5548,33.7317,56160,50,1.0
naive_prefilter,"main_cat IN ('All Electronics', 'Books', 'Car Electronics')",0.29,0.2898,50,26,17.251,16.556,33.807,56160,50,1.0
naive_prefilter,"main_cat IN ('All Electronics', 'Books', 'Car Electronics')",0.29,0.2898,50,27,17.4354,16.5466,33.982,56160,50,1.0
naive_prefilter,"main_cat IN ('All Electronics', 'Books', 'Car Electronics')",0.29,0.2898,50,28,17.0,16.523,33.5231,56160,50,1.0
naive_prefilter,"main_cat IN ('All Electronics', 'Books', 'Car Electronics')",0.29,0.2898,50,29,17.0441,16.5164,33.5605,56160,50,1.0
naive_prefilter,"main_cat IN ('All Electronics', 'Books', 'Car Electronics')",0.29,0.2898,50,30,17.0158,16.5322,33.548,56160,50,0.62
naive_prefilter,"main_cat IN ('All Electronics', 'Books', 'Car Electronics')",0.29,0.2898,50,31,17.1017,16.6635,33.7651,56160,50,1.0
naive_prefilter,"main_cat IN ('All Electronics', 'Books', 'Car Electronics')",0.29,0.2898,50,32,17.1795,16.6539,33.8334,56160,50,1.0
naive_prefilter,"main_cat IN ('All Electronics', 'Books', 'Car Electronics')",0.29,0.2898,50,33,17.0691,17.2969,34.366,56160,50,1.0
naive_prefilter,"main_cat IN ('All Electronics', 'Books', 'Car Electronics')",0.29,0.2898,50,34,17.4082,16.7508,34.1591,56160,50,1.0
naive_prefilter,"main_cat IN ('All Electronics', 'Books', 'Car Electronics')",0.29,0.2898,50,35,16.9537,16.6423,33.596,56160,50,1.0
naive_prefilter,"main_cat IN ('All Electronics', 'Books', 'Car Electronics')",0.29,0.2898,50,36,17.2535,16.5081,33.7616,56160,50,1.0
naive_prefilter,"main_cat IN ('All Electronics', 'Books', 'Car Electronics')",0.29,0.2898,50,37,17.4426,16.7226,34.1652,56160,50,1.0
naive_prefilter,"main_cat IN ('All Electronics', 'Books', 'Car Electronics')",0.29,0.2898,50,38,17.4035,16.6934,34.0969,56160,50,1.0
naive_prefilter,"main_cat IN ('All Electronics', 'Books', 'Car Electronics')",0.29,0.2898,50,39,17.3186,16.7569,34.0755,56160,50,1.0
naive_prefilter,"main_cat IN ('All Electronics', 'Books', 'Car Electronics')",0.29,0.2898,50,40,17.4515,16.5485,34.0,56160,50,1.0
naive_prefilter,"main_cat IN ('All Electronics', 'Books', 'Car Electronics')",0.29,0.2898,50,41,17.1487,16.7701,33.9188,56160,50,1.0
naive_prefilter,"main_cat IN ('All Electronics', 'Books', 'Car Electronics')",0.29,0.2898,50,42,17.4118,16.6365,34.0482,56160,50,1.0
naive_prefilter,"main_cat IN ('All Electronics', 'Books', 'Car Electronics')",0.29,0.2898,50,43,17.3587,16.598,33.9568,56160,50,1.0
naive_prefilter,"main_cat IN ('All Electronics', 'Books', 'Car Electronics')",0.29,0.2898,50,44,17.1945,16.54,33.7346,56160,50,1.0
naive_prefilter,"main_cat IN ('All Electronics', 'Books', 'Car Electronics')",0.29,0.2898,50,45,17.0535,16.6513,33.7048,56160,50,1.0
naive_prefilter,"main_cat IN ('All Electronics', 'Books', 'Car Electronics')",0.29,0.2898,50,46,17.4028,16.541,33.9438,56160,50,1.0
naive_prefilter,"main_cat IN ('All Electronics', 'Books', 'Car Electronics')",0.29,0.2898,50,47,17.1785,17.1095,34.288,56160,50,0.96
naive_prefilter,"main_cat IN ('All Electronics', 'Books', 'Car Electronics')",0.29,0.2898,50,48,17.6235,17.657,35.2805,56160,50,1.0
naive_prefilter,"main_cat IN ('All Electronics', 'Books', 'Car Electronics')",0.29,0.2898,50,49,17.6775,16.6644,34.3419,56160,50,1.0
post_filter,"main_cat IN ('All Electronics', 'Books', 'Car Electronics')",0.29,0.2898,50,0,0.1697,0.5288,0.6985,50,50,0.9
post_filter,"main_cat IN ('All Electronics', 'Books', 'Car Electronics')",0.29,0.2898,50,1,0.1421,1.1176,1.2597,50,50,0.98
post_filter,"main_cat IN ('All Electronics', 'Books', 'Car Electronics')",0.29,0.2898,50,2,0.0919,0.978,1.0699,50,50,0.98
post_filter,"main_cat IN ('All Electronics', 'Books', 'Car Electronics')",0.29,0.2898,50,3,0.1987,0.9647,1.1635,50,50,0.88
post_filter,"main_cat IN ('All Electronics', 'Books', 'Car Electronics')",0.29,0.2898,50,4,0.096,1.1408,1.2368,50,50,0.96
post_filter,"main_cat IN ('All Electronics', 'Books', 'Car Electronics')",0.29,0.2898,50,5,0.0794,1.0338,1.1132,50,50,1.0
post_filter,"main_cat IN ('All Electronics', 'Books', 'Car Electronics')",0.29,0.2898,50,6,0.1508,1.269,1.4199,50,50,0.98
post_filter,"main_cat IN ('All Electronics', 'Books', 'Car Electronics')",0.29,0.2898,50,7,0.1155,0.8211,0.9366,50,50,1.0
post_filter,"main_cat IN ('All Electronics', 'Books', 'Car Electronics')",0.29,0.2898,50,8,0.1807,1.1687,1.3495,50,50,1.0
post_filter,"main_cat IN ('All Electronics', 'Books', 'Car Electronics')",0.29,0.2898,50,9,0.1392,1.136,1.2752,50,50,0.98
post_filter,"main_cat IN ('All Electronics', 'Books', 'Car Electronics')",0.29,0.2898,50,10,0.0915,1.0266,1.1181,50,50,0.98
post_filter,"main_cat IN ('All Electronics', 'Books', 'Car Electronics')",0.29,0.2898,50,11,0.1132,0.9898,1.103,50,50,0.9
post_filter,"main_cat IN ('All Electronics', 'Books', 'Car Electronics')",0.29,0.2898,50,12,0.3781,0.8325,1.2106,50,50,0.86
post_filter,"main_cat IN ('All Electronics', 'Books', 'Car Electronics')",0.29,0.2898,50,13,0.1996,0.8694,1.069,50,50,0.84
post_filter,"main_cat IN ('All Electronics', 'Books', 'Car Electronics')",0.29,0.2898,50,14,0.0459,0.6675,0.7133,50,50,1.0
post_filter,"main_cat IN ('All Electronics', 'Books', 'Car Electronics')",0.29,0.2898,50,15,0.05,0.5591,0.6091,50,50,1.0
post_filter,"main_cat IN ('All Electronics', 'Books', 'Car Electronics')",0.29,0.2898,50,16,0.0997,1.0701,1.1698,50,50,1.0
post_filter,"main_cat IN ('All Electronics', 'Books', 'Car Electronics')",0.29,0.2898,50,17,0.2041,0.7847,0.9887,50,50,0.8
post_filter,"main_cat IN ('All Electronics', 'Books', 'Car Electronics')",0.29,0.2898,50,18,0.0848,0.9944,1.0791,50,50,1.0
post_filter,"main_cat IN ('All Electronics', 'Books', 'Car Electronics')",0.29,0.2898,50,19,0.0845,1.0467,1.1312,50,50,0.94
post_filter,"main_cat IN ('All Electronics', 'Books', 'Car Electronics')",0.29,0.2898,50,20,0.0765,0.7046,0.7812,50,50,1.0
post_filter,"main_cat IN ('All Electronics', 'Books', 'Car Electronics')",0.29,0.2898,50,21,0.046,0.786,0.832,50,50,0.98
post_filter,"main_cat IN ('All Electronics', 'Books', 'Car Electronics')",0.29,0.2898,50,22,0.2704,0.7908,1.0612,50,50,0.54
post_filter,"main_cat IN ('All Electronics', 'Books', 'Car Electronics')",0.29,0.2898,50,23,0.11,0.7511,0.8611,50,50,1.0
post_filter,"main_cat IN ('All Electronics', 'Books', 'Car Electronics')",0.29,0.2898,50,24,0.086,1.098,1.184,50,50,0.98
post_filter,"main_cat IN ('All Electronics', 'Books', 'Car Electronics')",0.29,0.2898,50,25,0.1446,0.3321,0.4767,50,50,0.62
post_filter,"main_cat IN ('All Electronics', 'Books', 'Car Electronics')",0.29,0.2898,50,26,0.1027,0.9889,1.0916,50,50,0.96
post_filter,"main_cat IN ('All Electronics', 'Books', 'Car Electronics')",0.29,0.2898,50,27,0.0555,0.9315,0.9871,50,50,1.0
post_filter,"main_cat IN ('All Electronics', 'Books', 'Car Electronics')",0.29,0.2898,50,28,0.1326,0.9724,1.105,50,50,0.94
post_filter,"main_cat IN ('All Electronics', 'Books', 'Car Electronics')",0.29,0.2898,50,29,0.1448,0.6196,0.7644,50,50,0.96
post_filter,"main_cat IN ('All Electronics', 'Books', 'Car Electronics')",0.29,0.2898,50,30,0.0913,0.4663,0.5577,50,50,0.0
post_filter,"main_cat IN ('All Electronics', 'Books', 'Car Electronics')",0.29,0.2898,50,31,0.0624,0.9551,1.0175,50,50,1.0
post_filter,"main_cat IN ('All Electronics', 'Books', 'Car Electronics')",0.29,0.2898,50,32,0.1837,0.7404,0.9241,50,50,1.0
post_filter,"main_cat IN ('All Electronics', 'Books', 'Car Electronics')",0.29,0.2898,50,33,0.0446,0.56,0.6046,50,50,1.0
post_filter,"main_cat IN ('All Electronics', 'Books', 'Car Electronics')",0.29,0.2898,50,34,0.3533,0.9447,1.298,50,50,0.92
post_filter,"main_cat IN ('All Electronics', 'Books', 'Car Electronics')",0.29,0.2898,50,35,0.0747,0.9902,1.0649,50,50,1.0
post_filter,"main_cat IN ('All Electronics', 'Books', 'Car Electronics')",0.29,0.2898,50,36,0.2429,0.7977,1.0406,50,50,0.88
post_filter,"main_cat IN ('All Electronics', 'Books', 'Car Electronics')",0.29,0.2898,50,37,0.0669,0.7326,0.7995,50,50,1.0
post_filter,"main_cat IN ('All Electronics', 'Books', 'Car Electronics')",0.29,0.2898,50,38,0.0924,1.2175,1.3099,50,50,0.94
post_filter,"main_cat IN ('All Electronics', 'Books', 'Car Electronics')",0.29,0.2898,50,39,0.1157,0.5963,0.7121,50,50,0.96
post_filter,"main_cat IN ('All Electronics', 'Books', 'Car Electronics')",0.29,0.2898,50,40,0.2343,1.2234,1.4577,50,50,0.86
post_filter,"main_cat IN ('All Electronics', 'Books', 'Car Electronics')",0.29,0.2898,50,41,0.1028,0.6709,0.7737,50,50,1.0
post_filter,"main_cat IN ('All Electronics', 'Books', 'Car Electronics')",0.29,0.2898,50,42,0.1569,0.9778,1.1347,50,50,0.94
post_filter,"main_cat IN ('All Electronics', 'Books', 'Car Electronics')",0.29,0.2898,50,43,0.1399,0.491,0.6309,50,50,0.86
post_filter,"main_cat IN ('All Electronics', 'Books', 'Car Electronics')",0.29,0.2898,50,44,0.1593,0.7073,0.8667,50,50,0.96
post_filter,"main_cat IN ('All Electronics', 'Books', 'Car Electronics')",0.29,0.2898,50,45,0.1272,1.046,1.1732,50,50,0.98
post_filter,"main_cat IN ('All Electronics', 'Books', 'Car Electronics')",0.29,0.2898,50,46,0.1548,0.8491,1.0038,50,50,0.92
post_filter,"main_cat IN ('All Electronics', 'Books', 'Car Electronics')",0.29,0.2898,50,47,0.1327,0.2969,0.4296,50,50,0.9
post_filter,"main_cat IN ('All Electronics', 'Books', 'Car Electronics')",0.29,0.2898,50,48,0.1382,1.047,1.1851,50,50,0.96
post_filter,"main_cat IN ('All Electronics', 'Books', 'Car Electronics')",0.29,0.2898,50,49,0.1307,0.4953,0.626,50,50,0.88
bitmap_prefilter,"main_cat IN ('All Electronics', 'Books', 'Car Electronics')",0.29,0.2898,50,0,0.0599,15.8616,15.9215,56160,50,1.0
bitmap_prefilter,"main_cat IN ('All Electronics', 'Books', 'Car Electronics')",0.29,0.2898,50,1,0.0618,15.8815,15.9433,56160,50,1.0
bitmap_prefilter,"main_cat IN ('All Electronics', 'Books', 'Car Electronics')",0.29,0.2898,50,2,0.073,16.0034,16.0764,56160,50,1.0
bitmap_prefilter,"main_cat IN ('All Electronics', 'Books', 'Car Electronics')",0.29,0.2898,50,3,0.0639,15.953,16.017,56160,50,1.0
bitmap_prefilter,"main_cat IN ('All Electronics', 'Books', 'Car Electronics')",0.29,0.2898,50,4,0.0735,16.0886,16.1622,56160,50,1.0
bitmap_prefilter,"main_cat IN ('All Electronics', 'Books', 'Car Electronics')",0.29,0.2898,50,5,0.0652,16.0688,16.134,56160,50,1.0
bitmap_prefilter,"main_cat IN ('All Electronics', 'Books', 'Car Electronics')",0.29,0.2898,50,6,0.0618,16.679,16.7407,56160,50,1.0
bitmap_prefilter,"main_cat IN ('All Electronics', 'Books', 'Car Electronics')",0.29,0.2898,50,7,0.0688,16.6184,16.6872,56160,50,1.0
bitmap_prefilter,"main_cat IN ('All Electronics', 'Books', 'Car Electronics')",0.29,0.2898,50,8,0.0628,16.5722,16.635,56160,50,1.0
bitmap_prefilter,"main_cat IN ('All Electronics', 'Books', 'Car Electronics')",0.29,0.2898,50,9,0.0758,15.988,16.0637,56160,50,1.0
bitmap_prefilter,"main_cat IN ('All Electronics', 'Books', 'Car Electronics')",0.29,0.2898,50,10,0.0664,16.4124,16.4788,56160,50,1.0
bitmap_prefilter,"main_cat IN ('All Electronics', 'Books', 'Car Electronics')",0.29,0.2898,50,11,0.0637,16.0017,16.0654,56160,50,1.0
bitmap_prefilter,"main_cat IN ('All Electronics', 'Books', 'Car Electronics')",0.29,0.2898,50,12,0.0618,16.0615,16.1232,56160,50,1.0
bitmap_prefilter,"main_cat IN ('All Electronics', 'Books', 'Car Electronics')",0.29,0.2898,50,13,0.0633,16.3688,16.432,56160,50,1.0
bitmap_prefilter,"main_cat IN ('All Electronics', 'Books', 'Car Electronics')",0.29,0.2898,50,14,0.0658,17.0893,17.1551,56160,50,1.0
bitmap_prefilter,"main_cat IN ('All Electronics', 'Books', 'Car Electronics')",0.29,0.2898,50,15,0.0666,16.1038,16.1704,56160,50,1.0
bitmap_prefilter,"main_cat IN ('All Electronics', 'Books', 'Car Electronics')",0.29,0.2898,50,16,0.0678,16.1164,16.1842,56160,50,1.0
bitmap_prefilter,"main_cat IN ('All Electronics', 'Books', 'Car Electronics')",0.29,0.2898,50,17,0.0644,16.0294,16.0938,56160,50,1.0
bitmap_prefilter,"main_cat IN ('All Electronics', 'Books', 'Car Electronics')",0.29,0.2898,50,18,0.0637,16.0918,16.1555,56160,50,1.0
bitmap_prefilter,"main_cat IN ('All Electronics', 'Books', 'Car Electronics')",0.29,0.2898,50,19,0.0613,16.1295,16.1908,56160,50,1.0
bitmap_prefilter,"main_cat IN ('All Electronics', 'Books', 'Car Electronics')",0.29,0.2898,50,20,0.0592,15.9592,16.0185,56160,50,1.0
bitmap_prefilter,"main_cat IN ('All Electronics', 'Books', 'Car Electronics')",0.29,0.2898,50,21,0.0644,15.813,15.8774,56160,50,0.98
bitmap_prefilter,"main_cat IN ('All Electronics', 'Books', 'Car Electronics')",0.29,0.2898,50,22,0.0669,15.6875,15.7544,56160,50,1.0
bitmap_prefilter,"main_cat IN ('All Electronics', 'Books', 'Car Electronics')",0.29,0.2898,50,23,0.0707,15.8606,15.9313,56160,50,1.0
bitmap_prefilter,"main_cat IN ('All Electronics', 'Books', 'Car Electronics')",0.29,0.2898,50,24,0.0641,15.7448,15.8089,56160,50,0.98
bitmap_prefilter,"main_cat IN ('All Electronics', 'Books', 'Car Electronics')",0.29,0.2898,50,25,0.0597,15.9426,16.0023,56160,50,1.0
bitmap_prefilter,"main_cat IN ('All Electronics', 'Books', 'Car Electronics')",0.29,0.2898,50,26,0.0624,15.8335,15.8958,56160,50,1.0
bitmap_prefilter,"main_cat IN ('All Electronics', 'Books', 'Car Electronics')",0.29,0.2898,50,27,0.0612,16.0254,16.0865,56160,50,1.0
bitmap_prefilter,"main_cat IN ('All Electronics', 'Books', 'Car Electronics')",0.29,0.2898,50,28,0.0654,15.813,15.8783,56160,50,1.0
bitmap_prefilter,"main_cat IN ('All Electronics', 'Books', 'Car Electronics')",0.29,0.2898,50,29,0.0659,16.047,16.113,56160,50,1.0
bitmap_prefilter,"main_cat IN ('All Electronics', 'Books', 'Car Electronics')",0.29,0.2898,50,30,0.0596,15.8637,15.9234,56160,50,0.62
bitmap_prefilter,"main_cat IN ('All Electronics', 'Books', 'Car Electronics')",0.29,0.2898,50,31,0.062,15.929,15.9909,56160,50,1.0
bitmap_prefilter,"main_cat IN ('All Electronics', 'Books', 'Car Electronics')",0.29,0.2898,50,32,0.0614,15.7608,15.8221,56160,50,1.0
bitmap_prefilter,"main_cat IN ('All Electronics', 'Books', 'Car Electronics')",0.29,0.2898,50,33,0.0619,15.8591,15.921,56160,50,1.0
bitmap_prefilter,"main_cat IN ('All Electronics', 'Books', 'Car Electronics')",0.29,0.2898,50,34,0.0614,15.7493,15.8107,56160,50,1.0
bitmap_prefilter,"main_cat IN ('All Electronics', 'Books', 'Car Electronics')",0.29,0.2898,50,35,0.0611,16.2857,16.3468,56160,50,1.0
bitmap_prefilter,"main_cat IN ('All Electronics', 'Books', 'Car Electronics')",0.29,0.2898,50,36,0.0595,15.9289,15.9883,56160,50,1.0
bitmap_prefilter,"main_cat IN ('All Electronics', 'Books', 'Car Electronics')",0.29,0.2898,50,37,0.0608,16.1424,16.2031,56160,50,1.0
bitmap_prefilter,"main_cat IN ('All Electronics', 'Books', 'Car Electronics')",0.29,0.2898,50,38,0.0585,15.8432,15.9017,56160,50,1.0
bitmap_prefilter,"main_cat IN ('All Electronics', 'Books', 'Car Electronics')",0.29,0.2898,50,39,0.0598,15.7704,15.8302,56160,50,1.0
bitmap_prefilter,"main_cat IN ('All Electronics', 'Books', 'Car Electronics')",0.29,0.2898,50,40,0.058,15.7045,15.7625,56160,50,1.0
bitmap_prefilter,"main_cat IN ('All Electronics', 'Books', 'Car Electronics')",0.29,0.2898,50,41,0.0582,15.7529,15.8111,56160,50,1.0
bitmap_prefilter,"main_cat IN ('All Electronics', 'Books', 'Car Electronics')",0.29,0.2898,50,42,0.0665,15.8454,15.9119,56160,50,1.0
bitmap_prefilter,"main_cat IN ('All Electronics', 'Books', 'Car Electronics')",0.29,0.2898,50,43,0.059,15.8011,15.8601,56160,50,1.0
bitmap_prefilter,"main_cat IN ('All Electronics', 'Books', 'Car Electronics')",0.29,0.2898,50,44,0.0577,15.855,15.9128,56160,50,1.0
bitmap_prefilter,"main_cat IN ('All Electronics', 'Books', 'Car Electronics')",0.29,0.2898,50,45,0.0604,15.6468,15.7072,56160,50,1.0
bitmap_prefilter,"main_cat IN ('All Electronics', 'Books', 'Car Electronics')",0.29,0.2898,50,46,0.0575,15.639,15.6965,56160,50,1.0
bitmap_prefilter,"main_cat IN ('All Electronics', 'Books', 'Car Electronics')",0.29,0.2898,50,47,0.0585,15.6252,15.6837,56160,50,0.96
bitmap_prefilter,"main_cat IN ('All Electronics', 'Books', 'Car Electronics')",0.29,0.2898,50,48,0.0574,16.1658,16.2232,56160,50,1.0
bitmap_prefilter,"main_cat IN ('All Electronics', 'Books', 'Car Electronics')",0.29,0.2898,50,49,0.0603,15.7227,15.7831,56160,50,1.0
brute_force,"main_cat IN ('All Electronics', 'Computers', 'Sports & Outdoors')",0.31,0.3085,10,0,0.1576,24.6059,24.7635,10,10,1.0
brute_force,"main_cat IN ('All Electronics', 'Computers', 'Sports & Outdoors')",0.31,0.3085,10,1,0.0368,24.7454,24.7822,10,10,1.0
brute_force,"main_cat IN ('All Electronics', 'Computers', 'Sports & Outdoors')",0.31,0.3085,10,2,0.0355,24.8866,24.922,10,10,1.0
brute_force,"main_cat IN ('All Electronics', 'Computers', 'Sports & Outdoors')",0.31,0.3085,10,3,0.0528,25.0227,25.0755,10,10,1.0
brute_force,"main_cat IN ('All Electronics', 'Computers', 'Sports & Outdoors')",0.31,0.3085,10,4,0.0299,24.7816,24.8115,10,10,1.0
brute_force,"main_cat IN ('All Electronics', 'Computers', 'Sports & Outdoors')",0.31,0.3085,10,5,0.0171,24.8407,24.8578,10,10,1.0
brute_force,"main_cat IN ('All Electronics', 'Computers', 'Sports & Outdoors')",0.31,0.3085,10,6,0.0289,24.6984,24.7273,10,10,1.0
brute_force,"main_cat IN ('All Electronics', 'Computers', 'Sports & Outdoors')",0.31,0.3085,10,7,0.0361,24.9131,24.9492,10,10,1.0
brute_force,"main_cat IN ('All Electronics', 'Computers', 'Sports & Outdoors')",0.31,0.3085,10,8,0.0592,24.7084,24.7675,10,10,1.0
brute_force,"main_cat IN ('All Electronics', 'Computers', 'Sports & Outdoors')",0.31,0.3085,10,9,0.0615,24.8347,24.8962,10,10,1.0
brute_force,"main_cat IN ('All Electronics', 'Computers', 'Sports & Outdoors')",0.31,0.3085,10,10,0.0227,24.7038,24.7265,10,10,1.0
brute_force,"main_cat IN ('All Electronics', 'Computers', 'Sports & Outdoors')",0.31,0.3085,10,11,0.0393,24.7564,24.7956,10,10,1.0
brute_force,"main_cat IN ('All Electronics', 'Computers', 'Sports & Outdoors')",0.31,0.3085,10,12,0.1296,24.9155,25.0451,10,10,1.0
brute_force,"main_cat IN ('All Electronics', 'Computers', 'Sports & Outdoors')",0.31,0.3085,10,13,0.0353,24.9642,24.9996,10,10,1.0
brute_force,"main_cat IN ('All Electronics', 'Computers', 'Sports & Outdoors')",0.31,0.3085,10,14,0.0685,24.924,24.9924,10,10,1.0
brute_force,"main_cat IN ('All Electronics', 'Computers', 'Sports & Outdoors')",0.31,0.3085,10,15,0.2421,24.9115,25.1537,10,10,1.0
brute_force,"main_cat IN ('All Electronics', 'Computers', 'Sports & Outdoors')",0.31,0.3085,10,16,0.0302,24.8608,24.891,10,10,1.0
brute_force,"main_cat IN ('All Electronics', 'Computers', 'Sports & Outdoors')",0.31,0.3085,10,17,0.0289,24.8842,24.913,10,10,1.0
brute_force,"main_cat IN ('All Electronics', 'Computers', 'Sports & Outdoors')",0.31,0.3085,10,18,0.0257,24.7107,24.7364,10,10,1.0
brute_force,"main_cat IN ('All Electronics', 'Computers', 'Sports & Outdoors')",0.31,0.3085,10,19,0.0307,24.8689,24.8995,10,10,1.0
brute_force,"main_cat IN ('All Electronics', 'Computers', 'Sports & Outdoors')",0.31,0.3085,10,20,0.0257,24.9349,24.9607,10,10,1.0
brute_force,"main_cat IN ('All Electronics', 'Computers', 'Sports & Outdoors')",0.31,0.3085,10,21,0.0738,24.8242,24.898,10,10,1.0
brute_force,"main_cat IN ('All Electronics', 'Computers', 'Sports & Outdoors')",0.31,0.3085,10,22,0.1073,24.7359,24.8432,10,10,1.0
brute_force,"main_cat IN ('All Electronics', 'Computers', 'Sports & Outdoors')",0.31,0.3085,10,23,0.0303,24.9338,24.9641,10,10,1.0
brute_force,"main_cat IN ('All Electronics', 'Computers', 'Sports & Outdoors')",0.31,0.3085,10,24,0.0286,24.7704,24.799,10,10,1.0
brute_force,"main_cat IN ('All Electronics', 'Computers', 'Sports & Outdoors')",0.31,0.3085,10,25,0.0438,24.9057,24.9496,10,10,1.0
brute_force,"main_cat IN ('All Electronics', 'Computers', 'Sports & Outdoors')",0.31,0.3085,10,26,0.0392,24.8268,24.866,10,10,1.0
brute_force,"main_cat IN ('All Electronics', 'Computers', 'Sports & Outdoors')",0.31,0.3085,10,27,0.0174,24.7844,24.8018,10,10,1.0
brute_force,"main_cat IN ('All Electronics', 'Computers', 'Sports & Outdoors')",0.31,0.3085,10,28,0.0423,24.8994,24.9417,10,10,1.0
brute_force,"main_cat IN ('All Electronics', 'Computers', 'Sports & Outdoors')",0.31,0.3085,10,29,0.0539,24.8935,24.9474,10,10,1.0
brute_force,"main_cat IN ('All Electronics', 'Computers', 'Sports & Outdoors')",0.31,0.3085,10,30,0.0362,24.8391,24.8753,10,10,1.0
brute_force,"main_cat IN ('All Electronics', 'Computers', 'Sports & Outdoors')",0.31,0.3085,10,31,0.0367,24.888,24.9247,10,10,1.0
brute_force,"main_cat IN ('All Electronics', 'Computers', 'Sports & Outdoors')",0.31,0.3085,10,32,0.0428,24.8931,24.9359,10,10,1.0
brute_force,"main_cat IN ('All Electronics', 'Computers', 'Sports & Outdoors')",0.31,0.3085,10,33,0.1821,24.8569,25.039,10,10,1.0
brute_force,"main_cat IN ('All Electronics', 'Computers', 'Sports & Outdoors')",0.31,0.3085,10,34,0.1376,25.0285,25.166,10,10,1.0
brute_force,"main_cat IN ('All Electronics', 'Computers', 'Sports & Outdoors')",0.31,0.3085,10,35,0.0242,24.5864,24.6106,10,10,1.0
brute_force,"main_cat IN ('All Electronics', 'Computers', 'Sports & Outdoors')",0.31,0.3085,10,36,0.0694,24.621,24.6904,10,10,1.0
brute_force,"main_cat IN ('All Electronics', 'Computers', 'Sports & Outdoors')",0.31,0.3085,10,37,0.0213,24.6658,24.6871,10,10,1.0
brute_force,"main_cat IN ('All Electronics', 'Computers', 'Sports & Outdoors')",0.31,0.3085,10,38,0.0264,24.5929,24.6193,10,10,1.0
brute_force,"main_cat IN ('All Electronics', 'Computers', 'Sports & Outdoors')",0.31,0.3085,10,39,0.0299,24.668,24.6979,10,10,1.0
brute_force,"main_cat IN ('All Electronics', 'Computers', 'Sports & Outdoors')",0.31,0.3085,10,40,0.0382,24.554,24.5921,10,10,1.0
brute_force,"main_cat IN ('All Electronics', 'Computers', 'Sports & Outdoors')",0.31,0.3085,10,41,0.0257,24.6125,24.6382,10,10,1.0
brute_force,"main_cat IN ('All Electronics', 'Computers', 'Sports & Outdoors')",0.31,0.3085,10,42,0.0404,24.7016,24.742,10,10,1.0
brute_force,"main_cat IN ('All Electronics', 'Computers', 'Sports & Outdoors')",0.31,0.3085,10,43,0.0281,24.5877,24.6157,10,10,1.0
brute_force,"main_cat IN ('All Electronics', 'Computers', 'Sports & Outdoors')",0.31,0.3085,10,44,0.044,24.6128,24.6568,10,10,1.0
brute_force,"main_cat IN ('All Electronics', 'Computers', 'Sports & Outdoors')",0.31,0.3085,10,45,0.0346,24.691,24.7255,10,10,1.0
brute_force,"main_cat IN ('All Electronics', 'Computers', 'Sports & Outdoors')",0.31,0.3085,10,46,0.0292,24.6958,24.725,10,10,1.0
brute_force,"main_cat IN ('All Electronics', 'Computers', 'Sports & Outdoors')",0.31,0.3085,10,47,0.026,24.4995,24.5255,10,10,1.0
brute_force,"main_cat IN ('All Electronics', 'Computers', 'Sports & Outdoors')",0.31,0.3085,10,48,0.031,24.584,24.6149,10,10,1.0
brute_force,"main_cat IN ('All Electronics', 'Computers', 'Sports & Outdoors')",0.31,0.3085,10,49,0.0376,24.5744,24.612,10,10,1.0
naive_prefilter,"main_cat IN ('All Electronics', 'Computers', 'Sports & Outdoors')",0.31,0.3085,10,0,17.9432,17.7165,35.6598,59775,10,1.0
naive_prefilter,"main_cat IN ('All Electronics', 'Computers', 'Sports & Outdoors')",0.31,0.3085,10,1,17.765,17.9453,35.7103,59775,10,1.0
naive_prefilter,"main_cat IN ('All Electronics', 'Computers', 'Sports & Outdoors')",0.31,0.3085,10,2,17.4085,17.6262,35.0347,59775,10,1.0
naive_prefilter,"main_cat IN ('All Electronics', 'Computers', 'Sports & Outdoors')",0.31,0.3085,10,3,17.3626,17.7824,35.145,59775,10,1.0
naive_prefilter,"main_cat IN ('All Electronics', 'Computers', 'Sports & Outdoors')",0.31,0.3085,10,4,17.288,17.6388,34.9268,59775,10,1.0
naive_prefilter,"main_cat IN ('All Electronics', 'Computers', 'Sports & Outdoors')",0.31,0.3085,10,5,17.619,17.5876,35.2066,59775,10,1.0
naive_prefilter,"main_cat IN ('All Electronics', 'Computers', 'Sports & Outdoors')",0.31,0.3085,10,6,17.5155,17.5883,35.1038,59775,10,1.0
naive_prefilter,"main_cat IN ('All Electronics', 'Computers', 'Sports & Outdoors')",0.31,0.3085,10,7,17.19,17.6169,34.8069,59775,10,1.0
naive_prefilter,"main_cat IN ('All Electronics', 'Computers', 'Sports & Outdoors')",0.31,0.3085,10,8,17.2177,17.4829,34.7005,59775,10,1.0
naive_prefilter,"main_cat IN ('All Electronics', 'Computers', 'Sports & Outdoors')",0.31,0.3085,10,9,17.3921,17.5212,34.9133,59775,10,1.0
naive_prefilter,"main_cat IN ('All Electronics', 'Computers', 'Sports & Outdoors')",0.31,0.3085,10,10,17.2719,17.6396,34.9115,59775,10,1.0
naive_prefilter,"main_cat IN ('All Electronics', 'Computers', 'Sports & Outdoors')",0.31,0.3085,10,11,17.5699,17.8042,35.3741,59775,10,1.0
naive_prefilter,"main_cat IN ('All Electronics', 'Computers', 'Sports & Outdoors')",0.31,0.3085,10,12,17.4995,17.7293,35.2288,59775,10,1.0
naive_prefilter,"main_cat IN ('All Electronics', 'Computers', 'Sports & Outdoors')",0.31,0.3085,10,13,17.4007,17.748,35.1487,59775,10,1.0
naive_prefilter,"main_cat IN ('All Electronics', 'Computers', 'Sports & Outdoors')",0.31,0.3085,10,14,17.4296,17.7955,35.2251,59775,10,1.0
naive_prefilter,"main_cat IN ('All Electronics', 'Computers', 'Sports & Outdoors')",0.31,0.3085,10,15,17.6336,17.5287,35.1622,59775,10,1.0
naive_prefilter,"main_cat IN ('All Electronics', 'Computers', 'Sports & Outdoors')",0.31,0.3085,10,16,17.6104,17.6015,35.2119,59775,10,1.0
naive_prefilter,"main_cat IN ('All Electronics', 'Computers', 'Sports & Outdoors')",0.31,0.3085,10,17,17.384,17.8135,35.1975,59775,10,1.0
naive_prefilter,"main_cat IN ('All Electronics', 'Computers', 'Sports & Outdoors')",0.31,0.3085,10,18,17.3404,17.7518,35.0922,59775,10,1.0
naive_prefilter,"main_cat IN ('All Electronics', 'Computers', 'Sports & Outdoors')",0.31,0.3085,10,19,17.7497,17.5802,35.3299,59775,10,1.0
naive_prefilter,"main_cat IN ('All Electronics', 'Computers', 'Sports & Outdoors')",0.31,0.3085,10,20,17.5586,17.6103,35.1689,59775,10,1.0
naive_prefilter,"main_cat IN ('All Electronics', 'Computers', 'Sports & Outdoors')",0.31,0.3085,10,21,17.597,17.7099,35.3068,59775,10,1.0
naive_prefilter,"main_cat IN ('All Electronics', 'Computers', 'Sports & Outdoors')",0.31,0.3085,10,22,17.3361,17.5593,34.8954,59775,10,1.0
naive_prefilter,"main_cat IN ('All Electronics', 'Computers', 'Sports & Outdoors')",0.31,0.3085,10,23,17.3623,17.5893,34.9515,59775,10,1.0
naive_prefilter,"main_cat IN ('All Electronics', 'Computers', 'Sports & Outdoors')",0.31,0.3085,10,24,17.6875,17.6147,35.3022,59775,10,1.0
naive_prefilter,"main_cat IN ('All Electronics', 'Computers', 'Sports & Outdoors')",0.31,0.3085,10,25,17.2758,17.8286,35.1044,59775,10,1.0
naive_prefilter,"main_cat IN ('All Electronics', 'Computers', 'Sports & Outdoors')",0.31,0.3085,10,26,17.1826,17.5903,34.7729,59775,10,1.0
naive_prefilter,"main_cat IN ('All Electronics', 'Computers', 'Sports & Outdoors')",0.31,0.3085,10,27,17.3977,17.6405,35.0383,59775,10,1.0
naive_prefilter,"main_cat IN ('All Electronics', 'Computers', 'Sports & Outdoors')",0.31,0.3085,10,28,17.3625,17.5775,34.9399,59775,10,1.0
naive_prefilter,"main_cat IN ('All Electronics', 'Computers', 'Sports & Outdoors')",0.31,0.3085,10,29,17.4661,18.0588,35.525,59775,10,1.0
naive_prefilter,"main_cat IN ('All Electronics', 'Computers', 'Sports & Outdoors')",0.31,0.3085,10,30,17.461,17.7787,35.2397,59775,10,1.0
naive_prefilter,"main_cat IN ('All Electronics', 'Computers', 'Sports & Outdoors')",0.31,0.3085,10,31,17.4481,17.5848,35.033,59775,10,1.0
naive_prefilter,"main_cat IN ('All Electronics', 'Computers', 'Sports & Outdoors')",0.31,0.3085,10,32,17.2168,17.5521,34.7689,59775,10,1.0
naive_prefilter,"main_cat IN ('All Electronics', 'Computers', 'Sports & Outdoors')",0.31,0.3085,10,33,17.4708,17.7338,35.2046,59775,10,1.0
naive_prefilter,"main_cat IN ('All Electronics', 'Computers', 'Sports & Outdoors')",0.31,0.3085,10,34,17.2714,17.6619,34.9333,59775,10,1.0
naive_prefilter,"main_cat IN ('All Electronics', 'Computers', 'Sports & Outdoors')",0.31,0.3085,10,35,17.1122,17.5854,34.6977,59775,10,1.0
naive_prefilter,"main_cat IN ('All Electronics', 'Computers', 'Sports & Outdoors')",0.31,0.3085,10,36,17.2698,17.5821,34.8519,59775,10,1.0
naive_prefilter,"main_cat IN ('All Electronics', 'Computers', 'Sports & Outdoors')",0.31,0.3085,10,37,17.0378,17.6587,34.6965,59775,10,1.0
naive_prefilter,"main_cat IN ('All Electronics', 'Computers', 'Sports & Outdoors')",0.31,0.3085,10,38,17.459,17.5788,35.0378,59775,10,1.0
naive_prefilter,"main_cat IN ('All Electronics', 'Computers', 'Sports & Outdoors')",0.31,0.3085,10,39,17.2065,18.0261,35.2326,59775,10,1.0
naive_prefilter,"main_cat IN ('All Electronics', 'Computers', 'Sports & Outdoors')",0.31,0.3085,10,40,17.796,17.6382,35.4342,59775,10,1.0
naive_prefilter,"main_cat IN ('All Electronics', 'Computers', 'Sports & Outdoors')",0.31,0.3085,10,41,17.6255,17.5698,35.1953,59775,10,1.0
naive_prefilter,"main_cat IN ('All Electronics', 'Computers', 'Sports & Outdoors')",0.31,0.3085,10,42,17.1413,17.5684,34.7096,59775,10,1.0
naive_prefilter,"main_cat IN ('All Electronics', 'Computers', 'Sports & Outdoors')",0.31,0.3085,10,43,17.3622,17.5741,34.9363,59775,10,1.0
naive_prefilter,"main_cat IN ('All Electronics', 'Computers', 'Sports & Outdoors')",0.31,0.3085,10,44,17.1846,17.5977,34.7823,59775,10,1.0
naive_prefilter,"main_cat IN ('All Electronics', 'Computers', 'Sports & Outdoors')",0.31,0.3085,10,45,17.242,17.5803,34.8223,59775,10,1.0
naive_prefilter,"main_cat IN ('All Electronics', 'Computers', 'Sports & Outdoors')",0.31,0.3085,10,46,17.2469,17.6629,34.9098,59775,10,1.0
naive_prefilter,"main_cat IN ('All Electronics', 'Computers', 'Sports & Outdoors')",0.31,0.3085,10,47,17.2352,17.7788,35.014,59775,10,0.0
naive_prefilter,"main_cat IN ('All Electronics', 'Computers', 'Sports & Outdoors')",0.31,0.3085,10,48,17.2484,17.959,35.2074,59775,10,1.0
naive_prefilter,"main_cat IN ('All Electronics', 'Computers', 'Sports & Outdoors')",0.31,0.3085,10,49,17.4174,17.4734,34.8908,59775,10,1.0
post_filter,"main_cat IN ('All Electronics', 'Computers', 'Sports & Outdoors')",0.31,0.3085,10,0,0.0593,0.3711,0.4304,10,10,0.9
post_filter,"main_cat IN ('All Electronics', 'Computers', 'Sports & Outdoors')",0.31,0.3085,10,1,0.026,0.8183,0.8443,10,10,1.0
post_filter,"main_cat IN ('All Electronics', 'Computers', 'Sports & Outdoors')",0.31,0.3085,10,2,0.0194,0.6538,0.6732,10,10,1.0
post_filter,"main_cat IN ('All Electronics', 'Computers', 'Sports & Outdoors')",0.31,0.3085,10,3,0.0399,0.6687,0.7087,10,10,1.0
post_filter,"main_cat IN ('All Electronics', 'Computers', 'Sports & Outdoors')",0.31,0.3085,10,4,0.0177,0.7608,0.7785,10,10,1.0
post_filter,"main_cat IN ('All Electronics', 'Computers', 'Sports & Outdoors')",0.31,0.3085,10,5,0.0131,0.6711,0.6843,10,10,1.0
post_filter,"main_cat IN ('All Electronics', 'Computers', 'Sports & Outdoors')",0.31,0.3085,10,6,0.0213,0.7624,0.7837,10,10,1.0
post_filter,"main_cat IN ('All Electronics', 'Computers', 'Sports & Outdoors')",0.31,0.3085,10,7,0.0253,0.5808,0.6061,10,10,1.0
post_filter,"main_cat IN ('All Electronics', 'Computers', 'Sports & Outdoors')",0.31,0.3085,10,8,0.0471,0.8173,0.8643,10,10,1.0
post_filter,"main_cat IN ('All Electronics', 'Computers', 'Sports & Outdoors')",0.31,0.3085,10,9,0.0509,0.8308,0.8817,10,10,1.0
post_filter,"main_cat IN ('All Electronics', 'Computers', 'Sports & Outdoors')",0.31,0.3085,10,10,0.0261,0.8592,0.8853,10,10,1.0
post_filter,"main_cat IN ('All Electronics', 'Computers', 'Sports & Outdoors')",0.31,0.3085,10,11,0.0355,1.0222,1.0576,10,10,1.0
post_filter,"main_cat IN ('All Electronics', 'Computers', 'Sports & Outdoors')",0.31,0.3085,10,12,0.1115,0.7415,0.853,10,10,1.0
post_filter,"main_cat IN ('All Electronics', 'Computers', 'Sports & Outdoors')",0.31,0.3085,10,13,0.0241,0.7221,0.7462,10,10,1.0
post_filter,"main_cat IN ('All Electronics', 'Computers', 'Sports & Outdoors')",0.31,0.3085,10,14,0.0616,0.5489,0.6105,10,10,1.0
post_filter,"main_cat IN ('All Electronics', 'Computers', 'Sports & Outdoors')",0.31,0.3085,10,15,0.2146,0.4745,0.6891,10,10,0.9
post_filter,"main_cat IN ('All Electronics', 'Computers', 'Sports & Outdoors')",0.31,0.3085,10,16,0.025,0.8407,0.8656,10,10,1.0
post_filter,"main_cat IN ('All Electronics', 'Computers', 'Sports & Outdoors')",0.31,0.3085,10,17,0.0203,0.643,0.6633,10,10,1.0
post_filter,"main_cat IN ('All Electronics', 'Computers', 'Sports & Outdoors')",0.31,0.3085,10,18,0.0197,0.7542,0.7739,10,10,1.0
post_filter,"main_cat IN ('All Electronics', 'Computers', 'Sports & Outdoors')",0.31,0.3085,10,19,0.0255,0.7791,0.8046,10,10,1.0
post_filter,"main_cat IN ('All Electronics', 'Computers', 'Sports & Outdoors')",0.31,0.3085,10,20,0.0154,0.5954,0.6108,10,10,1.0
post_filter,"main_cat IN ('All Electronics', 'Computers', 'Sports & Outdoors')",0.31,0.3085,10,21,0.058,0.6138,0.6717,10,10,1.0
post_filter,"main_cat IN ('All Electronics', 'Computers', 'Sports & Outdoors')",0.31,0.3085,10,22,0.099,0.6606,0.7596,10,10,0.7
post_filter,"main_cat IN ('All Electronics', 'Computers', 'Sports & Outdoors')",0.31,0.3085,10,23,0.0198,0.6198,0.6395,10,10,1.0
post_filter,"main_cat IN ('All Electronics', 'Computers', 'Sports & Outdoors')",0.31,0.3085,10,24,0.0178,0.8553,0.8731,10,10,1.0
post_filter,"main_cat IN ('All Electronics', 'Computers', 'Sports & Outdoors')",0.31,0.3085,10,25,0.0325,0.2664,0.2989,10,10,0.9
post_filter,"main_cat IN ('All Electronics', 'Computers', 'Sports & Outdoors')",0.31,0.3085,10,26,0.028,0.7796,0.8076,10,10,1.0
post_filter,"main_cat IN ('All Electronics', 'Computers', 'Sports & Outdoors')",0.31,0.3085,10,27,0.0121,0.7224,0.7345,10,10,1.0
post_filter,"main_cat IN ('All Electronics', 'Computers', 'Sports & Outdoors')",0.31,0.3085,10,28,0.0294,0.775,0.8043,10,10,0.9
post_filter,"main_cat IN ('All Electronics', 'Computers', 'Sports & Outdoors')",0.31,0.3085,10,29,0.042,0.498,0.54,10,10,1.0
post_filter,"main_cat IN ('All Electronics', 'Computers', 'Sports & Outdoors')",0.31,0.3085,10,30,0.0109,0.38,0.3909,10,10,0.0
post_filter,"main_cat IN ('All Electronics', 'Computers', 'Sports & Outdoors')",0.31,0.3085,10,31,0.0312,0.7673,0.7985,10,10,1.0
post_filter,"main_cat IN ('All Electronics', 'Computers', 'Sports & Outdoors')",0.31,0.3085,10,32,0.0339,0.6198,0.6537,10,10,1.0
post_filter,"main_cat IN ('All Electronics', 'Computers', 'Sports & Outdoors')",0.31,0.3085,10,33,0.2133,0.4521,0.6653,10,10,0.5
post_filter,"main_cat IN ('All Electronics', 'Computers', 'Sports & Outdoors')",0.31,0.3085,10,34,0.133,0.7635,0.8965,10,10,1.0
post_filter,"main_cat IN ('All Electronics', 'Computers', 'Sports & Outdoors')",0.31,0.3085,10,35,0.0162,0.8085,0.8246,10,10,1.0
post_filter,"main_cat IN ('All Electronics', 'Computers', 'Sports & Outdoors')",0.31,0.3085,10,36,0.0715,0.6838,0.7554,10,10,0.9
post_filter,"main_cat IN ('All Electronics', 'Computers', 'Sports & Outdoors')",0.31,0.3085,10,37,0.0156,0.6004,0.616,10,10,1.0
post_filter,"main_cat IN ('All Electronics', 'Computers', 'Sports & Outdoors')",0.31,0.3085,10,38,0.0255,0.9768,1.0023,10,10,1.0
post_filter,"main_cat IN ('All Electronics', 'Computers', 'Sports & Outdoors')",0.31,0.3085,10,39,0.0223,0.5156,0.5378,10,10,1.0
post_filter,"main_cat IN ('All Electronics', 'Computers', 'Sports & Outdoors')",0.31,0.3085,10,40,0.0332,1.0075,1.0407,10,10,1.0
post_filter,"main_cat IN ('All Electronics', 'Computers', 'Sports & Outdoors')",0.31,0.3085,10,41,0.0199,0.5271,0.547,10,10,1.0
post_filter,"main_cat IN ('All Electronics', 'Computers', 'Sports & Outdoors')",0.31,0.3085,10,42,0.0281,0.7647,0.7928,10,10,1.0
post_filter,"main_cat IN ('All Electronics', 'Computers', 'Sports & Outdoors')",0.31,0.3085,10,43,0.0276,0.4055,0.4332,10,10,0.7
post_filter,"main_cat IN ('All Electronics', 'Computers', 'Sports & Outdoors')",0.31,0.3085,10,44,0.0357,0.6104,0.646,10,10,1.0
post_filter,"main_cat IN ('All Electronics', 'Computers', 'Sports & Outdoors')",0.31,0.3085,10,45,0.0275,0.8446,0.8721,10,10,1.0
post_filter,"main_cat IN ('All Electronics', 'Computers', 'Sports & Outdoors')",0.31,0.3085,10,46,0.0223,0.6812,0.7035,10,10,1.0
post_filter,"main_cat IN ('All Electronics', 'Computers', 'Sports & Outdoors')",0.31,0.3085,10,47,0.0256,0.2345,0.2601,10,10,0.2
post_filter,"main_cat IN ('All Electronics', 'Computers', 'Sports & Outdoors')",0.31,0.3085,10,48,0.0226,0.8174,0.84,10,10,1.0
post_filter,"main_cat IN ('All Electronics', 'Computers', 'Sports & Outdoors')",0.31,0.3085,10,49,0.0248,0.4028,0.4276,10,10,0.9
bitmap_prefilter,"main_cat IN ('All Electronics', 'Computers', 'Sports & Outdoors')",0.31,0.3085,10,0,0.0711,16.6733,16.7444,59775,10,1.0
bitmap_prefilter,"main_cat IN ('All Electronics', 'Computers', 'Sports & Outdoors')",0.31,0.3085,10,1,0.0699,17.7254,17.7953,59775,10,1.0
bitmap_prefilter,"main_cat IN ('All Electronics', 'Computers', 'Sports & Outdoors')",0.31,0.3085,10,2,0.0755,17.5677,17.6432,59775,10,1.0
bitmap_prefilter,"main_cat IN ('All Electronics', 'Computers', 'Sports & Outdoors')",0.31,0.3085,10,3,0.0847,17.5466,17.6313,59775,10,1.0
bitmap_prefilter,"main_cat IN ('All Electronics', 'Computers', 'Sports & Outdoors')",0.31,0.3085,10,4,0.0833,16.6084,16.6916,59775,10,1.0
bitmap_prefilter,"main_cat IN ('All Electronics', 'Computers', 'Sports & Outdoors')",0.31,0.3085,10,5,0.0742,16.9491,17.0233,59775,10,1.0
bitmap_prefilter,"main_cat IN ('All Electronics', 'Computers', 'Sports & Outdoors')",0.31,0.3085,10,6,0.0703,16.5647,16.635,59775,10,1.0
bitmap_prefilter,"main_cat IN ('All Electronics', 'Computers', 'Sports & Outdoors')",0.31,0.3085,10,7,0.0694,16.718,16.7873,59775,10,1.0
bitmap_prefilter,"main_cat IN ('All Electronics', 'Computers', 'Sports & Outdoors')",0.31,0.3085,10,8,0.0685,16.6066,16.6751,59775,10,1.0
bitmap_prefilter,"main_cat IN ('All Electronics', 'Computers', 'Sports & Outdoors')",0.31,0.3085,10,9,0.0672,16.8386,16.9058,59775,10,1.0
bitmap_prefilter,"main_cat IN ('All Electronics', 'Computers', 'Sports & Outdoors')",0.31,0.3085,10,10,0.0806,16.9418,17.0224,59775,10,1.0
bitmap_prefilter,"main_cat IN ('All Electronics', 'Computers', 'Sports & Outdoors')",0.31,0.3085,10,11,0.0735,17.3628,17.4364,59775,10,1.0
bitmap_prefilter,"main_cat IN ('All Electronics', 'Computers', 'Sports & Outdoors')",0.31,0.3085,10,12,0.0701,17.2435,17.3136,59775,10,1.0
bitmap_prefilter,"main_cat IN ('All Electronics', 'Computers', 'Sports & Outdoors')",0.31,0.3085,10,13,0.0692,17.5504,17.6196,59775,10,1.0
bitmap_prefilter,"main_cat IN ('All Electronics', 'Computers', 'Sports & Outdoors')",0.31,0.3085,10,14,0.0676,17.4439,17.5115,59775,10,1.0
bitmap_prefilter,"main_cat IN ('All Electronics', 'Computers', 'Sports & Outdoors')",0.31,0.3085,10,15,0.0678,17.3487,17.4165,59775,10,1.0
bitmap_prefilter,"main_cat IN ('All Electronics', 'Computers', 'Sports & Outdoors')",0.31,0.3085,10,16,0.0687,17.4263,17.4949,59775,10,1.0
bitmap_prefilter,"main_cat IN ('All Electronics', 'Computers', 'Sports & Outdoors')",0.31,0.3085,10,17,0.0662,17.5256,17.5918,59775,10,1.0
bitmap_prefilter,"main_cat IN ('All Electronics', 'Computers', 'Sports & Outdoors')",0.31,0.3085,10,18,0.0672,17.199,17.2663,59775,10,1.0
bitmap_prefilter,"main_cat IN ('All Electronics', 'Computers', 'Sports & Outdoors')",0.31,0.3085,10,19,0.0675,16.8559,16.9235,59775,10,1.0
bitmap_prefilter,"main_cat IN ('All Electronics', 'Computers', 'Sports & Outdoors')",0.31,0.3085,10,20,0.0674,16.779,16.8463,59775,10,1.0
bitmap_prefilter,"main_cat IN ('All Electronics', 'Computers', 'Sports & Outdoors')",0.31,0.3085,10,21,0.0662,16.8172,16.8834,59775,10,1.0
bitmap_prefilter,"main_cat IN ('All Electronics', 'Computers', 'Sports & Outdoors')",0.31,0.3085,10,22,0.0678,16.9003,16.9681,59775,10,1.0
bitmap_prefilter,"main_cat IN ('All Electronics', 'Computers', 'Sports & Outdoors')",0.31,0.3085,10,23,0.0667,17.1305,17.1972,59775,10,1.0
bitmap_prefilter,"main_cat IN ('All Electronics', 'Computers', 'Sports & Outdoors')",0.31,0.3085,10,24,0.0673,16.8926,16.9599,59775,10,1.0
bitmap_prefilter,"main_cat IN ('All Electronics', 'Computers', 'Sports & Outdoors')",0.31,0.3085,10,25,0.0676,16.6165,16.6841,59775,10,1.0
bitmap_prefilter,"main_cat IN ('All Electronics', 'Computers', 'Sports & Outdoors')",0.31,0.3085,10,26,0.0672,16.6729,16.7402,59775,10,1.0
bitmap_prefilter,"main_cat IN ('All Electronics', 'Computers', 'Sports & Outdoors')",0.31,0.3085,10,27,0.0664,16.6255,16.692,59775,10,1.0
bitmap_prefilter,"main_cat IN ('All Electronics', 'Computers', 'Sports & Outdoors')",0.31,0.3085,10,28,0.0672,16.6575,16.7247,59775,10,1.0
bitmap_prefilter,"main_cat IN ('All Electronics', 'Computers', 'Sports & Outdoors')",0.31,0.3085,10,29,0.0662,16.7721,16.8383,59775,10,1.0
bitmap_prefilter,"main_cat IN ('All Electronics', 'Computers', 'Sports & Outdoors')",0.31,0.3085,10,30,0.0662,16.9325,16.9988,59775,10,1.0
bitmap_prefilter,"main_cat IN ('All Electronics', 'Computers', 'Sports & Outdoors')",0.31,0.3085,10,31,0.0718,16.558,16.6298,59775,10,1.0
bitmap_prefilter,"main_cat IN ('All Electronics', 'Computers', 'Sports & Outdoors')",0.31,0.3085,10,32,0.0692,16.6967,16.766,59775,10,1.0
bitmap_prefilter,"main_cat IN ('All Electronics', 'Computers', 'Sports & Outdoors')",0.31,0.3085,10,33,0.0677,16.5925,16.6602,59775,10,1.0
bitmap_prefilter,"main_cat IN ('All Electronics', 'Computers', 'Sports & Outdoors')",0.31,0.3085,10,34,0.0678,16.6589,16.7267,59775,10,1.0
bitmap_prefilter,"main_cat IN ('All Electronics', 'Computers', 'Sports & Outdoors')",0.31,0.3085,10,35,0.076,16.632,16.708,59775,10,1.0
bitmap_prefilter,"main_cat IN ('All Electronics', 'Computers', 'Sports & Outdoors')",0.31,0.3085,10,36,0.0669,16.7042,16.7711,59775,10,1.0
bitmap_prefilter,"main_cat IN ('All Electronics', 'Computers', 'Sports & Outdoors')",0.31,0.3085,10,37,0.0675,16.8034,16.8708,59775,10,1.0
bitmap_prefilter,"main_cat IN ('All Electronics', 'Computers', 'Sports & Outdoors')",0.31,0.3085,10,38,0.0665,16.7477,16.8143,59775,10,1.0
bitmap_prefilter,"main_cat IN ('All Electronics', 'Computers', 'Sports & Outdoors')",0.31,0.3085,10,39,0.0681,16.6733,16.7414,59775,10,1.0
bitmap_prefilter,"main_cat IN ('All Electronics', 'Computers', 'Sports & Outdoors')",0.31,0.3085,10,40,0.0658,16.6832,16.749,59775,10,1.0
bitmap_prefilter,"main_cat IN ('All Electronics', 'Computers', 'Sports & Outdoors')",0.31,0.3085,10,41,0.0677,16.5607,16.6284,59775,10,1.0
bitmap_prefilter,"main_cat IN ('All Electronics', 'Computers', 'Sports & Outdoors')",0.31,0.3085,10,42,0.0666,16.7185,16.7851,59775,10,1.0
bitmap_prefilter,"main_cat IN ('All Electronics', 'Computers', 'Sports & Outdoors')",0.31,0.3085,10,43,0.0676,16.5835,16.6512,59775,10,1.0
bitmap_prefilter,"main_cat IN ('All Electronics', 'Computers', 'Sports & Outdoors')",0.31,0.3085,10,44,0.0658,16.8772,16.943,59775,10,1.0
bitmap_prefilter,"main_cat IN ('All Electronics', 'Computers', 'Sports & Outdoors')",0.31,0.3085,10,45,0.0666,16.7585,16.8252,59775,10,1.0
bitmap_prefilter,"main_cat IN ('All Electronics', 'Computers', 'Sports & Outdoors')",0.31,0.3085,10,46,0.066,16.7376,16.8036,59775,10,1.0
bitmap_prefilter,"main_cat IN ('All Electronics', 'Computers', 'Sports & Outdoors')",0.31,0.3085,10,47,0.0654,16.6203,16.6857,59775,10,0.0
bitmap_prefilter,"main_cat IN ('All Electronics', 'Computers', 'Sports & Outdoors')",0.31,0.3085,10,48,0.0679,16.6807,16.7485,59775,10,1.0
bitmap_prefilter,"main_cat IN ('All Electronics', 'Computers', 'Sports & Outdoors')",0.31,0.3085,10,49,0.0655,16.5947,16.6602,59775,10,1.0
brute_force,"main_cat IN ('All Electronics', 'Computers', 'Sports & Outdoors')",0.31,0.3085,50,0,0.4438,24.7559,25.1998,50,50,1.0
brute_force,"main_cat IN ('All Electronics', 'Computers', 'Sports & Outdoors')",0.31,0.3085,50,1,0.1399,24.7789,24.9187,50,50,1.0
brute_force,"main_cat IN ('All Electronics', 'Computers', 'Sports & Outdoors')",0.31,0.3085,50,2,0.0998,25.0124,25.1122,50,50,1.0
brute_force,"main_cat IN ('All Electronics', 'Computers', 'Sports & Outdoors')",0.31,0.3085,50,3,0.1898,24.6386,24.8284,50,50,1.0
brute_force,"main_cat IN ('All Electronics', 'Computers', 'Sports & Outdoors')",0.31,0.3085,50,4,0.1104,24.5576,24.668,50,50,1.0
brute_force,"main_cat IN ('All Electronics', 'Computers', 'Sports & Outdoors')",0.31,0.3085,50,5,0.0628,24.4465,24.5093,50,50,1.0
brute_force,"main_cat IN ('All Electronics', 'Computers', 'Sports & Outdoors')",0.31,0.3085,50,6,0.1162,24.5521,24.6683,50,50,1.0
brute_force,"main_cat IN ('All Electronics', 'Computers', 'Sports & Outdoors')",0.31,0.3085,50,7,0.1256,24.5395,24.6651,50,50,1.0
brute_force,"main_cat IN ('All Electronics', 'Computers', 'Sports & Outdoors')",0.31,0.3085,50,8,0.2418,24.803,25.0448,50,50,1.0
brute_force,"main_cat IN ('All Electronics', 'Computers', 'Sports & Outdoors')",0.31,0.3085,50,9,0.1654,24.8972,25.0626,50,50,1.0
brute_force,"main_cat IN ('All Electronics', 'Computers', 'Sports & Outdoors')",0.31,0.3085,50,10,0.1165,24.9026,25.0191,50,50,1.0
brute_force,"main_cat IN ('All Electronics', 'Computers', 'Sports & Outdoors')",0.31,0.3085,50,11,0.1133,24.7272,24.8405,50,50,1.0
brute_force,"main_cat IN ('All Electronics', 'Computers', 'Sports & Outdoors')",0.31,0.3085,50,12,0.4032,25.7583,26.1615,50,50,1.0
brute_force,"main_cat IN ('All Electronics', 'Computers', 'Sports & Outdoors')",0.31,0.3085,50,13,0.2052,24.9563,25.1615,50,50,1.0
brute_force,"main_cat IN ('All Electronics', 'Computers', 'Sports & Outdoors')",0.31,0.3085,50,14,0.1906,25.1823,25.373,50,50,1.0
brute_force,"main_cat IN ('All Electronics', 'Computers', 'Sports & Outdoors')",0.31,0.3085,50,15,0.4562,24.8767,25.3329,50,50,1.0
brute_force,"main_cat IN ('All Electronics', 'Computers', 'Sports & Outdoors')",0.31,0.3085,50,16,0.1172,25.021,25.1381,50,50,1.0
brute_force,"main_cat IN ('All Electronics', 'Computers', 'Sports & Outdoors')",0.31,0.3085,50,17,0.1377,24.8618,24.9995,50,50,1.0
brute_force,"main_cat IN ('All Electronics', 'Computers', 'Sports & Outdoors')",0.31,0.3085,50,18,0.0941,24.9443,25.0384,50,50,1.0
brute_force,"main_cat IN ('All Electronics', 'Computers', 'Sports & Outdoors')",0.31,0.3085,50,19,0.106,24.8364,24.9425,50,50,1.0
brute_force,"main_cat IN ('All Electronics', 'Computers', 'Sports & Outdoors')",0.31,0.3085,50,20,0.0949,24.9031,24.998,50,50,1.0
brute_force,"main_cat IN ('All Electronics', 'Computers', 'Sports & Outdoors')",0.31,0.3085,50,21,0.1884,24.9533,25.1417,50,50,1.0
brute_force,"main_cat IN ('All Electronics', 'Computers', 'Sports & Outdoors')",0.31,0.3085,50,22,0.2955,24.9439,25.2394,50,50,1.0
brute_force,"main_cat IN ('All Electronics', 'Computers', 'Sports & Outdoors')",0.31,0.3085,50,23,0.1251,24.8549,24.98,50,50,1.0
brute_force,"main_cat IN ('All Electronics', 'Computers', 'Sports & Outdoors')",0.31,0.3085,50,24,0.1005,24.7614,24.8619,50,50,0.98
brute_force,"main_cat IN ('All Electronics', 'Computers', 'Sports & Outdoors')",0.31,0.3085,50,25,0.1862,24.7998,24.9859,50,50,1.0
brute_force,"main_cat IN ('All Electronics', 'Computers', 'Sports & Outdoors')",0.31,0.3085,50,26,0.1362,24.9494,25.0856,50,50,1.0
brute_force,"main_cat IN ('All Electronics', 'Computers', 'Sports & Outdoors')",0.31,0.3085,50,27,0.0662,24.7727,24.839,50,50,1.0
brute_force,"main_cat IN ('All Electronics', 'Computers', 'Sports & Outdoors')",0.31,0.3085,50,28,0.1404,24.7985,24.9389,50,50,1.0
brute_force,"main_cat IN ('All Electronics', 'Computers', 'Sports & Outdoors')",0.31,0.3085,50,29,0.1484,24.8457,24.9941,50,50,1.0
brute_force,"main_cat IN ('All Electronics', 'Computers', 'Sports & Outdoors')",0.31,0.3085,50,30,0.1291,24.817,24.946,50,50,1.0
brute_force,"main_cat IN ('All Electronics', 'Computers', 'Sports & Outdoors')",0.31,0.3085,50,31,0.1566,24.7368,24.8934,50,50,1.0
brute_force,"main_cat IN ('All Electronics', 'Computers', 'Sports & Outdoors')",0.31,0.3085,50,32,0.1536,25.0456,25.1992,50,50,1.0
brute_force,"main_cat IN ('All Electronics', 'Computers', 'Sports & Outdoors')",0.31,0.3085,50,33,0.3871,24.9297,25.3168,50,50,1.0
brute_force,"main_cat IN ('All Electronics', 'Computers', 'Sports & Outdoors')",0.31,0.3085,50,34,0.431,24.9172,25.3482,50,50,1.0
brute_force,"main_cat IN ('All Electronics', 'Computers', 'Sports & Outdoors')",0.31,0.3085,50,35,0.0957,24.7761,24.8717,50,50,1.0
brute_force,"main_cat IN ('All Electronics', 'Computers', 'Sports & Outdoors')",0.31,0.3085,50,36,0.2667,24.7265,24.9932,50,50,1.0
brute_force,"main_cat IN ('All Electronics', 'Computers', 'Sports & Outdoors')",0.31,0.3085,50,37,0.0786,24.7927,24.8713,50,50,1.0
brute_force,"main_cat IN ('All Electronics', 'Computers', 'Sports & Outdoors')",0.31,0.3085,50,38,0.1082,24.5926,24.7008,50,50,1.0
brute_force,"main_cat IN ('All Electronics', 'Computers', 'Sports & Outdoors')",0.31,0.3085,50,39,0.1202,24.5313,24.6515,50,50,1.0
brute_force,"main_cat IN ('All Electronics', 'Computers', 'Sports & Outdoors')",0.31,0.3085,50,40,0.2118,24.5088,24.7207,50,50,1.0
brute_force,"main_cat IN ('All Electronics', 'Computers', 'Sports & Outdoors')",0.31,0.3085,50,41,0.123,24.7139,24.8368,50,50,1.0
brute_force,"main_cat IN ('All Electronics', 'Computers', 'Sports & Outdoors')",0.31,0.3085,50,42,0.166,24.6102,24.7762,50,50,1.0
brute_force,"main_cat IN ('All Electronics', 'Computers', 'Sports & Outdoors')",0.31,0.3085,50,43,0.14,24.5129,24.6529,50,50,1.0
brute_force,"main_cat IN ('All Electronics', 'Computers', 'Sports & Outdoors')",0.31,0.3085,50,44,0.1363,24.628,24.7643,50,50,1.0
brute_force,"main_cat IN ('All Electronics', 'Computers', 'Sports & Outdoors')",0.31,0.3085,50,45,0.161,24.571,24.732,50,50,1.0
brute_force,"main_cat IN ('All Electronics', 'Computers', 'Sports & Outdoors')",0.31,0.3085,50,46,0.187,24.584,24.771,50,50,1.0
brute_force,"main_cat IN ('All Electronics', 'Computers', 'Sports & Outdoors')",0.31,0.3085,50,47,0.1371,24.5811,24.7182,50,50,1.0
brute_force,"main_cat IN ('All Electronics', 'Computers', 'Sports & Outdoors')",0.31,0.3085,50,48,0.1454,24.665,24.8104,50,50,1.0
brute_force,"main_cat IN ('All Electronics', 'Computers', 'Sports & Outdoors')",0.31,0.3085,50,49,0.1326,24.5754,24.708,50,50,1.0
naive_prefilter,"main_cat IN ('All Electronics', 'Computers', 'Sports & Outdoors')",0.31,0.3085,50,0,17.4173,17.8095,35.2267,59775,50,1.0
naive_prefilter,"main_cat IN ('All Electronics', 'Computers', 'Sports & Outdoors')",0.31,0.3085,50,1,17.4903,17.6964,35.1866,59775,50,1.0
naive_prefilter,"main_cat IN ('All Electronics', 'Computers', 'Sports & Outdoors')",0.31,0.3085,50,2,17.7447,17.7914,35.5361,59775,50,1.0
naive_prefilter,"main_cat IN ('All Electronics', 'Computers', 'Sports & Outdoors')",0.31,0.3085,50,3,17.8664,17.898,35.7645,59775,50,1.0
naive_prefilter,"main_cat IN ('All Electronics', 'Computers', 'Sports & Outdoors')",0.31,0.3085,50,4,17.7399,17.7018,35.4417,59775,50,1.0
naive_prefilter,"main_cat IN ('All Electronics', 'Computers', 'Sports & Outdoors')",0.31,0.3085,50,5,17.4447,17.6026,35.0473,59775,50,1.0
naive_prefilter,"main_cat IN ('All Electronics', 'Computers', 'Sports & Outdoors')",0.31,0.3085,50,6,17.3394,17.5483,34.8878,59775,50,1.0
naive_prefilter,"main_cat IN ('All Electronics', 'Computers', 'Sports & Outdoors')",0.31,0.3085,50,7,17.5679,17.5129,35.0808,59775,50,1.0
naive_prefilter,"main_cat IN ('All Electronics', 'Computers', 'Sports & Outdoors')",0.31,0.3085,50,8,17.3118,17.5022,34.814,59775,50,1.0
naive_prefilter,"main_cat IN ('All Electronics', 'Computers', 'Sports & Outdoors')",0.31,0.3085,50,9,17.4773,17.754,35.2313,59775,50,1.0
naive_prefilter,"main_cat IN ('All Electronics', 'Computers', 'Sports & Outdoors')",0.31,0.3085,50,10,17.5128,17.702,35.2149,59775,50,1.0
naive_prefilter,"main_cat IN ('All Electronics', 'Computers', 'Sports & Outdoors')",0.31,0.3085,50,11,17.3792,17.6576,35.0367,59775,50,1.0
naive_prefilter,"main_cat IN ('All Electronics', 'Computers', 'Sports & Outdoors')",0.31,0.3085,50,12,17.6177,17.6225,35.2402,59775,50,1.0
naive_prefilter,"main_cat IN ('All Electronics', 'Computers', 'Sports & Outdoors')",0.31,0.3085,50,13,17.4537,17.6952,35.1489,59775,50,1.0
naive_prefilter,"main_cat IN ('All Electronics', 'Computers', 'Sports & Outdoors')",0.31,0.3085,50,14,17.4894,17.6933,35.1828,59775,50,1.0
naive_prefilter,"main_cat IN ('All Electronics', 'Computers', 'Sports & Outdoors')",0.31,0.3085,50,15,17.6004,17.7315,35.332,59775,50,1.0
naive_prefilter,"main_cat IN ('All Electronics', 'Computers', 'Sports & Outdoors')",0.31,0.3085,50,16,17.1857,17.6865,34.8722,59775,50,1.0
naive_prefilter,"main_cat IN ('All Electronics', 'Computers', 'Sports & Outdoors')",0.31,0.3085,50,17,17.6155,18.1509,35.7664,59775,50,1.0
naive_prefilter,"main_cat IN ('All Electronics', 'Computers', 'Sports & Outdoors')",0.31,0.3085,50,18,17.2625,17.6152,34.8777,59775,50,1.0
naive_prefilter,"main_cat IN ('All Electronics', 'Computers', 'Sports & Outdoors')",0.31,0.3085,50,19,17.5554,17.5516,35.107,59775,50,1.0
naive_prefilter,"main_cat IN ('All Electronics', 'Computers', 'Sports & Outdoors')",0.31,0.3085,50,20,17.3414,17.5917,34.9331,59775,50,1.0
naive_prefilter,"main_cat IN ('All Electronics', 'Computers', 'Sports & Outdoors')",0.31,0.3085,50,21,17.4449,17.552,34.9969,59775,50,1.0
naive_prefilter,"main_cat IN ('All Electronics', 'Computers', 'Sports & Outdoors')",0.31,0.3085,50,22,17.4903,17.5763,35.0666,59775,50,1.0
naive_prefilter,"main_cat IN ('All Electronics', 'Computers', 'Sports & Outdoors')",0.31,0.3085,50,23,17.6707,17.6399,35.3106,59775,50,1.0
naive_prefilter,"main_cat IN ('All Electronics', 'Computers', 'Sports & Outdoors')",0.31,0.3085,50,24,17.3588,17.7643,35.1232,59775,50,0.98
naive_prefilter,"main_cat IN ('All Electronics', 'Computers', 'Sports & Outdoors')",0.31,0.3085,50,25,17.4896,17.6562,35.1458,59775,50,1.0
naive_prefilter,"main_cat IN ('All Electronics', 'Computers', 'Sports & Outdoors')",0.31,0.3085,50,26,17.3395,17.6273,34.9668,59775,50,1.0
naive_prefilter,"main_cat IN ('All Electronics', 'Computers', 'Sports & Outdoors')",0.31,0.3085,50,27,17.3869,17.787,35.1738,59775,50,1.0
naive_prefilter,"main_cat IN ('All Electronics', 'Computers', 'Sports & Outdoors')",0.31,0.3085,50,28,17.5763,17.6525,35.2288,59775,50,1.0
naive_prefilter,"main_cat IN ('All Electronics', 'Computers', 'Sports & Outdoors')",0.31,0.3085,50,29,17.5179,17.5635,35.0814,59775,50,1.0
naive_prefilter,"main_cat IN ('All Electronics', 'Computers', 'Sports & Outdoors')",0.31,0.3085,50,30,17.3185,17.7175,35.036,59775,50,0.6
naive_prefilter,"main_cat IN ('All Electronics', 'Computers', 'Sports & Outdoors')",0.31,0.3085,50,31,17.4719,18.3535,35.8254,59775,50,1.0
naive_prefilter,"main_cat IN ('All Electronics', 'Computers', 'Sports & Outdoors')",0.31,0.3085,50,32,17.3267,17.7224,35.0491,59775,50,1.0
naive_prefilter,"main_cat IN ('All Electronics', 'Computers', 'Sports & Outdoors')",0.31,0.3085,50,33,17.4595,17.6397,35.0991,59775,50,1.0
naive_prefilter,"main_cat IN ('All Electronics', 'Computers', 'Sports & Outdoors')",0.31,0.3085,50,34,17.5527,17.6605,35.2132,59775,50,1.0
naive_prefilter,"main_cat IN ('All Electronics', 'Computers', 'Sports & Outdoors')",0.31,0.3085,50,35,17.5273,17.6314,35.1587,59775,50,1.0
naive_prefilter,"main_cat IN ('All Electronics', 'Computers', 'Sports & Outdoors')",0.31,0.3085,50,36,17.5453,17.5403,35.0856,59775,50,1.0
naive_prefilter,"main_cat IN ('All Electronics', 'Computers', 'Sports & Outdoors')",0.31,0.3085,50,37,17.423,17.568,34.991,59775,50,1.0
naive_prefilter,"main_cat IN ('All Electronics', 'Computers', 'Sports & Outdoors')",0.31,0.3085,50,38,17.5706,17.6104,35.181,59775,50,1.0
naive_prefilter,"main_cat IN ('All Electronics', 'Computers', 'Sports & Outdoors')",0.31,0.3085,50,39,17.5318,17.5372,35.069,59775,50,1.0
naive_prefilter,"main_cat IN ('All Electronics', 'Computers', 'Sports & Outdoors')",0.31,0.3085,50,40,17.2731,17.5403,34.8134,59775,50,1.0
naive_prefilter,"main_cat IN ('All Electronics', 'Computers', 'Sports & Outdoors')",0.31,0.3085,50,41,17.2596,17.5517,34.8113,59775,50,1.0
naive_prefilter,"main_cat IN ('All Electronics', 'Computers', 'Sports & Outdoors')",0.31,0.3085,50,42,17.4677,17.6668,35.1345,59775,50,1.0
naive_prefilter,"main_cat IN ('All Electronics', 'Computers', 'Sports & Outdoors')",0.31,0.3085,50,43,17.1633,17.6225,34.7858,59775,50,1.0
naive_prefilter,"main_cat IN ('All Electronics', 'Computers', 'Sports & Outdoors')",0.31,0.3085,50,44,17.4384,17.6861,35.1245,59775,50,1.0
naive_prefilter,"main_cat IN ('All Electronics', 'Computers', 'Sports & Outdoors')",0.31,0.3085,50,45,17.164,17.8116,34.9757,59775,50,1.0
naive_prefilter,"main_cat IN ('All Electronics', 'Computers', 'Sports & Outdoors')",0.31,0.3085,50,46,17.1713,17.6359,34.8072,59775,50,1.0
naive_prefilter,"main_cat IN ('All Electronics', 'Computers', 'Sports & Outdoors')",0.31,0.3085,50,47,17.2356,17.7065,34.9421,59775,50,0.76
naive_prefilter,"main_cat IN ('All Electronics', 'Computers', 'Sports & Outdoors')",0.31,0.3085,50,48,17.2302,17.9984,35.2285,59775,50,1.0
naive_prefilter,"main_cat IN ('All Electronics', 'Computers', 'Sports & Outdoors')",0.31,0.3085,50,49,17.3481,17.6215,34.9696,59775,50,1.0
post_filter,"main_cat IN ('All Electronics', 'Computers', 'Sports & Outdoors')",0.31,0.3085,50,0,0.1839,0.5256,0.7095,50,50,0.86
post_filter,"main_cat IN ('All Electronics', 'Computers', 'Sports & Outdoors')",0.31,0.3085,50,1,0.1176,1.0902,1.2078,50,50,0.98
post_filter,"main_cat IN ('All Electronics', 'Computers', 'Sports & Outdoors')",0.31,0.3085,50,2,0.0862,0.9396,1.0258,50,50,0.98
post_filter,"main_cat IN ('All Electronics', 'Computers', 'Sports & Outdoors')",0.31,0.3085,50,3,0.1662,0.961,1.1272,50,50,0.94
post_filter,"main_cat IN ('All Electronics', 'Computers', 'Sports & Outdoors')",0.31,0.3085,50,4,0.0864,1.1174,1.2038,50,50,0.96
post_filter,"main_cat IN ('All Electronics', 'Computers', 'Sports & Outdoors')",0.31,0.3085,50,5,0.1915,1.0131,1.2046,50,50,1.0
post_filter,"main_cat IN ('All Electronics', 'Computers', 'Sports & Outdoors')",0.31,0.3085,50,6,0.1332,1.3011,1.4343,50,50,0.98
post_filter,"main_cat IN ('All Electronics', 'Computers', 'Sports & Outdoors')",0.31,0.3085,50,7,0.111,0.842,0.9529,50,50,1.0
post_filter,"main_cat IN ('All Electronics', 'Computers', 'Sports & Outdoors')",0.31,0.3085,50,8,0.2084,1.1845,1.393,50,50,1.0
post_filter,"main_cat IN ('All Electronics', 'Computers', 'Sports & Outdoors')",0.31,0.3085,50,9,0.1344,1.149,1.2834,50,50,0.96
post_filter,"main_cat IN ('All Electronics', 'Computers', 'Sports & Outdoors')",0.31,0.3085,50,10,0.0953,1.0278,1.1231,50,50,0.98
post_filter,"main_cat IN ('All Electronics', 'Computers', 'Sports & Outdoors')",0.31,0.3085,50,11,0.0936,1.0328,1.1264,50,50,0.94
post_filter,"main_cat IN ('All Electronics', 'Computers', 'Sports & Outdoors')",0.31,0.3085,50,12,0.3691,0.8246,1.1937,50,50,0.9
post_filter,"main_cat IN ('All Electronics', 'Computers', 'Sports & Outdoors')",0.31,0.3085,50,13,0.184,0.8633,1.0472,50,50,0.9
post_filter,"main_cat IN ('All Electronics', 'Computers', 'Sports & Outdoors')",0.31,0.3085,50,14,0.1741,0.653,0.827,50,50,0.92
post_filter,"main_cat IN ('All Electronics', 'Computers', 'Sports & Outdoors')",0.31,0.3085,50,15,0.39,0.5651,0.955,50,50,0.68
post_filter,"main_cat IN ('All Electronics', 'Computers', 'Sports & Outdoors')",0.31,0.3085,50,16,0.0967,1.0406,1.1373,50,50,1.0
post_filter,"main_cat IN ('All Electronics', 'Computers', 'Sports & Outdoors')",0.31,0.3085,50,17,0.1085,0.7795,0.888,50,50,0.98
post_filter,"main_cat IN ('All Electronics', 'Computers', 'Sports & Outdoors')",0.31,0.3085,50,18,0.071,0.9186,0.9896,50,50,1.0
post_filter,"main_cat IN ('All Electronics', 'Computers', 'Sports & Outdoors')",0.31,0.3085,50,19,0.0837,1.0043,1.0881,50,50,0.94
post_filter,"main_cat IN ('All Electronics', 'Computers', 'Sports & Outdoors')",0.31,0.3085,50,20,0.0726,0.7074,0.78,50,50,1.0
post_filter,"main_cat IN ('All Electronics', 'Computers', 'Sports & Outdoors')",0.31,0.3085,50,21,0.1455,0.7727,0.9183,50,50,0.8
post_filter,"main_cat IN ('All Electronics', 'Computers', 'Sports & Outdoors')",0.31,0.3085,50,22,0.2673,0.7982,1.0655,50,50,0.54
post_filter,"main_cat IN ('All Electronics', 'Computers', 'Sports & Outdoors')",0.31,0.3085,50,23,0.1015,0.7667,0.8682,50,50,1.0
post_filter,"main_cat IN ('All Electronics', 'Computers', 'Sports & Outdoors')",0.31,0.3085,50,24,0.0933,1.1229,1.2162,50,50,0.98
post_filter,"main_cat IN ('All Electronics', 'Computers', 'Sports & Outdoors')",0.31,0.3085,50,25,0.1639,0.361,0.5249,50,50,0.54
post_filter,"main_cat IN ('All Electronics', 'Computers', 'Sports & Outdoors')",0.31,0.3085,50,26,0.108,1.0469,1.1549,50,50,0.98
post_filter,"main_cat IN ('All Electronics', 'Computers', 'Sports & Outdoors')",0.31,0.3085,50,27,0.059,0.9438,1.0028,50,50,1.0
post_filter,"main_cat IN ('All Electronics', 'Computers', 'Sports & Outdoors')",0.31,0.3085,50,28,0.1191,1.0103,1.1295,50,50,0.94
post_filter,"main_cat IN ('All Electronics', 'Computers', 'Sports & Outdoors')",0.31,0.3085,50,29,0.1173,0.6095,0.7268,50,50,0.98
post_filter,"main_cat IN ('All Electronics', 'Computers', 'Sports & Outdoors')",0.31,0.3085,50,30,0.0617,0.4661,0.5278,50,50,0.0
post_filter,"main_cat IN ('All Electronics', 'Computers', 'Sports & Outdoors')",0.31,0.3085,50,31,0.1383,0.9724,1.1107,50,50,0.96
post_filter,"main_cat IN ('All Electronics', 'Computers', 'Sports & Outdoors')",0.31,0.3085,50,32,0.1281,0.7537,0.8818,50,50,1.0
post_filter,"main_cat IN ('All Electronics', 'Computers', 'Sports & Outdoors')",0.31,0.3085,50,33,0.4113,0.5799,0.9912,50,50,0.34
post_filter,"main_cat IN ('All Electronics', 'Computers', 'Sports & Outdoors')",0.31,0.3085,50,34,0.3809,0.9588,1.3398,50,50,0.92
post_filter,"main_cat IN ('All Electronics', 'Computers', 'Sports & Outdoors')",0.31,0.3085,50,35,0.0759,1.0251,1.101,50,50,1.0
post_filter,"main_cat IN ('All Electronics', 'Computers', 'Sports & Outdoors')",0.31,0.3085,50,36,0.2412,0.8122,1.0535,50,50,0.86
post_filter,"main_cat IN ('All Electronics', 'Computers', 'Sports & Outdoors')",0.31,0.3085,50,37,0.064,0.7418,0.8058,50,50,1.0
post_filter,"main_cat IN ('All Electronics', 'Computers', 'Sports & Outdoors')",0.31,0.3085,50,38,0.0864,1.2215,1.3079,50,50,0.96
post_filter,"main_cat IN ('All Electronics', 'Computers', 'Sports & Outdoors')",0.31,0.3085,50,39,0.0957,0.5717,0.6674,50,50,1.0
post_filter,"main_cat IN ('All Electronics', 'Computers', 'Sports & Outdoors')",0.31,0.3085,50,40,0.1772,1.2105,1.3877,50,50,0.92
post_filter,"main_cat IN ('All Electronics', 'Computers', 'Sports & Outdoors')",0.31,0.3085,50,41,0.0944,0.6372,0.7315,50,50,1.0
post_filter,"main_cat IN ('All Electronics', 'Computers', 'Sports & Outdoors')",0.31,0.3085,50,42,0.1423,0.9666,1.109,50,50,0.96
post_filter,"main_cat IN ('All Electronics', 'Computers', 'Sports & Outdoors')",0.31,0.3085,50,43,0.1135,0.485,0.5985,50,50,0.94
post_filter,"main_cat IN ('All Electronics', 'Computers', 'Sports & Outdoors')",0.31,0.3085,50,44,0.1062,0.7006,0.8068,50,50,1.0
post_filter,"main_cat IN ('All Electronics', 'Computers', 'Sports & Outdoors')",0.31,0.3085,50,45,0.1334,1.1117,1.245,50,50,0.94
post_filter,"main_cat IN ('All Electronics', 'Computers', 'Sports & Outdoors')",0.31,0.3085,50,46,0.1545,0.8703,1.0248,50,50,0.9
post_filter,"main_cat IN ('All Electronics', 'Computers', 'Sports & Outdoors')",0.31,0.3085,50,47,0.1036,0.2997,0.4033,50,50,0.76
post_filter,"main_cat IN ('All Electronics', 'Computers', 'Sports & Outdoors')",0.31,0.3085,50,48,0.1245,1.056,1.1804,50,50,0.94
post_filter,"main_cat IN ('All Electronics', 'Computers', 'Sports & Outdoors')",0.31,0.3085,50,49,0.109,0.496,0.605,50,50,0.94
bitmap_prefilter,"main_cat IN ('All Electronics', 'Computers', 'Sports & Outdoors')",0.31,0.3085,50,0,0.0721,16.669,16.7411,59775,50,1.0
bitmap_prefilter,"main_cat IN ('All Electronics', 'Computers', 'Sports & Outdoors')",0.31,0.3085,50,1,0.0708,16.7476,16.8183,59775,50,1.0
bitmap_prefilter,"main_cat IN ('All Electronics', 'Computers', 'Sports & Outdoors')",0.31,0.3085,50,2,0.0687,16.753,16.8217,59775,50,1.0
bitmap_prefilter,"main_cat IN ('All Electronics', 'Computers', 'Sports & Outdoors')",0.31,0.3085,50,3,0.068,16.5633,16.6313,59775,50,1.0
bitmap_prefilter,"main_cat IN ('All Electronics', 'Computers', 'Sports & Outdoors')",0.31,0.3085,50,4,0.0672,16.8325,16.8997,59775,50,1.0
bitmap_prefilter,"main_cat IN ('All Electronics', 'Computers', 'Sports & Outdoors')",0.31,0.3085,50,5,0.0663,16.7136,16.78,59775,50,1.0
bitmap_prefilter,"main_cat IN ('All Electronics', 'Computers', 'Sports & Outdoors')",0.31,0.3085,50,6,0.0804,16.8246,16.905,59775,50,1.0
bitmap_prefilter,"main_cat IN ('All Electronics', 'Computers', 'Sports & Outdoors')",0.31,0.3085,50,7,0.0717,16.6275,16.6992,59775,50,1.0
bitmap_prefilter,"main_cat IN ('All Electronics', 'Computers', 'Sports & Outdoors')",0.31,0.3085,50,8,0.0685,16.632,16.7005,59775,50,1.0
bitmap_prefilter,"main_cat IN ('All Electronics', 'Computers', 'Sports & Outdoors')",0.31,0.3085,50,9,0.0685,16.5437,16.6123,59775,50,1.0
bitmap_prefilter,"main_cat IN ('All Electronics', 'Computers', 'Sports & Outdoors')",0.31,0.3085,50,10,0.067,16.8437,16.9107,59775,50,1.0
bitmap_prefilter,"main_cat IN ('All Electronics', 'Computers', 'Sports & Outdoors')",0.31,0.3085,50,11,0.0804,16.589,16.6694,59775,50,1.0
bitmap_prefilter,"main_cat IN ('All Electronics', 'Computers', 'Sports & Outdoors')",0.31,0.3085,50,12,0.0695,16.829,16.8986,59775,50,1.0
bitmap_prefilter,"main_cat IN ('All Electronics', 'Computers', 'Sports & Outdoors')",0.31,0.3085,50,13,0.0718,16.774,16.8458,59775,50,1.0
bitmap_prefilter,"main_cat IN ('All Electronics', 'Computers', 'Sports & Outdoors')",0.31,0.3085,50,14,0.076,16.856,16.932,59775,50,1.0
bitmap_prefilter,"main_cat IN ('All Electronics', 'Computers', 'Sports & Outdoors')",0.31,0.3085,50,15,0.07,16.586,16.656,59775,50,1.0
bitmap_prefilter,"main_cat IN ('All Electronics', 'Computers', 'Sports & Outdoors')",0.31,0.3085,50,16,0.0682,16.8406,16.9088,59775,50,1.0
bitmap_prefilter,"main_cat IN ('All Electronics', 'Computers', 'Sports & Outdoors')",0.31,0.3085,50,17,0.0672,16.5625,16.6297,59775,50,1.0
bitmap_prefilter,"main_cat IN ('All Electronics', 'Computers', 'Sports & Outdoors')",0.31,0.3085,50,18,0.0675,17.0091,17.0766,59775,50,1.0
bitmap_prefilter,"main_cat IN ('All Electronics', 'Computers', 'Sports & Outdoors')",0.31,0.3085,50,19,0.0666,16.7724,16.839,59775,50,1.0
bitmap_prefilter,"main_cat IN ('All Electronics', 'Computers', 'Sports & Outdoors')",0.31,0.3085,50,20,0.0665,18.1391,18.2056,59775,50,1.0
bitmap_prefilter,"main_cat IN ('All Electronics', 'Computers', 'Sports & Outdoors')",0.31,0.3085,50,21,0.0658,16.823,16.8888,59775,50,1.0
bitmap_prefilter,"main_cat IN ('All Electronics', 'Computers', 'Sports & Outdoors')",0.31,0.3085,50,22,0.0666,16.9341,17.0007,59775,50,1.0
bitmap_prefilter,"main_cat IN ('All Electronics', 'Computers', 'Sports & Outdoors')",0.31,0.3085,50,23,0.0667,16.6096,16.6763,59775,50,1.0
bitmap_prefilter,"main_cat IN ('All Electronics', 'Computers', 'Sports & Outdoors')",0.31,0.3085,50,24,0.0664,16.6714,16.7378,59775,50,0.98
bitmap_prefilter,"main_cat IN ('All Electronics', 'Computers', 'Sports & Outdoors')",0.31,0.3085,50,25,0.0661,16.5837,16.6498,59775,50,1.0
bitmap_prefilter,"main_cat IN ('All Electronics', 'Computers', 'Sports & Outdoors')",0.31,0.3085,50,26,0.0652,16.5968,16.662,59775,50,1.0
bitmap_prefilter,"main_cat IN ('All Electronics', 'Computers', 'Sports & Outdoors')",0.31,0.3085,50,27,0.066,16.6847,16.7506,59775,50,1.0
bitmap_prefilter,"main_cat IN ('All Electronics', 'Computers', 'Sports & Outdoors')",0.31,0.3085,50,28,0.066,16.7673,16.8333,59775,50,1.0
bitmap_prefilter,"main_cat IN ('All Electronics', 'Computers', 'Sports & Outdoors')",0.31,0.3085,50,29,0.0665,16.6361,16.7026,59775,50,1.0
bitmap_prefilter,"main_cat IN ('All Electronics', 'Computers', 'Sports & Outdoors')",0.31,0.3085,50,30,0.0667,16.7142,16.7809,59775,50,0.6
bitmap_prefilter,"main_cat IN ('All Electronics', 'Computers', 'Sports & Outdoors')",0.31,0.3085,50,31,0.0658,16.5636,16.6294,59775,50,1.0
bitmap_prefilter,"main_cat IN ('All Electronics', 'Computers', 'Sports & Outdoors')",0.31,0.3085,50,32,0.0654,16.6273,16.6927,59775,50,1.0
bitmap_prefilter,"main_cat IN ('All Electronics', 'Computers', 'Sports & Outdoors')",0.31,0.3085,50,33,0.0661,16.5815,16.6476,59775,50,1.0
bitmap_prefilter,"main_cat IN ('All Electronics', 'Computers', 'Sports & Outdoors')",0.31,0.3085,50,34,0.0649,16.6956,16.7605,59775,50,1.0
bitmap_prefilter,"main_cat IN ('All Electronics', 'Computers', 'Sports & Outdoors')",0.31,0.3085,50,35,0.0653,16.6218,16.6871,59775,50,1.0
bitmap_prefilter,"main_cat IN ('All Electronics', 'Computers', 'Sports & Outdoors')",0.31,0.3085,50,36,0.0753,16.7381,16.8134,59775,50,1.0
bitmap_prefilter,"main_cat IN ('All Electronics', 'Computers', 'Sports & Outdoors')",0.31,0.3085,50,37,0.0698,16.6023,16.6721,59775,50,1.0
bitmap_prefilter,"main_cat IN ('All Electronics', 'Computers', 'Sports & Outdoors')",0.31,0.3085,50,38,0.0699,16.6371,16.707,59775,50,1.0
bitmap_prefilter,"main_cat IN ('All Electronics', 'Computers', 'Sports & Outdoors')",0.31,0.3085,50,39,0.0684,16.6349,16.7033,59775,50,1.0
bitmap_prefilter,"main_cat IN ('All Electronics', 'Computers', 'Sports & Outdoors')",0.31,0.3085,50,40,0.068,16.7491,16.8171,59775,50,1.0
bitmap_prefilter,"main_cat IN ('All Electronics', 'Computers', 'Sports & Outdoors')",0.31,0.3085,50,41,0.0681,16.5863,16.6545,59775,50,1.0
bitmap_prefilter,"main_cat IN ('All Electronics', 'Computers', 'Sports & Outdoors')",0.31,0.3085,50,42,0.0658,17.7435,17.8093,59775,50,1.0
bitmap_prefilter,"main_cat IN ('All Electronics', 'Computers', 'Sports & Outdoors')",0.31,0.3085,50,43,0.0692,17.643,17.7121,59775,50,1.0
bitmap_prefilter,"main_cat IN ('All Electronics', 'Computers', 'Sports & Outdoors')",0.31,0.3085,50,44,0.0698,16.8215,16.8913,59775,50,1.0
bitmap_prefilter,"main_cat IN ('All Electronics', 'Computers', 'Sports & Outdoors')",0.31,0.3085,50,45,0.0752,16.5323,16.6076,59775,50,1.0
bitmap_prefilter,"main_cat IN ('All Electronics', 'Computers', 'Sports & Outdoors')",0.31,0.3085,50,46,0.0695,16.7262,16.7957,59775,50,1.0
bitmap_prefilter,"main_cat IN ('All Electronics', 'Computers', 'Sports & Outdoors')",0.31,0.3085,50,47,0.069,16.5909,16.66,59775,50,0.76
bitmap_prefilter,"main_cat IN ('All Electronics', 'Computers', 'Sports & Outdoors')",0.31,0.3085,50,48,0.068,16.6962,16.7641,59775,50,1.0
bitmap_prefilter,"main_cat IN ('All Electronics', 'Computers', 'Sports & Outdoors')",0.31,0.3085,50,49,0.0675,16.6137,16.6812,59775,50,1.0
brute_force,"main_cat IN ('Home Audio & Theater', 'Camera &amp; Photo', 'Office Products')",0.33,0.3294,10,0,0.0326,24.9466,24.9792,10,10,1.0
brute_force,"main_cat IN ('Home Audio & Theater', 'Camera &amp; Photo', 'Office Products')",0.33,0.3294,10,1,0.0303,24.8448,24.875,10,10,1.0
brute_force,"main_cat IN ('Home Audio & Theater', 'Camera &amp; Photo', 'Office Products')",0.33,0.3294,10,2,0.0634,24.793,24.8564,10,10,1.0
brute_force,"main_cat IN ('Home Audio & Theater', 'Camera &amp; Photo', 'Office Products')",0.33,0.3294,10,3,0.0354,24.9889,25.0243,10,10,1.0
brute_force,"main_cat IN ('Home Audio & Theater', 'Camera &amp; Photo', 'Office Products')",0.33,0.3294,10,4,0.0412,24.9887,25.0299,10,10,1.0
brute_force,"main_cat IN ('Home Audio & Theater', 'Camera &amp; Photo', 'Office Products')",0.33,0.3294,10,5,0.1171,24.7423,24.8594,10,10,1.0
brute_force,"main_cat IN ('Home Audio & Theater', 'Camera &amp; Photo', 'Office Products')",0.33,0.3294,10,6,0.0351,24.6759,24.711,10,10,1.0
brute_force,"main_cat IN ('Home Audio & Theater', 'Camera &amp; Photo', 'Office Products')",0.33,0.3294,10,7,0.0325,24.5907,24.6232,10,10,1.0
brute_force,"main_cat IN ('Home Audio & Theater', 'Camera &amp; Photo', 'Office Products')",0.33,0.3294,10,8,0.0281,24.657,24.6851,10,10,1.0
brute_force,"main_cat IN ('Home Audio & Theater', 'Camera &amp; Photo', 'Office Products')",0.33,0.3294,10,9,0.0306,24.554,24.5846,10,10,1.0
brute_force,"main_cat IN ('Home Audio & Theater', 'Camera &amp; Photo', 'Office Products')",0.33,0.3294,10,10,0.0454,25.1963,25.2416,10,10,1.0
brute_force,"main_cat IN ('Home Audio & Theater', 'Camera &amp; Photo', 'Office Products')",0.33,0.3294,10,11,0.0256,24.7492,24.7747,10,10,1.0
brute_force,"main_cat IN ('Home Audio & Theater', 'Camera &amp; Photo', 'Office Products')",0.33,0.3294,10,12,0.0227,24.9305,24.9532,10,10,1.0
brute_force,"main_cat IN ('Home Audio & Theater', 'Camera &amp; Photo', 'Office Products')",0.33,0.3294,10,13,0.0216,24.849,24.8707,10,10,1.0
brute_force,"main_cat IN ('Home Audio & Theater', 'Camera &amp; Photo', 'Office Products')",0.33,0.3294,10,14,0.1076,24.8822,24.9898,10,10,1.0
brute_force,"main_cat IN ('Home Audio & Theater', 'Camera &amp; Photo', 'Office Products')",0.33,0.3294,10,15,0.3099,24.776,25.0859,10,10,1.0
brute_force,"main_cat IN ('Home Audio & Theater', 'Camera &amp; Photo', 'Office Products')",0.33,0.3294,10,16,0.0356,24.9395,24.9751,10,10,1.0
brute_force,"main_cat IN ('Home Audio & Theater', 'Camera &amp; Photo', 'Office Products')",0.33,0.3294,10,17,0.0355,24.8561,24.8916,10,10,1.0
brute_force,"main_cat IN ('Home Audio & Theater', 'Camera &amp; Photo', 'Office Products')",0.33,0.3294,10,18,0.0571,24.8266,24.8837,10,10,1.0
brute_force,"main_cat IN ('Home Audio & Theater', 'Camera &amp; Photo', 'Office Products')",0.33,0.3294,10,19,0.0551,24.9671,25.0222,10,10,1.0
brute_force,"main_cat IN ('Home Audio & Theater', 'Camera &amp; Photo', 'Office Products')",0.33,0.3294,10,20,0.0493,25.0574,25.1067,10,10,1.0
brute_force,"main_cat IN ('Home Audio & Theater', 'Camera &amp; Photo', 'Office Products')",0.33,0.3294,10,21,0.1044,24.868,24.9723,10,10,1.0
brute_force,"main_cat IN ('Home Audio & Theater', 'Camera &amp; Photo', 'Office Products')",0.33,0.3294,10,22,0.0272,24.7821,24.8093,10,10,1.0
brute_force,"main_cat IN ('Home Audio & Theater', 'Camera &amp; Photo', 'Office Products')",0.33,0.3294,10,23,0.0411,24.8747,24.9158,10,10,1.0
brute_force,"main_cat IN ('Home Audio & Theater', 'Camera &amp; Photo', 'Office Products')",0.33,0.3294,10,24,0.0415,24.8207,24.8622,10,10,1.0
brute_force,"main_cat IN ('Home Audio & Theater', 'Camera &amp; Photo', 'Office Products')",0.33,0.3294,10,25,0.0178,24.7872,24.8049,10,10,1.0
brute_force,"main_cat IN ('Home Audio & Theater', 'Camera &amp; Photo', 'Office Products')",0.33,0.3294,10,26,0.0387,24.9531,24.9918,10,10,1.0
brute_force,"main_cat IN ('Home Audio & Theater', 'Camera &amp; Photo', 'Office Products')",0.33,0.3294,10,27,0.0703,24.8347,24.905,10,10,1.0
brute_force,"main_cat IN ('Home Audio & Theater', 'Camera &amp; Photo', 'Office Products')",0.33,0.3294,10,28,0.0444,24.9158,24.9602,10,10,1.0
brute_force,"main_cat IN ('Home Audio & Theater', 'Camera &amp; Photo', 'Office Products')",0.33,0.3294,10,29,0.0255,24.8959,24.9213,10,10,1.0
brute_force,"main_cat IN ('Home Audio & Theater', 'Camera &amp; Photo', 'Office Products')",0.33,0.3294,10,30,0.0391,24.9785,25.0176,10,10,1.0
brute_force,"main_cat IN ('Home Audio & Theater', 'Camera &amp; Photo', 'Office Products')",0.33,0.3294,10,31,0.0381,24.8077,24.8458,10,10,1.0
brute_force,"main_cat IN ('Home Audio & Theater', 'Camera &amp; Photo', 'Office Products')",0.33,0.3294,10,32,0.045,24.9266,24.9716,10,10,1.0
brute_force,"main_cat IN ('Home Audio & Theater', 'Camera &amp; Photo', 'Office Products')",0.33,0.3294,10,33,0.1921,24.8593,25.0514,10,10,1.0
brute_force,"main_cat IN ('Home Audio & Theater', 'Camera &amp; Photo', 'Office Products')",0.33,0.3294,10,34,0.0239,24.8809,24.9048,10,10,1.0
brute_force,"main_cat IN ('Home Audio & Theater', 'Camera &amp; Photo', 'Office Products')",0.33,0.3294,10,35,0.0351,24.8297,24.8648,10,10,1.0
brute_force,"main_cat IN ('Home Audio & Theater', 'Camera &amp; Photo', 'Office Products')",0.33,0.3294,10,36,0.031,24.8841,24.9151,10,10,1.0
brute_force,"main_cat IN ('Home Audio & Theater', 'Camera &amp; Photo', 'Office Products')",0.33,0.3294,10,37,0.0392,25.0557,25.0948,10,10,1.0
brute_force,"main_cat IN ('Home Audio & Theater', 'Camera &amp; Photo', 'Office Products')",0.33,0.3294,10,38,0.0374,24.8732,24.9105,10,10,1.0
brute_force,"main_cat IN ('Home Audio & Theater', 'Camera &amp; Photo', 'Office Products')",0.33,0.3294,10,39,0.0372,24.9518,24.989,10,10,1.0
brute_force,"main_cat IN ('Home Audio & Theater', 'Camera &amp; Photo', 'Office Products')",0.33,0.3294,10,40,0.0292,24.8742,24.9034,10,10,1.0
brute_force,"main_cat IN ('Home Audio & Theater', 'Camera &amp; Photo', 'Office Products')",0.33,0.3294,10,41,0.0253,24.8602,24.8856,10,10,1.0
brute_force,"main_cat IN ('Home Audio & Theater', 'Camera &amp; Photo', 'Office Products')",0.33,0.3294,10,42,0.0272,24.8038,24.831,10,10,1.0
brute_force,"main_cat IN ('Home Audio & Theater', 'Camera &amp; Photo', 'Office Products')",0.33,0.3294,10,43,0.0335,24.9195,24.953,10,10,1.0
brute_force,"main_cat IN ('Home Audio & Theater', 'Camera &amp; Photo', 'Office Products')",0.33,0.3294,10,44,0.0372,24.9292,24.9663,10,10,1.0
brute_force,"main_cat IN ('Home Audio & Theater', 'Camera &amp; Photo', 'Office Products')",0.33,0.3294,10,45,0.0341,24.8515,24.8857,10,10,1.0
brute_force,"main_cat IN ('Home Audio & Theater', 'Camera &amp; Photo', 'Office Products')",0.33,0.3294,10,46,0.025,24.9582,24.9832,10,10,1.0
brute_force,"main_cat IN ('Home Audio & Theater', 'Camera &amp; Photo', 'Office Products')",0.33,0.3294,10,47,0.0318,24.9576,24.9894,10,10,1.0
brute_force,"main_cat IN ('Home Audio & Theater', 'Camera &amp; Photo', 'Office Products')",0.33,0.3294,10,48,0.0277,24.9562,24.9839,10,10,1.0
brute_force,"main_cat IN ('Home Audio & Theater', 'Camera &amp; Photo', 'Office Products')",0.33,0.3294,10,49,0.0316,24.8137,24.8453,10,10,1.0
naive_prefilter,"main_cat IN ('Home Audio & Theater', 'Camera &amp; Photo', 'Office Products')",0.33,0.3294,10,0,17.8152,19.1365,36.9517,63817,10,1.0
naive_prefilter,"main_cat IN ('Home Audio & Theater', 'Camera &amp; Photo', 'Office Products')",0.33,0.3294,10,1,18.0462,19.3049,37.3511,63817,10,1.0
naive_prefilter,"main_cat IN ('Home Audio & Theater', 'Camera &amp; Photo', 'Office Products')",0.33,0.3294,10,2,17.918,19.0785,36.9965,63817,10,1.0
naive_prefilter,"main_cat IN ('Home Audio & Theater', 'Camera &amp; Photo', 'Office Products')",0.33,0.3294,10,3,17.7863,19.3669,37.1532,63817,10,1.0
naive_prefilter,"main_cat IN ('Home Audio & Theater', 'Camera &amp; Photo', 'Office Products')",0.33,0.3294,10,4,17.4403,19.1326,36.573,63817,10,1.0
naive_prefilter,"main_cat IN ('Home Audio & Theater', 'Camera &amp; Photo', 'Office Products')",0.33,0.3294,10,5,17.7933,19.2402,37.0335,63817,10,1.0
naive_prefilter,"main_cat IN ('Home Audio & Theater', 'Camera &amp; Photo', 'Office Products')",0.33,0.3294,10,6,17.4551,19.4192,36.8743,63817,10,1.0
naive_prefilter,"main_cat IN ('Home Audio & Theater', 'Camera &amp; Photo', 'Office Products')",0.33,0.3294,10,7,17.44,19.1255,36.5655,63817,10,1.0
naive_prefilter,"main_cat IN ('Home Audio & Theater', 'Camera &amp; Photo', 'Office Products')",0.33,0.3294,10,8,17.44,19.034,36.474,63817,10,1.0
naive_prefilter,"main_cat IN ('Home Audio & Theater', 'Camera &amp; Photo', 'Office Products')",0.33,0.3294,10,9,17.5184,19.0424,36.5608,63817,10,1.0
naive_prefilter,"main_cat IN ('Home Audio & Theater', 'Camera &amp; Photo', 'Office Products')",0.33,0.3294,10,10,17.7527,19.1711,36.9238,63817,10,1.0
naive_prefilter,"main_cat IN ('Home Audio & Theater', 'Camera &amp; Photo', 'Office Products')",0.33,0.3294,10,11,17.5822,19.18,36.7622,63817,10,1.0
naive_prefilter,"main_cat IN ('Home Audio & Theater', 'Camera &amp; Photo', 'Office Products')",0.33,0.3294,10,12,17.4758,19.226,36.7018,63817,10,1.0
naive_prefilter,"main_cat IN ('Home Audio & Theater', 'Camera &amp; Photo', 'Office Products')",0.33,0.3294,10,13,17.6529,18.9954,36.6482,63817,10,1.0
naive_prefilter,"main_cat IN ('Home Audio & Theater', 'Camera &amp; Photo', 'Office Products')",0.33,0.3294,10,14,17.5502,19.1929,36.7431,63817,10,1.0
naive_prefilter,"main_cat IN ('Home Audio & Theater', 'Camera &amp; Photo', 'Office Products')",0.33,0.3294,10,15,17.8908,19.1167,37.0074,63817,10,1.0
naive_prefilter,"main_cat IN ('Home Audio & Theater', 'Camera &amp; Photo', 'Office Products')",0.33,0.3294,10,16,17.7844,19.0543,36.8387,63817,10,1.0
naive_prefilter,"main_cat IN ('Home Audio & Theater', 'Camera &amp; Photo', 'Office Products')",0.33,0.3294,10,17,17.5943,19.5755,37.1698,63817,10,1.0
naive_prefilter,"main_cat IN ('Home Audio & Theater', 'Camera &amp; Photo', 'Office Products')",0.33,0.3294,10,18,17.6683,19.1073,36.7756,63817,10,1.0
naive_prefilter,"main_cat IN ('Home Audio & Theater', 'Camera &amp; Photo', 'Office Products')",0.33,0.3294,10,19,17.4545,19.1359,36.5905,63817,10,1.0
naive_prefilter,"main_cat IN ('Home Audio & Theater', 'Camera &amp; Photo', 'Office Products')",0.33,0.3294,10,20,17.5005,19.3941,36.8946,63817,10,1.0
naive_prefilter,"main_cat IN ('Home Audio & Theater', 'Camera &amp; Photo', 'Office Products')",0.33,0.3294,10,21,17.8065,19.3608,37.1673,63817,10,1.0
naive_prefilter,"main_cat IN ('Home Audio & Theater', 'Camera &amp; Photo', 'Office Products')",0.33,0.3294,10,22,17.4966,19.1332,36.6298,63817,10,1.0
naive_prefilter,"main_cat IN ('Home Audio & Theater', 'Camera &amp; Photo', 'Office Products')",0.33,0.3294,10,23,17.418,19.1526,36.5706,63817,10,1.0
naive_prefilter,"main_cat IN ('Home Audio & Theater', 'Camera &amp; Photo', 'Office Products')",0.33,0.3294,10,24,17.571,19.0648,36.6359,63817,10,1.0
naive_prefilter,"main_cat IN ('Home Audio & Theater', 'Camera &amp; Photo', 'Office Products')",0.33,0.3294,10,25,17.8498,19.0797,36.9295,63817,10,1.0
naive_prefilter,"main_cat IN ('Home Audio & Theater', 'Camera &amp; Photo', 'Office Products')",0.33,0.3294,10,26,17.568,19.079,36.647,63817,10,1.0
naive_prefilter,"main_cat IN ('Home Audio & Theater', 'Camera &amp; Photo', 'Office Products')",0.33,0.3294,10,27,17.5615,19.1666,36.7281,63817,10,1.0
naive_prefilter,"main_cat IN ('Home Audio & Theater', 'Camera &amp; Photo', 'Office Products')",0.33,0.3294,10,28,17.4644,19.2612,36.7256,63817,10,1.0
naive_prefilter,"main_cat IN ('Home Audio & Theater', 'Camera &amp; Photo', 'Office Products')",0.33,0.3294,10,29,17.5041,19.1533,36.6574,63817,10,1.0
naive_prefilter,"main_cat IN ('Home Audio & Theater', 'Camera &amp; Photo', 'Office Products')",0.33,0.3294,10,30,17.5341,19.3944,36.9285,63817,10,1.0
naive_prefilter,"main_cat IN ('Home Audio & Theater', 'Camera &amp; Photo', 'Office Products')",0.33,0.3294,10,31,17.5988,19.1822,36.781,63817,10,1.0
naive_prefilter,"main_cat IN ('Home Audio & Theater', 'Camera &amp; Photo', 'Office Products')",0.33,0.3294,10,32,17.5937,19.1752,36.7688,63817,10,1.0
naive_prefilter,"main_cat IN ('Home Audio & Theater', 'Camera &amp; Photo', 'Office Products')",0.33,0.3294,10,33,17.4346,19.1463,36.581,63817,10,1.0
naive_prefilter,"main_cat IN ('Home Audio & Theater', 'Camera &amp; Photo', 'Office Products')",0.33,0.3294,10,34,17.2147,19.1863,36.401,63817,10,1.0
naive_prefilter,"main_cat IN ('Home Audio & Theater', 'Camera &amp; Photo', 'Office Products')",0.33,0.3294,10,35,17.307,19.0789,36.3859,63817,10,1.0
naive_prefilter,"main_cat IN ('Home Audio & Theater', 'Camera &amp; Photo', 'Office Products')",0.33,0.3294,10,36,17.5322,19.0593,36.5916,63817,10,1.0
naive_prefilter,"main_cat IN ('Home Audio & Theater', 'Camera &amp; Photo', 'Office Products')",0.33,0.3294,10,37,17.3236,19.2315,36.5551,63817,10,1.0
naive_prefilter,"main_cat IN ('Home Audio & Theater', 'Camera &amp; Photo', 'Office Products')",0.33,0.3294,10,38,17.3797,19.2253,36.605,63817,10,1.0
naive_prefilter,"main_cat IN ('Home Audio & Theater', 'Camera &amp; Photo', 'Office Products')",0.33,0.3294,10,39,17.6206,19.1687,36.7893,63817,10,1.0
naive_prefilter,"main_cat IN ('Home Audio & Theater', 'Camera &amp; Photo', 'Office Products')",0.33,0.3294,10,40,17.3692,19.0784,36.4475,63817,10,1.0
naive_prefilter,"main_cat IN ('Home Audio & Theater', 'Camera &amp; Photo', 'Office Products')",0.33,0.3294,10,41,17.6735,19.5247,37.1983,63817,10,1.0
naive_prefilter,"main_cat IN ('Home Audio & Theater', 'Camera &amp; Photo', 'Office Products')",0.33,0.3294,10,42,17.4876,19.1342,36.6218,63817,10,1.0
naive_prefilter,"main_cat IN ('Home Audio & Theater', 'Camera &amp; Photo', 'Office Products')",0.33,0.3294,10,43,17.3527,19.092,36.4447,63817,10,1.0
naive_prefilter,"main_cat IN ('Home Audio & Theater', 'Camera &amp; Photo', 'Office Products')",0.33,0.3294,10,44,17.5877,19.151,36.7387,63817,10,1.0
naive_prefilter,"main_cat IN ('Home Audio & Theater', 'Camera &amp; Photo', 'Office Products')",0.33,0.3294,10,45,17.6065,19.2754,36.8819,63817,10,1.0
naive_prefilter,"main_cat IN ('Home Audio & Theater', 'Camera &amp; Photo', 'Office Products')",0.33,0.3294,10,46,17.4478,19.1501,36.5979,63817,10,1.0
naive_prefilter,"main_cat IN ('Home Audio & Theater', 'Camera &amp; Photo', 'Office Products')",0.33,0.3294,10,47,17.2748,19.1952,36.47,63817,10,0.0
naive_prefilter,"main_cat IN ('Home Audio & Theater', 'Camera &amp; Photo', 'Office Products')",0.33,0.3294,10,48,17.4858,19.6717,37.1575,63817,10,1.0
naive_prefilter,"main_cat IN ('Home Audio & Theater', 'Camera &amp; Photo', 'Office Products')",0.33,0.3294,10,49,17.8608,20.0394,37.9002,63817,10,1.0
post_filter,"main_cat IN ('Home Audio & Theater', 'Camera &amp; Photo', 'Office Products')",0.33,0.3294,10,0,0.0082,0.3838,0.392,10,10,1.0
post_filter,"main_cat IN ('Home Audio & Theater', 'Camera &amp; Photo', 'Office Products')",0.33,0.3294,10,1,0.0233,0.8714,0.8947,10,10,1.0
post_filter,"main_cat IN ('Home Audio & Theater', 'Camera &amp; Photo', 'Office Products')",0.33,0.3294,10,2,0.0403,0.6961,0.7365,10,10,1.0
post_filter,"main_cat IN ('Home Audio & Theater', 'Camera &amp; Photo', 'Office Products')",0.33,0.3294,10,3,0.0175,0.7084,0.7259,10,10,1.0
post_filter,"main_cat IN ('Home Audio & Theater', 'Camera &amp; Photo', 'Office Products')",0.33,0.3294,10,4,0.028,0.7884,0.8164,10,10,1.0
post_filter,"main_cat IN ('Home Audio & Theater', 'Camera &amp; Photo', 'Office Products')",0.33,0.3294,10,5,0.1168,0.7205,0.8372,10,10,1.0
post_filter,"main_cat IN ('Home Audio & Theater', 'Camera &amp; Photo', 'Office Products')",0.33,0.3294,10,6,0.0244,0.8637,0.8881,10,10,1.0
post_filter,"main_cat IN ('Home Audio & Theater', 'Camera &amp; Photo', 'Office Products')",0.33,0.3294,10,7,0.0221,0.6287,0.6508,10,10,1.0
post_filter,"main_cat IN ('Home Audio & Theater', 'Camera &amp; Photo', 'Office Products')",0.33,0.3294,10,8,0.0216,0.9724,0.994,10,10,1.0
post_filter,"main_cat IN ('Home Audio & Theater', 'Camera &amp; Photo', 'Office Products')",0.33,0.3294,10,9,0.0238,0.9495,0.9733,10,10,1.0
post_filter,"main_cat IN ('Home Audio & Theater', 'Camera &amp; Photo', 'Office Products')",0.33,0.3294,10,10,0.0351,1.0001,1.0352,10,10,1.0
post_filter,"main_cat IN ('Home Audio & Theater', 'Camera &amp; Photo', 'Office Products')",0.33,0.3294,10,11,0.0292,0.9376,0.9668,10,10,1.0
post_filter,"main_cat IN ('Home Audio & Theater', 'Camera &amp; Photo', 'Office Products')",0.33,0.3294,10,12,0.019,0.7399,0.759,10,10,1.0
post_filter,"main_cat IN ('Home Audio & Theater', 'Camera &amp; Photo', 'Office Products')",0.33,0.3294,10,13,0.0161,0.701,0.717,10,10,1.0
post_filter,"main_cat IN ('Home Audio & Theater', 'Camera &amp; Photo', 'Office Products')",0.33,0.3294,10,14,0.0919,0.5195,0.6114,10,10,1.0
post_filter,"main_cat IN ('Home Audio & Theater', 'Camera &amp; Photo', 'Office Products')",0.33,0.3294,10,15,0.2733,0.4547,0.728,10,10,0.7
post_filter,"main_cat IN ('Home Audio & Theater', 'Camera &amp; Photo', 'Office Products')",0.33,0.3294,10,16,0.0235,0.8528,0.8764,10,10,1.0
post_filter,"main_cat IN ('Home Audio & Theater', 'Camera &amp; Photo', 'Office Products')",0.33,0.3294,10,17,0.0232,0.6478,0.671,10,10,1.0
post_filter,"main_cat IN ('Home Audio & Theater', 'Camera &amp; Photo', 'Office Products')",0.33,0.3294,10,18,0.0433,0.758,0.8013,10,10,1.0
post_filter,"main_cat IN ('Home Audio & Theater', 'Camera &amp; Photo', 'Office Products')",0.33,0.3294,10,19,0.0388,0.8097,0.8485,10,10,1.0
post_filter,"main_cat IN ('Home Audio & Theater', 'Camera &amp; Photo', 'Office Products')",0.33,0.3294,10,20,0.0344,0.5767,0.6111,10,10,1.0
post_filter,"main_cat IN ('Home Audio & Theater', 'Camera &amp; Photo', 'Office Products')",0.33,0.3294,10,21,0.0839,0.5987,0.6827,10,10,0.8
post_filter,"main_cat IN ('Home Audio & Theater', 'Camera &amp; Photo', 'Office Products')",0.33,0.3294,10,22,0.0156,0.6482,0.6638,10,10,1.0
post_filter,"main_cat IN ('Home Audio & Theater', 'Camera &amp; Photo', 'Office Products')",0.33,0.3294,10,23,0.0258,0.6094,0.6352,10,10,1.0
post_filter,"main_cat IN ('Home Audio & Theater', 'Camera &amp; Photo', 'Office Products')",0.33,0.3294,10,24,0.0276,0.841,0.8686,10,10,1.0
post_filter,"main_cat IN ('Home Audio & Theater', 'Camera &amp; Photo', 'Office Products')",0.33,0.3294,10,25,0.0155,0.2641,0.2796,10,10,0.6
post_filter,"main_cat IN ('Home Audio & Theater', 'Camera &amp; Photo', 'Office Products')",0.33,0.3294,10,26,0.0228,0.7584,0.7812,10,10,1.0
post_filter,"main_cat IN ('Home Audio & Theater', 'Camera &amp; Photo', 'Office Products')",0.33,0.3294,10,27,0.0605,0.7272,0.7877,10,10,1.0
post_filter,"main_cat IN ('Home Audio & Theater', 'Camera &amp; Photo', 'Office Products')",0.33,0.3294,10,28,0.0225,0.7758,0.7983,10,10,1.0
post_filter,"main_cat IN ('Home Audio & Theater', 'Camera &amp; Photo', 'Office Products')",0.33,0.3294,10,29,0.0172,0.5243,0.5415,10,10,1.0
post_filter,"main_cat IN ('Home Audio & Theater', 'Camera &amp; Photo', 'Office Products')",0.33,0.3294,10,30,0.042,0.3862,0.4282,10,10,0.0
post_filter,"main_cat IN ('Home Audio & Theater', 'Camera &amp; Photo', 'Office Products')",0.33,0.3294,10,31,0.0375,0.7992,0.8367,10,10,1.0
post_filter,"main_cat IN ('Home Audio & Theater', 'Camera &amp; Photo', 'Office Products')",0.33,0.3294,10,32,0.0312,0.6377,0.6689,10,10,1.0
post_filter,"main_cat IN ('Home Audio & Theater', 'Camera &amp; Photo', 'Office Products')",0.33,0.3294,10,33,0.1785,0.4691,0.6476,10,10,0.8
post_filter,"main_cat IN ('Home Audio & Theater', 'Camera &amp; Photo', 'Office Products')",0.33,0.3294,10,34,0.021,0.7952,0.8162,10,10,1.0
post_filter,"main_cat IN ('Home Audio & Theater', 'Camera &amp; Photo', 'Office Products')",0.33,0.3294,10,35,0.0279,0.8415,0.8694,10,10,1.0
post_filter,"main_cat IN ('Home Audio & Theater', 'Camera &amp; Photo', 'Office Products')",0.33,0.3294,10,36,0.0215,0.6935,0.715,10,10,1.0
post_filter,"main_cat IN ('Home Audio & Theater', 'Camera &amp; Photo', 'Office Products')",0.33,0.3294,10,37,0.0335,0.5993,0.6328,10,10,1.0
post_filter,"main_cat IN ('Home Audio & Theater', 'Camera &amp; Photo', 'Office Products')",0.33,0.3294,10,38,0.0324,0.9682,1.0006,10,10,1.0
post_filter,"main_cat IN ('Home Audio & Theater', 'Camera &amp; Photo', 'Office Products')",0.33,0.3294,10,39,0.0249,0.4701,0.495,10,10,1.0
post_filter,"main_cat IN ('Home Audio & Theater', 'Camera &amp; Photo', 'Office Products')",0.33,0.3294,10,40,0.0215,0.9287,0.9502,10,10,1.0
post_filter,"main_cat IN ('Home Audio & Theater', 'Camera &amp; Photo', 'Office Products')",0.33,0.3294,10,41,0.0184,0.5144,0.5328,10,10,1.0
post_filter,"main_cat IN ('Home Audio & Theater', 'Camera &amp; Photo', 'Office Products')",0.33,0.3294,10,42,0.0203,0.7557,0.7761,10,10,1.0
post_filter,"main_cat IN ('Home Audio & Theater', 'Camera &amp; Photo', 'Office Products')",0.33,0.3294,10,43,0.0207,0.3923,0.413,10,10,0.9
post_filter,"main_cat IN ('Home Audio & Theater', 'Camera &amp; Photo', 'Office Products')",0.33,0.3294,10,44,0.0205,0.5815,0.602,10,10,1.0
post_filter,"main_cat IN ('Home Audio & Theater', 'Camera &amp; Photo', 'Office Products')",0.33,0.3294,10,45,0.0247,0.8297,0.8544,10,10,1.0
post_filter,"main_cat IN ('Home Audio & Theater', 'Camera &amp; Photo', 'Office Products')",0.33,0.3294,10,46,0.0198,0.6995,0.7192,10,10,1.0
post_filter,"main_cat IN ('Home Audio & Theater', 'Camera &amp; Photo', 'Office Products')",0.33,0.3294,10,47,0.0165,0.2413,0.2577,10,10,0.0
post_filter,"main_cat IN ('Home Audio & Theater', 'Camera &amp; Photo', 'Office Products')",0.33,0.3294,10,48,0.0206,0.8355,0.8561,10,10,1.0
post_filter,"main_cat IN ('Home Audio & Theater', 'Camera &amp; Photo', 'Office Products')",0.33,0.3294,10,49,0.0179,0.397,0.4148,10,10,1.0
bitmap_prefilter,"main_cat IN ('Home Audio & Theater', 'Camera &amp; Photo', 'Office Products')",0.33,0.3294,10,0,0.0822,18.2044,18.2866,63817,10,1.0
bitmap_prefilter,"main_cat IN ('Home Audio & Theater', 'Camera &amp; Photo', 'Office Products')",0.33,0.3294,10,1,0.0832,18.23,18.3132,63817,10,1.0
bitmap_prefilter,"main_cat IN ('Home Audio & Theater', 'Camera &amp; Photo', 'Office Products')",0.33,0.3294,10,2,0.0742,18.1686,18.2428,63817,10,1.0
bitmap_prefilter,"main_cat IN ('Home Audio & Theater', 'Camera &amp; Photo', 'Office Products')",0.33,0.3294,10,3,0.0774,18.2508,18.3282,63817,10,1.0
bitmap_prefilter,"main_cat IN ('Home Audio & Theater', 'Camera &amp; Photo', 'Office Products')",0.33,0.3294,10,4,0.0713,18.2378,18.3092,63817,10,1.0
bitmap_prefilter,"main_cat IN ('Home Audio & Theater', 'Camera &amp; Photo', 'Office Products')",0.33,0.3294,10,5,0.07,18.0737,18.1437,63817,10,1.0
bitmap_prefilter,"main_cat IN ('Home Audio & Theater', 'Camera &amp; Photo', 'Office Products')",0.33,0.3294,10,6,0.0712,18.1525,18.2238,63817,10,1.0
bitmap_prefilter,"main_cat IN ('Home Audio & Theater', 'Camera &amp; Photo', 'Office Products')",0.33,0.3294,10,7,0.0699,18.0619,18.1317,63817,10,1.0
bitmap_prefilter,"main_cat IN ('Home Audio & Theater', 'Camera &amp; Photo', 'Office Products')",0.33,0.3294,10,8,0.0691,18.1034,18.1725,63817,10,1.0
bitmap_prefilter,"main_cat IN ('Home Audio & Theater', 'Camera &amp; Photo', 'Office Products')",0.33,0.3294,10,9,0.0674,18.0575,18.1249,63817,10,1.0
bitmap_prefilter,"main_cat IN ('Home Audio & Theater', 'Camera &amp; Photo', 'Office Products')",0.33,0.3294,10,10,0.0686,18.2635,18.3322,63817,10,1.0
bitmap_prefilter,"main_cat IN ('Home Audio & Theater', 'Camera &amp; Photo', 'Office Products')",0.33,0.3294,10,11,0.0689,18.2689,18.3378,63817,10,1.0
bitmap_prefilter,"main_cat IN ('Home Audio & Theater', 'Camera &amp; Photo', 'Office Products')",0.33,0.3294,10,12,0.0672,18.1238,18.1911,63817,10,1.0
bitmap_prefilter,"main_cat IN ('Home Audio & Theater', 'Camera &amp; Photo', 'Office Products')",0.33,0.3294,10,13,0.0695,18.457,18.5265,63817,10,1.0
bitmap_prefilter,"main_cat IN ('Home Audio & Theater', 'Camera &amp; Photo', 'Office Products')",0.33,0.3294,10,14,0.0671,18.706,18.7731,63817,10,1.0
bitmap_prefilter,"main_cat IN ('Home Audio & Theater', 'Camera &amp; Photo', 'Office Products')",0.33,0.3294,10,15,0.0688,19.4962,19.5651,63817,10,1.0
bitmap_prefilter,"main_cat IN ('Home Audio & Theater', 'Camera &amp; Photo', 'Office Products')",0.33,0.3294,10,16,0.0696,18.888,18.9577,63817,10,1.0
bitmap_prefilter,"main_cat IN ('Home Audio & Theater', 'Camera &amp; Photo', 'Office Products')",0.33,0.3294,10,17,0.0691,18.646,18.7151,63817,10,1.0
bitmap_prefilter,"main_cat IN ('Home Audio & Theater', 'Camera &amp; Photo', 'Office Products')",0.33,0.3294,10,18,0.0802,18.0678,18.1481,63817,10,1.0
bitmap_prefilter,"main_cat IN ('Home Audio & Theater', 'Camera &amp; Photo', 'Office Products')",0.33,0.3294,10,19,0.0743,18.1837,18.258,63817,10,1.0
bitmap_prefilter,"main_cat IN ('Home Audio & Theater', 'Camera &amp; Photo', 'Office Products')",0.33,0.3294,10,20,0.0722,18.1766,18.2488,63817,10,1.0
bitmap_prefilter,"main_cat IN ('Home Audio & Theater', 'Camera &amp; Photo', 'Office Products')",0.33,0.3294,10,21,0.0682,18.0573,18.1255,63817,10,1.0
bitmap_prefilter,"main_cat IN ('Home Audio & Theater', 'Camera &amp; Photo', 'Office Products')",0.33,0.3294,10,22,0.0687,18.1613,18.23,63817,10,1.0
bitmap_prefilter,"main_cat IN ('Home Audio & Theater', 'Camera &amp; Photo', 'Office Products')",0.33,0.3294,10,23,0.0678,18.0589,18.1267,63817,10,1.0
bitmap_prefilter,"main_cat IN ('Home Audio & Theater', 'Camera &amp; Photo', 'Office Products')",0.33,0.3294,10,24,0.0674,18.159,18.2263,63817,10,1.0
bitmap_prefilter,"main_cat IN ('Home Audio & Theater', 'Camera &amp; Photo', 'Office Products')",0.33,0.3294,10,25,0.0672,18.0862,18.1535,63817,10,1.0
bitmap_prefilter,"main_cat IN ('Home Audio & Theater', 'Camera &amp; Photo', 'Office Products')",0.33,0.3294,10,26,0.0665,18.1919,18.2584,63817,10,1.0
bitmap_prefilter,"main_cat IN ('Home Audio & Theater', 'Camera &amp; Photo', 'Office Products')",0.33,0.3294,10,27,0.0671,18.061,18.1281,63817,10,1.0
bitmap_prefilter,"main_cat IN ('Home Audio & Theater', 'Camera &amp; Photo', 'Office Products')",0.33,0.3294,10,28,0.0669,18.295,18.3618,63817,10,1.0
bitmap_prefilter,"main_cat IN ('Home Audio & Theater', 'Camera &amp; Photo', 'Office Products')",0.33,0.3294,10,29,0.0661,18.1742,18.2403,63817,10,1.0
bitmap_prefilter,"main_cat IN ('Home Audio & Theater', 'Camera &amp; Photo', 'Office Products')",0.33,0.3294,10,30,0.0665,18.2315,18.298,63817,10,1.0
bitmap_prefilter,"main_cat IN ('Home Audio & Theater', 'Camera &amp; Photo', 'Office Products')",0.33,0.3294,10,31,0.0661,18.2662,18.3323,63817,10,1.0
bitmap_prefilter,"main_cat IN ('Home Audio & Theater', 'Camera &amp; Photo', 'Office Products')",0.33,0.3294,10,32,0.0656,18.1161,18.1817,63817,10,1.0
bitmap_prefilter,"main_cat IN ('Home Audio & Theater', 'Camera &amp; Photo', 'Office Products')",0.33,0.3294,10,33,0.0657,18.5762,18.6419,63817,10,1.0
bitmap_prefilter,"main_cat IN ('Home Audio & Theater', 'Camera &amp; Photo', 'Office Products')",0.33,0.3294,10,34,0.0717,18.3344,18.4061,63817,10,1.0
bitmap_prefilter,"main_cat IN ('Home Audio & Theater', 'Camera &amp; Photo', 'Office Products')",0.33,0.3294,10,35,0.0661,18.3463,18.4125,63817,10,1.0
bitmap_prefilter,"main_cat IN ('Home Audio & Theater', 'Camera &amp; Photo', 'Office Products')",0.33,0.3294,10,36,0.0657,18.3539,18.4196,63817,10,1.0
bitmap_prefilter,"main_cat IN ('Home Audio & Theater', 'Camera &amp; Photo', 'Office Products')",0.33,0.3294,10,37,0.066,18.204,18.27,63817,10,1.0
bitmap_prefilter,"main_cat IN ('Home Audio & Theater', 'Camera &amp; Photo', 'Office Products')",0.33,0.3294,10,38,0.0662,18.0587,18.1249,63817,10,1.0
bitmap_prefilter,"main_cat IN ('Home Audio & Theater', 'Camera &amp; Photo', 'Office Products')",0.33,0.3294,10,39,0.0655,18.1146,18.1802,63817,10,1.0
bitmap_prefilter,"main_cat IN ('Home Audio & Theater', 'Camera &amp; Photo', 'Office Products')",0.33,0.3294,10,40,0.066,18.0566,18.1226,63817,10,1.0
bitmap_prefilter,"main_cat IN ('Home Audio & Theater', 'Camera &amp; Photo', 'Office Products')",0.33,0.3294,10,41,0.0729,18.1347,18.2076,63817,10,1.0
bitmap_prefilter,"main_cat IN ('Home Audio & Theater', 'Camera &amp; Photo', 'Office Products')",0.33,0.3294,10,42,0.0711,18.1376,18.2087,63817,10,1.0
bitmap_prefilter,"main_cat IN ('Home Audio & Theater', 'Camera &amp; Photo', 'Office Products')",0.33,0.3294,10,43,0.0654,18.2309,18.2963,63817,10,1.0
bitmap_prefilter,"main_cat IN ('Home Audio & Theater', 'Camera &amp; Photo', 'Office Products')",0.33,0.3294,10,44,0.0664,18.6944,18.7608,63817,10,1.0
bitmap_prefilter,"main_cat IN ('Home Audio & Theater', 'Camera &amp; Photo', 'Office Products')",0.33,0.3294,10,45,0.0737,19.8468,19.9205,63817,10,1.0
bitmap_prefilter,"main_cat IN ('Home Audio & Theater', 'Camera &amp; Photo', 'Office Products')",0.33,0.3294,10,46,0.0771,18.2867,18.3638,63817,10,1.0
bitmap_prefilter,"main_cat IN ('Home Audio & Theater', 'Camera &amp; Photo', 'Office Products')",0.33,0.3294,10,47,0.075,18.1319,18.207,63817,10,0.0
bitmap_prefilter,"main_cat IN ('Home Audio & Theater', 'Camera &amp; Photo', 'Office Products')",0.33,0.3294,10,48,0.0756,18.3778,18.4535,63817,10,1.0
bitmap_prefilter,"main_cat IN ('Home Audio & Theater', 'Camera &amp; Photo', 'Office Products')",0.33,0.3294,10,49,0.069,18.159,18.228,63817,10,1.0
brute_force,"main_cat IN ('Home Audio & Theater', 'Camera &amp; Photo', 'Office Products')",0.33,0.3294,50,0,0.099,24.6643,24.7633,50,50,1.0
brute_force,"main_cat IN ('Home Audio & Theater', 'Camera &amp; Photo', 'Office Products')",0.33,0.3294,50,1,0.099,24.8957,24.9947,50,50,1.0
brute_force,"main_cat IN ('Home Audio & Theater', 'Camera &amp; Photo', 'Office Products')",0.33,0.3294,50,2,0.2043,24.809,25.0133,50,50,1.0
brute_force,"main_cat IN ('Home Audio & Theater', 'Camera &amp; Photo', 'Office Products')",0.33,0.3294,50,3,0.1006,24.7155,24.8161,50,50,1.0
brute_force,"main_cat IN ('Home Audio & Theater', 'Camera &amp; Photo', 'Office Products')",0.33,0.3294,50,4,0.1683,25.032,25.2002,50,50,1.0
brute_force,"main_cat IN ('Home Audio & Theater', 'Camera &amp; Photo', 'Office Products')",0.33,0.3294,50,5,0.3786,24.6641,25.0427,50,50,1.0
brute_force,"main_cat IN ('Home Audio & Theater', 'Camera &amp; Photo', 'Office Products')",0.33,0.3294,50,6,0.1105,24.8964,25.0068,50,50,1.0
brute_force,"main_cat IN ('Home Audio & Theater', 'Camera &amp; Photo', 'Office Products')",0.33,0.3294,50,7,0.1227,24.6012,24.7239,50,50,1.0
brute_force,"main_cat IN ('Home Audio & Theater', 'Camera &amp; Photo', 'Office Products')",0.33,0.3294,50,8,0.0952,24.9744,25.0696,50,50,0.96
brute_force,"main_cat IN ('Home Audio & Theater', 'Camera &amp; Photo', 'Office Products')",0.33,0.3294,50,9,0.1092,24.9733,25.0825,50,50,1.0
brute_force,"main_cat IN ('Home Audio & Theater', 'Camera &amp; Photo', 'Office Products')",0.33,0.3294,50,10,0.1456,25.9087,26.0543,50,50,1.0
brute_force,"main_cat IN ('Home Audio & Theater', 'Camera &amp; Photo', 'Office Products')",0.33,0.3294,50,11,0.1211,24.7835,24.9046,50,50,1.0
brute_force,"main_cat IN ('Home Audio & Theater', 'Camera &amp; Photo', 'Office Products')",0.33,0.3294,50,12,0.0878,25.0138,25.1015,50,50,1.0
brute_force,"main_cat IN ('Home Audio & Theater', 'Camera &amp; Photo', 'Office Products')",0.33,0.3294,50,13,0.0827,24.8137,24.8965,50,50,1.0
brute_force,"main_cat IN ('Home Audio & Theater', 'Camera &amp; Photo', 'Office Products')",0.33,0.3294,50,14,0.271,24.8752,25.1462,50,50,1.0
brute_force,"main_cat IN ('Home Audio & Theater', 'Camera &amp; Photo', 'Office Products')",0.33,0.3294,50,15,0.524,24.8961,25.4201,50,50,1.0
brute_force,"main_cat IN ('Home Audio & Theater', 'Camera &amp; Photo', 'Office Products')",0.33,0.3294,50,16,0.1306,25.0384,25.169,50,50,1.0
brute_force,"main_cat IN ('Home Audio & Theater', 'Camera &amp; Photo', 'Office Products')",0.33,0.3294,50,17,0.1356,24.9102,25.0458,50,50,1.0
brute_force,"main_cat IN ('Home Audio & Theater', 'Camera &amp; Photo', 'Office Products')",0.33,0.3294,50,18,0.1953,24.8635,25.0588,50,50,0.98
brute_force,"main_cat IN ('Home Audio & Theater', 'Camera &amp; Photo', 'Office Products')",0.33,0.3294,50,19,0.195,24.7063,24.9012,50,50,1.0
brute_force,"main_cat IN ('Home Audio & Theater', 'Camera &amp; Photo', 'Office Products')",0.33,0.3294,50,20,0.1606,25.1985,25.3591,50,50,1.0
brute_force,"main_cat IN ('Home Audio & Theater', 'Camera &amp; Photo', 'Office Products')",0.33,0.3294,50,21,0.2826,24.7697,25.0524,50,50,1.0
brute_force,"main_cat IN ('Home Audio & Theater', 'Camera &amp; Photo', 'Office Products')",0.33,0.3294,50,22,0.1086,24.7441,24.8527,50,50,1.0
brute_force,"main_cat IN ('Home Audio & Theater', 'Camera &amp; Photo', 'Office Products')",0.33,0.3294,50,23,0.1311,24.814,24.9451,50,50,0.98
brute_force,"main_cat IN ('Home Audio & Theater', 'Camera &amp; Photo', 'Office Products')",0.33,0.3294,50,24,0.1539,24.8512,25.0051,50,50,1.0
brute_force,"main_cat IN ('Home Audio & Theater', 'Camera &amp; Photo', 'Office Products')",0.33,0.3294,50,25,0.0813,24.8386,24.92,50,50,1.0
brute_force,"main_cat IN ('Home Audio & Theater', 'Camera &amp; Photo', 'Office Products')",0.33,0.3294,50,26,0.1439,24.7852,24.9291,50,50,1.0
brute_force,"main_cat IN ('Home Audio & Theater', 'Camera &amp; Photo', 'Office Products')",0.33,0.3294,50,27,0.2862,25.0157,25.3019,50,50,1.0
brute_force,"main_cat IN ('Home Audio & Theater', 'Camera &amp; Photo', 'Office Products')",0.33,0.3294,50,28,0.1245,25.0959,25.2204,50,50,1.0
brute_force,"main_cat IN ('Home Audio & Theater', 'Camera &amp; Photo', 'Office Products')",0.33,0.3294,50,29,0.1051,24.8247,24.9299,50,50,1.0
brute_force,"main_cat IN ('Home Audio & Theater', 'Camera &amp; Photo', 'Office Products')",0.33,0.3294,50,30,0.1353,24.9071,25.0424,50,50,1.0
brute_force,"main_cat IN ('Home Audio & Theater', 'Camera &amp; Photo', 'Office Products')",0.33,0.3294,50,31,0.1421,24.6436,24.7857,50,50,1.0
brute_force,"main_cat IN ('Home Audio & Theater', 'Camera &amp; Photo', 'Office Products')",0.33,0.3294,50,32,0.1295,24.7823,24.9118,50,50,1.0
brute_force,"main_cat IN ('Home Audio & Theater', 'Camera &amp; Photo', 'Office Products')",0.33,0.3294,50,33,0.3328,24.6479,24.9807,50,50,1.0
brute_force,"main_cat IN ('Home Audio & Theater', 'Camera &amp; Photo', 'Office Products')",0.33,0.3294,50,34,0.0907,24.5233,24.614,50,50,1.0
brute_force,"main_cat IN ('Home Audio & Theater', 'Camera &amp; Photo', 'Office Products')",0.33,0.3294,50,35,0.1385,24.4955,24.634,50,50,1.0
brute_force,"main_cat IN ('Home Audio & Theater', 'Camera &amp; Photo', 'Office Products')",0.33,0.3294,50,36,0.1087,24.7721,24.8808,50,50,1.0
brute_force,"main_cat IN ('Home Audio & Theater', 'Camera &amp; Photo', 'Office Products')",0.33,0.3294,50,37,0.1397,24.8667,25.0063,50,50,1.0
brute_force,"main_cat IN ('Home Audio & Theater', 'Camera &amp; Photo', 'Office Products')",0.33,0.3294,50,38,0.1544,24.486,24.6405,50,50,1.0
brute_force,"main_cat IN ('Home Audio & Theater', 'Camera &amp; Photo', 'Office Products')",0.33,0.3294,50,39,0.113,24.571,24.684,50,50,1.0
brute_force,"main_cat IN ('Home Audio & Theater', 'Camera &amp; Photo', 'Office Products')",0.33,0.3294,50,40,0.1112,24.6896,24.8008,50,50,1.0
brute_force,"main_cat IN ('Home Audio & Theater', 'Camera &amp; Photo', 'Office Products')",0.33,0.3294,50,41,0.1227,24.6164,24.7391,50,50,1.0
brute_force,"main_cat IN ('Home Audio & Theater', 'Camera &amp; Photo', 'Office Products')",0.33,0.3294,50,42,0.1004,24.562,24.6623,50,50,1.0
brute_force,"main_cat IN ('Home Audio & Theater', 'Camera &amp; Photo', 'Office Products')",0.33,0.3294,50,43,0.122,24.4963,24.6183,50,50,1.0
brute_force,"main_cat IN ('Home Audio & Theater', 'Camera &amp; Photo', 'Office Products')",0.33,0.3294,50,44,0.1072,24.7102,24.8174,50,50,1.0
brute_force,"main_cat IN ('Home Audio & Theater', 'Camera &amp; Photo', 'Office Products')",0.33,0.3294,50,45,0.1242,24.5164,24.6406,50,50,1.0
brute_force,"main_cat IN ('Home Audio & Theater', 'Camera &amp; Photo', 'Office Products')",0.33,0.3294,50,46,0.0872,24.7013,24.7884,50,50,1.0
brute_force,"main_cat IN ('Home Audio & Theater', 'Camera &amp; Photo', 'Office Products')",0.33,0.3294,50,47,0.097,24.5994,24.6964,50,50,1.0
brute_force,"main_cat IN ('Home Audio & Theater', 'Camera &amp; Photo', 'Office Products')",0.33,0.3294,50,48,0.1121,24.6613,24.7733,50,50,1.0
brute_force,"main_cat IN ('Home Audio & Theater', 'Camera &amp; Photo', 'Office Products')",0.33,0.3294,50,49,0.1189,24.6753,24.7943,50,50,1.0
naive_prefilter,"main_cat IN ('Home Audio & Theater', 'Camera &amp; Photo', 'Office Products')",0.33,0.3294,50,0,17.9027,19.2046,37.1073,63817,50,1.0
naive_prefilter,"main_cat IN ('Home Audio & Theater', 'Camera &amp; Photo', 'Office Products')",0.33,0.3294,50,1,17.9432,19.3255,37.2687,63817,50,1.0
naive_prefilter,"main_cat IN ('Home Audio & Theater', 'Camera &amp; Photo', 'Office Products')",0.33,0.3294,50,2,17.4835,19.2566,36.7401,63817,50,1.0
naive_prefilter,"main_cat IN ('Home Audio & Theater', 'Camera &amp; Photo', 'Office Products')",0.33,0.3294,50,3,17.7588,19.1716,36.9303,63817,50,1.0
naive_prefilter,"main_cat IN ('Home Audio & Theater', 'Camera &amp; Photo', 'Office Products')",0.33,0.3294,50,4,17.8836,19.2983,37.1819,63817,50,1.0
naive_prefilter,"main_cat IN ('Home Audio & Theater', 'Camera &amp; Photo', 'Office Products')",0.33,0.3294,50,5,17.5453,19.1599,36.7052,63817,50,1.0
naive_prefilter,"main_cat IN ('Home Audio & Theater', 'Camera &amp; Photo', 'Office Products')",0.33,0.3294,50,6,17.524,19.1398,36.6638,63817,50,1.0
naive_prefilter,"main_cat IN ('Home Audio & Theater', 'Camera &amp; Photo', 'Office Products')",0.33,0.3294,50,7,17.6625,19.0406,36.7031,63817,50,1.0
naive_prefilter,"main_cat IN ('Home Audio & Theater', 'Camera &amp; Photo', 'Office Products')",0.33,0.3294,50,8,17.541,19.7975,37.3385,63817,50,0.96
naive_prefilter,"main_cat IN ('Home Audio & Theater', 'Camera &amp; Photo', 'Office Products')",0.33,0.3294,50,9,17.9439,19.3287,37.2726,63817,50,1.0
naive_prefilter,"main_cat IN ('Home Audio & Theater', 'Camera &amp; Photo', 'Office Products')",0.33,0.3294,50,10,17.718,19.2388,36.9568,63817,50,1.0
naive_prefilter,"main_cat IN ('Home Audio & Theater', 'Camera &amp; Photo', 'Office Products')",0.33,0.3294,50,11,17.9628,19.1107,37.0735,63817,50,1.0
naive_prefilter,"main_cat IN ('Home Audio & Theater', 'Camera &amp; Photo', 'Office Products')",0.33,0.3294,50,12,17.861,19.919,37.78,63817,50,1.0
naive_prefilter,"main_cat IN ('Home Audio & Theater', 'Camera &amp; Photo', 'Office Products')",0.33,0.3294,50,13,17.6106,19.2038,36.8144,63817,50,1.0
naive_prefilter,"main_cat IN ('Home Audio & Theater', 'Camera &amp; Photo', 'Office Products')",0.33,0.3294,50,14,17.8502,19.0949,36.945,63817,50,1.0
naive_prefilter,"main_cat IN ('Home Audio & Theater', 'Camera &amp; Photo', 'Office Products')",0.33,0.3294,50,15,17.3845,19.1778,36.5623,63817,50,1.0
naive_prefilter,"main_cat IN ('Home Audio & Theater', 'Camera &amp; Photo', 'Office Products')",0.33,0.3294,50,16,17.5955,19.0377,36.6331,63817,50,1.0
naive_prefilter,"main_cat IN ('Home Audio & Theater', 'Camera &amp; Photo', 'Office Products')",0.33,0.3294,50,17,17.4597,19.0499,36.5096,63817,50,1.0
naive_prefilter,"main_cat IN ('Home Audio & Theater', 'Camera &amp; Photo', 'Office Products')",0.33,0.3294,50,18,17.4679,19.2098,36.6777,63817,50,0.98
naive_prefilter,"main_cat IN ('Home Audio & Theater', 'Camera &amp; Photo', 'Office Products')",0.33,0.3294,50,19,17.4326,19.3185,36.7511,63817,50,1.0
naive_prefilter,"main_cat IN ('Home Audio & Theater', 'Camera &amp; Photo', 'Office Products')",0.33,0.3294,50,20,17.2337,19.189,36.4227,63817,50,1.0
naive_prefilter,"main_cat IN ('Home Audio & Theater', 'Camera &amp; Photo', 'Office Products')",0.33,0.3294,50,21,17.4867,19.2256,36.7122,63817,50,1.0
naive_prefilter,"main_cat IN ('Home Audio & Theater', 'Camera &amp; Photo', 'Office Products')",0.33,0.3294,50,22,17.5925,19.0071,36.5996,63817,50,1.0
naive_prefilter,"main_cat IN ('Home Audio & Theater', 'Camera &amp; Photo', 'Office Products')",0.33,0.3294,50,23,17.4107,19.0566,36.4673,63817,50,0.98
naive_prefilter,"main_cat IN ('Home Audio & Theater', 'Camera &amp; Photo', 'Office Products')",0.33,0.3294,50,24,17.3589,19.091,36.4499,63817,50,1.0
naive_prefilter,"main_cat IN ('Home Audio & Theater', 'Camera &amp; Photo', 'Office Products')",0.33,0.3294,50,25,17.2823,19.0346,36.3169,63817,50,1.0
naive_prefilter,"main_cat IN ('Home Audio & Theater', 'Camera &amp; Photo', 'Office Products')",0.33,0.3294,50,26,17.4776,19.177,36.6545,63817,50,1.0
naive_prefilter,"main_cat IN ('Home Audio & Theater', 'Camera &amp; Photo', 'Office Products')",0.33,0.3294,50,27,17.3282,19.2945,36.6227,63817,50,1.0
naive_prefilter,"main_cat IN ('Home Audio & Theater', 'Camera &amp; Photo', 'Office Products')",0.33,0.3294,50,28,17.199,19.3198,36.5188,63817,50,1.0
naive_prefilter,"main_cat IN ('Home Audio & Theater', 'Camera &amp; Photo', 'Office Products')",0.33,0.3294,50,29,17.373,19.3195,36.6925,63817,50,1.0
naive_prefilter,"main_cat IN ('Home Audio & Theater', 'Camera &amp; Photo', 'Office Products')",0.33,0.3294,50,30,17.3184,20.6132,37.9317,63817,50,0.82
naive_prefilter,"main_cat IN ('Home Audio & Theater', 'Camera &amp; Photo', 'Office Products')",0.33,0.3294,50,31,17.4291,19.1578,36.5869,63817,50,1.0
naive_prefilter,"main_cat IN ('Home Audio & Theater', 'Camera &amp; Photo', 'Office Products')",0.33,0.3294,50,32,17.2575,19.2384,36.496,63817,50,1.0
naive_prefilter,"main_cat IN ('Home Audio & Theater', 'Camera &amp; Photo', 'Office Products')",0.33,0.3294,50,33,17.3314,18.9907,36.3221,63817,50,1.0
naive_prefilter,"main_cat IN ('Home Audio & Theater', 'Camera &amp; Photo', 'Office Products')",0.33,0.3294,50,34,17.2233,19.3027,36.526,63817,50,1.0
naive_prefilter,"main_cat IN ('Home Audio & Theater', 'Camera &amp; Photo', 'Office Products')",0.33,0.3294,50,35,17.3292,19.0819,36.4111,63817,50,1.0
naive_prefilter,"main_cat IN ('Home Audio & Theater', 'Camera &amp; Photo', 'Office Products')",0.33,0.3294,50,36,17.8001,19.173,36.9731,63817,50,1.0
naive_prefilter,"main_cat IN ('Home Audio & Theater', 'Camera &amp; Photo', 'Office Products')",0.33,0.3294,50,37,17.9266,19.6219,37.5485,63817,50,1.0
naive_prefilter,"main_cat IN ('Home Audio & Theater', 'Camera &amp; Photo', 'Office Products')",0.33,0.3294,50,38,17.7009,19.1301,36.831,63817,50,1.0
naive_prefilter,"main_cat IN ('Home Audio & Theater', 'Camera &amp; Photo', 'Office Products')",0.33,0.3294,50,39,17.6517,19.6278,37.2795,63817,50,1.0
naive_prefilter,"main_cat IN ('Home Audio & Theater', 'Camera &amp; Photo', 'Office Products')",0.33,0.3294,50,40,17.6119,19.0672,36.6792,63817,50,1.0
naive_prefilter,"main_cat IN ('Home Audio & Theater', 'Camera &amp; Photo', 'Office Products')",0.33,0.3294,50,41,17.6853,19.1877,36.873,63817,50,1.0
naive_prefilter,"main_cat IN ('Home Audio & Theater', 'Camera &amp; Photo', 'Office Products')",0.33,0.3294,50,42,17.4011,19.3155,36.7167,63817,50,1.0
naive_prefilter,"main_cat IN ('Home Audio & Theater', 'Camera &amp; Photo', 'Office Products')",0.33,0.3294,50,43,17.3484,19.0375,36.3859,63817,50,0.8
naive_prefilter,"main_cat IN ('Home Audio & Theater', 'Camera &amp; Photo', 'Office Products')",0.33,0.3294,50,44,17.4578,19.103,36.5607,63817,50,1.0
naive_prefilter,"main_cat IN ('Home Audio & Theater', 'Camera &amp; Photo', 'Office Products')",0.33,0.3294,50,45,17.4206,19.34,36.7606,63817,50,1.0
naive_prefilter,"main_cat IN ('Home Audio & Theater', 'Camera &amp; Photo', 'Office Products')",0.33,0.3294,50,46,17.2321,19.191,36.4231,63817,50,1.0
naive_prefilter,"main_cat IN ('Home Audio & Theater', 'Camera &amp; Photo', 'Office Products')",0.33,0.3294,50,47,17.341,19.3245,36.6655,63817,50,0.38
naive_prefilter,"main_cat IN ('Home Audio & Theater', 'Camera &amp; Photo', 'Office Products')",0.33,0.3294,50,48,17.3228,19.806,37.1288,63817,50,1.0
naive_prefilter,"main_cat IN ('Home Audio & Theater', 'Camera &amp; Photo', 'Office Products')",0.33,0.3294,50,49,17.6002,19.176,36.7762,63817,50,1.0
post_filter,"main_cat IN ('Home Audio & Theater', 'Camera &amp; Photo', 'Office Products')",0.33,0.3294,50,0,0.0346,0.5173,0.5519,50,50,1.0
post_filter,"main_cat IN ('Home Audio & Theater', 'Camera &amp; Photo', 'Office Products')",0.33,0.3294,50,1,0.0845,1.0951,1.1797,50,50,1.0
post_filter,"main_cat IN ('Home Audio & Theater', 'Camera &amp; Photo', 'Office Products')",0.33,0.3294,50,2,0.1721,0.8917,1.0638,50,50,0.98
post_filter,"main_cat IN ('Home Audio & Theater', 'Camera &amp; Photo', 'Office Products')",0.33,0.3294,50,3,0.0714,0.9595,1.0309,50,50,1.0
post_filter,"main_cat IN ('Home Audio & Theater', 'Camera &amp; Photo', 'Office Products')",0.33,0.3294,50,4,0.1365,1.1147,1.2512,50,50,0.96
post_filter,"main_cat IN ('Home Audio & Theater', 'Camera &amp; Photo', 'Office Products')",0.33,0.3294,50,5,0.4996,0.9368,1.4364,50,50,0.88
post_filter,"main_cat IN ('Home Audio & Theater', 'Camera &amp; Photo', 'Office Products')",0.33,0.3294,50,6,0.12,1.3357,1.4557,50,50,1.0
post_filter,"main_cat IN ('Home Audio & Theater', 'Camera &amp; Photo', 'Office Products')",0.33,0.3294,50,7,0.1077,0.8845,0.9922,50,50,1.0
post_filter,"main_cat IN ('Home Audio & Theater', 'Camera &amp; Photo', 'Office Products')",0.33,0.3294,50,8,0.081,1.2004,1.2814,50,50,0.96
post_filter,"main_cat IN ('Home Audio & Theater', 'Camera &amp; Photo', 'Office Products')",0.33,0.3294,50,9,0.0912,1.1771,1.2683,50,50,0.98
post_filter,"main_cat IN ('Home Audio & Theater', 'Camera &amp; Photo', 'Office Products')",0.33,0.3294,50,10,0.1172,1.0377,1.1549,50,50,1.0
post_filter,"main_cat IN ('Home Audio & Theater', 'Camera &amp; Photo', 'Office Products')",0.33,0.3294,50,11,0.0998,0.9956,1.0954,50,50,1.0
post_filter,"main_cat IN ('Home Audio & Theater', 'Camera &amp; Photo', 'Office Products')",0.33,0.3294,50,12,0.0765,0.8191,0.8955,50,50,1.0
post_filter,"main_cat IN ('Home Audio & Theater', 'Camera &amp; Photo', 'Office Products')",0.33,0.3294,50,13,0.0675,0.8567,0.9242,50,50,1.0
post_filter,"main_cat IN ('Home Audio & Theater', 'Camera &amp; Photo', 'Office Products')",0.33,0.3294,50,14,0.2291,0.6382,0.8673,50,50,0.92
post_filter,"main_cat IN ('Home Audio & Theater', 'Camera &amp; Photo', 'Office Products')",0.33,0.3294,50,15,0.4417,0.5666,1.0083,50,50,0.48
post_filter,"main_cat IN ('Home Audio & Theater', 'Camera &amp; Photo', 'Office Products')",0.33,0.3294,50,16,0.105,1.0409,1.1459,50,50,0.98
post_filter,"main_cat IN ('Home Audio & Theater', 'Camera &amp; Photo', 'Office Products')",0.33,0.3294,50,17,0.1149,0.8422,0.9571,50,50,1.0
post_filter,"main_cat IN ('Home Audio & Theater', 'Camera &amp; Photo', 'Office Products')",0.33,0.3294,50,18,0.179,0.984,1.163,50,50,0.94
post_filter,"main_cat IN ('Home Audio & Theater', 'Camera &amp; Photo', 'Office Products')",0.33,0.3294,50,19,0.15,1.0417,1.1917,50,50,0.88
post_filter,"main_cat IN ('Home Audio & Theater', 'Camera &amp; Photo', 'Office Products')",0.33,0.3294,50,20,0.1268,0.702,0.8288,50,50,1.0
post_filter,"main_cat IN ('Home Audio & Theater', 'Camera &amp; Photo', 'Office Products')",0.33,0.3294,50,21,0.3155,0.7587,1.0742,50,50,0.48
post_filter,"main_cat IN ('Home Audio & Theater', 'Camera &amp; Photo', 'Office Products')",0.33,0.3294,50,22,0.0921,0.8317,0.9238,50,50,0.98
post_filter,"main_cat IN ('Home Audio & Theater', 'Camera &amp; Photo', 'Office Products')",0.33,0.3294,50,23,0.1022,0.7685,0.8707,50,50,0.98
post_filter,"main_cat IN ('Home Audio & Theater', 'Camera &amp; Photo', 'Office Products')",0.33,0.3294,50,24,0.1261,1.1008,1.2269,50,50,1.0
post_filter,"main_cat IN ('Home Audio & Theater', 'Camera &amp; Photo', 'Office Products')",0.33,0.3294,50,25,0.074,0.3313,0.4053,50,50,0.82
post_filter,"main_cat IN ('Home Audio & Theater', 'Camera &amp; Photo', 'Office Products')",0.33,0.3294,50,26,0.1115,0.9629,1.0743,50,50,0.98
post_filter,"main_cat IN ('Home Audio & Theater', 'Camera &amp; Photo', 'Office Products')",0.33,0.3294,50,27,0.2554,0.9396,1.195,50,50,0.94
post_filter,"main_cat IN ('Home Audio & Theater', 'Camera &amp; Photo', 'Office Products')",0.33,0.3294,50,28,0.0951,0.9664,1.0615,50,50,1.0
post_filter,"main_cat IN ('Home Audio & Theater', 'Camera &amp; Photo', 'Office Products')",0.33,0.3294,50,29,0.0902,0.6182,0.7083,50,50,0.98
post_filter,"main_cat IN ('Home Audio & Theater', 'Camera &amp; Photo', 'Office Products')",0.33,0.3294,50,30,0.1026,0.47,0.5725,50,50,0.0
post_filter,"main_cat IN ('Home Audio & Theater', 'Camera &amp; Photo', 'Office Products')",0.33,0.3294,50,31,0.1168,0.9685,1.0854,50,50,0.94
post_filter,"main_cat IN ('Home Audio & Theater', 'Camera &amp; Photo', 'Office Products')",0.33,0.3294,50,32,0.1017,0.7421,0.8438,50,50,1.0
post_filter,"main_cat IN ('Home Audio & Theater', 'Camera &amp; Photo', 'Office Products')",0.33,0.3294,50,33,0.3331,0.5605,0.8935,50,50,0.52
post_filter,"main_cat IN ('Home Audio & Theater', 'Camera &amp; Photo', 'Office Products')",0.33,0.3294,50,34,0.079,0.9484,1.0273,50,50,1.0
post_filter,"main_cat IN ('Home Audio & Theater', 'Camera &amp; Photo', 'Office Products')",0.33,0.3294,50,35,0.115,0.9848,1.0998,50,50,0.98
post_filter,"main_cat IN ('Home Audio & Theater', 'Camera &amp; Photo', 'Office Products')",0.33,0.3294,50,36,0.088,0.7981,0.886,50,50,0.98
post_filter,"main_cat IN ('Home Audio & Theater', 'Camera &amp; Photo', 'Office Products')",0.33,0.3294,50,37,0.1181,0.729,0.8471,50,50,1.0
post_filter,"main_cat IN ('Home Audio & Theater', 'Camera &amp; Photo', 'Office Products')",0.33,0.3294,50,38,0.1247,1.2084,1.3331,50,50,0.94
post_filter,"main_cat IN ('Home Audio & Theater', 'Camera &amp; Photo', 'Office Products')",0.33,0.3294,50,39,0.095,0.5835,0.6785,50,50,1.0
post_filter,"main_cat IN ('Home Audio & Theater', 'Camera &amp; Photo', 'Office Products')",0.33,0.3294,50,40,0.0905,1.2113,1.3017,50,50,0.98
post_filter,"main_cat IN ('Home Audio & Theater', 'Camera &amp; Photo', 'Office Products')",0.33,0.3294,50,41,0.0949,0.635,0.7299,50,50,1.0
post_filter,"main_cat IN ('Home Audio & Theater', 'Camera &amp; Photo', 'Office Products')",0.33,0.3294,50,42,0.0792,0.961,1.0402,50,50,0.98
post_filter,"main_cat IN ('Home Audio & Theater', 'Camera &amp; Photo', 'Office Products')",0.33,0.3294,50,43,0.0984,0.4842,0.5826,50,50,0.68
post_filter,"main_cat IN ('Home Audio & Theater', 'Camera &amp; Photo', 'Office Products')",0.33,0.3294,50,44,0.0895,0.7286,0.8182,50,50,0.98
post_filter,"main_cat IN ('Home Audio & Theater', 'Camera &amp; Photo', 'Office Products')",0.33,0.3294,50,45,0.1028,1.0711,1.1738,50,50,0.9
post_filter,"main_cat IN ('Home Audio & Theater', 'Camera &amp; Photo', 'Office Products')",0.33,0.3294,50,46,0.072,0.8515,0.9235,50,50,1.0
post_filter,"main_cat IN ('Home Audio & Theater', 'Camera &amp; Photo', 'Office Products')",0.33,0.3294,50,47,0.0887,0.2981,0.3869,50,50,0.38
post_filter,"main_cat IN ('Home Audio & Theater', 'Camera &amp; Photo', 'Office Products')",0.33,0.3294,50,48,0.0835,1.0326,1.1161,50,50,0.98
post_filter,"main_cat IN ('Home Audio & Theater', 'Camera &amp; Photo', 'Office Products')",0.33,0.3294,50,49,0.0958,0.4986,0.5944,50,50,0.92
bitmap_prefilter,"main_cat IN ('Home Audio & Theater', 'Camera &amp; Photo', 'Office Products')",0.33,0.3294,50,0,0.0723,18.2704,18.3426,63817,50,1.0
bitmap_prefilter,"main_cat IN ('Home Audio & Theater', 'Camera &amp; Photo', 'Office Products')",0.33,0.3294,50,1,0.083,18.1849,18.2679,63817,50,1.0
bitmap_prefilter,"main_cat IN ('Home Audio & Theater', 'Camera &amp; Photo', 'Office Products')",0.33,0.3294,50,2,0.0696,18.1212,18.1908,63817,50,1.0
bitmap_prefilter,"main_cat IN ('Home Audio & Theater', 'Camera &amp; Photo', 'Office Products')",0.33,0.3294,50,3,0.0751,18.4538,18.5289,63817,50,1.0
bitmap_prefilter,"main_cat IN ('Home Audio & Theater', 'Camera &amp; Photo', 'Office Products')",0.33,0.3294,50,4,0.0685,18.1001,18.1686,63817,50,1.0
bitmap_prefilter,"main_cat IN ('Home Audio & Theater', 'Camera &amp; Photo', 'Office Products')",0.33,0.3294,50,5,0.0682,18.166,18.2342,63817,50,1.0
bitmap_prefilter,"main_cat IN ('Home Audio & Theater', 'Camera &amp; Photo', 'Office Products')",0.33,0.3294,50,6,0.0725,18.1515,18.2239,63817,50,1.0
bitmap_prefilter,"main_cat IN ('Home Audio & Theater', 'Camera &amp; Photo', 'Office Products')",0.33,0.3294,50,7,0.0728,18.1071,18.1799,63817,50,1.0
bitmap_prefilter,"main_cat IN ('Home Audio & Theater', 'Camera &amp; Photo', 'Office Products')",0.33,0.3294,50,8,0.0697,18.1238,18.1935,63817,50,0.96
bitmap_prefilter,"main_cat IN ('Home Audio & Theater', 'Camera &amp; Photo', 'Office Products')",0.33,0.3294,50,9,0.0677,18.1133,18.181,63817,50,1.0
bitmap_prefilter,"main_cat IN ('Home Audio & Theater', 'Camera &amp; Photo', 'Office Products')",0.33,0.3294,50,10,0.0704,18.1683,18.2387,63817,50,1.0
bitmap_prefilter,"main_cat IN ('Home Audio & Theater', 'Camera &amp; Photo', 'Office Products')",0.33,0.3294,50,11,0.0689,18.1515,18.2204,63817,50,1.0
bitmap_prefilter,"main_cat IN ('Home Audio & Theater', 'Camera &amp; Photo', 'Office Products')",0.33,0.3294,50,12,0.0726,18.1575,18.2301,63817,50,1.0
bitmap_prefilter,"main_cat IN ('Home Audio & Theater', 'Camera &amp; Photo', 'Office Products')",0.33,0.3294,50,13,0.0695,18.0154,18.0849,63817,50,1.0
bitmap_prefilter,"main_cat IN ('Home Audio & Theater', 'Camera &amp; Photo', 'Office Products')",0.33,0.3294,50,14,0.0685,18.621,18.6896,63817,50,1.0
bitmap_prefilter,"main_cat IN ('Home Audio & Theater', 'Camera &amp; Photo', 'Office Products')",0.33,0.3294,50,15,0.066,18.4008,18.4668,63817,50,1.0
bitmap_prefilter,"main_cat IN ('Home Audio & Theater', 'Camera &amp; Photo', 'Office Products')",0.33,0.3294,50,16,0.0672,18.1355,18.2027,63817,50,1.0
bitmap_prefilter,"main_cat IN ('Home Audio & Theater', 'Camera &amp; Photo', 'Office Products')",0.33,0.3294,50,17,0.0679,18.0321,18.1,63817,50,1.0
bitmap_prefilter,"main_cat IN ('Home Audio & Theater', 'Camera &amp; Photo', 'Office Products')",0.33,0.3294,50,18,0.0662,19.56,19.6263,63817,50,0.98
bitmap_prefilter,"main_cat IN ('Home Audio & Theater', 'Camera &amp; Photo', 'Office Products')",0.33,0.3294,50,19,0.0716,19.0621,19.1337,63817,50,1.0
bitmap_prefilter,"main_cat IN ('Home Audio & Theater', 'Camera &amp; Photo', 'Office Products')",0.33,0.3294,50,20,0.0696,18.0593,18.1289,63817,50,1.0
bitmap_prefilter,"main_cat IN ('Home Audio & Theater', 'Camera &amp; Photo', 'Office Products')",0.33,0.3294,50,21,0.0672,18.2677,18.335,63817,50,1.0
bitmap_prefilter,"main_cat IN ('Home Audio & Theater', 'Camera &amp; Photo', 'Office Products')",0.33,0.3294,50,22,0.0671,18.1224,18.1895,63817,50,1.0
bitmap_prefilter,"main_cat IN ('Home Audio & Theater', 'Camera &amp; Photo', 'Office Products')",0.33,0.3294,50,23,0.0695,18.2632,18.3327,63817,50,0.98
bitmap_prefilter,"main_cat IN ('Home Audio & Theater', 'Camera &amp; Photo', 'Office Products')",0.33,0.3294,50,24,0.0701,18.0507,18.1207,63817,50,1.0
bitmap_prefilter,"main_cat IN ('Home Audio & Theater', 'Camera &amp; Photo', 'Office Products')",0.33,0.3294,50,25,0.0733,18.2796,18.3529,63817,50,1.0
bitmap_prefilter,"main_cat IN ('Home Audio & Theater', 'Camera &amp; Photo', 'Office Products')",0.33,0.3294,50,26,0.0672,18.1371,18.2042,63817,50,1.0
bitmap_prefilter,"main_cat IN ('Home Audio & Theater', 'Camera &amp; Photo', 'Office Products')",0.33,0.3294,50,27,0.066,18.144,18.21,63817,50,1.0
bitmap_prefilter,"main_cat IN ('Home Audio & Theater', 'Camera &amp; Photo', 'Office Products')",0.33,0.3294,50,28,0.0665,18.0459,18.1123,63817,50,1.0
bitmap_prefilter,"main_cat IN ('Home Audio & Theater', 'Camera &amp; Photo', 'Office Products')",0.33,0.3294,50,29,0.0659,18.1624,18.2283,63817,50,1.0
bitmap_prefilter,"main_cat IN ('Home Audio & Theater', 'Camera &amp; Photo', 'Office Products')",0.33,0.3294,50,30,0.0682,18.1475,18.2157,63817,50,0.82
bitmap_prefilter,"main_cat IN ('Home Audio & Theater', 'Camera &amp; Photo', 'Office Products')",0.33,0.3294,50,31,0.066,18.1053,18.1713,63817,50,1.0
bitmap_prefilter,"main_cat IN ('Home Audio & Theater', 'Camera &amp; Photo', 'Office Products')",0.33,0.3294,50,32,0.0695,18.2447,18.3141,63817,50,1.0
bitmap_prefilter,"main_cat IN ('Home Audio & Theater', 'Camera &amp; Photo', 'Office Products')",0.33,0.3294,50,33,0.0667,18.1332,18.1999,63817,50,1.0
bitmap_prefilter,"main_cat IN ('Home Audio & Theater', 'Camera &amp; Photo', 'Office Products')",0.33,0.3294,50,34,0.0654,18.2168,18.2822,63817,50,1.0
bitmap_prefilter,"main_cat IN ('Home Audio & Theater', 'Camera &amp; Photo', 'Office Products')",0.33,0.3294,50,35,0.0664,18.0931,18.1595,63817,50,1.0
bitmap_prefilter,"main_cat IN ('Home Audio & Theater', 'Camera &amp; Photo', 'Office Products')",0.33,0.3294,50,36,0.0652,18.1659,18.2312,63817,50,1.0
bitmap_prefilter,"main_cat IN ('Home Audio & Theater', 'Camera &amp; Photo', 'Office Products')",0.33,0.3294,50,37,0.0656,18.0404,18.106,63817,50,1.0
bitmap_prefilter,"main_cat IN ('Home Audio & Theater', 'Camera &amp; Photo', 'Office Products')",0.33,0.3294,50,38,0.0693,18.1371,18.2064,63817,50,1.0
bitmap_prefilter,"main_cat IN ('Home Audio & Theater', 'Camera &amp; Photo', 'Office Products')",0.33,0.3294,50,39,0.0655,18.0917,18.1572,63817,50,1.0
bitmap_prefilter,"main_cat IN ('Home Audio & Theater', 'Camera &amp; Photo', 'Office Products')",0.33,0.3294,50,40,0.0658,18.1306,18.1965,63817,50,1.0
bitmap_prefilter,"main_cat IN ('Home Audio & Theater', 'Camera &amp; Photo', 'Office Products')",0.33,0.3294,50,41,0.066,18.1158,18.1817,63817,50,1.0
bitmap_prefilter,"main_cat IN ('Home Audio & Theater', 'Camera &amp; Photo', 'Office Products')",0.33,0.3294,50,42,0.0655,18.0793,18.1448,63817,50,1.0
bitmap_prefilter,"main_cat IN ('Home Audio & Theater', 'Camera &amp; Photo', 'Office Products')",0.33,0.3294,50,43,0.0662,18.2485,18.3148,63817,50,0.8
bitmap_prefilter,"main_cat IN ('Home Audio & Theater', 'Camera &amp; Photo', 'Office Products')",0.33,0.3294,50,44,0.0675,18.232,18.2995,63817,50,1.0
bitmap_prefilter,"main_cat IN ('Home Audio & Theater', 'Camera &amp; Photo', 'Office Products')",0.33,0.3294,50,45,0.0658,18.1821,18.2479,63817,50,1.0
bitmap_prefilter,"main_cat IN ('Home Audio & Theater', 'Camera &amp; Photo', 'Office Products')",0.33,0.3294,50,46,0.0662,18.0826,18.1488,63817,50,1.0
bitmap_prefilter,"main_cat IN ('Home Audio & Theater', 'Camera &amp; Photo', 'Office Products')",0.33,0.3294,50,47,0.0656,18.1648,18.2304,63817,50,0.38
bitmap_prefilter,"main_cat IN ('Home Audio & Theater', 'Camera &amp; Photo', 'Office Products')",0.33,0.3294,50,48,0.0646,18.0568,18.1215,63817,50,1.0
bitmap_prefilter,"main_cat IN ('Home Audio & Theater', 'Camera &amp; Photo', 'Office Products')",0.33,0.3294,50,49,0.0647,18.1273,18.192,63817,50,1.0
brute_force,"main_cat IN ('All Electronics', 'Home Audio &amp; Theater')",0.35,0.351,10,0,0.0241,24.6608,24.6848,10,10,1.0
brute_force,"main_cat IN ('All Electronics', 'Home Audio &amp; Theater')",0.35,0.351,10,1,0.0293,24.7256,24.7549,10,10,1.0
brute_force,"main_cat IN ('All Electronics', 'Home Audio &amp; Theater')",0.35,0.351,10,2,0.0409,24.7936,24.8345,10,10,1.0
brute_force,"main_cat IN ('All Electronics', 'Home Audio &amp; Theater')",0.35,0.351,10,3,0.0515,24.8302,24.8817,10,10,1.0
brute_force,"main_cat IN ('All Electronics', 'Home Audio &amp; Theater')",0.35,0.351,10,4,0.0305,24.8589,24.8894,10,10,1.0
brute_force,"main_cat IN ('All Electronics', 'Home Audio &amp; Theater')",0.35,0.351,10,5,0.0212,24.7904,24.8116,10,10,1.0
brute_force,"main_cat IN ('All Electronics', 'Home Audio &amp; Theater')",0.35,0.351,10,6,0.0272,25.2015,25.2287,10,10,1.0
brute_force,"main_cat IN ('All Electronics', 'Home Audio &amp; Theater')",0.35,0.351,10,7,0.0314,24.874,24.9054,10,10,1.0
brute_force,"main_cat IN ('All Electronics', 'Home Audio &amp; Theater')",0.35,0.351,10,8,0.0413,24.8362,24.8775,10,10,1.0
brute_force,"main_cat IN ('All Electronics', 'Home Audio &amp; Theater')",0.35,0.351,10,9,0.017,24.7405,24.7576,10,10,1.0
brute_force,"main_cat IN ('All Electronics', 'Home Audio &amp; Theater')",0.35,0.351,10,10,0.0256,24.5384,24.564,10,10,1.0
brute_force,"main_cat IN ('All Electronics', 'Home Audio &amp; Theater')",0.35,0.351,10,11,0.0304,24.6392,24.6696,10,10,1.0
brute_force,"main_cat IN ('All Electronics', 'Home Audio &amp; Theater')",0.35,0.351,10,12,0.04,25.2127,25.2527,10,10,1.0
brute_force,"main_cat IN ('All Electronics', 'Home Audio &amp; Theater')",0.35,0.351,10,13,0.0305,24.978,25.0085,10,10,1.0
brute_force,"main_cat IN ('All Electronics', 'Home Audio &amp; Theater')",0.35,0.351,10,14,0.0641,24.8942,24.9583,10,10,1.0
brute_force,"main_cat IN ('All Electronics', 'Home Audio &amp; Theater')",0.35,0.351,10,15,0.2151,24.8635,25.0786,10,10,1.0
brute_force,"main_cat IN ('All Electronics', 'Home Audio &amp; Theater')",0.35,0.351,10,16,0.0225,24.9311,24.9536,10,10,1.0
brute_force,"main_cat IN ('All Electronics', 'Home Audio &amp; Theater')",0.35,0.351,10,17,0.066,25.0249,25.0909,10,10,1.0
brute_force,"main_cat IN ('All Electronics', 'Home Audio &amp; Theater')",0.35,0.351,10,18,0.0315,24.7908,24.8223,10,10,1.0
brute_force,"main_cat IN ('All Electronics', 'Home Audio &amp; Theater')",0.35,0.351,10,19,0.0331,24.9038,24.9369,10,10,1.0
brute_force,"main_cat IN ('All Electronics', 'Home Audio &amp; Theater')",0.35,0.351,10,20,0.024,24.9528,24.9767,10,10,1.0
brute_force,"main_cat IN ('All Electronics', 'Home Audio &amp; Theater')",0.35,0.351,10,21,0.0725,24.8514,24.924,10,10,1.0
brute_force,"main_cat IN ('All Electronics', 'Home Audio &amp; Theater')",0.35,0.351,10,22,0.1092,24.8063,24.9155,10,10,1.0
brute_force,"main_cat IN ('All Electronics', 'Home Audio &amp; Theater')",0.35,0.351,10,23,0.0292,24.8789,24.9081,10,10,1.0
brute_force,"main_cat IN ('All Electronics', 'Home Audio &amp; Theater')",0.35,0.351,10,24,0.0291,24.8262,24.8554,10,10,1.0
brute_force,"main_cat IN ('All Electronics', 'Home Audio &amp; Theater')",0.35,0.351,10,25,0.0367,25.1111,25.1478,10,10,1.0
brute_force,"main_cat IN ('All Electronics', 'Home Audio &amp; Theater')",0.35,0.351,10,26,0.0347,24.8515,24.8862,10,10,1.0
brute_force,"main_cat IN ('All Electronics', 'Home Audio &amp; Theater')",0.35,0.351,10,27,0.0168,24.7955,24.8123,10,10,1.0
brute_force,"main_cat IN ('All Electronics', 'Home Audio &amp; Theater')",0.35,0.351,10,28,0.0406,24.8745,24.9151,10,10,1.0
brute_force,"main_cat IN ('All Electronics', 'Home Audio &amp; Theater')",0.35,0.351,10,29,0.0424,24.9079,24.9503,10,10,1.0
brute_force,"main_cat IN ('All Electronics', 'Home Audio &amp; Theater')",0.35,0.351,10,30,0.041,24.9056,24.9466,10,10,1.0
brute_force,"main_cat IN ('All Electronics', 'Home Audio &amp; Theater')",0.35,0.351,10,31,0.0332,25.8451,25.8783,10,10,1.0
brute_force,"main_cat IN ('All Electronics', 'Home Audio &amp; Theater')",0.35,0.351,10,32,0.0521,25.1108,25.1629,10,10,1.0
brute_force,"main_cat IN ('All Electronics', 'Home Audio &amp; Theater')",0.35,0.351,10,33,0.1843,25.0618,25.2462,10,10,1.0
brute_force,"main_cat IN ('All Electronics', 'Home Audio &amp; Theater')",0.35,0.351,10,34,0.0283,24.7124,24.7408,10,10,1.0
brute_force,"main_cat IN ('All Electronics', 'Home Audio &amp; Theater')",0.35,0.351,10,35,0.0216,24.7898,24.8114,10,10,1.0
brute_force,"main_cat IN ('All Electronics', 'Home Audio &amp; Theater')",0.35,0.351,10,36,0.0672,24.7907,24.8579,10,10,1.0
brute_force,"main_cat IN ('All Electronics', 'Home Audio &amp; Theater')",0.35,0.351,10,37,0.0195,24.8487,24.8682,10,10,1.0
brute_force,"main_cat IN ('All Electronics', 'Home Audio &amp; Theater')",0.35,0.351,10,38,0.023,24.7728,24.7957,10,10,1.0
brute_force,"main_cat IN ('All Electronics', 'Home Audio &amp; Theater')",0.35,0.351,10,39,0.0276,24.8361,24.8637,10,10,1.0
brute_force,"main_cat IN ('All Electronics', 'Home Audio &amp; Theater')",0.35,0.351,10,40,0.0379,24.7799,24.8178,10,10,1.0
brute_force,"main_cat IN ('All Electronics', 'Home Audio &amp; Theater')",0.35,0.351,10,41,0.0282,24.9615,24.9896,10,10,1.0
brute_force,"main_cat IN ('All Electronics', 'Home Audio &amp; Theater')",0.35,0.351,10,42,0.0368,24.7191,24.7559,10,10,1.0
brute_force,"main_cat IN ('All Electronics', 'Home Audio &amp; Theater')",0.35,0.351,10,43,0.0361,24.9682,25.0044,10,10,1.0
brute_force,"main_cat IN ('All Electronics', 'Home Audio &amp; Theater')",0.35,0.351,10,44,0.0668,24.816,24.8828,10,10,1.0
brute_force,"main_cat IN ('All Electronics', 'Home Audio &amp; Theater')",0.35,0.351,10,45,0.032,24.9672,24.9992,10,10,1.0
brute_force,"main_cat IN ('All Electronics', 'Home Audio &amp; Theater')",0.35,0.351,10,46,0.0232,24.8667,24.8898,10,10,1.0
brute_force,"main_cat IN ('All Electronics', 'Home Audio &amp; Theater')",0.35,0.351,10,47,0.0262,24.8831,24.9093,10,10,1.0
brute_force,"main_cat IN ('All Electronics', 'Home Audio &amp; Theater')",0.35,0.351,10,48,0.0473,24.6125,24.6598,10,10,1.0
brute_force,"main_cat IN ('All Electronics', 'Home Audio &amp; Theater')",0.35,0.351,10,49,0.0358,24.7704,24.8062,10,10,1.0
naive_prefilter,"main_cat IN ('All Electronics', 'Home Audio &amp; Theater')",0.35,0.351,10,0,18.948,20.1858,39.1338,68004,10,1.0
naive_prefilter,"main_cat IN ('All Electronics', 'Home Audio &amp; Theater')",0.35,0.351,10,1,18.4681,20.2359,38.704,68004,10,1.0
naive_prefilter,"main_cat IN ('All Electronics', 'Home Audio &amp; Theater')",0.35,0.351,10,2,18.7319,19.9897,38.7216,68004,10,1.0
naive_prefilter,"main_cat IN ('All Electronics', 'Home Audio &amp; Theater')",0.35,0.351,10,3,18.8023,20.0121,38.8144,68004,10,1.0
naive_prefilter,"main_cat IN ('All Electronics', 'Home Audio &amp; Theater')",0.35,0.351,10,4,18.6687,20.1055,38.7742,68004,10,1.0
naive_prefilter,"main_cat IN ('All Electronics', 'Home Audio &amp; Theater')",0.35,0.351,10,5,18.6901,19.9796,38.6697,68004,10,1.0
naive_prefilter,"main_cat IN ('All Electronics', 'Home Audio &amp; Theater')",0.35,0.351,10,6,18.4542,20.1454,38.5996,68004,10,1.0
naive_prefilter,"main_cat IN ('All Electronics', 'Home Audio &amp; Theater')",0.35,0.351,10,7,18.6351,20.1026,38.7377,68004,10,1.0
naive_prefilter,"main_cat IN ('All Electronics', 'Home Audio &amp; Theater')",0.35,0.351,10,8,18.3008,20.1407,38.4415,68004,10,1.0
naive_prefilter,"main_cat IN ('All Electronics', 'Home Audio &amp; Theater')",0.35,0.351,10,9,18.2183,20.0207,38.239,68004,10,1.0
naive_prefilter,"main_cat IN ('All Electronics', 'Home Audio &amp; Theater')",0.35,0.351,10,10,18.501,19.9492,38.4502,68004,10,1.0
naive_prefilter,"main_cat IN ('All Electronics', 'Home Audio &amp; Theater')",0.35,0.351,10,11,18.4489,20.0986,38.5475,68004,10,1.0
naive_prefilter,"main_cat IN ('All Electronics', 'Home Audio &amp; Theater')",0.35,0.351,10,12,18.589,20.2056,38.7945,68004,10,1.0
naive_prefilter,"main_cat IN ('All Electronics', 'Home Audio &amp; Theater')",0.35,0.351,10,13,18.6423,20.2127,38.855,68004,10,1.0
naive_prefilter,"main_cat IN ('All Electronics', 'Home Audio &amp; Theater')",0.35,0.351,10,14,18.4057,20.097,38.5026,68004,10,1.0
naive_prefilter,"main_cat IN ('All Electronics', 'Home Audio &amp; Theater')",0.35,0.351,10,15,18.6044,20.0427,38.6471,68004,10,1.0
naive_prefilter,"main_cat IN ('All Electronics', 'Home Audio &amp; Theater')",0.35,0.351,10,16,18.5359,20.3948,38.9307,68004,10,1.0
naive_prefilter,"main_cat IN ('All Electronics', 'Home Audio &amp; Theater')",0.35,0.351,10,17,18.4164,20.19,38.6063,68004,10,1.0
naive_prefilter,"main_cat IN ('All Electronics', 'Home Audio &amp; Theater')",0.35,0.351,10,18,18.5068,20.2844,38.7912,68004,10,1.0
naive_prefilter,"main_cat IN ('All Electronics', 'Home Audio &amp; Theater')",0.35,0.351,10,19,18.59,20.1707,38.7608,68004,10,1.0
naive_prefilter,"main_cat IN ('All Electronics', 'Home Audio &amp; Theater')",0.35,0.351,10,20,18.4397,20.0923,38.532,68004,10,1.0
naive_prefilter,"main_cat IN ('All Electronics', 'Home Audio &amp; Theater')",0.35,0.351,10,21,19.1125,20.1794,39.2919,68004,10,1.0
naive_prefilter,"main_cat IN ('All Electronics', 'Home Audio &amp; Theater')",0.35,0.351,10,22,18.948,20.1698,39.1179,68004,10,1.0
naive_prefilter,"main_cat IN ('All Electronics', 'Home Audio &amp; Theater')",0.35,0.351,10,23,18.8152,20.0408,38.856,68004,10,1.0
naive_prefilter,"main_cat IN ('All Electronics', 'Home Audio &amp; Theater')",0.35,0.351,10,24,18.5743,20.1048,38.6791,68004,10,1.0
naive_prefilter,"main_cat IN ('All Electronics', 'Home Audio &amp; Theater')",0.35,0.351,10,25,18.7919,20.2547,39.0465,68004,10,1.0
naive_prefilter,"main_cat IN ('All Electronics', 'Home Audio &amp; Theater')",0.35,0.351,10,26,18.3759,20.2629,38.6388,68004,10,1.0
naive_prefilter,"main_cat IN ('All Electronics', 'Home Audio &amp; Theater')",0.35,0.351,10,27,18.771,20.0779,38.849,68004,10,1.0
naive_prefilter,"main_cat IN ('All Electronics', 'Home Audio &amp; Theater')",0.35,0.351,10,28,18.5687,20.3545,38.9232,68004,10,1.0
naive_prefilter,"main_cat IN ('All Electronics', 'Home Audio &amp; Theater')",0.35,0.351,10,29,18.4267,20.224,38.6507,68004,10,1.0
naive_prefilter,"main_cat IN ('All Electronics', 'Home Audio &amp; Theater')",0.35,0.351,10,30,18.9066,20.1795,39.086,68004,10,1.0
naive_prefilter,"main_cat IN ('All Electronics', 'Home Audio &amp; Theater')",0.35,0.351,10,31,18.5376,20.0545,38.5921,68004,10,1.0
naive_prefilter,"main_cat IN ('All Electronics', 'Home Audio &amp; Theater')",0.35,0.351,10,32,18.9646,20.2475,39.212,68004,10,1.0
naive_prefilter,"main_cat IN ('All Electronics', 'Home Audio &amp; Theater')",0.35,0.351,10,33,18.6038,20.095,38.6988,68004,10,1.0
naive_prefilter,"main_cat IN ('All Electronics', 'Home Audio &amp; Theater')",0.35,0.351,10,34,18.6769,20.0828,38.7597,68004,10,1.0
naive_prefilter,"main_cat IN ('All Electronics', 'Home Audio &amp; Theater')",0.35,0.351,10,35,18.6159,20.2735,38.8894,68004,10,1.0
naive_prefilter,"main_cat IN ('All Electronics', 'Home Audio &amp; Theater')",0.35,0.351,10,36,18.7483,20.4687,39.217,68004,10,1.0
naive_prefilter,"main_cat IN ('All Electronics', 'Home Audio &amp; Theater')",0.35,0.351,10,37,18.6638,20.1118,38.7757,68004,10,1.0
naive_prefilter,"main_cat IN ('All Electronics', 'Home Audio &amp; Theater')",0.35,0.351,10,38,18.7494,20.1208,38.8702,68004,10,1.0
naive_prefilter,"main_cat IN ('All Electronics', 'Home Audio &amp; Theater')",0.35,0.351,10,39,18.6793,20.0968,38.7762,68004,10,1.0
naive_prefilter,"main_cat IN ('All Electronics', 'Home Audio &amp; Theater')",0.35,0.351,10,40,18.4847,20.1796,38.6643,68004,10,1.0
naive_prefilter,"main_cat IN ('All Electronics', 'Home Audio &amp; Theater')",0.35,0.351,10,41,18.5019,20.112,38.6138,68004,10,1.0
naive_prefilter,"main_cat IN ('All Electronics', 'Home Audio &amp; Theater')",0.35,0.351,10,42,18.7436,20.3671,39.1107,68004,10,1.0
naive_prefilter,"main_cat IN ('All Electronics', 'Home Audio &amp; Theater')",0.35,0.351,10,43,18.7421,20.3393,39.0814,68004,10,1.0
naive_prefilter,"main_cat IN ('All Electronics', 'Home Audio &amp; Theater')",0.35,0.351,10,44,18.7416,20.0513,38.7929,68004,10,1.0
naive_prefilter,"main_cat IN ('All Electronics', 'Home Audio &amp; Theater')",0.35,0.351,10,45,18.5633,20.0849,38.6482,68004,10,1.0
naive_prefilter,"main_cat IN ('All Electronics', 'Home Audio &amp; Theater')",0.35,0.351,10,46,18.4618,20.3042,38.7661,68004,10,1.0
naive_prefilter,"main_cat IN ('All Electronics', 'Home Audio &amp; Theater')",0.35,0.351,10,47,18.6267,20.1985,38.8252,68004,10,0.0
naive_prefilter,"main_cat IN ('All Electronics', 'Home Audio &amp; Theater')",0.35,0.351,10,48,18.7713,20.0681,38.8394,68004,10,1.0
naive_prefilter,"main_cat IN ('All Electronics', 'Home Audio &amp; Theater')",0.35,0.351,10,49,18.9323,20.0902,39.0225,68004,10,1.0
post_filter,"main_cat IN ('All Electronics', 'Home Audio &amp; Theater')",0.35,0.351,10,0,0.0069,0.3597,0.3665,10,10,1.0
post_filter,"main_cat IN ('All Electronics', 'Home Audio &amp; Theater')",0.35,0.351,10,1,0.0204,0.8173,0.8378,10,10,1.0
post_filter,"main_cat IN ('All Electronics', 'Home Audio &amp; Theater')",0.35,0.351,10,2,0.0194,0.6584,0.6777,10,10,1.0
post_filter,"main_cat IN ('All Electronics', 'Home Audio &amp; Theater')",0.35,0.351,10,3,0.042,0.6832,0.7252,10,10,1.0
post_filter,"main_cat IN ('All Electronics', 'Home Audio &amp; Theater')",0.35,0.351,10,4,0.0182,0.7662,0.7844,10,10,1.0
post_filter,"main_cat IN ('All Electronics', 'Home Audio &amp; Theater')",0.35,0.351,10,5,0.0141,0.6347,0.6488,10,10,1.0
post_filter,"main_cat IN ('All Electronics', 'Home Audio &amp; Theater')",0.35,0.351,10,6,0.0252,0.8726,0.8978,10,10,1.0
post_filter,"main_cat IN ('All Electronics', 'Home Audio &amp; Theater')",0.35,0.351,10,7,0.0245,0.6198,0.6443,10,10,1.0
post_filter,"main_cat IN ('All Electronics', 'Home Audio &amp; Theater')",0.35,0.351,10,8,0.0265,0.8979,0.9243,10,10,1.0
post_filter,"main_cat IN ('All Electronics', 'Home Audio &amp; Theater')",0.35,0.351,10,9,0.0139,0.9146,0.9285,10,10,1.0
post_filter,"main_cat IN ('All Electronics', 'Home Audio &amp; Theater')",0.35,0.351,10,10,0.0174,0.8357,0.8531,10,10,1.0
post_filter,"main_cat IN ('All Electronics', 'Home Audio &amp; Theater')",0.35,0.351,10,11,0.0352,1.133,1.1682,10,10,1.0
post_filter,"main_cat IN ('All Electronics', 'Home Audio &amp; Theater')",0.35,0.351,10,12,0.0247,0.8248,0.8495,10,10,1.0
post_filter,"main_cat IN ('All Electronics', 'Home Audio &amp; Theater')",0.35,0.351,10,13,0.0238,0.8024,0.8262,10,10,1.0
post_filter,"main_cat IN ('All Electronics', 'Home Audio &amp; Theater')",0.35,0.351,10,14,0.052,0.5336,0.5856,10,10,1.0
post_filter,"main_cat IN ('All Electronics', 'Home Audio &amp; Theater')",0.35,0.351,10,15,0.1852,0.4471,0.6324,10,10,1.0
post_filter,"main_cat IN ('All Electronics', 'Home Audio &amp; Theater')",0.35,0.351,10,16,0.0152,0.8533,0.8685,10,10,1.0
post_filter,"main_cat IN ('All Electronics', 'Home Audio &amp; Theater')",0.35,0.351,10,17,0.0566,0.63,0.6866,10,10,1.0
post_filter,"main_cat IN ('All Electronics', 'Home Audio &amp; Theater')",0.35,0.351,10,18,0.025,0.7429,0.7679,10,10,1.0
post_filter,"main_cat IN ('All Electronics', 'Home Audio &amp; Theater')",0.35,0.351,10,19,0.0225,0.7792,0.8017,10,10,1.0
post_filter,"main_cat IN ('All Electronics', 'Home Audio &amp; Theater')",0.35,0.351,10,20,0.0164,0.564,0.5804,10,10,1.0
post_filter,"main_cat IN ('All Electronics', 'Home Audio &amp; Theater')",0.35,0.351,10,21,0.054,0.5943,0.6482,10,10,1.0
post_filter,"main_cat IN ('All Electronics', 'Home Audio &amp; Theater')",0.35,0.351,10,22,0.0975,0.6502,0.7477,10,10,0.7
post_filter,"main_cat IN ('All Electronics', 'Home Audio &amp; Theater')",0.35,0.351,10,23,0.0191,0.6132,0.6323,10,10,1.0
post_filter,"main_cat IN ('All Electronics', 'Home Audio &amp; Theater')",0.35,0.351,10,24,0.0212,0.8519,0.8731,10,10,1.0
post_filter,"main_cat IN ('All Electronics', 'Home Audio &amp; Theater')",0.35,0.351,10,25,0.0229,0.2567,0.2796,10,10,0.9
post_filter,"main_cat IN ('All Electronics', 'Home Audio &amp; Theater')",0.35,0.351,10,26,0.0241,0.7917,0.8158,10,10,1.0
post_filter,"main_cat IN ('All Electronics', 'Home Audio &amp; Theater')",0.35,0.351,10,27,0.0128,0.723,0.7358,10,10,1.0
post_filter,"main_cat IN ('All Electronics', 'Home Audio &amp; Theater')",0.35,0.351,10,28,0.0324,0.808,0.8404,10,10,0.9
post_filter,"main_cat IN ('All Electronics', 'Home Audio &amp; Theater')",0.35,0.351,10,29,0.0326,0.5173,0.5499,10,10,1.0
post_filter,"main_cat IN ('All Electronics', 'Home Audio &amp; Theater')",0.35,0.351,10,30,0.035,0.4059,0.4408,10,10,0.0
post_filter,"main_cat IN ('All Electronics', 'Home Audio &amp; Theater')",0.35,0.351,10,31,0.0284,0.7816,0.81,10,10,1.0
post_filter,"main_cat IN ('All Electronics', 'Home Audio &amp; Theater')",0.35,0.351,10,32,0.0484,0.6415,0.6899,10,10,1.0
post_filter,"main_cat IN ('All Electronics', 'Home Audio &amp; Theater')",0.35,0.351,10,33,0.2146,0.483,0.6975,10,10,0.6
post_filter,"main_cat IN ('All Electronics', 'Home Audio &amp; Theater')",0.35,0.351,10,34,0.0228,0.786,0.8088,10,10,1.0
post_filter,"main_cat IN ('All Electronics', 'Home Audio &amp; Theater')",0.35,0.351,10,35,0.0155,0.827,0.8426,10,10,1.0
post_filter,"main_cat IN ('All Electronics', 'Home Audio &amp; Theater')",0.35,0.351,10,36,0.0598,0.655,0.7148,10,10,0.9
post_filter,"main_cat IN ('All Electronics', 'Home Audio &amp; Theater')",0.35,0.351,10,37,0.0145,0.5995,0.614,10,10,1.0
post_filter,"main_cat IN ('All Electronics', 'Home Audio &amp; Theater')",0.35,0.351,10,38,0.0167,0.9242,0.9409,10,10,1.0
post_filter,"main_cat IN ('All Electronics', 'Home Audio &amp; Theater')",0.35,0.351,10,39,0.0204,0.457,0.4774,10,10,1.0
post_filter,"main_cat IN ('All Electronics', 'Home Audio &amp; Theater')",0.35,0.351,10,40,0.0242,0.9215,0.9458,10,10,1.0
post_filter,"main_cat IN ('All Electronics', 'Home Audio &amp; Theater')",0.35,0.351,10,41,0.0218,0.5148,0.5365,10,10,1.0
post_filter,"main_cat IN ('All Electronics', 'Home Audio &amp; Theater')",0.35,0.351,10,42,0.0249,0.7638,0.7887,10,10,1.0
post_filter,"main_cat IN ('All Electronics', 'Home Audio &amp; Theater')",0.35,0.351,10,43,0.0251,0.3986,0.4237,10,10,0.6
post_filter,"main_cat IN ('All Electronics', 'Home Audio &amp; Theater')",0.35,0.351,10,44,0.0558,0.5812,0.637,10,10,1.0
post_filter,"main_cat IN ('All Electronics', 'Home Audio &amp; Theater')",0.35,0.351,10,45,0.0224,0.8168,0.8391,10,10,1.0
post_filter,"main_cat IN ('All Electronics', 'Home Audio &amp; Theater')",0.35,0.351,10,46,0.015,0.6962,0.7112,10,10,1.0
post_filter,"main_cat IN ('All Electronics', 'Home Audio &amp; Theater')",0.35,0.351,10,47,0.0265,0.2361,0.2626,10,10,0.2
post_filter,"main_cat IN ('All Electronics', 'Home Audio &amp; Theater')",0.35,0.351,10,48,0.0312,0.8168,0.848,10,10,1.0
post_filter,"main_cat IN ('All Electronics', 'Home Audio &amp; Theater')",0.35,0.351,10,49,0.0242,0.4031,0.4273,10,10,0.8
bitmap_prefilter,"main_cat IN ('All Electronics', 'Home Audio &amp; Theater')",0.35,0.351,10,0,0.0652,20.266,20.3312,68004,10,1.0
bitmap_prefilter,"main_cat IN ('All Electronics', 'Home Audio &amp; Theater')",0.35,0.351,10,1,0.0788,20.0896,20.1684,68004,10,1.0
bitmap_prefilter,"main_cat IN ('All Electronics', 'Home Audio &amp; Theater')",0.35,0.351,10,2,0.0901,20.7336,20.8237,68004,10,1.0
bitmap_prefilter,"main_cat IN ('All Electronics', 'Home Audio &amp; Theater')",0.35,0.351,10,3,0.0805,21.7893,21.8697,68004,10,1.0
bitmap_prefilter,"main_cat IN ('All Electronics', 'Home Audio &amp; Theater')",0.35,0.351,10,4,0.087,21.2286,21.3156,68004,10,1.0
bitmap_prefilter,"main_cat IN ('All Electronics', 'Home Audio &amp; Theater')",0.35,0.351,10,5,0.0713,21.2131,21.2845,68004,10,1.0
bitmap_prefilter,"main_cat IN ('All Electronics', 'Home Audio &amp; Theater')",0.35,0.351,10,6,0.0759,20.334,20.41,68004,10,1.0
bitmap_prefilter,"main_cat IN ('All Electronics', 'Home Audio &amp; Theater')",0.35,0.351,10,7,0.0813,50.543,50.6243,68004,10,1.0
bitmap_prefilter,"main_cat IN ('All Electronics', 'Home Audio &amp; Theater')",0.35,0.351,10,8,0.0909,23.4358,23.5267,68004,10,1.0
bitmap_prefilter,"main_cat IN ('All Electronics', 'Home Audio &amp; Theater')",0.35,0.351,10,9,0.0771,19.112,19.1892,68004,10,1.0
bitmap_prefilter,"main_cat IN ('All Electronics', 'Home Audio &amp; Theater')",0.35,0.351,10,10,0.072,19.1075,19.1795,68004,10,1.0
bitmap_prefilter,"main_cat IN ('All Electronics', 'Home Audio &amp; Theater')",0.35,0.351,10,11,0.067,19.3744,19.4413,68004,10,1.0
bitmap_prefilter,"main_cat IN ('All Electronics', 'Home Audio &amp; Theater')",0.35,0.351,10,12,0.0778,19.015,19.0928,68004,10,1.0
bitmap_prefilter,"main_cat IN ('All Electronics', 'Home Audio &amp; Theater')",0.35,0.351,10,13,0.0719,19.3454,19.4173,68004,10,1.0
bitmap_prefilter,"main_cat IN ('All Electronics', 'Home Audio &amp; Theater')",0.35,0.351,10,14,0.067,19.0733,19.1403,68004,10,1.0
bitmap_prefilter,"main_cat IN ('All Electronics', 'Home Audio &amp; Theater')",0.35,0.351,10,15,0.0657,19.0598,19.1256,68004,10,1.0
bitmap_prefilter,"main_cat IN ('All Electronics', 'Home Audio &amp; Theater')",0.35,0.351,10,16,0.0646,19.108,19.1726,68004,10,1.0
bitmap_prefilter,"main_cat IN ('All Electronics', 'Home Audio &amp; Theater')",0.35,0.351,10,17,0.0712,19.0402,19.1113,68004,10,1.0
bitmap_prefilter,"main_cat IN ('All Electronics', 'Home Audio &amp; Theater')",0.35,0.351,10,18,0.0745,19.1161,19.1906,68004,10,1.0
bitmap_prefilter,"main_cat IN ('All Electronics', 'Home Audio &amp; Theater')",0.35,0.351,10,19,0.081,19.0774,19.1584,68004,10,1.0
bitmap_prefilter,"main_cat IN ('All Electronics', 'Home Audio &amp; Theater')",0.35,0.351,10,20,0.0711,19.2894,19.3605,68004,10,1.0
bitmap_prefilter,"main_cat IN ('All Electronics', 'Home Audio &amp; Theater')",0.35,0.351,10,21,0.0705,19.0048,19.0753,68004,10,1.0
bitmap_prefilter,"main_cat IN ('All Electronics', 'Home Audio &amp; Theater')",0.35,0.351,10,22,0.0679,19.1756,19.2435,68004,10,1.0
bitmap_prefilter,"main_cat IN ('All Electronics', 'Home Audio &amp; Theater')",0.35,0.351,10,23,0.0652,19.1459,19.2111,68004,10,1.0
bitmap_prefilter,"main_cat IN ('All Electronics', 'Home Audio &amp; Theater')",0.35,0.351,10,24,0.0646,18.9338,18.9984,68004,10,1.0
bitmap_prefilter,"main_cat IN ('All Electronics', 'Home Audio &amp; Theater')",0.35,0.351,10,25,0.0639,19.0935,19.1573,68004,10,1.0
bitmap_prefilter,"main_cat IN ('All Electronics', 'Home Audio &amp; Theater')",0.35,0.351,10,26,0.0636,19.019,19.0826,68004,10,1.0
bitmap_prefilter,"main_cat IN ('All Electronics', 'Home Audio &amp; Theater')",0.35,0.351,10,27,0.0632,19.2637,19.3268,68004,10,1.0
bitmap_prefilter,"main_cat IN ('All Electronics', 'Home Audio &amp; Theater')",0.35,0.351,10,28,0.064,19.0284,19.0924,68004,10,1.0
bitmap_prefilter,"main_cat IN ('All Electronics', 'Home Audio &amp; Theater')",0.35,0.351,10,29,0.0647,19.3766,19.4413,68004,10,1.0
bitmap_prefilter,"main_cat IN ('All Electronics', 'Home Audio &amp; Theater')",0.35,0.351,10,30,0.0631,19.2866,19.3498,68004,10,1.0
bitmap_prefilter,"main_cat IN ('All Electronics', 'Home Audio &amp; Theater')",0.35,0.351,10,31,0.0666,19.1119,19.1785,68004,10,1.0
bitmap_prefilter,"main_cat IN ('All Electronics', 'Home Audio &amp; Theater')",0.35,0.351,10,32,0.0636,19.321,19.3846,68004,10,1.0
bitmap_prefilter,"main_cat IN ('All Electronics', 'Home Audio &amp; Theater')",0.35,0.351,10,33,0.0625,19.2802,19.3427,68004,10,1.0
bitmap_prefilter,"main_cat IN ('All Electronics', 'Home Audio &amp; Theater')",0.35,0.351,10,34,0.0699,19.1437,19.2136,68004,10,1.0
bitmap_prefilter,"main_cat IN ('All Electronics', 'Home Audio &amp; Theater')",0.35,0.351,10,35,0.0638,19.9359,19.9998,68004,10,1.0
bitmap_prefilter,"main_cat IN ('All Electronics', 'Home Audio &amp; Theater')",0.35,0.351,10,36,0.0686,19.007,19.0756,68004,10,1.0
bitmap_prefilter,"main_cat IN ('All Electronics', 'Home Audio &amp; Theater')",0.35,0.351,10,37,0.066,19.0876,19.1536,68004,10,1.0
bitmap_prefilter,"main_cat IN ('All Electronics', 'Home Audio &amp; Theater')",0.35,0.351,10,38,0.0645,19.2103,19.2748,68004,10,1.0
bitmap_prefilter,"main_cat IN ('All Electronics', 'Home Audio &amp; Theater')",0.35,0.351,10,39,0.063,19.2608,19.3239,68004,10,1.0
bitmap_prefilter,"main_cat IN ('All Electronics', 'Home Audio &amp; Theater')",0.35,0.351,10,40,0.0635,19.4292,19.4927,68004,10,1.0
bitmap_prefilter,"main_cat IN ('All Electronics', 'Home Audio &amp; Theater')",0.35,0.351,10,41,0.0635,19.6325,19.696,68004,10,1.0
bitmap_prefilter,"main_cat IN ('All Electronics', 'Home Audio &amp; Theater')",0.35,0.351,10,42,0.0749,19.4227,19.4975,68004,10,1.0
bitmap_prefilter,"main_cat IN ('All Electronics', 'Home Audio &amp; Theater')",0.35,0.351,10,43,0.0717,19.527,19.5986,68004,10,1.0
bitmap_prefilter,"main_cat IN ('All Electronics', 'Home Audio &amp; Theater')",0.35,0.351,10,44,0.0683,19.9217,19.9901,68004,10,1.0
bitmap_prefilter,"main_cat IN ('All Electronics', 'Home Audio &amp; Theater')",0.35,0.351,10,45,0.0692,19.5339,19.6031,68004,10,1.0
bitmap_prefilter,"main_cat IN ('All Electronics', 'Home Audio &amp; Theater')",0.35,0.351,10,46,0.067,19.5732,19.6403,68004,10,1.0
bitmap_prefilter,"main_cat IN ('All Electronics', 'Home Audio &amp; Theater')",0.35,0.351,10,47,0.0692,19.8912,19.9604,68004,10,0.0
bitmap_prefilter,"main_cat IN ('All Electronics', 'Home Audio &amp; Theater')",0.35,0.351,10,48,0.0671,19.8829,19.95,68004,10,1.0
bitmap_prefilter,"main_cat IN ('All Electronics', 'Home Audio &amp; Theater')",0.35,0.351,10,49,0.0689,20.3228,20.3917,68004,10,1.0
brute_force,"main_cat IN ('All Electronics', 'Home Audio &amp; Theater')",0.35,0.351,50,0,0.0971,24.7663,24.8635,50,50,1.0
brute_force,"main_cat IN ('All Electronics', 'Home Audio &amp; Theater')",0.35,0.351,50,1,0.1162,25.0633,25.1795,50,50,1.0
brute_force,"main_cat IN ('All Electronics', 'Home Audio &amp; Theater')",0.35,0.351,50,2,0.0999,25.3017,25.4016,50,50,1.0
brute_force,"main_cat IN ('All Electronics', 'Home Audio &amp; Theater')",0.35,0.351,50,3,0.1736,25.1216,25.2952,50,50,1.0
brute_force,"main_cat IN ('All Electronics', 'Home Audio &amp; Theater')",0.35,0.351,50,4,0.1023,25.1721,25.2744,50,50,1.0
brute_force,"main_cat IN ('All Electronics', 'Home Audio &amp; Theater')",0.35,0.351,50,5,0.0679,25.2429,25.3108,50,50,1.0
brute_force,"main_cat IN ('All Electronics', 'Home Audio &amp; Theater')",0.35,0.351,50,6,0.0992,26.1958,26.295,50,50,1.0
brute_force,"main_cat IN ('All Electronics', 'Home Audio &amp; Theater')",0.35,0.351,50,7,0.1244,25.2619,25.3863,50,50,1.0
brute_force,"main_cat IN ('All Electronics', 'Home Audio &amp; Theater')",0.35,0.351,50,8,0.1376,24.9197,25.0573,50,50,1.0
brute_force,"main_cat IN ('All Electronics', 'Home Audio &amp; Theater')",0.35,0.351,50,9,0.113,25.3294,25.4424,50,50,1.0
brute_force,"main_cat IN ('All Electronics', 'Home Audio &amp; Theater')",0.35,0.351,50,10,0.1226,25.6661,25.7887,50,50,1.0
brute_force,"main_cat IN ('All Electronics', 'Home Audio &amp; Theater')",0.35,0.351,50,11,0.1145,24.9629,25.0774,50,50,1.0
brute_force,"main_cat IN ('All Electronics', 'Home Audio &amp; Theater')",0.35,0.351,50,12,0.0998,24.8723,24.9722,50,50,1.0
brute_force,"main_cat IN ('All Electronics', 'Home Audio &amp; Theater')",0.35,0.351,50,13,0.1502,24.9638,25.1141,50,50,1.0
brute_force,"main_cat IN ('All Electronics', 'Home Audio &amp; Theater')",0.35,0.351,50,14,0.1693,24.8297,24.999,50,50,1.0
brute_force,"main_cat IN ('All Electronics', 'Home Audio &amp; Theater')",0.35,0.351,50,15,0.4206,24.8338,25.2545,50,50,1.0
brute_force,"main_cat IN ('All Electronics', 'Home Audio &amp; Theater')",0.35,0.351,50,16,0.1008,24.9187,25.0195,50,50,1.0
brute_force,"main_cat IN ('All Electronics', 'Home Audio &amp; Theater')",0.35,0.351,50,17,0.2052,24.9854,25.1906,50,50,1.0
brute_force,"main_cat IN ('All Electronics', 'Home Audio &amp; Theater')",0.35,0.351,50,18,0.1004,24.8328,24.9333,50,50,1.0
brute_force,"main_cat IN ('All Electronics', 'Home Audio &amp; Theater')",0.35,0.351,50,19,0.0959,24.8445,24.9404,50,50,1.0
brute_force,"main_cat IN ('All Electronics', 'Home Audio &amp; Theater')",0.35,0.351,50,20,0.0933,24.927,25.0203,50,50,1.0
brute_force,"main_cat IN ('All Electronics', 'Home Audio &amp; Theater')",0.35,0.351,50,21,0.172,24.6467,24.8187,50,50,1.0
brute_force,"main_cat IN ('All Electronics', 'Home Audio &amp; Theater')",0.35,0.351,50,22,0.2809,24.5716,24.8525,50,50,1.0
brute_force,"main_cat IN ('All Electronics', 'Home Audio &amp; Theater')",0.35,0.351,50,23,0.1117,24.8226,24.9344,50,50,1.0
brute_force,"main_cat IN ('All Electronics', 'Home Audio &amp; Theater')",0.35,0.351,50,24,0.1026,24.5814,24.684,50,50,0.98
brute_force,"main_cat IN ('All Electronics', 'Home Audio &amp; Theater')",0.35,0.351,50,25,0.0918,24.6978,24.7896,50,50,1.0
brute_force,"main_cat IN ('All Electronics', 'Home Audio &amp; Theater')",0.35,0.351,50,26,0.1246,24.5468,24.6714,50,50,1.0
brute_force,"main_cat IN ('All Electronics', 'Home Audio &amp; Theater')",0.35,0.351,50,27,0.069,24.576,24.645,50,50,1.0
brute_force,"main_cat IN ('All Electronics', 'Home Audio &amp; Theater')",0.35,0.351,50,28,0.1316,24.5366,24.6682,50,50,1.0
brute_force,"main_cat IN ('All Electronics', 'Home Audio &amp; Theater')",0.35,0.351,50,29,0.158,24.7832,24.9412,50,50,1.0
brute_force,"main_cat IN ('All Electronics', 'Home Audio &amp; Theater')",0.35,0.351,50,30,0.132,24.7006,24.8327,50,50,1.0
brute_force,"main_cat IN ('All Electronics', 'Home Audio &amp; Theater')",0.35,0.351,50,31,0.1322,24.6533,24.7855,50,50,1.0
brute_force,"main_cat IN ('All Electronics', 'Home Audio &amp; Theater')",0.35,0.351,50,32,0.1687,24.7335,24.9021,50,50,1.0
brute_force,"main_cat IN ('All Electronics', 'Home Audio &amp; Theater')",0.35,0.351,50,33,0.3873,24.8531,25.2404,50,50,1.0
brute_force,"main_cat IN ('All Electronics', 'Home Audio &amp; Theater')",0.35,0.351,50,34,0.0917,24.5256,24.6173,50,50,1.0
brute_force,"main_cat IN ('All Electronics', 'Home Audio &amp; Theater')",0.35,0.351,50,35,0.0893,24.5032,24.5925,50,50,1.0
brute_force,"main_cat IN ('All Electronics', 'Home Audio &amp; Theater')",0.35,0.351,50,36,0.2422,24.4997,24.7419,50,50,1.0
brute_force,"main_cat IN ('All Electronics', 'Home Audio &amp; Theater')",0.35,0.351,50,37,0.077,24.6187,24.6957,50,50,1.0
brute_force,"main_cat IN ('All Electronics', 'Home Audio &amp; Theater')",0.35,0.351,50,38,0.1007,24.535,24.6357,50,50,1.0
brute_force,"main_cat IN ('All Electronics', 'Home Audio &amp; Theater')",0.35,0.351,50,39,0.1238,24.6202,24.744,50,50,1.0
brute_force,"main_cat IN ('All Electronics', 'Home Audio &amp; Theater')",0.35,0.351,50,40,0.1278,24.5065,24.6342,50,50,1.0
brute_force,"main_cat IN ('All Electronics', 'Home Audio &amp; Theater')",0.35,0.351,50,41,0.1232,25.0226,25.1459,50,50,1.0
brute_force,"main_cat IN ('All Electronics', 'Home Audio &amp; Theater')",0.35,0.351,50,42,0.1461,25.5027,25.6488,50,50,1.0
brute_force,"main_cat IN ('All Electronics', 'Home Audio &amp; Theater')",0.35,0.351,50,43,0.1325,24.7009,24.8334,50,50,1.0
brute_force,"main_cat IN ('All Electronics', 'Home Audio &amp; Theater')",0.35,0.351,50,44,0.1702,24.5254,24.6957,50,50,1.0
brute_force,"main_cat IN ('All Electronics', 'Home Audio &amp; Theater')",0.35,0.351,50,45,0.1182,24.596,24.7142,50,50,1.0
brute_force,"main_cat IN ('All Electronics', 'Home Audio &amp; Theater')",0.35,0.351,50,46,0.098,24.6537,24.7517,50,50,1.0
brute_force,"main_cat IN ('All Electronics', 'Home Audio &amp; Theater')",0.35,0.351,50,47,0.1343,24.5553,24.6896,50,50,1.0
brute_force,"main_cat IN ('All Electronics', 'Home Audio &amp; Theater')",0.35,0.351,50,48,0.1539,24.6076,24.7615,50,50,1.0
brute_force,"main_cat IN ('All Electronics', 'Home Audio &amp; Theater')",0.35,0.351,50,49,0.134,24.7351,24.8691,50,50,1.0
naive_prefilter,"main_cat IN ('All Electronics', 'Home Audio &amp; Theater')",0.35,0.351,50,0,18.9858,20.1363,39.1221,68004,50,1.0
naive_prefilter,"main_cat IN ('All Electronics', 'Home Audio &amp; Theater')",0.35,0.351,50,1,19.017,20.191,39.208,68004,50,1.0
naive_prefilter,"main_cat IN ('All Electronics', 'Home Audio &amp; Theater')",0.35,0.351,50,2,18.9365,20.3281,39.2646,68004,50,1.0
naive_prefilter,"main_cat IN ('All Electronics', 'Home Audio &amp; Theater')",0.35,0.351,50,3,18.712,22.0298,40.7418,68004,50,1.0
naive_prefilter,"main_cat IN ('All Electronics', 'Home Audio &amp; Theater')",0.35,0.351,50,4,18.9468,20.4675,39.4144,68004,50,1.0
naive_prefilter,"main_cat IN ('All Electronics', 'Home Audio &amp; Theater')",0.35,0.351,50,5,18.9113,20.0894,39.0008,68004,50,1.0
naive_prefilter,"main_cat IN ('All Electronics', 'Home Audio &amp; Theater')",0.35,0.351,50,6,18.5952,20.0298,38.625,68004,50,1.0
naive_prefilter,"main_cat IN ('All Electronics', 'Home Audio &amp; Theater')",0.35,0.351,50,7,18.5735,20.1116,38.6851,68004,50,1.0
naive_prefilter,"main_cat IN ('All Electronics', 'Home Audio &amp; Theater')",0.35,0.351,50,8,18.7893,20.2106,38.9999,68004,50,1.0
naive_prefilter,"main_cat IN ('All Electronics', 'Home Audio &amp; Theater')",0.35,0.351,50,9,18.7041,20.3759,39.08,68004,50,1.0
naive_prefilter,"main_cat IN ('All Electronics', 'Home Audio &amp; Theater')",0.35,0.351,50,10,18.6285,20.1832,38.8118,68004,50,1.0
naive_prefilter,"main_cat IN ('All Electronics', 'Home Audio &amp; Theater')",0.35,0.351,50,11,18.995,20.2158,39.2109,68004,50,1.0
naive_prefilter,"main_cat IN ('All Electronics', 'Home Audio &amp; Theater')",0.35,0.351,50,12,18.5244,20.0835,38.608,68004,50,1.0
naive_prefilter,"main_cat IN ('All Electronics', 'Home Audio &amp; Theater')",0.35,0.351,50,13,18.9486,20.197,39.1456,68004,50,1.0
naive_prefilter,"main_cat IN ('All Electronics', 'Home Audio &amp; Theater')",0.35,0.351,50,14,18.6797,20.3128,38.9925,68004,50,1.0
naive_prefilter,"main_cat IN ('All Electronics', 'Home Audio &amp; Theater')",0.35,0.351,50,15,18.5532,20.1186,38.6718,68004,50,1.0
naive_prefilter,"main_cat IN ('All Electronics', 'Home Audio &amp; Theater')",0.35,0.351,50,16,18.3967,20.1239,38.5205,68004,50,1.0
naive_prefilter,"main_cat IN ('All Electronics', 'Home Audio &amp; Theater')",0.35,0.351,50,17,18.4936,20.0504,38.544,68004,50,1.0
naive_prefilter,"main_cat IN ('All Electronics', 'Home Audio &amp; Theater')",0.35,0.351,50,18,18.4557,20.1542,38.6099,68004,50,1.0
naive_prefilter,"main_cat IN ('All Electronics', 'Home Audio &amp; Theater')",0.35,0.351,50,19,18.6353,20.3314,38.9667,68004,50,1.0
naive_prefilter,"main_cat IN ('All Electronics', 'Home Audio &amp; Theater')",0.35,0.351,50,20,18.5867,20.2576,38.8443,68004,50,1.0
naive_prefilter,"main_cat IN ('All Electronics', 'Home Audio &amp; Theater')",0.35,0.351,50,21,18.5429,20.1988,38.7416,68004,50,1.0
naive_prefilter,"main_cat IN ('All Electronics', 'Home Audio &amp; Theater')",0.35,0.351,50,22,18.4367,20.0848,38.5215,68004,50,1.0
naive_prefilter,"main_cat IN ('All Electronics', 'Home Audio &amp; Theater')",0.35,0.351,50,23,18.7405,20.077,38.8175,68004,50,1.0
naive_prefilter,"main_cat IN ('All Electronics', 'Home Audio &amp; Theater')",0.35,0.351,50,24,18.858,20.5023,39.3603,68004,50,0.98
naive_prefilter,"main_cat IN ('All Electronics', 'Home Audio &amp; Theater')",0.35,0.351,50,25,18.682,20.1669,38.8489,68004,50,1.0
naive_prefilter,"main_cat IN ('All Electronics', 'Home Audio &amp; Theater')",0.35,0.351,50,26,18.5745,20.3014,38.8759,68004,50,1.0
naive_prefilter,"main_cat IN ('All Electronics', 'Home Audio &amp; Theater')",0.35,0.351,50,27,18.9038,20.2655,39.1692,68004,50,1.0
naive_prefilter,"main_cat IN ('All Electronics', 'Home Audio &amp; Theater')",0.35,0.351,50,28,18.5695,19.986,38.5556,68004,50,1.0
naive_prefilter,"main_cat IN ('All Electronics', 'Home Audio &amp; Theater')",0.35,0.351,50,29,18.7449,20.1117,38.8565,68004,50,1.0
naive_prefilter,"main_cat IN ('All Electronics', 'Home Audio &amp; Theater')",0.35,0.351,50,30,18.6906,20.1998,38.8904,68004,50,0.52
naive_prefilter,"main_cat IN ('All Electronics', 'Home Audio &amp; Theater')",0.35,0.351,50,31,18.6199,20.2269,38.8468,68004,50,1.0
naive_prefilter,"main_cat IN ('All Electronics', 'Home Audio &amp; Theater')",0.35,0.351,50,32,18.7056,20.064,38.7697,68004,50,1.0
naive_prefilter,"main_cat IN ('All Electronics', 'Home Audio &amp; Theater')",0.35,0.351,50,33,18.6195,20.1795,38.799,68004,50,1.0
naive_prefilter,"main_cat IN ('All Electronics', 'Home Audio &amp; Theater')",0.35,0.351,50,34,18.9145,20.3749,39.2894,68004,50,1.0
naive_prefilter,"main_cat IN ('All Electronics', 'Home Audio &amp; Theater')",0.35,0.351,50,35,18.6336,20.0676,38.7012,68004,50,1.0
naive_prefilter,"main_cat IN ('All Electronics', 'Home Audio &amp; Theater')",0.35,0.351,50,36,18.7908,20.2013,38.9921,68004,50,1.0
naive_prefilter,"main_cat IN ('All Electronics', 'Home Audio &amp; Theater')",0.35,0.351,50,37,18.4939,20.1141,38.608,68004,50,1.0
naive_prefilter,"main_cat IN ('All Electronics', 'Home Audio &amp; Theater')",0.35,0.351,50,38,18.7536,20.0743,38.8279,68004,50,1.0
naive_prefilter,"main_cat IN ('All Electronics', 'Home Audio &amp; Theater')",0.35,0.351,50,39,18.6205,20.0295,38.65,68004,50,1.0
naive_prefilter,"main_cat IN ('All Electronics', 'Home Audio &amp; Theater')",0.35,0.351,50,40,18.6039,20.1433,38.7471,68004,50,1.0
naive_prefilter,"main_cat IN ('All Electronics', 'Home Audio &amp; Theater')",0.35,0.351,50,41,18.4863,20.0919,38.5782,68004,50,1.0
naive_prefilter,"main_cat IN ('All Electronics', 'Home Audio &amp; Theater')",0.35,0.351,50,42,18.6306,20.198,38.8286,68004,50,1.0
naive_prefilter,"main_cat IN ('All Electronics', 'Home Audio &amp; Theater')",0.35,0.351,50,43,18.5095,20.2834,38.7929,68004,50,0.9
naive_prefilter,"main_cat IN ('All Electronics', 'Home Audio &amp; Theater')",0.35,0.351,50,44,18.4972,20.0842,38.5815,68004,50,1.0
naive_prefilter,"main_cat IN ('All Electronics', 'Home Audio &amp; Theater')",0.35,0.351,50,45,18.5849,20.0656,38.6505,68004,50,1.0
naive_prefilter,"main_cat IN ('All Electronics', 'Home Audio &amp; Theater')",0.35,0.351,50,46,18.548,20.2168,38.7648,68004,50,1.0
naive_prefilter,"main_cat IN ('All Electronics', 'Home Audio &amp; Theater')",0.35,0.351,50,47,18.8129,20.0002,38.813,68004,50,0.78
naive_prefilter,"main_cat IN ('All Electronics', 'Home Audio &amp; Theater')",0.35,0.351,50,48,18.8527,20.2369,39.0895,68004,50,1.0
naive_prefilter,"main_cat IN ('All Electronics', 'Home Audio &amp; Theater')",0.35,0.351,50,49,18.4606,20.2002,38.6607,68004,50,1.0
post_filter,"main_cat IN ('All Electronics', 'Home Audio &amp; Theater')",0.35,0.351,50,0,0.0388,0.5443,0.583,50,50,1.0
post_filter,"main_cat IN ('All Electronics', 'Home Audio &amp; Theater')",0.35,0.351,50,1,0.0984,1.1759,1.2743,50,50,1.0
post_filter,"main_cat IN ('All Electronics', 'Home Audio &amp; Theater')",0.35,0.351,50,2,0.1113,0.8999,1.0113,50,50,0.98
post_filter,"main_cat IN ('All Electronics', 'Home Audio &amp; Theater')",0.35,0.351,50,3,0.1453,0.9535,1.0988,50,50,0.9
post_filter,"main_cat IN ('All Electronics', 'Home Audio &amp; Theater')",0.35,0.351,50,4,0.0793,1.1193,1.1985,50,50,0.96
post_filter,"main_cat IN ('All Electronics', 'Home Audio &amp; Theater')",0.35,0.351,50,5,0.053,0.9333,0.9863,50,50,1.0
post_filter,"main_cat IN ('All Electronics', 'Home Audio &amp; Theater')",0.35,0.351,50,6,0.0906,1.1887,1.2793,50,50,1.0
post_filter,"main_cat IN ('All Electronics', 'Home Audio &amp; Theater')",0.35,0.351,50,7,0.1108,0.8347,0.9455,50,50,1.0
post_filter,"main_cat IN ('All Electronics', 'Home Audio &amp; Theater')",0.35,0.351,50,8,0.1559,1.2998,1.4557,50,50,1.0
post_filter,"main_cat IN ('All Electronics', 'Home Audio &amp; Theater')",0.35,0.351,50,9,0.0884,1.2908,1.3792,50,50,1.0
post_filter,"main_cat IN ('All Electronics', 'Home Audio &amp; Theater')",0.35,0.351,50,10,0.0879,1.0612,1.1491,50,50,1.0
post_filter,"main_cat IN ('All Electronics', 'Home Audio &amp; Theater')",0.35,0.351,50,11,0.0875,1.0334,1.1208,50,50,0.98
post_filter,"main_cat IN ('All Electronics', 'Home Audio &amp; Theater')",0.35,0.351,50,12,0.0835,0.8292,0.9127,50,50,1.0
post_filter,"main_cat IN ('All Electronics', 'Home Audio &amp; Theater')",0.35,0.351,50,13,0.1205,0.8686,0.989,50,50,0.98
post_filter,"main_cat IN ('All Electronics', 'Home Audio &amp; Theater')",0.35,0.351,50,14,0.156,0.6567,0.8127,50,50,0.96
post_filter,"main_cat IN ('All Electronics', 'Home Audio &amp; Theater')",0.35,0.351,50,15,0.3843,0.5605,0.9448,50,50,0.68
post_filter,"main_cat IN ('All Electronics', 'Home Audio &amp; Theater')",0.35,0.351,50,16,0.082,1.0309,1.1128,50,50,1.0
post_filter,"main_cat IN ('All Electronics', 'Home Audio &amp; Theater')",0.35,0.351,50,17,0.1787,0.775,0.9538,50,50,0.84
post_filter,"main_cat IN ('All Electronics', 'Home Audio &amp; Theater')",0.35,0.351,50,18,0.0751,0.922,0.997,50,50,0.98
post_filter,"main_cat IN ('All Electronics', 'Home Audio &amp; Theater')",0.35,0.351,50,19,0.0818,0.9855,1.0674,50,50,0.96
post_filter,"main_cat IN ('All Electronics', 'Home Audio &amp; Theater')",0.35,0.351,50,20,0.0712,0.7171,0.7883,50,50,1.0
post_filter,"main_cat IN ('All Electronics', 'Home Audio &amp; Theater')",0.35,0.351,50,21,0.1694,0.764,0.9333,50,50,0.84
post_filter,"main_cat IN ('All Electronics', 'Home Audio &amp; Theater')",0.35,0.351,50,22,0.282,0.8034,1.0854,50,50,0.54
post_filter,"main_cat IN ('All Electronics', 'Home Audio &amp; Theater')",0.35,0.351,50,23,0.0935,0.7873,0.8808,50,50,1.0
post_filter,"main_cat IN ('All Electronics', 'Home Audio &amp; Theater')",0.35,0.351,50,24,0.085,1.15,1.235,50,50,0.98
post_filter,"main_cat IN ('All Electronics', 'Home Audio &amp; Theater')",0.35,0.351,50,25,0.091,0.3555,0.4464,50,50,0.9
post_filter,"main_cat IN ('All Electronics', 'Home Audio &amp; Theater')",0.35,0.351,50,26,0.102,1.0453,1.1473,50,50,1.0
post_filter,"main_cat IN ('All Electronics', 'Home Audio &amp; Theater')",0.35,0.351,50,27,0.0568,0.977,1.0338,50,50,1.0
post_filter,"main_cat IN ('All Electronics', 'Home Audio &amp; Theater')",0.35,0.351,50,28,0.119,1.008,1.1271,50,50,0.94
post_filter,"main_cat IN ('All Electronics', 'Home Audio &amp; Theater')",0.35,0.351,50,29,0.1299,0.6157,0.7456,50,50,0.98
post_filter,"main_cat IN ('All Electronics', 'Home Audio &amp; Theater')",0.35,0.351,50,30,0.0907,0.4626,0.5534,50,50,0.0
post_filter,"main_cat IN ('All Electronics', 'Home Audio &amp; Theater')",0.35,0.351,50,31,0.1106,0.9612,1.0718,50,50,0.94
post_filter,"main_cat IN ('All Electronics', 'Home Audio &amp; Theater')",0.35,0.351,50,32,0.1499,0.7559,0.9058,50,50,1.0
post_filter,"main_cat IN ('All Electronics', 'Home Audio &amp; Theater')",0.35,0.351,50,33,0.3722,0.5643,0.9365,50,50,0.44
post_filter,"main_cat IN ('All Electronics', 'Home Audio &amp; Theater')",0.35,0.351,50,34,0.081,0.9558,1.0368,50,50,1.0
post_filter,"main_cat IN ('All Electronics', 'Home Audio &amp; Theater')",0.35,0.351,50,35,0.0719,1.0075,1.0793,50,50,1.0
post_filter,"main_cat IN ('All Electronics', 'Home Audio &amp; Theater')",0.35,0.351,50,36,0.2244,0.8102,1.0346,50,50,0.9
post_filter,"main_cat IN ('All Electronics', 'Home Audio &amp; Theater')",0.35,0.351,50,37,0.0657,0.7443,0.8101,50,50,1.0
post_filter,"main_cat IN ('All Electronics', 'Home Audio &amp; Theater')",0.35,0.351,50,38,0.082,1.2135,1.2955,50,50,0.94
post_filter,"main_cat IN ('All Electronics', 'Home Audio &amp; Theater')",0.35,0.351,50,39,0.1052,0.5707,0.6758,50,50,0.96
post_filter,"main_cat IN ('All Electronics', 'Home Audio &amp; Theater')",0.35,0.351,50,40,0.107,1.1987,1.3057,50,50,0.96
post_filter,"main_cat IN ('All Electronics', 'Home Audio &amp; Theater')",0.35,0.351,50,41,0.094,0.6361,0.73,50,50,1.0
post_filter,"main_cat IN ('All Electronics', 'Home Audio &amp; Theater')",0.35,0.351,50,42,0.1232,0.9745,1.0977,50,50,0.9
post_filter,"main_cat IN ('All Electronics', 'Home Audio &amp; Theater')",0.35,0.351,50,43,0.1117,0.4879,0.5996,50,50,0.8
post_filter,"main_cat IN ('All Electronics', 'Home Audio &amp; Theater')",0.35,0.351,50,44,0.1473,0.7079,0.8552,50,50,0.96
post_filter,"main_cat IN ('All Electronics', 'Home Audio &amp; Theater')",0.35,0.351,50,45,0.093,1.0414,1.1344,50,50,0.98
post_filter,"main_cat IN ('All Electronics', 'Home Audio &amp; Theater')",0.35,0.351,50,46,0.0861,0.8852,0.9713,50,50,1.0
post_filter,"main_cat IN ('All Electronics', 'Home Audio &amp; Theater')",0.35,0.351,50,47,0.1061,0.3103,0.4164,50,50,0.78
post_filter,"main_cat IN ('All Electronics', 'Home Audio &amp; Theater')",0.35,0.351,50,48,0.1246,1.0448,1.1694,50,50,0.94
post_filter,"main_cat IN ('All Electronics', 'Home Audio &amp; Theater')",0.35,0.351,50,49,0.1064,0.4973,0.6037,50,50,0.9
bitmap_prefilter,"main_cat IN ('All Electronics', 'Home Audio &amp; Theater')",0.35,0.351,50,0,0.073,19.132,19.205,68004,50,1.0
bitmap_prefilter,"main_cat IN ('All Electronics', 'Home Audio &amp; Theater')",0.35,0.351,50,1,0.0704,19.1523,19.2227,68004,50,1.0
bitmap_prefilter,"main_cat IN ('All Electronics', 'Home Audio &amp; Theater')",0.35,0.351,50,2,0.0801,19.3376,19.4177,68004,50,1.0
bitmap_prefilter,"main_cat IN ('All Electronics', 'Home Audio &amp; Theater')",0.35,0.351,50,3,0.0725,19.1937,19.2662,68004,50,1.0
bitmap_prefilter,"main_cat IN ('All Electronics', 'Home Audio &amp; Theater')",0.35,0.351,50,4,0.0734,19.0266,19.1,68004,50,1.0
bitmap_prefilter,"main_cat IN ('All Electronics', 'Home Audio &amp; Theater')",0.35,0.351,50,5,0.0667,19.1259,19.1926,68004,50,1.0
bitmap_prefilter,"main_cat IN ('All Electronics', 'Home Audio &amp; Theater')",0.35,0.351,50,6,0.0715,19.0096,19.0811,68004,50,1.0
bitmap_prefilter,"main_cat IN ('All Electronics', 'Home Audio &amp; Theater')",0.35,0.351,50,7,0.0717,19.3431,19.4148,68004,50,1.0
bitmap_prefilter,"main_cat IN ('All Electronics', 'Home Audio &amp; Theater')",0.35,0.351,50,8,0.067,18.9978,19.0647,68004,50,1.0
bitmap_prefilter,"main_cat IN ('All Electronics', 'Home Audio &amp; Theater')",0.35,0.351,50,9,0.0649,19.0523,19.1171,68004,50,1.0
bitmap_prefilter,"main_cat IN ('All Electronics', 'Home Audio &amp; Theater')",0.35,0.351,50,10,0.0696,19.1041,19.1737,68004,50,1.0
bitmap_prefilter,"main_cat IN ('All Electronics', 'Home Audio &amp; Theater')",0.35,0.351,50,11,0.0669,19.0053,19.0722,68004,50,1.0
bitmap_prefilter,"main_cat IN ('All Electronics', 'Home Audio &amp; Theater')",0.35,0.351,50,12,0.065,19.091,19.156,68004,50,1.0
bitmap_prefilter,"main_cat IN ('All Electronics', 'Home Audio &amp; Theater')",0.35,0.351,50,13,0.0664,19.0771,19.1435,68004,50,1.0
bitmap_prefilter,"main_cat IN ('All Electronics', 'Home Audio &amp; Theater')",0.35,0.351,50,14,0.0637,19.0892,19.1529,68004,50,1.0
bitmap_prefilter,"main_cat IN ('All Electronics', 'Home Audio &amp; Theater')",0.35,0.351,50,15,0.0637,19.0648,19.1285,68004,50,1.0
bitmap_prefilter,"main_cat IN ('All Electronics', 'Home Audio &amp; Theater')",0.35,0.351,50,16,0.0645,18.9725,19.0369,68004,50,1.0
bitmap_prefilter,"main_cat IN ('All Electronics', 'Home Audio &amp; Theater')",0.35,0.351,50,17,0.0635,19.2021,19.2657,68004,50,1.0
bitmap_prefilter,"main_cat IN ('All Electronics', 'Home Audio &amp; Theater')",0.35,0.351,50,18,0.0627,18.9628,19.0255,68004,50,1.0
bitmap_prefilter,"main_cat IN ('All Electronics', 'Home Audio &amp; Theater')",0.35,0.351,50,19,0.0633,19.201,19.2643,68004,50,1.0
bitmap_prefilter,"main_cat IN ('All Electronics', 'Home Audio &amp; Theater')",0.35,0.351,50,20,0.0626,19.2161,19.2787,68004,50,1.0
bitmap_prefilter,"main_cat IN ('All Electronics', 'Home Audio &amp; Theater')",0.35,0.351,50,21,0.0619,19.2572,19.3192,68004,50,1.0
bitmap_prefilter,"main_cat IN ('All Electronics', 'Home Audio &amp; Theater')",0.35,0.351,50,22,0.0624,19.2405,19.3029,68004,50,1.0
bitmap_prefilter,"main_cat IN ('All Electronics', 'Home Audio &amp; Theater')",0.35,0.351,50,23,0.062,19.104,19.166,68004,50,1.0
bitmap_prefilter,"main_cat IN ('All Electronics', 'Home Audio &amp; Theater')",0.35,0.351,50,24,0.0636,19.584,19.6476,68004,50,0.98
bitmap_prefilter,"main_cat IN ('All Electronics', 'Home Audio &amp; Theater')",0.35,0.351,50,25,0.0621,19.1637,19.2258,68004,50,1.0
bitmap_prefilter,"main_cat IN ('All Electronics', 'Home Audio &amp; Theater')",0.35,0.351,50,26,0.0627,19.0537,19.1165,68004,50,1.0
bitmap_prefilter,"main_cat IN ('All Electronics', 'Home Audio &amp; Theater')",0.35,0.351,50,27,0.0623,19.1936,19.2559,68004,50,1.0
bitmap_prefilter,"main_cat IN ('All Electronics', 'Home Audio &amp; Theater')",0.35,0.351,50,28,0.0624,19.009,19.0714,68004,50,1.0
bitmap_prefilter,"main_cat IN ('All Electronics', 'Home Audio &amp; Theater')",0.35,0.351,50,29,0.0616,19.1181,19.1797,68004,50,1.0
bitmap_prefilter,"main_cat IN ('All Electronics', 'Home Audio &amp; Theater')",0.35,0.351,50,30,0.063,19.0367,19.0996,68004,50,0.52
bitmap_prefilter,"main_cat IN ('All Electronics', 'Home Audio &amp; Theater')",0.35,0.351,50,31,0.0625,19.0883,19.1508,68004,50,1.0
bitmap_prefilter,"main_cat IN ('All Electronics', 'Home Audio &amp; Theater')",0.35,0.351,50,32,0.0614,19.0285,19.0898,68004,50,1.0
bitmap_prefilter,"main_cat IN ('All Electronics', 'Home Audio &amp; Theater')",0.35,0.351,50,33,0.0616,19.0248,19.0864,68004,50,1.0
bitmap_prefilter,"main_cat IN ('All Electronics', 'Home Audio &amp; Theater')",0.35,0.351,50,34,0.0622,19.1905,19.2527,68004,50,1.0
bitmap_prefilter,"main_cat IN ('All Electronics', 'Home Audio &amp; Theater')",0.35,0.351,50,35,0.0618,19.0532,19.115,68004,50,1.0
bitmap_prefilter,"main_cat IN ('All Electronics', 'Home Audio &amp; Theater')",0.35,0.351,50,36,0.0609,19.0224,19.0833,68004,50,1.0
bitmap_prefilter,"main_cat IN ('All Electronics', 'Home Audio &amp; Theater')",0.35,0.351,50,37,0.0618,19.1417,19.2036,68004,50,1.0
bitmap_prefilter,"main_cat IN ('All Electronics', 'Home Audio &amp; Theater')",0.35,0.351,50,38,0.062,19.1099,19.1719,68004,50,1.0
bitmap_prefilter,"main_cat IN ('All Electronics', 'Home Audio &amp; Theater')",0.35,0.351,50,39,0.0615,19.0321,19.0936,68004,50,1.0
bitmap_prefilter,"main_cat IN ('All Electronics', 'Home Audio &amp; Theater')",0.35,0.351,50,40,0.0626,19.0628,19.1254,68004,50,1.0
bitmap_prefilter,"main_cat IN ('All Electronics', 'Home Audio &amp; Theater')",0.35,0.351,50,41,0.0623,19.1437,19.206,68004,50,1.0
bitmap_prefilter,"main_cat IN ('All Electronics', 'Home Audio &amp; Theater')",0.35,0.351,50,42,0.0617,18.9391,19.0008,68004,50,1.0
bitmap_prefilter,"main_cat IN ('All Electronics', 'Home Audio &amp; Theater')",0.35,0.351,50,43,0.0613,19.1657,19.227,68004,50,0.9
bitmap_prefilter,"main_cat IN ('All Electronics', 'Home Audio &amp; Theater')",0.35,0.351,50,44,0.0623,19.0368,19.0991,68004,50,1.0
bitmap_prefilter,"main_cat IN ('All Electronics', 'Home Audio &amp; Theater')",0.35,0.351,50,45,0.0643,19.2672,19.3316,68004,50,1.0
bitmap_prefilter,"main_cat IN ('All Electronics', 'Home Audio &amp; Theater')",0.35,0.351,50,46,0.0625,19.1258,19.1883,68004,50,1.0
bitmap_prefilter,"main_cat IN ('All Electronics', 'Home Audio &amp; Theater')",0.35,0.351,50,47,0.0618,19.1055,19.1673,68004,50,0.78
bitmap_prefilter,"main_cat IN ('All Electronics', 'Home Audio &amp; Theater')",0.35,0.351,50,48,0.0612,19.323,19.3842,68004,50,1.0
bitmap_prefilter,"main_cat IN ('All Electronics', 'Home Audio &amp; Theater')",0.35,0.351,50,49,0.0622,19.0233,19.0855,68004,50,1.0
brute_force,"main_cat IN ('All Electronics', 'Camera & Photo')",0.37,0.3704,10,0,0.14,24.5937,24.7337,10,10,1.0
brute_force,"main_cat IN ('All Electronics', 'Camera & Photo')",0.37,0.3704,10,1,0.0425,24.7164,24.7589,10,10,1.0
brute_force,"main_cat IN ('All Electronics', 'Camera & Photo')",0.37,0.3704,10,2,0.0234,24.5903,24.6137,10,10,1.0
brute_force,"main_cat IN ('All Electronics', 'Camera & Photo')",0.37,0.3704,10,3,0.0416,24.7346,24.7762,10,10,1.0
brute_force,"main_cat IN ('All Electronics', 'Camera & Photo')",0.37,0.3704,10,4,0.029,24.8022,24.8313,10,10,1.0
brute_force,"main_cat IN ('All Electronics', 'Camera & Photo')",0.37,0.3704,10,5,0.0247,24.8779,24.9026,10,10,1.0
brute_force,"main_cat IN ('All Electronics', 'Camera & Photo')",0.37,0.3704,10,6,0.0297,24.7895,24.8192,10,10,1.0
brute_force,"main_cat IN ('All Electronics', 'Camera & Photo')",0.37,0.3704,10,7,0.0312,24.9423,24.9735,10,10,1.0
brute_force,"main_cat IN ('All Electronics', 'Camera & Photo')",0.37,0.3704,10,8,0.0601,24.8376,24.8977,10,10,1.0
brute_force,"main_cat IN ('All Electronics', 'Camera & Photo')",0.37,0.3704,10,9,0.056,24.8868,24.9428,10,10,1.0
brute_force,"main_cat IN ('All Electronics', 'Camera & Photo')",0.37,0.3704,10,10,0.0234,24.8052,24.8286,10,10,1.0
brute_force,"main_cat IN ('All Electronics', 'Camera & Photo')",0.37,0.3704,10,11,0.0453,24.6915,24.7367,10,10,1.0
brute_force,"main_cat IN ('All Electronics', 'Camera & Photo')",0.37,0.3704,10,12,0.116,24.6954,24.8114,10,10,1.0
brute_force,"main_cat IN ('All Electronics', 'Camera & Photo')",0.37,0.3704,10,13,0.0424,24.6412,24.6836,10,10,1.0
brute_force,"main_cat IN ('All Electronics', 'Camera & Photo')",0.37,0.3704,10,14,0.0685,24.6974,24.7659,10,10,1.0
brute_force,"main_cat IN ('All Electronics', 'Camera & Photo')",0.37,0.3704,10,15,0.2456,24.8602,25.1058,10,10,1.0
brute_force,"main_cat IN ('All Electronics', 'Camera & Photo')",0.37,0.3704,10,16,0.0291,24.6777,24.7069,10,10,1.0
brute_force,"main_cat IN ('All Electronics', 'Camera & Photo')",0.37,0.3704,10,17,0.0465,24.635,24.6816,10,10,1.0
brute_force,"main_cat IN ('All Electronics', 'Camera & Photo')",0.37,0.3704,10,18,0.0318,24.8479,24.8797,10,10,1.0
brute_force,"main_cat IN ('All Electronics', 'Camera & Photo')",0.37,0.3704,10,19,0.0304,24.6618,24.6923,10,10,1.0
brute_force,"main_cat IN ('All Electronics', 'Camera & Photo')",0.37,0.3704,10,20,0.0232,24.6876,24.7108,10,10,1.0
brute_force,"main_cat IN ('All Electronics', 'Camera & Photo')",0.37,0.3704,10,21,0.0779,24.567,24.6449,10,10,1.0
brute_force,"main_cat IN ('All Electronics', 'Camera & Photo')",0.37,0.3704,10,22,0.0271,25.2932,25.3202,10,10,1.0
brute_force,"main_cat IN ('All Electronics', 'Camera & Photo')",0.37,0.3704,10,23,0.0312,24.7796,24.8108,10,10,1.0
brute_force,"main_cat IN ('All Electronics', 'Camera & Photo')",0.37,0.3704,10,24,0.0201,24.5184,24.5385,10,10,1.0
brute_force,"main_cat IN ('All Electronics', 'Camera & Photo')",0.37,0.3704,10,25,0.0369,24.6157,24.6526,10,10,1.0
brute_force,"main_cat IN ('All Electronics', 'Camera & Photo')",0.37,0.3704,10,26,0.0224,24.8298,24.8522,10,10,1.0
brute_force,"main_cat IN ('All Electronics', 'Camera & Photo')",0.37,0.3704,10,27,0.0166,24.5632,24.5798,10,10,1.0
brute_force,"main_cat IN ('All Electronics', 'Camera & Photo')",0.37,0.3704,10,28,0.0331,24.6866,24.7198,10,10,1.0
brute_force,"main_cat IN ('All Electronics', 'Camera & Photo')",0.37,0.3704,10,29,0.0551,24.6275,24.6826,10,10,1.0
brute_force,"main_cat IN ('All Electronics', 'Camera & Photo')",0.37,0.3704,10,30,0.0365,24.744,24.7805,10,10,1.0
brute_force,"main_cat IN ('All Electronics', 'Camera & Photo')",0.37,0.3704,10,31,0.0387,24.5668,24.6055,10,10,1.0
brute_force,"main_cat IN ('All Electronics', 'Camera & Photo')",0.37,0.3704,10,32,0.0264,24.7862,24.8125,10,10,1.0
brute_force,"main_cat IN ('All Electronics', 'Camera & Photo')",0.37,0.3704,10,33,0.1767,24.6675,24.8442,10,10,1.0
brute_force,"main_cat IN ('All Electronics', 'Camera & Photo')",0.37,0.3704,10,34,0.1295,24.718,24.8475,10,10,1.0
brute_force,"main_cat IN ('All Electronics', 'Camera & Photo')",0.37,0.3704,10,35,0.0192,24.5235,24.5426,10,10,1.0
brute_force,"main_cat IN ('All Electronics', 'Camera & Photo')",0.37,0.3704,10,36,0.0257,24.5355,24.5612,10,10,1.0
brute_force,"main_cat IN ('All Electronics', 'Camera & Photo')",0.37,0.3704,10,37,0.0205,24.6027,24.6232,10,10,1.0
brute_force,"main_cat IN ('All Electronics', 'Camera & Photo')",0.37,0.3704,10,38,0.0317,24.7583,24.79,10,10,1.0
brute_force,"main_cat IN ('All Electronics', 'Camera & Photo')",0.37,0.3704,10,39,0.0287,24.6535,24.6822,10,10,1.0
brute_force,"main_cat IN ('All Electronics', 'Camera & Photo')",0.37,0.3704,10,40,0.0322,24.5258,24.558,10,10,1.0
brute_force,"main_cat IN ('All Electronics', 'Camera & Photo')",0.37,0.3704,10,41,0.0277,24.5372,24.5649,10,10,1.0
brute_force,"main_cat IN ('All Electronics', 'Camera & Photo')",0.37,0.3704,10,42,0.0388,24.6673,24.7061,10,10,1.0
brute_force,"main_cat IN ('All Electronics', 'Camera & Photo')",0.37,0.3704,10,43,0.0365,25.1189,25.1554,10,10,1.0
brute_force,"main_cat IN ('All Electronics', 'Camera & Photo')",0.37,0.3704,10,44,0.0255,25.1551,25.1807,10,10,1.0
brute_force,"main_cat IN ('All Electronics', 'Camera & Photo')",0.37,0.3704,10,45,0.0345,24.7256,24.7601,10,10,1.0
brute_force,"main_cat IN ('All Electronics', 'Camera & Photo')",0.37,0.3704,10,46,0.0307,24.759,24.7897,10,10,1.0
brute_force,"main_cat IN ('All Electronics', 'Camera & Photo')",0.37,0.3704,10,47,0.0248,24.5679,24.5927,10,10,1.0
brute_force,"main_cat IN ('All Electronics', 'Camera & Photo')",0.37,0.3704,10,48,0.0285,24.7088,24.7374,10,10,1.0
brute_force,"main_cat IN ('All Electronics', 'Camera & Photo')",0.37,0.3704,10,49,0.0281,24.6296,24.6577,10,10,1.0
naive_prefilter,"main_cat IN ('All Electronics', 'Camera & Photo')",0.37,0.3704,10,0,19.1244,21.4605,40.5849,71763,10,1.0
naive_prefilter,"main_cat IN ('All Electronics', 'Camera & Photo')",0.37,0.3704,10,1,19.029,21.2331,40.2621,71763,10,1.0
naive_prefilter,"main_cat IN ('All Electronics', 'Camera & Photo')",0.37,0.3704,10,2,18.6037,21.4073,40.011,71763,10,1.0
naive_prefilter,"main_cat IN ('All Electronics', 'Camera & Photo')",0.37,0.3704,10,3,18.8746,21.5325,40.4072,71763,10,1.0
naive_prefilter,"main_cat IN ('All Electronics', 'Camera & Photo')",0.37,0.3704,10,4,18.5877,21.3488,39.9365,71763,10,1.0
naive_prefilter,"main_cat IN ('All Electronics', 'Camera & Photo')",0.37,0.3704,10,5,18.542,21.2843,39.8263,71763,10,1.0
naive_prefilter,"main_cat IN ('All Electronics', 'Camera & Photo')",0.37,0.3704,10,6,18.5552,21.3427,39.8979,71763,10,1.0
naive_prefilter,"main_cat IN ('All Electronics', 'Camera & Photo')",0.37,0.3704,10,7,18.9006,21.376,40.2766,71763,10,1.0
naive_prefilter,"main_cat IN ('All Electronics', 'Camera & Photo')",0.37,0.3704,10,8,18.508,21.6148,40.1228,71763,10,1.0
naive_prefilter,"main_cat IN ('All Electronics', 'Camera & Photo')",0.37,0.3704,10,9,18.5005,21.4205,39.921,71763,10,1.0
naive_prefilter,"main_cat IN ('All Electronics', 'Camera & Photo')",0.37,0.3704,10,10,18.4694,21.2862,39.7557,71763,10,1.0
naive_prefilter,"main_cat IN ('All Electronics', 'Camera & Photo')",0.37,0.3704,10,11,18.6843,22.771,41.4553,71763,10,1.0
naive_prefilter,"main_cat IN ('All Electronics', 'Camera & Photo')",0.37,0.3704,10,12,18.7555,21.6026,40.3581,71763,10,1.0
naive_prefilter,"main_cat IN ('All Electronics', 'Camera & Photo')",0.37,0.3704,10,13,18.6518,21.5603,40.2121,71763,10,1.0
naive_prefilter,"main_cat IN ('All Electronics', 'Camera & Photo')",0.37,0.3704,10,14,18.8515,21.4193,40.2708,71763,10,1.0
naive_prefilter,"main_cat IN ('All Electronics', 'Camera & Photo')",0.37,0.3704,10,15,18.5866,21.4964,40.083,71763,10,1.0
naive_prefilter,"main_cat IN ('All Electronics', 'Camera & Photo')",0.37,0.3704,10,16,18.8557,21.3677,40.2233,71763,10,1.0
naive_prefilter,"main_cat IN ('All Electronics', 'Camera & Photo')",0.37,0.3704,10,17,18.6875,21.5172,40.2047,71763,10,1.0
naive_prefilter,"main_cat IN ('All Electronics', 'Camera & Photo')",0.37,0.3704,10,18,18.7573,21.4185,40.1759,71763,10,1.0
naive_prefilter,"main_cat IN ('All Electronics', 'Camera & Photo')",0.37,0.3704,10,19,18.606,21.3973,40.0033,71763,10,1.0
naive_prefilter,"main_cat IN ('All Electronics', 'Camera & Photo')",0.37,0.3704,10,20,18.629,21.3451,39.9741,71763,10,1.0
naive_prefilter,"main_cat IN ('All Electronics', 'Camera & Photo')",0.37,0.3704,10,21,18.443,21.3703,39.8132,71763,10,1.0
naive_prefilter,"main_cat IN ('All Electronics', 'Camera & Photo')",0.37,0.3704,10,22,18.7596,21.4419,40.2015,71763,10,1.0
naive_prefilter,"main_cat IN ('All Electronics', 'Camera & Photo')",0.37,0.3704,10,23,18.4862,21.418,39.9042,71763,10,1.0
naive_prefilter,"main_cat IN ('All Electronics', 'Camera & Photo')",0.37,0.3704,10,24,18.4437,21.3734,39.8171,71763,10,1.0
naive_prefilter,"main_cat IN ('All Electronics', 'Camera & Photo')",0.37,0.3704,10,25,18.4625,21.3137,39.7762,71763,10,1.0
naive_prefilter,"main_cat IN ('All Electronics', 'Camera & Photo')",0.37,0.3704,10,26,18.6238,21.5764,40.2003,71763,10,1.0
naive_prefilter,"main_cat IN ('All Electronics', 'Camera & Photo')",0.37,0.3704,10,27,18.5529,21.8287,40.3816,71763,10,1.0
naive_prefilter,"main_cat IN ('All Electronics', 'Camera & Photo')",0.37,0.3704,10,28,18.5963,21.7262,40.3225,71763,10,1.0
naive_prefilter,"main_cat IN ('All Electronics', 'Camera & Photo')",0.37,0.3704,10,29,18.7557,21.459,40.2148,71763,10,1.0
naive_prefilter,"main_cat IN ('All Electronics', 'Camera & Photo')",0.37,0.3704,10,30,18.7018,21.3505,40.0523,71763,10,1.0
naive_prefilter,"main_cat IN ('All Electronics', 'Camera & Photo')",0.37,0.3704,10,31,18.5117,21.5233,40.035,71763,10,1.0
naive_prefilter,"main_cat IN ('All Electronics', 'Camera & Photo')",0.37,0.3704,10,32,18.5946,21.4395,40.0341,71763,10,1.0
naive_prefilter,"main_cat IN ('All Electronics', 'Camera & Photo')",0.37,0.3704,10,33,18.618,21.3687,39.9867,71763,10,1.0
naive_prefilter,"main_cat IN ('All Electronics', 'Camera & Photo')",0.37,0.3704,10,34,18.47,21.4255,39.8955,71763,10,1.0
naive_prefilter,"main_cat IN ('All Electronics', 'Camera & Photo')",0.37,0.3704,10,35,18.6885,21.4475,40.136,71763,10,1.0
naive_prefilter,"main_cat IN ('All Electronics', 'Camera & Photo')",0.37,0.3704,10,36,18.3934,21.8521,40.2455,71763,10,1.0
naive_prefilter,"main_cat IN ('All Electronics', 'Camera & Photo')",0.37,0.3704,10,37,18.7839,21.4115,40.1954,71763,10,1.0
naive_prefilter,"main_cat IN ('All Electronics', 'Camera & Photo')",0.37,0.3704,10,38,18.7305,21.3497,40.0802,71763,10,1.0
naive_prefilter,"main_cat IN ('All Electronics', 'Camera & Photo')",0.37,0.3704,10,39,19.0556,21.2847,40.3403,71763,10,1.0
naive_prefilter,"main_cat IN ('All Electronics', 'Camera & Photo')",0.37,0.3704,10,40,18.8823,21.4148,40.2972,71763,10,1.0
naive_prefilter,"main_cat IN ('All Electronics', 'Camera & Photo')",0.37,0.3704,10,41,19.007,21.3575,40.3644,71763,10,1.0
naive_prefilter,"main_cat IN ('All Electronics', 'Camera & Photo')",0.37,0.3704,10,42,18.744,21.4223,40.1663,71763,10,1.0
naive_prefilter,"main_cat IN ('All Electronics', 'Camera & Photo')",0.37,0.3704,10,43,18.9995,21.293,40.2925,71763,10,1.0
naive_prefilter,"main_cat IN ('All Electronics', 'Camera & Photo')",0.37,0.3704,10,44,18.5166,21.3723,39.889,71763,10,1.0
naive_prefilter,"main_cat IN ('All Electronics', 'Camera & Photo')",0.37,0.3704,10,45,18.8423,21.4583,40.3006,71763,10,1.0
naive_prefilter,"main_cat IN ('All Electronics', 'Camera & Photo')",0.37,0.3704,10,46,19.005,21.5153,40.5203,71763,10,1.0
naive_prefilter,"main_cat IN ('All Electronics', 'Camera & Photo')",0.37,0.3704,10,47,18.9841,21.3396,40.3237,71763,10,0.0
naive_prefilter,"main_cat IN ('All Electronics', 'Camera & Photo')",0.37,0.3704,10,48,19.0291,21.3154,40.3445,71763,10,1.0
naive_prefilter,"main_cat IN ('All Electronics', 'Camera & Photo')",0.37,0.3704,10,49,18.9053,21.4908,40.3961,71763,10,1.0
post_filter,"main_cat IN ('All Electronics', 'Camera & Photo')",0.37,0.3704,10,0,0.0618,0.3816,0.4434,10,10,0.9
post_filter,"main_cat IN ('All Electronics', 'Camera & Photo')",0.37,0.3704,10,1,0.0231,0.8275,0.8506,10,10,1.0
post_filter,"main_cat IN ('All Electronics', 'Camera & Photo')",0.37,0.3704,10,2,0.017,0.6679,0.6849,10,10,1.0
post_filter,"main_cat IN ('All Electronics', 'Camera & Photo')",0.37,0.3704,10,3,0.0347,0.6872,0.7218,10,10,1.0
post_filter,"main_cat IN ('All Electronics', 'Camera & Photo')",0.37,0.3704,10,4,0.0189,0.7786,0.7975,10,10,1.0
post_filter,"main_cat IN ('All Electronics', 'Camera & Photo')",0.37,0.3704,10,5,0.0158,0.7698,0.7857,10,10,1.0
post_filter,"main_cat IN ('All Electronics', 'Camera & Photo')",0.37,0.3704,10,6,0.023,0.8558,0.8788,10,10,1.0
post_filter,"main_cat IN ('All Electronics', 'Camera & Photo')",0.37,0.3704,10,7,0.0277,0.6446,0.6723,10,10,1.0
post_filter,"main_cat IN ('All Electronics', 'Camera & Photo')",0.37,0.3704,10,8,0.054,0.9224,0.9764,10,10,1.0
post_filter,"main_cat IN ('All Electronics', 'Camera & Photo')",0.37,0.3704,10,9,0.0548,0.9305,0.9853,10,10,1.0
post_filter,"main_cat IN ('All Electronics', 'Camera & Photo')",0.37,0.3704,10,10,0.021,0.8961,0.9171,10,10,1.0
post_filter,"main_cat IN ('All Electronics', 'Camera & Photo')",0.37,0.3704,10,11,0.0449,1.0316,1.0765,10,10,1.0
post_filter,"main_cat IN ('All Electronics', 'Camera & Photo')",0.37,0.3704,10,12,0.1362,0.7355,0.8717,10,10,1.0
post_filter,"main_cat IN ('All Electronics', 'Camera & Photo')",0.37,0.3704,10,13,0.035,0.7436,0.7785,10,10,1.0
post_filter,"main_cat IN ('All Electronics', 'Camera & Photo')",0.37,0.3704,10,14,0.0622,0.528,0.5903,10,10,1.0
post_filter,"main_cat IN ('All Electronics', 'Camera & Photo')",0.37,0.3704,10,15,0.2281,0.4553,0.6834,10,10,0.8
post_filter,"main_cat IN ('All Electronics', 'Camera & Photo')",0.37,0.3704,10,16,0.0198,0.8269,0.8467,10,10,1.0
post_filter,"main_cat IN ('All Electronics', 'Camera & Photo')",0.37,0.3704,10,17,0.0335,0.6398,0.6734,10,10,1.0
post_filter,"main_cat IN ('All Electronics', 'Camera & Photo')",0.37,0.3704,10,18,0.0219,0.7425,0.7644,10,10,1.0
post_filter,"main_cat IN ('All Electronics', 'Camera & Photo')",0.37,0.3704,10,19,0.0234,0.7962,0.8196,10,10,1.0
post_filter,"main_cat IN ('All Electronics', 'Camera & Photo')",0.37,0.3704,10,20,0.0175,0.587,0.6046,10,10,1.0
post_filter,"main_cat IN ('All Electronics', 'Camera & Photo')",0.37,0.3704,10,21,0.0586,0.5966,0.6552,10,10,1.0
post_filter,"main_cat IN ('All Electronics', 'Camera & Photo')",0.37,0.3704,10,22,0.0171,0.669,0.6861,10,10,1.0
post_filter,"main_cat IN ('All Electronics', 'Camera & Photo')",0.37,0.3704,10,23,0.0232,0.6293,0.6525,10,10,1.0
post_filter,"main_cat IN ('All Electronics', 'Camera & Photo')",0.37,0.3704,10,24,0.0139,0.842,0.856,10,10,1.0
post_filter,"main_cat IN ('All Electronics', 'Camera & Photo')",0.37,0.3704,10,25,0.0301,0.259,0.289,10,10,0.9
post_filter,"main_cat IN ('All Electronics', 'Camera & Photo')",0.37,0.3704,10,26,0.016,0.7621,0.778,10,10,1.0
post_filter,"main_cat IN ('All Electronics', 'Camera & Photo')",0.37,0.3704,10,27,0.0125,0.7159,0.7284,10,10,1.0
post_filter,"main_cat IN ('All Electronics', 'Camera & Photo')",0.37,0.3704,10,28,0.0303,0.7706,0.801,10,10,1.0
post_filter,"main_cat IN ('All Electronics', 'Camera & Photo')",0.37,0.3704,10,29,0.0471,0.5438,0.5909,10,10,1.0
post_filter,"main_cat IN ('All Electronics', 'Camera & Photo')",0.37,0.3704,10,30,0.0351,0.3894,0.4245,10,10,0.0
post_filter,"main_cat IN ('All Electronics', 'Camera & Photo')",0.37,0.3704,10,31,0.033,0.7764,0.8094,10,10,1.0
post_filter,"main_cat IN ('All Electronics', 'Camera & Photo')",0.37,0.3704,10,32,0.0169,0.6116,0.6285,10,10,1.0
post_filter,"main_cat IN ('All Electronics', 'Camera & Photo')",0.37,0.3704,10,33,0.2033,0.4528,0.656,10,10,0.6
post_filter,"main_cat IN ('All Electronics', 'Camera & Photo')",0.37,0.3704,10,34,0.1182,0.7657,0.8839,10,10,1.0
post_filter,"main_cat IN ('All Electronics', 'Camera & Photo')",0.37,0.3704,10,35,0.0133,0.7929,0.8063,10,10,1.0
post_filter,"main_cat IN ('All Electronics', 'Camera & Photo')",0.37,0.3704,10,36,0.0152,0.6646,0.6798,10,10,1.0
post_filter,"main_cat IN ('All Electronics', 'Camera & Photo')",0.37,0.3704,10,37,0.0172,0.6008,0.618,10,10,1.0
post_filter,"main_cat IN ('All Electronics', 'Camera & Photo')",0.37,0.3704,10,38,0.0169,0.9353,0.9522,10,10,1.0
post_filter,"main_cat IN ('All Electronics', 'Camera & Photo')",0.37,0.3704,10,39,0.0191,0.4592,0.4783,10,10,1.0
post_filter,"main_cat IN ('All Electronics', 'Camera & Photo')",0.37,0.3704,10,40,0.023,0.9383,0.9613,10,10,1.0
post_filter,"main_cat IN ('All Electronics', 'Camera & Photo')",0.37,0.3704,10,41,0.021,0.5225,0.5434,10,10,1.0
post_filter,"main_cat IN ('All Electronics', 'Camera & Photo')",0.37,0.3704,10,42,0.0295,0.7705,0.8,10,10,1.0
post_filter,"main_cat IN ('All Electronics', 'Camera & Photo')",0.37,0.3704,10,43,0.0271,0.3968,0.4239,10,10,0.8
post_filter,"main_cat IN ('All Electronics', 'Camera & Photo')",0.37,0.3704,10,44,0.0178,0.574,0.5917,10,10,1.0
post_filter,"main_cat IN ('All Electronics', 'Camera & Photo')",0.37,0.3704,10,45,0.0278,0.8427,0.8705,10,10,1.0
post_filter,"main_cat IN ('All Electronics', 'Camera & Photo')",0.37,0.3704,10,46,0.0254,0.7617,0.7871,10,10,1.0
post_filter,"main_cat IN ('All Electronics', 'Camera & Photo')",0.37,0.3704,10,47,0.0278,0.253,0.2809,10,10,0.1
post_filter,"main_cat IN ('All Electronics', 'Camera & Photo')",0.37,0.3704,10,48,0.0229,0.8966,0.9195,10,10,1.0
post_filter,"main_cat IN ('All Electronics', 'Camera & Photo')",0.37,0.3704,10,49,0.0215,0.4265,0.4481,10,10,0.9
bitmap_prefilter,"main_cat IN ('All Electronics', 'Camera & Photo')",0.37,0.3704,10,0,0.0721,20.299,20.3711,71763,10,1.0
bitmap_prefilter,"main_cat IN ('All Electronics', 'Camera & Photo')",0.37,0.3704,10,1,0.0876,20.4193,20.5069,71763,10,1.0
bitmap_prefilter,"main_cat IN ('All Electronics', 'Camera & Photo')",0.37,0.3704,10,2,0.0776,20.4758,20.5534,71763,10,1.0
bitmap_prefilter,"main_cat IN ('All Electronics', 'Camera & Photo')",0.37,0.3704,10,3,0.0732,20.1855,20.2587,71763,10,1.0
bitmap_prefilter,"main_cat IN ('All Electronics', 'Camera & Photo')",0.37,0.3704,10,4,0.0709,20.2486,20.3195,71763,10,1.0
bitmap_prefilter,"main_cat IN ('All Electronics', 'Camera & Photo')",0.37,0.3704,10,5,0.0706,20.3176,20.3882,71763,10,1.0
bitmap_prefilter,"main_cat IN ('All Electronics', 'Camera & Photo')",0.37,0.3704,10,6,0.0708,20.217,20.2877,71763,10,1.0
bitmap_prefilter,"main_cat IN ('All Electronics', 'Camera & Photo')",0.37,0.3704,10,7,0.0852,20.1259,20.2111,71763,10,1.0
bitmap_prefilter,"main_cat IN ('All Electronics', 'Camera & Photo')",0.37,0.3704,10,8,0.0777,20.2356,20.3134,71763,10,1.0
bitmap_prefilter,"main_cat IN ('All Electronics', 'Camera & Photo')",0.37,0.3704,10,9,0.0745,20.2103,20.2848,71763,10,1.0
bitmap_prefilter,"main_cat IN ('All Electronics', 'Camera & Photo')",0.37,0.3704,10,10,0.0721,20.4036,20.4757,71763,10,1.0
bitmap_prefilter,"main_cat IN ('All Electronics', 'Camera & Photo')",0.37,0.3704,10,11,0.0773,20.1735,20.2507,71763,10,1.0
bitmap_prefilter,"main_cat IN ('All Electronics', 'Camera & Photo')",0.37,0.3704,10,12,0.073,20.2269,20.3,71763,10,1.0
bitmap_prefilter,"main_cat IN ('All Electronics', 'Camera & Photo')",0.37,0.3704,10,13,0.0718,20.1723,20.2441,71763,10,1.0
bitmap_prefilter,"main_cat IN ('All Electronics', 'Camera & Photo')",0.37,0.3704,10,14,0.0708,20.1829,20.2537,71763,10,1.0
bitmap_prefilter,"main_cat IN ('All Electronics', 'Camera & Photo')",0.37,0.3704,10,15,0.0709,20.5782,20.6491,71763,10,1.0
bitmap_prefilter,"main_cat IN ('All Electronics', 'Camera & Photo')",0.37,0.3704,10,16,0.0737,20.1581,20.2318,71763,10,1.0
bitmap_prefilter,"main_cat IN ('All Electronics', 'Camera & Photo')",0.37,0.3704,10,17,0.0716,20.141,20.2126,71763,10,1.0
bitmap_prefilter,"main_cat IN ('All Electronics', 'Camera & Photo')",0.37,0.3704,10,18,0.0704,20.3128,20.3832,71763,10,1.0
bitmap_prefilter,"main_cat IN ('All Electronics', 'Camera & Photo')",0.37,0.3704,10,19,0.0713,20.1277,20.199,71763,10,1.0
bitmap_prefilter,"main_cat IN ('All Electronics', 'Camera & Photo')",0.37,0.3704,10,20,0.0709,20.2111,20.282,71763,10,1.0
bitmap_prefilter,"main_cat IN ('All Electronics', 'Camera & Photo')",0.37,0.3704,10,21,0.0693,20.1046,20.174,71763,10,1.0
bitmap_prefilter,"main_cat IN ('All Electronics', 'Camera & Photo')",0.37,0.3704,10,22,0.0683,20.226,20.2943,71763,10,1.0
bitmap_prefilter,"main_cat IN ('All Electronics', 'Camera & Photo')",0.37,0.3704,10,23,0.0785,20.255,20.3334,71763,10,1.0
bitmap_prefilter,"main_cat IN ('All Electronics', 'Camera & Photo')",0.37,0.3704,10,24,0.0817,20.2371,20.3188,71763,10,1.0
bitmap_prefilter,"main_cat IN ('All Electronics', 'Camera & Photo')",0.37,0.3704,10,25,0.075,20.4817,20.5567,71763,10,1.0
bitmap_prefilter,"main_cat IN ('All Electronics', 'Camera & Photo')",0.37,0.3704,10,26,0.0733,20.1979,20.2712,71763,10,1.0
bitmap_prefilter,"main_cat IN ('All Electronics', 'Camera & Photo')",0.37,0.3704,10,27,0.0722,20.1164,20.1886,71763,10,1.0
bitmap_prefilter,"main_cat IN ('All Electronics', 'Camera & Photo')",0.37,0.3704,10,28,0.0717,20.3997,20.4714,71763,10,1.0
bitmap_prefilter,"main_cat IN ('All Electronics', 'Camera & Photo')",0.37,0.3704,10,29,0.0704,20.1027,20.173,71763,10,1.0
bitmap_prefilter,"main_cat IN ('All Electronics', 'Camera & Photo')",0.37,0.3704,10,30,0.0704,20.1454,20.2157,71763,10,1.0
bitmap_prefilter,"main_cat IN ('All Electronics', 'Camera & Photo')",0.37,0.3704,10,31,0.0694,20.1668,20.2362,71763,10,1.0
bitmap_prefilter,"main_cat IN ('All Electronics', 'Camera & Photo')",0.37,0.3704,10,32,0.073,20.1048,20.1778,71763,10,1.0
bitmap_prefilter,"main_cat IN ('All Electronics', 'Camera & Photo')",0.37,0.3704,10,33,0.0714,20.3038,20.3752,71763,10,1.0
bitmap_prefilter,"main_cat IN ('All Electronics', 'Camera & Photo')",0.37,0.3704,10,34,0.0703,20.1345,20.2049,71763,10,1.0
bitmap_prefilter,"main_cat IN ('All Electronics', 'Camera & Photo')",0.37,0.3704,10,35,0.0704,26.653,26.7235,71763,10,1.0
bitmap_prefilter,"main_cat IN ('All Electronics', 'Camera & Photo')",0.37,0.3704,10,36,0.2319,42.4585,42.6904,71763,10,1.0
bitmap_prefilter,"main_cat IN ('All Electronics', 'Camera & Photo')",0.37,0.3704,10,37,0.0861,20.8227,20.9088,71763,10,1.0
bitmap_prefilter,"main_cat IN ('All Electronics', 'Camera & Photo')",0.37,0.3704,10,38,0.0719,20.1048,20.1767,71763,10,1.0
bitmap_prefilter,"main_cat IN ('All Electronics', 'Camera & Photo')",0.37,0.3704,10,39,0.0708,20.1745,20.2453,71763,10,1.0
bitmap_prefilter,"main_cat IN ('All Electronics', 'Camera & Photo')",0.37,0.3704,10,40,0.0698,20.1648,20.2346,71763,10,1.0
bitmap_prefilter,"main_cat IN ('All Electronics', 'Camera & Photo')",0.37,0.3704,10,41,0.0708,20.2011,20.2719,71763,10,1.0
bitmap_prefilter,"main_cat IN ('All Electronics', 'Camera & Photo')",0.37,0.3704,10,42,0.0691,20.1248,20.1939,71763,10,1.0
bitmap_prefilter,"main_cat IN ('All Electronics', 'Camera & Photo')",0.37,0.3704,10,43,0.069,20.269,20.338,71763,10,1.0
bitmap_prefilter,"main_cat IN ('All Electronics', 'Camera & Photo')",0.37,0.3704,10,44,0.0698,20.145,20.2147,71763,10,1.0
bitmap_prefilter,"main_cat IN ('All Electronics', 'Camera & Photo')",0.37,0.3704,10,45,0.0694,20.0727,20.1421,71763,10,1.0
bitmap_prefilter,"main_cat IN ('All Electronics', 'Camera & Photo')",0.37,0.3704,10,46,0.069,20.3184,20.3874,71763,10,1.0
bitmap_prefilter,"main_cat IN ('All Electronics', 'Camera & Photo')",0.37,0.3704,10,47,0.0698,20.3046,20.3744,71763,10,0.0
bitmap_prefilter,"main_cat IN ('All Electronics', 'Camera & Photo')",0.37,0.3704,10,48,0.0712,20.518,20.5892,71763,10,1.0
bitmap_prefilter,"main_cat IN ('All Electronics', 'Camera & Photo')",0.37,0.3704,10,49,0.0697,20.155,20.2247,71763,10,1.0
brute_force,"main_cat IN ('All Electronics', 'Camera & Photo')",0.37,0.3704,50,0,0.4555,24.9642,25.4197,50,50,1.0
brute_force,"main_cat IN ('All Electronics', 'Camera & Photo')",0.37,0.3704,50,1,0.1325,24.7968,24.9293,50,50,1.0
brute_force,"main_cat IN ('All Electronics', 'Camera & Photo')",0.37,0.3704,50,2,0.0932,24.7883,24.8815,50,50,1.0
brute_force,"main_cat IN ('All Electronics', 'Camera & Photo')",0.37,0.3704,50,3,0.1602,24.6996,24.8598,50,50,1.0
brute_force,"main_cat IN ('All Electronics', 'Camera & Photo')",0.37,0.3704,50,4,0.1166,24.7871,24.9037,50,50,1.0
brute_force,"main_cat IN ('All Electronics', 'Camera & Photo')",0.37,0.3704,50,5,0.0704,24.7495,24.8199,50,50,1.0
brute_force,"main_cat IN ('All Electronics', 'Camera & Photo')",0.37,0.3704,50,6,0.1163,24.7101,24.8264,50,50,1.0
brute_force,"main_cat IN ('All Electronics', 'Camera & Photo')",0.37,0.3704,50,7,0.1245,24.5875,24.712,50,50,1.0
brute_force,"main_cat IN ('All Electronics', 'Camera & Photo')",0.37,0.3704,50,8,0.2306,24.663,24.8936,50,50,1.0
brute_force,"main_cat IN ('All Electronics', 'Camera & Photo')",0.37,0.3704,50,9,0.1465,24.613,24.7595,50,50,1.0
brute_force,"main_cat IN ('All Electronics', 'Camera & Photo')",0.37,0.3704,50,10,0.1079,24.6046,24.7125,50,50,1.0
brute_force,"main_cat IN ('All Electronics', 'Camera & Photo')",0.37,0.3704,50,11,0.1307,24.6519,24.7826,50,50,1.0
brute_force,"main_cat IN ('All Electronics', 'Camera & Photo')",0.37,0.3704,50,12,0.3535,24.7628,25.1163,50,50,1.0
brute_force,"main_cat IN ('All Electronics', 'Camera & Photo')",0.37,0.3704,50,13,0.212,24.735,24.947,50,50,1.0
brute_force,"main_cat IN ('All Electronics', 'Camera & Photo')",0.37,0.3704,50,14,0.1935,24.7637,24.9572,50,50,1.0
brute_force,"main_cat IN ('All Electronics', 'Camera & Photo')",0.37,0.3704,50,15,0.4506,24.7458,25.1964,50,50,1.0
brute_force,"main_cat IN ('All Electronics', 'Camera & Photo')",0.37,0.3704,50,16,0.103,25.0262,25.1292,50,50,1.0
brute_force,"main_cat IN ('All Electronics', 'Camera & Photo')",0.37,0.3704,50,17,0.1313,24.9156,25.0469,50,50,1.0
brute_force,"main_cat IN ('All Electronics', 'Camera & Photo')",0.37,0.3704,50,18,0.0909,24.847,24.9378,50,50,1.0
brute_force,"main_cat IN ('All Electronics', 'Camera & Photo')",0.37,0.3704,50,19,0.1015,24.84,24.9415,50,50,1.0
brute_force,"main_cat IN ('All Electronics', 'Camera & Photo')",0.37,0.3704,50,20,0.0954,25.0162,25.1116,50,50,1.0
brute_force,"main_cat IN ('All Electronics', 'Camera & Photo')",0.37,0.3704,50,21,0.1957,24.8011,24.9968,50,50,1.0
brute_force,"main_cat IN ('All Electronics', 'Camera & Photo')",0.37,0.3704,50,22,0.0862,24.9117,24.9979,50,50,1.0
brute_force,"main_cat IN ('All Electronics', 'Camera & Photo')",0.37,0.3704,50,23,0.1183,24.941,25.0592,50,50,1.0
brute_force,"main_cat IN ('All Electronics', 'Camera & Photo')",0.37,0.3704,50,24,0.086,24.8452,24.9311,50,50,1.0
brute_force,"main_cat IN ('All Electronics', 'Camera & Photo')",0.37,0.3704,50,25,0.1776,24.8118,24.9893,50,50,1.0
brute_force,"main_cat IN ('All Electronics', 'Camera & Photo')",0.37,0.3704,50,26,0.0878,24.8545,24.9423,50,50,1.0
brute_force,"main_cat IN ('All Electronics', 'Camera & Photo')",0.37,0.3704,50,27,0.0667,24.918,24.9847,50,50,1.0
brute_force,"main_cat IN ('All Electronics', 'Camera & Photo')",0.37,0.3704,50,28,0.143,24.9247,25.0678,50,50,1.0
brute_force,"main_cat IN ('All Electronics', 'Camera & Photo')",0.37,0.3704,50,29,0.1695,24.9511,25.1205,50,50,1.0
brute_force,"main_cat IN ('All Electronics', 'Camera & Photo')",0.37,0.3704,50,30,0.1242,24.8305,24.9547,50,50,1.0
brute_force,"main_cat IN ('All Electronics', 'Camera & Photo')",0.37,0.3704,50,31,0.1428,25.0895,25.2323,50,50,1.0
brute_force,"main_cat IN ('All Electronics', 'Camera & Photo')",0.37,0.3704,50,32,0.1152,25.0775,25.1927,50,50,1.0
brute_force,"main_cat IN ('All Electronics', 'Camera & Photo')",0.37,0.3704,50,33,0.371,25.0233,25.3942,50,50,1.0
brute_force,"main_cat IN ('All Electronics', 'Camera & Photo')",0.37,0.3704,50,34,0.402,24.9193,25.3214,50,50,1.0
brute_force,"main_cat IN ('All Electronics', 'Camera & Photo')",0.37,0.3704,50,35,0.0914,24.913,25.0044,50,50,1.0
brute_force,"main_cat IN ('All Electronics', 'Camera & Photo')",0.37,0.3704,50,36,0.0825,24.9493,25.0318,50,50,1.0
brute_force,"main_cat IN ('All Electronics', 'Camera & Photo')",0.37,0.3704,50,37,0.0832,24.7999,24.8831,50,50,1.0
brute_force,"main_cat IN ('All Electronics', 'Camera & Photo')",0.37,0.3704,50,38,0.0843,24.6909,24.7752,50,50,1.0
brute_force,"main_cat IN ('All Electronics', 'Camera & Photo')",0.37,0.3704,50,39,0.1235,24.7065,24.83,50,50,1.0
brute_force,"main_cat IN ('All Electronics', 'Camera & Photo')",0.37,0.3704,50,40,0.1358,24.9125,25.0483,50,50,1.0
brute_force,"main_cat IN ('All Electronics', 'Camera & Photo')",0.37,0.3704,50,41,0.1241,24.809,24.933,50,50,1.0
brute_force,"main_cat IN ('All Electronics', 'Camera & Photo')",0.37,0.3704,50,42,0.1825,24.8477,25.0302,50,50,1.0
brute_force,"main_cat IN ('All Electronics', 'Camera & Photo')",0.37,0.3704,50,43,0.1262,24.9512,25.0774,50,50,1.0
brute_force,"main_cat IN ('All Electronics', 'Camera & Photo')",0.37,0.3704,50,44,0.1248,24.9958,25.1206,50,50,1.0
brute_force,"main_cat IN ('All Electronics', 'Camera & Photo')",0.37,0.3704,50,45,0.1314,24.8942,25.0256,50,50,1.0
brute_force,"main_cat IN ('All Electronics', 'Camera & Photo')",0.37,0.3704,50,46,0.1881,24.797,24.9851,50,50,1.0
brute_force,"main_cat IN ('All Electronics', 'Camera & Photo')",0.37,0.3704,50,47,0.0986,24.5886,24.6872,50,50,1.0
brute_force,"main_cat IN ('All Electronics', 'Camera & Photo')",0.37,0.3704,50,48,0.1112,24.6753,24.7865,50,50,1.0
brute_force,"main_cat IN ('All Electronics', 'Camera & Photo')",0.37,0.3704,50,49,0.1077,24.6428,24.7505,50,50,1.0
naive_prefilter,"main_cat IN ('All Electronics', 'Camera & Photo')",0.37,0.3704,50,0,19.0765,21.4393,40.5158,71763,50,1.0
naive_prefilter,"main_cat IN ('All Electronics', 'Camera & Photo')",0.37,0.3704,50,1,19.1147,21.4031,40.5178,71763,50,1.0
naive_prefilter,"main_cat IN ('All Electronics', 'Camera & Photo')",0.37,0.3704,50,2,18.4992,22.7141,41.2134,71763,50,1.0
naive_prefilter,"main_cat IN ('All Electronics', 'Camera & Photo')",0.37,0.3704,50,3,18.869,21.5727,40.4417,71763,50,1.0
naive_prefilter,"main_cat IN ('All Electronics', 'Camera & Photo')",0.37,0.3704,50,4,18.9201,21.5345,40.4545,71763,50,1.0
naive_prefilter,"main_cat IN ('All Electronics', 'Camera & Photo')",0.37,0.3704,50,5,18.5663,22.1011,40.6674,71763,50,1.0
naive_prefilter,"main_cat IN ('All Electronics', 'Camera & Photo')",0.37,0.3704,50,6,18.766,22.3863,41.1523,71763,50,1.0
naive_prefilter,"main_cat IN ('All Electronics', 'Camera & Photo')",0.37,0.3704,50,7,18.8841,22.3231,41.2072,71763,50,1.0
naive_prefilter,"main_cat IN ('All Electronics', 'Camera & Photo')",0.37,0.3704,50,8,18.891,21.5562,40.4472,71763,50,1.0
naive_prefilter,"main_cat IN ('All Electronics', 'Camera & Photo')",0.37,0.3704,50,9,18.4808,21.3945,39.8754,71763,50,1.0
naive_prefilter,"main_cat IN ('All Electronics', 'Camera & Photo')",0.37,0.3704,50,10,18.6505,21.3048,39.9553,71763,50,1.0
naive_prefilter,"main_cat IN ('All Electronics', 'Camera & Photo')",0.37,0.3704,50,11,18.452,22.8526,41.3046,71763,50,1.0
naive_prefilter,"main_cat IN ('All Electronics', 'Camera & Photo')",0.37,0.3704,50,12,18.5421,21.7061,40.2482,71763,50,1.0
naive_prefilter,"main_cat IN ('All Electronics', 'Camera & Photo')",0.37,0.3704,50,13,18.3704,21.6294,39.9998,71763,50,1.0
naive_prefilter,"main_cat IN ('All Electronics', 'Camera & Photo')",0.37,0.3704,50,14,18.6657,21.4193,40.085,71763,50,1.0
naive_prefilter,"main_cat IN ('All Electronics', 'Camera & Photo')",0.37,0.3704,50,15,18.589,21.3098,39.8988,71763,50,1.0
naive_prefilter,"main_cat IN ('All Electronics', 'Camera & Photo')",0.37,0.3704,50,16,18.4534,21.3579,39.8113,71763,50,1.0
naive_prefilter,"main_cat IN ('All Electronics', 'Camera & Photo')",0.37,0.3704,50,17,18.5882,21.3913,39.9795,71763,50,1.0
naive_prefilter,"main_cat IN ('All Electronics', 'Camera & Photo')",0.37,0.3704,50,18,18.5553,21.5038,40.0591,71763,50,1.0
naive_prefilter,"main_cat IN ('All Electronics', 'Camera & Photo')",0.37,0.3704,50,19,18.3766,21.389,39.7656,71763,50,1.0
naive_prefilter,"main_cat IN ('All Electronics', 'Camera & Photo')",0.37,0.3704,50,20,18.5749,21.5617,40.1365,71763,50,1.0
naive_prefilter,"main_cat IN ('All Electronics', 'Camera & Photo')",0.37,0.3704,50,21,18.7389,21.5007,40.2396,71763,50,1.0
naive_prefilter,"main_cat IN ('All Electronics', 'Camera & Photo')",0.37,0.3704,50,22,18.5176,21.3765,39.8941,71763,50,1.0
naive_prefilter,"main_cat IN ('All Electronics', 'Camera & Photo')",0.37,0.3704,50,23,18.5522,21.3982,39.9504,71763,50,1.0
naive_prefilter,"main_cat IN ('All Electronics', 'Camera & Photo')",0.37,0.3704,50,24,18.649,21.3704,40.0195,71763,50,1.0
naive_prefilter,"main_cat IN ('All Electronics', 'Camera & Photo')",0.37,0.3704,50,25,18.3671,21.4065,39.7736,71763,50,0.98
naive_prefilter,"main_cat IN ('All Electronics', 'Camera & Photo')",0.37,0.3704,50,26,18.3683,21.6211,39.9894,71763,50,1.0
naive_prefilter,"main_cat IN ('All Electronics', 'Camera & Photo')",0.37,0.3704,50,27,18.6658,21.3575,40.0233,71763,50,1.0
naive_prefilter,"main_cat IN ('All Electronics', 'Camera & Photo')",0.37,0.3704,50,28,18.507,21.467,39.974,71763,50,1.0
naive_prefilter,"main_cat IN ('All Electronics', 'Camera & Photo')",0.37,0.3704,50,29,18.422,21.3402,39.7622,71763,50,1.0
naive_prefilter,"main_cat IN ('All Electronics', 'Camera & Photo')",0.37,0.3704,50,30,18.4799,21.496,39.9759,71763,50,0.66
naive_prefilter,"main_cat IN ('All Electronics', 'Camera & Photo')",0.37,0.3704,50,31,18.3968,21.5989,39.9956,71763,50,1.0
naive_prefilter,"main_cat IN ('All Electronics', 'Camera & Photo')",0.37,0.3704,50,32,18.49,21.4645,39.9545,71763,50,1.0
naive_prefilter,"main_cat IN ('All Electronics', 'Camera & Photo')",0.37,0.3704,50,33,18.4849,21.4475,39.9324,71763,50,1.0
naive_prefilter,"main_cat IN ('All Electronics', 'Camera & Photo')",0.37,0.3704,50,34,18.3879,21.334,39.7219,71763,50,1.0
naive_prefilter,"main_cat IN ('All Electronics', 'Camera & Photo')",0.37,0.3704,50,35,18.4592,21.7784,40.2376,71763,50,1.0
naive_prefilter,"main_cat IN ('All Electronics', 'Camera & Photo')",0.37,0.3704,50,36,18.3308,21.619,39.9497,71763,50,1.0
naive_prefilter,"main_cat IN ('All Electronics', 'Camera & Photo')",0.37,0.3704,50,37,19.1093,21.3588,40.4681,71763,50,1.0
naive_prefilter,"main_cat IN ('All Electronics', 'Camera & Photo')",0.37,0.3704,50,38,19.0948,21.3388,40.4336,71763,50,1.0
naive_prefilter,"main_cat IN ('All Electronics', 'Camera & Photo')",0.37,0.3704,50,39,18.8654,21.6082,40.4736,71763,50,1.0
naive_prefilter,"main_cat IN ('All Electronics', 'Camera & Photo')",0.37,0.3704,50,40,18.6704,21.3752,40.0456,71763,50,1.0
naive_prefilter,"main_cat IN ('All Electronics', 'Camera & Photo')",0.37,0.3704,50,41,18.3611,21.6244,39.9855,71763,50,1.0
naive_prefilter,"main_cat IN ('All Electronics', 'Camera & Photo')",0.37,0.3704,50,42,18.7518,21.3418,40.0936,71763,50,1.0
naive_prefilter,"main_cat IN ('All Electronics', 'Camera & Photo')",0.37,0.3704,50,43,18.6583,21.3783,40.0366,71763,50,0.92
naive_prefilter,"main_cat IN ('All Electronics', 'Camera & Photo')",0.37,0.3704,50,44,18.446,21.4674,39.9134,71763,50,1.0
naive_prefilter,"main_cat IN ('All Electronics', 'Camera & Photo')",0.37,0.3704,50,45,18.7198,22.2065,40.9263,71763,50,1.0
naive_prefilter,"main_cat IN ('All Electronics', 'Camera & Photo')",0.37,0.3704,50,46,18.9013,21.7964,40.6977,71763,50,1.0
naive_prefilter,"main_cat IN ('All Electronics', 'Camera & Photo')",0.37,0.3704,50,47,19.0705,21.2938,40.3643,71763,50,0.68
naive_prefilter,"main_cat IN ('All Electronics', 'Camera & Photo')",0.37,0.3704,50,48,18.8439,21.6316,40.4755,71763,50,1.0
naive_prefilter,"main_cat IN ('All Electronics', 'Camera & Photo')",0.37,0.3704,50,49,18.735,21.5497,40.2848,71763,50,1.0
post_filter,"main_cat IN ('All Electronics', 'Camera & Photo')",0.37,0.3704,50,0,0.1757,0.5183,0.694,50,50,0.9
post_filter,"main_cat IN ('All Electronics', 'Camera & Photo')",0.37,0.3704,50,1,0.1103,1.0883,1.1987,50,50,0.96
post_filter,"main_cat IN ('All Electronics', 'Camera & Photo')",0.37,0.3704,50,2,0.0858,0.9177,1.0035,50,50,0.98
post_filter,"main_cat IN ('All Electronics', 'Camera & Photo')",0.37,0.3704,50,3,0.1471,0.9636,1.1107,50,50,0.94
post_filter,"main_cat IN ('All Electronics', 'Camera & Photo')",0.37,0.3704,50,4,0.0943,1.1386,1.2328,50,50,0.96
post_filter,"main_cat IN ('All Electronics', 'Camera & Photo')",0.37,0.3704,50,5,0.2002,0.9778,1.178,50,50,1.0
post_filter,"main_cat IN ('All Electronics', 'Camera & Photo')",0.37,0.3704,50,6,0.1279,1.2524,1.3802,50,50,0.98
post_filter,"main_cat IN ('All Electronics', 'Camera & Photo')",0.37,0.3704,50,7,0.1149,0.8636,0.9785,50,50,1.0
post_filter,"main_cat IN ('All Electronics', 'Camera & Photo')",0.37,0.3704,50,8,0.2047,1.158,1.3628,50,50,1.0
post_filter,"main_cat IN ('All Electronics', 'Camera & Photo')",0.37,0.3704,50,9,0.122,1.1544,1.2764,50,50,0.98
post_filter,"main_cat IN ('All Electronics', 'Camera & Photo')",0.37,0.3704,50,10,0.093,1.0345,1.1275,50,50,0.98
post_filter,"main_cat IN ('All Electronics', 'Camera & Photo')",0.37,0.3704,50,11,0.1143,1.0256,1.14,50,50,0.88
post_filter,"main_cat IN ('All Electronics', 'Camera & Photo')",0.37,0.3704,50,12,0.3252,0.8187,1.1439,50,50,0.86
post_filter,"main_cat IN ('All Electronics', 'Camera & Photo')",0.37,0.3704,50,13,0.1712,0.8496,1.0208,50,50,0.94
post_filter,"main_cat IN ('All Electronics', 'Camera & Photo')",0.37,0.3704,50,14,0.1757,0.6353,0.811,50,50,0.9
post_filter,"main_cat IN ('All Electronics', 'Camera & Photo')",0.37,0.3704,50,15,0.4181,0.5899,1.008,50,50,0.56
post_filter,"main_cat IN ('All Electronics', 'Camera & Photo')",0.37,0.3704,50,16,0.0882,1.049,1.1372,50,50,0.98
post_filter,"main_cat IN ('All Electronics', 'Camera & Photo')",0.37,0.3704,50,17,0.1057,0.7823,0.888,50,50,0.98
post_filter,"main_cat IN ('All Electronics', 'Camera & Photo')",0.37,0.3704,50,18,0.0752,0.9376,1.0128,50,50,1.0
post_filter,"main_cat IN ('All Electronics', 'Camera & Photo')",0.37,0.3704,50,19,0.0861,0.9924,1.0785,50,50,0.94
post_filter,"main_cat IN ('All Electronics', 'Camera & Photo')",0.37,0.3704,50,20,0.0759,0.7078,0.7837,50,50,1.0
post_filter,"main_cat IN ('All Electronics', 'Camera & Photo')",0.37,0.3704,50,21,0.1606,0.7569,0.9175,50,50,0.74
post_filter,"main_cat IN ('All Electronics', 'Camera & Photo')",0.37,0.3704,50,22,0.0714,0.7834,0.8548,50,50,0.92
post_filter,"main_cat IN ('All Electronics', 'Camera & Photo')",0.37,0.3704,50,23,0.0963,0.7385,0.8349,50,50,1.0
post_filter,"main_cat IN ('All Electronics', 'Camera & Photo')",0.37,0.3704,50,24,0.0697,1.1201,1.1898,50,50,1.0
post_filter,"main_cat IN ('All Electronics', 'Camera & Photo')",0.37,0.3704,50,25,0.1588,0.3426,0.5014,50,50,0.56
post_filter,"main_cat IN ('All Electronics', 'Camera & Photo')",0.37,0.3704,50,26,0.0665,1.0195,1.086,50,50,1.0
post_filter,"main_cat IN ('All Electronics', 'Camera & Photo')",0.37,0.3704,50,27,0.0604,0.9542,1.0145,50,50,1.0
post_filter,"main_cat IN ('All Electronics', 'Camera & Photo')",0.37,0.3704,50,28,0.1196,0.9896,1.1093,50,50,0.92
post_filter,"main_cat IN ('All Electronics', 'Camera & Photo')",0.37,0.3704,50,29,0.1393,0.611,0.7503,50,50,0.98
post_filter,"main_cat IN ('All Electronics', 'Camera & Photo')",0.37,0.3704,50,30,0.1055,0.4781,0.5836,50,50,0.0
post_filter,"main_cat IN ('All Electronics', 'Camera & Photo')",0.37,0.3704,50,31,0.1383,1.0245,1.1628,50,50,0.92
post_filter,"main_cat IN ('All Electronics', 'Camera & Photo')",0.37,0.3704,50,32,0.0933,0.7717,0.8649,50,50,1.0
post_filter,"main_cat IN ('All Electronics', 'Camera & Photo')",0.37,0.3704,50,33,0.4317,0.6087,1.0404,50,50,0.34
post_filter,"main_cat IN ('All Electronics', 'Camera & Photo')",0.37,0.3704,50,34,0.3477,0.9638,1.3114,50,50,0.92
post_filter,"main_cat IN ('All Electronics', 'Camera & Photo')",0.37,0.3704,50,35,0.0753,1.0,1.0753,50,50,1.0
post_filter,"main_cat IN ('All Electronics', 'Camera & Photo')",0.37,0.3704,50,36,0.0701,0.8092,0.8793,50,50,0.98
post_filter,"main_cat IN ('All Electronics', 'Camera & Photo')",0.37,0.3704,50,37,0.0695,0.7472,0.8168,50,50,1.0
post_filter,"main_cat IN ('All Electronics', 'Camera & Photo')",0.37,0.3704,50,38,0.0715,1.2358,1.3073,50,50,0.94
post_filter,"main_cat IN ('All Electronics', 'Camera & Photo')",0.37,0.3704,50,39,0.1025,0.5685,0.671,50,50,0.98
post_filter,"main_cat IN ('All Electronics', 'Camera & Photo')",0.37,0.3704,50,40,0.1083,1.2373,1.3456,50,50,0.96
post_filter,"main_cat IN ('All Electronics', 'Camera & Photo')",0.37,0.3704,50,41,0.0995,0.6381,0.7376,50,50,1.0
post_filter,"main_cat IN ('All Electronics', 'Camera & Photo')",0.37,0.3704,50,42,0.1541,0.9712,1.1253,50,50,0.94
post_filter,"main_cat IN ('All Electronics', 'Camera & Photo')",0.37,0.3704,50,43,0.1075,0.4859,0.5934,50,50,0.84
post_filter,"main_cat IN ('All Electronics', 'Camera & Photo')",0.37,0.3704,50,44,0.0989,0.7131,0.812,50,50,1.0
post_filter,"main_cat IN ('All Electronics', 'Camera & Photo')",0.37,0.3704,50,45,0.1011,1.0417,1.1428,50,50,0.98
post_filter,"main_cat IN ('All Electronics', 'Camera & Photo')",0.37,0.3704,50,46,0.1621,0.8529,1.015,50,50,0.88
post_filter,"main_cat IN ('All Electronics', 'Camera & Photo')",0.37,0.3704,50,47,0.105,0.3014,0.4064,50,50,0.68
post_filter,"main_cat IN ('All Electronics', 'Camera & Photo')",0.37,0.3704,50,48,0.0888,1.0422,1.131,50,50,1.0
post_filter,"main_cat IN ('All Electronics', 'Camera & Photo')",0.37,0.3704,50,49,0.0864,0.4935,0.5799,50,50,0.94
bitmap_prefilter,"main_cat IN ('All Electronics', 'Camera & Photo')",0.37,0.3704,50,0,0.0723,20.3223,20.3946,71763,50,1.0
bitmap_prefilter,"main_cat IN ('All Electronics', 'Camera & Photo')",0.37,0.3704,50,1,0.0777,20.528,20.6058,71763,50,1.0
bitmap_prefilter,"main_cat IN ('All Electronics', 'Camera & Photo')",0.37,0.3704,50,2,0.0841,20.2005,20.2846,71763,50,1.0
bitmap_prefilter,"main_cat IN ('All Electronics', 'Camera & Photo')",0.37,0.3704,50,3,0.0793,20.2175,20.2968,71763,50,1.0
bitmap_prefilter,"main_cat IN ('All Electronics', 'Camera & Photo')",0.37,0.3704,50,4,0.0723,20.2517,20.324,71763,50,1.0
bitmap_prefilter,"main_cat IN ('All Electronics', 'Camera & Photo')",0.37,0.3704,50,5,0.071,20.139,20.21,71763,50,1.0
bitmap_prefilter,"main_cat IN ('All Electronics', 'Camera & Photo')",0.37,0.3704,50,6,0.0742,20.2508,20.325,71763,50,1.0
bitmap_prefilter,"main_cat IN ('All Electronics', 'Camera & Photo')",0.37,0.3704,50,7,0.0695,20.2833,20.3529,71763,50,1.0
bitmap_prefilter,"main_cat IN ('All Electronics', 'Camera & Photo')",0.37,0.3704,50,8,0.0773,20.2646,20.3419,71763,50,1.0
bitmap_prefilter,"main_cat IN ('All Electronics', 'Camera & Photo')",0.37,0.3704,50,9,0.0688,20.2028,20.2716,71763,50,1.0
bitmap_prefilter,"main_cat IN ('All Electronics', 'Camera & Photo')",0.37,0.3704,50,10,0.069,20.1932,20.2622,71763,50,1.0
bitmap_prefilter,"main_cat IN ('All Electronics', 'Camera & Photo')",0.37,0.3704,50,11,0.0855,20.2373,20.3228,71763,50,1.0
bitmap_prefilter,"main_cat IN ('All Electronics', 'Camera & Photo')",0.37,0.3704,50,12,0.0762,20.2492,20.3254,71763,50,1.0
bitmap_prefilter,"main_cat IN ('All Electronics', 'Camera & Photo')",0.37,0.3704,50,13,0.0711,20.1799,20.251,71763,50,1.0
bitmap_prefilter,"main_cat IN ('All Electronics', 'Camera & Photo')",0.37,0.3704,50,14,0.0698,20.3376,20.4074,71763,50,1.0
bitmap_prefilter,"main_cat IN ('All Electronics', 'Camera & Photo')",0.37,0.3704,50,15,0.0689,20.137,20.206,71763,50,1.0
bitmap_prefilter,"main_cat IN ('All Electronics', 'Camera & Photo')",0.37,0.3704,50,16,0.0674,20.1363,20.2037,71763,50,1.0
bitmap_prefilter,"main_cat IN ('All Electronics', 'Camera & Photo')",0.37,0.3704,50,17,0.0686,20.1601,20.2287,71763,50,1.0
bitmap_prefilter,"main_cat IN ('All Electronics', 'Camera & Photo')",0.37,0.3704,50,18,0.0703,20.2433,20.3135,71763,50,1.0
bitmap_prefilter,"main_cat IN ('All Electronics', 'Camera & Photo')",0.37,0.3704,50,19,0.071,20.2019,20.273,71763,50,1.0
bitmap_prefilter,"main_cat IN ('All Electronics', 'Camera & Photo')",0.37,0.3704,50,20,0.0687,20.1832,20.252,71763,50,1.0
bitmap_prefilter,"main_cat IN ('All Electronics', 'Camera & Photo')",0.37,0.3704,50,21,0.0683,20.1732,20.2415,71763,50,1.0
bitmap_prefilter,"main_cat IN ('All Electronics', 'Camera & Photo')",0.37,0.3704,50,22,0.0677,20.2199,20.2877,71763,50,1.0
bitmap_prefilter,"main_cat IN ('All Electronics', 'Camera & Photo')",0.37,0.3704,50,23,0.0705,20.2024,20.2729,71763,50,1.0
bitmap_prefilter,"main_cat IN ('All Electronics', 'Camera & Photo')",0.37,0.3704,50,24,0.0742,20.3892,20.4634,71763,50,1.0
bitmap_prefilter,"main_cat IN ('All Electronics', 'Camera & Photo')",0.37,0.3704,50,25,0.0679,20.5342,20.6021,71763,50,0.98
bitmap_prefilter,"main_cat IN ('All Electronics', 'Camera & Photo')",0.37,0.3704,50,26,0.0801,20.2167,20.2969,71763,50,1.0
bitmap_prefilter,"main_cat IN ('All Electronics', 'Camera & Photo')",0.37,0.3704,50,27,0.074,20.3178,20.3918,71763,50,1.0
bitmap_prefilter,"main_cat IN ('All Electronics', 'Camera & Photo')",0.37,0.3704,50,28,0.0737,20.2196,20.2933,71763,50,1.0
bitmap_prefilter,"main_cat IN ('All Electronics', 'Camera & Photo')",0.37,0.3704,50,29,0.0724,20.2327,20.3051,71763,50,1.0
bitmap_prefilter,"main_cat IN ('All Electronics', 'Camera & Photo')",0.37,0.3704,50,30,0.07,20.1603,20.2304,71763,50,0.66
bitmap_prefilter,"main_cat IN ('All Electronics', 'Camera & Photo')",0.37,0.3704,50,31,0.071,20.2539,20.3249,71763,50,1.0
bitmap_prefilter,"main_cat IN ('All Electronics', 'Camera & Photo')",0.37,0.3704,50,32,0.0698,20.3458,20.4157,71763,50,1.0
bitmap_prefilter,"main_cat IN ('All Electronics', 'Camera & Photo')",0.37,0.3704,50,33,0.0695,20.3205,20.39,71763,50,1.0
bitmap_prefilter,"main_cat IN ('All Electronics', 'Camera & Photo')",0.37,0.3704,50,34,0.0707,20.3004,20.371,71763,50,1.0
bitmap_prefilter,"main_cat IN ('All Electronics', 'Camera & Photo')",0.37,0.3704,50,35,0.0682,20.2236,20.2918,71763,50,1.0
bitmap_prefilter,"main_cat IN ('All Electronics', 'Camera & Photo')",0.37,0.3704,50,36,0.069,20.5067,20.5757,71763,50,1.0
bitmap_prefilter,"main_cat IN ('All Electronics', 'Camera & Photo')",0.37,0.3704,50,37,0.0687,20.4955,20.5642,71763,50,1.0
bitmap_prefilter,"main_cat IN ('All Electronics', 'Camera & Photo')",0.37,0.3704,50,38,0.0685,20.4102,20.4788,71763,50,1.0
bitmap_prefilter,"main_cat IN ('All Electronics', 'Camera & Photo')",0.37,0.3704,50,39,0.068,20.3184,20.3863,71763,50,1.0
bitmap_prefilter,"main_cat IN ('All Electronics', 'Camera & Photo')",0.37,0.3704,50,40,0.0679,20.3016,20.3695,71763,50,1.0
bitmap_prefilter,"main_cat IN ('All Electronics', 'Camera & Photo')",0.37,0.3704,50,41,0.0687,20.1512,20.22,71763,50,1.0
bitmap_prefilter,"main_cat IN ('All Electronics', 'Camera & Photo')",0.37,0.3704,50,42,0.0678,20.3713,20.4391,71763,50,1.0
bitmap_prefilter,"main_cat IN ('All Electronics', 'Camera & Photo')",0.37,0.3704,50,43,0.0689,20.1213,20.1902,71763,50,0.92
bitmap_prefilter,"main_cat IN ('All Electronics', 'Camera & Photo')",0.37,0.3704,50,44,0.0708,20.8486,20.9194,71763,50,1.0
bitmap_prefilter,"main_cat IN ('All Electronics', 'Camera & Photo')",0.37,0.3704,50,45,0.0678,20.3271,20.3949,71763,50,1.0
bitmap_prefilter,"main_cat IN ('All Electronics', 'Camera & Photo')",0.37,0.3704,50,46,0.0668,20.1191,20.1859,71763,50,1.0
bitmap_prefilter,"main_cat IN ('All Electronics', 'Camera & Photo')",0.37,0.3704,50,47,0.0702,20.2971,20.3673,71763,50,0.68
bitmap_prefilter,"main_cat IN ('All Electronics', 'Camera & Photo')",0.37,0.3704,50,48,0.0681,20.3013,20.3695,71763,50,1.0
bitmap_prefilter,"main_cat IN ('All Electronics', 'Camera & Photo')",0.37,0.3704,50,49,0.0677,20.1592,20.227,71763,50,1.0
brute_force,overall<=4.0,0.39,0.3897,10,0,0.0423,24.6859,24.7282,10,10,1.0
brute_force,overall<=4.0,0.39,0.3897,10,1,0.0856,24.9652,25.0508,10,10,1.0
brute_force,overall<=4.0,0.39,0.3897,10,2,0.1009,25.0417,25.1427,10,10,1.0
brute_force,overall<=4.0,0.39,0.3897,10,3,0.0709,24.7177,24.7886,10,10,1.0
brute_force,overall<=4.0,0.39,0.3897,10,4,0.0377,24.5886,24.6263,10,10,1.0
brute_force,overall<=4.0,0.39,0.3897,10,5,0.0308,24.6038,24.6347,10,10,1.0
brute_force,overall<=4.0,0.39,0.3897,10,6,0.0284,24.6375,24.6659,10,10,1.0
brute_force,overall<=4.0,0.39,0.3897,10,7,0.0253,24.6378,24.663,10,10,1.0
brute_force,overall<=4.0,0.39,0.3897,10,8,0.0295,24.6819,24.7114,10,10,1.0
brute_force,overall<=4.0,0.39,0.3897,10,9,0.0354,24.7056,24.741,10,10,1.0
brute_force,overall<=4.0,0.39,0.3897,10,10,0.0316,24.6293,24.6609,10,10,1.0
brute_force,overall<=4.0,0.39,0.3897,10,11,0.0378,24.5538,24.5917,10,10,1.0
brute_force,overall<=4.0,0.39,0.3897,10,12,0.0464,24.7046,24.751,10,10,1.0
brute_force,overall<=4.0,0.39,0.3897,10,13,0.0735,24.7188,24.7923,10,10,1.0
brute_force,overall<=4.0,0.39,0.3897,10,14,0.0258,26.0005,26.0263,10,10,1.0
brute_force,overall<=4.0,0.39,0.3897,10,15,0.0349,24.9374,24.9723,10,10,1.0
brute_force,overall<=4.0,0.39,0.3897,10,16,0.0835,24.7214,24.8049,10,10,1.0
brute_force,overall<=4.0,0.39,0.3897,10,17,0.0513,24.6942,24.7455,10,10,1.0
brute_force,overall<=4.0,0.39,0.3897,10,18,0.0252,24.599,24.6242,10,10,1.0
brute_force,overall<=4.0,0.39,0.3897,10,19,0.039,24.5659,24.6049,10,10,1.0
brute_force,overall<=4.0,0.39,0.3897,10,20,0.0945,24.8169,24.9114,10,10,1.0
brute_force,overall<=4.0,0.39,0.3897,10,21,0.0262,24.6741,24.7003,10,10,1.0
brute_force,overall<=4.0,0.39,0.3897,10,22,0.0359,24.6354,24.6712,10,10,1.0
brute_force,overall<=4.0,0.39,0.3897,10,23,0.0739,24.6882,24.7621,10,10,1.0
brute_force,overall<=4.0,0.39,0.3897,10,24,0.0307,24.5929,24.6236,10,10,1.0
brute_force,overall<=4.0,0.39,0.3897,10,25,0.0535,24.783,24.8365,10,10,1.0
brute_force,overall<=4.0,0.39,0.3897,10,26,0.0637,25.0451,25.1088,10,10,1.0
brute_force,overall<=4.0,0.39,0.3897,10,27,0.0233,24.7456,24.7689,10,10,1.0
brute_force,overall<=4.0,0.39,0.3897,10,28,0.0327,24.6176,24.6503,10,10,1.0
brute_force,overall<=4.0,0.39,0.3897,10,29,0.0304,24.7934,24.8238,10,10,1.0
brute_force,overall<=4.0,0.39,0.3897,10,30,0.0833,24.6746,24.758,10,10,1.0
brute_force,overall<=4.0,0.39,0.3897,10,31,0.0415,24.6261,24.6677,10,10,1.0
brute_force,overall<=4.0,0.39,0.3897,10,32,0.0205,24.7479,24.7685,10,10,1.0
brute_force,overall<=4.0,0.39,0.3897,10,33,0.0225,24.8916,24.9141,10,10,1.0
brute_force,overall<=4.0,0.39,0.3897,10,34,0.0365,24.6677,24.7042,10,10,1.0
brute_force,overall<=4.0,0.39,0.3897,10,35,0.0234,24.6611,24.6845,10,10,1.0
brute_force,overall<=4.0,0.39,0.3897,10,36,0.0189,24.6376,24.6565,10,10,1.0
brute_force,overall<=4.0,0.39,0.3897,10,37,0.1112,24.6808,24.792,10,10,1.0
brute_force,overall<=4.0,0.39,0.3897,10,38,0.0253,24.5042,24.5296,10,10,1.0
brute_force,overall<=4.0,0.39,0.3897,10,39,0.0993,24.6754,24.7748,10,10,1.0
brute_force,overall<=4.0,0.39,0.3897,10,40,0.0233,24.565,24.5883,10,10,1.0
brute_force,overall<=4.0,0.39,0.3897,10,41,0.0216,24.9392,24.9609,10,10,1.0
brute_force,overall<=4.0,0.39,0.3897,10,42,0.0211,24.5577,24.5788,10,10,1.0
brute_force,overall<=4.0,0.39,0.3897,10,43,0.0547,24.6532,24.7078,10,10,1.0
brute_force,overall<=4.0,0.39,0.3897,10,44,0.021,24.6798,24.7009,10,10,1.0
brute_force,overall<=4.0,0.39,0.3897,10,45,0.0811,24.7201,24.8012,10,10,1.0
brute_force,overall<=4.0,0.39,0.3897,10,46,0.0596,24.6132,24.6728,10,10,1.0
brute_force,overall<=4.0,0.39,0.3897,10,47,0.0392,24.6722,24.7114,10,10,1.0
brute_force,overall<=4.0,0.39,0.3897,10,48,0.0595,24.645,24.7045,10,10,1.0
brute_force,overall<=4.0,0.39,0.3897,10,49,0.0943,24.9299,25.0242,10,10,1.0
naive_prefilter,overall<=4.0,0.39,0.3897,10,0,20.2719,29.1246,49.3965,75517,10,1.0
naive_prefilter,overall<=4.0,0.39,0.3897,10,1,20.2627,28.3247,48.5873,75517,10,1.0
naive_prefilter,overall<=4.0,0.39,0.3897,10,2,19.8582,28.7373,48.5955,75517,10,1.0
naive_prefilter,overall<=4.0,0.39,0.3897,10,3,20.2178,28.2468,48.4646,75517,10,1.0
naive_prefilter,overall<=4.0,0.39,0.3897,10,4,19.8642,28.1217,47.9859,75517,10,1.0
naive_prefilter,overall<=4.0,0.39,0.3897,10,5,19.6461,28.5575,48.2035,75517,10,1.0
naive_prefilter,overall<=4.0,0.39,0.3897,10,6,20.8961,28.0953,48.9915,75517,10,1.0
naive_prefilter,overall<=4.0,0.39,0.3897,10,7,20.9205,28.4008,49.3213,75517,10,1.0
naive_prefilter,overall<=4.0,0.39,0.3897,10,8,20.7757,28.1674,48.9432,75517,10,1.0
naive_prefilter,overall<=4.0,0.39,0.3897,10,9,20.7703,28.06,48.8303,75517,10,1.0
naive_prefilter,overall<=4.0,0.39,0.3897,10,10,20.755,27.9615,48.7165,75517,10,1.0
naive_prefilter,overall<=4.0,0.39,0.3897,10,11,20.7542,28.0905,48.8447,75517,10,1.0
naive_prefilter,overall<=4.0,0.39,0.3897,10,12,20.6143,28.0557,48.67,75517,10,1.0
naive_prefilter,overall<=4.0,0.39,0.3897,10,13,20.1702,28.0089,48.1791,75517,10,1.0
naive_prefilter,overall<=4.0,0.39,0.3897,10,14,20.9471,28.1537,49.1008,75517,10,1.0
naive_prefilter,overall<=4.0,0.39,0.3897,10,15,20.3781,28.0272,48.4052,75517,10,1.0
naive_prefilter,overall<=4.0,0.39,0.3897,10,16,20.7757,28.1237,48.8993,75517,10,1.0
naive_prefilter,overall<=4.0,0.39,0.3897,10,17,20.603,28.0387,48.6417,75517,10,1.0
naive_prefilter,overall<=4.0,0.39,0.3897,10,18,20.3102,28.1919,48.5021,75517,10,1.0
naive_prefilter,overall<=4.0,0.39,0.3897,10,19,20.5189,28.0644,48.5833,75517,10,1.0
naive_prefilter,overall<=4.0,0.39,0.3897,10,20,20.4793,28.3002,48.7795,75517,10,1.0
naive_prefilter,overall<=4.0,0.39,0.3897,10,21,20.6829,28.2694,48.9523,75517,10,1.0
naive_prefilter,overall<=4.0,0.39,0.3897,10,22,20.9351,28.2115,49.1466,75517,10,1.0
naive_prefilter,overall<=4.0,0.39,0.3897,10,23,21.0528,28.1441,49.197,75517,10,1.0
naive_prefilter,overall<=4.0,0.39,0.3897,10,24,21.0286,28.1727,49.2012,75517,10,1.0
naive_prefilter,overall<=4.0,0.39,0.3897,10,25,20.7109,28.1467,48.8576,75517,10,1.0
naive_prefilter,overall<=4.0,0.39,0.3897,10,26,20.7194,28.2561,48.9755,75517,10,1.0
naive_prefilter,overall<=4.0,0.39,0.3897,10,27,20.8781,28.1099,48.988,75517,10,1.0
naive_prefilter,overall<=4.0,0.39,0.3897,10,28,20.9565,28.2053,49.1618,75517,10,1.0
naive_prefilter,overall<=4.0,0.39,0.3897,10,29,21.2394,28.1165,49.3559,75517,10,1.0
naive_prefilter,overall<=4.0,0.39,0.3897,10,30,20.9255,28.0843,49.0098,75517,10,1.0
naive_prefilter,overall<=4.0,0.39,0.3897,10,31,21.2987,28.0921,49.3908,75517,10,1.0
naive_prefilter,overall<=4.0,0.39,0.3897,10,32,20.9797,28.1701,49.1498,75517,10,1.0
naive_prefilter,overall<=4.0,0.39,0.3897,10,33,21.2266,28.1392,49.3658,75517,10,1.0
naive_prefilter,overall<=4.0,0.39,0.3897,10,34,20.8032,28.0925,48.8957,75517,10,1.0
naive_prefilter,overall<=4.0,0.39,0.3897,10,35,20.6963,28.3169,49.0132,75517,10,1.0
naive_prefilter,overall<=4.0,0.39,0.3897,10,36,20.532,28.1628,48.6949,75517,10,1.0
naive_prefilter,overall<=4.0,0.39,0.3897,10,37,20.8108,28.2159,49.0267,75517,10,1.0
naive_prefilter,overall<=4.0,0.39,0.3897,10,38,20.427,28.0051,48.4321,75517,10,1.0
naive_prefilter,overall<=4.0,0.39,0.3897,10,39,20.5985,28.0893,48.6877,75517,10,1.0
naive_prefilter,overall<=4.0,0.39,0.3897,10,40,20.5506,28.192,48.7426,75517,10,1.0
naive_prefilter,overall<=4.0,0.39,0.3897,10,41,20.5735,28.1448,48.7183,75517,10,1.0
naive_prefilter,overall<=4.0,0.39,0.3897,10,42,20.6422,28.1264,48.7686,75517,10,1.0
naive_prefilter,overall<=4.0,0.39,0.3897,10,43,20.7706,28.4678,49.2384,75517,10,1.0
naive_prefilter,overall<=4.0,0.39,0.3897,10,44,20.6362,28.1061,48.7423,75517,10,1.0
naive_prefilter,overall<=4.0,0.39,0.3897,10,45,20.6372,28.1657,48.8029,75517,10,1.0
naive_prefilter,overall<=4.0,0.39,0.3897,10,46,20.3719,28.015,48.3869,75517,10,1.0
naive_prefilter,overall<=4.0,0.39,0.3897,10,47,20.6184,28.2853,48.9037,75517,10,0.0
naive_prefilter,overall<=4.0,0.39,0.3897,10,48,20.4787,29.5768,50.0554,75517,10,1.0
naive_prefilter,overall<=4.0,0.39,0.3897,10,49,21.4336,28.2708,49.7044,75517,10,1.0
post_filter,overall<=4.0,0.39,0.3897,10,0,0.0112,0.3484,0.3597,10,10,1.0
post_filter,overall<=4.0,0.39,0.3897,10,1,0.0429,1.8816,1.9245,10,10,1.0
post_filter,overall<=4.0,0.39,0.3897,10,2,0.0548,1.6011,1.6559,10,10,1.0
post_filter,overall<=4.0,0.39,0.3897,10,3,0.0406,1.6667,1.7073,10,10,1.0
post_filter,overall<=4.0,0.39,0.3897,10,4,0.0204,1.9291,1.9495,10,10,1.0
post_filter,overall<=4.0,0.39,0.3897,10,5,0.0306,1.5836,1.6142,10,10,1.0
post_filter,overall<=4.0,0.39,0.3897,10,6,0.0193,1.7209,1.7402,10,10,1.0
post_filter,overall<=4.0,0.39,0.3897,10,7,0.0145,1.1193,1.1337,10,10,1.0
post_filter,overall<=4.0,0.39,0.3897,10,8,0.017,1.4406,1.4576,10,10,1.0
post_filter,overall<=4.0,0.39,0.3897,10,9,0.0218,1.356,1.3778,10,10,1.0
post_filter,overall<=4.0,0.39,0.3897,10,10,0.0183,1.3234,1.3417,10,10,1.0
post_filter,overall<=4.0,0.39,0.3897,10,11,0.0227,1.1717,1.1944,10,10,1.0
post_filter,overall<=4.0,0.39,0.3897,10,12,0.0296,0.8239,0.8535,10,10,1.0
post_filter,overall<=4.0,0.39,0.3897,10,13,0.0438,1.2848,1.3286,10,10,1.0
post_filter,overall<=4.0,0.39,0.3897,10,14,0.0135,0.9763,0.9898,10,10,1.0
post_filter,overall<=4.0,0.39,0.3897,10,15,0.0188,0.6337,0.6525,10,10,1.0
post_filter,overall<=4.0,0.39,0.3897,10,16,0.0463,1.4155,1.4618,10,10,1.0
post_filter,overall<=4.0,0.39,0.3897,10,17,0.0302,1.1467,1.1768,10,10,0.9
post_filter,overall<=4.0,0.39,0.3897,10,18,0.0151,0.9852,1.0003,10,10,1.0
post_filter,overall<=4.0,0.39,0.3897,10,19,0.0256,1.3718,1.3973,10,10,1.0
post_filter,overall<=4.0,0.39,0.3897,10,20,0.0564,0.8594,0.9157,10,10,1.0
post_filter,overall<=4.0,0.39,0.3897,10,21,0.018,0.6885,0.7065,10,10,1.0
post_filter,overall<=4.0,0.39,0.3897,10,22,0.0209,0.9121,0.933,10,10,1.0
post_filter,overall<=4.0,0.39,0.3897,10,23,0.0461,0.9725,1.0187,10,10,1.0
post_filter,overall<=4.0,0.39,0.3897,10,24,0.018,1.0265,1.0446,10,10,1.0
post_filter,overall<=4.0,0.39,0.3897,10,25,0.0492,0.3728,0.422,10,10,0.9
post_filter,overall<=4.0,0.39,0.3897,10,26,0.0364,0.8883,0.9247,10,10,1.0
post_filter,overall<=4.0,0.39,0.3897,10,27,0.0168,0.8091,0.8258,10,10,1.0
post_filter,overall<=4.0,0.39,0.3897,10,28,0.0215,1.2538,1.2752,10,10,1.0
post_filter,overall<=4.0,0.39,0.3897,10,29,0.0183,0.7366,0.7548,10,10,1.0
post_filter,overall<=4.0,0.39,0.3897,10,30,0.1122,0.667,0.7793,10,10,0.0
post_filter,overall<=4.0,0.39,0.3897,10,31,0.0295,0.9876,1.0171,10,10,1.0
post_filter,overall<=4.0,0.39,0.3897,10,32,0.0133,0.856,0.8693,10,10,1.0
post_filter,overall<=4.0,0.39,0.3897,10,33,0.0174,0.4765,0.4939,10,10,1.0
post_filter,overall<=4.0,0.39,0.3897,10,34,0.0278,0.7908,0.8185,10,10,1.0
post_filter,overall<=4.0,0.39,0.3897,10,35,0.015,0.8964,0.9115,10,10,1.0
post_filter,overall<=4.0,0.39,0.3897,10,36,0.0127,0.7824,0.7951,10,10,1.0
post_filter,overall<=4.0,0.39,0.3897,10,37,0.0813,0.692,0.7733,10,10,1.0
post_filter,overall<=4.0,0.39,0.3897,10,38,0.0146,0.9923,1.007,10,10,1.0
post_filter,overall<=4.0,0.39,0.3897,10,39,0.0681,0.6638,0.732,10,10,1.0
post_filter,overall<=4.0,0.39,0.3897,10,40,0.0151,0.9948,1.0099,10,10,1.0
post_filter,overall<=4.0,0.39,0.3897,10,41,0.0124,0.569,0.5814,10,10,1.0
post_filter,overall<=4.0,0.39,0.3897,10,42,0.016,0.8045,0.8205,10,10,1.0
post_filter,overall<=4.0,0.39,0.3897,10,43,0.0464,0.4916,0.538,10,10,0.8
post_filter,overall<=4.0,0.39,0.3897,10,44,0.0125,0.6504,0.6629,10,10,1.0
post_filter,overall<=4.0,0.39,0.3897,10,45,0.0582,0.8842,0.9424,10,10,1.0
post_filter,overall<=4.0,0.39,0.3897,10,46,0.0377,0.7424,0.7801,10,10,1.0
post_filter,overall<=4.0,0.39,0.3897,10,47,0.0365,0.2734,0.31,10,10,0.2
post_filter,overall<=4.0,0.39,0.3897,10,48,0.0413,0.8761,0.9174,10,10,1.0
post_filter,overall<=4.0,0.39,0.3897,10,49,0.0812,0.4681,0.5493,10,10,0.9
bitmap_prefilter,overall<=4.0,0.39,0.3897,10,0,0.0926,26.7913,26.8839,75517,10,1.0
bitmap_prefilter,overall<=4.0,0.39,0.3897,10,1,0.0909,26.8258,26.9167,75517,10,1.0
bitmap_prefilter,overall<=4.0,0.39,0.3897,10,2,0.0892,26.8307,26.9199,75517,10,1.0
bitmap_prefilter,overall<=4.0,0.39,0.3897,10,3,0.1081,27.465,27.5731,75517,10,1.0
bitmap_prefilter,overall<=4.0,0.39,0.3897,10,4,0.0968,27.561,27.6578,75517,10,1.0
bitmap_prefilter,overall<=4.0,0.39,0.3897,10,5,0.0892,26.748,26.8372,75517,10,1.0
bitmap_prefilter,overall<=4.0,0.39,0.3897,10,6,0.0889,26.8877,26.9766,75517,10,1.0
bitmap_prefilter,overall<=4.0,0.39,0.3897,10,7,0.1056,26.9676,27.0732,75517,10,1.0
bitmap_prefilter,overall<=4.0,0.39,0.3897,10,8,0.0987,26.997,27.0956,75517,10,1.0
bitmap_prefilter,overall<=4.0,0.39,0.3897,10,9,0.0925,26.7754,26.868,75517,10,1.0
bitmap_prefilter,overall<=4.0,0.39,0.3897,10,10,0.09,26.8017,26.8917,75517,10,1.0
bitmap_prefilter,overall<=4.0,0.39,0.3897,10,11,0.0892,26.8209,26.9102,75517,10,1.0
bitmap_prefilter,overall<=4.0,0.39,0.3897,10,12,0.0875,26.8379,26.9253,75517,10,1.0
bitmap_prefilter,overall<=4.0,0.39,0.3897,10,13,0.0879,27.2798,27.3677,75517,10,1.0
bitmap_prefilter,overall<=4.0,0.39,0.3897,10,14,0.087,26.8308,26.9178,75517,10,1.0
bitmap_prefilter,overall<=4.0,0.39,0.3897,10,15,0.0876,26.8852,26.9728,75517,10,1.0
bitmap_prefilter,overall<=4.0,0.39,0.3897,10,16,0.0966,26.8599,26.9565,75517,10,1.0
bitmap_prefilter,overall<=4.0,0.39,0.3897,10,17,0.0953,27.2516,27.347,75517,10,1.0
bitmap_prefilter,overall<=4.0,0.39,0.3897,10,18,0.0892,26.8927,26.9818,75517,10,1.0
bitmap_prefilter,overall<=4.0,0.39,0.3897,10,19,0.0875,26.8434,26.9308,75517,10,1.0
bitmap_prefilter,overall<=4.0,0.39,0.3897,10,20,0.0868,26.9379,27.0247,75517,10,1.0
bitmap_prefilter,overall<=4.0,0.39,0.3897,10,21,0.0903,26.8488,26.9391,75517,10,1.0
bitmap_prefilter,overall<=4.0,0.39,0.3897,10,22,0.0867,26.8535,26.9402,75517,10,1.0
bitmap_prefilter,overall<=4.0,0.39,0.3897,10,23,0.0866,26.8391,26.9257,75517,10,1.0
bitmap_prefilter,overall<=4.0,0.39,0.3897,10,24,0.0905,26.9439,27.0344,75517,10,1.0
bitmap_prefilter,overall<=4.0,0.39,0.3897,10,25,0.0862,26.909,26.9952,75517,10,1.0
bitmap_prefilter,overall<=4.0,0.39,0.3897,10,26,0.0892,26.853,26.9422,75517,10,1.0
bitmap_prefilter,overall<=4.0,0.39,0.3897,10,27,0.0879,27.0599,27.1478,75517,10,1.0
bitmap_prefilter,overall<=4.0,0.39,0.3897,10,28,0.0963,26.956,27.0523,75517,10,1.0
bitmap_prefilter,overall<=4.0,0.39,0.3897,10,29,0.0929,26.9513,27.0442,75517,10,1.0
bitmap_prefilter,overall<=4.0,0.39,0.3897,10,30,0.091,27.1487,27.2398,75517,10,1.0
bitmap_prefilter,overall<=4.0,0.39,0.3897,10,31,0.0909,26.9242,27.0151,75517,10,1.0
bitmap_prefilter,overall<=4.0,0.39,0.3897,10,32,0.098,26.8483,26.9463,75517,10,1.0
bitmap_prefilter,overall<=4.0,0.39,0.3897,10,33,0.0883,27.0012,27.0895,75517,10,1.0
bitmap_prefilter,overall<=4.0,0.39,0.3897,10,34,0.0888,27.29,27.3788,75517,10,1.0
bitmap_prefilter,overall<=4.0,0.39,0.3897,10,35,0.0921,30.8252,30.9173,75517,10,1.0
bitmap_prefilter,overall<=4.0,0.39,0.3897,10,36,0.0903,26.8835,26.9739,75517,10,1.0
bitmap_prefilter,overall<=4.0,0.39,0.3897,10,37,0.0896,27.0067,27.0963,75517,10,1.0
bitmap_prefilter,overall<=4.0,0.39,0.3897,10,38,0.0906,26.8907,26.9813,75517,10,1.0
bitmap_prefilter,overall<=4.0,0.39,0.3897,10,39,0.0857,27.0335,27.1192,75517,10,1.0
bitmap_prefilter,overall<=4.0,0.39,0.3897,10,40,0.091,26.9963,27.0873,75517,10,1.0
bitmap_prefilter,overall<=4.0,0.39,0.3897,10,41,0.0856,27.2411,27.3267,75517,10,1.0
bitmap_prefilter,overall<=4.0,0.39,0.3897,10,42,0.0848,26.9464,27.0312,75517,10,1.0
bitmap_prefilter,overall<=4.0,0.39,0.3897,10,43,0.0938,26.8658,26.9595,75517,10,1.0
bitmap_prefilter,overall<=4.0,0.39,0.3897,10,44,0.0863,27.1638,27.2501,75517,10,1.0
bitmap_prefilter,overall<=4.0,0.39,0.3897,10,45,0.0902,27.2062,27.2963,75517,10,1.0
bitmap_prefilter,overall<=4.0,0.39,0.3897,10,46,0.086,27.1382,27.2242,75517,10,1.0
bitmap_prefilter,overall<=4.0,0.39,0.3897,10,47,0.0868,26.948,27.0348,75517,10,0.0
bitmap_prefilter,overall<=4.0,0.39,0.3897,10,48,0.0866,26.8462,26.9328,75517,10,1.0
bitmap_prefilter,overall<=4.0,0.39,0.3897,10,49,0.0849,26.9779,27.0628,75517,10,1.0
brute_force,overall<=4.0,0.39,0.3897,50,0,0.139,24.8044,24.9434,50,50,1.0
brute_force,overall<=4.0,0.39,0.3897,50,1,0.3662,24.9152,25.2814,50,50,1.0
brute_force,overall<=4.0,0.39,0.3897,50,2,0.3536,25.035,25.3886,50,50,1.0
brute_force,overall<=4.0,0.39,0.3897,50,3,0.2824,25.0954,25.3778,50,50,1.0
brute_force,overall<=4.0,0.39,0.3897,50,4,0.2101,24.9499,25.16,50,50,1.0
brute_force,overall<=4.0,0.39,0.3897,50,5,0.1484,24.8257,24.974,50,50,1.0
brute_force,overall<=4.0,0.39,0.3897,50,6,0.2021,24.834,25.0362,50,50,1.0
brute_force,overall<=4.0,0.39,0.3897,50,7,0.1838,24.9993,25.1831,50,50,1.0
brute_force,overall<=4.0,0.39,0.3897,50,8,0.1928,24.8599,25.0527,50,50,1.0
brute_force,overall<=4.0,0.39,0.3897,50,9,0.2113,24.6818,24.8931,50,50,1.0
brute_force,overall<=4.0,0.39,0.3897,50,10,0.2233,24.4903,24.7136,50,50,1.0
brute_force,overall<=4.0,0.39,0.3897,50,11,0.1529,24.6323,24.7852,50,50,1.0
brute_force,overall<=4.0,0.39,0.3897,50,12,0.1542,24.8342,24.9885,50,50,1.0
brute_force,overall<=4.0,0.39,0.3897,50,13,0.2975,24.6866,24.984,50,50,1.0
brute_force,overall<=4.0,0.39,0.3897,50,14,0.0852,24.6617,24.7469,50,50,1.0
brute_force,overall<=4.0,0.39,0.3897,50,15,0.116,24.7193,24.8354,50,50,1.0
brute_force,overall<=4.0,0.39,0.3897,50,16,0.3781,24.749,25.1272,50,50,1.0
brute_force,overall<=4.0,0.39,0.3897,50,17,0.232,24.7235,24.9555,50,50,1.0
brute_force,overall<=4.0,0.39,0.3897,50,18,0.1401,24.6544,24.7945,50,50,1.0
brute_force,overall<=4.0,0.39,0.3897,50,19,0.2439,24.6478,24.8917,50,50,1.0
brute_force,overall<=4.0,0.39,0.3897,50,20,0.3071,24.8221,25.1292,50,50,1.0
brute_force,overall<=4.0,0.39,0.3897,50,21,0.0877,24.5942,24.6819,50,50,1.0
brute_force,overall<=4.0,0.39,0.3897,50,22,0.1867,24.5376,24.7243,50,50,1.0
brute_force,overall<=4.0,0.39,0.3897,50,23,0.2845,24.9307,25.2152,50,50,0.98
brute_force,overall<=4.0,0.39,0.3897,50,24,0.1557,25.5912,25.7469,50,50,1.0
brute_force,overall<=4.0,0.39,0.3897,50,25,0.4492,24.7828,25.232,50,50,1.0
brute_force,overall<=4.0,0.39,0.3897,50,26,0.1956,24.7224,24.918,50,50,1.0
brute_force,overall<=4.0,0.39,0.3897,50,27,0.1112,24.6225,24.7338,50,50,1.0
brute_force,overall<=4.0,0.39,0.3897,50,28,0.14,24.8357,24.9757,50,50,1.0
brute_force,overall<=4.0,0.39,0.3897,50,29,0.174,24.6979,24.8719,50,50,1.0
brute_force,overall<=4.0,0.39,0.3897,50,30,0.3866,24.6228,25.0095,50,50,1.0
brute_force,overall<=4.0,0.39,0.3897,50,31,0.1933,24.654,24.8473,50,50,1.0
brute_force,overall<=4.0,0.39,0.3897,50,32,0.1083,25.1273,25.2356,50,50,1.0
brute_force,overall<=4.0,0.39,0.3897,50,33,0.089,24.9176,25.0066,50,50,1.0
brute_force,overall<=4.0,0.39,0.3897,50,34,0.1423,24.9141,25.0564,50,50,1.0
brute_force,overall<=4.0,0.39,0.3897,50,35,0.1013,24.7208,24.8221,50,50,1.0
brute_force,overall<=4.0,0.39,0.3897,50,36,0.157,24.7426,24.8997,50,50,1.0
brute_force,overall<=4.0,0.39,0.3897,50,37,0.2885,24.6865,24.975,50,50,1.0
brute_force,overall<=4.0,0.39,0.3897,50,38,0.1243,24.62,24.7443,50,50,1.0
brute_force,overall<=4.0,0.39,0.3897,50,39,0.3208,24.7599,25.0806,50,50,1.0
brute_force,overall<=4.0,0.39,0.3897,50,40,0.1221,24.553,24.6752,50,50,1.0
brute_force,overall<=4.0,0.39,0.3897,50,41,0.1002,24.6964,24.7966,50,50,1.0
brute_force,overall<=4.0,0.39,0.3897,50,42,0.1031,24.517,24.62,50,50,1.0
brute_force,overall<=4.0,0.39,0.3897,50,43,0.245,24.736,24.981,50,50,1.0
brute_force,overall<=4.0,0.39,0.3897,50,44,0.0858,24.8678,24.9537,50,50,1.0
brute_force,overall<=4.0,0.39,0.3897,50,45,0.245,24.6575,24.9026,50,50,1.0
brute_force,overall<=4.0,0.39,0.3897,50,46,0.2018,24.5998,24.8016,50,50,1.0
brute_force,overall<=4.0,0.39,0.3897,50,47,0.1892,24.7002,24.8894,50,50,1.0
brute_force,overall<=4.0,0.39,0.3897,50,48,0.2397,24.6424,24.8821,50,50,1.0
brute_force,overall<=4.0,0.39,0.3897,50,49,0.3789,25.0769,25.4558,50,50,1.0
naive_prefilter,overall<=4.0,0.39,0.3897,50,0,20.9697,28.3881,49.3579,75517,50,1.0
naive_prefilter,overall<=4.0,0.39,0.3897,50,1,20.9962,28.4597,49.4559,75517,50,1.0
naive_prefilter,overall<=4.0,0.39,0.3897,50,2,21.3857,28.3391,49.7248,75517,50,1.0
naive_prefilter,overall<=4.0,0.39,0.3897,50,3,20.7647,28.409,49.1738,75517,50,1.0
naive_prefilter,overall<=4.0,0.39,0.3897,50,4,20.9735,28.2381,49.2116,75517,50,1.0
naive_prefilter,overall<=4.0,0.39,0.3897,50,5,20.9296,28.4271,49.3567,75517,50,1.0
naive_prefilter,overall<=4.0,0.39,0.3897,50,6,20.3501,29.4616,49.8118,75517,50,1.0
naive_prefilter,overall<=4.0,0.39,0.3897,50,7,49.1747,28.3736,77.5483,75517,50,1.0
naive_prefilter,overall<=4.0,0.39,0.3897,50,8,21.4615,28.119,49.5805,75517,50,1.0
naive_prefilter,overall<=4.0,0.39,0.3897,50,9,21.4355,28.0793,49.5148,75517,50,1.0
naive_prefilter,overall<=4.0,0.39,0.3897,50,10,20.6398,28.0937,48.7334,75517,50,1.0
naive_prefilter,overall<=4.0,0.39,0.3897,50,11,20.6169,28.6077,49.2246,75517,50,1.0
naive_prefilter,overall<=4.0,0.39,0.3897,50,12,21.0887,28.3223,49.4111,75517,50,1.0
naive_prefilter,overall<=4.0,0.39,0.3897,50,13,20.983,28.8882,49.8712,75517,50,1.0
naive_prefilter,overall<=4.0,0.39,0.3897,50,14,21.0249,29.6898,50.7146,75517,50,1.0
naive_prefilter,overall<=4.0,0.39,0.3897,50,15,22.1515,29.4755,51.6269,75517,50,1.0
naive_prefilter,overall<=4.0,0.39,0.3897,50,16,20.9268,28.5958,49.5226,75517,50,1.0
naive_prefilter,overall<=4.0,0.39,0.3897,50,17,21.4085,29.2281,50.6366,75517,50,1.0
naive_prefilter,overall<=4.0,0.39,0.3897,50,18,20.8898,28.6865,49.5762,75517,50,1.0
naive_prefilter,overall<=4.0,0.39,0.3897,50,19,20.5333,28.7099,49.2432,75517,50,1.0
naive_prefilter,overall<=4.0,0.39,0.3897,50,20,20.3845,28.8283,49.2129,75517,50,1.0
naive_prefilter,overall<=4.0,0.39,0.3897,50,21,20.3275,28.5043,48.8318,75517,50,1.0
naive_prefilter,overall<=4.0,0.39,0.3897,50,22,20.2404,28.6185,48.8589,75517,50,1.0
naive_prefilter,overall<=4.0,0.39,0.3897,50,23,20.2603,28.8281,49.0884,75517,50,0.98
naive_prefilter,overall<=4.0,0.39,0.3897,50,24,19.8455,29.1724,49.0179,75517,50,1.0
naive_prefilter,overall<=4.0,0.39,0.3897,50,25,20.0161,28.3429,48.359,75517,50,1.0
naive_prefilter,overall<=4.0,0.39,0.3897,50,26,19.6878,28.1435,47.8314,75517,50,1.0
naive_prefilter,overall<=4.0,0.39,0.3897,50,27,19.9111,28.3975,48.3085,75517,50,1.0
naive_prefilter,overall<=4.0,0.39,0.3897,50,28,20.4541,28.5333,48.9874,75517,50,1.0
naive_prefilter,overall<=4.0,0.39,0.3897,50,29,20.893,28.5129,49.4059,75517,50,1.0
naive_prefilter,overall<=4.0,0.39,0.3897,50,30,20.7798,28.1538,48.9335,75517,50,0.64
naive_prefilter,overall<=4.0,0.39,0.3897,50,31,20.5417,28.5488,49.0905,75517,50,1.0
naive_prefilter,overall<=4.0,0.39,0.3897,50,32,20.4975,28.0064,48.504,75517,50,1.0
naive_prefilter,overall<=4.0,0.39,0.3897,50,33,20.7009,28.2943,48.9953,75517,50,1.0
naive_prefilter,overall<=4.0,0.39,0.3897,50,34,21.199,28.0564,49.2555,75517,50,1.0
naive_prefilter,overall<=4.0,0.39,0.3897,50,35,20.7202,28.7185,49.4387,75517,50,1.0
naive_prefilter,overall<=4.0,0.39,0.3897,50,36,20.7407,28.6454,49.3862,75517,50,1.0
naive_prefilter,overall<=4.0,0.39,0.3897,50,37,20.4191,28.5377,48.9568,75517,50,1.0
naive_prefilter,overall<=4.0,0.39,0.3897,50,38,21.1218,30.8801,52.0019,75517,50,1.0
naive_prefilter,overall<=4.0,0.39,0.3897,50,39,21.1532,30.0389,51.1921,75517,50,1.0
naive_prefilter,overall<=4.0,0.39,0.3897,50,40,21.424,28.7784,50.2023,75517,50,1.0
naive_prefilter,overall<=4.0,0.39,0.3897,50,41,21.5138,29.484,50.9978,75517,50,1.0
naive_prefilter,overall<=4.0,0.39,0.3897,50,42,21.1787,29.0095,50.1882,75517,50,1.0
naive_prefilter,overall<=4.0,0.39,0.3897,50,43,21.7298,28.7765,50.5063,75517,50,1.0
naive_prefilter,overall<=4.0,0.39,0.3897,50,44,20.7517,28.3125,49.0641,75517,50,1.0
naive_prefilter,overall<=4.0,0.39,0.3897,50,45,20.8564,28.1253,48.9817,75517,50,1.0
naive_prefilter,overall<=4.0,0.39,0.3897,50,46,20.7294,28.184,48.9134,75517,50,1.0
naive_prefilter,overall<=4.0,0.39,0.3897,50,47,21.1237,28.3617,49.4853,75517,50,1.0
naive_prefilter,overall<=4.0,0.39,0.3897,50,48,21.3294,28.3477,49.677,75517,50,1.0
naive_prefilter,overall<=4.0,0.39,0.3897,50,49,20.7938,28.3955,49.1893,75517,50,1.0
post_filter,overall<=4.0,0.39,0.3897,50,0,0.0475,0.446,0.4935,50,50,1.0
post_filter,overall<=4.0,0.39,0.3897,50,1,0.2041,1.0782,1.2823,50,50,0.96
post_filter,overall<=4.0,0.39,0.3897,50,2,0.2318,0.8421,1.0738,50,50,0.94
post_filter,overall<=4.0,0.39,0.3897,50,3,0.1462,1.0322,1.1784,50,50,0.96
post_filter,overall<=4.0,0.39,0.3897,50,4,0.0702,1.1349,1.2052,50,50,0.98
post_filter,overall<=4.0,0.39,0.3897,50,5,0.0684,0.9122,0.9806,50,50,1.0
post_filter,overall<=4.0,0.39,0.3897,50,6,0.0692,1.0807,1.1498,50,50,1.0
post_filter,overall<=4.0,0.39,0.3897,50,7,0.06,0.7675,0.8275,50,50,1.0
post_filter,overall<=4.0,0.39,0.3897,50,8,0.0735,1.1309,1.2043,50,50,1.0
post_filter,overall<=4.0,0.39,0.3897,50,9,0.0973,1.1543,1.2516,50,50,0.96
post_filter,overall<=4.0,0.39,0.3897,50,10,0.1056,1.044,1.1496,50,50,0.98
post_filter,overall<=4.0,0.39,0.3897,50,11,0.0853,1.042,1.1273,50,50,1.0
post_filter,overall<=4.0,0.39,0.3897,50,12,0.1223,0.8673,0.9896,50,50,1.0
post_filter,overall<=4.0,0.39,0.3897,50,13,0.2269,0.9163,1.1432,50,50,0.96
post_filter,overall<=4.0,0.39,0.3897,50,14,0.067,0.7338,0.8008,50,50,1.0
post_filter,overall<=4.0,0.39,0.3897,50,15,0.0817,0.6524,0.7341,50,50,1.0
post_filter,overall<=4.0,0.39,0.3897,50,16,0.2423,1.0619,1.3042,50,50,0.84
post_filter,overall<=4.0,0.39,0.3897,50,17,0.1331,0.7947,0.9277,50,50,1.0
post_filter,overall<=4.0,0.39,0.3897,50,18,0.062,0.9461,1.0081,50,50,1.0
post_filter,overall<=4.0,0.39,0.3897,50,19,0.1527,1.004,1.1567,50,50,0.9
post_filter,overall<=4.0,0.39,0.3897,50,20,0.2595,0.7402,0.9997,50,50,0.9
post_filter,overall<=4.0,0.39,0.3897,50,21,0.0943,0.9168,1.0112,50,50,0.98
post_filter,overall<=4.0,0.39,0.3897,50,22,0.1342,0.8788,1.013,50,50,0.92
post_filter,overall<=4.0,0.39,0.3897,50,23,0.189,0.7946,0.9836,50,50,0.94
post_filter,overall<=4.0,0.39,0.3897,50,24,0.098,1.1201,1.2181,50,50,1.0
post_filter,overall<=4.0,0.39,0.3897,50,25,0.2434,0.3327,0.5761,50,50,0.7
post_filter,overall<=4.0,0.39,0.3897,50,26,0.1555,1.0215,1.177,50,50,0.96
post_filter,overall<=4.0,0.39,0.3897,50,27,0.0723,0.9994,1.0717,50,50,1.0
post_filter,overall<=4.0,0.39,0.3897,50,28,0.0754,0.9733,1.0486,50,50,0.96
post_filter,overall<=4.0,0.39,0.3897,50,29,0.1099,0.6005,0.7104,50,50,0.98
post_filter,overall<=4.0,0.39,0.3897,50,30,0.263,0.4418,0.7048,50,50,0.32
post_filter,overall<=4.0,0.39,0.3897,50,31,0.1111,0.9795,1.0905,50,50,0.98
post_filter,overall<=4.0,0.39,0.3897,50,32,0.0572,0.7532,0.8104,50,50,1.0
post_filter,overall<=4.0,0.39,0.3897,50,33,0.068,0.5632,0.6312,50,50,1.0
post_filter,overall<=4.0,0.39,0.3897,50,34,0.1041,0.9509,1.055,50,50,1.0
post_filter,overall<=4.0,0.39,0.3897,50,35,0.0674,1.039,1.1064,50,50,1.0
post_filter,overall<=4.0,0.39,0.3897,50,36,0.0606,0.8298,0.8904,50,50,1.0
post_filter,overall<=4.0,0.39,0.3897,50,37,0.2313,0.7358,0.9672,50,50,0.98
post_filter,overall<=4.0,0.39,0.3897,50,38,0.0695,1.2087,1.2781,50,50,0.96
post_filter,overall<=4.0,0.39,0.3897,50,39,0.2958,0.568,0.8638,50,50,0.72
post_filter,overall<=4.0,0.39,0.3897,50,40,0.0763,1.2068,1.2831,50,50,0.98
post_filter,overall<=4.0,0.39,0.3897,50,41,0.056,0.6265,0.6824,50,50,1.0
post_filter,overall<=4.0,0.39,0.3897,50,42,0.0743,0.9606,1.0349,50,50,1.0
post_filter,overall<=4.0,0.39,0.3897,50,43,0.2259,0.4938,0.7197,50,50,0.72
post_filter,overall<=4.0,0.39,0.3897,50,44,0.066,0.8066,0.8726,50,50,1.0
post_filter,overall<=4.0,0.39,0.3897,50,45,0.2298,1.1211,1.3509,50,50,0.88
post_filter,overall<=4.0,0.39,0.3897,50,46,0.1537,0.8985,1.0523,50,50,0.96
post_filter,overall<=4.0,0.39,0.3897,50,47,0.1512,0.313,0.4642,50,50,1.0
post_filter,overall<=4.0,0.39,0.3897,50,48,0.2035,1.0926,1.2961,50,50,0.92
post_filter,overall<=4.0,0.39,0.3897,50,49,0.3317,0.5188,0.8505,50,50,0.72
bitmap_prefilter,overall<=4.0,0.39,0.3897,50,0,0.1005,28.2745,28.375,75517,50,1.0
bitmap_prefilter,overall<=4.0,0.39,0.3897,50,1,0.1015,27.4211,27.5227,75517,50,1.0
bitmap_prefilter,overall<=4.0,0.39,0.3897,50,2,0.1059,27.2732,27.3791,75517,50,1.0
bitmap_prefilter,overall<=4.0,0.39,0.3897,50,3,0.0985,27.0963,27.1948,75517,50,1.0
bitmap_prefilter,overall<=4.0,0.39,0.3897,50,4,0.0997,27.1693,27.2691,75517,50,1.0
bitmap_prefilter,overall<=4.0,0.39,0.3897,50,5,0.103,27.013,27.1161,75517,50,1.0
bitmap_prefilter,overall<=4.0,0.39,0.3897,50,6,0.0995,27.1126,27.2121,75517,50,1.0
bitmap_prefilter,overall<=4.0,0.39,0.3897,50,7,0.0994,27.1146,27.214,75517,50,1.0
bitmap_prefilter,overall<=4.0,0.39,0.3897,50,8,0.0985,27.2987,27.3973,75517,50,1.0
bitmap_prefilter,overall<=4.0,0.39,0.3897,50,9,0.1043,27.7158,27.8201,75517,50,1.0
bitmap_prefilter,overall<=4.0,0.39,0.3897,50,10,0.1025,63.0538,63.1563,75517,50,1.0
bitmap_prefilter,overall<=4.0,0.39,0.3897,50,11,0.0981,27.7782,27.8763,75517,50,1.0
bitmap_prefilter,overall<=4.0,0.39,0.3897,50,12,0.103,28.7847,28.8877,75517,50,1.0
bitmap_prefilter,overall<=4.0,0.39,0.3897,50,13,0.1034,27.4398,27.5432,75517,50,1.0
bitmap_prefilter,overall<=4.0,0.39,0.3897,50,14,0.1008,26.9916,27.0924,75517,50,1.0
bitmap_prefilter,overall<=4.0,0.39,0.3897,50,15,0.0921,26.997,27.0891,75517,50,1.0
bitmap_prefilter,overall<=4.0,0.39,0.3897,50,16,0.099,27.138,27.237,75517,50,1.0
bitmap_prefilter,overall<=4.0,0.39,0.3897,50,17,0.0911,26.8973,26.9885,75517,50,1.0
bitmap_prefilter,overall<=4.0,0.39,0.3897,50,18,0.0915,27.15,27.2415,75517,50,1.0
bitmap_prefilter,overall<=4.0,0.39,0.3897,50,19,0.1066,27.3242,27.4308,75517,50,1.0
bitmap_prefilter,overall<=4.0,0.39,0.3897,50,20,0.0976,27.0059,27.1035,75517,50,1.0
bitmap_prefilter,overall<=4.0,0.39,0.3897,50,21,0.0956,27.3597,27.4553,75517,50,1.0
bitmap_prefilter,overall<=4.0,0.39,0.3897,50,22,0.1003,27.0004,27.1006,75517,50,1.0
bitmap_prefilter,overall<=4.0,0.39,0.3897,50,23,0.0892,27.0483,27.1375,75517,50,0.98
bitmap_prefilter,overall<=4.0,0.39,0.3897,50,24,0.0925,27.0727,27.1652,75517,50,1.0
bitmap_prefilter,overall<=4.0,0.39,0.3897,50,25,0.0993,27.1131,27.2124,75517,50,1.0
bitmap_prefilter,overall<=4.0,0.39,0.3897,50,26,0.0879,27.0175,27.1054,75517,50,1.0
bitmap_prefilter,overall<=4.0,0.39,0.3897,50,27,0.0861,26.7697,26.8558,75517,50,1.0
bitmap_prefilter,overall<=4.0,0.39,0.3897,50,28,0.0863,26.8085,26.8948,75517,50,1.0
bitmap_prefilter,overall<=4.0,0.39,0.3897,50,29,0.0867,27.0497,27.1365,75517,50,1.0
bitmap_prefilter,overall<=4.0,0.39,0.3897,50,30,0.086,27.3552,27.4412,75517,50,0.64
bitmap_prefilter,overall<=4.0,0.39,0.3897,50,31,0.0878,26.8441,26.932,75517,50,1.0
bitmap_prefilter,overall<=4.0,0.39,0.3897,50,32,0.0987,26.9428,27.0414,75517,50,1.0
bitmap_prefilter,overall<=4.0,0.39,0.3897,50,33,0.0935,26.902,26.9955,75517,50,1.0
bitmap_prefilter,overall<=4.0,0.39,0.3897,50,34,0.0895,27.3609,27.4504,75517,50,1.0
bitmap_prefilter,overall<=4.0,0.39,0.3897,50,35,0.0902,27.869,27.9592,75517,50,1.0
bitmap_prefilter,overall<=4.0,0.39,0.3897,50,36,0.0927,26.7993,26.892,75517,50,1.0
bitmap_prefilter,overall<=4.0,0.39,0.3897,50,37,0.0882,26.9975,27.0857,75517,50,1.0
bitmap_prefilter,overall<=4.0,0.39,0.3897,50,38,0.0903,27.0673,27.1576,75517,50,1.0
bitmap_prefilter,overall<=4.0,0.39,0.3897,50,39,0.0901,26.8339,26.924,75517,50,1.0
bitmap_prefilter,overall<=4.0,0.39,0.3897,50,40,0.0888,27.018,27.1068,75517,50,1.0
bitmap_prefilter,overall<=4.0,0.39,0.3897,50,41,0.0855,27.1156,27.2012,75517,50,1.0
bitmap_prefilter,overall<=4.0,0.39,0.3897,50,42,0.0859,27.1148,27.2007,75517,50,1.0
bitmap_prefilter,overall<=4.0,0.39,0.3897,50,43,0.0852,27.0374,27.1226,75517,50,1.0
bitmap_prefilter,overall<=4.0,0.39,0.3897,50,44,0.0853,27.2637,27.349,75517,50,1.0
bitmap_prefilter,overall<=4.0,0.39,0.3897,50,45,0.0864,27.3717,27.4581,75517,50,1.0
bitmap_prefilter,overall<=4.0,0.39,0.3897,50,46,0.0965,27.5352,27.6318,75517,50,1.0
bitmap_prefilter,overall<=4.0,0.39,0.3897,50,47,0.106,27.6347,27.7407,75517,50,1.0
bitmap_prefilter,overall<=4.0,0.39,0.3897,50,48,0.0937,29.0862,29.18,75517,50,1.0
bitmap_prefilter,overall<=4.0,0.39,0.3897,50,49,0.0998,29.2072,29.307,75517,50,1.0
