episode,selectivity,bucket_id,q_pre_before,q_post_before,chosen_strategy,was_guardrail,latency_ms,recall,reward,q_pre_after,q_post_after,gt_latency_ms,filter_name
1,0.859249,20,1.0,1.0,pre_filter,False,49.2838,1.0,0.0,0.9,1.0,25.1865,overall>=3.0
2,0.728433,19,1.0,1.0,pre_filter,False,42.2964,1.0,0.0,0.9,1.0,25.3279,"overall IN (2,3,5)"
3,0.140751,1,1.0,1.0,pre_filter,False,13.4799,1.0,0.550669,0.955067,1.0,29.0282,overall<=2.0
4,0.906777,21,1.0,1.0,post_filter,True,1.1413,1.0,0.961957,1.0,0.996196,29.7005,overall>=2.0
5,0.230635,3,1.0,1.0,post_filter,False,1.093,1.0,0.963565,1.0,0.996357,26.074,"main_cat IN ('Camera & Photo', 'Camera &amp; Photo', 'Cell Phones &amp; Accessories')"
6,0.073033,0,1.0,1.0,pre_filter,False,4.1207,1.0,0.862644,0.986264,1.0,26.3003,brand='Tiffen'
7,0.751008,19,0.9,1.0,post_filter,False,0.9281,1.0,0.969063,0.9,0.996906,25.0603,"overall IN (1,2,5)"
8,0.610257,18,1.0,1.0,pre_filter,False,37.9546,1.0,0.0,0.9,1.0,25.14,overall>=5.0
9,0.906777,21,1.0,0.996196,post_filter,True,1.0038,1.0,0.966539,1.0,0.99323,25.3627,overall>=2.0
10,0.300422,7,1.0,1.0,pre_filter,False,63.3611,1.0,0.0,0.9,1.0,25.404,"main_cat IN ('All Electronics', 'Books', 'Sports & Outdoors')"
11,0.680906,18,0.9,1.0,post_filter,False,1.0843,1.0,0.963856,0.9,0.996386,25.4058,"overall IN (3,5)"
12,0.952472,21,1.0,0.99323,post_filter,True,1.0605,1.0,0.96465,1.0,0.990372,25.2184,"overall IN (1,3,4,5)"
13,0.12068,1,0.955067,1.0,post_filter,False,1.0601,0.9,0.561778,0.955067,0.956178,25.402,"main_cat IN ('Camera &amp; Photo', 'Cell Phones &amp; Accessories', 'Tools & Home Improvement')"
14,0.7886,19,0.9,0.996906,post_filter,False,1.0254,1.0,0.965819,0.9,0.993798,25.1132,overall>=4.0
15,0.906777,21,1.0,0.990372,post_filter,True,1.2841,1.0,0.957197,1.0,0.987055,25.3597,overall>=2.0
16,0.658182,18,0.9,0.996386,post_filter,False,0.9555,1.0,0.968149,0.9,0.993562,25.6254,verified=true AND overall>=3.0
17,0.906777,21,1.0,0.987055,post_filter,True,1.0977,1.0,0.963408,1.0,0.98469,25.2898,overall>=2.0
18,0.12068,1,0.955067,0.956178,post_filter,False,0.9875,1.0,0.967083,0.955067,0.957268,36.0652,"main_cat IN ('Camera &amp; Photo', 'Cell Phones &amp; Accessories', 'Tools & Home Improvement')"
19,0.248992,4,1.0,1.0,pre_filter,False,21.2483,1.0,0.291725,0.929172,1.0,25.261,"overall IN (3,4)"
20,0.092237,0,0.986264,1.0,pre_filter,False,6.4074,1.0,0.786419,0.96628,1.0,25.3302,main_cat='Home Audio &amp; Theater' AND overall>=3.0
21,0.836128,20,0.9,1.0,post_filter,False,0.8421,1.0,0.971929,0.9,0.997193,25.312,"overall IN (2,4,5)"
22,0.160682,1,0.955067,0.957268,pre_filter,False,17.868,1.0,0.404401,0.9,0.957268,25.4983,"main_cat IN ('Camera & Photo', 'Computers')"
23,0.230635,3,1.0,0.996357,pre_filter,False,12.7028,1.0,0.576572,0.957657,0.996357,25.0458,"main_cat IN ('Camera & Photo', 'Camera &amp; Photo', 'Cell Phones &amp; Accessories')"
24,0.389743,11,1.0,1.0,post_filter,False,0.9655,1.0,0.967815,1.0,0.996782,25.7632,overall<=4.0
25,0.929351,21,1.0,0.98469,post_filter,True,1.0616,1.0,0.964614,1.0,0.982682,25.0655,"overall IN (1,2,4,5)"
26,0.658182,18,0.9,0.993562,pre_filter,False,38.1378,1.0,0.0,0.81,0.993562,25.1083,verified=true AND overall>=3.0
27,0.140751,1,0.9,0.957268,pre_filter,False,12.48,1.0,0.584,0.8684,0.957268,25.2912,overall<=2.0
28,0.881823,20,0.9,0.997193,post_filter,False,0.9077,1.0,0.969742,0.9,0.994448,25.2275,"overall IN (1,4,5)"
29,0.339351,8,1.0,1.0,pre_filter,False,25.9203,1.0,0.135989,0.913599,1.0,25.1425,"main_cat IN ('Home Audio & Theater', 'Camera &amp; Photo', 'Sports & Outdoors')"
30,0.092237,0,0.96628,1.0,post_filter,False,0.9391,1.0,0.968697,0.96628,0.99687,25.3923,main_cat='Home Audio &amp; Theater' AND overall>=3.0
31,0.952472,21,1.0,0.982682,post_filter,True,0.6048,0.0,0.0,1.0,0.884414,25.6762,"overall IN (1,3,4,5)"
32,0.210713,2,1.0,1.0,pre_filter,False,11.5486,1.0,0.615047,0.961505,1.0,25.4489,"main_cat IN ('Camera & Photo', 'Camera &amp; Photo')"
33,0.881823,20,0.9,0.994448,post_filter,False,0.914,1.0,0.969533,0.9,0.991956,25.2642,"overall IN (1,4,5)"
34,0.389743,11,1.0,0.996782,post_filter,False,0.5942,1.0,0.980192,1.0,0.995123,25.5576,overall<=4.0
35,0.929351,21,1.0,0.884414,post_filter,True,0.8965,1.0,0.970118,1.0,0.892984,25.2551,"overall IN (1,2,4,5)"
36,0.300422,7,0.9,1.0,post_filter,False,1.0181,1.0,0.966063,0.9,0.996606,25.3267,"main_cat IN ('All Electronics', 'Books', 'Sports & Outdoors')"
37,0.952472,21,1.0,0.892984,post_filter,True,0.8793,1.0,0.970689,1.0,0.900755,25.3552,"overall IN (1,3,4,5)"
38,0.050727,0,0.96628,0.99687,post_filter,False,0.8011,1.0,0.973296,0.96628,0.994512,25.5108,"main_cat IN ('Computers', 'Tools & Home Improvement')"
39,0.339351,8,0.913599,1.0,post_filter,False,1.1764,1.0,0.960786,0.913599,0.996079,25.3812,"main_cat IN ('Home Audio & Theater', 'Camera &amp; Photo', 'Sports & Outdoors')"
40,0.073033,0,0.96628,0.994512,post_filter,False,0.7676,1.0,0.974414,0.96628,0.992502,25.629,brand='Tiffen'
41,0.319094,7,0.9,0.996606,post_filter,False,1.1895,0.9,0.559267,0.9,0.952872,25.1342,"overall IN (1,2,4)"
42,0.658182,18,0.81,0.993562,post_filter,False,0.7655,1.0,0.974482,0.81,0.991654,25.3995,verified=true AND overall>=3.0
43,0.300422,7,0.9,0.952872,post_filter,False,1.0028,1.0,0.966574,0.9,0.954242,25.4052,"main_cat IN ('All Electronics', 'Books', 'Sports & Outdoors')"
44,0.210713,2,0.961505,1.0,post_filter,False,0.6103,0.9,0.570511,0.961505,0.957051,25.4271,"main_cat IN ('Camera & Photo', 'Camera &amp; Photo')"
45,0.319094,7,0.9,0.954242,post_filter,False,0.7644,1.0,0.974521,0.9,0.95627,25.2285,"overall IN (1,2,4)"
46,0.092237,0,0.96628,0.992502,post_filter,False,1.0203,1.0,0.965989,0.96628,0.989851,25.3364,main_cat='Home Audio &amp; Theater' AND overall>=3.0
47,0.300422,7,0.9,0.95627,post_filter,False,0.8527,1.0,0.971578,0.9,0.957801,25.4024,"main_cat IN ('All Electronics', 'Books', 'Sports & Outdoors')"
48,0.210713,2,0.961505,0.957051,pre_filter,False,11.5504,0.0,0.0,0.865354,0.957051,25.2875,"main_cat IN ('Camera & Photo', 'Camera &amp; Photo')"
49,0.050727,0,0.96628,0.989851,pre_filter,False,4.6826,1.0,0.843914,0.954043,0.989851,25.7391,"main_cat IN ('Computers', 'Tools & Home Improvement')"
50,0.270385,5,1.0,1.0,pre_filter,False,15.5403,1.0,0.48199,0.948199,1.0,25.306,"main_cat IN ('Home Audio & Theater', 'Books', 'Tools & Home Improvement')"
51,0.952472,21,1.0,0.900755,post_filter,True,0.8956,0.9,0.564971,1.0,0.867177,25.4727,"overall IN (1,3,4,5)"
52,0.12068,1,0.8684,0.957268,pre_filter,False,8.2827,1.0,0.72391,0.853951,0.957268,25.9926,"main_cat IN ('Camera &amp; Photo', 'Cell Phones &amp; Accessories', 'Tools & Home Improvement')"
53,0.881823,20,0.9,0.991956,post_filter,False,0.8565,1.0,0.971449,0.9,0.989906,25.1439,"overall IN (1,4,5)"
54,0.7886,19,0.9,0.993798,post_filter,False,0.9732,1.0,0.967561,0.9,0.991174,25.2859,overall>=4.0
55,0.751008,19,0.9,0.991174,post_filter,False,0.9996,1.0,0.966681,0.9,0.988725,25.3915,"overall IN (1,2,5)"
56,0.270385,5,0.948199,1.0,post_filter,False,0.8542,0.6,0.009811,0.948199,0.900981,25.5532,"main_cat IN ('Home Audio & Theater', 'Books', 'Tools & Home Improvement')"
57,0.859249,20,0.9,0.989906,post_filter,False,0.839,1.0,0.972032,0.9,0.988118,25.6537,overall>=3.0
58,0.140751,1,0.853951,0.957268,post_filter,False,1.3935,0.0,0.0,0.853951,0.861541,27.6689,overall<=2.0
59,0.140751,1,0.853951,0.861541,post_filter,False,0.9267,1.0,0.96911,0.853951,0.872298,25.2608,overall<=2.0
60,0.073033,0,0.954043,0.989851,post_filter,False,1.2937,0.7,0.045144,0.954043,0.89538,25.3255,brand='Tiffen'
61,0.248992,4,0.929172,1.0,post_filter,False,1.0084,1.0,0.966386,0.929172,0.996639,25.0616,"overall IN (3,4)"
62,0.952472,21,1.0,0.867177,post_filter,True,0.8567,1.0,0.971444,1.0,0.877603,25.2678,"overall IN (1,3,4,5)"
63,0.881823,20,0.9,0.988118,post_filter,False,0.9775,1.0,0.967415,0.9,0.986048,25.199,"overall IN (1,4,5)"
64,0.610257,18,0.81,0.991654,post_filter,False,0.9933,1.0,0.96689,0.81,0.989178,25.3318,overall>=5.0
65,0.7886,19,0.9,0.988725,post_filter,False,0.4865,1.0,0.983783,0.9,0.98823,25.4633,overall>=4.0
66,0.881823,20,0.9,0.986048,post_filter,False,0.8065,1.0,0.973115,0.9,0.984755,25.2725,"overall IN (1,4,5)"
67,0.140751,1,0.853951,0.872298,pre_filter,False,12.1482,1.0,0.59506,0.828062,0.872298,27.9804,overall<=2.0
68,0.836128,20,0.9,0.984755,post_filter,False,0.9364,1.0,0.968786,0.9,0.983158,25.2746,"overall IN (2,4,5)"
69,0.7886,19,0.9,0.98823,post_filter,False,0.85,0.9,0.565857,0.9,0.945993,25.2587,overall>=4.0
70,0.610257,18,0.81,0.989178,post_filter,False,1.0321,1.0,0.965596,0.81,0.986819,25.0289,overall>=5.0
71,0.389743,11,1.0,0.995123,pre_filter,False,35.88,1.0,0.0,0.9,0.995123,25.2893,overall<=4.0
72,0.728433,19,0.9,0.945993,post_filter,False,0.6618,1.0,0.97794,0.9,0.949188,25.4279,"overall IN (2,3,5)"
73,0.050727,0,0.954043,0.89538,post_filter,False,0.9869,1.0,0.967103,0.954043,0.902553,25.4816,"main_cat IN ('Computers', 'Tools & Home Improvement')"
74,0.929351,21,1.0,0.877603,post_filter,True,0.926,1.0,0.969132,1.0,0.886756,25.4587,"overall IN (1,2,4,5)"
75,0.092237,0,0.954043,0.902553,post_filter,False,0.5003,0.0,0.0,0.954043,0.812297,25.3882,main_cat='Home Audio &amp; Theater' AND overall>=3.0
76,0.050727,0,0.954043,0.812297,pre_filter,False,2.8451,1.0,0.905164,0.949155,0.812297,25.2596,"main_cat IN ('Computers', 'Tools & Home Improvement')"
77,0.230635,3,0.957657,0.996357,post_filter,False,1.0169,1.0,0.966103,0.957657,0.993331,25.1446,"main_cat IN ('Camera & Photo', 'Camera &amp; Photo', 'Cell Phones &amp; Accessories')"
78,0.180604,1,0.828062,0.872298,post_filter,False,0.9027,1.0,0.969911,0.828062,0.88206,25.258,"main_cat IN ('Camera & Photo', 'Computers', 'Cell Phones &amp; Accessories')"
79,0.881823,20,0.9,0.983158,post_filter,False,0.8088,1.0,0.97304,0.9,0.982146,25.2421,"overall IN (1,4,5)"
80,0.140751,1,0.828062,0.88206,post_filter,False,0.8212,1.0,0.972626,0.828062,0.891116,25.632,overall<=2.0
81,0.680906,18,0.81,0.986819,post_filter,False,0.398,1.0,0.986733,0.81,0.986811,25.3026,"overall IN (3,5)"
82,0.821657,20,0.9,0.982146,pre_filter,False,45.2951,1.0,0.0,0.81,0.982146,25.2777,"overall IN (1,2,3,5)"
83,0.728433,19,0.9,0.949188,post_filter,False,0.9624,1.0,0.967919,0.9,0.951061,25.1347,"overall IN (2,3,5)"
84,0.658182,18,0.81,0.986811,post_filter,False,0.8495,1.0,0.971682,0.81,0.985298,25.2656,verified=true AND overall>=3.0
85,0.339351,8,0.913599,0.996079,post_filter,False,0.3217,0.0,0.0,0.913599,0.896471,25.4457,"main_cat IN ('Home Audio & Theater', 'Camera &amp; Photo', 'Sports & Outdoors')"
86,0.12068,1,0.828062,0.891116,post_filter,False,0.9616,1.0,0.967946,0.828062,0.898799,25.1192,"main_cat IN ('Camera &amp; Photo', 'Cell Phones &amp; Accessories', 'Tools & Home Improvement')"
87,0.836128,20,0.81,0.982146,post_filter,False,0.4357,1.0,0.985476,0.81,0.982479,25.6232,"overall IN (2,4,5)"
88,0.248992,4,0.929172,0.996639,post_filter,False,0.429,1.0,0.9857,0.929172,0.995545,25.5545,"overall IN (3,4)"
89,0.210713,2,0.865354,0.957051,post_filter,False,0.9515,1.0,0.968283,0.865354,0.958174,25.5185,"main_cat IN ('Camera & Photo', 'Camera &amp; Photo')"
90,0.248992,4,0.929172,0.995545,post_filter,False,0.8495,1.0,0.971685,0.929172,0.993159,25.561,"overall IN (3,4)"
91,0.12068,1,0.828062,0.898799,post_filter,False,1.3122,0.8,0.171491,0.828062,0.826068,25.8448,"main_cat IN ('Camera &amp; Photo', 'Cell Phones &amp; Accessories', 'Tools & Home Improvement')"
92,0.073033,0,0.949155,0.812297,pre_filter,False,4.0032,1.0,0.866561,0.940896,0.812297,25.762,brand='Tiffen'
93,0.210713,2,0.865354,0.958174,post_filter,False,1.1742,0.7,0.045332,0.865354,0.86689,25.2442,"main_cat IN ('Camera & Photo', 'Camera &amp; Photo')"
94,0.339351,8,0.913599,0.896471,post_filter,False,0.981,1.0,0.967301,0.913599,0.903554,25.3372,"main_cat IN ('Home Audio & Theater', 'Camera &amp; Photo', 'Sports & Outdoors')"
95,0.751008,19,0.9,0.951061,post_filter,False,0.9245,1.0,0.969185,0.9,0.952873,25.3125,"overall IN (1,2,5)"
96,0.859249,20,0.81,0.982479,post_filter,False,1.09,1.0,0.963665,0.81,0.980598,25.2071,overall>=3.0
97,0.728433,19,0.9,0.952873,post_filter,False,1.0018,1.0,0.966606,0.9,0.954247,25.5478,"overall IN (2,3,5)"
98,0.389743,11,0.9,0.995123,post_filter,False,0.9242,1.0,0.969194,0.9,0.99253,25.2295,overall<=4.0
99,0.092237,0,0.940896,0.812297,pre_filter,False,5.7678,1.0,0.80774,0.92758,0.812297,25.1746,main_cat='Home Audio &amp; Theater' AND overall>=3.0
100,0.12068,1,0.828062,0.826068,pre_filter,False,9.6616,1.0,0.677946,0.813051,0.826068,25.3148,"main_cat IN ('Camera &amp; Photo', 'Cell Phones &amp; Accessories', 'Tools & Home Improvement')"
101,0.881823,20,0.81,0.980598,post_filter,False,1.0516,1.0,0.964947,0.81,0.979033,25.8387,"overall IN (1,4,5)"
102,0.929351,21,1.0,0.886756,post_filter,True,0.628,0.9,0.570166,1.0,0.855097,25.3628,"overall IN (1,2,4,5)"
103,0.610257,18,0.81,0.985298,post_filter,False,0.7201,1.0,0.975997,0.81,0.984368,25.4449,overall>=5.0
104,0.728433,19,0.9,0.954247,post_filter,False,0.7523,1.0,0.974925,0.9,0.956314,25.5477,"overall IN (2,3,5)"
105,0.680906,18,0.81,0.984368,post_filter,False,0.733,0.9,0.568127,0.81,0.942744,25.3029,"overall IN (3,5)"
106,0.050727,0,0.92758,0.812297,pre_filter,False,2.7911,1.0,0.906963,0.925519,0.812297,25.7069,"main_cat IN ('Computers', 'Tools & Home Improvement')"
107,0.751008,19,0.9,0.956314,post_filter,False,0.7484,1.0,0.975053,0.9,0.958188,25.1325,"overall IN (1,2,5)"
108,0.658182,18,0.81,0.942744,post_filter,False,0.9279,1.0,0.969069,0.81,0.945376,25.3874,verified=true AND overall>=3.0
109,0.70348,19,0.9,0.958188,post_filter,False,0.6461,1.0,0.978462,0.9,0.960216,25.667,"overall IN (1,5)"
110,0.210713,2,0.865354,0.86689,post_filter,False,0.7823,1.0,0.973922,0.865354,0.877593,25.2977,"main_cat IN ('Camera & Photo', 'Camera &amp; Photo')"
111,0.7886,19,0.9,0.960216,post_filter,False,0.5265,1.0,0.982451,0.9,0.962439,25.3867,overall>=4.0
112,0.140751,1,0.813051,0.826068,post_filter,False,1.1458,1.0,0.961807,0.813051,0.839642,25.6852,overall<=2.0
113,0.248992,4,0.929172,0.993159,post_filter,False,0.9595,1.0,0.968018,0.929172,0.990645,25.545,"overall IN (3,4)"
114,0.339351,8,0.913599,0.903554,pre_filter,False,19.5866,1.0,0.347112,0.85695,0.903554,25.3203,"main_cat IN ('Home Audio & Theater', 'Camera &amp; Photo', 'Sports & Outdoors')"
115,0.050727,0,0.925519,0.812297,pre_filter,False,2.83,1.0,0.905667,0.923533,0.812297,25.2603,"main_cat IN ('Computers', 'Tools & Home Improvement')"
116,0.728433,19,0.9,0.962439,post_filter,False,0.6598,1.0,0.978007,0.9,0.963996,25.1617,"overall IN (2,3,5)"
117,0.300422,7,0.9,0.957801,post_filter,False,0.7441,1.0,0.975197,0.9,0.959541,25.0978,"main_cat IN ('All Electronics', 'Books', 'Sports & Outdoors')"
118,0.210713,2,0.865354,0.877593,post_filter,False,1.1198,1.0,0.962675,0.865354,0.886101,25.2383,"main_cat IN ('Camera & Photo', 'Camera &amp; Photo')"
119,0.70348,19,0.9,0.963996,post_filter,False,0.8101,1.0,0.972997,0.9,0.964896,25.3061,"overall IN (1,5)"
120,0.339351,8,0.85695,0.903554,post_filter,False,0.8986,1.0,0.970046,0.85695,0.910203,25.1161,"main_cat IN ('Home Audio & Theater', 'Camera &amp; Photo', 'Sports & Outdoors')"
121,0.160682,1,0.813051,0.839642,post_filter,False,1.0416,1.0,0.965279,0.813051,0.852206,25.4303,"main_cat IN ('Camera & Photo', 'Computers')"
122,0.774129,19,0.9,0.964896,post_filter,False,0.976,1.0,0.967468,0.9,0.965153,25.0306,"overall IN (1,3,5)"
123,0.774129,19,0.9,0.965153,post_filter,False,0.8782,1.0,0.970726,0.9,0.965711,25.1115,"overall IN (1,3,5)"
124,0.092237,0,0.923533,0.812297,pre_filter,False,5.6765,1.0,0.810783,0.912258,0.812297,25.1177,main_cat='Home Audio &amp; Theater' AND overall>=3.0
125,0.658182,18,0.81,0.945376,post_filter,False,0.6073,1.0,0.979757,0.81,0.948814,25.1297,verified=true AND overall>=3.0
126,0.300422,7,0.9,0.959541,post_filter,False,0.8136,1.0,0.972879,0.9,0.960875,25.2498,"main_cat IN ('All Electronics', 'Books', 'Sports & Outdoors')"
127,0.092237,0,0.912258,0.812297,pre_filter,False,5.6487,1.0,0.811711,0.902204,0.812297,25.2912,main_cat='Home Audio &amp; Theater' AND overall>=3.0
128,0.658182,18,0.81,0.948814,post_filter,False,0.8922,1.0,0.970258,0.81,0.950959,25.0308,verified=true AND overall>=3.0
129,0.680906,18,0.81,0.950959,post_filter,False,0.9565,1.0,0.968115,0.81,0.952674,25.3002,"overall IN (3,5)"
130,0.658182,18,0.81,0.952674,post_filter,False,0.658,1.0,0.978067,0.81,0.955214,25.1863,verified=true AND overall>=3.0
131,0.859249,20,0.81,0.979033,post_filter,False,0.7777,1.0,0.974076,0.81,0.978537,25.0424,overall>=3.0
132,0.658182,18,0.81,0.955214,post_filter,False,0.8288,1.0,0.972372,0.81,0.956929,25.232,verified=true AND overall>=3.0
133,0.680906,18,0.81,0.956929,post_filter,False,0.9038,1.0,0.969874,0.81,0.958224,25.143,"overall IN (3,5)"
134,0.050727,0,0.902204,0.812297,pre_filter,False,2.8675,1.0,0.904418,0.902425,0.812297,25.252,"main_cat IN ('Computers', 'Tools & Home Improvement')"
135,0.319094,7,0.9,0.960875,post_filter,False,0.717,1.0,0.976101,0.9,0.962397,25.3265,"overall IN (1,2,4)"
136,0.906777,21,1.0,0.855097,post_filter,True,0.8269,1.0,0.972438,1.0,0.866831,25.0188,overall>=2.0
137,0.610257,18,0.81,0.958224,post_filter,False,0.8738,1.0,0.970874,0.81,0.959489,25.1267,overall>=5.0
138,0.073033,0,0.902425,0.812297,pre_filter,False,4.086,1.0,0.863799,0.898562,0.812297,25.4539,brand='Tiffen'
139,0.751008,19,0.9,0.965711,post_filter,False,0.4085,0.9,0.574427,0.9,0.926582,25.3661,"overall IN (1,2,5)"
140,0.319094,7,0.9,0.962397,post_filter,False,0.9075,1.0,0.969749,0.9,0.963132,25.1545,"overall IN (1,2,4)"
141,0.300422,7,0.9,0.963132,post_filter,False,0.4504,1.0,0.984987,0.9,0.965318,29.115,"main_cat IN ('All Electronics', 'Books', 'Sports & Outdoors')"
142,0.230635,3,0.957657,0.993331,post_filter,False,2.3034,0.9,0.537644,0.957657,0.947762,28.011,"main_cat IN ('Camera & Photo', 'Camera &amp; Photo', 'Cell Phones &amp; Accessories')"
143,0.821657,20,0.81,0.978537,post_filter,False,0.8925,1.0,0.970249,0.81,0.977708,25.4647,"overall IN (1,2,3,5)"
144,0.050727,0,0.898562,0.812297,pre_filter,False,2.8379,1.0,0.905404,0.899247,0.812297,25.4783,"main_cat IN ('Computers', 'Tools & Home Improvement')"
145,0.300422,7,0.9,0.965318,post_filter,False,0.987,1.0,0.967101,0.9,0.965496,25.4375,"main_cat IN ('All Electronics', 'Books', 'Sports & Outdoors')"
146,0.859249,20,0.81,0.977708,post_filter,False,0.8533,1.0,0.971557,0.81,0.977093,25.0809,overall>=3.0
147,0.092237,0,0.899247,0.812297,pre_filter,False,5.8439,1.0,0.805203,0.889842,0.812297,25.3097,main_cat='Home Audio &amp; Theater' AND overall>=3.0
148,0.300422,7,0.9,0.965496,post_filter,False,0.9357,1.0,0.96881,0.9,0.965828,25.4338,"main_cat IN ('All Electronics', 'Books', 'Sports & Outdoors')"
149,0.210713,2,0.865354,0.886101,post_filter,False,0.7123,1.0,0.976256,0.865354,0.895117,25.1574,"main_cat IN ('Camera & Photo', 'Camera &amp; Photo')"
150,0.821657,20,0.81,0.977093,post_filter,False,0.9742,1.0,0.967526,0.81,0.976136,25.3262,"overall IN (1,2,3,5)"
151,0.774129,19,0.9,0.926582,post_filter,False,0.8517,1.0,0.971611,0.9,0.931085,25.3479,"overall IN (1,3,5)"
152,0.751008,19,0.9,0.931085,post_filter,False,1.023,1.0,0.965899,0.9,0.934567,25.1286,"overall IN (1,2,5)"
153,0.12068,1,0.813051,0.852206,pre_filter,False,7.4314,1.0,0.752286,0.806974,0.852206,25.3549,"main_cat IN ('Camera &amp; Photo', 'Cell Phones &amp; Accessories', 'Tools & Home Improvement')"
154,0.836128,20,0.81,0.976136,post_filter,False,0.6593,1.0,0.978024,0.81,0.976325,25.4748,"overall IN (2,4,5)"
155,0.70348,19,0.9,0.934567,pre_filter,False,41.1539,1.0,0.0,0.81,0.934567,25.2262,"overall IN (1,5)"
156,0.821657,20,0.81,0.976325,post_filter,False,0.7882,1.0,0.973726,0.81,0.976065,25.3321,"overall IN (1,2,3,5)"
157,0.836128,20,0.81,0.976065,post_filter,False,0.7307,1.0,0.975644,0.81,0.976023,25.436,"overall IN (2,4,5)"
158,0.270385,5,0.948199,0.900981,pre_filter,False,15.5436,1.0,0.481879,0.901567,0.900981,25.302,"main_cat IN ('Home Audio & Theater', 'Books', 'Tools & Home Improvement')"
159,0.140751,1,0.806974,0.852206,post_filter,False,0.9373,1.0,0.968756,0.806974,0.863861,25.2516,overall<=2.0
160,0.073033,0,0.889842,0.812297,post_filter,False,1.3802,0.4,0.000167,0.889842,0.731084,26.444,brand='Tiffen'
161,0.300422,7,0.9,0.965828,post_filter,False,1.1096,0.9,0.560818,0.9,0.925327,25.3097,"main_cat IN ('All Electronics', 'Books', 'Sports & Outdoors')"
162,0.680906,18,0.81,0.959489,post_filter,False,0.6135,1.0,0.97955,0.81,0.961495,25.3853,"overall IN (3,5)"
163,0.270385,5,0.901567,0.900981,pre_filter,False,15.6663,1.0,0.477792,0.85919,0.900981,25.3463,"main_cat IN ('Home Audio & Theater', 'Books', 'Tools & Home Improvement')"
164,0.881823,20,0.81,0.976023,post_filter,False,0.7673,1.0,0.974424,0.81,0.975863,25.5808,"overall IN (1,4,5)"
165,0.751008,19,0.81,0.934567,post_filter,False,0.9372,1.0,0.968758,0.81,0.937986,25.2676,"overall IN (1,2,5)"
166,0.160682,1,0.806974,0.863861,post_filter,False,0.8755,1.0,0.970817,0.806974,0.874556,25.4207,"main_cat IN ('Camera & Photo', 'Computers')"
167,0.881823,20,0.81,0.975863,post_filter,False,0.9448,1.0,0.968506,0.81,0.975127,25.3383,"overall IN (1,4,5)"
168,0.836128,20,0.81,0.975127,post_filter,False,0.7355,1.0,0.975483,0.81,0.975163,25.3205,"overall IN (2,4,5)"
169,0.774129,19,0.81,0.937986,post_filter,False,0.558,1.0,0.981399,0.81,0.942327,25.7279,"overall IN (1,3,5)"
170,0.389743,11,0.9,0.99253,post_filter,False,0.9216,1.0,0.969279,0.9,0.990205,24.9472,overall<=4.0
171,0.7886,19,0.81,0.942327,pre_filter,False,44.6894,1.0,0.0,0.729,0.942327,25.0741,overall>=4.0
172,0.610257,18,0.81,0.961495,post_filter,False,1.0036,1.0,0.966546,0.81,0.962,25.0764,overall>=5.0
173,0.751008,19,0.729,0.942327,post_filter,False,0.4575,0.0,0.0,0.729,0.848094,25.2394,"overall IN (1,2,5)"
174,0.160682,1,0.806974,0.874556,post_filter,False,1.1698,0.3,9e-06,0.806974,0.787102,25.7839,"main_cat IN ('Camera & Photo', 'Computers')"
175,0.859249,20,0.81,0.975163,post_filter,False,0.9945,1.0,0.966851,0.81,0.974332,25.0701,overall>=3.0
176,0.140751,1,0.806974,0.787102,post_filter,False,1.4233,0.2,0.0,0.806974,0.708392,26.9989,overall<=2.0
177,0.092237,0,0.889842,0.731084,pre_filter,False,5.6802,1.0,0.81066,0.881924,0.731084,25.1185,main_cat='Home Audio &amp; Theater' AND overall>=3.0
178,0.7886,19,0.729,0.848094,post_filter,False,0.9271,1.0,0.969097,0.729,0.860195,25.0429,overall>=4.0
179,0.836128,20,0.81,0.974332,post_filter,False,0.8489,1.0,0.971704,0.81,0.974069,24.9337,"overall IN (2,4,5)"
180,0.389743,11,0.9,0.990205,post_filter,False,0.8773,1.0,0.970757,0.9,0.98826,25.2138,overall<=4.0
181,0.073033,0,0.881924,0.731084,pre_filter,False,4.0077,1.0,0.866411,0.880373,0.731084,25.9533,brand='Tiffen'
182,0.248992,4,0.929172,0.990645,post_filter,False,0.9316,1.0,0.968947,0.929172,0.988475,25.0067,"overall IN (3,4)"
183,0.180604,1,0.806974,0.708392,post_filter,False,0.8572,0.9,0.565717,0.806974,0.694124,25.5787,"main_cat IN ('Camera & Photo', 'Computers', 'Cell Phones &amp; Accessories')"
184,0.073033,0,0.880373,0.731084,pre_filter,False,3.8967,1.0,0.870111,0.879347,0.731084,25.7273,brand='Tiffen'
185,0.859249,20,0.81,0.974069,post_filter,False,0.9157,1.0,0.969475,0.81,0.97361,25.0301,overall>=3.0
186,0.180604,1,0.806974,0.694124,pre_filter,False,21.3793,1.0,0.287357,0.755012,0.694124,25.1968,"main_cat IN ('Camera & Photo', 'Computers', 'Cell Phones &amp; Accessories')"
187,0.929351,21,1.0,0.866831,post_filter,True,0.6596,1.0,0.978014,1.0,0.877949,25.428,"overall IN (1,2,4,5)"
188,0.073033,0,0.879347,0.731084,pre_filter,False,4.0298,1.0,0.865674,0.877979,0.731084,25.1504,brand='Tiffen'
189,0.270385,5,0.85919,0.900981,post_filter,False,0.7684,1.0,0.974386,0.85919,0.908322,25.1979,"main_cat IN ('Home Audio & Theater', 'Books', 'Tools & Home Improvement')"
190,0.952472,21,1.0,0.877949,post_filter,True,0.6003,1.0,0.979989,1.0,0.888153,25.1419,"overall IN (1,3,4,5)"
191,0.248992,4,0.929172,0.988475,pre_filter,False,20.5097,1.0,0.316343,0.86789,0.988475,25.0023,"overall IN (3,4)"
192,0.658182,18,0.81,0.962,post_filter,False,0.7531,1.0,0.974897,0.81,0.96329,25.3684,verified=true AND overall>=3.0
193,0.319094,7,0.9,0.925327,post_filter,False,0.8551,1.0,0.971496,0.9,0.929943,26.4535,"overall IN (1,2,4)"
194,0.881823,20,0.81,0.97361,post_filter,False,0.7057,0.9,0.568658,0.81,0.933115,25.66,"overall IN (1,4,5)"
195,0.680906,18,0.81,0.96329,post_filter,False,0.8767,1.0,0.970775,0.81,0.964038,25.3349,"overall IN (3,5)"
196,0.610257,18,0.81,0.964038,post_filter,False,0.3427,0.8,0.177286,0.81,0.885363,25.1515,overall>=5.0
197,0.230635,3,0.957657,0.947762,pre_filter,False,12.7121,1.0,0.576264,0.919518,0.947762,25.1693,"main_cat IN ('Camera & Photo', 'Camera &amp; Photo', 'Cell Phones &amp; Accessories')"
198,0.073033,0,0.877979,0.731084,pre_filter,False,4.2092,1.0,0.859694,0.876151,0.731084,25.4691,brand='Tiffen'
199,0.836128,20,0.81,0.933115,post_filter,False,0.6761,1.0,0.977463,0.81,0.937549,25.716,"overall IN (2,4,5)"
200,0.751008,19,0.729,0.860195,post_filter,False,0.898,1.0,0.970065,0.729,0.871182,25.1557,"overall IN (1,2,5)"
201,0.180604,1,0.755012,0.694124,pre_filter,False,11.8278,1.0,0.60574,0.740085,0.694124,25.2047,"main_cat IN ('Camera & Photo', 'Computers', 'Cell Phones &amp; Accessories')"
202,0.248992,4,0.86789,0.988475,post_filter,False,0.5402,1.0,0.981994,0.86789,0.987827,26.1991,"overall IN (3,4)"
203,0.300422,7,0.9,0.929943,post_filter,False,0.8202,1.0,0.972661,0.9,0.934215,25.2755,"main_cat IN ('All Electronics', 'Books', 'Sports & Outdoors')"
204,0.906777,21,1.0,0.888153,post_filter,True,0.7431,1.0,0.975229,1.0,0.896861,25.2505,overall>=2.0
205,0.836128,20,0.81,0.937549,post_filter,False,0.8887,1.0,0.970378,0.81,0.940832,25.6767,"overall IN (2,4,5)"
206,0.073033,0,0.876151,0.731084,pre_filter,False,3.9383,0.9,0.505907,0.839126,0.731084,25.2734,brand='Tiffen'
207,0.906777,21,1.0,0.896861,post_filter,True,0.9885,1.0,0.967049,1.0,0.90388,25.1388,overall>=2.0
208,0.751008,19,0.729,0.871182,post_filter,False,0.7128,0.9,0.56852,0.729,0.840915,25.414,"overall IN (1,2,5)"
209,0.270385,5,0.85919,0.908322,post_filter,False,0.5843,1.0,0.980522,0.85919,0.915542,25.3526,"main_cat IN ('Home Audio & Theater', 'Books', 'Tools & Home Improvement')"
210,0.230635,3,0.919518,0.947762,pre_filter,False,12.7566,1.0,0.574779,0.885044,0.947762,25.2074,"main_cat IN ('Camera & Photo', 'Camera &amp; Photo', 'Cell Phones &amp; Accessories')"
211,0.12068,1,0.740085,0.694124,pre_filter,False,7.3389,1.0,0.755371,0.741614,0.694124,25.5989,"main_cat IN ('Camera &amp; Photo', 'Cell Phones &amp; Accessories', 'Tools & Home Improvement')"
212,0.859249,20,0.81,0.940832,post_filter,False,0.7079,1.0,0.976403,0.81,0.944389,25.2022,overall>=3.0
213,0.300422,7,0.9,0.934215,pre_filter,False,17.021,1.0,0.432632,0.853263,0.934215,25.1711,"main_cat IN ('All Electronics', 'Books', 'Sports & Outdoors')"
214,0.339351,8,0.85695,0.910203,post_filter,False,0.9053,1.0,0.969824,0.85695,0.916165,25.0989,"main_cat IN ('Home Audio & Theater', 'Camera &amp; Photo', 'Sports & Outdoors')"
215,0.929351,21,1.0,0.90388,post_filter,True,0.6472,0.9,0.569794,1.0,0.870471,25.4272,"overall IN (1,2,4,5)"
216,0.319094,7,0.853263,0.934215,post_filter,False,0.7532,0.9,0.567735,0.853263,0.897567,25.4038,"overall IN (1,2,4)"
217,0.821657,20,0.81,0.944389,post_filter,False,0.6935,1.0,0.976883,0.81,0.947639,25.3789,"overall IN (1,2,3,5)"
218,0.389743,11,0.9,0.98826,post_filter,False,0.6359,1.0,0.978803,0.9,0.987314,25.4934,overall<=4.0
219,0.929351,21,1.0,0.870471,post_filter,True,0.8752,0.9,0.565366,1.0,0.839961,25.431,"overall IN (1,2,4,5)"
220,0.319094,7,0.853263,0.897567,post_filter,False,0.77,1.0,0.974335,0.853263,0.905244,25.321,"overall IN (1,2,4)"
221,0.270385,5,0.85919,0.915542,post_filter,False,0.7632,1.0,0.97456,0.85919,0.921443,25.2585,"main_cat IN ('Home Audio & Theater', 'Books', 'Tools & Home Improvement')"
222,0.160682,1,0.741614,0.694124,pre_filter,False,10.6437,1.0,0.64521,0.731973,0.694124,25.1092,"main_cat IN ('Camera & Photo', 'Computers')"
223,0.610257,18,0.81,0.885363,pre_filter,False,37.5403,1.0,0.0,0.729,0.885363,25.065,overall>=5.0
224,0.7886,19,0.729,0.840915,post_filter,False,0.7816,1.0,0.973947,0.729,0.854219,25.3123,overall>=4.0
225,0.610257,18,0.729,0.885363,post_filter,False,0.867,1.0,0.9711,0.729,0.893937,25.4054,overall>=5.0
226,0.300422,7,0.853263,0.905244,post_filter,False,1.0458,1.0,0.96514,0.853263,0.911234,25.0814,"main_cat IN ('All Electronics', 'Books', 'Sports & Outdoors')"
227,0.952472,21,1.0,0.839961,post_filter,True,0.7473,1.0,0.975092,1.0,0.853474,25.0167,"overall IN (1,3,4,5)"
228,0.859249,20,0.81,0.947639,post_filter,False,0.7047,1.0,0.976508,0.81,0.950526,25.2057,overall>=3.0
229,0.658182,18,0.729,0.893937,post_filter,False,0.548,1.0,0.981732,0.729,0.902716,25.4429,verified=true AND overall>=3.0
230,0.230635,3,0.885044,0.947762,post_filter,False,0.1618,0.0,0.0,0.885044,0.852986,25.388,"main_cat IN ('Camera & Photo', 'Camera &amp; Photo', 'Cell Phones &amp; Accessories')"
231,0.859249,20,0.81,0.950526,post_filter,False,0.3335,1.0,0.988885,0.81,0.954362,25.2065,overall>=3.0
232,0.092237,0,0.839126,0.731084,pre_filter,False,5.5069,1.0,0.816437,0.836858,0.731084,25.452,main_cat='Home Audio &amp; Theater' AND overall>=3.0
233,0.821657,20,0.81,0.954362,post_filter,False,0.7439,1.0,0.975203,0.81,0.956446,25.4319,"overall IN (1,2,3,5)"
234,0.339351,8,0.85695,0.916165,post_filter,False,0.3982,1.0,0.986728,0.85695,0.923221,25.2796,"main_cat IN ('Home Audio & Theater', 'Camera &amp; Photo', 'Sports & Outdoors')"
235,0.092237,0,0.836858,0.731084,pre_filter,False,5.5502,1.0,0.814994,0.834671,0.731084,25.0045,main_cat='Home Audio &amp; Theater' AND overall>=3.0
236,0.339351,8,0.85695,0.923221,post_filter,False,0.8124,1.0,0.972919,0.85695,0.928191,25.0831,"main_cat IN ('Home Audio & Theater', 'Camera &amp; Photo', 'Sports & Outdoors')"
237,0.728433,19,0.729,0.854219,post_filter,False,0.8208,1.0,0.97264,0.729,0.866061,25.4455,"overall IN (2,3,5)"
238,0.881823,20,0.81,0.956446,post_filter,False,0.7966,1.0,0.973446,0.81,0.958146,25.2068,"overall IN (1,4,5)"
239,0.160682,1,0.731973,0.694124,pre_filter,False,9.2384,0.7,0.03265,0.662041,0.694124,24.9969,"main_cat IN ('Camera & Photo', 'Computers')"
240,0.680906,18,0.729,0.902716,post_filter,False,0.3483,0.4,0.000173,0.729,0.812462,25.3068,"overall IN (3,5)"
241,0.248992,4,0.86789,0.987827,post_filter,False,0.5669,1.0,0.981103,0.86789,0.987154,25.6659,"overall IN (3,4)"
242,0.270385,5,0.85919,0.921443,post_filter,False,0.4195,0.9,0.574214,0.85919,0.886721,25.3287,"main_cat IN ('Home Audio & Theater', 'Books', 'Tools & Home Improvement')"
243,0.12068,1,0.662041,0.694124,post_filter,False,0.8023,1.0,0.973257,0.662041,0.722037,25.6139,"main_cat IN ('Camera &amp; Photo', 'Cell Phones &amp; Accessories', 'Tools & Home Improvement')"
244,0.092237,0,0.834671,0.731084,pre_filter,False,5.779,1.0,0.807367,0.831941,0.731084,25.2709,main_cat='Home Audio &amp; Theater' AND overall>=3.0
245,0.270385,5,0.85919,0.886721,post_filter,False,0.3223,0.8,0.177408,0.85919,0.815789,25.1672,"main_cat IN ('Home Audio & Theater', 'Books', 'Tools & Home Improvement')"
246,0.774129,19,0.729,0.866061,post_filter,False,0.9891,1.0,0.967031,0.729,0.876158,24.9416,"overall IN (1,3,5)"
247,0.248992,4,0.86789,0.987154,post_filter,False,0.8973,1.0,0.970092,0.86789,0.985448,25.377,"overall IN (3,4)"
248,0.248992,4,0.86789,0.985448,post_filter,False,0.6674,1.0,0.977753,0.86789,0.984679,25.2563,"overall IN (3,4)"
249,0.389743,11,0.9,0.987314,post_filter,False,0.73,1.0,0.975667,0.9,0.986149,25.2069,overall<=4.0
250,0.728433,19,0.729,0.876158,pre_filter,False,41.5309,1.0,0.0,0.6561,0.876158,25.2994,"overall IN (2,3,5)"
251,0.7886,19,0.6561,0.876158,post_filter,False,0.9337,1.0,0.968876,0.6561,0.88543,25.0665,overall>=4.0
252,0.339351,8,0.85695,0.928191,post_filter,False,0.7945,1.0,0.973517,0.85695,0.932724,25.5283,"main_cat IN ('Home Audio & Theater', 'Camera &amp; Photo', 'Sports & Outdoors')"
253,0.160682,1,0.662041,0.722037,post_filter,False,0.7193,1.0,0.976024,0.662041,0.747436,25.4275,"main_cat IN ('Camera & Photo', 'Computers')"
254,0.7886,19,0.6561,0.88543,post_filter,False,0.8337,1.0,0.972208,0.6561,0.894108,25.2685,overall>=4.0
255,0.389743,11,0.9,0.986149,post_filter,False,0.7041,1.0,0.976531,0.9,0.985188,25.4485,overall<=4.0
256,0.300422,7,0.853263,0.911234,post_filter,False,0.8565,0.9,0.56573,0.853263,0.876683,31.5343,"main_cat IN ('All Electronics', 'Books', 'Sports & Outdoors')"
257,0.389743,11,0.9,0.985188,post_filter,False,0.8228,1.0,0.972574,0.9,0.983926,25.4902,overall<=4.0
258,0.073033,0,0.831941,0.731084,pre_filter,False,4.2319,1.0,0.858936,0.83464,0.731084,25.5803,brand='Tiffen'
259,0.821657,20,0.81,0.958146,post_filter,False,0.9041,1.0,0.969863,0.81,0.959317,25.5055,"overall IN (1,2,3,5)"
260,0.906777,21,1.0,0.853474,post_filter,True,0.7913,1.0,0.973624,1.0,0.865489,25.2787,overall>=2.0
261,0.952472,21,1.0,0.865489,post_filter,True,0.7746,1.0,0.974179,1.0,0.876358,25.241,"overall IN (1,3,4,5)"
262,0.300422,7,0.853263,0.876683,pre_filter,False,16.8977,1.0,0.436743,0.811611,0.876683,25.3537,"main_cat IN ('All Electronics', 'Books', 'Sports & Outdoors')"
263,0.728433,19,0.6561,0.894108,pre_filter,False,41.7821,1.0,0.0,0.59049,0.894108,25.307,"overall IN (2,3,5)"
264,0.339351,8,0.85695,0.932724,post_filter,False,1.0304,1.0,0.965653,0.85695,0.936017,25.1473,"main_cat IN ('Home Audio & Theater', 'Camera &amp; Photo', 'Sports & Outdoors')"
265,0.230635,3,0.885044,0.852986,pre_filter,False,12.7725,1.0,0.574249,0.853964,0.852986,25.3408,"main_cat IN ('Camera & Photo', 'Camera &amp; Photo', 'Cell Phones &amp; Accessories')"
266,0.751008,19,0.59049,0.894108,post_filter,False,0.6487,1.0,0.978375,0.59049,0.902534,25.4479,"overall IN (1,2,5)"
267,0.859249,20,0.81,0.959317,post_filter,False,0.4342,1.0,0.985528,0.81,0.961938,25.305,overall>=3.0
268,0.073033,0,0.83464,0.731084,pre_filter,False,4.1198,0.9,0.502384,0.801415,0.731084,25.4608,brand='Tiffen'
269,0.092237,0,0.801415,0.731084,pre_filter,False,5.7587,1.0,0.808043,0.802077,0.731084,25.2324,main_cat='Home Audio &amp; Theater' AND overall>=3.0
270,0.774129,19,0.59049,0.902534,post_filter,False,0.6244,1.0,0.979187,0.59049,0.9102,25.4392,"overall IN (1,3,5)"
271,0.751008,19,0.59049,0.9102,post_filter,False,0.6806,1.0,0.977312,0.59049,0.916911,25.5608,"overall IN (1,2,5)"
272,0.319094,7,0.811611,0.876683,post_filter,False,0.8868,0.9,0.565143,0.811611,0.845529,25.376,"overall IN (1,2,4)"
273,0.300422,7,0.811611,0.845529,post_filter,False,0.8913,0.6,0.009799,0.811611,0.761956,25.3005,"main_cat IN ('All Electronics', 'Books', 'Sports & Outdoors')"
274,0.658182,18,0.729,0.812462,pre_filter,False,38.5175,1.0,0.0,0.6561,0.812462,25.0893,verified=true AND overall>=3.0
275,0.859249,20,0.81,0.961938,post_filter,False,0.8514,1.0,0.971619,0.81,0.962907,25.4473,overall>=3.0
276,0.821657,20,0.81,0.962907,post_filter,False,0.4303,0.8,0.176763,0.81,0.884292,25.3287,"overall IN (1,2,3,5)"
277,0.774129,19,0.59049,0.916911,post_filter,False,0.961,1.0,0.967968,0.59049,0.922017,25.2429,"overall IN (1,3,5)"
278,0.160682,1,0.662041,0.747436,post_filter,False,1.1546,0.9,0.559943,0.662041,0.728687,25.343,"main_cat IN ('Camera & Photo', 'Computers')"
279,0.050727,0,0.802077,0.731084,post_filter,False,0.7105,1.0,0.976317,0.802077,0.755608,25.2568,"main_cat IN ('Computers', 'Tools & Home Improvement')"
280,0.140751,1,0.662041,0.728687,post_filter,False,0.8824,1.0,0.970586,0.662041,0.752877,25.1953,overall<=2.0
281,0.906777,21,1.0,0.876358,post_filter,True,0.9555,1.0,0.968149,1.0,0.885537,25.074,overall>=2.0
282,0.728433,19,0.59049,0.922017,post_filter,False,0.3589,1.0,0.988036,0.59049,0.928619,25.471,"overall IN (2,3,5)"
283,0.774129,19,0.59049,0.928619,post_filter,False,0.8645,1.0,0.971183,0.59049,0.932875,25.035,"overall IN (1,3,5)"
284,0.859249,20,0.81,0.884292,post_filter,False,0.5533,1.0,0.981557,0.81,0.894019,25.2607,overall>=3.0
285,0.389743,11,0.9,0.983926,post_filter,False,0.6444,1.0,0.978519,0.9,0.983385,25.3694,overall<=4.0
286,0.073033,0,0.802077,0.755608,pre_filter,False,3.9181,1.0,0.869397,0.808809,0.755608,25.4886,brand='Tiffen'
287,0.140751,1,0.662041,0.752877,post_filter,False,1.267,0.6,0.009672,0.662041,0.678556,25.3961,overall<=2.0
288,0.092237,0,0.808809,0.755608,pre_filter,False,5.709,1.0,0.809699,0.808898,0.755608,25.1679,main_cat='Home Audio &amp; Theater' AND overall>=3.0
289,0.210713,2,0.865354,0.895117,post_filter,False,0.6101,1.0,0.979664,0.865354,0.903572,25.3715,"main_cat IN ('Camera & Photo', 'Camera &amp; Photo')"
290,0.836128,20,0.81,0.894019,pre_filter,False,45.9023,1.0,0.0,0.729,0.894019,25.1143,"overall IN (2,4,5)"
291,0.751008,19,0.59049,0.932875,post_filter,False,0.7105,1.0,0.976318,0.59049,0.937219,24.9468,"overall IN (1,2,5)"
292,0.300422,7,0.811611,0.761956,pre_filter,False,16.7922,1.0,0.440261,0.774476,0.761956,25.1614,"main_cat IN ('All Electronics', 'Books', 'Sports & Outdoors')"
293,0.300422,7,0.774476,0.761956,pre_filter,False,16.8778,1.0,0.437406,0.740769,0.761956,25.2921,"main_cat IN ('All Electronics', 'Books', 'Sports & Outdoors')"
294,0.319094,7,0.740769,0.761956,pre_filter,False,24.2888,1.0,0.190375,0.68573,0.761956,25.1614,"overall IN (1,2,4)"
295,0.70348,19,0.59049,0.937219,post_filter,False,0.8185,1.0,0.972715,0.59049,0.940769,25.1024,"overall IN (1,5)"
296,0.073033,0,0.808898,0.755608,pre_filter,False,3.8894,1.0,0.870354,0.815044,0.755608,25.3229,brand='Tiffen'
297,0.728433,19,0.59049,0.940769,post_filter,False,0.4717,1.0,0.984275,0.59049,0.94512,25.4047,"overall IN (2,3,5)"
298,0.140751,1,0.662041,0.678556,pre_filter,False,12.0868,1.0,0.597107,0.655548,0.678556,25.2313,overall<=2.0
299,0.774129,19,0.59049,0.94512,post_filter,False,0.9507,1.0,0.96831,0.59049,0.947439,25.1036,"overall IN (1,3,5)"
300,0.389743,11,0.9,0.983385,post_filter,False,0.8007,1.0,0.973311,0.9,0.982378,25.1417,overall<=4.0
301,0.300422,7,0.68573,0.761956,post_filter,False,0.8714,0.8,0.174126,0.68573,0.703173,25.592,"main_cat IN ('All Electronics', 'Books', 'Sports & Outdoors')"
302,0.300422,7,0.68573,0.703173,pre_filter,False,16.7868,1.0,0.440439,0.661201,0.703173,24.9822,"main_cat IN ('All Electronics', 'Books', 'Sports & Outdoors')"
303,0.389743,11,0.9,0.982378,post_filter,False,0.97,1.0,0.967667,0.9,0.980907,25.1165,overall<=4.0
304,0.836128,20,0.729,0.894019,post_filter,False,0.117,0.0,0.0,0.729,0.804617,25.6172,"overall IN (2,4,5)"
305,0.092237,0,0.815044,0.755608,post_filter,False,0.7894,0.7,0.045937,0.815044,0.684641,25.4585,main_cat='Home Audio &amp; Theater' AND overall>=3.0
306,0.70348,19,0.59049,0.947439,post_filter,False,0.8663,1.0,0.971122,0.59049,0.949807,25.2623,"overall IN (1,5)"
307,0.140751,1,0.655548,0.678556,pre_filter,False,11.9762,1.0,0.600792,0.650072,0.678556,27.3314,overall<=2.0
308,0.658182,18,0.6561,0.812462,post_filter,False,0.5825,1.0,0.980582,0.6561,0.829274,25.4206,verified=true AND overall>=3.0
309,0.300422,7,0.661201,0.703173,post_filter,False,0.7978,1.0,0.973408,0.661201,0.730197,25.3973,"main_cat IN ('All Electronics', 'Books', 'Sports & Outdoors')"
310,0.319094,7,0.661201,0.730197,post_filter,False,0.6766,1.0,0.977446,0.661201,0.754922,25.3878,"overall IN (1,2,4)"
311,0.270385,5,0.85919,0.815789,pre_filter,False,15.1861,1.0,0.493796,0.82265,0.815789,25.2762,"main_cat IN ('Home Audio & Theater', 'Books', 'Tools & Home Improvement')"
312,0.751008,19,0.59049,0.949807,post_filter,False,0.1441,0.0,0.0,0.59049,0.854826,25.413,"overall IN (1,2,5)"
313,0.230635,3,0.853964,0.852986,post_filter,False,0.8894,0.9,0.565091,0.853964,0.824197,25.1917,"main_cat IN ('Camera & Photo', 'Camera &amp; Photo', 'Cell Phones &amp; Accessories')"
314,0.210713,2,0.865354,0.903572,pre_filter,False,11.4055,1.0,0.619815,0.8408,0.903572,25.773,"main_cat IN ('Camera & Photo', 'Camera &amp; Photo')"
315,0.12068,1,0.650072,0.678556,post_filter,False,1.0121,0.9,0.562709,0.650072,0.666972,25.1229,"main_cat IN ('Camera &amp; Photo', 'Cell Phones &amp; Accessories', 'Tools & Home Improvement')"
316,0.050727,0,0.815044,0.684641,pre_filter,False,2.7572,1.0,0.908093,0.824349,0.684641,25.5208,"main_cat IN ('Computers', 'Tools & Home Improvement')"
317,0.821657,20,0.729,0.804617,post_filter,False,0.8846,1.0,0.970512,0.729,0.821206,25.2,"overall IN (1,2,3,5)"
318,0.160682,1,0.650072,0.666972,post_filter,False,0.7873,1.0,0.973758,0.650072,0.69765,25.3395,"main_cat IN ('Camera & Photo', 'Computers')"
319,0.610257,18,0.6561,0.829274,post_filter,False,0.7204,1.0,0.975987,0.6561,0.843945,25.2701,overall>=5.0
320,0.658182,18,0.6561,0.843945,post_filter,False,1.0365,1.0,0.96545,0.6561,0.856096,25.2142,verified=true AND overall>=3.0
321,0.319094,7,0.661201,0.754922,post_filter,False,0.525,1.0,0.9825,0.661201,0.777679,25.2397,"overall IN (1,2,4)"
322,0.952472,21,1.0,0.885537,post_filter,True,0.9394,1.0,0.968686,1.0,0.893852,25.144,"overall IN (1,3,4,5)"
323,0.680906,18,0.6561,0.856096,pre_filter,False,39.6059,1.0,0.0,0.59049,0.856096,25.1309,"overall IN (3,5)"
324,0.12068,1,0.650072,0.69765,post_filter,False,1.2127,0.7,0.045271,0.650072,0.632412,25.5368,"main_cat IN ('Camera &amp; Photo', 'Cell Phones &amp; Accessories', 'Tools & Home Improvement')"
325,0.230635,3,0.853964,0.824197,pre_filter,False,12.475,1.0,0.584167,0.826985,0.824197,25.4582,"main_cat IN ('Camera & Photo', 'Camera &amp; Photo', 'Cell Phones &amp; Accessories')"
326,0.836128,20,0.729,0.821206,post_filter,False,1.1034,1.0,0.963219,0.729,0.835408,25.2135,"overall IN (2,4,5)"
327,0.230635,3,0.826985,0.824197,pre_filter,False,12.3855,1.0,0.58715,0.803001,0.824197,25.3191,"main_cat IN ('Camera & Photo', 'Camera &amp; Photo', 'Cell Phones &amp; Accessories')"
328,0.7886,19,0.59049,0.854826,post_filter,False,0.3865,0.4,0.000173,0.59049,0.769361,25.3893,overall>=4.0
329,0.389743,11,0.9,0.980907,pre_filter,False,27.4133,0.2,0.0,0.81,0.980907,25.3764,overall<=4.0
330,0.180604,1,0.650072,0.632412,pre_filter,False,10.6185,1.0,0.64605,0.64967,0.632412,25.2822,"main_cat IN ('Camera & Photo', 'Computers', 'Cell Phones &amp; Accessories')"
331,0.728433,19,0.59049,0.769361,post_filter,False,0.737,1.0,0.975433,0.59049,0.789968,25.1527,"overall IN (2,3,5)"
332,0.248992,4,0.86789,0.984679,post_filter,False,0.9299,1.0,0.969004,0.86789,0.983111,25.0252,"overall IN (3,4)"
333,0.7886,19,0.59049,0.789968,post_filter,False,0.8283,1.0,0.972389,0.59049,0.80821,25.0191,overall>=4.0
334,0.952472,21,1.0,0.893852,post_filter,True,0.464,1.0,0.984535,1.0,0.90292,25.1291,"overall IN (1,3,4,5)"
335,0.610257,18,0.59049,0.856096,post_filter,False,0.9775,1.0,0.967418,0.59049,0.867228,25.0254,overall>=5.0
336,0.180604,1,0.64967,0.632412,pre_filter,False,10.1513,1.0,0.661625,0.650865,0.632412,25.0091,"main_cat IN ('Camera & Photo', 'Computers', 'Cell Phones &amp; Accessories')"
337,0.12068,1,0.650865,0.632412,post_filter,False,0.8626,1.0,0.971247,0.650865,0.666296,25.3534,"main_cat IN ('Camera &amp; Photo', 'Cell Phones &amp; Accessories', 'Tools & Home Improvement')"
338,0.140751,1,0.650865,0.666296,post_filter,False,0.9893,0.8,0.173421,0.650865,0.617008,33.9325,overall<=2.0
339,0.906777,21,1.0,0.90292,post_filter,True,0.901,1.0,0.969967,1.0,0.909625,25.4276,overall>=2.0
340,0.092237,0,0.824349,0.684641,pre_filter,False,5.6618,1.0,0.811272,0.823041,0.684641,25.022,main_cat='Home Audio &amp; Theater' AND overall>=3.0
341,0.389743,11,0.81,0.980907,post_filter,False,0.841,1.0,0.971968,0.81,0.980013,25.3345,overall<=4.0
342,0.160682,1,0.650865,0.617008,pre_filter,False,9.0312,1.0,0.698961,0.655675,0.617008,24.932,"main_cat IN ('Camera & Photo', 'Computers')"
343,0.929351,21,1.0,0.909625,post_filter,True,0.7759,1.0,0.974138,1.0,0.916076,25.1751,"overall IN (1,2,4,5)"
344,0.7886,19,0.59049,0.80821,post_filter,False,0.8678,1.0,0.971074,0.59049,0.824497,25.417,overall>=4.0
345,0.389743,11,0.81,0.980013,post_filter,False,0.8228,1.0,0.972572,0.81,0.979269,25.1011,overall<=4.0
346,0.092237,0,0.823041,0.684641,pre_filter,False,5.4742,0.9,0.476092,0.788346,0.684641,25.1051,main_cat='Home Audio &amp; Theater' AND overall>=3.0
347,0.859249,20,0.729,0.835408,post_filter,False,1.0404,1.0,0.965319,0.729,0.848399,25.0185,overall>=3.0
348,0.774129,19,0.59049,0.824497,post_filter,False,0.8332,1.0,0.972228,0.59049,0.83927,25.22,"overall IN (1,3,5)"
349,0.906777,21,1.0,0.916076,post_filter,True,0.5627,1.0,0.981243,1.0,0.922593,25.2182,overall>=2.0
350,0.270385,5,0.82265,0.815789,post_filter,False,0.9619,1.0,0.967936,0.82265,0.831004,25.0349,"main_cat IN ('Home Audio & Theater', 'Books', 'Tools & Home Improvement')"
351,0.774129,19,0.59049,0.83927,post_filter,False,0.35,1.0,0.988332,0.59049,0.854176,25.4205,"overall IN (1,3,5)"
352,0.300422,7,0.661201,0.777679,post_filter,False,0.8682,1.0,0.971058,0.661201,0.797017,25.4547,"main_cat IN ('All Electronics', 'Books', 'Sports & Outdoors')"
353,0.7886,19,0.59049,0.854176,post_filter,False,0.8495,1.0,0.971685,0.59049,0.865927,25.0679,overall>=4.0
354,0.092237,0,0.788346,0.684641,pre_filter,False,5.6345,1.0,0.812183,0.79073,0.684641,25.1795,main_cat='Home Audio &amp; Theater' AND overall>=3.0
355,0.680906,18,0.59049,0.867228,post_filter,False,0.9227,1.0,0.969244,0.59049,0.87743,25.055,"overall IN (3,5)"
356,0.680906,18,0.59049,0.87743,post_filter,False,0.7872,1.0,0.97376,0.59049,0.887063,25.244,"overall IN (3,5)"
357,0.248992,4,0.86789,0.983111,post_filter,False,0.6673,1.0,0.977756,0.86789,0.982576,25.2252,"overall IN (3,4)"
358,0.929351,21,1.0,0.922593,post_filter,True,0.4669,1.0,0.984436,1.0,0.928777,25.4478,"overall IN (1,2,4,5)"
359,0.248992,4,0.86789,0.982576,post_filter,False,0.8592,0.9,0.565679,0.86789,0.940886,25.3662,"overall IN (3,4)"
360,0.906777,21,1.0,0.928777,post_filter,True,0.9728,1.0,0.967575,1.0,0.932657,25.0865,overall>=2.0
361,0.160682,1,0.655675,0.617008,pre_filter,False,9.3391,1.0,0.688696,0.658977,0.617008,25.2858,"main_cat IN ('Camera & Photo', 'Computers')"
362,0.7886,19,0.59049,0.865927,post_filter,False,0.8679,1.0,0.971069,0.59049,0.876441,25.2442,overall>=4.0
363,0.7886,19,0.59049,0.876441,post_filter,False,0.8345,1.0,0.972182,0.59049,0.886015,25.0934,overall>=4.0
364,0.952472,21,1.0,0.932657,post_filter,True,0.9128,1.0,0.969572,1.0,0.936348,25.2774,"overall IN (1,3,4,5)"
365,0.7886,19,0.59049,0.886015,post_filter,False,0.8549,1.0,0.971503,0.59049,0.894564,25.0811,overall>=4.0
366,0.751008,19,0.59049,0.894564,post_filter,False,0.4557,1.0,0.98481,0.59049,0.903588,25.3041,"overall IN (1,2,5)"
367,0.160682,1,0.658977,0.617008,pre_filter,False,9.1872,1.0,0.693758,0.662455,0.617008,25.4707,"main_cat IN ('Camera & Photo', 'Computers')"
368,0.859249,20,0.729,0.848399,pre_filter,False,47.316,1.0,0.0,0.6561,0.848399,25.0736,overall>=3.0
369,0.300422,7,0.661201,0.797017,post_filter,False,0.9059,1.0,0.969803,0.661201,0.814296,25.323,"main_cat IN ('All Electronics', 'Books', 'Sports & Outdoors')"
370,0.658182,18,0.59049,0.887063,post_filter,False,1.0269,1.0,0.965771,0.59049,0.894933,25.5733,verified=true AND overall>=3.0
371,0.210713,2,0.8408,0.903572,pre_filter,False,24.3812,1.0,0.187292,0.775449,0.903572,25.404,"main_cat IN ('Camera & Photo', 'Camera &amp; Photo')"
372,0.12068,1,0.662455,0.617008,post_filter,False,2.6714,1.0,0.910953,0.662455,0.646403,33.0034,"main_cat IN ('Camera &amp; Photo', 'Cell Phones &amp; Accessories', 'Tools & Home Improvement')"
373,0.180604,1,0.662455,0.646403,post_filter,False,0.9296,1.0,0.969013,0.662455,0.678664,25.4689,"main_cat IN ('Camera & Photo', 'Computers', 'Cell Phones &amp; Accessories')"
374,0.859249,20,0.6561,0.848399,post_filter,False,0.8435,1.0,0.971882,0.6561,0.860747,25.182,overall>=3.0
375,0.140751,1,0.662455,0.678664,pre_filter,False,12.1236,1.0,0.595881,0.655798,0.678664,25.5064,overall<=2.0
376,0.210713,2,0.775449,0.903572,post_filter,False,0.8503,0.9,0.56585,0.775449,0.869799,25.8208,"main_cat IN ('Camera & Photo', 'Camera &amp; Photo')"
377,0.859249,20,0.6561,0.860747,post_filter,False,0.8134,1.0,0.972886,0.6561,0.871961,25.5689,overall>=3.0
378,0.610257,18,0.59049,0.894933,post_filter,False,1.0077,1.0,0.96641,0.59049,0.902081,25.795,overall>=5.0
379,0.050727,0,0.79073,0.684641,pre_filter,False,2.9954,1.0,0.900154,0.801672,0.684641,26.1286,"main_cat IN ('Computers', 'Tools & Home Improvement')"
380,0.300422,7,0.661201,0.814296,post_filter,False,0.88,1.0,0.970668,0.661201,0.829933,25.5907,"main_cat IN ('All Electronics', 'Books', 'Sports & Outdoors')"
381,0.680906,18,0.59049,0.902081,post_filter,False,0.2474,0.1,0.0,0.59049,0.811873,25.9183,"overall IN (3,5)"
382,0.70348,19,0.59049,0.903588,post_filter,False,0.9691,1.0,0.967696,0.59049,0.909999,25.2495,"overall IN (1,5)"
383,0.300422,7,0.661201,0.829933,post_filter,False,0.7396,1.0,0.975347,0.661201,0.844474,25.4587,"main_cat IN ('All Electronics', 'Books', 'Sports & Outdoors')"
384,0.389743,11,0.81,0.979269,post_filter,False,1.0228,0.9,0.562503,0.81,0.937592,25.1922,overall<=4.0
385,0.859249,20,0.6561,0.871961,post_filter,False,0.8366,1.0,0.972112,0.6561,0.881976,25.2406,overall>=3.0
386,0.680906,18,0.59049,0.811873,post_filter,False,0.8782,1.0,0.970728,0.59049,0.827758,25.3745,"overall IN (3,5)"
387,0.140751,1,0.655798,0.678664,post_filter,False,1.0875,0.7,0.045468,0.655798,0.615344,25.32,overall<=2.0
388,0.728433,19,0.59049,0.909999,post_filter,False,0.3706,1.0,0.987646,0.59049,0.917764,25.1162,"overall IN (2,3,5)"
389,0.929351,21,1.0,0.936348,post_filter,True,0.6677,1.0,0.977744,1.0,0.940488,25.2957,"overall IN (1,2,4,5)"
390,0.092237,0,0.801672,0.684641,pre_filter,False,5.7902,1.0,0.806994,0.802205,0.684641,25.295,main_cat='Home Audio &amp; Theater' AND overall>=3.0
391,0.092237,0,0.802205,0.684641,pre_filter,False,5.6602,1.0,0.811325,0.803117,0.684641,25.0849,main_cat='Home Audio &amp; Theater' AND overall>=3.0
392,0.248992,4,0.86789,0.940886,post_filter,False,0.5294,1.0,0.982354,0.86789,0.945033,25.3111,"overall IN (3,4)"
393,0.319094,7,0.661201,0.844474,post_filter,False,0.7285,1.0,0.975715,0.661201,0.857599,24.9579,"overall IN (1,2,4)"
394,0.7886,19,0.59049,0.917764,post_filter,False,0.9322,1.0,0.968925,0.59049,0.92288,25.182,overall>=4.0
395,0.821657,20,0.6561,0.881976,post_filter,False,1.0591,1.0,0.964696,0.6561,0.890248,25.3078,"overall IN (1,2,3,5)"
396,0.610257,18,0.59049,0.827758,post_filter,False,0.8896,1.0,0.970347,0.59049,0.842017,25.2153,overall>=5.0
397,0.658182,18,0.59049,0.842017,post_filter,False,0.9432,1.0,0.968561,0.59049,0.854672,25.231,verified=true AND overall>=3.0
398,0.339351,8,0.85695,0.936017,post_filter,False,0.8672,1.0,0.971094,0.85695,0.939524,26.7289,"main_cat IN ('Home Audio & Theater', 'Camera &amp; Photo', 'Sports & Outdoors')"
399,0.836128,20,0.6561,0.890248,post_filter,False,0.8206,1.0,0.972646,0.6561,0.898488,25.3892,"overall IN (2,4,5)"
400,0.339351,8,0.85695,0.939524,post_filter,False,0.7709,1.0,0.974303,0.85695,0.943002,25.0177,"main_cat IN ('Home Audio & Theater', 'Camera &amp; Photo', 'Sports & Outdoors')"
401,0.881823,20,0.6561,0.898488,post_filter,False,0.9197,1.0,0.969344,0.6561,0.905574,24.9925,"overall IN (1,4,5)"
402,0.70348,19,0.59049,0.92288,post_filter,False,0.8581,1.0,0.971397,0.59049,0.927732,25.3869,"overall IN (1,5)"
403,0.092237,0,0.803117,0.684641,pre_filter,False,5.6908,1.0,0.810307,0.803836,0.684641,25.1537,main_cat='Home Audio &amp; Theater' AND overall>=3.0
404,0.140751,1,0.655798,0.615344,pre_filter,False,12.0185,1.0,0.599382,0.650156,0.615344,25.4984,overall<=2.0
405,0.270385,5,0.82265,0.831004,pre_filter,False,32.9728,1.0,0.0,0.740385,0.831004,25.2168,"main_cat IN ('Home Audio & Theater', 'Books', 'Tools & Home Improvement')"
406,0.751008,19,0.59049,0.927732,post_filter,False,0.9953,1.0,0.966822,0.59049,0.931641,25.304,"overall IN (1,2,5)"
407,0.092237,0,0.803836,0.684641,pre_filter,False,5.5378,1.0,0.815406,0.804993,0.684641,25.0515,main_cat='Home Audio &amp; Theater' AND overall>=3.0
408,0.389743,11,0.81,0.937592,post_filter,False,0.5033,0.0,0.0,0.81,0.843833,25.2527,overall<=4.0
409,0.389743,11,0.81,0.843833,pre_filter,False,51.1322,1.0,0.0,0.729,0.843833,25.2745,overall<=4.0
410,0.774129,19,0.59049,0.931641,post_filter,False,0.9051,1.0,0.969829,0.59049,0.93546,25.0655,"overall IN (1,3,5)"
411,0.658182,18,0.59049,0.854672,post_filter,False,0.6593,1.0,0.978024,0.59049,0.867007,25.4583,verified=true AND overall>=3.0
412,0.300422,7,0.661201,0.857599,post_filter,False,0.8846,1.0,0.970512,0.661201,0.86889,25.4181,"main_cat IN ('All Electronics', 'Books', 'Sports & Outdoors')"
413,0.140751,1,0.650156,0.615344,pre_filter,False,12.0912,1.0,0.596961,0.644837,0.615344,25.8103,overall<=2.0
414,0.929351,21,1.0,0.940488,post_filter,True,1.0145,1.0,0.966183,1.0,0.943058,25.146,"overall IN (1,2,4,5)"
415,0.881823,20,0.6561,0.905574,post_filter,False,0.5293,1.0,0.982357,0.6561,0.913252,25.2251,"overall IN (1,4,5)"
416,0.836128,20,0.6561,0.913252,post_filter,False,0.7453,1.0,0.975157,0.6561,0.919442,25.2671,"overall IN (2,4,5)"
417,0.680906,18,0.59049,0.867007,post_filter,False,0.7485,1.0,0.975051,0.59049,0.877811,25.339,"overall IN (3,5)"
418,0.751008,19,0.59049,0.93546,post_filter,False,0.6123,1.0,0.979592,0.59049,0.939873,25.2559,"overall IN (1,2,5)"
419,0.70348,19,0.59049,0.939873,post_filter,False,0.7684,1.0,0.974388,0.59049,0.943324,25.5433,"overall IN (1,5)"
420,0.160682,1,0.644837,0.615344,pre_filter,False,9.0506,0.7,0.032945,0.583647,0.615344,25.4778,"main_cat IN ('Camera & Photo', 'Computers')"
421,0.836128,20,0.6561,0.919442,post_filter,False,0.2681,0.6,0.010009,0.6561,0.828499,25.3885,"overall IN (2,4,5)"
422,0.140751,1,0.583647,0.615344,post_filter,False,1.4542,0.2,0.0,0.583647,0.55381,27.2201,overall<=2.0
423,0.339351,8,0.85695,0.943002,post_filter,False,0.5931,1.0,0.980229,0.85695,0.946725,25.4698,"main_cat IN ('Home Audio & Theater', 'Camera &amp; Photo', 'Sports & Outdoors')"
424,0.658182,18,0.59049,0.877811,post_filter,False,0.9784,1.0,0.967388,0.59049,0.886769,25.1561,verified=true AND overall>=3.0
425,0.952472,21,1.0,0.943058,post_filter,True,0.6506,1.0,0.978313,1.0,0.946583,25.6263,"overall IN (1,3,4,5)"
426,0.906777,21,1.0,0.946583,post_filter,True,1.0475,1.0,0.965082,1.0,0.948433,25.6067,overall>=2.0
427,0.073033,0,0.804993,0.684641,pre_filter,False,3.8854,1.0,0.870486,0.811542,0.684641,25.169,brand='Tiffen'
428,0.881823,20,0.6561,0.828499,post_filter,False,0.8593,1.0,0.971356,0.6561,0.842785,25.4725,"overall IN (1,4,5)"
429,0.12068,1,0.583647,0.55381,pre_filter,False,6.9764,1.0,0.767454,0.602028,0.55381,25.3247,"main_cat IN ('Camera &amp; Photo', 'Cell Phones &amp; Accessories', 'Tools & Home Improvement')"
430,0.658182,18,0.59049,0.886769,post_filter,False,1.0115,1.0,0.966282,0.59049,0.89472,25.1257,verified=true AND overall>=3.0
431,0.140751,1,0.602028,0.55381,pre_filter,False,12.1623,1.0,0.59459,0.601284,0.55381,25.7497,overall<=2.0
432,0.248992,4,0.86789,0.945033,pre_filter,False,21.329,1.0,0.289035,0.810004,0.945033,25.4552,"overall IN (3,4)"
433,0.160682,1,0.601284,0.55381,pre_filter,False,9.1243,1.0,0.695857,0.610742,0.55381,25.316,"main_cat IN ('Camera & Photo', 'Computers')"
434,0.160682,1,0.610742,0.55381,pre_filter,False,9.1099,1.0,0.696337,0.619301,0.55381,25.5613,"main_cat IN ('Camera & Photo', 'Computers')"
435,0.270385,5,0.740385,0.831004,post_filter,False,0.9513,1.0,0.96829,0.740385,0.844733,25.128,"main_cat IN ('Home Audio & Theater', 'Books', 'Tools & Home Improvement')"
436,0.952472,21,1.0,0.948433,post_filter,True,0.7157,1.0,0.976144,1.0,0.951204,25.3625,"overall IN (1,3,4,5)"
437,0.7886,19,0.59049,0.943324,post_filter,False,0.358,1.0,0.988067,0.59049,0.947799,25.3478,overall>=4.0
438,0.210713,2,0.775449,0.869799,post_filter,False,0.9994,0.5,0.001577,0.775449,0.782977,25.8305,"main_cat IN ('Camera & Photo', 'Camera &amp; Photo')"
439,0.300422,7,0.661201,0.86889,post_filter,False,0.3288,0.6667,0.028646,0.661201,0.784866,25.2776,"main_cat IN ('All Electronics', 'Books', 'Sports & Outdoors')"
440,0.658182,18,0.59049,0.89472,post_filter,False,0.948,1.0,0.9684,0.59049,0.902088,25.1934,verified=true AND overall>=3.0
441,0.929351,21,1.0,0.951204,post_filter,True,0.9475,1.0,0.968417,1.0,0.952925,25.3305,"overall IN (1,2,4,5)"
442,0.248992,4,0.810004,0.945033,pre_filter,False,20.331,1.0,0.3223,0.761234,0.945033,25.2169,"overall IN (3,4)"
443,0.906777,21,1.0,0.952925,post_filter,True,0.9737,1.0,0.967542,1.0,0.954387,24.9734,overall>=2.0
444,0.092237,0,0.811542,0.684641,pre_filter,False,5.5443,1.0,0.815189,0.811907,0.684641,25.31,main_cat='Home Audio &amp; Theater' AND overall>=3.0
445,0.230635,3,0.803001,0.824197,post_filter,False,0.2954,0.5,0.001615,0.803001,0.741939,25.1092,"main_cat IN ('Camera & Photo', 'Camera &amp; Photo', 'Cell Phones &amp; Accessories')"
446,0.180604,1,0.619301,0.55381,pre_filter,False,10.4617,1.0,0.651278,0.622499,0.55381,26.1043,"main_cat IN ('Camera & Photo', 'Computers', 'Cell Phones &amp; Accessories')"
447,0.751008,19,0.59049,0.947799,post_filter,False,0.9558,1.0,0.968139,0.59049,0.949833,25.0069,"overall IN (1,2,5)"
448,0.680906,18,0.59049,0.902088,post_filter,False,0.8581,1.0,0.971397,0.59049,0.909019,25.2363,"overall IN (3,5)"
449,0.230635,3,0.803001,0.741939,pre_filter,False,12.7153,1.0,0.576156,0.780317,0.741939,25.1028,"main_cat IN ('Camera & Photo', 'Camera &amp; Photo', 'Cell Phones &amp; Accessories')"
450,0.140751,1,0.622499,0.55381,pre_filter,False,12.1924,1.0,0.593586,0.619608,0.55381,25.4101,overall<=2.0
451,0.751008,19,0.59049,0.949833,post_filter,False,0.8584,1.0,0.971386,0.59049,0.951988,25.0713,"overall IN (1,2,5)"
452,0.248992,4,0.761234,0.945033,post_filter,False,0.9063,1.0,0.969792,0.761234,0.947509,25.1646,"overall IN (3,4)"
453,0.728433,19,0.59049,0.951988,post_filter,False,0.9586,1.0,0.968047,0.59049,0.953594,25.3137,"overall IN (2,3,5)"
454,0.680906,18,0.59049,0.909019,post_filter,False,0.8154,1.0,0.972821,0.59049,0.915399,25.6175,"overall IN (3,5)"
455,0.092237,0,0.811907,0.684641,pre_filter,False,5.5515,1.0,0.814949,0.812211,0.684641,25.2035,main_cat='Home Audio &amp; Theater' AND overall>=3.0
456,0.658182,18,0.59049,0.915399,post_filter,False,0.5138,1.0,0.982874,0.59049,0.922147,25.223,verified=true AND overall>=3.0
457,0.751008,19,0.59049,0.953594,post_filter,False,0.8956,1.0,0.970147,0.59049,0.955249,25.3448,"overall IN (1,2,5)"
458,0.160682,1,0.619608,0.55381,pre_filter,False,9.252,1.0,0.6916,0.626807,0.55381,25.4521,"main_cat IN ('Camera & Photo', 'Computers')"
459,0.70348,19,0.59049,0.955249,post_filter,False,0.8524,1.0,0.971587,0.59049,0.956883,25.0559,"overall IN (1,5)"
460,0.70348,19,0.59049,0.956883,post_filter,False,0.656,1.0,0.978132,0.59049,0.959008,25.3172,"overall IN (1,5)"
461,0.140751,1,0.626807,0.55381,post_filter,False,0.8292,1.0,0.97236,0.626807,0.595665,25.1656,overall<=2.0
462,0.160682,1,0.626807,0.595665,pre_filter,False,9.3491,1.0,0.688364,0.632963,0.595665,25.0308,"main_cat IN ('Camera & Photo', 'Computers')"
463,0.774129,19,0.59049,0.959008,post_filter,False,0.7926,1.0,0.973579,0.59049,0.960465,25.1402,"overall IN (1,3,5)"
464,0.728433,19,0.59049,0.960465,post_filter,False,0.6411,1.0,0.978631,0.59049,0.962282,25.5587,"overall IN (2,3,5)"
465,0.821657,20,0.6561,0.842785,post_filter,False,1.0281,1.0,0.965729,0.6561,0.855079,25.0898,"overall IN (1,2,3,5)"
466,0.929351,21,1.0,0.954387,post_filter,True,0.6517,1.0,0.978276,1.0,0.956776,25.4983,"overall IN (1,2,4,5)"
467,0.728433,19,0.59049,0.962282,post_filter,False,0.803,1.0,0.973235,0.59049,0.963377,25.2865,"overall IN (2,3,5)"
468,0.270385,5,0.740385,0.844733,post_filter,False,0.7748,1.0,0.974172,0.740385,0.857677,25.5343,"main_cat IN ('Home Audio & Theater', 'Books', 'Tools & Home Improvement')"
469,0.881823,20,0.6561,0.855079,post_filter,False,0.3043,0.0,0.0,0.6561,0.769571,25.2964,"overall IN (1,4,5)"
470,0.952472,21,1.0,0.956776,post_filter,True,0.7141,1.0,0.976196,1.0,0.958718,25.5067,"overall IN (1,3,4,5)"
471,0.70348,19,0.59049,0.963377,post_filter,False,0.6571,1.0,0.978096,0.59049,0.964849,25.0991,"overall IN (1,5)"
472,0.073033,0,0.812211,0.684641,pre_filter,False,4.2147,1.0,0.859511,0.816941,0.684641,25.5001,brand='Tiffen'
473,0.881823,20,0.6561,0.769571,post_filter,False,0.935,1.0,0.968832,0.6561,0.789497,25.2846,"overall IN (1,4,5)"
474,0.906777,21,1.0,0.958718,post_filter,True,0.8583,1.0,0.971389,1.0,0.959985,25.3544,overall>=2.0
475,0.050727,0,0.816941,0.684641,pre_filter,False,3.0448,1.0,0.898508,0.825098,0.684641,25.5092,"main_cat IN ('Computers', 'Tools & Home Improvement')"
476,0.092237,0,0.825098,0.684641,pre_filter,False,5.5019,1.0,0.816603,0.824248,0.684641,25.3941,main_cat='Home Audio &amp; Theater' AND overall>=3.0
477,0.073033,0,0.824248,0.684641,pre_filter,False,4.1029,1.0,0.863236,0.828147,0.684641,26.0253,brand='Tiffen'
478,0.751008,19,0.59049,0.964849,post_filter,False,0.799,1.0,0.973368,0.59049,0.965701,25.3002,"overall IN (1,2,5)"
479,0.836128,20,0.6561,0.789497,post_filter,False,0.8269,1.0,0.972436,0.6561,0.807791,25.4536,"overall IN (2,4,5)"
480,0.70348,19,0.59049,0.965701,post_filter,False,0.7908,1.0,0.97364,0.59049,0.966495,25.0887,"overall IN (1,5)"
481,0.230635,3,0.780317,0.741939,pre_filter,False,12.7616,1.0,0.574613,0.759746,0.741939,25.318,"main_cat IN ('Camera & Photo', 'Camera &amp; Photo', 'Cell Phones &amp; Accessories')"
482,0.751008,19,0.59049,0.966495,post_filter,False,0.8412,1.0,0.97196,0.59049,0.967041,25.2852,"overall IN (1,2,5)"
483,0.180604,1,0.632963,0.595665,pre_filter,False,10.3839,1.0,0.653871,0.635053,0.595665,25.3688,"main_cat IN ('Camera & Photo', 'Computers', 'Cell Phones &amp; Accessories')"
484,0.836128,20,0.6561,0.807791,post_filter,False,0.9879,1.0,0.967071,0.6561,0.823719,25.1115,"overall IN (2,4,5)"
485,0.70348,19,0.59049,0.967041,post_filter,False,1.0296,1.0,0.965679,0.59049,0.966905,25.2733,"overall IN (1,5)"
486,0.339351,8,0.85695,0.946725,post_filter,False,0.624,1.0,0.9792,0.85695,0.949972,25.273,"main_cat IN ('Home Audio & Theater', 'Camera &amp; Photo', 'Sports & Outdoors')"
487,0.728433,19,0.59049,0.966905,post_filter,False,0.3252,0.9,0.576045,0.59049,0.927819,25.2463,"overall IN (2,3,5)"
488,0.751008,19,0.59049,0.927819,post_filter,False,0.7428,1.0,0.97524,0.59049,0.932561,25.3267,"overall IN (1,2,5)"
489,0.050727,0,0.828147,0.684641,pre_filter,False,2.7982,1.0,0.906726,0.836005,0.684641,26.008,"main_cat IN ('Computers', 'Tools & Home Improvement')"
490,0.610257,18,0.59049,0.922147,post_filter,False,0.8241,1.0,0.972529,0.59049,0.927185,25.5501,overall>=5.0
491,0.929351,21,1.0,0.959985,post_filter,True,0.7717,1.0,0.974275,1.0,0.961414,25.1097,"overall IN (1,2,4,5)"
492,0.751008,19,0.59049,0.932561,post_filter,False,0.8327,1.0,0.972243,0.59049,0.936529,25.1959,"overall IN (1,2,5)"
493,0.680906,18,0.59049,0.927185,post_filter,False,0.6984,1.0,0.976721,0.59049,0.932139,25.1797,"overall IN (3,5)"
494,0.248992,4,0.761234,0.947509,post_filter,False,0.9613,1.0,0.967957,0.761234,0.949553,28.2054,"overall IN (3,4)"
495,0.751008,19,0.59049,0.936529,post_filter,False,1.2325,1.0,0.958917,0.59049,0.938768,27.9712,"overall IN (1,2,5)"
496,0.248992,4,0.761234,0.949553,post_filter,False,0.9791,1.0,0.967364,0.761234,0.951335,25.067,"overall IN (3,4)"
497,0.610257,18,0.59049,0.932139,post_filter,False,0.8371,1.0,0.972097,0.59049,0.936134,25.1325,overall>=5.0
498,0.210713,2,0.775449,0.782977,post_filter,False,0.7534,1.0,0.974886,0.775449,0.802168,25.2008,"main_cat IN ('Camera & Photo', 'Camera &amp; Photo')"
499,0.859249,20,0.6561,0.823719,post_filter,False,0.9023,0.9,0.564841,0.6561,0.797831,25.0845,overall>=3.0
500,0.859249,20,0.6561,0.797831,post_filter,False,0.1302,0.0,0.0,0.6561,0.718048,25.3882,overall>=3.0
501,0.774129,19,0.59049,0.938768,post_filter,False,0.764,1.0,0.974533,0.59049,0.942345,25.226,"overall IN (1,3,5)"
502,0.319094,7,0.661201,0.784866,post_filter,False,0.3753,1.0,0.987492,0.661201,0.805128,25.2765,"overall IN (1,2,4)"
503,0.248992,4,0.761234,0.951335,post_filter,False,0.7929,1.0,0.973569,0.761234,0.953558,25.4141,"overall IN (3,4)"
504,0.389743,11,0.729,0.843833,post_filter,False,0.9567,1.0,0.96811,0.729,0.856261,25.0629,overall<=4.0
505,0.092237,0,0.836005,0.684641,pre_filter,False,5.6666,1.0,0.811113,0.833516,0.684641,25.1102,main_cat='Home Audio &amp; Theater' AND overall>=3.0
506,0.7886,19,0.59049,0.942345,post_filter,False,0.5083,1.0,0.983056,0.59049,0.946416,25.1379,overall>=4.0
507,0.073033,0,0.833516,0.684641,pre_filter,False,3.9232,1.0,0.869228,0.837087,0.684641,25.4264,brand='Tiffen'
508,0.160682,1,0.635053,0.595665,pre_filter,False,9.4371,1.0,0.685429,0.640091,0.595665,25.2747,"main_cat IN ('Camera & Photo', 'Computers')"
509,0.389743,11,0.729,0.856261,post_filter,False,0.6295,1.0,0.979017,0.729,0.868536,25.3407,overall<=4.0
510,0.339351,8,0.85695,0.949972,pre_filter,False,20.8968,1.0,0.30344,0.801599,0.949972,25.4443,"main_cat IN ('Home Audio & Theater', 'Camera &amp; Photo', 'Sports & Outdoors')"
511,0.610257,18,0.59049,0.936134,post_filter,False,0.7108,1.0,0.976306,0.59049,0.940152,25.2403,overall>=5.0
512,0.389743,11,0.729,0.868536,post_filter,False,0.7231,1.0,0.975896,0.729,0.879272,25.2782,overall<=4.0
513,0.180604,1,0.640091,0.595665,pre_filter,False,10.232,1.0,0.658932,0.641975,0.595665,25.1722,"main_cat IN ('Camera & Photo', 'Computers', 'Cell Phones &amp; Accessories')"
514,0.270385,5,0.740385,0.857677,post_filter,False,1.1402,0.5,0.001569,0.740385,0.772066,25.7837,"main_cat IN ('Home Audio & Theater', 'Books', 'Tools & Home Improvement')"
515,0.728433,19,0.59049,0.946416,post_filter,False,0.3289,0.8,0.177369,0.59049,0.869511,25.3601,"overall IN (2,3,5)"
516,0.140751,1,0.641975,0.595665,pre_filter,False,12.1163,1.0,0.596122,0.63739,0.595665,25.0567,overall<=2.0
517,0.270385,5,0.740385,0.772066,post_filter,False,1.0745,0.5,0.001573,0.740385,0.695016,25.2405,"main_cat IN ('Home Audio & Theater', 'Books', 'Tools & Home Improvement')"
518,0.906777,21,1.0,0.961414,post_filter,True,0.9921,1.0,0.966929,1.0,0.961966,25.043,overall>=2.0
519,0.7886,19,0.59049,0.869511,post_filter,False,0.893,1.0,0.970232,0.59049,0.879583,25.1627,overall>=4.0
520,0.270385,5,0.740385,0.695016,pre_filter,False,15.6793,1.0,0.477358,0.714082,0.695016,25.0932,"main_cat IN ('Home Audio & Theater', 'Books', 'Tools & Home Improvement')"
521,0.821657,20,0.6561,0.718048,post_filter,False,0.8456,1.0,0.971813,0.6561,0.743425,25.2548,"overall IN (1,2,3,5)"
522,0.906777,21,1.0,0.961966,post_filter,True,0.8078,1.0,0.973074,1.0,0.963076,25.2109,overall>=2.0
523,0.300422,7,0.661201,0.805128,pre_filter,False,18.1147,1.0,0.396175,0.634698,0.805128,25.4455,"main_cat IN ('All Electronics', 'Books', 'Sports & Outdoors')"
524,0.319094,7,0.634698,0.805128,post_filter,False,0.8503,1.0,0.971657,0.634698,0.821781,25.664,"overall IN (1,2,4)"
525,0.140751,1,0.63739,0.595665,pre_filter,False,12.0532,1.0,0.598226,0.633473,0.595665,25.2255,overall<=2.0
526,0.836128,20,0.6561,0.743425,post_filter,False,0.9713,1.0,0.967622,0.6561,0.765844,25.1358,"overall IN (2,4,5)"
527,0.300422,7,0.634698,0.821781,post_filter,False,0.9067,1.0,0.969775,0.634698,0.83658,25.3819,"main_cat IN ('All Electronics', 'Books', 'Sports & Outdoors')"
528,0.658182,18,0.59049,0.940152,post_filter,False,0.5906,1.0,0.980314,0.59049,0.944168,25.2079,verified=true AND overall>=3.0
529,0.680906,18,0.59049,0.944168,post_filter,False,1.0082,1.0,0.966392,0.59049,0.94639,25.407,"overall IN (3,5)"
530,0.12068,1,0.633473,0.595665,pre_filter,False,6.9023,1.0,0.769922,0.647118,0.595665,25.4983,"main_cat IN ('Camera &amp; Photo', 'Cell Phones &amp; Accessories', 'Tools & Home Improvement')"
531,0.270385,5,0.714082,0.695016,pre_filter,False,15.3937,1.0,0.486876,0.691362,0.695016,25.2438,"main_cat IN ('Home Audio & Theater', 'Books', 'Tools & Home Improvement')"
532,0.210713,2,0.775449,0.802168,post_filter,False,1.041,1.0,0.9653,0.775449,0.818481,25.328,"main_cat IN ('Camera & Photo', 'Camera &amp; Photo')"
533,0.389743,11,0.729,0.879272,post_filter,False,0.5195,1.0,0.982683,0.729,0.889613,25.5109,overall<=4.0
534,0.12068,1,0.647118,0.595665,pre_filter,False,6.9372,1.0,0.768758,0.659282,0.595665,25.8134,"main_cat IN ('Camera &amp; Photo', 'Cell Phones &amp; Accessories', 'Tools & Home Improvement')"
535,0.230635,3,0.759746,0.741939,pre_filter,False,12.6887,1.0,0.577044,0.741476,0.741939,25.3845,"main_cat IN ('Camera & Photo', 'Camera &amp; Photo', 'Cell Phones &amp; Accessories')"
536,0.389743,11,0.729,0.889613,post_filter,False,0.6627,1.0,0.977908,0.729,0.898443,25.3582,overall<=4.0
537,0.210713,2,0.775449,0.818481,pre_filter,False,14.2841,1.0,0.523862,0.750291,0.818481,25.4542,"main_cat IN ('Camera & Photo', 'Camera &amp; Photo')"
538,0.140751,1,0.659282,0.595665,pre_filter,False,12.2492,1.0,0.591693,0.652523,0.595665,25.6779,overall<=2.0
539,0.12068,1,0.652523,0.595665,pre_filter,False,7.0948,1.0,0.763506,0.663622,0.595665,25.5109,"main_cat IN ('Camera &amp; Photo', 'Cell Phones &amp; Accessories', 'Tools & Home Improvement')"
540,0.073033,0,0.837087,0.684641,pre_filter,False,3.8932,1.0,0.870228,0.840401,0.684641,26.4088,brand='Tiffen'
541,0.248992,4,0.761234,0.953558,post_filter,False,0.9207,1.0,0.96931,0.761234,0.955133,25.4673,"overall IN (3,4)"
542,0.319094,7,0.634698,0.83658,post_filter,False,1.0425,1.0,0.965249,0.634698,0.849447,25.1707,"overall IN (1,2,4)"
543,0.906777,21,1.0,0.963076,post_filter,True,0.746,1.0,0.975135,1.0,0.964282,25.4353,overall>=2.0
544,0.728433,19,0.59049,0.879583,post_filter,False,0.579,0.9,0.571117,0.59049,0.848736,25.2427,"overall IN (2,3,5)"
545,0.339351,8,0.801599,0.949972,post_filter,False,1.035,1.0,0.9655,0.801599,0.951525,25.4446,"main_cat IN ('Home Audio & Theater', 'Camera &amp; Photo', 'Sports & Outdoors')"
546,0.210713,2,0.750291,0.818481,post_filter,False,0.5974,1.0,0.980086,0.750291,0.834642,25.6275,"main_cat IN ('Camera & Photo', 'Camera &amp; Photo')"
547,0.906777,21,1.0,0.964282,post_filter,True,0.9815,1.0,0.967282,1.0,0.964582,25.3881,overall>=2.0
548,0.929351,21,1.0,0.964582,post_filter,True,0.7922,1.0,0.973594,1.0,0.965483,25.1505,"overall IN (1,2,4,5)"
549,0.160682,1,0.663622,0.595665,post_filter,False,0.8024,1.0,0.973254,0.663622,0.633424,25.1678,"main_cat IN ('Camera & Photo', 'Computers')"
550,0.881823,20,0.6561,0.765844,post_filter,False,0.4726,1.0,0.984246,0.6561,0.787685,25.2173,"overall IN (1,4,5)"
551,0.270385,5,0.691362,0.695016,post_filter,False,1.1113,1.0,0.962958,0.691362,0.721811,25.0174,"main_cat IN ('Home Audio & Theater', 'Books', 'Tools & Home Improvement')"
552,0.952472,21,1.0,0.965483,post_filter,True,0.6694,1.0,0.977687,1.0,0.966704,25.4386,"overall IN (1,3,4,5)"
553,0.70348,19,0.59049,0.848736,post_filter,False,0.5453,1.0,0.981822,0.59049,0.862045,25.4966,"overall IN (1,5)"
554,0.821657,20,0.6561,0.787685,post_filter,False,0.7612,1.0,0.974626,0.6561,0.806379,25.4437,"overall IN (1,2,3,5)"
555,0.270385,5,0.691362,0.721811,post_filter,False,0.3801,0.8,0.177062,0.691362,0.667336,25.165,"main_cat IN ('Home Audio & Theater', 'Books', 'Tools & Home Improvement')"
556,0.180604,1,0.663622,0.633424,pre_filter,False,10.2431,0.8,0.118103,0.60907,0.633424,25.3908,"main_cat IN ('Camera & Photo', 'Computers', 'Cell Phones &amp; Accessories')"
557,0.836128,20,0.6561,0.806379,post_filter,False,0.8147,1.0,0.972842,0.6561,0.823025,25.3368,"overall IN (2,4,5)"
558,0.160682,1,0.60907,0.633424,post_filter,False,0.9312,1.0,0.968961,0.60907,0.666977,25.2529,"main_cat IN ('Camera & Photo', 'Computers')"
559,0.610257,18,0.59049,0.94639,post_filter,False,0.6711,1.0,0.977629,0.59049,0.949514,25.2966,overall>=5.0
560,0.658182,18,0.59049,0.949514,post_filter,False,0.9267,1.0,0.96911,0.59049,0.951474,25.2234,verified=true AND overall>=3.0
561,0.389743,11,0.729,0.898443,post_filter,False,0.8948,1.0,0.970174,0.729,0.905616,25.1858,overall<=4.0
562,0.610257,18,0.59049,0.951474,post_filter,False,1.0137,0.9,0.562679,0.59049,0.912594,25.2479,overall>=5.0
563,0.929351,21,1.0,0.966704,post_filter,True,0.8619,1.0,0.971269,1.0,0.96716,25.332,"overall IN (1,2,4,5)"
564,0.248992,4,0.761234,0.955133,post_filter,False,0.9924,1.0,0.966919,0.761234,0.956312,25.2147,"overall IN (3,4)"
565,0.610257,18,0.59049,0.912594,post_filter,False,0.7852,0.8889,0.500864,0.59049,0.871421,25.414,overall>=5.0
566,0.050727,0,0.840401,0.684641,pre_filter,False,2.7936,1.0,0.906881,0.847049,0.684641,25.0951,"main_cat IN ('Computers', 'Tools & Home Improvement')"
567,0.092237,0,0.847049,0.684641,pre_filter,False,5.6478,1.0,0.811742,0.843518,0.684641,25.3565,main_cat='Home Audio &amp; Theater' AND overall>=3.0
568,0.319094,7,0.634698,0.849447,post_filter,False,0.8843,1.0,0.970522,0.634698,0.861555,25.2311,"overall IN (1,2,4)"
569,0.658182,18,0.59049,0.871421,post_filter,False,1.0197,1.0,0.96601,0.59049,0.88088,25.2889,verified=true AND overall>=3.0
570,0.389743,11,0.729,0.905616,post_filter,False,0.6959,1.0,0.976803,0.729,0.912735,25.2348,overall<=4.0
571,0.210713,2,0.750291,0.834642,post_filter,False,0.3225,0.2,0.0,0.750291,0.751178,25.1405,"main_cat IN ('Camera & Photo', 'Camera &amp; Photo')"
572,0.180604,1,0.60907,0.666977,post_filter,False,0.9493,1.0,0.968358,0.60907,0.697116,25.1261,"main_cat IN ('Camera & Photo', 'Computers', 'Cell Phones &amp; Accessories')"
573,0.70348,19,0.59049,0.862045,post_filter,False,0.7979,0.9,0.566868,0.59049,0.832527,25.1483,"overall IN (1,5)"
574,0.300422,7,0.634698,0.861555,post_filter,False,0.7947,1.0,0.97351,0.634698,0.87275,25.185,"main_cat IN ('All Electronics', 'Books', 'Sports & Outdoors')"
575,0.073033,0,0.843518,0.684641,pre_filter,False,3.877,1.0,0.870768,0.846243,0.684641,25.206,brand='Tiffen'
576,0.073033,0,0.846243,0.684641,pre_filter,False,4.0294,1.0,0.865686,0.848187,0.684641,25.3341,brand='Tiffen'
577,0.248992,4,0.761234,0.956312,pre_filter,False,20.3326,1.0,0.322246,0.717335,0.956312,25.0109,"overall IN (3,4)"
578,0.610257,18,0.59049,0.88088,post_filter,False,0.9717,1.0,0.967611,0.59049,0.889553,25.0436,overall>=5.0
579,0.728433,19,0.59049,0.832527,post_filter,False,0.8535,1.0,0.971549,0.59049,0.846429,25.5218,"overall IN (2,3,5)"
580,0.929351,21,1.0,0.96716,post_filter,True,0.8302,1.0,0.972328,1.0,0.967677,25.2485,"overall IN (1,2,4,5)"
581,0.881823,20,0.6561,0.823025,post_filter,False,0.5639,0.9,0.571411,0.6561,0.797864,25.6418,"overall IN (1,4,5)"
582,0.751008,19,0.59049,0.846429,post_filter,False,0.9126,1.0,0.969579,0.59049,0.858744,25.6055,"overall IN (1,2,5)"
583,0.774129,19,0.59049,0.858744,post_filter,False,0.6337,1.0,0.978878,0.59049,0.870758,25.2929,"overall IN (1,3,5)"
584,0.610257,18,0.59049,0.889553,post_filter,False,0.3494,1.0,0.988354,0.59049,0.899433,25.2856,overall>=5.0
585,0.248992,4,0.717335,0.956312,post_filter,False,0.695,0.9,0.568865,0.717335,0.917567,25.4751,"overall IN (3,4)"
586,0.680906,18,0.59049,0.899433,post_filter,False,0.8644,1.0,0.971188,0.59049,0.906609,25.3423,"overall IN (3,5)"
587,0.050727,0,0.848187,0.684641,pre_filter,False,2.8357,1.0,0.905476,0.853916,0.684641,25.283,"main_cat IN ('Computers', 'Tools & Home Improvement')"
588,0.906777,21,1.0,0.967677,post_filter,True,0.2413,0.2,0.0,1.0,0.870909,25.4955,overall>=2.0
589,0.12068,1,0.60907,0.697116,pre_filter,False,7.0959,1.0,0.763469,0.62451,0.697116,25.8652,"main_cat IN ('Camera &amp; Photo', 'Cell Phones &amp; Accessories', 'Tools & Home Improvement')"
590,0.339351,8,0.801599,0.951525,post_filter,False,0.9344,1.0,0.968853,0.801599,0.953258,25.0538,"main_cat IN ('Home Audio & Theater', 'Camera &amp; Photo', 'Sports & Outdoors')"
591,0.140751,1,0.62451,0.697116,post_filter,False,0.8964,0.9,0.564956,0.62451,0.6839,25.594,overall<=2.0
592,0.929351,21,1.0,0.870909,post_filter,True,1.0649,1.0,0.964504,1.0,0.880269,25.4539,"overall IN (1,2,4,5)"
593,0.230635,3,0.741476,0.741939,post_filter,False,0.4569,0.9,0.573487,0.741476,0.725093,25.245,"main_cat IN ('Camera & Photo', 'Camera &amp; Photo', 'Cell Phones &amp; Accessories')"
594,0.821657,20,0.6561,0.797864,post_filter,False,0.5382,1.0,0.982061,0.6561,0.816283,25.4647,"overall IN (1,2,3,5)"
595,0.300422,7,0.634698,0.87275,post_filter,False,0.8753,1.0,0.970824,0.634698,0.882558,25.0716,"main_cat IN ('All Electronics', 'Books', 'Sports & Outdoors')"
596,0.836128,20,0.6561,0.816283,post_filter,False,0.7834,1.0,0.973886,0.6561,0.832044,25.2332,"overall IN (2,4,5)"
597,0.319094,7,0.634698,0.882558,post_filter,False,0.9245,1.0,0.969185,0.634698,0.89122,25.1667,"overall IN (1,2,4)"
598,0.300422,7,0.634698,0.89122,post_filter,False,0.9577,1.0,0.968076,0.634698,0.898906,25.7315,"main_cat IN ('All Electronics', 'Books', 'Sports & Outdoors')"
599,0.073033,0,0.853916,0.684641,pre_filter,False,4.0326,1.0,0.865579,0.855083,0.684641,25.5155,brand='Tiffen'
600,0.319094,7,0.634698,0.898906,post_filter,False,0.9685,1.0,0.967715,0.634698,0.905787,25.081,"overall IN (1,2,4)"
601,0.073033,0,0.855083,0.684641,pre_filter,False,4.116,1.0,0.862799,0.855854,0.684641,25.5377,brand='Tiffen'
602,0.70348,19,0.59049,0.870758,post_filter,False,0.888,1.0,0.9704,0.59049,0.880722,25.6007,"overall IN (1,5)"
603,0.680906,18,0.59049,0.906609,post_filter,False,0.7009,1.0,0.976637,0.59049,0.913612,25.2805,"overall IN (3,5)"
604,0.180604,1,0.62451,0.6839,post_filter,False,0.9025,1.0,0.969917,0.62451,0.712501,25.5227,"main_cat IN ('Camera & Photo', 'Computers', 'Cell Phones &amp; Accessories')"
605,0.300422,7,0.634698,0.905787,post_filter,False,0.8245,0.9,0.566352,0.634698,0.871843,25.4307,"main_cat IN ('All Electronics', 'Books', 'Sports & Outdoors')"
606,0.680906,18,0.59049,0.913612,post_filter,False,0.8453,1.0,0.971824,0.59049,0.919433,25.2952,"overall IN (3,5)"
607,0.248992,4,0.717335,0.917567,post_filter,False,0.9203,1.0,0.969325,0.717335,0.922743,25.2813,"overall IN (3,4)"
608,0.092237,0,0.855854,0.684641,pre_filter,False,5.5373,1.0,0.815422,0.851811,0.684641,25.3183,main_cat='Home Audio &amp; Theater' AND overall>=3.0
609,0.319094,7,0.634698,0.871843,post_filter,False,0.5279,0.9,0.57211,0.634698,0.84187,25.412,"overall IN (1,2,4)"
610,0.658182,18,0.59049,0.919433,post_filter,False,0.822,1.0,0.972601,0.59049,0.92475,25.1966,verified=true AND overall>=3.0
611,0.389743,11,0.729,0.912735,post_filter,False,0.6092,1.0,0.979694,0.729,0.919431,24.9971,overall<=4.0
612,0.836128,20,0.6561,0.832044,post_filter,False,0.7707,1.0,0.97431,0.6561,0.84627,25.271,"overall IN (2,4,5)"
613,0.680906,18,0.59049,0.92475,post_filter,False,0.7282,1.0,0.975728,0.59049,0.929847,25.4659,"overall IN (3,5)"
614,0.230635,3,0.741476,0.725093,pre_filter,False,20.5596,1.0,0.314679,0.698796,0.725093,27.3532,"main_cat IN ('Camera & Photo', 'Camera &amp; Photo', 'Cell Phones &amp; Accessories')"
615,0.881823,20,0.6561,0.84627,post_filter,False,0.8482,1.0,0.971728,0.6561,0.858816,25.1263,"overall IN (1,4,5)"
616,0.728433,19,0.59049,0.880722,post_filter,False,0.4724,1.0,0.984253,0.59049,0.891075,25.1365,"overall IN (2,3,5)"
617,0.774129,19,0.59049,0.891075,post_filter,False,0.5604,1.0,0.981319,0.59049,0.900099,25.1705,"overall IN (1,3,5)"
618,0.728433,19,0.59049,0.900099,post_filter,False,0.766,1.0,0.974465,0.59049,0.907536,25.2124,"overall IN (2,3,5)"
619,0.12068,1,0.62451,0.712501,post_filter,False,0.9986,0.9,0.562971,0.62451,0.697548,25.4802,"main_cat IN ('Camera &amp; Photo', 'Cell Phones &amp; Accessories', 'Tools & Home Improvement')"
620,0.140751,1,0.62451,0.697548,post_filter,False,0.8135,1.0,0.972883,0.62451,0.725082,25.4021,overall<=2.0
621,0.12068,1,0.62451,0.725082,post_filter,False,0.9966,1.0,0.966781,0.62451,0.749252,24.9791,"main_cat IN ('Camera &amp; Photo', 'Cell Phones &amp; Accessories', 'Tools & Home Improvement')"
622,0.319094,7,0.634698,0.84187,post_filter,False,0.7583,1.0,0.974722,0.634698,0.855155,25.1126,"overall IN (1,2,4)"
623,0.300422,7,0.634698,0.855155,post_filter,False,0.8267,1.0,0.972443,0.634698,0.866884,25.4049,"main_cat IN ('All Electronics', 'Books', 'Sports & Outdoors')"
624,0.859249,20,0.6561,0.858816,post_filter,False,0.8513,1.0,0.971622,0.6561,0.870097,25.0744,overall>=3.0
625,0.270385,5,0.691362,0.667336,pre_filter,False,15.5755,1.0,0.480817,0.670307,0.667336,25.3698,"main_cat IN ('Home Audio & Theater', 'Books', 'Tools & Home Improvement')"
626,0.680906,18,0.59049,0.929847,post_filter,False,0.2758,0.9,0.577002,0.59049,0.894563,25.3346,"overall IN (3,5)"
627,0.300422,7,0.634698,0.866884,post_filter,False,0.8735,1.0,0.970885,0.634698,0.877284,24.9863,"main_cat IN ('All Electronics', 'Books', 'Sports & Outdoors')"
628,0.836128,20,0.6561,0.870097,post_filter,False,0.7905,1.0,0.97365,0.6561,0.880452,25.2274,"overall IN (2,4,5)"
629,0.140751,1,0.62451,0.749252,post_filter,False,1.3255,0.0,0.0,0.62451,0.674327,29.0472,overall<=2.0
630,0.180604,1,0.62451,0.674327,post_filter,False,0.8719,0.9,0.565432,0.62451,0.663437,25.2515,"main_cat IN ('Camera & Photo', 'Computers', 'Cell Phones &amp; Accessories')"
631,0.728433,19,0.59049,0.907536,post_filter,False,0.1199,0.0,0.0,0.59049,0.816782,25.1576,"overall IN (2,3,5)"
632,0.658182,18,0.59049,0.894563,post_filter,False,0.8439,1.0,0.971871,0.59049,0.902294,25.2482,verified=true AND overall>=3.0
633,0.319094,7,0.634698,0.877284,post_filter,False,0.2564,0.8,0.177802,0.634698,0.807336,25.106,"overall IN (1,2,4)"
634,0.658182,18,0.59049,0.902294,post_filter,False,0.6628,1.0,0.977908,0.59049,0.909855,25.2681,verified=true AND overall>=3.0
635,0.073033,0,0.851811,0.684641,pre_filter,False,4.1499,1.0,0.861669,0.852797,0.684641,25.1865,brand='Tiffen'
636,0.073033,0,0.852797,0.684641,pre_filter,False,3.8726,1.0,0.870914,0.854609,0.684641,25.5005,brand='Tiffen'
637,0.073033,0,0.854609,0.684641,pre_filter,False,4.045,1.0,0.865165,0.855664,0.684641,25.6377,brand='Tiffen'
638,0.140751,1,0.62451,0.663437,post_filter,False,1.2168,0.6,0.009689,0.62451,0.598062,26.2336,overall<=2.0
639,0.7886,19,0.59049,0.816782,post_filter,False,0.7903,1.0,0.973656,0.59049,0.83247,25.467,overall>=4.0
640,0.270385,5,0.670307,0.667336,pre_filter,False,15.4162,1.0,0.486128,0.651889,0.667336,25.141,"main_cat IN ('Home Audio & Theater', 'Books', 'Tools & Home Improvement')"
641,0.859249,20,0.6561,0.880452,post_filter,False,0.9888,1.0,0.967039,0.6561,0.889111,25.5985,overall>=3.0
642,0.610257,18,0.59049,0.909855,post_filter,False,0.7666,1.0,0.974447,0.59049,0.916314,25.652,overall>=5.0
643,0.658182,18,0.59049,0.916314,post_filter,False,0.9258,1.0,0.969142,0.59049,0.921597,25.0366,verified=true AND overall>=3.0
644,0.389743,11,0.729,0.919431,post_filter,False,0.793,1.0,0.973567,0.729,0.924844,25.6688,overall<=4.0
645,0.140751,1,0.62451,0.598062,pre_filter,False,11.9598,1.0,0.601342,0.622193,0.598062,25.2597,overall<=2.0
646,0.728433,19,0.59049,0.83247,post_filter,False,0.6055,1.0,0.979815,0.59049,0.847204,25.4417,"overall IN (2,3,5)"
647,0.929351,21,1.0,0.880269,post_filter,True,0.4263,1.0,0.98579,1.0,0.890821,25.1296,"overall IN (1,2,4,5)"
648,0.658182,18,0.59049,0.921597,post_filter,False,1.1294,1.0,0.962353,0.59049,0.925673,25.2855,verified=true AND overall>=3.0
649,0.140751,1,0.622193,0.598062,pre_filter,False,11.9868,1.0,0.600442,0.620018,0.598062,25.2776,overall<=2.0
650,0.270385,5,0.651889,0.667336,pre_filter,False,15.4557,1.0,0.48481,0.635181,0.667336,25.2398,"main_cat IN ('Home Audio & Theater', 'Books', 'Tools & Home Improvement')"
651,0.952472,21,1.0,0.890821,post_filter,True,0.992,1.0,0.966933,1.0,0.898432,25.8329,"overall IN (1,3,4,5)"
652,0.728433,19,0.59049,0.847204,post_filter,False,0.9808,1.0,0.967307,0.59049,0.859215,25.4797,"overall IN (2,3,5)"
653,0.270385,5,0.635181,0.667336,post_filter,False,0.8702,0.8,0.174132,0.635181,0.618015,25.5312,"main_cat IN ('Home Audio & Theater', 'Books', 'Tools & Home Improvement')"
654,0.160682,1,0.620018,0.598062,pre_filter,False,9.304,1.0,0.689867,0.627003,0.598062,25.3751,"main_cat IN ('Camera & Photo', 'Computers')"
655,0.319094,7,0.634698,0.807336,post_filter,False,0.8243,1.0,0.972524,0.634698,0.823855,25.4628,"overall IN (1,2,4)"
656,0.728433,19,0.59049,0.859215,post_filter,False,0.5263,1.0,0.982456,0.59049,0.871539,25.28,"overall IN (2,3,5)"
657,0.821657,20,0.6561,0.889111,post_filter,False,0.3699,0.9,0.575177,0.6561,0.857717,25.2929,"overall IN (1,2,3,5)"
658,0.881823,20,0.6561,0.857717,post_filter,False,0.9179,1.0,0.969403,0.6561,0.868886,25.1513,"overall IN (1,4,5)"
659,0.248992,4,0.717335,0.922743,post_filter,False,1.0002,1.0,0.966661,0.717335,0.927135,25.1962,"overall IN (3,4)"
660,0.70348,19,0.59049,0.871539,post_filter,False,0.8688,0.9,0.565491,0.59049,0.840934,25.2711,"overall IN (1,5)"
661,0.270385,5,0.635181,0.618015,pre_filter,False,15.5146,1.0,0.482847,0.619948,0.618015,25.3008,"main_cat IN ('Home Audio & Theater', 'Books', 'Tools & Home Improvement')"
662,0.658182,18,0.59049,0.925673,post_filter,False,0.1473,0.0,0.0,0.59049,0.833105,25.3151,verified=true AND overall>=3.0
663,0.881823,20,0.6561,0.868886,post_filter,False,0.7729,1.0,0.974236,0.6561,0.879421,25.2669,"overall IN (1,4,5)"
664,0.658182,18,0.59049,0.833105,post_filter,False,0.8891,1.0,0.970362,0.59049,0.846831,25.1925,verified=true AND overall>=3.0
665,0.680906,18,0.59049,0.846831,post_filter,False,0.6213,0.9,0.570295,0.59049,0.819178,25.2244,"overall IN (3,5)"
666,0.610257,18,0.59049,0.819178,post_filter,False,0.8029,1.0,0.973236,0.59049,0.834583,25.224,overall>=5.0
667,0.7886,19,0.59049,0.840934,post_filter,False,0.6694,1.0,0.977687,0.59049,0.854609,25.2437,overall>=4.0
668,0.70348,19,0.59049,0.854609,post_filter,False,0.9821,1.0,0.967263,0.59049,0.865875,25.0625,"overall IN (1,5)"
669,0.248992,4,0.717335,0.927135,post_filter,False,0.4403,0.9,0.573811,0.717335,0.891802,25.1707,"overall IN (3,4)"
670,0.610257,18,0.59049,0.834583,pre_filter,False,37.1768,1.0,0.0,0.531441,0.834583,24.818,overall>=5.0
671,0.881823,20,0.6561,0.879421,post_filter,False,0.6945,1.0,0.976849,0.6561,0.889164,25.4138,"overall IN (1,4,5)"
672,0.050727,0,0.855664,0.684641,pre_filter,False,2.8478,1.0,0.905072,0.860605,0.684641,25.9964,"main_cat IN ('Computers', 'Tools & Home Improvement')"
673,0.300422,7,0.634698,0.823855,post_filter,False,0.9474,1.0,0.968421,0.634698,0.838311,24.9391,"main_cat IN ('All Electronics', 'Books', 'Sports & Outdoors')"
674,0.270385,5,0.619948,0.618015,post_filter,False,0.8232,0.9,0.566377,0.619948,0.612852,25.4028,"main_cat IN ('Home Audio & Theater', 'Books', 'Tools & Home Improvement')"
675,0.774129,19,0.59049,0.865875,post_filter,False,0.7681,1.0,0.974397,0.59049,0.876727,25.1589,"overall IN (1,3,5)"
676,0.12068,1,0.627003,0.598062,pre_filter,False,7.0653,1.0,0.764492,0.640752,0.598062,25.2351,"main_cat IN ('Camera &amp; Photo', 'Cell Phones &amp; Accessories', 'Tools & Home Improvement')"
677,0.339351,8,0.801599,0.953258,post_filter,False,0.3464,1.0,0.988453,0.801599,0.956777,25.2296,"main_cat IN ('Home Audio & Theater', 'Camera &amp; Photo', 'Sports & Outdoors')"
678,0.70348,19,0.59049,0.876727,post_filter,False,0.6293,1.0,0.979022,0.59049,0.886956,25.2079,"overall IN (1,5)"
679,0.248992,4,0.717335,0.891802,post_filter,False,0.906,1.0,0.9698,0.717335,0.899602,25.0157,"overall IN (3,4)"
680,0.859249,20,0.6561,0.889164,post_filter,False,0.8293,0.9,0.566259,0.6561,0.856873,25.3562,overall>=3.0
681,0.929351,21,1.0,0.898432,post_filter,True,0.7421,1.0,0.975262,1.0,0.906115,25.2,"overall IN (1,2,4,5)"
682,0.821657,20,0.6561,0.856873,post_filter,False,0.8061,1.0,0.973129,0.6561,0.868499,25.2634,"overall IN (1,2,3,5)"
683,0.906777,21,1.0,0.906115,post_filter,True,1.0067,1.0,0.966444,1.0,0.912148,24.915,overall>=2.0
684,0.7886,19,0.59049,0.886956,post_filter,False,1.0394,1.0,0.965353,0.59049,0.894796,25.3441,overall>=4.0
685,0.751008,19,0.59049,0.894796,post_filter,False,0.772,1.0,0.974267,0.59049,0.902743,25.038,"overall IN (1,2,5)"
686,0.050727,0,0.860605,0.684641,pre_filter,False,2.8029,1.0,0.906571,0.865202,0.684641,25.8907,"main_cat IN ('Computers', 'Tools & Home Improvement')"
687,0.728433,19,0.59049,0.902743,post_filter,False,1.0299,1.0,0.965669,0.59049,0.909036,25.0846,"overall IN (2,3,5)"
688,0.610257,18,0.531441,0.834583,post_filter,False,0.7581,1.0,0.974731,0.531441,0.848598,25.313,overall>=5.0
689,0.230635,3,0.698796,0.725093,post_filter,False,1.0135,1.0,0.966218,0.698796,0.749206,25.197,"main_cat IN ('Camera & Photo', 'Camera &amp; Photo', 'Cell Phones &amp; Accessories')"
690,0.751008,19,0.59049,0.909036,post_filter,False,0.7575,1.0,0.97475,0.59049,0.915607,25.1782,"overall IN (1,2,5)"
691,0.859249,20,0.6561,0.868499,post_filter,False,0.9393,1.0,0.968689,0.6561,0.878518,25.0901,overall>=3.0
692,0.836128,20,0.6561,0.878518,post_filter,False,0.7339,1.0,0.975536,0.6561,0.88822,25.2324,"overall IN (2,4,5)"
693,0.70348,19,0.59049,0.915607,post_filter,False,0.7767,1.0,0.97411,0.59049,0.921457,25.3682,"overall IN (1,5)"
694,0.70348,19,0.59049,0.921457,post_filter,False,0.6267,0.9,0.57019,0.59049,0.886331,25.5741,"overall IN (1,5)"
695,0.210713,2,0.750291,0.751178,post_filter,False,0.9013,1.0,0.969956,0.750291,0.773055,25.1392,"main_cat IN ('Camera & Photo', 'Camera &amp; Photo')"
696,0.821657,20,0.6561,0.88822,post_filter,False,0.5778,1.0,0.98074,0.6561,0.897472,25.2976,"overall IN (1,2,3,5)"
697,0.073033,0,0.865202,0.684641,pre_filter,False,3.8457,1.0,0.871811,0.865863,0.684641,25.3684,brand='Tiffen'
698,0.70348,19,0.59049,0.886331,post_filter,False,0.8049,1.0,0.973171,0.59049,0.895015,25.3455,"overall IN (1,5)"
699,0.610257,18,0.531441,0.848598,post_filter,False,0.7531,1.0,0.974896,0.531441,0.861228,25.4437,overall>=5.0
700,0.160682,1,0.640752,0.598062,pre_filter,False,9.0169,1.0,0.699438,0.64662,0.598062,25.5403,"main_cat IN ('Camera & Photo', 'Computers')"
701,0.658182,18,0.531441,0.861228,post_filter,False,0.899,1.0,0.970033,0.531441,0.872108,25.4403,verified=true AND overall>=3.0
702,0.751008,19,0.59049,0.895015,post_filter,False,0.9417,1.0,0.96861,0.59049,0.902374,25.5294,"overall IN (1,2,5)"
703,0.821657,20,0.6561,0.897472,post_filter,False,0.6862,1.0,0.977126,0.6561,0.905437,25.1915,"overall IN (1,2,3,5)"
704,0.728433,19,0.59049,0.902374,post_filter,False,0.916,1.0,0.969467,0.59049,0.909083,25.3732,"overall IN (2,3,5)"
705,0.836128,20,0.6561,0.905437,post_filter,False,0.8333,1.0,0.972225,0.6561,0.912116,25.2774,"overall IN (2,4,5)"
706,0.881823,20,0.6561,0.912116,post_filter,False,0.8129,1.0,0.972903,0.6561,0.918195,25.2671,"overall IN (1,4,5)"
707,0.319094,7,0.634698,0.838311,post_filter,False,0.6591,0.9,0.569562,0.634698,0.811436,25.3717,"overall IN (1,2,4)"
708,0.140751,1,0.64662,0.598062,pre_filter,False,12.0412,1.0,0.598628,0.641821,0.598062,25.3105,overall<=2.0
709,0.881823,20,0.6561,0.918195,post_filter,False,0.7497,1.0,0.97501,0.6561,0.923876,25.0799,"overall IN (1,4,5)"
710,0.774129,19,0.59049,0.909083,post_filter,False,0.5133,1.0,0.982889,0.59049,0.916464,25.5468,"overall IN (1,3,5)"
711,0.210713,2,0.750291,0.773055,post_filter,False,0.3339,0.8,0.177338,0.750291,0.713484,25.3829,"main_cat IN ('Camera & Photo', 'Camera &amp; Photo')"
712,0.073033,0,0.865863,0.684641,pre_filter,False,4.0501,0.9,0.503736,0.82965,0.684641,25.497,brand='Tiffen'
713,0.70348,19,0.59049,0.916464,post_filter,False,0.6515,1.0,0.978283,0.59049,0.922646,25.3769,"overall IN (1,5)"
714,0.7886,19,0.59049,0.922646,post_filter,False,0.7437,0.9,0.56792,0.59049,0.887173,25.1759,overall>=4.0
715,0.12068,1,0.641821,0.598062,pre_filter,False,7.1125,1.0,0.762915,0.65393,0.598062,25.1292,"main_cat IN ('Camera &amp; Photo', 'Cell Phones &amp; Accessories', 'Tools & Home Improvement')"
716,0.180604,1,0.65393,0.598062,pre_filter,False,10.3583,1.0,0.654722,0.65401,0.598062,25.2869,"main_cat IN ('Camera & Photo', 'Computers', 'Cell Phones &amp; Accessories')"
717,0.050727,0,0.82965,0.684641,pre_filter,False,2.8221,1.0,0.905929,0.837278,0.684641,25.4026,"main_cat IN ('Computers', 'Tools & Home Improvement')"
718,0.389743,11,0.729,0.924844,pre_filter,False,30.3043,0.9,0.0,0.6561,0.924844,25.3263,overall<=4.0
719,0.270385,5,0.619948,0.612852,post_filter,False,0.3472,0.1,0.0,0.619948,0.551566,25.336,"main_cat IN ('Home Audio & Theater', 'Books', 'Tools & Home Improvement')"
720,0.339351,8,0.801599,0.956777,post_filter,False,0.9343,1.0,0.968857,0.801599,0.957985,25.5554,"main_cat IN ('Home Audio & Theater', 'Camera &amp; Photo', 'Sports & Outdoors')"
721,0.140751,1,0.65401,0.598062,pre_filter,False,11.9672,1.0,0.601093,0.648718,0.598062,25.8814,overall<=2.0
722,0.339351,8,0.801599,0.957985,post_filter,False,0.8362,0.8,0.174336,0.801599,0.87962,25.1912,"main_cat IN ('Home Audio & Theater', 'Camera &amp; Photo', 'Sports & Outdoors')"
723,0.7886,19,0.59049,0.887173,post_filter,False,0.9894,1.0,0.967021,0.59049,0.895158,25.4219,overall>=4.0
724,0.180604,1,0.648718,0.598062,pre_filter,False,10.2897,1.0,0.657011,0.649547,0.598062,24.9788,"main_cat IN ('Camera & Photo', 'Computers', 'Cell Phones &amp; Accessories')"
725,0.339351,8,0.801599,0.87962,post_filter,False,0.7013,1.0,0.976624,0.801599,0.889321,25.3547,"main_cat IN ('Home Audio & Theater', 'Camera &amp; Photo', 'Sports & Outdoors')"
726,0.658182,18,0.531441,0.872108,post_filter,False,0.7015,1.0,0.976617,0.531441,0.882559,25.4107,verified=true AND overall>=3.0
727,0.836128,20,0.6561,0.923876,post_filter,False,0.8765,1.0,0.970785,0.6561,0.928567,25.0544,"overall IN (2,4,5)"
728,0.728433,19,0.59049,0.895158,post_filter,False,0.9552,1.0,0.968158,0.59049,0.902458,25.0474,"overall IN (2,3,5)"
729,0.952472,21,1.0,0.912148,post_filter,True,0.7358,1.0,0.975472,1.0,0.918481,25.2057,"overall IN (1,3,4,5)"
730,0.610257,18,0.531441,0.882559,post_filter,False,0.3641,1.0,0.987862,0.531441,0.89309,25.2783,overall>=5.0
731,0.906777,21,1.0,0.918481,post_filter,True,0.904,1.0,0.969865,1.0,0.923619,24.9913,overall>=2.0
732,0.906777,21,1.0,0.923619,post_filter,True,0.8748,1.0,0.97084,1.0,0.928341,25.0278,overall>=2.0
733,0.821657,20,0.6561,0.928567,post_filter,False,0.9018,1.0,0.969942,0.6561,0.932704,25.098,"overall IN (1,2,3,5)"
734,0.821657,20,0.6561,0.932704,post_filter,False,0.3236,1.0,0.989212,0.6561,0.938355,25.4164,"overall IN (1,2,3,5)"
735,0.073033,0,0.837278,0.684641,pre_filter,False,3.9757,1.0,0.867476,0.840298,0.684641,25.8807,brand='Tiffen'
736,0.7886,19,0.59049,0.902458,post_filter,False,0.8868,1.0,0.970439,0.59049,0.909256,25.4178,overall>=4.0
737,0.140751,1,0.649547,0.598062,pre_filter,False,12.2513,1.0,0.591624,0.643755,0.598062,27.5475,overall<=2.0
738,0.658182,18,0.531441,0.89309,post_filter,False,0.8066,1.0,0.973114,0.531441,0.901092,32.9667,verified=true AND overall>=3.0
739,0.180604,1,0.643755,0.598062,pre_filter,False,10.2675,1.0,0.657751,0.645155,0.598062,25.2982,"main_cat IN ('Camera & Photo', 'Computers', 'Cell Phones &amp; Accessories')"
740,0.680906,18,0.531441,0.901092,post_filter,False,0.7572,1.0,0.97476,0.531441,0.908459,25.4479,"overall IN (3,5)"
741,0.270385,5,0.619948,0.551566,pre_filter,False,15.3286,1.0,0.489047,0.606858,0.551566,25.176,"main_cat IN ('Home Audio & Theater', 'Books', 'Tools & Home Improvement')"
742,0.774129,19,0.59049,0.909256,post_filter,False,0.1446,0.0,0.0,0.59049,0.818331,25.4114,"overall IN (1,3,5)"
743,0.610257,18,0.531441,0.908459,post_filter,False,0.8093,1.0,0.973024,0.531441,0.914915,25.0723,overall>=5.0
744,0.658182,18,0.531441,0.914915,post_filter,False,0.8807,1.0,0.970642,0.531441,0.920488,25.0465,verified=true AND overall>=3.0
745,0.319094,7,0.634698,0.811436,post_filter,False,0.8284,1.0,0.972386,0.634698,0.827531,25.2528,"overall IN (1,2,4)"
746,0.270385,5,0.606858,0.551566,pre_filter,False,15.2839,1.0,0.490536,0.595226,0.551566,25.0777,"main_cat IN ('Home Audio & Theater', 'Books', 'Tools & Home Improvement')"
747,0.160682,1,0.645155,0.598062,pre_filter,False,9.1507,1.0,0.694978,0.650137,0.598062,25.1365,"main_cat IN ('Camera & Photo', 'Computers')"
748,0.389743,11,0.6561,0.924844,post_filter,False,0.8886,1.0,0.970379,0.6561,0.929398,25.4182,overall<=4.0
749,0.952472,21,1.0,0.928341,post_filter,True,0.931,1.0,0.968968,1.0,0.932404,25.3658,"overall IN (1,3,4,5)"
750,0.680906,18,0.531441,0.920488,post_filter,False,0.7612,1.0,0.974628,0.531441,0.925902,25.3639,"overall IN (3,5)"
751,0.270385,5,0.595226,0.551566,pre_filter,False,15.8048,1.0,0.473172,0.58302,0.551566,25.3302,"main_cat IN ('Home Audio & Theater', 'Books', 'Tools & Home Improvement')"
752,0.680906,18,0.531441,0.925902,post_filter,False,0.8942,1.0,0.970194,0.531441,0.930331,25.325,"overall IN (3,5)"
753,0.300422,7,0.634698,0.827531,post_filter,False,0.7314,0.9,0.568159,0.634698,0.801594,25.4086,"main_cat IN ('All Electronics', 'Books', 'Sports & Outdoors')"
754,0.774129,19,0.59049,0.818331,post_filter,False,0.5252,1.0,0.982494,0.59049,0.834747,25.1912,"overall IN (1,3,5)"
755,0.836128,20,0.6561,0.938355,post_filter,False,0.8668,1.0,0.971107,0.6561,0.94163,25.2721,"overall IN (2,4,5)"
756,0.906777,21,1.0,0.932404,post_filter,True,0.745,1.0,0.975168,1.0,0.93668,25.2615,overall>=2.0
757,0.821657,20,0.6561,0.94163,post_filter,False,0.7735,1.0,0.974218,0.6561,0.944889,25.3865,"overall IN (1,2,3,5)"
758,0.774129,19,0.59049,0.834747,post_filter,False,0.8999,1.0,0.970003,0.59049,0.848273,25.3038,"overall IN (1,3,5)"
759,0.751008,19,0.59049,0.848273,post_filter,False,0.8342,1.0,0.972193,0.59049,0.860665,25.2829,"overall IN (1,2,5)"
760,0.859249,20,0.6561,0.944889,post_filter,False,0.3458,0.7778,0.133747,0.6561,0.863775,25.5624,overall>=3.0
761,0.7886,19,0.59049,0.860665,post_filter,False,0.9275,1.0,0.969085,0.59049,0.871507,25.3421,overall>=4.0
762,0.230635,3,0.698796,0.749206,pre_filter,False,12.8236,1.0,0.572546,0.686171,0.749206,25.5444,"main_cat IN ('Camera & Photo', 'Camera &amp; Photo', 'Cell Phones &amp; Accessories')"
763,0.728433,19,0.59049,0.871507,post_filter,False,0.8789,1.0,0.970704,0.59049,0.881426,25.279,"overall IN (2,3,5)"
764,0.610257,18,0.531441,0.930331,post_filter,False,0.8149,1.0,0.972837,0.531441,0.934582,25.4235,overall>=5.0
765,0.180604,1,0.650137,0.598062,pre_filter,False,10.316,1.0,0.656133,0.650736,0.598062,25.3925,"main_cat IN ('Camera & Photo', 'Computers', 'Cell Phones &amp; Accessories')"
766,0.210713,2,0.750291,0.713484,pre_filter,False,11.6445,1.0,0.61185,0.736447,0.713484,25.2773,"main_cat IN ('Camera & Photo', 'Camera &amp; Photo')"
767,0.230635,3,0.686171,0.749206,post_filter,False,0.6387,1.0,0.978711,0.686171,0.772156,25.2428,"main_cat IN ('Camera & Photo', 'Camera &amp; Photo', 'Cell Phones &amp; Accessories')"
768,0.680906,18,0.531441,0.934582,post_filter,False,0.6318,1.0,0.97894,0.531441,0.939018,25.5571,"overall IN (3,5)"
769,0.248992,4,0.717335,0.899602,post_filter,False,0.67,0.9,0.56935,0.717335,0.866577,25.7094,"overall IN (3,4)"
770,0.210713,2,0.736447,0.713484,pre_filter,False,11.6743,1.0,0.610858,0.723888,0.713484,25.196,"main_cat IN ('Camera & Photo', 'Camera &amp; Photo')"
771,0.248992,4,0.717335,0.866577,post_filter,False,0.9908,1.0,0.966975,0.717335,0.876617,25.3349,"overall IN (3,4)"
772,0.836128,20,0.6561,0.863775,post_filter,False,0.6805,1.0,0.977317,0.6561,0.875129,25.1047,"overall IN (2,4,5)"
773,0.248992,4,0.717335,0.876617,post_filter,False,0.8916,1.0,0.970281,0.717335,0.885983,25.4298,"overall IN (3,4)"
774,0.7886,19,0.59049,0.881426,post_filter,False,0.7187,1.0,0.976043,0.59049,0.890888,25.3501,overall>=4.0
775,0.180604,1,0.650736,0.598062,pre_filter,False,10.3636,1.0,0.654546,0.651117,0.598062,25.3784,"main_cat IN ('Camera & Photo', 'Computers', 'Cell Phones &amp; Accessories')"
776,0.7886,19,0.59049,0.890888,post_filter,False,0.7937,1.0,0.973542,0.59049,0.899153,25.0589,overall>=4.0
777,0.7886,19,0.59049,0.899153,post_filter,False,0.4519,1.0,0.984938,0.59049,0.907732,25.2617,overall>=4.0
778,0.610257,18,0.531441,0.939018,post_filter,False,0.6915,1.0,0.976949,0.531441,0.942811,25.5593,overall>=5.0
779,0.270385,5,0.58302,0.551566,pre_filter,False,15.2467,1.0,0.491778,0.573896,0.551566,25.1962,"main_cat IN ('Home Audio & Theater', 'Books', 'Tools & Home Improvement')"
780,0.610257,18,0.531441,0.942811,post_filter,False,0.8921,1.0,0.970264,0.531441,0.945556,25.0717,overall>=5.0
781,0.300422,7,0.634698,0.801594,post_filter,False,0.9035,1.0,0.969883,0.634698,0.818423,25.2261,"main_cat IN ('All Electronics', 'Books', 'Sports & Outdoors')"
782,0.680906,18,0.531441,0.945556,post_filter,False,0.4881,1.0,0.983729,0.531441,0.949373,25.2586,"overall IN (3,5)"
783,0.952472,21,1.0,0.93668,post_filter,True,0.8289,1.0,0.972369,1.0,0.940249,25.145,"overall IN (1,3,4,5)"
784,0.952472,21,1.0,0.940249,post_filter,True,0.3177,1.0,0.989408,1.0,0.945165,25.4128,"overall IN (1,3,4,5)"
785,0.859249,20,0.6561,0.875129,post_filter,False,0.7519,1.0,0.974936,0.6561,0.88511,25.2468,overall>=3.0
786,0.821657,20,0.6561,0.88511,pre_filter,False,45.249,1.0,0.0,0.59049,0.88511,24.9899,"overall IN (1,2,3,5)"
787,0.230635,3,0.686171,0.772156,post_filter,False,0.3553,1.0,0.988158,0.686171,0.793757,25.4046,"main_cat IN ('Camera & Photo', 'Camera &amp; Photo', 'Cell Phones &amp; Accessories')"
788,0.248992,4,0.717335,0.885983,post_filter,False,0.7204,1.0,0.975987,0.717335,0.894984,25.3155,"overall IN (3,4)"
789,0.12068,1,0.651117,0.598062,pre_filter,False,7.0178,1.0,0.766074,0.662613,0.598062,25.2547,"main_cat IN ('Camera &amp; Photo', 'Cell Phones &amp; Accessories', 'Tools & Home Improvement')"
790,0.70348,19,0.59049,0.907732,post_filter,False,0.5058,1.0,0.983139,0.59049,0.915273,25.466,"overall IN (1,5)"
791,0.774129,19,0.59049,0.915273,post_filter,False,1.0009,0.9,0.562927,0.59049,0.880038,25.3865,"overall IN (1,3,5)"
792,0.680906,18,0.531441,0.949373,post_filter,False,0.7604,1.0,0.974653,0.531441,0.951901,25.3016,"overall IN (3,5)"
793,0.319094,7,0.634698,0.818423,post_filter,False,0.7805,1.0,0.973982,0.634698,0.833979,25.5035,"overall IN (1,2,4)"
794,0.929351,21,1.0,0.945165,post_filter,True,0.8787,1.0,0.97071,1.0,0.94772,25.0421,"overall IN (1,2,4,5)"
795,0.319094,7,0.634698,0.833979,post_filter,False,0.7866,1.0,0.973781,0.634698,0.847959,25.2532,"overall IN (1,2,4)"
796,0.881823,20,0.59049,0.88511,post_filter,False,0.9006,1.0,0.969979,0.59049,0.893597,25.4081,"overall IN (1,4,5)"
797,0.300422,7,0.634698,0.847959,post_filter,False,0.6791,1.0,0.977363,0.634698,0.860899,25.2545,"main_cat IN ('All Electronics', 'Books', 'Sports & Outdoors')"
798,0.836128,20,0.59049,0.893597,post_filter,False,0.5663,1.0,0.981124,0.59049,0.902349,25.446,"overall IN (2,4,5)"
799,0.859249,20,0.59049,0.902349,post_filter,False,0.6359,1.0,0.978803,0.59049,0.909995,25.2342,overall>=3.0
800,0.140751,1,0.662613,0.598062,pre_filter,False,12.0645,1.0,0.59785,0.656137,0.598062,25.1408,overall<=2.0
801,0.248992,4,0.717335,0.894984,post_filter,False,0.8576,1.0,0.971413,0.717335,0.902626,25.5201,"overall IN (3,4)"
802,0.073033,0,0.840298,0.684641,pre_filter,False,3.923,1.0,0.869233,0.843191,0.684641,25.1636,brand='Tiffen'
803,0.248992,4,0.717335,0.902626,post_filter,False,0.4422,1.0,0.985258,0.717335,0.91089,25.1688,"overall IN (3,4)"
804,0.7886,19,0.59049,0.880038,post_filter,False,0.9939,1.0,0.966869,0.59049,0.888721,25.6358,overall>=4.0
805,0.092237,0,0.843191,0.684641,pre_filter,False,5.5187,1.0,0.816044,0.840477,0.684641,25.3267,main_cat='Home Audio &amp; Theater' AND overall>=3.0
806,0.300422,7,0.634698,0.860899,post_filter,False,0.4815,1.0,0.983951,0.634698,0.873205,25.3943,"main_cat IN ('All Electronics', 'Books', 'Sports & Outdoors')"
807,0.952472,21,1.0,0.94772,post_filter,True,0.8824,1.0,0.970586,1.0,0.950006,25.3436,"overall IN (1,3,4,5)"
808,0.389743,11,0.6561,0.929398,post_filter,False,1.0391,1.0,0.965364,0.6561,0.932994,25.0845,overall<=4.0
809,0.751008,19,0.59049,0.888721,post_filter,False,0.8581,1.0,0.971397,0.59049,0.896989,25.1936,"overall IN (1,2,5)"
810,0.230635,3,0.686171,0.793757,post_filter,False,1.0054,0.8,0.173324,0.686171,0.731713,25.586,"main_cat IN ('Camera & Photo', 'Camera &amp; Photo', 'Cell Phones &amp; Accessories')"
811,0.821657,20,0.59049,0.909995,post_filter,False,0.9321,1.0,0.968931,0.59049,0.915888,25.3785,"overall IN (1,2,3,5)"
812,0.610257,18,0.531441,0.951901,post_filter,False,0.8988,1.0,0.97004,0.531441,0.953715,25.3241,overall>=5.0
813,0.180604,1,0.656137,0.598062,pre_filter,False,10.2411,1.0,0.658629,0.656386,0.598062,25.6144,"main_cat IN ('Camera & Photo', 'Computers', 'Cell Phones &amp; Accessories')"
814,0.180604,1,0.656386,0.598062,pre_filter,False,10.333,1.0,0.655568,0.656304,0.598062,25.1717,"main_cat IN ('Camera & Photo', 'Computers', 'Cell Phones &amp; Accessories')"
815,0.881823,20,0.59049,0.915888,post_filter,False,0.7607,1.0,0.974643,0.59049,0.921764,25.2323,"overall IN (1,4,5)"
816,0.680906,18,0.531441,0.953715,post_filter,False,0.938,1.0,0.968732,0.531441,0.955217,25.385,"overall IN (3,5)"
817,0.230635,3,0.686171,0.731713,post_filter,False,0.4481,0.0,0.0,0.686171,0.658542,25.6682,"main_cat IN ('Camera & Photo', 'Camera &amp; Photo', 'Cell Phones &amp; Accessories')"
818,0.952472,21,1.0,0.950006,post_filter,True,0.4296,1.0,0.985679,1.0,0.953574,25.2395,"overall IN (1,3,4,5)"
819,0.680906,18,0.531441,0.955217,post_filter,False,0.8365,1.0,0.972118,0.531441,0.956907,25.4304,"overall IN (3,5)"
820,0.7886,19,0.59049,0.896989,post_filter,False,0.846,1.0,0.971801,0.59049,0.90447,25.1616,overall>=4.0
821,0.230635,3,0.686171,0.658542,pre_filter,False,12.8892,1.0,0.57036,0.67459,0.658542,25.1995,"main_cat IN ('Camera & Photo', 'Camera &amp; Photo', 'Cell Phones &amp; Accessories')"
822,0.140751,1,0.656304,0.598062,post_filter,False,1.12,1.0,0.962665,0.656304,0.634523,25.1505,overall<=2.0
823,0.12068,1,0.656304,0.634523,post_filter,False,0.6219,1.0,0.979271,0.656304,0.668997,25.4079,"main_cat IN ('Camera &amp; Photo', 'Cell Phones &amp; Accessories', 'Tools & Home Improvement')"
824,0.728433,19,0.59049,0.90447,post_filter,False,0.8609,1.0,0.971304,0.59049,0.911153,25.077,"overall IN (2,3,5)"
825,0.821657,20,0.59049,0.921764,post_filter,False,1.0258,1.0,0.965806,0.59049,0.926168,25.3315,"overall IN (1,2,3,5)"
826,0.70348,19,0.59049,0.911153,post_filter,False,0.4463,1.0,0.985122,0.59049,0.91855,25.4741,"overall IN (1,5)"
827,0.210713,2,0.723888,0.713484,post_filter,False,0.8033,1.0,0.973224,0.723888,0.739458,25.5365,"main_cat IN ('Camera & Photo', 'Camera &amp; Photo')"
828,0.210713,2,0.723888,0.739458,post_filter,False,0.9053,0.9,0.564784,0.723888,0.72199,25.7154,"main_cat IN ('Camera & Photo', 'Camera &amp; Photo')"
829,0.073033,0,0.840477,0.684641,pre_filter,False,3.9439,1.0,0.868536,0.843283,0.684641,25.3325,brand='Tiffen'
830,0.774129,19,0.59049,0.91855,post_filter,False,0.6437,1.0,0.978543,0.59049,0.92455,25.2694,"overall IN (1,3,5)"
831,0.929351,21,1.0,0.953574,post_filter,True,0.3169,0.8,0.17744,1.0,0.87596,25.1667,"overall IN (1,2,4,5)"
832,0.658182,18,0.531441,0.956907,post_filter,False,0.6357,1.0,0.97881,0.531441,0.959097,25.4256,verified=true AND overall>=3.0
833,0.210713,2,0.723888,0.72199,post_filter,False,1.0195,1.0,0.966018,0.723888,0.746393,25.5387,"main_cat IN ('Camera & Photo', 'Camera &amp; Photo')"
834,0.751008,19,0.59049,0.92455,post_filter,False,0.9631,1.0,0.967897,0.59049,0.928884,25.1456,"overall IN (1,2,5)"
835,0.210713,2,0.723888,0.746393,post_filter,False,0.7378,0.9,0.568036,0.723888,0.728557,25.3768,"main_cat IN ('Camera & Photo', 'Camera &amp; Photo')"
836,0.073033,0,0.843283,0.684641,pre_filter,False,3.9124,1.0,0.869587,0.845913,0.684641,25.1543,brand='Tiffen'
837,0.12068,1,0.656304,0.668997,post_filter,False,0.9488,0.8,0.173663,0.656304,0.619464,25.3394,"main_cat IN ('Camera &amp; Photo', 'Cell Phones &amp; Accessories', 'Tools & Home Improvement')"
838,0.339351,8,0.801599,0.889321,post_filter,False,0.9862,1.0,0.967125,0.801599,0.897101,25.2468,"main_cat IN ('Home Audio & Theater', 'Camera &amp; Photo', 'Sports & Outdoors')"
839,0.270385,5,0.573896,0.551566,pre_filter,False,15.343,1.0,0.488567,0.565363,0.551566,25.2326,"main_cat IN ('Home Audio & Theater', 'Books', 'Tools & Home Improvement')"
840,0.7886,19,0.59049,0.928884,post_filter,False,0.6613,1.0,0.977956,0.59049,0.933791,25.58,overall>=4.0
841,0.610257,18,0.531441,0.959097,post_filter,False,0.5159,1.0,0.982804,0.531441,0.961468,25.3745,overall>=5.0
842,0.12068,1,0.656304,0.619464,pre_filter,False,7.0174,1.0,0.766088,0.667283,0.619464,25.079,"main_cat IN ('Camera &amp; Photo', 'Cell Phones &amp; Accessories', 'Tools & Home Improvement')"
843,0.774129,19,0.59049,0.933791,post_filter,False,1.0489,1.0,0.965036,0.59049,0.936916,25.2657,"overall IN (1,3,5)"
844,0.836128,20,0.59049,0.926168,post_filter,False,0.7933,1.0,0.973556,0.59049,0.930907,25.2119,"overall IN (2,4,5)"
845,0.140751,1,0.667283,0.619464,post_filter,False,1.0016,1.0,0.966614,0.667283,0.654179,25.2667,overall<=2.0
846,0.050727,0,0.845913,0.684641,pre_filter,False,2.8096,1.0,0.906346,0.851956,0.684641,25.2875,"main_cat IN ('Computers', 'Tools & Home Improvement')"
847,0.680906,18,0.531441,0.961468,post_filter,False,0.8136,1.0,0.972879,0.531441,0.962609,25.1248,"overall IN (3,5)"
848,0.952472,21,1.0,0.87596,post_filter,True,1.0065,1.0,0.96645,1.0,0.885009,25.0226,"overall IN (1,3,4,5)"
849,0.160682,1,0.667283,0.654179,pre_filter,False,9.212,1.0,0.692933,0.669848,0.654179,28.931,"main_cat IN ('Camera & Photo', 'Computers')"
850,0.339351,8,0.801599,0.897101,post_filter,False,1.7478,1.0,0.941742,0.801599,0.901565,29.0785,"main_cat IN ('Home Audio & Theater', 'Camera &amp; Photo', 'Sports & Outdoors')"
851,0.751008,19,0.59049,0.936916,post_filter,False,0.8072,1.0,0.973093,0.59049,0.940534,25.2541,"overall IN (1,2,5)"
852,0.952472,21,1.0,0.885009,post_filter,True,0.8046,1.0,0.973179,1.0,0.893826,25.2363,"overall IN (1,3,4,5)"
853,0.929351,21,1.0,0.893826,post_filter,True,0.8699,1.0,0.971003,1.0,0.901544,25.0351,"overall IN (1,2,4,5)"
854,0.929351,21,1.0,0.901544,post_filter,True,0.9215,1.0,0.969285,1.0,0.908318,25.0651,"overall IN (1,2,4,5)"
855,0.610257,18,0.531441,0.962609,post_filter,False,0.9727,1.0,0.967575,0.531441,0.963106,25.2625,overall>=5.0
856,0.610257,18,0.531441,0.963106,post_filter,False,0.6727,1.0,0.977576,0.531441,0.964553,25.1241,overall>=5.0
857,0.751008,19,0.59049,0.940534,post_filter,False,0.8727,1.0,0.97091,0.59049,0.943571,25.0511,"overall IN (1,2,5)"
858,0.180604,1,0.669848,0.654179,pre_filter,False,11.0133,1.0,0.63289,0.666152,0.654179,25.6288,"main_cat IN ('Camera & Photo', 'Computers', 'Cell Phones &amp; Accessories')"
859,0.836128,20,0.59049,0.930907,post_filter,False,0.7192,1.0,0.976026,0.59049,0.935419,25.248,"overall IN (2,4,5)"
860,0.248992,4,0.717335,0.91089,post_filter,False,0.8819,1.0,0.970604,0.717335,0.916861,25.1031,"overall IN (3,4)"
861,0.270385,5,0.565363,0.551566,post_filter,False,0.9746,1.0,0.967514,0.565363,0.593161,25.1968,"main_cat IN ('Home Audio & Theater', 'Books', 'Tools & Home Improvement')"
862,0.248992,4,0.717335,0.916861,post_filter,False,0.8441,1.0,0.971864,0.717335,0.922361,25.186,"overall IN (3,4)"
863,0.751008,19,0.59049,0.943571,post_filter,False,0.9896,1.0,0.967013,0.59049,0.945915,25.6485,"overall IN (1,2,5)"
864,0.073033,0,0.851956,0.684641,pre_filter,False,4.0507,1.0,0.864976,0.853258,0.684641,25.6197,brand='Tiffen'
865,0.952472,21,1.0,0.908318,post_filter,True,0.7818,1.0,0.97394,1.0,0.91488,25.1137,"overall IN (1,3,4,5)"
866,0.836128,20,0.59049,0.935419,post_filter,False,0.8914,1.0,0.970287,0.59049,0.938906,25.474,"overall IN (2,4,5)"
867,0.092237,0,0.853258,0.684641,pre_filter,False,5.5918,1.0,0.813607,0.849293,0.684641,25.3735,main_cat='Home Audio &amp; Theater' AND overall>=3.0
868,0.751008,19,0.59049,0.945915,post_filter,False,0.4415,0.8,0.176696,0.59049,0.868993,25.3735,"overall IN (1,2,5)"
869,0.70348,19,0.59049,0.868993,post_filter,False,0.6938,1.0,0.976875,0.59049,0.879782,25.4471,"overall IN (1,5)"
870,0.210713,2,0.723888,0.728557,pre_filter,False,11.5668,1.0,0.614442,0.712943,0.728557,25.4264,"main_cat IN ('Camera & Photo', 'Camera &amp; Photo')"
871,0.680906,18,0.531441,0.964553,post_filter,False,0.9057,1.0,0.969811,0.531441,0.965079,25.6145,"overall IN (3,5)"
872,0.821657,20,0.59049,0.938906,post_filter,False,0.1237,0.0,0.0,0.59049,0.845015,25.124,"overall IN (1,2,3,5)"
873,0.821657,20,0.59049,0.845015,post_filter,False,0.6996,1.0,0.976681,0.59049,0.858182,25.6186,"overall IN (1,2,3,5)"
874,0.906777,21,1.0,0.91488,post_filter,True,0.8688,1.0,0.97104,1.0,0.920496,25.0204,overall>=2.0
875,0.952472,21,1.0,0.920496,post_filter,True,0.9925,1.0,0.966918,1.0,0.925138,25.207,"overall IN (1,3,4,5)"
876,0.073033,0,0.849293,0.684641,pre_filter,False,3.913,1.0,0.869567,0.851321,0.684641,25.2807,brand='Tiffen'
877,0.952472,21,1.0,0.925138,post_filter,True,1.023,1.0,0.965899,1.0,0.929214,25.076,"overall IN (1,3,4,5)"
878,0.952472,21,1.0,0.929214,post_filter,True,0.8265,1.0,0.97245,1.0,0.933538,25.4189,"overall IN (1,3,4,5)"
879,0.160682,1,0.666152,0.654179,pre_filter,False,9.1852,1.0,0.693825,0.668919,0.654179,25.4518,"main_cat IN ('Camera & Photo', 'Computers')"
880,0.339351,8,0.801599,0.901565,post_filter,False,0.7519,1.0,0.974936,0.801599,0.908902,25.3894,"main_cat IN ('Home Audio & Theater', 'Camera &amp; Photo', 'Sports & Outdoors')"
881,0.929351,21,1.0,0.933538,post_filter,True,0.886,1.0,0.970465,1.0,0.937231,25.3989,"overall IN (1,2,4,5)"
882,0.881823,20,0.59049,0.858182,post_filter,False,0.9851,1.0,0.967164,0.59049,0.86908,25.2738,"overall IN (1,4,5)"
883,0.160682,1,0.668919,0.654179,pre_filter,False,9.2566,1.0,0.691447,0.671172,0.654179,25.241,"main_cat IN ('Camera & Photo', 'Computers')"
884,0.952472,21,1.0,0.937231,post_filter,True,0.2725,0.0,0.0,1.0,0.843508,25.2978,"overall IN (1,3,4,5)"
885,0.952472,21,1.0,0.843508,post_filter,True,0.8776,1.0,0.970746,1.0,0.856231,25.4707,"overall IN (1,3,4,5)"
886,0.073033,0,0.851321,0.684641,pre_filter,False,3.8878,1.0,0.870406,0.853229,0.684641,25.2889,brand='Tiffen'
887,0.881823,20,0.59049,0.86908,post_filter,False,0.8051,1.0,0.973163,0.59049,0.879488,25.3565,"overall IN (1,4,5)"
888,0.319094,7,0.634698,0.873205,post_filter,False,0.8755,1.0,0.970818,0.634698,0.882966,25.3198,"overall IN (1,2,4)"
889,0.859249,20,0.59049,0.879488,post_filter,False,0.951,1.0,0.968301,0.59049,0.888369,25.1194,overall>=3.0
890,0.610257,18,0.531441,0.965079,post_filter,False,0.8112,1.0,0.97296,0.531441,0.965867,25.4478,overall>=5.0
891,0.160682,1,0.671172,0.654179,post_filter,False,1.0627,0.9,0.561727,0.671172,0.644934,25.313,"main_cat IN ('Camera & Photo', 'Computers')"
892,0.952472,21,1.0,0.856231,post_filter,True,0.7412,1.0,0.975292,1.0,0.868137,25.2126,"overall IN (1,3,4,5)"
893,0.821657,20,0.59049,0.888369,post_filter,False,0.3504,1.0,0.988321,0.59049,0.898365,25.1872,"overall IN (1,2,3,5)"
894,0.906777,21,1.0,0.868137,post_filter,True,0.8338,1.0,0.972208,1.0,0.878545,25.2791,overall>=2.0
895,0.952472,21,1.0,0.878545,post_filter,True,0.8216,1.0,0.972613,1.0,0.887951,25.4375,"overall IN (1,3,4,5)"
896,0.248992,4,0.717335,0.922361,post_filter,False,0.9783,1.0,0.967392,0.717335,0.926864,24.9903,"overall IN (3,4)"
897,0.929351,21,1.0,0.887951,post_filter,True,0.4312,1.0,0.985625,1.0,0.897719,25.4775,"overall IN (1,2,4,5)"
898,0.073033,0,0.853229,0.684641,pre_filter,False,3.8946,1.0,0.870179,0.854924,0.684641,25.6241,brand='Tiffen'
899,0.050727,0,0.854924,0.684641,pre_filter,False,2.9764,1.0,0.900786,0.85951,0.684641,25.8537,"main_cat IN ('Computers', 'Tools & Home Improvement')"
900,0.248992,4,0.717335,0.926864,post_filter,False,1.0837,1.0,0.963875,0.717335,0.930565,25.0873,"overall IN (3,4)"
901,0.70348,19,0.59049,0.879782,post_filter,False,0.7367,1.0,0.975442,0.59049,0.889348,25.174,"overall IN (1,5)"
902,0.728433,19,0.59049,0.889348,post_filter,False,0.826,1.0,0.972465,0.59049,0.897659,25.112,"overall IN (2,3,5)"
903,0.12068,1,0.671172,0.644934,pre_filter,False,7.3233,0.9,0.440197,0.648074,0.644934,25.1256,"main_cat IN ('Camera &amp; Photo', 'Cell Phones &amp; Accessories', 'Tools & Home Improvement')"
904,0.952472,21,1.0,0.897719,post_filter,True,1.0091,1.0,0.966364,1.0,0.904583,25.0201,"overall IN (1,3,4,5)"
905,0.270385,5,0.565363,0.593161,post_filter,False,0.6733,1.0,0.977557,0.565363,0.631601,25.3564,"main_cat IN ('Home Audio & Theater', 'Books', 'Tools & Home Improvement')"
906,0.248992,4,0.717335,0.930565,post_filter,False,1.0155,1.0,0.966149,0.717335,0.934124,25.1465,"overall IN (3,4)"
907,0.389743,11,0.6561,0.932994,post_filter,False,0.9786,1.0,0.967379,0.6561,0.936433,25.0112,overall<=4.0
908,0.751008,19,0.59049,0.897659,post_filter,False,0.3692,1.0,0.987693,0.59049,0.906663,25.1921,"overall IN (1,2,5)"
909,0.680906,18,0.531441,0.965867,post_filter,False,0.6884,0.9,0.568994,0.531441,0.926179,25.169,"overall IN (3,5)"
910,0.658182,18,0.531441,0.926179,post_filter,False,1.0257,1.0,0.965811,0.531441,0.930143,25.2656,verified=true AND overall>=3.0
911,0.610257,18,0.531441,0.930143,post_filter,False,0.7773,1.0,0.97409,0.531441,0.934537,25.4053,overall>=5.0
912,0.929351,21,1.0,0.904583,post_filter,True,0.6636,1.0,0.977881,1.0,0.911913,25.3593,"overall IN (1,2,4,5)"
913,0.140751,1,0.648074,0.644934,pre_filter,False,12.1236,1.0,0.595881,0.642855,0.644934,25.0869,overall<=2.0
914,0.906777,21,1.0,0.911913,post_filter,True,0.7102,1.0,0.976326,1.0,0.918354,25.3515,overall>=2.0
915,0.658182,18,0.531441,0.934537,post_filter,False,0.6456,1.0,0.978481,0.531441,0.938932,25.135,verified=true AND overall>=3.0
916,0.389743,11,0.6561,0.936433,post_filter,False,0.73,1.0,0.975667,0.6561,0.940356,25.1652,overall<=4.0
917,0.230635,3,0.67459,0.658542,pre_filter,False,12.6883,0.9,0.336053,0.640736,0.658542,25.2988,"main_cat IN ('Camera & Photo', 'Camera &amp; Photo', 'Cell Phones &amp; Accessories')"
918,0.180604,1,0.642855,0.644934,pre_filter,False,10.2974,1.0,0.656754,0.644245,0.644934,24.9826,"main_cat IN ('Camera & Photo', 'Computers', 'Cell Phones &amp; Accessories')"
919,0.859249,20,0.59049,0.898365,post_filter,False,1.0071,1.0,0.966431,0.59049,0.905171,25.2299,overall>=3.0
920,0.12068,1,0.644245,0.644934,post_filter,False,0.9434,1.0,0.968553,0.644245,0.677296,25.3433,"main_cat IN ('Camera &amp; Photo', 'Cell Phones &amp; Accessories', 'Tools & Home Improvement')"
921,0.270385,5,0.565363,0.631601,post_filter,False,0.8593,0.8,0.174198,0.565363,0.58586,25.5785,"main_cat IN ('Home Audio & Theater', 'Books', 'Tools & Home Improvement')"
922,0.160682,1,0.644245,0.677296,post_filter,False,0.8277,1.0,0.972411,0.644245,0.706807,25.2102,"main_cat IN ('Camera & Photo', 'Computers')"
923,0.821657,20,0.59049,0.905171,post_filter,False,1.1903,1.0,0.960322,0.59049,0.910686,24.9811,"overall IN (1,2,3,5)"
924,0.389743,11,0.6561,0.940356,post_filter,False,1.0212,1.0,0.96596,0.6561,0.942917,25.2051,overall<=4.0
925,0.751008,19,0.59049,0.906663,post_filter,False,0.9195,1.0,0.96935,0.59049,0.912931,25.0357,"overall IN (1,2,5)"
926,0.230635,3,0.640736,0.658542,post_filter,False,0.9287,0.7,0.045718,0.640736,0.59726,25.3944,"main_cat IN ('Camera & Photo', 'Camera &amp; Photo', 'Cell Phones &amp; Accessories')"
927,0.7886,19,0.59049,0.912931,post_filter,False,1.0322,1.0,0.965594,0.59049,0.918198,25.3486,overall>=4.0
928,0.160682,1,0.644245,0.706807,post_filter,False,0.3295,1.0,0.989017,0.644245,0.735028,25.4285,"main_cat IN ('Camera & Photo', 'Computers')"
929,0.050727,0,0.85951,0.684641,pre_filter,False,2.9321,1.0,0.902264,0.863786,0.684641,25.425,"main_cat IN ('Computers', 'Tools & Home Improvement')"
930,0.821657,20,0.59049,0.910686,post_filter,False,0.8431,1.0,0.971897,0.59049,0.916807,25.2422,"overall IN (1,2,3,5)"
931,0.270385,5,0.565363,0.58586,post_filter,False,0.8874,0.9,0.565131,0.565363,0.583788,25.3522,"main_cat IN ('Home Audio & Theater', 'Books', 'Tools & Home Improvement')"
932,0.859249,20,0.59049,0.916807,post_filter,False,0.8395,1.0,0.972017,0.59049,0.922328,25.0396,overall>=3.0
933,0.248992,4,0.717335,0.934124,post_filter,False,0.1378,0.1,0.0,0.717335,0.840711,25.3972,"overall IN (3,4)"
934,0.70348,19,0.59049,0.918198,post_filter,False,0.9618,1.0,0.967939,0.59049,0.923172,25.4622,"overall IN (1,5)"
935,0.774129,19,0.59049,0.923172,post_filter,False,0.873,1.0,0.970901,0.59049,0.927945,25.2852,"overall IN (1,3,5)"
936,0.836128,20,0.59049,0.922328,post_filter,False,0.8491,1.0,0.971697,0.59049,0.927265,25.495,"overall IN (2,4,5)"
937,0.180604,1,0.644245,0.735028,post_filter,False,0.896,1.0,0.970135,0.644245,0.758539,25.4197,"main_cat IN ('Camera & Photo', 'Computers', 'Cell Phones &amp; Accessories')"
938,0.160682,1,0.644245,0.758539,pre_filter,False,9.3374,0.9,0.401101,0.619931,0.758539,25.4457,"main_cat IN ('Camera & Photo', 'Computers')"
939,0.728433,19,0.59049,0.927945,post_filter,False,0.8287,1.0,0.972376,0.59049,0.932388,25.2808,"overall IN (2,3,5)"
940,0.906777,21,1.0,0.918354,post_filter,True,0.942,1.0,0.9686,1.0,0.923379,25.4029,overall>=2.0
941,0.751008,19,0.59049,0.932388,post_filter,False,0.834,1.0,0.972201,0.59049,0.936369,25.2769,"overall IN (1,2,5)"
942,0.929351,21,1.0,0.923379,post_filter,True,0.9306,1.0,0.968979,1.0,0.927939,25.2061,"overall IN (1,2,4,5)"
943,0.319094,7,0.634698,0.882966,post_filter,False,0.678,0.9,0.569195,0.634698,0.851589,25.3981,"overall IN (1,2,4)"
944,0.881823,20,0.59049,0.927265,post_filter,False,0.825,1.0,0.972501,0.59049,0.931789,25.5052,"overall IN (1,4,5)"
945,0.339351,8,0.801599,0.908902,post_filter,False,0.4534,0.0,0.0,0.801599,0.818012,25.2093,"main_cat IN ('Home Audio & Theater', 'Camera &amp; Photo', 'Sports & Outdoors')"
946,0.658182,18,0.531441,0.938932,post_filter,False,0.9076,1.0,0.969747,0.531441,0.942013,25.3066,verified=true AND overall>=3.0
947,0.270385,5,0.565363,0.583788,pre_filter,False,15.433,1.0,0.485567,0.557384,0.583788,25.1952,"main_cat IN ('Home Audio & Theater', 'Books', 'Tools & Home Improvement')"
948,0.092237,0,0.863786,0.684641,pre_filter,False,5.7638,1.0,0.807874,0.858194,0.684641,25.2366,main_cat='Home Audio &amp; Theater' AND overall>=3.0
949,0.319094,7,0.634698,0.851589,post_filter,False,0.7007,1.0,0.976643,0.634698,0.864094,25.4447,"overall IN (1,2,4)"
950,0.774129,19,0.59049,0.936369,post_filter,False,0.134,0.0,0.0,0.59049,0.842732,25.1505,"overall IN (1,3,5)"
951,0.12068,1,0.619931,0.758539,post_filter,False,0.8046,1.0,0.973181,0.619931,0.780003,25.3005,"main_cat IN ('Camera &amp; Photo', 'Cell Phones &amp; Accessories', 'Tools & Home Improvement')"
952,0.160682,1,0.619931,0.780003,post_filter,False,0.974,1.0,0.967532,0.619931,0.798756,25.2088,"main_cat IN ('Camera & Photo', 'Computers')"
953,0.140751,1,0.619931,0.798756,post_filter,False,0.8568,1.0,0.97144,0.619931,0.816024,25.1758,overall<=2.0
954,0.610257,18,0.531441,0.942013,post_filter,False,0.4238,1.0,0.985874,0.531441,0.946399,25.2145,overall>=5.0
955,0.270385,5,0.557384,0.583788,post_filter,False,1.0034,1.0,0.966554,0.557384,0.622064,25.0898,"main_cat IN ('Home Audio & Theater', 'Books', 'Tools & Home Improvement')"
956,0.952472,21,1.0,0.927939,post_filter,True,0.9798,1.0,0.967339,1.0,0.931879,25.1783,"overall IN (1,3,4,5)"
957,0.210713,2,0.712943,0.728557,post_filter,False,0.3286,1.0,0.989046,0.712943,0.754606,25.2497,"main_cat IN ('Camera & Photo', 'Camera &amp; Photo')"
958,0.050727,0,0.858194,0.684641,pre_filter,False,2.7901,1.0,0.906996,0.863075,0.684641,25.3661,"main_cat IN ('Computers', 'Tools & Home Improvement')"
959,0.230635,3,0.640736,0.59726,post_filter,False,0.9058,1.0,0.969806,0.640736,0.634514,25.2493,"main_cat IN ('Camera & Photo', 'Camera &amp; Photo', 'Cell Phones &amp; Accessories')"
960,0.319094,7,0.634698,0.864094,post_filter,False,0.7755,1.0,0.974151,0.634698,0.8751,25.068,"overall IN (1,2,4)"
961,0.210713,2,0.712943,0.754606,post_filter,False,0.6514,1.0,0.978286,0.712943,0.776974,25.4031,"main_cat IN ('Camera & Photo', 'Camera &amp; Photo')"
962,0.389743,11,0.6561,0.942917,pre_filter,False,30.2414,1.0,0.0,0.59049,0.942917,25.0522,overall<=4.0
963,0.836128,20,0.59049,0.931789,post_filter,False,0.8856,1.0,0.970479,0.59049,0.935658,25.2428,"overall IN (2,4,5)"
964,0.230635,3,0.640736,0.634514,post_filter,False,0.4254,0.0,0.0,0.640736,0.571063,25.2918,"main_cat IN ('Camera & Photo', 'Camera &amp; Photo', 'Cell Phones &amp; Accessories')"
965,0.270385,5,0.557384,0.622064,post_filter,False,0.8753,0.9,0.565365,0.557384,0.616394,25.0675,"main_cat IN ('Home Audio & Theater', 'Books', 'Tools & Home Improvement')"
966,0.248992,4,0.717335,0.840711,post_filter,False,0.2913,1.0,0.99029,0.717335,0.855669,25.2084,"overall IN (3,4)"
967,0.70348,19,0.59049,0.842732,post_filter,False,0.659,1.0,0.978032,0.59049,0.856262,25.43,"overall IN (1,5)"
968,0.821657,20,0.59049,0.935658,post_filter,False,0.8508,1.0,0.971639,0.59049,0.939256,24.912,"overall IN (1,2,3,5)"
969,0.70348,19,0.59049,0.856262,post_filter,False,0.4373,1.0,0.985425,0.59049,0.869179,25.1796,"overall IN (1,5)"
970,0.050727,0,0.863075,0.684641,pre_filter,False,2.8085,1.0,0.906385,0.867406,0.684641,25.1538,"main_cat IN ('Computers', 'Tools & Home Improvement')"
971,0.230635,3,0.640736,0.571063,pre_filter,False,12.7471,1.0,0.575096,0.634172,0.571063,25.0751,"main_cat IN ('Camera & Photo', 'Camera &amp; Photo', 'Cell Phones &amp; Accessories')"
972,0.751008,19,0.59049,0.869179,post_filter,False,0.8575,1.0,0.971415,0.59049,0.879402,25.2443,"overall IN (1,2,5)"
973,0.300422,7,0.634698,0.8751,post_filter,False,0.345,0.9,0.575659,0.634698,0.845156,25.3285,"main_cat IN ('All Electronics', 'Books', 'Sports & Outdoors')"
974,0.7886,19,0.59049,0.879402,post_filter,False,0.8309,1.0,0.972304,0.59049,0.888692,25.1726,overall>=4.0
975,0.210713,2,0.712943,0.776974,post_filter,False,1.3933,0.6,0.00963,0.712943,0.70024,25.4395,"main_cat IN ('Camera & Photo', 'Camera &amp; Photo')"
976,0.073033,0,0.867406,0.684641,pre_filter,False,3.9596,0.9,0.505494,0.831214,0.684641,27.3978,brand='Tiffen'
977,0.774129,19,0.59049,0.888692,post_filter,False,1.1368,1.0,0.962108,0.59049,0.896034,30.3557,"overall IN (1,3,5)"
978,0.12068,1,0.619931,0.816024,post_filter,False,0.8312,1.0,0.972292,0.619931,0.831651,25.259,"main_cat IN ('Camera &amp; Photo', 'Cell Phones &amp; Accessories', 'Tools & Home Improvement')"
979,0.389743,11,0.59049,0.942917,post_filter,False,0.8527,1.0,0.971578,0.59049,0.945783,25.2547,overall<=4.0
980,0.248992,4,0.717335,0.855669,pre_filter,False,20.444,1.0,0.318533,0.677455,0.855669,25.481,"overall IN (3,4)"
981,0.160682,1,0.619931,0.831651,post_filter,False,0.9881,1.0,0.967063,0.619931,0.845192,25.4624,"main_cat IN ('Camera & Photo', 'Computers')"
982,0.319094,7,0.634698,0.845156,post_filter,False,0.2457,0.8,0.177866,0.634698,0.778427,25.3393,"overall IN (1,2,4)"
983,0.774129,19,0.59049,0.896034,post_filter,False,0.7297,1.0,0.975676,0.59049,0.903998,25.6504,"overall IN (1,3,5)"
984,0.658182,18,0.531441,0.946399,post_filter,False,0.5233,0.8889,0.505355,0.531441,0.902295,25.4617,verified=true AND overall>=3.0
985,0.952472,21,1.0,0.931879,post_filter,True,0.5833,1.0,0.980556,1.0,0.936747,25.6735,"overall IN (1,3,4,5)"
986,0.929351,21,1.0,0.936747,post_filter,True,0.6118,1.0,0.979606,1.0,0.941032,25.0284,"overall IN (1,2,4,5)"
987,0.929351,21,1.0,0.941032,post_filter,True,0.936,1.0,0.968801,1.0,0.943809,25.8083,"overall IN (1,2,4,5)"
988,0.7886,19,0.59049,0.903998,post_filter,False,0.9096,1.0,0.969681,0.59049,0.910566,26.9693,overall>=4.0
989,0.836128,20,0.59049,0.939256,post_filter,False,0.9127,1.0,0.969578,0.59049,0.942288,26.9053,"overall IN (2,4,5)"
990,0.248992,4,0.677455,0.855669,post_filter,False,0.5043,0.9,0.572567,0.677455,0.827359,26.7099,"overall IN (3,4)"
991,0.7886,19,0.59049,0.910566,post_filter,False,0.6708,1.0,0.97764,0.59049,0.917274,27.016,overall>=4.0
992,0.12068,1,0.619931,0.845192,post_filter,False,1.0992,1.0,0.963361,0.619931,0.857009,27.0635,"main_cat IN ('Camera &amp; Photo', 'Cell Phones &amp; Accessories', 'Tools & Home Improvement')"
993,0.751008,19,0.59049,0.917274,post_filter,False,0.891,1.0,0.970301,0.59049,0.922577,26.0842,"overall IN (1,2,5)"
994,0.952472,21,1.0,0.943809,post_filter,True,0.8753,1.0,0.970822,1.0,0.946511,25.216,"overall IN (1,3,4,5)"
995,0.248992,4,0.677455,0.827359,post_filter,False,0.7339,1.0,0.975537,0.677455,0.842177,25.545,"overall IN (3,4)"
996,0.300422,7,0.634698,0.778427,post_filter,False,0.7252,1.0,0.975828,0.634698,0.798167,25.2159,"main_cat IN ('All Electronics', 'Books', 'Sports & Outdoors')"
997,0.728433,19,0.59049,0.922577,post_filter,False,0.733,1.0,0.975568,0.59049,0.927876,25.3829,"overall IN (2,3,5)"
998,0.210713,2,0.712943,0.70024,post_filter,False,1.2684,0.9,0.557735,0.712943,0.685989,25.5522,"main_cat IN ('Camera & Photo', 'Camera &amp; Photo')"
999,0.210713,2,0.712943,0.685989,pre_filter,False,11.5397,1.0,0.615342,0.703183,0.685989,25.3927,"main_cat IN ('Camera & Photo', 'Camera &amp; Photo')"
1000,0.140751,1,0.619931,0.857009,post_filter,False,0.9265,1.0,0.969118,0.619931,0.86822,25.1787,overall<=2.0
1001,0.610257,18,0.531441,0.902295,post_filter,False,0.7517,1.0,0.974943,0.531441,0.90956,25.4358,overall>=5.0
1002,0.140751,1,0.619931,0.86822,post_filter,False,0.6074,1.0,0.979754,0.619931,0.879373,25.5004,overall<=2.0
1003,0.389743,11,0.59049,0.945783,post_filter,False,0.3277,0.2,0.0,0.59049,0.851204,25.3579,overall<=4.0
1004,0.821657,20,0.59049,0.942288,post_filter,False,1.005,1.0,0.966499,0.59049,0.944709,25.2343,"overall IN (1,2,3,5)"
1005,0.728433,19,0.59049,0.927876,post_filter,False,0.9005,1.0,0.969982,0.59049,0.932086,25.1342,"overall IN (2,3,5)"
1006,0.300422,7,0.634698,0.798167,post_filter,False,0.9611,1.0,0.967963,0.634698,0.815147,25.2207,"main_cat IN ('All Electronics', 'Books', 'Sports & Outdoors')"
1007,0.339351,8,0.801599,0.818012,post_filter,False,0.4522,0.9,0.573579,0.801599,0.793569,25.1689,"main_cat IN ('Home Audio & Theater', 'Camera &amp; Photo', 'Sports & Outdoors')"
1008,0.7886,19,0.59049,0.932086,post_filter,False,0.9604,1.0,0.967987,0.59049,0.935676,25.1322,overall>=4.0
1009,0.680906,18,0.531441,0.90956,post_filter,False,0.9174,1.0,0.969421,0.531441,0.915546,25.3098,"overall IN (3,5)"
1010,0.952472,21,1.0,0.946511,post_filter,True,0.8389,1.0,0.972036,1.0,0.949063,25.1936,"overall IN (1,3,4,5)"
1011,0.610257,18,0.531441,0.915546,post_filter,False,0.9462,1.0,0.968458,0.531441,0.920837,25.1571,overall>=5.0
1012,0.836128,20,0.59049,0.944709,post_filter,False,0.8558,1.0,0.971474,0.59049,0.947386,25.1924,"overall IN (2,4,5)"
1013,0.680906,18,0.531441,0.920837,post_filter,False,0.909,1.0,0.969699,0.531441,0.925723,25.0889,"overall IN (3,5)"
1014,0.859249,20,0.59049,0.947386,post_filter,False,0.747,1.0,0.975101,0.59049,0.950157,25.1745,overall>=3.0
1015,0.774129,19,0.59049,0.935676,post_filter,False,0.3531,1.0,0.988231,0.59049,0.940932,25.3308,"overall IN (1,3,5)"
1016,0.881823,20,0.59049,0.950157,post_filter,False,0.6227,1.0,0.979244,0.59049,0.953066,25.4304,"overall IN (1,4,5)"
1017,0.180604,1,0.619931,0.879373,post_filter,False,0.4416,1.0,0.985281,0.619931,0.889964,25.173,"main_cat IN ('Camera & Photo', 'Computers', 'Cell Phones &amp; Accessories')"
1018,0.836128,20,0.59049,0.953066,post_filter,False,0.5124,1.0,0.982921,0.59049,0.956051,25.2176,"overall IN (2,4,5)"
1019,0.210713,2,0.703183,0.685989,pre_filter,False,11.637,1.0,0.612101,0.694075,0.685989,25.243,"main_cat IN ('Camera & Photo', 'Camera &amp; Photo')"
1020,0.774129,19,0.59049,0.940932,post_filter,False,0.778,1.0,0.974065,0.59049,0.944245,25.101,"overall IN (1,3,5)"
1021,0.836128,20,0.59049,0.956051,post_filter,False,0.625,1.0,0.979165,0.59049,0.958363,25.3036,"overall IN (2,4,5)"
1022,0.728433,19,0.59049,0.944245,post_filter,False,0.7892,1.0,0.973694,0.59049,0.94719,25.1267,"overall IN (2,3,5)"
1023,0.906777,21,1.0,0.949063,post_filter,True,0.6685,1.0,0.977718,1.0,0.951929,25.4303,overall>=2.0
1024,0.859249,20,0.59049,0.958363,post_filter,False,0.8656,1.0,0.971147,0.59049,0.959641,25.0308,overall>=3.0
1025,0.092237,0,0.831214,0.684641,pre_filter,False,5.6243,1.0,0.812525,0.829345,0.684641,25.128,main_cat='Home Audio &amp; Theater' AND overall>=3.0
1026,0.658182,18,0.531441,0.925723,post_filter,False,0.622,1.0,0.979268,0.531441,0.931078,25.315,verified=true AND overall>=3.0
1027,0.389743,11,0.59049,0.851204,post_filter,False,0.7492,1.0,0.975028,0.59049,0.863587,25.1839,overall<=4.0
1028,0.658182,18,0.531441,0.931078,post_filter,False,0.8866,1.0,0.970446,0.531441,0.935014,25.1511,verified=true AND overall>=3.0
1029,0.7886,19,0.59049,0.94719,post_filter,False,0.7985,1.0,0.973385,0.59049,0.94981,25.1386,overall>=4.0
1030,0.300422,7,0.634698,0.815147,post_filter,False,0.9627,1.0,0.967908,0.634698,0.830423,25.3108,"main_cat IN ('All Electronics', 'Books', 'Sports & Outdoors')"
1031,0.092237,0,0.829345,0.684641,pre_filter,False,5.6592,1.0,0.811361,0.827547,0.684641,25.2367,main_cat='Home Audio &amp; Theater' AND overall>=3.0
1032,0.952472,21,1.0,0.951929,post_filter,True,0.845,1.0,0.971833,1.0,0.953919,25.2941,"overall IN (1,3,4,5)"
1033,0.70348,19,0.59049,0.94981,post_filter,False,0.6715,1.0,0.977615,0.59049,0.95259,25.1491,"overall IN (1,5)"
1034,0.12068,1,0.619931,0.889964,post_filter,False,0.8802,1.0,0.970661,0.619931,0.898034,25.5165,"main_cat IN ('Camera &amp; Photo', 'Cell Phones &amp; Accessories', 'Tools & Home Improvement')"
1035,0.073033,0,0.827547,0.684641,pre_filter,False,3.8921,1.0,0.870263,0.831819,0.684641,25.5279,brand='Tiffen'
1036,0.881823,20,0.59049,0.959641,post_filter,False,0.8945,1.0,0.970183,0.59049,0.960695,25.3228,"overall IN (1,4,5)"
1037,0.680906,18,0.531441,0.935014,post_filter,False,0.4706,0.9,0.573221,0.531441,0.898835,25.4395,"overall IN (3,5)"
1038,0.929351,21,1.0,0.953919,post_filter,True,0.8135,1.0,0.972882,1.0,0.955815,25.2241,"overall IN (1,2,4,5)"
1039,0.658182,18,0.531441,0.898835,post_filter,False,0.6865,1.0,0.977118,0.531441,0.906663,25.3929,verified=true AND overall>=3.0
1040,0.180604,1,0.619931,0.898034,post_filter,False,0.8728,1.0,0.970908,0.619931,0.905321,25.1277,"main_cat IN ('Camera & Photo', 'Computers', 'Cell Phones &amp; Accessories')"
1041,0.70348,19,0.59049,0.95259,post_filter,False,0.7207,1.0,0.975978,0.59049,0.954929,25.484,"overall IN (1,5)"
1042,0.680906,18,0.531441,0.906663,post_filter,False,0.2975,0.4,0.000173,0.531441,0.816014,25.4638,"overall IN (3,5)"
1043,0.140751,1,0.619931,0.905321,post_filter,False,0.9363,1.0,0.96879,0.619931,0.911668,25.0674,overall<=2.0
1044,0.160682,1,0.619931,0.911668,post_filter,False,0.8687,1.0,0.971044,0.619931,0.917606,25.8935,"main_cat IN ('Camera & Photo', 'Computers')"
1045,0.270385,5,0.557384,0.616394,post_filter,False,0.8295,1.0,0.972351,0.557384,0.65199,25.0148,"main_cat IN ('Home Audio & Theater', 'Books', 'Tools & Home Improvement')"
1046,0.906777,21,1.0,0.955815,post_filter,True,0.3066,1.0,0.989779,1.0,0.959212,25.49,overall>=2.0
1047,0.658182,18,0.531441,0.816014,post_filter,False,0.1205,0.0,0.0,0.531441,0.734413,39.6003,verified=true AND overall>=3.0
1048,0.389743,11,0.59049,0.863587,post_filter,False,1.0294,0.9,0.562374,0.59049,0.833465,25.8387,overall<=4.0
1049,0.12068,1,0.619931,0.917606,post_filter,False,0.8223,1.0,0.972589,0.619931,0.923104,25.2676,"main_cat IN ('Camera &amp; Photo', 'Cell Phones &amp; Accessories', 'Tools & Home Improvement')"
1050,0.774129,19,0.59049,0.954929,post_filter,False,0.5487,1.0,0.98171,0.59049,0.957607,25.3139,"overall IN (1,3,5)"
1051,0.180604,1,0.619931,0.923104,post_filter,False,0.9198,1.0,0.969339,0.619931,0.927728,25.3094,"main_cat IN ('Camera & Photo', 'Computers', 'Cell Phones &amp; Accessories')"
1052,0.7886,19,0.59049,0.957607,post_filter,False,0.4197,0.0,0.0,0.59049,0.861846,25.9445,overall>=4.0
1053,0.70348,19,0.59049,0.861846,post_filter,False,1.1474,1.0,0.961754,0.59049,0.871837,25.3545,"overall IN (1,5)"
1054,0.610257,18,0.531441,0.734413,post_filter,False,1.0189,1.0,0.966038,0.531441,0.757575,25.133,overall>=5.0
1055,0.092237,0,0.831819,0.684641,pre_filter,False,5.5392,1.0,0.815361,0.830173,0.684641,25.5404,main_cat='Home Audio &amp; Theater' AND overall>=3.0
1056,0.929351,21,1.0,0.959212,post_filter,True,0.8709,1.0,0.970971,1.0,0.960388,25.1707,"overall IN (1,2,4,5)"
1057,0.658182,18,0.531441,0.757575,post_filter,False,0.8546,1.0,0.971514,0.531441,0.778969,25.1434,verified=true AND overall>=3.0
1058,0.389743,11,0.59049,0.833465,post_filter,False,0.8873,1.0,0.970425,0.59049,0.847161,25.3461,overall<=4.0
1059,0.859249,20,0.59049,0.960695,post_filter,False,0.7305,1.0,0.97565,0.59049,0.962191,25.3159,overall>=3.0
1060,0.073033,0,0.830173,0.684641,pre_filter,False,7.7013,1.0,0.74329,0.821485,0.684641,26.7214,brand='Tiffen'
1061,0.389743,11,0.59049,0.847161,post_filter,False,1.0362,1.0,0.965461,0.59049,0.858991,25.2402,overall<=4.0
1062,0.140751,1,0.619931,0.927728,post_filter,False,0.7755,1.0,0.974151,0.619931,0.93237,25.3335,overall<=2.0
1063,0.658182,18,0.531441,0.778969,post_filter,False,0.9222,1.0,0.96926,0.531441,0.797998,25.205,verified=true AND overall>=3.0
1064,0.339351,8,0.801599,0.793569,pre_filter,False,22.0203,1.0,0.26599,0.748038,0.793569,25.2902,"main_cat IN ('Home Audio & Theater', 'Camera &amp; Photo', 'Sports & Outdoors')"
1065,0.389743,11,0.59049,0.858991,post_filter,False,0.8114,1.0,0.972953,0.59049,0.870388,25.2596,overall<=4.0
1066,0.70348,19,0.59049,0.871837,post_filter,False,0.9343,1.0,0.968858,0.59049,0.881539,25.2022,"overall IN (1,5)"
1067,0.073033,0,0.821485,0.684641,pre_filter,False,3.9066,1.0,0.869779,0.826314,0.684641,25.522,brand='Tiffen'
1068,0.680906,18,0.531441,0.797998,post_filter,False,0.8672,1.0,0.971093,0.531441,0.815308,25.0773,"overall IN (3,5)"
1069,0.389743,11,0.59049,0.870388,post_filter,False,0.4709,1.0,0.984303,0.59049,0.881779,25.4799,overall<=4.0
1070,0.774129,19,0.59049,0.881539,post_filter,False,0.9865,1.0,0.967117,0.59049,0.890097,25.0887,"overall IN (1,3,5)"
1071,0.859249,20,0.59049,0.962191,post_filter,False,0.7314,1.0,0.975619,0.59049,0.963534,25.1048,overall>=3.0
1072,0.248992,4,0.677455,0.842177,post_filter,False,0.6484,0.9,0.56977,0.677455,0.814936,25.1811,"overall IN (3,4)"
1073,0.821657,20,0.59049,0.963534,post_filter,False,0.3866,1.0,0.987114,0.59049,0.965892,25.3563,"overall IN (1,2,3,5)"
1074,0.050727,0,0.826314,0.684641,pre_filter,False,2.8168,1.0,0.906108,0.834293,0.684641,25.3817,"main_cat IN ('Computers', 'Tools & Home Improvement')"
1075,0.319094,7,0.634698,0.830423,post_filter,False,0.745,1.0,0.975167,0.634698,0.844897,25.1924,"overall IN (1,2,4)"
1076,0.230635,3,0.634172,0.571063,pre_filter,False,12.8157,1.0,0.57281,0.628036,0.571063,25.3171,"main_cat IN ('Camera & Photo', 'Camera &amp; Photo', 'Cell Phones &amp; Accessories')"
1077,0.881823,20,0.59049,0.965892,post_filter,False,0.3959,0.7,0.046556,0.59049,0.873958,25.1528,"overall IN (1,4,5)"
1078,0.050727,0,0.834293,0.684641,pre_filter,False,2.8298,1.0,0.905674,0.841431,0.684641,25.6878,"main_cat IN ('Computers', 'Tools & Home Improvement')"
1079,0.821657,20,0.59049,0.873958,post_filter,False,1.0085,1.0,0.966382,0.59049,0.883201,25.1458,"overall IN (1,2,3,5)"
1080,0.180604,1,0.619931,0.93237,post_filter,False,0.9196,1.0,0.969347,0.619931,0.936068,25.1717,"main_cat IN ('Camera & Photo', 'Computers', 'Cell Phones &amp; Accessories')"
1081,0.70348,19,0.59049,0.890097,post_filter,False,1.0003,1.0,0.966657,0.59049,0.897753,25.1,"overall IN (1,5)"
1082,0.092237,0,0.841431,0.684641,pre_filter,False,5.5633,1.0,0.814556,0.838744,0.684641,25.3773,main_cat='Home Audio &amp; Theater' AND overall>=3.0
1083,0.073033,0,0.838744,0.684641,pre_filter,False,3.9355,1.0,0.868818,0.841751,0.684641,25.907,brand='Tiffen'
1084,0.339351,8,0.748038,0.793569,pre_filter,False,19.4556,1.0,0.351481,0.708383,0.793569,25.0335,"main_cat IN ('Home Audio & Theater', 'Camera &amp; Photo', 'Sports & Outdoors')"
1085,0.300422,7,0.634698,0.844897,post_filter,False,0.8595,1.0,0.971351,0.634698,0.857543,26.3064,"main_cat IN ('All Electronics', 'Books', 'Sports & Outdoors')"
1086,0.7886,19,0.59049,0.897753,post_filter,False,0.3407,0.9,0.575742,0.59049,0.865552,26.5567,overall>=4.0
1087,0.092237,0,0.841751,0.684641,pre_filter,False,5.7829,1.0,0.807236,0.8383,0.684641,25.2898,main_cat='Home Audio &amp; Theater' AND overall>=3.0
1088,0.680906,18,0.531441,0.815308,pre_filter,False,77.2715,1.0,0.0,0.478297,0.815308,25.0772,"overall IN (3,5)"
1089,0.073033,0,0.8383,0.684641,pre_filter,False,3.9703,1.0,0.867658,0.841236,0.684641,25.3974,brand='Tiffen'
1090,0.952472,21,1.0,0.960388,post_filter,True,0.997,1.0,0.966765,1.0,0.961025,25.2127,"overall IN (1,3,4,5)"
1091,0.929351,21,1.0,0.961025,post_filter,True,0.9786,1.0,0.967381,1.0,0.961661,25.3905,"overall IN (1,2,4,5)"
1092,0.092237,0,0.841236,0.684641,pre_filter,False,5.7852,1.0,0.80716,0.837828,0.684641,25.1958,main_cat='Home Audio &amp; Theater' AND overall>=3.0
1093,0.952472,21,1.0,0.961661,post_filter,True,0.6715,1.0,0.977618,1.0,0.963257,25.4718,"overall IN (1,3,4,5)"
1094,0.610257,18,0.478297,0.815308,post_filter,False,0.8305,1.0,0.972318,0.478297,0.831009,25.2031,overall>=5.0
1095,0.073033,0,0.837828,0.684641,pre_filter,False,3.905,1.0,0.869833,0.841029,0.684641,25.6536,brand='Tiffen'
1096,0.248992,4,0.677455,0.814936,post_filter,False,0.992,1.0,0.966932,0.677455,0.830136,25.315,"overall IN (3,4)"
1097,0.339351,8,0.708383,0.793569,post_filter,False,0.6523,1.0,0.978256,0.708383,0.812037,25.3243,"main_cat IN ('Home Audio & Theater', 'Camera &amp; Photo', 'Sports & Outdoors')"
1098,0.160682,1,0.619931,0.936068,post_filter,False,0.6226,1.0,0.979247,0.619931,0.940386,25.3517,"main_cat IN ('Camera & Photo', 'Computers')"
1099,0.836128,20,0.59049,0.883201,post_filter,False,0.8476,1.0,0.971746,0.59049,0.892055,25.3355,"overall IN (2,4,5)"
1100,0.140751,1,0.619931,0.940386,post_filter,False,1.2119,0.0,0.0,0.619931,0.846347,26.8226,overall<=2.0
1101,0.836128,20,0.59049,0.892055,post_filter,False,0.7144,1.0,0.976188,0.59049,0.900468,25.6657,"overall IN (2,4,5)"
1102,0.751008,19,0.59049,0.865552,post_filter,False,0.8478,1.0,0.971742,0.59049,0.876171,27.1907,"overall IN (1,2,5)"
1103,0.821657,20,0.59049,0.900468,post_filter,False,1.335,1.0,0.955501,0.59049,0.905972,32.0786,"overall IN (1,2,3,5)"
1104,0.751008,19,0.59049,0.876171,post_filter,False,0.8179,1.0,0.972737,0.59049,0.885828,25.3647,"overall IN (1,2,5)"
1105,0.339351,8,0.708383,0.812037,post_filter,False,0.8537,1.0,0.971542,0.708383,0.827988,25.2032,"main_cat IN ('Home Audio & Theater', 'Camera &amp; Photo', 'Sports & Outdoors')"
1106,0.300422,7,0.634698,0.857543,post_filter,False,0.5059,1.0,0.983136,0.634698,0.870102,25.5898,"main_cat IN ('All Electronics', 'Books', 'Sports & Outdoors')"
1107,0.929351,21,1.0,0.963257,post_filter,True,1.1088,1.0,0.963042,1.0,0.963235,25.5219,"overall IN (1,2,4,5)"
1108,0.319094,7,0.634698,0.870102,post_filter,False,1.0705,1.0,0.964318,0.634698,0.879523,25.0583,"overall IN (1,2,4)"
1109,0.389743,11,0.59049,0.881779,post_filter,False,0.9628,1.0,0.967908,0.59049,0.890392,25.2207,overall<=4.0
1110,0.906777,21,1.0,0.963235,post_filter,True,0.6845,0.9,0.569068,1.0,0.923819,25.2536,overall>=2.0
1111,0.952472,21,1.0,0.923819,post_filter,True,0.9033,1.0,0.969889,1.0,0.928426,25.1914,"overall IN (1,3,4,5)"
1112,0.952472,21,1.0,0.928426,post_filter,True,0.8224,1.0,0.972587,1.0,0.932842,25.2356,"overall IN (1,3,4,5)"
1113,0.319094,7,0.634698,0.879523,post_filter,False,0.6847,1.0,0.977175,0.634698,0.889289,25.7309,"overall IN (1,2,4)"
1114,0.319094,7,0.634698,0.889289,post_filter,False,0.4588,1.0,0.984706,0.634698,0.89883,25.6987,"overall IN (1,2,4)"
1115,0.092237,0,0.841029,0.684641,pre_filter,False,5.5418,1.0,0.815274,0.838453,0.684641,25.2712,main_cat='Home Audio &amp; Theater' AND overall>=3.0
1116,0.774129,19,0.59049,0.885828,post_filter,False,0.4073,1.0,0.986424,0.59049,0.895887,25.5025,"overall IN (1,3,5)"
1117,0.774129,19,0.59049,0.895887,post_filter,False,0.9178,1.0,0.969406,0.59049,0.903239,25.5815,"overall IN (1,3,5)"
1118,0.906777,21,1.0,0.932842,post_filter,True,0.8246,1.0,0.972514,1.0,0.936809,25.3071,overall>=2.0
1119,0.680906,18,0.478297,0.831009,post_filter,False,0.4377,1.0,0.98541,0.478297,0.846449,25.3121,"overall IN (3,5)"
1120,0.140751,1,0.619931,0.846347,post_filter,False,0.6796,0.7,0.04611,0.619931,0.766323,25.4756,overall<=2.0
1121,0.751008,19,0.59049,0.903239,post_filter,False,0.8069,1.0,0.973103,0.59049,0.910225,25.3069,"overall IN (1,2,5)"
1122,0.906777,21,1.0,0.936809,post_filter,True,0.9289,1.0,0.969037,1.0,0.940032,24.9987,overall>=2.0
1123,0.300422,7,0.634698,0.89883,post_filter,False,0.324,0.9,0.576067,0.634698,0.866554,25.3013,"main_cat IN ('All Electronics', 'Books', 'Sports & Outdoors')"
1124,0.12068,1,0.619931,0.766323,post_filter,False,0.9854,1.0,0.967153,0.619931,0.786406,25.594,"main_cat IN ('Camera &amp; Photo', 'Cell Phones &amp; Accessories', 'Tools & Home Improvement')"
1125,0.160682,1,0.619931,0.786406,post_filter,False,0.6001,1.0,0.979996,0.619931,0.805765,25.187,"main_cat IN ('Camera & Photo', 'Computers')"
1126,0.680906,18,0.478297,0.846449,post_filter,False,0.4262,1.0,0.985792,0.478297,0.860383,25.2366,"overall IN (3,5)"
1127,0.319094,7,0.634698,0.866554,post_filter,False,0.4248,1.0,0.985839,0.634698,0.878483,25.2325,"overall IN (1,2,4)"
1128,0.658182,18,0.478297,0.860383,post_filter,False,0.9676,1.0,0.967746,0.478297,0.871119,25.3643,verified=true AND overall>=3.0
1129,0.140751,1,0.619931,0.805765,post_filter,False,0.9297,0.9,0.564309,0.619931,0.78162,25.2043,overall<=2.0
1130,0.821657,20,0.59049,0.905972,post_filter,False,0.7544,1.0,0.974854,0.59049,0.91286,25.0353,"overall IN (1,2,3,5)"
1131,0.210713,2,0.694075,0.685989,pre_filter,False,11.6472,1.0,0.611758,0.685843,0.685989,24.8962,"main_cat IN ('Camera & Photo', 'Camera &amp; Photo')"
1132,0.881823,20,0.59049,0.91286,post_filter,False,0.5231,1.0,0.982564,0.59049,0.91983,25.4987,"overall IN (1,4,5)"
1133,0.050727,0,0.838453,0.684641,pre_filter,False,2.8519,1.0,0.904936,0.845101,0.684641,25.2184,"main_cat IN ('Computers', 'Tools & Home Improvement')"
1134,0.836128,20,0.59049,0.91983,post_filter,False,0.5466,1.0,0.981781,0.59049,0.926025,25.3045,"overall IN (2,4,5)"
1135,0.050727,0,0.845101,0.684641,pre_filter,False,2.8509,1.0,0.904971,0.851088,0.684641,25.572,"main_cat IN ('Computers', 'Tools & Home Improvement')"
1136,0.248992,4,0.677455,0.830136,post_filter,False,0.4862,0.0,0.0,0.677455,0.747122,25.3216,"overall IN (3,4)"
1137,0.389743,11,0.59049,0.890392,post_filter,False,1.0516,1.0,0.964946,0.59049,0.897847,25.3013,overall<=4.0
1138,0.774129,19,0.59049,0.910225,post_filter,False,0.785,1.0,0.973832,0.59049,0.916586,25.1283,"overall IN (1,3,5)"
1139,0.821657,20,0.59049,0.926025,post_filter,False,0.8712,1.0,0.970961,0.59049,0.930519,25.0614,"overall IN (1,2,3,5)"
1140,0.680906,18,0.478297,0.871119,post_filter,False,0.9214,0.9,0.564471,0.478297,0.840455,25.0773,"overall IN (3,5)"
1141,0.339351,8,0.708383,0.827988,post_filter,False,0.7443,1.0,0.975189,0.708383,0.842708,25.1142,"main_cat IN ('Home Audio & Theater', 'Camera &amp; Photo', 'Sports & Outdoors')"
1142,0.680906,18,0.478297,0.840455,post_filter,False,0.5116,1.0,0.982947,0.478297,0.854704,25.4722,"overall IN (3,5)"
1143,0.319094,7,0.634698,0.878483,post_filter,False,1.0345,1.0,0.965515,0.634698,0.887186,25.1275,"overall IN (1,2,4)"
1144,0.881823,20,0.59049,0.930519,post_filter,False,0.6818,1.0,0.977272,0.59049,0.935194,25.0912,"overall IN (1,4,5)"
1145,0.210713,2,0.685843,0.685989,post_filter,False,1.3573,0.6,0.009642,0.685843,0.618355,25.4759,"main_cat IN ('Camera & Photo', 'Camera &amp; Photo')"
1146,0.210713,2,0.685843,0.618355,pre_filter,False,11.5283,1.0,0.615724,0.678831,0.618355,25.1624,"main_cat IN ('Camera & Photo', 'Camera &amp; Photo')"
1147,0.389743,11,0.59049,0.897847,post_filter,False,1.0325,1.0,0.965582,0.59049,0.904621,25.0356,overall<=4.0
1148,0.300422,7,0.634698,0.887186,post_filter,False,0.9567,1.0,0.968111,0.634698,0.895278,25.3139,"main_cat IN ('All Electronics', 'Books', 'Sports & Outdoors')"
1149,0.140751,1,0.619931,0.78162,post_filter,False,0.7358,1.0,0.975475,0.619931,0.801005,25.2575,overall<=2.0
1150,0.230635,3,0.628036,0.571063,pre_filter,False,12.9111,1.0,0.569631,0.622196,0.571063,25.4695,"main_cat IN ('Camera & Photo', 'Camera &amp; Photo', 'Cell Phones &amp; Accessories')"
1151,0.180604,1,0.619931,0.801005,post_filter,False,1.0449,0.9,0.562073,0.619931,0.777112,25.1618,"main_cat IN ('Camera & Photo', 'Computers', 'Cell Phones &amp; Accessories')"
1152,0.952472,21,1.0,0.940032,post_filter,True,0.5379,1.0,0.982071,1.0,0.944236,25.4479,"overall IN (1,3,4,5)"
1153,0.929351,21,1.0,0.944236,post_filter,True,0.8039,1.0,0.973204,1.0,0.947133,26.5054,"overall IN (1,2,4,5)"
1154,0.821657,20,0.59049,0.935194,post_filter,False,0.123,0.0,0.0,0.59049,0.841675,26.1904,"overall IN (1,2,3,5)"
1155,0.836128,20,0.59049,0.841675,post_filter,False,0.9531,1.0,0.968229,0.59049,0.85433,25.7744,"overall IN (2,4,5)"
1156,0.12068,1,0.619931,0.777112,post_filter,False,0.6485,1.0,0.978385,0.619931,0.797239,26.4134,"main_cat IN ('Camera &amp; Photo', 'Cell Phones &amp; Accessories', 'Tools & Home Improvement')"
1157,0.073033,0,0.851088,0.684641,pre_filter,False,4.0615,1.0,0.864615,0.852441,0.684641,26.4514,brand='Tiffen'
1158,0.859249,20,0.59049,0.85433,post_filter,False,0.4232,1.0,0.985892,0.59049,0.867486,25.999,overall>=3.0
1159,0.774129,19,0.59049,0.916586,post_filter,False,0.8824,1.0,0.970588,0.59049,0.921986,25.2394,"overall IN (1,3,5)"
1160,0.339351,8,0.708383,0.842708,post_filter,False,0.8584,1.0,0.971388,0.708383,0.855576,25.5743,"main_cat IN ('Home Audio & Theater', 'Camera &amp; Photo', 'Sports & Outdoors')"
1161,0.728433,19,0.59049,0.921986,post_filter,False,0.9837,1.0,0.96721,0.59049,0.926509,25.2468,"overall IN (2,3,5)"
1162,0.836128,20,0.59049,0.867486,post_filter,False,0.937,1.0,0.968767,0.59049,0.877614,25.2755,"overall IN (2,4,5)"
1163,0.952472,21,1.0,0.947133,post_filter,True,0.8071,1.0,0.973096,1.0,0.949729,25.2375,"overall IN (1,3,4,5)"
1164,0.929351,21,1.0,0.949729,post_filter,True,0.5399,1.0,0.982003,1.0,0.952956,25.3631,"overall IN (1,2,4,5)"
1165,0.929351,21,1.0,0.952956,post_filter,True,0.7505,1.0,0.974982,1.0,0.955159,25.221,"overall IN (1,2,4,5)"
1166,0.050727,0,0.852441,0.684641,pre_filter,False,3.0199,1.0,0.899338,0.857131,0.684641,25.1374,"main_cat IN ('Computers', 'Tools & Home Improvement')"
1167,0.210713,2,0.678831,0.618355,pre_filter,False,11.6447,1.0,0.611842,0.672132,0.618355,25.5176,"main_cat IN ('Camera & Photo', 'Camera &amp; Photo')"
1168,0.180604,1,0.619931,0.797239,post_filter,False,0.812,1.0,0.972932,0.619931,0.814809,26.0117,"main_cat IN ('Camera & Photo', 'Computers', 'Cell Phones &amp; Accessories')"
1169,0.092237,0,0.857131,0.684641,pre_filter,False,5.8098,1.0,0.806339,0.852051,0.684641,26.5456,main_cat='Home Audio &amp; Theater' AND overall>=3.0
1170,0.12068,1,0.619931,0.814809,post_filter,False,0.4683,1.0,0.98439,0.619931,0.831767,26.5638,"main_cat IN ('Camera &amp; Photo', 'Cell Phones &amp; Accessories', 'Tools & Home Improvement')"
1171,0.728433,19,0.59049,0.926509,post_filter,False,0.9313,1.0,0.968957,0.59049,0.930753,26.5379,"overall IN (2,3,5)"
1172,0.073033,0,0.852051,0.684641,post_filter,False,1.0572,0.9,0.561835,0.852051,0.67236,27.0962,brand='Tiffen'
1173,0.389743,11,0.59049,0.904621,post_filter,False,1.0154,1.0,0.966153,0.59049,0.910774,26.8338,overall<=4.0
1174,0.728433,19,0.59049,0.930753,post_filter,False,0.3977,0.8,0.176957,0.59049,0.855374,25.4906,"overall IN (2,3,5)"
1175,0.774129,19,0.59049,0.855374,post_filter,False,0.715,0.8889,0.502068,0.59049,0.820043,25.5153,"overall IN (1,3,5)"
1176,0.7886,19,0.59049,0.820043,post_filter,False,0.606,1.0,0.979801,0.59049,0.836019,25.3176,overall>=4.0
1177,0.906777,21,1.0,0.955159,post_filter,True,1.0031,1.0,0.966562,1.0,0.956299,25.469,overall>=2.0
1178,0.073033,0,0.852051,0.67236,pre_filter,False,4.1229,1.0,0.862571,0.853103,0.67236,25.2586,brand='Tiffen'
1179,0.210713,2,0.672132,0.618355,pre_filter,False,11.612,1.0,0.612933,0.666212,0.618355,25.1102,"main_cat IN ('Camera & Photo', 'Camera &amp; Photo')"
1180,0.821657,20,0.59049,0.877614,post_filter,False,0.6407,1.0,0.978644,0.59049,0.887717,25.3217,"overall IN (1,2,3,5)"
1181,0.073033,0,0.853103,0.67236,pre_filter,False,4.1381,1.0,0.862064,0.853999,0.67236,25.129,brand='Tiffen'
1182,0.319094,7,0.634698,0.895278,post_filter,False,0.8415,1.0,0.971949,0.634698,0.902945,25.2721,"overall IN (1,2,4)"
1183,0.389743,11,0.59049,0.910774,post_filter,False,0.4518,0.9,0.573587,0.59049,0.877055,25.1293,overall<=4.0
1184,0.210713,2,0.666212,0.618355,pre_filter,False,11.6546,1.0,0.611512,0.660742,0.618355,25.0642,"main_cat IN ('Camera & Photo', 'Camera &amp; Photo')"
1185,0.680906,18,0.478297,0.854704,post_filter,False,0.9923,0.9,0.563094,0.478297,0.825543,25.2718,"overall IN (3,5)"
1186,0.180604,1,0.619931,0.831767,post_filter,False,0.6287,1.0,0.979044,0.619931,0.846494,25.2119,"main_cat IN ('Camera & Photo', 'Computers', 'Cell Phones &amp; Accessories')"
1187,0.836128,20,0.59049,0.887717,post_filter,False,0.9255,1.0,0.96915,0.59049,0.895861,25.0557,"overall IN (2,4,5)"
1188,0.906777,21,1.0,0.956299,post_filter,True,0.8429,1.0,0.971903,1.0,0.95786,25.1807,overall>=2.0
1189,0.836128,20,0.59049,0.895861,post_filter,False,0.7831,1.0,0.973896,0.59049,0.903664,25.1193,"overall IN (2,4,5)"
1190,0.073033,0,0.853999,0.67236,pre_filter,False,4.1075,1.0,0.863082,0.854908,0.67236,25.5358,brand='Tiffen'
1191,0.140751,1,0.619931,0.846494,post_filter,False,0.6933,0.2,0.0,0.619931,0.761845,27.1502,overall<=2.0
1192,0.658182,18,0.478297,0.825543,post_filter,False,0.9236,1.0,0.969212,0.478297,0.83991,25.0313,verified=true AND overall>=3.0
1193,0.248992,4,0.677455,0.747122,post_filter,False,1.0688,1.0,0.964372,0.677455,0.768847,25.2167,"overall IN (3,4)"
1194,0.210713,2,0.660742,0.618355,post_filter,False,1.0765,0.6,0.009737,0.660742,0.557493,25.3212,"main_cat IN ('Camera & Photo', 'Camera &amp; Photo')"
1195,0.881823,20,0.59049,0.903664,post_filter,False,1.0133,1.0,0.966225,0.59049,0.90992,25.1919,"overall IN (1,4,5)"
1196,0.952472,21,1.0,0.95786,post_filter,True,0.4372,1.0,0.985428,1.0,0.960616,25.1962,"overall IN (1,3,4,5)"
1197,0.821657,20,0.59049,0.90992,post_filter,False,0.791,1.0,0.973632,0.59049,0.916291,24.9728,"overall IN (1,2,3,5)"
1198,0.70348,19,0.59049,0.836019,post_filter,False,0.8643,1.0,0.971189,0.59049,0.849536,25.2055,"overall IN (1,5)"
1199,0.270385,5,0.557384,0.65199,post_filter,False,1.0015,1.0,0.966615,0.557384,0.683452,25.0267,"main_cat IN ('Home Audio & Theater', 'Books', 'Tools & Home Improvement')"
1200,0.70348,19,0.59049,0.849536,post_filter,False,0.7009,1.0,0.976636,0.59049,0.862246,25.1231,"overall IN (1,5)"
1201,0.728433,19,0.59049,0.862246,post_filter,False,0.8131,1.0,0.972896,0.59049,0.873311,25.2523,"overall IN (2,3,5)"
1202,0.836128,20,0.59049,0.916291,post_filter,False,0.5147,1.0,0.982844,0.59049,0.922947,25.4659,"overall IN (2,4,5)"
1203,0.774129,19,0.59049,0.873311,post_filter,False,0.7823,1.0,0.973924,0.59049,0.883372,25.222,"overall IN (1,3,5)"
1204,0.881823,20,0.59049,0.922947,post_filter,False,0.7687,1.0,0.974376,0.59049,0.92809,25.2345,"overall IN (1,4,5)"
1205,0.270385,5,0.557384,0.683452,post_filter,False,0.7513,0.9,0.567772,0.557384,0.671884,25.2581,"main_cat IN ('Home Audio & Theater', 'Books', 'Tools & Home Improvement')"
1206,0.210713,2,0.660742,0.557493,pre_filter,False,11.6617,1.0,0.611276,0.655796,0.557493,25.3285,"main_cat IN ('Camera & Photo', 'Camera &amp; Photo')"
1207,0.248992,4,0.677455,0.768847,post_filter,False,0.7373,1.0,0.975422,0.677455,0.789505,25.4968,"overall IN (3,4)"
1208,0.929351,21,1.0,0.960616,post_filter,True,0.9147,1.0,0.969511,1.0,0.961506,25.2109,"overall IN (1,2,4,5)"
1209,0.140751,1,0.619931,0.761845,post_filter,False,0.8605,1.0,0.971315,0.619931,0.782792,25.3982,overall<=2.0
1210,0.774129,19,0.59049,0.883372,post_filter,False,0.8157,1.0,0.972808,0.59049,0.892316,25.5317,"overall IN (1,3,5)"
1211,0.658182,18,0.478297,0.83991,post_filter,False,0.8838,0.9,0.5652,0.478297,0.812439,26.4126,verified=true AND overall>=3.0
1212,0.210713,2,0.655796,0.557493,pre_filter,False,12.3335,1.0,0.588882,0.649104,0.557493,26.2945,"main_cat IN ('Camera & Photo', 'Camera &amp; Photo')"
1213,0.339351,8,0.708383,0.855576,post_filter,False,0.7557,0.8,0.174817,0.708383,0.7875,25.4126,"main_cat IN ('Home Audio & Theater', 'Camera &amp; Photo', 'Sports & Outdoors')"
1214,0.248992,4,0.677455,0.789505,post_filter,False,0.9475,1.0,0.968418,0.677455,0.807396,25.1199,"overall IN (3,4)"
1215,0.230635,3,0.622196,0.571063,pre_filter,False,12.7879,1.0,0.573736,0.61735,0.571063,25.5901,"main_cat IN ('Camera & Photo', 'Camera &amp; Photo', 'Cell Phones &amp; Accessories')"
1216,0.073033,0,0.854908,0.67236,pre_filter,False,3.9139,1.0,0.869536,0.856371,0.67236,25.5799,brand='Tiffen'
1217,0.680906,18,0.478297,0.812439,post_filter,False,0.3889,0.9,0.574808,0.478297,0.788676,25.4992,"overall IN (3,5)"
1218,0.70348,19,0.59049,0.892316,post_filter,False,0.5298,1.0,0.98234,0.59049,0.901318,25.3523,"overall IN (1,5)"
1219,0.929351,21,1.0,0.961506,post_filter,True,0.6658,1.0,0.977807,1.0,0.963136,25.4967,"overall IN (1,2,4,5)"
1220,0.821657,20,0.59049,0.92809,post_filter,False,0.8188,1.0,0.972706,0.59049,0.932551,25.4939,"overall IN (1,2,3,5)"
1221,0.952472,21,1.0,0.963136,post_filter,True,0.8617,1.0,0.971275,1.0,0.96395,25.2904,"overall IN (1,3,4,5)"
1222,0.160682,1,0.619931,0.782792,post_filter,False,0.889,1.0,0.970365,0.619931,0.801549,25.7278,"main_cat IN ('Camera & Photo', 'Computers')"
1223,0.751008,19,0.59049,0.901318,post_filter,False,0.894,1.0,0.970199,0.59049,0.908206,25.3371,"overall IN (1,2,5)"
1224,0.774129,19,0.59049,0.908206,post_filter,False,0.3623,1.0,0.987924,0.59049,0.916178,25.3578,"overall IN (1,3,5)"
1225,0.339351,8,0.708383,0.7875,post_filter,False,0.4299,1.0,0.985671,0.708383,0.807317,25.512,"main_cat IN ('Home Audio & Theater', 'Camera &amp; Photo', 'Sports & Outdoors')"
1226,0.680906,18,0.478297,0.788676,post_filter,False,0.5673,1.0,0.98109,0.478297,0.807917,25.4085,"overall IN (3,5)"
1227,0.610257,18,0.478297,0.807917,post_filter,False,0.9392,1.0,0.968693,0.478297,0.823995,25.2715,overall>=5.0
1228,0.073033,0,0.856371,0.67236,pre_filter,False,3.9036,1.0,0.869879,0.857721,0.67236,25.3826,brand='Tiffen'
1229,0.300422,7,0.634698,0.902945,post_filter,False,0.908,1.0,0.969732,0.634698,0.909624,25.5002,"main_cat IN ('All Electronics', 'Books', 'Sports & Outdoors')"
1230,0.751008,19,0.59049,0.916178,post_filter,False,0.6517,1.0,0.978278,0.59049,0.922388,25.4236,"overall IN (1,2,5)"
1231,0.774129,19,0.59049,0.922388,post_filter,False,0.9346,1.0,0.968847,0.59049,0.927034,25.176,"overall IN (1,3,5)"
1232,0.319094,7,0.634698,0.909624,post_filter,False,0.2279,0.9,0.577933,0.634698,0.876455,25.3676,"overall IN (1,2,4)"
1233,0.859249,20,0.59049,0.932551,post_filter,False,0.959,1.0,0.968035,0.59049,0.9361,25.2385,overall>=3.0
1234,0.658182,18,0.478297,0.823995,post_filter,False,0.6465,0.9,0.569806,0.478297,0.798576,25.5292,verified=true AND overall>=3.0
1235,0.270385,5,0.557384,0.671884,post_filter,False,0.5953,1.0,0.980156,0.557384,0.702712,25.2858,"main_cat IN ('Home Audio & Theater', 'Books', 'Tools & Home Improvement')"
1236,0.7886,19,0.59049,0.927034,post_filter,False,0.756,1.0,0.974799,0.59049,0.93181,34.9402,overall>=4.0
1237,0.339351,8,0.708383,0.807317,pre_filter,False,19.7383,1.0,0.342056,0.67175,0.807317,25.0079,"main_cat IN ('Home Audio & Theater', 'Camera &amp; Photo', 'Sports & Outdoors')"
1238,0.339351,8,0.67175,0.807317,post_filter,False,0.6564,1.0,0.978119,0.67175,0.824397,25.2035,"main_cat IN ('Home Audio & Theater', 'Camera &amp; Photo', 'Sports & Outdoors')"
1239,0.140751,1,0.619931,0.801549,post_filter,False,0.4454,1.0,0.985153,0.619931,0.81991,25.1727,overall<=2.0
1240,0.248992,4,0.677455,0.807396,post_filter,False,0.5511,1.0,0.981629,0.677455,0.824819,25.3467,"overall IN (3,4)"
1241,0.319094,7,0.634698,0.876455,post_filter,False,0.3955,0.8889,0.507546,0.634698,0.839564,25.1037,"overall IN (1,2,4)"
1242,0.160682,1,0.619931,0.81991,post_filter,False,0.8377,1.0,0.972076,0.619931,0.835126,25.155,"main_cat IN ('Camera & Photo', 'Computers')"
1243,0.836128,20,0.59049,0.9361,post_filter,False,0.7942,1.0,0.973526,0.59049,0.939842,25.2741,"overall IN (2,4,5)"
1244,0.680906,18,0.478297,0.798576,post_filter,False,0.3005,1.0,0.989983,0.478297,0.817717,25.2595,"overall IN (3,5)"
1245,0.610257,18,0.478297,0.817717,post_filter,False,0.9389,1.0,0.968704,0.478297,0.832815,25.1105,overall>=5.0
1246,0.210713,2,0.649104,0.557493,pre_filter,False,11.5546,1.0,0.614846,0.645679,0.557493,25.1218,"main_cat IN ('Camera & Photo', 'Camera &amp; Photo')"
1247,0.906777,21,1.0,0.96395,post_filter,True,0.9105,1.0,0.96965,1.0,0.96452,25.5599,overall>=2.0
1248,0.210713,2,0.645679,0.557493,pre_filter,False,12.0609,1.0,0.597971,0.640908,0.557493,25.9961,"main_cat IN ('Camera & Photo', 'Camera &amp; Photo')"
1249,0.248992,4,0.677455,0.824819,post_filter,False,0.5741,1.0,0.980864,0.677455,0.840424,25.3186,"overall IN (3,4)"
1250,0.906777,21,1.0,0.96452,post_filter,True,0.9991,1.0,0.966697,1.0,0.964738,25.1518,overall>=2.0
1251,0.7886,19,0.59049,0.93181,post_filter,False,0.889,1.0,0.970368,0.59049,0.935666,25.0409,overall>=4.0
1252,0.140751,1,0.619931,0.835126,post_filter,False,0.7218,1.0,0.97594,0.619931,0.849208,25.3236,overall<=2.0
1253,0.859249,20,0.59049,0.939842,post_filter,False,0.9166,1.0,0.969446,0.59049,0.942803,25.1549,overall>=3.0
1254,0.389743,11,0.59049,0.877055,post_filter,False,0.7477,1.0,0.975076,0.59049,0.886857,25.1726,overall<=4.0
1255,0.952472,21,1.0,0.964738,post_filter,True,1.0861,1.0,0.963796,1.0,0.964643,25.0863,"overall IN (1,3,4,5)"
1256,0.073033,0,0.857721,0.67236,pre_filter,False,3.9233,0.9,0.506197,0.822569,0.67236,25.3522,brand='Tiffen'
1257,0.680906,18,0.478297,0.832815,post_filter,False,0.7661,1.0,0.974462,0.478297,0.84698,25.1894,"overall IN (3,5)"
1258,0.339351,8,0.67175,0.824397,post_filter,False,0.511,1.0,0.982967,0.67175,0.840254,25.2506,"main_cat IN ('Home Audio & Theater', 'Camera &amp; Photo', 'Sports & Outdoors')"
1259,0.339351,8,0.67175,0.840254,post_filter,False,0.663,1.0,0.977899,0.67175,0.854019,25.0617,"main_cat IN ('Home Audio & Theater', 'Camera &amp; Photo', 'Sports & Outdoors')"
1260,0.680906,18,0.478297,0.84698,post_filter,False,0.8931,1.0,0.970231,0.478297,0.859305,25.2775,"overall IN (3,5)"
1261,0.658182,18,0.478297,0.859305,post_filter,False,0.3689,1.0,0.987703,0.478297,0.872145,25.0749,verified=true AND overall>=3.0
1262,0.140751,1,0.619931,0.849208,post_filter,False,1.3396,0.2,0.0,0.619931,0.764287,27.1282,overall<=2.0
1263,0.319094,7,0.634698,0.839564,post_filter,False,0.7522,1.0,0.974926,0.634698,0.8531,25.3413,"overall IN (1,2,4)"
1264,0.210713,2,0.640908,0.557493,pre_filter,False,11.5887,1.0,0.613708,0.638188,0.557493,25.4506,"main_cat IN ('Camera & Photo', 'Camera &amp; Photo')"
1265,0.230635,3,0.61735,0.571063,pre_filter,False,12.6995,1.0,0.576685,0.613283,0.571063,25.4943,"main_cat IN ('Camera & Photo', 'Camera &amp; Photo', 'Cell Phones &amp; Accessories')"
1266,0.180604,1,0.619931,0.764287,pre_filter,False,10.3628,1.0,0.654572,0.623395,0.764287,25.2257,"main_cat IN ('Camera & Photo', 'Computers', 'Cell Phones &amp; Accessories')"
1267,0.270385,5,0.557384,0.702712,post_filter,False,0.8189,1.0,0.972704,0.557384,0.729711,25.5204,"main_cat IN ('Home Audio & Theater', 'Books', 'Tools & Home Improvement')"
1268,0.751008,19,0.59049,0.935666,post_filter,False,0.8824,1.0,0.970586,0.59049,0.939158,25.1205,"overall IN (1,2,5)"
1269,0.092237,0,0.822569,0.67236,pre_filter,False,5.741,1.0,0.808633,0.821175,0.67236,25.4402,main_cat='Home Audio &amp; Theater' AND overall>=3.0
1270,0.952472,21,1.0,0.964643,post_filter,True,0.8194,1.0,0.972686,1.0,0.965448,25.3865,"overall IN (1,3,4,5)"
1271,0.389743,11,0.59049,0.886857,post_filter,False,1.0137,1.0,0.96621,0.59049,0.894793,25.1922,overall<=4.0
1272,0.906777,21,1.0,0.965448,post_filter,True,1.0643,1.0,0.964524,1.0,0.965355,25.4063,overall>=2.0
1273,0.300422,7,0.634698,0.8531,post_filter,False,0.4571,0.0,0.0,0.634698,0.76779,25.2177,"main_cat IN ('All Electronics', 'Books', 'Sports & Outdoors')"
1274,0.092237,0,0.821175,0.67236,pre_filter,False,5.6826,1.0,0.810579,0.820116,0.67236,25.3325,main_cat='Home Audio &amp; Theater' AND overall>=3.0
1275,0.680906,18,0.478297,0.872145,post_filter,False,0.678,1.0,0.977399,0.478297,0.88267,25.6482,"overall IN (3,5)"
1276,0.821657,20,0.59049,0.942803,post_filter,False,1.0387,0.9,0.562194,0.59049,0.904742,25.2811,"overall IN (1,2,3,5)"
1277,0.881823,20,0.59049,0.904742,post_filter,False,0.7525,1.0,0.974917,0.59049,0.911759,25.2253,"overall IN (1,4,5)"
1278,0.180604,1,0.623395,0.764287,post_filter,False,0.819,1.0,0.972701,0.623395,0.785128,25.3418,"main_cat IN ('Camera & Photo', 'Computers', 'Cell Phones &amp; Accessories')"
1279,0.073033,0,0.820116,0.67236,pre_filter,False,3.8841,0.8,0.156116,0.753716,0.67236,25.5499,brand='Tiffen'
1280,0.230635,3,0.613283,0.571063,pre_filter,False,12.7554,1.0,0.574821,0.609437,0.571063,25.1764,"main_cat IN ('Camera & Photo', 'Camera &amp; Photo', 'Cell Phones &amp; Accessories')"
1281,0.319094,7,0.634698,0.76779,post_filter,False,0.8167,0.9,0.566503,0.634698,0.747661,25.3367,"overall IN (1,2,4)"
1282,0.774129,19,0.59049,0.939158,post_filter,False,0.8885,1.0,0.970382,0.59049,0.942281,25.4908,"overall IN (1,3,5)"
1283,0.728433,19,0.59049,0.942281,post_filter,False,0.7437,1.0,0.97521,0.59049,0.945573,25.5071,"overall IN (2,3,5)"
1284,0.728433,19,0.59049,0.945573,post_filter,False,0.8295,1.0,0.97235,0.59049,0.948251,25.2365,"overall IN (2,3,5)"
1285,0.073033,0,0.753716,0.67236,post_filter,False,0.5071,0.9,0.572512,0.753716,0.662375,25.4429,brand='Tiffen'
1286,0.906777,21,1.0,0.965355,post_filter,True,0.4736,1.0,0.984212,1.0,0.967241,25.1516,overall>=2.0
1287,0.092237,0,0.753716,0.662375,post_filter,False,1.0501,1.0,0.964996,0.753716,0.692637,25.5929,main_cat='Home Audio &amp; Theater' AND overall>=3.0
1288,0.180604,1,0.623395,0.785128,post_filter,False,1.0595,1.0,0.964683,0.623395,0.803084,25.379,"main_cat IN ('Camera & Photo', 'Computers', 'Cell Phones &amp; Accessories')"
1289,0.859249,20,0.59049,0.911759,post_filter,False,0.8021,1.0,0.973264,0.59049,0.91791,25.3682,overall>=3.0
1290,0.836128,20,0.59049,0.91791,post_filter,False,0.8747,1.0,0.970843,0.59049,0.923203,25.0795,"overall IN (2,4,5)"
1291,0.70348,19,0.59049,0.948251,post_filter,False,0.725,0.9,0.568284,0.59049,0.910254,25.523,"overall IN (1,5)"
1292,0.821657,20,0.59049,0.923203,post_filter,False,0.7352,1.0,0.975494,0.59049,0.928432,25.4902,"overall IN (1,2,3,5)"
1293,0.774129,19,0.59049,0.910254,post_filter,False,0.958,1.0,0.968068,0.59049,0.916036,25.2445,"overall IN (1,3,5)"
1294,0.680906,18,0.478297,0.88267,post_filter,False,0.877,1.0,0.970767,0.478297,0.89148,25.2416,"overall IN (3,5)"
1295,0.180604,1,0.623395,0.803084,post_filter,False,0.5902,1.0,0.980328,0.623395,0.820808,25.4517,"main_cat IN ('Camera & Photo', 'Computers', 'Cell Phones &amp; Accessories')"
1296,0.610257,18,0.478297,0.89148,post_filter,False,0.1278,0.0,0.0,0.478297,0.802332,25.1639,overall>=5.0
1297,0.180604,1,0.623395,0.820808,pre_filter,False,10.2589,1.0,0.658036,0.626859,0.820808,25.0407,"main_cat IN ('Camera & Photo', 'Computers', 'Cell Phones &amp; Accessories')"
1298,0.906777,21,1.0,0.967241,post_filter,True,0.7899,1.0,0.973669,1.0,0.967884,25.3397,overall>=2.0
1299,0.952472,21,1.0,0.967884,post_filter,True,0.9223,1.0,0.969256,1.0,0.968021,25.1408,"overall IN (1,3,4,5)"
1300,0.270385,5,0.557384,0.729711,post_filter,False,0.9828,1.0,0.96724,0.557384,0.753464,25.1888,"main_cat IN ('Home Audio & Theater', 'Books', 'Tools & Home Improvement')"
1301,0.248992,4,0.677455,0.840424,post_filter,False,1.0115,1.0,0.966285,0.677455,0.85301,24.9457,"overall IN (3,4)"
1302,0.952472,21,1.0,0.968021,post_filter,True,0.8548,1.0,0.971507,1.0,0.96837,25.6026,"overall IN (1,3,4,5)"
1303,0.050727,0,0.753716,0.692637,pre_filter,False,2.8148,1.0,0.906174,0.768962,0.692637,25.3024,"main_cat IN ('Computers', 'Tools & Home Improvement')"
1304,0.180604,1,0.626859,0.820808,post_filter,False,1.0109,1.0,0.966304,0.626859,0.835358,25.3959,"main_cat IN ('Camera & Photo', 'Computers', 'Cell Phones &amp; Accessories')"
1305,0.952472,21,1.0,0.96837,post_filter,True,0.7159,1.0,0.976136,1.0,0.969146,25.1525,"overall IN (1,3,4,5)"
1306,0.180604,1,0.626859,0.835358,post_filter,False,1.1114,1.0,0.962953,0.626859,0.848117,25.316,"main_cat IN ('Camera & Photo', 'Computers', 'Cell Phones &amp; Accessories')"
1307,0.821657,20,0.59049,0.928432,post_filter,False,0.9668,1.0,0.967774,0.59049,0.932366,25.2682,"overall IN (1,2,3,5)"
1308,0.12068,1,0.626859,0.848117,post_filter,False,1.114,0.9,0.560733,0.626859,0.819379,25.193,"main_cat IN ('Camera &amp; Photo', 'Cell Phones &amp; Accessories', 'Tools & Home Improvement')"
1309,0.821657,20,0.59049,0.932366,post_filter,False,0.8131,1.0,0.972896,0.59049,0.936419,25.2815,"overall IN (1,2,3,5)"
1310,0.836128,20,0.59049,0.936419,post_filter,False,0.9131,1.0,0.969563,0.59049,0.939734,25.0552,"overall IN (2,4,5)"
1311,0.610257,18,0.478297,0.802332,post_filter,False,1.088,1.0,0.963732,0.478297,0.818472,25.1313,overall>=5.0
1312,0.952472,21,1.0,0.969146,post_filter,True,0.831,1.0,0.9723,1.0,0.969462,25.1491,"overall IN (1,3,4,5)"
1313,0.210713,2,0.638188,0.557493,post_filter,False,0.7695,0.9,0.567418,0.638188,0.558485,25.1624,"main_cat IN ('Camera & Photo', 'Camera &amp; Photo')"
1314,0.7886,19,0.59049,0.916036,post_filter,False,0.7207,1.0,0.975978,0.59049,0.92203,25.3403,overall>=4.0
1315,0.728433,19,0.59049,0.92203,post_filter,False,0.5694,1.0,0.981021,0.59049,0.927929,25.3553,"overall IN (2,3,5)"
1316,0.7886,19,0.59049,0.927929,post_filter,False,0.4376,0.0,0.0,0.59049,0.835136,25.1323,overall>=4.0
1317,0.180604,1,0.626859,0.819379,post_filter,False,0.9917,1.0,0.966943,0.626859,0.834135,25.124,"main_cat IN ('Camera & Photo', 'Computers', 'Cell Phones &amp; Accessories')"
1318,0.319094,7,0.634698,0.747661,pre_filter,False,24.1582,1.0,0.194725,0.590701,0.747661,24.8804,"overall IN (1,2,4)"
1319,0.952472,21,1.0,0.969462,post_filter,True,0.4068,0.8889,0.507351,1.0,0.923251,25.101,"overall IN (1,3,4,5)"
1320,0.210713,2,0.638188,0.558485,pre_filter,False,11.6216,1.0,0.612613,0.63563,0.558485,25.0794,"main_cat IN ('Camera & Photo', 'Camera &amp; Photo')"
1321,0.680906,18,0.478297,0.818472,post_filter,False,0.5942,1.0,0.980194,0.478297,0.834644,25.2167,"overall IN (3,5)"
1322,0.270385,5,0.557384,0.753464,post_filter,False,0.8844,0.7,0.045788,0.557384,0.682696,25.3617,"main_cat IN ('Home Audio & Theater', 'Books', 'Tools & Home Improvement')"
1323,0.836128,20,0.59049,0.939734,post_filter,False,0.8438,1.0,0.971875,0.59049,0.942948,25.5106,"overall IN (2,4,5)"
1324,0.248992,4,0.677455,0.85301,post_filter,False,1.0549,1.0,0.964836,0.677455,0.864192,25.3185,"overall IN (3,4)"
1325,0.319094,7,0.590701,0.747661,post_filter,False,0.5715,0.9,0.571263,0.590701,0.730022,25.3348,"overall IN (1,2,4)"
1326,0.389743,11,0.59049,0.894793,post_filter,False,0.6376,1.0,0.978747,0.59049,0.903188,25.7107,overall<=4.0
1327,0.680906,18,0.478297,0.834644,post_filter,False,0.6733,0.9,0.569286,0.478297,0.808108,25.2529,"overall IN (3,5)"
1328,0.751008,19,0.59049,0.835136,post_filter,False,0.8932,1.0,0.970228,0.59049,0.848645,25.1781,"overall IN (1,2,5)"
1329,0.300422,7,0.590701,0.730022,pre_filter,False,17.083,1.0,0.430567,0.574687,0.730022,25.3388,"main_cat IN ('All Electronics', 'Books', 'Sports & Outdoors')"
1330,0.248992,4,0.677455,0.864192,post_filter,False,0.7651,1.0,0.974497,0.677455,0.875223,25.2941,"overall IN (3,4)"
1331,0.230635,3,0.609437,0.571063,pre_filter,False,12.8982,1.0,0.570061,0.605499,0.571063,25.0582,"main_cat IN ('Camera & Photo', 'Camera &amp; Photo', 'Cell Phones &amp; Accessories')"
1332,0.300422,7,0.574687,0.730022,post_filter,False,0.7559,1.0,0.974803,0.574687,0.7545,25.6635,"main_cat IN ('All Electronics', 'Books', 'Sports & Outdoors')"
1333,0.658182,18,0.478297,0.808108,post_filter,False,0.9814,1.0,0.967288,0.478297,0.824026,25.2274,verified=true AND overall>=3.0
1334,0.929351,21,1.0,0.923251,post_filter,True,0.8493,1.0,0.971689,1.0,0.928094,25.2606,"overall IN (1,2,4,5)"
1335,0.610257,18,0.478297,0.824026,post_filter,False,1.0144,0.9,0.562666,0.478297,0.79789,25.1385,overall>=5.0
1336,0.389743,11,0.59049,0.903188,post_filter,False,0.914,1.0,0.969535,0.59049,0.909823,25.485,overall<=4.0
1337,0.12068,1,0.626859,0.834135,post_filter,False,1.063,0.7,0.045507,0.626859,0.755272,25.5555,"main_cat IN ('Camera &amp; Photo', 'Cell Phones &amp; Accessories', 'Tools & Home Improvement')"
1338,0.859249,20,0.59049,0.942948,post_filter,False,0.7917,1.0,0.973611,0.59049,0.946014,25.2418,overall>=3.0
1339,0.821657,20,0.59049,0.946014,post_filter,False,0.2969,0.2,0.0,0.59049,0.851413,25.4667,"overall IN (1,2,3,5)"
1340,0.610257,18,0.478297,0.79789,post_filter,False,0.5286,1.0,0.982379,0.478297,0.816339,25.445,overall>=5.0
1341,0.836128,20,0.59049,0.851413,post_filter,False,0.4485,1.0,0.985051,0.59049,0.864777,25.45,"overall IN (2,4,5)"
1342,0.881823,20,0.59049,0.864777,post_filter,False,0.79,1.0,0.973668,0.59049,0.875666,25.1267,"overall IN (1,4,5)"
1343,0.270385,5,0.557384,0.682696,post_filter,False,0.778,0.9,0.567254,0.557384,0.671152,25.3667,"main_cat IN ('Home Audio & Theater', 'Books', 'Tools & Home Improvement')"
1344,0.952472,21,1.0,0.928094,post_filter,True,0.8861,1.0,0.970464,1.0,0.932331,25.2183,"overall IN (1,3,4,5)"
1345,0.180604,1,0.626859,0.755272,post_filter,False,0.9535,1.0,0.968217,0.626859,0.776567,25.1842,"main_cat IN ('Camera & Photo', 'Computers', 'Cell Phones &amp; Accessories')"
1346,0.300422,7,0.574687,0.7545,post_filter,False,1.0357,0.9,0.562252,0.574687,0.735275,25.3105,"main_cat IN ('All Electronics', 'Books', 'Sports & Outdoors')"
1347,0.270385,5,0.557384,0.671152,post_filter,False,1.0334,1.0,0.965553,0.557384,0.700592,25.2941,"main_cat IN ('Home Audio & Theater', 'Books', 'Tools & Home Improvement')"
1348,0.339351,8,0.67175,0.854019,post_filter,False,0.8796,1.0,0.970681,0.67175,0.865685,25.5593,"main_cat IN ('Home Audio & Theater', 'Camera &amp; Photo', 'Sports & Outdoors')"
1349,0.073033,0,0.768962,0.692637,pre_filter,False,3.9428,1.0,0.868574,0.778923,0.692637,25.6694,brand='Tiffen'
1350,0.70348,19,0.59049,0.848645,post_filter,False,0.5929,1.0,0.980237,0.59049,0.861805,25.2674,"overall IN (1,5)"
1351,0.906777,21,1.0,0.932331,post_filter,True,0.874,1.0,0.970868,1.0,0.936185,25.5021,overall>=2.0
1352,0.210713,2,0.63563,0.558485,pre_filter,False,11.6777,0.0,0.0,0.572067,0.558485,25.3127,"main_cat IN ('Camera & Photo', 'Camera &amp; Photo')"
1353,0.821657,20,0.59049,0.875666,post_filter,False,0.8547,1.0,0.97151,0.59049,0.88525,25.2792,"overall IN (1,2,3,5)"
1354,0.140751,1,0.626859,0.776567,post_filter,False,0.6805,0.0,0.0,0.626859,0.69891,27.0675,overall<=2.0
1355,0.050727,0,0.778923,0.692637,pre_filter,False,2.832,1.0,0.9056,0.791591,0.692637,25.1653,"main_cat IN ('Computers', 'Tools & Home Improvement')"
1356,0.230635,3,0.605499,0.571063,pre_filter,False,15.3255,1.0,0.48915,0.593864,0.571063,31.5904,"main_cat IN ('Camera & Photo', 'Camera &amp; Photo', 'Cell Phones &amp; Accessories')"
1357,0.680906,18,0.478297,0.816339,post_filter,False,0.9891,1.0,0.967029,0.478297,0.831408,25.2634,"overall IN (3,5)"
1358,0.952472,21,1.0,0.936185,post_filter,True,0.9335,1.0,0.968882,1.0,0.939455,25.2986,"overall IN (1,3,4,5)"
1359,0.70348,19,0.59049,0.861805,post_filter,False,1.087,1.0,0.963765,0.59049,0.872001,24.9579,"overall IN (1,5)"
1360,0.70348,19,0.59049,0.872001,post_filter,False,0.8376,1.0,0.972079,0.59049,0.882008,25.1925,"overall IN (1,5)"
1361,0.821657,20,0.59049,0.88525,post_filter,False,1.0003,1.0,0.966656,0.59049,0.893391,25.4352,"overall IN (1,2,3,5)"
1362,0.339351,8,0.67175,0.865685,post_filter,False,0.8832,1.0,0.97056,0.67175,0.876172,24.9808,"main_cat IN ('Home Audio & Theater', 'Camera &amp; Photo', 'Sports & Outdoors')"
1363,0.248992,4,0.677455,0.875223,post_filter,False,0.7777,1.0,0.974076,0.677455,0.885108,25.54,"overall IN (3,4)"
1364,0.140751,1,0.626859,0.69891,post_filter,False,0.7237,0.9,0.568308,0.626859,0.68585,25.5083,overall<=2.0
1365,0.180604,1,0.626859,0.68585,post_filter,False,0.8214,1.0,0.972619,0.626859,0.714527,25.3059,"main_cat IN ('Camera & Photo', 'Computers', 'Cell Phones &amp; Accessories')"
1366,0.270385,5,0.557384,0.700592,post_filter,False,0.4428,0.0,0.0,0.557384,0.630533,25.1573,"main_cat IN ('Home Audio & Theater', 'Books', 'Tools & Home Improvement')"
1367,0.210713,2,0.572067,0.558485,pre_filter,False,11.5947,1.0,0.613511,0.576212,0.558485,25.187,"main_cat IN ('Camera & Photo', 'Camera &amp; Photo')"
1368,0.319094,7,0.574687,0.735275,post_filter,False,0.6443,1.0,0.978522,0.574687,0.7596,25.4388,"overall IN (1,2,4)"
1369,0.70348,19,0.59049,0.882008,post_filter,False,0.693,1.0,0.976899,0.59049,0.891497,25.3171,"overall IN (1,5)"
1370,0.881823,20,0.59049,0.893391,post_filter,False,0.7345,1.0,0.975517,0.59049,0.901603,25.2469,"overall IN (1,4,5)"
1371,0.210713,2,0.576212,0.558485,post_filter,False,0.2897,0.6,0.010001,0.576212,0.503637,25.2835,"main_cat IN ('Camera & Photo', 'Camera &amp; Photo')"
1372,0.610257,18,0.478297,0.831408,post_filter,False,0.7346,1.0,0.975514,0.478297,0.845819,25.0158,overall>=5.0
1373,0.680906,18,0.478297,0.845819,post_filter,False,0.7672,0.8,0.174748,0.478297,0.778712,25.2648,"overall IN (3,5)"
1374,0.751008,19,0.59049,0.891497,post_filter,False,0.8723,1.0,0.970924,0.59049,0.89944,25.2944,"overall IN (1,2,5)"
1375,0.774129,19,0.59049,0.89944,post_filter,False,0.8235,1.0,0.972549,0.59049,0.906751,25.1718,"overall IN (1,3,5)"
1376,0.270385,5,0.557384,0.630533,post_filter,False,0.8857,1.0,0.970476,0.557384,0.664527,25.379,"main_cat IN ('Home Audio & Theater', 'Books', 'Tools & Home Improvement')"
1377,0.230635,3,0.593864,0.571063,post_filter,False,0.8855,1.0,0.970483,0.593864,0.611005,25.1218,"main_cat IN ('Camera & Photo', 'Camera &amp; Photo', 'Cell Phones &amp; Accessories')"
1378,0.836128,20,0.59049,0.901603,post_filter,False,0.859,1.0,0.971367,0.59049,0.90858,25.0254,"overall IN (2,4,5)"
1379,0.881823,20,0.59049,0.90858,post_filter,False,0.7135,1.0,0.976218,0.59049,0.915343,25.0995,"overall IN (1,4,5)"
1380,0.610257,18,0.478297,0.778712,post_filter,False,0.4272,1.0,0.98576,0.478297,0.799416,25.2616,overall>=5.0
1381,0.821657,20,0.59049,0.915343,post_filter,False,0.8695,1.0,0.971018,0.59049,0.920911,25.4296,"overall IN (1,2,3,5)"
1382,0.751008,19,0.59049,0.906751,post_filter,False,0.4193,1.0,0.986022,0.59049,0.914678,25.3305,"overall IN (1,2,5)"
1383,0.821657,20,0.59049,0.920911,post_filter,False,0.8988,1.0,0.970039,0.59049,0.925824,25.294,"overall IN (1,2,3,5)"
1384,0.610257,18,0.478297,0.799416,post_filter,False,0.8829,1.0,0.970569,0.478297,0.816532,25.0325,overall>=5.0
1385,0.389743,11,0.59049,0.909823,post_filter,False,0.7683,1.0,0.97439,0.59049,0.91628,25.3452,overall<=4.0
1386,0.160682,1,0.626859,0.714527,post_filter,False,0.5568,1.0,0.981439,0.626859,0.741218,25.4832,"main_cat IN ('Camera & Photo', 'Computers')"
1387,0.821657,20,0.59049,0.925824,post_filter,False,0.8116,1.0,0.972947,0.59049,0.930536,25.4391,"overall IN (1,2,3,5)"
1388,0.859249,20,0.59049,0.930536,post_filter,False,0.755,1.0,0.974832,0.59049,0.934966,25.1303,overall>=3.0
1389,0.300422,7,0.574687,0.7596,post_filter,False,0.7874,1.0,0.973754,0.574687,0.781015,25.3437,"main_cat IN ('All Electronics', 'Books', 'Sports & Outdoors')"
1390,0.160682,1,0.626859,0.741218,post_filter,False,0.4953,0.9,0.572741,0.626859,0.72437,25.472,"main_cat IN ('Camera & Photo', 'Computers')"
1391,0.140751,1,0.626859,0.72437,pre_filter,False,12.0947,1.0,0.596844,0.623857,0.72437,27.6653,overall<=2.0
1392,0.821657,20,0.59049,0.934966,post_filter,False,1.0074,1.0,0.966419,0.59049,0.938111,25.253,"overall IN (1,2,3,5)"
1393,0.680906,18,0.478297,0.816532,post_filter,False,0.7736,1.0,0.974214,0.478297,0.8323,25.0703,"overall IN (3,5)"
1394,0.610257,18,0.478297,0.8323,post_filter,False,1.015,1.0,0.966168,0.478297,0.845687,25.2522,overall>=5.0
1395,0.160682,1,0.623857,0.72437,post_filter,False,0.9118,1.0,0.969606,0.623857,0.748894,25.1043,"main_cat IN ('Camera & Photo', 'Computers')"
1396,0.952472,21,1.0,0.939455,post_filter,True,0.8321,1.0,0.972262,1.0,0.942736,25.4763,"overall IN (1,3,4,5)"
1397,0.929351,21,1.0,0.942736,post_filter,True,0.8481,1.0,0.971731,1.0,0.945635,25.1629,"overall IN (1,2,4,5)"
1398,0.680906,18,0.478297,0.845687,post_filter,False,0.882,1.0,0.9706,0.478297,0.858178,25.4077,"overall IN (3,5)"
1399,0.751008,19,0.59049,0.914678,post_filter,False,0.9378,0.9,0.564152,0.59049,0.879625,25.1471,"overall IN (1,2,5)"
1400,0.073033,0,0.791591,0.692637,pre_filter,False,4.068,1.0,0.864399,0.798871,0.692637,25.5597,brand='Tiffen'
1401,0.658182,18,0.478297,0.858178,post_filter,False,0.5591,0.8,0.175992,0.478297,0.78996,25.3576,verified=true AND overall>=3.0
1402,0.073033,0,0.798871,0.692637,post_filter,False,1.0353,0.8,0.173146,0.798871,0.640688,25.5703,brand='Tiffen'
1403,0.881823,20,0.59049,0.938111,post_filter,False,0.984,1.0,0.967199,0.59049,0.94102,25.2146,"overall IN (1,4,5)"
1404,0.906777,21,1.0,0.945635,post_filter,True,0.8834,0.9,0.565208,1.0,0.907592,25.3312,overall>=2.0
1405,0.092237,0,0.798871,0.640688,pre_filter,False,5.5034,0.2,0.0,0.718984,0.640688,25.2464,main_cat='Home Audio &amp; Theater' AND overall>=3.0
1406,0.881823,20,0.59049,0.94102,post_filter,False,0.9431,1.0,0.968562,0.59049,0.943774,25.3295,"overall IN (1,4,5)"
1407,0.774129,19,0.59049,0.879625,post_filter,False,0.4424,1.0,0.985254,0.59049,0.890188,37.003,"overall IN (1,3,5)"
1408,0.073033,0,0.718984,0.640688,pre_filter,False,4.3097,1.0,0.856343,0.73272,0.640688,25.6843,brand='Tiffen'
1409,0.836128,20,0.59049,0.943774,post_filter,False,0.8391,1.0,0.972031,0.59049,0.9466,25.3399,"overall IN (2,4,5)"
1410,0.050727,0,0.73272,0.640688,pre_filter,False,2.8065,1.0,0.90645,0.750093,0.640688,25.2707,"main_cat IN ('Computers', 'Tools & Home Improvement')"
1411,0.339351,8,0.67175,0.876172,post_filter,False,0.8756,1.0,0.970814,0.67175,0.885637,25.3688,"main_cat IN ('Home Audio & Theater', 'Camera &amp; Photo', 'Sports & Outdoors')"
1412,0.140751,1,0.623857,0.748894,post_filter,False,1.2014,0.3,9e-06,0.623857,0.674006,27.0183,overall<=2.0
1413,0.881823,20,0.59049,0.9466,post_filter,False,0.9268,0.9,0.564365,0.59049,0.908376,25.0702,"overall IN (1,4,5)"
1414,0.751008,19,0.59049,0.890188,post_filter,False,0.8277,1.0,0.972411,0.59049,0.898411,25.0787,"overall IN (1,2,5)"
1415,0.210713,2,0.576212,0.503637,pre_filter,False,11.7144,1.0,0.609519,0.579542,0.503637,25.3085,"main_cat IN ('Camera & Photo', 'Camera &amp; Photo')"
1416,0.092237,0,0.750093,0.640688,pre_filter,False,10.4466,1.0,0.651779,0.740262,0.640688,25.494,main_cat='Home Audio &amp; Theater' AND overall>=3.0
1417,0.7886,19,0.59049,0.898411,post_filter,False,0.973,1.0,0.967567,0.59049,0.905326,25.3062,overall>=4.0
1418,0.140751,1,0.623857,0.674006,post_filter,False,0.8064,1.0,0.973119,0.623857,0.703917,25.0456,overall<=2.0
1419,0.050727,0,0.740262,0.640688,pre_filter,False,2.7962,1.0,0.906793,0.756915,0.640688,25.3278,"main_cat IN ('Computers', 'Tools & Home Improvement')"
1420,0.180604,1,0.623857,0.703917,post_filter,False,0.4523,1.0,0.984924,0.623857,0.732018,25.2871,"main_cat IN ('Camera & Photo', 'Computers', 'Cell Phones &amp; Accessories')"
1421,0.658182,18,0.478297,0.78996,post_filter,False,0.8578,1.0,0.971406,0.478297,0.808104,25.2628,verified=true AND overall>=3.0
1422,0.389743,11,0.59049,0.91628,post_filter,False,0.8392,1.0,0.972026,0.59049,0.921854,25.4036,overall<=4.0
1423,0.300422,7,0.574687,0.781015,post_filter,False,0.7888,1.0,0.973707,0.574687,0.800284,25.1112,"main_cat IN ('All Electronics', 'Books', 'Sports & Outdoors')"
1424,0.073033,0,0.756915,0.640688,pre_filter,False,3.8757,1.0,0.87081,0.768304,0.640688,25.3391,brand='Tiffen'
1425,0.728433,19,0.59049,0.905326,post_filter,False,0.8351,1.0,0.972164,0.59049,0.91201,25.5401,"overall IN (2,3,5)"
1426,0.751008,19,0.59049,0.91201,post_filter,False,0.883,1.0,0.970565,0.59049,0.917865,25.0835,"overall IN (1,2,5)"
1427,0.774129,19,0.59049,0.917865,post_filter,False,0.9103,1.0,0.969658,0.59049,0.923045,25.2175,"overall IN (1,3,5)"
1428,0.952472,21,1.0,0.907592,post_filter,True,0.8908,1.0,0.970307,1.0,0.913864,25.4447,"overall IN (1,3,4,5)"
1429,0.728433,19,0.59049,0.923045,post_filter,False,0.898,1.0,0.970067,0.59049,0.927747,25.0613,"overall IN (2,3,5)"
1430,0.952472,21,1.0,0.913864,post_filter,True,0.841,1.0,0.971968,1.0,0.919674,25.0913,"overall IN (1,3,4,5)"
1431,0.610257,18,0.478297,0.808104,post_filter,False,0.8405,1.0,0.971982,0.478297,0.824492,25.0545,overall>=5.0
1432,0.774129,19,0.59049,0.927747,post_filter,False,0.7313,1.0,0.975622,0.59049,0.932534,25.1909,"overall IN (1,3,5)"
1433,0.610257,18,0.478297,0.824492,post_filter,False,1.2484,0.6,0.009679,0.478297,0.743011,25.5809,overall>=5.0
1434,0.050727,0,0.768304,0.640688,pre_filter,False,2.8139,1.0,0.906203,0.782094,0.640688,26.3142,"main_cat IN ('Computers', 'Tools & Home Improvement')"
1435,0.050727,0,0.782094,0.640688,pre_filter,False,2.9018,1.0,0.903272,0.794212,0.640688,25.3958,"main_cat IN ('Computers', 'Tools & Home Improvement')"
1436,0.680906,18,0.478297,0.743011,post_filter,False,0.5561,1.0,0.981464,0.478297,0.766856,25.2176,"overall IN (3,5)"
1437,0.680906,18,0.478297,0.766856,post_filter,False,1.1395,1.0,0.962015,0.478297,0.786372,25.0663,"overall IN (3,5)"
1438,0.339351,8,0.67175,0.885637,post_filter,False,0.7874,1.0,0.973753,0.67175,0.894448,25.0843,"main_cat IN ('Home Audio & Theater', 'Camera &amp; Photo', 'Sports & Outdoors')"
1439,0.050727,0,0.794212,0.640688,pre_filter,False,2.8196,1.0,0.906013,0.805392,0.640688,25.4411,"main_cat IN ('Computers', 'Tools & Home Improvement')"
1440,0.050727,0,0.805392,0.640688,pre_filter,False,2.9318,1.0,0.902274,0.81508,0.640688,25.4353,"main_cat IN ('Computers', 'Tools & Home Improvement')"
1441,0.658182,18,0.478297,0.786372,post_filter,False,0.2101,0.6,0.010028,0.478297,0.708737,25.1714,verified=true AND overall>=3.0
1442,0.821657,20,0.59049,0.908376,post_filter,False,0.7879,1.0,0.973736,0.59049,0.914912,25.3581,"overall IN (1,2,3,5)"
1443,0.230635,3,0.593864,0.611005,post_filter,False,0.9289,0.9,0.564325,0.593864,0.606337,25.5335,"main_cat IN ('Camera & Photo', 'Camera &amp; Photo', 'Cell Phones &amp; Accessories')"
1444,0.680906,18,0.478297,0.708737,pre_filter,False,56.5373,1.0,0.0,0.430467,0.708737,25.6979,"overall IN (3,5)"
1445,0.248992,4,0.677455,0.885108,post_filter,False,0.838,1.0,0.972068,0.677455,0.893804,25.9044,"overall IN (3,4)"
1446,0.050727,0,0.81508,0.640688,pre_filter,False,2.9843,1.0,0.900522,0.823624,0.640688,25.7963,"main_cat IN ('Computers', 'Tools & Home Improvement')"
1447,0.658182,18,0.430467,0.708737,post_filter,False,0.686,1.0,0.977132,0.430467,0.735577,25.6307,verified=true AND overall>=3.0
1448,0.881823,20,0.59049,0.914912,post_filter,False,0.8776,1.0,0.970746,0.59049,0.920496,25.7537,"overall IN (1,4,5)"
1449,0.7886,19,0.59049,0.932534,post_filter,False,0.9037,1.0,0.969878,0.59049,0.936269,25.2925,overall>=4.0
1450,0.774129,19,0.59049,0.936269,post_filter,False,0.7243,1.0,0.975857,0.59049,0.940228,25.5568,"overall IN (1,3,5)"
1451,0.339351,8,0.67175,0.894448,post_filter,False,0.9085,1.0,0.969715,0.67175,0.901975,25.4944,"main_cat IN ('Home Audio & Theater', 'Camera &amp; Photo', 'Sports & Outdoors')"
1452,0.859249,20,0.59049,0.920496,post_filter,False,0.949,1.0,0.968365,0.59049,0.925283,25.0457,overall>=3.0
1453,0.952472,21,1.0,0.919674,post_filter,True,0.9076,1.0,0.969747,1.0,0.924681,25.3851,"overall IN (1,3,4,5)"
1454,0.160682,1,0.623857,0.732018,post_filter,False,0.7264,1.0,0.975786,0.623857,0.756394,25.2771,"main_cat IN ('Camera & Photo', 'Computers')"
1455,0.12068,1,0.623857,0.756394,pre_filter,False,14.4749,1.0,0.517503,0.613222,0.756394,25.3692,"main_cat IN ('Camera &amp; Photo', 'Cell Phones &amp; Accessories', 'Tools & Home Improvement')"
1456,0.952472,21,1.0,0.924681,post_filter,True,0.9554,1.0,0.968153,1.0,0.929029,25.1562,"overall IN (1,3,4,5)"
1457,0.12068,1,0.613222,0.756394,post_filter,False,0.6395,1.0,0.978682,0.613222,0.778623,25.485,"main_cat IN ('Camera &amp; Photo', 'Cell Phones &amp; Accessories', 'Tools & Home Improvement')"
1458,0.658182,18,0.430467,0.735577,post_filter,False,0.6475,1.0,0.978415,0.430467,0.759861,25.427,verified=true AND overall>=3.0
1459,0.140751,1,0.613222,0.778623,post_filter,False,0.7465,0.1,0.0,0.613222,0.700761,27.6312,overall<=2.0
1460,0.210713,2,0.579542,0.503637,pre_filter,False,11.8795,1.0,0.604018,0.58199,0.503637,25.1491,"main_cat IN ('Camera & Photo', 'Camera &amp; Photo')"
1461,0.180604,1,0.613222,0.700761,post_filter,False,0.8373,0.8,0.17433,0.613222,0.648118,25.4232,"main_cat IN ('Camera & Photo', 'Computers', 'Cell Phones &amp; Accessories')"
1462,0.728433,19,0.59049,0.940228,post_filter,False,0.7624,1.0,0.974586,0.59049,0.943663,25.2296,"overall IN (2,3,5)"
1463,0.658182,18,0.430467,0.759861,post_filter,False,0.7812,1.0,0.97396,0.430467,0.781271,25.3861,verified=true AND overall>=3.0
1464,0.230635,3,0.593864,0.606337,post_filter,False,0.139,0.0,0.0,0.593864,0.545703,25.4268,"main_cat IN ('Camera & Photo', 'Camera &amp; Photo', 'Cell Phones &amp; Accessories')"
1465,0.881823,20,0.59049,0.925283,post_filter,False,0.4219,1.0,0.985936,0.59049,0.931348,25.408,"overall IN (1,4,5)"
1466,0.300422,7,0.574687,0.800284,post_filter,False,0.7646,1.0,0.974512,0.574687,0.817707,25.3317,"main_cat IN ('All Electronics', 'Books', 'Sports & Outdoors')"
1467,0.230635,3,0.593864,0.545703,post_filter,False,0.9027,0.9,0.564833,0.593864,0.547616,25.2558,"main_cat IN ('Camera & Photo', 'Camera &amp; Photo', 'Cell Phones &amp; Accessories')"
1468,0.859249,20,0.59049,0.931348,post_filter,False,0.879,1.0,0.9707,0.59049,0.935283,25.3177,overall>=3.0
1469,0.319094,7,0.574687,0.817707,post_filter,False,0.9828,1.0,0.96724,0.574687,0.83266,25.1323,"overall IN (1,2,4)"
1470,0.092237,0,0.823624,0.640688,pre_filter,False,6.2342,1.0,0.792193,0.820481,0.640688,25.2402,main_cat='Home Audio &amp; Theater' AND overall>=3.0
1471,0.300422,7,0.574687,0.83266,post_filter,False,0.4357,0.0,0.0,0.574687,0.749394,25.1462,"main_cat IN ('All Electronics', 'Books', 'Sports & Outdoors')"
1472,0.319094,7,0.574687,0.749394,post_filter,False,1.0321,1.0,0.965597,0.574687,0.771015,25.2524,"overall IN (1,2,4)"
1473,0.389743,11,0.59049,0.921854,post_filter,False,0.8352,0.9,0.566143,0.59049,0.886283,25.2622,overall<=4.0
1474,0.70348,19,0.59049,0.943663,post_filter,False,0.436,1.0,0.985468,0.59049,0.947844,25.392,"overall IN (1,5)"
1475,0.210713,2,0.58199,0.503637,pre_filter,False,11.5004,1.0,0.616654,0.585456,0.503637,25.1465,"main_cat IN ('Camera & Photo', 'Camera &amp; Photo')"
1476,0.7886,19,0.59049,0.947844,post_filter,False,0.9469,1.0,0.968436,0.59049,0.949903,25.0233,overall>=4.0
1477,0.210713,2,0.585456,0.503637,pre_filter,False,11.4679,1.0,0.617737,0.588685,0.503637,25.1492,"main_cat IN ('Camera & Photo', 'Camera &amp; Photo')"
1478,0.248992,4,0.677455,0.893804,post_filter,False,0.7578,1.0,0.974742,0.677455,0.901898,25.3662,"overall IN (3,4)"
1479,0.774129,19,0.59049,0.949903,post_filter,False,1.0096,1.0,0.966346,0.59049,0.951547,25.0757,"overall IN (1,3,5)"
1480,0.881823,20,0.59049,0.935283,post_filter,False,0.3251,1.0,0.989164,0.59049,0.940671,25.2528,"overall IN (1,4,5)"
1481,0.906777,21,1.0,0.929029,post_filter,True,0.4402,0.0,0.0,1.0,0.836126,25.1825,overall>=2.0
1482,0.092237,0,0.820481,0.640688,pre_filter,False,5.6237,1.0,0.812543,0.819687,0.640688,25.2731,main_cat='Home Audio &amp; Theater' AND overall>=3.0
1483,0.751008,19,0.59049,0.951547,post_filter,False,0.9076,1.0,0.969747,0.59049,0.953367,30.1278,"overall IN (1,2,5)"
1484,0.906777,21,1.0,0.836126,post_filter,True,1.22,1.0,0.959332,1.0,0.848446,25.688,overall>=2.0
1485,0.751008,19,0.59049,0.953367,post_filter,False,0.9791,1.0,0.967364,0.59049,0.954767,25.0653,"overall IN (1,2,5)"
1486,0.836128,20,0.59049,0.940671,post_filter,False,0.8833,1.0,0.970556,0.59049,0.94366,24.9581,"overall IN (2,4,5)"
1487,0.073033,0,0.819687,0.640688,pre_filter,False,3.9046,1.0,0.869846,0.824703,0.640688,25.6966,brand='Tiffen'
1488,0.092237,0,0.824703,0.640688,pre_filter,False,5.6321,1.0,0.812264,0.823459,0.640688,25.1517,main_cat='Home Audio &amp; Theater' AND overall>=3.0
1489,0.319094,7,0.574687,0.771015,post_filter,False,0.7877,1.0,0.973744,0.574687,0.791288,25.0065,"overall IN (1,2,4)"
1490,0.319094,7,0.574687,0.791288,post_filter,False,0.771,1.0,0.974301,0.574687,0.809589,25.309,"overall IN (1,2,4)"
1491,0.319094,7,0.574687,0.809589,post_filter,False,0.5903,0.8,0.175806,0.574687,0.746211,25.0994,"overall IN (1,2,4)"
1492,0.680906,18,0.430467,0.781271,post_filter,False,0.6393,1.0,0.978692,0.430467,0.801013,25.3317,"overall IN (3,5)"
1493,0.610257,18,0.430467,0.801013,post_filter,False,0.9853,1.0,0.967157,0.430467,0.817627,25.2125,overall>=5.0
1494,0.073033,0,0.823459,0.640688,pre_filter,False,3.906,1.0,0.869799,0.828093,0.640688,25.3758,brand='Tiffen'
1495,0.751008,19,0.59049,0.954767,post_filter,False,0.7673,1.0,0.974424,0.59049,0.956733,25.3055,"overall IN (1,2,5)"
1496,0.050727,0,0.828093,0.640688,pre_filter,False,2.8794,1.0,0.904021,0.835686,0.640688,25.9993,"main_cat IN ('Computers', 'Tools & Home Improvement')"
1497,0.7886,19,0.59049,0.956733,post_filter,False,0.9359,1.0,0.968804,0.59049,0.95794,25.1073,overall>=4.0
1498,0.160682,1,0.613222,0.648118,pre_filter,False,14.0358,1.0,0.53214,0.605114,0.648118,25.4087,"main_cat IN ('Camera & Photo', 'Computers')"
1499,0.092237,0,0.835686,0.640688,pre_filter,False,5.5227,1.0,0.815911,0.833709,0.640688,25.8556,main_cat='Home Audio &amp; Theater' AND overall>=3.0
1500,0.610257,18,0.430467,0.817627,post_filter,False,0.7178,1.0,0.976075,0.430467,0.833472,25.3607,overall>=5.0
1501,0.906777,21,1.0,0.848446,post_filter,True,0.9657,1.0,0.967811,1.0,0.860383,25.4948,overall>=2.0
1502,0.339351,8,0.67175,0.901975,post_filter,False,0.8739,1.0,0.970871,0.67175,0.908864,25.2228,"main_cat IN ('Home Audio & Theater', 'Camera &amp; Photo', 'Sports & Outdoors')"
1503,0.751008,19,0.59049,0.95794,post_filter,False,0.3353,0.9,0.575847,0.59049,0.919731,25.515,"overall IN (1,2,5)"
1504,0.859249,20,0.59049,0.94366,post_filter,False,0.3717,0.0,0.0,0.59049,0.849294,25.2696,overall>=3.0
1505,0.270385,5,0.557384,0.664527,post_filter,False,0.3666,0.6,0.009976,0.557384,0.599072,25.269,"main_cat IN ('Home Audio & Theater', 'Books', 'Tools & Home Improvement')"
1506,0.70348,19,0.59049,0.919731,post_filter,False,0.5452,1.0,0.981826,0.59049,0.92594,25.2275,"overall IN (1,5)"
1507,0.906777,21,1.0,0.860383,post_filter,True,0.9398,1.0,0.968672,1.0,0.871212,25.2678,overall>=2.0
1508,0.12068,1,0.605114,0.648118,pre_filter,False,7.2001,1.0,0.759997,0.620602,0.648118,25.5035,"main_cat IN ('Camera &amp; Photo', 'Cell Phones &amp; Accessories', 'Tools & Home Improvement')"
1509,0.929351,21,1.0,0.871212,post_filter,True,0.756,1.0,0.974801,1.0,0.881571,25.2931,"overall IN (1,2,4,5)"
1510,0.658182,18,0.430467,0.833472,post_filter,False,1.0288,1.0,0.965707,0.430467,0.846695,25.3322,verified=true AND overall>=3.0
1511,0.952472,21,1.0,0.881571,post_filter,True,0.8593,1.0,0.971356,1.0,0.890549,25.3972,"overall IN (1,3,4,5)"
1512,0.073033,0,0.833709,0.640688,pre_filter,False,3.8878,1.0,0.870406,0.837378,0.640688,25.78,brand='Tiffen'
1513,0.210713,2,0.588685,0.503637,pre_filter,False,11.7019,1.0,0.609937,0.59081,0.503637,25.2317,"main_cat IN ('Camera & Photo', 'Camera &amp; Photo')"
1514,0.180604,1,0.620602,0.648118,post_filter,False,0.3457,1.0,0.988478,0.620602,0.682154,25.2135,"main_cat IN ('Camera & Photo', 'Computers', 'Cell Phones &amp; Accessories')"
1515,0.929351,21,1.0,0.890549,post_filter,True,0.1321,0.0,0.0,1.0,0.801494,25.7709,"overall IN (1,2,4,5)"
1516,0.906777,21,1.0,0.801494,post_filter,True,0.8911,1.0,0.970296,1.0,0.818374,25.3897,overall>=2.0
1517,0.7886,19,0.59049,0.92594,post_filter,False,0.7917,1.0,0.973611,0.59049,0.930707,25.437,overall>=4.0
1518,0.929351,21,1.0,0.818374,post_filter,True,0.7125,1.0,0.97625,1.0,0.834162,25.2526,"overall IN (1,2,4,5)"
1519,0.70348,19,0.59049,0.930707,post_filter,False,0.9982,1.0,0.966725,0.59049,0.934309,25.1842,"overall IN (1,5)"
1520,0.610257,18,0.430467,0.846695,post_filter,False,0.9072,1.0,0.969761,0.430467,0.859002,25.3456,overall>=5.0
1521,0.230635,3,0.593864,0.547616,post_filter,False,0.4541,1.0,0.984864,0.593864,0.591341,25.527,"main_cat IN ('Camera & Photo', 'Camera &amp; Photo', 'Cell Phones &amp; Accessories')"
1522,0.073033,0,0.837378,0.640688,pre_filter,False,3.8975,1.0,0.870083,0.840649,0.640688,25.4895,brand='Tiffen'
1523,0.952472,21,1.0,0.834162,post_filter,True,0.9136,0.9,0.564621,1.0,0.807208,25.3236,"overall IN (1,3,4,5)"
1524,0.092237,0,0.840649,0.640688,pre_filter,False,5.5619,1.0,0.814604,0.838044,0.640688,25.4732,main_cat='Home Audio &amp; Theater' AND overall>=3.0
1525,0.774129,19,0.59049,0.934309,post_filter,False,0.3107,0.0,0.0,0.59049,0.840878,25.2395,"overall IN (1,3,5)"
1526,0.952472,21,1.0,0.807208,post_filter,True,0.2886,0.0,0.0,1.0,0.726487,25.3333,"overall IN (1,3,4,5)"
1527,0.230635,3,0.593864,0.591341,post_filter,False,0.7287,1.0,0.975711,0.593864,0.629778,25.2818,"main_cat IN ('Camera & Photo', 'Camera &amp; Photo', 'Cell Phones &amp; Accessories')"
1528,0.929351,21,1.0,0.726487,post_filter,True,0.8505,1.0,0.97165,1.0,0.751003,25.2085,"overall IN (1,2,4,5)"
1529,0.680906,18,0.430467,0.859002,post_filter,False,0.2902,1.0,0.990328,0.430467,0.872135,25.1227,"overall IN (3,5)"
1530,0.70348,19,0.59049,0.840878,post_filter,False,0.9823,1.0,0.967257,0.59049,0.853516,25.1131,"overall IN (1,5)"
1531,0.774129,19,0.59049,0.853516,post_filter,False,0.704,1.0,0.976532,0.59049,0.865818,24.9504,"overall IN (1,3,5)"
1532,0.073033,0,0.838044,0.640688,pre_filter,False,4.0132,1.0,0.866225,0.840862,0.640688,25.1201,brand='Tiffen'
1533,0.160682,1,0.620602,0.682154,post_filter,False,0.9479,0.9,0.563957,0.620602,0.670334,25.1817,"main_cat IN ('Camera & Photo', 'Computers')"
1534,0.952472,21,1.0,0.751003,post_filter,True,0.8238,1.0,0.97254,1.0,0.773157,25.1405,"overall IN (1,3,4,5)"
1535,0.906777,21,1.0,0.773157,post_filter,True,0.6817,1.0,0.977278,1.0,0.793569,25.2564,overall>=2.0
1536,0.270385,5,0.557384,0.599072,pre_filter,False,15.387,1.0,0.4871,0.550355,0.599072,25.103,"main_cat IN ('Home Audio & Theater', 'Books', 'Tools & Home Improvement')"
1537,0.050727,0,0.840862,0.640688,pre_filter,False,2.8375,1.0,0.905415,0.847318,0.640688,25.327,"main_cat IN ('Computers', 'Tools & Home Improvement')"
1538,0.180604,1,0.620602,0.670334,post_filter,False,1.0614,0.6,0.009742,0.620602,0.604275,25.084,"main_cat IN ('Camera & Photo', 'Computers', 'Cell Phones &amp; Accessories')"
1539,0.70348,19,0.59049,0.865818,post_filter,False,0.836,1.0,0.972133,0.59049,0.876449,25.0612,"overall IN (1,5)"
1540,0.140751,1,0.620602,0.604275,post_filter,False,0.9886,1.0,0.967046,0.620602,0.640552,25.165,overall<=2.0
1541,0.836128,20,0.59049,0.849294,post_filter,False,0.6871,1.0,0.977097,0.59049,0.862074,25.1089,"overall IN (2,4,5)"
1542,0.881823,20,0.59049,0.862074,post_filter,False,0.9242,1.0,0.969194,0.59049,0.872786,25.1205,"overall IN (1,4,5)"
1543,0.7886,19,0.59049,0.876449,post_filter,False,0.8893,1.0,0.970357,0.59049,0.88584,25.2155,overall>=4.0
1544,0.881823,20,0.59049,0.872786,post_filter,False,0.8585,1.0,0.971383,0.59049,0.882646,25.1555,"overall IN (1,4,5)"
1545,0.319094,7,0.574687,0.746211,post_filter,False,0.6353,1.0,0.978825,0.574687,0.769472,25.3484,"overall IN (1,2,4)"
1546,0.952472,21,1.0,0.793569,post_filter,True,0.8182,1.0,0.972728,1.0,0.811485,25.1808,"overall IN (1,3,4,5)"
1547,0.092237,0,0.847318,0.640688,pre_filter,False,5.6169,1.0,0.812769,0.843863,0.640688,25.336,main_cat='Home Audio &amp; Theater' AND overall>=3.0
1548,0.248992,4,0.677455,0.901898,post_filter,False,0.2543,1.0,0.991524,0.677455,0.910861,25.3594,"overall IN (3,4)"
1549,0.160682,1,0.620602,0.640552,post_filter,False,0.8692,1.0,0.971028,0.620602,0.673599,25.4473,"main_cat IN ('Camera & Photo', 'Computers')"
1550,0.70348,19,0.59049,0.88584,post_filter,False,0.6992,1.0,0.976694,0.59049,0.894925,25.4413,"overall IN (1,5)"
1551,0.210713,2,0.59081,0.503637,pre_filter,False,12.3218,1.0,0.589275,0.590656,0.503637,25.2902,"main_cat IN ('Camera & Photo', 'Camera &amp; Photo')"
1552,0.70348,19,0.59049,0.894925,post_filter,False,0.9669,1.0,0.967769,0.59049,0.90221,25.0137,"overall IN (1,5)"
1553,0.881823,20,0.59049,0.882646,post_filter,False,0.8929,1.0,0.970236,0.59049,0.891405,25.1802,"overall IN (1,4,5)"
1554,0.906777,21,1.0,0.811485,post_filter,True,0.743,1.0,0.975233,1.0,0.82786,25.5111,overall>=2.0
1555,0.319094,7,0.574687,0.769472,post_filter,False,0.743,1.0,0.975235,0.574687,0.790048,25.6284,"overall IN (1,2,4)"
1556,0.774129,19,0.59049,0.90221,post_filter,False,0.4636,1.0,0.984547,0.59049,0.910444,25.4988,"overall IN (1,3,5)"
1557,0.929351,21,1.0,0.82786,post_filter,True,0.5876,1.0,0.980412,1.0,0.843115,25.112,"overall IN (1,2,4,5)"
1558,0.680906,18,0.430467,0.872135,post_filter,False,1.0086,1.0,0.966381,0.430467,0.881559,25.3747,"overall IN (3,5)"
1559,0.270385,5,0.550355,0.599072,post_filter,False,0.8742,1.0,0.970861,0.550355,0.636251,25.1808,"main_cat IN ('Home Audio & Theater', 'Books', 'Tools & Home Improvement')"
1560,0.319094,7,0.574687,0.790048,post_filter,False,0.2128,0.0,0.0,0.574687,0.711044,25.4295,"overall IN (1,2,4)"
1561,0.836128,20,0.59049,0.891405,post_filter,False,0.125,0.0,0.0,0.59049,0.802264,25.435,"overall IN (2,4,5)"
1562,0.821657,20,0.59049,0.802264,post_filter,False,1.0064,1.0,0.966453,0.59049,0.818683,25.2556,"overall IN (1,2,3,5)"
1563,0.140751,1,0.620602,0.673599,post_filter,False,1.0362,1.0,0.965461,0.620602,0.702786,25.1776,overall<=2.0
1564,0.859249,20,0.59049,0.818683,post_filter,False,0.964,1.0,0.967867,0.59049,0.833602,25.4952,overall>=3.0
1565,0.7886,19,0.59049,0.910444,post_filter,False,0.7008,1.0,0.97664,0.59049,0.917063,25.5705,overall>=4.0
1566,0.821657,20,0.59049,0.833602,post_filter,False,0.8467,1.0,0.971778,0.59049,0.847419,25.1174,"overall IN (1,2,3,5)"
1567,0.092237,0,0.843863,0.640688,pre_filter,False,5.7183,1.0,0.809392,0.840416,0.640688,25.219,main_cat='Home Audio &amp; Theater' AND overall>=3.0
1568,0.658182,18,0.430467,0.881559,post_filter,False,0.5772,1.0,0.980758,0.430467,0.891479,25.4264,verified=true AND overall>=3.0
1569,0.821657,20,0.59049,0.847419,post_filter,False,0.6803,1.0,0.977324,0.59049,0.86041,25.4212,"overall IN (1,2,3,5)"
1570,0.300422,7,0.574687,0.711044,post_filter,False,0.8924,1.0,0.970254,0.574687,0.736965,25.5629,"main_cat IN ('All Electronics', 'Books', 'Sports & Outdoors')"
1571,0.073033,0,0.840416,0.640688,pre_filter,False,3.963,1.0,0.867901,0.843164,0.640688,25.5052,brand='Tiffen'
1572,0.12068,1,0.620602,0.702786,post_filter,False,0.7046,1.0,0.976514,0.620602,0.730158,25.3826,"main_cat IN ('Camera &amp; Photo', 'Cell Phones &amp; Accessories', 'Tools & Home Improvement')"
1573,0.339351,8,0.67175,0.908864,post_filter,False,0.7758,1.0,0.974142,0.67175,0.915392,25.407,"main_cat IN ('Home Audio & Theater', 'Camera &amp; Photo', 'Sports & Outdoors')"
1574,0.210713,2,0.590656,0.503637,post_filter,False,1.1476,0.6,0.009713,0.590656,0.454245,25.5871,"main_cat IN ('Camera & Photo', 'Camera &amp; Photo')"
1575,0.881823,20,0.59049,0.86041,post_filter,False,1.0794,1.0,0.964019,0.59049,0.870771,25.3235,"overall IN (1,4,5)"
1576,0.092237,0,0.843164,0.640688,post_filter,False,0.9469,1.0,0.968436,0.843164,0.673463,25.6005,main_cat='Home Audio &amp; Theater' AND overall>=3.0
1577,0.270385,5,0.550355,0.636251,post_filter,False,0.8944,1.0,0.970186,0.550355,0.669644,25.3834,"main_cat IN ('Home Audio & Theater', 'Books', 'Tools & Home Improvement')"
1578,0.728433,19,0.59049,0.917063,post_filter,False,0.821,1.0,0.972632,0.59049,0.92262,25.4122,"overall IN (2,3,5)"
1579,0.836128,20,0.59049,0.870771,post_filter,False,0.9542,1.0,0.968192,0.59049,0.880513,25.2682,"overall IN (2,4,5)"
1580,0.728433,19,0.59049,0.92262,post_filter,False,0.9412,1.0,0.968628,0.59049,0.927221,25.1855,"overall IN (2,3,5)"
1581,0.728433,19,0.59049,0.927221,post_filter,False,0.1291,0.0,0.0,0.59049,0.834499,25.1777,"overall IN (2,3,5)"
1582,0.319094,7,0.574687,0.736965,post_filter,False,0.8538,1.0,0.97154,0.574687,0.760422,25.2261,"overall IN (1,2,4)"
1583,0.836128,20,0.59049,0.880513,post_filter,False,0.6244,1.0,0.979188,0.59049,0.89038,25.2212,"overall IN (2,4,5)"
1584,0.270385,5,0.550355,0.669644,post_filter,False,0.8647,1.0,0.971176,0.550355,0.699798,25.2881,"main_cat IN ('Home Audio & Theater', 'Books', 'Tools & Home Improvement')"
1585,0.050727,0,0.843164,0.673463,pre_filter,False,2.8705,1.0,0.904318,0.84928,0.673463,25.3736,"main_cat IN ('Computers', 'Tools & Home Improvement')"
1586,0.751008,19,0.59049,0.834499,post_filter,False,0.2744,0.7,0.046747,0.59049,0.755724,25.3488,"overall IN (1,2,5)"
1587,0.230635,3,0.593864,0.629778,post_filter,False,0.74,1.0,0.975335,0.593864,0.664334,25.181,"main_cat IN ('Camera & Photo', 'Camera &amp; Photo', 'Cell Phones &amp; Accessories')"
1588,0.859249,20,0.59049,0.89038,post_filter,False,0.962,1.0,0.967935,0.59049,0.898136,25.4715,overall>=3.0
1589,0.389743,11,0.59049,0.886283,post_filter,False,0.8703,1.0,0.970989,0.59049,0.894754,25.1435,overall<=4.0
1590,0.610257,18,0.430467,0.891479,post_filter,False,0.6006,1.0,0.979979,0.430467,0.900329,25.4562,overall>=5.0
1591,0.210713,2,0.590656,0.454245,post_filter,False,0.9382,1.0,0.968725,0.590656,0.505693,25.0337,"main_cat IN ('Camera & Photo', 'Camera &amp; Photo')"
1592,0.300422,7,0.574687,0.760422,post_filter,False,0.6127,1.0,0.979576,0.574687,0.782338,25.4514,"main_cat IN ('All Electronics', 'Books', 'Sports & Outdoors')"
1593,0.680906,18,0.430467,0.900329,post_filter,False,0.8163,1.0,0.972789,0.430467,0.907575,24.9772,"overall IN (3,5)"
1594,0.319094,7,0.574687,0.782338,post_filter,False,0.9828,1.0,0.96724,0.574687,0.800828,25.0228,"overall IN (1,2,4)"
1595,0.339351,8,0.67175,0.915392,post_filter,False,0.2575,0.0,0.0,0.67175,0.823853,34.079,"main_cat IN ('Home Audio & Theater', 'Camera &amp; Photo', 'Sports & Outdoors')"
1596,0.160682,1,0.620602,0.730158,post_filter,False,0.728,1.0,0.975732,0.620602,0.754716,25.1219,"main_cat IN ('Camera & Photo', 'Computers')"
1597,0.774129,19,0.59049,0.755724,post_filter,False,0.502,0.9,0.572613,0.59049,0.737413,25.4587,"overall IN (1,3,5)"
1598,0.70348,19,0.59049,0.737413,post_filter,False,0.5581,1.0,0.981397,0.59049,0.761811,25.5345,"overall IN (1,5)"
1599,0.774129,19,0.59049,0.761811,post_filter,False,0.6869,1.0,0.977103,0.59049,0.78334,25.1545,"overall IN (1,3,5)"
1600,0.319094,7,0.574687,0.800828,post_filter,False,0.8075,1.0,0.973082,0.574687,0.818053,25.1006,"overall IN (1,2,4)"
1601,0.092237,0,0.84928,0.673463,pre_filter,False,5.6792,1.0,0.810693,0.845421,0.673463,25.1623,main_cat='Home Audio &amp; Theater' AND overall>=3.0
1602,0.836128,20,0.59049,0.898136,post_filter,False,0.9313,1.0,0.968957,0.59049,0.905218,25.1497,"overall IN (2,4,5)"
1603,0.728433,19,0.59049,0.78334,post_filter,False,0.6283,0.9,0.57016,0.59049,0.762022,25.2004,"overall IN (2,3,5)"
1604,0.248992,4,0.677455,0.910861,post_filter,False,0.8325,1.0,0.97225,0.677455,0.917,25.0094,"overall IN (3,4)"
1605,0.859249,20,0.59049,0.905218,post_filter,False,0.8365,1.0,0.972118,0.59049,0.911908,25.1836,overall>=3.0
1606,0.210713,2,0.590656,0.505693,pre_filter,False,11.6133,1.0,0.61289,0.59288,0.505693,25.4687,"main_cat IN ('Camera & Photo', 'Camera &amp; Photo')"
1607,0.7886,19,0.59049,0.762022,post_filter,False,0.2233,0.0,0.0,0.59049,0.68582,25.0725,overall>=4.0
1608,0.092237,0,0.845421,0.673463,pre_filter,False,5.6206,1.0,0.812647,0.842144,0.673463,25.4411,main_cat='Home Audio &amp; Theater' AND overall>=3.0
1609,0.092237,0,0.842144,0.673463,post_filter,False,1.0208,1.0,0.965972,0.842144,0.702714,25.1965,main_cat='Home Audio &amp; Theater' AND overall>=3.0
1610,0.230635,3,0.593864,0.664334,post_filter,False,1.0319,1.0,0.965603,0.593864,0.69446,25.3781,"main_cat IN ('Camera & Photo', 'Camera &amp; Photo', 'Cell Phones &amp; Accessories')"
1611,0.140751,1,0.620602,0.754716,post_filter,False,1.2119,0.9,0.558831,0.620602,0.735127,25.0377,overall<=2.0
1612,0.319094,7,0.574687,0.818053,post_filter,False,0.4664,0.0,0.0,0.574687,0.736248,25.231,"overall IN (1,2,4)"
1613,0.7886,19,0.59049,0.68582,post_filter,False,0.8435,1.0,0.971885,0.59049,0.714426,25.2302,overall>=4.0
1614,0.859249,20,0.59049,0.911908,post_filter,False,0.4084,0.0,0.0,0.59049,0.820717,25.6025,overall>=3.0
1615,0.751008,19,0.59049,0.714426,post_filter,False,1.0129,1.0,0.966237,0.59049,0.739607,25.2974,"overall IN (1,2,5)"
1616,0.140751,1,0.620602,0.735127,post_filter,False,1.3314,0.4,0.000167,0.620602,0.661631,26.3776,overall<=2.0
1617,0.821657,20,0.59049,0.820717,post_filter,False,0.9513,1.0,0.968292,0.59049,0.835474,25.4915,"overall IN (1,2,3,5)"
1618,0.319094,7,0.574687,0.736248,post_filter,False,0.9645,1.0,0.967851,0.574687,0.759408,25.1054,"overall IN (1,2,4)"
1619,0.270385,5,0.550355,0.699798,post_filter,False,0.8772,1.0,0.970761,0.550355,0.726894,25.4215,"main_cat IN ('Home Audio & Theater', 'Books', 'Tools & Home Improvement')"
1620,0.300422,7,0.574687,0.759408,post_filter,False,1.0324,1.0,0.965586,0.574687,0.780026,25.3168,"main_cat IN ('All Electronics', 'Books', 'Sports & Outdoors')"
1621,0.12068,1,0.620602,0.661631,post_filter,False,0.7022,1.0,0.976594,0.620602,0.693128,25.4264,"main_cat IN ('Camera &amp; Photo', 'Cell Phones &amp; Accessories', 'Tools & Home Improvement')"
1622,0.092237,0,0.842144,0.702714,pre_filter,False,5.6976,1.0,0.810079,0.838937,0.702714,25.4493,main_cat='Home Audio &amp; Theater' AND overall>=3.0
1623,0.050727,0,0.838937,0.702714,pre_filter,False,2.775,1.0,0.9075,0.845793,0.702714,25.7222,"main_cat IN ('Computers', 'Tools & Home Improvement')"
1624,0.248992,4,0.677455,0.917,post_filter,False,0.8357,1.0,0.972143,0.677455,0.922514,25.235,"overall IN (3,4)"
1625,0.389743,11,0.59049,0.894754,post_filter,False,1.1037,1.0,0.963211,0.59049,0.901599,25.3787,overall<=4.0
1626,0.300422,7,0.574687,0.780026,post_filter,False,0.2494,1.0,0.991687,0.574687,0.801192,25.4181,"main_cat IN ('All Electronics', 'Books', 'Sports & Outdoors')"
1627,0.836128,20,0.59049,0.835474,post_filter,False,0.8377,1.0,0.972076,0.59049,0.849135,25.3351,"overall IN (2,4,5)"
1628,0.230635,3,0.593864,0.69446,post_filter,False,0.9724,1.0,0.967588,0.593864,0.721773,25.2792,"main_cat IN ('Camera & Photo', 'Camera &amp; Photo', 'Cell Phones &amp; Accessories')"
1629,0.12068,1,0.620602,0.693128,post_filter,False,0.774,1.0,0.974199,0.620602,0.721235,25.4863,"main_cat IN ('Camera &amp; Photo', 'Cell Phones &amp; Accessories', 'Tools & Home Improvement')"
1630,0.140751,1,0.620602,0.721235,pre_filter,False,14.552,1.0,0.514935,0.610035,0.721235,26.5832,overall<=2.0
1631,0.092237,0,0.845793,0.702714,pre_filter,False,5.7522,1.0,0.80826,0.84204,0.702714,25.1954,main_cat='Home Audio &amp; Theater' AND overall>=3.0
1632,0.160682,1,0.610035,0.721235,post_filter,False,0.9637,1.0,0.967876,0.610035,0.745899,25.3721,"main_cat IN ('Camera & Photo', 'Computers')"
1633,0.339351,8,0.67175,0.823853,post_filter,False,1.0789,1.0,0.964036,0.67175,0.837871,25.4547,"main_cat IN ('Home Audio & Theater', 'Camera &amp; Photo', 'Sports & Outdoors')"
1634,0.389743,11,0.59049,0.901599,post_filter,False,1.0545,1.0,0.96485,0.59049,0.907924,25.138,overall<=4.0
1635,0.680906,18,0.430467,0.907575,post_filter,False,0.8474,1.0,0.971753,0.430467,0.913993,25.6311,"overall IN (3,5)"
1636,0.680906,18,0.430467,0.913993,post_filter,False,0.8409,1.0,0.971971,0.430467,0.919791,25.0911,"overall IN (3,5)"
1637,0.658182,18,0.430467,0.919791,post_filter,False,0.403,0.8,0.176925,0.430467,0.845504,25.2919,verified=true AND overall>=3.0
1638,0.339351,8,0.67175,0.837871,pre_filter,False,29.301,1.0,0.023301,0.606905,0.837871,25.388,"main_cat IN ('Home Audio & Theater', 'Camera &amp; Photo', 'Sports & Outdoors')"
1639,0.12068,1,0.610035,0.745899,pre_filter,False,6.954,1.0,0.768199,0.625852,0.745899,25.509,"main_cat IN ('Camera &amp; Photo', 'Cell Phones &amp; Accessories', 'Tools & Home Improvement')"
1640,0.050727,0,0.84204,0.702714,pre_filter,False,3.0008,1.0,0.899972,0.847833,0.702714,25.5284,"main_cat IN ('Computers', 'Tools & Home Improvement')"
1641,0.092237,0,0.847833,0.702714,pre_filter,False,5.5376,1.0,0.815414,0.844591,0.702714,25.1933,main_cat='Home Audio &amp; Theater' AND overall>=3.0
1642,0.300422,7,0.574687,0.801192,post_filter,False,0.8686,1.0,0.971047,0.574687,0.818178,25.1524,"main_cat IN ('All Electronics', 'Books', 'Sports & Outdoors')"
1643,0.680906,18,0.430467,0.845504,post_filter,False,0.84,1.0,0.972,0.430467,0.858154,25.1624,"overall IN (3,5)"
1644,0.092237,0,0.844591,0.702714,pre_filter,False,5.5248,1.0,0.81584,0.841716,0.702714,25.3387,main_cat='Home Audio &amp; Theater' AND overall>=3.0
1645,0.728433,19,0.59049,0.739607,post_filter,False,0.8385,1.0,0.97205,0.59049,0.762852,25.1529,"overall IN (2,3,5)"
1646,0.728433,19,0.59049,0.762852,post_filter,False,0.7273,1.0,0.975756,0.59049,0.784142,25.189,"overall IN (2,3,5)"
1647,0.859249,20,0.59049,0.849135,post_filter,False,0.7996,1.0,0.973346,0.59049,0.861556,24.9884,overall>=3.0
1648,0.270385,5,0.550355,0.726894,post_filter,False,1.0294,0.9,0.562374,0.550355,0.710442,25.351,"main_cat IN ('Home Audio & Theater', 'Books', 'Tools & Home Improvement')"
1649,0.906777,21,1.0,0.843115,post_filter,True,0.6269,1.0,0.979103,1.0,0.856714,25.1838,overall>=2.0
1650,0.319094,7,0.574687,0.818178,post_filter,False,0.8024,1.0,0.973253,0.574687,0.833685,25.2263,"overall IN (1,2,4)"
1651,0.050727,0,0.841716,0.702714,post_filter,False,1.1187,0.8,0.172647,0.841716,0.649707,25.6872,"main_cat IN ('Computers', 'Tools & Home Improvement')"
1652,0.248992,4,0.677455,0.922514,post_filter,False,1.1041,0.9,0.560924,0.677455,0.886355,25.213,"overall IN (3,4)"
1653,0.339351,8,0.606905,0.837871,post_filter,False,0.9579,1.0,0.968071,0.606905,0.850891,25.1402,"main_cat IN ('Home Audio & Theater', 'Camera &amp; Photo', 'Sports & Outdoors')"
1654,0.319094,7,0.574687,0.833685,post_filter,False,0.5589,1.0,0.981369,0.574687,0.848454,24.9728,"overall IN (1,2,4)"
1655,0.836128,20,0.59049,0.861556,post_filter,False,0.764,1.0,0.974532,0.59049,0.872853,25.3499,"overall IN (2,4,5)"
1656,0.092237,0,0.841716,0.649707,pre_filter,False,5.5916,1.0,0.813612,0.838906,0.649707,25.3456,main_cat='Home Audio &amp; Theater' AND overall>=3.0
1657,0.821657,20,0.59049,0.872853,post_filter,False,0.906,1.0,0.969801,0.59049,0.882548,25.239,"overall IN (1,2,3,5)"
1658,0.929351,21,1.0,0.856714,post_filter,True,0.8074,1.0,0.973086,1.0,0.868351,25.2621,"overall IN (1,2,4,5)"
1659,0.680906,18,0.430467,0.858154,post_filter,False,0.8861,1.0,0.970463,0.430467,0.869385,25.1524,"overall IN (3,5)"
1660,0.929351,21,1.0,0.868351,post_filter,True,0.8147,1.0,0.972843,1.0,0.8788,25.2663,"overall IN (1,2,4,5)"
1661,0.210713,2,0.59288,0.505693,post_filter,False,0.8856,1.0,0.970479,0.59288,0.552171,25.2823,"main_cat IN ('Camera & Photo', 'Camera &amp; Photo')"
1662,0.70348,19,0.59049,0.784142,post_filter,False,0.9857,1.0,0.967143,0.59049,0.802442,25.1834,"overall IN (1,5)"
1663,0.658182,18,0.430467,0.869385,post_filter,False,0.9428,1.0,0.968574,0.430467,0.879304,25.2477,verified=true AND overall>=3.0
1664,0.160682,1,0.625852,0.745899,post_filter,False,0.6626,1.0,0.977912,0.625852,0.7691,25.1578,"main_cat IN ('Camera & Photo', 'Computers')"
1665,0.774129,19,0.59049,0.802442,post_filter,False,0.8665,1.0,0.971117,0.59049,0.81931,25.2637,"overall IN (1,3,5)"
1666,0.319094,7,0.574687,0.848454,post_filter,False,0.4851,1.0,0.983829,0.574687,0.861991,25.2516,"overall IN (1,2,4)"
1667,0.160682,1,0.625852,0.7691,post_filter,False,1.3608,0.6,0.009641,0.625852,0.693154,25.6953,"main_cat IN ('Camera & Photo', 'Computers')"
1668,0.140751,1,0.625852,0.693154,post_filter,False,1.3265,0.0,0.0,0.625852,0.623839,27.7508,overall<=2.0
1669,0.230635,3,0.593864,0.721773,post_filter,False,0.8378,1.0,0.972072,0.593864,0.746803,25.0043,"main_cat IN ('Camera & Photo', 'Camera &amp; Photo', 'Cell Phones &amp; Accessories')"
1670,0.248992,4,0.677455,0.886355,post_filter,False,0.8736,1.0,0.970881,0.677455,0.894807,25.4792,"overall IN (3,4)"
1671,0.230635,3,0.593864,0.746803,post_filter,False,0.9392,0.9,0.564126,0.593864,0.728535,25.0782,"main_cat IN ('Camera & Photo', 'Camera &amp; Photo', 'Cell Phones &amp; Accessories')"
1672,0.610257,18,0.430467,0.879304,post_filter,False,0.7687,1.0,0.974376,0.430467,0.888811,25.5002,overall>=5.0
1673,0.140751,1,0.625852,0.623839,pre_filter,False,12.3294,1.0,0.589021,0.622169,0.623839,27.3689,overall<=2.0
1674,0.092237,0,0.838906,0.649707,pre_filter,False,5.7982,1.0,0.806725,0.835688,0.649707,25.2229,main_cat='Home Audio &amp; Theater' AND overall>=3.0
1675,0.160682,1,0.622169,0.623839,post_filter,False,0.582,1.0,0.9806,0.622169,0.659515,25.3226,"main_cat IN ('Camera & Photo', 'Computers')"
1676,0.339351,8,0.606905,0.850891,post_filter,False,0.7876,1.0,0.973746,0.606905,0.863177,25.2652,"main_cat IN ('Home Audio & Theater', 'Camera &amp; Photo', 'Sports & Outdoors')"
1677,0.230635,3,0.593864,0.728535,post_filter,False,1.0436,1.0,0.965213,0.593864,0.752203,25.4856,"main_cat IN ('Camera & Photo', 'Camera &amp; Photo', 'Cell Phones &amp; Accessories')"
1678,0.339351,8,0.606905,0.863177,post_filter,False,0.7727,0.8,0.174715,0.606905,0.794331,25.4175,"main_cat IN ('Home Audio & Theater', 'Camera &amp; Photo', 'Sports & Outdoors')"
1679,0.248992,4,0.677455,0.894807,post_filter,False,0.8275,1.0,0.972418,0.677455,0.902568,25.4826,"overall IN (3,4)"
1680,0.610257,18,0.430467,0.888811,post_filter,False,0.9635,1.0,0.967882,0.430467,0.896718,25.2265,overall>=5.0
1681,0.859249,20,0.59049,0.882548,post_filter,False,0.9686,1.0,0.967714,0.59049,0.891065,25.2876,overall>=3.0
1682,0.092237,0,0.835688,0.649707,pre_filter,False,5.7338,1.0,0.808872,0.833006,0.649707,25.3363,main_cat='Home Audio &amp; Theater' AND overall>=3.0
1683,0.300422,7,0.574687,0.861991,post_filter,False,0.94,1.0,0.968668,0.574687,0.872659,25.3621,"main_cat IN ('All Electronics', 'Books', 'Sports & Outdoors')"
1684,0.230635,3,0.593864,0.752203,post_filter,False,1.0523,1.0,0.964924,0.593864,0.773475,25.4166,"main_cat IN ('Camera & Photo', 'Camera &amp; Photo', 'Cell Phones &amp; Accessories')"
1685,0.210713,2,0.59288,0.552171,pre_filter,False,11.6668,1.0,0.611106,0.594702,0.552171,25.1441,"main_cat IN ('Camera & Photo', 'Camera &amp; Photo')"
1686,0.821657,20,0.59049,0.891065,post_filter,False,0.941,1.0,0.968632,0.59049,0.898821,25.2609,"overall IN (1,2,3,5)"
1687,0.751008,19,0.59049,0.81931,post_filter,False,0.9299,1.0,0.969004,0.59049,0.834279,25.3497,"overall IN (1,2,5)"
1688,0.610257,18,0.430467,0.896718,post_filter,False,0.7656,1.0,0.974481,0.430467,0.904494,25.076,overall>=5.0
1689,0.728433,19,0.59049,0.834279,post_filter,False,0.8355,1.0,0.972149,0.59049,0.848066,25.2192,"overall IN (2,3,5)"
1690,0.728433,19,0.59049,0.848066,post_filter,False,0.9913,1.0,0.966957,0.59049,0.859955,25.1282,"overall IN (2,3,5)"
1691,0.180604,1,0.622169,0.659515,post_filter,False,0.9297,0.9,0.564309,0.622169,0.649994,25.4862,"main_cat IN ('Camera & Photo', 'Computers', 'Cell Phones &amp; Accessories')"
1692,0.389743,11,0.59049,0.907924,post_filter,False,0.6734,1.0,0.977554,0.59049,0.914887,25.3251,overall<=4.0
1693,0.12068,1,0.622169,0.649994,post_filter,False,0.8288,1.0,0.972372,0.622169,0.682232,25.4492,"main_cat IN ('Camera &amp; Photo', 'Cell Phones &amp; Accessories', 'Tools & Home Improvement')"
1694,0.140751,1,0.622169,0.682232,post_filter,False,1.3663,0.8,0.171167,0.622169,0.631126,25.687,overall<=2.0
1695,0.248992,4,0.677455,0.902568,post_filter,False,0.7322,1.0,0.975594,0.677455,0.909871,25.3191,"overall IN (3,4)"
1696,0.050727,0,0.833006,0.649707,pre_filter,False,2.8053,1.0,0.906492,0.840355,0.649707,25.5833,"main_cat IN ('Computers', 'Tools & Home Improvement')"
1697,0.319094,7,0.574687,0.872659,post_filter,False,0.9811,1.0,0.967296,0.574687,0.882123,25.3151,"overall IN (1,2,4)"
1698,0.270385,5,0.550355,0.710442,post_filter,False,0.4753,0.5,0.001605,0.550355,0.639558,25.2433,"main_cat IN ('Home Audio & Theater', 'Books', 'Tools & Home Improvement')"
1699,0.881823,20,0.59049,0.898821,post_filter,False,0.722,1.0,0.975932,0.59049,0.906533,25.3286,"overall IN (1,4,5)"
1700,0.728433,19,0.59049,0.859955,post_filter,False,1.0425,1.0,0.96525,0.59049,0.870485,25.1733,"overall IN (2,3,5)"
1701,0.319094,7,0.574687,0.882123,post_filter,False,0.9355,1.0,0.968818,0.574687,0.890792,25.3295,"overall IN (1,2,4)"
1702,0.859249,20,0.59049,0.906533,post_filter,False,0.8857,0.9,0.565164,0.59049,0.872396,25.0165,overall>=3.0
1703,0.906777,21,1.0,0.8788,post_filter,True,0.7863,1.0,0.97379,1.0,0.888299,25.0558,overall>=2.0
1704,0.270385,5,0.550355,0.639558,post_filter,False,0.7147,1.0,0.976178,0.550355,0.67322,25.2427,"main_cat IN ('Home Audio & Theater', 'Books', 'Tools & Home Improvement')"
1705,0.389743,11,0.59049,0.914887,post_filter,False,0.5883,1.0,0.980389,0.59049,0.921438,25.2325,overall<=4.0
1706,0.270385,5,0.550355,0.67322,post_filter,False,0.9649,1.0,0.967837,0.550355,0.702682,25.1036,"main_cat IN ('Home Audio & Theater', 'Books', 'Tools & Home Improvement')"
1707,0.339351,8,0.606905,0.794331,post_filter,False,0.8187,1.0,0.972711,0.606905,0.812169,25.0795,"main_cat IN ('Home Audio & Theater', 'Camera &amp; Photo', 'Sports & Outdoors')"
1708,0.881823,20,0.59049,0.872396,post_filter,False,0.8841,1.0,0.970529,0.59049,0.882209,25.2537,"overall IN (1,4,5)"
1709,0.881823,20,0.59049,0.882209,post_filter,False,1.0407,1.0,0.96531,0.59049,0.890519,24.9913,"overall IN (1,4,5)"
1710,0.906777,21,1.0,0.888299,post_filter,True,0.6035,1.0,0.979883,1.0,0.897458,25.2169,overall>=2.0
1711,0.751008,19,0.59049,0.870485,post_filter,False,0.2651,1.0,0.991164,0.59049,0.882553,25.1834,"overall IN (1,2,5)"
1712,0.728433,19,0.59049,0.882553,post_filter,False,0.9589,1.0,0.968036,0.59049,0.891101,25.0654,"overall IN (2,3,5)"
1713,0.140751,1,0.622169,0.631126,post_filter,False,1.0849,0.8,0.172849,0.622169,0.585298,25.2751,overall<=2.0
1714,0.248992,4,0.677455,0.909871,post_filter,False,0.8266,1.0,0.972447,0.677455,0.916129,25.395,"overall IN (3,4)"
1715,0.270385,5,0.550355,0.702682,post_filter,False,0.9085,1.0,0.969715,0.550355,0.729385,25.2028,"main_cat IN ('Home Audio & Theater', 'Books', 'Tools & Home Improvement')"
1716,0.728433,19,0.59049,0.891101,post_filter,False,0.9444,1.0,0.968519,0.59049,0.898843,25.0672,"overall IN (2,3,5)"
1717,0.7886,19,0.59049,0.898843,post_filter,False,0.8027,1.0,0.973244,0.59049,0.906283,25.3583,overall>=4.0
1718,0.180604,1,0.622169,0.585298,pre_filter,False,10.449,1.0,0.651699,0.625122,0.585298,32.6109,"main_cat IN ('Camera & Photo', 'Computers', 'Cell Phones &amp; Accessories')"
1719,0.610257,18,0.430467,0.904494,post_filter,False,1.4459,1.0,0.951803,0.430467,0.909225,25.2244,overall>=5.0
1720,0.270385,5,0.550355,0.729385,post_filter,False,0.85,0.7,0.045842,0.550355,0.661031,25.2685,"main_cat IN ('Home Audio & Theater', 'Books', 'Tools & Home Improvement')"
1721,0.160682,1,0.625122,0.585298,post_filter,False,0.8812,0.7,0.045793,0.625122,0.531347,25.5297,"main_cat IN ('Camera & Photo', 'Computers')"
1722,0.319094,7,0.574687,0.890792,post_filter,False,0.5874,1.0,0.980419,0.574687,0.899755,25.276,"overall IN (1,2,4)"
1723,0.270385,5,0.550355,0.661031,post_filter,False,0.8947,1.0,0.970176,0.550355,0.691945,25.1556,"main_cat IN ('Home Audio & Theater', 'Books', 'Tools & Home Improvement')"
1724,0.248992,4,0.677455,0.916129,post_filter,False,0.9276,1.0,0.969079,0.677455,0.921424,25.0521,"overall IN (3,4)"
1725,0.821657,20,0.59049,0.890519,post_filter,False,0.539,1.0,0.982032,0.59049,0.89967,25.1405,"overall IN (1,2,3,5)"
1726,0.7886,19,0.59049,0.906283,post_filter,False,0.4585,1.0,0.984718,0.59049,0.914126,25.2869,overall>=4.0
1727,0.751008,19,0.59049,0.914126,post_filter,False,0.9107,1.0,0.969644,0.59049,0.919678,25.3635,"overall IN (1,2,5)"
1728,0.610257,18,0.430467,0.909225,post_filter,False,0.5652,1.0,0.98116,0.430467,0.916418,25.4081,overall>=5.0
1729,0.70348,19,0.59049,0.919678,post_filter,False,0.9859,1.0,0.967137,0.59049,0.924424,25.0443,"overall IN (1,5)"
1730,0.859249,20,0.59049,0.89967,post_filter,False,1.0203,1.0,0.96599,0.59049,0.906302,25.0386,overall>=3.0
1731,0.210713,2,0.594702,0.552171,pre_filter,False,11.8037,1.0,0.606544,0.595887,0.552171,25.004,"main_cat IN ('Camera & Photo', 'Camera &amp; Photo')"
1732,0.270385,5,0.550355,0.691945,post_filter,False,0.9473,1.0,0.968424,0.550355,0.719593,25.2824,"main_cat IN ('Home Audio & Theater', 'Books', 'Tools & Home Improvement')"
1733,0.319094,7,0.574687,0.899755,post_filter,False,0.8172,1.0,0.972758,0.574687,0.907055,25.2543,"overall IN (1,2,4)"
1734,0.230635,3,0.593864,0.773475,post_filter,False,1.0047,0.9,0.562853,0.593864,0.752413,25.2783,"main_cat IN ('Camera & Photo', 'Camera &amp; Photo', 'Cell Phones &amp; Accessories')"
1735,0.881823,20,0.59049,0.906302,post_filter,False,0.5665,1.0,0.981115,0.59049,0.913784,25.2437,"overall IN (1,4,5)"
1736,0.859249,20,0.59049,0.913784,post_filter,False,0.9755,1.0,0.967485,0.59049,0.919154,25.3227,overall>=3.0
1737,0.319094,7,0.574687,0.907055,post_filter,False,0.6291,1.0,0.979029,0.574687,0.914253,25.3345,"overall IN (1,2,4)"
1738,0.300422,7,0.574687,0.914253,post_filter,False,0.9003,1.0,0.969989,0.574687,0.919826,25.447,"main_cat IN ('All Electronics', 'Books', 'Sports & Outdoors')"
1739,0.12068,1,0.625122,0.531347,pre_filter,False,7.127,1.0,0.762433,0.638853,0.531347,25.2365,"main_cat IN ('Camera &amp; Photo', 'Cell Phones &amp; Accessories', 'Tools & Home Improvement')"
1740,0.952472,21,1.0,0.897458,post_filter,True,0.8143,1.0,0.972857,1.0,0.904998,25.6027,"overall IN (1,3,4,5)"
1741,0.70348,19,0.59049,0.924424,post_filter,False,0.877,1.0,0.970765,0.59049,0.929058,25.7228,"overall IN (1,5)"
1742,0.180604,1,0.638853,0.531347,pre_filter,False,10.2183,1.0,0.65939,0.640907,0.531347,25.2888,"main_cat IN ('Camera & Photo', 'Computers', 'Cell Phones &amp; Accessories')"
1743,0.70348,19,0.59049,0.929058,post_filter,False,0.7694,1.0,0.974354,0.59049,0.933588,25.1308,"overall IN (1,5)"
1744,0.680906,18,0.430467,0.916418,post_filter,False,0.9276,1.0,0.969079,0.430467,0.921685,25.2004,"overall IN (3,5)"
1745,0.160682,1,0.640907,0.531347,pre_filter,False,9.8688,1.0,0.67104,0.64392,0.531347,25.2508,"main_cat IN ('Camera & Photo', 'Computers')"
1746,0.774129,19,0.59049,0.933588,post_filter,False,0.7185,1.0,0.97605,0.59049,0.937834,25.4126,"overall IN (1,3,5)"
1747,0.836128,20,0.59049,0.919154,post_filter,False,0.6502,1.0,0.978326,0.59049,0.925071,25.6301,"overall IN (2,4,5)"
1748,0.680906,18,0.430467,0.921685,post_filter,False,0.579,1.0,0.9807,0.430467,0.927586,25.6481,"overall IN (3,5)"
1749,0.050727,0,0.840355,0.649707,pre_filter,False,2.7956,1.0,0.906813,0.847001,0.649707,25.4191,"main_cat IN ('Computers', 'Tools & Home Improvement')"
1750,0.821657,20,0.59049,0.925071,post_filter,False,1.0651,1.0,0.964496,0.59049,0.929014,25.416,"overall IN (1,2,3,5)"
1751,0.389743,11,0.59049,0.921438,post_filter,False,0.9865,1.0,0.967118,0.59049,0.926006,25.4095,overall<=4.0
1752,0.7886,19,0.59049,0.937834,post_filter,False,0.9705,1.0,0.967649,0.59049,0.940816,25.3862,overall>=4.0
1753,0.180604,1,0.64392,0.531347,pre_filter,False,10.5655,1.0,0.647817,0.64431,0.531347,25.3673,"main_cat IN ('Camera & Photo', 'Computers', 'Cell Phones &amp; Accessories')"
1754,0.389743,11,0.59049,0.926006,post_filter,False,0.9632,1.0,0.967893,0.59049,0.930194,25.3508,overall<=4.0
1755,0.859249,20,0.59049,0.929014,post_filter,False,0.6958,1.0,0.976807,0.59049,0.933793,25.4316,overall>=3.0
1756,0.248992,4,0.677455,0.921424,post_filter,False,0.762,1.0,0.9746,0.677455,0.926741,25.4342,"overall IN (3,4)"
1757,0.881823,20,0.59049,0.933793,post_filter,False,0.7423,0.9,0.567947,0.59049,0.897208,25.4031,"overall IN (1,4,5)"
1758,0.7886,19,0.59049,0.940816,post_filter,False,0.84,1.0,0.971999,0.59049,0.943934,25.1623,overall>=4.0
1759,0.092237,0,0.847001,0.649707,pre_filter,False,5.4935,1.0,0.816882,0.843989,0.649707,25.5264,main_cat='Home Audio &amp; Theater' AND overall>=3.0
1760,0.881823,20,0.59049,0.897208,post_filter,False,0.7981,1.0,0.973397,0.59049,0.904827,25.1737,"overall IN (1,4,5)"
1761,0.906777,21,1.0,0.904998,post_filter,True,0.7547,1.0,0.974844,1.0,0.911982,25.3172,overall>=2.0
1762,0.859249,20,0.59049,0.904827,post_filter,False,0.6228,1.0,0.979242,0.59049,0.912269,25.4819,overall>=3.0
1763,0.859249,20,0.59049,0.912269,post_filter,False,0.9352,1.0,0.968828,0.59049,0.917925,25.0426,overall>=3.0
1764,0.339351,8,0.606905,0.812169,post_filter,False,0.8705,1.0,0.970985,0.606905,0.82805,25.3108,"main_cat IN ('Home Audio & Theater', 'Camera &amp; Photo', 'Sports & Outdoors')"
1765,0.774129,19,0.59049,0.943934,post_filter,False,0.3671,1.0,0.987763,0.59049,0.948317,26.476,"overall IN (1,3,5)"
1766,0.610257,18,0.430467,0.927586,post_filter,False,0.9318,1.0,0.968939,0.430467,0.931721,26.5149,overall>=5.0
1767,0.140751,1,0.64431,0.531347,pre_filter,False,12.4789,1.0,0.584038,0.638282,0.531347,26.7292,overall<=2.0
1768,0.751008,19,0.59049,0.948317,post_filter,False,0.6388,1.0,0.978707,0.59049,0.951356,25.3679,"overall IN (1,2,5)"
1769,0.248992,4,0.677455,0.926741,post_filter,False,0.9596,1.0,0.968012,0.677455,0.930868,25.1509,"overall IN (3,4)"
1770,0.210713,2,0.595887,0.552171,post_filter,False,0.8423,1.0,0.971924,0.595887,0.594146,33.959,"main_cat IN ('Camera & Photo', 'Camera &amp; Photo')"
1771,0.230635,3,0.593864,0.752413,pre_filter,False,12.8358,1.0,0.572142,0.591692,0.752413,25.2054,"main_cat IN ('Camera & Photo', 'Camera &amp; Photo', 'Cell Phones &amp; Accessories')"
1772,0.774129,19,0.59049,0.951356,post_filter,False,0.905,1.0,0.969833,0.59049,0.953203,25.4304,"overall IN (1,3,5)"
1773,0.140751,1,0.638282,0.531347,pre_filter,False,16.1153,1.0,0.462822,0.620736,0.531347,25.7637,overall<=2.0
1774,0.7886,19,0.59049,0.953203,post_filter,False,0.627,1.0,0.979099,0.59049,0.955793,25.4896,overall>=4.0
1775,0.339351,8,0.606905,0.82805,post_filter,False,0.9496,1.0,0.968346,0.606905,0.84208,25.214,"main_cat IN ('Home Audio & Theater', 'Camera &amp; Photo', 'Sports & Outdoors')"
1776,0.859249,20,0.59049,0.917925,post_filter,False,0.8395,1.0,0.972017,0.59049,0.923334,25.2876,overall>=3.0
1777,0.319094,7,0.574687,0.919826,post_filter,False,0.9688,1.0,0.967707,0.574687,0.924614,25.3576,"overall IN (1,2,4)"
1778,0.092237,0,0.843989,0.649707,pre_filter,False,8.6699,0.7,0.033544,0.762944,0.649707,25.2196,main_cat='Home Audio &amp; Theater' AND overall>=3.0
1779,0.389743,11,0.59049,0.930194,post_filter,False,0.5685,0.4,0.000172,0.59049,0.837192,25.3252,overall<=4.0
1780,0.728433,19,0.59049,0.955793,post_filter,False,0.9778,1.0,0.967406,0.59049,0.956954,25.1195,"overall IN (2,3,5)"
1781,0.610257,18,0.430467,0.931721,post_filter,False,1.0165,1.0,0.966117,0.430467,0.935161,24.993,overall>=5.0
1782,0.70348,19,0.59049,0.956954,post_filter,False,0.3676,0.9,0.575221,0.59049,0.918781,25.1452,"overall IN (1,5)"
1783,0.319094,7,0.574687,0.924614,post_filter,False,0.817,1.0,0.972768,0.574687,0.92943,25.3135,"overall IN (1,2,4)"
1784,0.680906,18,0.430467,0.935161,post_filter,False,0.844,1.0,0.971865,0.430467,0.938831,25.2705,"overall IN (3,5)"
1785,0.658182,18,0.430467,0.938831,post_filter,False,0.5343,1.0,0.982189,0.430467,0.943167,25.2356,verified=true AND overall>=3.0
1786,0.952472,21,1.0,0.911982,post_filter,True,0.6061,1.0,0.979796,1.0,0.918764,25.2681,"overall IN (1,3,4,5)"
1787,0.952472,21,1.0,0.918764,post_filter,True,0.7991,1.0,0.973364,1.0,0.924224,25.4994,"overall IN (1,3,4,5)"
1788,0.906777,21,1.0,0.924224,post_filter,True,0.7559,1.0,0.974804,1.0,0.929282,25.4232,overall>=2.0
1789,0.7886,19,0.59049,0.918781,post_filter,False,0.4225,1.0,0.985917,0.59049,0.925495,25.3995,overall>=4.0
1790,0.339351,8,0.606905,0.84208,post_filter,False,0.8852,1.0,0.970494,0.606905,0.854921,25.2023,"main_cat IN ('Home Audio & Theater', 'Camera &amp; Photo', 'Sports & Outdoors')"
1791,0.680906,18,0.430467,0.943167,post_filter,False,0.9329,1.0,0.968904,0.430467,0.945741,25.2891,"overall IN (3,5)"
1792,0.073033,0,0.762944,0.649707,pre_filter,False,3.9117,1.0,0.86961,0.773611,0.649707,25.8966,brand='Tiffen'
1793,0.859249,20,0.59049,0.923334,post_filter,False,1.0955,1.0,0.963482,0.59049,0.927349,25.1474,overall>=3.0
1794,0.300422,7,0.574687,0.92943,post_filter,False,0.7985,1.0,0.973383,0.574687,0.933825,25.647,"main_cat IN ('All Electronics', 'Books', 'Sports & Outdoors')"
1795,0.7886,19,0.59049,0.925495,post_filter,False,0.3675,1.0,0.987749,0.59049,0.93172,25.2843,overall>=4.0
1796,0.929351,21,1.0,0.929282,post_filter,True,0.4253,0.9,0.5741,1.0,0.893764,25.5097,"overall IN (1,2,4,5)"
1797,0.859249,20,0.59049,0.927349,post_filter,False,0.8621,1.0,0.971263,0.59049,0.93174,25.3546,overall>=3.0
1798,0.680906,18,0.430467,0.945741,post_filter,False,0.975,1.0,0.9675,0.430467,0.947917,25.3185,"overall IN (3,5)"
1799,0.728433,19,0.59049,0.93172,post_filter,False,0.8353,1.0,0.972156,0.59049,0.935763,25.3347,"overall IN (2,3,5)"
1800,0.751008,19,0.59049,0.935763,post_filter,False,1.0033,1.0,0.966558,0.59049,0.938843,25.2042,"overall IN (1,2,5)"
1801,0.952472,21,1.0,0.893764,post_filter,True,0.8501,1.0,0.971663,1.0,0.901553,25.593,"overall IN (1,3,4,5)"
1802,0.092237,0,0.773611,0.649707,pre_filter,False,5.5648,1.0,0.814507,0.7777,0.649707,25.6372,main_cat='Home Audio &amp; Theater' AND overall>=3.0
1803,0.12068,1,0.620736,0.531347,pre_filter,False,10.9912,1.0,0.633625,0.622025,0.531347,25.4401,"main_cat IN ('Camera &amp; Photo', 'Cell Phones &amp; Accessories', 'Tools & Home Improvement')"
1804,0.836128,20,0.59049,0.93174,post_filter,False,0.7606,1.0,0.974646,0.59049,0.936031,25.3955,"overall IN (2,4,5)"
1805,0.210713,2,0.595887,0.594146,pre_filter,False,11.7263,1.0,0.609125,0.59721,0.594146,25.3887,"main_cat IN ('Camera & Photo', 'Camera &amp; Photo')"
1806,0.774129,19,0.59049,0.938843,post_filter,False,0.5617,1.0,0.981276,0.59049,0.943086,25.322,"overall IN (1,3,5)"
1807,0.774129,19,0.59049,0.943086,post_filter,False,0.9061,1.0,0.969797,0.59049,0.945757,25.2831,"overall IN (1,3,5)"
1808,0.300422,7,0.574687,0.933825,post_filter,False,0.9091,1.0,0.969696,0.574687,0.937412,25.1242,"main_cat IN ('All Electronics', 'Books', 'Sports & Outdoors')"
1809,0.160682,1,0.622025,0.531347,pre_filter,False,13.7135,1.0,0.542883,0.614111,0.531347,25.4633,"main_cat IN ('Camera & Photo', 'Computers')"
1810,0.751008,19,0.59049,0.945757,post_filter,False,0.884,1.0,0.970535,0.59049,0.948235,25.0483,"overall IN (1,2,5)"
1811,0.728433,19,0.59049,0.948235,post_filter,False,0.7912,1.0,0.973626,0.59049,0.950774,25.3894,"overall IN (2,3,5)"
1812,0.073033,0,0.7777,0.649707,pre_filter,False,3.8875,1.0,0.870415,0.786972,0.649707,26.2813,brand='Tiffen'
1813,0.70348,19,0.59049,0.950774,post_filter,False,0.9633,1.0,0.967892,0.59049,0.952486,25.113,"overall IN (1,5)"
1814,0.751008,19,0.59049,0.952486,post_filter,False,0.4199,1.0,0.986003,0.59049,0.955838,25.684,"overall IN (1,2,5)"
1815,0.774129,19,0.59049,0.955838,post_filter,False,0.8962,1.0,0.970128,0.59049,0.957267,25.4216,"overall IN (1,3,5)"
1816,0.751008,19,0.59049,0.957267,post_filter,False,0.6053,1.0,0.979822,0.59049,0.959522,25.8614,"overall IN (1,2,5)"
1817,0.319094,7,0.574687,0.937412,post_filter,False,0.6894,1.0,0.977021,0.574687,0.941373,25.2922,"overall IN (1,2,4)"
1818,0.836128,20,0.59049,0.936031,post_filter,False,0.9401,0.9,0.564108,0.59049,0.898838,25.2482,"overall IN (2,4,5)"
1819,0.270385,5,0.550355,0.719593,post_filter,False,0.9933,1.0,0.96689,0.550355,0.744323,25.2952,"main_cat IN ('Home Audio & Theater', 'Books', 'Tools & Home Improvement')"
1820,0.859249,20,0.59049,0.898838,post_filter,False,0.6665,1.0,0.977785,0.59049,0.906733,25.0879,overall>=3.0
1821,0.339351,8,0.606905,0.854921,post_filter,False,0.7247,1.0,0.975843,0.606905,0.867013,25.2868,"main_cat IN ('Home Audio & Theater', 'Camera &amp; Photo', 'Sports & Outdoors')"
1822,0.12068,1,0.614111,0.531347,pre_filter,False,7.1886,1.0,0.760381,0.628738,0.531347,25.3698,"main_cat IN ('Camera &amp; Photo', 'Cell Phones &amp; Accessories', 'Tools & Home Improvement')"
1823,0.050727,0,0.786972,0.649707,pre_filter,False,2.8251,1.0,0.905831,0.798858,0.649707,25.7593,"main_cat IN ('Computers', 'Tools & Home Improvement')"
1824,0.12068,1,0.628738,0.531347,pre_filter,False,7.1413,1.0,0.761956,0.64206,0.531347,24.8675,"main_cat IN ('Camera &amp; Photo', 'Cell Phones &amp; Accessories', 'Tools & Home Improvement')"
1825,0.230635,3,0.591692,0.752413,post_filter,False,0.885,0.9,0.565177,0.591692,0.733689,25.1829,"main_cat IN ('Camera & Photo', 'Camera &amp; Photo', 'Cell Phones &amp; Accessories')"
1826,0.210713,2,0.59721,0.594146,post_filter,False,1.0306,1.0,0.965646,0.59721,0.631296,25.1833,"main_cat IN ('Camera & Photo', 'Camera &amp; Photo')"
1827,0.658182,18,0.430467,0.947917,post_filter,False,0.3865,1.0,0.987117,0.430467,0.951837,25.5184,verified=true AND overall>=3.0
1828,0.821657,20,0.59049,0.906733,post_filter,False,1.0924,1.0,0.963586,0.59049,0.912418,25.3311,"overall IN (1,2,3,5)"
1829,0.658182,18,0.430467,0.951837,post_filter,False,0.4302,1.0,0.985661,0.430467,0.955219,25.32,verified=true AND overall>=3.0
1830,0.680906,18,0.430467,0.955219,post_filter,False,1.0149,1.0,0.966169,0.430467,0.956314,25.048,"overall IN (3,5)"
1831,0.70348,19,0.59049,0.959522,post_filter,False,1.0108,1.0,0.966308,0.59049,0.960201,24.988,"overall IN (1,5)"
1832,0.7886,19,0.59049,0.960201,post_filter,False,1.0292,1.0,0.965693,0.59049,0.96075,25.0591,overall>=4.0
1833,0.70348,19,0.59049,0.96075,post_filter,False,1.0488,1.0,0.96504,0.59049,0.961179,25.2962,"overall IN (1,5)"
1834,0.210713,2,0.59721,0.631296,post_filter,False,0.741,1.0,0.975301,0.59721,0.665697,25.136,"main_cat IN ('Camera & Photo', 'Camera &amp; Photo')"
1835,0.389743,11,0.59049,0.837192,post_filter,False,0.6064,1.0,0.979788,0.59049,0.851452,25.4786,overall<=4.0
1836,0.300422,7,0.574687,0.941373,pre_filter,False,24.831,1.0,0.172301,0.534449,0.941373,24.9776,"main_cat IN ('All Electronics', 'Books', 'Sports & Outdoors')"
1837,0.319094,7,0.534449,0.941373,post_filter,False,0.1357,0.1,0.0,0.534449,0.847236,25.1388,"overall IN (1,2,4)"
1838,0.389743,11,0.59049,0.851452,post_filter,False,0.9401,1.0,0.968663,0.59049,0.863173,25.2124,overall<=4.0
1839,0.836128,20,0.59049,0.912418,post_filter,False,1.0428,1.0,0.965239,0.59049,0.9177,24.9157,"overall IN (2,4,5)"
1840,0.774129,19,0.59049,0.961179,post_filter,False,0.6105,1.0,0.979649,0.59049,0.963026,25.195,"overall IN (1,3,5)"
1841,0.70348,19,0.59049,0.963026,post_filter,False,0.6068,1.0,0.979772,0.59049,0.964701,25.45,"overall IN (1,5)"
1842,0.7886,19,0.59049,0.964701,post_filter,False,0.7553,0.9,0.567695,0.59049,0.925,25.2095,overall>=4.0
1843,0.658182,18,0.430467,0.956314,post_filter,False,1.0529,1.0,0.964903,0.430467,0.957173,25.1155,verified=true AND overall>=3.0
1844,0.140751,1,0.64206,0.531347,pre_filter,False,12.4133,1.0,0.586224,0.636476,0.531347,28.6442,overall<=2.0
1845,0.300422,7,0.534449,0.847236,post_filter,False,0.8007,1.0,0.97331,0.534449,0.859843,25.4168,"main_cat IN ('All Electronics', 'Books', 'Sports & Outdoors')"
1846,0.050727,0,0.798858,0.649707,pre_filter,False,3.1084,1.0,0.896386,0.808611,0.649707,25.5635,"main_cat IN ('Computers', 'Tools & Home Improvement')"
1847,0.610257,18,0.430467,0.957173,post_filter,False,0.7568,0.9,0.567666,0.430467,0.918222,25.898,overall>=5.0
1848,0.12068,1,0.636476,0.531347,pre_filter,False,7.0951,1.0,0.763497,0.649178,0.531347,25.5823,"main_cat IN ('Camera &amp; Photo', 'Cell Phones &amp; Accessories', 'Tools & Home Improvement')"
1849,0.248992,4,0.677455,0.930868,post_filter,False,0.8539,1.0,0.971536,0.677455,0.934935,25.3415,"overall IN (3,4)"
1850,0.339351,8,0.606905,0.867013,post_filter,False,1.0562,1.0,0.964793,0.606905,0.876791,32.5889,"main_cat IN ('Home Audio & Theater', 'Camera &amp; Photo', 'Sports & Outdoors')"
1851,0.952472,21,1.0,0.901553,post_filter,True,1.2876,0.9,0.557361,1.0,0.867134,25.6553,"overall IN (1,3,4,5)"
1852,0.092237,0,0.808611,0.649707,pre_filter,False,5.5636,1.0,0.814546,0.809204,0.649707,25.6298,main_cat='Home Audio &amp; Theater' AND overall>=3.0
1853,0.12068,1,0.649178,0.531347,pre_filter,False,7.0453,1.0,0.765156,0.660776,0.531347,25.6355,"main_cat IN ('Camera &amp; Photo', 'Cell Phones &amp; Accessories', 'Tools & Home Improvement')"
1854,0.881823,20,0.59049,0.9177,post_filter,False,0.9023,1.0,0.969924,0.59049,0.922923,25.242,"overall IN (1,4,5)"
1855,0.821657,20,0.59049,0.922923,post_filter,False,0.7595,1.0,0.974685,0.59049,0.928099,25.4335,"overall IN (1,2,3,5)"
1856,0.140751,1,0.660776,0.531347,pre_filter,False,12.2186,1.0,0.592713,0.65397,0.531347,25.548,overall<=2.0
1857,0.300422,7,0.534449,0.859843,post_filter,False,1.0014,1.0,0.966621,0.534449,0.870521,25.2694,"main_cat IN ('All Electronics', 'Books', 'Sports & Outdoors')"
1858,0.248992,4,0.677455,0.934935,post_filter,False,0.9657,1.0,0.96781,0.677455,0.938223,25.0874,"overall IN (3,4)"
1859,0.270385,5,0.550355,0.744323,post_filter,False,0.81,1.0,0.972999,0.550355,0.767191,25.5459,"main_cat IN ('Home Audio & Theater', 'Books', 'Tools & Home Improvement')"
1860,0.389743,11,0.59049,0.863173,post_filter,False,0.4992,0.9,0.572666,0.59049,0.834122,25.572,overall<=4.0
1861,0.859249,20,0.59049,0.928099,post_filter,False,0.9017,1.0,0.969943,0.59049,0.932283,25.1559,overall>=3.0
1862,0.180604,1,0.65397,0.531347,pre_filter,False,10.4033,1.0,0.653224,0.653895,0.531347,25.5006,"main_cat IN ('Camera & Photo', 'Computers', 'Cell Phones &amp; Accessories')"
1863,0.658182,18,0.430467,0.918222,post_filter,False,0.4031,1.0,0.986563,0.430467,0.925056,25.3297,verified=true AND overall>=3.0
1864,0.610257,18,0.430467,0.925056,post_filter,False,0.5445,1.0,0.981849,0.430467,0.930736,25.4973,overall>=5.0
1865,0.300422,7,0.534449,0.870521,post_filter,False,0.8047,1.0,0.973176,0.534449,0.880786,25.2744,"main_cat IN ('All Electronics', 'Books', 'Sports & Outdoors')"
1866,0.610257,18,0.430467,0.930736,post_filter,False,0.4802,1.0,0.983992,0.430467,0.936061,25.3404,overall>=5.0
1867,0.12068,1,0.653895,0.531347,pre_filter,False,7.1026,1.0,0.763246,0.66483,0.531347,25.0678,"main_cat IN ('Camera &amp; Photo', 'Cell Phones &amp; Accessories', 'Tools & Home Improvement')"
1868,0.389743,11,0.59049,0.834122,post_filter,False,0.8511,1.0,0.971631,0.59049,0.847873,25.5085,overall<=4.0
1869,0.821657,20,0.59049,0.932283,post_filter,False,0.1255,0.0,0.0,0.59049,0.839055,25.5696,"overall IN (1,2,3,5)"
1870,0.7886,19,0.59049,0.925,post_filter,False,0.8152,1.0,0.972825,0.59049,0.929783,25.1879,overall>=4.0
1871,0.389743,11,0.59049,0.847873,post_filter,False,0.966,0.9,0.563605,0.59049,0.819446,26.0192,overall<=4.0
1872,0.270385,5,0.550355,0.767191,pre_filter,False,15.4165,1.0,0.486115,0.543931,0.767191,25.0769,"main_cat IN ('Home Audio & Theater', 'Books', 'Tools & Home Improvement')"
1873,0.092237,0,0.809204,0.649707,pre_filter,False,5.5347,1.0,0.815511,0.809835,0.649707,25.1541,main_cat='Home Audio &amp; Theater' AND overall>=3.0
1874,0.248992,4,0.677455,0.938223,post_filter,False,0.4546,1.0,0.984847,0.677455,0.942885,25.3637,"overall IN (3,4)"
1875,0.073033,0,0.809835,0.649707,post_filter,False,0.8344,0.9,0.566159,0.809835,0.641352,25.3041,brand='Tiffen'
1876,0.859249,20,0.59049,0.839055,post_filter,False,0.4662,1.0,0.984461,0.59049,0.853596,25.2537,overall>=3.0
1877,0.7886,19,0.59049,0.929783,post_filter,False,0.907,1.0,0.969765,0.59049,0.933781,25.0894,overall>=4.0
1878,0.12068,1,0.66483,0.531347,pre_filter,False,7.1107,1.0,0.762978,0.674645,0.531347,25.1419,"main_cat IN ('Camera &amp; Photo', 'Cell Phones &amp; Accessories', 'Tools & Home Improvement')"
1879,0.050727,0,0.809835,0.641352,pre_filter,False,2.7953,1.0,0.906824,0.819534,0.641352,25.1945,"main_cat IN ('Computers', 'Tools & Home Improvement')"
1880,0.906777,21,1.0,0.867134,post_filter,True,0.7408,0.9,0.567976,1.0,0.837218,25.3252,overall>=2.0
1881,0.270385,5,0.543931,0.767191,post_filter,False,0.6011,1.0,0.979964,0.543931,0.788468,25.2515,"main_cat IN ('Home Audio & Theater', 'Books', 'Tools & Home Improvement')"
1882,0.751008,19,0.59049,0.933781,post_filter,False,0.6928,1.0,0.976907,0.59049,0.938093,25.2429,"overall IN (1,2,5)"
1883,0.12068,1,0.674645,0.531347,pre_filter,False,6.8568,1.0,0.77144,0.684324,0.531347,25.3133,"main_cat IN ('Camera &amp; Photo', 'Cell Phones &amp; Accessories', 'Tools & Home Improvement')"
1884,0.774129,19,0.59049,0.938093,post_filter,False,0.8905,1.0,0.970318,0.59049,0.941316,25.2207,"overall IN (1,3,5)"
1885,0.859249,20,0.59049,0.853596,pre_filter,False,100.0036,1.0,0.0,0.531441,0.853596,25.2301,overall>=3.0
1886,0.160682,1,0.684324,0.531347,post_filter,False,0.9071,1.0,0.969764,0.684324,0.575189,25.1752,"main_cat IN ('Camera & Photo', 'Computers')"
1887,0.952472,21,1.0,0.837218,post_filter,True,0.8761,1.0,0.970796,1.0,0.850576,25.2327,"overall IN (1,3,4,5)"
1888,0.821657,20,0.531441,0.853596,post_filter,False,0.6004,1.0,0.979987,0.531441,0.866235,25.17,"overall IN (1,2,3,5)"
1889,0.210713,2,0.59721,0.665697,post_filter,False,0.521,0.9,0.572244,0.59721,0.656352,25.1648,"main_cat IN ('Camera & Photo', 'Camera &amp; Photo')"
1890,0.658182,18,0.430467,0.936061,post_filter,False,0.8944,1.0,0.970187,0.430467,0.939474,24.9801,verified=true AND overall>=3.0
1891,0.160682,1,0.684324,0.575189,pre_filter,False,9.2761,1.0,0.690796,0.684972,0.575189,25.2505,"main_cat IN ('Camera & Photo', 'Computers')"
1892,0.680906,18,0.430467,0.939474,post_filter,False,0.8576,0.6,0.00981,0.430467,0.846507,25.175,"overall IN (3,5)"
1893,0.160682,1,0.684972,0.575189,pre_filter,False,9.1959,1.0,0.693471,0.685821,0.575189,25.0532,"main_cat IN ('Camera & Photo', 'Computers')"
1894,0.270385,5,0.543931,0.788468,post_filter,False,0.8586,1.0,0.971379,0.543931,0.806759,25.1879,"main_cat IN ('Home Audio & Theater', 'Books', 'Tools & Home Improvement')"
1895,0.680906,18,0.430467,0.846507,post_filter,False,0.8023,1.0,0.973256,0.430467,0.859182,25.0205,"overall IN (3,5)"
1896,0.339351,8,0.606905,0.876791,post_filter,False,0.7692,1.0,0.97436,0.606905,0.886548,25.2065,"main_cat IN ('Home Audio & Theater', 'Camera &amp; Photo', 'Sports & Outdoors')"
1897,0.389743,11,0.59049,0.819446,post_filter,False,0.7679,1.0,0.974403,0.59049,0.834942,25.3359,overall<=4.0
1898,0.210713,2,0.59721,0.656352,post_filter,False,0.9624,0.9,0.563675,0.59721,0.647084,25.4697,"main_cat IN ('Camera & Photo', 'Camera &amp; Photo')"
1899,0.859249,20,0.531441,0.866235,post_filter,False,0.737,1.0,0.975435,0.531441,0.877155,25.3873,overall>=3.0
1900,0.319094,7,0.534449,0.880786,post_filter,False,0.961,1.0,0.967967,0.534449,0.889504,25.2882,"overall IN (1,2,4)"
1901,0.751008,19,0.59049,0.941316,post_filter,False,0.6465,1.0,0.978451,0.59049,0.945029,25.2906,"overall IN (1,2,5)"
1902,0.160682,1,0.685821,0.575189,post_filter,False,0.7107,1.0,0.97631,0.685821,0.615301,25.264,"main_cat IN ('Camera & Photo', 'Computers')"
1903,0.160682,1,0.685821,0.615301,pre_filter,False,9.2831,1.0,0.690563,0.686296,0.615301,25.454,"main_cat IN ('Camera & Photo', 'Computers')"
1904,0.751008,19,0.59049,0.945029,post_filter,False,0.9979,1.0,0.966737,0.59049,0.9472,25.2178,"overall IN (1,2,5)"
1905,0.774129,19,0.59049,0.9472,post_filter,False,0.8448,1.0,0.971842,0.59049,0.949664,25.5052,"overall IN (1,3,5)"
1906,0.339351,8,0.606905,0.886548,post_filter,False,0.8184,1.0,0.972719,0.606905,0.895165,25.739,"main_cat IN ('Home Audio & Theater', 'Camera &amp; Photo', 'Sports & Outdoors')"
1907,0.319094,7,0.534449,0.889504,post_filter,False,0.6952,1.0,0.976825,0.534449,0.898236,25.6199,"overall IN (1,2,4)"
1908,0.050727,0,0.819534,0.641352,pre_filter,False,2.8157,1.0,0.906143,0.828195,0.641352,25.395,"main_cat IN ('Computers', 'Tools & Home Improvement')"
1909,0.821657,20,0.531441,0.877155,post_filter,False,0.9569,1.0,0.968104,0.531441,0.88625,25.4181,"overall IN (1,2,3,5)"
1910,0.728433,19,0.59049,0.949664,post_filter,False,0.9341,1.0,0.968862,0.59049,0.951584,25.4535,"overall IN (2,3,5)"
1911,0.929351,21,1.0,0.850576,post_filter,True,0.5243,1.0,0.982524,1.0,0.863771,25.5983,"overall IN (1,2,4,5)"
1912,0.180604,1,0.686296,0.615301,pre_filter,False,10.4089,1.0,0.653036,0.68297,0.615301,25.1365,"main_cat IN ('Camera & Photo', 'Computers', 'Cell Phones &amp; Accessories')"
1913,0.389743,11,0.59049,0.834942,post_filter,False,0.7394,1.0,0.975354,0.59049,0.848983,25.4076,overall<=4.0
1914,0.70348,19,0.59049,0.951584,post_filter,False,0.6129,1.0,0.979569,0.59049,0.954383,25.2574,"overall IN (1,5)"
1915,0.339351,8,0.606905,0.895165,post_filter,False,0.7848,1.0,0.973839,0.606905,0.903033,25.5797,"main_cat IN ('Home Audio & Theater', 'Camera &amp; Photo', 'Sports & Outdoors')"
1916,0.319094,7,0.534449,0.898236,post_filter,False,1.0371,1.0,0.965429,0.534449,0.904956,25.1235,"overall IN (1,2,4)"
1917,0.050727,0,0.828195,0.641352,pre_filter,False,3.0305,1.0,0.898983,0.835274,0.641352,25.1896,"main_cat IN ('Computers', 'Tools & Home Improvement')"
1918,0.7886,19,0.59049,0.954383,post_filter,False,0.8091,1.0,0.973031,0.59049,0.956248,25.3751,overall>=4.0
1919,0.180604,1,0.68297,0.615301,post_filter,False,0.9053,1.0,0.969825,0.68297,0.650754,25.1525,"main_cat IN ('Camera & Photo', 'Computers', 'Cell Phones &amp; Accessories')"
1920,0.180604,1,0.68297,0.650754,pre_filter,False,10.3258,1.0,0.655806,0.680253,0.650754,25.2176,"main_cat IN ('Camera & Photo', 'Computers', 'Cell Phones &amp; Accessories')"
1921,0.230635,3,0.591692,0.733689,post_filter,False,0.7774,1.0,0.974086,0.591692,0.757729,25.5179,"main_cat IN ('Camera & Photo', 'Camera &amp; Photo', 'Cell Phones &amp; Accessories')"
1922,0.836128,20,0.531441,0.88625,post_filter,False,0.5955,1.0,0.98015,0.531441,0.89564,25.3977,"overall IN (2,4,5)"
1923,0.7886,19,0.59049,0.956248,post_filter,False,0.6926,1.0,0.976913,0.59049,0.958314,25.1902,overall>=4.0
1924,0.859249,20,0.531441,0.89564,post_filter,False,0.7215,1.0,0.97595,0.531441,0.903671,25.6129,overall>=3.0
1925,0.859249,20,0.531441,0.903671,post_filter,False,0.8897,1.0,0.970344,0.531441,0.910338,25.1387,overall>=3.0
1926,0.092237,0,0.835274,0.641352,pre_filter,False,5.7601,1.0,0.807996,0.832546,0.641352,25.3748,main_cat='Home Audio &amp; Theater' AND overall>=3.0
1927,0.70348,19,0.59049,0.958314,post_filter,False,0.9447,1.0,0.968511,0.59049,0.959334,25.2613,"overall IN (1,5)"
1928,0.12068,1,0.680253,0.650754,pre_filter,False,6.9605,1.0,0.767985,0.689026,0.650754,25.4025,"main_cat IN ('Camera &amp; Photo', 'Cell Phones &amp; Accessories', 'Tools & Home Improvement')"
1929,0.859249,20,0.531441,0.910338,post_filter,False,0.8759,1.0,0.970803,0.531441,0.916385,25.0342,overall>=3.0
1930,0.906777,21,1.0,0.863771,post_filter,True,0.9549,1.0,0.968169,1.0,0.874211,25.2086,overall>=2.0
1931,0.680906,18,0.430467,0.859182,post_filter,False,0.8505,1.0,0.971651,0.430467,0.870429,24.9841,"overall IN (3,5)"
1932,0.160682,1,0.689026,0.650754,pre_filter,False,9.1603,1.0,0.694656,0.689589,0.650754,24.9745,"main_cat IN ('Camera & Photo', 'Computers')"
1933,0.300422,7,0.534449,0.904956,post_filter,False,0.7791,1.0,0.974031,0.534449,0.911863,25.2165,"main_cat IN ('All Electronics', 'Books', 'Sports & Outdoors')"
1934,0.270385,5,0.543931,0.806759,post_filter,False,0.9642,1.0,0.96786,0.543931,0.822869,25.3005,"main_cat IN ('Home Audio & Theater', 'Books', 'Tools & Home Improvement')"
1935,0.180604,1,0.689589,0.650754,pre_filter,False,10.2144,1.0,0.659519,0.686582,0.650754,25.1323,"main_cat IN ('Camera & Photo', 'Computers', 'Cell Phones &amp; Accessories')"
1936,0.389743,11,0.59049,0.848983,post_filter,False,0.8467,1.0,0.971776,0.59049,0.861262,25.1305,overall<=4.0
1937,0.12068,1,0.686582,0.650754,pre_filter,False,7.1387,1.0,0.762043,0.694128,0.650754,25.1212,"main_cat IN ('Camera &amp; Photo', 'Cell Phones &amp; Accessories', 'Tools & Home Improvement')"
1938,0.230635,3,0.591692,0.757729,post_filter,False,0.8742,1.0,0.970861,0.591692,0.779042,25.2893,"main_cat IN ('Camera & Photo', 'Camera &amp; Photo', 'Cell Phones &amp; Accessories')"
1939,0.774129,19,0.59049,0.959334,post_filter,False,0.8244,1.0,0.972519,0.59049,0.960652,24.9336,"overall IN (1,3,5)"
1940,0.906777,21,1.0,0.874211,post_filter,True,0.7115,1.0,0.976283,1.0,0.884418,25.2037,overall>=2.0
1941,0.610257,18,0.430467,0.870429,post_filter,False,0.9344,1.0,0.968854,0.430467,0.880272,25.381,overall>=5.0
1942,0.658182,18,0.430467,0.880272,post_filter,False,1.0482,1.0,0.965061,0.430467,0.888751,24.9572,verified=true AND overall>=3.0
1943,0.751008,19,0.59049,0.960652,post_filter,False,0.8476,1.0,0.971746,0.59049,0.961762,25.0757,"overall IN (1,2,5)"
1944,0.270385,5,0.543931,0.822869,post_filter,False,0.9049,1.0,0.969838,0.543931,0.837566,24.96,"main_cat IN ('Home Audio & Theater', 'Books', 'Tools & Home Improvement')"
1945,0.728433,19,0.59049,0.961762,post_filter,False,0.7154,1.0,0.976154,0.59049,0.963201,25.0386,"overall IN (2,3,5)"
1946,0.319094,7,0.534449,0.911863,post_filter,False,0.5806,1.0,0.980646,0.534449,0.918741,25.2204,"overall IN (1,2,4)"
1947,0.728433,19,0.59049,0.963201,post_filter,False,0.9197,1.0,0.969344,0.59049,0.963815,25.1203,"overall IN (2,3,5)"
1948,0.319094,7,0.534449,0.918741,post_filter,False,0.9336,1.0,0.968879,0.534449,0.923755,25.1623,"overall IN (1,2,4)"
1949,0.70348,19,0.59049,0.963815,post_filter,False,0.7702,1.0,0.974328,0.59049,0.964867,25.3032,"overall IN (1,5)"
1950,0.12068,1,0.694128,0.650754,pre_filter,False,6.9906,1.0,0.766979,0.701413,0.650754,25.1648,"main_cat IN ('Camera &amp; Photo', 'Cell Phones &amp; Accessories', 'Tools & Home Improvement')"
1951,0.300422,7,0.534449,0.923755,post_filter,False,0.9069,1.0,0.969769,0.534449,0.928357,25.1715,"main_cat IN ('All Electronics', 'Books', 'Sports & Outdoors')"
1952,0.300422,7,0.534449,0.928357,post_filter,False,0.5885,1.0,0.980382,0.534449,0.933559,25.5217,"main_cat IN ('All Electronics', 'Books', 'Sports & Outdoors')"
1953,0.906777,21,1.0,0.884418,post_filter,True,0.3883,0.9,0.574819,1.0,0.853458,25.3553,overall>=2.0
1954,0.389743,11,0.59049,0.861262,post_filter,False,0.9268,1.0,0.969108,0.59049,0.872047,25.0909,overall<=4.0
1955,0.728433,19,0.59049,0.964867,post_filter,False,0.9199,1.0,0.969336,0.59049,0.965313,25.0562,"overall IN (2,3,5)"
1956,0.160682,1,0.701413,0.650754,pre_filter,False,9.1284,1.0,0.695721,0.700844,0.650754,25.68,"main_cat IN ('Camera & Photo', 'Computers')"
1957,0.881823,20,0.531441,0.916385,post_filter,False,0.3058,0.7,0.046698,0.531441,0.829416,25.2015,"overall IN (1,4,5)"
1958,0.774129,19,0.59049,0.965313,post_filter,False,0.8208,1.0,0.97264,0.59049,0.966046,25.2068,"overall IN (1,3,5)"
1959,0.7886,19,0.59049,0.966046,post_filter,False,0.9202,1.0,0.969326,0.59049,0.966374,25.0427,overall>=4.0
1960,0.859249,20,0.531441,0.829416,post_filter,False,0.7072,1.0,0.976425,0.531441,0.844117,25.4063,overall>=3.0
1961,0.248992,4,0.677455,0.942885,post_filter,False,0.9546,1.0,0.968181,0.677455,0.945415,25.2414,"overall IN (3,4)"
1962,0.952472,21,1.0,0.853458,post_filter,True,0.7318,1.0,0.975608,1.0,0.865673,25.4117,"overall IN (1,3,4,5)"
1963,0.728433,19,0.59049,0.966374,post_filter,False,0.7532,1.0,0.974894,0.59049,0.967226,25.3663,"overall IN (2,3,5)"
1964,0.70348,19,0.59049,0.967226,post_filter,False,0.2615,0.0,0.0,0.59049,0.870504,25.2814,"overall IN (1,5)"
1965,0.092237,0,0.832546,0.641352,pre_filter,False,5.7624,1.0,0.807919,0.830083,0.641352,25.1712,main_cat='Home Audio &amp; Theater' AND overall>=3.0
1966,0.774129,19,0.59049,0.870504,post_filter,False,0.8157,1.0,0.97281,0.59049,0.880734,25.2862,"overall IN (1,3,5)"
1967,0.140751,1,0.700844,0.650754,pre_filter,False,12.3971,1.0,0.586763,0.689436,0.650754,25.3951,overall<=2.0
1968,0.270385,5,0.543931,0.837566,post_filter,False,0.8206,1.0,0.972646,0.543931,0.851074,25.8902,"main_cat IN ('Home Audio & Theater', 'Books', 'Tools & Home Improvement')"
1969,0.12068,1,0.689436,0.650754,pre_filter,False,13.0956,1.0,0.563479,0.67684,0.650754,27.03,"main_cat IN ('Camera &amp; Photo', 'Cell Phones &amp; Accessories', 'Tools & Home Improvement')"
1970,0.210713,2,0.59721,0.647084,post_filter,False,1.219,0.7,0.045262,0.59721,0.586902,25.5232,"main_cat IN ('Camera & Photo', 'Camera &amp; Photo')"
1971,0.248992,4,0.677455,0.945415,post_filter,False,0.8772,1.0,0.970761,0.677455,0.947949,24.9744,"overall IN (3,4)"
1972,0.12068,1,0.67684,0.650754,pre_filter,False,7.1168,1.0,0.762772,0.685434,0.650754,25.4823,"main_cat IN ('Camera &amp; Photo', 'Cell Phones &amp; Accessories', 'Tools & Home Improvement')"
1973,0.160682,1,0.685434,0.650754,post_filter,False,0.9619,0.8,0.173585,0.685434,0.603037,25.4456,"main_cat IN ('Camera & Photo', 'Computers')"
1974,0.300422,7,0.534449,0.933559,post_filter,False,0.9887,1.0,0.967044,0.534449,0.936908,25.364,"main_cat IN ('All Electronics', 'Books', 'Sports & Outdoors')"
1975,0.7886,19,0.59049,0.880734,post_filter,False,1.0148,1.0,0.966174,0.59049,0.889278,25.34,overall>=4.0
1976,0.140751,1,0.685434,0.603037,pre_filter,False,12.2062,1.0,0.593126,0.676203,0.603037,25.5086,overall<=2.0
1977,0.658182,18,0.430467,0.888751,post_filter,False,0.8583,1.0,0.971392,0.430467,0.897015,25.3721,verified=true AND overall>=3.0
1978,0.319094,7,0.534449,0.936908,post_filter,False,0.8867,1.0,0.970442,0.534449,0.940261,25.3387,"overall IN (1,2,4)"
1979,0.339351,8,0.606905,0.903033,post_filter,False,0.8176,1.0,0.972747,0.606905,0.910004,25.4518,"main_cat IN ('Home Audio & Theater', 'Camera &amp; Photo', 'Sports & Outdoors')"
1980,0.728433,19,0.59049,0.889278,post_filter,False,0.9038,1.0,0.969875,0.59049,0.897338,25.1784,"overall IN (2,3,5)"
1981,0.140751,1,0.676203,0.603037,post_filter,False,1.4128,0.1,0.0,0.676203,0.542733,26.9128,overall<=2.0
1982,0.70348,19,0.59049,0.897338,post_filter,False,0.7695,1.0,0.97435,0.59049,0.905039,25.3532,"overall IN (1,5)"
1983,0.319094,7,0.534449,0.940261,post_filter,False,0.9083,1.0,0.969724,0.534449,0.943207,25.3135,"overall IN (1,2,4)"
1984,0.339351,8,0.606905,0.910004,post_filter,False,0.8123,1.0,0.972922,0.606905,0.916296,25.1898,"main_cat IN ('Home Audio & Theater', 'Camera &amp; Photo', 'Sports & Outdoors')"
1985,0.160682,1,0.676203,0.542733,pre_filter,False,9.1659,1.0,0.694469,0.678029,0.542733,25.0606,"main_cat IN ('Camera & Photo', 'Computers')"
1986,0.610257,18,0.430467,0.897015,post_filter,False,0.7907,1.0,0.973643,0.430467,0.904678,25.2439,overall>=5.0
1987,0.751008,19,0.59049,0.905039,post_filter,False,0.6569,1.0,0.978103,0.59049,0.912345,25.3913,"overall IN (1,2,5)"
1988,0.680906,18,0.430467,0.904678,post_filter,False,0.9837,1.0,0.96721,0.430467,0.910931,25.1982,"overall IN (3,5)"
1989,0.7886,19,0.59049,0.912345,post_filter,False,0.7241,1.0,0.975862,0.59049,0.918697,25.0446,overall>=4.0
1990,0.952472,21,1.0,0.865673,post_filter,True,0.7986,1.0,0.973381,1.0,0.876444,25.4568,"overall IN (1,3,4,5)"
1991,0.751008,19,0.59049,0.918697,post_filter,False,0.856,1.0,0.971468,0.59049,0.923974,25.0286,"overall IN (1,2,5)"
1992,0.952472,21,1.0,0.876444,post_filter,True,0.3775,1.0,0.987415,1.0,0.887541,25.3903,"overall IN (1,3,4,5)"
1993,0.160682,1,0.678029,0.542733,pre_filter,False,9.1204,1.0,0.695986,0.679825,0.542733,25.0753,"main_cat IN ('Camera & Photo', 'Computers')"
1994,0.680906,18,0.430467,0.910931,post_filter,False,0.7123,1.0,0.976258,0.430467,0.917464,25.3348,"overall IN (3,5)"
1995,0.160682,1,0.679825,0.542733,pre_filter,False,9.225,1.0,0.6925,0.681093,0.542733,25.1971,"main_cat IN ('Camera & Photo', 'Computers')"
1996,0.610257,18,0.430467,0.917464,post_filter,False,1.0867,1.0,0.963778,0.430467,0.922095,25.0451,overall>=5.0
1997,0.248992,4,0.677455,0.947949,post_filter,False,0.7014,1.0,0.976621,0.677455,0.950816,25.5591,"overall IN (3,4)"
1998,0.140751,1,0.681093,0.542733,pre_filter,False,11.9507,1.0,0.601643,0.673148,0.542733,25.0232,overall<=2.0
1999,0.160682,1,0.673148,0.542733,pre_filter,False,9.1305,1.0,0.69565,0.675398,0.542733,25.2141,"main_cat IN ('Camera & Photo', 'Computers')"
2000,0.270385,5,0.543931,0.851074,post_filter,False,1.085,0.9,0.561295,0.543931,0.822096,25.1543,"main_cat IN ('Home Audio & Theater', 'Books', 'Tools & Home Improvement')"
