episode,selectivity,bucket_id,q_pre_before,q_post_before,chosen_strategy,was_guardrail,latency_ms,recall,reward,q_pre_after,q_post_after,gt_latency_ms,filter_name
1,0.859249,20,1.0,1.0,pre_filter,False,48.1344,1.0,0.0,0.9,1.0,25.2618,overall>=3.0
2,0.728433,19,1.0,1.0,pre_filter,False,42.0568,1.0,0.0,0.9,1.0,25.5572,"overall IN (2,3,5)"
3,0.140751,1,1.0,1.0,post_filter,False,1.3715,0.3,9e-06,1.0,0.900001,27.3337,overall<=2.0
4,0.906777,21,1.0,1.0,post_filter,True,0.8683,1.0,0.971056,1.0,0.997106,25.2152,overall>=2.0
5,0.230635,3,1.0,1.0,post_filter,False,1.0008,1.0,0.96664,1.0,0.996664,25.5803,"main_cat IN ('Camera & Photo', 'Camera &amp; Photo', 'Cell Phones &amp; Accessories')"
6,0.073033,0,1.0,1.0,post_filter,False,1.1895,0.1,0.0,1.0,0.9,26.0647,brand='Tiffen'
7,0.751008,19,0.9,1.0,post_filter,False,0.9293,1.0,0.969022,0.9,0.996902,25.3124,"overall IN (1,2,5)"
8,0.610257,18,1.0,1.0,post_filter,False,0.7653,1.0,0.974492,1.0,0.997449,25.3948,overall>=5.0
9,0.906777,21,1.0,0.997106,post_filter,True,1.0038,1.0,0.966539,1.0,0.994049,25.3388,overall>=2.0
10,0.300422,7,1.0,1.0,pre_filter,False,16.8116,1.0,0.439613,0.943961,1.0,25.3188,"main_cat IN ('All Electronics', 'Books', 'Sports & Outdoors')"
11,0.680906,18,1.0,0.997449,pre_filter,False,40.0861,1.0,0.0,0.9,0.997449,25.2113,"overall IN (3,5)"
12,0.952472,21,1.0,0.994049,post_filter,True,0.904,1.0,0.969867,1.0,0.991631,25.2024,"overall IN (1,3,4,5)"
13,0.12068,1,1.0,0.900001,pre_filter,False,7.1605,1.0,0.761318,0.976132,0.900001,25.4172,"main_cat IN ('Camera &amp; Photo', 'Cell Phones &amp; Accessories', 'Tools & Home Improvement')"
14,0.7886,19,0.9,0.996902,post_filter,False,0.7751,1.0,0.974164,0.9,0.994628,25.3675,overall>=4.0
15,0.906777,21,1.0,0.991631,post_filter,True,0.5868,1.0,0.980439,1.0,0.990511,25.329,overall>=2.0
16,0.658182,18,0.9,0.997449,pre_filter,False,38.3435,1.0,0.0,0.81,0.997449,25.0553,verified=true AND overall>=3.0
17,0.906777,21,1.0,0.990511,post_filter,True,0.9167,1.0,0.969442,1.0,0.988405,25.2553,overall>=2.0
18,0.12068,1,0.976132,0.900001,pre_filter,False,6.9998,1.0,0.766675,0.955186,0.900001,25.3122,"main_cat IN ('Camera &amp; Photo', 'Cell Phones &amp; Accessories', 'Tools & Home Improvement')"
19,0.248992,4,1.0,1.0,pre_filter,False,20.3918,1.0,0.320274,0.932027,1.0,24.9995,"overall IN (3,4)"
20,0.092237,0,1.0,0.9,pre_filter,False,5.6623,1.0,0.811258,0.981126,0.9,25.0894,main_cat='Home Audio &amp; Theater' AND overall>=3.0
21,0.836128,20,0.9,1.0,pre_filter,False,46.0119,1.0,0.0,0.81,1.0,25.6624,"overall IN (2,4,5)"
22,0.160682,1,0.955186,0.900001,pre_filter,False,9.5014,1.0,0.683287,0.927996,0.900001,25.5144,"main_cat IN ('Camera & Photo', 'Computers')"
23,0.230635,3,1.0,0.996664,post_filter,False,0.7515,1.0,0.97495,1.0,0.994493,25.8194,"main_cat IN ('Camera & Photo', 'Camera &amp; Photo', 'Cell Phones &amp; Accessories')"
24,0.389743,11,1.0,1.0,post_filter,False,0.7895,1.0,0.973685,1.0,0.997368,25.4489,overall<=4.0
25,0.929351,21,1.0,0.988405,post_filter,True,0.9566,1.0,0.968113,1.0,0.986375,25.1205,"overall IN (1,2,4,5)"
26,0.658182,18,0.81,0.997449,post_filter,False,0.3121,0.6,0.009994,0.81,0.898704,25.2989,verified=true AND overall>=3.0
27,0.140751,1,0.927996,0.900001,pre_filter,False,12.0627,1.0,0.597911,0.894988,0.900001,25.246,overall<=2.0
28,0.881823,20,0.81,1.0,post_filter,False,0.8443,1.0,0.971858,0.81,0.997186,25.3406,"overall IN (1,4,5)"
29,0.339351,8,1.0,1.0,post_filter,False,0.905,1.0,0.969832,1.0,0.996983,25.4205,"main_cat IN ('Home Audio & Theater', 'Camera &amp; Photo', 'Sports & Outdoors')"
30,0.092237,0,0.981126,0.9,pre_filter,False,5.7538,1.0,0.808206,0.963834,0.9,25.3093,main_cat='Home Audio &amp; Theater' AND overall>=3.0
31,0.952472,21,1.0,0.986375,post_filter,True,0.4426,0.0,0.0,1.0,0.887738,25.3398,"overall IN (1,3,4,5)"
32,0.210713,2,1.0,1.0,post_filter,False,0.974,0.7,0.045647,1.0,0.904565,25.1136,"main_cat IN ('Camera & Photo', 'Camera &amp; Photo')"
33,0.881823,20,0.81,0.997186,post_filter,False,0.7034,1.0,0.976554,0.81,0.995123,25.3053,"overall IN (1,4,5)"
34,0.389743,11,1.0,0.997368,pre_filter,False,27.5878,1.0,0.080408,0.908041,0.997368,25.2916,overall<=4.0
35,0.929351,21,1.0,0.887738,post_filter,True,0.8427,1.0,0.97191,1.0,0.896155,25.1576,"overall IN (1,2,4,5)"
36,0.300422,7,0.943961,1.0,post_filter,False,0.9604,1.0,0.967987,0.943961,0.996799,24.9353,"main_cat IN ('All Electronics', 'Books', 'Sports & Outdoors')"
37,0.952472,21,1.0,0.896155,post_filter,True,0.7247,1.0,0.975843,1.0,0.904124,25.0555,"overall IN (1,3,4,5)"
38,0.050727,0,0.963834,0.9,post_filter,False,0.7022,1.0,0.976593,0.963834,0.907659,25.1232,"main_cat IN ('Computers', 'Tools & Home Improvement')"
39,0.339351,8,1.0,0.996983,pre_filter,False,90.1981,1.0,0.0,0.9,0.996983,33.7129,"main_cat IN ('Home Audio & Theater', 'Camera &amp; Photo', 'Sports & Outdoors')"
40,0.073033,0,0.963834,0.907659,post_filter,False,0.8291,1.0,0.972363,0.963834,0.91413,25.3715,brand='Tiffen'
41,0.319094,7,0.943961,0.996799,post_filter,False,1.6973,0.9,0.549409,0.943961,0.95206,25.3043,"overall IN (1,2,4)"
42,0.658182,18,0.81,0.898704,post_filter,False,0.9655,1.0,0.967818,0.81,0.905615,25.2682,verified=true AND overall>=3.0
43,0.300422,7,0.943961,0.95206,post_filter,False,1.4795,1.0,0.950685,0.943961,0.951922,25.3304,"main_cat IN ('All Electronics', 'Books', 'Sports & Outdoors')"
44,0.210713,2,1.0,0.904565,pre_filter,False,14.1602,1.0,0.527994,0.952799,0.904565,25.0976,"main_cat IN ('Camera & Photo', 'Camera &amp; Photo')"
45,0.319094,7,0.943961,0.951922,pre_filter,False,24.2982,1.0,0.190061,0.868571,0.951922,25.2113,"overall IN (1,2,4)"
46,0.092237,0,0.963834,0.91413,post_filter,False,1.4428,1.0,0.951907,0.963834,0.917907,25.6465,main_cat='Home Audio &amp; Theater' AND overall>=3.0
47,0.300422,7,0.868571,0.951922,pre_filter,False,18.2528,1.0,0.391572,0.820871,0.951922,25.2258,"main_cat IN ('All Electronics', 'Books', 'Sports & Outdoors')"
48,0.210713,2,0.952799,0.904565,pre_filter,False,11.5173,0.0,0.0,0.857519,0.904565,25.4845,"main_cat IN ('Camera & Photo', 'Camera &amp; Photo')"
49,0.050727,0,0.963834,0.917907,pre_filter,False,2.868,1.0,0.904401,0.957891,0.917907,25.6262,"main_cat IN ('Computers', 'Tools & Home Improvement')"
50,0.270385,5,1.0,1.0,pre_filter,False,15.5304,1.0,0.482321,0.948232,1.0,25.5186,"main_cat IN ('Home Audio & Theater', 'Books', 'Tools & Home Improvement')"
51,0.952472,21,1.0,0.904124,post_filter,True,1.22,0.9,0.558675,1.0,0.869579,25.9097,"overall IN (1,3,4,5)"
52,0.12068,1,0.894988,0.900001,pre_filter,False,6.9665,1.0,0.767783,0.882267,0.900001,25.5009,"main_cat IN ('Camera &amp; Photo', 'Cell Phones &amp; Accessories', 'Tools & Home Improvement')"
53,0.881823,20,0.81,0.995123,post_filter,False,1.0655,1.0,0.964485,0.81,0.992059,25.0499,"overall IN (1,4,5)"
54,0.7886,19,0.9,0.994628,post_filter,False,1.2162,1.0,0.959461,0.9,0.991112,25.3976,overall>=4.0
55,0.751008,19,0.9,0.991112,post_filter,False,0.9795,1.0,0.96735,0.9,0.988735,25.467,"overall IN (1,2,5)"
56,0.270385,5,0.948232,1.0,post_filter,False,1.3786,0.6,0.009635,0.948232,0.900963,25.8387,"main_cat IN ('Home Audio & Theater', 'Books', 'Tools & Home Improvement')"
57,0.859249,20,0.81,0.992059,post_filter,False,0.7992,1.0,0.97336,0.81,0.990189,25.6822,overall>=3.0
58,0.140751,1,0.882267,0.900001,post_filter,False,1.7377,0.0,0.0,0.882267,0.810001,27.7246,overall<=2.0
59,0.140751,1,0.882267,0.810001,pre_filter,False,16.109,1.0,0.463035,0.840344,0.810001,25.2529,overall<=2.0
60,0.073033,0,0.957891,0.917907,post_filter,False,1.2137,0.7,0.04527,0.957891,0.830644,25.3473,brand='Tiffen'
61,0.248992,4,0.932027,1.0,post_filter,False,1.0227,1.0,0.965911,0.932027,0.996591,25.3704,"overall IN (3,4)"
62,0.952472,21,1.0,0.869579,post_filter,True,0.819,1.0,0.972701,1.0,0.879891,25.5489,"overall IN (1,3,4,5)"
63,0.881823,20,0.81,0.990189,post_filter,False,0.9578,1.0,0.968075,0.81,0.987978,25.2132,"overall IN (1,4,5)"
64,0.610257,18,0.81,0.905615,post_filter,False,1.1557,1.0,0.961475,0.81,0.911201,25.422,overall>=5.0
65,0.7886,19,0.9,0.988735,pre_filter,False,64.309,1.0,0.0,0.81,0.988735,25.3395,overall>=4.0
66,0.881823,20,0.81,0.987978,post_filter,False,0.7279,1.0,0.975736,0.81,0.986753,25.3113,"overall IN (1,4,5)"
67,0.140751,1,0.840344,0.810001,pre_filter,False,12.1419,1.0,0.595269,0.815837,0.810001,27.6885,overall<=2.0
68,0.836128,20,0.81,0.986753,pre_filter,False,47.0065,1.0,0.0,0.729,0.986753,25.1321,"overall IN (2,4,5)"
69,0.7886,19,0.81,0.988735,post_filter,False,0.9945,0.9,0.563052,0.81,0.946167,25.2319,overall>=4.0
70,0.610257,18,0.81,0.911201,post_filter,False,1.6652,1.0,0.944494,0.81,0.91453,25.0788,overall>=5.0
71,0.389743,11,0.908041,0.997368,post_filter,False,1.841,1.0,0.938632,0.908041,0.991495,25.3909,overall<=4.0
72,0.728433,19,0.81,0.946167,post_filter,False,1.1458,1.0,0.961808,0.81,0.947731,25.3128,"overall IN (2,3,5)"
73,0.050727,0,0.957891,0.830644,pre_filter,False,2.9359,1.0,0.902136,0.952315,0.830644,25.3191,"main_cat IN ('Computers', 'Tools & Home Improvement')"
74,0.929351,21,1.0,0.879891,post_filter,True,1.6245,1.0,0.945849,1.0,0.886487,25.1898,"overall IN (1,2,4,5)"
75,0.092237,0,0.952315,0.830644,pre_filter,False,5.7113,1.0,0.809624,0.938046,0.830644,25.0654,main_cat='Home Audio &amp; Theater' AND overall>=3.0
76,0.050727,0,0.938046,0.830644,post_filter,False,1.0212,1.0,0.965958,0.938046,0.844175,25.1949,"main_cat IN ('Computers', 'Tools & Home Improvement')"
77,0.230635,3,1.0,0.994493,post_filter,False,1.0022,1.0,0.966594,1.0,0.991703,25.2002,"main_cat IN ('Camera & Photo', 'Camera &amp; Photo', 'Cell Phones &amp; Accessories')"
78,0.180604,1,0.815837,0.810001,post_filter,False,0.933,1.0,0.968899,0.815837,0.825891,25.1964,"main_cat IN ('Camera & Photo', 'Computers', 'Cell Phones &amp; Accessories')"
79,0.881823,20,0.729,0.986753,post_filter,False,0.7744,1.0,0.974186,0.729,0.985497,25.2201,"overall IN (1,4,5)"
80,0.140751,1,0.815837,0.825891,post_filter,False,0.8576,1.0,0.971414,0.815837,0.840443,25.0699,overall<=2.0
81,0.680906,18,0.81,0.91453,post_filter,False,0.3418,1.0,0.988606,0.81,0.921938,25.2277,"overall IN (3,5)"
82,0.821657,20,0.729,0.985497,post_filter,False,0.9532,1.0,0.968228,0.729,0.98377,25.1105,"overall IN (1,2,3,5)"
83,0.728433,19,0.81,0.947731,pre_filter,False,41.8153,1.0,0.0,0.729,0.947731,25.1358,"overall IN (2,3,5)"
84,0.658182,18,0.81,0.921938,post_filter,False,0.9038,1.0,0.969872,0.81,0.926731,25.026,verified=true AND overall>=3.0
85,0.339351,8,0.9,0.996983,post_filter,False,0.2973,0.0,0.0,0.9,0.897285,25.2095,"main_cat IN ('Home Audio & Theater', 'Camera &amp; Photo', 'Sports & Outdoors')"
86,0.12068,1,0.815837,0.840443,pre_filter,False,7.0977,1.0,0.763411,0.810594,0.840443,25.1127,"main_cat IN ('Camera &amp; Photo', 'Cell Phones &amp; Accessories', 'Tools & Home Improvement')"
87,0.836128,20,0.729,0.98377,post_filter,False,0.3698,1.0,0.987674,0.729,0.98416,25.3418,"overall IN (2,4,5)"
88,0.248992,4,0.932027,0.996591,post_filter,False,0.3545,1.0,0.988185,0.932027,0.99575,25.4872,"overall IN (3,4)"
89,0.210713,2,0.857519,0.904565,pre_filter,False,11.7805,1.0,0.607318,0.832499,0.904565,25.0959,"main_cat IN ('Camera & Photo', 'Camera &amp; Photo')"
90,0.248992,4,0.932027,0.99575,post_filter,False,0.7508,1.0,0.974974,0.932027,0.993673,25.6635,"overall IN (3,4)"
91,0.12068,1,0.810594,0.840443,pre_filter,False,6.9795,1.0,0.76735,0.80627,0.840443,25.8164,"main_cat IN ('Camera &amp; Photo', 'Cell Phones &amp; Accessories', 'Tools & Home Improvement')"
92,0.073033,0,0.938046,0.844175,pre_filter,False,4.042,1.0,0.865265,0.930768,0.844175,25.7701,brand='Tiffen'
93,0.210713,2,0.832499,0.904565,pre_filter,False,11.6439,1.0,0.611871,0.810437,0.904565,25.4144,"main_cat IN ('Camera & Photo', 'Camera &amp; Photo')"
94,0.339351,8,0.9,0.897285,pre_filter,False,19.5557,1.0,0.348143,0.844814,0.897285,25.3119,"main_cat IN ('Home Audio & Theater', 'Camera &amp; Photo', 'Sports & Outdoors')"
95,0.751008,19,0.729,0.947731,post_filter,False,0.8915,1.0,0.970285,0.729,0.949987,25.1727,"overall IN (1,2,5)"
96,0.859249,20,0.729,0.98416,post_filter,False,1.0328,1.0,0.965572,0.729,0.982301,25.3594,overall>=3.0
97,0.728433,19,0.729,0.949987,post_filter,False,0.9697,1.0,0.967676,0.729,0.951756,25.1638,"overall IN (2,3,5)"
98,0.389743,11,0.908041,0.991495,post_filter,False,0.8105,1.0,0.972982,0.908041,0.989644,25.723,overall<=4.0
99,0.092237,0,0.930768,0.844175,post_filter,False,1.0098,1.0,0.966342,0.930768,0.856392,25.5158,main_cat='Home Audio &amp; Theater' AND overall>=3.0
100,0.12068,1,0.80627,0.840443,post_filter,False,0.9135,1.0,0.96955,0.80627,0.853354,25.3727,"main_cat IN ('Camera &amp; Photo', 'Cell Phones &amp; Accessories', 'Tools & Home Improvement')"
101,0.881823,20,0.729,0.982301,pre_filter,False,669.4488,1.0,0.0,0.6561,0.982301,115.1929,"overall IN (1,4,5)"
102,0.929351,21,1.0,0.886487,post_filter,True,2.403,0.9,0.53571,1.0,0.851409,25.4986,"overall IN (1,2,4,5)"
103,0.610257,18,0.81,0.926731,post_filter,False,3.7178,1.0,0.876072,0.81,0.921665,25.3405,overall>=5.0
104,0.728433,19,0.729,0.951756,post_filter,False,4.0997,1.0,0.863343,0.729,0.942914,25.4283,"overall IN (2,3,5)"
105,0.680906,18,0.81,0.921665,post_filter,False,3.3562,0.9,0.517206,0.81,0.881219,25.3002,"overall IN (3,5)"
106,0.050727,0,0.930768,0.856392,post_filter,False,5.2703,0.1,0.0,0.930768,0.770753,26.1761,"main_cat IN ('Computers', 'Tools & Home Improvement')"
107,0.751008,19,0.729,0.942914,post_filter,False,2.5398,1.0,0.915339,0.729,0.940157,25.1801,"overall IN (1,2,5)"
108,0.658182,18,0.81,0.881219,pre_filter,False,150.7762,1.0,0.0,0.729,0.881219,25.083,verified=true AND overall>=3.0
109,0.70348,19,0.729,0.940157,post_filter,False,2.715,1.0,0.9095,0.729,0.937091,25.4279,"overall IN (1,5)"
110,0.210713,2,0.810437,0.904565,pre_filter,False,40.1352,1.0,0.0,0.729393,0.904565,25.5215,"main_cat IN ('Camera & Photo', 'Camera &amp; Photo')"
111,0.7886,19,0.729,0.937091,post_filter,False,2.1272,1.0,0.929093,0.729,0.936291,25.8638,overall>=4.0
112,0.140751,1,0.80627,0.853354,pre_filter,False,27.4697,1.0,0.084344,0.734077,0.853354,26.4854,overall<=2.0
113,0.248992,4,0.932027,0.993673,post_filter,False,4.2738,1.0,0.857539,0.932027,0.980059,25.391,"overall IN (3,4)"
114,0.339351,8,0.844814,0.897285,pre_filter,False,57.149,1.0,0.0,0.760333,0.897285,25.5392,"main_cat IN ('Home Audio & Theater', 'Camera &amp; Photo', 'Sports & Outdoors')"
115,0.050727,0,0.930768,0.770753,pre_filter,False,9.3761,1.0,0.687462,0.906437,0.770753,25.924,"main_cat IN ('Computers', 'Tools & Home Improvement')"
116,0.728433,19,0.729,0.936291,post_filter,False,2.421,1.0,0.919301,0.729,0.934592,25.339,"overall IN (2,3,5)"
117,0.300422,7,0.820871,0.951922,post_filter,False,3.8165,1.0,0.872785,0.820871,0.944009,25.2705,"main_cat IN ('All Electronics', 'Books', 'Sports & Outdoors')"
118,0.210713,2,0.729393,0.904565,post_filter,False,4.9468,1.0,0.835107,0.729393,0.897619,25.5255,"main_cat IN ('Camera & Photo', 'Camera &amp; Photo')"
119,0.70348,19,0.729,0.934592,post_filter,False,2.8055,1.0,0.906483,0.729,0.931781,25.5895,"overall IN (1,5)"
120,0.339351,8,0.760333,0.897285,pre_filter,False,21.7943,1.0,0.273525,0.711652,0.897285,25.4713,"main_cat IN ('Home Audio & Theater', 'Camera &amp; Photo', 'Sports & Outdoors')"
121,0.160682,1,0.734077,0.853354,post_filter,False,4.2736,1.0,0.857547,0.734077,0.853773,25.6514,"main_cat IN ('Camera & Photo', 'Computers')"
122,0.774129,19,0.729,0.931781,post_filter,False,2.246,1.0,0.925132,0.729,0.931116,25.501,"overall IN (1,3,5)"
123,0.774129,19,0.729,0.931116,post_filter,False,2.0847,1.0,0.930511,0.729,0.931056,28.9542,"overall IN (1,3,5)"
124,0.092237,0,0.906437,0.770753,pre_filter,False,17.4707,1.0,0.417644,0.857558,0.770753,25.2456,main_cat='Home Audio &amp; Theater' AND overall>=3.0
125,0.658182,18,0.729,0.881219,post_filter,False,1.9675,1.0,0.934418,0.729,0.886539,25.3384,verified=true AND overall>=3.0
126,0.300422,7,0.820871,0.944009,post_filter,False,1.4835,1.0,0.950549,0.820871,0.944663,25.5049,"main_cat IN ('All Electronics', 'Books', 'Sports & Outdoors')"
127,0.092237,0,0.857558,0.770753,post_filter,False,1.8441,1.0,0.938529,0.857558,0.78753,25.4617,main_cat='Home Audio &amp; Theater' AND overall>=3.0
128,0.658182,18,0.729,0.886539,post_filter,False,1.5651,1.0,0.947831,0.729,0.892668,25.2893,verified=true AND overall>=3.0
129,0.680906,18,0.729,0.892668,post_filter,False,2.3503,1.0,0.921656,0.729,0.895567,25.2826,"overall IN (3,5)"
130,0.658182,18,0.729,0.895567,pre_filter,False,43.9497,1.0,0.0,0.6561,0.895567,25.4473,verified=true AND overall>=3.0
131,0.859249,20,0.6561,0.982301,post_filter,False,2.18,1.0,0.927333,0.6561,0.976805,25.2203,overall>=3.0
132,0.658182,18,0.6561,0.895567,post_filter,False,2.2144,1.0,0.926188,0.6561,0.898629,25.4045,verified=true AND overall>=3.0
133,0.680906,18,0.6561,0.898629,post_filter,False,1.8237,1.0,0.93921,0.6561,0.902687,25.6119,"overall IN (3,5)"
134,0.050727,0,0.857558,0.78753,pre_filter,False,4.0262,1.0,0.865792,0.858381,0.78753,25.5052,"main_cat IN ('Computers', 'Tools & Home Improvement')"
135,0.319094,7,0.820871,0.944663,post_filter,False,1.7735,1.0,0.940882,0.820871,0.944284,25.4143,"overall IN (1,2,4)"
136,0.906777,21,1.0,0.851409,post_filter,True,1.0594,1.0,0.964686,1.0,0.862737,25.1131,overall>=2.0
137,0.610257,18,0.6561,0.902687,post_filter,False,1.7712,1.0,0.94096,0.6561,0.906514,25.1326,overall>=5.0
138,0.073033,0,0.858381,0.78753,pre_filter,False,4.121,1.0,0.862633,0.858807,0.78753,25.7258,brand='Tiffen'
139,0.751008,19,0.729,0.931056,post_filter,False,0.7773,0.9,0.567269,0.729,0.894677,25.2546,"overall IN (1,2,5)"
140,0.319094,7,0.820871,0.944284,post_filter,False,1.7315,1.0,0.942283,0.820871,0.944084,25.1118,"overall IN (1,2,4)"
141,0.300422,7,0.820871,0.944084,post_filter,False,0.7901,1.0,0.973664,0.820871,0.947042,25.3252,"main_cat IN ('All Electronics', 'Books', 'Sports & Outdoors')"
142,0.230635,3,1.0,0.991703,post_filter,False,1.7928,0.9,0.547555,1.0,0.947288,25.7235,"main_cat IN ('Camera & Photo', 'Camera &amp; Photo', 'Cell Phones &amp; Accessories')"
143,0.821657,20,0.6561,0.976805,post_filter,False,1.2095,1.0,0.959683,0.6561,0.975092,25.1529,"overall IN (1,2,3,5)"
144,0.050727,0,0.858807,0.78753,pre_filter,False,2.798,1.0,0.906732,0.863599,0.78753,25.6031,"main_cat IN ('Computers', 'Tools & Home Improvement')"
145,0.300422,7,0.820871,0.947042,pre_filter,False,24.4406,1.0,0.185314,0.757316,0.947042,25.246,"main_cat IN ('All Electronics', 'Books', 'Sports & Outdoors')"
146,0.859249,20,0.6561,0.975092,post_filter,False,1.0808,1.0,0.963972,0.6561,0.97398,25.0637,overall>=3.0
147,0.092237,0,0.863599,0.78753,pre_filter,False,5.6582,1.0,0.811394,0.858379,0.78753,25.1897,main_cat='Home Audio &amp; Theater' AND overall>=3.0
148,0.300422,7,0.757316,0.947042,post_filter,False,1.3629,1.0,0.954569,0.757316,0.947795,25.0962,"main_cat IN ('All Electronics', 'Books', 'Sports & Outdoors')"
149,0.210713,2,0.729393,0.897619,pre_filter,False,11.7774,1.0,0.607419,0.717196,0.897619,25.1431,"main_cat IN ('Camera & Photo', 'Camera &amp; Photo')"
150,0.821657,20,0.6561,0.97398,post_filter,False,1.7612,1.0,0.941293,0.6561,0.970712,25.2067,"overall IN (1,2,3,5)"
151,0.774129,19,0.729,0.894677,post_filter,False,1.6026,1.0,0.946581,0.729,0.899868,25.1198,"overall IN (1,3,5)"
152,0.751008,19,0.729,0.899868,post_filter,False,1.5477,1.0,0.948411,0.729,0.904722,25.2337,"overall IN (1,2,5)"
153,0.12068,1,0.734077,0.853773,post_filter,False,1.3683,0.5,0.001557,0.734077,0.768551,27.275,"main_cat IN ('Camera &amp; Photo', 'Cell Phones &amp; Accessories', 'Tools & Home Improvement')"
154,0.836128,20,0.6561,0.970712,post_filter,False,0.9411,1.0,0.968631,0.6561,0.970504,30.3607,"overall IN (2,4,5)"
155,0.70348,19,0.729,0.904722,post_filter,False,1.4647,1.0,0.951178,0.729,0.909367,25.3368,"overall IN (1,5)"
156,0.821657,20,0.6561,0.970504,post_filter,False,1.3201,1.0,0.955996,0.6561,0.969053,25.9662,"overall IN (1,2,3,5)"
157,0.836128,20,0.6561,0.969053,post_filter,False,1.0388,1.0,0.965372,0.6561,0.968685,25.8168,"overall IN (2,4,5)"
158,0.270385,5,0.948232,0.900963,post_filter,False,1.2039,1.0,0.959869,0.948232,0.906854,31.1626,"main_cat IN ('Home Audio & Theater', 'Books', 'Tools & Home Improvement')"
159,0.140751,1,0.734077,0.768551,post_filter,False,2.4042,1.0,0.91986,0.734077,0.783682,27.6881,overall<=2.0
160,0.073033,0,0.858379,0.78753,pre_filter,False,3.862,1.0,0.871268,0.859668,0.78753,26.5295,brand='Tiffen'
161,0.300422,7,0.757316,0.947795,post_filter,False,1.2574,0.9,0.557948,0.757316,0.90881,25.3532,"main_cat IN ('All Electronics', 'Books', 'Sports & Outdoors')"
162,0.680906,18,0.6561,0.906514,post_filter,False,0.8329,1.0,0.972236,0.6561,0.913087,25.232,"overall IN (3,5)"
163,0.270385,5,0.948232,0.906854,pre_filter,False,19.0629,1.0,0.364569,0.889866,0.906854,25.013,"main_cat IN ('Home Audio & Theater', 'Books', 'Tools & Home Improvement')"
164,0.881823,20,0.6561,0.968685,pre_filter,False,49.8286,1.0,0.0,0.59049,0.968685,25.0912,"overall IN (1,4,5)"
165,0.751008,19,0.729,0.909367,post_filter,False,1.157,1.0,0.961433,0.729,0.914574,25.137,"overall IN (1,2,5)"
166,0.160682,1,0.734077,0.783682,post_filter,False,1.1579,1.0,0.961403,0.734077,0.801454,25.3898,"main_cat IN ('Camera & Photo', 'Computers')"
167,0.881823,20,0.59049,0.968685,post_filter,False,1.0397,1.0,0.965344,0.59049,0.968351,25.1499,"overall IN (1,4,5)"
168,0.836128,20,0.59049,0.968351,post_filter,False,1.0746,1.0,0.964179,0.59049,0.967934,25.1897,"overall IN (2,4,5)"
169,0.774129,19,0.729,0.914574,pre_filter,False,62.2451,1.0,0.0,0.6561,0.914574,25.1672,"overall IN (1,3,5)"
170,0.389743,11,0.908041,0.989644,pre_filter,False,91.2592,1.0,0.0,0.817237,0.989644,26.2733,overall<=4.0
171,0.7886,19,0.6561,0.914574,post_filter,False,1.2201,0.9,0.558673,0.6561,0.878984,25.0764,overall>=4.0
172,0.610257,18,0.6561,0.913087,post_filter,False,1.2805,1.0,0.957317,0.6561,0.91751,25.032,overall>=5.0
173,0.751008,19,0.6561,0.878984,post_filter,False,0.6996,0.0,0.0,0.6561,0.791086,25.3215,"overall IN (1,2,5)"
174,0.160682,1,0.734077,0.801454,post_filter,False,1.3828,0.3,9e-06,0.734077,0.72131,25.7162,"main_cat IN ('Camera & Photo', 'Computers')"
175,0.859249,20,0.59049,0.967934,post_filter,False,1.1425,1.0,0.961917,0.59049,0.967332,25.2435,overall>=3.0
176,0.140751,1,0.734077,0.72131,pre_filter,False,12.1314,1.0,0.595619,0.720231,0.72131,27.8607,overall<=2.0
177,0.092237,0,0.859668,0.78753,pre_filter,False,5.7073,1.0,0.809756,0.854676,0.78753,25.2715,main_cat='Home Audio &amp; Theater' AND overall>=3.0
178,0.7886,19,0.6561,0.791086,post_filter,False,1.1355,1.0,0.962149,0.6561,0.808192,25.1843,overall>=4.0
179,0.836128,20,0.59049,0.967332,post_filter,False,0.9508,1.0,0.968307,0.59049,0.967429,25.0708,"overall IN (2,4,5)"
180,0.389743,11,0.817237,0.989644,post_filter,False,0.9678,1.0,0.967739,0.817237,0.987453,25.2494,overall<=4.0
181,0.073033,0,0.854676,0.78753,pre_filter,False,4.1947,1.0,0.860175,0.855226,0.78753,26.2119,brand='Tiffen'
182,0.248992,4,0.932027,0.980059,post_filter,False,1.1135,1.0,0.962885,0.932027,0.978342,25.1884,"overall IN (3,4)"
183,0.180604,1,0.720231,0.72131,pre_filter,False,10.5251,1.0,0.649162,0.713124,0.72131,25.6194,"main_cat IN ('Camera & Photo', 'Computers', 'Cell Phones &amp; Accessories')"
184,0.073033,0,0.855226,0.78753,post_filter,False,1.4799,0.2,0.0,0.855226,0.708777,26.1613,brand='Tiffen'
185,0.859249,20,0.59049,0.967429,post_filter,False,1.047,1.0,0.965099,0.59049,0.967196,25.1809,overall>=3.0
186,0.180604,1,0.713124,0.72131,pre_filter,False,10.3983,1.0,0.65339,0.707151,0.72131,25.5752,"main_cat IN ('Camera & Photo', 'Computers', 'Cell Phones &amp; Accessories')"
187,0.929351,21,1.0,0.862737,post_filter,True,0.8617,1.0,0.971275,1.0,0.873591,25.296,"overall IN (1,2,4,5)"
188,0.073033,0,0.855226,0.708777,pre_filter,False,4.2275,1.0,0.859085,0.855612,0.708777,25.7698,brand='Tiffen'
189,0.270385,5,0.889866,0.906854,post_filter,False,0.9613,1.0,0.967956,0.889866,0.912964,25.8115,"main_cat IN ('Home Audio & Theater', 'Books', 'Tools & Home Improvement')"
190,0.952472,21,1.0,0.873591,post_filter,True,0.7722,1.0,0.97426,1.0,0.883658,25.8207,"overall IN (1,3,4,5)"
191,0.248992,4,0.932027,0.978342,post_filter,False,1.0096,1.0,0.966347,0.932027,0.977142,25.7509,"overall IN (3,4)"
192,0.658182,18,0.6561,0.91751,post_filter,False,1.0772,1.0,0.964093,0.6561,0.922168,25.3114,verified=true AND overall>=3.0
193,0.319094,7,0.757316,0.90881,post_filter,False,0.9642,1.0,0.96786,0.757316,0.914715,25.0947,"overall IN (1,2,4)"
194,0.881823,20,0.59049,0.967196,post_filter,False,0.8932,0.9,0.565019,0.59049,0.926979,25.4866,"overall IN (1,4,5)"
195,0.680906,18,0.6561,0.922168,post_filter,False,1.068,1.0,0.9644,0.6561,0.926391,25.2662,"overall IN (3,5)"
196,0.610257,18,0.6561,0.926391,post_filter,False,0.5221,0.8,0.176214,0.6561,0.851373,25.452,overall>=5.0
197,0.230635,3,1.0,0.947288,pre_filter,False,12.8757,1.0,0.570811,0.957081,0.947288,25.1644,"main_cat IN ('Camera & Photo', 'Camera &amp; Photo', 'Cell Phones &amp; Accessories')"
198,0.073033,0,0.855612,0.708777,pre_filter,False,3.9292,1.0,0.869028,0.856954,0.708777,25.6828,brand='Tiffen'
199,0.836128,20,0.59049,0.926979,post_filter,False,0.814,1.0,0.972868,0.59049,0.931567,25.5907,"overall IN (2,4,5)"
200,0.751008,19,0.6561,0.808192,post_filter,False,1.0352,1.0,0.965493,0.6561,0.823922,25.2191,"overall IN (1,2,5)"
201,0.180604,1,0.707151,0.72131,pre_filter,False,10.5029,1.0,0.649903,0.701426,0.72131,25.2711,"main_cat IN ('Camera & Photo', 'Computers', 'Cell Phones &amp; Accessories')"
202,0.248992,4,0.932027,0.977142,post_filter,False,0.7224,1.0,0.975919,0.932027,0.97702,26.2535,"overall IN (3,4)"
203,0.300422,7,0.757316,0.914715,post_filter,False,3.2629,1.0,0.891236,0.757316,0.912367,25.8462,"main_cat IN ('All Electronics', 'Books', 'Sports & Outdoors')"
204,0.906777,21,1.0,0.883658,post_filter,True,0.8692,1.0,0.971025,1.0,0.892394,25.5721,overall>=2.0
205,0.836128,20,0.59049,0.931567,post_filter,False,1.0066,1.0,0.966446,0.59049,0.935055,25.2675,"overall IN (2,4,5)"
206,0.073033,0,0.856954,0.708777,post_filter,False,0.3765,0.9,0.575048,0.856954,0.695404,25.1385,brand='Tiffen'
207,0.906777,21,1.0,0.892394,post_filter,True,0.9927,1.0,0.96691,1.0,0.899846,25.3347,overall>=2.0
208,0.751008,19,0.6561,0.823922,pre_filter,False,43.9171,1.0,0.0,0.59049,0.823922,25.1855,"overall IN (1,2,5)"
209,0.270385,5,0.889866,0.912964,post_filter,False,0.653,1.0,0.978233,0.889866,0.919491,25.2223,"main_cat IN ('Home Audio & Theater', 'Books', 'Tools & Home Improvement')"
210,0.230635,3,0.957081,0.947288,pre_filter,False,12.7291,1.0,0.575696,0.918943,0.947288,24.96,"main_cat IN ('Camera & Photo', 'Camera &amp; Photo', 'Cell Phones &amp; Accessories')"
211,0.12068,1,0.701426,0.72131,post_filter,False,1.1296,0.9,0.560428,0.701426,0.705222,25.3515,"main_cat IN ('Camera &amp; Photo', 'Cell Phones &amp; Accessories', 'Tools & Home Improvement')"
212,0.859249,20,0.59049,0.935055,post_filter,False,0.7751,1.0,0.974164,0.59049,0.938966,25.2207,overall>=3.0
213,0.300422,7,0.757316,0.912367,post_filter,False,1.049,1.0,0.965035,0.757316,0.917634,25.1597,"main_cat IN ('All Electronics', 'Books', 'Sports & Outdoors')"
214,0.339351,8,0.711652,0.897285,post_filter,False,0.9626,1.0,0.967913,0.711652,0.904348,24.9229,"main_cat IN ('Home Audio & Theater', 'Camera &amp; Photo', 'Sports & Outdoors')"
215,0.929351,21,1.0,0.899846,post_filter,True,0.7627,0.9,0.567551,1.0,0.866616,25.4183,"overall IN (1,2,4,5)"
216,0.319094,7,0.757316,0.917634,post_filter,False,0.8114,0.9,0.566606,0.757316,0.882531,25.4582,"overall IN (1,2,4)"
217,0.821657,20,0.59049,0.938966,post_filter,False,0.7343,1.0,0.975524,0.59049,0.942622,25.6817,"overall IN (1,2,3,5)"
218,0.389743,11,0.817237,0.987453,pre_filter,False,27.9778,1.0,0.067406,0.742254,0.987453,25.3962,overall<=4.0
219,0.929351,21,1.0,0.866616,post_filter,True,0.9731,0.9,0.563466,1.0,0.836301,25.128,"overall IN (1,2,4,5)"
220,0.319094,7,0.757316,0.882531,post_filter,False,0.8574,1.0,0.971419,0.757316,0.89142,25.0064,"overall IN (1,2,4)"
221,0.270385,5,0.889866,0.919491,pre_filter,False,15.209,1.0,0.493033,0.850183,0.919491,25.1682,"main_cat IN ('Home Audio & Theater', 'Books', 'Tools & Home Improvement')"
222,0.160682,1,0.701426,0.705222,post_filter,False,0.9769,1.0,0.967437,0.701426,0.731443,25.2099,"main_cat IN ('Camera & Photo', 'Computers')"
223,0.610257,18,0.6561,0.851373,post_filter,False,0.8071,1.0,0.973097,0.6561,0.863546,24.9917,overall>=5.0
224,0.7886,19,0.59049,0.823922,post_filter,False,0.8424,1.0,0.971919,0.59049,0.838722,25.1448,overall>=4.0
225,0.610257,18,0.6561,0.863546,post_filter,False,0.8577,1.0,0.971411,0.6561,0.874332,25.3661,overall>=5.0
226,0.300422,7,0.757316,0.89142,pre_filter,False,16.8751,1.0,0.437496,0.725334,0.89142,24.9806,"main_cat IN ('All Electronics', 'Books', 'Sports & Outdoors')"
227,0.952472,21,1.0,0.836301,post_filter,True,0.8217,1.0,0.97261,1.0,0.849932,25.1193,"overall IN (1,3,4,5)"
228,0.859249,20,0.59049,0.942622,post_filter,False,0.8399,1.0,0.972003,0.59049,0.94556,25.2611,overall>=3.0
229,0.658182,18,0.6561,0.874332,post_filter,False,0.6265,1.0,0.979118,0.6561,0.884811,25.1565,verified=true AND overall>=3.0
230,0.230635,3,0.918943,0.947288,post_filter,False,0.1882,0.0,0.0,0.918943,0.852559,25.2372,"main_cat IN ('Camera & Photo', 'Camera &amp; Photo', 'Cell Phones &amp; Accessories')"
231,0.859249,20,0.59049,0.94556,post_filter,False,0.3571,1.0,0.988096,0.59049,0.949814,25.3902,overall>=3.0
232,0.092237,0,0.856954,0.695404,pre_filter,False,5.674,1.0,0.810865,0.852345,0.695404,25.2564,main_cat='Home Audio &amp; Theater' AND overall>=3.0
233,0.821657,20,0.59049,0.949814,post_filter,False,0.7621,1.0,0.974596,0.59049,0.952292,25.5801,"overall IN (1,2,3,5)"
234,0.339351,8,0.711652,0.904348,post_filter,False,0.4589,1.0,0.984704,0.711652,0.912383,25.3825,"main_cat IN ('Home Audio & Theater', 'Camera &amp; Photo', 'Sports & Outdoors')"
235,0.092237,0,0.852345,0.695404,post_filter,False,0.8194,1.0,0.972688,0.852345,0.723133,25.2398,main_cat='Home Audio &amp; Theater' AND overall>=3.0
236,0.339351,8,0.711652,0.912383,post_filter,False,0.9806,1.0,0.967314,0.711652,0.917876,25.2318,"main_cat IN ('Home Audio & Theater', 'Camera &amp; Photo', 'Sports & Outdoors')"
237,0.728433,19,0.59049,0.838722,post_filter,False,0.8258,1.0,0.972475,0.59049,0.852097,25.1275,"overall IN (2,3,5)"
238,0.881823,20,0.59049,0.952292,post_filter,False,0.7445,1.0,0.975185,0.59049,0.954581,25.3664,"overall IN (1,4,5)"
239,0.160682,1,0.701426,0.731443,post_filter,False,0.3683,0.7,0.046599,0.701426,0.662959,25.1264,"main_cat IN ('Camera & Photo', 'Computers')"
240,0.680906,18,0.6561,0.884811,post_filter,False,0.36,0.4,0.000173,0.6561,0.796347,25.2281,"overall IN (3,5)"
241,0.248992,4,0.932027,0.97702,pre_filter,False,20.2925,1.0,0.323583,0.871183,0.97702,25.0615,"overall IN (3,4)"
242,0.270385,5,0.850183,0.919491,pre_filter,False,15.304,0.9,0.285276,0.793692,0.919491,25.2918,"main_cat IN ('Home Audio & Theater', 'Books', 'Tools & Home Improvement')"
243,0.12068,1,0.701426,0.662959,pre_filter,False,7.156,1.0,0.761467,0.70743,0.662959,25.3932,"main_cat IN ('Camera &amp; Photo', 'Cell Phones &amp; Accessories', 'Tools & Home Improvement')"
244,0.092237,0,0.852345,0.723133,pre_filter,False,5.6268,1.0,0.81244,0.848354,0.723133,25.2408,main_cat='Home Audio &amp; Theater' AND overall>=3.0
245,0.270385,5,0.793692,0.919491,pre_filter,False,15.4004,0.8,0.087274,0.72305,0.919491,25.0836,"main_cat IN ('Home Audio & Theater', 'Books', 'Tools & Home Improvement')"
246,0.774129,19,0.59049,0.852097,post_filter,False,1.0296,1.0,0.965681,0.59049,0.863455,25.1024,"overall IN (1,3,5)"
247,0.248992,4,0.871183,0.97702,pre_filter,False,20.2683,1.0,0.32439,0.816504,0.97702,25.1893,"overall IN (3,4)"
248,0.248992,4,0.816504,0.97702,post_filter,False,0.728,1.0,0.975735,0.816504,0.976892,25.31,"overall IN (3,4)"
249,0.389743,11,0.742254,0.987453,post_filter,False,0.8263,1.0,0.972457,0.742254,0.985953,25.176,overall<=4.0
250,0.728433,19,0.59049,0.863455,post_filter,False,0.7981,1.0,0.973396,0.59049,0.874449,25.4642,"overall IN (2,3,5)"
251,0.7886,19,0.59049,0.874449,post_filter,False,0.9864,1.0,0.967121,0.59049,0.883717,25.5265,overall>=4.0
252,0.339351,8,0.711652,0.917876,post_filter,False,0.8536,1.0,0.971547,0.711652,0.923243,25.2964,"main_cat IN ('Home Audio & Theater', 'Camera &amp; Photo', 'Sports & Outdoors')"
253,0.160682,1,0.70743,0.662959,pre_filter,False,10.7717,1.0,0.640944,0.700782,0.662959,25.0744,"main_cat IN ('Camera & Photo', 'Computers')"
254,0.7886,19,0.59049,0.883717,post_filter,False,0.7868,1.0,0.973774,0.59049,0.892722,25.1417,overall>=4.0
255,0.389743,11,0.742254,0.985953,post_filter,False,0.8175,1.0,0.97275,0.742254,0.984633,25.1948,overall<=4.0
256,0.300422,7,0.725334,0.89142,post_filter,False,0.859,0.9,0.565683,0.725334,0.858846,25.118,"main_cat IN ('All Electronics', 'Books', 'Sports & Outdoors')"
257,0.389743,11,0.742254,0.984633,post_filter,False,0.8323,1.0,0.972256,0.742254,0.983395,25.479,overall<=4.0
258,0.073033,0,0.848354,0.723133,post_filter,False,1.0075,1.0,0.966417,0.848354,0.747461,25.1709,brand='Tiffen'
259,0.821657,20,0.59049,0.954581,post_filter,False,0.9197,1.0,0.969343,0.59049,0.956057,25.0005,"overall IN (1,2,3,5)"
260,0.906777,21,1.0,0.849932,post_filter,True,0.7838,1.0,0.973874,1.0,0.862326,25.1708,overall>=2.0
261,0.952472,21,1.0,0.862326,post_filter,True,0.7892,1.0,0.973693,1.0,0.873463,25.1725,"overall IN (1,3,4,5)"
262,0.300422,7,0.725334,0.858846,post_filter,False,1.2496,1.0,0.958346,0.725334,0.868796,26.6513,"main_cat IN ('All Electronics', 'Books', 'Sports & Outdoors')"
263,0.728433,19,0.59049,0.892722,post_filter,False,1.0742,1.0,0.964194,0.59049,0.899869,26.9419,"overall IN (2,3,5)"
264,0.339351,8,0.711652,0.923243,post_filter,False,0.9983,1.0,0.966722,0.711652,0.927591,26.394,"main_cat IN ('Home Audio & Theater', 'Camera &amp; Photo', 'Sports & Outdoors')"
265,0.230635,3,0.918943,0.852559,pre_filter,False,13.4095,1.0,0.553018,0.88235,0.852559,25.8066,"main_cat IN ('Camera & Photo', 'Camera &amp; Photo', 'Cell Phones &amp; Accessories')"
266,0.751008,19,0.59049,0.899869,post_filter,False,0.7603,1.0,0.974656,0.59049,0.907348,25.1215,"overall IN (1,2,5)"
267,0.859249,20,0.59049,0.956057,post_filter,False,0.4423,1.0,0.985257,0.59049,0.958977,25.1222,overall>=3.0
268,0.073033,0,0.848354,0.747461,pre_filter,False,4.1693,0.9,0.501424,0.813661,0.747461,25.2345,brand='Tiffen'
269,0.092237,0,0.813661,0.747461,post_filter,False,1.0958,1.0,0.963472,0.813661,0.769062,25.1387,main_cat='Home Audio &amp; Theater' AND overall>=3.0
270,0.774129,19,0.59049,0.907348,post_filter,False,0.6731,1.0,0.977563,0.59049,0.91437,25.3393,"overall IN (1,3,5)"
271,0.751008,19,0.59049,0.91437,post_filter,False,0.7168,1.0,0.976107,0.59049,0.920543,25.2053,"overall IN (1,2,5)"
272,0.319094,7,0.725334,0.868796,post_filter,False,0.9016,0.9,0.564855,0.725334,0.838402,25.1293,"overall IN (1,2,4)"
273,0.300422,7,0.725334,0.838402,post_filter,False,0.8351,0.6,0.009818,0.725334,0.755544,25.4276,"main_cat IN ('All Electronics', 'Books', 'Sports & Outdoors')"
274,0.658182,18,0.6561,0.796347,post_filter,False,1.0428,1.0,0.965242,0.6561,0.813237,25.0996,verified=true AND overall>=3.0
275,0.859249,20,0.59049,0.958977,post_filter,False,0.8662,1.0,0.971128,0.59049,0.960192,25.0205,overall>=3.0
276,0.821657,20,0.59049,0.960192,post_filter,False,0.4812,0.8,0.176458,0.59049,0.881819,25.1355,"overall IN (1,2,3,5)"
277,0.774129,19,0.59049,0.920543,post_filter,False,0.9693,1.0,0.96769,0.59049,0.925258,24.9352,"overall IN (1,3,5)"
278,0.160682,1,0.700782,0.662959,post_filter,False,1.1299,0.9,0.560424,0.700782,0.652705,25.8016,"main_cat IN ('Camera & Photo', 'Computers')"
279,0.050727,0,0.813661,0.769062,pre_filter,False,2.8252,1.0,0.905828,0.822878,0.769062,25.5482,"main_cat IN ('Computers', 'Tools & Home Improvement')"
280,0.140751,1,0.700782,0.652705,pre_filter,False,12.1057,1.0,0.596475,0.690351,0.652705,25.1488,overall<=2.0
281,0.906777,21,1.0,0.873463,post_filter,True,0.9624,1.0,0.967919,1.0,0.882909,25.0964,overall>=2.0
282,0.728433,19,0.59049,0.925258,post_filter,False,0.3815,1.0,0.987285,0.59049,0.931461,25.3927,"overall IN (2,3,5)"
283,0.774129,19,0.59049,0.931461,post_filter,False,0.8492,1.0,0.971693,0.59049,0.935484,25.3777,"overall IN (1,3,5)"
284,0.859249,20,0.59049,0.881819,post_filter,False,0.5557,1.0,0.981475,0.59049,0.891784,25.5659,overall>=3.0
285,0.389743,11,0.742254,0.983395,post_filter,False,0.683,1.0,0.977232,0.742254,0.982779,25.4329,overall<=4.0
286,0.073033,0,0.822878,0.769062,pre_filter,False,3.8895,1.0,0.870351,0.827625,0.769062,25.7447,brand='Tiffen'
287,0.140751,1,0.690351,0.652705,pre_filter,False,12.2042,1.0,0.593192,0.680635,0.652705,25.4544,overall<=2.0
288,0.092237,0,0.827625,0.769062,pre_filter,False,5.6221,1.0,0.812597,0.826122,0.769062,25.3513,main_cat='Home Audio &amp; Theater' AND overall>=3.0
289,0.210713,2,0.717196,0.897619,post_filter,False,0.7105,1.0,0.976317,0.717196,0.905489,25.2068,"main_cat IN ('Camera & Photo', 'Camera &amp; Photo')"
290,0.836128,20,0.59049,0.891784,post_filter,False,0.4313,1.0,0.985624,0.59049,0.901168,25.0941,"overall IN (2,4,5)"
291,0.751008,19,0.59049,0.935484,post_filter,False,0.703,1.0,0.976567,0.59049,0.939592,24.9369,"overall IN (1,2,5)"
292,0.300422,7,0.725334,0.755544,post_filter,False,0.9375,1.0,0.96875,0.725334,0.776864,25.1084,"main_cat IN ('All Electronics', 'Books', 'Sports & Outdoors')"
293,0.300422,7,0.725334,0.776864,pre_filter,False,17.0655,1.0,0.431151,0.695915,0.776864,25.1627,"main_cat IN ('All Electronics', 'Books', 'Sports & Outdoors')"
294,0.319094,7,0.695915,0.776864,post_filter,False,0.8521,1.0,0.971597,0.695915,0.796338,25.2943,"overall IN (1,2,4)"
295,0.70348,19,0.59049,0.939592,post_filter,False,0.8372,1.0,0.972094,0.59049,0.942842,25.4003,"overall IN (1,5)"
296,0.073033,0,0.826122,0.769062,pre_filter,False,4.0484,1.0,0.865054,0.830016,0.769062,25.3556,brand='Tiffen'
297,0.728433,19,0.59049,0.942842,post_filter,False,0.4858,1.0,0.983807,0.59049,0.946939,25.147,"overall IN (2,3,5)"
298,0.140751,1,0.680635,0.652705,pre_filter,False,11.8789,1.0,0.604037,0.672975,0.652705,25.2793,overall<=2.0
299,0.774129,19,0.59049,0.946939,post_filter,False,0.9522,1.0,0.96826,0.59049,0.949071,25.2394,"overall IN (1,3,5)"
300,0.389743,11,0.742254,0.982779,post_filter,False,0.8458,1.0,0.971807,0.742254,0.981682,25.1806,overall<=4.0
301,0.300422,7,0.695915,0.796338,pre_filter,False,17.1463,1.0,0.428458,0.66917,0.796338,25.257,"main_cat IN ('All Electronics', 'Books', 'Sports & Outdoors')"
302,0.300422,7,0.66917,0.796338,pre_filter,False,17.0005,1.0,0.433318,0.645585,0.796338,25.0325,"main_cat IN ('All Electronics', 'Books', 'Sports & Outdoors')"
303,0.389743,11,0.742254,0.981682,post_filter,False,0.9091,1.0,0.969697,0.742254,0.980483,25.4355,overall<=4.0
304,0.836128,20,0.59049,0.901168,post_filter,False,0.1317,0.0,0.0,0.59049,0.811052,25.2786,"overall IN (2,4,5)"
305,0.092237,0,0.830016,0.769062,post_filter,False,0.7989,0.7,0.045922,0.830016,0.696748,25.4094,main_cat='Home Audio &amp; Theater' AND overall>=3.0
306,0.70348,19,0.59049,0.949071,post_filter,False,0.8719,1.0,0.970936,0.59049,0.951257,25.0035,"overall IN (1,5)"
307,0.140751,1,0.672975,0.652705,post_filter,False,0.9055,0.4,0.00017,0.672975,0.587452,27.0575,overall<=2.0
308,0.658182,18,0.6561,0.813237,post_filter,False,0.5986,1.0,0.980047,0.6561,0.829918,25.5245,verified=true AND overall>=3.0
309,0.300422,7,0.645585,0.796338,post_filter,False,0.7926,1.0,0.973581,0.645585,0.814062,25.1339,"main_cat IN ('All Electronics', 'Books', 'Sports & Outdoors')"
310,0.319094,7,0.645585,0.814062,post_filter,False,0.672,1.0,0.977599,0.645585,0.830416,24.9857,"overall IN (1,2,4)"
311,0.270385,5,0.72305,0.919491,post_filter,False,0.9038,1.0,0.969874,0.72305,0.924529,25.2049,"main_cat IN ('Home Audio & Theater', 'Books', 'Tools & Home Improvement')"
312,0.751008,19,0.59049,0.951257,post_filter,False,0.1279,0.0,0.0,0.59049,0.856132,25.0506,"overall IN (1,2,5)"
313,0.230635,3,0.88235,0.852559,pre_filter,False,12.6808,1.0,0.577307,0.851846,0.852559,25.1645,"main_cat IN ('Camera & Photo', 'Camera &amp; Photo', 'Cell Phones &amp; Accessories')"
314,0.210713,2,0.717196,0.905489,post_filter,False,1.1786,0.4,0.000168,0.717196,0.814957,25.5274,"main_cat IN ('Camera & Photo', 'Camera &amp; Photo')"
315,0.12068,1,0.672975,0.587452,post_filter,False,0.9992,0.9,0.562961,0.672975,0.585003,24.9318,"main_cat IN ('Camera &amp; Photo', 'Cell Phones &amp; Accessories', 'Tools & Home Improvement')"
316,0.050727,0,0.830016,0.696748,post_filter,False,0.4593,1.0,0.984689,0.830016,0.725542,25.2373,"main_cat IN ('Computers', 'Tools & Home Improvement')"
317,0.821657,20,0.59049,0.811052,post_filter,False,0.8862,1.0,0.970458,0.59049,0.826992,25.0253,"overall IN (1,2,3,5)"
318,0.160682,1,0.672975,0.585003,pre_filter,False,9.0257,1.0,0.699143,0.675592,0.585003,25.0824,"main_cat IN ('Camera & Photo', 'Computers')"
319,0.610257,18,0.6561,0.829918,post_filter,False,0.7039,1.0,0.976536,0.6561,0.844579,25.267,overall>=5.0
320,0.658182,18,0.6561,0.844579,post_filter,False,1.0232,1.0,0.965892,0.6561,0.856711,25.3446,verified=true AND overall>=3.0
321,0.319094,7,0.645585,0.830416,post_filter,False,0.5377,1.0,0.982075,0.645585,0.845582,25.2326,"overall IN (1,2,4)"
322,0.952472,21,1.0,0.882909,post_filter,True,0.9623,1.0,0.967924,1.0,0.89141,25.3438,"overall IN (1,3,4,5)"
323,0.680906,18,0.6561,0.856711,post_filter,False,0.8541,1.0,0.971529,0.6561,0.868193,25.1441,"overall IN (3,5)"
324,0.12068,1,0.675592,0.585003,post_filter,False,1.2038,0.7,0.045285,0.675592,0.531031,25.3662,"main_cat IN ('Camera &amp; Photo', 'Cell Phones &amp; Accessories', 'Tools & Home Improvement')"
325,0.230635,3,0.851846,0.852559,post_filter,False,0.6892,1.0,0.977026,0.851846,0.865006,25.1667,"main_cat IN ('Camera & Photo', 'Camera &amp; Photo', 'Cell Phones &amp; Accessories')"
326,0.836128,20,0.59049,0.826992,post_filter,False,0.9714,1.0,0.967619,0.59049,0.841055,25.0011,"overall IN (2,4,5)"
327,0.230635,3,0.851846,0.865006,pre_filter,False,12.687,1.0,0.577099,0.824371,0.865006,25.0391,"main_cat IN ('Camera & Photo', 'Camera &amp; Photo', 'Cell Phones &amp; Accessories')"
328,0.7886,19,0.59049,0.856132,post_filter,False,0.4141,0.4,0.000173,0.59049,0.770536,25.356,overall>=4.0
329,0.389743,11,0.742254,0.980483,post_filter,False,0.1302,0.2,0.0,0.742254,0.882435,25.2837,overall<=4.0
330,0.180604,1,0.675592,0.531031,pre_filter,False,10.1174,1.0,0.662753,0.674308,0.531031,25.4251,"main_cat IN ('Camera & Photo', 'Computers', 'Cell Phones &amp; Accessories')"
331,0.728433,19,0.59049,0.770536,pre_filter,False,41.5943,1.0,0.0,0.531441,0.770536,25.1134,"overall IN (2,3,5)"
332,0.248992,4,0.816504,0.976892,post_filter,False,0.884,1.0,0.970535,0.816504,0.976256,25.3577,"overall IN (3,4)"
333,0.7886,19,0.531441,0.770536,post_filter,False,0.8653,1.0,0.971156,0.531441,0.790598,25.345,overall>=4.0
334,0.952472,21,1.0,0.89141,post_filter,True,0.4694,1.0,0.984354,1.0,0.900705,25.1,"overall IN (1,3,4,5)"
335,0.610257,18,0.6561,0.868193,post_filter,False,0.9597,1.0,0.96801,0.6561,0.878174,25.1595,overall>=5.0
336,0.180604,1,0.674308,0.531031,pre_filter,False,10.3607,1.0,0.654642,0.672342,0.531031,25.101,"main_cat IN ('Camera & Photo', 'Computers', 'Cell Phones &amp; Accessories')"
337,0.12068,1,0.672342,0.531031,pre_filter,False,7.102,1.0,0.763267,0.681434,0.531031,25.409,"main_cat IN ('Camera &amp; Photo', 'Cell Phones &amp; Accessories', 'Tools & Home Improvement')"
338,0.140751,1,0.681434,0.531031,pre_filter,False,12.0203,1.0,0.599325,0.673223,0.531031,25.1476,overall<=2.0
339,0.906777,21,1.0,0.900705,post_filter,True,0.8917,1.0,0.970276,1.0,0.907662,25.4315,overall>=2.0
340,0.092237,0,0.830016,0.725542,post_filter,False,0.9643,1.0,0.967856,0.830016,0.749774,25.0351,main_cat='Home Audio &amp; Theater' AND overall>=3.0
341,0.389743,11,0.742254,0.882435,post_filter,False,0.8407,1.0,0.971978,0.742254,0.891389,25.3552,overall<=4.0
342,0.160682,1,0.673223,0.531031,pre_filter,False,9.1747,1.0,0.694175,0.675318,0.531031,25.0995,"main_cat IN ('Camera & Photo', 'Computers')"
343,0.929351,21,1.0,0.907662,post_filter,True,0.8562,1.0,0.97146,1.0,0.914042,25.266,"overall IN (1,2,4,5)"
344,0.7886,19,0.531441,0.790598,post_filter,False,0.833,1.0,0.972232,0.531441,0.808761,25.1261,overall>=4.0
345,0.389743,11,0.742254,0.891389,post_filter,False,0.8252,1.0,0.972494,0.742254,0.8995,25.3081,overall<=4.0
346,0.092237,0,0.830016,0.749774,pre_filter,False,5.5251,0.9,0.475104,0.794525,0.749774,25.3955,main_cat='Home Audio &amp; Theater' AND overall>=3.0
347,0.859249,20,0.59049,0.841055,post_filter,False,1.0545,1.0,0.964849,0.59049,0.853434,25.1547,overall>=3.0
348,0.774129,19,0.531441,0.808761,post_filter,False,0.8542,1.0,0.971526,0.531441,0.825038,25.2025,"overall IN (1,3,5)"
349,0.906777,21,1.0,0.914042,post_filter,True,0.6364,1.0,0.978788,1.0,0.920516,25.3969,overall>=2.0
350,0.270385,5,0.72305,0.924529,post_filter,False,0.9673,1.0,0.967757,0.72305,0.928852,25.2139,"main_cat IN ('Home Audio & Theater', 'Books', 'Tools & Home Improvement')"
351,0.774129,19,0.531441,0.825038,post_filter,False,0.3706,1.0,0.987646,0.531441,0.841299,37.8811,"overall IN (1,3,5)"
352,0.300422,7,0.645585,0.845582,post_filter,False,0.8784,1.0,0.970721,0.645585,0.858095,25.1207,"main_cat IN ('All Electronics', 'Books', 'Sports & Outdoors')"
353,0.7886,19,0.531441,0.841299,post_filter,False,0.8908,1.0,0.970306,0.531441,0.854199,25.1183,overall>=4.0
354,0.092237,0,0.794525,0.749774,pre_filter,False,5.5187,1.0,0.816043,0.796676,0.749774,25.3043,main_cat='Home Audio &amp; Theater' AND overall>=3.0
355,0.680906,18,0.6561,0.878174,post_filter,False,0.9252,1.0,0.969158,0.6561,0.887273,25.2045,"overall IN (3,5)"
356,0.680906,18,0.6561,0.887273,post_filter,False,0.8835,1.0,0.97055,0.6561,0.8956,25.2687,"overall IN (3,5)"
357,0.248992,4,0.816504,0.976256,post_filter,False,0.7031,1.0,0.976564,0.816504,0.976287,25.3511,"overall IN (3,4)"
358,0.929351,21,1.0,0.920516,post_filter,True,0.4653,1.0,0.984489,1.0,0.926913,25.1794,"overall IN (1,2,4,5)"
359,0.248992,4,0.816504,0.976287,post_filter,False,0.8546,0.9,0.565767,0.816504,0.935235,25.2402,"overall IN (3,4)"
360,0.906777,21,1.0,0.926913,post_filter,True,0.9564,1.0,0.968121,1.0,0.931034,25.054,overall>=2.0
361,0.160682,1,0.675318,0.531031,pre_filter,False,9.2331,1.0,0.692229,0.677009,0.531031,25.2071,"main_cat IN ('Camera & Photo', 'Computers')"
362,0.7886,19,0.531441,0.854199,post_filter,False,0.8573,1.0,0.971422,0.531441,0.865922,25.0812,overall>=4.0
363,0.7886,19,0.531441,0.865922,post_filter,False,0.8372,1.0,0.972093,0.531441,0.876539,25.9206,overall>=4.0
364,0.952472,21,1.0,0.931034,post_filter,True,1.1206,1.0,0.962646,1.0,0.934195,28.8344,"overall IN (1,3,4,5)"
365,0.7886,19,0.531441,0.876539,post_filter,False,0.918,1.0,0.969399,0.531441,0.885825,26.6755,overall>=4.0
366,0.751008,19,0.531441,0.885825,post_filter,False,0.496,1.0,0.983468,0.531441,0.895589,25.9762,"overall IN (1,2,5)"
367,0.160682,1,0.677009,0.531031,post_filter,False,0.9907,1.0,0.966978,0.677009,0.574626,25.536,"main_cat IN ('Camera & Photo', 'Computers')"
368,0.859249,20,0.59049,0.853434,post_filter,False,0.8441,1.0,0.971862,0.59049,0.865277,25.6532,overall>=3.0
369,0.300422,7,0.645585,0.858095,post_filter,False,0.9155,1.0,0.969483,0.645585,0.869234,25.4226,"main_cat IN ('All Electronics', 'Books', 'Sports & Outdoors')"
370,0.658182,18,0.6561,0.8956,pre_filter,False,39.3762,1.0,0.0,0.59049,0.8956,25.162,verified=true AND overall>=3.0
371,0.210713,2,0.717196,0.814957,pre_filter,False,11.6929,1.0,0.610237,0.7065,0.814957,25.3055,"main_cat IN ('Camera & Photo', 'Camera &amp; Photo')"
372,0.12068,1,0.677009,0.574626,post_filter,False,0.9435,1.0,0.968549,0.677009,0.614018,25.4454,"main_cat IN ('Camera &amp; Photo', 'Cell Phones &amp; Accessories', 'Tools & Home Improvement')"
373,0.180604,1,0.677009,0.614018,pre_filter,False,10.4864,1.0,0.650453,0.674354,0.614018,25.6127,"main_cat IN ('Camera & Photo', 'Computers', 'Cell Phones &amp; Accessories')"
374,0.859249,20,0.59049,0.865277,post_filter,False,0.8868,1.0,0.970439,0.59049,0.875793,25.1229,overall>=3.0
375,0.140751,1,0.674354,0.614018,pre_filter,False,12.0293,1.0,0.599022,0.666821,0.614018,25.4739,overall<=2.0
376,0.210713,2,0.7065,0.814957,post_filter,False,0.8365,0.9,0.566119,0.7065,0.790073,25.3146,"main_cat IN ('Camera & Photo', 'Camera &amp; Photo')"
377,0.859249,20,0.59049,0.875793,post_filter,False,0.7756,1.0,0.974146,0.59049,0.885629,25.0894,overall>=3.0
378,0.610257,18,0.59049,0.8956,post_filter,False,0.9922,1.0,0.966926,0.59049,0.902733,25.122,overall>=5.0
379,0.050727,0,0.796676,0.749774,pre_filter,False,2.8511,1.0,0.904962,0.807505,0.749774,25.5255,"main_cat IN ('Computers', 'Tools & Home Improvement')"
380,0.300422,7,0.645585,0.869234,post_filter,False,0.8514,1.0,0.971621,0.645585,0.879473,25.1375,"main_cat IN ('All Electronics', 'Books', 'Sports & Outdoors')"
381,0.680906,18,0.59049,0.902733,post_filter,False,0.2368,0.1,0.0,0.59049,0.81246,25.1392,"overall IN (3,5)"
382,0.70348,19,0.531441,0.895589,post_filter,False,1.0842,1.0,0.963861,0.531441,0.902416,25.2792,"overall IN (1,5)"
383,0.300422,7,0.645585,0.879473,post_filter,False,0.7642,1.0,0.974528,0.645585,0.888978,25.6555,"main_cat IN ('All Electronics', 'Books', 'Sports & Outdoors')"
384,0.389743,11,0.742254,0.8995,post_filter,False,1.0275,0.9,0.562411,0.742254,0.865791,25.5649,overall<=4.0
385,0.859249,20,0.59049,0.885629,post_filter,False,0.8479,1.0,0.971736,0.59049,0.894239,25.7715,overall>=3.0
386,0.680906,18,0.59049,0.81246,post_filter,False,0.8862,1.0,0.970458,0.59049,0.82826,25.7047,"overall IN (3,5)"
387,0.140751,1,0.666821,0.614018,post_filter,False,1.2324,0.7,0.04524,0.666821,0.55714,25.6058,overall<=2.0
388,0.728433,19,0.531441,0.902416,post_filter,False,0.3968,1.0,0.986772,0.531441,0.910852,25.4933,"overall IN (2,3,5)"
389,0.929351,21,1.0,0.934195,post_filter,True,0.6563,1.0,0.978124,1.0,0.938588,25.3344,"overall IN (1,2,4,5)"
390,0.092237,0,0.807505,0.749774,post_filter,False,0.7468,0.8,0.17487,0.807505,0.692283,25.5352,main_cat='Home Audio &amp; Theater' AND overall>=3.0
391,0.092237,0,0.807505,0.692283,pre_filter,False,5.756,1.0,0.808132,0.807568,0.692283,25.0912,main_cat='Home Audio &amp; Theater' AND overall>=3.0
392,0.248992,4,0.816504,0.935235,pre_filter,False,20.3229,1.0,0.322569,0.76711,0.935235,25.1614,"overall IN (3,4)"
393,0.319094,7,0.645585,0.888978,post_filter,False,0.674,1.0,0.977535,0.645585,0.897834,25.215,"overall IN (1,2,4)"
394,0.7886,19,0.531441,0.910852,post_filter,False,0.9422,1.0,0.968593,0.531441,0.916626,25.3071,overall>=4.0
395,0.821657,20,0.59049,0.894239,post_filter,False,1.0299,1.0,0.965669,0.59049,0.901382,24.8768,"overall IN (1,2,3,5)"
396,0.610257,18,0.59049,0.82826,post_filter,False,0.875,1.0,0.970832,0.59049,0.842517,25.108,overall>=5.0
397,0.658182,18,0.59049,0.842517,post_filter,False,0.9496,1.0,0.968346,0.59049,0.8551,25.003,verified=true AND overall>=3.0
398,0.339351,8,0.711652,0.927591,pre_filter,False,19.237,1.0,0.358768,0.676364,0.927591,25.1452,"main_cat IN ('Home Audio & Theater', 'Camera &amp; Photo', 'Sports & Outdoors')"
399,0.836128,20,0.59049,0.901382,post_filter,False,0.8666,1.0,0.971114,0.59049,0.908355,25.2655,"overall IN (2,4,5)"
400,0.339351,8,0.676364,0.927591,post_filter,False,0.8432,1.0,0.971894,0.676364,0.932022,24.8793,"main_cat IN ('Home Audio & Theater', 'Camera &amp; Photo', 'Sports & Outdoors')"
401,0.881823,20,0.59049,0.908355,post_filter,False,0.9329,1.0,0.968904,0.59049,0.91441,25.3275,"overall IN (1,4,5)"
402,0.70348,19,0.531441,0.916626,post_filter,False,0.8712,1.0,0.97096,0.531441,0.922059,25.3292,"overall IN (1,5)"
403,0.092237,0,0.807568,0.692283,pre_filter,False,5.6868,1.0,0.81044,0.807855,0.692283,25.1753,main_cat='Home Audio &amp; Theater' AND overall>=3.0
404,0.140751,1,0.666821,0.55714,pre_filter,False,12.2756,1.0,0.590814,0.65922,0.55714,25.663,overall<=2.0
405,0.270385,5,0.72305,0.928852,post_filter,False,1.0493,1.0,0.965022,0.72305,0.932469,25.2109,"main_cat IN ('Home Audio & Theater', 'Books', 'Tools & Home Improvement')"
406,0.751008,19,0.531441,0.922059,post_filter,False,0.9759,1.0,0.967469,0.531441,0.9266,25.3756,"overall IN (1,2,5)"
407,0.092237,0,0.807855,0.692283,post_filter,False,0.9451,1.0,0.968496,0.807855,0.719904,25.1253,main_cat='Home Audio &amp; Theater' AND overall>=3.0
408,0.389743,11,0.742254,0.865791,post_filter,False,0.4962,0.0,0.0,0.742254,0.779212,25.5514,overall<=4.0
409,0.389743,11,0.742254,0.779212,post_filter,False,0.8333,1.0,0.972222,0.742254,0.798513,25.1804,overall<=4.0
410,0.774129,19,0.531441,0.9266,post_filter,False,0.8794,1.0,0.970687,0.531441,0.931009,25.1194,"overall IN (1,3,5)"
411,0.658182,18,0.59049,0.8551,post_filter,False,0.6541,1.0,0.978197,0.59049,0.867409,25.1739,verified=true AND overall>=3.0
412,0.300422,7,0.645585,0.897834,post_filter,False,0.882,1.0,0.970601,0.645585,0.905111,25.2316,"main_cat IN ('All Electronics', 'Books', 'Sports & Outdoors')"
413,0.140751,1,0.65922,0.55714,pre_filter,False,12.2083,1.0,0.593056,0.652603,0.55714,25.3972,overall<=2.0
414,0.929351,21,1.0,0.938588,post_filter,True,1.0047,1.0,0.966511,1.0,0.94138,25.0376,"overall IN (1,2,4,5)"
415,0.881823,20,0.59049,0.91441,post_filter,False,0.5303,1.0,0.982324,0.59049,0.921202,25.1308,"overall IN (1,4,5)"
416,0.836128,20,0.59049,0.921202,post_filter,False,0.7535,1.0,0.974885,0.59049,0.92657,25.1196,"overall IN (2,4,5)"
417,0.680906,18,0.59049,0.867409,post_filter,False,0.7253,1.0,0.975824,0.59049,0.878251,25.1022,"overall IN (3,5)"
418,0.751008,19,0.531441,0.931009,post_filter,False,0.6141,1.0,0.979531,0.531441,0.935861,25.5264,"overall IN (1,2,5)"
419,0.70348,19,0.531441,0.935861,post_filter,False,0.7623,1.0,0.974589,0.531441,0.939734,25.435,"overall IN (1,5)"
420,0.160682,1,0.652603,0.55714,pre_filter,False,9.2181,0.7,0.032682,0.590611,0.55714,25.5113,"main_cat IN ('Camera & Photo', 'Computers')"
421,0.836128,20,0.59049,0.92657,pre_filter,False,58.294,0.7,0.0,0.531441,0.92657,25.8299,"overall IN (2,4,5)"
422,0.140751,1,0.590611,0.55714,pre_filter,False,13.0119,1.0,0.566271,0.588177,0.55714,27.639,overall<=2.0
423,0.339351,8,0.676364,0.932022,post_filter,False,0.6207,1.0,0.97931,0.676364,0.93675,25.6824,"main_cat IN ('Home Audio & Theater', 'Camera &amp; Photo', 'Sports & Outdoors')"
424,0.658182,18,0.59049,0.878251,post_filter,False,1.0114,1.0,0.966286,0.59049,0.887054,25.5273,verified=true AND overall>=3.0
425,0.952472,21,1.0,0.94138,post_filter,True,0.7046,1.0,0.976513,1.0,0.944894,25.2168,"overall IN (1,3,4,5)"
426,0.906777,21,1.0,0.944894,post_filter,True,1.0084,1.0,0.966386,1.0,0.947043,25.0913,overall>=2.0
427,0.073033,0,0.807855,0.719904,pre_filter,False,4.1017,1.0,0.863275,0.813397,0.719904,25.1641,brand='Tiffen'
428,0.881823,20,0.531441,0.92657,post_filter,False,0.9123,1.0,0.969589,0.531441,0.930872,25.0235,"overall IN (1,4,5)"
429,0.12068,1,0.588177,0.55714,pre_filter,False,7.012,1.0,0.766268,0.605986,0.55714,25.0219,"main_cat IN ('Camera &amp; Photo', 'Cell Phones &amp; Accessories', 'Tools & Home Improvement')"
430,0.658182,18,0.59049,0.887054,post_filter,False,1.0299,1.0,0.965669,0.59049,0.894916,25.0818,verified=true AND overall>=3.0
431,0.140751,1,0.605986,0.55714,post_filter,False,1.2322,0.8,0.171969,0.605986,0.518623,25.694,overall<=2.0
432,0.248992,4,0.76711,0.935235,pre_filter,False,20.807,1.0,0.306435,0.721043,0.935235,25.4866,"overall IN (3,4)"
433,0.160682,1,0.605986,0.518623,pre_filter,False,9.2427,1.0,0.69191,0.614579,0.518623,25.289,"main_cat IN ('Camera & Photo', 'Computers')"
434,0.160682,1,0.614579,0.518623,pre_filter,False,9.38,1.0,0.687333,0.621854,0.518623,25.372,"main_cat IN ('Camera & Photo', 'Computers')"
435,0.270385,5,0.72305,0.932469,post_filter,False,0.9603,1.0,0.96799,0.72305,0.936021,25.2604,"main_cat IN ('Home Audio & Theater', 'Books', 'Tools & Home Improvement')"
436,0.952472,21,1.0,0.947043,post_filter,True,0.7263,1.0,0.975789,1.0,0.949917,25.403,"overall IN (1,3,4,5)"
437,0.7886,19,0.531441,0.939734,post_filter,False,0.3444,1.0,0.988521,0.531441,0.944613,25.4022,overall>=4.0
438,0.210713,2,0.7065,0.790073,pre_filter,False,11.6351,1.0,0.612163,0.697066,0.790073,25.9389,"main_cat IN ('Camera & Photo', 'Camera &amp; Photo')"
439,0.300422,7,0.645585,0.905111,post_filter,False,0.3266,0.6667,0.028648,0.645585,0.817465,25.3406,"main_cat IN ('All Electronics', 'Books', 'Sports & Outdoors')"
440,0.658182,18,0.59049,0.894916,post_filter,False,0.936,1.0,0.968799,0.59049,0.902304,25.1821,verified=true AND overall>=3.0
441,0.929351,21,1.0,0.949917,post_filter,True,0.9305,1.0,0.968982,1.0,0.951824,25.2655,"overall IN (1,2,4,5)"
442,0.248992,4,0.721043,0.935235,post_filter,False,0.7595,1.0,0.974685,0.721043,0.93918,29.6234,"overall IN (3,4)"
443,0.906777,21,1.0,0.951824,post_filter,True,0.9114,1.0,0.969619,1.0,0.953603,27.1327,overall>=2.0
444,0.092237,0,0.813397,0.719904,post_filter,False,0.5402,1.0,0.981994,0.813397,0.746113,25.3309,main_cat='Home Audio &amp; Theater' AND overall>=3.0
445,0.230635,3,0.824371,0.865006,pre_filter,False,12.6688,0.6,0.005834,0.742517,0.865006,25.2205,"main_cat IN ('Camera & Photo', 'Camera &amp; Photo', 'Cell Phones &amp; Accessories')"
446,0.180604,1,0.621854,0.518623,pre_filter,False,10.3642,1.0,0.654526,0.625121,0.518623,25.3057,"main_cat IN ('Camera & Photo', 'Computers', 'Cell Phones &amp; Accessories')"
447,0.751008,19,0.531441,0.944613,post_filter,False,0.9325,1.0,0.968917,0.531441,0.947043,24.9878,"overall IN (1,2,5)"
448,0.680906,18,0.59049,0.902304,post_filter,False,0.8071,1.0,0.973097,0.59049,0.909383,25.5361,"overall IN (3,5)"
449,0.230635,3,0.742517,0.865006,post_filter,False,0.9815,1.0,0.967282,0.742517,0.875234,25.2791,"main_cat IN ('Camera & Photo', 'Camera &amp; Photo', 'Cell Phones &amp; Accessories')"
450,0.140751,1,0.625121,0.518623,post_filter,False,0.9865,1.0,0.967115,0.625121,0.563472,25.5539,overall<=2.0
451,0.751008,19,0.531441,0.947043,post_filter,False,0.8475,1.0,0.971749,0.531441,0.949514,25.1177,"overall IN (1,2,5)"
452,0.248992,4,0.721043,0.93918,post_filter,False,0.9005,1.0,0.969982,0.721043,0.94226,25.4169,"overall IN (3,4)"
453,0.728433,19,0.531441,0.949514,post_filter,False,0.9761,1.0,0.967463,0.531441,0.951309,25.3154,"overall IN (2,3,5)"
454,0.680906,18,0.59049,0.909383,post_filter,False,0.7921,1.0,0.973596,0.59049,0.915805,25.4505,"overall IN (3,5)"
455,0.092237,0,0.813397,0.746113,pre_filter,False,5.6575,1.0,0.811417,0.813199,0.746113,25.2232,main_cat='Home Audio &amp; Theater' AND overall>=3.0
456,0.658182,18,0.59049,0.915805,post_filter,False,0.5181,1.0,0.982731,0.59049,0.922497,25.2614,verified=true AND overall>=3.0
457,0.751008,19,0.531441,0.951309,post_filter,False,0.8895,1.0,0.970351,0.531441,0.953213,25.1597,"overall IN (1,2,5)"
458,0.160682,1,0.625121,0.563472,pre_filter,False,9.192,1.0,0.693601,0.631969,0.563472,25.5102,"main_cat IN ('Camera & Photo', 'Computers')"
459,0.70348,19,0.531441,0.953213,post_filter,False,0.838,1.0,0.972068,0.531441,0.955098,25.1781,"overall IN (1,5)"
460,0.70348,19,0.531441,0.955098,post_filter,False,0.6654,1.0,0.977819,0.531441,0.95737,25.2504,"overall IN (1,5)"
461,0.140751,1,0.631969,0.563472,pre_filter,False,11.9381,1.0,0.602064,0.628979,0.563472,25.1943,overall<=2.0
462,0.160682,1,0.628979,0.563472,post_filter,False,0.365,1.0,0.987832,0.628979,0.605908,25.3862,"main_cat IN ('Camera & Photo', 'Computers')"
463,0.774129,19,0.531441,0.95737,post_filter,False,0.7483,1.0,0.975056,0.531441,0.959139,25.1102,"overall IN (1,3,5)"
464,0.728433,19,0.531441,0.959139,post_filter,False,0.6645,1.0,0.977851,0.531441,0.96101,25.2889,"overall IN (2,3,5)"
465,0.821657,20,0.531441,0.930872,post_filter,False,0.99,1.0,0.967,0.531441,0.934485,24.9535,"overall IN (1,2,3,5)"
466,0.929351,21,1.0,0.953603,post_filter,True,0.6255,1.0,0.979151,1.0,0.956158,25.273,"overall IN (1,2,4,5)"
467,0.728433,19,0.531441,0.96101,post_filter,False,0.8025,1.0,0.973251,0.531441,0.962234,25.5175,"overall IN (2,3,5)"
468,0.270385,5,0.72305,0.936021,post_filter,False,0.789,1.0,0.9737,0.72305,0.939789,25.5506,"main_cat IN ('Home Audio & Theater', 'Books', 'Tools & Home Improvement')"
469,0.881823,20,0.531441,0.934485,post_filter,False,0.2975,0.0,0.0,0.531441,0.841036,25.385,"overall IN (1,4,5)"
470,0.952472,21,1.0,0.956158,post_filter,True,0.6672,1.0,0.977761,1.0,0.958319,25.3783,"overall IN (1,3,4,5)"
471,0.70348,19,0.531441,0.962234,post_filter,False,0.6501,1.0,0.978331,0.531441,0.963844,25.2216,"overall IN (1,5)"
472,0.073033,0,0.813199,0.746113,post_filter,False,1.5573,0.6,0.009575,0.813199,0.67246,25.5457,brand='Tiffen'
473,0.881823,20,0.531441,0.841036,post_filter,False,0.9593,1.0,0.968025,0.531441,0.853735,25.0588,"overall IN (1,4,5)"
474,0.906777,21,1.0,0.958319,post_filter,True,0.845,1.0,0.971835,1.0,0.95967,25.1118,overall>=2.0
475,0.050727,0,0.813199,0.67246,pre_filter,False,2.8277,1.0,0.905742,0.822453,0.67246,25.2928,"main_cat IN ('Computers', 'Tools & Home Improvement')"
476,0.092237,0,0.822453,0.67246,pre_filter,False,5.6439,1.0,0.811871,0.821395,0.67246,25.3211,main_cat='Home Audio &amp; Theater' AND overall>=3.0
477,0.073033,0,0.821395,0.67246,pre_filter,False,3.9737,1.0,0.867544,0.82601,0.67246,25.6336,brand='Tiffen'
478,0.751008,19,0.531441,0.963844,post_filter,False,0.7803,1.0,0.973989,0.531441,0.964858,25.1837,"overall IN (1,2,5)"
479,0.836128,20,0.531441,0.853735,post_filter,False,0.8185,1.0,0.972718,0.531441,0.865633,25.189,"overall IN (2,4,5)"
480,0.70348,19,0.531441,0.964858,post_filter,False,0.7916,1.0,0.973614,0.531441,0.965734,25.0327,"overall IN (1,5)"
481,0.230635,3,0.742517,0.875234,post_filter,False,0.4886,0.9,0.572872,0.742517,0.844997,25.3423,"main_cat IN ('Camera & Photo', 'Camera &amp; Photo', 'Cell Phones &amp; Accessories')"
482,0.751008,19,0.531441,0.965734,post_filter,False,0.828,1.0,0.972401,0.531441,0.966401,25.3793,"overall IN (1,2,5)"
483,0.180604,1,0.628979,0.605908,post_filter,False,1.0961,0.9,0.56108,0.628979,0.601425,25.4364,"main_cat IN ('Camera & Photo', 'Computers', 'Cell Phones &amp; Accessories')"
484,0.836128,20,0.531441,0.865633,post_filter,False,0.9635,1.0,0.967883,0.531441,0.875858,25.1514,"overall IN (2,4,5)"
485,0.70348,19,0.531441,0.966401,post_filter,False,0.9813,1.0,0.967289,0.531441,0.96649,25.1843,"overall IN (1,5)"
486,0.339351,8,0.676364,0.93675,post_filter,False,0.6075,1.0,0.979751,0.676364,0.941051,25.5635,"main_cat IN ('Home Audio & Theater', 'Camera &amp; Photo', 'Sports & Outdoors')"
487,0.728433,19,0.531441,0.96649,post_filter,False,0.3351,0.9,0.575851,0.531441,0.927426,25.4794,"overall IN (2,3,5)"
488,0.751008,19,0.531441,0.927426,post_filter,False,0.7584,1.0,0.974721,0.531441,0.932155,25.1588,"overall IN (1,2,5)"
489,0.050727,0,0.82601,0.67246,pre_filter,False,2.8583,1.0,0.904722,0.833881,0.67246,25.4454,"main_cat IN ('Computers', 'Tools & Home Improvement')"
490,0.610257,18,0.59049,0.922497,post_filter,False,0.8153,1.0,0.972825,0.59049,0.92753,25.1267,overall>=5.0
491,0.929351,21,1.0,0.95967,post_filter,True,0.7802,1.0,0.973994,1.0,0.961103,25.2022,"overall IN (1,2,4,5)"
492,0.751008,19,0.531441,0.932155,post_filter,False,0.8269,1.0,0.972436,0.531441,0.936183,24.9567,"overall IN (1,2,5)"
493,0.680906,18,0.59049,0.92753,post_filter,False,0.7074,1.0,0.976419,0.59049,0.932419,25.3419,"overall IN (3,5)"
494,0.248992,4,0.721043,0.94226,pre_filter,False,20.366,1.0,0.321132,0.681052,0.94226,26.0069,"overall IN (3,4)"
495,0.751008,19,0.531441,0.936183,post_filter,False,0.9501,1.0,0.968331,0.531441,0.939398,29.5472,"overall IN (1,2,5)"
496,0.248992,4,0.681052,0.94226,pre_filter,False,21.2567,1.0,0.291444,0.642091,0.94226,25.2633,"overall IN (3,4)"
497,0.610257,18,0.59049,0.932419,post_filter,False,0.9159,1.0,0.969469,0.59049,0.936124,25.4034,overall>=5.0
498,0.210713,2,0.697066,0.790073,post_filter,False,0.7633,1.0,0.974557,0.697066,0.808521,25.5101,"main_cat IN ('Camera & Photo', 'Camera &amp; Photo')"
499,0.859249,20,0.531441,0.875858,post_filter,False,0.8909,0.9,0.565063,0.531441,0.844779,25.424,overall>=3.0
500,0.859249,20,0.531441,0.844779,post_filter,False,0.1371,0.0,0.0,0.531441,0.760301,25.2697,overall>=3.0
501,0.774129,19,0.531441,0.939398,post_filter,False,0.7148,1.0,0.976175,0.531441,0.943076,25.957,"overall IN (1,3,5)"
502,0.319094,7,0.645585,0.817465,post_filter,False,0.376,1.0,0.987467,0.645585,0.834465,25.2785,"overall IN (1,2,4)"
503,0.248992,4,0.642091,0.94226,post_filter,False,0.8167,1.0,0.972775,0.642091,0.945311,25.4689,"overall IN (3,4)"
504,0.389743,11,0.742254,0.798513,post_filter,False,0.951,1.0,0.9683,0.742254,0.815492,25.2761,overall<=4.0
505,0.092237,0,0.833881,0.67246,pre_filter,False,5.7342,1.0,0.808858,0.831379,0.67246,25.6464,main_cat='Home Audio &amp; Theater' AND overall>=3.0
506,0.7886,19,0.531441,0.943076,post_filter,False,0.5171,1.0,0.982764,0.531441,0.947045,25.1679,overall>=4.0
507,0.073033,0,0.831379,0.67246,pre_filter,False,3.8936,1.0,0.870213,0.835262,0.67246,25.5375,brand='Tiffen'
508,0.160682,1,0.628979,0.601425,post_filter,False,0.8802,1.0,0.970661,0.628979,0.638349,25.4031,"main_cat IN ('Camera & Photo', 'Computers')"
509,0.389743,11,0.742254,0.815492,post_filter,False,0.607,1.0,0.979765,0.742254,0.831919,25.2186,overall<=4.0
510,0.339351,8,0.676364,0.941051,post_filter,False,0.8887,1.0,0.970376,0.676364,0.943983,25.2601,"main_cat IN ('Home Audio & Theater', 'Camera &amp; Photo', 'Sports & Outdoors')"
511,0.610257,18,0.59049,0.936124,post_filter,False,0.7493,1.0,0.975024,0.59049,0.940014,25.2236,overall>=5.0
512,0.389743,11,0.742254,0.831919,post_filter,False,0.7025,1.0,0.976582,0.742254,0.846385,25.296,overall<=4.0
513,0.180604,1,0.628979,0.638349,post_filter,False,1.0369,0.9,0.562228,0.628979,0.630737,25.3132,"main_cat IN ('Camera & Photo', 'Computers', 'Cell Phones &amp; Accessories')"
514,0.270385,5,0.72305,0.939789,pre_filter,False,15.3615,1.0,0.487951,0.69954,0.939789,25.5337,"main_cat IN ('Home Audio & Theater', 'Books', 'Tools & Home Improvement')"
515,0.728433,19,0.531441,0.947045,post_filter,False,0.3251,0.8,0.177391,0.531441,0.870079,25.4181,"overall IN (2,3,5)"
516,0.140751,1,0.628979,0.630737,post_filter,False,0.8184,1.0,0.972721,0.628979,0.664935,25.2551,overall<=2.0
517,0.270385,5,0.69954,0.939789,post_filter,False,1.0747,0.5,0.001573,0.69954,0.845967,25.3341,"main_cat IN ('Home Audio & Theater', 'Books', 'Tools & Home Improvement')"
518,0.906777,21,1.0,0.961103,post_filter,True,0.9905,1.0,0.966982,1.0,0.961691,25.0342,overall>=2.0
519,0.7886,19,0.531441,0.870079,post_filter,False,0.917,1.0,0.969432,0.531441,0.880014,25.0646,overall>=4.0
520,0.270385,5,0.69954,0.845967,post_filter,False,0.511,1.0,0.982967,0.69954,0.859667,25.1445,"main_cat IN ('Home Audio & Theater', 'Books', 'Tools & Home Improvement')"
521,0.821657,20,0.531441,0.760301,post_filter,False,0.8491,1.0,0.971697,0.531441,0.781441,25.0255,"overall IN (1,2,3,5)"
522,0.906777,21,1.0,0.961691,post_filter,True,0.7978,1.0,0.973407,1.0,0.962862,25.2893,overall>=2.0
523,0.300422,7,0.645585,0.834465,post_filter,False,0.82,1.0,0.972668,0.645585,0.848285,25.3214,"main_cat IN ('All Electronics', 'Books', 'Sports & Outdoors')"
524,0.319094,7,0.645585,0.848285,post_filter,False,0.8593,1.0,0.971356,0.645585,0.860592,25.4387,"overall IN (1,2,4)"
525,0.140751,1,0.628979,0.664935,pre_filter,False,12.1608,1.0,0.594639,0.625545,0.664935,25.3548,overall<=2.0
526,0.836128,20,0.531441,0.781441,post_filter,False,1.0045,1.0,0.966517,0.531441,0.799948,25.1362,"overall IN (2,4,5)"
527,0.300422,7,0.645585,0.860592,post_filter,False,0.9694,1.0,0.967687,0.645585,0.871302,25.3864,"main_cat IN ('All Electronics', 'Books', 'Sports & Outdoors')"
528,0.658182,18,0.59049,0.940014,post_filter,False,0.5667,1.0,0.981111,0.59049,0.944124,25.3671,verified=true AND overall>=3.0
529,0.680906,18,0.59049,0.944124,post_filter,False,0.775,1.0,0.974165,0.59049,0.947128,25.289,"overall IN (3,5)"
530,0.12068,1,0.625545,0.664935,pre_filter,False,6.9272,1.0,0.769093,0.6399,0.664935,25.2612,"main_cat IN ('Camera &amp; Photo', 'Cell Phones &amp; Accessories', 'Tools & Home Improvement')"
531,0.270385,5,0.69954,0.859667,post_filter,False,0.4611,1.0,0.984631,0.69954,0.872164,25.2142,"main_cat IN ('Home Audio & Theater', 'Books', 'Tools & Home Improvement')"
532,0.210713,2,0.697066,0.808521,post_filter,False,0.9995,1.0,0.966683,0.697066,0.824338,25.3119,"main_cat IN ('Camera & Photo', 'Camera &amp; Photo')"
533,0.389743,11,0.742254,0.846385,post_filter,False,0.5125,1.0,0.982915,0.742254,0.860038,25.4876,overall<=4.0
534,0.12068,1,0.6399,0.664935,post_filter,False,1.0395,0.6,0.009749,0.6399,0.599417,25.321,"main_cat IN ('Camera &amp; Photo', 'Cell Phones &amp; Accessories', 'Tools & Home Improvement')"
535,0.230635,3,0.742517,0.844997,pre_filter,False,12.6077,1.0,0.579744,0.72624,0.844997,25.4873,"main_cat IN ('Camera & Photo', 'Camera &amp; Photo', 'Cell Phones &amp; Accessories')"
536,0.389743,11,0.742254,0.860038,post_filter,False,0.6644,1.0,0.977853,0.742254,0.87182,25.2126,overall<=4.0
537,0.210713,2,0.697066,0.824338,post_filter,False,0.8549,1.0,0.971503,0.697066,0.839054,25.254,"main_cat IN ('Camera & Photo', 'Camera &amp; Photo')"
538,0.140751,1,0.6399,0.599417,post_filter,False,1.2751,0.7,0.045173,0.6399,0.543992,25.6649,overall<=2.0
539,0.12068,1,0.6399,0.543992,pre_filter,False,7.0828,1.0,0.763906,0.6523,0.543992,32.6623,"main_cat IN ('Camera &amp; Photo', 'Cell Phones &amp; Accessories', 'Tools & Home Improvement')"
540,0.073033,0,0.835262,0.67246,pre_filter,False,3.9117,1.0,0.869608,0.838697,0.67246,26.4898,brand='Tiffen'
541,0.248992,4,0.642091,0.945311,post_filter,False,0.994,1.0,0.966865,0.642091,0.947467,25.1724,"overall IN (3,4)"
542,0.319094,7,0.645585,0.871302,post_filter,False,0.9406,1.0,0.968646,0.645585,0.881036,25.1841,"overall IN (1,2,4)"
543,0.906777,21,1.0,0.962862,post_filter,True,0.7242,1.0,0.97586,1.0,0.964162,25.169,overall>=2.0
544,0.728433,19,0.531441,0.880014,post_filter,False,0.587,0.9,0.570963,0.531441,0.849109,25.2642,"overall IN (2,3,5)"
545,0.339351,8,0.676364,0.943983,post_filter,False,1.0266,1.0,0.965779,0.676364,0.946163,25.2636,"main_cat IN ('Home Audio & Theater', 'Camera &amp; Photo', 'Sports & Outdoors')"
546,0.210713,2,0.697066,0.839054,post_filter,False,0.5768,1.0,0.980775,0.697066,0.853226,25.3317,"main_cat IN ('Camera & Photo', 'Camera &amp; Photo')"
547,0.906777,21,1.0,0.964162,post_filter,True,0.9608,1.0,0.967975,1.0,0.964543,25.0974,overall>=2.0
548,0.929351,21,1.0,0.964543,post_filter,True,0.8751,1.0,0.970829,1.0,0.965172,24.9584,"overall IN (1,2,4,5)"
549,0.160682,1,0.6523,0.543992,pre_filter,False,9.2937,1.0,0.690208,0.656091,0.543992,25.3221,"main_cat IN ('Camera & Photo', 'Computers')"
550,0.881823,20,0.531441,0.799948,post_filter,False,0.4701,1.0,0.984329,0.531441,0.818386,25.2052,"overall IN (1,4,5)"
551,0.270385,5,0.69954,0.872164,pre_filter,False,15.5125,1.0,0.482917,0.677878,0.872164,25.5066,"main_cat IN ('Home Audio & Theater', 'Books', 'Tools & Home Improvement')"
552,0.952472,21,1.0,0.965172,post_filter,True,0.6919,1.0,0.976938,1.0,0.966348,25.4488,"overall IN (1,3,4,5)"
553,0.70348,19,0.531441,0.849109,post_filter,False,0.5408,1.0,0.981972,0.531441,0.862396,25.198,"overall IN (1,5)"
554,0.821657,20,0.531441,0.818386,post_filter,False,0.7321,1.0,0.975596,0.531441,0.834107,25.2687,"overall IN (1,2,3,5)"
555,0.270385,5,0.677878,0.872164,post_filter,False,0.3584,0.8,0.177192,0.677878,0.802667,25.1044,"main_cat IN ('Home Audio & Theater', 'Books', 'Tools & Home Improvement')"
556,0.180604,1,0.656091,0.543992,post_filter,False,0.3116,0.8,0.177472,0.656091,0.50734,25.1521,"main_cat IN ('Camera & Photo', 'Computers', 'Cell Phones &amp; Accessories')"
557,0.836128,20,0.531441,0.834107,post_filter,False,0.802,1.0,0.973268,0.531441,0.848023,25.4131,"overall IN (2,4,5)"
558,0.160682,1,0.656091,0.50734,pre_filter,False,9.3627,1.0,0.687911,0.659273,0.50734,25.4383,"main_cat IN ('Camera & Photo', 'Computers')"
559,0.610257,18,0.59049,0.947128,post_filter,False,0.7888,1.0,0.973708,0.59049,0.949786,25.3877,overall>=5.0
560,0.658182,18,0.59049,0.949786,post_filter,False,0.9656,1.0,0.967814,0.59049,0.951589,25.1095,verified=true AND overall>=3.0
561,0.389743,11,0.742254,0.87182,post_filter,False,0.866,1.0,0.971132,0.742254,0.881751,25.2108,overall<=4.0
562,0.610257,18,0.59049,0.951589,post_filter,False,1.0157,0.9,0.562641,0.59049,0.912694,25.0527,overall>=5.0
563,0.929351,21,1.0,0.966348,post_filter,True,0.8252,1.0,0.972493,1.0,0.966963,25.1318,"overall IN (1,2,4,5)"
564,0.248992,4,0.642091,0.947467,pre_filter,False,20.615,1.0,0.312835,0.609165,0.947467,25.1386,"overall IN (3,4)"
565,0.610257,18,0.59049,0.912694,post_filter,False,0.8013,0.8889,0.500589,0.59049,0.871483,25.278,overall>=5.0
566,0.050727,0,0.838697,0.67246,pre_filter,False,2.8278,1.0,0.905739,0.845401,0.67246,25.3544,"main_cat IN ('Computers', 'Tools & Home Improvement')"
567,0.092237,0,0.845401,0.67246,pre_filter,False,5.6569,1.0,0.811438,0.842005,0.67246,25.1125,main_cat='Home Audio &amp; Theater' AND overall>=3.0
568,0.319094,7,0.645585,0.881036,post_filter,False,0.8742,1.0,0.970858,0.645585,0.890018,25.4954,"overall IN (1,2,4)"
569,0.658182,18,0.59049,0.871483,post_filter,False,1.019,1.0,0.966032,0.59049,0.880938,25.0363,verified=true AND overall>=3.0
570,0.389743,11,0.742254,0.881751,post_filter,False,0.7098,1.0,0.97634,0.742254,0.89121,25.2645,overall<=4.0
571,0.210713,2,0.697066,0.853226,post_filter,False,0.3116,0.2,0.0,0.697066,0.767904,25.1672,"main_cat IN ('Camera & Photo', 'Camera &amp; Photo')"
572,0.180604,1,0.659273,0.50734,pre_filter,False,10.2878,1.0,0.657075,0.659053,0.50734,25.1288,"main_cat IN ('Camera & Photo', 'Computers', 'Cell Phones &amp; Accessories')"
573,0.70348,19,0.531441,0.862396,post_filter,False,0.8088,0.9,0.566656,0.531441,0.832822,25.1216,"overall IN (1,5)"
574,0.300422,7,0.645585,0.890018,post_filter,False,0.7967,1.0,0.973443,0.645585,0.898361,25.526,"main_cat IN ('All Electronics', 'Books', 'Sports & Outdoors')"
575,0.073033,0,0.842005,0.67246,post_filter,False,0.5234,0.0,0.0,0.842005,0.605214,25.5031,brand='Tiffen'
576,0.073033,0,0.842005,0.605214,pre_filter,False,4.0637,1.0,0.864543,0.844259,0.605214,25.6403,brand='Tiffen'
577,0.248992,4,0.609165,0.947467,post_filter,False,0.787,1.0,0.973765,0.609165,0.950097,25.4671,"overall IN (3,4)"
578,0.610257,18,0.59049,0.880938,post_filter,False,0.9403,1.0,0.968657,0.59049,0.88971,24.98,overall>=5.0
579,0.728433,19,0.531441,0.832822,post_filter,False,0.842,1.0,0.971932,0.531441,0.846733,25.0777,"overall IN (2,3,5)"
580,0.929351,21,1.0,0.966963,post_filter,True,0.8083,1.0,0.973057,1.0,0.967572,25.1156,"overall IN (1,2,4,5)"
581,0.881823,20,0.531441,0.848023,post_filter,False,0.5646,0.9,0.571396,0.531441,0.820361,25.1679,"overall IN (1,4,5)"
582,0.751008,19,0.531441,0.846733,post_filter,False,0.8849,1.0,0.970503,0.531441,0.85911,25.1755,"overall IN (1,2,5)"
583,0.774129,19,0.531441,0.85911,post_filter,False,0.5845,1.0,0.980515,0.531441,0.87125,25.1279,"overall IN (1,3,5)"
584,0.610257,18,0.59049,0.88971,post_filter,False,0.3446,1.0,0.988513,0.59049,0.89959,25.2198,overall>=5.0
585,0.248992,4,0.609165,0.950097,post_filter,False,0.7427,0.9,0.567938,0.609165,0.911881,25.17,"overall IN (3,4)"
586,0.680906,18,0.59049,0.89959,post_filter,False,0.8702,1.0,0.970993,0.59049,0.906731,25.1415,"overall IN (3,5)"
587,0.050727,0,0.844259,0.605214,pre_filter,False,2.8234,1.0,0.905887,0.850421,0.605214,25.277,"main_cat IN ('Computers', 'Tools & Home Improvement')"
588,0.906777,21,1.0,0.967572,post_filter,True,0.2413,0.2,0.0,1.0,0.870815,25.2165,overall>=2.0
589,0.12068,1,0.659053,0.50734,pre_filter,False,7.044,1.0,0.765199,0.669668,0.50734,25.5672,"main_cat IN ('Camera &amp; Photo', 'Cell Phones &amp; Accessories', 'Tools & Home Improvement')"
590,0.339351,8,0.676364,0.946163,post_filter,False,0.9357,1.0,0.968811,0.676364,0.948428,25.0224,"main_cat IN ('Home Audio & Theater', 'Camera &amp; Photo', 'Sports & Outdoors')"
591,0.140751,1,0.669668,0.50734,pre_filter,False,12.0503,1.0,0.598322,0.662533,0.50734,25.3686,overall<=2.0
592,0.929351,21,1.0,0.870815,post_filter,True,1.0456,1.0,0.965147,1.0,0.880248,24.9566,"overall IN (1,2,4,5)"
593,0.230635,3,0.72624,0.844997,pre_filter,False,12.921,1.0,0.569301,0.710546,0.844997,25.4039,"main_cat IN ('Camera & Photo', 'Camera &amp; Photo', 'Cell Phones &amp; Accessories')"
594,0.821657,20,0.531441,0.820361,post_filter,False,0.5776,1.0,0.980746,0.531441,0.836399,25.3756,"overall IN (1,2,3,5)"
595,0.300422,7,0.645585,0.898361,post_filter,False,0.8867,1.0,0.970444,0.645585,0.905569,25.5837,"main_cat IN ('All Electronics', 'Books', 'Sports & Outdoors')"
596,0.836128,20,0.531441,0.836399,post_filter,False,0.8017,1.0,0.973276,0.531441,0.850087,25.167,"overall IN (2,4,5)"
597,0.319094,7,0.645585,0.905569,post_filter,False,0.9196,1.0,0.969346,0.645585,0.911947,25.108,"overall IN (1,2,4)"
598,0.300422,7,0.645585,0.911947,post_filter,False,0.9566,1.0,0.968114,0.645585,0.917564,25.2805,"main_cat IN ('All Electronics', 'Books', 'Sports & Outdoors')"
599,0.073033,0,0.850421,0.605214,pre_filter,False,4.0962,1.0,0.863461,0.851725,0.605214,25.4523,brand='Tiffen'
600,0.319094,7,0.645585,0.917564,post_filter,False,0.9946,1.0,0.966847,0.645585,0.922492,25.1736,"overall IN (1,2,4)"
601,0.073033,0,0.851725,0.605214,pre_filter,False,3.9405,1.0,0.868649,0.853418,0.605214,25.6005,brand='Tiffen'
602,0.70348,19,0.531441,0.87125,post_filter,False,0.9299,1.0,0.969004,0.531441,0.881026,25.1095,"overall IN (1,5)"
603,0.680906,18,0.59049,0.906731,post_filter,False,0.7013,1.0,0.976624,0.59049,0.91372,25.0895,"overall IN (3,5)"
604,0.180604,1,0.662533,0.50734,pre_filter,False,10.3266,1.0,0.655779,0.661858,0.50734,25.0522,"main_cat IN ('Camera & Photo', 'Computers', 'Cell Phones &amp; Accessories')"
605,0.300422,7,0.645585,0.922492,post_filter,False,0.8156,0.9,0.566524,0.645585,0.886895,25.0963,"main_cat IN ('All Electronics', 'Books', 'Sports & Outdoors')"
606,0.680906,18,0.59049,0.91372,post_filter,False,0.822,1.0,0.972601,0.59049,0.919608,25.0466,"overall IN (3,5)"
607,0.248992,4,0.609165,0.911881,post_filter,False,0.916,1.0,0.969465,0.609165,0.917639,24.8861,"overall IN (3,4)"
608,0.092237,0,0.853418,0.605214,pre_filter,False,5.7113,1.0,0.809624,0.849038,0.605214,25.256,main_cat='Home Audio &amp; Theater' AND overall>=3.0
609,0.319094,7,0.645585,0.886895,post_filter,False,0.5459,0.9,0.571759,0.645585,0.855382,25.2736,"overall IN (1,2,4)"
610,0.658182,18,0.59049,0.919608,post_filter,False,0.8105,1.0,0.972985,0.59049,0.924946,25.3183,verified=true AND overall>=3.0
611,0.389743,11,0.742254,0.89121,post_filter,False,0.6207,1.0,0.979308,0.742254,0.90002,25.3831,overall<=4.0
612,0.836128,20,0.531441,0.850087,post_filter,False,0.8053,1.0,0.973156,0.531441,0.862394,25.6167,"overall IN (2,4,5)"
613,0.680906,18,0.59049,0.924946,post_filter,False,0.7095,1.0,0.97635,0.59049,0.930086,25.2341,"overall IN (3,5)"
614,0.230635,3,0.710546,0.844997,post_filter,False,0.9568,1.0,0.968106,0.710546,0.857308,25.2217,"main_cat IN ('Camera & Photo', 'Camera &amp; Photo', 'Cell Phones &amp; Accessories')"
615,0.881823,20,0.531441,0.862394,post_filter,False,0.8294,1.0,0.972354,0.531441,0.87339,25.0489,"overall IN (1,4,5)"
616,0.728433,19,0.531441,0.881026,post_filter,False,0.4702,1.0,0.984326,0.531441,0.891356,25.2459,"overall IN (2,3,5)"
617,0.774129,19,0.531441,0.891356,post_filter,False,0.5631,1.0,0.981229,0.531441,0.900343,25.2136,"overall IN (1,3,5)"
618,0.728433,19,0.531441,0.900343,post_filter,False,0.7746,1.0,0.974179,0.531441,0.907727,25.3098,"overall IN (2,3,5)"
619,0.12068,1,0.661858,0.50734,pre_filter,False,6.9903,1.0,0.76699,0.672371,0.50734,25.3413,"main_cat IN ('Camera &amp; Photo', 'Cell Phones &amp; Accessories', 'Tools & Home Improvement')"
620,0.140751,1,0.672371,0.50734,pre_filter,False,12.1019,1.0,0.596604,0.664794,0.50734,25.0037,overall<=2.0
621,0.12068,1,0.664794,0.50734,post_filter,False,0.986,1.0,0.967132,0.664794,0.553319,25.3494,"main_cat IN ('Camera &amp; Photo', 'Cell Phones &amp; Accessories', 'Tools & Home Improvement')"
622,0.319094,7,0.645585,0.855382,post_filter,False,0.7504,1.0,0.974986,0.645585,0.867342,25.0479,"overall IN (1,2,4)"
623,0.300422,7,0.645585,0.867342,post_filter,False,0.814,1.0,0.972865,0.645585,0.877894,25.5066,"main_cat IN ('All Electronics', 'Books', 'Sports & Outdoors')"
624,0.859249,20,0.531441,0.87339,post_filter,False,0.8604,1.0,0.971321,0.531441,0.883183,25.0436,overall>=3.0
625,0.270385,5,0.677878,0.802667,post_filter,False,0.7125,1.0,0.97625,0.677878,0.820025,25.3902,"main_cat IN ('Home Audio & Theater', 'Books', 'Tools & Home Improvement')"
626,0.680906,18,0.59049,0.930086,post_filter,False,0.2819,0.9,0.576884,0.59049,0.894766,25.1533,"overall IN (3,5)"
627,0.300422,7,0.645585,0.877894,post_filter,False,0.7929,1.0,0.973569,0.645585,0.887462,25.2576,"main_cat IN ('All Electronics', 'Books', 'Sports & Outdoors')"
628,0.836128,20,0.531441,0.883183,post_filter,False,0.8009,1.0,0.973304,0.531441,0.892195,25.48,"overall IN (2,4,5)"
629,0.140751,1,0.664794,0.553319,pre_filter,False,12.049,1.0,0.598365,0.658151,0.553319,29.257,overall<=2.0
630,0.180604,1,0.658151,0.553319,pre_filter,False,10.3268,1.0,0.655774,0.657914,0.553319,25.2127,"main_cat IN ('Camera & Photo', 'Computers', 'Cell Phones &amp; Accessories')"
631,0.728433,19,0.531441,0.907727,post_filter,False,0.119,0.0,0.0,0.531441,0.816954,25.3669,"overall IN (2,3,5)"
632,0.658182,18,0.59049,0.894766,post_filter,False,0.8516,1.0,0.971613,0.59049,0.902451,25.2743,verified=true AND overall>=3.0
633,0.319094,7,0.645585,0.887462,post_filter,False,0.2612,0.8,0.177773,0.645585,0.816493,25.1987,"overall IN (1,2,4)"
634,0.658182,18,0.59049,0.902451,post_filter,False,0.6706,1.0,0.977646,0.59049,0.90997,25.3528,verified=true AND overall>=3.0
635,0.073033,0,0.849038,0.605214,pre_filter,False,10.886,1.0,0.637133,0.827848,0.605214,25.817,brand='Tiffen'
636,0.073033,0,0.827848,0.605214,pre_filter,False,5.8737,1.0,0.80421,0.825484,0.605214,25.407,brand='Tiffen'
637,0.073033,0,0.825484,0.605214,post_filter,False,0.804,0.8,0.174528,0.825484,0.562145,25.4415,brand='Tiffen'
638,0.140751,1,0.657914,0.553319,pre_filter,False,12.087,1.0,0.597101,0.651832,0.553319,26.1924,overall<=2.0
639,0.7886,19,0.531441,0.816954,post_filter,False,0.786,1.0,0.973799,0.531441,0.832638,25.2693,overall>=4.0
640,0.270385,5,0.677878,0.820025,post_filter,False,0.867,1.0,0.971099,0.677878,0.835132,25.3846,"main_cat IN ('Home Audio & Theater', 'Books', 'Tools & Home Improvement')"
641,0.859249,20,0.531441,0.892195,post_filter,False,1.1106,1.0,0.962981,0.531441,0.899274,25.3711,overall>=3.0
642,0.610257,18,0.59049,0.90997,pre_filter,False,37.4035,1.0,0.0,0.531441,0.90997,25.3935,overall>=5.0
643,0.658182,18,0.531441,0.90997,post_filter,False,0.9431,1.0,0.968563,0.531441,0.915829,25.1647,verified=true AND overall>=3.0
644,0.389743,11,0.742254,0.90002,post_filter,False,0.7632,1.0,0.974558,0.742254,0.907474,25.2928,overall<=4.0
645,0.140751,1,0.651832,0.553319,post_filter,False,1.0041,1.0,0.966529,0.651832,0.59464,25.2418,overall<=2.0
646,0.728433,19,0.531441,0.832638,post_filter,False,0.6026,1.0,0.979914,0.531441,0.847366,25.1663,"overall IN (2,3,5)"
647,0.929351,21,1.0,0.880248,post_filter,True,0.4252,1.0,0.985828,1.0,0.890806,25.4394,"overall IN (1,2,4,5)"
648,0.658182,18,0.531441,0.915829,post_filter,False,1.0945,1.0,0.963515,0.531441,0.920598,25.0623,verified=true AND overall>=3.0
649,0.140751,1,0.651832,0.59464,pre_filter,False,12.0545,1.0,0.598183,0.646468,0.59464,25.1987,overall<=2.0
650,0.270385,5,0.677878,0.835132,post_filter,False,0.9299,1.0,0.969003,0.677878,0.848519,24.9736,"main_cat IN ('Home Audio & Theater', 'Books', 'Tools & Home Improvement')"
651,0.952472,21,1.0,0.890806,post_filter,True,0.9941,1.0,0.966864,1.0,0.898412,25.1792,"overall IN (1,3,4,5)"
652,0.728433,19,0.531441,0.847366,post_filter,False,0.9496,1.0,0.968347,0.531441,0.859464,36.1991,"overall IN (2,3,5)"
653,0.270385,5,0.677878,0.848519,post_filter,False,0.8828,0.8,0.174057,0.677878,0.781073,25.3388,"main_cat IN ('Home Audio & Theater', 'Books', 'Tools & Home Improvement')"
654,0.160682,1,0.646468,0.59464,pre_filter,False,9.264,1.0,0.691199,0.650941,0.59464,25.3065,"main_cat IN ('Camera & Photo', 'Computers')"
655,0.319094,7,0.645585,0.816493,post_filter,False,0.8396,1.0,0.972014,0.645585,0.832045,25.0762,"overall IN (1,2,4)"
656,0.728433,19,0.531441,0.859464,post_filter,False,0.5602,1.0,0.981328,0.531441,0.87165,25.2563,"overall IN (2,3,5)"
657,0.821657,20,0.531441,0.899274,post_filter,False,0.3725,0.9,0.575126,0.531441,0.866859,25.6245,"overall IN (1,2,3,5)"
658,0.881823,20,0.531441,0.866859,post_filter,False,0.9345,1.0,0.96885,0.531441,0.877058,25.7622,"overall IN (1,4,5)"
659,0.248992,4,0.609165,0.917639,post_filter,False,0.9139,1.0,0.969536,0.609165,0.922829,25.2489,"overall IN (3,4)"
660,0.70348,19,0.531441,0.87165,post_filter,False,0.7848,0.9,0.567123,0.531441,0.841198,25.338,"overall IN (1,5)"
661,0.270385,5,0.677878,0.781073,post_filter,False,0.8884,1.0,0.970388,0.677878,0.800005,25.1956,"main_cat IN ('Home Audio & Theater', 'Books', 'Tools & Home Improvement')"
662,0.658182,18,0.531441,0.920598,post_filter,False,0.1253,0.0,0.0,0.531441,0.828538,25.5903,verified=true AND overall>=3.0
663,0.881823,20,0.531441,0.877058,post_filter,False,0.7931,1.0,0.973564,0.531441,0.886709,25.2116,"overall IN (1,4,5)"
664,0.658182,18,0.531441,0.828538,post_filter,False,0.8897,1.0,0.970343,0.531441,0.842719,25.0171,verified=true AND overall>=3.0
665,0.680906,18,0.531441,0.842719,post_filter,False,0.6164,0.9,0.570392,0.531441,0.815486,25.5465,"overall IN (3,5)"
666,0.610257,18,0.531441,0.815486,post_filter,False,0.8171,1.0,0.972763,0.531441,0.831214,25.0632,overall>=5.0
667,0.7886,19,0.531441,0.841198,post_filter,False,0.6684,1.0,0.977721,0.531441,0.85485,25.2393,overall>=4.0
668,0.70348,19,0.531441,0.85485,post_filter,False,1.0671,1.0,0.964431,0.531441,0.865808,25.344,"overall IN (1,5)"
669,0.248992,4,0.609165,0.922829,post_filter,False,0.4436,0.9,0.573745,0.609165,0.887921,25.1183,"overall IN (3,4)"
670,0.610257,18,0.531441,0.831214,post_filter,False,0.8826,1.0,0.970579,0.531441,0.84515,25.1181,overall>=5.0
671,0.881823,20,0.531441,0.886709,post_filter,False,0.69,1.0,0.976999,0.531441,0.895738,25.1455,"overall IN (1,4,5)"
672,0.050727,0,0.825484,0.562145,post_filter,False,1.3733,0.4,0.000167,0.825484,0.505947,25.8641,"main_cat IN ('Computers', 'Tools & Home Improvement')"
673,0.300422,7,0.645585,0.832045,pre_filter,False,16.674,1.0,0.444199,0.625446,0.832045,25.2417,"main_cat IN ('All Electronics', 'Books', 'Sports & Outdoors')"
674,0.270385,5,0.677878,0.800005,post_filter,False,0.8414,0.9,0.566024,0.677878,0.776606,25.4898,"main_cat IN ('Home Audio & Theater', 'Books', 'Tools & Home Improvement')"
675,0.774129,19,0.531441,0.865808,post_filter,False,0.7854,1.0,0.973819,0.531441,0.876609,25.6012,"overall IN (1,3,5)"
676,0.12068,1,0.650941,0.59464,pre_filter,False,11.4942,1.0,0.61686,0.647533,0.59464,25.46,"main_cat IN ('Camera &amp; Photo', 'Cell Phones &amp; Accessories', 'Tools & Home Improvement')"
677,0.339351,8,0.676364,0.948428,post_filter,False,0.3419,1.0,0.988603,0.676364,0.952445,25.3295,"main_cat IN ('Home Audio & Theater', 'Camera &amp; Photo', 'Sports & Outdoors')"
678,0.70348,19,0.531441,0.876609,post_filter,False,0.641,1.0,0.978632,0.531441,0.886812,25.5827,"overall IN (1,5)"
679,0.248992,4,0.609165,0.887921,post_filter,False,0.9281,1.0,0.969064,0.609165,0.896035,25.3112,"overall IN (3,4)"
680,0.859249,20,0.531441,0.895738,post_filter,False,0.7846,0.9,0.567126,0.531441,0.862876,25.1787,overall>=3.0
681,0.929351,21,1.0,0.898412,post_filter,True,0.8111,1.0,0.972962,1.0,0.905867,25.2095,"overall IN (1,2,4,5)"
682,0.821657,20,0.531441,0.862876,post_filter,False,0.8134,1.0,0.972886,0.531441,0.873877,25.4717,"overall IN (1,2,3,5)"
683,0.906777,21,1.0,0.905867,post_filter,True,0.97,1.0,0.967668,1.0,0.912047,25.2382,overall>=2.0
684,0.7886,19,0.531441,0.886812,post_filter,False,1.0474,1.0,0.965087,0.531441,0.894639,25.278,overall>=4.0
685,0.751008,19,0.531441,0.894639,post_filter,False,0.7734,1.0,0.974221,0.531441,0.902597,30.0637,"overall IN (1,2,5)"
686,0.050727,0,0.825484,0.505947,pre_filter,False,2.9767,1.0,0.900776,0.833013,0.505947,38.6771,"main_cat IN ('Computers', 'Tools & Home Improvement')"
687,0.728433,19,0.531441,0.902597,post_filter,False,1.0302,1.0,0.965661,0.531441,0.908904,25.456,"overall IN (2,3,5)"
688,0.610257,18,0.531441,0.84515,pre_filter,False,38.0065,1.0,0.0,0.478297,0.84515,25.3943,overall>=5.0
689,0.230635,3,0.710546,0.857308,pre_filter,False,13.0037,1.0,0.566543,0.696146,0.857308,25.424,"main_cat IN ('Camera & Photo', 'Camera &amp; Photo', 'Cell Phones &amp; Accessories')"
690,0.751008,19,0.531441,0.908904,post_filter,False,0.7667,1.0,0.974444,0.531441,0.915458,25.5878,"overall IN (1,2,5)"
691,0.859249,20,0.531441,0.873877,post_filter,False,0.9445,1.0,0.968517,0.531441,0.883341,25.6909,overall>=3.0
692,0.836128,20,0.531441,0.883341,post_filter,False,0.6941,1.0,0.976862,0.531441,0.892693,25.8888,"overall IN (2,4,5)"
693,0.70348,19,0.531441,0.915458,post_filter,False,0.9123,1.0,0.96959,0.531441,0.920871,25.5386,"overall IN (1,5)"
694,0.70348,19,0.531441,0.920871,post_filter,False,0.6278,0.9,0.57017,0.531441,0.885801,25.4878,"overall IN (1,5)"
695,0.210713,2,0.697066,0.767904,post_filter,False,0.8195,1.0,0.972682,0.697066,0.788381,25.273,"main_cat IN ('Camera & Photo', 'Camera &amp; Photo')"
696,0.821657,20,0.531441,0.892693,post_filter,False,0.5641,1.0,0.981197,0.531441,0.901544,25.25,"overall IN (1,2,3,5)"
697,0.073033,0,0.833013,0.505947,pre_filter,False,4.6556,1.0,0.844814,0.834193,0.505947,25.3604,brand='Tiffen'
698,0.70348,19,0.531441,0.885801,post_filter,False,0.8137,1.0,0.972878,0.531441,0.894509,25.1617,"overall IN (1,5)"
699,0.610257,18,0.478297,0.84515,post_filter,False,0.7198,1.0,0.976008,0.478297,0.858236,25.1096,overall>=5.0
700,0.160682,1,0.647533,0.59464,pre_filter,False,9.2546,1.0,0.691514,0.651931,0.59464,25.1602,"main_cat IN ('Camera & Photo', 'Computers')"
701,0.658182,18,0.478297,0.858236,post_filter,False,0.8861,1.0,0.970464,0.478297,0.869459,25.1096,verified=true AND overall>=3.0
702,0.751008,19,0.531441,0.894509,post_filter,False,0.8921,1.0,0.970263,0.531441,0.902084,25.5047,"overall IN (1,2,5)"
703,0.821657,20,0.531441,0.901544,post_filter,False,0.6863,1.0,0.977125,0.531441,0.909102,25.3992,"overall IN (1,2,3,5)"
704,0.728433,19,0.531441,0.902084,post_filter,False,0.9522,1.0,0.968261,0.531441,0.908702,25.1102,"overall IN (2,3,5)"
705,0.836128,20,0.531441,0.909102,post_filter,False,0.8289,1.0,0.972371,0.531441,0.915429,25.1218,"overall IN (2,4,5)"
706,0.881823,20,0.531441,0.915429,post_filter,False,0.8593,1.0,0.971356,0.531441,0.921021,25.1287,"overall IN (1,4,5)"
707,0.319094,7,0.625446,0.832045,post_filter,False,0.6362,0.9,0.570006,0.625446,0.805841,25.1989,"overall IN (1,2,4)"
708,0.140751,1,0.651931,0.59464,post_filter,False,0.8518,1.0,0.971607,0.651931,0.632337,26.4065,overall<=2.0
709,0.881823,20,0.531441,0.921021,post_filter,False,0.7764,1.0,0.974119,0.531441,0.926331,25.579,"overall IN (1,4,5)"
710,0.774129,19,0.531441,0.908702,post_filter,False,0.602,1.0,0.979932,0.531441,0.915825,25.3618,"overall IN (1,3,5)"
711,0.210713,2,0.697066,0.788381,post_filter,False,0.3433,0.8,0.177282,0.697066,0.727271,25.9494,"main_cat IN ('Camera & Photo', 'Camera &amp; Photo')"
712,0.073033,0,0.834193,0.505947,pre_filter,False,3.895,0.9,0.506747,0.801449,0.505947,25.4383,brand='Tiffen'
713,0.70348,19,0.531441,0.915825,post_filter,False,0.6651,1.0,0.977831,0.531441,0.922025,25.4063,"overall IN (1,5)"
714,0.7886,19,0.531441,0.922025,post_filter,False,0.7529,0.9,0.567742,0.531441,0.886597,25.3934,overall>=4.0
715,0.12068,1,0.651931,0.632337,pre_filter,False,7.3546,1.0,0.754847,0.662222,0.632337,25.3932,"main_cat IN ('Camera &amp; Photo', 'Cell Phones &amp; Accessories', 'Tools & Home Improvement')"
716,0.180604,1,0.662222,0.632337,pre_filter,False,10.2624,1.0,0.657921,0.661792,0.632337,25.3775,"main_cat IN ('Camera & Photo', 'Computers', 'Cell Phones &amp; Accessories')"
717,0.050727,0,0.801449,0.505947,pre_filter,False,2.807,1.0,0.906435,0.811947,0.505947,25.2574,"main_cat IN ('Computers', 'Tools & Home Improvement')"
718,0.389743,11,0.742254,0.907474,post_filter,False,0.2151,0.0,0.0,0.742254,0.816726,25.5485,overall<=4.0
719,0.270385,5,0.677878,0.776606,post_filter,False,0.3168,0.1,0.0,0.677878,0.698946,25.2051,"main_cat IN ('Home Audio & Theater', 'Books', 'Tools & Home Improvement')"
720,0.339351,8,0.676364,0.952445,post_filter,False,0.8665,1.0,0.971115,0.676364,0.954312,25.656,"main_cat IN ('Home Audio & Theater', 'Camera &amp; Photo', 'Sports & Outdoors')"
721,0.140751,1,0.661792,0.632337,post_filter,False,1.4082,0.5,0.001554,0.661792,0.569259,26.2463,overall<=2.0
722,0.339351,8,0.676364,0.954312,post_filter,False,0.8232,0.8,0.174413,0.676364,0.876322,25.3296,"main_cat IN ('Home Audio & Theater', 'Camera &amp; Photo', 'Sports & Outdoors')"
723,0.7886,19,0.531441,0.886597,pre_filter,False,44.4614,1.0,0.0,0.478297,0.886597,25.413,overall>=4.0
724,0.180604,1,0.661792,0.569259,pre_filter,False,10.3574,1.0,0.654754,0.661088,0.569259,25.26,"main_cat IN ('Camera & Photo', 'Computers', 'Cell Phones &amp; Accessories')"
725,0.339351,8,0.676364,0.876322,post_filter,False,0.7107,1.0,0.976308,0.676364,0.886321,25.4779,"main_cat IN ('Home Audio & Theater', 'Camera &amp; Photo', 'Sports & Outdoors')"
726,0.658182,18,0.478297,0.869459,post_filter,False,0.7014,1.0,0.976619,0.478297,0.880175,25.6685,verified=true AND overall>=3.0
727,0.836128,20,0.531441,0.926331,pre_filter,False,46.6093,1.0,0.0,0.478297,0.926331,25.0881,"overall IN (2,4,5)"
728,0.728433,19,0.478297,0.886597,post_filter,False,0.9839,1.0,0.967203,0.478297,0.894658,25.4988,"overall IN (2,3,5)"
729,0.952472,21,1.0,0.912047,post_filter,True,0.7848,1.0,0.973839,1.0,0.918226,25.1458,"overall IN (1,3,4,5)"
730,0.610257,18,0.478297,0.880175,post_filter,False,0.352,1.0,0.988265,0.478297,0.890984,25.3732,overall>=5.0
731,0.906777,21,1.0,0.918226,post_filter,True,0.9261,1.0,0.969131,1.0,0.923317,25.3816,overall>=2.0
732,0.906777,21,1.0,0.923317,post_filter,True,0.8824,1.0,0.970588,1.0,0.928044,25.478,overall>=2.0
733,0.821657,20,0.478297,0.926331,post_filter,False,0.9601,1.0,0.967997,0.478297,0.930498,25.5479,"overall IN (1,2,3,5)"
734,0.821657,20,0.478297,0.930498,post_filter,False,0.3326,1.0,0.988912,0.478297,0.936339,25.3064,"overall IN (1,2,3,5)"
735,0.073033,0,0.811947,0.505947,pre_filter,False,3.9455,1.0,0.868483,0.817601,0.505947,25.9949,brand='Tiffen'
736,0.7886,19,0.478297,0.894658,post_filter,False,0.8842,1.0,0.970526,0.478297,0.902244,24.9872,overall>=4.0
737,0.140751,1,0.661088,0.569259,pre_filter,False,12.1345,1.0,0.595515,0.654531,0.569259,27.6663,overall<=2.0
738,0.658182,18,0.478297,0.890984,post_filter,False,0.7874,1.0,0.973754,0.478297,0.899261,25.3766,verified=true AND overall>=3.0
739,0.180604,1,0.654531,0.569259,post_filter,False,0.4092,1.0,0.98636,0.654531,0.610969,25.4399,"main_cat IN ('Camera & Photo', 'Computers', 'Cell Phones &amp; Accessories')"
740,0.680906,18,0.478297,0.899261,post_filter,False,0.7933,1.0,0.973558,0.478297,0.906691,25.2502,"overall IN (3,5)"
741,0.270385,5,0.677878,0.698946,pre_filter,False,15.3224,1.0,0.489253,0.659015,0.698946,25.3331,"main_cat IN ('Home Audio & Theater', 'Books', 'Tools & Home Improvement')"
742,0.774129,19,0.478297,0.902244,post_filter,False,0.1392,0.0,0.0,0.478297,0.81202,25.4818,"overall IN (1,3,5)"
743,0.610257,18,0.478297,0.906691,post_filter,False,0.9086,1.0,0.969714,0.478297,0.912993,25.2069,overall>=5.0
744,0.658182,18,0.478297,0.912993,post_filter,False,0.9205,1.0,0.969315,0.478297,0.918625,25.201,verified=true AND overall>=3.0
745,0.319094,7,0.625446,0.805841,post_filter,False,0.9092,1.0,0.969692,0.625446,0.822226,25.4061,"overall IN (1,2,4)"
746,0.270385,5,0.659015,0.698946,post_filter,False,0.7374,1.0,0.975419,0.659015,0.726593,25.485,"main_cat IN ('Home Audio & Theater', 'Books', 'Tools & Home Improvement')"
747,0.160682,1,0.654531,0.610969,pre_filter,False,9.2711,1.0,0.690963,0.658174,0.610969,25.0575,"main_cat IN ('Camera & Photo', 'Computers')"
748,0.389743,11,0.742254,0.816726,pre_filter,False,27.898,1.0,0.070068,0.675035,0.816726,25.1991,overall<=4.0
749,0.952472,21,1.0,0.928044,post_filter,True,0.9063,1.0,0.96979,1.0,0.932218,25.4253,"overall IN (1,3,4,5)"
750,0.680906,18,0.478297,0.918625,post_filter,False,0.7493,1.0,0.975024,0.478297,0.924265,25.2288,"overall IN (3,5)"
751,0.270385,5,0.659015,0.726593,pre_filter,False,15.3496,1.0,0.488347,0.641949,0.726593,25.1442,"main_cat IN ('Home Audio & Theater', 'Books', 'Tools & Home Improvement')"
752,0.680906,18,0.478297,0.924265,post_filter,False,0.8949,1.0,0.970171,0.478297,0.928856,25.4225,"overall IN (3,5)"
753,0.300422,7,0.625446,0.822226,post_filter,False,0.7236,0.9,0.568311,0.625446,0.796835,25.4529,"main_cat IN ('All Electronics', 'Books', 'Sports & Outdoors')"
754,0.774129,19,0.478297,0.81202,post_filter,False,0.5259,1.0,0.982471,0.478297,0.829065,25.1858,"overall IN (1,3,5)"
755,0.836128,20,0.478297,0.936339,post_filter,False,0.8707,1.0,0.970975,0.478297,0.939803,25.1037,"overall IN (2,4,5)"
756,0.906777,21,1.0,0.932218,post_filter,True,0.7266,1.0,0.975781,1.0,0.936575,25.1352,overall>=2.0
757,0.821657,20,0.478297,0.939803,post_filter,False,0.5958,1.0,0.98014,0.478297,0.943837,25.381,"overall IN (1,2,3,5)"
758,0.774129,19,0.478297,0.829065,post_filter,False,0.8568,1.0,0.97144,0.478297,0.843303,25.203,"overall IN (1,3,5)"
759,0.751008,19,0.478297,0.843303,post_filter,False,0.827,1.0,0.972433,0.478297,0.856216,25.2889,"overall IN (1,2,5)"
760,0.859249,20,0.478297,0.943837,post_filter,False,0.3512,0.7778,0.133723,0.478297,0.862825,25.2506,overall>=3.0
761,0.7886,19,0.478297,0.856216,post_filter,False,0.9225,1.0,0.969251,0.478297,0.867519,25.044,overall>=4.0
762,0.230635,3,0.696146,0.857308,post_filter,False,0.9973,0.875,0.424778,0.696146,0.814055,25.3695,"main_cat IN ('Camera & Photo', 'Camera &amp; Photo', 'Cell Phones &amp; Accessories')"
763,0.728433,19,0.478297,0.867519,post_filter,False,0.858,1.0,0.971399,0.478297,0.877907,25.023,"overall IN (2,3,5)"
764,0.610257,18,0.478297,0.928856,post_filter,False,0.738,1.0,0.975401,0.478297,0.93351,25.3009,overall>=5.0
765,0.180604,1,0.658174,0.610969,pre_filter,False,10.5436,1.0,0.648546,0.657211,0.610969,25.5035,"main_cat IN ('Camera & Photo', 'Computers', 'Cell Phones &amp; Accessories')"
766,0.210713,2,0.697066,0.727271,post_filter,False,0.8209,0.9,0.566422,0.697066,0.711187,25.5238,"main_cat IN ('Camera & Photo', 'Camera &amp; Photo')"
767,0.230635,3,0.696146,0.814055,pre_filter,False,12.8193,1.0,0.57269,0.6838,0.814055,25.4558,"main_cat IN ('Camera & Photo', 'Camera &amp; Photo', 'Cell Phones &amp; Accessories')"
768,0.680906,18,0.478297,0.93351,post_filter,False,0.641,1.0,0.978635,0.478297,0.938023,25.5659,"overall IN (3,5)"
769,0.248992,4,0.609165,0.896035,post_filter,False,0.6709,0.9,0.569334,0.609165,0.863365,25.6467,"overall IN (3,4)"
770,0.210713,2,0.697066,0.711187,post_filter,False,1.0454,1.0,0.965153,0.697066,0.736583,25.4123,"main_cat IN ('Camera & Photo', 'Camera &amp; Photo')"
771,0.248992,4,0.609165,0.863365,post_filter,False,0.9817,1.0,0.967275,0.609165,0.873756,25.2482,"overall IN (3,4)"
772,0.836128,20,0.478297,0.862825,post_filter,False,0.6534,1.0,0.978221,0.478297,0.874365,25.52,"overall IN (2,4,5)"
773,0.248992,4,0.609165,0.873756,post_filter,False,0.9188,1.0,0.969372,0.609165,0.883317,25.3212,"overall IN (3,4)"
774,0.7886,19,0.478297,0.877907,post_filter,False,0.7398,1.0,0.97534,0.478297,0.88765,25.4727,overall>=4.0
775,0.180604,1,0.657211,0.610969,pre_filter,False,14.6228,1.0,0.512574,0.642748,0.610969,31.3615,"main_cat IN ('Camera & Photo', 'Computers', 'Cell Phones &amp; Accessories')"
776,0.7886,19,0.478297,0.88765,post_filter,False,0.8096,1.0,0.973014,0.478297,0.896187,25.3622,overall>=4.0
777,0.7886,19,0.478297,0.896187,post_filter,False,0.4467,1.0,0.985111,0.478297,0.905079,25.3587,overall>=4.0
778,0.610257,18,0.478297,0.938023,post_filter,False,0.7034,1.0,0.976554,0.478297,0.941876,25.4147,overall>=5.0
779,0.270385,5,0.641949,0.726593,pre_filter,False,15.4613,1.0,0.484625,0.626216,0.726593,25.5458,"main_cat IN ('Home Audio & Theater', 'Books', 'Tools & Home Improvement')"
780,0.610257,18,0.478297,0.941876,post_filter,False,0.9082,1.0,0.969726,0.478297,0.944661,25.5189,overall>=5.0
781,0.300422,7,0.625446,0.796835,post_filter,False,0.9334,1.0,0.968886,0.625446,0.81404,25.2875,"main_cat IN ('All Electronics', 'Books', 'Sports & Outdoors')"
782,0.680906,18,0.478297,0.944661,post_filter,False,0.4949,1.0,0.983504,0.478297,0.948545,25.4175,"overall IN (3,5)"
783,0.952472,21,1.0,0.936575,post_filter,True,0.8529,1.0,0.971569,1.0,0.940074,25.3468,"overall IN (1,3,4,5)"
784,0.952472,21,1.0,0.940074,post_filter,True,0.3148,1.0,0.989506,1.0,0.945017,25.4303,"overall IN (1,3,4,5)"
785,0.859249,20,0.478297,0.874365,post_filter,False,0.804,1.0,0.973201,0.478297,0.884248,25.2723,overall>=3.0
786,0.821657,20,0.478297,0.884248,post_filter,False,0.9221,1.0,0.969262,0.478297,0.89275,25.3663,"overall IN (1,2,3,5)"
787,0.230635,3,0.6838,0.814055,post_filter,False,0.3745,1.0,0.987518,0.6838,0.831401,25.7209,"main_cat IN ('Camera & Photo', 'Camera &amp; Photo', 'Cell Phones &amp; Accessories')"
788,0.248992,4,0.609165,0.883317,post_filter,False,0.7391,1.0,0.975364,0.609165,0.892522,25.2242,"overall IN (3,4)"
789,0.12068,1,0.642748,0.610969,post_filter,False,0.9222,1.0,0.969261,0.642748,0.646798,25.6507,"main_cat IN ('Camera &amp; Photo', 'Cell Phones &amp; Accessories', 'Tools & Home Improvement')"
790,0.70348,19,0.478297,0.905079,post_filter,False,0.4968,1.0,0.98344,0.478297,0.912915,25.3482,"overall IN (1,5)"
791,0.774129,19,0.478297,0.912915,post_filter,False,1.0095,0.9,0.56276,0.478297,0.8779,25.2096,"overall IN (1,3,5)"
792,0.680906,18,0.478297,0.948545,post_filter,False,0.7737,1.0,0.974211,0.478297,0.951112,25.3511,"overall IN (3,5)"
793,0.319094,7,0.625446,0.81404,post_filter,False,0.7288,1.0,0.975706,0.625446,0.830206,25.4107,"overall IN (1,2,4)"
794,0.929351,21,1.0,0.945017,post_filter,True,0.9012,1.0,0.96996,1.0,0.947512,25.0392,"overall IN (1,2,4,5)"
795,0.319094,7,0.625446,0.830206,post_filter,False,0.7784,1.0,0.974053,0.625446,0.844591,24.9598,"overall IN (1,2,4)"
796,0.881823,20,0.478297,0.89275,post_filter,False,0.88,1.0,0.970665,0.478297,0.900541,25.4315,"overall IN (1,4,5)"
797,0.300422,7,0.625446,0.844591,post_filter,False,0.6816,1.0,0.977281,0.625446,0.85786,25.157,"main_cat IN ('All Electronics', 'Books', 'Sports & Outdoors')"
798,0.836128,20,0.478297,0.900541,post_filter,False,0.5633,1.0,0.981222,0.478297,0.908609,25.2602,"overall IN (2,4,5)"
799,0.859249,20,0.478297,0.908609,post_filter,False,0.6736,1.0,0.977547,0.478297,0.915503,25.0762,overall>=3.0
800,0.140751,1,0.642748,0.646798,post_filter,False,0.9446,1.0,0.968513,0.642748,0.67897,25.0973,overall<=2.0
801,0.248992,4,0.609165,0.892522,post_filter,False,0.8563,1.0,0.971456,0.609165,0.900415,25.1847,"overall IN (3,4)"
802,0.073033,0,0.817601,0.505947,post_filter,False,0.8474,1.0,0.971754,0.817601,0.552528,25.2157,brand='Tiffen'
803,0.248992,4,0.609165,0.900415,post_filter,False,0.3676,1.0,0.987747,0.609165,0.909149,25.367,"overall IN (3,4)"
804,0.7886,19,0.478297,0.8779,post_filter,False,0.9904,1.0,0.966986,0.478297,0.886808,25.2059,overall>=4.0
805,0.092237,0,0.817601,0.552528,pre_filter,False,5.8001,1.0,0.806663,0.816507,0.552528,25.3705,main_cat='Home Audio &amp; Theater' AND overall>=3.0
806,0.300422,7,0.625446,0.85786,post_filter,False,0.3605,1.0,0.987983,0.625446,0.870872,25.2767,"main_cat IN ('All Electronics', 'Books', 'Sports & Outdoors')"
807,0.952472,21,1.0,0.947512,post_filter,True,0.8599,1.0,0.971338,1.0,0.949894,25.1302,"overall IN (1,3,4,5)"
808,0.389743,11,0.675035,0.816726,post_filter,False,1.0447,1.0,0.965175,0.675035,0.831571,25.2958,overall<=4.0
809,0.751008,19,0.478297,0.886808,post_filter,False,0.8564,1.0,0.971453,0.478297,0.895273,24.9272,"overall IN (1,2,5)"
810,0.230635,3,0.6838,0.831401,post_filter,False,0.9884,0.8,0.173426,0.6838,0.765604,25.5015,"main_cat IN ('Camera & Photo', 'Camera &amp; Photo', 'Cell Phones &amp; Accessories')"
811,0.821657,20,0.478297,0.915503,post_filter,False,0.9131,1.0,0.969564,0.478297,0.920909,25.0394,"overall IN (1,2,3,5)"
812,0.610257,18,0.478297,0.951112,post_filter,False,0.8845,1.0,0.970518,0.478297,0.953052,25.2117,overall>=5.0
813,0.180604,1,0.642748,0.67897,post_filter,False,0.9045,1.0,0.969851,0.642748,0.708058,25.5789,"main_cat IN ('Camera & Photo', 'Computers', 'Cell Phones &amp; Accessories')"
814,0.180604,1,0.642748,0.708058,post_filter,False,0.7636,1.0,0.974546,0.642748,0.734707,25.1963,"main_cat IN ('Camera & Photo', 'Computers', 'Cell Phones &amp; Accessories')"
815,0.881823,20,0.478297,0.920909,post_filter,False,0.7618,1.0,0.974606,0.478297,0.926279,25.2546,"overall IN (1,4,5)"
816,0.680906,18,0.478297,0.953052,post_filter,False,0.9457,1.0,0.968476,0.478297,0.954595,25.1362,"overall IN (3,5)"
817,0.230635,3,0.6838,0.765604,post_filter,False,0.4174,0.0,0.0,0.6838,0.689044,25.2844,"main_cat IN ('Camera & Photo', 'Camera &amp; Photo', 'Cell Phones &amp; Accessories')"
818,0.952472,21,1.0,0.949894,post_filter,True,0.4133,1.0,0.986224,1.0,0.953527,25.1978,"overall IN (1,3,4,5)"
819,0.680906,18,0.478297,0.954595,post_filter,False,0.7581,1.0,0.974731,0.478297,0.956608,26.4164,"overall IN (3,5)"
820,0.7886,19,0.478297,0.895273,post_filter,False,0.8635,1.0,0.971217,0.478297,0.902867,27.2101,overall>=4.0
821,0.230635,3,0.6838,0.689044,pre_filter,False,13.6965,1.0,0.543449,0.669765,0.689044,25.1617,"main_cat IN ('Camera & Photo', 'Camera &amp; Photo', 'Cell Phones &amp; Accessories')"
822,0.140751,1,0.642748,0.734707,pre_filter,False,12.3058,1.0,0.589808,0.637454,0.734707,25.3486,overall<=2.0
823,0.12068,1,0.637454,0.734707,post_filter,False,0.6155,1.0,0.979485,0.637454,0.759184,25.7212,"main_cat IN ('Camera &amp; Photo', 'Cell Phones &amp; Accessories', 'Tools & Home Improvement')"
824,0.728433,19,0.478297,0.902867,post_filter,False,0.8435,1.0,0.971882,0.478297,0.909769,25.1196,"overall IN (2,3,5)"
825,0.821657,20,0.478297,0.926279,post_filter,False,1.0297,1.0,0.965675,0.478297,0.930219,25.3223,"overall IN (1,2,3,5)"
826,0.70348,19,0.478297,0.909769,post_filter,False,0.4427,1.0,0.985242,0.478297,0.917316,25.6977,"overall IN (1,5)"
827,0.210713,2,0.697066,0.736583,post_filter,False,0.8,1.0,0.973335,0.697066,0.760258,25.4881,"main_cat IN ('Camera & Photo', 'Camera &amp; Photo')"
828,0.210713,2,0.697066,0.760258,pre_filter,False,11.6754,1.0,0.610821,0.688441,0.760258,25.2284,"main_cat IN ('Camera & Photo', 'Camera &amp; Photo')"
829,0.073033,0,0.816507,0.552528,pre_filter,False,4.1828,1.0,0.860574,0.820914,0.552528,25.263,brand='Tiffen'
830,0.774129,19,0.478297,0.917316,post_filter,False,0.6414,1.0,0.978621,0.478297,0.923447,25.3655,"overall IN (1,3,5)"
831,0.929351,21,1.0,0.953527,post_filter,True,0.3185,0.8,0.177431,1.0,0.875917,25.19,"overall IN (1,2,4,5)"
832,0.658182,18,0.478297,0.956608,post_filter,False,0.6864,1.0,0.977121,0.478297,0.95866,25.5319,verified=true AND overall>=3.0
833,0.210713,2,0.688441,0.760258,post_filter,False,0.9898,1.0,0.967008,0.688441,0.780933,25.1789,"main_cat IN ('Camera & Photo', 'Camera &amp; Photo')"
834,0.751008,19,0.478297,0.923447,post_filter,False,0.8781,1.0,0.970731,0.478297,0.928175,25.2144,"overall IN (1,2,5)"
835,0.210713,2,0.688441,0.780933,pre_filter,False,11.7487,1.0,0.608378,0.680435,0.780933,25.5913,"main_cat IN ('Camera & Photo', 'Camera &amp; Photo')"
836,0.073033,0,0.820914,0.552528,pre_filter,False,3.8868,1.0,0.870439,0.825866,0.552528,25.4939,brand='Tiffen'
837,0.12068,1,0.637454,0.759184,pre_filter,False,7.1908,1.0,0.760307,0.649739,0.759184,25.6995,"main_cat IN ('Camera &amp; Photo', 'Cell Phones &amp; Accessories', 'Tools & Home Improvement')"
838,0.339351,8,0.676364,0.886321,post_filter,False,0.9935,1.0,0.966885,0.676364,0.894377,25.2379,"main_cat IN ('Home Audio & Theater', 'Camera &amp; Photo', 'Sports & Outdoors')"
839,0.270385,5,0.626216,0.726593,post_filter,False,0.7818,1.0,0.973942,0.626216,0.751328,25.4642,"main_cat IN ('Home Audio & Theater', 'Books', 'Tools & Home Improvement')"
840,0.7886,19,0.478297,0.928175,post_filter,False,0.6639,1.0,0.977869,0.478297,0.933144,25.4565,overall>=4.0
841,0.610257,18,0.478297,0.95866,post_filter,False,0.5291,1.0,0.982364,0.478297,0.96103,25.2521,overall>=5.0
842,0.12068,1,0.649739,0.759184,post_filter,False,0.9765,1.0,0.967449,0.649739,0.780011,25.4242,"main_cat IN ('Camera &amp; Photo', 'Cell Phones &amp; Accessories', 'Tools & Home Improvement')"
843,0.774129,19,0.478297,0.933144,post_filter,False,1.0627,1.0,0.964578,0.478297,0.936288,25.1899,"overall IN (1,3,5)"
844,0.836128,20,0.478297,0.930219,post_filter,False,0.7437,1.0,0.97521,0.478297,0.934718,25.4065,"overall IN (2,4,5)"
845,0.140751,1,0.649739,0.780011,post_filter,False,1.0417,1.0,0.965278,0.649739,0.798537,25.4592,overall<=2.0
846,0.050727,0,0.825866,0.552528,pre_filter,False,2.8342,1.0,0.905525,0.833832,0.552528,25.5445,"main_cat IN ('Computers', 'Tools & Home Improvement')"
847,0.680906,18,0.478297,0.96103,pre_filter,False,40.2217,1.0,0.0,0.430467,0.96103,25.3354,"overall IN (3,5)"
848,0.952472,21,1.0,0.875917,post_filter,True,1.0029,1.0,0.966569,1.0,0.884983,25.4012,"overall IN (1,3,4,5)"
849,0.160682,1,0.649739,0.798537,pre_filter,False,9.239,1.0,0.692033,0.653968,0.798537,25.5357,"main_cat IN ('Camera & Photo', 'Computers')"
850,0.339351,8,0.676364,0.894377,post_filter,False,0.7137,1.0,0.976211,0.676364,0.902561,25.296,"main_cat IN ('Home Audio & Theater', 'Camera &amp; Photo', 'Sports & Outdoors')"
851,0.751008,19,0.478297,0.936288,post_filter,False,0.734,1.0,0.975532,0.478297,0.940212,25.2799,"overall IN (1,2,5)"
852,0.952472,21,1.0,0.884983,post_filter,True,0.805,1.0,0.973168,1.0,0.893801,25.645,"overall IN (1,3,4,5)"
853,0.929351,21,1.0,0.893801,post_filter,True,0.8768,1.0,0.970774,1.0,0.901498,25.0288,"overall IN (1,2,4,5)"
854,0.929351,21,1.0,0.901498,post_filter,True,0.8645,1.0,0.971183,1.0,0.908467,25.1297,"overall IN (1,2,4,5)"
855,0.610257,18,0.430467,0.96103,post_filter,False,0.973,1.0,0.967565,0.430467,0.961684,25.256,overall>=5.0
856,0.610257,18,0.430467,0.961684,post_filter,False,0.6694,1.0,0.977686,0.430467,0.963284,25.4417,overall>=5.0
857,0.751008,19,0.478297,0.940212,post_filter,False,0.8811,1.0,0.970631,0.478297,0.943254,25.0032,"overall IN (1,2,5)"
858,0.180604,1,0.653968,0.798537,post_filter,False,0.7233,1.0,0.97589,0.653968,0.816273,25.3383,"main_cat IN ('Camera & Photo', 'Computers', 'Cell Phones &amp; Accessories')"
859,0.836128,20,0.478297,0.934718,post_filter,False,0.7073,1.0,0.976425,0.478297,0.938888,25.3129,"overall IN (2,4,5)"
860,0.248992,4,0.609165,0.909149,post_filter,False,0.8042,1.0,0.973192,0.609165,0.915553,25.1062,"overall IN (3,4)"
861,0.270385,5,0.626216,0.751328,post_filter,False,0.975,1.0,0.967501,0.626216,0.772945,25.3661,"main_cat IN ('Home Audio & Theater', 'Books', 'Tools & Home Improvement')"
862,0.248992,4,0.609165,0.915553,post_filter,False,0.8412,1.0,0.97196,0.609165,0.921194,25.0572,"overall IN (3,4)"
863,0.751008,19,0.478297,0.943254,post_filter,False,0.9765,1.0,0.96745,0.478297,0.945674,25.1371,"overall IN (1,2,5)"
864,0.073033,0,0.833832,0.552528,pre_filter,False,3.9573,1.0,0.86809,0.837258,0.552528,25.4117,brand='Tiffen'
865,0.952472,21,1.0,0.908467,post_filter,True,0.7692,1.0,0.974361,1.0,0.915056,25.2609,"overall IN (1,3,4,5)"
866,0.836128,20,0.478297,0.938888,post_filter,False,0.8955,1.0,0.970151,0.478297,0.942015,25.1505,"overall IN (2,4,5)"
867,0.092237,0,0.837258,0.552528,pre_filter,False,5.5753,1.0,0.814156,0.834948,0.552528,25.262,main_cat='Home Audio &amp; Theater' AND overall>=3.0
868,0.751008,19,0.478297,0.945674,post_filter,False,0.4401,0.8,0.176704,0.478297,0.868777,25.2781,"overall IN (1,2,5)"
869,0.70348,19,0.478297,0.868777,post_filter,False,0.6905,1.0,0.976985,0.478297,0.879597,25.1829,"overall IN (1,5)"
870,0.210713,2,0.680435,0.780933,post_filter,False,1.161,0.9,0.559819,0.680435,0.758822,25.2183,"main_cat IN ('Camera & Photo', 'Camera &amp; Photo')"
871,0.680906,18,0.430467,0.963284,post_filter,False,0.8838,1.0,0.970539,0.430467,0.964009,25.2471,"overall IN (3,5)"
872,0.821657,20,0.478297,0.942015,post_filter,False,0.1225,0.0,0.0,0.478297,0.847813,25.1544,"overall IN (1,2,3,5)"
873,0.821657,20,0.478297,0.847813,post_filter,False,0.7053,1.0,0.976489,0.478297,0.860681,25.1034,"overall IN (1,2,3,5)"
874,0.906777,21,1.0,0.915056,post_filter,True,0.8633,1.0,0.971222,1.0,0.920673,25.1032,overall>=2.0
875,0.952472,21,1.0,0.920673,post_filter,True,0.9068,1.0,0.969775,1.0,0.925583,25.2105,"overall IN (1,3,4,5)"
876,0.073033,0,0.834948,0.552528,pre_filter,False,3.9962,1.0,0.866793,0.838132,0.552528,25.5507,brand='Tiffen'
877,0.952472,21,1.0,0.925583,post_filter,True,0.8818,1.0,0.970606,1.0,0.930085,25.2938,"overall IN (1,3,4,5)"
878,0.952472,21,1.0,0.930085,post_filter,True,0.8228,1.0,0.972575,1.0,0.934334,25.288,"overall IN (1,3,4,5)"
879,0.160682,1,0.653968,0.816273,post_filter,False,0.8857,0.9,0.565163,0.653968,0.791162,25.4105,"main_cat IN ('Camera & Photo', 'Computers')"
880,0.339351,8,0.676364,0.902561,post_filter,False,0.853,1.0,0.971567,0.676364,0.909461,25.1977,"main_cat IN ('Home Audio & Theater', 'Camera &amp; Photo', 'Sports & Outdoors')"
881,0.929351,21,1.0,0.934334,post_filter,True,0.8851,1.0,0.970497,1.0,0.937951,25.3836,"overall IN (1,2,4,5)"
882,0.881823,20,0.478297,0.860681,post_filter,False,0.996,1.0,0.9668,0.478297,0.871293,25.4135,"overall IN (1,4,5)"
883,0.160682,1,0.653968,0.791162,pre_filter,False,9.4022,1.0,0.686594,0.657231,0.791162,25.0878,"main_cat IN ('Camera & Photo', 'Computers')"
884,0.952472,21,1.0,0.937951,post_filter,True,0.2614,0.0,0.0,1.0,0.844156,25.3533,"overall IN (1,3,4,5)"
885,0.952472,21,1.0,0.844156,post_filter,True,0.8448,1.0,0.971839,1.0,0.856924,25.4395,"overall IN (1,3,4,5)"
886,0.073033,0,0.838132,0.552528,pre_filter,False,4.2354,1.0,0.858819,0.840201,0.552528,32.2473,brand='Tiffen'
887,0.881823,20,0.478297,0.871293,post_filter,False,0.8888,1.0,0.970372,0.478297,0.881201,25.1404,"overall IN (1,4,5)"
888,0.319094,7,0.625446,0.870872,post_filter,False,0.8562,1.0,0.971461,0.625446,0.880931,25.2571,"overall IN (1,2,4)"
889,0.859249,20,0.478297,0.881201,post_filter,False,0.9542,1.0,0.968193,0.478297,0.8899,25.1186,overall>=3.0
890,0.610257,18,0.430467,0.964009,post_filter,False,0.8077,1.0,0.973076,0.430467,0.964916,25.4706,overall>=5.0
891,0.160682,1,0.657231,0.791162,post_filter,False,1.0594,0.9,0.561791,0.657231,0.768225,25.7366,"main_cat IN ('Camera & Photo', 'Computers')"
892,0.952472,21,1.0,0.856924,post_filter,True,0.807,1.0,0.973099,1.0,0.868541,25.3566,"overall IN (1,3,4,5)"
893,0.821657,20,0.478297,0.8899,post_filter,False,0.3725,1.0,0.987585,0.478297,0.899668,25.3695,"overall IN (1,2,3,5)"
894,0.906777,21,1.0,0.868541,post_filter,True,0.9038,1.0,0.969874,1.0,0.878675,25.3273,overall>=2.0
895,0.952472,21,1.0,0.878675,post_filter,True,0.8312,1.0,0.972293,1.0,0.888036,25.3009,"overall IN (1,3,4,5)"
896,0.248992,4,0.609165,0.921194,post_filter,False,0.9723,1.0,0.967589,0.609165,0.925833,25.1859,"overall IN (3,4)"
897,0.929351,21,1.0,0.888036,post_filter,True,0.4084,1.0,0.986386,1.0,0.897871,25.6345,"overall IN (1,2,4,5)"
898,0.073033,0,0.840201,0.552528,pre_filter,False,4.0919,1.0,0.863604,0.842541,0.552528,25.3203,brand='Tiffen'
899,0.050727,0,0.842541,0.552528,pre_filter,False,2.8596,1.0,0.904679,0.848755,0.552528,25.6862,"main_cat IN ('Computers', 'Tools & Home Improvement')"
900,0.248992,4,0.609165,0.925833,post_filter,False,1.0722,1.0,0.96426,0.609165,0.929676,25.4924,"overall IN (3,4)"
901,0.70348,19,0.478297,0.879597,post_filter,False,0.7563,1.0,0.974789,0.478297,0.889117,25.4512,"overall IN (1,5)"
902,0.728433,19,0.478297,0.889117,post_filter,False,0.8072,1.0,0.973093,0.478297,0.897514,25.1826,"overall IN (2,3,5)"
903,0.12068,1,0.657231,0.768225,post_filter,False,0.3276,0.9,0.575997,0.657231,0.749002,25.3639,"main_cat IN ('Camera &amp; Photo', 'Cell Phones &amp; Accessories', 'Tools & Home Improvement')"
904,0.952472,21,1.0,0.897871,post_filter,True,1.0054,1.0,0.966486,1.0,0.904733,25.1591,"overall IN (1,3,4,5)"
905,0.270385,5,0.626216,0.772945,post_filter,False,0.7512,1.0,0.974958,0.626216,0.793147,25.9123,"main_cat IN ('Home Audio & Theater', 'Books', 'Tools & Home Improvement')"
906,0.248992,4,0.609165,0.929676,post_filter,False,1.008,1.0,0.9664,0.609165,0.933348,25.1552,"overall IN (3,4)"
907,0.389743,11,0.675035,0.831571,post_filter,False,1.0122,1.0,0.966258,0.675035,0.84504,25.2081,overall<=4.0
908,0.751008,19,0.478297,0.897514,post_filter,False,0.3766,1.0,0.987446,0.478297,0.906507,25.4028,"overall IN (1,2,5)"
909,0.680906,18,0.430467,0.964916,post_filter,False,0.6907,0.9,0.568948,0.430467,0.925319,25.4772,"overall IN (3,5)"
910,0.658182,18,0.430467,0.925319,post_filter,False,1.0493,1.0,0.965024,0.430467,0.92929,25.2493,verified=true AND overall>=3.0
911,0.610257,18,0.430467,0.92929,post_filter,False,0.7841,1.0,0.973864,0.430467,0.933747,25.2433,overall>=5.0
912,0.929351,21,1.0,0.904733,post_filter,True,0.6411,1.0,0.978629,1.0,0.912123,25.4101,"overall IN (1,2,4,5)"
913,0.140751,1,0.657231,0.749002,post_filter,False,0.8488,1.0,0.971708,0.657231,0.771273,25.0195,overall<=2.0
914,0.906777,21,1.0,0.912123,post_filter,True,0.7072,1.0,0.976428,1.0,0.918553,25.4205,overall>=2.0
915,0.658182,18,0.430467,0.933747,post_filter,False,0.6609,1.0,0.977971,0.430467,0.938169,25.2779,verified=true AND overall>=3.0
916,0.389743,11,0.675035,0.84504,post_filter,False,0.7362,1.0,0.975461,0.675035,0.858082,25.1727,overall<=4.0
917,0.230635,3,0.669765,0.689044,pre_filter,False,12.6032,0.9,0.337704,0.636559,0.689044,25.2108,"main_cat IN ('Camera & Photo', 'Camera &amp; Photo', 'Cell Phones &amp; Accessories')"
918,0.180604,1,0.657231,0.771273,post_filter,False,0.7563,1.0,0.97479,0.657231,0.791624,25.4518,"main_cat IN ('Camera & Photo', 'Computers', 'Cell Phones &amp; Accessories')"
919,0.859249,20,0.478297,0.899668,post_filter,False,1.0212,1.0,0.965961,0.478297,0.906298,25.3164,overall>=3.0
920,0.12068,1,0.657231,0.791624,post_filter,False,0.9456,1.0,0.968481,0.657231,0.80931,25.3145,"main_cat IN ('Camera &amp; Photo', 'Cell Phones &amp; Accessories', 'Tools & Home Improvement')"
921,0.270385,5,0.626216,0.793147,pre_filter,False,15.4572,1.0,0.484761,0.612071,0.793147,25.4805,"main_cat IN ('Home Audio & Theater', 'Books', 'Tools & Home Improvement')"
922,0.160682,1,0.657231,0.80931,post_filter,False,0.818,1.0,0.972732,0.657231,0.825652,25.3482,"main_cat IN ('Camera & Photo', 'Computers')"
923,0.821657,20,0.478297,0.906298,post_filter,False,1.043,1.0,0.965235,0.478297,0.912191,25.2286,"overall IN (1,2,3,5)"
924,0.389743,11,0.675035,0.858082,post_filter,False,1.0005,1.0,0.96665,0.675035,0.868939,25.2277,overall<=4.0
925,0.751008,19,0.478297,0.906507,post_filter,False,0.9254,1.0,0.969154,0.478297,0.912772,25.0079,"overall IN (1,2,5)"
926,0.230635,3,0.636559,0.689044,post_filter,False,0.9352,0.7,0.045708,0.636559,0.62471,25.1179,"main_cat IN ('Camera & Photo', 'Camera &amp; Photo', 'Cell Phones &amp; Accessories')"
927,0.7886,19,0.478297,0.912772,post_filter,False,0.9451,1.0,0.968496,0.478297,0.918344,25.1773,overall>=4.0
928,0.160682,1,0.657231,0.825652,post_filter,False,0.3365,1.0,0.988782,0.657231,0.841965,25.3144,"main_cat IN ('Camera & Photo', 'Computers')"
929,0.050727,0,0.848755,0.552528,pre_filter,False,2.8013,1.0,0.906624,0.854542,0.552528,25.486,"main_cat IN ('Computers', 'Tools & Home Improvement')"
930,0.821657,20,0.478297,0.912191,post_filter,False,0.8494,1.0,0.971688,0.478297,0.918141,25.3656,"overall IN (1,2,3,5)"
931,0.270385,5,0.612071,0.793147,post_filter,False,0.8767,0.9,0.565337,0.612071,0.770366,25.3424,"main_cat IN ('Home Audio & Theater', 'Books', 'Tools & Home Improvement')"
932,0.859249,20,0.478297,0.918141,post_filter,False,0.7792,1.0,0.974028,0.478297,0.92373,25.1201,overall>=3.0
933,0.248992,4,0.609165,0.933348,post_filter,False,0.1374,0.1,0.0,0.609165,0.840013,25.2657,"overall IN (3,4)"
934,0.70348,19,0.478297,0.918344,post_filter,False,0.9707,1.0,0.967643,0.478297,0.923274,25.0502,"overall IN (1,5)"
935,0.774129,19,0.478297,0.923274,post_filter,False,0.8449,1.0,0.971836,0.478297,0.92813,25.261,"overall IN (1,3,5)"
936,0.836128,20,0.478297,0.92373,post_filter,False,0.8249,1.0,0.972504,0.478297,0.928607,25.0509,"overall IN (2,4,5)"
937,0.180604,1,0.657231,0.841965,post_filter,False,0.8768,1.0,0.970775,0.657231,0.854846,25.2775,"main_cat IN ('Camera & Photo', 'Computers', 'Cell Phones &amp; Accessories')"
938,0.160682,1,0.657231,0.854846,post_filter,False,0.5164,0.9,0.572333,0.657231,0.826595,25.5217,"main_cat IN ('Camera & Photo', 'Computers')"
939,0.728433,19,0.478297,0.92813,post_filter,False,0.8385,1.0,0.97205,0.478297,0.932522,25.5815,"overall IN (2,3,5)"
940,0.906777,21,1.0,0.918553,post_filter,True,0.9317,1.0,0.968942,1.0,0.923592,25.1146,overall>=2.0
941,0.751008,19,0.478297,0.932522,post_filter,False,0.8346,1.0,0.972179,0.478297,0.936488,25.5102,"overall IN (1,2,5)"
942,0.929351,21,1.0,0.923592,post_filter,True,0.9393,1.0,0.968689,1.0,0.928102,25.5246,"overall IN (1,2,4,5)"
943,0.319094,7,0.625446,0.880931,post_filter,False,0.6893,0.9,0.568976,0.625446,0.849736,25.2822,"overall IN (1,2,4)"
944,0.881823,20,0.478297,0.928607,post_filter,False,0.8015,1.0,0.973285,0.478297,0.933075,25.6455,"overall IN (1,4,5)"
945,0.339351,8,0.676364,0.909461,post_filter,False,0.4548,0.0,0.0,0.676364,0.818515,25.5373,"main_cat IN ('Home Audio & Theater', 'Camera &amp; Photo', 'Sports & Outdoors')"
946,0.658182,18,0.430467,0.938169,post_filter,False,0.9008,1.0,0.969974,0.430467,0.94135,25.379,verified=true AND overall>=3.0
947,0.270385,5,0.612071,0.770366,post_filter,False,0.4274,0.8,0.176779,0.612071,0.711007,25.9938,"main_cat IN ('Home Audio & Theater', 'Books', 'Tools & Home Improvement')"
948,0.092237,0,0.854542,0.552528,pre_filter,False,5.6552,1.0,0.811494,0.850237,0.552528,25.245,main_cat='Home Audio &amp; Theater' AND overall>=3.0
949,0.319094,7,0.625446,0.849736,post_filter,False,0.6902,1.0,0.976993,0.625446,0.862461,25.5197,"overall IN (1,2,4)"
950,0.774129,19,0.478297,0.936488,post_filter,False,0.1222,0.0,0.0,0.478297,0.842839,25.3309,"overall IN (1,3,5)"
951,0.12068,1,0.657231,0.826595,pre_filter,False,7.3469,1.0,0.755104,0.667018,0.826595,25.5631,"main_cat IN ('Camera &amp; Photo', 'Cell Phones &amp; Accessories', 'Tools & Home Improvement')"
952,0.160682,1,0.667018,0.826595,pre_filter,False,9.3474,1.0,0.688419,0.669158,0.826595,25.3784,"main_cat IN ('Camera & Photo', 'Computers')"
953,0.140751,1,0.669158,0.826595,post_filter,False,0.8815,1.0,0.970618,0.669158,0.840997,25.2462,overall<=2.0
954,0.610257,18,0.430467,0.94135,post_filter,False,0.4194,1.0,0.986021,0.430467,0.945817,25.4513,overall>=5.0
955,0.270385,5,0.612071,0.711007,post_filter,False,0.9817,1.0,0.967276,0.612071,0.736634,25.2363,"main_cat IN ('Home Audio & Theater', 'Books', 'Tools & Home Improvement')"
956,0.952472,21,1.0,0.928102,post_filter,True,0.9772,1.0,0.967425,1.0,0.932034,25.4989,"overall IN (1,3,4,5)"
957,0.210713,2,0.680435,0.758822,pre_filter,False,11.8734,1.0,0.604221,0.672814,0.758822,25.252,"main_cat IN ('Camera & Photo', 'Camera &amp; Photo')"
958,0.050727,0,0.850237,0.552528,pre_filter,False,2.8411,1.0,0.905296,0.855743,0.552528,25.5048,"main_cat IN ('Computers', 'Tools & Home Improvement')"
959,0.230635,3,0.636559,0.62471,pre_filter,False,12.9542,1.0,0.568194,0.629723,0.62471,25.143,"main_cat IN ('Camera & Photo', 'Camera &amp; Photo', 'Cell Phones &amp; Accessories')"
960,0.319094,7,0.625446,0.862461,pre_filter,False,24.604,1.0,0.179865,0.580888,0.862461,25.1753,"overall IN (1,2,4)"
961,0.210713,2,0.672814,0.758822,pre_filter,False,12.8604,1.0,0.571319,0.662664,0.758822,26.2,"main_cat IN ('Camera & Photo', 'Camera &amp; Photo')"
962,0.389743,11,0.675035,0.868939,pre_filter,False,28.6198,1.0,0.046006,0.612132,0.868939,25.5412,overall<=4.0
963,0.836128,20,0.478297,0.933075,post_filter,False,0.9122,1.0,0.969592,0.478297,0.936727,25.4584,"overall IN (2,4,5)"
964,0.230635,3,0.629723,0.62471,post_filter,False,0.4357,0.0,0.0,0.629723,0.562239,25.4539,"main_cat IN ('Camera & Photo', 'Camera &amp; Photo', 'Cell Phones &amp; Accessories')"
965,0.270385,5,0.612071,0.736634,post_filter,False,0.8532,0.9,0.565794,0.612071,0.71955,25.1627,"main_cat IN ('Home Audio & Theater', 'Books', 'Tools & Home Improvement')"
966,0.248992,4,0.609165,0.840013,post_filter,False,0.2944,1.0,0.990187,0.609165,0.855031,25.4225,"overall IN (3,4)"
967,0.70348,19,0.478297,0.842839,post_filter,False,0.67,1.0,0.977668,0.478297,0.856322,25.4918,"overall IN (1,5)"
968,0.821657,20,0.478297,0.936727,post_filter,False,0.9477,1.0,0.96841,0.478297,0.939895,25.1121,"overall IN (1,2,3,5)"
969,0.70348,19,0.478297,0.856322,post_filter,False,0.4625,1.0,0.984582,0.478297,0.869148,25.3458,"overall IN (1,5)"
970,0.050727,0,0.855743,0.552528,pre_filter,False,3.0807,1.0,0.897311,0.8599,0.552528,25.1957,"main_cat IN ('Computers', 'Tools & Home Improvement')"
971,0.230635,3,0.629723,0.562239,pre_filter,False,13.0117,1.0,0.566278,0.623378,0.562239,25.2553,"main_cat IN ('Camera & Photo', 'Camera &amp; Photo', 'Cell Phones &amp; Accessories')"
972,0.751008,19,0.478297,0.869148,post_filter,False,0.8726,1.0,0.970914,0.478297,0.879325,25.2738,"overall IN (1,2,5)"
973,0.300422,7,0.580888,0.862461,post_filter,False,0.3447,0.9,0.575665,0.580888,0.833782,25.611,"main_cat IN ('All Electronics', 'Books', 'Sports & Outdoors')"
974,0.7886,19,0.478297,0.879325,post_filter,False,0.877,1.0,0.970768,0.478297,0.888469,26.0467,overall>=4.0
975,0.210713,2,0.662664,0.758822,post_filter,False,1.2375,0.6,0.009682,0.662664,0.683908,25.6067,"main_cat IN ('Camera & Photo', 'Camera &amp; Photo')"
976,0.073033,0,0.8599,0.552528,pre_filter,False,4.3919,0.9,0.497101,0.82362,0.552528,25.2914,brand='Tiffen'
977,0.774129,19,0.478297,0.888469,post_filter,False,0.5004,1.0,0.983319,0.478297,0.897954,25.3582,"overall IN (1,3,5)"
978,0.12068,1,0.669158,0.840997,post_filter,False,0.829,1.0,0.972365,0.669158,0.854134,25.2215,"main_cat IN ('Camera &amp; Photo', 'Cell Phones &amp; Accessories', 'Tools & Home Improvement')"
979,0.389743,11,0.612132,0.868939,post_filter,False,0.8679,1.0,0.971071,0.612132,0.879152,25.0139,overall<=4.0
980,0.248992,4,0.609165,0.855031,post_filter,False,0.7643,1.0,0.974522,0.609165,0.86698,25.3951,"overall IN (3,4)"
981,0.160682,1,0.669158,0.854134,post_filter,False,1.0065,1.0,0.966449,0.669158,0.865365,25.2477,"main_cat IN ('Camera & Photo', 'Computers')"
982,0.319094,7,0.580888,0.833782,post_filter,False,0.2377,0.8,0.177914,0.580888,0.768195,25.1312,"overall IN (1,2,4)"
983,0.774129,19,0.478297,0.897954,post_filter,False,0.7305,1.0,0.975651,0.478297,0.905724,25.4138,"overall IN (1,3,5)"
984,0.658182,18,0.430467,0.945817,post_filter,False,0.5531,0.8889,0.504843,0.430467,0.90172,25.4297,verified=true AND overall>=3.0
985,0.952472,21,1.0,0.932034,post_filter,True,0.5871,1.0,0.980431,1.0,0.936874,25.1945,"overall IN (1,3,4,5)"
986,0.929351,21,1.0,0.936874,post_filter,True,0.6018,1.0,0.97994,1.0,0.94118,25.389,"overall IN (1,2,4,5)"
987,0.929351,21,1.0,0.94118,post_filter,True,0.9291,1.0,0.969029,1.0,0.943965,33.8253,"overall IN (1,2,4,5)"
988,0.7886,19,0.478297,0.905724,post_filter,False,0.8922,1.0,0.970261,0.478297,0.912178,25.4508,overall>=4.0
989,0.836128,20,0.478297,0.939895,post_filter,False,0.8736,1.0,0.970881,0.478297,0.942993,25.3438,"overall IN (2,4,5)"
990,0.248992,4,0.609165,0.86698,pre_filter,False,20.3022,1.0,0.323261,0.580575,0.86698,25.1636,"overall IN (3,4)"
991,0.7886,19,0.478297,0.912178,post_filter,False,0.5942,1.0,0.980193,0.478297,0.918979,25.3055,overall>=4.0
992,0.12068,1,0.669158,0.865365,post_filter,False,1.0286,1.0,0.965714,0.669158,0.8754,25.2464,"main_cat IN ('Camera &amp; Photo', 'Cell Phones &amp; Accessories', 'Tools & Home Improvement')"
993,0.751008,19,0.478297,0.918979,pre_filter,False,43.0525,1.0,0.0,0.430467,0.918979,25.2186,"overall IN (1,2,5)"
994,0.952472,21,1.0,0.943965,post_filter,True,0.8849,1.0,0.970504,1.0,0.946619,25.4931,"overall IN (1,3,4,5)"
995,0.248992,4,0.580575,0.86698,post_filter,False,0.746,1.0,0.975135,0.580575,0.877795,25.4711,"overall IN (3,4)"
996,0.300422,7,0.580888,0.768195,pre_filter,False,16.9178,1.0,0.436074,0.566406,0.768195,25.3517,"main_cat IN ('All Electronics', 'Books', 'Sports & Outdoors')"
997,0.728433,19,0.430467,0.918979,post_filter,False,0.781,1.0,0.973967,0.430467,0.924478,25.5993,"overall IN (2,3,5)"
998,0.210713,2,0.662664,0.683908,pre_filter,False,11.7625,1.0,0.607915,0.657189,0.683908,25.5735,"main_cat IN ('Camera & Photo', 'Camera &amp; Photo')"
999,0.210713,2,0.657189,0.683908,post_filter,False,0.8295,1.0,0.972349,0.657189,0.712752,25.4522,"main_cat IN ('Camera & Photo', 'Camera &amp; Photo')"
1000,0.140751,1,0.669158,0.8754,post_filter,False,0.9305,1.0,0.968983,0.669158,0.884759,25.3625,overall<=2.0
1001,0.610257,18,0.430467,0.90172,post_filter,False,0.7684,1.0,0.974386,0.430467,0.908986,25.6149,overall>=5.0
1002,0.140751,1,0.669158,0.884759,post_filter,False,0.6323,1.0,0.978924,0.669158,0.894175,36.9151,overall<=2.0
1003,0.389743,11,0.612132,0.879152,post_filter,False,0.3271,0.2,0.0,0.612132,0.791237,25.6482,overall<=4.0
1004,0.821657,20,0.478297,0.942993,pre_filter,False,45.8115,1.0,0.0,0.430467,0.942993,25.2987,"overall IN (1,2,3,5)"
1005,0.728433,19,0.430467,0.924478,post_filter,False,0.9068,1.0,0.969772,0.430467,0.929007,25.2066,"overall IN (2,3,5)"
1006,0.300422,7,0.566406,0.768195,post_filter,False,1.1018,1.0,0.963274,0.566406,0.787703,25.2431,"main_cat IN ('All Electronics', 'Books', 'Sports & Outdoors')"
1007,0.339351,8,0.676364,0.818515,post_filter,False,0.4766,0.9,0.573105,0.676364,0.793974,25.3674,"main_cat IN ('Home Audio & Theater', 'Camera &amp; Photo', 'Sports & Outdoors')"
1008,0.7886,19,0.430467,0.929007,post_filter,False,0.987,1.0,0.967099,0.430467,0.932816,25.0699,overall>=4.0
1009,0.680906,18,0.430467,0.908986,post_filter,False,0.924,1.0,0.969199,0.430467,0.915008,25.579,"overall IN (3,5)"
1010,0.952472,21,1.0,0.946619,post_filter,True,0.9082,1.0,0.969726,1.0,0.94893,25.37,"overall IN (1,3,4,5)"
1011,0.610257,18,0.430467,0.915008,post_filter,False,0.8874,1.0,0.970421,0.430467,0.920549,25.8111,overall>=5.0
1012,0.836128,20,0.430467,0.942993,post_filter,False,0.8708,1.0,0.970974,0.430467,0.945791,25.5838,"overall IN (2,4,5)"
1013,0.680906,18,0.430467,0.920549,post_filter,False,0.924,1.0,0.969201,0.430467,0.925414,25.3782,"overall IN (3,5)"
1014,0.859249,20,0.430467,0.945791,post_filter,False,0.7758,1.0,0.974142,0.430467,0.948626,25.67,overall>=3.0
1015,0.774129,19,0.430467,0.932816,post_filter,False,0.3655,1.0,0.987818,0.430467,0.938317,25.3835,"overall IN (1,3,5)"
1016,0.881823,20,0.430467,0.948626,post_filter,False,0.6319,1.0,0.978937,0.430467,0.951658,25.3829,"overall IN (1,4,5)"
1017,0.180604,1,0.669158,0.894175,post_filter,False,0.4422,1.0,0.98526,0.669158,0.903284,25.2141,"main_cat IN ('Camera & Photo', 'Computers', 'Cell Phones &amp; Accessories')"
1018,0.836128,20,0.430467,0.951658,post_filter,False,0.5097,1.0,0.98301,0.430467,0.954793,25.6946,"overall IN (2,4,5)"
1019,0.210713,2,0.657189,0.712752,post_filter,False,0.7806,1.0,0.973979,0.657189,0.738875,25.5131,"main_cat IN ('Camera & Photo', 'Camera &amp; Photo')"
1020,0.774129,19,0.430467,0.938317,post_filter,False,0.7886,1.0,0.973713,0.430467,0.941856,25.4254,"overall IN (1,3,5)"
1021,0.836128,20,0.430467,0.954793,post_filter,False,0.633,1.0,0.978901,0.430467,0.957204,25.2946,"overall IN (2,4,5)"
1022,0.728433,19,0.430467,0.941856,post_filter,False,0.8106,1.0,0.972979,0.430467,0.944968,25.3105,"overall IN (2,3,5)"
1023,0.906777,21,1.0,0.94893,post_filter,True,0.6763,1.0,0.977456,1.0,0.951782,25.2094,overall>=2.0
1024,0.859249,20,0.430467,0.957204,post_filter,False,0.8487,1.0,0.97171,0.430467,0.958654,25.2407,overall>=3.0
1025,0.092237,0,0.82362,0.552528,pre_filter,False,5.6678,1.0,0.811072,0.822365,0.552528,25.161,main_cat='Home Audio &amp; Theater' AND overall>=3.0
1026,0.658182,18,0.430467,0.925414,post_filter,False,0.6307,1.0,0.978976,0.430467,0.93077,25.1622,verified=true AND overall>=3.0
1027,0.389743,11,0.612132,0.791237,post_filter,False,0.7456,1.0,0.975147,0.612132,0.809628,25.4109,overall<=4.0
1028,0.658182,18,0.430467,0.93077,post_filter,False,0.9557,1.0,0.968143,0.430467,0.934508,25.3226,verified=true AND overall>=3.0
1029,0.7886,19,0.430467,0.944968,post_filter,False,0.8104,1.0,0.972987,0.430467,0.94777,25.2321,overall>=4.0
1030,0.300422,7,0.566406,0.787703,post_filter,False,0.9399,1.0,0.968669,0.566406,0.805799,25.2037,"main_cat IN ('All Electronics', 'Books', 'Sports & Outdoors')"
1031,0.092237,0,0.822365,0.552528,pre_filter,False,5.5022,1.0,0.816594,0.821788,0.552528,25.2619,main_cat='Home Audio &amp; Theater' AND overall>=3.0
1032,0.952472,21,1.0,0.951782,post_filter,True,0.8588,1.0,0.971372,1.0,0.953741,25.4235,"overall IN (1,3,4,5)"
1033,0.70348,19,0.430467,0.94777,post_filter,False,0.688,1.0,0.977068,0.430467,0.9507,25.1321,"overall IN (1,5)"
1034,0.12068,1,0.669158,0.903284,post_filter,False,0.9139,1.0,0.969538,0.669158,0.909909,25.7311,"main_cat IN ('Camera &amp; Photo', 'Cell Phones &amp; Accessories', 'Tools & Home Improvement')"
1035,0.073033,0,0.821788,0.552528,pre_filter,False,3.9376,1.0,0.868746,0.826484,0.552528,25.3028,brand='Tiffen'
1036,0.881823,20,0.430467,0.958654,post_filter,False,0.8023,1.0,0.973256,0.430467,0.960114,25.253,"overall IN (1,4,5)"
1037,0.680906,18,0.430467,0.934508,post_filter,False,0.4456,0.9,0.573706,0.430467,0.898427,25.4677,"overall IN (3,5)"
1038,0.929351,21,1.0,0.953741,post_filter,True,0.7904,1.0,0.973653,1.0,0.955732,25.203,"overall IN (1,2,4,5)"
1039,0.658182,18,0.430467,0.898427,post_filter,False,0.6804,1.0,0.977321,0.430467,0.906317,25.2467,verified=true AND overall>=3.0
1040,0.180604,1,0.669158,0.909909,post_filter,False,0.8782,1.0,0.970725,0.669158,0.915991,24.9652,"main_cat IN ('Camera & Photo', 'Computers', 'Cell Phones &amp; Accessories')"
1041,0.70348,19,0.430467,0.9507,post_filter,False,0.7263,1.0,0.97579,0.430467,0.953209,25.129,"overall IN (1,5)"
1042,0.680906,18,0.430467,0.906317,post_filter,False,0.2947,0.4,0.000173,0.430467,0.815702,25.0893,"overall IN (3,5)"
1043,0.140751,1,0.669158,0.915991,post_filter,False,0.8554,1.0,0.971486,0.669158,0.92154,25.2626,overall<=2.0
1044,0.160682,1,0.669158,0.92154,post_filter,False,0.8527,1.0,0.971578,0.669158,0.926544,25.273,"main_cat IN ('Camera & Photo', 'Computers')"
1045,0.270385,5,0.612071,0.71955,pre_filter,False,15.505,1.0,0.483168,0.59918,0.71955,24.9689,"main_cat IN ('Home Audio & Theater', 'Books', 'Tools & Home Improvement')"
1046,0.906777,21,1.0,0.955732,post_filter,True,0.2999,1.0,0.990004,1.0,0.95916,25.3053,overall>=2.0
1047,0.658182,18,0.430467,0.815702,post_filter,False,0.1084,0.0,0.0,0.430467,0.734132,25.2035,verified=true AND overall>=3.0
1048,0.389743,11,0.612132,0.809628,post_filter,False,0.9566,0.9,0.563788,0.612132,0.785044,25.4194,overall<=4.0
1049,0.12068,1,0.669158,0.926544,post_filter,False,0.836,1.0,0.972135,0.669158,0.931103,25.5202,"main_cat IN ('Camera &amp; Photo', 'Cell Phones &amp; Accessories', 'Tools & Home Improvement')"
1050,0.774129,19,0.430467,0.953209,post_filter,False,0.5632,1.0,0.981228,0.430467,0.956011,25.3314,"overall IN (1,3,5)"
1051,0.180604,1,0.669158,0.931103,post_filter,False,0.9038,1.0,0.969874,0.669158,0.93498,25.2835,"main_cat IN ('Camera & Photo', 'Computers', 'Cell Phones &amp; Accessories')"
1052,0.7886,19,0.430467,0.956011,post_filter,False,0.4493,0.0,0.0,0.430467,0.86041,25.7623,overall>=4.0
1053,0.70348,19,0.430467,0.86041,post_filter,False,1.1306,1.0,0.962312,0.430467,0.8706,25.1411,"overall IN (1,5)"
1054,0.610257,18,0.430467,0.734132,post_filter,False,0.9437,1.0,0.968542,0.430467,0.757573,25.2903,overall>=5.0
1055,0.092237,0,0.826484,0.552528,pre_filter,False,5.6441,1.0,0.811864,0.825022,0.552528,25.4668,main_cat='Home Audio &amp; Theater' AND overall>=3.0
1056,0.929351,21,1.0,0.95916,post_filter,True,0.8676,1.0,0.971079,1.0,0.960352,25.199,"overall IN (1,2,4,5)"
1057,0.658182,18,0.430467,0.757573,post_filter,False,0.7937,1.0,0.973542,0.430467,0.77917,25.304,verified=true AND overall>=3.0
1058,0.389743,11,0.612132,0.785044,post_filter,False,0.8965,1.0,0.970117,0.612132,0.803551,25.3425,overall<=4.0
1059,0.859249,20,0.430467,0.960114,post_filter,False,0.7525,1.0,0.974918,0.430467,0.961595,25.4198,overall>=3.0
1060,0.073033,0,0.825022,0.552528,pre_filter,False,3.8749,1.0,0.870837,0.829603,0.552528,26.6365,brand='Tiffen'
1061,0.389743,11,0.612132,0.803551,post_filter,False,1.023,1.0,0.965901,0.612132,0.819786,25.5517,overall<=4.0
1062,0.140751,1,0.669158,0.93498,post_filter,False,0.7388,1.0,0.975374,0.669158,0.939019,25.1684,overall<=2.0
1063,0.658182,18,0.430467,0.77917,post_filter,False,0.9232,1.0,0.969225,0.430467,0.798176,25.4704,verified=true AND overall>=3.0
1064,0.339351,8,0.676364,0.793974,post_filter,False,1.0795,1.0,0.964017,0.676364,0.810978,25.1951,"main_cat IN ('Home Audio & Theater', 'Camera &amp; Photo', 'Sports & Outdoors')"
1065,0.389743,11,0.612132,0.819786,post_filter,False,0.795,1.0,0.9735,0.612132,0.835158,25.4246,overall<=4.0
1066,0.70348,19,0.430467,0.8706,post_filter,False,0.9044,1.0,0.969853,0.430467,0.880525,25.4345,"overall IN (1,5)"
1067,0.073033,0,0.829603,0.552528,pre_filter,False,4.1771,1.0,0.860763,0.832719,0.552528,25.4843,brand='Tiffen'
1068,0.680906,18,0.430467,0.798176,post_filter,False,0.8642,1.0,0.971194,0.430467,0.815477,25.3823,"overall IN (3,5)"
1069,0.389743,11,0.612132,0.835158,post_filter,False,0.5012,1.0,0.983293,0.612132,0.849971,25.3165,overall<=4.0
1070,0.774129,19,0.430467,0.880525,post_filter,False,0.9795,1.0,0.967349,0.430467,0.889208,25.4216,"overall IN (1,3,5)"
1071,0.859249,20,0.430467,0.961595,post_filter,False,0.7488,1.0,0.97504,0.430467,0.962939,25.2541,overall>=3.0
1072,0.248992,4,0.580575,0.877795,post_filter,False,0.7683,0.9,0.567443,0.580575,0.84676,25.1983,"overall IN (3,4)"
1073,0.821657,20,0.430467,0.962939,post_filter,False,0.3917,1.0,0.986943,0.430467,0.96534,25.5502,"overall IN (1,2,3,5)"
1074,0.050727,0,0.832719,0.552528,pre_filter,False,2.8214,1.0,0.905953,0.840043,0.552528,25.4311,"main_cat IN ('Computers', 'Tools & Home Improvement')"
1075,0.319094,7,0.566406,0.805799,post_filter,False,0.731,1.0,0.975633,0.566406,0.822783,25.3459,"overall IN (1,2,4)"
1076,0.230635,3,0.623378,0.562239,pre_filter,False,12.8083,1.0,0.573056,0.618346,0.562239,25.3478,"main_cat IN ('Camera & Photo', 'Camera &amp; Photo', 'Cell Phones &amp; Accessories')"
1077,0.881823,20,0.430467,0.96534,post_filter,False,0.4035,0.7,0.046544,0.430467,0.87346,25.3488,"overall IN (1,4,5)"
1078,0.050727,0,0.840043,0.552528,pre_filter,False,2.8221,1.0,0.905931,0.846631,0.552528,25.69,"main_cat IN ('Computers', 'Tools & Home Improvement')"
1079,0.821657,20,0.430467,0.87346,post_filter,False,0.9407,1.0,0.968644,0.430467,0.882979,25.261,"overall IN (1,2,3,5)"
1080,0.180604,1,0.669158,0.939019,post_filter,False,0.9421,1.0,0.968597,0.669158,0.941977,25.3636,"main_cat IN ('Camera & Photo', 'Computers', 'Cell Phones &amp; Accessories')"
1081,0.70348,19,0.430467,0.889208,post_filter,False,1.0102,1.0,0.966325,0.430467,0.896919,25.0597,"overall IN (1,5)"
1082,0.092237,0,0.846631,0.552528,pre_filter,False,5.5253,1.0,0.815822,0.843551,0.552528,25.1366,main_cat='Home Audio &amp; Theater' AND overall>=3.0
1083,0.073033,0,0.843551,0.552528,pre_filter,False,3.9501,1.0,0.868331,0.846029,0.552528,25.9715,brand='Tiffen'
1084,0.339351,8,0.676364,0.810978,post_filter,False,0.7906,1.0,0.973646,0.676364,0.827245,24.9921,"main_cat IN ('Home Audio & Theater', 'Camera &amp; Photo', 'Sports & Outdoors')"
1085,0.300422,7,0.566406,0.822783,post_filter,False,0.8016,1.0,0.973279,0.566406,0.837832,25.32,"main_cat IN ('All Electronics', 'Books', 'Sports & Outdoors')"
1086,0.7886,19,0.430467,0.896919,post_filter,False,0.3148,0.9,0.576245,0.430467,0.864852,25.2321,overall>=4.0
1087,0.092237,0,0.846029,0.552528,pre_filter,False,5.5685,1.0,0.814382,0.842864,0.552528,25.0922,main_cat='Home Audio &amp; Theater' AND overall>=3.0
1088,0.680906,18,0.430467,0.815477,post_filter,False,0.7976,0.7,0.045924,0.430467,0.738522,25.3671,"overall IN (3,5)"
1089,0.073033,0,0.842864,0.552528,pre_filter,False,4.0189,1.0,0.866036,0.845181,0.552528,25.2835,brand='Tiffen'
1090,0.952472,21,1.0,0.960352,post_filter,True,0.9878,1.0,0.967074,1.0,0.961024,25.2093,"overall IN (1,3,4,5)"
1091,0.929351,21,1.0,0.961024,post_filter,True,0.9714,1.0,0.967621,1.0,0.961684,25.1595,"overall IN (1,2,4,5)"
1092,0.092237,0,0.845181,0.552528,pre_filter,False,5.7137,1.0,0.809544,0.841617,0.552528,25.1415,main_cat='Home Audio &amp; Theater' AND overall>=3.0
1093,0.952472,21,1.0,0.961684,post_filter,True,0.6452,1.0,0.978493,1.0,0.963364,25.2672,"overall IN (1,3,4,5)"
1094,0.610257,18,0.430467,0.738522,post_filter,False,0.8258,1.0,0.972474,0.430467,0.761917,25.1595,overall>=5.0
1095,0.073033,0,0.841617,0.552528,pre_filter,False,3.8985,1.0,0.870049,0.844461,0.552528,25.6871,brand='Tiffen'
1096,0.248992,4,0.580575,0.84676,pre_filter,False,20.3225,1.0,0.322583,0.554776,0.84676,25.0095,"overall IN (3,4)"
1097,0.339351,8,0.676364,0.827245,pre_filter,False,19.2873,1.0,0.357092,0.644436,0.827245,25.3312,"main_cat IN ('Home Audio & Theater', 'Camera &amp; Photo', 'Sports & Outdoors')"
1098,0.160682,1,0.669158,0.941977,post_filter,False,0.6415,1.0,0.978615,0.669158,0.945641,25.4976,"main_cat IN ('Camera & Photo', 'Computers')"
1099,0.836128,20,0.430467,0.882979,post_filter,False,0.8423,1.0,0.971922,0.430467,0.891873,25.012,"overall IN (2,4,5)"
1100,0.140751,1,0.669158,0.945641,post_filter,False,1.2222,0.0,0.0,0.669158,0.851077,26.5423,overall<=2.0
1101,0.836128,20,0.430467,0.891873,post_filter,False,0.6912,1.0,0.976961,0.430467,0.900382,25.272,"overall IN (2,4,5)"
1102,0.751008,19,0.430467,0.864852,post_filter,False,0.824,1.0,0.972532,0.430467,0.87562,25.6691,"overall IN (1,2,5)"
1103,0.821657,20,0.430467,0.900382,post_filter,False,0.8864,1.0,0.970454,0.430467,0.907389,25.4407,"overall IN (1,2,3,5)"
1104,0.751008,19,0.430467,0.87562,post_filter,False,0.8631,1.0,0.971231,0.430467,0.885181,25.0031,"overall IN (1,2,5)"
1105,0.339351,8,0.644436,0.827245,post_filter,False,0.8623,1.0,0.971256,0.644436,0.841646,25.1538,"main_cat IN ('Home Audio & Theater', 'Camera &amp; Photo', 'Sports & Outdoors')"
1106,0.300422,7,0.566406,0.837832,post_filter,False,0.5107,1.0,0.982976,0.566406,0.852347,25.5428,"main_cat IN ('All Electronics', 'Books', 'Sports & Outdoors')"
1107,0.929351,21,1.0,0.963364,post_filter,True,1.0944,1.0,0.963519,1.0,0.96338,25.4518,"overall IN (1,2,4,5)"
1108,0.319094,7,0.566406,0.852347,post_filter,False,1.0388,1.0,0.965374,0.566406,0.86365,25.0857,"overall IN (1,2,4)"
1109,0.389743,11,0.612132,0.849971,post_filter,False,0.959,1.0,0.968033,0.612132,0.861777,25.3934,overall<=4.0
1110,0.906777,21,1.0,0.96338,post_filter,True,0.6768,0.9,0.569219,1.0,0.923964,25.4221,overall>=2.0
1111,0.952472,21,1.0,0.923964,post_filter,True,0.9277,1.0,0.969076,1.0,0.928475,25.317,"overall IN (1,3,4,5)"
1112,0.952472,21,1.0,0.928475,post_filter,True,0.846,1.0,0.971801,1.0,0.932808,25.3454,"overall IN (1,3,4,5)"
1113,0.319094,7,0.566406,0.86365,post_filter,False,0.7421,1.0,0.975263,0.566406,0.874811,25.3448,"overall IN (1,2,4)"
1114,0.319094,7,0.566406,0.874811,post_filter,False,0.4301,1.0,0.985664,0.566406,0.885896,25.4042,"overall IN (1,2,4)"
1115,0.092237,0,0.844461,0.552528,pre_filter,False,5.6639,1.0,0.811203,0.841135,0.552528,25.4213,main_cat='Home Audio &amp; Theater' AND overall>=3.0
1116,0.774129,19,0.430467,0.885181,post_filter,False,0.4259,1.0,0.985803,0.430467,0.895243,25.2416,"overall IN (1,3,5)"
1117,0.774129,19,0.430467,0.895243,post_filter,False,0.9,1.0,0.970001,0.430467,0.902719,25.5252,"overall IN (1,3,5)"
1118,0.906777,21,1.0,0.932808,post_filter,True,0.8227,1.0,0.972578,1.0,0.936785,25.1127,overall>=2.0
1119,0.680906,18,0.430467,0.761917,post_filter,False,0.4187,1.0,0.986043,0.430467,0.78433,25.3215,"overall IN (3,5)"
1120,0.140751,1,0.669158,0.851077,post_filter,False,0.6927,0.7,0.046089,0.669158,0.770578,25.5866,overall<=2.0
1121,0.751008,19,0.430467,0.902719,post_filter,False,0.9329,1.0,0.968904,0.430467,0.909338,25.2686,"overall IN (1,2,5)"
1122,0.906777,21,1.0,0.936785,post_filter,True,0.9917,1.0,0.966943,1.0,0.939801,25.2904,overall>=2.0
1123,0.300422,7,0.566406,0.885896,post_filter,False,0.3362,0.9,0.575831,0.566406,0.85489,25.349,"main_cat IN ('All Electronics', 'Books', 'Sports & Outdoors')"
1124,0.12068,1,0.669158,0.770578,post_filter,False,0.9875,1.0,0.967082,0.669158,0.790228,25.7086,"main_cat IN ('Camera &amp; Photo', 'Cell Phones &amp; Accessories', 'Tools & Home Improvement')"
1125,0.160682,1,0.669158,0.790228,post_filter,False,0.6031,1.0,0.979897,0.669158,0.809195,25.5492,"main_cat IN ('Camera & Photo', 'Computers')"
1126,0.680906,18,0.430467,0.78433,post_filter,False,0.4139,1.0,0.986204,0.430467,0.804517,25.5252,"overall IN (3,5)"
1127,0.319094,7,0.566406,0.85489,post_filter,False,0.4285,1.0,0.985718,0.566406,0.867972,25.3265,"overall IN (1,2,4)"
1128,0.658182,18,0.430467,0.804517,post_filter,False,0.9002,1.0,0.969993,0.430467,0.821065,35.9064,verified=true AND overall>=3.0
1129,0.140751,1,0.669158,0.809195,post_filter,False,0.9473,0.9,0.563968,0.669158,0.784673,25.429,overall<=2.0
1130,0.821657,20,0.430467,0.907389,post_filter,False,0.7595,1.0,0.974685,0.430467,0.914119,25.2145,"overall IN (1,2,3,5)"
1131,0.210713,2,0.657189,0.738875,post_filter,False,0.8983,1.0,0.970057,0.657189,0.761993,25.3225,"main_cat IN ('Camera & Photo', 'Camera &amp; Photo')"
1132,0.881823,20,0.430467,0.914119,post_filter,False,0.4972,1.0,0.983426,0.430467,0.921049,25.7191,"overall IN (1,4,5)"
1133,0.050727,0,0.841135,0.552528,post_filter,False,0.2115,0.0,0.0,0.841135,0.497275,25.6006,"main_cat IN ('Computers', 'Tools & Home Improvement')"
1134,0.836128,20,0.430467,0.921049,post_filter,False,0.683,1.0,0.977232,0.430467,0.926668,25.3499,"overall IN (2,4,5)"
1135,0.050727,0,0.841135,0.497275,pre_filter,False,2.8287,1.0,0.90571,0.847592,0.497275,25.5928,"main_cat IN ('Computers', 'Tools & Home Improvement')"
1136,0.248992,4,0.554776,0.84676,post_filter,False,0.4961,0.0,0.0,0.554776,0.762084,25.193,"overall IN (3,4)"
1137,0.389743,11,0.612132,0.861777,post_filter,False,0.971,1.0,0.967633,0.612132,0.872363,25.2194,overall<=4.0
1138,0.774129,19,0.430467,0.909338,post_filter,False,0.7848,1.0,0.973842,0.430467,0.915788,25.2543,"overall IN (1,3,5)"
1139,0.821657,20,0.430467,0.926668,post_filter,False,0.8806,1.0,0.970647,0.430467,0.931066,25.1307,"overall IN (1,2,3,5)"
1140,0.680906,18,0.430467,0.821065,post_filter,False,0.952,0.9,0.563877,0.430467,0.795346,25.3387,"overall IN (3,5)"
1141,0.339351,8,0.644436,0.841646,pre_filter,False,19.3037,1.0,0.356542,0.615647,0.841646,25.178,"main_cat IN ('Home Audio & Theater', 'Camera &amp; Photo', 'Sports & Outdoors')"
1142,0.680906,18,0.430467,0.795346,post_filter,False,0.4961,1.0,0.983464,0.430467,0.814158,25.2288,"overall IN (3,5)"
1143,0.319094,7,0.566406,0.867972,post_filter,False,0.9582,1.0,0.968058,0.566406,0.877981,25.0764,"overall IN (1,2,4)"
1144,0.881823,20,0.430467,0.931066,post_filter,False,0.6713,1.0,0.977624,0.430467,0.935721,25.3927,"overall IN (1,4,5)"
1145,0.210713,2,0.657189,0.761993,post_filter,False,1.3853,0.6,0.009633,0.657189,0.686757,25.5551,"main_cat IN ('Camera & Photo', 'Camera &amp; Photo')"
1146,0.210713,2,0.657189,0.686757,post_filter,False,0.7128,1.0,0.97624,0.657189,0.715705,25.0645,"main_cat IN ('Camera & Photo', 'Camera &amp; Photo')"
1147,0.389743,11,0.612132,0.872363,post_filter,False,1.0163,1.0,0.966122,0.612132,0.881739,25.2291,overall<=4.0
1148,0.300422,7,0.566406,0.877981,pre_filter,False,16.7396,1.0,0.442014,0.553967,0.877981,25.112,"main_cat IN ('All Electronics', 'Books', 'Sports & Outdoors')"
1149,0.140751,1,0.669158,0.784673,pre_filter,False,15.4119,1.0,0.486271,0.65087,0.784673,25.0989,overall<=2.0
1150,0.230635,3,0.618346,0.562239,pre_filter,False,12.6995,1.0,0.576683,0.61418,0.562239,25.1807,"main_cat IN ('Camera & Photo', 'Camera &amp; Photo', 'Cell Phones &amp; Accessories')"
1151,0.180604,1,0.65087,0.784673,pre_filter,False,14.645,1.0,0.511833,0.636966,0.784673,25.0897,"main_cat IN ('Camera & Photo', 'Computers', 'Cell Phones &amp; Accessories')"
1152,0.952472,21,1.0,0.939801,post_filter,True,0.5061,1.0,0.983131,1.0,0.944134,25.4116,"overall IN (1,3,4,5)"
1153,0.929351,21,1.0,0.944134,post_filter,True,0.7732,1.0,0.974226,1.0,0.947143,25.3402,"overall IN (1,2,4,5)"
1154,0.821657,20,0.430467,0.935721,post_filter,False,0.1128,0.0,0.0,0.430467,0.842149,25.189,"overall IN (1,2,3,5)"
1155,0.836128,20,0.430467,0.842149,post_filter,False,0.9434,1.0,0.968553,0.430467,0.85479,25.1686,"overall IN (2,4,5)"
1156,0.12068,1,0.636966,0.784673,post_filter,False,0.4589,1.0,0.984703,0.636966,0.804676,25.2685,"main_cat IN ('Camera &amp; Photo', 'Cell Phones &amp; Accessories', 'Tools & Home Improvement')"
1157,0.073033,0,0.847592,0.497275,pre_filter,False,3.9177,1.0,0.869411,0.849774,0.497275,25.3205,brand='Tiffen'
1158,0.859249,20,0.430467,0.85479,post_filter,False,0.393,1.0,0.986901,0.430467,0.868001,25.2915,overall>=3.0
1159,0.774129,19,0.430467,0.915788,post_filter,False,0.7975,1.0,0.973415,0.430467,0.921551,25.1935,"overall IN (1,3,5)"
1160,0.339351,8,0.615647,0.841646,post_filter,False,0.8433,1.0,0.971892,0.615647,0.854671,25.2746,"main_cat IN ('Home Audio & Theater', 'Camera &amp; Photo', 'Sports & Outdoors')"
1161,0.728433,19,0.430467,0.921551,post_filter,False,0.975,1.0,0.967501,0.430467,0.926146,25.0636,"overall IN (2,3,5)"
1162,0.836128,20,0.430467,0.868001,post_filter,False,0.915,1.0,0.9695,0.430467,0.878151,25.1023,"overall IN (2,4,5)"
1163,0.952472,21,1.0,0.947143,post_filter,True,0.7852,1.0,0.973828,1.0,0.949811,25.3085,"overall IN (1,3,4,5)"
1164,0.929351,21,1.0,0.949811,post_filter,True,0.5518,1.0,0.981606,1.0,0.952991,25.7268,"overall IN (1,2,4,5)"
1165,0.929351,21,1.0,0.952991,post_filter,True,0.732,1.0,0.9756,1.0,0.955252,25.224,"overall IN (1,2,4,5)"
1166,0.050727,0,0.849774,0.497275,pre_filter,False,3.0026,1.0,0.899914,0.854788,0.497275,25.3228,"main_cat IN ('Computers', 'Tools & Home Improvement')"
1167,0.210713,2,0.657189,0.715705,pre_filter,False,12.1336,1.0,0.595546,0.651025,0.715705,25.4041,"main_cat IN ('Camera & Photo', 'Camera &amp; Photo')"
1168,0.180604,1,0.636966,0.804676,post_filter,False,0.8643,1.0,0.97119,0.636966,0.821327,25.355,"main_cat IN ('Camera & Photo', 'Computers', 'Cell Phones &amp; Accessories')"
1169,0.092237,0,0.854788,0.497275,pre_filter,False,5.7487,1.0,0.808376,0.850147,0.497275,25.6767,main_cat='Home Audio &amp; Theater' AND overall>=3.0
1170,0.12068,1,0.636966,0.821327,pre_filter,False,7.1323,1.0,0.762256,0.649495,0.821327,25.7001,"main_cat IN ('Camera &amp; Photo', 'Cell Phones &amp; Accessories', 'Tools & Home Improvement')"
1171,0.728433,19,0.430467,0.926146,post_filter,False,0.8366,1.0,0.972114,0.430467,0.930743,25.4085,"overall IN (2,3,5)"
1172,0.073033,0,0.850147,0.497275,pre_filter,False,4.12,0.9,0.502379,0.81537,0.497275,25.4539,brand='Tiffen'
1173,0.389743,11,0.612132,0.881739,post_filter,False,0.9463,1.0,0.968457,0.612132,0.890411,25.3627,overall<=4.0
1174,0.728433,19,0.430467,0.930743,post_filter,False,0.3899,0.8,0.177004,0.430467,0.855369,25.4295,"overall IN (2,3,5)"
1175,0.774129,19,0.430467,0.855369,post_filter,False,0.7122,0.8889,0.502116,0.430467,0.820043,25.4858,"overall IN (1,3,5)"
1176,0.7886,19,0.430467,0.820043,post_filter,False,0.5953,1.0,0.980156,0.430467,0.836055,25.361,overall>=4.0
1177,0.906777,21,1.0,0.955252,post_filter,True,0.9899,1.0,0.967004,1.0,0.956427,25.3663,overall>=2.0
1178,0.073033,0,0.81537,0.497275,pre_filter,False,4.0526,1.0,0.864913,0.820324,0.497275,25.7398,brand='Tiffen'
1179,0.210713,2,0.651025,0.715705,post_filter,False,1.0262,1.0,0.965792,0.651025,0.740714,25.4457,"main_cat IN ('Camera & Photo', 'Camera &amp; Photo')"
1180,0.821657,20,0.430467,0.878151,post_filter,False,0.5952,1.0,0.980158,0.430467,0.888351,25.5638,"overall IN (1,2,3,5)"
1181,0.073033,0,0.820324,0.497275,pre_filter,False,4.0504,1.0,0.864986,0.824791,0.497275,25.4503,brand='Tiffen'
1182,0.319094,7,0.553967,0.877981,post_filter,False,0.8495,1.0,0.971685,0.553967,0.887351,25.6002,"overall IN (1,2,4)"
1183,0.389743,11,0.612132,0.890411,post_filter,False,0.4599,0.9,0.57343,0.612132,0.858713,25.6155,overall<=4.0
1184,0.210713,2,0.651025,0.740714,pre_filter,False,11.6885,1.0,0.610382,0.646961,0.740714,25.1269,"main_cat IN ('Camera & Photo', 'Camera &amp; Photo')"
1185,0.680906,18,0.430467,0.814158,post_filter,False,0.9203,0.9,0.564493,0.430467,0.789191,25.5684,"overall IN (3,5)"
1186,0.180604,1,0.649495,0.821327,post_filter,False,0.616,1.0,0.979468,0.649495,0.837141,25.3144,"main_cat IN ('Camera & Photo', 'Computers', 'Cell Phones &amp; Accessories')"
1187,0.836128,20,0.430467,0.888351,post_filter,False,0.9408,1.0,0.968639,0.430467,0.89638,25.5036,"overall IN (2,4,5)"
1188,0.906777,21,1.0,0.956427,post_filter,True,0.847,1.0,0.971765,1.0,0.957961,25.4029,overall>=2.0
1189,0.836128,20,0.430467,0.89638,post_filter,False,0.7257,1.0,0.975811,0.430467,0.904323,25.4558,"overall IN (2,4,5)"
1190,0.073033,0,0.824791,0.497275,pre_filter,False,4.067,1.0,0.864435,0.828755,0.497275,25.8494,brand='Tiffen'
1191,0.140751,1,0.649495,0.837141,post_filter,False,0.6979,0.2,0.0,0.649495,0.753427,27.4365,overall<=2.0
1192,0.658182,18,0.430467,0.789191,post_filter,False,1.0305,1.0,0.96565,0.430467,0.806837,25.0932,verified=true AND overall>=3.0
1193,0.248992,4,0.554776,0.762084,post_filter,False,1.1084,1.0,0.963053,0.554776,0.782181,25.1283,"overall IN (3,4)"
1194,0.210713,2,0.646961,0.740714,post_filter,False,1.0781,0.6,0.009736,0.646961,0.667616,25.4253,"main_cat IN ('Camera & Photo', 'Camera &amp; Photo')"
1195,0.881823,20,0.430467,0.904323,post_filter,False,0.9914,1.0,0.966953,0.430467,0.910586,25.1332,"overall IN (1,4,5)"
1196,0.952472,21,1.0,0.957961,post_filter,True,0.4208,1.0,0.985974,1.0,0.960762,25.1616,"overall IN (1,3,4,5)"
1197,0.821657,20,0.430467,0.910586,post_filter,False,0.7886,1.0,0.973713,0.430467,0.916899,25.163,"overall IN (1,2,3,5)"
1198,0.70348,19,0.430467,0.836055,post_filter,False,0.8682,1.0,0.97106,0.430467,0.849555,25.0442,"overall IN (1,5)"
1199,0.270385,5,0.59918,0.71955,post_filter,False,1.0282,1.0,0.965728,0.59918,0.744168,25.142,"main_cat IN ('Home Audio & Theater', 'Books', 'Tools & Home Improvement')"
1200,0.70348,19,0.430467,0.849555,post_filter,False,0.74,1.0,0.975332,0.430467,0.862133,25.4483,"overall IN (1,5)"
1201,0.728433,19,0.430467,0.862133,post_filter,False,0.7997,1.0,0.973344,0.430467,0.873254,25.3011,"overall IN (2,3,5)"
1202,0.836128,20,0.430467,0.916899,post_filter,False,0.5502,1.0,0.98166,0.430467,0.923375,25.3303,"overall IN (2,4,5)"
1203,0.774129,19,0.430467,0.873254,post_filter,False,0.768,1.0,0.974401,0.430467,0.883369,25.39,"overall IN (1,3,5)"
1204,0.881823,20,0.430467,0.923375,post_filter,False,0.7574,1.0,0.974754,0.430467,0.928513,25.1737,"overall IN (1,4,5)"
1205,0.270385,5,0.59918,0.744168,post_filter,False,0.7443,0.9,0.567908,0.59918,0.726542,25.2362,"main_cat IN ('Home Audio & Theater', 'Books', 'Tools & Home Improvement')"
1206,0.210713,2,0.646961,0.667616,pre_filter,False,11.6759,1.0,0.610804,0.643345,0.667616,25.253,"main_cat IN ('Camera & Photo', 'Camera &amp; Photo')"
1207,0.248992,4,0.554776,0.782181,pre_filter,False,20.3704,1.0,0.320988,0.531397,0.782181,25.0074,"overall IN (3,4)"
1208,0.929351,21,1.0,0.960762,post_filter,True,0.8783,1.0,0.970722,1.0,0.961758,25.3212,"overall IN (1,2,4,5)"
1209,0.140751,1,0.649495,0.753427,pre_filter,False,12.1223,1.0,0.595922,0.644138,0.753427,25.1214,overall<=2.0
1210,0.774129,19,0.430467,0.883369,post_filter,False,0.8285,1.0,0.972382,0.430467,0.89227,25.1191,"overall IN (1,3,5)"
1211,0.658182,18,0.430467,0.806837,post_filter,False,0.8322,0.9,0.566203,0.430467,0.782774,25.0489,verified=true AND overall>=3.0
1212,0.210713,2,0.643345,0.667616,post_filter,False,0.8937,1.0,0.97021,0.643345,0.697875,25.3353,"main_cat IN ('Camera & Photo', 'Camera &amp; Photo')"
1213,0.339351,8,0.615647,0.854671,post_filter,False,0.7143,0.8,0.175065,0.615647,0.78671,25.4801,"main_cat IN ('Home Audio & Theater', 'Camera &amp; Photo', 'Sports & Outdoors')"
1214,0.248992,4,0.531397,0.782181,post_filter,False,0.8754,1.0,0.970821,0.531397,0.801045,25.1711,"overall IN (3,4)"
1215,0.230635,3,0.61418,0.562239,post_filter,False,0.821,1.0,0.972633,0.61418,0.603278,25.5907,"main_cat IN ('Camera & Photo', 'Camera &amp; Photo', 'Cell Phones &amp; Accessories')"
1216,0.073033,0,0.828755,0.497275,pre_filter,False,3.8935,1.0,0.870218,0.832901,0.497275,25.3462,brand='Tiffen'
1217,0.680906,18,0.430467,0.782774,post_filter,False,0.3641,0.9,0.575288,0.430467,0.762025,25.1354,"overall IN (3,5)"
1218,0.70348,19,0.430467,0.89227,post_filter,False,0.5024,1.0,0.983253,0.430467,0.901368,25.2659,"overall IN (1,5)"
1219,0.929351,21,1.0,0.961758,post_filter,True,0.4928,1.0,0.983574,1.0,0.96394,25.3325,"overall IN (1,2,4,5)"
1220,0.821657,20,0.430467,0.928513,post_filter,False,0.8003,1.0,0.973324,0.430467,0.932994,25.3165,"overall IN (1,2,3,5)"
1221,0.952472,21,1.0,0.96394,post_filter,True,0.8495,1.0,0.971682,1.0,0.964714,25.1815,"overall IN (1,3,4,5)"
1222,0.160682,1,0.644138,0.753427,post_filter,False,0.8719,1.0,0.970938,0.644138,0.775178,25.6897,"main_cat IN ('Camera & Photo', 'Computers')"
1223,0.751008,19,0.430467,0.901368,post_filter,False,0.8856,1.0,0.970481,0.430467,0.90828,25.2668,"overall IN (1,2,5)"
1224,0.774129,19,0.430467,0.90828,post_filter,False,0.3625,1.0,0.987915,0.430467,0.916243,25.3438,"overall IN (1,3,5)"
1225,0.339351,8,0.615647,0.78671,pre_filter,False,19.4677,1.0,0.351078,0.58919,0.78671,25.2801,"main_cat IN ('Home Audio & Theater', 'Camera &amp; Photo', 'Sports & Outdoors')"
1226,0.680906,18,0.430467,0.762025,post_filter,False,0.676,1.0,0.977467,0.430467,0.783569,25.3062,"overall IN (3,5)"
1227,0.610257,18,0.430467,0.783569,post_filter,False,0.9451,1.0,0.968497,0.430467,0.802062,25.3386,overall>=5.0
1228,0.073033,0,0.832901,0.497275,pre_filter,False,3.882,1.0,0.870601,0.836671,0.497275,25.3433,brand='Tiffen'
1229,0.300422,7,0.553967,0.887351,post_filter,False,0.8993,1.0,0.970022,0.553967,0.895619,25.4512,"main_cat IN ('All Electronics', 'Books', 'Sports & Outdoors')"
1230,0.751008,19,0.430467,0.916243,post_filter,False,0.6572,1.0,0.978092,0.430467,0.922428,25.6712,"overall IN (1,2,5)"
1231,0.774129,19,0.430467,0.922428,post_filter,False,0.9414,1.0,0.968621,0.430467,0.927047,25.0977,"overall IN (1,3,5)"
1232,0.319094,7,0.553967,0.895619,post_filter,False,0.2267,0.9,0.577957,0.553967,0.863852,25.3646,"overall IN (1,2,4)"
1233,0.859249,20,0.430467,0.932994,post_filter,False,0.954,1.0,0.968201,0.430467,0.936515,25.1389,overall>=3.0
1234,0.658182,18,0.430467,0.802062,post_filter,False,0.6205,0.9,0.570312,0.430467,0.778887,25.6165,verified=true AND overall>=3.0
1235,0.270385,5,0.59918,0.726542,post_filter,False,0.5998,1.0,0.980006,0.59918,0.751888,25.4447,"main_cat IN ('Home Audio & Theater', 'Books', 'Tools & Home Improvement')"
1236,0.7886,19,0.430467,0.927047,post_filter,False,0.7652,1.0,0.974493,0.430467,0.931792,25.3677,overall>=4.0
1237,0.339351,8,0.58919,0.78671,post_filter,False,0.8969,1.0,0.970103,0.58919,0.805049,34.0702,"main_cat IN ('Home Audio & Theater', 'Camera &amp; Photo', 'Sports & Outdoors')"
1238,0.339351,8,0.58919,0.805049,post_filter,False,0.7099,1.0,0.976336,0.58919,0.822178,25.4016,"main_cat IN ('Home Audio & Theater', 'Camera &amp; Photo', 'Sports & Outdoors')"
1239,0.140751,1,0.644138,0.775178,post_filter,False,0.4453,1.0,0.985157,0.644138,0.796176,25.6015,overall<=2.0
1240,0.248992,4,0.531397,0.801045,post_filter,False,0.5875,1.0,0.980415,0.531397,0.818982,25.3917,"overall IN (3,4)"
1241,0.319094,7,0.553967,0.863852,post_filter,False,0.4013,0.8889,0.507446,0.553967,0.828212,25.2567,"overall IN (1,2,4)"
1242,0.160682,1,0.644138,0.796176,pre_filter,False,9.3131,1.0,0.689562,0.64868,0.796176,25.1016,"main_cat IN ('Camera & Photo', 'Computers')"
1243,0.836128,20,0.430467,0.936515,post_filter,False,0.7847,1.0,0.973844,0.430467,0.940248,25.3515,"overall IN (2,4,5)"
1244,0.680906,18,0.430467,0.778887,post_filter,False,0.3106,1.0,0.989646,0.430467,0.799963,25.3032,"overall IN (3,5)"
1245,0.610257,18,0.430467,0.799963,post_filter,False,0.9921,1.0,0.966929,0.430467,0.81666,25.1642,overall>=5.0
1246,0.210713,2,0.643345,0.697875,pre_filter,False,11.6952,1.0,0.61016,0.640027,0.697875,25.2075,"main_cat IN ('Camera & Photo', 'Camera &amp; Photo')"
1247,0.906777,21,1.0,0.964714,post_filter,True,0.9185,1.0,0.969382,1.0,0.965181,25.2231,overall>=2.0
1248,0.210713,2,0.640027,0.697875,post_filter,False,0.9095,0.9,0.564702,0.640027,0.684558,25.1768,"main_cat IN ('Camera & Photo', 'Camera &amp; Photo')"
1249,0.248992,4,0.531397,0.818982,post_filter,False,0.5351,1.0,0.982164,0.531397,0.8353,25.3873,"overall IN (3,4)"
1250,0.906777,21,1.0,0.965181,post_filter,True,1.0153,1.0,0.966156,1.0,0.965278,25.283,overall>=2.0
1251,0.7886,19,0.430467,0.931792,post_filter,False,0.9028,1.0,0.969907,0.430467,0.935603,25.4293,overall>=4.0
1252,0.140751,1,0.64868,0.796176,post_filter,False,0.8012,1.0,0.973292,0.64868,0.813888,25.3247,overall<=2.0
1253,0.859249,20,0.430467,0.940248,post_filter,False,0.9075,1.0,0.96975,0.430467,0.943198,25.0779,overall>=3.0
1254,0.389743,11,0.612132,0.858713,post_filter,False,0.7299,1.0,0.975669,0.612132,0.870408,25.2172,overall<=4.0
1255,0.952472,21,1.0,0.965278,post_filter,True,1.0551,1.0,0.964831,1.0,0.965233,25.0702,"overall IN (1,3,4,5)"
1256,0.073033,0,0.836671,0.497275,pre_filter,False,4.1195,0.9,0.502389,0.803243,0.497275,25.1776,brand='Tiffen'
1257,0.680906,18,0.430467,0.81666,post_filter,False,0.797,1.0,0.973433,0.430467,0.832337,25.0865,"overall IN (3,5)"
1258,0.339351,8,0.58919,0.822178,post_filter,False,0.505,1.0,0.983168,0.58919,0.838277,25.1922,"main_cat IN ('Home Audio & Theater', 'Camera &amp; Photo', 'Sports & Outdoors')"
1259,0.339351,8,0.58919,0.838277,post_filter,False,0.6497,1.0,0.978344,0.58919,0.852284,25.2393,"main_cat IN ('Home Audio & Theater', 'Camera &amp; Photo', 'Sports & Outdoors')"
1260,0.680906,18,0.430467,0.832337,post_filter,False,0.8838,1.0,0.97054,0.430467,0.846157,25.1062,"overall IN (3,5)"
1261,0.658182,18,0.430467,0.846157,post_filter,False,0.3622,1.0,0.987925,0.430467,0.860334,25.2681,verified=true AND overall>=3.0
1262,0.140751,1,0.64868,0.813888,post_filter,False,1.3881,0.2,0.0,0.64868,0.732499,27.2953,overall<=2.0
1263,0.319094,7,0.553967,0.828212,post_filter,False,0.7419,1.0,0.975271,0.553967,0.842918,25.139,"overall IN (1,2,4)"
1264,0.210713,2,0.640027,0.684558,pre_filter,False,11.7019,1.0,0.609938,0.637018,0.684558,25.3618,"main_cat IN ('Camera & Photo', 'Camera &amp; Photo')"
1265,0.230635,3,0.61418,0.603278,pre_filter,False,12.7246,1.0,0.575846,0.610346,0.603278,25.3954,"main_cat IN ('Camera & Photo', 'Camera &amp; Photo', 'Cell Phones &amp; Accessories')"
1266,0.180604,1,0.64868,0.732499,post_filter,False,1.0114,1.0,0.966286,0.64868,0.755878,25.2654,"main_cat IN ('Camera & Photo', 'Computers', 'Cell Phones &amp; Accessories')"
1267,0.270385,5,0.59918,0.751888,post_filter,False,0.8288,1.0,0.972374,0.59918,0.773937,25.3157,"main_cat IN ('Home Audio & Theater', 'Books', 'Tools & Home Improvement')"
1268,0.751008,19,0.430467,0.935603,post_filter,False,0.8983,1.0,0.970056,0.430467,0.939049,25.1649,"overall IN (1,2,5)"
1269,0.092237,0,0.803243,0.497275,pre_filter,False,5.5909,1.0,0.813638,0.804282,0.497275,25.5158,main_cat='Home Audio &amp; Theater' AND overall>=3.0
1270,0.952472,21,1.0,0.965233,post_filter,True,0.8033,1.0,0.973222,1.0,0.966032,25.3028,"overall IN (1,3,4,5)"
1271,0.389743,11,0.612132,0.870408,post_filter,False,1.0057,1.0,0.966475,0.612132,0.880015,25.1843,overall<=4.0
1272,0.906777,21,1.0,0.966032,post_filter,True,1.0843,1.0,0.963856,1.0,0.965815,25.1835,overall>=2.0
1273,0.300422,7,0.553967,0.842918,post_filter,False,0.4839,0.0,0.0,0.553967,0.758626,25.3075,"main_cat IN ('All Electronics', 'Books', 'Sports & Outdoors')"
1274,0.092237,0,0.804282,0.497275,pre_filter,False,5.4998,1.0,0.816674,0.805522,0.497275,25.2598,main_cat='Home Audio &amp; Theater' AND overall>=3.0
1275,0.680906,18,0.430467,0.860334,post_filter,False,0.7136,1.0,0.976213,0.430467,0.871922,25.3175,"overall IN (3,5)"
1276,0.821657,20,0.430467,0.943198,post_filter,False,1.0365,0.9,0.562236,0.430467,0.905102,25.0811,"overall IN (1,2,3,5)"
1277,0.881823,20,0.430467,0.905102,post_filter,False,0.7159,1.0,0.976137,0.430467,0.912205,25.0047,"overall IN (1,4,5)"
1278,0.180604,1,0.64868,0.755878,pre_filter,False,10.3824,1.0,0.653921,0.649204,0.755878,24.8963,"main_cat IN ('Camera & Photo', 'Computers', 'Cell Phones &amp; Accessories')"
1279,0.073033,0,0.805522,0.497275,pre_filter,False,3.9018,0.8,0.156011,0.74057,0.497275,25.6347,brand='Tiffen'
1280,0.230635,3,0.610346,0.603278,post_filter,False,1.1101,0.9,0.560808,0.610346,0.599031,25.4833,"main_cat IN ('Camera & Photo', 'Camera &amp; Photo', 'Cell Phones &amp; Accessories')"
1281,0.319094,7,0.553967,0.758626,post_filter,False,0.8068,0.9,0.566695,0.553967,0.739433,25.2551,"overall IN (1,2,4)"
1282,0.774129,19,0.430467,0.939049,post_filter,False,0.886,1.0,0.970468,0.430467,0.942191,25.314,"overall IN (1,3,5)"
1283,0.728433,19,0.430467,0.942191,post_filter,False,0.7551,1.0,0.974831,0.430467,0.945455,25.5248,"overall IN (2,3,5)"
1284,0.728433,19,0.430467,0.945455,post_filter,False,0.8898,1.0,0.970342,0.430467,0.947943,25.2468,"overall IN (2,3,5)"
1285,0.073033,0,0.74057,0.497275,pre_filter,False,4.0384,1.0,0.865387,0.753052,0.497275,25.3933,brand='Tiffen'
1286,0.906777,21,1.0,0.965815,post_filter,True,0.4503,1.0,0.98499,1.0,0.967732,25.202,overall>=2.0
1287,0.092237,0,0.753052,0.497275,pre_filter,False,5.7671,1.0,0.807764,0.758523,0.497275,25.3122,main_cat='Home Audio &amp; Theater' AND overall>=3.0
1288,0.180604,1,0.649204,0.755878,post_filter,False,1.0784,1.0,0.964054,0.649204,0.776695,25.2649,"main_cat IN ('Camera & Photo', 'Computers', 'Cell Phones &amp; Accessories')"
1289,0.859249,20,0.430467,0.912205,post_filter,False,0.7933,1.0,0.973557,0.430467,0.91834,25.4157,overall>=3.0
1290,0.836128,20,0.430467,0.91834,post_filter,False,0.8721,1.0,0.970929,0.430467,0.923599,25.3239,"overall IN (2,4,5)"
1291,0.70348,19,0.430467,0.947943,post_filter,False,0.783,0.9,0.567158,0.430467,0.909865,25.2064,"overall IN (1,5)"
1292,0.821657,20,0.430467,0.923599,post_filter,False,0.6778,1.0,0.977406,0.430467,0.92898,25.4884,"overall IN (1,2,3,5)"
1293,0.774129,19,0.430467,0.909865,post_filter,False,0.9589,1.0,0.968036,0.430467,0.915682,25.4225,"overall IN (1,3,5)"
1294,0.680906,18,0.430467,0.871922,post_filter,False,0.8899,1.0,0.970336,0.430467,0.881763,25.3065,"overall IN (3,5)"
1295,0.180604,1,0.649204,0.776695,pre_filter,False,10.3873,1.0,0.653757,0.64966,0.776695,25.2858,"main_cat IN ('Camera & Photo', 'Computers', 'Cell Phones &amp; Accessories')"
1296,0.610257,18,0.430467,0.881763,post_filter,False,0.1275,0.0,0.0,0.430467,0.793587,25.3937,overall>=5.0
1297,0.180604,1,0.64966,0.776695,pre_filter,False,10.3472,1.0,0.655093,0.650203,0.776695,25.5024,"main_cat IN ('Camera & Photo', 'Computers', 'Cell Phones &amp; Accessories')"
1298,0.906777,21,1.0,0.967732,post_filter,True,0.8165,1.0,0.972783,1.0,0.968237,25.4895,overall>=2.0
1299,0.952472,21,1.0,0.968237,post_filter,True,0.931,1.0,0.968965,1.0,0.96831,25.0831,"overall IN (1,3,4,5)"
1300,0.270385,5,0.59918,0.773937,post_filter,False,0.9833,1.0,0.967225,0.59918,0.793266,25.2405,"main_cat IN ('Home Audio & Theater', 'Books', 'Tools & Home Improvement')"
1301,0.248992,4,0.531397,0.8353,post_filter,False,1.0139,1.0,0.966204,0.531397,0.848391,25.14,"overall IN (3,4)"
1302,0.952472,21,1.0,0.96831,post_filter,True,0.8485,1.0,0.971717,1.0,0.968651,25.7415,"overall IN (1,3,4,5)"
1303,0.050727,0,0.758523,0.497275,pre_filter,False,2.8415,1.0,0.905285,0.773199,0.497275,25.4963,"main_cat IN ('Computers', 'Tools & Home Improvement')"
1304,0.180604,1,0.650203,0.776695,post_filter,False,1.0117,1.0,0.966276,0.650203,0.795653,25.3036,"main_cat IN ('Camera & Photo', 'Computers', 'Cell Phones &amp; Accessories')"
1305,0.952472,21,1.0,0.968651,post_filter,True,0.7105,1.0,0.976318,1.0,0.969417,25.3736,"overall IN (1,3,4,5)"
1306,0.180604,1,0.650203,0.795653,post_filter,False,1.1142,1.0,0.96286,0.650203,0.812374,25.2569,"main_cat IN ('Camera & Photo', 'Computers', 'Cell Phones &amp; Accessories')"
1307,0.821657,20,0.430467,0.92898,post_filter,False,0.9402,1.0,0.968661,0.430467,0.932948,25.1717,"overall IN (1,2,3,5)"
1308,0.12068,1,0.650203,0.812374,post_filter,False,1.088,0.9,0.561236,0.650203,0.78726,25.2595,"main_cat IN ('Camera &amp; Photo', 'Cell Phones &amp; Accessories', 'Tools & Home Improvement')"
1309,0.821657,20,0.430467,0.932948,post_filter,False,0.8679,1.0,0.971071,0.430467,0.93676,25.044,"overall IN (1,2,3,5)"
1310,0.836128,20,0.430467,0.93676,post_filter,False,0.9218,1.0,0.969272,0.430467,0.940012,25.064,"overall IN (2,4,5)"
1311,0.610257,18,0.430467,0.793587,post_filter,False,0.9765,1.0,0.967449,0.430467,0.810973,25.0191,overall>=5.0
1312,0.952472,21,1.0,0.969417,post_filter,True,0.8342,1.0,0.972193,1.0,0.969695,25.2942,"overall IN (1,3,4,5)"
1313,0.210713,2,0.637018,0.684558,pre_filter,False,11.5856,1.0,0.613814,0.634697,0.684558,25.2623,"main_cat IN ('Camera & Photo', 'Camera &amp; Photo')"
1314,0.7886,19,0.430467,0.915682,post_filter,False,0.7256,1.0,0.975814,0.430467,0.921695,25.3326,overall>=4.0
1315,0.728433,19,0.430467,0.921695,post_filter,False,0.5651,1.0,0.981163,0.430467,0.927642,25.2232,"overall IN (2,3,5)"
1316,0.7886,19,0.430467,0.927642,post_filter,False,0.4407,0.0,0.0,0.430467,0.834878,25.2063,overall>=4.0
1317,0.180604,1,0.650203,0.78726,post_filter,False,0.9953,1.0,0.966822,0.650203,0.805216,25.0794,"main_cat IN ('Camera & Photo', 'Computers', 'Cell Phones &amp; Accessories')"
1318,0.319094,7,0.553967,0.739433,post_filter,False,0.8588,1.0,0.971374,0.553967,0.762627,25.3105,"overall IN (1,2,4)"
1319,0.952472,21,1.0,0.969695,post_filter,True,0.4308,0.8889,0.506941,1.0,0.92342,25.0664,"overall IN (1,3,4,5)"
1320,0.210713,2,0.634697,0.684558,pre_filter,False,11.493,1.0,0.616901,0.632918,0.684558,25.0908,"main_cat IN ('Camera & Photo', 'Camera &amp; Photo')"
1321,0.680906,18,0.430467,0.810973,post_filter,False,0.5922,1.0,0.980258,0.430467,0.827902,25.2218,"overall IN (3,5)"
1322,0.270385,5,0.59918,0.793266,post_filter,False,0.8886,0.7,0.045781,0.59918,0.718517,25.296,"main_cat IN ('Home Audio & Theater', 'Books', 'Tools & Home Improvement')"
1323,0.836128,20,0.430467,0.940012,post_filter,False,0.8429,1.0,0.971904,0.430467,0.943201,25.398,"overall IN (2,4,5)"
1324,0.248992,4,0.531397,0.848391,post_filter,False,1.0615,1.0,0.964615,0.531397,0.860013,25.2729,"overall IN (3,4)"
1325,0.319094,7,0.553967,0.762627,post_filter,False,0.5843,0.9,0.571014,0.553967,0.743466,25.1912,"overall IN (1,2,4)"
1326,0.389743,11,0.612132,0.880015,post_filter,False,0.6089,1.0,0.979703,0.612132,0.889984,25.2847,overall<=4.0
1327,0.680906,18,0.430467,0.827902,post_filter,False,0.6689,0.9,0.569373,0.430467,0.802049,25.1048,"overall IN (3,5)"
1328,0.751008,19,0.430467,0.834878,post_filter,False,0.827,1.0,0.972432,0.430467,0.848633,25.2181,"overall IN (1,2,5)"
1329,0.300422,7,0.553967,0.743466,post_filter,False,0.571,1.0,0.980965,0.553967,0.767216,25.4422,"main_cat IN ('All Electronics', 'Books', 'Sports & Outdoors')"
1330,0.248992,4,0.531397,0.860013,post_filter,False,0.8188,1.0,0.972706,0.531397,0.871282,25.0117,"overall IN (3,4)"
1331,0.230635,3,0.610346,0.599031,pre_filter,False,12.6586,1.0,0.578046,0.607116,0.599031,24.9351,"main_cat IN ('Camera & Photo', 'Camera &amp; Photo', 'Cell Phones &amp; Accessories')"
1332,0.300422,7,0.553967,0.767216,post_filter,False,0.7237,1.0,0.975876,0.553967,0.788082,25.1479,"main_cat IN ('All Electronics', 'Books', 'Sports & Outdoors')"
1333,0.658182,18,0.430467,0.802049,post_filter,False,0.9501,1.0,0.968331,0.430467,0.818677,25.1377,verified=true AND overall>=3.0
1334,0.929351,21,1.0,0.92342,post_filter,True,0.9061,1.0,0.969797,1.0,0.928057,24.9884,"overall IN (1,2,4,5)"
1335,0.610257,18,0.430467,0.818677,post_filter,False,1.0255,0.9,0.562449,0.430467,0.793054,25.2144,overall>=5.0
1336,0.389743,11,0.612132,0.889984,pre_filter,False,27.6668,1.0,0.077774,0.558696,0.889984,25.3601,overall<=4.0
1337,0.12068,1,0.650203,0.805216,post_filter,False,1.0484,0.7,0.04553,0.650203,0.729248,25.2998,"main_cat IN ('Camera &amp; Photo', 'Cell Phones &amp; Accessories', 'Tools & Home Improvement')"
1338,0.859249,20,0.430467,0.943201,post_filter,False,0.7665,1.0,0.974449,0.430467,0.946326,25.4985,overall>=3.0
1339,0.821657,20,0.430467,0.946326,post_filter,False,0.2959,0.2,0.0,0.430467,0.851693,25.2262,"overall IN (1,2,3,5)"
1340,0.610257,18,0.430467,0.793054,post_filter,False,0.5008,1.0,0.983306,0.430467,0.812079,25.4019,overall>=5.0
1341,0.836128,20,0.430467,0.851693,post_filter,False,0.4453,1.0,0.985158,0.430467,0.86504,25.3779,"overall IN (2,4,5)"
1342,0.881823,20,0.430467,0.86504,post_filter,False,0.7853,1.0,0.973824,0.430467,0.875918,25.4861,"overall IN (1,4,5)"
1343,0.270385,5,0.59918,0.718517,post_filter,False,0.8527,0.9,0.565804,0.59918,0.703246,25.701,"main_cat IN ('Home Audio & Theater', 'Books', 'Tools & Home Improvement')"
1344,0.952472,21,1.0,0.928057,post_filter,True,0.889,1.0,0.970368,1.0,0.932288,25.4209,"overall IN (1,3,4,5)"
1345,0.180604,1,0.650203,0.729248,post_filter,False,0.9385,1.0,0.968717,0.650203,0.753195,41.115,"main_cat IN ('Camera & Photo', 'Computers', 'Cell Phones &amp; Accessories')"
1346,0.300422,7,0.553967,0.788082,post_filter,False,1.0569,0.9,0.561841,0.553967,0.765458,25.4103,"main_cat IN ('All Electronics', 'Books', 'Sports & Outdoors')"
1347,0.270385,5,0.59918,0.703246,post_filter,False,1.0233,1.0,0.965889,0.59918,0.72951,25.461,"main_cat IN ('Home Audio & Theater', 'Books', 'Tools & Home Improvement')"
1348,0.339351,8,0.58919,0.852284,post_filter,False,0.8736,1.0,0.970881,0.58919,0.864143,25.3935,"main_cat IN ('Home Audio & Theater', 'Camera &amp; Photo', 'Sports & Outdoors')"
1349,0.073033,0,0.773199,0.497275,pre_filter,False,3.9006,1.0,0.869981,0.782878,0.497275,25.63,brand='Tiffen'
1350,0.70348,19,0.430467,0.848633,post_filter,False,0.5976,1.0,0.980081,0.430467,0.861778,25.579,"overall IN (1,5)"
1351,0.906777,21,1.0,0.932288,post_filter,True,0.8885,1.0,0.970382,1.0,0.936098,25.6085,overall>=2.0
1352,0.210713,2,0.632918,0.684558,post_filter,False,0.1385,0.0,0.0,0.632918,0.616102,25.5389,"main_cat IN ('Camera & Photo', 'Camera &amp; Photo')"
1353,0.821657,20,0.430467,0.875918,post_filter,False,0.8604,1.0,0.971321,0.430467,0.885458,25.3996,"overall IN (1,2,3,5)"
1354,0.140751,1,0.650203,0.753195,pre_filter,False,11.9708,1.0,0.600972,0.64528,0.753195,27.2337,overall<=2.0
1355,0.050727,0,0.782878,0.497275,pre_filter,False,4.04,1.0,0.865335,0.791123,0.497275,34.6465,"main_cat IN ('Computers', 'Tools & Home Improvement')"
1356,0.230635,3,0.607116,0.599031,pre_filter,False,12.801,1.0,0.573301,0.603735,0.599031,25.473,"main_cat IN ('Camera & Photo', 'Camera &amp; Photo', 'Cell Phones &amp; Accessories')"
1357,0.680906,18,0.430467,0.812079,post_filter,False,1.0006,1.0,0.966646,0.430467,0.827536,25.1869,"overall IN (3,5)"
1358,0.952472,21,1.0,0.936098,post_filter,True,0.926,1.0,0.969135,1.0,0.939402,25.3457,"overall IN (1,3,4,5)"
1359,0.70348,19,0.430467,0.861778,post_filter,False,1.096,1.0,0.963467,0.430467,0.871947,25.2416,"overall IN (1,5)"
1360,0.70348,19,0.430467,0.871947,post_filter,False,0.7045,1.0,0.976518,0.430467,0.882404,25.3227,"overall IN (1,5)"
1361,0.821657,20,0.430467,0.885458,post_filter,False,0.9926,1.0,0.966912,0.430467,0.893604,25.2329,"overall IN (1,2,3,5)"
1362,0.339351,8,0.58919,0.864143,post_filter,False,0.8974,1.0,0.970088,0.58919,0.874738,25.2194,"main_cat IN ('Home Audio & Theater', 'Camera &amp; Photo', 'Sports & Outdoors')"
1363,0.248992,4,0.531397,0.871282,post_filter,False,0.7933,1.0,0.973556,0.531397,0.88151,25.3839,"overall IN (3,4)"
1364,0.140751,1,0.64528,0.753195,pre_filter,False,12.0005,1.0,0.599982,0.64075,0.753195,25.5045,overall<=2.0
1365,0.180604,1,0.64075,0.753195,post_filter,False,0.8413,1.0,0.971957,0.64075,0.775071,25.3229,"main_cat IN ('Camera & Photo', 'Computers', 'Cell Phones &amp; Accessories')"
1366,0.270385,5,0.59918,0.72951,pre_filter,False,15.3464,0.9,0.284454,0.567708,0.72951,25.2828,"main_cat IN ('Home Audio & Theater', 'Books', 'Tools & Home Improvement')"
1367,0.210713,2,0.632918,0.616102,post_filter,False,0.5245,0.6,0.009922,0.632918,0.555484,25.6388,"main_cat IN ('Camera & Photo', 'Camera &amp; Photo')"
1368,0.319094,7,0.553967,0.765458,post_filter,False,0.6631,1.0,0.977897,0.553967,0.786702,25.418,"overall IN (1,2,4)"
1369,0.70348,19,0.430467,0.882404,post_filter,False,0.7117,1.0,0.976276,0.430467,0.891791,25.2208,"overall IN (1,5)"
1370,0.881823,20,0.430467,0.893604,post_filter,False,0.7356,1.0,0.975481,0.430467,0.901791,25.2439,"overall IN (1,4,5)"
1371,0.210713,2,0.632918,0.555484,pre_filter,False,11.6798,0.7,0.028811,0.572507,0.555484,25.0203,"main_cat IN ('Camera & Photo', 'Camera &amp; Photo')"
1372,0.610257,18,0.430467,0.827536,post_filter,False,0.7189,1.0,0.976036,0.430467,0.842386,25.3039,overall>=5.0
1373,0.680906,18,0.430467,0.842386,post_filter,False,0.8158,0.8,0.174458,0.430467,0.775593,25.283,"overall IN (3,5)"
1374,0.751008,19,0.430467,0.891791,post_filter,False,0.8791,1.0,0.970697,0.430467,0.899682,24.9268,"overall IN (1,2,5)"
1375,0.774129,19,0.430467,0.899682,post_filter,False,0.8105,1.0,0.972983,0.430467,0.907012,25.1298,"overall IN (1,3,5)"
1376,0.270385,5,0.567708,0.72951,post_filter,False,0.8779,1.0,0.970737,0.567708,0.753633,25.393,"main_cat IN ('Home Audio & Theater', 'Books', 'Tools & Home Improvement')"
1377,0.230635,3,0.603735,0.599031,pre_filter,False,12.706,1.0,0.576467,0.601008,0.599031,25.316,"main_cat IN ('Camera & Photo', 'Camera &amp; Photo', 'Cell Phones &amp; Accessories')"
1378,0.836128,20,0.430467,0.901791,post_filter,False,0.8665,1.0,0.971118,0.430467,0.908724,24.8973,"overall IN (2,4,5)"
1379,0.881823,20,0.430467,0.908724,post_filter,False,0.725,1.0,0.975833,0.430467,0.915435,25.2847,"overall IN (1,4,5)"
1380,0.610257,18,0.430467,0.775593,post_filter,False,0.4285,1.0,0.985717,0.430467,0.796605,25.4261,overall>=5.0
1381,0.821657,20,0.430467,0.915435,post_filter,False,0.8723,1.0,0.970925,0.430467,0.920984,25.215,"overall IN (1,2,3,5)"
1382,0.751008,19,0.430467,0.907012,post_filter,False,0.4324,1.0,0.985587,0.430467,0.914869,25.171,"overall IN (1,2,5)"
1383,0.821657,20,0.430467,0.920984,post_filter,False,0.901,1.0,0.969968,0.430467,0.925882,25.0725,"overall IN (1,2,3,5)"
1384,0.610257,18,0.430467,0.796605,pre_filter,False,63.5948,1.0,0.0,0.38742,0.796605,25.1103,overall>=5.0
1385,0.389743,11,0.558696,0.889984,post_filter,False,0.7764,1.0,0.974119,0.558696,0.898397,25.1548,overall<=4.0
1386,0.160682,1,0.64075,0.775071,post_filter,False,0.5494,1.0,0.981688,0.64075,0.795732,25.333,"main_cat IN ('Camera & Photo', 'Computers')"
1387,0.821657,20,0.430467,0.925882,post_filter,False,0.7881,1.0,0.973731,0.430467,0.930667,25.1013,"overall IN (1,2,3,5)"
1388,0.859249,20,0.430467,0.930667,post_filter,False,0.7477,1.0,0.975076,0.430467,0.935108,25.1362,overall>=3.0
1389,0.300422,7,0.553967,0.786702,post_filter,False,0.8617,1.0,0.971278,0.553967,0.805159,25.1987,"main_cat IN ('All Electronics', 'Books', 'Sports & Outdoors')"
1390,0.160682,1,0.64075,0.795732,post_filter,False,0.4801,0.9,0.573037,0.64075,0.773463,25.4837,"main_cat IN ('Camera & Photo', 'Computers')"
1391,0.140751,1,0.64075,0.773463,post_filter,False,0.812,0.2,0.0,0.64075,0.696117,27.653,overall<=2.0
1392,0.821657,20,0.430467,0.935108,post_filter,False,0.9748,1.0,0.967507,0.430467,0.938348,25.4504,"overall IN (1,2,3,5)"
1393,0.680906,18,0.38742,0.796605,post_filter,False,0.7562,1.0,0.974793,0.38742,0.814424,25.0912,"overall IN (3,5)"
1394,0.610257,18,0.38742,0.814424,post_filter,False,0.9254,1.0,0.969153,0.38742,0.829897,25.3889,overall>=5.0
1395,0.160682,1,0.64075,0.696117,post_filter,False,0.9099,1.0,0.969671,0.64075,0.723472,25.3227,"main_cat IN ('Camera & Photo', 'Computers')"
1396,0.952472,21,1.0,0.939402,post_filter,True,0.833,1.0,0.972232,1.0,0.942685,25.261,"overall IN (1,3,4,5)"
1397,0.929351,21,1.0,0.942685,post_filter,True,0.8462,1.0,0.971794,1.0,0.945596,25.6125,"overall IN (1,2,4,5)"
1398,0.680906,18,0.38742,0.829897,post_filter,False,0.9591,1.0,0.968029,0.38742,0.84371,25.3924,"overall IN (3,5)"
1399,0.751008,19,0.430467,0.914869,post_filter,False,0.9329,0.9,0.564247,0.430467,0.879807,25.3123,"overall IN (1,2,5)"
1400,0.073033,0,0.791123,0.497275,pre_filter,False,4.0599,1.0,0.864669,0.798478,0.497275,25.5965,brand='Tiffen'
1401,0.658182,18,0.38742,0.84371,post_filter,False,0.5622,0.8,0.175973,0.38742,0.776937,25.2481,verified=true AND overall>=3.0
1402,0.073033,0,0.798478,0.497275,pre_filter,False,4.046,1.0,0.865135,0.805144,0.497275,26.1066,brand='Tiffen'
1403,0.881823,20,0.430467,0.938348,post_filter,False,0.8566,1.0,0.971447,0.430467,0.941658,25.53,"overall IN (1,4,5)"
1404,0.906777,21,1.0,0.945596,post_filter,True,0.9015,0.9,0.564858,1.0,0.907522,25.3616,overall>=2.0
1405,0.092237,0,0.805144,0.497275,pre_filter,False,5.6648,0.2,0.0,0.724629,0.497275,25.4048,main_cat='Home Audio &amp; Theater' AND overall>=3.0
1406,0.881823,20,0.430467,0.941658,post_filter,False,1.043,1.0,0.965233,0.430467,0.944015,25.2762,"overall IN (1,4,5)"
1407,0.774129,19,0.430467,0.879807,post_filter,False,0.4326,1.0,0.985581,0.430467,0.890385,25.3375,"overall IN (1,3,5)"
1408,0.073033,0,0.724629,0.497275,pre_filter,False,3.9055,1.0,0.869818,0.739148,0.497275,25.9807,brand='Tiffen'
1409,0.836128,20,0.430467,0.944015,post_filter,False,0.8165,1.0,0.972783,0.430467,0.946892,25.7112,"overall IN (2,4,5)"
1410,0.050727,0,0.739148,0.497275,pre_filter,False,2.8238,1.0,0.905875,0.755821,0.497275,25.5865,"main_cat IN ('Computers', 'Tools & Home Improvement')"
1411,0.339351,8,0.58919,0.874738,post_filter,False,0.8943,1.0,0.97019,0.58919,0.884283,25.4789,"main_cat IN ('Home Audio & Theater', 'Camera &amp; Photo', 'Sports & Outdoors')"
1412,0.140751,1,0.64075,0.723472,post_filter,False,1.1972,0.3,9e-06,0.64075,0.651126,28.2933,overall<=2.0
1413,0.881823,20,0.430467,0.946892,post_filter,False,0.9357,0.9,0.564192,0.430467,0.908622,25.1405,"overall IN (1,4,5)"
1414,0.751008,19,0.430467,0.890385,post_filter,False,0.8324,1.0,0.972253,0.430467,0.898571,25.2372,"overall IN (1,2,5)"
1415,0.210713,2,0.572507,0.555484,pre_filter,False,11.6657,1.0,0.611143,0.576371,0.555484,25.3836,"main_cat IN ('Camera & Photo', 'Camera &amp; Photo')"
1416,0.092237,0,0.755821,0.497275,post_filter,False,1.1052,1.0,0.96316,0.755821,0.543864,25.7103,main_cat='Home Audio &amp; Theater' AND overall>=3.0
1417,0.7886,19,0.430467,0.898571,post_filter,False,0.9642,1.0,0.967861,0.430467,0.9055,25.2814,overall>=4.0
1418,0.140751,1,0.64075,0.651126,pre_filter,False,12.1224,1.0,0.595921,0.636267,0.651126,25.2192,overall<=2.0
1419,0.050727,0,0.755821,0.543864,pre_filter,False,3.0132,1.0,0.899558,0.770195,0.543864,25.3504,"main_cat IN ('Computers', 'Tools & Home Improvement')"
1420,0.180604,1,0.636267,0.651126,pre_filter,False,14.5355,1.0,0.515482,0.624189,0.651126,25.5186,"main_cat IN ('Camera & Photo', 'Computers', 'Cell Phones &amp; Accessories')"
1421,0.658182,18,0.38742,0.776937,post_filter,False,0.8602,1.0,0.971328,0.38742,0.796376,25.0852,verified=true AND overall>=3.0
1422,0.389743,11,0.558696,0.898397,post_filter,False,0.8391,1.0,0.972031,0.558696,0.905761,25.2951,overall<=4.0
1423,0.300422,7,0.553967,0.805159,post_filter,False,0.7907,1.0,0.973644,0.553967,0.822008,25.1254,"main_cat IN ('All Electronics', 'Books', 'Sports & Outdoors')"
1424,0.073033,0,0.770195,0.543864,pre_filter,False,3.9358,1.0,0.868806,0.780056,0.543864,25.1637,brand='Tiffen'
1425,0.728433,19,0.430467,0.9055,post_filter,False,0.8382,1.0,0.972058,0.430467,0.912156,25.2387,"overall IN (2,3,5)"
1426,0.751008,19,0.430467,0.912156,post_filter,False,0.8449,1.0,0.971837,0.430467,0.918124,25.0805,"overall IN (1,2,5)"
1427,0.774129,19,0.430467,0.918124,post_filter,False,0.8912,1.0,0.970293,0.430467,0.923341,25.2941,"overall IN (1,3,5)"
1428,0.952472,21,1.0,0.907522,post_filter,True,0.885,1.0,0.9705,1.0,0.91382,25.2307,"overall IN (1,3,4,5)"
1429,0.728433,19,0.430467,0.923341,post_filter,False,0.8951,1.0,0.970162,0.430467,0.928023,25.1985,"overall IN (2,3,5)"
1430,0.952472,21,1.0,0.91382,post_filter,True,0.8412,1.0,0.971961,1.0,0.919634,25.2001,"overall IN (1,3,4,5)"
1431,0.610257,18,0.38742,0.796376,post_filter,False,0.9113,1.0,0.969622,0.38742,0.8137,25.1603,overall>=5.0
1432,0.774129,19,0.430467,0.928023,post_filter,False,0.7138,1.0,0.976206,0.430467,0.932841,25.3567,"overall IN (1,3,5)"
1433,0.610257,18,0.38742,0.8137,post_filter,False,1.2347,0.6,0.009683,0.38742,0.733299,25.5857,overall>=5.0
1434,0.050727,0,0.780056,0.543864,post_filter,False,1.1946,0.1,0.0,0.780056,0.489477,26.4303,"main_cat IN ('Computers', 'Tools & Home Improvement')"
1435,0.050727,0,0.780056,0.489477,pre_filter,False,2.8807,1.0,0.903975,0.792448,0.489477,25.353,"main_cat IN ('Computers', 'Tools & Home Improvement')"
1436,0.680906,18,0.38742,0.733299,post_filter,False,0.6332,1.0,0.978893,0.38742,0.757858,25.1794,"overall IN (3,5)"
1437,0.680906,18,0.38742,0.757858,post_filter,False,1.1599,1.0,0.961338,0.38742,0.778206,25.0928,"overall IN (3,5)"
1438,0.339351,8,0.58919,0.884283,post_filter,False,0.7921,1.0,0.973596,0.58919,0.893214,25.1385,"main_cat IN ('Home Audio & Theater', 'Camera &amp; Photo', 'Sports & Outdoors')"
1439,0.050727,0,0.792448,0.489477,pre_filter,False,2.8144,1.0,0.906187,0.803822,0.489477,25.4012,"main_cat IN ('Computers', 'Tools & Home Improvement')"
1440,0.050727,0,0.803822,0.489477,post_filter,False,0.9507,0.7,0.045683,0.803822,0.445098,25.1341,"main_cat IN ('Computers', 'Tools & Home Improvement')"
1441,0.658182,18,0.38742,0.778206,post_filter,False,0.1848,0.6,0.010037,0.38742,0.701389,25.1318,verified=true AND overall>=3.0
1442,0.821657,20,0.430467,0.908622,post_filter,False,0.7968,1.0,0.973442,0.430467,0.915104,25.2817,"overall IN (1,2,3,5)"
1443,0.230635,3,0.601008,0.599031,post_filter,False,0.9205,0.9,0.564488,0.601008,0.595577,25.1222,"main_cat IN ('Camera & Photo', 'Camera &amp; Photo', 'Cell Phones &amp; Accessories')"
1444,0.680906,18,0.38742,0.701389,post_filter,False,0.8857,1.0,0.970478,0.38742,0.728298,25.1825,"overall IN (3,5)"
1445,0.248992,4,0.531397,0.88151,post_filter,False,0.8217,1.0,0.97261,0.531397,0.89062,25.4848,"overall IN (3,4)"
1446,0.050727,0,0.803822,0.445098,pre_filter,False,2.7905,1.0,0.906985,0.814138,0.445098,25.1518,"main_cat IN ('Computers', 'Tools & Home Improvement')"
1447,0.658182,18,0.38742,0.728298,post_filter,False,0.7022,1.0,0.976593,0.38742,0.753127,25.1804,verified=true AND overall>=3.0
1448,0.881823,20,0.430467,0.915104,post_filter,False,0.9194,1.0,0.969354,0.430467,0.920529,24.9518,"overall IN (1,4,5)"
1449,0.7886,19,0.430467,0.932841,post_filter,False,0.8928,1.0,0.970242,0.430467,0.936582,25.4922,overall>=4.0
1450,0.774129,19,0.430467,0.936582,post_filter,False,0.7749,1.0,0.974169,0.430467,0.94034,25.5386,"overall IN (1,3,5)"
1451,0.339351,8,0.58919,0.893214,post_filter,False,0.8894,1.0,0.970354,0.58919,0.900928,25.9106,"main_cat IN ('Home Audio & Theater', 'Camera &amp; Photo', 'Sports & Outdoors')"
1452,0.859249,20,0.430467,0.920529,post_filter,False,0.9375,1.0,0.968751,0.430467,0.925351,25.1418,overall>=3.0
1453,0.952472,21,1.0,0.919634,post_filter,True,0.8171,1.0,0.972764,1.0,0.924947,25.5051,"overall IN (1,3,4,5)"
1454,0.160682,1,0.624189,0.651126,pre_filter,False,9.5925,1.0,0.680251,0.629795,0.651126,25.1945,"main_cat IN ('Camera & Photo', 'Computers')"
1455,0.12068,1,0.629795,0.651126,pre_filter,False,7.1051,1.0,0.763164,0.643132,0.651126,25.3158,"main_cat IN ('Camera &amp; Photo', 'Cell Phones &amp; Accessories', 'Tools & Home Improvement')"
1456,0.952472,21,1.0,0.924947,post_filter,True,0.9805,1.0,0.967317,1.0,0.929184,25.451,"overall IN (1,3,4,5)"
1457,0.12068,1,0.643132,0.651126,post_filter,False,0.6388,1.0,0.978706,0.643132,0.683884,25.5408,"main_cat IN ('Camera &amp; Photo', 'Cell Phones &amp; Accessories', 'Tools & Home Improvement')"
1458,0.658182,18,0.38742,0.753127,post_filter,False,0.6568,1.0,0.978107,0.38742,0.775625,25.4104,verified=true AND overall>=3.0
1459,0.140751,1,0.643132,0.683884,post_filter,False,0.7382,0.1,0.0,0.643132,0.615495,27.5386,overall<=2.0
1460,0.210713,2,0.576371,0.555484,post_filter,False,0.8524,1.0,0.971586,0.576371,0.597095,25.6857,"main_cat IN ('Camera & Photo', 'Camera &amp; Photo')"
1461,0.180604,1,0.643132,0.615495,pre_filter,False,10.7637,1.0,0.64121,0.64294,0.615495,25.5404,"main_cat IN ('Camera & Photo', 'Computers', 'Cell Phones &amp; Accessories')"
1462,0.728433,19,0.430467,0.94034,post_filter,False,0.7697,1.0,0.974344,0.430467,0.943741,25.4125,"overall IN (2,3,5)"
1463,0.658182,18,0.38742,0.775625,post_filter,False,0.8498,1.0,0.971675,0.38742,0.79523,25.4813,verified=true AND overall>=3.0
1464,0.230635,3,0.601008,0.595577,post_filter,False,0.1367,0.0,0.0,0.601008,0.536019,25.429,"main_cat IN ('Camera & Photo', 'Camera &amp; Photo', 'Cell Phones &amp; Accessories')"
1465,0.881823,20,0.430467,0.925351,post_filter,False,0.397,1.0,0.986765,0.430467,0.931493,25.4033,"overall IN (1,4,5)"
1466,0.300422,7,0.553967,0.822008,post_filter,False,0.7967,1.0,0.973444,0.553967,0.837151,25.3413,"main_cat IN ('All Electronics', 'Books', 'Sports & Outdoors')"
1467,0.230635,3,0.601008,0.536019,post_filter,False,0.9195,0.9,0.564508,0.601008,0.538868,25.8552,"main_cat IN ('Camera & Photo', 'Camera &amp; Photo', 'Cell Phones &amp; Accessories')"
1468,0.859249,20,0.430467,0.931493,post_filter,False,0.8958,1.0,0.970139,0.430467,0.935357,25.1702,overall>=3.0
1469,0.319094,7,0.553967,0.837151,post_filter,False,0.9863,1.0,0.967125,0.553967,0.850149,25.429,"overall IN (1,2,4)"
1470,0.092237,0,0.814138,0.445098,pre_filter,False,5.6459,1.0,0.811803,0.813904,0.445098,25.5027,main_cat='Home Audio &amp; Theater' AND overall>=3.0
1471,0.300422,7,0.553967,0.850149,post_filter,False,0.4338,0.0,0.0,0.553967,0.765134,25.241,"main_cat IN ('All Electronics', 'Books', 'Sports & Outdoors')"
1472,0.319094,7,0.553967,0.765134,post_filter,False,1.046,1.0,0.965132,0.553967,0.785134,25.254,"overall IN (1,2,4)"
1473,0.389743,11,0.558696,0.905761,post_filter,False,0.8917,0.9,0.565048,0.558696,0.871689,25.519,overall<=4.0
1474,0.70348,19,0.430467,0.943741,post_filter,False,0.4406,1.0,0.985314,0.430467,0.947898,25.5018,"overall IN (1,5)"
1475,0.210713,2,0.576371,0.597095,post_filter,False,0.9395,1.0,0.968683,0.576371,0.634253,25.7362,"main_cat IN ('Camera & Photo', 'Camera &amp; Photo')"
1476,0.7886,19,0.430467,0.947898,post_filter,False,0.9893,1.0,0.967022,0.430467,0.94981,25.2276,overall>=4.0
1477,0.210713,2,0.576371,0.634253,pre_filter,False,11.63,1.0,0.612332,0.579967,0.634253,31.763,"main_cat IN ('Camera & Photo', 'Camera &amp; Photo')"
1478,0.248992,4,0.531397,0.89062,post_filter,False,0.8326,1.0,0.972246,0.531397,0.898782,25.2362,"overall IN (3,4)"
1479,0.774129,19,0.430467,0.94981,post_filter,False,0.9183,1.0,0.96939,0.430467,0.951768,25.3715,"overall IN (1,3,5)"
1480,0.881823,20,0.430467,0.935357,post_filter,False,0.3263,1.0,0.989124,0.430467,0.940734,25.0959,"overall IN (1,4,5)"
1481,0.906777,21,1.0,0.929184,post_filter,True,0.4255,0.0,0.0,1.0,0.836265,25.2306,overall>=2.0
1482,0.092237,0,0.813904,0.445098,pre_filter,False,5.5541,1.0,0.814864,0.814,0.445098,25.0454,main_cat='Home Audio &amp; Theater' AND overall>=3.0
1483,0.751008,19,0.430467,0.951768,post_filter,False,0.9026,1.0,0.969914,0.430467,0.953583,25.1439,"overall IN (1,2,5)"
1484,0.906777,21,1.0,0.836265,post_filter,True,0.8835,1.0,0.97055,1.0,0.849694,25.2078,overall>=2.0
1485,0.751008,19,0.430467,0.953583,post_filter,False,0.9918,1.0,0.966939,0.430467,0.954919,25.785,"overall IN (1,2,5)"
1486,0.836128,20,0.430467,0.940734,post_filter,False,0.9192,1.0,0.969358,0.430467,0.943596,25.431,"overall IN (2,4,5)"
1487,0.073033,0,0.814,0.445098,pre_filter,False,4.0487,1.0,0.865043,0.819105,0.445098,26.2921,brand='Tiffen'
1488,0.092237,0,0.819105,0.445098,pre_filter,False,5.791,1.0,0.806965,0.817891,0.445098,25.6036,main_cat='Home Audio &amp; Theater' AND overall>=3.0
1489,0.319094,7,0.553967,0.785134,post_filter,False,0.815,1.0,0.972833,0.553967,0.803904,25.7487,"overall IN (1,2,4)"
1490,0.319094,7,0.553967,0.803904,post_filter,False,0.8902,1.0,0.970326,0.553967,0.820546,25.3295,"overall IN (1,2,4)"
1491,0.319094,7,0.553967,0.820546,post_filter,False,0.599,0.8,0.175754,0.553967,0.756067,25.4375,"overall IN (1,2,4)"
1492,0.680906,18,0.38742,0.79523,post_filter,False,0.675,1.0,0.977501,0.38742,0.813457,25.1269,"overall IN (3,5)"
1493,0.610257,18,0.38742,0.813457,post_filter,False,0.9719,1.0,0.967604,0.38742,0.828872,25.118,overall>=5.0
1494,0.073033,0,0.817891,0.445098,pre_filter,False,3.8805,1.0,0.870651,0.823167,0.445098,25.5104,brand='Tiffen'
1495,0.751008,19,0.430467,0.954919,post_filter,False,0.7352,1.0,0.975493,0.430467,0.956976,25.2486,"overall IN (1,2,5)"
1496,0.050727,0,0.823167,0.445098,pre_filter,False,2.8642,1.0,0.904526,0.831303,0.445098,25.4993,"main_cat IN ('Computers', 'Tools & Home Improvement')"
1497,0.7886,19,0.430467,0.956976,post_filter,False,0.9158,1.0,0.969474,0.430467,0.958226,25.0719,overall>=4.0
1498,0.160682,1,0.64294,0.615495,post_filter,False,0.598,1.0,0.980065,0.64294,0.651952,25.365,"main_cat IN ('Camera & Photo', 'Computers')"
1499,0.092237,0,0.831303,0.445098,pre_filter,False,5.6597,1.0,0.811344,0.829307,0.445098,25.5829,main_cat='Home Audio &amp; Theater' AND overall>=3.0
1500,0.610257,18,0.38742,0.828872,post_filter,False,0.7858,1.0,0.973806,0.38742,0.843366,25.0777,overall>=5.0
1501,0.906777,21,1.0,0.849694,post_filter,True,0.9308,1.0,0.968974,1.0,0.861622,25.309,overall>=2.0
1502,0.339351,8,0.58919,0.900928,post_filter,False,0.9217,1.0,0.969275,0.58919,0.907763,24.9521,"main_cat IN ('Home Audio & Theater', 'Camera &amp; Photo', 'Sports & Outdoors')"
1503,0.751008,19,0.430467,0.958226,post_filter,False,0.3215,0.9,0.576115,0.430467,0.920015,25.0649,"overall IN (1,2,5)"
1504,0.859249,20,0.430467,0.943596,post_filter,False,0.3812,0.0,0.0,0.430467,0.849237,25.1297,overall>=3.0
1505,0.270385,5,0.567708,0.753633,post_filter,False,0.3318,0.6,0.009987,0.567708,0.679268,25.4319,"main_cat IN ('Home Audio & Theater', 'Books', 'Tools & Home Improvement')"
1506,0.70348,19,0.430467,0.920015,post_filter,False,0.5686,1.0,0.981047,0.430467,0.926118,25.1747,"overall IN (1,5)"
1507,0.906777,21,1.0,0.861622,post_filter,True,0.9489,1.0,0.968371,1.0,0.872297,25.2517,overall>=2.0
1508,0.12068,1,0.64294,0.651952,pre_filter,False,7.1562,1.0,0.76146,0.654792,0.651952,25.2356,"main_cat IN ('Camera &amp; Photo', 'Cell Phones &amp; Accessories', 'Tools & Home Improvement')"
1509,0.929351,21,1.0,0.872297,post_filter,True,0.7655,1.0,0.974485,1.0,0.882516,25.3872,"overall IN (1,2,4,5)"
1510,0.658182,18,0.38742,0.843366,post_filter,False,0.9363,1.0,0.968789,0.38742,0.855908,25.4012,verified=true AND overall>=3.0
1511,0.952472,21,1.0,0.882516,post_filter,True,0.859,1.0,0.971367,1.0,0.891401,25.2286,"overall IN (1,3,4,5)"
1512,0.073033,0,0.829307,0.445098,pre_filter,False,3.9732,1.0,0.867561,0.833132,0.445098,25.6828,brand='Tiffen'
1513,0.210713,2,0.579967,0.634253,post_filter,False,0.9967,1.0,0.966778,0.579967,0.667506,25.2046,"main_cat IN ('Camera & Photo', 'Camera &amp; Photo')"
1514,0.180604,1,0.654792,0.651952,pre_filter,False,10.4085,1.0,0.653051,0.654618,0.651952,25.2229,"main_cat IN ('Camera & Photo', 'Computers', 'Cell Phones &amp; Accessories')"
1515,0.929351,21,1.0,0.891401,post_filter,True,0.1213,0.0,0.0,1.0,0.802261,25.2862,"overall IN (1,2,4,5)"
1516,0.906777,21,1.0,0.802261,post_filter,True,0.8876,1.0,0.970414,1.0,0.819076,25.0969,overall>=2.0
1517,0.7886,19,0.430467,0.926118,post_filter,False,0.79,1.0,0.973665,0.430467,0.930873,25.5211,overall>=4.0
1518,0.929351,21,1.0,0.819076,post_filter,True,0.7143,1.0,0.97619,1.0,0.834787,25.6958,"overall IN (1,2,4,5)"
1519,0.70348,19,0.430467,0.930873,post_filter,False,0.876,1.0,0.970801,0.430467,0.934866,25.4778,"overall IN (1,5)"
1520,0.610257,18,0.38742,0.855908,post_filter,False,0.9138,1.0,0.96954,0.38742,0.867271,25.3508,overall>=5.0
1521,0.230635,3,0.601008,0.538868,pre_filter,False,12.9156,1.0,0.569479,0.597855,0.538868,25.0768,"main_cat IN ('Camera & Photo', 'Camera &amp; Photo', 'Cell Phones &amp; Accessories')"
1522,0.073033,0,0.833132,0.445098,pre_filter,False,3.9535,1.0,0.868218,0.836641,0.445098,25.5353,brand='Tiffen'
1523,0.952472,21,1.0,0.834787,post_filter,True,0.9031,0.9,0.564825,1.0,0.807791,25.5538,"overall IN (1,3,4,5)"
1524,0.092237,0,0.836641,0.445098,pre_filter,False,5.756,1.0,0.808132,0.83379,0.445098,25.3525,main_cat='Home Audio &amp; Theater' AND overall>=3.0
1525,0.774129,19,0.430467,0.934866,post_filter,False,0.3247,0.0,0.0,0.430467,0.841379,25.5255,"overall IN (1,3,5)"
1526,0.952472,21,1.0,0.807791,post_filter,True,0.2837,0.0,0.0,1.0,0.727012,25.1835,"overall IN (1,3,4,5)"
1527,0.230635,3,0.597855,0.538868,pre_filter,False,12.8788,1.0,0.570707,0.59514,0.538868,25.2774,"main_cat IN ('Camera & Photo', 'Camera &amp; Photo', 'Cell Phones &amp; Accessories')"
1528,0.929351,21,1.0,0.727012,post_filter,True,0.8787,1.0,0.97071,1.0,0.751382,25.3498,"overall IN (1,2,4,5)"
1529,0.680906,18,0.38742,0.867271,post_filter,False,0.2978,1.0,0.990072,0.38742,0.879551,25.3043,"overall IN (3,5)"
1530,0.70348,19,0.430467,0.841379,post_filter,False,0.9887,1.0,0.967044,0.430467,0.853946,25.2342,"overall IN (1,5)"
1531,0.774129,19,0.430467,0.853946,post_filter,False,0.6925,1.0,0.976915,0.430467,0.866243,25.3965,"overall IN (1,3,5)"
1532,0.073033,0,0.83379,0.445098,pre_filter,False,4.0752,1.0,0.864158,0.836827,0.445098,25.6867,brand='Tiffen'
1533,0.160682,1,0.654618,0.651952,pre_filter,False,9.2502,1.0,0.69166,0.658322,0.651952,25.2702,"main_cat IN ('Camera & Photo', 'Computers')"
1534,0.952472,21,1.0,0.751382,post_filter,True,0.8278,1.0,0.972407,1.0,0.773484,25.2858,"overall IN (1,3,4,5)"
1535,0.906777,21,1.0,0.773484,post_filter,True,0.6899,1.0,0.977003,1.0,0.793836,25.4462,overall>=2.0
1536,0.270385,5,0.567708,0.679268,post_filter,False,0.49,1.0,0.983667,0.567708,0.709708,25.2863,"main_cat IN ('Home Audio & Theater', 'Books', 'Tools & Home Improvement')"
1537,0.050727,0,0.836827,0.445098,pre_filter,False,2.979,1.0,0.900701,0.843214,0.445098,25.2259,"main_cat IN ('Computers', 'Tools & Home Improvement')"
1538,0.180604,1,0.658322,0.651952,post_filter,False,1.0558,0.6,0.009744,0.658322,0.587731,25.1245,"main_cat IN ('Camera & Photo', 'Computers', 'Cell Phones &amp; Accessories')"
1539,0.70348,19,0.430467,0.866243,post_filter,False,0.8885,1.0,0.970382,0.430467,0.876656,24.9441,"overall IN (1,5)"
1540,0.140751,1,0.658322,0.587731,post_filter,False,0.9516,1.0,0.968281,0.658322,0.625786,25.2651,overall<=2.0
1541,0.836128,20,0.430467,0.849237,post_filter,False,0.6365,1.0,0.978785,0.430467,0.862192,25.0702,"overall IN (2,4,5)"
1542,0.881823,20,0.430467,0.862192,post_filter,False,0.8966,1.0,0.970114,0.430467,0.872984,25.0945,"overall IN (1,4,5)"
1543,0.7886,19,0.430467,0.876656,post_filter,False,0.897,1.0,0.970099,0.430467,0.886001,25.1101,overall>=4.0
1544,0.881823,20,0.430467,0.872984,post_filter,False,0.8441,1.0,0.971864,0.430467,0.882872,25.0062,"overall IN (1,4,5)"
1545,0.319094,7,0.553967,0.756067,post_filter,False,0.6514,1.0,0.978286,0.553967,0.778289,25.4628,"overall IN (1,2,4)"
1546,0.952472,21,1.0,0.793836,post_filter,True,0.8186,1.0,0.972712,1.0,0.811724,25.0775,"overall IN (1,3,4,5)"
1547,0.092237,0,0.843214,0.445098,pre_filter,False,5.6465,1.0,0.811783,0.840071,0.445098,25.1438,main_cat='Home Audio &amp; Theater' AND overall>=3.0
1548,0.248992,4,0.531397,0.898782,post_filter,False,0.264,1.0,0.991199,0.531397,0.908024,25.0782,"overall IN (3,4)"
1549,0.160682,1,0.658322,0.625786,post_filter,False,0.8498,1.0,0.971674,0.658322,0.660375,25.2965,"main_cat IN ('Camera & Photo', 'Computers')"
1550,0.70348,19,0.430467,0.886001,post_filter,False,0.6971,1.0,0.976762,0.430467,0.895077,25.1548,"overall IN (1,5)"
1551,0.210713,2,0.579967,0.667506,post_filter,False,0.974,1.0,0.967532,0.579967,0.697508,25.1907,"main_cat IN ('Camera & Photo', 'Camera &amp; Photo')"
1552,0.70348,19,0.430467,0.895077,post_filter,False,0.9617,1.0,0.967943,0.430467,0.902363,25.1478,"overall IN (1,5)"
1553,0.881823,20,0.430467,0.882872,post_filter,False,0.9367,1.0,0.968776,0.430467,0.891462,25.0353,"overall IN (1,4,5)"
1554,0.906777,21,1.0,0.811724,post_filter,True,0.6861,1.0,0.977131,1.0,0.828264,25.2913,overall>=2.0
1555,0.319094,7,0.553967,0.778289,post_filter,False,0.7497,1.0,0.975011,0.553967,0.797961,25.388,"overall IN (1,2,4)"
1556,0.774129,19,0.430467,0.902363,post_filter,False,0.4527,1.0,0.98491,0.430467,0.910618,25.1997,"overall IN (1,3,5)"
1557,0.929351,21,1.0,0.828264,post_filter,True,0.569,1.0,0.981033,1.0,0.843541,25.0643,"overall IN (1,2,4,5)"
1558,0.680906,18,0.38742,0.879551,post_filter,False,1.0117,1.0,0.966276,0.38742,0.888224,24.93,"overall IN (3,5)"
1559,0.270385,5,0.567708,0.709708,pre_filter,False,15.279,1.0,0.490701,0.560007,0.709708,25.2561,"main_cat IN ('Home Audio & Theater', 'Books', 'Tools & Home Improvement')"
1560,0.319094,7,0.553967,0.797961,post_filter,False,0.213,0.0,0.0,0.553967,0.718165,25.2337,"overall IN (1,2,4)"
1561,0.836128,20,0.430467,0.891462,post_filter,False,0.121,0.0,0.0,0.430467,0.802316,25.3511,"overall IN (2,4,5)"
1562,0.821657,20,0.430467,0.802316,post_filter,False,0.9975,1.0,0.966751,0.430467,0.81876,24.9886,"overall IN (1,2,3,5)"
1563,0.140751,1,0.658322,0.660375,pre_filter,False,12.0136,1.0,0.599546,0.652444,0.660375,25.4141,overall<=2.0
1564,0.859249,20,0.430467,0.81876,post_filter,False,0.9735,1.0,0.967551,0.430467,0.833639,25.0169,overall>=3.0
1565,0.7886,19,0.430467,0.910618,post_filter,False,0.6885,1.0,0.97705,0.430467,0.917261,25.3008,overall>=4.0
1566,0.821657,20,0.430467,0.833639,post_filter,False,0.86,1.0,0.971332,0.430467,0.847408,25.2826,"overall IN (1,2,3,5)"
1567,0.092237,0,0.840071,0.445098,pre_filter,False,5.7964,1.0,0.806786,0.836743,0.445098,25.2707,main_cat='Home Audio &amp; Theater' AND overall>=3.0
1568,0.658182,18,0.38742,0.888224,post_filter,False,0.5827,1.0,0.980576,0.38742,0.897459,25.2952,verified=true AND overall>=3.0
1569,0.821657,20,0.430467,0.847408,post_filter,False,0.6758,1.0,0.977475,0.430467,0.860415,25.3603,"overall IN (1,2,3,5)"
1570,0.300422,7,0.553967,0.718165,post_filter,False,0.8841,1.0,0.970531,0.553967,0.743401,25.5637,"main_cat IN ('All Electronics', 'Books', 'Sports & Outdoors')"
1571,0.073033,0,0.836743,0.445098,pre_filter,False,3.9565,1.0,0.868118,0.83988,0.445098,25.4758,brand='Tiffen'
1572,0.12068,1,0.652444,0.660375,pre_filter,False,6.9238,1.0,0.769207,0.66412,0.660375,25.4788,"main_cat IN ('Camera &amp; Photo', 'Cell Phones &amp; Accessories', 'Tools & Home Improvement')"
1573,0.339351,8,0.58919,0.907763,post_filter,False,0.904,1.0,0.969868,0.58919,0.913974,25.4194,"main_cat IN ('Home Audio & Theater', 'Camera &amp; Photo', 'Sports & Outdoors')"
1574,0.210713,2,0.579967,0.697508,pre_filter,False,11.6824,1.0,0.610588,0.583029,0.697508,25.8029,"main_cat IN ('Camera & Photo', 'Camera &amp; Photo')"
1575,0.881823,20,0.430467,0.860415,post_filter,False,1.0834,1.0,0.963888,0.430467,0.870762,25.2178,"overall IN (1,4,5)"
1576,0.092237,0,0.83988,0.445098,pre_filter,False,5.6412,1.0,0.811961,0.837088,0.445098,25.4212,main_cat='Home Audio &amp; Theater' AND overall>=3.0
1577,0.270385,5,0.560007,0.709708,post_filter,False,0.7799,1.0,0.974003,0.560007,0.736138,25.3623,"main_cat IN ('Home Audio & Theater', 'Books', 'Tools & Home Improvement')"
1578,0.728433,19,0.430467,0.917261,post_filter,False,0.8048,1.0,0.973175,0.430467,0.922853,25.344,"overall IN (2,3,5)"
1579,0.836128,20,0.430467,0.870762,post_filter,False,0.9515,1.0,0.968285,0.430467,0.880514,25.1358,"overall IN (2,4,5)"
1580,0.728433,19,0.430467,0.922853,post_filter,False,1.0776,1.0,0.964081,0.430467,0.926975,25.2855,"overall IN (2,3,5)"
1581,0.728433,19,0.430467,0.926975,post_filter,False,0.1405,0.0,0.0,0.430467,0.834278,25.6134,"overall IN (2,3,5)"
1582,0.319094,7,0.553967,0.743401,post_filter,False,0.8972,1.0,0.970094,0.553967,0.766071,25.1466,"overall IN (1,2,4)"
1583,0.836128,20,0.430467,0.880514,post_filter,False,0.6204,1.0,0.979319,0.430467,0.890395,25.3943,"overall IN (2,4,5)"
1584,0.270385,5,0.560007,0.736138,post_filter,False,0.8116,1.0,0.972947,0.560007,0.759819,25.3475,"main_cat IN ('Home Audio & Theater', 'Books', 'Tools & Home Improvement')"
1585,0.050727,0,0.837088,0.445098,pre_filter,False,2.8239,1.0,0.905871,0.843967,0.445098,25.7413,"main_cat IN ('Computers', 'Tools & Home Improvement')"
1586,0.751008,19,0.430467,0.834278,post_filter,False,0.2916,0.7,0.04672,0.430467,0.755522,25.375,"overall IN (1,2,5)"
1587,0.230635,3,0.59514,0.538868,post_filter,False,0.7549,1.0,0.974836,0.59514,0.582465,25.1963,"main_cat IN ('Camera & Photo', 'Camera &amp; Photo', 'Cell Phones &amp; Accessories')"
1588,0.859249,20,0.430467,0.890395,post_filter,False,0.9588,1.0,0.96804,0.430467,0.898159,25.4996,overall>=3.0
1589,0.389743,11,0.558696,0.871689,post_filter,False,0.9363,1.0,0.96879,0.558696,0.881399,25.4622,overall<=4.0
1590,0.610257,18,0.38742,0.897459,post_filter,False,0.5832,1.0,0.980561,0.38742,0.905769,25.4635,overall>=5.0
1591,0.210713,2,0.583029,0.697508,post_filter,False,0.929,1.0,0.969035,0.583029,0.724661,25.6834,"main_cat IN ('Camera & Photo', 'Camera &amp; Photo')"
1592,0.300422,7,0.553967,0.766071,post_filter,False,0.7766,1.0,0.974112,0.553967,0.786875,27.4458,"main_cat IN ('All Electronics', 'Books', 'Sports & Outdoors')"
1593,0.680906,18,0.38742,0.905769,post_filter,False,0.8651,1.0,0.971164,0.38742,0.912309,25.3602,"overall IN (3,5)"
1594,0.319094,7,0.553967,0.786875,pre_filter,False,24.1662,1.0,0.19446,0.518016,0.786875,33.2468,"overall IN (1,2,4)"
1595,0.339351,8,0.58919,0.913974,post_filter,False,0.2633,0.0,0.0,0.58919,0.822576,25.3156,"main_cat IN ('Home Audio & Theater', 'Camera &amp; Photo', 'Sports & Outdoors')"
1596,0.160682,1,0.66412,0.660375,pre_filter,False,9.2901,1.0,0.690329,0.666741,0.660375,25.183,"main_cat IN ('Camera & Photo', 'Computers')"
1597,0.774129,19,0.430467,0.755522,post_filter,False,0.5421,0.9,0.571833,0.430467,0.737153,25.2177,"overall IN (1,3,5)"
1598,0.70348,19,0.430467,0.737153,pre_filter,False,71.886,1.0,0.0,0.38742,0.737153,25.036,"overall IN (1,5)"
1599,0.774129,19,0.38742,0.737153,post_filter,False,0.6964,1.0,0.976787,0.38742,0.761117,25.2788,"overall IN (1,3,5)"
1600,0.319094,7,0.518016,0.786875,pre_filter,False,24.2076,1.0,0.193081,0.485523,0.786875,25.2605,"overall IN (1,2,4)"
1601,0.092237,0,0.843967,0.445098,pre_filter,False,5.6984,1.0,0.810054,0.840575,0.445098,25.3747,main_cat='Home Audio &amp; Theater' AND overall>=3.0
1602,0.836128,20,0.430467,0.898159,post_filter,False,0.8427,1.0,0.97191,0.430467,0.905534,25.4222,"overall IN (2,4,5)"
1603,0.728433,19,0.38742,0.761117,post_filter,False,0.6337,0.9,0.570054,0.38742,0.74201,25.2559,"overall IN (2,3,5)"
1604,0.248992,4,0.531397,0.908024,post_filter,False,0.8419,1.0,0.971936,0.531397,0.914415,25.0604,"overall IN (3,4)"
1605,0.859249,20,0.430467,0.905534,post_filter,False,0.8436,1.0,0.971881,0.430467,0.912169,25.2645,overall>=3.0
1606,0.210713,2,0.583029,0.724661,post_filter,False,0.6309,0.5,0.001597,0.583029,0.652355,25.3617,"main_cat IN ('Camera & Photo', 'Camera &amp; Photo')"
1607,0.7886,19,0.38742,0.74201,post_filter,False,0.2111,0.0,0.0,0.38742,0.667809,25.3418,overall>=4.0
1608,0.092237,0,0.840575,0.445098,pre_filter,False,5.6441,1.0,0.811864,0.837704,0.445098,25.5569,main_cat='Home Audio &amp; Theater' AND overall>=3.0
1609,0.092237,0,0.837704,0.445098,pre_filter,False,5.7205,1.0,0.809318,0.834866,0.445098,25.3763,main_cat='Home Audio &amp; Theater' AND overall>=3.0
1610,0.230635,3,0.59514,0.582465,post_filter,False,1.0427,1.0,0.965244,0.59514,0.620743,25.1493,"main_cat IN ('Camera & Photo', 'Camera &amp; Photo', 'Cell Phones &amp; Accessories')"
1611,0.140751,1,0.666741,0.660375,pre_filter,False,12.085,1.0,0.597165,0.659784,0.660375,25.2735,overall<=2.0
1612,0.319094,7,0.485523,0.786875,post_filter,False,0.4739,0.0,0.0,0.485523,0.708187,25.1081,"overall IN (1,2,4)"
1613,0.7886,19,0.38742,0.667809,post_filter,False,0.8555,1.0,0.971483,0.38742,0.698177,25.0865,overall>=4.0
1614,0.859249,20,0.430467,0.912169,post_filter,False,0.4083,0.0,0.0,0.430467,0.820952,25.3453,overall>=3.0
1615,0.751008,19,0.38742,0.698177,post_filter,False,0.9996,1.0,0.966679,0.38742,0.725027,25.2068,"overall IN (1,2,5)"
1616,0.140751,1,0.659784,0.660375,post_filter,False,1.3185,0.4,0.000167,0.659784,0.594354,26.0679,overall<=2.0
1617,0.821657,20,0.430467,0.820952,post_filter,False,0.9386,1.0,0.968714,0.430467,0.835728,25.699,"overall IN (1,2,3,5)"
1618,0.319094,7,0.485523,0.708187,pre_filter,False,24.1796,1.0,0.194012,0.456372,0.708187,25.2873,"overall IN (1,2,4)"
1619,0.270385,5,0.560007,0.759819,post_filter,False,0.8712,1.0,0.970961,0.560007,0.780933,25.4744,"main_cat IN ('Home Audio & Theater', 'Books', 'Tools & Home Improvement')"
1620,0.300422,7,0.456372,0.708187,post_filter,False,1.045,1.0,0.965165,0.456372,0.733885,25.2309,"main_cat IN ('All Electronics', 'Books', 'Sports & Outdoors')"
1621,0.12068,1,0.659784,0.594354,post_filter,False,0.6988,1.0,0.976706,0.659784,0.632589,25.2823,"main_cat IN ('Camera &amp; Photo', 'Cell Phones &amp; Accessories', 'Tools & Home Improvement')"
1622,0.092237,0,0.834866,0.445098,pre_filter,False,5.6957,1.0,0.810143,0.832393,0.445098,27.503,main_cat='Home Audio &amp; Theater' AND overall>=3.0
1623,0.050727,0,0.832393,0.445098,pre_filter,False,3.2207,1.0,0.892644,0.838418,0.445098,26.13,"main_cat IN ('Computers', 'Tools & Home Improvement')"
1624,0.248992,4,0.531397,0.914415,post_filter,False,0.7449,1.0,0.975169,0.531397,0.920491,25.5594,"overall IN (3,4)"
1625,0.389743,11,0.558696,0.881399,pre_filter,False,28.3412,1.0,0.055294,0.508356,0.881399,25.449,overall<=4.0
1626,0.300422,7,0.456372,0.733885,post_filter,False,0.2571,1.0,0.991429,0.456372,0.75964,25.6063,"main_cat IN ('All Electronics', 'Books', 'Sports & Outdoors')"
1627,0.836128,20,0.430467,0.835728,pre_filter,False,248.5729,1.0,0.0,0.38742,0.835728,29.3892,"overall IN (2,4,5)"
1628,0.230635,3,0.59514,0.620743,post_filter,False,1.2776,1.0,0.957414,0.59514,0.65441,25.5714,"main_cat IN ('Camera & Photo', 'Camera &amp; Photo', 'Cell Phones &amp; Accessories')"
1629,0.12068,1,0.659784,0.632589,post_filter,False,0.9421,1.0,0.968596,0.659784,0.66619,25.7557,"main_cat IN ('Camera &amp; Photo', 'Cell Phones &amp; Accessories', 'Tools & Home Improvement')"
1630,0.140751,1,0.659784,0.66619,pre_filter,False,46.9843,1.0,0.0,0.593805,0.66619,28.9985,overall<=2.0
1631,0.092237,0,0.838418,0.445098,pre_filter,False,13.9052,1.0,0.536494,0.808226,0.445098,26.0766,main_cat='Home Audio &amp; Theater' AND overall>=3.0
1632,0.160682,1,0.593805,0.66619,pre_filter,False,18.9012,1.0,0.369958,0.571421,0.66619,25.4218,"main_cat IN ('Camera & Photo', 'Computers')"
1633,0.339351,8,0.58919,0.822576,post_filter,False,1.0786,1.0,0.964046,0.58919,0.836723,25.3285,"main_cat IN ('Home Audio & Theater', 'Camera &amp; Photo', 'Sports & Outdoors')"
1634,0.389743,11,0.508356,0.881399,post_filter,False,1.0028,1.0,0.966574,0.508356,0.889917,25.1808,overall<=4.0
1635,0.680906,18,0.38742,0.912309,post_filter,False,0.8711,1.0,0.970963,0.38742,0.918174,25.2331,"overall IN (3,5)"
1636,0.680906,18,0.38742,0.918174,post_filter,False,0.8665,1.0,0.971118,0.38742,0.923468,25.1127,"overall IN (3,5)"
1637,0.658182,18,0.38742,0.923468,post_filter,False,0.4298,0.8,0.176765,0.38742,0.848798,25.0877,verified=true AND overall>=3.0
1638,0.339351,8,0.58919,0.836723,post_filter,False,0.9834,1.0,0.967219,0.58919,0.849773,25.1368,"main_cat IN ('Home Audio & Theater', 'Camera &amp; Photo', 'Sports & Outdoors')"
1639,0.12068,1,0.571421,0.66619,post_filter,False,0.9672,1.0,0.967761,0.571421,0.696347,25.2016,"main_cat IN ('Camera &amp; Photo', 'Cell Phones &amp; Accessories', 'Tools & Home Improvement')"
1640,0.050727,0,0.808226,0.445098,pre_filter,False,4.0338,1.0,0.86554,0.813957,0.445098,25.1365,"main_cat IN ('Computers', 'Tools & Home Improvement')"
1641,0.092237,0,0.813957,0.445098,pre_filter,False,5.5082,1.0,0.816393,0.814201,0.445098,25.2707,main_cat='Home Audio &amp; Theater' AND overall>=3.0
1642,0.300422,7,0.456372,0.75964,post_filter,False,0.8633,1.0,0.971224,0.456372,0.780798,25.1796,"main_cat IN ('All Electronics', 'Books', 'Sports & Outdoors')"
1643,0.680906,18,0.38742,0.848798,post_filter,False,0.8817,1.0,0.97061,0.38742,0.860979,25.1149,"overall IN (3,5)"
1644,0.092237,0,0.814201,0.445098,pre_filter,False,5.5317,1.0,0.81561,0.814342,0.445098,25.1975,main_cat='Home Audio &amp; Theater' AND overall>=3.0
1645,0.728433,19,0.38742,0.725027,post_filter,False,0.7678,1.0,0.974406,0.38742,0.749965,25.3139,"overall IN (2,3,5)"
1646,0.728433,19,0.38742,0.749965,post_filter,False,0.7656,1.0,0.974479,0.38742,0.772416,25.213,"overall IN (2,3,5)"
1647,0.859249,20,0.38742,0.835728,pre_filter,False,1042.1046,1.0,0.0,0.348678,0.835728,112.005,overall>=3.0
1648,0.270385,5,0.560007,0.780933,post_filter,False,8.2909,0.9,0.421414,0.560007,0.744981,25.8001,"main_cat IN ('Home Audio & Theater', 'Books', 'Tools & Home Improvement')"
1649,0.906777,21,1.0,0.843541,post_filter,True,4.4827,1.0,0.850578,1.0,0.844245,26.5158,overall>=2.0
1650,0.319094,7,0.456372,0.780798,post_filter,False,5.2563,1.0,0.824789,0.456372,0.785197,25.2598,"overall IN (1,2,4)"
1651,0.050727,0,0.814342,0.445098,pre_filter,False,6.2468,1.0,0.791775,0.812085,0.445098,27.9838,"main_cat IN ('Computers', 'Tools & Home Improvement')"
1652,0.248992,4,0.531397,0.920491,post_filter,False,4.7134,0.9,0.490861,0.531397,0.877528,25.4392,"overall IN (3,4)"
1653,0.339351,8,0.58919,0.849773,post_filter,False,4.8105,1.0,0.839649,0.58919,0.84876,25.4864,"main_cat IN ('Home Audio & Theater', 'Camera &amp; Photo', 'Sports & Outdoors')"
1654,0.319094,7,0.456372,0.785197,post_filter,False,1.9163,1.0,0.936122,0.456372,0.80029,25.3694,"overall IN (1,2,4)"
1655,0.836128,20,0.348678,0.835728,post_filter,False,3.645,1.0,0.878501,0.348678,0.840006,25.5546,"overall IN (2,4,5)"
1656,0.092237,0,0.812085,0.445098,pre_filter,False,11.9255,1.0,0.602483,0.791125,0.445098,25.9139,main_cat='Home Audio &amp; Theater' AND overall>=3.0
1657,0.821657,20,0.348678,0.840006,post_filter,False,5.617,1.0,0.812765,0.348678,0.837282,25.7104,"overall IN (1,2,3,5)"
1658,0.929351,21,1.0,0.844245,post_filter,True,2.7638,1.0,0.907874,1.0,0.850608,25.3474,"overall IN (1,2,4,5)"
1659,0.680906,18,0.38742,0.860979,post_filter,False,3.6563,1.0,0.878124,0.38742,0.862694,25.3431,"overall IN (3,5)"
1660,0.929351,21,1.0,0.850608,post_filter,True,2.5891,1.0,0.913696,1.0,0.856917,25.194,"overall IN (1,2,4,5)"
1661,0.210713,2,0.583029,0.652355,post_filter,False,2.6112,1.0,0.912961,0.583029,0.678415,25.3957,"main_cat IN ('Camera & Photo', 'Camera &amp; Photo')"
1662,0.70348,19,0.38742,0.772416,post_filter,False,2.8018,1.0,0.906607,0.38742,0.785835,25.7422,"overall IN (1,5)"
1663,0.658182,18,0.38742,0.862694,post_filter,False,2.7444,1.0,0.908519,0.38742,0.867276,25.2293,verified=true AND overall>=3.0
1664,0.160682,1,0.571421,0.696347,post_filter,False,2.8931,1.0,0.903564,0.571421,0.717069,25.5433,"main_cat IN ('Camera & Photo', 'Computers')"
1665,0.774129,19,0.38742,0.785835,post_filter,False,2.2455,1.0,0.925149,0.38742,0.799767,25.4928,"overall IN (1,3,5)"
1666,0.319094,7,0.456372,0.80029,post_filter,False,1.0289,1.0,0.965703,0.456372,0.816831,25.5061,"overall IN (1,2,4)"
1667,0.160682,1,0.571421,0.717069,pre_filter,False,22.1182,1.0,0.262726,0.540551,0.717069,26.3608,"main_cat IN ('Camera & Photo', 'Computers')"
1668,0.140751,1,0.540551,0.717069,post_filter,False,2.8249,0.0,0.0,0.540551,0.645362,28.7571,overall<=2.0
1669,0.230635,3,0.59514,0.65441,post_filter,False,1.1986,1.0,0.960046,0.59514,0.684974,25.4806,"main_cat IN ('Camera & Photo', 'Camera &amp; Photo', 'Cell Phones &amp; Accessories')"
1670,0.248992,4,0.531397,0.877528,post_filter,False,1.9003,1.0,0.936658,0.531397,0.883441,25.8937,"overall IN (3,4)"
1671,0.230635,3,0.59514,0.684974,post_filter,False,2.8062,0.9,0.527884,0.59514,0.669265,25.3299,"main_cat IN ('Camera & Photo', 'Camera &amp; Photo', 'Cell Phones &amp; Accessories')"
1672,0.610257,18,0.38742,0.867276,post_filter,False,2.1661,1.0,0.927796,0.38742,0.873328,33.9944,overall>=5.0
1673,0.140751,1,0.540551,0.645362,post_filter,False,1.8471,0.1,0.0,0.540551,0.580826,27.9077,overall<=2.0
1674,0.092237,0,0.791125,0.445098,pre_filter,False,8.6112,1.0,0.71296,0.783308,0.445098,25.6955,main_cat='Home Audio &amp; Theater' AND overall>=3.0
1675,0.160682,1,0.540551,0.580826,post_filter,False,1.4431,1.0,0.951896,0.540551,0.617933,25.6765,"main_cat IN ('Camera & Photo', 'Computers')"
1676,0.339351,8,0.58919,0.84876,post_filter,False,2.0254,1.0,0.932488,0.58919,0.857133,25.624,"main_cat IN ('Home Audio & Theater', 'Camera &amp; Photo', 'Sports & Outdoors')"
1677,0.230635,3,0.59514,0.669265,post_filter,False,1.736,1.0,0.942135,0.59514,0.696552,25.4255,"main_cat IN ('Camera & Photo', 'Camera &amp; Photo', 'Cell Phones &amp; Accessories')"
1678,0.339351,8,0.58919,0.857133,post_filter,False,1.0968,0.8,0.172778,0.58919,0.788698,25.4787,"main_cat IN ('Home Audio & Theater', 'Camera &amp; Photo', 'Sports & Outdoors')"
1679,0.248992,4,0.531397,0.883441,post_filter,False,1.6599,1.0,0.944669,0.531397,0.889564,25.4286,"overall IN (3,4)"
1680,0.610257,18,0.38742,0.873328,post_filter,False,1.4019,1.0,0.953271,0.38742,0.881322,25.1158,overall>=5.0
1681,0.859249,20,0.348678,0.837282,post_filter,False,1.7536,1.0,0.941546,0.348678,0.847708,73.5043,overall>=3.0
1682,0.092237,0,0.783308,0.445098,pre_filter,False,5.5325,1.0,0.815585,0.786536,0.445098,25.2798,main_cat='Home Audio &amp; Theater' AND overall>=3.0
1683,0.300422,7,0.456372,0.816831,post_filter,False,2.0724,1.0,0.930919,0.456372,0.82824,25.3516,"main_cat IN ('All Electronics', 'Books', 'Sports & Outdoors')"
1684,0.230635,3,0.59514,0.696552,post_filter,False,1.6944,1.0,0.943519,0.59514,0.721248,25.2976,"main_cat IN ('Camera & Photo', 'Camera &amp; Photo', 'Cell Phones &amp; Accessories')"
1685,0.210713,2,0.583029,0.678415,post_filter,False,1.2698,1.0,0.957672,0.583029,0.706341,25.422,"main_cat IN ('Camera & Photo', 'Camera &amp; Photo')"
1686,0.821657,20,0.348678,0.847708,post_filter,False,1.2731,1.0,0.957562,0.348678,0.858693,25.0574,"overall IN (1,2,3,5)"
1687,0.751008,19,0.38742,0.799767,post_filter,False,1.318,1.0,0.956065,0.38742,0.815397,25.278,"overall IN (1,2,5)"
1688,0.610257,18,0.38742,0.881322,post_filter,False,1.1244,1.0,0.962519,0.38742,0.889442,24.9825,overall>=5.0
1689,0.728433,19,0.38742,0.815397,post_filter,False,1.0953,1.0,0.963492,0.38742,0.830206,25.1095,"overall IN (2,3,5)"
1690,0.728433,19,0.38742,0.830206,post_filter,False,1.4302,1.0,0.952325,0.38742,0.842418,25.2546,"overall IN (2,3,5)"
1691,0.180604,1,0.540551,0.617933,pre_filter,False,18.4859,1.0,0.383803,0.524876,0.617933,25.271,"main_cat IN ('Camera & Photo', 'Computers', 'Cell Phones &amp; Accessories')"
1692,0.389743,11,0.508356,0.889917,post_filter,False,1.211,1.0,0.959635,0.508356,0.896889,25.5774,overall<=4.0
1693,0.12068,1,0.524876,0.617933,post_filter,False,1.2377,1.0,0.958743,0.524876,0.652014,25.2243,"main_cat IN ('Camera &amp; Photo', 'Cell Phones &amp; Accessories', 'Tools & Home Improvement')"
1694,0.140751,1,0.524876,0.652014,pre_filter,False,13.4125,1.0,0.552917,0.52768,0.652014,25.5895,overall<=2.0
1695,0.248992,4,0.531397,0.889564,post_filter,False,1.0083,1.0,0.966389,0.531397,0.897246,25.3976,"overall IN (3,4)"
1696,0.050727,0,0.786536,0.445098,pre_filter,False,3.2324,1.0,0.892253,0.797108,0.445098,25.3957,"main_cat IN ('Computers', 'Tools & Home Improvement')"
1697,0.319094,7,0.456372,0.82824,post_filter,False,1.1678,1.0,0.961074,0.456372,0.841523,25.1089,"overall IN (1,2,4)"
1698,0.270385,5,0.560007,0.744981,post_filter,False,0.8138,0.5,0.001587,0.560007,0.670642,25.6641,"main_cat IN ('Home Audio & Theater', 'Books', 'Tools & Home Improvement')"
1699,0.881823,20,0.348678,0.858693,post_filter,False,1.1647,1.0,0.961175,0.348678,0.868942,25.5188,"overall IN (1,4,5)"
1700,0.728433,19,0.38742,0.842418,post_filter,False,1.2303,1.0,0.958992,0.38742,0.854075,25.0695,"overall IN (2,3,5)"
1701,0.319094,7,0.456372,0.841523,post_filter,False,1.1212,1.0,0.962628,0.456372,0.853634,25.3462,"overall IN (1,2,4)"
1702,0.859249,20,0.348678,0.868942,post_filter,False,1.1738,0.9,0.55957,0.348678,0.838004,25.2944,overall>=3.0
1703,0.906777,21,1.0,0.856917,post_filter,True,1.1559,1.0,0.961469,1.0,0.867372,25.201,overall>=2.0
1704,0.270385,5,0.560007,0.670642,post_filter,False,0.9895,1.0,0.967015,0.560007,0.700279,25.2677,"main_cat IN ('Home Audio & Theater', 'Books', 'Tools & Home Improvement')"
1705,0.389743,11,0.508356,0.896889,post_filter,False,0.7884,1.0,0.973719,0.508356,0.904572,25.2427,overall<=4.0
1706,0.270385,5,0.560007,0.700279,post_filter,False,1.302,1.0,0.9566,0.560007,0.725911,25.0676,"main_cat IN ('Home Audio & Theater', 'Books', 'Tools & Home Improvement')"
1707,0.339351,8,0.58919,0.788698,post_filter,False,0.9988,1.0,0.966707,0.58919,0.806498,25.3215,"main_cat IN ('Home Audio & Theater', 'Camera &amp; Photo', 'Sports & Outdoors')"
1708,0.881823,20,0.348678,0.838004,post_filter,False,1.0302,1.0,0.965661,0.348678,0.85077,25.2774,"overall IN (1,4,5)"
1709,0.881823,20,0.348678,0.85077,post_filter,False,1.1502,1.0,0.961661,0.348678,0.861859,25.0659,"overall IN (1,4,5)"
1710,0.906777,21,1.0,0.867372,post_filter,True,1.067,1.0,0.964435,1.0,0.877078,25.2875,overall>=2.0
1711,0.751008,19,0.38742,0.854075,post_filter,False,0.3451,1.0,0.988497,0.38742,0.867518,25.278,"overall IN (1,2,5)"
1712,0.728433,19,0.38742,0.867518,post_filter,False,1.0368,1.0,0.96544,0.38742,0.87731,24.9335,"overall IN (2,3,5)"
1713,0.140751,1,0.52768,0.652014,post_filter,False,1.1619,0.8,0.172389,0.52768,0.604051,25.2372,overall<=2.0
1714,0.248992,4,0.531397,0.897246,post_filter,False,0.8815,1.0,0.970617,0.531397,0.904583,25.0804,"overall IN (3,4)"
1715,0.270385,5,0.560007,0.725911,post_filter,False,0.965,1.0,0.967835,0.560007,0.750103,25.1771,"main_cat IN ('Home Audio & Theater', 'Books', 'Tools & Home Improvement')"
1716,0.728433,19,0.38742,0.87731,post_filter,False,0.9805,1.0,0.967318,0.38742,0.886311,25.0135,"overall IN (2,3,5)"
1717,0.7886,19,0.38742,0.886311,post_filter,False,0.9348,1.0,0.96884,0.38742,0.894564,25.1417,overall>=4.0
1718,0.180604,1,0.52768,0.604051,pre_filter,False,10.8192,1.0,0.639358,0.538848,0.604051,24.9313,"main_cat IN ('Camera & Photo', 'Computers', 'Cell Phones &amp; Accessories')"
1719,0.610257,18,0.38742,0.889442,post_filter,False,0.9547,1.0,0.968178,0.38742,0.897316,25.1434,overall>=5.0
1720,0.270385,5,0.560007,0.750103,post_filter,False,0.9333,0.7,0.045711,0.560007,0.679664,25.1055,"main_cat IN ('Home Audio & Theater', 'Books', 'Tools & Home Improvement')"
1721,0.160682,1,0.538848,0.604051,post_filter,False,0.932,0.7,0.045713,0.538848,0.548217,25.0949,"main_cat IN ('Camera & Photo', 'Computers')"
1722,0.319094,7,0.456372,0.853634,post_filter,False,0.7459,1.0,0.975136,0.456372,0.865784,25.1343,"overall IN (1,2,4)"
1723,0.270385,5,0.560007,0.679664,post_filter,False,0.9944,1.0,0.966853,0.560007,0.708383,25.2552,"main_cat IN ('Home Audio & Theater', 'Books', 'Tools & Home Improvement')"
1724,0.248992,4,0.531397,0.904583,post_filter,False,1.0647,1.0,0.964508,0.531397,0.910576,24.991,"overall IN (3,4)"
1725,0.821657,20,0.348678,0.861859,post_filter,False,0.684,1.0,0.977201,0.348678,0.873393,25.2861,"overall IN (1,2,3,5)"
1726,0.7886,19,0.38742,0.894564,post_filter,False,0.5075,1.0,0.983082,0.38742,0.903415,25.1808,overall>=4.0
1727,0.751008,19,0.38742,0.903415,post_filter,False,1.1132,1.0,0.962892,0.38742,0.909363,25.1318,"overall IN (1,2,5)"
1728,0.610257,18,0.38742,0.897316,post_filter,False,0.6777,1.0,0.97741,0.38742,0.905325,25.4832,overall>=5.0
1729,0.70348,19,0.38742,0.909363,post_filter,False,1.0195,1.0,0.966017,0.38742,0.915028,25.0677,"overall IN (1,5)"
1730,0.859249,20,0.348678,0.873393,post_filter,False,1.0086,1.0,0.966379,0.348678,0.882692,25.0446,overall>=3.0
1731,0.210713,2,0.583029,0.706341,post_filter,False,1.115,1.0,0.962835,0.583029,0.73199,25.2325,"main_cat IN ('Camera & Photo', 'Camera &amp; Photo')"
1732,0.270385,5,0.560007,0.708383,post_filter,False,0.894,1.0,0.970201,0.560007,0.734565,24.9465,"main_cat IN ('Home Audio & Theater', 'Books', 'Tools & Home Improvement')"
1733,0.319094,7,0.456372,0.865784,post_filter,False,0.9056,1.0,0.969814,0.456372,0.876187,25.3121,"overall IN (1,2,4)"
1734,0.230635,3,0.59514,0.721248,post_filter,False,1.056,0.9,0.561859,0.59514,0.705309,25.3213,"main_cat IN ('Camera & Photo', 'Camera &amp; Photo', 'Cell Phones &amp; Accessories')"
1735,0.881823,20,0.348678,0.882692,post_filter,False,0.6268,1.0,0.979106,0.348678,0.892333,25.3328,"overall IN (1,4,5)"
1736,0.859249,20,0.348678,0.892333,post_filter,False,1.021,1.0,0.965965,0.348678,0.899697,24.9753,overall>=3.0
1737,0.319094,7,0.456372,0.876187,post_filter,False,0.6483,1.0,0.978389,0.456372,0.886407,25.1556,"overall IN (1,2,4)"
1738,0.300422,7,0.456372,0.886407,post_filter,False,0.9249,1.0,0.969169,0.456372,0.894683,25.2392,"main_cat IN ('All Electronics', 'Books', 'Sports & Outdoors')"
1739,0.12068,1,0.538848,0.548217,pre_filter,False,7.1281,1.0,0.762397,0.561203,0.548217,25.3688,"main_cat IN ('Camera &amp; Photo', 'Cell Phones &amp; Accessories', 'Tools & Home Improvement')"
1740,0.952472,21,1.0,0.877078,post_filter,True,0.9202,1.0,0.969328,1.0,0.886303,25.278,"overall IN (1,3,4,5)"
1741,0.70348,19,0.38742,0.915028,post_filter,False,0.9598,1.0,0.968007,0.38742,0.920326,25.5496,"overall IN (1,5)"
1742,0.180604,1,0.561203,0.548217,post_filter,False,1.1713,1.0,0.960958,0.561203,0.589492,26.5388,"main_cat IN ('Camera & Photo', 'Computers', 'Cell Phones &amp; Accessories')"
1743,0.70348,19,0.38742,0.920326,post_filter,False,0.8643,1.0,0.971192,0.38742,0.925413,27.0043,"overall IN (1,5)"
1744,0.680906,18,0.38742,0.905325,post_filter,False,0.9797,1.0,0.967342,0.38742,0.911527,26.7485,"overall IN (3,5)"
1745,0.160682,1,0.561203,0.589492,post_filter,False,1.1294,1.0,0.962353,0.561203,0.626778,25.0659,"main_cat IN ('Camera & Photo', 'Computers')"
1746,0.774129,19,0.38742,0.925413,post_filter,False,0.7353,1.0,0.975492,0.38742,0.930421,25.6073,"overall IN (1,3,5)"
1747,0.836128,20,0.348678,0.899697,post_filter,False,0.8155,1.0,0.972815,0.348678,0.907008,25.3354,"overall IN (2,4,5)"
1748,0.680906,18,0.38742,0.911527,post_filter,False,0.6443,1.0,0.978524,0.38742,0.918226,25.8183,"overall IN (3,5)"
1749,0.050727,0,0.797108,0.445098,pre_filter,False,2.8555,1.0,0.904818,0.807879,0.445098,25.6056,"main_cat IN ('Computers', 'Tools & Home Improvement')"
1750,0.821657,20,0.348678,0.907008,post_filter,False,1.1306,1.0,0.962314,0.348678,0.912539,25.1923,"overall IN (1,2,3,5)"
1751,0.389743,11,0.508356,0.904572,post_filter,False,1.0558,1.0,0.964808,0.508356,0.910595,25.7095,overall<=4.0
1752,0.7886,19,0.38742,0.930421,post_filter,False,0.8895,1.0,0.970349,0.38742,0.934413,25.3373,overall>=4.0
1753,0.180604,1,0.561203,0.626778,post_filter,False,0.7009,1.0,0.976637,0.561203,0.661764,25.7081,"main_cat IN ('Camera & Photo', 'Computers', 'Cell Phones &amp; Accessories')"
1754,0.389743,11,0.508356,0.910595,post_filter,False,1.02,1.0,0.965999,0.508356,0.916136,25.3637,overall<=4.0
1755,0.859249,20,0.348678,0.912539,post_filter,False,0.8357,1.0,0.972144,0.348678,0.9185,25.3587,overall>=3.0
1756,0.248992,4,0.531397,0.910576,post_filter,False,0.8292,1.0,0.972361,0.531397,0.916754,25.3816,"overall IN (3,4)"
1757,0.881823,20,0.348678,0.9185,post_filter,False,0.8245,0.9,0.566352,0.348678,0.883285,25.6123,"overall IN (1,4,5)"
1758,0.7886,19,0.38742,0.934413,post_filter,False,0.8782,1.0,0.970726,0.38742,0.938045,25.1595,overall>=4.0
1759,0.092237,0,0.807879,0.445098,pre_filter,False,6.204,1.0,0.793199,0.806411,0.445098,26.396,main_cat='Home Audio &amp; Theater' AND overall>=3.0
1760,0.881823,20,0.348678,0.883285,post_filter,False,0.8345,1.0,0.972185,0.348678,0.892175,25.6854,"overall IN (1,4,5)"
1761,0.906777,21,1.0,0.886303,post_filter,True,0.813,1.0,0.972901,1.0,0.894963,25.5119,overall>=2.0
1762,0.859249,20,0.348678,0.892175,pre_filter,False,73.4335,1.0,0.0,0.313811,0.892175,25.5269,overall>=3.0
1763,0.859249,20,0.313811,0.892175,post_filter,False,0.8655,1.0,0.971151,0.313811,0.900072,25.1173,overall>=3.0
1764,0.339351,8,0.58919,0.806498,post_filter,False,0.9531,1.0,0.968229,0.58919,0.822672,25.6434,"main_cat IN ('Home Audio & Theater', 'Camera &amp; Photo', 'Sports & Outdoors')"
1765,0.774129,19,0.38742,0.938045,post_filter,False,0.4327,1.0,0.985578,0.38742,0.942798,25.2199,"overall IN (1,3,5)"
1766,0.610257,18,0.38742,0.918226,post_filter,False,0.8898,1.0,0.970339,0.38742,0.923438,25.032,overall>=5.0
1767,0.140751,1,0.561203,0.661764,post_filter,False,1.1514,0.6,0.009711,0.561203,0.596558,25.8737,overall<=2.0
1768,0.751008,19,0.38742,0.942798,post_filter,False,0.6627,1.0,0.97791,0.38742,0.946309,25.5401,"overall IN (1,2,5)"
1769,0.248992,4,0.531397,0.916754,post_filter,False,0.928,1.0,0.969065,0.531397,0.921985,25.2124,"overall IN (3,4)"
1770,0.210713,2,0.583029,0.73199,post_filter,False,0.8889,1.0,0.970371,0.583029,0.755828,25.2113,"main_cat IN ('Camera & Photo', 'Camera &amp; Photo')"
1771,0.230635,3,0.59514,0.705309,post_filter,False,0.9477,1.0,0.96841,0.59514,0.731619,25.2893,"main_cat IN ('Camera & Photo', 'Camera &amp; Photo', 'Cell Phones &amp; Accessories')"
1772,0.774129,19,0.38742,0.946309,post_filter,False,0.9406,1.0,0.968646,0.38742,0.948543,25.1602,"overall IN (1,3,5)"
1773,0.140751,1,0.561203,0.596558,pre_filter,False,12.1767,1.0,0.59411,0.564494,0.596558,26.0206,overall<=2.0
1774,0.7886,19,0.38742,0.948543,post_filter,False,0.6569,1.0,0.978104,0.38742,0.951499,25.565,overall>=4.0
1775,0.339351,8,0.58919,0.822672,pre_filter,False,40.4049,1.0,0.0,0.530271,0.822672,25.207,"main_cat IN ('Home Audio & Theater', 'Camera &amp; Photo', 'Sports & Outdoors')"
1776,0.859249,20,0.313811,0.900072,post_filter,False,0.8231,1.0,0.972563,0.313811,0.907321,25.4263,overall>=3.0
1777,0.319094,7,0.456372,0.894683,post_filter,False,1.0395,1.0,0.965351,0.456372,0.90175,25.3352,"overall IN (1,2,4)"
1778,0.092237,0,0.806411,0.445098,pre_filter,False,5.644,0.7,0.038303,0.7296,0.445098,25.4604,main_cat='Home Audio &amp; Theater' AND overall>=3.0
1779,0.389743,11,0.508356,0.916136,post_filter,False,0.6742,0.4,0.000171,0.508356,0.824539,25.4551,overall<=4.0
1780,0.728433,19,0.38742,0.951499,pre_filter,False,85.2482,1.0,0.0,0.348678,0.951499,25.2273,"overall IN (2,3,5)"
1781,0.610257,18,0.38742,0.923438,post_filter,False,0.9634,1.0,0.967887,0.38742,0.927883,25.2155,overall>=5.0
1782,0.70348,19,0.348678,0.951499,post_filter,False,0.3922,0.9,0.574743,0.348678,0.913823,25.167,"overall IN (1,5)"
1783,0.319094,7,0.456372,0.90175,post_filter,False,0.8515,1.0,0.971617,0.456372,0.908737,25.2653,"overall IN (1,2,4)"
1784,0.680906,18,0.38742,0.927883,post_filter,False,0.7976,1.0,0.973414,0.38742,0.932436,25.3754,"overall IN (3,5)"
1785,0.658182,18,0.38742,0.932436,post_filter,False,0.5711,1.0,0.980962,0.38742,0.937288,25.3271,verified=true AND overall>=3.0
1786,0.952472,21,1.0,0.894963,post_filter,True,0.6648,1.0,0.977839,1.0,0.903251,25.5692,"overall IN (1,3,4,5)"
1787,0.952472,21,1.0,0.903251,post_filter,True,0.8463,1.0,0.97179,1.0,0.910105,25.5224,"overall IN (1,3,4,5)"
1788,0.906777,21,1.0,0.910105,post_filter,True,0.8036,1.0,0.973213,1.0,0.916415,25.1497,overall>=2.0
1789,0.7886,19,0.348678,0.913823,post_filter,False,0.4411,1.0,0.985296,0.348678,0.920971,25.4987,overall>=4.0
1790,0.339351,8,0.530271,0.822672,post_filter,False,0.8552,1.0,0.971492,0.530271,0.837554,25.3133,"main_cat IN ('Home Audio & Theater', 'Camera &amp; Photo', 'Sports & Outdoors')"
1791,0.680906,18,0.38742,0.937288,post_filter,False,0.958,1.0,0.968068,0.38742,0.940366,25.1833,"overall IN (3,5)"
1792,0.073033,0,0.7296,0.445098,pre_filter,False,4.0782,1.0,0.864058,0.743046,0.445098,28.31,brand='Tiffen'
1793,0.859249,20,0.313811,0.907321,post_filter,False,1.746,1.0,0.941801,0.313811,0.910769,29.5166,overall>=3.0
1794,0.300422,7,0.456372,0.908737,post_filter,False,0.8091,1.0,0.973031,0.456372,0.915166,25.2715,"main_cat IN ('All Electronics', 'Books', 'Sports & Outdoors')"
1795,0.7886,19,0.348678,0.920971,post_filter,False,0.4211,1.0,0.985963,0.348678,0.92747,25.4958,overall>=4.0
1796,0.929351,21,1.0,0.916415,post_filter,True,0.4739,0.9,0.573158,1.0,0.88209,25.3201,"overall IN (1,2,4,5)"
1797,0.859249,20,0.313811,0.910769,post_filter,False,0.8265,1.0,0.972449,0.313811,0.916937,25.1804,overall>=3.0
1798,0.680906,18,0.38742,0.940366,post_filter,False,0.98,1.0,0.967333,0.38742,0.943063,25.4968,"overall IN (3,5)"
1799,0.728433,19,0.348678,0.92747,post_filter,False,0.8441,1.0,0.971864,0.348678,0.931909,25.1387,"overall IN (2,3,5)"
1800,0.751008,19,0.348678,0.931909,post_filter,False,0.9056,1.0,0.969814,0.348678,0.9357,25.471,"overall IN (1,2,5)"
1801,0.952472,21,1.0,0.88209,post_filter,True,0.8382,1.0,0.97206,1.0,0.891087,25.3442,"overall IN (1,3,4,5)"
1802,0.092237,0,0.743046,0.445098,pre_filter,False,5.82,1.0,0.806001,0.749341,0.445098,25.5017,main_cat='Home Audio &amp; Theater' AND overall>=3.0
1803,0.12068,1,0.564494,0.596558,pre_filter,False,7.0949,1.0,0.763504,0.584395,0.596558,25.2421,"main_cat IN ('Camera &amp; Photo', 'Cell Phones &amp; Accessories', 'Tools & Home Improvement')"
1804,0.836128,20,0.313811,0.916937,post_filter,False,0.7717,1.0,0.974275,0.313811,0.922671,25.3108,"overall IN (2,4,5)"
1805,0.210713,2,0.583029,0.755828,post_filter,False,1.0563,1.0,0.964792,0.583029,0.776725,25.1624,"main_cat IN ('Camera & Photo', 'Camera &amp; Photo')"
1806,0.774129,19,0.348678,0.9357,post_filter,False,0.5585,1.0,0.981382,0.348678,0.940268,25.4365,"overall IN (1,3,5)"
1807,0.774129,19,0.348678,0.940268,post_filter,False,0.9166,1.0,0.969447,0.348678,0.943186,24.9314,"overall IN (1,3,5)"
1808,0.300422,7,0.456372,0.915166,post_filter,False,0.8436,1.0,0.971879,0.456372,0.920837,25.3345,"main_cat IN ('All Electronics', 'Books', 'Sports & Outdoors')"
1809,0.160682,1,0.584395,0.596558,pre_filter,False,9.576,1.0,0.6808,0.594035,0.596558,25.2369,"main_cat IN ('Camera & Photo', 'Computers')"
1810,0.751008,19,0.348678,0.943186,post_filter,False,0.9025,1.0,0.969915,0.348678,0.945859,25.0281,"overall IN (1,2,5)"
1811,0.728433,19,0.348678,0.945859,post_filter,False,0.8007,1.0,0.97331,0.348678,0.948604,25.0313,"overall IN (2,3,5)"
1812,0.073033,0,0.749341,0.445098,pre_filter,False,3.9134,1.0,0.869554,0.761363,0.445098,26.1164,brand='Tiffen'
1813,0.70348,19,0.348678,0.948604,post_filter,False,0.9484,1.0,0.968388,0.348678,0.950582,25.2243,"overall IN (1,5)"
1814,0.751008,19,0.348678,0.950582,post_filter,False,0.442,1.0,0.985267,0.348678,0.954051,25.0811,"overall IN (1,2,5)"
1815,0.774129,19,0.348678,0.954051,post_filter,False,0.8301,1.0,0.972331,0.348678,0.955879,24.971,"overall IN (1,3,5)"
1816,0.751008,19,0.348678,0.955879,post_filter,False,0.6334,1.0,0.978886,0.348678,0.958179,25.2612,"overall IN (1,2,5)"
1817,0.319094,7,0.456372,0.920837,post_filter,False,0.709,1.0,0.976365,0.456372,0.92639,25.3372,"overall IN (1,2,4)"
1818,0.836128,20,0.313811,0.922671,post_filter,False,0.9475,0.9,0.563964,0.313811,0.8868,24.9772,"overall IN (2,4,5)"
1819,0.270385,5,0.560007,0.734565,post_filter,False,0.8985,1.0,0.970049,0.560007,0.758113,25.176,"main_cat IN ('Home Audio & Theater', 'Books', 'Tools & Home Improvement')"
1820,0.859249,20,0.313811,0.8868,post_filter,False,0.6897,1.0,0.977011,0.313811,0.895821,25.4178,overall>=3.0
1821,0.339351,8,0.530271,0.837554,post_filter,False,0.748,1.0,0.975068,0.530271,0.851305,25.0535,"main_cat IN ('Home Audio & Theater', 'Camera &amp; Photo', 'Sports & Outdoors')"
1822,0.12068,1,0.594035,0.596558,pre_filter,False,6.9238,1.0,0.769206,0.611552,0.596558,25.1619,"main_cat IN ('Camera &amp; Photo', 'Cell Phones &amp; Accessories', 'Tools & Home Improvement')"
1823,0.050727,0,0.761363,0.445098,pre_filter,False,2.9314,1.0,0.902287,0.775455,0.445098,25.836,"main_cat IN ('Computers', 'Tools & Home Improvement')"
1824,0.12068,1,0.611552,0.596558,pre_filter,False,7.0304,1.0,0.765653,0.626962,0.596558,25.3526,"main_cat IN ('Camera &amp; Photo', 'Cell Phones &amp; Accessories', 'Tools & Home Improvement')"
1825,0.230635,3,0.59514,0.731619,pre_filter,False,20.8435,1.0,0.305215,0.566148,0.731619,24.984,"main_cat IN ('Camera & Photo', 'Camera &amp; Photo', 'Cell Phones &amp; Accessories')"
1826,0.210713,2,0.583029,0.776725,post_filter,False,1.0578,1.0,0.96474,0.583029,0.795526,25.168,"main_cat IN ('Camera & Photo', 'Camera &amp; Photo')"
1827,0.658182,18,0.38742,0.943063,post_filter,False,0.4109,1.0,0.986304,0.38742,0.947387,25.471,verified=true AND overall>=3.0
1828,0.821657,20,0.313811,0.895821,post_filter,False,1.0372,1.0,0.965428,0.313811,0.902782,25.1568,"overall IN (1,2,3,5)"
1829,0.658182,18,0.38742,0.947387,post_filter,False,0.4495,1.0,0.985015,0.38742,0.95115,25.7662,verified=true AND overall>=3.0
1830,0.680906,18,0.38742,0.95115,post_filter,False,0.9563,1.0,0.968122,0.38742,0.952847,25.2473,"overall IN (3,5)"
1831,0.70348,19,0.348678,0.958179,post_filter,False,1.0215,1.0,0.965951,0.348678,0.958957,25.1427,"overall IN (1,5)"
1832,0.7886,19,0.348678,0.958957,post_filter,False,0.9705,1.0,0.96765,0.348678,0.959826,25.2344,overall>=4.0
1833,0.70348,19,0.348678,0.959826,post_filter,False,0.993,1.0,0.9669,0.348678,0.960533,25.3397,"overall IN (1,5)"
1834,0.210713,2,0.583029,0.795526,pre_filter,False,11.6106,1.0,0.612979,0.586024,0.795526,25.3105,"main_cat IN ('Camera & Photo', 'Camera &amp; Photo')"
1835,0.389743,11,0.508356,0.824539,post_filter,False,0.6069,1.0,0.979771,0.508356,0.840062,25.4806,overall<=4.0
1836,0.300422,7,0.456372,0.92639,post_filter,False,0.9149,1.0,0.969504,0.456372,0.930702,25.1206,"main_cat IN ('All Electronics', 'Books', 'Sports & Outdoors')"
1837,0.319094,7,0.456372,0.930702,post_filter,False,0.1625,0.1,0.0,0.456372,0.837631,25.2509,"overall IN (1,2,4)"
1838,0.389743,11,0.508356,0.840062,post_filter,False,0.8635,1.0,0.971215,0.508356,0.853178,25.1102,overall<=4.0
1839,0.836128,20,0.313811,0.902782,post_filter,False,0.9511,1.0,0.968296,0.313811,0.909333,25.1472,"overall IN (2,4,5)"
1840,0.774129,19,0.348678,0.960533,post_filter,False,0.6216,1.0,0.979281,0.348678,0.962408,25.2377,"overall IN (1,3,5)"
1841,0.70348,19,0.348678,0.962408,post_filter,False,0.6148,1.0,0.979506,0.348678,0.964118,25.3725,"overall IN (1,5)"
1842,0.7886,19,0.348678,0.964118,post_filter,False,0.7162,0.9,0.568454,0.348678,0.924551,25.433,overall>=4.0
1843,0.658182,18,0.38742,0.952847,post_filter,False,1.0843,1.0,0.963856,0.38742,0.953948,25.2463,verified=true AND overall>=3.0
1844,0.140751,1,0.626962,0.596558,post_filter,False,1.262,0.0,0.0,0.626962,0.536903,28.7832,overall<=2.0
1845,0.300422,7,0.456372,0.837631,post_filter,False,0.8044,1.0,0.973186,0.456372,0.851187,25.2202,"main_cat IN ('All Electronics', 'Books', 'Sports & Outdoors')"
1846,0.050727,0,0.775455,0.445098,pre_filter,False,2.8135,1.0,0.906217,0.788531,0.445098,25.2308,"main_cat IN ('Computers', 'Tools & Home Improvement')"
1847,0.610257,18,0.38742,0.953948,post_filter,False,0.7737,0.9,0.567338,0.38742,0.915287,25.7387,overall>=5.0
1848,0.12068,1,0.626962,0.536903,post_filter,False,0.4633,1.0,0.984557,0.626962,0.581668,25.4631,"main_cat IN ('Camera &amp; Photo', 'Cell Phones &amp; Accessories', 'Tools & Home Improvement')"
1849,0.248992,4,0.531397,0.921985,post_filter,False,0.7863,1.0,0.973789,0.531397,0.927166,25.4945,"overall IN (3,4)"
1850,0.339351,8,0.530271,0.851305,post_filter,False,1.1142,1.0,0.96286,0.530271,0.86246,25.4091,"main_cat IN ('Home Audio & Theater', 'Camera &amp; Photo', 'Sports & Outdoors')"
1851,0.952472,21,1.0,0.891087,post_filter,True,0.7625,0.9,0.567554,1.0,0.858733,25.0136,"overall IN (1,3,4,5)"
1852,0.092237,0,0.788531,0.445098,pre_filter,False,5.5958,1.0,0.813472,0.791025,0.445098,25.9,main_cat='Home Audio &amp; Theater' AND overall>=3.0
1853,0.12068,1,0.626962,0.581668,pre_filter,False,6.918,1.0,0.769401,0.641206,0.581668,25.4516,"main_cat IN ('Camera &amp; Photo', 'Cell Phones &amp; Accessories', 'Tools & Home Improvement')"
1854,0.881823,20,0.313811,0.909333,post_filter,False,0.9348,1.0,0.96884,0.313811,0.915284,25.0952,"overall IN (1,4,5)"
1855,0.821657,20,0.313811,0.915284,post_filter,False,0.7851,1.0,0.973829,0.313811,0.921139,25.2692,"overall IN (1,2,3,5)"
1856,0.140751,1,0.641206,0.581668,post_filter,False,1.3355,0.8,0.171351,0.641206,0.540636,25.6259,overall<=2.0
1857,0.300422,7,0.456372,0.851187,post_filter,False,0.9332,1.0,0.968893,0.456372,0.862958,25.1045,"main_cat IN ('All Electronics', 'Books', 'Sports & Outdoors')"
1858,0.248992,4,0.531397,0.927166,post_filter,False,0.8949,1.0,0.970171,0.531397,0.931466,25.367,"overall IN (3,4)"
1859,0.270385,5,0.560007,0.758113,post_filter,False,0.8366,1.0,0.972114,0.560007,0.779513,25.32,"main_cat IN ('Home Audio & Theater', 'Books', 'Tools & Home Improvement')"
1860,0.389743,11,0.508356,0.853178,post_filter,False,0.5494,0.9,0.571692,0.508356,0.825029,25.2209,overall<=4.0
1861,0.859249,20,0.313811,0.921139,post_filter,False,0.9053,1.0,0.969825,0.313811,0.926007,25.2921,overall>=3.0
1862,0.180604,1,0.641206,0.540636,pre_filter,False,12.7798,1.0,0.574006,0.634486,0.540636,25.3611,"main_cat IN ('Camera & Photo', 'Computers', 'Cell Phones &amp; Accessories')"
1863,0.658182,18,0.38742,0.915287,post_filter,False,0.4165,1.0,0.986117,0.38742,0.92237,25.3624,verified=true AND overall>=3.0
1864,0.610257,18,0.38742,0.92237,post_filter,False,0.5555,1.0,0.981485,0.38742,0.928282,25.3005,overall>=5.0
1865,0.300422,7,0.456372,0.862958,post_filter,False,0.8213,1.0,0.972622,0.456372,0.873924,25.4363,"main_cat IN ('All Electronics', 'Books', 'Sports & Outdoors')"
1866,0.610257,18,0.38742,0.928282,post_filter,False,0.4944,1.0,0.983519,0.38742,0.933805,25.4143,overall>=5.0
1867,0.12068,1,0.634486,0.540636,post_filter,False,0.8738,0.7,0.045804,0.634486,0.491153,25.4265,"main_cat IN ('Camera &amp; Photo', 'Cell Phones &amp; Accessories', 'Tools & Home Improvement')"
1868,0.389743,11,0.508356,0.825029,post_filter,False,0.9238,1.0,0.969207,0.508356,0.839447,25.3187,overall<=4.0
1869,0.821657,20,0.313811,0.926007,post_filter,False,0.1373,0.0,0.0,0.313811,0.833407,25.4437,"overall IN (1,2,3,5)"
1870,0.7886,19,0.348678,0.924551,post_filter,False,0.8279,1.0,0.972404,0.348678,0.929337,25.4135,overall>=4.0
1871,0.389743,11,0.508356,0.839447,post_filter,False,0.9178,0.9,0.564541,0.508356,0.811956,25.9576,overall<=4.0
1872,0.270385,5,0.560007,0.779513,post_filter,False,1.0417,1.0,0.965275,0.560007,0.798089,25.3475,"main_cat IN ('Home Audio & Theater', 'Books', 'Tools & Home Improvement')"
1873,0.092237,0,0.791025,0.445098,pre_filter,False,5.5158,1.0,0.81614,0.793537,0.445098,25.1051,main_cat='Home Audio &amp; Theater' AND overall>=3.0
1874,0.248992,4,0.531397,0.931466,post_filter,False,0.4438,1.0,0.985206,0.531397,0.93684,25.4824,"overall IN (3,4)"
1875,0.073033,0,0.793537,0.445098,pre_filter,False,3.9356,1.0,0.868812,0.801064,0.445098,25.2416,brand='Tiffen'
1876,0.859249,20,0.313811,0.833407,post_filter,False,0.4725,1.0,0.98425,0.313811,0.848491,25.1615,overall>=3.0
1877,0.7886,19,0.348678,0.929337,post_filter,False,0.8986,1.0,0.970046,0.348678,0.933408,25.2014,overall>=4.0
1878,0.12068,1,0.634486,0.491153,pre_filter,False,6.9609,1.0,0.767969,0.647835,0.491153,25.2514,"main_cat IN ('Camera &amp; Photo', 'Cell Phones &amp; Accessories', 'Tools & Home Improvement')"
1879,0.050727,0,0.801064,0.445098,pre_filter,False,2.7937,1.0,0.906878,0.811646,0.445098,25.4647,"main_cat IN ('Computers', 'Tools & Home Improvement')"
1880,0.906777,21,1.0,0.858733,post_filter,True,0.7675,0.9,0.567459,1.0,0.829606,25.1318,overall>=2.0
1881,0.270385,5,0.560007,0.798089,post_filter,False,0.6445,1.0,0.978515,0.560007,0.816132,25.1847,"main_cat IN ('Home Audio & Theater', 'Books', 'Tools & Home Improvement')"
1882,0.751008,19,0.348678,0.933408,post_filter,False,0.6796,1.0,0.977347,0.348678,0.937802,25.0288,"overall IN (1,2,5)"
1883,0.12068,1,0.647835,0.491153,pre_filter,False,7.0118,1.0,0.766272,0.659678,0.491153,25.162,"main_cat IN ('Camera &amp; Photo', 'Cell Phones &amp; Accessories', 'Tools & Home Improvement')"
1884,0.774129,19,0.348678,0.937802,post_filter,False,0.8924,1.0,0.970254,0.348678,0.941047,25.1274,"overall IN (1,3,5)"
1885,0.859249,20,0.313811,0.848491,post_filter,False,0.927,1.0,0.969101,0.313811,0.860552,24.9586,overall>=3.0
1886,0.160682,1,0.659678,0.491153,pre_filter,False,9.2928,1.0,0.690239,0.662734,0.491153,25.2624,"main_cat IN ('Camera & Photo', 'Computers')"
1887,0.952472,21,1.0,0.829606,post_filter,True,0.8741,1.0,0.970864,1.0,0.843732,25.2223,"overall IN (1,3,4,5)"
1888,0.821657,20,0.313811,0.860552,post_filter,False,0.5977,1.0,0.980076,0.313811,0.872504,25.186,"overall IN (1,2,3,5)"
1889,0.210713,2,0.586024,0.795526,post_filter,False,0.4925,0.9,0.572797,0.586024,0.773253,25.2463,"main_cat IN ('Camera & Photo', 'Camera &amp; Photo')"
1890,0.658182,18,0.38742,0.933805,post_filter,False,0.9115,1.0,0.969615,0.38742,0.937386,25.4103,verified=true AND overall>=3.0
1891,0.160682,1,0.662734,0.491153,pre_filter,False,9.1502,1.0,0.694994,0.66596,0.491153,26.9385,"main_cat IN ('Camera & Photo', 'Computers')"
1892,0.680906,18,0.38742,0.937386,post_filter,False,1.3017,0.6,0.009661,0.38742,0.844614,31.504,"overall IN (3,5)"
1893,0.160682,1,0.66596,0.491153,pre_filter,False,9.3162,1.0,0.68946,0.66831,0.491153,25.0328,"main_cat IN ('Camera & Photo', 'Computers')"
1894,0.270385,5,0.560007,0.816132,post_filter,False,0.7992,1.0,0.97336,0.560007,0.831855,25.3493,"main_cat IN ('Home Audio & Theater', 'Books', 'Tools & Home Improvement')"
1895,0.680906,18,0.38742,0.844614,post_filter,False,0.8126,1.0,0.972914,0.38742,0.857444,25.4759,"overall IN (3,5)"
1896,0.339351,8,0.530271,0.86246,post_filter,False,0.7219,1.0,0.975936,0.530271,0.873808,25.1959,"main_cat IN ('Home Audio & Theater', 'Camera &amp; Photo', 'Sports & Outdoors')"
1897,0.389743,11,0.508356,0.811956,post_filter,False,0.796,1.0,0.973468,0.508356,0.828107,25.261,overall<=4.0
1898,0.210713,2,0.586024,0.773253,post_filter,False,0.9418,0.9,0.564075,0.586024,0.752336,25.4065,"main_cat IN ('Camera & Photo', 'Camera &amp; Photo')"
1899,0.859249,20,0.313811,0.872504,post_filter,False,0.7578,1.0,0.974739,0.313811,0.882728,25.0794,overall>=3.0
1900,0.319094,7,0.456372,0.873924,post_filter,False,1.0285,1.0,0.965718,0.456372,0.883103,25.0158,"overall IN (1,2,4)"
1901,0.751008,19,0.348678,0.941047,post_filter,False,0.5939,1.0,0.980204,0.348678,0.944963,25.0335,"overall IN (1,2,5)"
1902,0.160682,1,0.66831,0.491153,pre_filter,False,9.2011,1.0,0.693297,0.670809,0.491153,25.076,"main_cat IN ('Camera & Photo', 'Computers')"
1903,0.160682,1,0.670809,0.491153,pre_filter,False,9.3871,1.0,0.687097,0.672438,0.491153,25.2171,"main_cat IN ('Camera & Photo', 'Computers')"
1904,0.751008,19,0.348678,0.944963,post_filter,False,0.9219,1.0,0.969271,0.348678,0.947393,25.1895,"overall IN (1,2,5)"
1905,0.774129,19,0.348678,0.947393,post_filter,False,0.8703,1.0,0.970989,0.348678,0.949753,25.5139,"overall IN (1,3,5)"
1906,0.339351,8,0.530271,0.873808,post_filter,False,0.8791,1.0,0.970697,0.530271,0.883497,25.1855,"main_cat IN ('Home Audio & Theater', 'Camera &amp; Photo', 'Sports & Outdoors')"
1907,0.319094,7,0.456372,0.883103,post_filter,False,0.6859,1.0,0.977138,0.456372,0.892507,25.4931,"overall IN (1,2,4)"
1908,0.050727,0,0.811646,0.445098,pre_filter,False,2.8074,1.0,0.906419,0.821123,0.445098,25.5075,"main_cat IN ('Computers', 'Tools & Home Improvement')"
1909,0.821657,20,0.313811,0.882728,post_filter,False,0.896,1.0,0.970132,0.313811,0.891468,25.3777,"overall IN (1,2,3,5)"
1910,0.728433,19,0.348678,0.949753,post_filter,False,0.9046,1.0,0.969846,0.348678,0.951762,25.3395,"overall IN (2,3,5)"
1911,0.929351,21,1.0,0.843732,post_filter,True,0.552,1.0,0.981599,1.0,0.857518,25.2599,"overall IN (1,2,4,5)"
1912,0.180604,1,0.672438,0.491153,pre_filter,False,10.2734,1.0,0.657553,0.670949,0.491153,25.1913,"main_cat IN ('Camera & Photo', 'Computers', 'Cell Phones &amp; Accessories')"
1913,0.389743,11,0.508356,0.828107,post_filter,False,0.7478,1.0,0.975072,0.508356,0.842804,25.2622,overall<=4.0
1914,0.70348,19,0.348678,0.951762,post_filter,False,0.6163,1.0,0.979456,0.348678,0.954532,25.3716,"overall IN (1,5)"
1915,0.339351,8,0.530271,0.883497,post_filter,False,0.7512,1.0,0.974961,0.530271,0.892643,25.4228,"main_cat IN ('Home Audio & Theater', 'Camera &amp; Photo', 'Sports & Outdoors')"
1916,0.319094,7,0.456372,0.892507,post_filter,False,1.0525,1.0,0.964917,0.456372,0.899748,25.1413,"overall IN (1,2,4)"
1917,0.050727,0,0.821123,0.445098,post_filter,False,0.3917,0.8,0.176993,0.821123,0.418287,25.3049,"main_cat IN ('Computers', 'Tools & Home Improvement')"
1918,0.7886,19,0.348678,0.954532,post_filter,False,0.8148,1.0,0.972839,0.348678,0.956362,25.5619,overall>=4.0
1919,0.180604,1,0.670949,0.491153,pre_filter,False,10.2882,1.0,0.657058,0.66956,0.491153,25.1699,"main_cat IN ('Camera & Photo', 'Computers', 'Cell Phones &amp; Accessories')"
1920,0.180604,1,0.66956,0.491153,pre_filter,False,10.256,1.0,0.658132,0.668417,0.491153,25.4533,"main_cat IN ('Camera & Photo', 'Computers', 'Cell Phones &amp; Accessories')"
1921,0.230635,3,0.566148,0.731619,post_filter,False,0.8084,1.0,0.973053,0.566148,0.755763,25.4174,"main_cat IN ('Camera & Photo', 'Camera &amp; Photo', 'Cell Phones &amp; Accessories')"
1922,0.836128,20,0.313811,0.891468,post_filter,False,0.6069,1.0,0.979769,0.313811,0.900298,25.323,"overall IN (2,4,5)"
1923,0.7886,19,0.348678,0.956362,post_filter,False,0.6934,1.0,0.976887,0.348678,0.958415,25.3098,overall>=4.0
1924,0.859249,20,0.313811,0.900298,post_filter,False,0.7225,1.0,0.975918,0.313811,0.90786,25.397,overall>=3.0
1925,0.859249,20,0.313811,0.90786,post_filter,False,0.8907,1.0,0.97031,0.313811,0.914105,25.1745,overall>=3.0
1926,0.092237,0,0.821123,0.418287,pre_filter,False,5.7065,1.0,0.809782,0.819989,0.418287,25.469,main_cat='Home Audio &amp; Theater' AND overall>=3.0
1927,0.70348,19,0.348678,0.958415,post_filter,False,0.9515,1.0,0.968285,0.348678,0.959402,25.1337,"overall IN (1,5)"
1928,0.12068,1,0.668417,0.491153,pre_filter,False,7.0644,1.0,0.764521,0.678028,0.491153,25.3112,"main_cat IN ('Camera &amp; Photo', 'Cell Phones &amp; Accessories', 'Tools & Home Improvement')"
1929,0.859249,20,0.313811,0.914105,post_filter,False,0.8209,1.0,0.972638,0.313811,0.919959,25.3743,overall>=3.0
1930,0.906777,21,1.0,0.857518,post_filter,True,0.8916,1.0,0.970281,1.0,0.868795,25.0944,overall>=2.0
1931,0.680906,18,0.38742,0.857444,post_filter,False,0.8568,1.0,0.971439,0.38742,0.868843,25.1384,"overall IN (3,5)"
1932,0.160682,1,0.678028,0.491153,pre_filter,False,9.2153,1.0,0.692822,0.679507,0.491153,25.1965,"main_cat IN ('Camera & Photo', 'Computers')"
1933,0.300422,7,0.456372,0.899748,post_filter,False,0.8017,1.0,0.973278,0.456372,0.907101,25.5624,"main_cat IN ('All Electronics', 'Books', 'Sports & Outdoors')"
1934,0.270385,5,0.560007,0.831855,post_filter,False,0.9704,1.0,0.967654,0.560007,0.845435,25.1963,"main_cat IN ('Home Audio & Theater', 'Books', 'Tools & Home Improvement')"
1935,0.180604,1,0.679507,0.491153,pre_filter,False,10.2383,1.0,0.658722,0.677429,0.491153,25.1474,"main_cat IN ('Camera & Photo', 'Computers', 'Cell Phones &amp; Accessories')"
1936,0.389743,11,0.508356,0.842804,post_filter,False,0.8569,1.0,0.971437,0.508356,0.855667,24.9565,overall<=4.0
1937,0.12068,1,0.677429,0.491153,pre_filter,False,7.0819,1.0,0.763936,0.686079,0.491153,25.2901,"main_cat IN ('Camera &amp; Photo', 'Cell Phones &amp; Accessories', 'Tools & Home Improvement')"
1938,0.230635,3,0.566148,0.755763,post_filter,False,0.8705,1.0,0.970982,0.566148,0.777285,24.9824,"main_cat IN ('Camera & Photo', 'Camera &amp; Photo', 'Cell Phones &amp; Accessories')"
1939,0.774129,19,0.348678,0.959402,post_filter,False,0.818,1.0,0.972733,0.348678,0.960735,25.0399,"overall IN (1,3,5)"
1940,0.906777,21,1.0,0.868795,post_filter,True,0.7312,1.0,0.975626,1.0,0.879478,25.0817,overall>=2.0
1941,0.610257,18,0.38742,0.868843,post_filter,False,0.863,1.0,0.971233,0.38742,0.879082,25.2901,overall>=5.0
1942,0.658182,18,0.38742,0.879082,post_filter,False,0.9623,1.0,0.967924,0.38742,0.887966,25.2911,verified=true AND overall>=3.0
1943,0.751008,19,0.348678,0.960735,post_filter,False,0.8031,1.0,0.973231,0.348678,0.961985,25.16,"overall IN (1,2,5)"
1944,0.270385,5,0.560007,0.845435,post_filter,False,0.8458,1.0,0.971807,0.560007,0.858072,25.2545,"main_cat IN ('Home Audio & Theater', 'Books', 'Tools & Home Improvement')"
1945,0.728433,19,0.348678,0.961985,post_filter,False,0.7207,1.0,0.975978,0.348678,0.963384,24.9727,"overall IN (2,3,5)"
1946,0.319094,7,0.456372,0.907101,post_filter,False,0.5988,1.0,0.980039,0.456372,0.914395,25.7661,"overall IN (1,2,4)"
1947,0.728433,19,0.348678,0.963384,post_filter,False,0.8881,1.0,0.970397,0.348678,0.964085,25.8993,"overall IN (2,3,5)"
1948,0.319094,7,0.456372,0.914395,post_filter,False,0.8785,1.0,0.970717,0.456372,0.920027,25.7257,"overall IN (1,2,4)"
1949,0.70348,19,0.348678,0.964085,post_filter,False,0.865,1.0,0.971167,0.348678,0.964793,25.4582,"overall IN (1,5)"
1950,0.12068,1,0.686079,0.491153,pre_filter,False,7.0505,1.0,0.764983,0.69397,0.491153,25.3509,"main_cat IN ('Camera &amp; Photo', 'Cell Phones &amp; Accessories', 'Tools & Home Improvement')"
1951,0.300422,7,0.456372,0.920027,post_filter,False,0.8833,1.0,0.970556,0.456372,0.92508,25.496,"main_cat IN ('All Electronics', 'Books', 'Sports & Outdoors')"
1952,0.300422,7,0.456372,0.92508,post_filter,False,0.589,1.0,0.980367,0.456372,0.930608,25.4157,"main_cat IN ('All Electronics', 'Books', 'Sports & Outdoors')"
1953,0.906777,21,1.0,0.879478,post_filter,True,0.3915,0.9,0.574757,1.0,0.849006,25.4242,overall>=2.0
1954,0.389743,11,0.508356,0.855667,post_filter,False,0.9098,1.0,0.969672,0.508356,0.867068,25.3972,overall<=4.0
1955,0.728433,19,0.348678,0.964793,post_filter,False,0.9342,1.0,0.968861,0.348678,0.9652,25.6043,"overall IN (2,3,5)"
1956,0.160682,1,0.69397,0.491153,pre_filter,False,9.1896,1.0,0.693681,0.693941,0.491153,25.6568,"main_cat IN ('Camera & Photo', 'Computers')"
1957,0.881823,20,0.313811,0.919959,post_filter,False,0.2941,0.7,0.046716,0.313811,0.832634,25.284,"overall IN (1,4,5)"
1958,0.774129,19,0.348678,0.9652,post_filter,False,0.8102,1.0,0.972994,0.348678,0.96598,25.0577,"overall IN (1,3,5)"
1959,0.7886,19,0.348678,0.96598,post_filter,False,0.9145,1.0,0.969518,0.348678,0.966333,25.2501,overall>=4.0
1960,0.859249,20,0.313811,0.832634,post_filter,False,0.7539,1.0,0.974871,0.313811,0.846858,25.4747,overall>=3.0
1961,0.248992,4,0.531397,0.93684,post_filter,False,0.943,1.0,0.968568,0.531397,0.940013,25.1152,"overall IN (3,4)"
1962,0.952472,21,1.0,0.849006,post_filter,True,0.7273,1.0,0.975757,1.0,0.861681,25.4225,"overall IN (1,3,4,5)"
1963,0.728433,19,0.348678,0.966333,post_filter,False,0.774,1.0,0.974199,0.348678,0.96712,25.525,"overall IN (2,3,5)"
1964,0.70348,19,0.348678,0.96712,post_filter,False,0.2733,0.0,0.0,0.348678,0.870408,25.2609,"overall IN (1,5)"
1965,0.092237,0,0.819989,0.418287,pre_filter,False,5.5877,1.0,0.813744,0.819365,0.418287,25.2567,main_cat='Home Audio &amp; Theater' AND overall>=3.0
1966,0.774129,19,0.348678,0.870408,post_filter,False,0.8202,1.0,0.972658,0.348678,0.880633,25.4094,"overall IN (1,3,5)"
1967,0.140751,1,0.693941,0.491153,pre_filter,False,12.1622,1.0,0.594594,0.684006,0.491153,25.3174,overall<=2.0
1968,0.270385,5,0.560007,0.858072,post_filter,False,0.8093,1.0,0.973022,0.560007,0.869567,25.1674,"main_cat IN ('Home Audio & Theater', 'Books', 'Tools & Home Improvement')"
1969,0.12068,1,0.684006,0.491153,pre_filter,False,7.1383,1.0,0.762057,0.691811,0.491153,25.2596,"main_cat IN ('Camera &amp; Photo', 'Cell Phones &amp; Accessories', 'Tools & Home Improvement')"
1970,0.210713,2,0.586024,0.752336,post_filter,False,1.1979,0.7,0.045295,0.586024,0.681631,25.41,"main_cat IN ('Camera & Photo', 'Camera &amp; Photo')"
1971,0.248992,4,0.531397,0.940013,post_filter,False,0.878,1.0,0.970733,0.531397,0.943085,25.256,"overall IN (3,4)"
1972,0.12068,1,0.691811,0.491153,pre_filter,False,7.1055,1.0,0.76315,0.698945,0.491153,25.448,"main_cat IN ('Camera &amp; Photo', 'Cell Phones &amp; Accessories', 'Tools & Home Improvement')"
1973,0.160682,1,0.698945,0.491153,post_filter,False,0.9459,0.8,0.17368,0.698945,0.459406,25.2966,"main_cat IN ('Camera & Photo', 'Computers')"
1974,0.300422,7,0.456372,0.930608,post_filter,False,1.03,1.0,0.965667,0.456372,0.934114,25.5214,"main_cat IN ('All Electronics', 'Books', 'Sports & Outdoors')"
1975,0.7886,19,0.348678,0.880633,post_filter,False,1.0438,1.0,0.965208,0.348678,0.889091,25.3371,overall>=4.0
1976,0.140751,1,0.698945,0.459406,pre_filter,False,12.0802,1.0,0.597326,0.688783,0.459406,25.5654,overall<=2.0
1977,0.658182,18,0.38742,0.887966,post_filter,False,0.8495,1.0,0.971685,0.38742,0.896338,25.2423,verified=true AND overall>=3.0
1978,0.319094,7,0.456372,0.934114,post_filter,False,0.8348,1.0,0.972172,0.456372,0.93792,25.4326,"overall IN (1,2,4)"
1979,0.339351,8,0.530271,0.892643,post_filter,False,0.8658,1.0,0.97114,0.530271,0.900493,25.2848,"main_cat IN ('Home Audio & Theater', 'Camera &amp; Photo', 'Sports & Outdoors')"
1980,0.728433,19,0.348678,0.889091,post_filter,False,0.8973,1.0,0.97009,0.348678,0.89719,25.1797,"overall IN (2,3,5)"
1981,0.140751,1,0.688783,0.459406,pre_filter,False,12.0316,1.0,0.598947,0.6798,0.459406,26.6888,overall<=2.0
1982,0.70348,19,0.348678,0.89719,post_filter,False,0.7152,1.0,0.976158,0.348678,0.905087,25.3607,"overall IN (1,5)"
1983,0.319094,7,0.456372,0.93792,post_filter,False,0.9134,1.0,0.969554,0.456372,0.941083,25.1988,"overall IN (1,2,4)"
1984,0.339351,8,0.530271,0.900493,post_filter,False,0.8139,1.0,0.972869,0.530271,0.907731,25.4065,"main_cat IN ('Home Audio & Theater', 'Camera &amp; Photo', 'Sports & Outdoors')"
1985,0.160682,1,0.6798,0.459406,pre_filter,False,9.2281,1.0,0.692396,0.681059,0.459406,25.398,"main_cat IN ('Camera & Photo', 'Computers')"
1986,0.610257,18,0.38742,0.896338,post_filter,False,0.8073,1.0,0.973089,0.38742,0.904013,25.119,overall>=5.0
1987,0.751008,19,0.348678,0.905087,post_filter,False,0.659,1.0,0.978033,0.348678,0.912382,25.1856,"overall IN (1,2,5)"
1988,0.680906,18,0.38742,0.904013,post_filter,False,0.9812,1.0,0.967293,0.38742,0.910341,25.3221,"overall IN (3,5)"
1989,0.7886,19,0.348678,0.912382,post_filter,False,0.6771,1.0,0.977429,0.348678,0.918887,25.0068,overall>=4.0
1990,0.952472,21,1.0,0.861681,post_filter,True,0.8512,1.0,0.971625,1.0,0.872675,25.2163,"overall IN (1,3,4,5)"
1991,0.751008,19,0.348678,0.918887,post_filter,False,0.876,1.0,0.970799,0.348678,0.924078,25.2409,"overall IN (1,2,5)"
1992,0.952472,21,1.0,0.872675,post_filter,True,0.3615,1.0,0.987949,1.0,0.884203,25.3453,"overall IN (1,3,4,5)"
1993,0.160682,1,0.681059,0.459406,pre_filter,False,9.3357,1.0,0.68881,0.681834,0.459406,25.313,"main_cat IN ('Camera & Photo', 'Computers')"
1994,0.680906,18,0.38742,0.910341,post_filter,False,0.6682,1.0,0.977728,0.38742,0.91708,25.0557,"overall IN (3,5)"
1995,0.160682,1,0.681834,0.459406,pre_filter,False,9.1506,1.0,0.694981,0.683149,0.459406,25.005,"main_cat IN ('Camera & Photo', 'Computers')"
1996,0.610257,18,0.38742,0.91708,post_filter,False,0.9186,1.0,0.969381,0.38742,0.92231,25.1487,overall>=5.0
1997,0.248992,4,0.531397,0.943085,post_filter,False,0.7238,1.0,0.975872,0.531397,0.946364,25.2791,"overall IN (3,4)"
1998,0.140751,1,0.683149,0.459406,pre_filter,False,12.0647,1.0,0.597843,0.674618,0.459406,25.2543,overall<=2.0
1999,0.160682,1,0.674618,0.459406,pre_filter,False,9.166,1.0,0.694465,0.676603,0.459406,25.3895,"main_cat IN ('Camera & Photo', 'Computers')"
2000,0.270385,5,0.560007,0.869567,post_filter,False,1.0808,0.9,0.561377,0.560007,0.838748,25.3759,"main_cat IN ('Home Audio & Theater', 'Books', 'Tools & Home Improvement')"
