episode,selectivity,bucket_id,q_pre_before,q_post_before,chosen_strategy,was_guardrail,latency_ms,recall,reward,q_pre_after,q_post_after,gt_latency_ms,filter_name
1,0.859249,20,1.0,1.0,post_filter,False,0.8123,1.0,0.972925,1.0,0.997292,25.0325,overall>=3.0
2,0.728433,19,1.0,1.0,post_filter,False,1.0446,1.0,0.965181,1.0,0.996518,25.0749,"overall IN (2,3,5)"
3,0.140751,1,1.0,1.0,pre_filter,False,20.4581,0.4,5.6e-05,0.900006,1.0,26.919,overall<=2.0
4,0.906777,21,1.0,1.0,post_filter,True,0.861,1.0,0.971299,1.0,0.99713,25.1087,overall>=2.0
5,0.230635,3,1.0,1.0,pre_filter,False,39.2927,1.0,0.0,0.9,1.0,25.1453,"main_cat IN ('Camera & Photo', 'Camera &amp; Photo', 'Cell Phones &amp; Accessories')"
6,0.073033,0,1.0,1.0,pre_filter,False,11.3845,0.5,0.001012,0.900101,1.0,26.3456,brand='Tiffen'
7,0.751008,19,1.0,0.996518,pre_filter,False,98.2785,1.0,0.0,0.9,0.996518,25.0169,"overall IN (1,2,5)"
8,0.610257,18,1.0,1.0,pre_filter,False,59.8667,1.0,0.0,0.9,1.0,25.4375,overall>=5.0
9,0.906777,21,1.0,0.99713,post_filter,True,0.9425,1.0,0.968583,1.0,0.994275,25.6578,overall>=2.0
10,0.300422,7,1.0,1.0,pre_filter,False,53.1043,1.0,0.0,0.9,1.0,25.4363,"main_cat IN ('All Electronics', 'Books', 'Sports & Outdoors')"
11,0.680906,18,0.9,1.0,post_filter,False,0.8738,1.0,0.970872,0.9,0.997087,24.841,"overall IN (3,5)"
12,0.952472,21,1.0,0.994275,post_filter,True,0.8954,1.0,0.970154,1.0,0.991863,24.9399,"overall IN (1,3,4,5)"
13,0.12068,1,0.900006,1.0,post_filter,False,0.8723,0.9,0.565423,0.900006,0.956542,25.1488,"main_cat IN ('Camera &amp; Photo', 'Cell Phones &amp; Accessories', 'Tools & Home Improvement')"
14,0.7886,19,0.9,0.996518,pre_filter,False,55.9073,1.0,0.0,0.81,0.996518,24.9635,overall>=4.0
15,0.906777,21,1.0,0.991863,post_filter,True,0.5593,1.0,0.981356,1.0,0.990812,25.3102,overall>=2.0
16,0.658182,18,0.9,0.997087,post_filter,False,0.5225,1.0,0.982583,0.9,0.995637,25.156,verified=true AND overall>=3.0
17,0.906777,21,1.0,0.990812,post_filter,True,0.9356,1.0,0.968814,1.0,0.988613,25.1852,overall>=2.0
18,0.12068,1,0.900006,0.956542,pre_filter,False,13.6138,1.0,0.546207,0.864626,0.956542,25.0527,"main_cat IN ('Camera &amp; Photo', 'Cell Phones &amp; Accessories', 'Tools & Home Improvement')"
19,0.248992,4,1.0,1.0,pre_filter,False,34.243,1.0,0.0,0.9,1.0,25.461,"overall IN (3,4)"
20,0.092237,0,0.900101,1.0,post_filter,False,0.9977,1.0,0.966744,0.900101,0.996674,25.791,main_cat='Home Audio &amp; Theater' AND overall>=3.0
21,0.836128,20,1.0,0.997292,pre_filter,False,41.4837,1.0,0.0,0.9,0.997292,24.9726,"overall IN (2,4,5)"
22,0.160682,1,0.864626,0.956542,post_filter,False,0.7328,0.9,0.568132,0.864626,0.917701,25.055,"main_cat IN ('Camera & Photo', 'Computers')"
23,0.230635,3,0.9,1.0,post_filter,False,0.7495,1.0,0.975017,0.9,0.997502,24.9744,"main_cat IN ('Camera & Photo', 'Camera &amp; Photo', 'Cell Phones &amp; Accessories')"
24,0.389743,11,1.0,1.0,pre_filter,False,40.1154,1.0,0.0,0.9,1.0,25.2722,overall<=4.0
25,0.929351,21,1.0,0.988613,post_filter,True,0.9514,1.0,0.968286,1.0,0.98658,25.1901,"overall IN (1,2,4,5)"
26,0.658182,18,0.9,0.995637,post_filter,False,0.309,0.6,0.009995,0.9,0.897073,25.1867,verified=true AND overall>=3.0
27,0.140751,1,0.864626,0.917701,pre_filter,False,24.167,0.8,0.034868,0.78165,0.917701,25.4773,overall<=2.0
28,0.881823,20,0.9,0.997292,pre_filter,False,95.2223,1.0,0.0,0.81,0.997292,24.9098,"overall IN (1,4,5)"
29,0.339351,8,1.0,1.0,post_filter,False,0.8948,1.0,0.970172,1.0,0.997017,25.184,"main_cat IN ('Home Audio & Theater', 'Camera &amp; Photo', 'Sports & Outdoors')"
30,0.092237,0,0.900101,0.996674,post_filter,False,0.6202,1.0,0.979328,0.900101,0.99494,25.2163,main_cat='Home Audio &amp; Theater' AND overall>=3.0
31,0.952472,21,1.0,0.98658,post_filter,True,0.4337,0.0,0.0,1.0,0.887922,24.8586,"overall IN (1,3,4,5)"
32,0.210713,2,1.0,1.0,post_filter,False,0.9158,0.7,0.045738,1.0,0.904574,24.9989,"main_cat IN ('Camera & Photo', 'Camera &amp; Photo')"
33,0.881823,20,0.81,0.997292,post_filter,False,0.7304,1.0,0.975654,0.81,0.995129,25.3605,"overall IN (1,4,5)"
34,0.389743,11,0.9,1.0,pre_filter,False,19.9629,1.0,0.334571,0.843457,1.0,24.9673,overall<=4.0
35,0.929351,21,1.0,0.887922,post_filter,True,0.8496,1.0,0.971679,1.0,0.896298,24.8345,"overall IN (1,2,4,5)"
36,0.300422,7,0.9,1.0,pre_filter,False,41.8317,1.0,0.0,0.81,1.0,24.8927,"main_cat IN ('All Electronics', 'Books', 'Sports & Outdoors')"
37,0.952472,21,1.0,0.896298,post_filter,True,0.7376,1.0,0.975413,1.0,0.904209,24.8636,"overall IN (1,3,4,5)"
38,0.050727,0,0.900101,0.99494,post_filter,False,0.6532,1.0,0.978226,0.900101,0.993268,24.9048,"main_cat IN ('Computers', 'Tools & Home Improvement')"
39,0.339351,8,1.0,0.997017,post_filter,False,1.0008,1.0,0.96664,1.0,0.99398,25.0035,"main_cat IN ('Home Audio & Theater', 'Camera &amp; Photo', 'Sports & Outdoors')"
40,0.073033,0,0.900101,0.993268,post_filter,False,0.6124,1.0,0.979586,0.900101,0.9919,25.227,brand='Tiffen'
41,0.319094,7,0.81,1.0,post_filter,False,1.0065,0.9,0.562819,0.81,0.956282,24.8552,"overall IN (1,2,4)"
42,0.658182,18,0.9,0.897073,pre_filter,False,53.7528,1.0,0.0,0.81,0.897073,24.9451,verified=true AND overall>=3.0
43,0.300422,7,0.81,0.956282,pre_filter,False,44.677,1.0,0.0,0.729,0.956282,24.9776,"main_cat IN ('All Electronics', 'Books', 'Sports & Outdoors')"
44,0.210713,2,1.0,0.904574,pre_filter,False,9.9365,0.9,0.389471,0.938947,0.904574,24.9606,"main_cat IN ('Camera & Photo', 'Camera &amp; Photo')"
45,0.319094,7,0.729,0.956282,post_filter,False,0.6979,1.0,0.976736,0.729,0.958327,24.7754,"overall IN (1,2,4)"
46,0.092237,0,0.900101,0.9919,post_filter,False,0.97,1.0,0.967667,0.900101,0.989477,25.1457,main_cat='Home Audio &amp; Theater' AND overall>=3.0
47,0.300422,7,0.729,0.958327,post_filter,False,0.7738,1.0,0.974207,0.729,0.959915,25.001,"main_cat IN ('All Electronics', 'Books', 'Sports & Outdoors')"
48,0.210713,2,0.938947,0.904574,pre_filter,False,3.4705,0.0,0.0,0.845052,0.904574,25.1961,"main_cat IN ('Camera & Photo', 'Camera &amp; Photo')"
49,0.050727,0,0.900101,0.989477,post_filter,False,1.0603,1.0,0.964658,0.900101,0.986995,25.2736,"main_cat IN ('Computers', 'Tools & Home Improvement')"
50,0.270385,5,1.0,1.0,post_filter,False,0.4738,1.0,0.984207,1.0,0.998421,25.187,"main_cat IN ('Home Audio & Theater', 'Books', 'Tools & Home Improvement')"
51,0.952472,21,1.0,0.904209,post_filter,True,0.7888,0.9,0.567044,1.0,0.870493,25.1818,"overall IN (1,3,4,5)"
52,0.12068,1,0.78165,0.917701,post_filter,False,1.2994,1.0,0.956688,0.78165,0.9216,25.2417,"main_cat IN ('Camera &amp; Photo', 'Cell Phones &amp; Accessories', 'Tools & Home Improvement')"
53,0.881823,20,0.81,0.995129,post_filter,False,0.8068,1.0,0.973107,0.81,0.992926,24.8486,"overall IN (1,4,5)"
54,0.7886,19,0.81,0.996518,post_filter,False,0.9128,1.0,0.969575,0.81,0.993824,24.7554,overall>=4.0
55,0.751008,19,0.81,0.993824,post_filter,False,0.8992,1.0,0.970026,0.81,0.991444,24.9913,"overall IN (1,2,5)"
56,0.270385,5,1.0,0.998421,post_filter,False,0.7543,0.6,0.009845,1.0,0.899563,25.0691,"main_cat IN ('Home Audio & Theater', 'Books', 'Tools & Home Improvement')"
57,0.859249,20,0.81,0.992926,post_filter,False,0.724,1.0,0.975867,0.81,0.991221,25.2345,overall>=3.0
58,0.140751,1,0.78165,0.9216,post_filter,False,1.3239,0.0,0.0,0.78165,0.82944,27.6348,overall<=2.0
59,0.140751,1,0.78165,0.82944,pre_filter,False,21.1829,1.0,0.293904,0.732875,0.82944,25.0898,overall<=2.0
60,0.073033,0,0.900101,0.986995,pre_filter,False,14.5449,0.7,0.024305,0.812522,0.986995,25.0742,brand='Tiffen'
61,0.248992,4,0.9,1.0,post_filter,False,0.9342,1.0,0.968858,0.9,0.996886,25.0571,"overall IN (3,4)"
62,0.952472,21,1.0,0.870493,post_filter,True,0.7603,1.0,0.974656,1.0,0.880909,25.1147,"overall IN (1,3,4,5)"
63,0.881823,20,0.81,0.991221,post_filter,False,0.9635,1.0,0.967882,0.81,0.988887,25.2022,"overall IN (1,4,5)"
64,0.610257,18,0.81,0.897073,post_filter,False,0.9692,1.0,0.967694,0.81,0.904135,25.0175,overall>=5.0
65,0.7886,19,0.81,0.991444,post_filter,False,0.4459,1.0,0.985138,0.81,0.990813,25.3124,overall>=4.0
66,0.881823,20,0.81,0.988887,pre_filter,False,52.8231,1.0,0.0,0.729,0.988887,24.9037,"overall IN (1,4,5)"
67,0.140751,1,0.732875,0.82944,post_filter,False,0.8584,0.2,0.0,0.732875,0.746496,27.4348,overall<=2.0
68,0.836128,20,0.729,0.988887,post_filter,False,0.8268,1.0,0.97244,0.729,0.987242,25.0208,"overall IN (2,4,5)"
69,0.7886,19,0.81,0.990813,post_filter,False,0.7797,0.9,0.567222,0.81,0.948454,25.1321,overall>=4.0
70,0.610257,18,0.81,0.904135,pre_filter,False,93.7021,1.0,0.0,0.729,0.904135,24.9871,overall>=5.0
71,0.389743,11,0.843457,1.0,post_filter,False,0.8666,1.0,0.971113,0.843457,0.997111,24.8728,overall<=4.0
72,0.728433,19,0.81,0.948454,post_filter,False,0.6042,1.0,0.979861,0.81,0.951595,25.049,"overall IN (2,3,5)"
73,0.050727,0,0.812522,0.986995,pre_filter,False,8.9503,1.0,0.701656,0.801435,0.986995,25.1375,"main_cat IN ('Computers', 'Tools & Home Improvement')"
74,0.929351,21,1.0,0.880909,post_filter,True,0.8002,1.0,0.973326,1.0,0.890151,25.2101,"overall IN (1,2,4,5)"
75,0.092237,0,0.801435,0.986995,post_filter,False,0.5047,0.0,0.0,0.801435,0.888295,25.181,main_cat='Home Audio &amp; Theater' AND overall>=3.0
76,0.050727,0,0.801435,0.888295,post_filter,False,1.0311,1.0,0.965629,0.801435,0.896029,25.045,"main_cat IN ('Computers', 'Tools & Home Improvement')"
77,0.230635,3,0.9,0.997502,pre_filter,False,39.6005,1.0,0.0,0.81,0.997502,25.0788,"main_cat IN ('Camera & Photo', 'Camera &amp; Photo', 'Cell Phones &amp; Accessories')"
78,0.180604,1,0.732875,0.746496,post_filter,False,0.8418,1.0,0.97194,0.732875,0.76904,25.147,"main_cat IN ('Camera & Photo', 'Computers', 'Cell Phones &amp; Accessories')"
79,0.881823,20,0.729,0.987242,post_filter,False,0.8393,1.0,0.972022,0.729,0.98572,25.257,"overall IN (1,4,5)"
80,0.140751,1,0.732875,0.76904,post_filter,False,0.8217,1.0,0.97261,0.732875,0.789397,25.0292,overall<=2.0
81,0.680906,18,0.729,0.904135,post_filter,False,0.3433,1.0,0.988558,0.729,0.912577,25.1339,"overall IN (3,5)"
82,0.821657,20,0.729,0.98572,post_filter,False,0.9567,1.0,0.96811,0.729,0.983959,24.923,"overall IN (1,2,3,5)"
83,0.728433,19,0.81,0.951595,pre_filter,False,78.7892,1.0,0.0,0.729,0.951595,24.9022,"overall IN (2,3,5)"
84,0.658182,18,0.729,0.912577,post_filter,False,0.8484,1.0,0.971721,0.729,0.918492,25.0923,verified=true AND overall>=3.0
85,0.339351,8,1.0,0.99398,post_filter,False,0.3126,0.0,0.0,1.0,0.894582,25.1272,"main_cat IN ('Home Audio & Theater', 'Camera &amp; Photo', 'Sports & Outdoors')"
86,0.12068,1,0.732875,0.789397,post_filter,False,0.8688,1.0,0.97104,0.732875,0.807562,24.9224,"main_cat IN ('Camera &amp; Photo', 'Cell Phones &amp; Accessories', 'Tools & Home Improvement')"
87,0.836128,20,0.729,0.983959,pre_filter,False,16.0148,1.0,0.466174,0.702717,0.983959,24.8305,"overall IN (2,4,5)"
88,0.248992,4,0.9,0.996886,pre_filter,False,8.4149,1.0,0.719504,0.88195,0.996886,24.8341,"overall IN (3,4)"
89,0.210713,2,0.845052,0.904574,pre_filter,False,31.5128,1.0,0.0,0.760547,0.904574,24.974,"main_cat IN ('Camera & Photo', 'Camera &amp; Photo')"
90,0.248992,4,0.88195,0.996886,pre_filter,False,28.6482,1.0,0.045058,0.798261,0.996886,25.4385,"overall IN (3,4)"
91,0.12068,1,0.732875,0.807562,pre_filter,False,20.0163,0.8,0.059681,0.665556,0.807562,25.429,"main_cat IN ('Camera &amp; Photo', 'Cell Phones &amp; Accessories', 'Tools & Home Improvement')"
92,0.073033,0,0.801435,0.896029,post_filter,False,1.135,0.6,0.009717,0.801435,0.807398,25.3465,brand='Tiffen'
93,0.210713,2,0.760547,0.904574,post_filter,False,1.1622,0.7,0.045351,0.760547,0.818652,25.33,"main_cat IN ('Camera & Photo', 'Camera &amp; Photo')"
94,0.339351,8,1.0,0.894582,pre_filter,False,47.4555,1.0,0.0,0.9,0.894582,25.1397,"main_cat IN ('Home Audio & Theater', 'Camera &amp; Photo', 'Sports & Outdoors')"
95,0.751008,19,0.729,0.951595,post_filter,False,0.907,1.0,0.969767,0.729,0.953412,25.2668,"overall IN (1,2,5)"
96,0.859249,20,0.702717,0.983959,post_filter,False,1.1003,1.0,0.963324,0.702717,0.981895,24.88,overall>=3.0
97,0.728433,19,0.729,0.953412,post_filter,False,0.9713,1.0,0.967624,0.729,0.954833,25.2006,"overall IN (2,3,5)"
98,0.389743,11,0.843457,0.997111,post_filter,False,0.8884,1.0,0.970388,0.843457,0.994439,24.9809,overall<=4.0
99,0.092237,0,0.801435,0.807398,post_filter,False,0.9758,1.0,0.967475,0.801435,0.823405,25.115,main_cat='Home Audio &amp; Theater' AND overall>=3.0
100,0.12068,1,0.665556,0.807562,post_filter,False,0.9268,1.0,0.969106,0.665556,0.823716,24.8055,"main_cat IN ('Camera &amp; Photo', 'Cell Phones &amp; Accessories', 'Tools & Home Improvement')"
101,0.881823,20,0.702717,0.981895,post_filter,False,1.034,1.0,0.965533,0.702717,0.980259,25.2226,"overall IN (1,4,5)"
102,0.929351,21,1.0,0.890151,post_filter,True,0.5295,0.9,0.572077,1.0,0.858343,24.8942,"overall IN (1,2,4,5)"
103,0.610257,18,0.729,0.918492,post_filter,False,0.6503,1.0,0.978322,0.729,0.924475,25.2699,overall>=5.0
104,0.728433,19,0.729,0.954833,post_filter,False,0.6787,1.0,0.977378,0.729,0.957088,24.932,"overall IN (2,3,5)"
105,0.680906,18,0.729,0.924475,post_filter,False,0.66,0.9,0.569545,0.729,0.888982,24.9102,"overall IN (3,5)"
106,0.050727,0,0.801435,0.823405,pre_filter,False,6.4165,0.1,0.0,0.721291,0.823405,25.4911,"main_cat IN ('Computers', 'Tools & Home Improvement')"
107,0.751008,19,0.729,0.957088,post_filter,False,0.7012,1.0,0.976626,0.729,0.959042,24.9815,"overall IN (1,2,5)"
108,0.658182,18,0.729,0.888982,post_filter,False,1.0257,1.0,0.965811,0.729,0.896665,24.8782,verified=true AND overall>=3.0
109,0.70348,19,0.729,0.959042,post_filter,False,0.618,1.0,0.979399,0.729,0.961077,25.3493,"overall IN (1,5)"
110,0.210713,2,0.760547,0.818652,post_filter,False,0.7628,1.0,0.974572,0.760547,0.834244,24.8615,"main_cat IN ('Camera & Photo', 'Camera &amp; Photo')"
111,0.7886,19,0.729,0.961077,post_filter,False,0.4651,1.0,0.984497,0.729,0.963419,25.0629,overall>=4.0
112,0.140751,1,0.665556,0.823716,pre_filter,False,23.2464,1.0,0.225119,0.621512,0.823716,25.6009,overall<=2.0
113,0.248992,4,0.798261,0.996886,post_filter,False,0.8774,1.0,0.970753,0.798261,0.994273,24.9976,"overall IN (3,4)"
114,0.339351,8,0.9,0.894582,pre_filter,False,36.2329,1.0,0.0,0.81,0.894582,25.3508,"main_cat IN ('Home Audio & Theater', 'Camera &amp; Photo', 'Sports & Outdoors')"
115,0.050727,0,0.721291,0.823405,post_filter,False,1.1155,1.0,0.962818,0.721291,0.837347,25.3189,"main_cat IN ('Computers', 'Tools & Home Improvement')"
116,0.728433,19,0.729,0.963419,post_filter,False,0.672,1.0,0.977599,0.729,0.964837,24.7686,"overall IN (2,3,5)"
117,0.300422,7,0.729,0.959915,pre_filter,False,27.9,1.0,0.070001,0.6631,0.959915,24.9173,"main_cat IN ('All Electronics', 'Books', 'Sports & Outdoors')"
118,0.210713,2,0.760547,0.834244,pre_filter,False,41.9259,1.0,0.0,0.684492,0.834244,24.9467,"main_cat IN ('Camera & Photo', 'Camera &amp; Photo')"
119,0.70348,19,0.729,0.964837,post_filter,False,0.8027,1.0,0.973244,0.729,0.965678,25.032,"overall IN (1,5)"
120,0.339351,8,0.81,0.894582,post_filter,False,0.861,1.0,0.971299,0.81,0.902253,25.0549,"main_cat IN ('Home Audio & Theater', 'Camera &amp; Photo', 'Sports & Outdoors')"
121,0.160682,1,0.621512,0.823716,post_filter,False,0.9691,1.0,0.967697,0.621512,0.838114,25.2083,"main_cat IN ('Camera & Photo', 'Computers')"
122,0.774129,19,0.729,0.965678,post_filter,False,0.9131,1.0,0.969564,0.729,0.966067,25.0571,"overall IN (1,3,5)"
123,0.774129,19,0.729,0.966067,post_filter,False,0.8222,1.0,0.972593,0.729,0.966719,24.9775,"overall IN (1,3,5)"
124,0.092237,0,0.721291,0.837347,post_filter,False,0.8883,1.0,0.97039,0.721291,0.850651,25.0684,main_cat='Home Audio &amp; Theater' AND overall>=3.0
125,0.658182,18,0.729,0.896665,pre_filter,False,30.2121,1.0,0.0,0.6561,0.896665,25.158,verified=true AND overall>=3.0
126,0.300422,7,0.6631,0.959915,post_filter,False,0.7585,1.0,0.974717,0.6631,0.961395,25.0329,"main_cat IN ('All Electronics', 'Books', 'Sports & Outdoors')"
127,0.092237,0,0.721291,0.850651,post_filter,False,0.6956,1.0,0.976812,0.721291,0.863267,25.1538,main_cat='Home Audio &amp; Theater' AND overall>=3.0
128,0.658182,18,0.6561,0.896665,post_filter,False,0.928,1.0,0.969067,0.6561,0.903905,25.0258,verified=true AND overall>=3.0
129,0.680906,18,0.6561,0.903905,post_filter,False,0.882,1.0,0.970601,0.6561,0.910574,24.8253,"overall IN (3,5)"
130,0.658182,18,0.6561,0.910574,post_filter,False,0.6206,1.0,0.979314,0.6561,0.917448,25.1605,verified=true AND overall>=3.0
131,0.859249,20,0.702717,0.980259,post_filter,False,0.7896,1.0,0.973681,0.702717,0.979601,25.0877,overall>=3.0
132,0.658182,18,0.6561,0.917448,post_filter,False,0.7477,1.0,0.975075,0.6561,0.923211,25.1953,verified=true AND overall>=3.0
133,0.680906,18,0.6561,0.923211,post_filter,False,0.8391,1.0,0.972031,0.6561,0.928093,24.9632,"overall IN (3,5)"
134,0.050727,0,0.721291,0.863267,pre_filter,False,2.298,1.0,0.9234,0.741502,0.863267,25.0683,"main_cat IN ('Computers', 'Tools & Home Improvement')"
135,0.319094,7,0.6631,0.961395,post_filter,False,0.6661,1.0,0.977796,0.6631,0.963035,24.976,"overall IN (1,2,4)"
136,0.906777,21,1.0,0.858343,post_filter,True,0.7729,1.0,0.974238,1.0,0.869933,24.7081,overall>=2.0
137,0.610257,18,0.6561,0.928093,post_filter,False,0.8072,1.0,0.973094,0.6561,0.932593,24.855,overall>=5.0
138,0.073033,0,0.741502,0.863267,pre_filter,False,10.9085,0.8,0.114125,0.678765,0.863267,25.1289,brand='Tiffen'
139,0.751008,19,0.729,0.966719,post_filter,False,0.3583,0.9,0.575402,0.729,0.927587,24.8536,"overall IN (1,2,5)"
140,0.319094,7,0.6631,0.963035,post_filter,False,0.8281,1.0,0.972397,0.6631,0.963972,24.8143,"overall IN (1,2,4)"
141,0.300422,7,0.6631,0.963972,post_filter,False,0.4052,1.0,0.986494,0.6631,0.966224,25.0843,"main_cat IN ('All Electronics', 'Books', 'Sports & Outdoors')"
142,0.230635,3,0.81,0.997502,pre_filter,False,30.9334,0.9,0.0,0.729,0.997502,25.3649,"main_cat IN ('Camera & Photo', 'Camera &amp; Photo', 'Cell Phones &amp; Accessories')"
143,0.821657,20,0.702717,0.979601,post_filter,False,0.7758,1.0,0.97414,0.702717,0.979055,24.7809,"overall IN (1,2,3,5)"
144,0.050727,0,0.678765,0.863267,post_filter,False,0.6286,0.9,0.570155,0.678765,0.833956,24.9378,"main_cat IN ('Computers', 'Tools & Home Improvement')"
145,0.300422,7,0.6631,0.966224,post_filter,False,0.8804,1.0,0.970653,0.6631,0.966667,24.8217,"main_cat IN ('All Electronics', 'Books', 'Sports & Outdoors')"
146,0.859249,20,0.702717,0.979055,post_filter,False,0.8475,1.0,0.971749,0.702717,0.978325,25.203,overall>=3.0
147,0.092237,0,0.678765,0.833956,post_filter,False,0.6042,1.0,0.97986,0.678765,0.848546,25.122,main_cat='Home Audio &amp; Theater' AND overall>=3.0
148,0.300422,7,0.6631,0.966667,post_filter,False,0.972,1.0,0.967599,0.6631,0.96676,24.743,"main_cat IN ('All Electronics', 'Books', 'Sports & Outdoors')"
149,0.210713,2,0.684492,0.834244,post_filter,False,0.6562,1.0,0.978125,0.684492,0.848632,25.0733,"main_cat IN ('Camera & Photo', 'Camera &amp; Photo')"
150,0.821657,20,0.702717,0.978325,post_filter,False,0.8857,1.0,0.970476,0.702717,0.97754,24.7644,"overall IN (1,2,3,5)"
151,0.774129,19,0.729,0.927587,post_filter,False,0.8431,1.0,0.971897,0.729,0.932018,25.0048,"overall IN (1,3,5)"
152,0.751008,19,0.729,0.932018,post_filter,False,1.0511,1.0,0.964962,0.729,0.935313,25.0727,"overall IN (1,2,5)"
153,0.12068,1,0.621512,0.838114,pre_filter,False,16.788,0.5,0.000718,0.559433,0.838114,25.5151,"main_cat IN ('Camera &amp; Photo', 'Cell Phones &amp; Accessories', 'Tools & Home Improvement')"
154,0.836128,20,0.702717,0.97754,post_filter,False,0.6365,1.0,0.978782,0.702717,0.977664,25.0419,"overall IN (2,4,5)"
155,0.70348,19,0.729,0.935313,post_filter,False,0.8329,1.0,0.972236,0.729,0.939005,25.1065,"overall IN (1,5)"
156,0.821657,20,0.702717,0.977664,post_filter,False,0.773,1.0,0.974232,0.702717,0.977321,25.0853,"overall IN (1,2,3,5)"
157,0.836128,20,0.702717,0.977321,post_filter,False,0.6727,1.0,0.977575,0.702717,0.977346,25.2639,"overall IN (2,4,5)"
158,0.270385,5,1.0,0.899563,post_filter,False,0.764,1.0,0.974535,1.0,0.90706,25.1384,"main_cat IN ('Home Audio & Theater', 'Books', 'Tools & Home Improvement')"
159,0.140751,1,0.559433,0.838114,post_filter,False,0.9087,1.0,0.969708,0.559433,0.851274,24.724,overall<=2.0
160,0.073033,0,0.678765,0.848546,post_filter,False,1.357,0.4,0.000167,0.678765,0.763708,25.8365,brand='Tiffen'
161,0.300422,7,0.6631,0.96676,post_filter,False,0.9785,0.9,0.563363,0.6631,0.92642,24.8235,"main_cat IN ('All Electronics', 'Books', 'Sports & Outdoors')"
162,0.680906,18,0.6561,0.932593,post_filter,False,0.5733,1.0,0.980889,0.6561,0.937423,25.1156,"overall IN (3,5)"
163,0.270385,5,1.0,0.90706,post_filter,False,0.7975,1.0,0.973415,1.0,0.913696,24.7846,"main_cat IN ('Home Audio & Theater', 'Books', 'Tools & Home Improvement')"
164,0.881823,20,0.702717,0.977346,post_filter,False,0.6931,1.0,0.976896,0.702717,0.977301,25.1001,"overall IN (1,4,5)"
165,0.751008,19,0.729,0.939005,post_filter,False,0.9344,1.0,0.968853,0.729,0.94199,24.9695,"overall IN (1,2,5)"
166,0.160682,1,0.559433,0.851274,post_filter,False,0.8693,1.0,0.971025,0.559433,0.863249,25.1642,"main_cat IN ('Camera & Photo', 'Computers')"
167,0.881823,20,0.702717,0.977301,post_filter,False,0.9799,1.0,0.967336,0.702717,0.976305,25.1237,"overall IN (1,4,5)"
168,0.836128,20,0.702717,0.976305,post_filter,False,0.7246,1.0,0.975847,0.702717,0.976259,24.9917,"overall IN (2,4,5)"
169,0.774129,19,0.729,0.94199,post_filter,False,0.5295,1.0,0.982349,0.729,0.946026,25.2329,"overall IN (1,3,5)"
170,0.389743,11,0.843457,0.994439,post_filter,False,0.9038,1.0,0.969872,0.843457,0.991982,25.0282,overall<=4.0
171,0.7886,19,0.729,0.946026,post_filter,False,1.0426,0.9,0.562118,0.729,0.907635,25.0333,overall>=4.0
172,0.610257,18,0.6561,0.937423,post_filter,False,0.9936,1.0,0.966879,0.6561,0.940368,25.0545,overall>=5.0
173,0.751008,19,0.729,0.907635,post_filter,False,0.4349,0.0,0.0,0.729,0.816872,25.2347,"overall IN (1,2,5)"
174,0.160682,1,0.559433,0.863249,post_filter,False,1.2054,0.3,9e-06,0.559433,0.776925,25.8074,"main_cat IN ('Camera & Photo', 'Computers')"
175,0.859249,20,0.702717,0.976259,post_filter,False,0.911,1.0,0.969633,0.702717,0.975596,24.9313,overall>=3.0
176,0.140751,1,0.559433,0.776925,post_filter,False,1.3636,0.2,0.0,0.559433,0.699232,26.7777,overall<=2.0
177,0.092237,0,0.678765,0.763708,post_filter,False,0.5408,1.0,0.981974,0.678765,0.785535,25.1416,main_cat='Home Audio &amp; Theater' AND overall>=3.0
178,0.7886,19,0.729,0.816872,post_filter,False,0.9356,1.0,0.968813,0.729,0.832066,25.015,overall>=4.0
179,0.836128,20,0.702717,0.975596,post_filter,False,0.8714,1.0,0.970953,0.702717,0.975132,24.8523,"overall IN (2,4,5)"
180,0.389743,11,0.843457,0.991982,post_filter,False,0.7954,1.0,0.973488,0.843457,0.990133,24.8431,overall<=4.0
181,0.073033,0,0.678765,0.785535,post_filter,False,1.0353,0.0,0.0,0.678765,0.706981,25.5743,brand='Tiffen'
182,0.248992,4,0.798261,0.994273,post_filter,False,0.8886,1.0,0.970381,0.798261,0.991883,24.8452,"overall IN (3,4)"
183,0.180604,1,0.559433,0.699232,pre_filter,False,22.2815,0.9,0.149831,0.518473,0.699232,25.3716,"main_cat IN ('Camera & Photo', 'Computers', 'Cell Phones &amp; Accessories')"
184,0.073033,0,0.678765,0.706981,post_filter,False,1.2267,0.2,0.0,0.678765,0.636283,25.4495,brand='Tiffen'
185,0.859249,20,0.702717,0.975132,post_filter,False,0.8413,1.0,0.971957,0.702717,0.974814,24.8083,overall>=3.0
186,0.180604,1,0.518473,0.699232,pre_filter,False,26.2209,1.0,0.125971,0.479223,0.699232,24.8458,"main_cat IN ('Camera & Photo', 'Computers', 'Cell Phones &amp; Accessories')"
187,0.929351,21,1.0,0.869933,post_filter,True,0.5854,1.0,0.980486,1.0,0.880988,24.9234,"overall IN (1,2,4,5)"
188,0.073033,0,0.678765,0.636283,post_filter,False,0.9837,0.9,0.563261,0.678765,0.628981,25.1173,brand='Tiffen'
189,0.270385,5,1.0,0.913696,pre_filter,False,31.1035,1.0,0.0,0.9,0.913696,25.2212,"main_cat IN ('Home Audio & Theater', 'Books', 'Tools & Home Improvement')"
190,0.952472,21,1.0,0.880988,post_filter,True,0.5829,1.0,0.980569,1.0,0.890946,25.0808,"overall IN (1,3,4,5)"
191,0.248992,4,0.798261,0.991883,post_filter,False,0.7922,1.0,0.973593,0.798261,0.990054,25.1137,"overall IN (3,4)"
192,0.658182,18,0.6561,0.940368,post_filter,False,0.6617,1.0,0.977944,0.6561,0.944126,25.1968,verified=true AND overall>=3.0
193,0.319094,7,0.6631,0.92642,post_filter,False,0.7775,1.0,0.974085,0.6631,0.931187,25.0655,"overall IN (1,2,4)"
194,0.881823,20,0.702717,0.974814,post_filter,False,0.6418,0.9,0.569897,0.702717,0.934323,25.2528,"overall IN (1,4,5)"
195,0.680906,18,0.6561,0.944126,post_filter,False,0.8015,1.0,0.973282,0.6561,0.947042,25.029,"overall IN (3,5)"
196,0.610257,18,0.6561,0.947042,post_filter,False,0.3423,0.8,0.177289,0.6561,0.870066,25.083,overall>=5.0
197,0.230635,3,0.729,0.997502,post_filter,False,0.3199,1.0,0.989336,0.729,0.996685,25.1581,"main_cat IN ('Camera & Photo', 'Camera &amp; Photo', 'Cell Phones &amp; Accessories')"
198,0.073033,0,0.678765,0.628981,pre_filter,False,6.1076,0.9,0.463796,0.657268,0.628981,25.4883,brand='Tiffen'
199,0.836128,20,0.702717,0.934323,post_filter,False,0.6338,1.0,0.978875,0.702717,0.938778,25.3523,"overall IN (2,4,5)"
200,0.751008,19,0.729,0.832066,pre_filter,False,81.4594,1.0,0.0,0.6561,0.832066,25.2507,"overall IN (1,2,5)"
201,0.180604,1,0.479223,0.699232,post_filter,False,0.8862,1.0,0.970458,0.479223,0.726355,25.0907,"main_cat IN ('Camera & Photo', 'Computers', 'Cell Phones &amp; Accessories')"
202,0.248992,4,0.798261,0.990054,post_filter,False,0.6122,1.0,0.979593,0.798261,0.989008,25.0018,"overall IN (3,4)"
203,0.300422,7,0.6631,0.931187,post_filter,False,0.776,1.0,0.974132,0.6631,0.935481,25.218,"main_cat IN ('All Electronics', 'Books', 'Sports & Outdoors')"
204,0.906777,21,1.0,0.890946,post_filter,True,0.7034,1.0,0.976553,1.0,0.899507,25.0931,overall>=2.0
205,0.836128,20,0.702717,0.938778,post_filter,False,0.8064,1.0,0.973119,0.702717,0.942212,25.2187,"overall IN (2,4,5)"
206,0.073033,0,0.657268,0.628981,post_filter,False,0.3104,0.9,0.576331,0.657268,0.623716,24.9291,brand='Tiffen'
207,0.906777,21,1.0,0.899507,post_filter,True,0.9655,1.0,0.967818,1.0,0.906338,25.0836,overall>=2.0
208,0.751008,19,0.6561,0.832066,pre_filter,False,47.856,0.9,0.0,0.59049,0.832066,24.9746,"overall IN (1,2,5)"
209,0.270385,5,0.9,0.913696,post_filter,False,0.5333,1.0,0.982224,0.9,0.920549,25.3245,"main_cat IN ('Home Audio & Theater', 'Books', 'Tools & Home Improvement')"
210,0.230635,3,0.729,0.996685,post_filter,False,0.8346,1.0,0.972179,0.729,0.994235,24.9082,"main_cat IN ('Camera & Photo', 'Camera &amp; Photo', 'Cell Phones &amp; Accessories')"
211,0.12068,1,0.479223,0.726355,post_filter,False,0.9686,0.9,0.563555,0.479223,0.710075,25.0532,"main_cat IN ('Camera &amp; Photo', 'Cell Phones &amp; Accessories', 'Tools & Home Improvement')"
212,0.859249,20,0.702717,0.942212,post_filter,False,0.648,1.0,0.978401,0.702717,0.945831,25.2917,overall>=3.0
213,0.300422,7,0.6631,0.935481,post_filter,False,0.883,1.0,0.970568,0.6631,0.93899,36.8033,"main_cat IN ('All Electronics', 'Books', 'Sports & Outdoors')"
214,0.339351,8,0.81,0.902253,post_filter,False,0.9529,1.0,0.968236,0.81,0.908852,25.0813,"main_cat IN ('Home Audio & Theater', 'Camera &amp; Photo', 'Sports & Outdoors')"
215,0.929351,21,1.0,0.906338,post_filter,True,0.6623,0.9,0.5695,1.0,0.872654,25.2226,"overall IN (1,2,4,5)"
216,0.319094,7,0.6631,0.93899,post_filter,False,0.7241,0.9,0.5683,0.6631,0.901921,24.898,"overall IN (1,2,4)"
217,0.821657,20,0.702717,0.945831,post_filter,False,0.6934,1.0,0.976886,0.702717,0.948937,25.216,"overall IN (1,2,3,5)"
218,0.389743,11,0.843457,0.990133,post_filter,False,0.6491,1.0,0.978363,0.843457,0.988956,25.0111,overall<=4.0
219,0.929351,21,1.0,0.872654,post_filter,True,0.8646,0.9,0.565573,1.0,0.841946,24.9059,"overall IN (1,2,4,5)"
220,0.319094,7,0.6631,0.901921,post_filter,False,0.7157,1.0,0.976144,0.6631,0.909343,24.8795,"overall IN (1,2,4)"
221,0.270385,5,0.9,0.920549,post_filter,False,0.7437,1.0,0.97521,0.9,0.926015,25.1273,"main_cat IN ('Home Audio & Theater', 'Books', 'Tools & Home Improvement')"
222,0.160682,1,0.479223,0.710075,post_filter,False,0.9535,1.0,0.968217,0.479223,0.735889,25.2056,"main_cat IN ('Camera & Photo', 'Computers')"
223,0.610257,18,0.6561,0.870066,post_filter,False,0.7122,1.0,0.97626,0.6561,0.880686,25.1214,overall>=5.0
224,0.7886,19,0.59049,0.832066,post_filter,False,0.7708,1.0,0.974307,0.59049,0.84629,25.0767,overall>=4.0
225,0.610257,18,0.6561,0.880686,post_filter,False,0.8677,1.0,0.971076,0.6561,0.889725,24.9826,overall>=5.0
226,0.300422,7,0.6631,0.909343,post_filter,False,1.0136,1.0,0.966214,0.6631,0.91503,24.9145,"main_cat IN ('All Electronics', 'Books', 'Sports & Outdoors')"
227,0.952472,21,1.0,0.841946,post_filter,True,0.764,1.0,0.974535,1.0,0.855205,24.9963,"overall IN (1,3,4,5)"
228,0.859249,20,0.702717,0.948937,post_filter,False,0.6907,1.0,0.976978,0.702717,0.951741,25.0673,overall>=3.0
229,0.658182,18,0.6561,0.889725,post_filter,False,0.5194,1.0,0.982687,0.6561,0.899021,25.0342,verified=true AND overall>=3.0
230,0.230635,3,0.729,0.994235,post_filter,False,0.1427,0.0,0.0,0.729,0.894811,24.8664,"main_cat IN ('Camera & Photo', 'Camera &amp; Photo', 'Cell Phones &amp; Accessories')"
231,0.859249,20,0.702717,0.951741,post_filter,False,0.3202,1.0,0.989326,0.702717,0.955499,24.9813,overall>=3.0
232,0.092237,0,0.657268,0.623716,pre_filter,False,5.1399,0.2,0.0,0.591541,0.623716,25.2875,main_cat='Home Audio &amp; Theater' AND overall>=3.0
233,0.821657,20,0.702717,0.955499,post_filter,False,0.672,1.0,0.977601,0.702717,0.957709,25.1923,"overall IN (1,2,3,5)"
234,0.339351,8,0.81,0.908852,post_filter,False,0.3823,1.0,0.987256,0.81,0.916692,25.3563,"main_cat IN ('Home Audio & Theater', 'Camera &amp; Photo', 'Sports & Outdoors')"
235,0.092237,0,0.591541,0.623716,pre_filter,False,11.847,1.0,0.605101,0.592897,0.623716,25.1206,main_cat='Home Audio &amp; Theater' AND overall>=3.0
236,0.339351,8,0.81,0.916692,post_filter,False,0.8204,1.0,0.972653,0.81,0.922288,25.057,"main_cat IN ('Home Audio & Theater', 'Camera &amp; Photo', 'Sports & Outdoors')"
237,0.728433,19,0.59049,0.84629,post_filter,False,0.7409,1.0,0.975303,0.59049,0.859191,25.1503,"overall IN (2,3,5)"
238,0.881823,20,0.702717,0.957709,post_filter,False,0.6643,1.0,0.977856,0.702717,0.959724,25.1587,"overall IN (1,4,5)"
239,0.160682,1,0.479223,0.735889,post_filter,False,0.3011,0.7,0.046705,0.479223,0.666971,25.1949,"main_cat IN ('Camera & Photo', 'Computers')"
240,0.680906,18,0.6561,0.899021,post_filter,False,0.3448,0.4,0.000173,0.6561,0.809136,25.1298,"overall IN (3,5)"
241,0.248992,4,0.798261,0.989008,pre_filter,False,16.0797,1.0,0.464008,0.764836,0.989008,25.1811,"overall IN (3,4)"
242,0.270385,5,0.9,0.926015,pre_filter,False,9.2541,0.9,0.402717,0.850272,0.926015,25.2552,"main_cat IN ('Home Audio & Theater', 'Books', 'Tools & Home Improvement')"
243,0.12068,1,0.479223,0.666971,post_filter,False,0.7666,1.0,0.974446,0.479223,0.697718,25.3658,"main_cat IN ('Camera &amp; Photo', 'Cell Phones &amp; Accessories', 'Tools & Home Improvement')"
244,0.092237,0,0.592897,0.623716,pre_filter,False,17.5656,1.0,0.414479,0.575055,0.623716,25.1644,main_cat='Home Audio &amp; Theater' AND overall>=3.0
245,0.270385,5,0.850272,0.926015,post_filter,False,0.3034,0.8,0.177521,0.850272,0.851165,25.0037,"main_cat IN ('Home Audio & Theater', 'Books', 'Tools & Home Improvement')"
246,0.774129,19,0.59049,0.859191,post_filter,False,0.9048,1.0,0.969842,0.59049,0.870256,24.7156,"overall IN (1,3,5)"
247,0.248992,4,0.764836,0.989008,post_filter,False,0.8886,1.0,0.970379,0.764836,0.987145,24.9903,"overall IN (3,4)"
248,0.248992,4,0.764836,0.987145,post_filter,False,0.5932,1.0,0.980228,0.764836,0.986454,24.9296,"overall IN (3,4)"
249,0.389743,11,0.843457,0.988956,post_filter,False,0.735,1.0,0.975499,0.843457,0.98761,24.8933,overall<=4.0
250,0.728433,19,0.59049,0.870256,post_filter,False,0.7815,1.0,0.97395,0.59049,0.880626,24.9008,"overall IN (2,3,5)"
251,0.7886,19,0.59049,0.880626,post_filter,False,0.8395,1.0,0.972017,0.59049,0.889765,24.9215,overall>=4.0
252,0.339351,8,0.81,0.922288,post_filter,False,0.8183,1.0,0.972724,0.81,0.927332,24.9741,"main_cat IN ('Home Audio & Theater', 'Camera &amp; Photo', 'Sports & Outdoors')"
253,0.160682,1,0.479223,0.697718,post_filter,False,0.6637,1.0,0.977878,0.479223,0.725734,25.2522,"main_cat IN ('Camera & Photo', 'Computers')"
254,0.7886,19,0.59049,0.889765,post_filter,False,0.8783,1.0,0.970724,0.59049,0.897861,24.814,overall>=4.0
255,0.389743,11,0.843457,0.98761,post_filter,False,0.7582,1.0,0.974728,0.843457,0.986322,24.9957,overall<=4.0
256,0.300422,7,0.6631,0.91503,post_filter,False,0.7614,0.9,0.567576,0.6631,0.880285,24.9802,"main_cat IN ('All Electronics', 'Books', 'Sports & Outdoors')"
257,0.389743,11,0.843457,0.986322,post_filter,False,0.7955,1.0,0.973483,0.843457,0.985038,25.2418,overall<=4.0
258,0.073033,0,0.575055,0.623716,post_filter,False,0.9729,1.0,0.967569,0.575055,0.658101,25.0853,brand='Tiffen'
259,0.821657,20,0.702717,0.959724,post_filter,False,0.9102,1.0,0.969661,0.702717,0.960718,24.7801,"overall IN (1,2,3,5)"
260,0.906777,21,1.0,0.855205,post_filter,True,0.717,1.0,0.976099,1.0,0.867294,25.0993,overall>=2.0
261,0.952472,21,1.0,0.867294,post_filter,True,0.7757,1.0,0.974143,1.0,0.877979,25.0133,"overall IN (1,3,4,5)"
262,0.300422,7,0.6631,0.880285,post_filter,False,0.4586,1.0,0.984713,0.6631,0.890728,25.2524,"main_cat IN ('All Electronics', 'Books', 'Sports & Outdoors')"
263,0.728433,19,0.59049,0.897861,post_filter,False,0.9803,1.0,0.967325,0.59049,0.904807,24.9835,"overall IN (2,3,5)"
264,0.339351,8,0.81,0.927332,post_filter,False,0.9391,1.0,0.968697,0.81,0.931468,24.7988,"main_cat IN ('Home Audio & Theater', 'Camera &amp; Photo', 'Sports & Outdoors')"
265,0.230635,3,0.729,0.894811,post_filter,False,0.5651,1.0,0.981163,0.729,0.903446,25.0143,"main_cat IN ('Camera & Photo', 'Camera &amp; Photo', 'Cell Phones &amp; Accessories')"
266,0.751008,19,0.59049,0.904807,post_filter,False,0.6402,1.0,0.978661,0.59049,0.912192,24.8617,"overall IN (1,2,5)"
267,0.859249,20,0.702717,0.960718,post_filter,False,0.395,1.0,0.986835,0.702717,0.963329,25.297,overall>=3.0
268,0.073033,0,0.575055,0.658101,pre_filter,False,7.5656,0.9,0.435494,0.561099,0.658101,25.0669,brand='Tiffen'
269,0.092237,0,0.561099,0.658101,post_filter,False,0.9943,1.0,0.966857,0.561099,0.688977,24.7805,main_cat='Home Audio &amp; Theater' AND overall>=3.0
270,0.774129,19,0.59049,0.912192,pre_filter,False,46.4295,1.0,0.0,0.531441,0.912192,25.0974,"overall IN (1,3,5)"
271,0.751008,19,0.531441,0.912192,post_filter,False,0.7442,1.0,0.975194,0.531441,0.918493,24.9677,"overall IN (1,2,5)"
272,0.319094,7,0.6631,0.890728,post_filter,False,0.9094,0.9,0.564703,0.6631,0.858125,25.2014,"overall IN (1,2,4)"
273,0.300422,7,0.6631,0.858125,post_filter,False,0.8628,0.6,0.009808,0.6631,0.773294,24.8454,"main_cat IN ('All Electronics', 'Books', 'Sports & Outdoors')"
274,0.658182,18,0.6561,0.809136,post_filter,False,0.9339,1.0,0.968869,0.6561,0.82511,24.8678,verified=true AND overall>=3.0
275,0.859249,20,0.702717,0.963329,pre_filter,False,84.6542,1.0,0.0,0.632446,0.963329,25.1319,overall>=3.0
276,0.821657,20,0.632446,0.963329,post_filter,False,0.429,0.8,0.17677,0.632446,0.884674,24.9535,"overall IN (1,2,3,5)"
277,0.774129,19,0.531441,0.918493,post_filter,False,0.8923,1.0,0.970257,0.531441,0.923669,24.7525,"overall IN (1,3,5)"
278,0.160682,1,0.479223,0.725734,post_filter,False,1.0464,0.9,0.562044,0.479223,0.709365,25.3332,"main_cat IN ('Camera & Photo', 'Computers')"
279,0.050727,0,0.561099,0.688977,post_filter,False,0.732,1.0,0.975601,0.561099,0.717639,25.3687,"main_cat IN ('Computers', 'Tools & Home Improvement')"
280,0.140751,1,0.479223,0.709365,post_filter,False,0.9157,1.0,0.969475,0.479223,0.735376,24.7905,overall<=2.0
281,0.906777,21,1.0,0.877979,post_filter,True,0.9699,1.0,0.967671,1.0,0.886948,24.8642,overall>=2.0
282,0.728433,19,0.531441,0.923669,post_filter,False,0.3485,1.0,0.988383,0.531441,0.93014,24.9297,"overall IN (2,3,5)"
283,0.774129,19,0.531441,0.93014,post_filter,False,0.8549,1.0,0.971503,0.531441,0.934277,24.8306,"overall IN (1,3,5)"
284,0.859249,20,0.632446,0.884674,post_filter,False,0.5203,1.0,0.982656,0.632446,0.894472,25.0385,overall>=3.0
285,0.389743,11,0.843457,0.985038,post_filter,False,0.5795,1.0,0.980685,0.843457,0.984603,24.961,overall<=4.0
286,0.073033,0,0.561099,0.717639,pre_filter,False,11.5438,0.5,0.001003,0.50509,0.717639,25.2294,brand='Tiffen'
287,0.140751,1,0.479223,0.735376,post_filter,False,1.2194,0.6,0.009688,0.479223,0.662807,25.1927,overall<=2.0
288,0.092237,0,0.50509,0.717639,post_filter,False,0.8531,1.0,0.971564,0.50509,0.743032,24.9707,main_cat='Home Audio &amp; Theater' AND overall>=3.0
289,0.210713,2,0.684492,0.848632,post_filter,False,0.6032,1.0,0.979893,0.684492,0.861758,25.1666,"main_cat IN ('Camera & Photo', 'Camera &amp; Photo')"
290,0.836128,20,0.632446,0.894472,post_filter,False,0.4084,1.0,0.986386,0.632446,0.903663,24.8074,"overall IN (2,4,5)"
291,0.751008,19,0.531441,0.934277,post_filter,False,0.6692,1.0,0.977693,0.531441,0.938618,24.8962,"overall IN (1,2,5)"
292,0.300422,7,0.6631,0.773294,pre_filter,False,45.9613,1.0,0.0,0.59679,0.773294,25.1653,"main_cat IN ('All Electronics', 'Books', 'Sports & Outdoors')"
293,0.300422,7,0.59679,0.773294,post_filter,False,0.7756,1.0,0.974147,0.59679,0.793379,25.2512,"main_cat IN ('All Electronics', 'Books', 'Sports & Outdoors')"
294,0.319094,7,0.59679,0.793379,post_filter,False,0.8273,1.0,0.972425,0.59679,0.811284,24.861,"overall IN (1,2,4)"
295,0.70348,19,0.531441,0.938618,post_filter,False,0.7544,1.0,0.974853,0.531441,0.942242,24.8508,"overall IN (1,5)"
296,0.073033,0,0.50509,0.743032,post_filter,False,0.8795,0.9,0.565284,0.50509,0.725257,24.9788,brand='Tiffen'
297,0.728433,19,0.531441,0.942242,post_filter,False,0.4345,1.0,0.985515,0.531441,0.946569,24.9161,"overall IN (2,3,5)"
298,0.140751,1,0.479223,0.662807,post_filter,False,0.6348,1.0,0.978842,0.479223,0.694411,25.033,overall<=2.0
299,0.774129,19,0.531441,0.946569,post_filter,False,0.849,1.0,0.971699,0.531441,0.949082,24.8732,"overall IN (1,3,5)"
300,0.389743,11,0.843457,0.984603,post_filter,False,0.7457,1.0,0.975144,0.843457,0.983657,24.8898,overall<=4.0
301,0.300422,7,0.59679,0.811284,post_filter,False,0.9105,0.8,0.173892,0.59679,0.747544,25.5785,"main_cat IN ('All Electronics', 'Books', 'Sports & Outdoors')"
302,0.300422,7,0.59679,0.747544,post_filter,False,0.9753,1.0,0.96749,0.59679,0.769539,25.0643,"main_cat IN ('All Electronics', 'Books', 'Sports & Outdoors')"
303,0.389743,11,0.843457,0.983657,post_filter,False,0.9171,1.0,0.969429,0.843457,0.982234,24.8475,overall<=4.0
304,0.836128,20,0.632446,0.903663,post_filter,False,0.1161,0.0,0.0,0.632446,0.813297,24.9379,"overall IN (2,4,5)"
305,0.092237,0,0.50509,0.725257,pre_filter,False,9.9493,0.7,0.031532,0.457734,0.725257,25.1313,main_cat='Home Audio &amp; Theater' AND overall>=3.0
306,0.70348,19,0.531441,0.949082,post_filter,False,0.8582,1.0,0.971392,0.531441,0.951313,24.806,"overall IN (1,5)"
307,0.140751,1,0.479223,0.694411,post_filter,False,0.8986,0.4,0.00017,0.479223,0.624987,26.8521,overall<=2.0
308,0.658182,18,0.6561,0.82511,pre_filter,False,28.8565,1.0,0.038115,0.594302,0.82511,25.1703,verified=true AND overall>=3.0
309,0.300422,7,0.59679,0.769539,post_filter,False,0.732,1.0,0.975599,0.59679,0.790145,25.1903,"main_cat IN ('All Electronics', 'Books', 'Sports & Outdoors')"
310,0.319094,7,0.59679,0.790145,post_filter,False,0.6092,1.0,0.979692,0.59679,0.8091,25.0981,"overall IN (1,2,4)"
311,0.270385,5,0.850272,0.851165,post_filter,False,0.8308,1.0,0.972308,0.850272,0.86328,25.3314,"main_cat IN ('Home Audio & Theater', 'Books', 'Tools & Home Improvement')"
312,0.751008,19,0.531441,0.951313,post_filter,False,0.1337,0.0,0.0,0.531441,0.856182,24.975,"overall IN (1,2,5)"
313,0.230635,3,0.729,0.903446,post_filter,False,0.8197,0.9,0.566445,0.729,0.869746,25.1741,"main_cat IN ('Camera & Photo', 'Camera &amp; Photo', 'Cell Phones &amp; Accessories')"
314,0.210713,2,0.684492,0.861758,post_filter,False,1.1774,0.4,0.000168,0.684492,0.775599,32.8072,"main_cat IN ('Camera & Photo', 'Camera &amp; Photo')"
315,0.12068,1,0.479223,0.624987,post_filter,False,1.0412,0.9,0.562146,0.479223,0.618703,25.3335,"main_cat IN ('Camera &amp; Photo', 'Cell Phones &amp; Accessories', 'Tools & Home Improvement')"
316,0.050727,0,0.457734,0.725257,post_filter,False,0.4511,1.0,0.984963,0.457734,0.751228,25.1786,"main_cat IN ('Computers', 'Tools & Home Improvement')"
317,0.821657,20,0.632446,0.813297,post_filter,False,0.9279,1.0,0.969069,0.632446,0.828874,24.9272,"overall IN (1,2,3,5)"
318,0.160682,1,0.479223,0.618703,post_filter,False,0.8302,1.0,0.972325,0.479223,0.654065,25.2535,"main_cat IN ('Camera & Photo', 'Computers')"
319,0.610257,18,0.594302,0.82511,post_filter,False,0.7251,1.0,0.975829,0.594302,0.840181,25.4967,overall>=5.0
320,0.658182,18,0.594302,0.840181,post_filter,False,1.0046,1.0,0.966514,0.594302,0.852815,25.1231,verified=true AND overall>=3.0
321,0.319094,7,0.59679,0.8091,post_filter,False,0.5085,1.0,0.98305,0.59679,0.826495,25.1902,"overall IN (1,2,4)"
322,0.952472,21,1.0,0.886948,post_filter,True,0.8787,1.0,0.97071,1.0,0.895324,25.1989,"overall IN (1,3,4,5)"
323,0.680906,18,0.594302,0.852815,post_filter,False,0.8434,1.0,0.971888,0.594302,0.864722,25.1805,"overall IN (3,5)"
324,0.12068,1,0.479223,0.654065,post_filter,False,1.1636,0.7,0.045349,0.479223,0.593193,25.4773,"main_cat IN ('Camera &amp; Photo', 'Cell Phones &amp; Accessories', 'Tools & Home Improvement')"
325,0.230635,3,0.729,0.869746,pre_filter,False,20.3585,1.0,0.321385,0.688238,0.869746,25.2752,"main_cat IN ('Camera & Photo', 'Camera &amp; Photo', 'Cell Phones &amp; Accessories')"
326,0.836128,20,0.632446,0.828874,post_filter,False,1.0781,1.0,0.964064,0.632446,0.842393,24.9638,"overall IN (2,4,5)"
327,0.230635,3,0.688238,0.869746,post_filter,False,0.7228,1.0,0.975907,0.688238,0.880362,25.27,"main_cat IN ('Camera & Photo', 'Camera &amp; Photo', 'Cell Phones &amp; Accessories')"
328,0.7886,19,0.531441,0.856182,post_filter,False,0.3911,0.4,0.000173,0.531441,0.770581,25.4641,overall>=4.0
329,0.389743,11,0.843457,0.982234,post_filter,False,0.1418,0.2,0.0,0.843457,0.884011,25.0716,overall<=4.0
330,0.180604,1,0.479223,0.593193,post_filter,False,0.8942,1.0,0.970193,0.479223,0.630893,25.1367,"main_cat IN ('Camera & Photo', 'Computers', 'Cell Phones &amp; Accessories')"
331,0.728433,19,0.531441,0.770581,post_filter,False,0.6795,1.0,0.977349,0.531441,0.791258,25.3658,"overall IN (2,3,5)"
332,0.248992,4,0.764836,0.986454,post_filter,False,0.8852,1.0,0.970493,0.764836,0.984857,24.9083,"overall IN (3,4)"
333,0.7886,19,0.531441,0.791258,post_filter,False,0.8196,1.0,0.972681,0.531441,0.8094,25.0553,overall>=4.0
334,0.952472,21,1.0,0.895324,post_filter,True,0.4414,1.0,0.985288,1.0,0.904321,24.9949,"overall IN (1,3,4,5)"
335,0.610257,18,0.594302,0.864722,post_filter,False,0.8943,1.0,0.970189,0.594302,0.875269,25.0943,overall>=5.0
336,0.180604,1,0.479223,0.630893,post_filter,False,0.8057,1.0,0.973143,0.479223,0.665118,25.0519,"main_cat IN ('Camera & Photo', 'Computers', 'Cell Phones &amp; Accessories')"
337,0.12068,1,0.479223,0.665118,post_filter,False,0.9135,1.0,0.96955,0.479223,0.695561,24.9609,"main_cat IN ('Camera &amp; Photo', 'Cell Phones &amp; Accessories', 'Tools & Home Improvement')"
338,0.140751,1,0.479223,0.695561,post_filter,False,1.0015,0.8,0.173348,0.479223,0.64334,25.2976,overall<=2.0
339,0.906777,21,1.0,0.904321,post_filter,True,0.8811,1.0,0.970631,1.0,0.910952,25.0641,overall>=2.0
340,0.092237,0,0.457734,0.751228,post_filter,False,0.8835,1.0,0.97055,0.457734,0.77316,25.13,main_cat='Home Audio &amp; Theater' AND overall>=3.0
341,0.389743,11,0.843457,0.884011,pre_filter,False,48.6126,1.0,0.0,0.759111,0.884011,25.0423,overall<=4.0
342,0.160682,1,0.479223,0.64334,post_filter,False,0.6711,1.0,0.977629,0.479223,0.676769,24.8977,"main_cat IN ('Camera & Photo', 'Computers')"
343,0.929351,21,1.0,0.910952,post_filter,True,0.7857,1.0,0.97381,1.0,0.917238,24.9551,"overall IN (1,2,4,5)"
344,0.7886,19,0.531441,0.8094,post_filter,False,0.8648,1.0,0.971172,0.531441,0.825577,24.8624,overall>=4.0
345,0.389743,11,0.759111,0.884011,post_filter,False,0.7526,1.0,0.974913,0.759111,0.893101,24.838,overall<=4.0
346,0.092237,0,0.457734,0.77316,post_filter,False,0.516,0.0,0.0,0.457734,0.695844,24.9688,main_cat='Home Audio &amp; Theater' AND overall>=3.0
347,0.859249,20,0.632446,0.842393,post_filter,False,0.9573,1.0,0.968092,0.632446,0.854963,24.9489,overall>=3.0
348,0.774129,19,0.531441,0.825577,post_filter,False,0.8342,1.0,0.972194,0.531441,0.840239,24.9025,"overall IN (1,3,5)"
349,0.906777,21,1.0,0.917238,post_filter,True,0.5344,1.0,0.982186,1.0,0.923732,24.973,overall>=2.0
350,0.270385,5,0.850272,0.86328,pre_filter,False,40.5095,1.0,0.0,0.765244,0.86328,25.0293,"main_cat IN ('Home Audio & Theater', 'Books', 'Tools & Home Improvement')"
351,0.774129,19,0.531441,0.840239,post_filter,False,0.3419,1.0,0.988603,0.531441,0.855075,25.6059,"overall IN (1,3,5)"
352,0.300422,7,0.59679,0.826495,post_filter,False,0.8007,1.0,0.97331,0.59679,0.841176,25.225,"main_cat IN ('All Electronics', 'Books', 'Sports & Outdoors')"
353,0.7886,19,0.531441,0.855075,post_filter,False,0.8606,1.0,0.971312,0.531441,0.866699,24.7441,overall>=4.0
354,0.092237,0,0.457734,0.695844,post_filter,False,0.9692,1.0,0.967693,0.457734,0.723029,25.1238,main_cat='Home Audio &amp; Theater' AND overall>=3.0
355,0.680906,18,0.594302,0.875269,post_filter,False,0.8546,1.0,0.971513,0.594302,0.884893,24.97,"overall IN (3,5)"
356,0.680906,18,0.594302,0.884893,post_filter,False,0.7293,1.0,0.975692,0.594302,0.893973,24.9055,"overall IN (3,5)"
357,0.248992,4,0.764836,0.984857,post_filter,False,0.6835,1.0,0.977217,0.764836,0.984093,24.9629,"overall IN (3,4)"
358,0.929351,21,1.0,0.923732,post_filter,True,0.452,1.0,0.984935,1.0,0.929853,25.1056,"overall IN (1,2,4,5)"
359,0.248992,4,0.764836,0.984093,post_filter,False,0.8615,0.9,0.565633,0.764836,0.942247,24.9782,"overall IN (3,4)"
360,0.906777,21,1.0,0.929853,post_filter,True,0.8848,1.0,0.970507,1.0,0.933918,25.0823,overall>=2.0
361,0.160682,1,0.479223,0.676769,post_filter,False,0.9917,1.0,0.966944,0.479223,0.705786,25.1908,"main_cat IN ('Camera & Photo', 'Computers')"
362,0.7886,19,0.531441,0.866699,post_filter,False,0.8559,1.0,0.971471,0.531441,0.877176,24.7201,overall>=4.0
363,0.7886,19,0.531441,0.877176,post_filter,False,0.7753,1.0,0.974156,0.531441,0.886874,24.826,overall>=4.0
364,0.952472,21,1.0,0.933918,post_filter,True,0.9196,1.0,0.969347,1.0,0.937461,24.9987,"overall IN (1,3,4,5)"
365,0.7886,19,0.531441,0.886874,post_filter,False,0.8178,1.0,0.97274,0.531441,0.895461,25.0802,overall>=4.0
366,0.751008,19,0.531441,0.895461,post_filter,False,0.4534,1.0,0.984886,0.531441,0.904403,24.951,"overall IN (1,2,5)"
367,0.160682,1,0.479223,0.705786,post_filter,False,0.8916,1.0,0.970279,0.479223,0.732236,24.9915,"main_cat IN ('Camera & Photo', 'Computers')"
368,0.859249,20,0.632446,0.854963,post_filter,False,0.8107,1.0,0.972976,0.632446,0.866764,24.9555,overall>=3.0
369,0.300422,7,0.59679,0.841176,post_filter,False,0.8982,1.0,0.970058,0.59679,0.854064,25.1436,"main_cat IN ('All Electronics', 'Books', 'Sports & Outdoors')"
370,0.658182,18,0.594302,0.893973,post_filter,False,1.0173,1.0,0.96609,0.594302,0.901185,25.038,verified=true AND overall>=3.0
371,0.210713,2,0.684492,0.775599,post_filter,False,0.9194,1.0,0.969353,0.684492,0.794974,25.1834,"main_cat IN ('Camera & Photo', 'Camera &amp; Photo')"
372,0.12068,1,0.479223,0.732236,post_filter,False,0.8313,1.0,0.97229,0.479223,0.756241,25.2149,"main_cat IN ('Camera &amp; Photo', 'Cell Phones &amp; Accessories', 'Tools & Home Improvement')"
373,0.180604,1,0.479223,0.756241,post_filter,False,0.91,1.0,0.969667,0.479223,0.777584,24.8748,"main_cat IN ('Camera & Photo', 'Computers', 'Cell Phones &amp; Accessories')"
374,0.859249,20,0.632446,0.866764,post_filter,False,0.8367,1.0,0.972111,0.632446,0.877299,25.1199,overall>=3.0
375,0.140751,1,0.479223,0.777584,pre_filter,False,23.0814,0.8,0.041358,0.435436,0.777584,25.7317,overall<=2.0
376,0.210713,2,0.684492,0.794974,post_filter,False,0.825,0.9,0.566342,0.684492,0.772111,25.1377,"main_cat IN ('Camera & Photo', 'Camera &amp; Photo')"
377,0.859249,20,0.632446,0.877299,post_filter,False,0.78,1.0,0.974001,0.632446,0.886969,24.9778,overall>=3.0
378,0.610257,18,0.594302,0.901185,post_filter,False,0.9877,1.0,0.967078,0.594302,0.907774,24.8555,overall>=5.0
379,0.050727,0,0.457734,0.723029,post_filter,False,1.1224,1.0,0.962587,0.457734,0.746985,25.5211,"main_cat IN ('Computers', 'Tools & Home Improvement')"
380,0.300422,7,0.59679,0.854064,post_filter,False,0.7859,1.0,0.973803,0.59679,0.866038,25.0032,"main_cat IN ('All Electronics', 'Books', 'Sports & Outdoors')"
381,0.680906,18,0.594302,0.907774,post_filter,False,0.2323,0.1,0.0,0.594302,0.816997,24.9737,"overall IN (3,5)"
382,0.70348,19,0.531441,0.904403,post_filter,False,0.998,1.0,0.966732,0.531441,0.910636,24.9963,"overall IN (1,5)"
383,0.300422,7,0.59679,0.866038,post_filter,False,0.8309,1.0,0.972304,0.59679,0.876665,25.0836,"main_cat IN ('All Electronics', 'Books', 'Sports & Outdoors')"
384,0.389743,11,0.759111,0.893101,post_filter,False,0.989,0.9,0.563157,0.759111,0.860107,25.1174,overall<=4.0
385,0.859249,20,0.632446,0.886969,post_filter,False,0.8483,1.0,0.971724,0.632446,0.895445,24.9804,overall>=3.0
386,0.680906,18,0.594302,0.816997,post_filter,False,0.8079,1.0,0.973069,0.594302,0.832604,25.3027,"overall IN (3,5)"
387,0.140751,1,0.435436,0.777584,post_filter,False,1.0437,0.7,0.045537,0.435436,0.704379,25.3082,overall<=2.0
388,0.728433,19,0.531441,0.910636,post_filter,False,0.3845,1.0,0.987185,0.531441,0.918291,25.2017,"overall IN (2,3,5)"
389,0.929351,21,1.0,0.937461,post_filter,True,0.657,1.0,0.9781,1.0,0.941525,25.1343,"overall IN (1,2,4,5)"
390,0.092237,0,0.457734,0.746985,post_filter,False,0.6926,0.8,0.175194,0.457734,0.689806,25.4524,main_cat='Home Audio &amp; Theater' AND overall>=3.0
391,0.092237,0,0.457734,0.689806,post_filter,False,1.1156,1.0,0.962814,0.457734,0.717106,25.2928,main_cat='Home Audio &amp; Theater' AND overall>=3.0
392,0.248992,4,0.764836,0.942247,pre_filter,False,14.8249,1.0,0.505838,0.738936,0.942247,24.9904,"overall IN (3,4)"
393,0.319094,7,0.59679,0.876665,post_filter,False,0.7357,1.0,0.975476,0.59679,0.886546,25.2031,"overall IN (1,2,4)"
394,0.7886,19,0.531441,0.918291,post_filter,False,0.8752,1.0,0.970826,0.531441,0.923545,24.8571,overall>=4.0
395,0.821657,20,0.632446,0.895445,post_filter,False,1.0386,1.0,0.965379,0.632446,0.902438,24.887,"overall IN (1,2,3,5)"
396,0.610257,18,0.594302,0.832604,post_filter,False,0.8182,1.0,0.972726,0.594302,0.846616,24.8539,overall>=5.0
397,0.658182,18,0.594302,0.846616,post_filter,False,0.9443,1.0,0.968522,0.594302,0.858807,24.8143,verified=true AND overall>=3.0
398,0.339351,8,0.81,0.931468,pre_filter,False,40.316,1.0,0.0,0.729,0.931468,25.1977,"main_cat IN ('Home Audio & Theater', 'Camera &amp; Photo', 'Sports & Outdoors')"
399,0.836128,20,0.632446,0.902438,post_filter,False,0.8137,1.0,0.972876,0.632446,0.909482,25.0871,"overall IN (2,4,5)"
400,0.339351,8,0.729,0.931468,post_filter,False,0.7615,1.0,0.974618,0.729,0.935783,24.9676,"main_cat IN ('Home Audio & Theater', 'Camera &amp; Photo', 'Sports & Outdoors')"
401,0.881823,20,0.632446,0.909482,post_filter,False,0.9205,1.0,0.969318,0.632446,0.915466,25.0593,"overall IN (1,4,5)"
402,0.70348,19,0.531441,0.923545,post_filter,False,0.8656,1.0,0.971147,0.531441,0.928305,25.2614,"overall IN (1,5)"
403,0.092237,0,0.457734,0.717106,post_filter,False,1.0574,0.9,0.561831,0.457734,0.701579,25.2849,main_cat='Home Audio &amp; Theater' AND overall>=3.0
404,0.140751,1,0.435436,0.704379,post_filter,False,1.3745,0.8,0.171118,0.435436,0.651053,25.1425,overall<=2.0
405,0.270385,5,0.765244,0.86328,post_filter,False,0.9785,1.0,0.967383,0.765244,0.87369,24.832,"main_cat IN ('Home Audio & Theater', 'Books', 'Tools & Home Improvement')"
406,0.751008,19,0.531441,0.928305,post_filter,False,0.8635,1.0,0.971218,0.531441,0.932596,24.6557,"overall IN (1,2,5)"
407,0.092237,0,0.457734,0.701579,post_filter,False,0.8293,1.0,0.972357,0.457734,0.728657,25.1227,main_cat='Home Audio &amp; Theater' AND overall>=3.0
408,0.389743,11,0.759111,0.860107,post_filter,False,0.4853,0.0,0.0,0.759111,0.774096,25.2322,overall<=4.0
409,0.389743,11,0.759111,0.774096,pre_filter,False,34.3516,1.0,0.0,0.6832,0.774096,25.0952,overall<=4.0
410,0.774129,19,0.531441,0.932596,post_filter,False,0.8526,1.0,0.971579,0.531441,0.936494,25.0472,"overall IN (1,3,5)"
411,0.658182,18,0.594302,0.858807,post_filter,False,0.6082,1.0,0.979728,0.594302,0.870899,25.0762,verified=true AND overall>=3.0
412,0.300422,7,0.59679,0.886546,post_filter,False,0.8964,1.0,0.970119,0.59679,0.894903,24.9651,"main_cat IN ('All Electronics', 'Books', 'Sports & Outdoors')"
413,0.140751,1,0.435436,0.651053,post_filter,False,1.4031,0.8,0.170947,0.435436,0.603042,33.791,overall<=2.0
414,0.929351,21,1.0,0.941525,post_filter,True,1.0528,1.0,0.964907,1.0,0.943863,40.874,"overall IN (1,2,4,5)"
415,0.881823,20,0.632446,0.915466,post_filter,False,0.538,1.0,0.982065,0.632446,0.922126,24.8922,"overall IN (1,4,5)"
416,0.836128,20,0.632446,0.922126,post_filter,False,0.7511,1.0,0.974963,0.632446,0.927409,25.0808,"overall IN (2,4,5)"
417,0.680906,18,0.594302,0.870899,post_filter,False,0.7221,1.0,0.975929,0.594302,0.881402,24.8579,"overall IN (3,5)"
418,0.751008,19,0.531441,0.936494,post_filter,False,0.582,1.0,0.980599,0.531441,0.940905,24.892,"overall IN (1,2,5)"
419,0.70348,19,0.531441,0.940905,post_filter,False,0.7107,1.0,0.97631,0.531441,0.944445,27.5025,"overall IN (1,5)"
420,0.160682,1,0.435436,0.603042,post_filter,False,0.4519,0.7,0.046468,0.435436,0.547385,30.1841,"main_cat IN ('Camera & Photo', 'Computers')"
421,0.836128,20,0.632446,0.927409,post_filter,False,0.2651,0.6,0.01001,0.632446,0.835669,24.9087,"overall IN (2,4,5)"
422,0.140751,1,0.435436,0.547385,post_filter,False,1.3474,0.2,0.0,0.435436,0.492646,26.8409,overall<=2.0
423,0.339351,8,0.729,0.935783,post_filter,False,0.5726,1.0,0.980914,0.729,0.940296,24.9811,"main_cat IN ('Home Audio & Theater', 'Camera &amp; Photo', 'Sports & Outdoors')"
424,0.658182,18,0.594302,0.881402,post_filter,False,0.9054,1.0,0.969819,0.594302,0.890244,24.729,verified=true AND overall>=3.0
425,0.952472,21,1.0,0.943863,post_filter,True,0.6828,1.0,0.97724,1.0,0.947201,25.011,"overall IN (1,3,4,5)"
426,0.906777,21,1.0,0.947201,post_filter,True,0.9513,1.0,0.96829,1.0,0.94931,25.1797,overall>=2.0
427,0.073033,0,0.457734,0.728657,post_filter,False,0.8704,1.0,0.970986,0.457734,0.75289,25.257,brand='Tiffen'
428,0.881823,20,0.632446,0.835669,pre_filter,False,90.9449,1.0,0.0,0.569201,0.835669,25.0455,"overall IN (1,4,5)"
429,0.12068,1,0.435436,0.492646,pre_filter,False,23.1979,1.0,0.226736,0.414566,0.492646,24.982,"main_cat IN ('Camera &amp; Photo', 'Cell Phones &amp; Accessories', 'Tools & Home Improvement')"
430,0.658182,18,0.594302,0.890244,post_filter,False,1.0125,1.0,0.966249,0.594302,0.897844,24.7882,verified=true AND overall>=3.0
431,0.140751,1,0.414566,0.492646,pre_filter,False,21.6468,0.8,0.049934,0.378103,0.492646,25.5344,overall<=2.0
432,0.248992,4,0.738936,0.942247,post_filter,False,0.6783,1.0,0.977392,0.738936,0.945762,25.423,"overall IN (3,4)"
433,0.160682,1,0.378103,0.492646,post_filter,False,1.0466,1.0,0.965112,0.378103,0.539893,24.9374,"main_cat IN ('Camera & Photo', 'Computers')"
434,0.160682,1,0.378103,0.539893,post_filter,False,0.6815,1.0,0.977282,0.378103,0.583632,25.1358,"main_cat IN ('Camera & Photo', 'Computers')"
435,0.270385,5,0.765244,0.87369,post_filter,False,0.9501,1.0,0.968329,0.765244,0.883154,24.9515,"main_cat IN ('Home Audio & Theater', 'Books', 'Tools & Home Improvement')"
436,0.952472,21,1.0,0.94931,post_filter,True,0.7307,1.0,0.975642,1.0,0.951943,25.3226,"overall IN (1,3,4,5)"
437,0.7886,19,0.531441,0.944445,post_filter,False,0.3324,1.0,0.988919,0.531441,0.948893,25.1408,overall>=4.0
438,0.210713,2,0.684492,0.772111,pre_filter,False,19.489,0.5,0.000571,0.6161,0.772111,25.6345,"main_cat IN ('Camera & Photo', 'Camera &amp; Photo')"
439,0.300422,7,0.59679,0.894903,post_filter,False,0.339,0.6667,0.028636,0.59679,0.808277,25.0772,"main_cat IN ('All Electronics', 'Books', 'Sports & Outdoors')"
440,0.658182,18,0.594302,0.897844,post_filter,False,0.9353,1.0,0.968822,0.594302,0.904942,24.9282,verified=true AND overall>=3.0
441,0.929351,21,1.0,0.951943,post_filter,True,0.9394,1.0,0.968687,1.0,0.953617,25.237,"overall IN (1,2,4,5)"
442,0.248992,4,0.738936,0.945762,pre_filter,False,30.2343,1.0,0.0,0.665042,0.945762,25.0899,"overall IN (3,4)"
443,0.906777,21,1.0,0.953617,post_filter,True,0.8141,1.0,0.972864,1.0,0.955542,25.1869,overall>=2.0
444,0.092237,0,0.457734,0.75289,post_filter,False,0.5392,1.0,0.982025,0.457734,0.775803,25.1488,main_cat='Home Audio &amp; Theater' AND overall>=3.0
445,0.230635,3,0.688238,0.880362,post_filter,False,0.3063,0.5,0.001614,0.688238,0.792487,25.0948,"main_cat IN ('Camera & Photo', 'Camera &amp; Photo', 'Cell Phones &amp; Accessories')"
446,0.180604,1,0.378103,0.583632,post_filter,False,0.9041,1.0,0.969863,0.378103,0.622255,25.2844,"main_cat IN ('Camera & Photo', 'Computers', 'Cell Phones &amp; Accessories')"
447,0.751008,19,0.531441,0.948893,post_filter,False,0.8585,1.0,0.971383,0.531441,0.951142,24.9999,"overall IN (1,2,5)"
448,0.680906,18,0.594302,0.904942,post_filter,False,0.8108,1.0,0.972975,0.594302,0.911745,25.1159,"overall IN (3,5)"
449,0.230635,3,0.688238,0.792487,post_filter,False,0.8814,1.0,0.970619,0.688238,0.810301,25.0292,"main_cat IN ('Camera & Photo', 'Camera &amp; Photo', 'Cell Phones &amp; Accessories')"
450,0.140751,1,0.378103,0.622255,post_filter,False,0.9405,1.0,0.968649,0.378103,0.656894,25.5532,overall<=2.0
451,0.751008,19,0.531441,0.951142,post_filter,False,0.7958,1.0,0.973474,0.531441,0.953375,24.956,"overall IN (1,2,5)"
452,0.248992,4,0.665042,0.945762,post_filter,False,0.8385,1.0,0.97205,0.665042,0.948391,25.287,"overall IN (3,4)"
453,0.728433,19,0.531441,0.953375,post_filter,False,0.9093,1.0,0.969689,0.531441,0.955006,25.2536,"overall IN (2,3,5)"
454,0.680906,18,0.594302,0.911745,post_filter,False,0.7842,1.0,0.97386,0.594302,0.917957,24.9942,"overall IN (3,5)"
455,0.092237,0,0.457734,0.775803,post_filter,False,0.9775,0.7,0.045641,0.457734,0.702787,24.9972,main_cat='Home Audio &amp; Theater' AND overall>=3.0
456,0.658182,18,0.594302,0.917957,post_filter,False,0.4793,1.0,0.984024,0.594302,0.924563,24.9428,verified=true AND overall>=3.0
457,0.751008,19,0.531441,0.955006,post_filter,False,0.8277,1.0,0.972411,0.531441,0.956747,25.1063,"overall IN (1,2,5)"
458,0.160682,1,0.378103,0.656894,post_filter,False,0.8389,0.9,0.566072,0.378103,0.647812,24.906,"main_cat IN ('Camera & Photo', 'Computers')"
459,0.70348,19,0.531441,0.956747,post_filter,False,0.7773,1.0,0.974089,0.531441,0.958481,24.8537,"overall IN (1,5)"
460,0.70348,19,0.531441,0.958481,post_filter,False,0.6071,1.0,0.979764,0.531441,0.960609,24.8965,"overall IN (1,5)"
461,0.140751,1,0.378103,0.647812,post_filter,False,0.8482,1.0,0.971726,0.378103,0.680204,24.9039,overall<=2.0
462,0.160682,1,0.378103,0.680204,post_filter,False,0.3693,1.0,0.98769,0.378103,0.710952,24.9019,"main_cat IN ('Camera & Photo', 'Computers')"
463,0.774129,19,0.531441,0.960609,post_filter,False,0.7436,1.0,0.975212,0.531441,0.96207,24.9361,"overall IN (1,3,5)"
464,0.728433,19,0.531441,0.96207,post_filter,False,0.6512,1.0,0.978294,0.531441,0.963692,25.1243,"overall IN (2,3,5)"
465,0.821657,20,0.569201,0.835669,post_filter,False,0.9318,1.0,0.96894,0.569201,0.848996,24.84,"overall IN (1,2,3,5)"
466,0.929351,21,1.0,0.955542,post_filter,True,0.59,1.0,0.980333,1.0,0.958021,25.1423,"overall IN (1,2,4,5)"
467,0.728433,19,0.531441,0.963692,post_filter,False,0.7305,1.0,0.97565,0.531441,0.964888,25.1653,"overall IN (2,3,5)"
468,0.270385,5,0.765244,0.883154,pre_filter,False,31.1573,1.0,0.0,0.68872,0.883154,24.7722,"main_cat IN ('Home Audio & Theater', 'Books', 'Tools & Home Improvement')"
469,0.881823,20,0.569201,0.848996,post_filter,False,0.2875,0.0,0.0,0.569201,0.764097,24.827,"overall IN (1,4,5)"
470,0.952472,21,1.0,0.958021,post_filter,True,0.6567,1.0,0.978111,1.0,0.96003,24.9413,"overall IN (1,3,4,5)"
471,0.70348,19,0.531441,0.964888,post_filter,False,0.6061,1.0,0.979796,0.531441,0.966379,24.8885,"overall IN (1,5)"
472,0.073033,0,0.457734,0.702787,post_filter,False,1.4347,0.6,0.009616,0.457734,0.63347,25.0392,brand='Tiffen'
473,0.881823,20,0.569201,0.764097,post_filter,False,0.869,1.0,0.971033,0.569201,0.78479,25.1322,"overall IN (1,4,5)"
474,0.906777,21,1.0,0.96003,post_filter,True,0.8179,1.0,0.972737,1.0,0.961301,24.8529,overall>=2.0
475,0.050727,0,0.457734,0.63347,post_filter,False,0.4743,1.0,0.984189,0.457734,0.668542,24.8869,"main_cat IN ('Computers', 'Tools & Home Improvement')"
476,0.092237,0,0.457734,0.668542,post_filter,False,0.9249,1.0,0.969171,0.457734,0.698605,25.245,main_cat='Home Audio &amp; Theater' AND overall>=3.0
477,0.073033,0,0.457734,0.698605,post_filter,False,1.276,0.5,0.001562,0.457734,0.6289,25.5501,brand='Tiffen'
478,0.751008,19,0.531441,0.966379,post_filter,False,0.8073,1.0,0.97309,0.531441,0.96705,25.0603,"overall IN (1,2,5)"
479,0.836128,20,0.569201,0.78479,post_filter,False,0.8267,1.0,0.972443,0.569201,0.803556,25.1597,"overall IN (2,4,5)"
480,0.70348,19,0.531441,0.96705,post_filter,False,0.7429,1.0,0.975236,0.531441,0.967868,25.1367,"overall IN (1,5)"
481,0.230635,3,0.688238,0.810301,post_filter,False,0.471,0.9,0.573214,0.688238,0.786592,25.1717,"main_cat IN ('Camera & Photo', 'Camera &amp; Photo', 'Cell Phones &amp; Accessories')"
482,0.751008,19,0.531441,0.967868,post_filter,False,0.7709,1.0,0.974304,0.531441,0.968512,25.2414,"overall IN (1,2,5)"
483,0.180604,1,0.378103,0.710952,post_filter,False,1.1974,0.9,0.559113,0.378103,0.695768,25.439,"main_cat IN ('Camera & Photo', 'Computers', 'Cell Phones &amp; Accessories')"
484,0.836128,20,0.569201,0.803556,post_filter,False,0.8905,1.0,0.970317,0.569201,0.820232,24.9819,"overall IN (2,4,5)"
485,0.70348,19,0.531441,0.968512,post_filter,False,0.9217,1.0,0.969275,0.531441,0.968588,25.1996,"overall IN (1,5)"
486,0.339351,8,0.729,0.940296,post_filter,False,0.5747,1.0,0.980843,0.729,0.944351,25.2008,"main_cat IN ('Home Audio & Theater', 'Camera &amp; Photo', 'Sports & Outdoors')"
487,0.728433,19,0.531441,0.968588,post_filter,False,0.3247,0.9,0.576053,0.531441,0.929335,25.0508,"overall IN (2,3,5)"
488,0.751008,19,0.531441,0.929335,post_filter,False,0.7445,1.0,0.975182,0.531441,0.93392,24.9386,"overall IN (1,2,5)"
489,0.050727,0,0.457734,0.6289,post_filter,False,0.5957,0.9,0.570792,0.457734,0.62309,25.3011,"main_cat IN ('Computers', 'Tools & Home Improvement')"
490,0.610257,18,0.594302,0.924563,post_filter,False,0.7609,1.0,0.974636,0.594302,0.929571,24.7931,overall>=5.0
491,0.929351,21,1.0,0.961301,post_filter,True,0.6997,1.0,0.976676,1.0,0.962838,25.0476,"overall IN (1,2,4,5)"
492,0.751008,19,0.531441,0.93392,post_filter,False,0.7766,1.0,0.974114,0.531441,0.937939,25.1923,"overall IN (1,2,5)"
493,0.680906,18,0.594302,0.929571,post_filter,False,0.7179,1.0,0.976071,0.594302,0.934221,25.1905,"overall IN (3,5)"
494,0.248992,4,0.665042,0.948391,post_filter,False,0.9807,1.0,0.967311,0.665042,0.950283,25.024,"overall IN (3,4)"
495,0.751008,19,0.531441,0.937939,post_filter,False,0.5758,1.0,0.980807,0.531441,0.942226,24.9495,"overall IN (1,2,5)"
496,0.248992,4,0.665042,0.950283,post_filter,False,0.9573,1.0,0.968089,0.665042,0.952063,24.9457,"overall IN (3,4)"
497,0.610257,18,0.594302,0.934221,post_filter,False,0.7787,1.0,0.974044,0.594302,0.938203,24.7654,overall>=5.0
498,0.210713,2,0.6161,0.772111,pre_filter,False,22.976,1.0,0.234132,0.577904,0.772111,24.8073,"main_cat IN ('Camera & Photo', 'Camera &amp; Photo')"
499,0.859249,20,0.569201,0.820232,post_filter,False,0.8751,0.9,0.565369,0.569201,0.794745,24.9816,overall>=3.0
500,0.859249,20,0.569201,0.794745,pre_filter,False,2.1847,0.0,0.0,0.512281,0.794745,24.8805,overall>=3.0
501,0.774129,19,0.531441,0.942226,post_filter,False,0.7034,1.0,0.976554,0.531441,0.945659,25.2865,"overall IN (1,3,5)"
502,0.319094,7,0.59679,0.808277,post_filter,False,0.3677,1.0,0.987744,0.59679,0.826223,25.2741,"overall IN (1,2,4)"
503,0.248992,4,0.665042,0.952063,post_filter,False,0.7588,1.0,0.974707,0.665042,0.954328,25.1863,"overall IN (3,4)"
504,0.389743,11,0.6832,0.774096,post_filter,False,0.9846,1.0,0.967181,0.6832,0.793404,25.19,overall<=4.0
505,0.092237,0,0.457734,0.62309,post_filter,False,0.9486,1.0,0.968379,0.457734,0.657619,24.8251,main_cat='Home Audio &amp; Theater' AND overall>=3.0
506,0.7886,19,0.531441,0.945659,post_filter,False,0.478,1.0,0.984068,0.531441,0.9495,24.9658,overall>=4.0
507,0.073033,0,0.457734,0.657619,post_filter,False,0.5248,0.9,0.572169,0.457734,0.649074,25.2066,brand='Tiffen'
508,0.160682,1,0.378103,0.695768,post_filter,False,0.799,1.0,0.973367,0.378103,0.723528,25.1877,"main_cat IN ('Camera & Photo', 'Computers')"
509,0.389743,11,0.6832,0.793404,post_filter,False,0.6054,1.0,0.979821,0.6832,0.812046,25.2131,overall<=4.0
510,0.339351,8,0.729,0.944351,post_filter,False,0.8246,1.0,0.972512,0.729,0.947167,25.2473,"main_cat IN ('Home Audio & Theater', 'Camera &amp; Photo', 'Sports & Outdoors')"
511,0.610257,18,0.594302,0.938203,post_filter,False,0.7097,1.0,0.976343,0.594302,0.942017,25.2855,overall>=5.0
512,0.389743,11,0.6832,0.812046,post_filter,False,0.6888,1.0,0.977039,0.6832,0.828545,25.0943,overall<=4.0
513,0.180604,1,0.378103,0.723528,post_filter,False,1.006,0.9,0.562827,0.378103,0.707458,25.2521,"main_cat IN ('Camera & Photo', 'Computers', 'Cell Phones &amp; Accessories')"
514,0.270385,5,0.68872,0.883154,post_filter,False,1.1518,0.5,0.001568,0.68872,0.794995,25.2091,"main_cat IN ('Home Audio & Theater', 'Books', 'Tools & Home Improvement')"
515,0.728433,19,0.531441,0.9495,post_filter,False,0.3176,0.8,0.177436,0.531441,0.872293,24.992,"overall IN (2,3,5)"
516,0.140751,1,0.378103,0.707458,post_filter,False,0.8745,1.0,0.97085,0.378103,0.733797,24.7483,overall<=2.0
517,0.270385,5,0.68872,0.794995,post_filter,False,1.0614,0.5,0.001573,0.68872,0.715653,25.3145,"main_cat IN ('Home Audio & Theater', 'Books', 'Tools & Home Improvement')"
518,0.906777,21,1.0,0.962838,post_filter,True,0.9188,1.0,0.969372,1.0,0.963492,24.8909,overall>=2.0
519,0.7886,19,0.531441,0.872293,post_filter,False,0.8287,1.0,0.972378,0.531441,0.882302,25.0277,overall>=4.0
520,0.270385,5,0.68872,0.715653,pre_filter,False,16.4629,1.0,0.451237,0.664972,0.715653,25.1495,"main_cat IN ('Home Audio & Theater', 'Books', 'Tools & Home Improvement')"
521,0.821657,20,0.512281,0.794745,post_filter,False,0.8438,1.0,0.971872,0.512281,0.812458,24.7974,"overall IN (1,2,3,5)"
522,0.906777,21,1.0,0.963492,post_filter,True,0.7967,1.0,0.973443,1.0,0.964487,25.081,overall>=2.0
523,0.300422,7,0.59679,0.826223,post_filter,False,0.828,1.0,0.9724,0.59679,0.840841,24.9621,"main_cat IN ('All Electronics', 'Books', 'Sports & Outdoors')"
524,0.319094,7,0.59679,0.840841,post_filter,False,0.8575,1.0,0.971415,0.59679,0.853898,26.7715,"overall IN (1,2,4)"
525,0.140751,1,0.378103,0.733797,post_filter,False,1.2193,1.0,0.959357,0.378103,0.756353,32.2446,overall<=2.0
526,0.836128,20,0.512281,0.812458,post_filter,False,0.9845,1.0,0.967185,0.512281,0.827931,24.7713,"overall IN (2,4,5)"
527,0.300422,7,0.59679,0.853898,post_filter,False,0.8986,1.0,0.970047,0.59679,0.865513,25.0055,"main_cat IN ('All Electronics', 'Books', 'Sports & Outdoors')"
528,0.658182,18,0.594302,0.942017,post_filter,False,0.5757,1.0,0.98081,0.594302,0.945896,24.8646,verified=true AND overall>=3.0
529,0.680906,18,0.594302,0.945896,post_filter,False,0.8492,1.0,0.971694,0.594302,0.948476,25.2402,"overall IN (3,5)"
530,0.12068,1,0.378103,0.756353,post_filter,False,1.0032,0.9,0.562883,0.378103,0.737006,25.2307,"main_cat IN ('Camera &amp; Photo', 'Cell Phones &amp; Accessories', 'Tools & Home Improvement')"
531,0.270385,5,0.664972,0.715653,post_filter,False,0.4307,1.0,0.985644,0.664972,0.742652,25.0977,"main_cat IN ('Home Audio & Theater', 'Books', 'Tools & Home Improvement')"
532,0.210713,2,0.577904,0.772111,post_filter,False,0.8816,1.0,0.970614,0.577904,0.791961,25.237,"main_cat IN ('Camera & Photo', 'Camera &amp; Photo')"
533,0.389743,11,0.6832,0.828545,post_filter,False,0.5027,1.0,0.983243,0.6832,0.844015,25.1398,overall<=4.0
534,0.12068,1,0.378103,0.737006,pre_filter,False,15.8698,0.6,0.004757,0.340768,0.737006,25.432,"main_cat IN ('Camera &amp; Photo', 'Cell Phones &amp; Accessories', 'Tools & Home Improvement')"
535,0.230635,3,0.688238,0.786592,post_filter,False,1.0488,0.9,0.561998,0.688238,0.764132,25.05,"main_cat IN ('Camera & Photo', 'Camera &amp; Photo', 'Cell Phones &amp; Accessories')"
536,0.389743,11,0.6832,0.844015,post_filter,False,0.6247,1.0,0.979176,0.6832,0.857531,25.3131,overall<=4.0
537,0.210713,2,0.577904,0.791961,post_filter,False,0.8531,1.0,0.971564,0.577904,0.809922,25.212,"main_cat IN ('Camera & Photo', 'Camera &amp; Photo')"
538,0.140751,1,0.340768,0.737006,post_filter,False,1.2807,0.7,0.045165,0.340768,0.667822,25.8103,overall<=2.0
539,0.12068,1,0.340768,0.667822,post_filter,False,0.4918,1.0,0.983606,0.340768,0.6994,25.398,"main_cat IN ('Camera &amp; Photo', 'Cell Phones &amp; Accessories', 'Tools & Home Improvement')"
540,0.073033,0,0.457734,0.649074,post_filter,False,1.0893,0.0,0.0,0.457734,0.584166,26.2662,brand='Tiffen'
541,0.248992,4,0.665042,0.954328,post_filter,False,0.834,1.0,0.972199,0.665042,0.956115,25.0279,"overall IN (3,4)"
542,0.319094,7,0.59679,0.865513,post_filter,False,0.9199,1.0,0.969337,0.59679,0.875896,25.0895,"overall IN (1,2,4)"
543,0.906777,21,1.0,0.964487,post_filter,True,0.7312,1.0,0.975628,1.0,0.965601,25.0906,overall>=2.0
544,0.728433,19,0.531441,0.882302,post_filter,False,0.5463,0.9,0.571752,0.531441,0.851247,25.2904,"overall IN (2,3,5)"
545,0.339351,8,0.729,0.947167,post_filter,False,0.9876,1.0,0.967081,0.729,0.949158,24.7849,"main_cat IN ('Home Audio & Theater', 'Camera &amp; Photo', 'Sports & Outdoors')"
546,0.210713,2,0.577904,0.809922,post_filter,False,0.564,1.0,0.9812,0.577904,0.827049,25.4231,"main_cat IN ('Camera & Photo', 'Camera &amp; Photo')"
547,0.906777,21,1.0,0.965601,post_filter,True,1.0276,1.0,0.965746,1.0,0.965616,24.9558,overall>=2.0
548,0.929351,21,1.0,0.965616,post_filter,True,0.7456,1.0,0.975147,1.0,0.966569,25.1555,"overall IN (1,2,4,5)"
549,0.160682,1,0.340768,0.6994,post_filter,False,0.6644,1.0,0.977853,0.340768,0.727246,25.1681,"main_cat IN ('Camera & Photo', 'Computers')"
550,0.881823,20,0.512281,0.827931,post_filter,False,0.4279,1.0,0.985738,0.512281,0.843711,25.0855,"overall IN (1,4,5)"
551,0.270385,5,0.664972,0.742652,pre_filter,False,50.3366,1.0,0.0,0.598475,0.742652,25.0146,"main_cat IN ('Home Audio & Theater', 'Books', 'Tools & Home Improvement')"
552,0.952472,21,1.0,0.966569,post_filter,True,0.678,1.0,0.977401,1.0,0.967652,25.044,"overall IN (1,3,4,5)"
553,0.70348,19,0.531441,0.851247,post_filter,False,0.5475,1.0,0.981751,0.531441,0.864297,24.9198,"overall IN (1,5)"
554,0.821657,20,0.512281,0.843711,post_filter,False,0.6905,1.0,0.976985,0.512281,0.857039,25.1125,"overall IN (1,2,3,5)"
555,0.270385,5,0.598475,0.742652,post_filter,False,0.3554,0.8,0.17721,0.598475,0.686108,25.053,"main_cat IN ('Home Audio & Theater', 'Books', 'Tools & Home Improvement')"
556,0.180604,1,0.340768,0.727246,post_filter,False,0.3148,0.8,0.177453,0.340768,0.672266,25.1782,"main_cat IN ('Camera & Photo', 'Computers', 'Cell Phones &amp; Accessories')"
557,0.836128,20,0.512281,0.857039,post_filter,False,0.8343,1.0,0.972189,0.512281,0.868554,25.3718,"overall IN (2,4,5)"
558,0.160682,1,0.340768,0.672266,post_filter,False,0.8762,1.0,0.970794,0.340768,0.702119,25.2466,"main_cat IN ('Camera & Photo', 'Computers')"
559,0.610257,18,0.594302,0.948476,post_filter,False,0.7013,1.0,0.976624,0.594302,0.951291,25.2302,overall>=5.0
560,0.658182,18,0.594302,0.951291,post_filter,False,0.9453,1.0,0.968489,0.594302,0.953011,25.0745,verified=true AND overall>=3.0
561,0.389743,11,0.6832,0.857531,post_filter,False,0.8792,1.0,0.970693,0.6832,0.868847,25.2602,overall<=4.0
562,0.610257,18,0.594302,0.953011,post_filter,False,1.0362,0.9,0.562242,0.594302,0.913934,25.0363,overall>=5.0
563,0.929351,21,1.0,0.967652,post_filter,True,0.7832,1.0,0.973893,1.0,0.968276,25.1007,"overall IN (1,2,4,5)"
564,0.248992,4,0.665042,0.956115,post_filter,False,1.0097,1.0,0.966344,0.665042,0.957138,25.1383,"overall IN (3,4)"
565,0.610257,18,0.594302,0.913934,post_filter,False,0.7685,0.8889,0.50115,0.594302,0.872655,25.1227,overall>=5.0
566,0.050727,0,0.457734,0.584166,post_filter,False,0.9329,1.0,0.968903,0.457734,0.62264,24.947,"main_cat IN ('Computers', 'Tools & Home Improvement')"
567,0.092237,0,0.457734,0.62264,post_filter,False,1.0187,1.0,0.966044,0.457734,0.65698,24.9128,main_cat='Home Audio &amp; Theater' AND overall>=3.0
568,0.319094,7,0.59679,0.875896,post_filter,False,0.8233,1.0,0.972557,0.59679,0.885562,24.9728,"overall IN (1,2,4)"
569,0.658182,18,0.594302,0.872655,post_filter,False,0.9542,1.0,0.968193,0.594302,0.882209,25.0185,verified=true AND overall>=3.0
570,0.389743,11,0.6832,0.868847,post_filter,False,0.7531,1.0,0.974896,0.6832,0.879452,25.2069,overall<=4.0
571,0.210713,2,0.577904,0.827049,post_filter,False,0.3038,0.2,0.0,0.577904,0.744345,25.1731,"main_cat IN ('Camera & Photo', 'Camera &amp; Photo')"
572,0.180604,1,0.340768,0.702119,post_filter,False,0.8256,1.0,0.972481,0.340768,0.729155,25.1153,"main_cat IN ('Camera & Photo', 'Computers', 'Cell Phones &amp; Accessories')"
573,0.70348,19,0.531441,0.864297,post_filter,False,0.8063,0.9,0.566706,0.531441,0.834538,24.9379,"overall IN (1,5)"
574,0.300422,7,0.59679,0.885562,post_filter,False,0.8242,1.0,0.972525,0.59679,0.894258,24.8825,"main_cat IN ('All Electronics', 'Books', 'Sports & Outdoors')"
575,0.073033,0,0.457734,0.65698,post_filter,False,0.5388,0.0,0.0,0.457734,0.591282,25.0342,brand='Tiffen'
576,0.073033,0,0.457734,0.591282,pre_filter,False,13.0415,1.0,0.565285,0.468489,0.591282,25.0617,brand='Tiffen'
577,0.248992,4,0.665042,0.957138,post_filter,False,0.7067,1.0,0.976443,0.665042,0.959068,24.9318,"overall IN (3,4)"
578,0.610257,18,0.594302,0.882209,post_filter,False,0.8536,1.0,0.971546,0.594302,0.891143,25.1018,overall>=5.0
579,0.728433,19,0.531441,0.834538,post_filter,False,0.88,1.0,0.970667,0.531441,0.848151,24.912,"overall IN (2,3,5)"
580,0.929351,21,1.0,0.968276,post_filter,True,0.7957,1.0,0.973476,1.0,0.968796,24.8406,"overall IN (1,2,4,5)"
581,0.881823,20,0.512281,0.868554,post_filter,False,0.5402,0.9,0.57187,0.512281,0.838885,24.9285,"overall IN (1,4,5)"
582,0.751008,19,0.531441,0.848151,post_filter,False,0.8973,1.0,0.970089,0.531441,0.860345,24.9433,"overall IN (1,2,5)"
583,0.774129,19,0.531441,0.860345,post_filter,False,0.6207,1.0,0.979311,0.531441,0.872241,24.8143,"overall IN (1,3,5)"
584,0.610257,18,0.594302,0.891143,post_filter,False,0.3342,1.0,0.988861,0.594302,0.900915,24.9133,overall>=5.0
585,0.248992,4,0.665042,0.959068,post_filter,False,0.6998,0.9,0.568773,0.665042,0.920039,24.9903,"overall IN (3,4)"
586,0.680906,18,0.594302,0.900915,post_filter,False,0.8706,1.0,0.970979,0.594302,0.907921,25.0377,"overall IN (3,5)"
587,0.050727,0,0.468489,0.591282,post_filter,False,1.0236,1.0,0.965879,0.468489,0.628742,25.2077,"main_cat IN ('Computers', 'Tools & Home Improvement')"
588,0.906777,21,1.0,0.968796,post_filter,True,0.2345,0.2,0.0,1.0,0.871917,25.0425,overall>=2.0
589,0.12068,1,0.340768,0.729155,post_filter,False,1.3423,0.8,0.17131,0.340768,0.673371,25.504,"main_cat IN ('Camera &amp; Photo', 'Cell Phones &amp; Accessories', 'Tools & Home Improvement')"
590,0.339351,8,0.729,0.949158,pre_filter,False,50.1604,1.0,0.0,0.6561,0.949158,24.8289,"main_cat IN ('Home Audio & Theater', 'Camera &amp; Photo', 'Sports & Outdoors')"
591,0.140751,1,0.340768,0.673371,post_filter,False,0.8621,0.9,0.565621,0.340768,0.662596,25.053,overall<=2.0
592,0.929351,21,1.0,0.871917,post_filter,True,0.9986,1.0,0.966714,1.0,0.881396,24.7865,"overall IN (1,2,4,5)"
593,0.230635,3,0.688238,0.764132,post_filter,False,0.4117,0.9,0.574365,0.688238,0.745156,24.9993,"main_cat IN ('Camera & Photo', 'Camera &amp; Photo', 'Cell Phones &amp; Accessories')"
594,0.821657,20,0.512281,0.838885,post_filter,False,0.5436,1.0,0.981881,0.512281,0.853185,25.3275,"overall IN (1,2,3,5)"
595,0.300422,7,0.59679,0.894258,post_filter,False,0.8653,1.0,0.971156,0.59679,0.901948,24.8921,"main_cat IN ('All Electronics', 'Books', 'Sports & Outdoors')"
596,0.836128,20,0.512281,0.853185,post_filter,False,0.7822,1.0,0.973926,0.512281,0.865259,25.2719,"overall IN (2,4,5)"
597,0.319094,7,0.59679,0.901948,post_filter,False,0.9254,1.0,0.969154,0.59679,0.908669,24.8401,"overall IN (1,2,4)"
598,0.300422,7,0.59679,0.908669,post_filter,False,0.9443,1.0,0.968522,0.59679,0.914654,25.3443,"main_cat IN ('All Electronics', 'Books', 'Sports & Outdoors')"
599,0.073033,0,0.468489,0.628742,post_filter,False,0.7091,1.0,0.976363,0.468489,0.663504,25.3503,brand='Tiffen'
600,0.319094,7,0.59679,0.914654,pre_filter,False,53.1448,1.0,0.0,0.537111,0.914654,25.1583,"overall IN (1,2,4)"
601,0.073033,0,0.468489,0.663504,post_filter,False,0.7577,1.0,0.974744,0.468489,0.694628,25.0781,brand='Tiffen'
602,0.70348,19,0.531441,0.872241,post_filter,False,0.8564,1.0,0.971453,0.531441,0.882162,25.184,"overall IN (1,5)"
603,0.680906,18,0.594302,0.907921,post_filter,False,0.6913,1.0,0.976957,0.594302,0.914825,24.9776,"overall IN (3,5)"
604,0.180604,1,0.340768,0.662596,post_filter,False,0.9048,1.0,0.969839,0.340768,0.69332,25.056,"main_cat IN ('Camera & Photo', 'Computers', 'Cell Phones &amp; Accessories')"
605,0.300422,7,0.537111,0.914654,post_filter,False,0.7679,0.9,0.567451,0.537111,0.879934,25.2495,"main_cat IN ('All Electronics', 'Books', 'Sports & Outdoors')"
606,0.680906,18,0.594302,0.914825,post_filter,False,0.855,1.0,0.971499,0.594302,0.920492,24.907,"overall IN (3,5)"
607,0.248992,4,0.665042,0.920039,post_filter,False,0.9781,1.0,0.967396,0.665042,0.924774,24.9006,"overall IN (3,4)"
608,0.092237,0,0.468489,0.694628,post_filter,False,0.8181,1.0,0.972729,0.468489,0.722438,25.2121,main_cat='Home Audio &amp; Theater' AND overall>=3.0
609,0.319094,7,0.537111,0.879934,pre_filter,False,18.5145,0.9,0.222956,0.505696,0.879934,25.2489,"overall IN (1,2,4)"
610,0.658182,18,0.594302,0.920492,post_filter,False,0.8348,1.0,0.972175,0.594302,0.92566,25.1364,verified=true AND overall>=3.0
611,0.389743,11,0.6832,0.879452,post_filter,False,0.5784,1.0,0.980721,0.6832,0.889579,24.9958,overall<=4.0
612,0.836128,20,0.512281,0.865259,post_filter,False,0.7218,1.0,0.975939,0.512281,0.876327,25.0218,"overall IN (2,4,5)"
613,0.680906,18,0.594302,0.92566,post_filter,False,0.6804,1.0,0.977321,0.594302,0.930826,25.3138,"overall IN (3,5)"
614,0.230635,3,0.688238,0.745156,post_filter,False,0.9827,1.0,0.967242,0.688238,0.767364,24.8622,"main_cat IN ('Camera & Photo', 'Camera &amp; Photo', 'Cell Phones &amp; Accessories')"
615,0.881823,20,0.512281,0.876327,post_filter,False,0.7976,1.0,0.973414,0.512281,0.886036,24.9715,"overall IN (1,4,5)"
616,0.728433,19,0.531441,0.882162,post_filter,False,0.4793,1.0,0.984022,0.531441,0.892348,25.0933,"overall IN (2,3,5)"
617,0.774129,19,0.531441,0.892348,post_filter,False,0.5284,1.0,0.982388,0.531441,0.901352,25.0603,"overall IN (1,3,5)"
618,0.728433,19,0.531441,0.901352,post_filter,False,0.7268,1.0,0.975774,0.531441,0.908794,25.0361,"overall IN (2,3,5)"
619,0.12068,1,0.340768,0.69332,post_filter,False,0.9868,0.9,0.563201,0.340768,0.680308,25.2436,"main_cat IN ('Camera &amp; Photo', 'Cell Phones &amp; Accessories', 'Tools & Home Improvement')"
620,0.140751,1,0.340768,0.680308,post_filter,False,0.8244,1.0,0.972521,0.340768,0.709529,25.1345,overall<=2.0
621,0.12068,1,0.340768,0.709529,post_filter,False,0.8973,1.0,0.970089,0.340768,0.735585,25.2283,"main_cat IN ('Camera &amp; Photo', 'Cell Phones &amp; Accessories', 'Tools & Home Improvement')"
622,0.319094,7,0.505696,0.879934,post_filter,False,0.7144,1.0,0.976188,0.505696,0.889559,25.2182,"overall IN (1,2,4)"
623,0.300422,7,0.505696,0.889559,post_filter,False,0.8335,1.0,0.972218,0.505696,0.897825,24.8011,"main_cat IN ('All Electronics', 'Books', 'Sports & Outdoors')"
624,0.859249,20,0.512281,0.886036,post_filter,False,0.8065,1.0,0.973115,0.512281,0.894744,24.8853,overall>=3.0
625,0.270385,5,0.598475,0.686108,post_filter,False,0.7127,1.0,0.976242,0.598475,0.715121,24.8401,"main_cat IN ('Home Audio & Theater', 'Books', 'Tools & Home Improvement')"
626,0.680906,18,0.594302,0.930826,post_filter,False,0.2904,0.9,0.576719,0.594302,0.895416,25.1013,"overall IN (3,5)"
627,0.300422,7,0.505696,0.897825,post_filter,False,0.8589,1.0,0.971369,0.505696,0.905179,24.9895,"main_cat IN ('All Electronics', 'Books', 'Sports & Outdoors')"
628,0.836128,20,0.512281,0.894744,post_filter,False,0.8067,1.0,0.97311,0.512281,0.90258,24.9764,"overall IN (2,4,5)"
629,0.140751,1,0.340768,0.735585,post_filter,False,1.3791,0.0,0.0,0.340768,0.662027,30.1543,overall<=2.0
630,0.180604,1,0.340768,0.662027,post_filter,False,1.4254,0.9,0.554687,0.340768,0.651293,34.7639,"main_cat IN ('Camera & Photo', 'Computers', 'Cell Phones &amp; Accessories')"
631,0.728433,19,0.531441,0.908794,post_filter,False,0.1236,0.0,0.0,0.531441,0.817915,25.26,"overall IN (2,3,5)"
632,0.658182,18,0.594302,0.895416,post_filter,False,0.8,1.0,0.973333,0.594302,0.903207,25.0892,verified=true AND overall>=3.0
633,0.319094,7,0.505696,0.905179,post_filter,False,0.2701,0.8,0.17772,0.505696,0.832433,25.0864,"overall IN (1,2,4)"
634,0.658182,18,0.594302,0.903207,post_filter,False,0.6552,1.0,0.97816,0.594302,0.910703,25.1139,verified=true AND overall>=3.0
635,0.073033,0,0.468489,0.722438,post_filter,False,0.8218,1.0,0.972608,0.468489,0.747455,25.1081,brand='Tiffen'
636,0.073033,0,0.468489,0.747455,post_filter,False,0.7381,1.0,0.975396,0.468489,0.770249,25.0142,brand='Tiffen'
637,0.073033,0,0.468489,0.770249,post_filter,False,0.8332,0.8,0.174354,0.468489,0.71066,25.096,brand='Tiffen'
638,0.140751,1,0.340768,0.651293,post_filter,False,1.2233,0.6,0.009687,0.340768,0.587132,25.886,overall<=2.0
639,0.7886,19,0.531441,0.817915,post_filter,False,0.7903,1.0,0.973658,0.531441,0.833489,25.1058,overall>=4.0
640,0.270385,5,0.598475,0.715121,post_filter,False,0.8863,1.0,0.970458,0.598475,0.740655,25.0712,"main_cat IN ('Home Audio & Theater', 'Books', 'Tools & Home Improvement')"
641,0.859249,20,0.512281,0.90258,post_filter,False,0.899,1.0,0.970035,0.512281,0.909326,24.8637,overall>=3.0
642,0.610257,18,0.594302,0.910703,post_filter,False,0.7673,1.0,0.974425,0.594302,0.917075,25.2428,overall>=5.0
643,0.658182,18,0.594302,0.917075,post_filter,False,0.9067,1.0,0.969776,0.594302,0.922345,24.867,verified=true AND overall>=3.0
644,0.389743,11,0.6832,0.889579,pre_filter,False,49.8012,1.0,0.0,0.61488,0.889579,25.0513,overall<=4.0
645,0.140751,1,0.340768,0.587132,post_filter,False,0.9443,1.0,0.968524,0.340768,0.625271,24.9516,overall<=2.0
646,0.728433,19,0.531441,0.833489,post_filter,False,0.5916,1.0,0.980281,0.531441,0.848168,25.1696,"overall IN (2,3,5)"
647,0.929351,21,1.0,0.881396,post_filter,True,0.4255,1.0,0.985817,1.0,0.891838,24.9275,"overall IN (1,2,4,5)"
648,0.658182,18,0.594302,0.922345,post_filter,False,1.0181,1.0,0.966064,0.594302,0.926717,24.8449,verified=true AND overall>=3.0
649,0.140751,1,0.340768,0.625271,post_filter,False,0.9982,0.8,0.173368,0.340768,0.580081,24.8643,overall<=2.0
650,0.270385,5,0.598475,0.740655,pre_filter,False,40.4121,1.0,0.0,0.538627,0.740655,25.0006,"main_cat IN ('Home Audio & Theater', 'Books', 'Tools & Home Improvement')"
651,0.952472,21,1.0,0.891838,post_filter,True,0.9856,1.0,0.967147,1.0,0.899369,25.3772,"overall IN (1,3,4,5)"
652,0.728433,19,0.531441,0.848168,post_filter,False,0.9771,1.0,0.967429,0.531441,0.860095,24.9844,"overall IN (2,3,5)"
653,0.270385,5,0.538627,0.740655,post_filter,False,0.8768,0.8,0.174093,0.538627,0.683999,25.5018,"main_cat IN ('Home Audio & Theater', 'Books', 'Tools & Home Improvement')"
654,0.160682,1,0.340768,0.580081,post_filter,False,0.8066,1.0,0.973114,0.340768,0.619384,25.01,"main_cat IN ('Camera & Photo', 'Computers')"
655,0.319094,7,0.505696,0.832433,post_filter,False,0.8535,1.0,0.971549,0.505696,0.846345,24.8303,"overall IN (1,2,4)"
656,0.728433,19,0.531441,0.860095,post_filter,False,0.5015,1.0,0.983285,0.531441,0.872414,24.9944,"overall IN (2,3,5)"
657,0.821657,20,0.512281,0.909326,post_filter,False,0.349,0.9,0.575583,0.512281,0.875951,24.8743,"overall IN (1,2,3,5)"
658,0.881823,20,0.512281,0.875951,post_filter,False,0.8675,1.0,0.971082,0.512281,0.885465,25.1195,"overall IN (1,4,5)"
659,0.248992,4,0.665042,0.924774,post_filter,False,0.8508,1.0,0.97164,0.665042,0.929461,25.2419,"overall IN (3,4)"
660,0.70348,19,0.531441,0.872414,post_filter,False,0.8492,0.9,0.565873,0.531441,0.841759,24.9692,"overall IN (1,5)"
661,0.270385,5,0.538627,0.683999,pre_filter,False,37.2922,1.0,0.0,0.484764,0.683999,25.0302,"main_cat IN ('Home Audio & Theater', 'Books', 'Tools & Home Improvement')"
662,0.658182,18,0.594302,0.926717,post_filter,False,0.1354,0.0,0.0,0.594302,0.834045,25.1003,verified=true AND overall>=3.0
663,0.881823,20,0.512281,0.885465,post_filter,False,0.8113,1.0,0.972956,0.512281,0.894214,25.2852,"overall IN (1,4,5)"
664,0.658182,18,0.594302,0.834045,post_filter,False,0.8981,1.0,0.970064,0.594302,0.847647,25.0636,verified=true AND overall>=3.0
665,0.680906,18,0.594302,0.847647,post_filter,False,0.6393,0.9,0.569947,0.594302,0.819877,25.1451,"overall IN (3,5)"
666,0.610257,18,0.594302,0.819877,pre_filter,False,69.8092,1.0,0.0,0.534871,0.819877,24.8833,overall>=5.0
667,0.7886,19,0.531441,0.841759,post_filter,False,0.6251,1.0,0.979163,0.531441,0.8555,25.1506,overall>=4.0
668,0.70348,19,0.531441,0.8555,post_filter,False,1.097,1.0,0.963433,0.531441,0.866293,24.952,"overall IN (1,5)"
669,0.248992,4,0.665042,0.929461,post_filter,False,0.4605,0.9,0.573418,0.665042,0.893857,24.8821,"overall IN (3,4)"
670,0.610257,18,0.534871,0.819877,pre_filter,False,72.9615,1.0,0.0,0.481384,0.819877,24.92,overall>=5.0
671,0.881823,20,0.512281,0.894214,post_filter,False,0.6515,1.0,0.978285,0.512281,0.902621,25.2885,"overall IN (1,4,5)"
672,0.050727,0,0.468489,0.71066,post_filter,False,1.3723,0.4,0.000167,0.468489,0.63961,25.5597,"main_cat IN ('Computers', 'Tools & Home Improvement')"
673,0.300422,7,0.505696,0.846345,post_filter,False,0.8587,1.0,0.971376,0.505696,0.858848,25.064,"main_cat IN ('All Electronics', 'Books', 'Sports & Outdoors')"
674,0.270385,5,0.484764,0.683999,post_filter,False,0.8383,0.9,0.566084,0.484764,0.672207,24.8516,"main_cat IN ('Home Audio & Theater', 'Books', 'Tools & Home Improvement')"
675,0.774129,19,0.531441,0.866293,post_filter,False,0.7741,1.0,0.974196,0.531441,0.877083,25.1824,"overall IN (1,3,5)"
676,0.12068,1,0.340768,0.619384,post_filter,False,0.9955,1.0,0.966817,0.340768,0.654128,25.0561,"main_cat IN ('Camera &amp; Photo', 'Cell Phones &amp; Accessories', 'Tools & Home Improvement')"
677,0.339351,8,0.6561,0.949158,post_filter,False,0.3264,1.0,0.989121,0.6561,0.953155,25.1656,"main_cat IN ('Home Audio & Theater', 'Camera &amp; Photo', 'Sports & Outdoors')"
678,0.70348,19,0.531441,0.877083,post_filter,False,0.5903,1.0,0.980322,0.531441,0.887407,25.2468,"overall IN (1,5)"
679,0.248992,4,0.665042,0.893857,post_filter,False,0.8445,1.0,0.971849,0.665042,0.901656,24.9026,"overall IN (3,4)"
680,0.859249,20,0.512281,0.902621,post_filter,False,0.8543,0.9,0.565772,0.512281,0.868936,24.9845,overall>=3.0
681,0.929351,21,1.0,0.899369,post_filter,True,0.7433,1.0,0.975222,1.0,0.906954,24.8485,"overall IN (1,2,4,5)"
682,0.821657,20,0.512281,0.868936,post_filter,False,0.8233,1.0,0.972557,0.512281,0.879298,24.9121,"overall IN (1,2,3,5)"
683,0.906777,21,1.0,0.906954,post_filter,True,0.867,1.0,0.971101,1.0,0.913369,24.7935,overall>=2.0
684,0.7886,19,0.531441,0.887407,post_filter,False,1.0387,1.0,0.965376,0.531441,0.895204,24.7828,overall>=4.0
685,0.751008,19,0.531441,0.895204,post_filter,False,0.7593,1.0,0.974689,0.531441,0.903153,24.8144,"overall IN (1,2,5)"
686,0.050727,0,0.468489,0.63961,post_filter,False,1.3413,0.9,0.55632,0.468489,0.631281,25.4501,"main_cat IN ('Computers', 'Tools & Home Improvement')"
687,0.728433,19,0.531441,0.903153,post_filter,False,0.9215,1.0,0.969282,0.531441,0.909766,24.8754,"overall IN (2,3,5)"
688,0.610257,18,0.481384,0.819877,post_filter,False,0.6825,1.0,0.977249,0.481384,0.835614,24.9835,overall>=5.0
689,0.230635,3,0.688238,0.767364,post_filter,False,1.0109,1.0,0.966304,0.688238,0.787258,24.9268,"main_cat IN ('Camera & Photo', 'Camera &amp; Photo', 'Cell Phones &amp; Accessories')"
690,0.751008,19,0.531441,0.909766,post_filter,False,0.7807,1.0,0.973978,0.531441,0.916187,24.8616,"overall IN (1,2,5)"
691,0.859249,20,0.512281,0.879298,post_filter,False,0.8723,1.0,0.970925,0.512281,0.888461,25.1451,overall>=3.0
692,0.836128,20,0.512281,0.888461,post_filter,False,0.704,1.0,0.976535,0.512281,0.897268,24.9671,"overall IN (2,4,5)"
693,0.70348,19,0.531441,0.916187,post_filter,False,0.7745,1.0,0.974185,0.531441,0.921987,25.0242,"overall IN (1,5)"
694,0.70348,19,0.531441,0.921987,post_filter,False,0.5732,0.9,0.571229,0.531441,0.886911,25.017,"overall IN (1,5)"
695,0.210713,2,0.577904,0.744345,post_filter,False,0.8215,1.0,0.972618,0.577904,0.767172,25.1905,"main_cat IN ('Camera & Photo', 'Camera &amp; Photo')"
696,0.821657,20,0.512281,0.897268,post_filter,False,0.538,1.0,0.982065,0.512281,0.905748,25.1265,"overall IN (1,2,3,5)"
697,0.073033,0,0.468489,0.631281,post_filter,False,0.8987,1.0,0.970043,0.468489,0.665158,25.257,brand='Tiffen'
698,0.70348,19,0.531441,0.886911,post_filter,False,0.7405,1.0,0.975315,0.531441,0.895751,24.8544,"overall IN (1,5)"
699,0.610257,18,0.481384,0.835614,post_filter,False,0.6692,1.0,0.977693,0.481384,0.849822,24.9876,overall>=5.0
700,0.160682,1,0.340768,0.654128,post_filter,False,0.657,1.0,0.9781,0.340768,0.686525,24.9079,"main_cat IN ('Camera & Photo', 'Computers')"
701,0.658182,18,0.481384,0.849822,post_filter,False,0.9253,1.0,0.969157,0.481384,0.861756,25.0143,verified=true AND overall>=3.0
702,0.751008,19,0.531441,0.895751,post_filter,False,0.8424,1.0,0.971919,0.531441,0.903368,24.8329,"overall IN (1,2,5)"
703,0.821657,20,0.512281,0.905748,post_filter,False,0.6298,1.0,0.979007,0.512281,0.913074,24.8112,"overall IN (1,2,3,5)"
704,0.728433,19,0.531441,0.903368,post_filter,False,0.8494,1.0,0.971687,0.531441,0.9102,24.9259,"overall IN (2,3,5)"
705,0.836128,20,0.512281,0.913074,post_filter,False,0.8292,1.0,0.972361,0.512281,0.919002,24.9552,"overall IN (2,4,5)"
706,0.881823,20,0.512281,0.919002,post_filter,False,0.8722,1.0,0.970926,0.512281,0.924195,25.1925,"overall IN (1,4,5)"
707,0.319094,7,0.505696,0.858848,post_filter,False,0.6696,0.9,0.569359,0.505696,0.829899,25.1471,"overall IN (1,2,4)"
708,0.140751,1,0.340768,0.686525,post_filter,False,0.8022,1.0,0.97326,0.340768,0.715198,25.1878,overall<=2.0
709,0.881823,20,0.512281,0.924195,post_filter,False,0.7599,1.0,0.974669,0.512281,0.929242,24.945,"overall IN (1,4,5)"
710,0.774129,19,0.531441,0.9102,post_filter,False,0.5155,1.0,0.982815,0.531441,0.917462,25.1482,"overall IN (1,3,5)"
711,0.210713,2,0.577904,0.767172,post_filter,False,0.3423,0.8,0.177288,0.577904,0.708183,25.424,"main_cat IN ('Camera & Photo', 'Camera &amp; Photo')"
712,0.073033,0,0.468489,0.665158,post_filter,False,0.4772,0.8,0.176482,0.468489,0.61629,25.2485,brand='Tiffen'
713,0.70348,19,0.531441,0.917462,post_filter,False,0.6575,1.0,0.978085,0.531441,0.923524,25.0818,"overall IN (1,5)"
714,0.7886,19,0.531441,0.923524,post_filter,False,0.7455,0.9,0.567885,0.531441,0.88796,24.8541,overall>=4.0
715,0.12068,1,0.340768,0.715198,post_filter,False,1.0752,0.9,0.561486,0.340768,0.699827,25.0298,"main_cat IN ('Camera &amp; Photo', 'Cell Phones &amp; Accessories', 'Tools & Home Improvement')"
716,0.180604,1,0.340768,0.699827,post_filter,False,0.882,1.0,0.970601,0.340768,0.726904,25.0603,"main_cat IN ('Camera & Photo', 'Computers', 'Cell Phones &amp; Accessories')"
717,0.050727,0,0.468489,0.61629,post_filter,False,0.8944,1.0,0.970186,0.468489,0.65168,25.0767,"main_cat IN ('Computers', 'Tools & Home Improvement')"
718,0.389743,11,0.61488,0.889579,post_filter,False,0.2218,0.0,0.0,0.61488,0.800621,24.9769,overall<=4.0
719,0.270385,5,0.484764,0.672207,post_filter,False,0.3184,0.1,0.0,0.484764,0.604987,25.0722,"main_cat IN ('Home Audio & Theater', 'Books', 'Tools & Home Improvement')"
720,0.339351,8,0.6561,0.953155,post_filter,False,0.9413,1.0,0.968624,0.6561,0.954702,25.0847,"main_cat IN ('Home Audio & Theater', 'Camera &amp; Photo', 'Sports & Outdoors')"
721,0.140751,1,0.340768,0.726904,post_filter,False,1.4278,0.5,0.001553,0.340768,0.654369,25.5262,overall<=2.0
722,0.339351,8,0.6561,0.954702,post_filter,False,0.833,0.8,0.174355,0.6561,0.876667,25.1647,"main_cat IN ('Home Audio & Theater', 'Camera &amp; Photo', 'Sports & Outdoors')"
723,0.7886,19,0.531441,0.88796,post_filter,False,0.9197,1.0,0.969343,0.531441,0.896098,25.2069,overall>=4.0
724,0.180604,1,0.340768,0.654369,post_filter,False,0.6962,1.0,0.976793,0.340768,0.686612,25.1855,"main_cat IN ('Camera & Photo', 'Computers', 'Cell Phones &amp; Accessories')"
725,0.339351,8,0.6561,0.876667,post_filter,False,0.6984,1.0,0.976719,0.6561,0.886672,24.9136,"main_cat IN ('Home Audio & Theater', 'Camera &amp; Photo', 'Sports & Outdoors')"
726,0.658182,18,0.481384,0.861756,post_filter,False,0.686,1.0,0.977133,0.481384,0.873293,25.1438,verified=true AND overall>=3.0
727,0.836128,20,0.512281,0.929242,post_filter,False,0.9695,1.0,0.967685,0.512281,0.933087,24.9933,"overall IN (2,4,5)"
728,0.728433,19,0.531441,0.896098,post_filter,False,0.8891,1.0,0.970364,0.531441,0.903525,24.8857,"overall IN (2,3,5)"
729,0.952472,21,1.0,0.913369,post_filter,True,0.7955,1.0,0.973482,1.0,0.91938,24.9703,"overall IN (1,3,4,5)"
730,0.610257,18,0.481384,0.873293,post_filter,False,0.3555,1.0,0.988149,0.481384,0.884779,25.0519,overall>=5.0
731,0.906777,21,1.0,0.91938,post_filter,True,0.9202,1.0,0.969326,1.0,0.924375,24.911,overall>=2.0
732,0.906777,21,1.0,0.924375,post_filter,True,0.8188,1.0,0.972706,1.0,0.929208,24.8252,overall>=2.0
733,0.821657,20,0.512281,0.933087,post_filter,False,0.912,1.0,0.9696,0.512281,0.936738,29.6401,"overall IN (1,2,3,5)"
734,0.821657,20,0.512281,0.936738,post_filter,False,0.6664,1.0,0.977788,0.512281,0.940843,29.3459,"overall IN (1,2,3,5)"
735,0.073033,0,0.468489,0.65168,post_filter,False,1.2764,0.7,0.045171,0.468489,0.591029,25.2095,brand='Tiffen'
736,0.7886,19,0.531441,0.903525,post_filter,False,0.8127,1.0,0.972911,0.531441,0.910463,25.0825,overall>=4.0
737,0.140751,1,0.340768,0.686612,post_filter,False,0.8607,0.2,0.0,0.340768,0.617951,27.6193,overall<=2.0
738,0.658182,18,0.481384,0.884779,post_filter,False,0.7332,1.0,0.97556,0.481384,0.893857,25.1309,verified=true AND overall>=3.0
739,0.180604,1,0.340768,0.617951,pre_filter,False,7.952,1.0,0.734932,0.380185,0.617951,25.2098,"main_cat IN ('Camera & Photo', 'Computers', 'Cell Phones &amp; Accessories')"
740,0.680906,18,0.481384,0.893857,post_filter,False,0.7103,1.0,0.976324,0.481384,0.902104,25.0667,"overall IN (3,5)"
741,0.270385,5,0.484764,0.604987,pre_filter,False,35.9978,1.0,0.0,0.436288,0.604987,25.193,"main_cat IN ('Home Audio & Theater', 'Books', 'Tools & Home Improvement')"
742,0.774129,19,0.531441,0.910463,post_filter,False,0.1225,0.0,0.0,0.531441,0.819417,25.1971,"overall IN (1,3,5)"
743,0.610257,18,0.481384,0.902104,post_filter,False,0.7713,1.0,0.974292,0.481384,0.909322,25.3499,overall>=5.0
744,0.658182,18,0.481384,0.909322,post_filter,False,0.8337,1.0,0.972211,0.481384,0.915611,24.9922,verified=true AND overall>=3.0
745,0.319094,7,0.505696,0.829899,post_filter,False,0.9078,1.0,0.96974,0.505696,0.843883,25.1293,"overall IN (1,2,4)"
746,0.270385,5,0.436288,0.604987,post_filter,False,0.6829,1.0,0.977238,0.436288,0.642212,25.1615,"main_cat IN ('Home Audio & Theater', 'Books', 'Tools & Home Improvement')"
747,0.160682,1,0.380185,0.617951,post_filter,False,0.7553,1.0,0.974822,0.380185,0.653638,25.1448,"main_cat IN ('Camera & Photo', 'Computers')"
748,0.389743,11,0.61488,0.800621,post_filter,False,0.7345,1.0,0.975517,0.61488,0.818111,25.2364,overall<=4.0
749,0.952472,21,1.0,0.929208,post_filter,True,0.8885,1.0,0.970385,1.0,0.933326,25.1073,"overall IN (1,3,4,5)"
750,0.680906,18,0.481384,0.915611,post_filter,False,0.7005,1.0,0.97665,0.481384,0.921715,25.165,"overall IN (3,5)"
751,0.270385,5,0.436288,0.642212,post_filter,False,0.5268,1.0,0.982439,0.436288,0.676234,25.5465,"main_cat IN ('Home Audio & Theater', 'Books', 'Tools & Home Improvement')"
752,0.680906,18,0.481384,0.921715,post_filter,False,0.9353,1.0,0.968822,0.481384,0.926426,25.0543,"overall IN (3,5)"
753,0.300422,7,0.505696,0.843883,post_filter,False,0.671,0.9,0.569331,0.505696,0.816428,25.0663,"main_cat IN ('All Electronics', 'Books', 'Sports & Outdoors')"
754,0.774129,19,0.531441,0.819417,post_filter,False,0.4919,1.0,0.983603,0.531441,0.835836,25.0116,"overall IN (1,3,5)"
755,0.836128,20,0.512281,0.940843,post_filter,False,0.876,1.0,0.970799,0.512281,0.943838,24.742,"overall IN (2,4,5)"
756,0.906777,21,1.0,0.933326,post_filter,True,0.7401,1.0,0.975331,1.0,0.937526,24.9113,overall>=2.0
757,0.821657,20,0.512281,0.943838,post_filter,False,0.593,1.0,0.980235,0.512281,0.947478,24.8577,"overall IN (1,2,3,5)"
758,0.774129,19,0.531441,0.835836,post_filter,False,0.7707,1.0,0.97431,0.531441,0.849683,24.9178,"overall IN (1,3,5)"
759,0.751008,19,0.531441,0.849683,pre_filter,False,75.38,1.0,0.0,0.478297,0.849683,24.8971,"overall IN (1,2,5)"
760,0.859249,20,0.512281,0.947478,post_filter,False,0.3345,0.7778,0.133798,0.512281,0.86611,24.8783,overall>=3.0
761,0.7886,19,0.478297,0.849683,post_filter,False,0.854,1.0,0.971532,0.478297,0.861868,24.9288,overall>=4.0
762,0.230635,3,0.688238,0.787258,post_filter,False,0.9961,0.875,0.424795,0.688238,0.751012,25.3453,"main_cat IN ('Camera & Photo', 'Camera &amp; Photo', 'Cell Phones &amp; Accessories')"
763,0.728433,19,0.478297,0.861868,post_filter,False,0.8685,1.0,0.971049,0.478297,0.872786,24.8893,"overall IN (2,3,5)"
764,0.610257,18,0.481384,0.926426,post_filter,False,0.8586,1.0,0.971381,0.481384,0.930921,25.1598,overall>=5.0
765,0.180604,1,0.380185,0.653638,post_filter,False,0.4332,1.0,0.98556,0.380185,0.68683,25.2276,"main_cat IN ('Camera & Photo', 'Computers', 'Cell Phones &amp; Accessories')"
766,0.210713,2,0.577904,0.708183,post_filter,False,0.8144,0.9,0.566548,0.577904,0.69402,25.3701,"main_cat IN ('Camera & Photo', 'Camera &amp; Photo')"
767,0.230635,3,0.688238,0.751012,post_filter,False,0.6506,1.0,0.978314,0.688238,0.773742,25.6484,"main_cat IN ('Camera & Photo', 'Camera &amp; Photo', 'Cell Phones &amp; Accessories')"
768,0.680906,18,0.481384,0.930921,post_filter,False,0.602,1.0,0.979933,0.481384,0.935823,25.3625,"overall IN (3,5)"
769,0.248992,4,0.665042,0.901656,post_filter,False,0.6706,0.9,0.569339,0.665042,0.868424,25.6399,"overall IN (3,4)"
770,0.210713,2,0.577904,0.69402,post_filter,False,1.0063,1.0,0.966458,0.577904,0.721264,25.2767,"main_cat IN ('Camera & Photo', 'Camera &amp; Photo')"
771,0.248992,4,0.665042,0.868424,pre_filter,False,39.2696,1.0,0.0,0.598538,0.868424,25.2433,"overall IN (3,4)"
772,0.836128,20,0.512281,0.86611,post_filter,False,0.6205,1.0,0.979318,0.512281,0.877431,25.1889,"overall IN (2,4,5)"
773,0.248992,4,0.598538,0.868424,post_filter,False,0.8591,1.0,0.971363,0.598538,0.878718,24.89,"overall IN (3,4)"
774,0.7886,19,0.478297,0.872786,post_filter,False,0.6787,1.0,0.977376,0.478297,0.883245,25.4502,overall>=4.0
775,0.180604,1,0.380185,0.68683,post_filter,False,0.9212,1.0,0.969293,0.380185,0.715076,25.1706,"main_cat IN ('Camera & Photo', 'Computers', 'Cell Phones &amp; Accessories')"
776,0.7886,19,0.478297,0.883245,post_filter,False,0.8083,1.0,0.973057,0.478297,0.892226,25.1509,overall>=4.0
777,0.7886,19,0.478297,0.892226,post_filter,False,0.4639,1.0,0.984536,0.478297,0.901457,25.167,overall>=4.0
778,0.610257,18,0.481384,0.935823,post_filter,False,0.6466,1.0,0.978447,0.481384,0.940085,25.3203,overall>=5.0
779,0.270385,5,0.436288,0.676234,post_filter,False,0.8807,0.9,0.565261,0.436288,0.665137,24.9592,"main_cat IN ('Home Audio & Theater', 'Books', 'Tools & Home Improvement')"
780,0.610257,18,0.481384,0.940085,post_filter,False,0.8276,1.0,0.972413,0.481384,0.943318,25.0242,overall>=5.0
781,0.300422,7,0.505696,0.816428,post_filter,False,0.9288,1.0,0.969042,0.505696,0.831689,25.2737,"main_cat IN ('All Electronics', 'Books', 'Sports & Outdoors')"
782,0.680906,18,0.481384,0.943318,post_filter,False,0.486,1.0,0.983801,0.481384,0.947366,25.1097,"overall IN (3,5)"
783,0.952472,21,1.0,0.937526,post_filter,True,0.7896,1.0,0.973679,1.0,0.941142,25.3215,"overall IN (1,3,4,5)"
784,0.952472,21,1.0,0.941142,post_filter,True,0.3223,1.0,0.989256,1.0,0.945953,24.907,"overall IN (1,3,4,5)"
785,0.859249,20,0.512281,0.877431,post_filter,False,0.7422,1.0,0.975261,0.512281,0.887214,25.1146,overall>=3.0
786,0.821657,20,0.512281,0.887214,post_filter,False,0.9177,1.0,0.969411,0.512281,0.895434,25.152,"overall IN (1,2,3,5)"
787,0.230635,3,0.688238,0.773742,post_filter,False,0.356,1.0,0.988132,0.688238,0.795181,25.089,"main_cat IN ('Camera & Photo', 'Camera &amp; Photo', 'Cell Phones &amp; Accessories')"
788,0.248992,4,0.598538,0.878718,post_filter,False,0.7377,1.0,0.97541,0.598538,0.888387,25.2441,"overall IN (3,4)"
789,0.12068,1,0.380185,0.715076,post_filter,False,0.8499,1.0,0.971669,0.380185,0.740736,25.0726,"main_cat IN ('Camera &amp; Photo', 'Cell Phones &amp; Accessories', 'Tools & Home Improvement')"
790,0.70348,19,0.478297,0.901457,post_filter,False,0.4761,1.0,0.984131,0.478297,0.909725,25.0761,"overall IN (1,5)"
791,0.774129,19,0.478297,0.909725,post_filter,False,1.0257,0.9,0.562446,0.478297,0.874997,25.0218,"overall IN (1,3,5)"
792,0.680906,18,0.481384,0.947366,post_filter,False,0.7284,1.0,0.975721,0.481384,0.950202,25.2844,"overall IN (3,5)"
793,0.319094,7,0.505696,0.831689,post_filter,False,0.7186,1.0,0.976047,0.505696,0.846125,25.0659,"overall IN (1,2,4)"
794,0.929351,21,1.0,0.945953,post_filter,True,0.9007,1.0,0.969978,1.0,0.948355,24.8544,"overall IN (1,2,4,5)"
795,0.319094,7,0.505696,0.846125,post_filter,False,0.7224,1.0,0.975921,0.505696,0.859105,24.7813,"overall IN (1,2,4)"
796,0.881823,20,0.512281,0.895434,post_filter,False,0.8866,1.0,0.970447,0.512281,0.902935,24.9531,"overall IN (1,4,5)"
797,0.300422,7,0.505696,0.859105,pre_filter,False,27.1525,1.0,0.094917,0.464618,0.859105,25.142,"main_cat IN ('All Electronics', 'Books', 'Sports & Outdoors')"
798,0.836128,20,0.512281,0.902935,post_filter,False,0.5464,1.0,0.981788,0.512281,0.91082,25.2102,"overall IN (2,4,5)"
799,0.859249,20,0.512281,0.91082,post_filter,False,0.6448,1.0,0.978506,0.512281,0.917589,25.0769,overall>=3.0
800,0.140751,1,0.380185,0.740736,post_filter,False,0.9078,1.0,0.96974,0.380185,0.763636,25.1759,overall<=2.0
801,0.248992,4,0.598538,0.888387,post_filter,False,0.8417,1.0,0.971943,0.598538,0.896743,24.8579,"overall IN (3,4)"
802,0.073033,0,0.468489,0.591029,post_filter,False,0.8617,1.0,0.971278,0.468489,0.629054,25.0892,brand='Tiffen'
803,0.248992,4,0.598538,0.896743,post_filter,False,0.3668,1.0,0.987774,0.598538,0.905846,24.9237,"overall IN (3,4)"
804,0.7886,19,0.478297,0.874997,post_filter,False,0.9742,1.0,0.967525,0.478297,0.88425,24.9095,overall>=4.0
805,0.092237,0,0.468489,0.629054,post_filter,False,1.1533,0.9,0.559969,0.468489,0.622145,24.9787,main_cat='Home Audio &amp; Theater' AND overall>=3.0
806,0.300422,7,0.464618,0.859105,post_filter,False,0.3541,1.0,0.988196,0.464618,0.872014,25.0548,"main_cat IN ('All Electronics', 'Books', 'Sports & Outdoors')"
807,0.952472,21,1.0,0.948355,post_filter,True,0.8012,1.0,0.973293,1.0,0.950849,24.7703,"overall IN (1,3,4,5)"
808,0.389743,11,0.61488,0.818111,post_filter,False,0.952,1.0,0.968268,0.61488,0.833126,24.8048,overall<=4.0
809,0.751008,19,0.478297,0.88425,post_filter,False,0.8,1.0,0.973332,0.478297,0.893158,24.7769,"overall IN (1,2,5)"
810,0.230635,3,0.688238,0.795181,post_filter,False,0.9927,0.8,0.1734,0.688238,0.733003,25.2061,"main_cat IN ('Camera & Photo', 'Camera &amp; Photo', 'Cell Phones &amp; Accessories')"
811,0.821657,20,0.512281,0.917589,post_filter,False,0.9558,1.0,0.968142,0.512281,0.922644,25.041,"overall IN (1,2,3,5)"
812,0.610257,18,0.481384,0.950202,post_filter,False,0.824,1.0,0.972533,0.481384,0.952435,24.9256,overall>=5.0
813,0.180604,1,0.380185,0.763636,post_filter,False,0.8441,1.0,0.971863,0.380185,0.784459,25.2745,"main_cat IN ('Camera & Photo', 'Computers', 'Cell Phones &amp; Accessories')"
814,0.180604,1,0.380185,0.784459,post_filter,False,0.7125,1.0,0.976251,0.380185,0.803638,24.9404,"main_cat IN ('Camera & Photo', 'Computers', 'Cell Phones &amp; Accessories')"
815,0.881823,20,0.512281,0.922644,post_filter,False,0.7104,1.0,0.976321,0.512281,0.928012,25.306,"overall IN (1,4,5)"
816,0.680906,18,0.481384,0.952435,post_filter,False,0.9705,1.0,0.96765,0.481384,0.953956,25.0923,"overall IN (3,5)"
817,0.230635,3,0.688238,0.733003,pre_filter,False,5.7395,0.2,0.0,0.619415,0.733003,25.1995,"main_cat IN ('Camera & Photo', 'Camera &amp; Photo', 'Cell Phones &amp; Accessories')"
818,0.952472,21,1.0,0.950849,post_filter,True,0.3897,1.0,0.987011,1.0,0.954465,25.2341,"overall IN (1,3,4,5)"
819,0.680906,18,0.481384,0.953956,post_filter,False,0.7543,1.0,0.974856,0.481384,0.956046,25.2481,"overall IN (3,5)"
820,0.7886,19,0.478297,0.893158,post_filter,False,0.8396,1.0,0.972014,0.478297,0.901043,25.0679,overall>=4.0
821,0.230635,3,0.619415,0.733003,post_filter,False,0.8182,1.0,0.972728,0.619415,0.756976,25.1098,"main_cat IN ('Camera & Photo', 'Camera &amp; Photo', 'Cell Phones &amp; Accessories')"
822,0.140751,1,0.380185,0.803638,post_filter,False,0.9,1.0,0.969999,0.380185,0.820274,24.9807,overall<=2.0
823,0.12068,1,0.380185,0.820274,post_filter,False,0.5919,1.0,0.980269,0.380185,0.836274,25.1493,"main_cat IN ('Camera &amp; Photo', 'Cell Phones &amp; Accessories', 'Tools & Home Improvement')"
824,0.728433,19,0.478297,0.901043,post_filter,False,0.8557,1.0,0.971478,0.478297,0.908087,24.9481,"overall IN (2,3,5)"
825,0.821657,20,0.512281,0.928012,post_filter,False,1.0226,1.0,0.965913,0.512281,0.931802,24.9938,"overall IN (1,2,3,5)"
826,0.70348,19,0.478297,0.908087,post_filter,False,0.4427,1.0,0.985244,0.478297,0.915803,24.9381,"overall IN (1,5)"
827,0.210713,2,0.577904,0.721264,post_filter,False,0.7924,1.0,0.973588,0.577904,0.746496,25.1791,"main_cat IN ('Camera & Photo', 'Camera &amp; Photo')"
828,0.210713,2,0.577904,0.746496,post_filter,False,0.9006,0.9,0.564875,0.577904,0.728334,24.9403,"main_cat IN ('Camera & Photo', 'Camera &amp; Photo')"
829,0.073033,0,0.468489,0.622145,post_filter,False,0.641,1.0,0.978633,0.468489,0.657794,25.1561,brand='Tiffen'
830,0.774129,19,0.478297,0.915803,post_filter,False,0.6505,1.0,0.978317,0.478297,0.922054,25.2132,"overall IN (1,3,5)"
831,0.929351,21,1.0,0.954465,post_filter,True,0.3158,0.8,0.177446,1.0,0.876763,25.0298,"overall IN (1,2,4,5)"
832,0.658182,18,0.481384,0.956046,post_filter,False,0.7045,1.0,0.976517,0.481384,0.958093,25.2604,verified=true AND overall>=3.0
833,0.210713,2,0.577904,0.728334,pre_filter,False,34.4523,1.0,0.0,0.520113,0.728334,24.9275,"main_cat IN ('Camera & Photo', 'Camera &amp; Photo')"
834,0.751008,19,0.478297,0.922054,post_filter,False,0.9965,1.0,0.966782,0.478297,0.926527,25.2116,"overall IN (1,2,5)"
835,0.210713,2,0.520113,0.728334,post_filter,False,0.7423,0.9,0.567947,0.520113,0.712295,25.111,"main_cat IN ('Camera & Photo', 'Camera &amp; Photo')"
836,0.073033,0,0.468489,0.657794,pre_filter,False,5.9916,1.0,0.800279,0.501668,0.657794,25.0934,brand='Tiffen'
837,0.12068,1,0.380185,0.836274,post_filter,False,1.0432,0.8,0.173098,0.380185,0.769956,26.712,"main_cat IN ('Camera &amp; Photo', 'Cell Phones &amp; Accessories', 'Tools & Home Improvement')"
838,0.339351,8,0.6561,0.886672,post_filter,False,1.5272,1.0,0.949094,0.6561,0.892914,32.205,"main_cat IN ('Home Audio & Theater', 'Camera &amp; Photo', 'Sports & Outdoors')"
839,0.270385,5,0.436288,0.665137,post_filter,False,0.6592,1.0,0.978026,0.436288,0.696426,24.9612,"main_cat IN ('Home Audio & Theater', 'Books', 'Tools & Home Improvement')"
840,0.7886,19,0.478297,0.926527,post_filter,False,0.6138,1.0,0.97954,0.478297,0.931828,25.3221,overall>=4.0
841,0.610257,18,0.481384,0.958093,post_filter,False,0.4991,1.0,0.983364,0.481384,0.96062,25.3665,overall>=5.0
842,0.12068,1,0.380185,0.769956,post_filter,False,0.9543,1.0,0.96819,0.380185,0.789779,25.1624,"main_cat IN ('Camera &amp; Photo', 'Cell Phones &amp; Accessories', 'Tools & Home Improvement')"
843,0.774129,19,0.478297,0.931828,post_filter,False,0.9773,1.0,0.967425,0.478297,0.935388,25.3249,"overall IN (1,3,5)"
844,0.836128,20,0.512281,0.931802,post_filter,False,0.7987,1.0,0.973375,0.512281,0.935959,25.0173,"overall IN (2,4,5)"
845,0.140751,1,0.380185,0.789779,post_filter,False,1.0127,1.0,0.966244,0.380185,0.807426,25.1243,overall<=2.0
846,0.050727,0,0.501668,0.657794,post_filter,False,0.6236,1.0,0.979212,0.501668,0.689936,25.2454,"main_cat IN ('Computers', 'Tools & Home Improvement')"
847,0.680906,18,0.481384,0.96062,post_filter,False,0.8253,1.0,0.972492,0.481384,0.961807,25.282,"overall IN (3,5)"
848,0.952472,21,1.0,0.876763,post_filter,True,0.9324,1.0,0.968919,1.0,0.885979,24.7836,"overall IN (1,3,4,5)"
849,0.160682,1,0.380185,0.807426,post_filter,False,1.1453,0.5,0.001569,0.380185,0.72684,25.0485,"main_cat IN ('Camera & Photo', 'Computers')"
850,0.339351,8,0.6561,0.892914,post_filter,False,0.6665,1.0,0.977785,0.6561,0.901401,24.9588,"main_cat IN ('Home Audio & Theater', 'Camera &amp; Photo', 'Sports & Outdoors')"
851,0.751008,19,0.478297,0.935388,post_filter,False,0.7482,1.0,0.975061,0.478297,0.939355,24.9086,"overall IN (1,2,5)"
852,0.952472,21,1.0,0.885979,post_filter,True,0.779,1.0,0.974033,1.0,0.894785,25.1066,"overall IN (1,3,4,5)"
853,0.929351,21,1.0,0.894785,post_filter,True,0.8068,1.0,0.973106,1.0,0.902617,24.7498,"overall IN (1,2,4,5)"
854,0.929351,21,1.0,0.902617,post_filter,True,0.7941,1.0,0.973531,1.0,0.909708,24.9194,"overall IN (1,2,4,5)"
855,0.610257,18,0.481384,0.961807,post_filter,False,0.9593,1.0,0.968022,0.481384,0.962429,24.7604,overall>=5.0
856,0.610257,18,0.481384,0.962429,post_filter,False,0.6731,1.0,0.977562,0.481384,0.963942,24.9303,overall>=5.0
857,0.751008,19,0.478297,0.939355,post_filter,False,0.8123,1.0,0.972925,0.478297,0.942712,24.7945,"overall IN (1,2,5)"
858,0.180604,1,0.380185,0.72684,post_filter,False,0.7903,1.0,0.973657,0.380185,0.751522,25.261,"main_cat IN ('Camera & Photo', 'Computers', 'Cell Phones &amp; Accessories')"
859,0.836128,20,0.512281,0.935959,post_filter,False,0.6711,1.0,0.977629,0.512281,0.940126,24.9383,"overall IN (2,4,5)"
860,0.248992,4,0.598538,0.905846,post_filter,False,0.7298,1.0,0.975672,0.598538,0.912829,24.9206,"overall IN (3,4)"
861,0.270385,5,0.436288,0.696426,post_filter,False,0.9904,1.0,0.966986,0.436288,0.723482,25.1757,"main_cat IN ('Home Audio & Theater', 'Books', 'Tools & Home Improvement')"
862,0.248992,4,0.598538,0.912829,post_filter,False,0.8267,1.0,0.972443,0.598538,0.91879,25.0565,"overall IN (3,4)"
863,0.751008,19,0.478297,0.942712,post_filter,False,0.9316,1.0,0.968946,0.478297,0.945336,25.1667,"overall IN (1,2,5)"
864,0.073033,0,0.501668,0.689936,post_filter,False,0.9652,0.9,0.563619,0.501668,0.677304,25.3304,brand='Tiffen'
865,0.952472,21,1.0,0.909708,post_filter,True,0.7716,1.0,0.974279,1.0,0.916165,25.0893,"overall IN (1,3,4,5)"
866,0.836128,20,0.512281,0.940126,post_filter,False,0.8346,1.0,0.972179,0.512281,0.943331,25.0058,"overall IN (2,4,5)"
867,0.092237,0,0.501668,0.677304,post_filter,False,0.7315,1.0,0.975618,0.501668,0.707136,25.2692,main_cat='Home Audio &amp; Theater' AND overall>=3.0
868,0.751008,19,0.478297,0.945336,post_filter,False,0.4214,0.8,0.176816,0.478297,0.868484,25.0795,"overall IN (1,2,5)"
869,0.70348,19,0.478297,0.868484,post_filter,False,0.6449,1.0,0.978503,0.478297,0.879485,24.9826,"overall IN (1,5)"
870,0.210713,2,0.520113,0.712295,post_filter,False,1.2085,0.9,0.558898,0.520113,0.696956,25.248,"main_cat IN ('Camera & Photo', 'Camera &amp; Photo')"
871,0.680906,18,0.481384,0.963942,post_filter,False,0.9066,1.0,0.969779,0.481384,0.964526,25.0749,"overall IN (3,5)"
872,0.821657,20,0.512281,0.943331,post_filter,False,0.1142,0.0,0.0,0.512281,0.848998,25.193,"overall IN (1,2,3,5)"
873,0.821657,20,0.512281,0.848998,post_filter,False,0.7065,1.0,0.976451,0.512281,0.861744,24.759,"overall IN (1,2,3,5)"
874,0.906777,21,1.0,0.916165,post_filter,True,0.8001,1.0,0.973329,1.0,0.921882,24.7959,overall>=2.0
875,0.952472,21,1.0,0.921882,post_filter,True,0.904,1.0,0.969865,1.0,0.92668,24.9162,"overall IN (1,3,4,5)"
876,0.073033,0,0.501668,0.707136,post_filter,False,0.7257,1.0,0.97581,0.501668,0.734003,25.2293,brand='Tiffen'
877,0.952472,21,1.0,0.92668,post_filter,True,0.8317,1.0,0.972278,1.0,0.93124,25.0385,"overall IN (1,3,4,5)"
878,0.952472,21,1.0,0.93124,post_filter,True,0.7578,1.0,0.97474,1.0,0.93559,24.8422,"overall IN (1,3,4,5)"
879,0.160682,1,0.380185,0.751522,post_filter,False,0.895,0.9,0.564983,0.380185,0.732868,25.0041,"main_cat IN ('Camera & Photo', 'Computers')"
880,0.339351,8,0.6561,0.901401,pre_filter,False,33.4976,1.0,0.0,0.59049,0.901401,25.2191,"main_cat IN ('Home Audio & Theater', 'Camera &amp; Photo', 'Sports & Outdoors')"
881,0.929351,21,1.0,0.93559,post_filter,True,0.8229,1.0,0.972569,1.0,0.939288,25.1224,"overall IN (1,2,4,5)"
882,0.881823,20,0.512281,0.861744,post_filter,False,1.0246,1.0,0.965846,0.512281,0.872154,24.9006,"overall IN (1,4,5)"
883,0.160682,1,0.380185,0.732868,post_filter,False,0.8376,1.0,0.972081,0.380185,0.756789,25.1757,"main_cat IN ('Camera & Photo', 'Computers')"
884,0.952472,21,1.0,0.939288,post_filter,True,0.266,0.0,0.0,1.0,0.845359,24.9022,"overall IN (1,3,4,5)"
885,0.952472,21,1.0,0.845359,post_filter,True,0.8657,1.0,0.971144,1.0,0.857937,25.101,"overall IN (1,3,4,5)"
886,0.073033,0,0.501668,0.734003,post_filter,False,0.8344,1.0,0.972186,0.501668,0.757821,25.0466,brand='Tiffen'
887,0.881823,20,0.512281,0.872154,post_filter,False,0.8044,1.0,0.973186,0.512281,0.882257,24.9075,"overall IN (1,4,5)"
888,0.319094,7,0.464618,0.872014,post_filter,False,0.7919,1.0,0.973604,0.464618,0.882173,24.932,"overall IN (1,2,4)"
889,0.859249,20,0.512281,0.882257,post_filter,False,0.9473,1.0,0.968424,0.512281,0.890874,25.0802,overall>=3.0
890,0.610257,18,0.481384,0.964526,post_filter,False,0.7691,1.0,0.974364,0.481384,0.96551,25.1774,overall>=5.0
891,0.160682,1,0.380185,0.756789,post_filter,False,1.0643,0.9,0.561696,0.380185,0.73728,25.0421,"main_cat IN ('Camera & Photo', 'Computers')"
892,0.952472,21,1.0,0.857937,post_filter,True,0.6941,1.0,0.976862,1.0,0.86983,25.1081,"overall IN (1,3,4,5)"
893,0.821657,20,0.512281,0.890874,post_filter,False,0.3315,1.0,0.988951,0.512281,0.900681,24.8944,"overall IN (1,2,3,5)"
894,0.906777,21,1.0,0.86983,post_filter,True,0.8381,1.0,0.972064,1.0,0.880053,25.0556,overall>=2.0
895,0.952472,21,1.0,0.880053,post_filter,True,0.7635,1.0,0.97455,1.0,0.889503,24.9164,"overall IN (1,3,4,5)"
896,0.248992,4,0.598538,0.91879,post_filter,False,0.9776,1.0,0.967413,0.598538,0.923652,25.0365,"overall IN (3,4)"
897,0.929351,21,1.0,0.889503,post_filter,True,0.4177,1.0,0.986078,1.0,0.899161,24.975,"overall IN (1,2,4,5)"
898,0.073033,0,0.501668,0.757821,post_filter,False,0.3641,1.0,0.987863,0.501668,0.780825,25.1248,brand='Tiffen'
899,0.050727,0,0.501668,0.780825,post_filter,False,0.8893,0.7,0.04578,0.501668,0.707321,25.5657,"main_cat IN ('Computers', 'Tools & Home Improvement')"
900,0.248992,4,0.598538,0.923652,post_filter,False,1.019,1.0,0.966033,0.598538,0.92789,25.05,"overall IN (3,4)"
901,0.70348,19,0.478297,0.879485,post_filter,False,0.7614,1.0,0.974621,0.478297,0.888999,25.1124,"overall IN (1,5)"
902,0.728433,19,0.478297,0.888999,post_filter,False,0.814,1.0,0.972865,0.478297,0.897386,25.0854,"overall IN (2,3,5)"
903,0.12068,1,0.380185,0.73728,post_filter,False,0.327,0.9,0.576009,0.380185,0.721153,25.1312,"main_cat IN ('Camera &amp; Photo', 'Cell Phones &amp; Accessories', 'Tools & Home Improvement')"
904,0.952472,21,1.0,0.899161,post_filter,True,0.9427,1.0,0.968576,1.0,0.906102,24.9679,"overall IN (1,3,4,5)"
905,0.270385,5,0.436288,0.723482,post_filter,False,0.7395,1.0,0.975349,0.436288,0.748669,25.143,"main_cat IN ('Home Audio & Theater', 'Books', 'Tools & Home Improvement')"
906,0.248992,4,0.598538,0.92789,post_filter,False,1.0351,1.0,0.965497,0.598538,0.931651,24.983,"overall IN (3,4)"
907,0.389743,11,0.61488,0.833126,post_filter,False,0.8889,1.0,0.970369,0.61488,0.846851,24.9732,overall<=4.0
908,0.751008,19,0.478297,0.897386,post_filter,False,0.3645,1.0,0.987849,0.478297,0.906432,25.317,"overall IN (1,2,5)"
909,0.680906,18,0.481384,0.96551,post_filter,False,0.7364,0.9,0.568062,0.481384,0.925765,25.0029,"overall IN (3,5)"
910,0.658182,18,0.481384,0.925765,post_filter,False,1.0618,1.0,0.964606,0.481384,0.929649,24.931,verified=true AND overall>=3.0
911,0.610257,18,0.481384,0.929649,post_filter,False,0.7943,1.0,0.973525,0.481384,0.934037,25.056,overall>=5.0
912,0.929351,21,1.0,0.906102,post_filter,True,0.6108,1.0,0.979639,1.0,0.913456,25.2591,"overall IN (1,2,4,5)"
913,0.140751,1,0.380185,0.721153,post_filter,False,0.7723,1.0,0.974258,0.380185,0.746463,25.0382,overall<=2.0
914,0.906777,21,1.0,0.913456,post_filter,True,0.669,1.0,0.977699,1.0,0.91988,25.1694,overall>=2.0
915,0.658182,18,0.481384,0.934037,post_filter,False,0.609,1.0,0.9797,0.481384,0.938603,25.1886,verified=true AND overall>=3.0
916,0.389743,11,0.61488,0.846851,post_filter,False,0.6875,1.0,0.977085,0.61488,0.859874,25.1649,overall<=4.0
917,0.230635,3,0.619415,0.756976,post_filter,False,0.8265,0.1,0.0,0.619415,0.681278,25.2446,"main_cat IN ('Camera & Photo', 'Camera &amp; Photo', 'Cell Phones &amp; Accessories')"
918,0.180604,1,0.380185,0.746463,post_filter,False,0.7269,1.0,0.975769,0.380185,0.769394,25.0683,"main_cat IN ('Camera & Photo', 'Computers', 'Cell Phones &amp; Accessories')"
919,0.859249,20,0.512281,0.900681,post_filter,False,1.0411,1.0,0.965297,0.512281,0.907143,24.9187,overall>=3.0
920,0.12068,1,0.380185,0.769394,post_filter,False,0.9308,1.0,0.968974,0.380185,0.789352,24.9732,"main_cat IN ('Camera &amp; Photo', 'Cell Phones &amp; Accessories', 'Tools & Home Improvement')"
921,0.270385,5,0.436288,0.748669,post_filter,False,0.8634,0.8,0.174173,0.436288,0.691219,25.2341,"main_cat IN ('Home Audio & Theater', 'Books', 'Tools & Home Improvement')"
922,0.160682,1,0.380185,0.789352,post_filter,False,0.7458,1.0,0.97514,0.380185,0.807931,24.8485,"main_cat IN ('Camera & Photo', 'Computers')"
923,0.821657,20,0.512281,0.907143,post_filter,False,1.0228,1.0,0.965907,0.512281,0.913019,24.8891,"overall IN (1,2,3,5)"
924,0.389743,11,0.61488,0.859874,post_filter,False,0.9235,1.0,0.969217,0.61488,0.870808,24.8871,overall<=4.0
925,0.751008,19,0.478297,0.906432,post_filter,False,0.9124,1.0,0.969586,0.478297,0.912747,24.8772,"overall IN (1,2,5)"
926,0.230635,3,0.619415,0.681278,post_filter,False,0.8737,0.7,0.045805,0.619415,0.617731,24.8021,"main_cat IN ('Camera & Photo', 'Camera &amp; Photo', 'Cell Phones &amp; Accessories')"
927,0.7886,19,0.478297,0.912747,post_filter,False,0.9424,1.0,0.968586,0.478297,0.918331,24.8232,overall>=4.0
928,0.160682,1,0.380185,0.807931,post_filter,False,0.3367,1.0,0.988778,0.380185,0.826015,25.1865,"main_cat IN ('Camera & Photo', 'Computers')"
929,0.050727,0,0.501668,0.707321,pre_filter,False,7.7573,1.0,0.741425,0.525644,0.707321,25.3454,"main_cat IN ('Computers', 'Tools & Home Improvement')"
930,0.821657,20,0.512281,0.913019,post_filter,False,0.8267,1.0,0.972443,0.512281,0.918962,24.825,"overall IN (1,2,3,5)"
931,0.270385,5,0.436288,0.691219,post_filter,False,0.8986,0.9,0.564913,0.436288,0.678589,25.1987,"main_cat IN ('Home Audio & Theater', 'Books', 'Tools & Home Improvement')"
932,0.859249,20,0.512281,0.918962,post_filter,False,0.8362,1.0,0.972128,0.512281,0.924278,24.7328,overall>=3.0
933,0.248992,4,0.598538,0.931651,post_filter,False,0.1298,0.1,0.0,0.598538,0.838486,24.9845,"overall IN (3,4)"
934,0.70348,19,0.478297,0.918331,post_filter,False,0.8804,1.0,0.970653,0.478297,0.923563,24.7677,"overall IN (1,5)"
935,0.774129,19,0.478297,0.923563,post_filter,False,0.7702,1.0,0.974325,0.478297,0.92864,25.0378,"overall IN (1,3,5)"
936,0.836128,20,0.512281,0.924278,post_filter,False,0.8285,1.0,0.972382,0.512281,0.929089,24.9731,"overall IN (2,4,5)"
937,0.180604,1,0.380185,0.826015,post_filter,False,0.8219,1.0,0.972603,0.380185,0.840674,25.2065,"main_cat IN ('Camera & Photo', 'Computers', 'Cell Phones &amp; Accessories')"
938,0.160682,1,0.380185,0.840674,post_filter,False,0.5157,0.9,0.572346,0.380185,0.813841,25.042,"main_cat IN ('Camera & Photo', 'Computers')"
939,0.728433,19,0.478297,0.92864,post_filter,False,0.7705,1.0,0.974318,0.478297,0.933207,24.8301,"overall IN (2,3,5)"
940,0.906777,21,1.0,0.91988,post_filter,True,0.878,1.0,0.970732,1.0,0.924965,24.962,overall>=2.0
941,0.751008,19,0.478297,0.933207,post_filter,False,0.9258,1.0,0.969139,0.478297,0.936801,24.6887,"overall IN (1,2,5)"
942,0.929351,21,1.0,0.924965,post_filter,True,0.857,1.0,0.971432,1.0,0.929612,24.9524,"overall IN (1,2,4,5)"
943,0.319094,7,0.464618,0.882173,post_filter,False,0.688,0.9,0.569001,0.464618,0.850856,25.0697,"overall IN (1,2,4)"
944,0.881823,20,0.512281,0.929089,post_filter,False,0.8214,1.0,0.972621,0.512281,0.933442,25.03,"overall IN (1,4,5)"
945,0.339351,8,0.59049,0.901401,post_filter,False,0.4581,0.0,0.0,0.59049,0.811261,25.1395,"main_cat IN ('Home Audio & Theater', 'Camera &amp; Photo', 'Sports & Outdoors')"
946,0.658182,18,0.481384,0.938603,post_filter,False,0.908,1.0,0.969733,0.481384,0.941716,25.153,verified=true AND overall>=3.0
947,0.270385,5,0.436288,0.678589,post_filter,False,0.4083,0.8,0.176894,0.436288,0.628419,24.911,"main_cat IN ('Home Audio & Theater', 'Books', 'Tools & Home Improvement')"
948,0.092237,0,0.525644,0.707321,post_filter,False,0.7757,1.0,0.974144,0.525644,0.734003,25.3271,main_cat='Home Audio &amp; Theater' AND overall>=3.0
949,0.319094,7,0.464618,0.850856,post_filter,False,0.6738,1.0,0.977539,0.464618,0.863524,25.33,"overall IN (1,2,4)"
950,0.774129,19,0.478297,0.936801,post_filter,False,0.1287,0.0,0.0,0.478297,0.84312,25.2391,"overall IN (1,3,5)"
951,0.12068,1,0.380185,0.813841,post_filter,False,0.8238,1.0,0.972539,0.380185,0.829711,34.3732,"main_cat IN ('Camera &amp; Photo', 'Cell Phones &amp; Accessories', 'Tools & Home Improvement')"
952,0.160682,1,0.380185,0.829711,post_filter,False,0.9737,1.0,0.967542,0.380185,0.843494,25.4969,"main_cat IN ('Camera & Photo', 'Computers')"
953,0.140751,1,0.380185,0.843494,post_filter,False,0.885,1.0,0.9705,0.380185,0.856195,24.8151,overall<=2.0
954,0.610257,18,0.481384,0.941716,post_filter,False,0.3975,1.0,0.986749,0.481384,0.946219,25.0627,overall>=5.0
955,0.270385,5,0.436288,0.628419,post_filter,False,0.9879,1.0,0.967069,0.436288,0.662284,24.9054,"main_cat IN ('Home Audio & Theater', 'Books', 'Tools & Home Improvement')"
956,0.952472,21,1.0,0.929612,post_filter,True,0.9044,1.0,0.969853,1.0,0.933636,25.1448,"overall IN (1,3,4,5)"
957,0.210713,2,0.520113,0.696956,pre_filter,False,6.5476,1.0,0.781746,0.546276,0.696956,25.3809,"main_cat IN ('Camera & Photo', 'Camera &amp; Photo')"
958,0.050727,0,0.525644,0.734003,post_filter,False,1.0614,1.0,0.964619,0.525644,0.757065,25.3091,"main_cat IN ('Computers', 'Tools & Home Improvement')"
959,0.230635,3,0.619415,0.617731,post_filter,False,0.8364,1.0,0.972121,0.619415,0.65317,25.3465,"main_cat IN ('Camera & Photo', 'Camera &amp; Photo', 'Cell Phones &amp; Accessories')"
960,0.319094,7,0.464618,0.863524,post_filter,False,0.8,1.0,0.973335,0.464618,0.874505,24.9627,"overall IN (1,2,4)"
961,0.210713,2,0.546276,0.696956,post_filter,False,0.6613,1.0,0.977957,0.546276,0.725056,25.0726,"main_cat IN ('Camera & Photo', 'Camera &amp; Photo')"
962,0.389743,11,0.61488,0.870808,post_filter,False,0.8796,1.0,0.970681,0.61488,0.880796,24.9568,overall<=4.0
963,0.836128,20,0.512281,0.933442,post_filter,False,0.8825,1.0,0.970582,0.512281,0.937156,25.1106,"overall IN (2,4,5)"
964,0.230635,3,0.619415,0.65317,pre_filter,False,5.7625,0.2,0.0,0.557473,0.65317,25.0824,"main_cat IN ('Camera & Photo', 'Camera &amp; Photo', 'Cell Phones &amp; Accessories')"
965,0.270385,5,0.436288,0.662284,post_filter,False,0.8765,0.9,0.565342,0.436288,0.65259,24.934,"main_cat IN ('Home Audio & Theater', 'Books', 'Tools & Home Improvement')"
966,0.248992,4,0.598538,0.838486,post_filter,False,0.283,1.0,0.990567,0.598538,0.853694,25.1657,"overall IN (3,4)"
967,0.70348,19,0.478297,0.84312,pre_filter,False,48.088,1.0,0.0,0.430467,0.84312,25.3785,"overall IN (1,5)"
968,0.821657,20,0.512281,0.937156,post_filter,False,0.8036,1.0,0.973212,0.512281,0.940762,24.9673,"overall IN (1,2,3,5)"
969,0.70348,19,0.430467,0.84312,post_filter,False,0.4465,1.0,0.985118,0.430467,0.85732,25.1032,"overall IN (1,5)"
970,0.050727,0,0.525644,0.757065,post_filter,False,0.9377,1.0,0.968743,0.525644,0.778233,25.0941,"main_cat IN ('Computers', 'Tools & Home Improvement')"
971,0.230635,3,0.557473,0.65317,post_filter,False,0.7465,1.0,0.975117,0.557473,0.685364,25.1015,"main_cat IN ('Camera & Photo', 'Camera &amp; Photo', 'Cell Phones &amp; Accessories')"
972,0.751008,19,0.430467,0.85732,post_filter,False,0.8039,1.0,0.973204,0.430467,0.868909,25.1172,"overall IN (1,2,5)"
973,0.300422,7,0.464618,0.874505,post_filter,False,0.3253,0.9,0.576041,0.464618,0.844659,25.0923,"main_cat IN ('All Electronics', 'Books', 'Sports & Outdoors')"
974,0.7886,19,0.430467,0.868909,post_filter,False,0.8353,1.0,0.972158,0.430467,0.879234,24.9862,overall>=4.0
975,0.210713,2,0.546276,0.725056,post_filter,False,1.1777,0.6,0.009703,0.546276,0.65352,25.2425,"main_cat IN ('Camera & Photo', 'Camera &amp; Photo')"
976,0.073033,0,0.525644,0.778233,post_filter,False,1.0533,0.9,0.561909,0.525644,0.7566,25.1329,brand='Tiffen'
977,0.774129,19,0.430467,0.879234,post_filter,False,0.4791,1.0,0.984031,0.430467,0.889713,24.8406,"overall IN (1,3,5)"
978,0.12068,1,0.380185,0.856195,post_filter,False,0.7879,1.0,0.973736,0.380185,0.867949,24.9702,"main_cat IN ('Camera &amp; Photo', 'Cell Phones &amp; Accessories', 'Tools & Home Improvement')"
979,0.389743,11,0.61488,0.880796,post_filter,False,0.79,1.0,0.973668,0.61488,0.890083,24.9498,overall<=4.0
980,0.248992,4,0.598538,0.853694,post_filter,False,0.7696,1.0,0.974347,0.598538,0.865759,25.013,"overall IN (3,4)"
981,0.160682,1,0.380185,0.867949,post_filter,False,0.9394,1.0,0.968686,0.380185,0.878023,24.8388,"main_cat IN ('Camera & Photo', 'Computers')"
982,0.319094,7,0.464618,0.844659,post_filter,False,0.226,0.8,0.177984,0.464618,0.777991,24.855,"overall IN (1,2,4)"
983,0.774129,19,0.430467,0.889713,post_filter,False,0.6815,1.0,0.977282,0.430467,0.89847,24.899,"overall IN (1,3,5)"
984,0.658182,18,0.481384,0.946219,post_filter,False,0.5531,0.8889,0.504844,0.481384,0.902082,24.9272,verified=true AND overall>=3.0
985,0.952472,21,1.0,0.933636,post_filter,True,0.5449,1.0,0.981838,1.0,0.938456,24.8452,"overall IN (1,3,4,5)"
986,0.929351,21,1.0,0.938456,post_filter,True,0.5661,1.0,0.981131,1.0,0.942724,24.8673,"overall IN (1,2,4,5)"
987,0.929351,21,1.0,0.942724,post_filter,True,0.8472,1.0,0.97176,1.0,0.945627,25.0556,"overall IN (1,2,4,5)"
988,0.7886,19,0.430467,0.89847,post_filter,False,0.8577,1.0,0.97141,0.430467,0.905764,25.0173,overall>=4.0
989,0.836128,20,0.512281,0.940762,post_filter,False,0.7951,1.0,0.973497,0.512281,0.944035,25.1254,"overall IN (2,4,5)"
990,0.248992,4,0.598538,0.865759,post_filter,False,0.4495,0.9,0.57363,0.598538,0.836546,25.1977,"overall IN (3,4)"
991,0.7886,19,0.430467,0.905764,post_filter,False,0.656,1.0,0.978135,0.430467,0.913001,25.3294,overall>=4.0
992,0.12068,1,0.380185,0.878023,post_filter,False,0.9793,1.0,0.967356,0.380185,0.886956,25.0838,"main_cat IN ('Camera &amp; Photo', 'Cell Phones &amp; Accessories', 'Tools & Home Improvement')"
993,0.751008,19,0.430467,0.913001,post_filter,False,0.761,1.0,0.974633,0.430467,0.919164,25.0635,"overall IN (1,2,5)"
994,0.952472,21,1.0,0.945627,post_filter,True,0.8587,1.0,0.971375,1.0,0.948202,24.9062,"overall IN (1,3,4,5)"
995,0.248992,4,0.598538,0.836546,post_filter,False,0.6868,1.0,0.977107,0.598538,0.850602,24.8928,"overall IN (3,4)"
996,0.300422,7,0.464618,0.777991,post_filter,False,0.6585,1.0,0.978051,0.464618,0.797997,25.1988,"main_cat IN ('All Electronics', 'Books', 'Sports & Outdoors')"
997,0.728433,19,0.430467,0.919164,post_filter,False,0.7225,1.0,0.975918,0.430467,0.92484,25.2091,"overall IN (2,3,5)"
998,0.210713,2,0.546276,0.65352,post_filter,False,1.2506,0.9,0.55808,0.546276,0.643976,25.3428,"main_cat IN ('Camera & Photo', 'Camera &amp; Photo')"
999,0.210713,2,0.546276,0.643976,post_filter,False,0.7667,1.0,0.974443,0.546276,0.677023,25.1163,"main_cat IN ('Camera & Photo', 'Camera &amp; Photo')"
1000,0.140751,1,0.380185,0.886956,post_filter,False,0.9419,1.0,0.968603,0.380185,0.895121,25.2037,overall<=2.0
1001,0.610257,18,0.481384,0.902082,post_filter,False,0.7572,1.0,0.97476,0.481384,0.90935,25.1181,overall>=5.0
1002,0.140751,1,0.380185,0.895121,post_filter,False,0.5872,1.0,0.980425,0.380185,0.903651,25.4275,overall<=2.0
1003,0.389743,11,0.61488,0.890083,post_filter,False,0.3242,0.2,0.0,0.61488,0.801075,25.2506,overall<=4.0
1004,0.821657,20,0.512281,0.944035,post_filter,False,0.8972,1.0,0.970094,0.512281,0.946641,25.1315,"overall IN (1,2,3,5)"
1005,0.728433,19,0.430467,0.92484,post_filter,False,0.9056,1.0,0.969814,0.430467,0.929337,25.009,"overall IN (2,3,5)"
1006,0.300422,7,0.464618,0.797997,post_filter,False,1.0094,1.0,0.966354,0.464618,0.814833,24.7321,"main_cat IN ('All Electronics', 'Books', 'Sports & Outdoors')"
1007,0.339351,8,0.59049,0.811261,post_filter,False,0.4365,0.9,0.573883,0.59049,0.787523,25.0791,"main_cat IN ('Home Audio & Theater', 'Camera &amp; Photo', 'Sports & Outdoors')"
1008,0.7886,19,0.430467,0.929337,post_filter,False,0.9115,1.0,0.969618,0.430467,0.933365,24.7818,overall>=4.0
1009,0.680906,18,0.481384,0.90935,post_filter,False,0.9254,1.0,0.969154,0.481384,0.91533,25.0832,"overall IN (3,5)"
1010,0.952472,21,1.0,0.948202,post_filter,True,0.9176,1.0,0.969412,1.0,0.950323,24.9276,"overall IN (1,3,4,5)"
1011,0.610257,18,0.481384,0.91533,post_filter,False,0.8695,1.0,0.971015,0.481384,0.920899,24.9603,overall>=5.0
1012,0.836128,20,0.512281,0.946641,post_filter,False,0.7867,1.0,0.973778,0.512281,0.949355,24.8951,"overall IN (2,4,5)"
1013,0.680906,18,0.481384,0.920899,post_filter,False,0.9155,1.0,0.969483,0.481384,0.925757,25.0554,"overall IN (3,5)"
1014,0.859249,20,0.512281,0.949355,post_filter,False,0.7582,1.0,0.974726,0.512281,0.951892,25.1899,overall>=3.0
1015,0.774129,19,0.430467,0.933365,post_filter,False,0.3581,1.0,0.988063,0.430467,0.938835,25.1133,"overall IN (1,3,5)"
1016,0.881823,20,0.512281,0.951892,post_filter,False,0.6278,1.0,0.979072,0.512281,0.95461,25.3556,"overall IN (1,4,5)"
1017,0.180604,1,0.380185,0.903651,post_filter,False,0.463,1.0,0.984567,0.380185,0.911743,24.9095,"main_cat IN ('Camera & Photo', 'Computers', 'Cell Phones &amp; Accessories')"
1018,0.836128,20,0.512281,0.95461,post_filter,False,0.517,1.0,0.982768,0.512281,0.957426,25.3556,"overall IN (2,4,5)"
1019,0.210713,2,0.546276,0.677023,post_filter,False,0.7742,1.0,0.974194,0.546276,0.70674,25.0534,"main_cat IN ('Camera & Photo', 'Camera &amp; Photo')"
1020,0.774129,19,0.430467,0.938835,post_filter,False,0.789,1.0,0.973701,0.430467,0.942322,25.3339,"overall IN (1,3,5)"
1021,0.836128,20,0.512281,0.957426,post_filter,False,0.6418,1.0,0.978608,0.512281,0.959544,25.2814,"overall IN (2,4,5)"
1022,0.728433,19,0.430467,0.942322,post_filter,False,0.8102,1.0,0.972992,0.430467,0.945389,25.1734,"overall IN (2,3,5)"
1023,0.906777,21,1.0,0.950323,post_filter,True,0.6388,1.0,0.978708,1.0,0.953162,24.9815,overall>=2.0
1024,0.859249,20,0.512281,0.959544,post_filter,False,0.794,1.0,0.973532,0.512281,0.960943,24.9523,overall>=3.0
1025,0.092237,0,0.525644,0.7566,post_filter,False,0.2052,0.7,0.046856,0.525644,0.685626,25.3252,main_cat='Home Audio &amp; Theater' AND overall>=3.0
1026,0.658182,18,0.481384,0.925757,post_filter,False,0.6357,1.0,0.97881,0.481384,0.931062,24.9129,verified=true AND overall>=3.0
1027,0.389743,11,0.61488,0.801075,post_filter,False,0.7298,1.0,0.975672,0.61488,0.818534,25.3585,overall<=4.0
1028,0.658182,18,0.481384,0.931062,post_filter,False,0.9662,1.0,0.967792,0.481384,0.934735,24.7785,verified=true AND overall>=3.0
1029,0.7886,19,0.430467,0.945389,post_filter,False,0.7396,1.0,0.975346,0.430467,0.948384,24.9526,overall>=4.0
1030,0.300422,7,0.464618,0.814833,post_filter,False,0.8898,1.0,0.970342,0.464618,0.830384,25.0525,"main_cat IN ('All Electronics', 'Books', 'Sports & Outdoors')"
1031,0.092237,0,0.525644,0.685626,pre_filter,False,16.9341,0.7,0.020548,0.475134,0.685626,25.0305,main_cat='Home Audio &amp; Theater' AND overall>=3.0
1032,0.952472,21,1.0,0.953162,post_filter,True,0.776,1.0,0.974133,1.0,0.955259,25.0057,"overall IN (1,3,4,5)"
1033,0.70348,19,0.430467,0.948384,post_filter,False,0.6421,1.0,0.978596,0.430467,0.951405,25.2412,"overall IN (1,5)"
1034,0.12068,1,0.380185,0.911743,post_filter,False,0.8611,1.0,0.971296,0.380185,0.917698,25.595,"main_cat IN ('Camera &amp; Photo', 'Cell Phones &amp; Accessories', 'Tools & Home Improvement')"
1035,0.073033,0,0.475134,0.685626,post_filter,False,0.6782,1.0,0.977393,0.475134,0.714803,25.3293,brand='Tiffen'
1036,0.881823,20,0.512281,0.960943,post_filter,False,0.8899,1.0,0.970338,0.512281,0.961882,24.9628,"overall IN (1,4,5)"
1037,0.680906,18,0.481384,0.934735,post_filter,False,0.4315,0.9,0.57398,0.481384,0.89866,24.8942,"overall IN (3,5)"
1038,0.929351,21,1.0,0.955259,post_filter,True,0.7392,1.0,0.975361,1.0,0.957269,25.0228,"overall IN (1,2,4,5)"
1039,0.658182,18,0.481384,0.89866,post_filter,False,0.645,1.0,0.978499,0.481384,0.906644,25.141,verified=true AND overall>=3.0
1040,0.180604,1,0.380185,0.917698,post_filter,False,0.8856,1.0,0.970481,0.380185,0.922976,25.0128,"main_cat IN ('Camera & Photo', 'Computers', 'Cell Phones &amp; Accessories')"
1041,0.70348,19,0.430467,0.951405,post_filter,False,0.7435,1.0,0.975218,0.430467,0.953787,25.1858,"overall IN (1,5)"
1042,0.680906,18,0.481384,0.906644,post_filter,False,0.2993,0.4,0.000173,0.481384,0.815997,25.0709,"overall IN (3,5)"
1043,0.140751,1,0.380185,0.922976,post_filter,False,0.8078,1.0,0.973072,0.380185,0.927986,25.1003,overall<=2.0
1044,0.160682,1,0.380185,0.927986,post_filter,False,0.7921,1.0,0.973596,0.380185,0.932547,25.1865,"main_cat IN ('Camera & Photo', 'Computers')"
1045,0.270385,5,0.436288,0.65259,post_filter,False,0.8555,1.0,0.971485,0.436288,0.684479,25.1797,"main_cat IN ('Home Audio & Theater', 'Books', 'Tools & Home Improvement')"
1046,0.906777,21,1.0,0.957269,post_filter,True,0.3244,1.0,0.989188,1.0,0.960461,25.6438,overall>=2.0
1047,0.658182,18,0.481384,0.815997,post_filter,False,0.1186,0.0,0.0,0.481384,0.734397,25.6622,verified=true AND overall>=3.0
1048,0.389743,11,0.61488,0.818534,post_filter,False,0.9018,0.9,0.564851,0.61488,0.793166,25.7648,overall<=4.0
1049,0.12068,1,0.380185,0.932547,post_filter,False,0.7753,1.0,0.974157,0.380185,0.936708,25.695,"main_cat IN ('Camera &amp; Photo', 'Cell Phones &amp; Accessories', 'Tools & Home Improvement')"
1050,0.774129,19,0.430467,0.953787,post_filter,False,0.5306,1.0,0.982314,0.430467,0.956639,25.5441,"overall IN (1,3,5)"
1051,0.180604,1,0.380185,0.936708,post_filter,False,0.8615,1.0,0.971283,0.380185,0.940165,25.2147,"main_cat IN ('Camera & Photo', 'Computers', 'Cell Phones &amp; Accessories')"
1052,0.7886,19,0.430467,0.956639,post_filter,False,0.4562,0.0,0.0,0.430467,0.860976,25.2394,overall>=4.0
1053,0.70348,19,0.430467,0.860976,post_filter,False,1.103,1.0,0.963232,0.430467,0.871201,24.9887,"overall IN (1,5)"
1054,0.610257,18,0.481384,0.734397,post_filter,False,0.9563,1.0,0.968125,0.481384,0.75777,33.9093,overall>=5.0
1055,0.092237,0,0.475134,0.714803,post_filter,False,0.6511,1.0,0.978297,0.475134,0.741152,25.2512,main_cat='Home Audio &amp; Theater' AND overall>=3.0
1056,0.929351,21,1.0,0.960461,post_filter,True,0.8595,1.0,0.971351,1.0,0.96155,24.7623,"overall IN (1,2,4,5)"
1057,0.658182,18,0.481384,0.75777,post_filter,False,0.8415,1.0,0.97195,0.481384,0.779188,24.9774,verified=true AND overall>=3.0
1058,0.389743,11,0.61488,0.793166,post_filter,False,0.8975,1.0,0.970085,0.61488,0.810858,25.206,overall<=4.0
1059,0.859249,20,0.512281,0.961882,post_filter,False,0.6818,1.0,0.977274,0.512281,0.963421,25.1555,overall>=3.0
1060,0.073033,0,0.475134,0.741152,post_filter,False,1.0325,0.2,0.0,0.475134,0.667037,26.5376,brand='Tiffen'
1061,0.389743,11,0.61488,0.810858,post_filter,False,1.0511,1.0,0.964964,0.61488,0.826269,24.8251,overall<=4.0
1062,0.140751,1,0.380185,0.940165,post_filter,False,0.7365,1.0,0.975451,0.380185,0.943694,25.0933,overall<=2.0
1063,0.658182,18,0.481384,0.779188,pre_filter,False,84.4295,1.0,0.0,0.433246,0.779188,24.839,verified=true AND overall>=3.0
1064,0.339351,8,0.59049,0.787523,post_filter,False,1.0582,1.0,0.964728,0.59049,0.805244,25.1793,"main_cat IN ('Home Audio & Theater', 'Camera &amp; Photo', 'Sports & Outdoors')"
1065,0.389743,11,0.61488,0.826269,post_filter,False,0.7562,1.0,0.974794,0.61488,0.841121,25.0562,overall<=4.0
1066,0.70348,19,0.430467,0.871201,post_filter,False,0.8389,1.0,0.972036,0.430467,0.881285,25.1122,"overall IN (1,5)"
1067,0.073033,0,0.475134,0.667037,pre_filter,False,6.1625,0.6,0.008024,0.428423,0.667037,25.1513,brand='Tiffen'
1068,0.680906,18,0.433246,0.779188,post_filter,False,0.8627,1.0,0.971243,0.433246,0.798393,24.9272,"overall IN (3,5)"
1069,0.389743,11,0.61488,0.841121,post_filter,False,0.4923,1.0,0.983589,0.61488,0.855368,25.2455,overall<=4.0
1070,0.774129,19,0.430467,0.881285,post_filter,False,1.0112,1.0,0.966292,0.430467,0.889785,25.1818,"overall IN (1,3,5)"
1071,0.859249,20,0.512281,0.963421,post_filter,False,0.7918,1.0,0.973607,0.512281,0.96444,24.9556,overall>=3.0
1072,0.248992,4,0.598538,0.850602,post_filter,False,0.6948,0.9,0.568869,0.598538,0.822429,25.1836,"overall IN (3,4)"
1073,0.821657,20,0.512281,0.96444,post_filter,False,0.3908,1.0,0.986975,0.512281,0.966693,25.2193,"overall IN (1,2,3,5)"
1074,0.050727,0,0.428423,0.667037,post_filter,False,0.8611,1.0,0.971297,0.428423,0.697463,25.349,"main_cat IN ('Computers', 'Tools & Home Improvement')"
1075,0.319094,7,0.464618,0.830384,post_filter,False,0.7582,1.0,0.974728,0.464618,0.844818,25.005,"overall IN (1,2,4)"
1076,0.230635,3,0.557473,0.685364,post_filter,False,0.7302,0.7,0.04603,0.557473,0.621431,25.3858,"main_cat IN ('Camera & Photo', 'Camera &amp; Photo', 'Cell Phones &amp; Accessories')"
1077,0.881823,20,0.512281,0.966693,post_filter,False,0.4067,0.7,0.046539,0.512281,0.874678,25.1782,"overall IN (1,4,5)"
1078,0.050727,0,0.428423,0.697463,post_filter,False,1.1517,0.6,0.009711,0.428423,0.628688,25.6836,"main_cat IN ('Computers', 'Tools & Home Improvement')"
1079,0.821657,20,0.512281,0.874678,post_filter,False,1.0506,1.0,0.964979,0.512281,0.883708,25.1055,"overall IN (1,2,3,5)"
1080,0.180604,1,0.380185,0.943694,post_filter,False,0.915,1.0,0.969499,0.380185,0.946274,25.1155,"main_cat IN ('Camera & Photo', 'Computers', 'Cell Phones &amp; Accessories')"
1081,0.70348,19,0.430467,0.889785,post_filter,False,1.013,1.0,0.966233,0.430467,0.89743,24.9532,"overall IN (1,5)"
1082,0.092237,0,0.428423,0.628688,pre_filter,False,14.729,1.0,0.509035,0.436484,0.628688,24.9424,main_cat='Home Audio &amp; Theater' AND overall>=3.0
1083,0.073033,0,0.436484,0.628688,post_filter,False,1.456,0.4,0.000167,0.436484,0.565836,27.2688,brand='Tiffen'
1084,0.339351,8,0.59049,0.805244,post_filter,False,0.8514,1.0,0.971619,0.59049,0.821881,25.1625,"main_cat IN ('Home Audio & Theater', 'Camera &amp; Photo', 'Sports & Outdoors')"
1085,0.300422,7,0.464618,0.844818,post_filter,False,0.7956,1.0,0.973479,0.464618,0.857684,25.3251,"main_cat IN ('All Electronics', 'Books', 'Sports & Outdoors')"
1086,0.7886,19,0.430467,0.89743,post_filter,False,0.3228,0.9,0.57609,0.430467,0.865296,25.1594,overall>=4.0
1087,0.092237,0,0.436484,0.565836,post_filter,False,0.4032,1.0,0.98656,0.436484,0.607908,25.1427,main_cat='Home Audio &amp; Theater' AND overall>=3.0
1088,0.680906,18,0.433246,0.798393,post_filter,False,0.8314,0.7,0.045871,0.433246,0.723141,24.9075,"overall IN (3,5)"
1089,0.073033,0,0.436484,0.607908,post_filter,False,0.9217,1.0,0.969276,0.436484,0.644045,25.2532,brand='Tiffen'
1090,0.952472,21,1.0,0.96155,post_filter,True,0.9127,1.0,0.969576,1.0,0.962353,25.2675,"overall IN (1,3,4,5)"
1091,0.929351,21,1.0,0.962353,post_filter,True,0.9784,1.0,0.967388,1.0,0.962856,24.9858,"overall IN (1,2,4,5)"
1092,0.092237,0,0.436484,0.644045,post_filter,False,0.9795,1.0,0.96735,0.436484,0.676375,25.1629,main_cat='Home Audio &amp; Theater' AND overall>=3.0
1093,0.952472,21,1.0,0.962856,post_filter,True,0.6199,1.0,0.979338,1.0,0.964504,24.9677,"overall IN (1,3,4,5)"
1094,0.610257,18,0.433246,0.723141,post_filter,False,0.7553,1.0,0.974822,0.433246,0.748309,24.9656,overall>=5.0
1095,0.073033,0,0.436484,0.676375,post_filter,False,1.2155,0.8,0.172069,0.436484,0.625945,25.4069,brand='Tiffen'
1096,0.248992,4,0.598538,0.822429,post_filter,False,0.9193,1.0,0.969358,0.598538,0.837122,25.0209,"overall IN (3,4)"
1097,0.339351,8,0.59049,0.821881,post_filter,False,0.6058,1.0,0.979807,0.59049,0.837674,25.2677,"main_cat IN ('Home Audio & Theater', 'Camera &amp; Photo', 'Sports & Outdoors')"
1098,0.160682,1,0.380185,0.946274,post_filter,False,0.6,1.0,0.98,0.380185,0.949647,25.111,"main_cat IN ('Camera & Photo', 'Computers')"
1099,0.836128,20,0.512281,0.883708,post_filter,False,0.7706,1.0,0.974312,0.512281,0.892769,25.06,"overall IN (2,4,5)"
1100,0.140751,1,0.380185,0.949647,post_filter,False,1.1778,0.0,0.0,0.380185,0.854682,26.373,overall<=2.0
1101,0.836128,20,0.512281,0.892769,post_filter,False,0.6354,1.0,0.978821,0.512281,0.901374,25.5544,"overall IN (2,4,5)"
1102,0.751008,19,0.430467,0.865296,post_filter,False,0.8478,1.0,0.971739,0.430467,0.87594,25.0549,"overall IN (1,2,5)"
1103,0.821657,20,0.512281,0.901374,post_filter,False,0.858,1.0,0.971401,0.512281,0.908377,24.8239,"overall IN (1,2,3,5)"
1104,0.751008,19,0.430467,0.87594,post_filter,False,0.7691,1.0,0.974363,0.430467,0.885783,25.0932,"overall IN (1,2,5)"
1105,0.339351,8,0.59049,0.837674,post_filter,False,0.8334,1.0,0.972221,0.59049,0.851129,24.8826,"main_cat IN ('Home Audio & Theater', 'Camera &amp; Photo', 'Sports & Outdoors')"
1106,0.300422,7,0.464618,0.857684,post_filter,False,0.474,1.0,0.984199,0.464618,0.870336,25.0284,"main_cat IN ('All Electronics', 'Books', 'Sports & Outdoors')"
1107,0.929351,21,1.0,0.964504,post_filter,True,1.1112,1.0,0.962958,1.0,0.96435,24.9803,"overall IN (1,2,4,5)"
1108,0.319094,7,0.464618,0.870336,post_filter,False,0.9588,1.0,0.96804,0.464618,0.880106,24.9843,"overall IN (1,2,4)"
1109,0.389743,11,0.61488,0.855368,post_filter,False,0.9553,1.0,0.968156,0.61488,0.866647,24.7634,overall<=4.0
1110,0.906777,21,1.0,0.96435,post_filter,True,0.6263,0.9,0.570198,1.0,0.924934,25.1717,overall>=2.0
1111,0.952472,21,1.0,0.924934,post_filter,True,0.8818,1.0,0.970607,1.0,0.929502,25.1468,"overall IN (1,3,4,5)"
1112,0.952472,21,1.0,0.929502,post_filter,True,0.8175,1.0,0.972749,1.0,0.933826,25.1434,"overall IN (1,3,4,5)"
1113,0.319094,7,0.464618,0.880106,post_filter,False,0.6903,1.0,0.976989,0.464618,0.889794,25.0453,"overall IN (1,2,4)"
1114,0.319094,7,0.464618,0.889794,post_filter,False,0.4479,1.0,0.985069,0.464618,0.899322,25.0096,"overall IN (1,2,4)"
1115,0.092237,0,0.436484,0.625945,pre_filter,False,17.238,0.8,0.076289,0.400465,0.625945,25.076,main_cat='Home Audio &amp; Theater' AND overall>=3.0
1116,0.774129,19,0.430467,0.885783,post_filter,False,0.4087,1.0,0.986376,0.430467,0.895842,24.8383,"overall IN (1,3,5)"
1117,0.774129,19,0.430467,0.895842,post_filter,False,0.8395,1.0,0.972015,0.430467,0.903459,24.879,"overall IN (1,3,5)"
1118,0.906777,21,1.0,0.933826,post_filter,True,0.819,1.0,0.972699,1.0,0.937714,25.0679,overall>=2.0
1119,0.680906,18,0.433246,0.748309,post_filter,False,0.4451,1.0,0.985164,0.433246,0.771995,25.0502,"overall IN (3,5)"
1120,0.140751,1,0.380185,0.854682,post_filter,False,0.6843,0.7,0.046102,0.380185,0.773824,25.2717,overall<=2.0
1121,0.751008,19,0.430467,0.903459,post_filter,False,0.8003,1.0,0.973322,0.430467,0.910446,25.0283,"overall IN (1,2,5)"
1122,0.906777,21,1.0,0.937714,post_filter,True,0.8745,1.0,0.970851,1.0,0.941027,25.0225,overall>=2.0
1123,0.300422,7,0.464618,0.899322,post_filter,False,0.3522,0.9,0.57552,0.464618,0.866942,25.0381,"main_cat IN ('All Electronics', 'Books', 'Sports & Outdoors')"
1124,0.12068,1,0.380185,0.773824,post_filter,False,1.0229,1.0,0.965904,0.380185,0.793032,25.4862,"main_cat IN ('Camera &amp; Photo', 'Cell Phones &amp; Accessories', 'Tools & Home Improvement')"
1125,0.160682,1,0.380185,0.793032,post_filter,False,0.6171,1.0,0.979431,0.380185,0.811672,25.2422,"main_cat IN ('Camera & Photo', 'Computers')"
1126,0.680906,18,0.433246,0.771995,post_filter,False,0.39,1.0,0.986999,0.433246,0.793495,25.1573,"overall IN (3,5)"
1127,0.319094,7,0.464618,0.866942,post_filter,False,0.4434,1.0,0.985221,0.464618,0.87877,25.2886,"overall IN (1,2,4)"
1128,0.658182,18,0.433246,0.793495,post_filter,False,0.9882,1.0,0.967058,0.433246,0.810851,26.3601,verified=true AND overall>=3.0
1129,0.140751,1,0.380185,0.811672,post_filter,False,0.9726,0.9,0.563476,0.380185,0.786853,25.8775,overall<=2.0
1130,0.821657,20,0.512281,0.908377,post_filter,False,0.7804,1.0,0.973987,0.512281,0.914938,25.7921,"overall IN (1,2,3,5)"
1131,0.210713,2,0.546276,0.70674,post_filter,False,0.9489,1.0,0.968371,0.546276,0.732903,26.3596,"main_cat IN ('Camera & Photo', 'Camera &amp; Photo')"
1132,0.881823,20,0.512281,0.914938,post_filter,False,0.5368,1.0,0.982106,0.512281,0.921654,26.1052,"overall IN (1,4,5)"
1133,0.050727,0,0.400465,0.625945,post_filter,False,0.2108,0.0,0.0,0.400465,0.56335,25.7207,"main_cat IN ('Computers', 'Tools & Home Improvement')"
1134,0.836128,20,0.512281,0.921654,post_filter,False,0.558,1.0,0.981401,0.512281,0.927629,25.2747,"overall IN (2,4,5)"
1135,0.050727,0,0.400465,0.56335,pre_filter,False,6.6837,1.0,0.777211,0.438139,0.56335,25.26,"main_cat IN ('Computers', 'Tools & Home Improvement')"
1136,0.248992,4,0.598538,0.837122,pre_filter,False,6.3008,0.0,0.0,0.538684,0.837122,25.3175,"overall IN (3,4)"
1137,0.389743,11,0.61488,0.866647,post_filter,False,1.0515,1.0,0.96495,0.61488,0.876477,24.9351,overall<=4.0
1138,0.774129,19,0.430467,0.910446,post_filter,False,0.7331,1.0,0.975562,0.430467,0.916957,25.2365,"overall IN (1,3,5)"
1139,0.821657,20,0.512281,0.927629,post_filter,False,0.848,1.0,0.971735,0.512281,0.93204,24.9927,"overall IN (1,2,3,5)"
1140,0.680906,18,0.433246,0.810851,post_filter,False,0.958,0.9,0.56376,0.433246,0.786142,25.1167,"overall IN (3,5)"
1141,0.339351,8,0.59049,0.851129,pre_filter,False,36.5755,1.0,0.0,0.531441,0.851129,24.8736,"main_cat IN ('Home Audio & Theater', 'Camera &amp; Photo', 'Sports & Outdoors')"
1142,0.680906,18,0.433246,0.786142,post_filter,False,0.4939,1.0,0.983536,0.433246,0.805882,25.3067,"overall IN (3,5)"
1143,0.319094,7,0.464618,0.87877,post_filter,False,0.964,1.0,0.967868,0.464618,0.88768,25.159,"overall IN (1,2,4)"
1144,0.881823,20,0.512281,0.93204,post_filter,False,0.6922,1.0,0.976928,0.512281,0.936528,25.0331,"overall IN (1,4,5)"
1145,0.210713,2,0.546276,0.732903,post_filter,False,1.3129,0.6,0.009657,0.546276,0.660579,25.3488,"main_cat IN ('Camera & Photo', 'Camera &amp; Photo')"
1146,0.210713,2,0.546276,0.660579,pre_filter,False,20.8837,1.0,0.303876,0.522036,0.660579,25.574,"main_cat IN ('Camera & Photo', 'Camera &amp; Photo')"
1147,0.389743,11,0.61488,0.876477,post_filter,False,1.0501,1.0,0.964997,0.61488,0.885329,26.0437,overall<=4.0
1148,0.300422,7,0.464618,0.88768,post_filter,False,0.9959,1.0,0.966803,0.464618,0.895592,26.4386,"main_cat IN ('All Electronics', 'Books', 'Sports & Outdoors')"
1149,0.140751,1,0.380185,0.786853,pre_filter,False,17.1268,1.0,0.429106,0.385077,0.786853,26.1942,overall<=2.0
1150,0.230635,3,0.557473,0.621431,post_filter,False,1.078,1.0,0.964067,0.557473,0.655695,26.137,"main_cat IN ('Camera & Photo', 'Camera &amp; Photo', 'Cell Phones &amp; Accessories')"
1151,0.180604,1,0.385077,0.786853,post_filter,False,0.9356,0.9,0.564194,0.385077,0.764587,25.0367,"main_cat IN ('Camera & Photo', 'Computers', 'Cell Phones &amp; Accessories')"
1152,0.952472,21,1.0,0.941027,post_filter,True,0.5238,1.0,0.98254,1.0,0.945179,25.2132,"overall IN (1,3,4,5)"
1153,0.929351,21,1.0,0.945179,post_filter,True,0.8099,1.0,0.973004,1.0,0.947961,24.9217,"overall IN (1,2,4,5)"
1154,0.821657,20,0.512281,0.936528,post_filter,False,0.1225,0.0,0.0,0.512281,0.842876,25.2103,"overall IN (1,2,3,5)"
1155,0.836128,20,0.512281,0.842876,post_filter,False,0.9853,1.0,0.967157,0.512281,0.855304,24.8756,"overall IN (2,4,5)"
1156,0.12068,1,0.385077,0.764587,post_filter,False,0.4675,1.0,0.984418,0.385077,0.78657,25.1755,"main_cat IN ('Camera &amp; Photo', 'Cell Phones &amp; Accessories', 'Tools & Home Improvement')"
1157,0.073033,0,0.438139,0.56335,post_filter,False,1.2283,0.8,0.171992,0.438139,0.524214,25.3169,brand='Tiffen'
1158,0.859249,20,0.512281,0.855304,post_filter,False,0.3714,1.0,0.987619,0.512281,0.868535,24.9964,overall>=3.0
1159,0.774129,19,0.430467,0.916957,post_filter,False,0.8359,1.0,0.972138,0.430467,0.922475,27.4302,"overall IN (1,3,5)"
1160,0.339351,8,0.531441,0.851129,post_filter,False,1.5267,1.0,0.949108,0.531441,0.860927,30.1163,"main_cat IN ('Home Audio & Theater', 'Camera &amp; Photo', 'Sports & Outdoors')"
1161,0.728433,19,0.430467,0.922475,post_filter,False,0.9237,1.0,0.96921,0.430467,0.927149,24.7505,"overall IN (2,3,5)"
1162,0.836128,20,0.512281,0.868535,post_filter,False,0.8393,1.0,0.972024,0.512281,0.878884,24.8227,"overall IN (2,4,5)"
1163,0.952472,21,1.0,0.947961,post_filter,True,0.7297,1.0,0.975678,1.0,0.950733,25.0306,"overall IN (1,3,4,5)"
1164,0.929351,21,1.0,0.950733,post_filter,True,0.5808,1.0,0.980639,1.0,0.953723,25.1865,"overall IN (1,2,4,5)"
1165,0.929351,21,1.0,0.953723,post_filter,True,0.7505,1.0,0.974983,1.0,0.955849,24.8907,"overall IN (1,2,4,5)"
1166,0.050727,0,0.438139,0.524214,post_filter,False,0.864,1.0,0.9712,0.438139,0.568913,24.9456,"main_cat IN ('Computers', 'Tools & Home Improvement')"
1167,0.210713,2,0.522036,0.660579,post_filter,False,0.8766,0.9,0.56534,0.522036,0.651055,24.9788,"main_cat IN ('Camera & Photo', 'Camera &amp; Photo')"
1168,0.180604,1,0.385077,0.78657,post_filter,False,0.7926,1.0,0.973579,0.385077,0.805271,24.7936,"main_cat IN ('Camera & Photo', 'Computers', 'Cell Phones &amp; Accessories')"
1169,0.092237,0,0.438139,0.568913,pre_filter,False,4.1436,0.7,0.040662,0.398392,0.568913,25.1191,main_cat='Home Audio &amp; Theater' AND overall>=3.0
1170,0.12068,1,0.385077,0.805271,post_filter,False,0.4549,1.0,0.984836,0.385077,0.823227,25.336,"main_cat IN ('Camera &amp; Photo', 'Cell Phones &amp; Accessories', 'Tools & Home Improvement')"
1171,0.728433,19,0.430467,0.927149,post_filter,False,0.8721,1.0,0.970931,0.430467,0.931527,24.9915,"overall IN (2,3,5)"
1172,0.073033,0,0.398392,0.568913,pre_filter,False,10.8288,0.9,0.372149,0.395767,0.568913,25.2177,brand='Tiffen'
1173,0.389743,11,0.61488,0.885329,post_filter,False,0.9544,1.0,0.968187,0.61488,0.893615,24.8697,overall<=4.0
1174,0.728433,19,0.430467,0.931527,post_filter,False,0.3614,0.8,0.177174,0.430467,0.856092,25.0075,"overall IN (2,3,5)"
1175,0.774129,19,0.430467,0.856092,post_filter,False,0.7047,0.8889,0.502245,0.430467,0.820707,25.294,"overall IN (1,3,5)"
1176,0.7886,19,0.430467,0.820707,post_filter,False,0.6056,1.0,0.979813,0.430467,0.836618,25.2935,overall>=4.0
1177,0.906777,21,1.0,0.955849,post_filter,True,0.9828,1.0,0.967239,1.0,0.956988,24.9678,overall>=2.0
1178,0.073033,0,0.395767,0.568913,post_filter,False,1.0153,1.0,0.966156,0.395767,0.608637,25.1928,brand='Tiffen'
1179,0.210713,2,0.522036,0.651055,pre_filter,False,36.4385,1.0,0.0,0.469833,0.651055,25.0323,"main_cat IN ('Camera & Photo', 'Camera &amp; Photo')"
1180,0.821657,20,0.512281,0.878884,post_filter,False,0.6609,1.0,0.977969,0.512281,0.888793,25.252,"overall IN (1,2,3,5)"
1181,0.073033,0,0.395767,0.608637,post_filter,False,0.815,1.0,0.972832,0.395767,0.645057,24.9977,brand='Tiffen'
1182,0.319094,7,0.464618,0.895592,post_filter,False,0.7767,1.0,0.974111,0.464618,0.903444,25.3011,"overall IN (1,2,4)"
1183,0.389743,11,0.61488,0.893615,post_filter,False,0.4941,0.9,0.572766,0.61488,0.86153,25.3654,overall<=4.0
1184,0.210713,2,0.469833,0.651055,post_filter,False,0.9637,1.0,0.967878,0.469833,0.682737,25.0124,"main_cat IN ('Camera & Photo', 'Camera &amp; Photo')"
1185,0.680906,18,0.433246,0.805882,post_filter,False,0.9651,0.9,0.563622,0.433246,0.781656,25.045,"overall IN (3,5)"
1186,0.180604,1,0.385077,0.823227,post_filter,False,0.59,1.0,0.980335,0.385077,0.838938,24.9975,"main_cat IN ('Camera & Photo', 'Computers', 'Cell Phones &amp; Accessories')"
1187,0.836128,20,0.512281,0.888793,post_filter,False,0.8588,1.0,0.971372,0.512281,0.897051,25.3382,"overall IN (2,4,5)"
1188,0.906777,21,1.0,0.956988,post_filter,True,0.9116,1.0,0.969614,1.0,0.958251,26.2806,overall>=2.0
1189,0.836128,20,0.512281,0.897051,pre_filter,False,70.2906,1.0,0.0,0.461053,0.897051,24.7922,"overall IN (2,4,5)"
1190,0.073033,0,0.395767,0.645057,post_filter,False,1.2767,0.4,0.000168,0.395767,0.580568,25.7024,brand='Tiffen'
1191,0.140751,1,0.385077,0.838938,post_filter,False,0.6956,0.2,0.0,0.385077,0.755044,27.3802,overall<=2.0
1192,0.658182,18,0.433246,0.781656,post_filter,False,0.9517,1.0,0.968275,0.433246,0.800318,25.1595,verified=true AND overall>=3.0
1193,0.248992,4,0.538684,0.837122,post_filter,False,1.1016,1.0,0.963281,0.538684,0.849738,25.2966,"overall IN (3,4)"
1194,0.210713,2,0.469833,0.682737,post_filter,False,1.083,0.6,0.009734,0.469833,0.615437,25.195,"main_cat IN ('Camera & Photo', 'Camera &amp; Photo')"
1195,0.881823,20,0.461053,0.897051,post_filter,False,0.9982,1.0,0.966728,0.461053,0.904018,25.2182,"overall IN (1,4,5)"
1196,0.952472,21,1.0,0.958251,post_filter,True,0.4418,1.0,0.985274,1.0,0.960953,24.955,"overall IN (1,3,4,5)"
1197,0.821657,20,0.461053,0.904018,post_filter,False,0.7919,1.0,0.973604,0.461053,0.910977,25.1574,"overall IN (1,2,3,5)"
1198,0.70348,19,0.430467,0.836618,post_filter,False,0.822,1.0,0.972601,0.430467,0.850216,24.8901,"overall IN (1,5)"
1199,0.270385,5,0.436288,0.684479,post_filter,False,1.0203,1.0,0.965989,0.436288,0.71263,25.0723,"main_cat IN ('Home Audio & Theater', 'Books', 'Tools & Home Improvement')"
1200,0.70348,19,0.430467,0.850216,post_filter,False,0.7253,1.0,0.975822,0.430467,0.862777,25.1601,"overall IN (1,5)"
1201,0.728433,19,0.430467,0.862777,post_filter,False,0.7561,1.0,0.974796,0.430467,0.873978,25.1926,"overall IN (2,3,5)"
1202,0.836128,20,0.461053,0.910977,post_filter,False,0.5125,1.0,0.982918,0.461053,0.918171,25.0895,"overall IN (2,4,5)"
1203,0.774129,19,0.430467,0.873978,post_filter,False,0.7307,1.0,0.975643,0.430467,0.884145,24.8718,"overall IN (1,3,5)"
1204,0.881823,20,0.461053,0.918171,post_filter,False,0.6954,1.0,0.976819,0.461053,0.924036,24.9902,"overall IN (1,4,5)"
1205,0.270385,5,0.436288,0.71263,pre_filter,False,27.8793,0.9,0.041166,0.396776,0.71263,25.177,"main_cat IN ('Home Audio & Theater', 'Books', 'Tools & Home Improvement')"
1206,0.210713,2,0.469833,0.615437,post_filter,False,0.9073,0.9,0.564744,0.469833,0.610368,25.1481,"main_cat IN ('Camera & Photo', 'Camera &amp; Photo')"
1207,0.248992,4,0.538684,0.849738,post_filter,False,0.6689,1.0,0.977703,0.538684,0.862534,25.1489,"overall IN (3,4)"
1208,0.929351,21,1.0,0.960953,post_filter,True,0.8464,1.0,0.971786,1.0,0.962037,25.0601,"overall IN (1,2,4,5)"
1209,0.140751,1,0.385077,0.755044,post_filter,False,0.8258,1.0,0.972472,0.385077,0.776787,24.8544,overall<=2.0
1210,0.774129,19,0.430467,0.884145,post_filter,False,0.7766,1.0,0.974112,0.430467,0.893142,24.8052,"overall IN (1,3,5)"
1211,0.658182,18,0.433246,0.800318,post_filter,False,0.7682,0.9,0.567445,0.433246,0.77703,24.7637,verified=true AND overall>=3.0
1212,0.210713,2,0.469833,0.610368,post_filter,False,0.8308,1.0,0.972306,0.469833,0.646561,25.2125,"main_cat IN ('Camera & Photo', 'Camera &amp; Photo')"
1213,0.339351,8,0.531441,0.860927,post_filter,False,0.6917,0.8,0.175199,0.531441,0.792354,24.8685,"main_cat IN ('Home Audio & Theater', 'Camera &amp; Photo', 'Sports & Outdoors')"
1214,0.248992,4,0.538684,0.862534,post_filter,False,0.9518,1.0,0.968274,0.538684,0.873108,25.051,"overall IN (3,4)"
1215,0.230635,3,0.557473,0.655695,post_filter,False,0.7718,1.0,0.974275,0.557473,0.687553,24.9974,"main_cat IN ('Camera & Photo', 'Camera &amp; Photo', 'Cell Phones &amp; Accessories')"
1216,0.073033,0,0.395767,0.580568,post_filter,False,1.0627,0.7,0.045507,0.395767,0.527062,25.3362,brand='Tiffen'
1217,0.680906,18,0.433246,0.77703,post_filter,False,0.3532,0.9,0.575501,0.433246,0.756877,25.4205,"overall IN (3,5)"
1218,0.70348,19,0.430467,0.893142,post_filter,False,0.4967,1.0,0.983442,0.430467,0.902172,25.1502,"overall IN (1,5)"
1219,0.929351,21,1.0,0.962037,post_filter,True,0.5339,1.0,0.982203,1.0,0.964053,25.3879,"overall IN (1,2,4,5)"
1220,0.821657,20,0.461053,0.924036,post_filter,False,0.7602,1.0,0.974661,0.461053,0.929098,25.085,"overall IN (1,2,3,5)"
1221,0.952472,21,1.0,0.964053,post_filter,True,0.833,1.0,0.972235,1.0,0.964871,24.8104,"overall IN (1,3,4,5)"
1222,0.160682,1,0.385077,0.776787,post_filter,False,0.8117,1.0,0.972943,0.385077,0.796403,24.8509,"main_cat IN ('Camera & Photo', 'Computers')"
1223,0.751008,19,0.430467,0.902172,post_filter,False,0.8076,1.0,0.973081,0.430467,0.909263,25.0035,"overall IN (1,2,5)"
1224,0.774129,19,0.430467,0.909263,post_filter,False,0.3427,1.0,0.988576,0.430467,0.917194,24.869,"overall IN (1,3,5)"
1225,0.339351,8,0.531441,0.792354,post_filter,False,0.4054,1.0,0.986487,0.531441,0.811767,25.0288,"main_cat IN ('Home Audio & Theater', 'Camera &amp; Photo', 'Sports & Outdoors')"
1226,0.680906,18,0.433246,0.756877,post_filter,False,0.5655,1.0,0.98115,0.433246,0.779305,24.9703,"overall IN (3,5)"
1227,0.610257,18,0.433246,0.779305,post_filter,False,0.9119,1.0,0.969604,0.433246,0.798335,25.087,overall>=5.0
1228,0.073033,0,0.395767,0.527062,post_filter,False,1.16,0.4,0.000168,0.395767,0.474372,25.1832,brand='Tiffen'
1229,0.300422,7,0.464618,0.903444,post_filter,False,0.9853,1.0,0.967156,0.464618,0.909815,24.7305,"main_cat IN ('All Electronics', 'Books', 'Sports & Outdoors')"
1230,0.751008,19,0.430467,0.917194,post_filter,False,0.6124,1.0,0.979588,0.430467,0.923433,25.1284,"overall IN (1,2,5)"
1231,0.774129,19,0.430467,0.923433,post_filter,False,0.9469,1.0,0.968437,0.430467,0.927934,25.0253,"overall IN (1,3,5)"
1232,0.319094,7,0.464618,0.909815,post_filter,False,0.2434,0.9,0.577632,0.464618,0.876597,25.209,"overall IN (1,2,4)"
1233,0.859249,20,0.461053,0.929098,post_filter,False,0.9524,1.0,0.968254,0.461053,0.933014,24.8113,overall>=3.0
1234,0.658182,18,0.433246,0.798335,post_filter,False,0.5821,0.9,0.571057,0.433246,0.775607,25.4018,verified=true AND overall>=3.0
1235,0.270385,5,0.396776,0.71263,post_filter,False,0.6103,1.0,0.979657,0.396776,0.739333,25.2826,"main_cat IN ('Home Audio & Theater', 'Books', 'Tools & Home Improvement')"
1236,0.7886,19,0.430467,0.927934,post_filter,False,0.8222,1.0,0.972593,0.430467,0.9324,25.0441,overall>=4.0
1237,0.339351,8,0.531441,0.811767,post_filter,False,0.8741,1.0,0.970863,0.531441,0.827677,24.9032,"main_cat IN ('Home Audio & Theater', 'Camera &amp; Photo', 'Sports & Outdoors')"
1238,0.339351,8,0.531441,0.827677,post_filter,False,0.6542,1.0,0.978193,0.531441,0.842728,25.0778,"main_cat IN ('Home Audio & Theater', 'Camera &amp; Photo', 'Sports & Outdoors')"
1239,0.140751,1,0.385077,0.796403,post_filter,False,0.4255,1.0,0.985818,0.385077,0.815344,25.1521,overall<=2.0
1240,0.248992,4,0.538684,0.873108,post_filter,False,0.609,1.0,0.9797,0.538684,0.883768,24.9335,"overall IN (3,4)"
1241,0.319094,7,0.464618,0.876597,post_filter,False,0.3916,0.8889,0.507612,0.464618,0.839698,25.1252,"overall IN (1,2,4)"
1242,0.160682,1,0.385077,0.815344,post_filter,False,0.8372,1.0,0.972093,0.385077,0.831019,24.8023,"main_cat IN ('Camera & Photo', 'Computers')"
1243,0.836128,20,0.461053,0.933014,post_filter,False,0.794,1.0,0.973532,0.461053,0.937066,25.3407,"overall IN (2,4,5)"
1244,0.680906,18,0.433246,0.775607,post_filter,False,0.3146,1.0,0.989514,0.433246,0.796998,24.8933,"overall IN (3,5)"
1245,0.610257,18,0.433246,0.796998,post_filter,False,0.866,1.0,0.971133,0.433246,0.814411,25.0329,overall>=5.0
1246,0.210713,2,0.469833,0.646561,post_filter,False,0.9805,1.0,0.967317,0.469833,0.678637,24.9723,"main_cat IN ('Camera & Photo', 'Camera &amp; Photo')"
1247,0.906777,21,1.0,0.964871,post_filter,True,0.9177,1.0,0.96941,1.0,0.965325,24.9792,overall>=2.0
1248,0.210713,2,0.469833,0.678637,post_filter,False,0.8479,0.9,0.565898,0.469833,0.667363,24.9997,"main_cat IN ('Camera & Photo', 'Camera &amp; Photo')"
1249,0.248992,4,0.538684,0.883768,post_filter,False,0.6235,1.0,0.979217,0.538684,0.893312,24.9606,"overall IN (3,4)"
1250,0.906777,21,1.0,0.965325,post_filter,True,0.9457,1.0,0.968478,1.0,0.96564,25.126,overall>=2.0
1251,0.7886,19,0.430467,0.9324,post_filter,False,0.9083,1.0,0.969724,0.430467,0.936132,24.9783,overall>=4.0
1252,0.140751,1,0.385077,0.831019,post_filter,False,0.7236,1.0,0.975879,0.385077,0.845505,25.362,overall<=2.0
1253,0.859249,20,0.461053,0.937066,post_filter,False,0.9618,1.0,0.96794,0.461053,0.940153,25.1395,overall>=3.0
1254,0.389743,11,0.61488,0.86153,post_filter,False,0.7039,1.0,0.976537,0.61488,0.873031,25.2134,overall<=4.0
1255,0.952472,21,1.0,0.96564,post_filter,True,1.0628,1.0,0.964574,1.0,0.965534,24.8762,"overall IN (1,3,4,5)"
1256,0.073033,0,0.395767,0.474372,post_filter,False,0.5173,0.1,0.0,0.395767,0.426935,25.1349,brand='Tiffen'
1257,0.680906,18,0.433246,0.814411,post_filter,False,0.8113,1.0,0.972956,0.433246,0.830266,25.1068,"overall IN (3,5)"
1258,0.339351,8,0.531441,0.842728,post_filter,False,0.4812,1.0,0.983958,0.531441,0.856851,25.3707,"main_cat IN ('Home Audio & Theater', 'Camera &amp; Photo', 'Sports & Outdoors')"
1259,0.339351,8,0.531441,0.856851,post_filter,False,0.6258,1.0,0.979142,0.531441,0.86908,25.2022,"main_cat IN ('Home Audio & Theater', 'Camera &amp; Photo', 'Sports & Outdoors')"
1260,0.680906,18,0.433246,0.830266,post_filter,False,0.9133,1.0,0.969556,0.433246,0.844195,25.0135,"overall IN (3,5)"
1261,0.658182,18,0.433246,0.844195,post_filter,False,0.3507,1.0,0.98831,0.433246,0.858606,25.2012,verified=true AND overall>=3.0
1262,0.140751,1,0.385077,0.845505,post_filter,False,1.2858,0.2,0.0,0.385077,0.760955,26.9532,overall<=2.0
1263,0.319094,7,0.464618,0.839698,post_filter,False,0.7412,1.0,0.975293,0.464618,0.853258,25.1092,"overall IN (1,2,4)"
1264,0.210713,2,0.469833,0.667363,pre_filter,False,25.7298,1.0,0.142339,0.437083,0.667363,25.1498,"main_cat IN ('Camera & Photo', 'Camera &amp; Photo')"
1265,0.230635,3,0.557473,0.687553,post_filter,False,0.7897,0.9,0.567028,0.557473,0.6755,25.1277,"main_cat IN ('Camera & Photo', 'Camera &amp; Photo', 'Cell Phones &amp; Accessories')"
1266,0.180604,1,0.385077,0.760955,post_filter,False,1.04,1.0,0.965332,0.385077,0.781392,24.8441,"main_cat IN ('Camera & Photo', 'Computers', 'Cell Phones &amp; Accessories')"
1267,0.270385,5,0.396776,0.739333,post_filter,False,0.8071,1.0,0.973097,0.396776,0.762709,26.3826,"main_cat IN ('Home Audio & Theater', 'Books', 'Tools & Home Improvement')"
1268,0.751008,19,0.430467,0.936132,post_filter,False,1.3787,1.0,0.954044,0.430467,0.937923,32.6753,"overall IN (1,2,5)"
1269,0.092237,0,0.395767,0.426935,pre_filter,False,14.7103,1.0,0.509656,0.407156,0.426935,24.9756,main_cat='Home Audio &amp; Theater' AND overall>=3.0
1270,0.952472,21,1.0,0.965534,post_filter,True,0.8007,1.0,0.973308,1.0,0.966311,25.1631,"overall IN (1,3,4,5)"
1271,0.389743,11,0.61488,0.873031,post_filter,False,1.0154,1.0,0.966153,0.61488,0.882343,24.9124,overall<=4.0
1272,0.906777,21,1.0,0.966311,post_filter,True,1.0566,1.0,0.964779,1.0,0.966158,24.8034,overall>=2.0
1273,0.300422,7,0.464618,0.853258,post_filter,False,0.4544,0.0,0.0,0.464618,0.767932,24.8542,"main_cat IN ('All Electronics', 'Books', 'Sports & Outdoors')"
1274,0.092237,0,0.407156,0.426935,pre_filter,False,8.159,0.9,0.423976,0.408838,0.426935,25.0611,main_cat='Home Audio &amp; Theater' AND overall>=3.0
1275,0.680906,18,0.433246,0.858606,post_filter,False,0.6687,1.0,0.97771,0.433246,0.870516,25.2967,"overall IN (3,5)"
1276,0.821657,20,0.461053,0.940153,post_filter,False,0.9819,0.9,0.563297,0.461053,0.902468,25.0226,"overall IN (1,2,3,5)"
1277,0.881823,20,0.461053,0.902468,post_filter,False,0.6871,1.0,0.977097,0.461053,0.909931,25.1416,"overall IN (1,4,5)"
1278,0.180604,1,0.385077,0.781392,post_filter,False,0.7727,1.0,0.974243,0.385077,0.800677,24.8625,"main_cat IN ('Camera & Photo', 'Computers', 'Cell Phones &amp; Accessories')"
1279,0.073033,0,0.408838,0.426935,post_filter,False,0.6264,0.8,0.17559,0.408838,0.401801,24.9155,brand='Tiffen'
1280,0.230635,3,0.557473,0.6755,pre_filter,False,42.3815,0.9,0.0,0.501726,0.6755,24.7935,"main_cat IN ('Camera & Photo', 'Camera &amp; Photo', 'Cell Phones &amp; Accessories')"
1281,0.319094,7,0.464618,0.767932,post_filter,False,0.7483,0.9,0.56783,0.464618,0.747922,25.0348,"overall IN (1,2,4)"
1282,0.774129,19,0.430467,0.937923,post_filter,False,0.8272,1.0,0.972426,0.430467,0.941374,24.8916,"overall IN (1,3,5)"
1283,0.728433,19,0.430467,0.941374,post_filter,False,0.744,1.0,0.975199,0.430467,0.944756,25.1583,"overall IN (2,3,5)"
1284,0.728433,19,0.430467,0.944756,post_filter,False,0.8883,1.0,0.97039,0.430467,0.94732,24.8234,"overall IN (2,3,5)"
1285,0.073033,0,0.408838,0.401801,post_filter,False,0.4745,0.9,0.573147,0.408838,0.418935,24.9288,brand='Tiffen'
1286,0.906777,21,1.0,0.966158,post_filter,True,0.4213,1.0,0.985957,1.0,0.968138,24.8612,overall>=2.0
1287,0.092237,0,0.408838,0.418935,post_filter,False,0.9447,1.0,0.96851,0.408838,0.473893,24.9883,main_cat='Home Audio &amp; Theater' AND overall>=3.0
1288,0.180604,1,0.385077,0.800677,post_filter,False,1.003,1.0,0.966565,0.385077,0.817266,25.1605,"main_cat IN ('Camera & Photo', 'Computers', 'Cell Phones &amp; Accessories')"
1289,0.859249,20,0.461053,0.909931,post_filter,False,0.8953,1.0,0.970157,0.461053,0.915953,25.031,overall>=3.0
1290,0.836128,20,0.461053,0.915953,post_filter,False,0.8835,1.0,0.97055,0.461053,0.921413,25.1992,"overall IN (2,4,5)"
1291,0.70348,19,0.430467,0.94732,post_filter,False,0.7411,0.9,0.56797,0.430467,0.909385,25.2157,"overall IN (1,5)"
1292,0.821657,20,0.461053,0.921413,post_filter,False,0.7457,1.0,0.975143,0.461053,0.926786,25.323,"overall IN (1,2,3,5)"
1293,0.774129,19,0.430467,0.909385,post_filter,False,0.8741,1.0,0.970863,0.430467,0.915532,25.3518,"overall IN (1,3,5)"
1294,0.680906,18,0.433246,0.870516,post_filter,False,0.8191,1.0,0.972697,0.433246,0.880735,25.033,"overall IN (3,5)"
1295,0.180604,1,0.385077,0.817266,post_filter,False,0.5902,1.0,0.980326,0.385077,0.833572,25.2638,"main_cat IN ('Camera & Photo', 'Computers', 'Cell Phones &amp; Accessories')"
1296,0.610257,18,0.433246,0.880735,post_filter,False,0.128,0.0,0.0,0.433246,0.792661,25.282,overall>=5.0
1297,0.180604,1,0.385077,0.833572,post_filter,False,0.7988,1.0,0.973372,0.385077,0.847552,25.2857,"main_cat IN ('Camera & Photo', 'Computers', 'Cell Phones &amp; Accessories')"
1298,0.906777,21,1.0,0.968138,post_filter,True,0.8118,1.0,0.97294,1.0,0.968618,24.9994,overall>=2.0
1299,0.952472,21,1.0,0.968618,post_filter,True,0.9113,1.0,0.969624,1.0,0.968719,25.022,"overall IN (1,3,4,5)"
1300,0.270385,5,0.396776,0.762709,post_filter,False,0.9787,1.0,0.967378,0.396776,0.783176,24.8707,"main_cat IN ('Home Audio & Theater', 'Books', 'Tools & Home Improvement')"
1301,0.248992,4,0.538684,0.893312,post_filter,False,1.0196,1.0,0.966014,0.538684,0.900583,25.6586,"overall IN (3,4)"
1302,0.952472,21,1.0,0.968719,post_filter,True,0.8547,1.0,0.971508,1.0,0.968998,24.8127,"overall IN (1,3,4,5)"
1303,0.050727,0,0.408838,0.473893,post_filter,False,0.4861,1.0,0.983796,0.408838,0.524883,25.2287,"main_cat IN ('Computers', 'Tools & Home Improvement')"
1304,0.180604,1,0.385077,0.847552,post_filter,False,1.0162,1.0,0.966125,0.385077,0.859409,25.3655,"main_cat IN ('Camera & Photo', 'Computers', 'Cell Phones &amp; Accessories')"
1305,0.952472,21,1.0,0.968998,post_filter,True,0.7312,1.0,0.975625,1.0,0.96966,24.9093,"overall IN (1,3,4,5)"
1306,0.180604,1,0.385077,0.859409,post_filter,False,1.1428,1.0,0.961907,0.385077,0.869659,25.3505,"main_cat IN ('Camera & Photo', 'Computers', 'Cell Phones &amp; Accessories')"
1307,0.821657,20,0.461053,0.926786,post_filter,False,0.8777,1.0,0.970744,0.461053,0.931182,24.9962,"overall IN (1,2,3,5)"
1308,0.12068,1,0.385077,0.869659,post_filter,False,1.0272,0.9,0.562416,0.385077,0.838935,25.3764,"main_cat IN ('Camera &amp; Photo', 'Cell Phones &amp; Accessories', 'Tools & Home Improvement')"
1309,0.821657,20,0.461053,0.931182,post_filter,False,0.8235,1.0,0.972551,0.461053,0.935319,24.9062,"overall IN (1,2,3,5)"
1310,0.836128,20,0.461053,0.935319,post_filter,False,0.8408,1.0,0.971974,0.461053,0.938984,25.1332,"overall IN (2,4,5)"
1311,0.610257,18,0.433246,0.792661,post_filter,False,0.9917,1.0,0.966942,0.433246,0.810089,25.04,overall>=5.0
1312,0.952472,21,1.0,0.96966,post_filter,True,0.9173,1.0,0.969424,1.0,0.969637,25.0754,"overall IN (1,3,4,5)"
1313,0.210713,2,0.437083,0.667363,post_filter,False,0.7434,0.9,0.567926,0.437083,0.657419,25.3094,"main_cat IN ('Camera & Photo', 'Camera &amp; Photo')"
1314,0.7886,19,0.430467,0.915532,post_filter,False,0.6817,1.0,0.977275,0.430467,0.921707,25.1832,overall>=4.0
1315,0.728433,19,0.430467,0.921707,post_filter,False,0.5357,1.0,0.982143,0.430467,0.92775,25.336,"overall IN (2,3,5)"
1316,0.7886,19,0.430467,0.92775,post_filter,False,0.463,0.0,0.0,0.430467,0.834975,25.1769,overall>=4.0
1317,0.180604,1,0.385077,0.838935,post_filter,False,0.9221,1.0,0.969262,0.385077,0.851968,25.161,"main_cat IN ('Camera & Photo', 'Computers', 'Cell Phones &amp; Accessories')"
1318,0.319094,7,0.464618,0.747922,post_filter,False,0.8706,1.0,0.970979,0.464618,0.770228,25.0825,"overall IN (1,2,4)"
1319,0.952472,21,1.0,0.969637,post_filter,True,0.411,0.8889,0.507279,1.0,0.923401,25.1047,"overall IN (1,3,4,5)"
1320,0.210713,2,0.437083,0.657419,post_filter,False,1.0021,1.0,0.966597,0.437083,0.688337,25.0212,"main_cat IN ('Camera & Photo', 'Camera &amp; Photo')"
1321,0.680906,18,0.433246,0.810089,post_filter,False,0.6111,1.0,0.979629,0.433246,0.827043,25.3758,"overall IN (3,5)"
1322,0.270385,5,0.396776,0.783176,post_filter,False,0.9365,0.7,0.045706,0.396776,0.709429,25.228,"main_cat IN ('Home Audio & Theater', 'Books', 'Tools & Home Improvement')"
1323,0.836128,20,0.461053,0.938984,post_filter,False,0.768,1.0,0.9744,0.461053,0.942526,25.2329,"overall IN (2,4,5)"
1324,0.248992,4,0.538684,0.900583,post_filter,False,0.9638,1.0,0.967874,0.538684,0.907312,25.0927,"overall IN (3,4)"
1325,0.319094,7,0.464618,0.770228,post_filter,False,0.5669,0.9,0.571353,0.464618,0.75034,25.0248,"overall IN (1,2,4)"
1326,0.389743,11,0.61488,0.882343,post_filter,False,0.6181,1.0,0.979397,0.61488,0.892048,25.0725,overall<=4.0
1327,0.680906,18,0.433246,0.827043,post_filter,False,0.6699,0.9,0.569352,0.433246,0.801274,24.9374,"overall IN (3,5)"
1328,0.751008,19,0.430467,0.834975,post_filter,False,0.8342,1.0,0.972193,0.430467,0.848697,25.0446,"overall IN (1,2,5)"
1329,0.300422,7,0.464618,0.75034,post_filter,False,0.5632,1.0,0.981226,0.464618,0.773429,25.401,"main_cat IN ('All Electronics', 'Books', 'Sports & Outdoors')"
1330,0.248992,4,0.538684,0.907312,post_filter,False,0.7671,1.0,0.974429,0.538684,0.914023,24.8895,"overall IN (3,4)"
1331,0.230635,3,0.501726,0.6755,post_filter,False,1.051,1.0,0.964965,0.501726,0.704447,25.0639,"main_cat IN ('Camera & Photo', 'Camera &amp; Photo', 'Cell Phones &amp; Accessories')"
1332,0.300422,7,0.464618,0.773429,post_filter,False,0.6924,1.0,0.976921,0.464618,0.793778,25.1484,"main_cat IN ('All Electronics', 'Books', 'Sports & Outdoors')"
1333,0.658182,18,0.433246,0.801274,post_filter,False,0.8875,1.0,0.970415,0.433246,0.818188,25.2158,verified=true AND overall>=3.0
1334,0.929351,21,1.0,0.923401,post_filter,True,0.7861,1.0,0.973796,1.0,0.92844,25.1146,"overall IN (1,2,4,5)"
1335,0.610257,18,0.433246,0.818188,post_filter,False,0.9467,0.9,0.56398,0.433246,0.792767,24.9686,overall>=5.0
1336,0.389743,11,0.61488,0.892048,post_filter,False,0.9297,1.0,0.96901,0.61488,0.899744,24.7303,overall<=4.0
1337,0.12068,1,0.385077,0.851968,post_filter,False,0.9855,0.7,0.045629,0.385077,0.771334,25.2405,"main_cat IN ('Camera &amp; Photo', 'Cell Phones &amp; Accessories', 'Tools & Home Improvement')"
1338,0.859249,20,0.461053,0.942526,post_filter,False,0.8078,1.0,0.973072,0.461053,0.94558,25.2857,overall>=3.0
1339,0.821657,20,0.461053,0.94558,pre_filter,False,12.087,0.3,6e-06,0.414948,0.94558,25.1989,"overall IN (1,2,3,5)"
1340,0.610257,18,0.433246,0.792767,post_filter,False,0.505,1.0,0.983167,0.433246,0.811807,25.1333,overall>=5.0
1341,0.836128,20,0.414948,0.94558,post_filter,False,0.4497,1.0,0.98501,0.414948,0.949523,24.8596,"overall IN (2,4,5)"
1342,0.881823,20,0.414948,0.949523,post_filter,False,0.7196,1.0,0.976013,0.414948,0.952172,24.8524,"overall IN (1,4,5)"
1343,0.270385,5,0.396776,0.709429,post_filter,False,0.7708,0.9,0.567394,0.396776,0.695226,25.2547,"main_cat IN ('Home Audio & Theater', 'Books', 'Tools & Home Improvement')"
1344,0.952472,21,1.0,0.92844,post_filter,True,0.8412,1.0,0.971961,1.0,0.932793,25.1322,"overall IN (1,3,4,5)"
1345,0.180604,1,0.385077,0.771334,post_filter,False,0.873,1.0,0.9709,0.385077,0.79129,25.0232,"main_cat IN ('Camera & Photo', 'Computers', 'Cell Phones &amp; Accessories')"
1346,0.300422,7,0.464618,0.793778,post_filter,False,1.0365,0.9,0.562235,0.464618,0.770624,25.1578,"main_cat IN ('All Electronics', 'Books', 'Sports & Outdoors')"
1347,0.270385,5,0.396776,0.695226,post_filter,False,0.9643,1.0,0.967857,0.396776,0.722489,24.8885,"main_cat IN ('Home Audio & Theater', 'Books', 'Tools & Home Improvement')"
1348,0.339351,8,0.531441,0.86908,post_filter,False,0.8689,1.0,0.971038,0.531441,0.879276,25.0064,"main_cat IN ('Home Audio & Theater', 'Camera &amp; Photo', 'Sports & Outdoors')"
1349,0.073033,0,0.408838,0.524883,post_filter,False,0.9379,1.0,0.968736,0.408838,0.569268,25.2109,brand='Tiffen'
1350,0.70348,19,0.430467,0.848697,post_filter,False,0.5825,1.0,0.980582,0.430467,0.861886,25.4087,"overall IN (1,5)"
1351,0.906777,21,1.0,0.932793,post_filter,True,0.8943,1.0,0.97019,1.0,0.936532,24.9802,overall>=2.0
1352,0.210713,2,0.437083,0.688337,post_filter,False,0.1369,0.0,0.0,0.437083,0.619503,25.5918,"main_cat IN ('Camera & Photo', 'Camera &amp; Photo')"
1353,0.821657,20,0.414948,0.952172,post_filter,False,0.8768,1.0,0.970772,0.414948,0.954032,25.2362,"overall IN (1,2,3,5)"
1354,0.140751,1,0.385077,0.79129,post_filter,False,0.6848,0.0,0.0,0.385077,0.712161,26.8722,overall<=2.0
1355,0.050727,0,0.408838,0.569268,post_filter,False,0.8994,1.0,0.970021,0.408838,0.609344,25.2363,"main_cat IN ('Computers', 'Tools & Home Improvement')"
1356,0.230635,3,0.501726,0.704447,post_filter,False,0.8493,1.0,0.971692,0.501726,0.731171,25.1999,"main_cat IN ('Camera & Photo', 'Camera &amp; Photo', 'Cell Phones &amp; Accessories')"
1357,0.680906,18,0.433246,0.811807,post_filter,False,0.9785,1.0,0.967385,0.433246,0.827365,25.1471,"overall IN (3,5)"
1358,0.952472,21,1.0,0.936532,post_filter,True,0.934,1.0,0.968868,1.0,0.939766,25.1236,"overall IN (1,3,4,5)"
1359,0.70348,19,0.430467,0.861886,post_filter,False,1.0854,1.0,0.963819,0.430467,0.872079,25.0282,"overall IN (1,5)"
1360,0.70348,19,0.430467,0.872079,post_filter,False,0.7798,1.0,0.974008,0.430467,0.882272,25.1736,"overall IN (1,5)"
1361,0.821657,20,0.414948,0.954032,post_filter,False,0.9822,1.0,0.96726,0.414948,0.955355,24.7543,"overall IN (1,2,3,5)"
1362,0.339351,8,0.531441,0.879276,post_filter,False,0.8827,1.0,0.970576,0.531441,0.888406,24.9644,"main_cat IN ('Home Audio & Theater', 'Camera &amp; Photo', 'Sports & Outdoors')"
1363,0.248992,4,0.538684,0.914023,post_filter,False,0.8085,1.0,0.973051,0.538684,0.919926,24.9904,"overall IN (3,4)"
1364,0.140751,1,0.385077,0.712161,post_filter,False,0.7047,0.9,0.568677,0.385077,0.697813,25.3039,overall<=2.0
1365,0.180604,1,0.385077,0.697813,post_filter,False,0.8279,1.0,0.972404,0.385077,0.725272,25.0366,"main_cat IN ('Camera & Photo', 'Computers', 'Cell Phones &amp; Accessories')"
1366,0.270385,5,0.396776,0.722489,post_filter,False,0.4288,0.0,0.0,0.396776,0.65024,26.1845,"main_cat IN ('Home Audio & Theater', 'Books', 'Tools & Home Improvement')"
1367,0.210713,2,0.437083,0.619503,post_filter,False,0.5259,0.6,0.009922,0.437083,0.558545,26.2103,"main_cat IN ('Camera & Photo', 'Camera &amp; Photo')"
1368,0.319094,7,0.464618,0.770624,post_filter,False,0.6628,1.0,0.977908,0.464618,0.791352,25.0117,"overall IN (1,2,4)"
1369,0.70348,19,0.430467,0.882272,post_filter,False,0.6481,1.0,0.978397,0.430467,0.891884,25.1415,"overall IN (1,5)"
1370,0.881823,20,0.414948,0.955355,post_filter,False,0.7516,1.0,0.974946,0.414948,0.957314,25.045,"overall IN (1,4,5)"
1371,0.210713,2,0.437083,0.558545,post_filter,False,0.2793,0.6,0.010005,0.437083,0.503691,25.3635,"main_cat IN ('Camera & Photo', 'Camera &amp; Photo')"
1372,0.610257,18,0.433246,0.827365,post_filter,False,0.7014,1.0,0.976619,0.433246,0.84229,24.9904,overall>=5.0
1373,0.680906,18,0.433246,0.84229,post_filter,False,0.8164,0.8,0.174454,0.433246,0.775507,25.0389,"overall IN (3,5)"
1374,0.751008,19,0.430467,0.891884,post_filter,False,0.8224,1.0,0.972587,0.430467,0.899955,24.9358,"overall IN (1,2,5)"
1375,0.774129,19,0.430467,0.899955,post_filter,False,0.8229,1.0,0.972571,0.430467,0.907216,37.4767,"overall IN (1,3,5)"
1376,0.270385,5,0.396776,0.65024,post_filter,False,0.8878,1.0,0.970406,0.396776,0.682257,24.99,"main_cat IN ('Home Audio & Theater', 'Books', 'Tools & Home Improvement')"
1377,0.230635,3,0.501726,0.731171,post_filter,False,0.8681,1.0,0.971064,0.501726,0.75516,25.0313,"main_cat IN ('Camera & Photo', 'Camera &amp; Photo', 'Cell Phones &amp; Accessories')"
1378,0.836128,20,0.414948,0.957314,post_filter,False,0.8796,1.0,0.970679,0.414948,0.958651,25.0782,"overall IN (2,4,5)"
1379,0.881823,20,0.414948,0.958651,post_filter,False,0.673,1.0,0.977565,0.414948,0.960542,25.1931,"overall IN (1,4,5)"
1380,0.610257,18,0.433246,0.775507,post_filter,False,0.4283,1.0,0.985725,0.433246,0.796529,25.3841,overall>=5.0
1381,0.821657,20,0.414948,0.960542,post_filter,False,0.8475,1.0,0.971751,0.414948,0.961663,25.08,"overall IN (1,2,3,5)"
1382,0.751008,19,0.430467,0.907216,post_filter,False,0.42,1.0,0.985999,0.430467,0.915095,25.1871,"overall IN (1,2,5)"
1383,0.821657,20,0.414948,0.961663,post_filter,False,0.8256,1.0,0.972481,0.414948,0.962745,25.026,"overall IN (1,2,3,5)"
1384,0.610257,18,0.433246,0.796529,post_filter,False,0.8294,1.0,0.972354,0.433246,0.814111,25.0308,overall>=5.0
1385,0.389743,11,0.61488,0.899744,post_filter,False,0.773,1.0,0.974233,0.61488,0.907193,24.8934,overall<=4.0
1386,0.160682,1,0.385077,0.725272,post_filter,False,0.5533,1.0,0.981557,0.385077,0.750901,25.0145,"main_cat IN ('Camera & Photo', 'Computers')"
1387,0.821657,20,0.414948,0.962745,post_filter,False,0.7937,1.0,0.973544,0.414948,0.963825,24.9664,"overall IN (1,2,3,5)"
1388,0.859249,20,0.414948,0.963825,post_filter,False,0.6912,1.0,0.97696,0.414948,0.965138,25.1482,overall>=3.0
1389,0.300422,7,0.464618,0.791352,post_filter,False,0.8506,1.0,0.971647,0.464618,0.809382,24.8851,"main_cat IN ('All Electronics', 'Books', 'Sports & Outdoors')"
1390,0.160682,1,0.385077,0.750901,post_filter,False,0.4601,0.9,0.573426,0.385077,0.733153,25.029,"main_cat IN ('Camera & Photo', 'Computers')"
1391,0.140751,1,0.385077,0.733153,post_filter,False,0.84,0.2,0.0,0.385077,0.659838,27.2768,overall<=2.0
1392,0.821657,20,0.414948,0.965138,post_filter,False,0.9867,1.0,0.967111,0.414948,0.965336,24.9522,"overall IN (1,2,3,5)"
1393,0.680906,18,0.433246,0.814111,post_filter,False,0.7007,1.0,0.976642,0.433246,0.830364,25.0733,"overall IN (3,5)"
1394,0.610257,18,0.433246,0.830364,post_filter,False,0.9891,1.0,0.967029,0.433246,0.844031,24.7884,overall>=5.0
1395,0.160682,1,0.385077,0.659838,post_filter,False,0.8371,1.0,0.972096,0.385077,0.691064,24.8553,"main_cat IN ('Camera & Photo', 'Computers')"
1396,0.952472,21,1.0,0.939766,post_filter,True,0.7798,1.0,0.974006,1.0,0.94319,24.8098,"overall IN (1,3,4,5)"
1397,0.929351,21,1.0,0.94319,post_filter,True,0.7626,1.0,0.974579,1.0,0.946329,24.9253,"overall IN (1,2,4,5)"
1398,0.680906,18,0.433246,0.844031,post_filter,False,0.8903,1.0,0.970322,0.433246,0.85666,25.1952,"overall IN (3,5)"
1399,0.751008,19,0.430467,0.915095,post_filter,False,0.9148,0.9,0.564599,0.430467,0.880045,24.9881,"overall IN (1,2,5)"
1400,0.073033,0,0.408838,0.609344,pre_filter,False,7.4966,0.8,0.134521,0.381406,0.609344,25.5413,brand='Tiffen'
1401,0.658182,18,0.433246,0.85666,post_filter,False,0.584,0.8,0.175843,0.433246,0.788578,25.5404,verified=true AND overall>=3.0
1402,0.073033,0,0.381406,0.609344,post_filter,False,1.0944,0.8,0.172793,0.381406,0.565688,25.2797,brand='Tiffen'
1403,0.881823,20,0.414948,0.965336,post_filter,False,0.8636,1.0,0.971214,0.414948,0.965923,25.1151,"overall IN (1,4,5)"
1404,0.906777,21,1.0,0.946329,post_filter,True,0.8214,0.9,0.566412,1.0,0.908337,25.1677,overall>=2.0
1405,0.092237,0,0.381406,0.565688,post_filter,False,0.3347,0.2,0.0,0.381406,0.50912,25.0524,main_cat='Home Audio &amp; Theater' AND overall>=3.0
1406,0.881823,20,0.414948,0.965923,post_filter,False,1.0295,1.0,0.965682,0.414948,0.965899,24.844,"overall IN (1,4,5)"
1407,0.774129,19,0.430467,0.880045,post_filter,False,0.4221,1.0,0.985931,0.430467,0.890634,24.9021,"overall IN (1,3,5)"
1408,0.073033,0,0.381406,0.50912,post_filter,False,1.0405,0.2,0.0,0.381406,0.458208,25.71,brand='Tiffen'
1409,0.836128,20,0.414948,0.965899,post_filter,False,0.7703,1.0,0.974324,0.414948,0.966742,25.2098,"overall IN (2,4,5)"
1410,0.050727,0,0.381406,0.458208,post_filter,False,0.8912,0.9,0.565057,0.381406,0.468893,25.3691,"main_cat IN ('Computers', 'Tools & Home Improvement')"
1411,0.339351,8,0.531441,0.888406,post_filter,False,0.9058,1.0,0.969807,0.531441,0.896546,24.9325,"main_cat IN ('Home Audio & Theater', 'Camera &amp; Photo', 'Sports & Outdoors')"
1412,0.140751,1,0.385077,0.691064,post_filter,False,1.1769,0.3,9e-06,0.385077,0.621958,26.984,overall<=2.0
1413,0.881823,20,0.414948,0.966742,post_filter,False,0.8938,0.9,0.565006,0.414948,0.926568,25.2895,"overall IN (1,4,5)"
1414,0.751008,19,0.430467,0.890634,post_filter,False,0.8437,1.0,0.971878,0.430467,0.898758,25.1085,"overall IN (1,2,5)"
1415,0.210713,2,0.437083,0.503691,pre_filter,False,37.565,1.0,0.0,0.393375,0.503691,25.2046,"main_cat IN ('Camera & Photo', 'Camera &amp; Photo')"
1416,0.092237,0,0.381406,0.468893,post_filter,False,1.0809,1.0,0.963971,0.381406,0.5184,25.0945,main_cat='Home Audio &amp; Theater' AND overall>=3.0
1417,0.7886,19,0.430467,0.898758,post_filter,False,0.954,1.0,0.968201,0.430467,0.905702,24.9143,overall>=4.0
1418,0.140751,1,0.385077,0.621958,post_filter,False,0.8443,1.0,0.971857,0.385077,0.656948,24.9758,overall<=2.0
1419,0.050727,0,0.381406,0.5184,pre_filter,False,8.1295,1.0,0.729017,0.416167,0.5184,25.3702,"main_cat IN ('Computers', 'Tools & Home Improvement')"
1420,0.180604,1,0.385077,0.656948,post_filter,False,0.4885,1.0,0.983718,0.385077,0.689625,24.923,"main_cat IN ('Camera & Photo', 'Computers', 'Cell Phones &amp; Accessories')"
1421,0.658182,18,0.433246,0.788578,post_filter,False,0.9105,1.0,0.96965,0.433246,0.806685,24.9771,verified=true AND overall>=3.0
1422,0.389743,11,0.61488,0.907193,post_filter,False,0.8476,1.0,0.971746,0.61488,0.913649,24.9857,overall<=4.0
1423,0.300422,7,0.464618,0.809382,post_filter,False,0.7413,1.0,0.975292,0.464618,0.825973,25.29,"main_cat IN ('All Electronics', 'Books', 'Sports & Outdoors')"
1424,0.073033,0,0.416167,0.5184,pre_filter,False,2.0181,0.0,0.0,0.374551,0.5184,25.0832,brand='Tiffen'
1425,0.728433,19,0.430467,0.905702,post_filter,False,0.8215,1.0,0.972615,0.430467,0.912394,25.1462,"overall IN (2,3,5)"
1426,0.751008,19,0.430467,0.912394,post_filter,False,0.8662,1.0,0.971128,0.430467,0.918267,25.1287,"overall IN (1,2,5)"
1427,0.774129,19,0.430467,0.918267,post_filter,False,0.9707,1.0,0.967644,0.430467,0.923205,24.8449,"overall IN (1,3,5)"
1428,0.952472,21,1.0,0.908337,post_filter,True,0.8976,1.0,0.970079,1.0,0.914511,25.3167,"overall IN (1,3,4,5)"
1429,0.728433,19,0.430467,0.923205,post_filter,False,0.8616,1.0,0.971279,0.430467,0.928012,24.8327,"overall IN (2,3,5)"
1430,0.952472,21,1.0,0.914511,post_filter,True,0.8529,1.0,0.971571,1.0,0.920217,25.0982,"overall IN (1,3,4,5)"
1431,0.610257,18,0.433246,0.806685,post_filter,False,0.928,1.0,0.969065,0.433246,0.822923,24.9074,overall>=5.0
1432,0.774129,19,0.430467,0.928012,post_filter,False,0.7182,1.0,0.97606,0.430467,0.932817,25.1564,"overall IN (1,3,5)"
1433,0.610257,18,0.433246,0.822923,post_filter,False,1.2458,0.6,0.00968,0.433246,0.741599,25.379,overall>=5.0
1434,0.050727,0,0.374551,0.5184,post_filter,False,1.1794,0.1,0.0,0.374551,0.46656,26.1468,"main_cat IN ('Computers', 'Tools & Home Improvement')"
1435,0.050727,0,0.374551,0.46656,pre_filter,False,3.7497,1.0,0.87501,0.424597,0.46656,25.4444,"main_cat IN ('Computers', 'Tools & Home Improvement')"
1436,0.680906,18,0.433246,0.741599,post_filter,False,0.5361,1.0,0.982131,0.433246,0.765652,25.1613,"overall IN (3,5)"
1437,0.680906,18,0.433246,0.765652,post_filter,False,1.0548,1.0,0.964839,0.433246,0.785571,25.0219,"overall IN (3,5)"
1438,0.339351,8,0.531441,0.896546,post_filter,False,0.8282,1.0,0.972394,0.531441,0.904131,25.276,"main_cat IN ('Home Audio & Theater', 'Camera &amp; Photo', 'Sports & Outdoors')"
1439,0.050727,0,0.424597,0.46656,post_filter,False,0.9076,1.0,0.969747,0.424597,0.516879,25.1097,"main_cat IN ('Computers', 'Tools & Home Improvement')"
1440,0.050727,0,0.424597,0.516879,post_filter,False,0.9634,0.7,0.045663,0.424597,0.469758,24.9407,"main_cat IN ('Computers', 'Tools & Home Improvement')"
1441,0.658182,18,0.433246,0.785571,post_filter,False,0.1839,0.6,0.010037,0.433246,0.708017,24.8573,verified=true AND overall>=3.0
1442,0.821657,20,0.414948,0.926568,post_filter,False,0.7425,1.0,0.97525,0.414948,0.931436,24.9827,"overall IN (1,2,3,5)"
1443,0.230635,3,0.501726,0.75516,pre_filter,False,34.074,0.9,0.0,0.451553,0.75516,25.3163,"main_cat IN ('Camera & Photo', 'Camera &amp; Photo', 'Cell Phones &amp; Accessories')"
1444,0.680906,18,0.433246,0.708017,post_filter,False,0.8376,1.0,0.972081,0.433246,0.734424,25.2247,"overall IN (3,5)"
1445,0.248992,4,0.538684,0.919926,post_filter,False,0.766,1.0,0.974465,0.538684,0.92538,25.2347,"overall IN (3,4)"
1446,0.050727,0,0.424597,0.469758,post_filter,False,1.0027,1.0,0.966578,0.424597,0.51944,25.2157,"main_cat IN ('Computers', 'Tools & Home Improvement')"
1447,0.658182,18,0.433246,0.734424,post_filter,False,0.6867,1.0,0.977111,0.433246,0.758693,25.2244,verified=true AND overall>=3.0
1448,0.881823,20,0.414948,0.931436,post_filter,False,0.8516,1.0,0.971613,0.414948,0.935454,25.0191,"overall IN (1,4,5)"
1449,0.7886,19,0.430467,0.932817,post_filter,False,0.8348,1.0,0.972172,0.430467,0.936752,25.576,overall>=4.0
1450,0.774129,19,0.430467,0.936752,post_filter,False,0.7965,1.0,0.973449,0.430467,0.940422,25.3505,"overall IN (1,3,5)"
1451,0.339351,8,0.531441,0.904131,post_filter,False,0.8321,1.0,0.972264,0.531441,0.910944,25.2441,"main_cat IN ('Home Audio & Theater', 'Camera &amp; Photo', 'Sports & Outdoors')"
1452,0.859249,20,0.414948,0.935454,post_filter,False,0.8652,1.0,0.971161,0.414948,0.939025,25.0527,overall>=3.0
1453,0.952472,21,1.0,0.920217,post_filter,True,0.8895,1.0,0.970349,1.0,0.92523,25.068,"overall IN (1,3,4,5)"
1454,0.160682,1,0.385077,0.689625,post_filter,False,0.6893,1.0,0.977022,0.385077,0.718365,24.9634,"main_cat IN ('Camera & Photo', 'Computers')"
1455,0.12068,1,0.385077,0.718365,post_filter,False,0.951,0.9,0.563895,0.385077,0.702918,25.1336,"main_cat IN ('Camera &amp; Photo', 'Cell Phones &amp; Accessories', 'Tools & Home Improvement')"
1456,0.952472,21,1.0,0.92523,post_filter,True,0.9151,1.0,0.969496,1.0,0.929657,25.178,"overall IN (1,3,4,5)"
1457,0.12068,1,0.385077,0.702918,post_filter,False,0.6105,1.0,0.979649,0.385077,0.730591,25.424,"main_cat IN ('Camera &amp; Photo', 'Cell Phones &amp; Accessories', 'Tools & Home Improvement')"
1458,0.658182,18,0.433246,0.758693,post_filter,False,0.6494,1.0,0.978354,0.433246,0.780659,25.0527,verified=true AND overall>=3.0
1459,0.140751,1,0.385077,0.730591,post_filter,False,0.737,0.1,0.0,0.385077,0.657532,26.8574,overall<=2.0
1460,0.210713,2,0.393375,0.503691,pre_filter,False,17.3688,1.0,0.42104,0.396142,0.503691,24.9413,"main_cat IN ('Camera & Photo', 'Camera &amp; Photo')"
1461,0.180604,1,0.385077,0.657532,post_filter,False,0.8353,0.8,0.174341,0.385077,0.609213,25.2996,"main_cat IN ('Camera & Photo', 'Computers', 'Cell Phones &amp; Accessories')"
1462,0.728433,19,0.430467,0.940422,post_filter,False,0.7945,1.0,0.973518,0.430467,0.943732,25.052,"overall IN (2,3,5)"
1463,0.658182,18,0.433246,0.780659,post_filter,False,0.7912,1.0,0.973628,0.433246,0.799956,25.2163,verified=true AND overall>=3.0
1464,0.230635,3,0.451553,0.75516,post_filter,False,0.1463,0.0,0.0,0.451553,0.679644,25.1209,"main_cat IN ('Camera & Photo', 'Camera &amp; Photo', 'Cell Phones &amp; Accessories')"
1465,0.881823,20,0.414948,0.939025,post_filter,False,0.3773,1.0,0.987424,0.414948,0.943865,25.161,"overall IN (1,4,5)"
1466,0.300422,7,0.464618,0.825973,post_filter,False,0.7041,1.0,0.976531,0.464618,0.841028,25.188,"main_cat IN ('All Electronics', 'Books', 'Sports & Outdoors')"
1467,0.230635,3,0.451553,0.679644,post_filter,False,0.8338,0.9,0.56617,0.451553,0.668297,24.9947,"main_cat IN ('Camera & Photo', 'Camera &amp; Photo', 'Cell Phones &amp; Accessories')"
1468,0.859249,20,0.414948,0.943865,post_filter,False,0.8211,1.0,0.972629,0.414948,0.946741,25.1549,overall>=3.0
1469,0.319094,7,0.464618,0.841028,post_filter,False,0.9872,1.0,0.967094,0.464618,0.853635,25.1119,"overall IN (1,2,4)"
1470,0.092237,0,0.424597,0.51944,post_filter,False,0.892,0.9,0.565042,0.424597,0.524,25.1642,main_cat='Home Audio &amp; Theater' AND overall>=3.0
1471,0.300422,7,0.464618,0.853635,post_filter,False,0.46,0.0,0.0,0.464618,0.768272,24.9977,"main_cat IN ('All Electronics', 'Books', 'Sports & Outdoors')"
1472,0.319094,7,0.464618,0.768272,post_filter,False,0.9787,1.0,0.967376,0.464618,0.788182,25.2203,"overall IN (1,2,4)"
1473,0.389743,11,0.61488,0.913649,post_filter,False,0.9157,0.9,0.564581,0.61488,0.878742,25.1072,overall<=4.0
1474,0.70348,19,0.430467,0.943732,post_filter,False,0.4259,1.0,0.985804,0.430467,0.947939,25.2484,"overall IN (1,5)"
1475,0.210713,2,0.396142,0.503691,post_filter,False,0.886,1.0,0.970465,0.396142,0.550369,25.2683,"main_cat IN ('Camera & Photo', 'Camera &amp; Photo')"
1476,0.7886,19,0.430467,0.947939,post_filter,False,0.8864,1.0,0.970454,0.430467,0.95019,25.2411,overall>=4.0
1477,0.210713,2,0.396142,0.550369,post_filter,False,0.4396,0.9,0.573824,0.396142,0.552714,25.2462,"main_cat IN ('Camera & Photo', 'Camera &amp; Photo')"
1478,0.248992,4,0.538684,0.92538,post_filter,False,0.7635,1.0,0.974551,0.538684,0.930297,25.1009,"overall IN (3,4)"
1479,0.774129,19,0.430467,0.95019,post_filter,False,0.9209,1.0,0.969304,0.430467,0.952102,24.9926,"overall IN (1,3,5)"
1480,0.881823,20,0.414948,0.946741,post_filter,False,0.3257,1.0,0.989143,0.414948,0.950981,25.2888,"overall IN (1,4,5)"
1481,0.906777,21,1.0,0.929657,post_filter,True,0.4422,0.0,0.0,1.0,0.836691,25.2991,overall>=2.0
1482,0.092237,0,0.424597,0.524,pre_filter,False,17.3725,1.0,0.420918,0.424229,0.524,24.8145,main_cat='Home Audio &amp; Theater' AND overall>=3.0
1483,0.751008,19,0.430467,0.952102,post_filter,False,0.8408,1.0,0.971972,0.430467,0.954089,26.3176,"overall IN (1,2,5)"
1484,0.906777,21,1.0,0.836691,post_filter,True,1.5347,1.0,0.948844,1.0,0.847907,32.9362,overall>=2.0
1485,0.751008,19,0.430467,0.954089,post_filter,False,0.9785,1.0,0.967383,0.430467,0.955418,24.9097,"overall IN (1,2,5)"
1486,0.836128,20,0.414948,0.950981,post_filter,False,0.9013,1.0,0.969956,0.414948,0.952879,25.1402,"overall IN (2,4,5)"
1487,0.073033,0,0.424229,0.524,post_filter,False,1.3235,0.5,0.001559,0.424229,0.471756,25.5991,brand='Tiffen'
1488,0.092237,0,0.424229,0.471756,pre_filter,False,5.4009,0.5,0.001337,0.38194,0.471756,25.1243,main_cat='Home Audio &amp; Theater' AND overall>=3.0
1489,0.319094,7,0.464618,0.788182,post_filter,False,0.7887,1.0,0.973711,0.464618,0.806735,25.0065,"overall IN (1,2,4)"
1490,0.319094,7,0.464618,0.806735,post_filter,False,0.7853,1.0,0.973822,0.464618,0.823444,25.329,"overall IN (1,2,4)"
1491,0.319094,7,0.464618,0.823444,post_filter,False,0.6334,0.8,0.175548,0.464618,0.758654,24.872,"overall IN (1,2,4)"
1492,0.680906,18,0.433246,0.799956,post_filter,False,0.6429,1.0,0.978569,0.433246,0.817817,25.0856,"overall IN (3,5)"
1493,0.610257,18,0.433246,0.817817,post_filter,False,0.9749,1.0,0.967504,0.433246,0.832786,24.854,overall>=5.0
1494,0.073033,0,0.38194,0.471756,post_filter,False,0.371,1.0,0.987635,0.38194,0.523344,25.3309,brand='Tiffen'
1495,0.751008,19,0.430467,0.955418,post_filter,False,0.7704,1.0,0.974319,0.430467,0.957308,25.047,"overall IN (1,2,5)"
1496,0.050727,0,0.38194,0.523344,post_filter,False,1.1031,1.0,0.963231,0.38194,0.567332,25.3108,"main_cat IN ('Computers', 'Tools & Home Improvement')"
1497,0.7886,19,0.430467,0.957308,post_filter,False,0.8458,1.0,0.971808,0.430467,0.958758,24.8418,overall>=4.0
1498,0.160682,1,0.385077,0.609213,post_filter,False,0.5977,1.0,0.980076,0.385077,0.646299,25.0631,"main_cat IN ('Camera & Photo', 'Computers')"
1499,0.092237,0,0.38194,0.567332,post_filter,False,1.0325,0.8,0.173162,0.38194,0.527915,25.488,main_cat='Home Audio &amp; Theater' AND overall>=3.0
1500,0.610257,18,0.433246,0.832786,post_filter,False,0.7428,1.0,0.97524,0.433246,0.847031,24.9988,overall>=5.0
1501,0.906777,21,1.0,0.847907,post_filter,True,0.8915,1.0,0.970282,1.0,0.860144,25.0331,overall>=2.0
1502,0.339351,8,0.531441,0.910944,post_filter,False,0.7945,1.0,0.973515,0.531441,0.917201,24.9925,"main_cat IN ('Home Audio & Theater', 'Camera &amp; Photo', 'Sports & Outdoors')"
1503,0.751008,19,0.430467,0.958758,post_filter,False,0.3333,0.9,0.575887,0.430467,0.920471,25.185,"overall IN (1,2,5)"
1504,0.859249,20,0.414948,0.952879,post_filter,False,0.3757,0.0,0.0,0.414948,0.857591,24.9245,overall>=3.0
1505,0.270385,5,0.396776,0.682257,post_filter,False,0.3511,0.6,0.009981,0.396776,0.615029,25.0374,"main_cat IN ('Home Audio & Theater', 'Books', 'Tools & Home Improvement')"
1506,0.70348,19,0.430467,0.920471,post_filter,False,0.5532,1.0,0.981561,0.430467,0.92658,25.1202,"overall IN (1,5)"
1507,0.906777,21,1.0,0.860144,post_filter,True,0.8808,1.0,0.97064,1.0,0.871194,24.9953,overall>=2.0
1508,0.12068,1,0.385077,0.646299,post_filter,False,0.4178,1.0,0.986072,0.385077,0.680276,24.9805,"main_cat IN ('Camera &amp; Photo', 'Cell Phones &amp; Accessories', 'Tools & Home Improvement')"
1509,0.929351,21,1.0,0.871194,post_filter,True,0.7072,1.0,0.976428,1.0,0.881717,24.999,"overall IN (1,2,4,5)"
1510,0.658182,18,0.433246,0.847031,post_filter,False,0.9187,1.0,0.969375,0.433246,0.859266,24.9517,verified=true AND overall>=3.0
1511,0.952472,21,1.0,0.881717,post_filter,True,0.7974,1.0,0.973419,1.0,0.890887,24.8885,"overall IN (1,3,4,5)"
1512,0.073033,0,0.38194,0.527915,post_filter,False,0.8458,0.3,1e-05,0.38194,0.475125,25.303,brand='Tiffen'
1513,0.210713,2,0.396142,0.552714,post_filter,False,0.9305,1.0,0.968985,0.396142,0.594341,24.7844,"main_cat IN ('Camera & Photo', 'Camera &amp; Photo')"
1514,0.180604,1,0.385077,0.680276,post_filter,False,0.3332,1.0,0.988894,0.385077,0.711138,24.8587,"main_cat IN ('Camera & Photo', 'Computers', 'Cell Phones &amp; Accessories')"
1515,0.929351,21,1.0,0.890887,post_filter,True,0.1121,0.0,0.0,1.0,0.801799,24.8571,"overall IN (1,2,4,5)"
1516,0.906777,21,1.0,0.801799,post_filter,True,0.8271,1.0,0.972429,1.0,0.818862,24.7997,overall>=2.0
1517,0.7886,19,0.430467,0.92658,post_filter,False,0.7362,1.0,0.975461,0.430467,0.931468,25.1397,overall>=4.0
1518,0.929351,21,1.0,0.818862,post_filter,True,0.713,1.0,0.976233,1.0,0.834599,25.213,"overall IN (1,2,4,5)"
1519,0.70348,19,0.430467,0.931468,post_filter,False,0.8165,1.0,0.972783,0.430467,0.9356,25.0085,"overall IN (1,5)"
1520,0.610257,18,0.433246,0.859266,post_filter,False,0.8886,1.0,0.970379,0.433246,0.870377,24.926,overall>=5.0
1521,0.230635,3,0.451553,0.668297,post_filter,False,0.4326,1.0,0.985581,0.451553,0.700025,24.978,"main_cat IN ('Camera & Photo', 'Camera &amp; Photo', 'Cell Phones &amp; Accessories')"
1522,0.073033,0,0.38194,0.475125,post_filter,False,0.9783,1.0,0.967389,0.38194,0.524351,24.9935,brand='Tiffen'
1523,0.952472,21,1.0,0.834599,post_filter,True,0.8233,0.9,0.566374,1.0,0.807776,24.9327,"overall IN (1,3,4,5)"
1524,0.092237,0,0.38194,0.524351,post_filter,False,1.1584,0.2,0.0,0.38194,0.471916,25.0191,main_cat='Home Audio &amp; Theater' AND overall>=3.0
1525,0.774129,19,0.430467,0.9356,post_filter,False,0.3158,0.0,0.0,0.430467,0.84204,24.919,"overall IN (1,3,5)"
1526,0.952472,21,1.0,0.807776,post_filter,True,0.2737,0.0,0.0,1.0,0.726999,24.9183,"overall IN (1,3,4,5)"
1527,0.230635,3,0.451553,0.700025,post_filter,False,0.7179,1.0,0.976071,0.451553,0.72763,25.1756,"main_cat IN ('Camera & Photo', 'Camera &amp; Photo', 'Cell Phones &amp; Accessories')"
1528,0.929351,21,1.0,0.726999,post_filter,True,0.787,1.0,0.973765,1.0,0.751675,25.1128,"overall IN (1,2,4,5)"
1529,0.680906,18,0.433246,0.870377,post_filter,False,0.2824,1.0,0.990586,0.433246,0.882398,25.2527,"overall IN (3,5)"
1530,0.70348,19,0.430467,0.84204,post_filter,False,0.9926,1.0,0.966913,0.430467,0.854527,24.8449,"overall IN (1,5)"
1531,0.774129,19,0.430467,0.854527,pre_filter,False,60.1227,1.0,0.0,0.38742,0.854527,24.8163,"overall IN (1,3,5)"
1532,0.073033,0,0.38194,0.471916,post_filter,False,1.0846,0.9,0.561302,0.38194,0.480855,24.8621,brand='Tiffen'
1533,0.160682,1,0.385077,0.711138,post_filter,False,0.9505,0.9,0.563906,0.385077,0.696415,25.2975,"main_cat IN ('Camera & Photo', 'Computers')"
1534,0.952472,21,1.0,0.751675,post_filter,True,0.8293,1.0,0.972357,1.0,0.773744,25.1205,"overall IN (1,3,4,5)"
1535,0.906777,21,1.0,0.773744,post_filter,True,0.7032,1.0,0.97656,1.0,0.794025,25.3015,overall>=2.0
1536,0.270385,5,0.396776,0.615029,post_filter,False,0.4852,1.0,0.983826,0.396776,0.651909,24.9859,"main_cat IN ('Home Audio & Theater', 'Books', 'Tools & Home Improvement')"
1537,0.050727,0,0.38194,0.480855,post_filter,False,0.7323,0.8,0.174957,0.38194,0.450265,25.3441,"main_cat IN ('Computers', 'Tools & Home Improvement')"
1538,0.180604,1,0.385077,0.696415,post_filter,False,0.9907,0.6,0.009765,0.385077,0.62775,25.1483,"main_cat IN ('Camera & Photo', 'Computers', 'Cell Phones &amp; Accessories')"
1539,0.70348,19,0.38742,0.854527,post_filter,False,0.8252,1.0,0.972493,0.38742,0.866324,25.2075,"overall IN (1,5)"
1540,0.140751,1,0.385077,0.62775,post_filter,False,0.9134,1.0,0.969553,0.385077,0.66193,25.1194,overall<=2.0
1541,0.836128,20,0.414948,0.857591,post_filter,False,0.6308,1.0,0.978972,0.414948,0.869729,25.1151,"overall IN (2,4,5)"
1542,0.881823,20,0.414948,0.869729,post_filter,False,0.9543,1.0,0.968189,0.414948,0.879575,24.9606,"overall IN (1,4,5)"
1543,0.7886,19,0.38742,0.866324,post_filter,False,0.899,1.0,0.970032,0.38742,0.876695,24.7595,overall>=4.0
1544,0.881823,20,0.414948,0.879575,post_filter,False,0.7905,1.0,0.973651,0.414948,0.888983,25.2818,"overall IN (1,4,5)"
1545,0.319094,7,0.464618,0.758654,post_filter,False,0.6562,1.0,0.978125,0.464618,0.780601,25.1905,"overall IN (1,2,4)"
1546,0.952472,21,1.0,0.794025,post_filter,True,0.7718,1.0,0.974274,1.0,0.81205,25.1963,"overall IN (1,3,4,5)"
1547,0.092237,0,0.38194,0.450265,pre_filter,False,14.457,1.0,0.5181,0.395556,0.450265,25.2203,main_cat='Home Audio &amp; Theater' AND overall>=3.0
1548,0.248992,4,0.538684,0.930297,post_filter,False,0.2595,1.0,0.991351,0.538684,0.936403,25.0422,"overall IN (3,4)"
1549,0.160682,1,0.385077,0.66193,pre_filter,False,22.2598,1.0,0.258007,0.37237,0.66193,25.1465,"main_cat IN ('Camera & Photo', 'Computers')"
1550,0.70348,19,0.38742,0.876695,post_filter,False,0.717,1.0,0.976099,0.38742,0.886635,25.2156,"overall IN (1,5)"
1551,0.210713,2,0.396142,0.594341,post_filter,False,0.9332,1.0,0.968893,0.396142,0.631796,25.5232,"main_cat IN ('Camera & Photo', 'Camera &amp; Photo')"
1552,0.70348,19,0.38742,0.886635,post_filter,False,0.9822,1.0,0.96726,0.38742,0.894697,24.7856,"overall IN (1,5)"
1553,0.881823,20,0.414948,0.888983,post_filter,False,0.8315,1.0,0.972282,0.414948,0.897312,25.1886,"overall IN (1,4,5)"
1554,0.906777,21,1.0,0.81205,post_filter,True,0.7695,1.0,0.97435,1.0,0.82828,25.3365,overall>=2.0
1555,0.319094,7,0.464618,0.780601,post_filter,False,0.702,1.0,0.976601,0.464618,0.800201,25.3116,"overall IN (1,2,4)"
1556,0.774129,19,0.38742,0.894697,post_filter,False,0.4406,1.0,0.985314,0.38742,0.903759,25.2714,"overall IN (1,3,5)"
1557,0.929351,21,1.0,0.82828,post_filter,True,0.5755,1.0,0.980818,1.0,0.843534,24.9746,"overall IN (1,2,4,5)"
1558,0.680906,18,0.433246,0.882398,post_filter,False,0.9523,1.0,0.968256,0.433246,0.890984,25.085,"overall IN (3,5)"
1559,0.270385,5,0.396776,0.651909,pre_filter,False,34.3408,1.0,0.0,0.357098,0.651909,24.9934,"main_cat IN ('Home Audio & Theater', 'Books', 'Tools & Home Improvement')"
1560,0.319094,7,0.464618,0.800201,post_filter,False,0.2095,0.0,0.0,0.464618,0.720181,25.2273,"overall IN (1,2,4)"
1561,0.836128,20,0.414948,0.897312,post_filter,False,0.126,0.0,0.0,0.414948,0.807581,25.1308,"overall IN (2,4,5)"
1562,0.821657,20,0.414948,0.807581,post_filter,False,0.9322,1.0,0.968925,0.414948,0.823716,25.0817,"overall IN (1,2,3,5)"
1563,0.140751,1,0.37237,0.66193,post_filter,False,0.9469,1.0,0.968437,0.37237,0.692581,25.0629,overall<=2.0
1564,0.859249,20,0.414948,0.823716,post_filter,False,0.8179,1.0,0.972736,0.414948,0.838618,25.1462,overall>=3.0
1565,0.7886,19,0.38742,0.903759,post_filter,False,0.6447,1.0,0.978511,0.38742,0.911234,25.3568,overall>=4.0
1566,0.821657,20,0.414948,0.838618,post_filter,False,0.8748,1.0,0.97084,0.414948,0.85184,24.8325,"overall IN (1,2,3,5)"
1567,0.092237,0,0.395556,0.450265,post_filter,False,1.1461,1.0,0.961796,0.395556,0.501418,24.8932,main_cat='Home Audio &amp; Theater' AND overall>=3.0
1568,0.658182,18,0.433246,0.890984,post_filter,False,0.5547,1.0,0.981511,0.433246,0.900036,25.0785,verified=true AND overall>=3.0
1569,0.821657,20,0.414948,0.85184,post_filter,False,0.6289,1.0,0.979036,0.414948,0.86456,25.2457,"overall IN (1,2,3,5)"
1570,0.300422,7,0.464618,0.720181,post_filter,False,0.8961,1.0,0.970129,0.464618,0.745176,25.0147,"main_cat IN ('All Electronics', 'Books', 'Sports & Outdoors')"
1571,0.073033,0,0.395556,0.501418,post_filter,False,1.002,0.8,0.173345,0.395556,0.468611,25.0432,brand='Tiffen'
1572,0.12068,1,0.37237,0.692581,post_filter,False,0.6455,1.0,0.978482,0.37237,0.721171,24.8891,"main_cat IN ('Camera &amp; Photo', 'Cell Phones &amp; Accessories', 'Tools & Home Improvement')"
1573,0.339351,8,0.531441,0.917201,post_filter,False,0.7093,1.0,0.976356,0.531441,0.923117,24.9967,"main_cat IN ('Home Audio & Theater', 'Camera &amp; Photo', 'Sports & Outdoors')"
1574,0.210713,2,0.396142,0.631796,post_filter,False,1.065,0.6,0.00974,0.396142,0.569591,25.3387,"main_cat IN ('Camera & Photo', 'Camera &amp; Photo')"
1575,0.881823,20,0.414948,0.86456,post_filter,False,1.0156,1.0,0.966147,0.414948,0.874718,24.7934,"overall IN (1,4,5)"
1576,0.092237,0,0.395556,0.468611,pre_filter,False,14.2748,1.0,0.524175,0.408418,0.468611,24.9879,main_cat='Home Audio &amp; Theater' AND overall>=3.0
1577,0.270385,5,0.357098,0.651909,post_filter,False,0.729,1.0,0.9757,0.357098,0.684288,25.0338,"main_cat IN ('Home Audio & Theater', 'Books', 'Tools & Home Improvement')"
1578,0.728433,19,0.38742,0.911234,post_filter,False,0.768,1.0,0.9744,0.38742,0.917551,24.9418,"overall IN (2,3,5)"
1579,0.836128,20,0.414948,0.874718,post_filter,False,0.885,1.0,0.970499,0.414948,0.884296,24.7903,"overall IN (2,4,5)"
1580,0.728433,19,0.38742,0.917551,post_filter,False,0.886,1.0,0.970467,0.38742,0.922842,24.8154,"overall IN (2,3,5)"
1581,0.728433,19,0.38742,0.922842,post_filter,False,0.1285,0.0,0.0,0.38742,0.830558,24.9144,"overall IN (2,3,5)"
1582,0.319094,7,0.464618,0.745176,post_filter,False,0.9724,1.0,0.967588,0.464618,0.767417,24.8198,"overall IN (1,2,4)"
1583,0.836128,20,0.414948,0.884296,post_filter,False,0.579,1.0,0.9807,0.414948,0.893937,24.9185,"overall IN (2,4,5)"
1584,0.270385,5,0.357098,0.684288,post_filter,False,0.7944,1.0,0.973519,0.357098,0.713211,24.9418,"main_cat IN ('Home Audio & Theater', 'Books', 'Tools & Home Improvement')"
1585,0.050727,0,0.408418,0.468611,post_filter,False,1.0647,0.8,0.17297,0.408418,0.439047,25.1154,"main_cat IN ('Computers', 'Tools & Home Improvement')"
1586,0.751008,19,0.38742,0.830558,post_filter,False,0.2857,0.7,0.046729,0.38742,0.752175,25.6992,"overall IN (1,2,5)"
1587,0.230635,3,0.451553,0.72763,post_filter,False,0.77,1.0,0.974333,0.451553,0.7523,25.094,"main_cat IN ('Camera & Photo', 'Camera &amp; Photo', 'Cell Phones &amp; Accessories')"
1588,0.859249,20,0.414948,0.893937,post_filter,False,0.8873,1.0,0.970424,0.414948,0.901585,25.1055,overall>=3.0
1589,0.389743,11,0.61488,0.878742,post_filter,False,0.9719,1.0,0.967604,0.61488,0.887628,25.2764,overall<=4.0
1590,0.610257,18,0.433246,0.900036,post_filter,False,0.615,1.0,0.979499,0.433246,0.907983,25.0104,overall>=5.0
1591,0.210713,2,0.396142,0.569591,post_filter,False,0.9637,1.0,0.967878,0.396142,0.609419,25.1348,"main_cat IN ('Camera & Photo', 'Camera &amp; Photo')"
1592,0.300422,7,0.464618,0.767417,post_filter,False,0.608,1.0,0.979735,0.464618,0.788649,25.2701,"main_cat IN ('All Electronics', 'Books', 'Sports & Outdoors')"
1593,0.680906,18,0.433246,0.907983,post_filter,False,0.7678,1.0,0.974408,0.433246,0.914625,36.5929,"overall IN (3,5)"
1594,0.319094,7,0.464618,0.788649,post_filter,False,1.0188,1.0,0.966039,0.464618,0.806388,25.0613,"overall IN (1,2,4)"
1595,0.339351,8,0.531441,0.923117,post_filter,False,0.2548,0.0,0.0,0.531441,0.830805,25.1208,"main_cat IN ('Home Audio & Theater', 'Camera &amp; Photo', 'Sports & Outdoors')"
1596,0.160682,1,0.37237,0.721171,post_filter,False,0.7382,1.0,0.975393,0.37237,0.746593,25.0676,"main_cat IN ('Camera & Photo', 'Computers')"
1597,0.774129,19,0.38742,0.752175,post_filter,False,0.5173,0.9,0.572314,0.38742,0.734189,25.362,"overall IN (1,3,5)"
1598,0.70348,19,0.38742,0.734189,post_filter,False,0.5602,1.0,0.981328,0.38742,0.758903,25.281,"overall IN (1,5)"
1599,0.774129,19,0.38742,0.758903,post_filter,False,0.6524,1.0,0.978253,0.38742,0.780838,25.3521,"overall IN (1,3,5)"
1600,0.319094,7,0.464618,0.806388,post_filter,False,0.7672,1.0,0.974428,0.464618,0.823192,25.1284,"overall IN (1,2,4)"
1601,0.092237,0,0.408418,0.439047,post_filter,False,0.8891,1.0,0.970364,0.408418,0.492178,25.5711,main_cat='Home Audio &amp; Theater' AND overall>=3.0
1602,0.836128,20,0.414948,0.901585,post_filter,False,0.8577,1.0,0.971408,0.414948,0.908568,25.2239,"overall IN (2,4,5)"
1603,0.728433,19,0.38742,0.780838,post_filter,False,0.6626,0.9,0.569494,0.38742,0.759704,24.9395,"overall IN (2,3,5)"
1604,0.248992,4,0.538684,0.936403,post_filter,False,0.7955,1.0,0.973483,0.538684,0.940111,25.0806,"overall IN (3,4)"
1605,0.859249,20,0.414948,0.908568,post_filter,False,0.8501,1.0,0.971664,0.414948,0.914877,24.8661,overall>=3.0
1606,0.210713,2,0.396142,0.609419,post_filter,False,0.6095,0.5,0.001598,0.396142,0.548637,25.313,"main_cat IN ('Camera & Photo', 'Camera &amp; Photo')"
1607,0.7886,19,0.38742,0.759704,post_filter,False,0.2168,0.0,0.0,0.38742,0.683733,24.9193,overall>=4.0
1608,0.092237,0,0.408418,0.492178,post_filter,False,1.0965,0.6,0.00973,0.408418,0.443933,25.649,main_cat='Home Audio &amp; Theater' AND overall>=3.0
1609,0.092237,0,0.408418,0.443933,post_filter,False,0.9531,1.0,0.968229,0.408418,0.496363,25.1545,main_cat='Home Audio &amp; Theater' AND overall>=3.0
1610,0.230635,3,0.451553,0.7523,post_filter,False,0.9593,1.0,0.968025,0.451553,0.773873,25.1002,"main_cat IN ('Camera & Photo', 'Camera &amp; Photo', 'Cell Phones &amp; Accessories')"
1611,0.140751,1,0.37237,0.746593,post_filter,False,1.1384,0.9,0.560258,0.37237,0.72796,25.165,overall<=2.0
1612,0.319094,7,0.464618,0.823192,post_filter,False,0.5496,0.0,0.0,0.464618,0.740873,25.0772,"overall IN (1,2,4)"
1613,0.7886,19,0.38742,0.683733,post_filter,False,0.8787,1.0,0.970711,0.38742,0.712431,24.901,overall>=4.0
1614,0.859249,20,0.414948,0.914877,post_filter,False,0.4018,0.0,0.0,0.414948,0.82339,24.888,overall>=3.0
1615,0.751008,19,0.38742,0.712431,post_filter,False,0.9181,1.0,0.969397,0.38742,0.738128,25.1073,"overall IN (1,2,5)"
1616,0.140751,1,0.37237,0.72796,post_filter,False,1.3429,0.4,0.000167,0.37237,0.655181,25.8528,overall<=2.0
1617,0.821657,20,0.414948,0.82339,post_filter,False,0.9397,1.0,0.968675,0.414948,0.837918,24.8501,"overall IN (1,2,3,5)"
1618,0.319094,7,0.464618,0.740873,post_filter,False,0.8928,1.0,0.970239,0.464618,0.763809,24.9712,"overall IN (1,2,4)"
1619,0.270385,5,0.357098,0.713211,post_filter,False,0.9362,1.0,0.968794,0.357098,0.738769,24.9494,"main_cat IN ('Home Audio & Theater', 'Books', 'Tools & Home Improvement')"
1620,0.300422,7,0.464618,0.763809,post_filter,False,0.9733,1.0,0.967556,0.464618,0.784184,25.3635,"main_cat IN ('All Electronics', 'Books', 'Sports & Outdoors')"
1621,0.12068,1,0.37237,0.655181,post_filter,False,0.8038,1.0,0.973207,0.37237,0.686983,25.6721,"main_cat IN ('Camera &amp; Photo', 'Cell Phones &amp; Accessories', 'Tools & Home Improvement')"
1622,0.092237,0,0.408418,0.496363,post_filter,False,0.8726,1.0,0.970914,0.408418,0.543818,25.3255,main_cat='Home Audio &amp; Theater' AND overall>=3.0
1623,0.050727,0,0.408418,0.543818,post_filter,False,1.2463,0.8,0.171884,0.408418,0.506625,25.4601,"main_cat IN ('Computers', 'Tools & Home Improvement')"
1624,0.248992,4,0.538684,0.940111,post_filter,False,0.8267,1.0,0.972443,0.538684,0.943344,25.2968,"overall IN (3,4)"
1625,0.389743,11,0.61488,0.887628,post_filter,False,1.005,1.0,0.966501,0.61488,0.895515,24.8936,overall<=4.0
1626,0.300422,7,0.464618,0.784184,post_filter,False,0.245,1.0,0.991835,0.464618,0.804949,25.2485,"main_cat IN ('All Electronics', 'Books', 'Sports & Outdoors')"
1627,0.836128,20,0.414948,0.837918,post_filter,False,0.8607,1.0,0.971311,0.414948,0.851257,25.3337,"overall IN (2,4,5)"
1628,0.230635,3,0.451553,0.773873,post_filter,False,0.9217,1.0,0.969278,0.451553,0.793413,25.0992,"main_cat IN ('Camera & Photo', 'Camera &amp; Photo', 'Cell Phones &amp; Accessories')"
1629,0.12068,1,0.37237,0.686983,post_filter,False,0.7727,1.0,0.974243,0.37237,0.715709,25.3337,"main_cat IN ('Camera &amp; Photo', 'Cell Phones &amp; Accessories', 'Tools & Home Improvement')"
1630,0.140751,1,0.37237,0.715709,post_filter,False,1.1225,0.4,0.000169,0.37237,0.644155,26.5271,overall<=2.0
1631,0.092237,0,0.408418,0.506625,post_filter,False,0.735,0.9,0.56809,0.408418,0.512771,25.2743,main_cat='Home Audio &amp; Theater' AND overall>=3.0
1632,0.160682,1,0.37237,0.644155,post_filter,False,0.9199,1.0,0.969338,0.37237,0.676673,25.166,"main_cat IN ('Camera & Photo', 'Computers')"
1633,0.339351,8,0.531441,0.830805,post_filter,False,1.0337,1.0,0.965544,0.531441,0.844279,25.0624,"main_cat IN ('Home Audio & Theater', 'Camera &amp; Photo', 'Sports & Outdoors')"
1634,0.389743,11,0.61488,0.895515,post_filter,False,0.9446,1.0,0.968514,0.61488,0.902815,25.154,overall<=4.0
1635,0.680906,18,0.433246,0.914625,post_filter,False,0.7761,1.0,0.974129,0.433246,0.920576,25.1708,"overall IN (3,5)"
1636,0.680906,18,0.433246,0.920576,post_filter,False,0.796,1.0,0.973468,0.433246,0.925865,25.1156,"overall IN (3,5)"
1637,0.658182,18,0.433246,0.925865,post_filter,False,0.3769,0.8,0.177081,0.433246,0.850986,25.1919,verified=true AND overall>=3.0
1638,0.339351,8,0.531441,0.844279,post_filter,False,0.829,1.0,0.972367,0.531441,0.857088,25.1574,"main_cat IN ('Home Audio & Theater', 'Camera &amp; Photo', 'Sports & Outdoors')"
1639,0.12068,1,0.37237,0.676673,post_filter,False,0.8303,1.0,0.972322,0.37237,0.706238,25.7781,"main_cat IN ('Camera &amp; Photo', 'Cell Phones &amp; Accessories', 'Tools & Home Improvement')"
1640,0.050727,0,0.408418,0.512771,post_filter,False,1.1713,1.0,0.960958,0.408418,0.55759,25.6283,"main_cat IN ('Computers', 'Tools & Home Improvement')"
1641,0.092237,0,0.408418,0.55759,post_filter,False,1.1157,1.0,0.96281,0.408418,0.598112,24.9997,main_cat='Home Audio &amp; Theater' AND overall>=3.0
1642,0.300422,7,0.464618,0.804949,post_filter,False,0.7993,1.0,0.973357,0.464618,0.82179,24.8019,"main_cat IN ('All Electronics', 'Books', 'Sports & Outdoors')"
1643,0.680906,18,0.433246,0.850986,post_filter,False,0.7683,1.0,0.97439,0.433246,0.863327,24.9809,"overall IN (3,5)"
1644,0.092237,0,0.408418,0.598112,post_filter,False,1.0087,0.9,0.562777,0.408418,0.594578,25.1958,main_cat='Home Audio &amp; Theater' AND overall>=3.0
1645,0.728433,19,0.38742,0.738128,post_filter,False,0.733,1.0,0.975567,0.38742,0.761872,25.1645,"overall IN (2,3,5)"
1646,0.728433,19,0.38742,0.761872,post_filter,False,0.7185,1.0,0.97605,0.38742,0.783289,25.0242,"overall IN (2,3,5)"
1647,0.859249,20,0.414948,0.851257,post_filter,False,0.8149,1.0,0.972836,0.414948,0.863415,25.0812,overall>=3.0
1648,0.270385,5,0.357098,0.738769,post_filter,False,1.0405,0.9,0.562158,0.357098,0.721108,25.1247,"main_cat IN ('Home Audio & Theater', 'Books', 'Tools & Home Improvement')"
1649,0.906777,21,1.0,0.843534,post_filter,True,0.6291,1.0,0.979029,1.0,0.857083,25.0539,overall>=2.0
1650,0.319094,7,0.464618,0.82179,post_filter,False,0.8235,1.0,0.97255,0.464618,0.836866,25.1715,"overall IN (1,2,4)"
1651,0.050727,0,0.408418,0.594578,post_filter,False,1.0636,0.8,0.172976,0.408418,0.552418,25.1186,"main_cat IN ('Computers', 'Tools & Home Improvement')"
1652,0.248992,4,0.538684,0.943344,post_filter,False,0.9687,0.9,0.563552,0.538684,0.905365,25.4344,"overall IN (3,4)"
1653,0.339351,8,0.531441,0.857088,post_filter,False,0.9693,1.0,0.96769,0.531441,0.868148,24.8545,"main_cat IN ('Home Audio & Theater', 'Camera &amp; Photo', 'Sports & Outdoors')"
1654,0.319094,7,0.464618,0.836866,post_filter,False,0.5655,1.0,0.981151,0.464618,0.851294,25.1015,"overall IN (1,2,4)"
1655,0.836128,20,0.414948,0.863415,post_filter,False,0.7813,1.0,0.973956,0.414948,0.874469,25.005,"overall IN (2,4,5)"
1656,0.092237,0,0.408418,0.552418,post_filter,False,0.7957,1.0,0.973478,0.408418,0.594524,25.049,main_cat='Home Audio &amp; Theater' AND overall>=3.0
1657,0.821657,20,0.414948,0.874469,post_filter,False,0.9335,1.0,0.968885,0.414948,0.883911,25.0775,"overall IN (1,2,3,5)"
1658,0.929351,21,1.0,0.857083,post_filter,True,0.8146,1.0,0.972846,1.0,0.86866,24.7146,"overall IN (1,2,4,5)"
1659,0.680906,18,0.433246,0.863327,post_filter,False,0.8221,1.0,0.972597,0.433246,0.874254,25.3222,"overall IN (3,5)"
1660,0.929351,21,1.0,0.86866,post_filter,True,0.8232,1.0,0.97256,1.0,0.87905,25.1,"overall IN (1,2,4,5)"
1661,0.210713,2,0.396142,0.548637,pre_filter,False,28.8391,1.0,0.038696,0.360397,0.548637,24.998,"main_cat IN ('Camera & Photo', 'Camera &amp; Photo')"
1662,0.70348,19,0.38742,0.783289,post_filter,False,0.9703,1.0,0.967656,0.38742,0.801726,24.8317,"overall IN (1,5)"
1663,0.658182,18,0.433246,0.874254,post_filter,False,0.8765,1.0,0.970783,0.433246,0.883907,25.0475,verified=true AND overall>=3.0
1664,0.160682,1,0.37237,0.706238,post_filter,False,0.6747,1.0,0.977508,0.37237,0.733365,25.2708,"main_cat IN ('Camera & Photo', 'Computers')"
1665,0.774129,19,0.38742,0.801726,post_filter,False,0.7984,1.0,0.973388,0.38742,0.818892,24.9862,"overall IN (1,3,5)"
1666,0.319094,7,0.464618,0.851294,post_filter,False,0.4671,1.0,0.984431,0.464618,0.864608,25.4444,"overall IN (1,2,4)"
1667,0.160682,1,0.37237,0.733365,post_filter,False,1.3903,0.6,0.009631,0.37237,0.660992,25.529,"main_cat IN ('Camera & Photo', 'Computers')"
1668,0.140751,1,0.37237,0.660992,post_filter,False,1.3221,0.0,0.0,0.37237,0.594893,27.6557,overall<=2.0
1669,0.230635,3,0.451553,0.793413,post_filter,False,0.8494,1.0,0.971688,0.451553,0.811241,24.7866,"main_cat IN ('Camera & Photo', 'Camera &amp; Photo', 'Cell Phones &amp; Accessories')"
1670,0.248992,4,0.538684,0.905365,post_filter,False,0.8214,1.0,0.972619,0.538684,0.91209,25.5773,"overall IN (3,4)"
1671,0.230635,3,0.451553,0.811241,post_filter,False,0.9651,0.9,0.563622,0.451553,0.786479,25.1277,"main_cat IN ('Camera & Photo', 'Camera &amp; Photo', 'Cell Phones &amp; Accessories')"
1672,0.610257,18,0.433246,0.883907,post_filter,False,0.8372,1.0,0.972092,0.433246,0.892725,25.3781,overall>=5.0
1673,0.140751,1,0.37237,0.594893,post_filter,False,0.8977,0.1,0.0,0.37237,0.535403,27.5038,overall<=2.0
1674,0.092237,0,0.408418,0.594524,pre_filter,False,15.0223,1.0,0.499257,0.417502,0.594524,25.1752,main_cat='Home Audio &amp; Theater' AND overall>=3.0
1675,0.160682,1,0.37237,0.535403,pre_filter,False,11.4777,1.0,0.617411,0.396874,0.535403,24.9731,"main_cat IN ('Camera & Photo', 'Computers')"
1676,0.339351,8,0.531441,0.868148,post_filter,False,0.7948,1.0,0.973507,0.531441,0.878684,25.0059,"main_cat IN ('Home Audio & Theater', 'Camera &amp; Photo', 'Sports & Outdoors')"
1677,0.230635,3,0.451553,0.786479,post_filter,False,0.9425,1.0,0.968583,0.451553,0.804689,25.0307,"main_cat IN ('Camera & Photo', 'Camera &amp; Photo', 'Cell Phones &amp; Accessories')"
1678,0.339351,8,0.531441,0.878684,post_filter,False,0.733,0.8,0.174953,0.531441,0.808311,25.3772,"main_cat IN ('Home Audio & Theater', 'Camera &amp; Photo', 'Sports & Outdoors')"
1679,0.248992,4,0.538684,0.91209,post_filter,False,0.8288,1.0,0.972374,0.538684,0.918119,25.1646,"overall IN (3,4)"
1680,0.610257,18,0.433246,0.892725,post_filter,False,0.8568,1.0,0.97144,0.433246,0.900597,25.0708,overall>=5.0
1681,0.859249,20,0.414948,0.883911,post_filter,False,0.9126,1.0,0.969579,0.414948,0.892478,25.1243,overall>=3.0
1682,0.092237,0,0.417502,0.594524,post_filter,False,0.6425,1.0,0.978585,0.417502,0.63293,25.0725,main_cat='Home Audio &amp; Theater' AND overall>=3.0
1683,0.300422,7,0.464618,0.864608,post_filter,False,0.9325,1.0,0.968915,0.464618,0.875039,25.2343,"main_cat IN ('All Electronics', 'Books', 'Sports & Outdoors')"
1684,0.230635,3,0.451553,0.804689,post_filter,False,0.9805,1.0,0.967317,0.451553,0.820952,24.9522,"main_cat IN ('Camera & Photo', 'Camera &amp; Photo', 'Cell Phones &amp; Accessories')"
1685,0.210713,2,0.360397,0.548637,post_filter,False,0.7652,1.0,0.974494,0.360397,0.591223,24.9061,"main_cat IN ('Camera & Photo', 'Camera &amp; Photo')"
1686,0.821657,20,0.414948,0.892478,post_filter,False,1.0122,1.0,0.966258,0.414948,0.899856,24.9469,"overall IN (1,2,3,5)"
1687,0.751008,19,0.38742,0.818892,post_filter,False,0.8436,1.0,0.971879,0.38742,0.834191,24.9124,"overall IN (1,2,5)"
1688,0.610257,18,0.433246,0.900597,post_filter,False,0.7049,1.0,0.976503,0.433246,0.908187,25.1121,overall>=5.0
1689,0.728433,19,0.38742,0.834191,post_filter,False,0.8049,1.0,0.973169,0.38742,0.848089,25.0997,"overall IN (2,3,5)"
1690,0.728433,19,0.38742,0.848089,post_filter,False,1.0199,1.0,0.966003,0.38742,0.85988,24.8903,"overall IN (2,3,5)"
1691,0.180604,1,0.396874,0.535403,pre_filter,False,26.848,0.9,0.061186,0.363305,0.535403,24.9408,"main_cat IN ('Camera & Photo', 'Computers', 'Cell Phones &amp; Accessories')"
1692,0.389743,11,0.61488,0.902815,post_filter,False,0.64,1.0,0.978668,0.61488,0.910401,24.8778,overall<=4.0
1693,0.12068,1,0.363305,0.535403,post_filter,False,0.8972,1.0,0.970093,0.363305,0.578872,24.9892,"main_cat IN ('Camera &amp; Photo', 'Cell Phones &amp; Accessories', 'Tools & Home Improvement')"
1694,0.140751,1,0.363305,0.578872,post_filter,False,1.272,0.8,0.17173,0.363305,0.538158,25.35,overall<=2.0
1695,0.248992,4,0.538684,0.918119,post_filter,False,0.7188,1.0,0.97604,0.538684,0.923911,25.2568,"overall IN (3,4)"
1696,0.050727,0,0.417502,0.63293,post_filter,False,0.7832,1.0,0.973893,0.417502,0.667026,25.0917,"main_cat IN ('Computers', 'Tools & Home Improvement')"
1697,0.319094,7,0.464618,0.875039,post_filter,False,0.887,1.0,0.970433,0.464618,0.884578,24.7596,"overall IN (1,2,4)"
1698,0.270385,5,0.357098,0.721108,post_filter,False,0.4917,0.5,0.001604,0.357098,0.649158,33.8455,"main_cat IN ('Home Audio & Theater', 'Books', 'Tools & Home Improvement')"
1699,0.881823,20,0.414948,0.899856,post_filter,False,0.7469,1.0,0.975103,0.414948,0.90738,25.2814,"overall IN (1,4,5)"
1700,0.728433,19,0.38742,0.85988,post_filter,False,0.9631,1.0,0.967897,0.38742,0.870682,25.1094,"overall IN (2,3,5)"
1701,0.319094,7,0.464618,0.884578,post_filter,False,0.886,1.0,0.970468,0.464618,0.893167,25.4727,"overall IN (1,2,4)"
1702,0.859249,20,0.414948,0.90738,post_filter,False,0.8109,0.9,0.566615,0.414948,0.873304,25.0755,overall>=3.0
1703,0.906777,21,1.0,0.87905,post_filter,True,0.8562,1.0,0.971461,1.0,0.888291,24.9643,overall>=2.0
1704,0.270385,5,0.357098,0.649158,post_filter,False,0.7487,1.0,0.975043,0.357098,0.681746,25.2331,"main_cat IN ('Home Audio & Theater', 'Books', 'Tools & Home Improvement')"
1705,0.389743,11,0.61488,0.910401,post_filter,False,0.5867,1.0,0.980444,0.61488,0.917405,25.2592,overall<=4.0
1706,0.270385,5,0.357098,0.681746,post_filter,False,1.0015,1.0,0.966617,0.357098,0.710233,25.0028,"main_cat IN ('Home Audio & Theater', 'Books', 'Tools & Home Improvement')"
1707,0.339351,8,0.531441,0.808311,post_filter,False,0.7682,1.0,0.974392,0.531441,0.824919,24.9421,"main_cat IN ('Home Audio & Theater', 'Camera &amp; Photo', 'Sports & Outdoors')"
1708,0.881823,20,0.414948,0.873304,post_filter,False,0.8215,1.0,0.972618,0.414948,0.883235,25.1613,"overall IN (1,4,5)"
1709,0.881823,20,0.414948,0.883235,post_filter,False,0.9491,1.0,0.968362,0.414948,0.891748,25.146,"overall IN (1,4,5)"
1710,0.906777,21,1.0,0.888291,post_filter,True,0.618,1.0,0.979399,1.0,0.897402,25.2793,overall>=2.0
1711,0.751008,19,0.38742,0.870682,post_filter,False,0.2546,1.0,0.991512,0.38742,0.882765,25.2632,"overall IN (1,2,5)"
1712,0.728433,19,0.38742,0.882765,post_filter,False,0.9863,1.0,0.967124,0.38742,0.891201,25.0206,"overall IN (2,3,5)"
1713,0.140751,1,0.363305,0.538158,post_filter,False,1.0928,0.8,0.172802,0.363305,0.501623,25.0791,overall<=2.0
1714,0.248992,4,0.538684,0.923911,post_filter,False,0.6913,1.0,0.976956,0.538684,0.929215,24.9382,"overall IN (3,4)"
1715,0.270385,5,0.357098,0.710233,post_filter,False,0.9216,1.0,0.969279,0.357098,0.736138,25.2268,"main_cat IN ('Home Audio & Theater', 'Books', 'Tools & Home Improvement')"
1716,0.728433,19,0.38742,0.891201,post_filter,False,0.9353,1.0,0.968822,0.38742,0.898963,25.1426,"overall IN (2,3,5)"
1717,0.7886,19,0.38742,0.898963,post_filter,False,0.833,1.0,0.972233,0.38742,0.90629,25.1772,overall>=4.0
1718,0.180604,1,0.363305,0.501623,post_filter,False,0.9051,1.0,0.969831,0.363305,0.548443,25.1433,"main_cat IN ('Camera & Photo', 'Computers', 'Cell Phones &amp; Accessories')"
1719,0.610257,18,0.433246,0.908187,post_filter,False,0.8011,1.0,0.973297,0.433246,0.914698,25.0684,overall>=5.0
1720,0.270385,5,0.357098,0.736138,post_filter,False,0.8548,0.7,0.045834,0.357098,0.667108,25.2857,"main_cat IN ('Home Audio & Theater', 'Books', 'Tools & Home Improvement')"
1721,0.160682,1,0.363305,0.548443,post_filter,False,0.8858,0.7,0.045786,0.363305,0.498178,25.0735,"main_cat IN ('Camera & Photo', 'Computers')"
1722,0.319094,7,0.464618,0.893167,post_filter,False,0.5503,1.0,0.981657,0.464618,0.902016,25.2118,"overall IN (1,2,4)"
1723,0.270385,5,0.357098,0.667108,post_filter,False,0.8692,1.0,0.971026,0.357098,0.697499,25.1564,"main_cat IN ('Home Audio & Theater', 'Books', 'Tools & Home Improvement')"
1724,0.248992,4,0.538684,0.929215,post_filter,False,0.9568,1.0,0.968106,0.538684,0.933104,25.2392,"overall IN (3,4)"
1725,0.821657,20,0.414948,0.891748,post_filter,False,0.5197,1.0,0.982678,0.414948,0.900841,25.2301,"overall IN (1,2,3,5)"
1726,0.7886,19,0.38742,0.90629,post_filter,False,0.4587,1.0,0.98471,0.38742,0.914132,25.1053,overall>=4.0
1727,0.751008,19,0.38742,0.914132,post_filter,False,0.8499,1.0,0.971671,0.38742,0.919886,25.0681,"overall IN (1,2,5)"
1728,0.610257,18,0.433246,0.914698,post_filter,False,0.5531,1.0,0.981563,0.433246,0.921385,25.3223,overall>=5.0
1729,0.70348,19,0.38742,0.919886,post_filter,False,0.8884,1.0,0.970387,0.38742,0.924936,24.9244,"overall IN (1,5)"
1730,0.859249,20,0.414948,0.900841,post_filter,False,0.9406,1.0,0.968646,0.414948,0.907622,25.0194,overall>=3.0
1731,0.210713,2,0.360397,0.591223,post_filter,False,1.1084,1.0,0.963053,0.360397,0.628406,24.9835,"main_cat IN ('Camera & Photo', 'Camera &amp; Photo')"
1732,0.270385,5,0.357098,0.697499,post_filter,False,0.8857,1.0,0.970475,0.357098,0.724797,24.8197,"main_cat IN ('Home Audio & Theater', 'Books', 'Tools & Home Improvement')"
1733,0.319094,7,0.464618,0.902016,post_filter,False,0.7707,1.0,0.974311,0.464618,0.909246,25.2793,"overall IN (1,2,4)"
1734,0.230635,3,0.451553,0.820952,post_filter,False,0.9802,0.9,0.563329,0.451553,0.79519,25.0081,"main_cat IN ('Camera & Photo', 'Camera &amp; Photo', 'Cell Phones &amp; Accessories')"
1735,0.881823,20,0.414948,0.907622,post_filter,False,0.5716,1.0,0.980947,0.414948,0.914954,24.9023,"overall IN (1,4,5)"
1736,0.859249,20,0.414948,0.914954,post_filter,False,0.8806,1.0,0.970647,0.414948,0.920523,24.7192,overall>=3.0
1737,0.319094,7,0.464618,0.909246,post_filter,False,0.5774,1.0,0.980753,0.464618,0.916396,24.8425,"overall IN (1,2,4)"
1738,0.300422,7,0.464618,0.916396,pre_filter,False,45.1519,1.0,0.0,0.418156,0.916396,25.1798,"main_cat IN ('All Electronics', 'Books', 'Sports & Outdoors')"
1739,0.12068,1,0.363305,0.498178,pre_filter,False,13.8242,1.0,0.539193,0.380894,0.498178,24.9269,"main_cat IN ('Camera &amp; Photo', 'Cell Phones &amp; Accessories', 'Tools & Home Improvement')"
1740,0.952472,21,1.0,0.897402,post_filter,True,0.755,1.0,0.974832,1.0,0.905145,24.8567,"overall IN (1,3,4,5)"
1741,0.70348,19,0.38742,0.924936,post_filter,False,0.8363,1.0,0.972125,0.38742,0.929655,25.0107,"overall IN (1,5)"
1742,0.180604,1,0.380894,0.498178,post_filter,False,0.9393,1.0,0.96869,0.380894,0.545229,24.7915,"main_cat IN ('Camera & Photo', 'Computers', 'Cell Phones &amp; Accessories')"
1743,0.70348,19,0.38742,0.929655,post_filter,False,0.7771,1.0,0.974096,0.38742,0.934099,25.3123,"overall IN (1,5)"
1744,0.680906,18,0.433246,0.921385,post_filter,False,0.8625,1.0,0.971251,0.433246,0.926371,25.0181,"overall IN (3,5)"
1745,0.160682,1,0.380894,0.545229,post_filter,False,0.9425,1.0,0.968583,0.380894,0.587564,25.1386,"main_cat IN ('Camera & Photo', 'Computers')"
1746,0.774129,19,0.38742,0.934099,post_filter,False,0.6724,1.0,0.977586,0.38742,0.938448,25.1125,"overall IN (1,3,5)"
1747,0.836128,20,0.414948,0.920523,post_filter,False,0.65,1.0,0.978335,0.414948,0.926305,25.1887,"overall IN (2,4,5)"
1748,0.680906,18,0.433246,0.926371,post_filter,False,0.5706,1.0,0.980979,0.433246,0.931832,24.9701,"overall IN (3,5)"
1749,0.050727,0,0.417502,0.667026,post_filter,False,0.3493,1.0,0.988358,0.417502,0.69916,25.0404,"main_cat IN ('Computers', 'Tools & Home Improvement')"
1750,0.821657,20,0.414948,0.926305,post_filter,False,1.0563,1.0,0.964792,0.414948,0.930153,24.9055,"overall IN (1,2,3,5)"
1751,0.389743,11,0.61488,0.917405,post_filter,False,1.015,1.0,0.966168,0.61488,0.922281,25.2102,overall<=4.0
1752,0.7886,19,0.38742,0.938448,post_filter,False,0.8295,1.0,0.972351,0.38742,0.941838,24.9109,overall>=4.0
1753,0.180604,1,0.380894,0.587564,pre_filter,False,14.2881,1.0,0.523729,0.395177,0.587564,25.196,"main_cat IN ('Camera & Photo', 'Computers', 'Cell Phones &amp; Accessories')"
1754,0.389743,11,0.61488,0.922281,pre_filter,False,63.8607,1.0,0.0,0.553392,0.922281,25.1304,overall<=4.0
1755,0.859249,20,0.414948,0.930153,post_filter,False,0.6895,1.0,0.977018,0.414948,0.93484,25.1422,overall>=3.0
1756,0.248992,4,0.538684,0.933104,post_filter,False,0.7148,1.0,0.976174,0.538684,0.937411,25.0075,"overall IN (3,4)"
1757,0.881823,20,0.414948,0.93484,post_filter,False,0.6736,0.9,0.569281,0.414948,0.898284,25.2041,"overall IN (1,4,5)"
1758,0.7886,19,0.38742,0.941838,post_filter,False,0.792,1.0,0.9736,0.38742,0.945014,25.1442,overall>=4.0
1759,0.092237,0,0.417502,0.69916,post_filter,False,0.6555,0.7,0.046148,0.417502,0.633858,25.2688,main_cat='Home Audio &amp; Theater' AND overall>=3.0
1760,0.881823,20,0.414948,0.898284,post_filter,False,0.7987,1.0,0.973375,0.414948,0.905793,24.9389,"overall IN (1,4,5)"
1761,0.906777,21,1.0,0.905145,post_filter,True,0.7334,1.0,0.975553,1.0,0.912185,25.0065,overall>=2.0
1762,0.859249,20,0.414948,0.905793,post_filter,False,0.617,1.0,0.979432,0.414948,0.913157,25.1023,overall>=3.0
1763,0.859249,20,0.414948,0.913157,post_filter,False,0.9467,1.0,0.968442,0.414948,0.918685,24.8068,overall>=3.0
1764,0.339351,8,0.531441,0.824919,post_filter,False,0.8618,1.0,0.971274,0.531441,0.839554,25.0557,"main_cat IN ('Home Audio & Theater', 'Camera &amp; Photo', 'Sports & Outdoors')"
1765,0.774129,19,0.38742,0.945014,post_filter,False,0.3562,1.0,0.988126,0.38742,0.949325,25.1853,"overall IN (1,3,5)"
1766,0.610257,18,0.433246,0.931832,post_filter,False,0.8563,1.0,0.971458,0.433246,0.935795,25.2182,overall>=5.0
1767,0.140751,1,0.395177,0.587564,post_filter,False,1.1229,0.6,0.009721,0.395177,0.52978,25.3145,overall<=2.0
1768,0.751008,19,0.38742,0.949325,post_filter,False,0.72,1.0,0.976001,0.38742,0.951993,25.1555,"overall IN (1,2,5)"
1769,0.248992,4,0.538684,0.937411,post_filter,False,0.9642,1.0,0.96786,0.538684,0.940456,25.1692,"overall IN (3,4)"
1770,0.210713,2,0.360397,0.628406,post_filter,False,0.8093,1.0,0.973024,0.360397,0.662868,25.2793,"main_cat IN ('Camera & Photo', 'Camera &amp; Photo')"
1771,0.230635,3,0.451553,0.79519,post_filter,False,0.7718,1.0,0.974275,0.451553,0.813098,25.17,"main_cat IN ('Camera & Photo', 'Camera &amp; Photo', 'Cell Phones &amp; Accessories')"
1772,0.774129,19,0.38742,0.951993,post_filter,False,0.9053,1.0,0.969822,0.38742,0.953776,25.0198,"overall IN (1,3,5)"
1773,0.140751,1,0.395177,0.52978,post_filter,False,1.2118,0.6,0.009691,0.395177,0.477771,25.798,overall<=2.0
1774,0.7886,19,0.38742,0.953776,post_filter,False,0.6314,1.0,0.978954,0.38742,0.956294,25.2527,overall>=4.0
1775,0.339351,8,0.531441,0.839554,post_filter,False,1.0497,1.0,0.965011,0.531441,0.8521,25.0469,"main_cat IN ('Home Audio & Theater', 'Camera &amp; Photo', 'Sports & Outdoors')"
1776,0.859249,20,0.414948,0.918685,post_filter,False,0.8666,1.0,0.971114,0.414948,0.923928,25.3143,overall>=3.0
1777,0.319094,7,0.418156,0.916396,post_filter,False,0.8909,1.0,0.970303,0.418156,0.921787,25.0601,"overall IN (1,2,4)"
1778,0.092237,0,0.417502,0.633858,post_filter,False,0.4259,0.7,0.046509,0.417502,0.575123,25.3083,main_cat='Home Audio &amp; Theater' AND overall>=3.0
1779,0.389743,11,0.553392,0.922281,post_filter,False,0.6121,0.4,0.000172,0.553392,0.83007,25.22,overall<=4.0
1780,0.728433,19,0.38742,0.956294,post_filter,False,0.9872,1.0,0.967092,0.38742,0.957374,24.9197,"overall IN (2,3,5)"
1781,0.610257,18,0.433246,0.935795,post_filter,False,0.8847,1.0,0.970508,0.433246,0.939266,24.9605,overall>=5.0
1782,0.70348,19,0.38742,0.957374,post_filter,False,0.3315,0.9,0.575922,0.38742,0.919228,24.9694,"overall IN (1,5)"
1783,0.319094,7,0.418156,0.921787,post_filter,False,0.7774,1.0,0.974087,0.418156,0.927017,25.1576,"overall IN (1,2,4)"
1784,0.680906,18,0.433246,0.939266,post_filter,False,0.7888,1.0,0.973707,0.433246,0.94271,24.9832,"overall IN (3,5)"
1785,0.658182,18,0.433246,0.94271,post_filter,False,0.5623,1.0,0.981256,0.433246,0.946565,25.1786,verified=true AND overall>=3.0
1786,0.952472,21,1.0,0.912185,post_filter,True,0.6106,1.0,0.979647,1.0,0.918932,25.0954,"overall IN (1,3,4,5)"
1787,0.952472,21,1.0,0.918932,post_filter,True,0.804,1.0,0.9732,1.0,0.924358,25.2378,"overall IN (1,3,4,5)"
1788,0.906777,21,1.0,0.924358,post_filter,True,0.7999,1.0,0.973336,1.0,0.929256,24.9823,overall>=2.0
1789,0.7886,19,0.38742,0.919228,post_filter,False,0.4069,1.0,0.986436,0.38742,0.925949,25.2687,overall>=4.0
1790,0.339351,8,0.531441,0.8521,post_filter,False,0.807,1.0,0.9731,0.531441,0.8642,25.1066,"main_cat IN ('Home Audio & Theater', 'Camera &amp; Photo', 'Sports & Outdoors')"
1791,0.680906,18,0.433246,0.946565,post_filter,False,0.8782,1.0,0.970726,0.433246,0.948981,25.1599,"overall IN (3,5)"
1792,0.073033,0,0.417502,0.575123,post_filter,False,1.1088,0.9,0.560833,0.417502,0.573694,25.5146,brand='Tiffen'
1793,0.859249,20,0.414948,0.923928,post_filter,False,1.0876,1.0,0.963747,0.414948,0.92791,24.9251,overall>=3.0
1794,0.300422,7,0.418156,0.927017,post_filter,False,0.7892,1.0,0.973693,0.418156,0.931685,24.941,"main_cat IN ('All Electronics', 'Books', 'Sports & Outdoors')"
1795,0.7886,19,0.38742,0.925949,post_filter,False,0.3559,1.0,0.988136,0.38742,0.932168,24.8567,overall>=4.0
1796,0.929351,21,1.0,0.929256,post_filter,True,0.4046,0.9,0.574503,1.0,0.893781,24.8695,"overall IN (1,2,4,5)"
1797,0.859249,20,0.414948,0.92791,post_filter,False,0.8662,1.0,0.971126,0.414948,0.932232,24.7985,overall>=3.0
1798,0.680906,18,0.433246,0.948981,post_filter,False,0.8764,1.0,0.970787,0.433246,0.951162,25.1265,"overall IN (3,5)"
1799,0.728433,19,0.38742,0.932168,post_filter,False,0.8198,1.0,0.972672,0.38742,0.936218,25.0093,"overall IN (2,3,5)"
1800,0.751008,19,0.38742,0.936218,post_filter,False,0.9224,1.0,0.969254,0.38742,0.939522,25.0938,"overall IN (1,2,5)"
1801,0.952472,21,1.0,0.893781,post_filter,True,0.7797,1.0,0.97401,1.0,0.901804,25.0835,"overall IN (1,3,4,5)"
1802,0.092237,0,0.417502,0.573694,post_filter,False,0.5428,0.9,0.571821,0.417502,0.573507,35.026,main_cat='Home Audio &amp; Theater' AND overall>=3.0
1803,0.12068,1,0.395177,0.477771,post_filter,False,0.4666,1.0,0.984446,0.395177,0.528439,25.3105,"main_cat IN ('Camera &amp; Photo', 'Cell Phones &amp; Accessories', 'Tools & Home Improvement')"
1804,0.836128,20,0.414948,0.932232,post_filter,False,0.6998,1.0,0.976674,0.414948,0.936676,25.1957,"overall IN (2,4,5)"
1805,0.210713,2,0.360397,0.662868,post_filter,False,0.9698,1.0,0.967674,0.360397,0.693348,25.1481,"main_cat IN ('Camera & Photo', 'Camera &amp; Photo')"
1806,0.774129,19,0.38742,0.939522,post_filter,False,0.5064,1.0,0.983121,0.38742,0.943882,25.1998,"overall IN (1,3,5)"
1807,0.774129,19,0.38742,0.943882,post_filter,False,0.8407,1.0,0.971975,0.38742,0.946691,25.0978,"overall IN (1,3,5)"
1808,0.300422,7,0.418156,0.931685,post_filter,False,0.8149,1.0,0.972837,0.418156,0.9358,25.1305,"main_cat IN ('All Electronics', 'Books', 'Sports & Outdoors')"
1809,0.160682,1,0.395177,0.528439,post_filter,False,0.8807,1.0,0.970643,0.395177,0.572659,25.5023,"main_cat IN ('Camera & Photo', 'Computers')"
1810,0.751008,19,0.38742,0.946691,post_filter,False,0.8366,1.0,0.972113,0.38742,0.949233,24.9375,"overall IN (1,2,5)"
1811,0.728433,19,0.38742,0.949233,post_filter,False,0.7627,1.0,0.974578,0.38742,0.951768,25.1137,"overall IN (2,3,5)"
1812,0.073033,0,0.417502,0.573507,post_filter,False,1.2291,0.6,0.009685,0.417502,0.517125,25.8645,brand='Tiffen'
1813,0.70348,19,0.38742,0.951768,post_filter,False,0.9533,1.0,0.968225,0.38742,0.953413,25.0881,"overall IN (1,5)"
1814,0.751008,19,0.38742,0.953413,post_filter,False,0.387,1.0,0.9871,0.38742,0.956782,25.124,"overall IN (1,2,5)"
1815,0.774129,19,0.38742,0.956782,post_filter,False,0.8195,1.0,0.972682,0.38742,0.958372,25.1268,"overall IN (1,3,5)"
1816,0.751008,19,0.38742,0.958372,post_filter,False,0.607,1.0,0.979767,0.38742,0.960512,25.3098,"overall IN (1,2,5)"
1817,0.319094,7,0.418156,0.9358,post_filter,False,0.6332,1.0,0.978892,0.418156,0.940109,25.1395,"overall IN (1,2,4)"
1818,0.836128,20,0.414948,0.936676,post_filter,False,0.9703,0.9,0.563521,0.414948,0.89936,25.0363,"overall IN (2,4,5)"
1819,0.270385,5,0.357098,0.724797,post_filter,False,0.9611,1.0,0.967962,0.357098,0.749114,24.958,"main_cat IN ('Home Audio & Theater', 'Books', 'Tools & Home Improvement')"
1820,0.859249,20,0.414948,0.89936,post_filter,False,0.6269,1.0,0.979103,0.414948,0.907335,25.2436,overall>=3.0
1821,0.339351,8,0.531441,0.8642,post_filter,False,0.7376,1.0,0.975414,0.531441,0.875321,24.8713,"main_cat IN ('Home Audio & Theater', 'Camera &amp; Photo', 'Sports & Outdoors')"
1822,0.12068,1,0.395177,0.572659,pre_filter,False,18.0605,1.0,0.397983,0.395458,0.572659,25.1235,"main_cat IN ('Camera &amp; Photo', 'Cell Phones &amp; Accessories', 'Tools & Home Improvement')"
1823,0.050727,0,0.417502,0.517125,post_filter,False,1.2931,0.5,0.001561,0.417502,0.465568,25.7179,"main_cat IN ('Computers', 'Tools & Home Improvement')"
1824,0.12068,1,0.395458,0.572659,post_filter,False,0.9707,1.0,0.967644,0.395458,0.612158,25.1207,"main_cat IN ('Camera &amp; Photo', 'Cell Phones &amp; Accessories', 'Tools & Home Improvement')"
1825,0.230635,3,0.451553,0.813098,pre_filter,False,30.756,0.9,0.0,0.406398,0.813098,24.9832,"main_cat IN ('Camera & Photo', 'Camera &amp; Photo', 'Cell Phones &amp; Accessories')"
1826,0.210713,2,0.360397,0.693348,pre_filter,False,39.0012,1.0,0.0,0.324357,0.693348,25.0404,"main_cat IN ('Camera & Photo', 'Camera &amp; Photo')"
1827,0.658182,18,0.433246,0.951162,post_filter,False,0.4012,1.0,0.986626,0.433246,0.954708,25.5226,verified=true AND overall>=3.0
1828,0.821657,20,0.414948,0.907335,post_filter,False,1.0102,1.0,0.966328,0.414948,0.913234,24.9532,"overall IN (1,2,3,5)"
1829,0.658182,18,0.433246,0.954708,post_filter,False,0.4322,1.0,0.985594,0.433246,0.957797,25.0666,verified=true AND overall>=3.0
1830,0.680906,18,0.433246,0.957797,post_filter,False,0.9915,1.0,0.966949,0.433246,0.958712,25.122,"overall IN (3,5)"
1831,0.70348,19,0.38742,0.960512,post_filter,False,1.0603,1.0,0.964657,0.38742,0.960926,24.8163,"overall IN (1,5)"
1832,0.7886,19,0.38742,0.960926,post_filter,False,0.9811,1.0,0.967296,0.38742,0.961563,25.2515,overall>=4.0
1833,0.70348,19,0.38742,0.961563,post_filter,False,1.0654,1.0,0.964488,0.38742,0.961856,24.9757,"overall IN (1,5)"
1834,0.210713,2,0.324357,0.693348,post_filter,False,0.8005,1.0,0.973315,0.324357,0.721345,25.211,"main_cat IN ('Camera & Photo', 'Camera &amp; Photo')"
1835,0.389743,11,0.553392,0.83007,post_filter,False,0.5927,1.0,0.980244,0.553392,0.845088,25.0728,overall<=4.0
1836,0.300422,7,0.418156,0.940109,post_filter,False,0.9923,1.0,0.966924,0.418156,0.942791,24.9697,"main_cat IN ('All Electronics', 'Books', 'Sports & Outdoors')"
1837,0.319094,7,0.418156,0.942791,post_filter,False,0.141,0.1,0.0,0.418156,0.848511,25.1588,"overall IN (1,2,4)"
1838,0.389743,11,0.553392,0.845088,post_filter,False,0.8558,1.0,0.971475,0.553392,0.857726,25.2381,overall<=4.0
1839,0.836128,20,0.414948,0.913234,post_filter,False,1.043,1.0,0.965235,0.414948,0.918434,25.1664,"overall IN (2,4,5)"
1840,0.774129,19,0.38742,0.961856,post_filter,False,0.5821,1.0,0.980596,0.38742,0.96373,25.2303,"overall IN (1,3,5)"
1841,0.70348,19,0.38742,0.96373,post_filter,False,0.6065,1.0,0.979785,0.38742,0.965335,25.206,"overall IN (1,5)"
1842,0.7886,19,0.38742,0.965335,post_filter,False,0.7531,0.9,0.567738,0.38742,0.925575,25.1999,overall>=4.0
1843,0.658182,18,0.433246,0.958712,post_filter,False,0.9988,1.0,0.966706,0.433246,0.959511,25.0422,verified=true AND overall>=3.0
1844,0.140751,1,0.395458,0.612158,pre_filter,False,18.1361,0.1,0.0,0.355912,0.612158,28.6815,overall<=2.0
1845,0.300422,7,0.418156,0.848511,post_filter,False,0.8767,1.0,0.970778,0.418156,0.860738,25.0394,"main_cat IN ('All Electronics', 'Books', 'Sports & Outdoors')"
1846,0.050727,0,0.417502,0.465568,pre_filter,False,4.0199,1.0,0.866003,0.462352,0.465568,25.4127,"main_cat IN ('Computers', 'Tools & Home Improvement')"
1847,0.610257,18,0.433246,0.959511,post_filter,False,0.7603,0.9,0.567599,0.433246,0.92032,25.7824,overall>=5.0
1848,0.12068,1,0.355912,0.612158,post_filter,False,0.4573,1.0,0.984758,0.355912,0.649418,25.2688,"main_cat IN ('Camera &amp; Photo', 'Cell Phones &amp; Accessories', 'Tools & Home Improvement')"
1849,0.248992,4,0.538684,0.940456,post_filter,False,0.8573,1.0,0.971422,0.538684,0.943553,24.9257,"overall IN (3,4)"
1850,0.339351,8,0.531441,0.875321,post_filter,False,0.9847,1.0,0.967175,0.531441,0.884507,24.7442,"main_cat IN ('Home Audio & Theater', 'Camera &amp; Photo', 'Sports & Outdoors')"
1851,0.952472,21,1.0,0.901804,post_filter,True,0.6793,0.9,0.56917,1.0,0.86854,25.3346,"overall IN (1,3,4,5)"
1852,0.092237,0,0.462352,0.465568,pre_filter,False,12.7281,1.0,0.575731,0.47369,0.465568,25.1765,main_cat='Home Audio &amp; Theater' AND overall>=3.0
1853,0.12068,1,0.355912,0.649418,post_filter,False,0.6338,0.8,0.175546,0.355912,0.60203,25.2234,"main_cat IN ('Camera &amp; Photo', 'Cell Phones &amp; Accessories', 'Tools & Home Improvement')"
1854,0.881823,20,0.414948,0.918434,post_filter,False,0.9188,1.0,0.969374,0.414948,0.923528,24.721,"overall IN (1,4,5)"
1855,0.821657,20,0.414948,0.923528,post_filter,False,0.775,1.0,0.974165,0.414948,0.928592,25.0393,"overall IN (1,2,3,5)"
1856,0.140751,1,0.355912,0.60203,post_filter,False,1.2372,0.8,0.171939,0.355912,0.559021,25.0972,overall<=2.0
1857,0.300422,7,0.418156,0.860738,post_filter,False,0.912,1.0,0.9696,0.418156,0.871624,24.8543,"main_cat IN ('All Electronics', 'Books', 'Sports & Outdoors')"
1858,0.248992,4,0.538684,0.943553,post_filter,False,0.9676,1.0,0.967747,0.538684,0.945972,24.8089,"overall IN (3,4)"
1859,0.270385,5,0.357098,0.749114,post_filter,False,0.8002,1.0,0.973326,0.357098,0.771535,24.939,"main_cat IN ('Home Audio & Theater', 'Books', 'Tools & Home Improvement')"
1860,0.389743,11,0.553392,0.857726,post_filter,False,0.4546,0.9,0.573532,0.553392,0.829307,24.8396,overall<=4.0
1861,0.859249,20,0.414948,0.928592,post_filter,False,0.7838,1.0,0.973872,0.414948,0.93312,25.0214,overall>=3.0
1862,0.180604,1,0.355912,0.559021,post_filter,False,0.8697,1.0,0.971011,0.355912,0.60022,25.0206,"main_cat IN ('Camera & Photo', 'Computers', 'Cell Phones &amp; Accessories')"
1863,0.658182,18,0.433246,0.92032,post_filter,False,0.3752,1.0,0.987494,0.433246,0.927037,24.9191,verified=true AND overall>=3.0
1864,0.610257,18,0.433246,0.927037,post_filter,False,0.5346,1.0,0.982181,0.433246,0.932552,25.052,overall>=5.0
1865,0.300422,7,0.418156,0.871624,post_filter,False,0.8731,1.0,0.970896,0.418156,0.881551,25.0527,"main_cat IN ('All Electronics', 'Books', 'Sports & Outdoors')"
1866,0.610257,18,0.433246,0.932552,post_filter,False,0.4845,1.0,0.98385,0.433246,0.937682,25.1888,overall>=5.0
1867,0.12068,1,0.355912,0.60022,pre_filter,False,18.7983,0.7,0.017616,0.322083,0.60022,25.0492,"main_cat IN ('Camera &amp; Photo', 'Cell Phones &amp; Accessories', 'Tools & Home Improvement')"
1868,0.389743,11,0.553392,0.829307,post_filter,False,0.9362,1.0,0.968793,0.553392,0.843256,24.8298,overall<=4.0
1869,0.821657,20,0.414948,0.93312,post_filter,False,0.1217,0.0,0.0,0.414948,0.839808,24.8036,"overall IN (1,2,3,5)"
1870,0.7886,19,0.38742,0.925575,post_filter,False,0.7385,1.0,0.975383,0.38742,0.930556,24.9731,overall>=4.0
1871,0.389743,11,0.553392,0.843256,post_filter,False,0.9012,0.9,0.564862,0.553392,0.815416,25.0063,overall<=4.0
1872,0.270385,5,0.357098,0.771535,post_filter,False,0.89,1.0,0.970333,0.357098,0.791415,25.0008,"main_cat IN ('Home Audio & Theater', 'Books', 'Tools & Home Improvement')"
1873,0.092237,0,0.47369,0.465568,post_filter,False,0.9443,1.0,0.968522,0.47369,0.515864,25.0046,main_cat='Home Audio &amp; Theater' AND overall>=3.0
1874,0.248992,4,0.538684,0.945972,post_filter,False,0.4365,1.0,0.985451,0.538684,0.94992,25.0527,"overall IN (3,4)"
1875,0.073033,0,0.47369,0.515864,post_filter,False,0.8738,0.9,0.565395,0.47369,0.520817,25.2283,brand='Tiffen'
1876,0.859249,20,0.414948,0.839808,post_filter,False,0.4545,1.0,0.984849,0.414948,0.854312,24.8992,overall>=3.0
1877,0.7886,19,0.38742,0.930556,post_filter,False,0.9069,1.0,0.969769,0.38742,0.934477,24.8645,overall>=4.0
1878,0.12068,1,0.322083,0.60022,post_filter,False,1.1128,0.8,0.172682,0.322083,0.557466,24.943,"main_cat IN ('Camera &amp; Photo', 'Cell Phones &amp; Accessories', 'Tools & Home Improvement')"
1879,0.050727,0,0.47369,0.520817,post_filter,False,0.4832,0.8,0.176446,0.47369,0.48638,25.0765,"main_cat IN ('Computers', 'Tools & Home Improvement')"
1880,0.906777,21,1.0,0.86854,post_filter,True,0.7517,0.9,0.567765,1.0,0.838463,25.1236,overall>=2.0
1881,0.270385,5,0.357098,0.791415,post_filter,False,0.588,1.0,0.9804,0.357098,0.810313,25.1112,"main_cat IN ('Home Audio & Theater', 'Books', 'Tools & Home Improvement')"
1882,0.751008,19,0.38742,0.934477,post_filter,False,0.6471,1.0,0.978429,0.38742,0.938873,24.9352,"overall IN (1,2,5)"
1883,0.12068,1,0.322083,0.557466,post_filter,False,1.0119,0.9,0.562713,0.322083,0.557991,25.217,"main_cat IN ('Camera &amp; Photo', 'Cell Phones &amp; Accessories', 'Tools & Home Improvement')"
1884,0.774129,19,0.38742,0.938873,post_filter,False,0.9066,1.0,0.969781,0.38742,0.941963,25.1617,"overall IN (1,3,5)"
1885,0.859249,20,0.414948,0.854312,post_filter,False,0.948,1.0,0.968399,0.414948,0.865721,24.9172,overall>=3.0
1886,0.160682,1,0.322083,0.557991,post_filter,False,0.9265,1.0,0.969117,0.322083,0.599104,25.3775,"main_cat IN ('Camera & Photo', 'Computers')"
1887,0.952472,21,1.0,0.838463,post_filter,True,0.8785,1.0,0.970715,1.0,0.851688,24.8715,"overall IN (1,3,4,5)"
1888,0.821657,20,0.414948,0.865721,post_filter,False,0.556,1.0,0.981467,0.414948,0.877295,25.367,"overall IN (1,2,3,5)"
1889,0.210713,2,0.324357,0.721345,post_filter,False,0.4892,0.9,0.572861,0.324357,0.706497,25.1452,"main_cat IN ('Camera & Photo', 'Camera &amp; Photo')"
1890,0.658182,18,0.433246,0.937682,post_filter,False,0.8446,1.0,0.971847,0.433246,0.941098,25.1421,verified=true AND overall>=3.0
1891,0.160682,1,0.322083,0.599104,post_filter,False,1.116,0.7,0.045424,0.322083,0.543736,25.4612,"main_cat IN ('Camera & Photo', 'Computers')"
1892,0.680906,18,0.433246,0.941098,post_filter,False,0.8241,0.6,0.009822,0.433246,0.84797,25.1728,"overall IN (3,5)"
1893,0.160682,1,0.322083,0.543736,post_filter,False,0.9015,1.0,0.969949,0.322083,0.586357,24.9881,"main_cat IN ('Camera & Photo', 'Computers')"
1894,0.270385,5,0.357098,0.810313,post_filter,False,0.853,1.0,0.971567,0.357098,0.826439,25.0983,"main_cat IN ('Home Audio & Theater', 'Books', 'Tools & Home Improvement')"
1895,0.680906,18,0.433246,0.84797,post_filter,False,0.802,1.0,0.973267,0.433246,0.8605,24.9784,"overall IN (3,5)"
1896,0.339351,8,0.531441,0.884507,post_filter,False,0.7245,1.0,0.975849,0.531441,0.893641,25.2513,"main_cat IN ('Home Audio & Theater', 'Camera &amp; Photo', 'Sports & Outdoors')"
1897,0.389743,11,0.553392,0.815416,post_filter,False,0.7861,1.0,0.973797,0.553392,0.831254,25.3574,overall<=4.0
1898,0.210713,2,0.324357,0.706497,post_filter,False,0.9047,0.9,0.564795,0.324357,0.692326,25.3285,"main_cat IN ('Camera & Photo', 'Camera &amp; Photo')"
1899,0.859249,20,0.414948,0.877295,post_filter,False,0.711,1.0,0.976301,0.414948,0.887196,25.1496,overall>=3.0
1900,0.319094,7,0.418156,0.881551,post_filter,False,1.044,1.0,0.965201,0.418156,0.889916,25.0818,"overall IN (1,2,4)"
1901,0.751008,19,0.38742,0.941963,post_filter,False,0.6158,1.0,0.979472,0.38742,0.945714,24.8555,"overall IN (1,2,5)"
1902,0.160682,1,0.322083,0.586357,post_filter,False,0.7212,1.0,0.975958,0.322083,0.625317,25.405,"main_cat IN ('Camera & Photo', 'Computers')"
1903,0.160682,1,0.322083,0.625317,post_filter,False,0.8327,1.0,0.972244,0.322083,0.66001,25.0375,"main_cat IN ('Camera & Photo', 'Computers')"
1904,0.751008,19,0.38742,0.945714,post_filter,False,0.9974,1.0,0.966753,0.38742,0.947818,25.0206,"overall IN (1,2,5)"
1905,0.774129,19,0.38742,0.947818,post_filter,False,0.8572,1.0,0.971425,0.38742,0.950179,25.2141,"overall IN (1,3,5)"
1906,0.339351,8,0.531441,0.893641,post_filter,False,0.8149,1.0,0.972836,0.531441,0.90156,25.2686,"main_cat IN ('Home Audio & Theater', 'Camera &amp; Photo', 'Sports & Outdoors')"
1907,0.319094,7,0.418156,0.889916,post_filter,False,0.7055,1.0,0.976482,0.418156,0.898573,25.4148,"overall IN (1,2,4)"
1908,0.050727,0,0.47369,0.48638,post_filter,False,1.2482,0.8,0.171873,0.47369,0.454929,25.309,"main_cat IN ('Computers', 'Tools & Home Improvement')"
1909,0.821657,20,0.414948,0.887196,post_filter,False,0.8875,1.0,0.970415,0.414948,0.895518,26.4647,"overall IN (1,2,3,5)"
1910,0.728433,19,0.38742,0.950179,post_filter,False,1.4483,1.0,0.951722,0.38742,0.950333,31.8164,"overall IN (2,3,5)"
1911,0.929351,21,1.0,0.851688,post_filter,True,0.5478,1.0,0.981739,1.0,0.864693,24.9366,"overall IN (1,2,4,5)"
1912,0.180604,1,0.322083,0.66001,post_filter,False,0.8382,0.9,0.566085,0.322083,0.650617,25.0107,"main_cat IN ('Camera & Photo', 'Computers', 'Cell Phones &amp; Accessories')"
1913,0.389743,11,0.553392,0.831254,post_filter,False,0.739,1.0,0.975365,0.553392,0.845665,25.0778,overall<=4.0
1914,0.70348,19,0.38742,0.950333,post_filter,False,0.562,1.0,0.981268,0.38742,0.953427,25.127,"overall IN (1,5)"
1915,0.339351,8,0.531441,0.90156,post_filter,False,0.743,1.0,0.975235,0.531441,0.908928,25.2977,"main_cat IN ('Home Audio & Theater', 'Camera &amp; Photo', 'Sports & Outdoors')"
1916,0.319094,7,0.418156,0.898573,post_filter,False,0.9937,1.0,0.966875,0.418156,0.905403,24.9554,"overall IN (1,2,4)"
1917,0.050727,0,0.47369,0.454929,pre_filter,False,1.9917,0.9,0.543695,0.48069,0.454929,25.2764,"main_cat IN ('Computers', 'Tools & Home Improvement')"
1918,0.7886,19,0.38742,0.953427,post_filter,False,0.7545,1.0,0.97485,0.38742,0.955569,25.2193,overall>=4.0
1919,0.180604,1,0.322083,0.650617,post_filter,False,0.8415,1.0,0.97195,0.322083,0.682751,25.118,"main_cat IN ('Camera & Photo', 'Computers', 'Cell Phones &amp; Accessories')"
1920,0.180604,1,0.322083,0.682751,post_filter,False,0.7729,1.0,0.974238,0.322083,0.711899,25.2595,"main_cat IN ('Camera & Photo', 'Computers', 'Cell Phones &amp; Accessories')"
1921,0.230635,3,0.406398,0.813098,post_filter,False,0.7155,1.0,0.97615,0.406398,0.829403,25.1455,"main_cat IN ('Camera & Photo', 'Camera &amp; Photo', 'Cell Phones &amp; Accessories')"
1922,0.836128,20,0.414948,0.895518,post_filter,False,0.606,1.0,0.9798,0.414948,0.903946,25.3229,"overall IN (2,4,5)"
1923,0.7886,19,0.38742,0.955569,post_filter,False,0.6649,1.0,0.977836,0.38742,0.957796,25.1937,overall>=4.0
1924,0.859249,20,0.414948,0.903946,post_filter,False,0.7519,1.0,0.974936,0.414948,0.911045,24.9757,overall>=3.0
1925,0.859249,20,0.414948,0.911045,post_filter,False,0.8825,1.0,0.970582,0.414948,0.916999,24.9801,overall>=3.0
1926,0.092237,0,0.48069,0.454929,pre_filter,False,13.298,1.0,0.556733,0.488294,0.454929,25.168,main_cat='Home Audio &amp; Theater' AND overall>=3.0
1927,0.70348,19,0.38742,0.957796,post_filter,False,0.8706,1.0,0.970981,0.38742,0.959114,25.0795,"overall IN (1,5)"
1928,0.12068,1,0.322083,0.711899,post_filter,False,0.5805,1.0,0.980651,0.322083,0.738775,25.278,"main_cat IN ('Camera &amp; Photo', 'Cell Phones &amp; Accessories', 'Tools & Home Improvement')"
1929,0.859249,20,0.414948,0.916999,post_filter,False,0.8247,1.0,0.97251,0.414948,0.92255,24.9866,overall>=3.0
1930,0.906777,21,1.0,0.864693,post_filter,True,0.8985,1.0,0.970051,1.0,0.875229,25.0404,overall>=2.0
1931,0.680906,18,0.433246,0.8605,post_filter,False,0.7862,1.0,0.973793,0.433246,0.871829,25.0978,"overall IN (3,5)"
1932,0.160682,1,0.322083,0.738775,post_filter,False,0.7955,1.0,0.973485,0.322083,0.762246,25.1173,"main_cat IN ('Camera & Photo', 'Computers')"
1933,0.300422,7,0.418156,0.905403,post_filter,False,0.7344,1.0,0.975521,0.418156,0.912415,25.1647,"main_cat IN ('All Electronics', 'Books', 'Sports & Outdoors')"
1934,0.270385,5,0.357098,0.826439,post_filter,False,0.9625,1.0,0.967918,0.357098,0.840587,25.2087,"main_cat IN ('Home Audio & Theater', 'Books', 'Tools & Home Improvement')"
1935,0.180604,1,0.322083,0.762246,post_filter,False,0.7643,1.0,0.974522,0.322083,0.783473,25.2714,"main_cat IN ('Camera & Photo', 'Computers', 'Cell Phones &amp; Accessories')"
1936,0.389743,11,0.553392,0.845665,post_filter,False,0.8035,1.0,0.973217,0.553392,0.858421,25.0345,overall<=4.0
1937,0.12068,1,0.322083,0.783473,post_filter,False,0.5973,1.0,0.98009,0.322083,0.803135,25.2222,"main_cat IN ('Camera &amp; Photo', 'Cell Phones &amp; Accessories', 'Tools & Home Improvement')"
1938,0.230635,3,0.406398,0.829403,post_filter,False,0.8875,1.0,0.970417,0.406398,0.843505,24.935,"main_cat IN ('Camera & Photo', 'Camera &amp; Photo', 'Cell Phones &amp; Accessories')"
1939,0.774129,19,0.38742,0.959114,post_filter,False,0.8342,1.0,0.972193,0.38742,0.960422,25.291,"overall IN (1,3,5)"
1940,0.906777,21,1.0,0.875229,post_filter,True,0.7327,1.0,0.975576,1.0,0.885264,24.9431,overall>=2.0
1941,0.610257,18,0.433246,0.871829,post_filter,False,0.9447,1.0,0.96851,0.433246,0.881497,25.3258,overall>=5.0
1942,0.658182,18,0.433246,0.881497,post_filter,False,0.9592,1.0,0.968026,0.433246,0.89015,24.8238,verified=true AND overall>=3.0
1943,0.751008,19,0.38742,0.960422,post_filter,False,0.8577,1.0,0.971408,0.38742,0.961521,24.9517,"overall IN (1,2,5)"
1944,0.270385,5,0.357098,0.840587,post_filter,False,0.8605,1.0,0.971315,0.357098,0.853659,25.2367,"main_cat IN ('Home Audio & Theater', 'Books', 'Tools & Home Improvement')"
1945,0.728433,19,0.38742,0.961521,post_filter,False,0.7215,1.0,0.97595,0.38742,0.962964,25.1436,"overall IN (2,3,5)"
1946,0.319094,7,0.418156,0.912415,post_filter,False,0.6076,1.0,0.979747,0.418156,0.919148,25.1398,"overall IN (1,2,4)"
1947,0.728433,19,0.38742,0.962964,post_filter,False,0.9331,1.0,0.968897,0.38742,0.963557,25.1737,"overall IN (2,3,5)"
1948,0.319094,7,0.418156,0.919148,post_filter,False,0.8653,1.0,0.971157,0.418156,0.924349,25.3576,"overall IN (1,2,4)"
1949,0.70348,19,0.38742,0.963557,post_filter,False,0.8513,1.0,0.971624,0.38742,0.964364,25.7623,"overall IN (1,5)"
1950,0.12068,1,0.322083,0.803135,post_filter,False,0.4632,1.0,0.984561,0.322083,0.821278,25.8371,"main_cat IN ('Camera &amp; Photo', 'Cell Phones &amp; Accessories', 'Tools & Home Improvement')"
1951,0.300422,7,0.418156,0.924349,post_filter,False,0.9385,1.0,0.968717,0.418156,0.928786,25.3968,"main_cat IN ('All Electronics', 'Books', 'Sports & Outdoors')"
1952,0.300422,7,0.418156,0.928786,post_filter,False,0.6668,1.0,0.977774,0.418156,0.933685,24.9824,"main_cat IN ('All Electronics', 'Books', 'Sports & Outdoors')"
1953,0.906777,21,1.0,0.885264,post_filter,True,0.3965,0.9,0.57466,1.0,0.854203,25.3945,overall>=2.0
1954,0.389743,11,0.553392,0.858421,post_filter,False,0.9109,1.0,0.969636,0.553392,0.869542,24.8629,overall<=4.0
1955,0.728433,19,0.38742,0.964364,post_filter,False,0.9302,1.0,0.968994,0.38742,0.964827,24.9533,"overall IN (2,3,5)"
1956,0.160682,1,0.322083,0.821278,post_filter,False,1.3473,0.6,0.009645,0.322083,0.740114,25.696,"main_cat IN ('Camera & Photo', 'Computers')"
1957,0.881823,20,0.414948,0.92255,post_filter,False,0.3018,0.7,0.046704,0.414948,0.834965,24.9731,"overall IN (1,4,5)"
1958,0.774129,19,0.38742,0.964827,post_filter,False,0.7624,1.0,0.974586,0.38742,0.965803,24.9894,"overall IN (1,3,5)"
1959,0.7886,19,0.38742,0.965803,post_filter,False,0.8494,1.0,0.971686,0.38742,0.966391,25.1001,overall>=4.0
1960,0.859249,20,0.414948,0.834965,post_filter,False,0.7752,1.0,0.97416,0.414948,0.848885,25.1002,overall>=3.0
1961,0.248992,4,0.538684,0.94992,post_filter,False,1.0315,1.0,0.965615,0.538684,0.95149,25.1186,"overall IN (3,4)"
1962,0.952472,21,1.0,0.854203,post_filter,True,0.7485,1.0,0.975051,1.0,0.866288,25.1893,"overall IN (1,3,4,5)"
1963,0.728433,19,0.38742,0.966391,post_filter,False,0.7776,1.0,0.974079,0.38742,0.96716,25.2835,"overall IN (2,3,5)"
1964,0.70348,19,0.38742,0.96716,post_filter,False,0.2693,0.0,0.0,0.38742,0.870444,25.4015,"overall IN (1,5)"
1965,0.092237,0,0.488294,0.454929,post_filter,False,0.9344,1.0,0.968853,0.488294,0.506322,24.9673,main_cat='Home Audio &amp; Theater' AND overall>=3.0
1966,0.774129,19,0.38742,0.870444,post_filter,False,0.8147,1.0,0.972843,0.38742,0.880684,25.2635,"overall IN (1,3,5)"
1967,0.140751,1,0.322083,0.740114,post_filter,False,0.9122,1.0,0.969593,0.322083,0.763062,25.0357,overall<=2.0
1968,0.270385,5,0.357098,0.853659,post_filter,False,0.8103,1.0,0.972989,0.357098,0.865592,25.1593,"main_cat IN ('Home Audio & Theater', 'Books', 'Tools & Home Improvement')"
1969,0.12068,1,0.322083,0.763062,post_filter,False,1.0286,1.0,0.965714,0.322083,0.783327,25.3247,"main_cat IN ('Camera &amp; Photo', 'Cell Phones &amp; Accessories', 'Tools & Home Improvement')"
1970,0.210713,2,0.324357,0.692326,post_filter,False,1.2342,0.7,0.045238,0.324357,0.627618,25.2524,"main_cat IN ('Camera & Photo', 'Camera &amp; Photo')"
1971,0.248992,4,0.538684,0.95149,post_filter,False,0.8883,1.0,0.970392,0.538684,0.95338,25.084,"overall IN (3,4)"
1972,0.12068,1,0.322083,0.783327,post_filter,False,1.0515,0.9,0.561944,0.322083,0.761189,25.1981,"main_cat IN ('Camera &amp; Photo', 'Cell Phones &amp; Accessories', 'Tools & Home Improvement')"
1973,0.160682,1,0.322083,0.761189,post_filter,False,0.8876,0.8,0.174028,0.322083,0.702473,25.3505,"main_cat IN ('Camera & Photo', 'Computers')"
1974,0.300422,7,0.418156,0.933685,post_filter,False,0.9447,1.0,0.96851,0.418156,0.937167,25.5352,"main_cat IN ('All Electronics', 'Books', 'Sports & Outdoors')"
1975,0.7886,19,0.38742,0.880684,post_filter,False,1.046,1.0,0.965132,0.38742,0.889129,25.5309,overall>=4.0
1976,0.140751,1,0.322083,0.702473,post_filter,False,1.114,0.7,0.045427,0.322083,0.636768,25.3119,overall<=2.0
1977,0.658182,18,0.433246,0.89015,post_filter,False,0.799,1.0,0.973367,0.433246,0.898472,24.8401,verified=true AND overall>=3.0
1978,0.319094,7,0.418156,0.937167,post_filter,False,0.8133,1.0,0.972889,0.418156,0.940739,24.848,"overall IN (1,2,4)"
1979,0.339351,8,0.531441,0.908928,post_filter,False,0.7459,1.0,0.975138,0.531441,0.915549,24.9247,"main_cat IN ('Home Audio & Theater', 'Camera &amp; Photo', 'Sports & Outdoors')"
1980,0.728433,19,0.38742,0.889129,post_filter,False,0.823,1.0,0.972568,0.38742,0.897473,24.8658,"overall IN (2,3,5)"
1981,0.140751,1,0.322083,0.636768,post_filter,False,1.343,0.1,0.0,0.322083,0.573092,26.4259,overall<=2.0
1982,0.70348,19,0.38742,0.897473,post_filter,False,0.7894,1.0,0.973686,0.38742,0.905094,24.9281,"overall IN (1,5)"
1983,0.319094,7,0.418156,0.940739,post_filter,False,0.8432,1.0,0.971892,0.418156,0.943855,24.8771,"overall IN (1,2,4)"
1984,0.339351,8,0.531441,0.915549,post_filter,False,0.749,1.0,0.975035,0.531441,0.921497,24.7968,"main_cat IN ('Home Audio & Theater', 'Camera &amp; Photo', 'Sports & Outdoors')"
1985,0.160682,1,0.322083,0.573092,post_filter,False,0.9239,1.0,0.969203,0.322083,0.612703,24.8931,"main_cat IN ('Camera & Photo', 'Computers')"
1986,0.610257,18,0.433246,0.898472,post_filter,False,0.7423,1.0,0.975256,0.433246,0.90615,24.9868,overall>=5.0
1987,0.751008,19,0.38742,0.905094,post_filter,False,0.6594,1.0,0.978019,0.38742,0.912386,25.178,"overall IN (1,2,5)"
1988,0.680906,18,0.433246,0.90615,post_filter,False,0.9,1.0,0.969999,0.433246,0.912535,24.995,"overall IN (3,5)"
1989,0.7886,19,0.38742,0.912386,post_filter,False,0.6727,1.0,0.977576,0.38742,0.918905,25.0605,overall>=4.0
1990,0.952472,21,1.0,0.866288,post_filter,True,0.8205,1.0,0.97265,1.0,0.876924,25.0233,"overall IN (1,3,4,5)"
1991,0.751008,19,0.38742,0.918905,post_filter,False,0.7897,1.0,0.973678,0.38742,0.924383,24.9174,"overall IN (1,2,5)"
1992,0.952472,21,1.0,0.876924,post_filter,True,0.3672,1.0,0.987761,1.0,0.888008,24.9675,"overall IN (1,3,4,5)"
1993,0.160682,1,0.322083,0.612703,post_filter,False,0.4528,1.0,0.984907,0.322083,0.649923,24.9806,"main_cat IN ('Camera & Photo', 'Computers')"
1994,0.680906,18,0.433246,0.912535,post_filter,False,0.6646,1.0,0.977847,0.433246,0.919066,24.9525,"overall IN (3,5)"
1995,0.160682,1,0.322083,0.649923,post_filter,False,0.8971,0.9,0.564943,0.322083,0.641425,24.9667,"main_cat IN ('Camera & Photo', 'Computers')"
1996,0.610257,18,0.433246,0.919066,post_filter,False,1.013,1.0,0.966235,0.433246,0.923783,25.0507,overall>=5.0
1997,0.248992,4,0.538684,0.95338,post_filter,False,0.6683,1.0,0.977722,0.538684,0.955814,25.318,"overall IN (3,4)"
1998,0.140751,1,0.322083,0.641425,post_filter,False,0.6876,1.0,0.977081,0.322083,0.674991,25.1751,overall<=2.0
1999,0.160682,1,0.322083,0.674991,post_filter,False,0.8353,1.0,0.972157,0.322083,0.704707,25.2684,"main_cat IN ('Camera & Photo', 'Computers')"
2000,0.270385,5,0.357098,0.865592,post_filter,False,0.9923,0.9,0.563094,0.357098,0.835343,25.0731,"main_cat IN ('Home Audio & Theater', 'Books', 'Tools & Home Improvement')"
