episode,selectivity,bucket_id,q_pre_before,q_post_before,chosen_strategy,was_guardrail,latency_ms,recall,reward,q_pre_after,q_post_after,gt_latency_ms,filter_name
1,0.859249,20,1.0,1.0,post_filter,False,1.0422,1.0,0.96526,1.0,0.996526,24.7852,overall>=3.0
2,0.728433,19,1.0,1.0,post_filter,False,1.0508,1.0,0.964974,1.0,0.996497,25.7816,"overall IN (2,3,5)"
3,0.140751,1,1.0,1.0,post_filter,False,1.3362,0.3,9e-06,1.0,0.900001,26.7466,overall<=2.0
4,0.906777,21,1.0,1.0,post_filter,True,0.8251,1.0,0.972497,1.0,0.99725,25.46,overall>=2.0
5,0.230635,3,1.0,1.0,pre_filter,False,38.7892,1.0,0.0,0.9,1.0,25.1099,"main_cat IN ('Camera & Photo', 'Camera &amp; Photo', 'Cell Phones &amp; Accessories')"
6,0.073033,0,1.0,1.0,pre_filter,False,10.776,0.5,0.001045,0.900105,1.0,26.1445,brand='Tiffen'
7,0.751008,19,1.0,0.996497,pre_filter,False,94.9954,1.0,0.0,0.9,0.996497,24.92,"overall IN (1,2,5)"
8,0.610257,18,1.0,1.0,pre_filter,False,58.1951,1.0,0.0,0.9,1.0,24.8131,overall>=5.0
9,0.906777,21,1.0,0.99725,post_filter,True,0.9354,1.0,0.968819,1.0,0.994407,24.7241,overall>=2.0
10,0.300422,7,1.0,1.0,pre_filter,False,52.6181,1.0,0.0,0.9,1.0,24.7339,"main_cat IN ('All Electronics', 'Books', 'Sports & Outdoors')"
11,0.680906,18,0.9,1.0,post_filter,False,0.8598,1.0,0.97134,0.9,0.997134,24.8031,"overall IN (3,5)"
12,0.952472,21,1.0,0.994407,post_filter,True,0.8384,1.0,0.972054,1.0,0.992171,24.7485,"overall IN (1,3,4,5)"
13,0.12068,1,1.0,0.900001,post_filter,False,0.9725,0.9,0.563479,1.0,0.866349,24.8141,"main_cat IN ('Camera &amp; Photo', 'Cell Phones &amp; Accessories', 'Tools & Home Improvement')"
14,0.7886,19,0.9,0.996497,pre_filter,False,53.2277,1.0,0.0,0.81,0.996497,24.722,overall>=4.0
15,0.906777,21,1.0,0.992171,post_filter,True,0.5744,1.0,0.980853,1.0,0.99104,24.7138,overall>=2.0
16,0.658182,18,0.9,0.997134,pre_filter,False,17.9388,1.0,0.402039,0.850204,0.997134,24.9344,verified=true AND overall>=3.0
17,0.906777,21,1.0,0.99104,post_filter,True,0.846,1.0,0.971801,1.0,0.989116,24.8105,overall>=2.0
18,0.12068,1,1.0,0.866349,post_filter,False,0.7063,1.0,0.976458,1.0,0.87736,24.7587,"main_cat IN ('Camera &amp; Photo', 'Cell Phones &amp; Accessories', 'Tools & Home Improvement')"
19,0.248992,4,1.0,1.0,post_filter,False,0.831,1.0,0.972299,1.0,0.99723,24.5563,"overall IN (3,4)"
20,0.092237,0,0.900105,1.0,post_filter,False,0.9054,1.0,0.969819,0.900105,0.996982,24.5667,main_cat='Home Audio &amp; Theater' AND overall>=3.0
21,0.836128,20,1.0,0.996526,pre_filter,False,41.2039,1.0,0.0,0.9,0.996526,24.5095,"overall IN (2,4,5)"
22,0.160682,1,1.0,0.87736,post_filter,False,0.7689,0.9,0.567431,1.0,0.846367,25.0095,"main_cat IN ('Camera & Photo', 'Computers')"
23,0.230635,3,0.9,1.0,post_filter,False,0.6778,1.0,0.977407,0.9,0.997741,24.7579,"main_cat IN ('Camera & Photo', 'Camera &amp; Photo', 'Cell Phones &amp; Accessories')"
24,0.389743,11,1.0,1.0,pre_filter,False,40.3378,1.0,0.0,0.9,1.0,25.2488,overall<=4.0
25,0.929351,21,1.0,0.989116,post_filter,True,0.9153,1.0,0.969489,1.0,0.987153,24.138,"overall IN (1,2,4,5)"
26,0.658182,18,0.850204,0.997134,post_filter,False,0.2942,0.6,0.01,0.850204,0.898421,24.6845,verified=true AND overall>=3.0
27,0.140751,1,1.0,0.846367,pre_filter,False,22.7595,0.8,0.043282,0.904328,0.846367,24.571,overall<=2.0
28,0.881823,20,0.9,0.996526,post_filter,False,0.8091,1.0,0.973031,0.9,0.994176,24.9565,"overall IN (1,4,5)"
29,0.339351,8,1.0,1.0,pre_filter,False,44.2804,1.0,0.0,0.9,1.0,24.6013,"main_cat IN ('Home Audio & Theater', 'Camera &amp; Photo', 'Sports & Outdoors')"
30,0.092237,0,0.900105,0.996982,pre_filter,False,7.2135,1.0,0.759551,0.886049,0.996982,24.8899,main_cat='Home Audio &amp; Theater' AND overall>=3.0
31,0.952472,21,1.0,0.987153,post_filter,True,0.4245,0.0,0.0,1.0,0.888438,24.7838,"overall IN (1,3,4,5)"
32,0.210713,2,1.0,1.0,pre_filter,False,31.387,0.7,0.0,0.9,1.0,24.9214,"main_cat IN ('Camera & Photo', 'Camera &amp; Photo')"
33,0.881823,20,0.9,0.994176,post_filter,False,0.6675,1.0,0.977749,0.9,0.992534,25.0948,"overall IN (1,4,5)"
34,0.389743,11,0.9,1.0,post_filter,False,0.4902,1.0,0.98366,0.9,0.998366,25.0781,overall<=4.0
35,0.929351,21,1.0,0.888438,post_filter,True,0.7614,1.0,0.974619,1.0,0.897056,24.9903,"overall IN (1,2,4,5)"
36,0.300422,7,0.9,1.0,post_filter,False,0.8405,1.0,0.971985,0.9,0.997198,24.193,"main_cat IN ('All Electronics', 'Books', 'Sports & Outdoors')"
37,0.952472,21,1.0,0.897056,post_filter,True,0.6766,1.0,0.977446,1.0,0.905095,24.5424,"overall IN (1,3,4,5)"
38,0.050727,0,0.886049,0.996982,post_filter,False,0.7114,1.0,0.976288,0.886049,0.994912,24.7247,"main_cat IN ('Computers', 'Tools & Home Improvement')"
39,0.339351,8,0.9,1.0,post_filter,False,1.081,1.0,0.963965,0.9,0.996397,24.4601,"main_cat IN ('Home Audio & Theater', 'Camera &amp; Photo', 'Sports & Outdoors')"
40,0.073033,0,0.886049,0.994912,pre_filter,False,5.6152,1.0,0.812828,0.878727,0.994912,24.8327,brand='Tiffen'
41,0.319094,7,0.9,0.997198,post_filter,False,1.0383,0.9,0.562202,0.9,0.953699,24.6272,"overall IN (1,2,4)"
42,0.658182,18,0.850204,0.898421,pre_filter,False,51.6588,1.0,0.0,0.765184,0.898421,24.8972,verified=true AND overall>=3.0
43,0.300422,7,0.9,0.953699,post_filter,False,0.8449,1.0,0.971836,0.9,0.955513,24.7809,"main_cat IN ('All Electronics', 'Books', 'Sports & Outdoors')"
44,0.210713,2,0.9,1.0,post_filter,False,0.4938,0.9,0.572772,0.9,0.957277,24.8094,"main_cat IN ('Camera & Photo', 'Camera &amp; Photo')"
45,0.319094,7,0.9,0.955513,post_filter,False,0.6453,1.0,0.978492,0.9,0.95781,25.0708,"overall IN (1,2,4)"
46,0.092237,0,0.878727,0.994912,post_filter,False,0.893,1.0,0.970232,0.878727,0.992444,24.5935,main_cat='Home Audio &amp; Theater' AND overall>=3.0
47,0.300422,7,0.9,0.95781,post_filter,False,0.7891,1.0,0.973696,0.9,0.959399,24.9455,"main_cat IN ('All Electronics', 'Books', 'Sports & Outdoors')"
48,0.210713,2,0.9,0.957277,post_filter,False,0.2956,0.0,0.0,0.9,0.861549,24.8595,"main_cat IN ('Camera & Photo', 'Camera &amp; Photo')"
49,0.050727,0,0.878727,0.992444,post_filter,False,1.0562,1.0,0.964794,0.878727,0.989679,25.3361,"main_cat IN ('Computers', 'Tools & Home Improvement')"
50,0.270385,5,1.0,1.0,pre_filter,False,14.7682,1.0,0.507728,0.950773,1.0,24.755,"main_cat IN ('Home Audio & Theater', 'Books', 'Tools & Home Improvement')"
51,0.952472,21,1.0,0.905095,post_filter,True,0.7864,0.9,0.567091,1.0,0.871295,24.8591,"overall IN (1,3,4,5)"
52,0.12068,1,0.904328,0.846367,post_filter,False,1.2227,1.0,0.959244,0.904328,0.857655,25.7502,"main_cat IN ('Camera &amp; Photo', 'Cell Phones &amp; Accessories', 'Tools & Home Improvement')"
53,0.881823,20,0.9,0.992534,pre_filter,False,69.3435,1.0,0.0,0.81,0.992534,24.5409,"overall IN (1,4,5)"
54,0.7886,19,0.81,0.996497,post_filter,False,0.9273,1.0,0.96909,0.81,0.993757,24.8483,overall>=4.0
55,0.751008,19,0.81,0.993757,post_filter,False,1.0282,1.0,0.965726,0.81,0.990954,24.5067,"overall IN (1,2,5)"
56,0.270385,5,0.950773,1.0,post_filter,False,0.8189,0.6,0.009823,0.950773,0.900982,24.8662,"main_cat IN ('Home Audio & Theater', 'Books', 'Tools & Home Improvement')"
57,0.859249,20,0.81,0.992534,post_filter,False,0.7632,1.0,0.97456,0.81,0.990736,24.6436,overall>=3.0
58,0.140751,1,0.904328,0.857655,pre_filter,False,20.1226,0.2,0.0,0.813895,0.857655,27.0723,overall<=2.0
59,0.140751,1,0.813895,0.857655,post_filter,False,0.8936,1.0,0.970214,0.813895,0.868911,24.5682,overall<=2.0
60,0.073033,0,0.878727,0.989679,post_filter,False,1.1794,0.7,0.045324,0.878727,0.895244,24.9965,brand='Tiffen'
61,0.248992,4,1.0,0.99723,pre_filter,False,35.7489,1.0,0.0,0.9,0.99723,24.4292,"overall IN (3,4)"
62,0.952472,21,1.0,0.871295,post_filter,True,0.7924,1.0,0.973587,1.0,0.881524,24.5172,"overall IN (1,3,4,5)"
63,0.881823,20,0.81,0.990736,post_filter,False,0.953,1.0,0.968232,0.81,0.988486,24.7351,"overall IN (1,4,5)"
64,0.610257,18,0.765184,0.898421,pre_filter,False,84.4415,1.0,0.0,0.688665,0.898421,25.0177,overall>=5.0
65,0.7886,19,0.81,0.990954,post_filter,False,0.447,1.0,0.985101,0.81,0.990368,24.9018,overall>=4.0
66,0.881823,20,0.81,0.988486,post_filter,False,0.7079,1.0,0.976404,0.81,0.987278,24.8352,"overall IN (1,4,5)"
67,0.140751,1,0.813895,0.868911,post_filter,False,0.8571,0.2,0.0,0.813895,0.78202,27.0745,overall<=2.0
68,0.836128,20,0.81,0.987278,post_filter,False,0.8908,1.0,0.970306,0.81,0.98558,25.0776,"overall IN (2,4,5)"
69,0.7886,19,0.81,0.990368,post_filter,False,0.7392,0.9,0.568007,0.81,0.948132,24.5035,overall>=4.0
70,0.610257,18,0.688665,0.898421,post_filter,False,0.9651,1.0,0.967831,0.688665,0.905362,24.6888,overall>=5.0
71,0.389743,11,0.9,0.998366,post_filter,False,0.8535,1.0,0.971551,0.9,0.995685,24.728,overall<=4.0
72,0.728433,19,0.81,0.948132,post_filter,False,0.5954,1.0,0.980154,0.81,0.951334,24.8632,"overall IN (2,3,5)"
73,0.050727,0,0.878727,0.895244,post_filter,False,0.8686,1.0,0.971047,0.878727,0.902824,24.8082,"main_cat IN ('Computers', 'Tools & Home Improvement')"
74,0.929351,21,1.0,0.881524,post_filter,True,0.8658,1.0,0.971139,1.0,0.890485,24.8353,"overall IN (1,2,4,5)"
75,0.092237,0,0.878727,0.902824,post_filter,False,0.4779,0.0,0.0,0.878727,0.812542,24.8003,main_cat='Home Audio &amp; Theater' AND overall>=3.0
76,0.050727,0,0.878727,0.812542,pre_filter,False,8.3268,1.0,0.722439,0.863098,0.812542,24.7416,"main_cat IN ('Computers', 'Tools & Home Improvement')"
77,0.230635,3,0.9,0.997741,pre_filter,False,38.5133,1.0,0.0,0.81,0.997741,24.6909,"main_cat IN ('Camera & Photo', 'Camera &amp; Photo', 'Cell Phones &amp; Accessories')"
78,0.180604,1,0.813895,0.78202,pre_filter,False,24.1125,1.0,0.196249,0.752131,0.78202,24.5773,"main_cat IN ('Camera & Photo', 'Computers', 'Cell Phones &amp; Accessories')"
79,0.881823,20,0.81,0.98558,post_filter,False,0.796,1.0,0.973467,0.81,0.984369,24.9343,"overall IN (1,4,5)"
80,0.140751,1,0.752131,0.78202,post_filter,False,0.8209,1.0,0.972636,0.752131,0.801081,24.4291,overall<=2.0
81,0.680906,18,0.688665,0.905362,post_filter,False,0.3541,1.0,0.988197,0.688665,0.913645,25.1111,"overall IN (3,5)"
82,0.821657,20,0.81,0.984369,post_filter,False,0.9463,1.0,0.968457,0.81,0.982778,24.1696,"overall IN (1,2,3,5)"
83,0.728433,19,0.81,0.951334,post_filter,False,0.9145,1.0,0.969517,0.81,0.953153,24.9274,"overall IN (2,3,5)"
84,0.658182,18,0.688665,0.913645,post_filter,False,0.8526,1.0,0.971579,0.688665,0.919439,24.4546,verified=true AND overall>=3.0
85,0.339351,8,0.9,0.996397,post_filter,False,0.2997,0.0,0.0,0.9,0.896757,25.0255,"main_cat IN ('Home Audio & Theater', 'Camera &amp; Photo', 'Sports & Outdoors')"
86,0.12068,1,0.752131,0.801081,post_filter,False,0.9145,1.0,0.969517,0.752131,0.817925,24.697,"main_cat IN ('Camera &amp; Photo', 'Cell Phones &amp; Accessories', 'Tools & Home Improvement')"
87,0.836128,20,0.81,0.982778,post_filter,False,0.3634,1.0,0.987886,0.81,0.983289,25.8392,"overall IN (2,4,5)"
88,0.248992,4,0.9,0.99723,pre_filter,False,8.4195,1.0,0.719351,0.881935,0.99723,25.4395,"overall IN (3,4)"
89,0.210713,2,0.9,0.861549,pre_filter,False,30.7337,1.0,0.0,0.81,0.861549,25.3818,"main_cat IN ('Camera & Photo', 'Camera &amp; Photo')"
90,0.248992,4,0.881935,0.99723,post_filter,False,0.8173,1.0,0.972758,0.881935,0.994783,25.3812,"overall IN (3,4)"
91,0.12068,1,0.752131,0.817925,post_filter,False,1.2813,0.8,0.171675,0.752131,0.7533,25.6265,"main_cat IN ('Camera &amp; Photo', 'Cell Phones &amp; Accessories', 'Tools & Home Improvement')"
92,0.073033,0,0.863098,0.812542,pre_filter,False,13.6703,0.6,0.005497,0.777338,0.812542,25.4016,brand='Tiffen'
93,0.210713,2,0.81,0.861549,post_filter,False,1.1188,0.7,0.045419,0.81,0.779936,25.4335,"main_cat IN ('Camera & Photo', 'Camera &amp; Photo')"
94,0.339351,8,0.9,0.896757,pre_filter,False,47.0918,1.0,0.0,0.81,0.896757,25.3845,"main_cat IN ('Home Audio & Theater', 'Camera &amp; Photo', 'Sports & Outdoors')"
95,0.751008,19,0.81,0.953153,post_filter,False,0.866,1.0,0.971132,0.81,0.954951,24.8341,"overall IN (1,2,5)"
96,0.859249,20,0.81,0.983289,post_filter,False,1.0605,1.0,0.96465,0.81,0.981425,24.716,overall>=3.0
97,0.728433,19,0.81,0.954951,post_filter,False,0.9763,1.0,0.967457,0.81,0.956201,24.6354,"overall IN (2,3,5)"
98,0.389743,11,0.9,0.995685,post_filter,False,0.8125,1.0,0.972917,0.9,0.993408,24.7225,overall<=4.0
99,0.092237,0,0.777338,0.812542,post_filter,False,1.0066,1.0,0.966446,0.777338,0.827932,24.6176,main_cat='Home Audio &amp; Theater' AND overall>=3.0
100,0.12068,1,0.752131,0.7533,post_filter,False,0.9168,1.0,0.969439,0.752131,0.774914,35.3055,"main_cat IN ('Camera &amp; Photo', 'Cell Phones &amp; Accessories', 'Tools & Home Improvement')"
101,0.881823,20,0.81,0.981425,post_filter,False,1.0551,1.0,0.964829,0.81,0.979765,24.7525,"overall IN (1,4,5)"
102,0.929351,21,1.0,0.890485,post_filter,True,0.513,0.9,0.572398,1.0,0.858677,25.151,"overall IN (1,2,4,5)"
103,0.610257,18,0.688665,0.919439,post_filter,False,0.7245,1.0,0.975851,0.688665,0.92508,24.5705,overall>=5.0
104,0.728433,19,0.81,0.956201,pre_filter,False,64.2878,1.0,0.0,0.729,0.956201,24.6946,"overall IN (2,3,5)"
105,0.680906,18,0.688665,0.92508,post_filter,False,0.6945,0.9,0.568874,0.688665,0.889459,24.689,"overall IN (3,5)"
106,0.050727,0,0.777338,0.827932,post_filter,False,1.1548,0.1,0.0,0.777338,0.745139,25.1141,"main_cat IN ('Computers', 'Tools & Home Improvement')"
107,0.751008,19,0.729,0.956201,post_filter,False,0.7066,1.0,0.976446,0.729,0.958226,24.5439,"overall IN (1,2,5)"
108,0.658182,18,0.688665,0.889459,post_filter,False,1.002,1.0,0.9666,0.688665,0.897173,24.7562,verified=true AND overall>=3.0
109,0.70348,19,0.729,0.958226,post_filter,False,0.5763,1.0,0.98079,0.729,0.960482,24.8362,"overall IN (1,5)"
110,0.210713,2,0.81,0.779936,pre_filter,False,22.3787,1.0,0.254042,0.754404,0.779936,24.9875,"main_cat IN ('Camera & Photo', 'Camera &amp; Photo')"
111,0.7886,19,0.729,0.960482,post_filter,False,0.4783,1.0,0.984056,0.729,0.96284,25.0299,overall>=4.0
112,0.140751,1,0.752131,0.774914,post_filter,False,1.1183,1.0,0.962724,0.752131,0.793695,25.0545,overall<=2.0
113,0.248992,4,0.881935,0.994783,post_filter,False,0.9285,1.0,0.96905,0.881935,0.992209,25.264,"overall IN (3,4)"
114,0.339351,8,0.81,0.896757,post_filter,False,0.639,1.0,0.978699,0.81,0.904951,24.8665,"main_cat IN ('Home Audio & Theater', 'Camera &amp; Photo', 'Sports & Outdoors')"
115,0.050727,0,0.777338,0.745139,pre_filter,False,9.7403,1.0,0.675322,0.767137,0.745139,24.7209,"main_cat IN ('Computers', 'Tools & Home Improvement')"
116,0.728433,19,0.729,0.96284,post_filter,False,0.5711,1.0,0.980963,0.729,0.964652,24.9319,"overall IN (2,3,5)"
117,0.300422,7,0.9,0.959399,pre_filter,False,27.2966,1.0,0.090113,0.819011,0.959399,24.6925,"main_cat IN ('All Electronics', 'Books', 'Sports & Outdoors')"
118,0.210713,2,0.754404,0.779936,post_filter,False,1.1725,1.0,0.960917,0.754404,0.798034,24.8713,"main_cat IN ('Camera & Photo', 'Camera &amp; Photo')"
119,0.70348,19,0.729,0.964652,post_filter,False,0.7987,1.0,0.973375,0.729,0.965524,24.8657,"overall IN (1,5)"
120,0.339351,8,0.81,0.904951,pre_filter,False,42.9776,1.0,0.0,0.729,0.904951,24.7475,"main_cat IN ('Home Audio & Theater', 'Camera &amp; Photo', 'Sports & Outdoors')"
121,0.160682,1,0.752131,0.793695,post_filter,False,0.9826,1.0,0.967247,0.752131,0.81105,24.8095,"main_cat IN ('Camera & Photo', 'Computers')"
122,0.774129,19,0.729,0.965524,post_filter,False,0.9724,1.0,0.967586,0.729,0.96573,24.5722,"overall IN (1,3,5)"
123,0.774129,19,0.729,0.96573,post_filter,False,0.7896,1.0,0.973681,0.729,0.966525,24.6428,"overall IN (1,3,5)"
124,0.092237,0,0.767137,0.745139,pre_filter,False,15.0008,1.0,0.499975,0.74042,0.745139,24.8959,main_cat='Home Audio &amp; Theater' AND overall>=3.0
125,0.658182,18,0.688665,0.897173,pre_filter,False,30.0637,1.0,0.0,0.619799,0.897173,25.0589,verified=true AND overall>=3.0
126,0.300422,7,0.819011,0.959399,post_filter,False,0.7915,1.0,0.973615,0.819011,0.960821,25.0227,"main_cat IN ('All Electronics', 'Books', 'Sports & Outdoors')"
127,0.092237,0,0.74042,0.745139,post_filter,False,0.6921,1.0,0.976929,0.74042,0.768318,24.941,main_cat='Home Audio &amp; Theater' AND overall>=3.0
128,0.658182,18,0.619799,0.897173,post_filter,False,0.82,1.0,0.972667,0.619799,0.904723,24.5932,verified=true AND overall>=3.0
129,0.680906,18,0.619799,0.904723,post_filter,False,0.8612,1.0,0.971293,0.619799,0.91138,24.6515,"overall IN (3,5)"
130,0.658182,18,0.619799,0.91138,post_filter,False,0.6055,1.0,0.979815,0.619799,0.918223,24.8506,verified=true AND overall>=3.0
131,0.859249,20,0.81,0.979765,post_filter,False,0.8409,1.0,0.971971,0.81,0.978986,24.7053,overall>=3.0
132,0.658182,18,0.619799,0.918223,post_filter,False,0.7789,1.0,0.974038,0.619799,0.923805,24.7357,verified=true AND overall>=3.0
133,0.680906,18,0.619799,0.923805,post_filter,False,0.7577,1.0,0.974743,0.619799,0.928899,24.9397,"overall IN (3,5)"
134,0.050727,0,0.74042,0.768318,post_filter,False,0.4152,1.0,0.986158,0.74042,0.790102,24.9123,"main_cat IN ('Computers', 'Tools & Home Improvement')"
135,0.319094,7,0.819011,0.960821,post_filter,False,0.65,1.0,0.978333,0.819011,0.962572,24.8395,"overall IN (1,2,4)"
136,0.906777,21,1.0,0.858677,post_filter,True,0.822,1.0,0.972601,1.0,0.870069,24.6942,overall>=2.0
137,0.610257,18,0.619799,0.928899,post_filter,False,0.908,1.0,0.969732,0.619799,0.932982,24.5825,overall>=5.0
138,0.073033,0,0.74042,0.790102,post_filter,False,1.1541,0.8,0.172435,0.74042,0.728335,25.066,brand='Tiffen'
139,0.751008,19,0.729,0.966525,post_filter,False,0.36,0.9,0.575368,0.729,0.92741,24.7514,"overall IN (1,2,5)"
140,0.319094,7,0.819011,0.962572,pre_filter,False,35.319,1.0,0.0,0.73711,0.962572,24.4904,"overall IN (1,2,4)"
141,0.300422,7,0.73711,0.962572,post_filter,False,0.4171,1.0,0.986096,0.73711,0.964924,25.0217,"main_cat IN ('All Electronics', 'Books', 'Sports & Outdoors')"
142,0.230635,3,0.81,0.997741,post_filter,False,1.1031,0.9,0.560943,0.81,0.954061,25.609,"main_cat IN ('Camera & Photo', 'Camera &amp; Photo', 'Cell Phones &amp; Accessories')"
143,0.821657,20,0.81,0.978986,post_filter,False,0.7894,1.0,0.973686,0.81,0.978456,24.6111,"overall IN (1,2,3,5)"
144,0.050727,0,0.74042,0.728335,post_filter,False,0.6198,0.9,0.570325,0.74042,0.712534,25.4568,"main_cat IN ('Computers', 'Tools & Home Improvement')"
145,0.300422,7,0.73711,0.964924,post_filter,False,0.985,1.0,0.967165,0.73711,0.965148,24.9833,"main_cat IN ('All Electronics', 'Books', 'Sports & Outdoors')"
146,0.859249,20,0.81,0.978456,post_filter,False,0.846,1.0,0.971799,0.81,0.97779,24.8392,overall>=3.0
147,0.092237,0,0.74042,0.712534,pre_filter,False,6.7146,1.0,0.776179,0.743996,0.712534,25.6337,main_cat='Home Audio &amp; Theater' AND overall>=3.0
148,0.300422,7,0.73711,0.965148,post_filter,False,0.9687,1.0,0.967708,0.73711,0.965404,25.4143,"main_cat IN ('All Electronics', 'Books', 'Sports & Outdoors')"
149,0.210713,2,0.754404,0.798034,post_filter,False,0.7023,1.0,0.976592,0.754404,0.81589,24.9734,"main_cat IN ('Camera & Photo', 'Camera &amp; Photo')"
150,0.821657,20,0.81,0.97779,post_filter,False,0.9532,1.0,0.968225,0.81,0.976834,24.9215,"overall IN (1,2,3,5)"
151,0.774129,19,0.729,0.92741,post_filter,False,0.8082,1.0,0.973058,0.729,0.931974,24.7243,"overall IN (1,3,5)"
152,0.751008,19,0.729,0.931974,post_filter,False,1.0149,1.0,0.966169,0.729,0.935394,24.756,"overall IN (1,2,5)"
153,0.12068,1,0.752131,0.81105,pre_filter,False,16.7252,0.5,0.000722,0.67699,0.81105,25.0099,"main_cat IN ('Camera &amp; Photo', 'Cell Phones &amp; Accessories', 'Tools & Home Improvement')"
154,0.836128,20,0.81,0.976834,post_filter,False,0.6166,1.0,0.979446,0.81,0.977095,24.8782,"overall IN (2,4,5)"
155,0.70348,19,0.729,0.935394,post_filter,False,0.7775,1.0,0.974085,0.729,0.939263,24.6984,"overall IN (1,5)"
156,0.821657,20,0.81,0.977095,post_filter,False,0.6996,1.0,0.976679,0.81,0.977053,24.8727,"overall IN (1,2,3,5)"
157,0.836128,20,0.81,0.977053,post_filter,False,0.6591,1.0,0.978029,0.81,0.977151,24.7457,"overall IN (2,4,5)"
158,0.270385,5,0.950773,0.900982,pre_filter,False,29.999,1.0,3.3e-05,0.855699,0.900982,24.9924,"main_cat IN ('Home Audio & Theater', 'Books', 'Tools & Home Improvement')"
159,0.140751,1,0.67699,0.81105,post_filter,False,0.8473,1.0,0.971758,0.67699,0.827121,24.5156,overall<=2.0
160,0.073033,0,0.743996,0.712534,pre_filter,False,13.842,0.4,9.4e-05,0.669606,0.712534,25.688,brand='Tiffen'
161,0.300422,7,0.73711,0.965404,post_filter,False,0.9897,0.9,0.563145,0.73711,0.925178,24.6698,"main_cat IN ('All Electronics', 'Books', 'Sports & Outdoors')"
162,0.680906,18,0.619799,0.932982,post_filter,False,0.5341,1.0,0.982197,0.619799,0.937903,24.9469,"overall IN (3,5)"
163,0.270385,5,0.855699,0.900982,post_filter,False,0.7732,1.0,0.974226,0.855699,0.908307,24.606,"main_cat IN ('Home Audio & Theater', 'Books', 'Tools & Home Improvement')"
164,0.881823,20,0.81,0.977151,post_filter,False,0.6953,1.0,0.976825,0.81,0.977118,25.0588,"overall IN (1,4,5)"
165,0.751008,19,0.729,0.939263,post_filter,False,0.9725,1.0,0.967582,0.729,0.942095,24.5399,"overall IN (1,2,5)"
166,0.160682,1,0.67699,0.827121,post_filter,False,0.859,1.0,0.971367,0.67699,0.841545,25.32,"main_cat IN ('Camera & Photo', 'Computers')"
167,0.881823,20,0.81,0.977118,post_filter,False,0.922,1.0,0.969267,0.81,0.976333,24.5965,"overall IN (1,4,5)"
168,0.836128,20,0.81,0.976333,post_filter,False,0.698,1.0,0.976732,0.81,0.976373,24.8065,"overall IN (2,4,5)"
169,0.774129,19,0.729,0.942095,post_filter,False,0.5264,1.0,0.982454,0.729,0.946131,24.9279,"overall IN (1,3,5)"
170,0.389743,11,0.9,0.993408,post_filter,False,0.8619,1.0,0.971271,0.9,0.991194,24.996,overall<=4.0
171,0.7886,19,0.729,0.946131,post_filter,False,0.9994,0.9,0.562956,0.729,0.907813,24.9465,overall>=4.0
172,0.610257,18,0.619799,0.937903,post_filter,False,0.9755,1.0,0.967485,0.619799,0.940862,24.6205,overall>=5.0
173,0.751008,19,0.729,0.907813,post_filter,False,0.4533,0.0,0.0,0.729,0.817032,25.0213,"overall IN (1,2,5)"
174,0.160682,1,0.67699,0.841545,post_filter,False,1.1661,0.3,9e-06,0.67699,0.757392,25.2533,"main_cat IN ('Camera & Photo', 'Computers')"
175,0.859249,20,0.81,0.976373,post_filter,False,0.9611,1.0,0.967964,0.81,0.975532,24.8111,overall>=3.0
176,0.140751,1,0.67699,0.757392,pre_filter,False,24.7172,0.4,3.1e-05,0.609294,0.757392,26.7723,overall<=2.0
177,0.092237,0,0.669606,0.712534,post_filter,False,0.5426,1.0,0.981914,0.669606,0.739472,24.8913,main_cat='Home Audio &amp; Theater' AND overall>=3.0
178,0.7886,19,0.729,0.817032,post_filter,False,0.8477,1.0,0.971744,0.729,0.832503,24.616,overall>=4.0
179,0.836128,20,0.81,0.975532,pre_filter,False,82.4131,1.0,0.0,0.729,0.975532,32.535,"overall IN (2,4,5)"
180,0.389743,11,0.9,0.991194,pre_filter,False,54.7113,1.0,0.0,0.81,0.991194,26.7233,overall<=4.0
181,0.073033,0,0.669606,0.739472,post_filter,False,1.1034,0.0,0.0,0.669606,0.665525,25.5812,brand='Tiffen'
182,0.248992,4,0.881935,0.992209,post_filter,False,0.8873,1.0,0.970424,0.881935,0.990031,24.8921,"overall IN (3,4)"
183,0.180604,1,0.609294,0.757392,post_filter,False,0.8714,0.9,0.565442,0.609294,0.738197,25.1744,"main_cat IN ('Camera & Photo', 'Computers', 'Cell Phones &amp; Accessories')"
184,0.073033,0,0.669606,0.665525,pre_filter,False,10.124,0.5,0.001081,0.602754,0.665525,25.6957,brand='Tiffen'
185,0.859249,20,0.729,0.975532,post_filter,False,0.903,1.0,0.969901,0.729,0.974969,24.8909,overall>=3.0
186,0.180604,1,0.609294,0.738197,post_filter,False,0.8764,1.0,0.970787,0.609294,0.761456,25.0791,"main_cat IN ('Camera & Photo', 'Computers', 'Cell Phones &amp; Accessories')"
187,0.929351,21,1.0,0.870069,post_filter,True,0.6414,1.0,0.978619,1.0,0.880924,24.8398,"overall IN (1,2,4,5)"
188,0.073033,0,0.602754,0.665525,pre_filter,False,12.5665,0.9,0.338418,0.57632,0.665525,25.1524,brand='Tiffen'
189,0.270385,5,0.855699,0.908307,post_filter,False,0.8084,1.0,0.973054,0.855699,0.914781,24.7715,"main_cat IN ('Home Audio & Theater', 'Books', 'Tools & Home Improvement')"
190,0.952472,21,1.0,0.880924,post_filter,True,0.5865,1.0,0.98045,1.0,0.890877,25.4159,"overall IN (1,3,4,5)"
191,0.248992,4,0.881935,0.990031,post_filter,False,0.8799,1.0,0.970669,0.881935,0.988095,25.2634,"overall IN (3,4)"
192,0.658182,18,0.619799,0.940862,post_filter,False,0.7246,1.0,0.975847,0.619799,0.94436,25.1063,verified=true AND overall>=3.0
193,0.319094,7,0.73711,0.925178,post_filter,False,0.7985,1.0,0.973383,0.73711,0.929999,24.6809,"overall IN (1,2,4)"
194,0.881823,20,0.729,0.974969,post_filter,False,0.6812,0.9,0.569134,0.729,0.934385,24.9081,"overall IN (1,4,5)"
195,0.680906,18,0.619799,0.94436,post_filter,False,0.7706,1.0,0.974313,0.619799,0.947355,25.0665,"overall IN (3,5)"
196,0.610257,18,0.619799,0.947355,post_filter,False,0.3416,0.8,0.177293,0.619799,0.870349,24.8338,overall>=5.0
197,0.230635,3,0.81,0.954061,post_filter,False,0.3394,1.0,0.988686,0.81,0.957523,25.0266,"main_cat IN ('Camera & Photo', 'Camera &amp; Photo', 'Cell Phones &amp; Accessories')"
198,0.073033,0,0.57632,0.665525,post_filter,False,0.6055,0.9,0.570603,0.57632,0.656033,24.896,brand='Tiffen'
199,0.836128,20,0.729,0.934385,post_filter,False,0.6741,1.0,0.977531,0.729,0.9387,25.011,"overall IN (2,4,5)"
200,0.751008,19,0.729,0.832503,post_filter,False,0.9047,1.0,0.969844,0.729,0.846237,25.577,"overall IN (1,2,5)"
201,0.180604,1,0.609294,0.761456,post_filter,False,0.9063,1.0,0.969792,0.609294,0.782289,25.0409,"main_cat IN ('Camera & Photo', 'Computers', 'Cell Phones &amp; Accessories')"
202,0.248992,4,0.881935,0.988095,post_filter,False,0.5785,1.0,0.980718,0.881935,0.987357,25.1334,"overall IN (3,4)"
203,0.300422,7,0.73711,0.929999,pre_filter,False,33.7738,1.0,0.0,0.663399,0.929999,28.7448,"main_cat IN ('All Electronics', 'Books', 'Sports & Outdoors')"
204,0.906777,21,1.0,0.890877,post_filter,True,0.7277,1.0,0.975744,1.0,0.899363,27.3081,overall>=2.0
205,0.836128,20,0.729,0.9387,post_filter,False,0.9954,1.0,0.966819,0.729,0.941512,25.2756,"overall IN (2,4,5)"
206,0.073033,0,0.57632,0.656033,pre_filter,False,1.434,0.9,0.55452,0.57414,0.656033,25.609,brand='Tiffen'
207,0.906777,21,1.0,0.899363,post_filter,True,0.9888,1.0,0.967042,1.0,0.906131,24.9634,overall>=2.0
208,0.751008,19,0.729,0.846237,post_filter,False,0.7037,0.9,0.568696,0.729,0.818483,25.649,"overall IN (1,2,5)"
209,0.270385,5,0.855699,0.914781,pre_filter,False,16.5312,1.0,0.448958,0.815025,0.914781,25.6451,"main_cat IN ('Home Audio & Theater', 'Books', 'Tools & Home Improvement')"
210,0.230635,3,0.81,0.957523,post_filter,False,1.0708,1.0,0.964306,0.81,0.958202,25.0074,"main_cat IN ('Camera & Photo', 'Camera &amp; Photo', 'Cell Phones &amp; Accessories')"
211,0.12068,1,0.609294,0.782289,post_filter,False,1.0738,0.9,0.561512,0.609294,0.760212,25.9505,"main_cat IN ('Camera &amp; Photo', 'Cell Phones &amp; Accessories', 'Tools & Home Improvement')"
212,0.859249,20,0.729,0.941512,post_filter,False,0.71,1.0,0.976335,0.729,0.944994,24.8758,overall>=3.0
213,0.300422,7,0.663399,0.929999,post_filter,False,0.9414,1.0,0.968621,0.663399,0.933861,24.8756,"main_cat IN ('All Electronics', 'Books', 'Sports & Outdoors')"
214,0.339351,8,0.729,0.904951,pre_filter,False,47.7706,1.0,0.0,0.6561,0.904951,24.7854,"main_cat IN ('Home Audio & Theater', 'Camera &amp; Photo', 'Sports & Outdoors')"
215,0.929351,21,1.0,0.906131,post_filter,True,0.6587,0.9,0.56957,1.0,0.872475,25.3106,"overall IN (1,2,4,5)"
216,0.319094,7,0.663399,0.933861,post_filter,False,0.682,0.9,0.569119,0.663399,0.897387,25.0575,"overall IN (1,2,4)"
217,0.821657,20,0.729,0.944994,post_filter,False,0.6453,1.0,0.97849,0.729,0.948344,25.1578,"overall IN (1,2,3,5)"
218,0.389743,11,0.81,0.991194,post_filter,False,0.625,1.0,0.979167,0.81,0.989991,25.0398,overall<=4.0
219,0.929351,21,1.0,0.872475,post_filter,True,0.9265,0.9,0.564372,1.0,0.841665,27.6957,"overall IN (1,2,4,5)"
220,0.319094,7,0.663399,0.897387,post_filter,False,2.6625,1.0,0.91125,0.663399,0.898773,27.9535,"overall IN (1,2,4)"
221,0.270385,5,0.815025,0.914781,pre_filter,False,27.9333,1.0,0.068892,0.740411,0.914781,24.8634,"main_cat IN ('Home Audio & Theater', 'Books', 'Tools & Home Improvement')"
222,0.160682,1,0.609294,0.760212,post_filter,False,0.8549,1.0,0.971503,0.609294,0.781341,24.95,"main_cat IN ('Camera & Photo', 'Computers')"
223,0.610257,18,0.619799,0.870349,post_filter,False,0.7748,1.0,0.974172,0.619799,0.880731,24.881,overall>=5.0
224,0.7886,19,0.729,0.818483,post_filter,False,0.7134,1.0,0.976219,0.729,0.834257,24.9668,overall>=4.0
225,0.610257,18,0.619799,0.880731,post_filter,False,0.8492,1.0,0.971692,0.619799,0.889827,25.2201,overall>=5.0
226,0.300422,7,0.663399,0.898773,post_filter,False,1.0378,1.0,0.965406,0.663399,0.905436,25.0626,"main_cat IN ('All Electronics', 'Books', 'Sports & Outdoors')"
227,0.952472,21,1.0,0.841665,post_filter,True,0.764,1.0,0.974532,1.0,0.854952,24.9788,"overall IN (1,3,4,5)"
228,0.859249,20,0.729,0.948344,post_filter,False,0.7022,1.0,0.976592,0.729,0.951169,25.9353,overall>=3.0
229,0.658182,18,0.619799,0.889827,post_filter,False,0.629,1.0,0.979035,0.619799,0.898748,26.9075,verified=true AND overall>=3.0
230,0.230635,3,0.81,0.958202,pre_filter,False,1.0574,0.6,0.009743,0.729974,0.958202,25.0151,"main_cat IN ('Camera & Photo', 'Camera &amp; Photo', 'Cell Phones &amp; Accessories')"
231,0.859249,20,0.729,0.951169,post_filter,False,0.3377,1.0,0.988743,0.729,0.954926,25.1995,overall>=3.0
232,0.092237,0,0.57414,0.656033,post_filter,False,0.674,0.2,0.0,0.57414,0.59043,25.2915,main_cat='Home Audio &amp; Theater' AND overall>=3.0
233,0.821657,20,0.729,0.954926,post_filter,False,0.7315,1.0,0.975615,0.729,0.956995,25.1116,"overall IN (1,2,3,5)"
234,0.339351,8,0.6561,0.904951,post_filter,False,0.4018,1.0,0.986607,0.6561,0.913117,25.2619,"main_cat IN ('Home Audio & Theater', 'Camera &amp; Photo', 'Sports & Outdoors')"
235,0.092237,0,0.57414,0.59043,post_filter,False,0.7413,1.0,0.975289,0.57414,0.628916,24.9826,main_cat='Home Audio &amp; Theater' AND overall>=3.0
236,0.339351,8,0.6561,0.913117,post_filter,False,0.9035,1.0,0.969882,0.6561,0.918793,24.9354,"main_cat IN ('Home Audio & Theater', 'Camera &amp; Photo', 'Sports & Outdoors')"
237,0.728433,19,0.729,0.834257,post_filter,False,0.8035,1.0,0.973215,0.729,0.848153,24.6924,"overall IN (2,3,5)"
238,0.881823,20,0.729,0.956995,post_filter,False,0.647,1.0,0.978433,0.729,0.959139,24.8243,"overall IN (1,4,5)"
239,0.160682,1,0.609294,0.781341,post_filter,False,0.2865,0.7,0.046728,0.609294,0.70788,25.0041,"main_cat IN ('Camera & Photo', 'Computers')"
240,0.680906,18,0.619799,0.898748,post_filter,False,0.349,0.4,0.000173,0.619799,0.808891,25.1104,"overall IN (3,5)"
241,0.248992,4,0.881935,0.987357,post_filter,False,0.5087,1.0,0.983043,0.881935,0.986926,25.0609,"overall IN (3,4)"
242,0.270385,5,0.740411,0.914781,post_filter,False,0.383,0.9,0.574921,0.740411,0.880795,25.1017,"main_cat IN ('Home Audio & Theater', 'Books', 'Tools & Home Improvement')"
243,0.12068,1,0.609294,0.70788,pre_filter,False,15.421,1.0,0.485968,0.596961,0.70788,24.9862,"main_cat IN ('Camera &amp; Photo', 'Cell Phones &amp; Accessories', 'Tools & Home Improvement')"
244,0.092237,0,0.57414,0.628916,pre_filter,False,17.4404,1.0,0.418653,0.558591,0.628916,24.8444,main_cat='Home Audio &amp; Theater' AND overall>=3.0
245,0.270385,5,0.740411,0.880795,post_filter,False,0.2944,0.8,0.177575,0.740411,0.810473,24.7648,"main_cat IN ('Home Audio & Theater', 'Books', 'Tools & Home Improvement')"
246,0.774129,19,0.729,0.848153,post_filter,False,0.9064,1.0,0.969786,0.729,0.860316,24.7509,"overall IN (1,3,5)"
247,0.248992,4,0.881935,0.986926,post_filter,False,0.8959,1.0,0.970138,0.881935,0.985247,25.0603,"overall IN (3,4)"
248,0.248992,4,0.881935,0.985247,pre_filter,False,20.304,1.0,0.3232,0.826062,0.985247,24.8153,"overall IN (3,4)"
249,0.389743,11,0.81,0.989991,post_filter,False,0.8155,1.0,0.972815,0.81,0.988274,24.7933,overall<=4.0
250,0.728433,19,0.729,0.860316,post_filter,False,0.848,1.0,0.971733,0.729,0.871458,25.1505,"overall IN (2,3,5)"
251,0.7886,19,0.729,0.871458,post_filter,False,0.9056,1.0,0.969813,0.729,0.881293,24.7062,overall>=4.0
252,0.339351,8,0.6561,0.918793,post_filter,False,0.786,1.0,0.973801,0.6561,0.924294,25.2827,"main_cat IN ('Home Audio & Theater', 'Camera &amp; Photo', 'Sports & Outdoors')"
253,0.160682,1,0.596961,0.70788,pre_filter,False,17.2731,1.0,0.424229,0.579688,0.70788,24.9169,"main_cat IN ('Camera & Photo', 'Computers')"
254,0.7886,19,0.729,0.881293,post_filter,False,0.7848,1.0,0.97384,0.729,0.890548,24.8737,overall>=4.0
255,0.389743,11,0.81,0.988274,post_filter,False,0.7595,1.0,0.974683,0.81,0.986915,25.0161,overall<=4.0
256,0.300422,7,0.663399,0.905436,pre_filter,False,33.7167,0.9,0.0,0.597059,0.905436,24.6744,"main_cat IN ('All Electronics', 'Books', 'Sports & Outdoors')"
257,0.389743,11,0.81,0.986915,post_filter,False,0.7403,1.0,0.975324,0.81,0.985756,24.838,overall<=4.0
258,0.073033,0,0.558591,0.628916,post_filter,False,0.961,1.0,0.967968,0.558591,0.662821,25.1789,brand='Tiffen'
259,0.821657,20,0.729,0.959139,post_filter,False,0.9171,1.0,0.969429,0.729,0.960168,24.6323,"overall IN (1,2,3,5)"
260,0.906777,21,1.0,0.854952,post_filter,True,0.8049,1.0,0.973169,1.0,0.866773,25.018,overall>=2.0
261,0.952472,21,1.0,0.866773,post_filter,True,0.8452,1.0,0.971826,1.0,0.877279,24.9421,"overall IN (1,3,4,5)"
262,0.300422,7,0.597059,0.905436,post_filter,False,0.4877,1.0,0.983744,0.597059,0.913267,25.028,"main_cat IN ('All Electronics', 'Books', 'Sports & Outdoors')"
263,0.728433,19,0.729,0.890548,post_filter,False,0.9789,1.0,0.967369,0.729,0.89823,24.7738,"overall IN (2,3,5)"
264,0.339351,8,0.6561,0.924294,post_filter,False,0.9086,1.0,0.969713,0.6561,0.928836,24.8548,"main_cat IN ('Home Audio & Theater', 'Camera &amp; Photo', 'Sports & Outdoors')"
265,0.230635,3,0.729974,0.958202,post_filter,False,0.553,1.0,0.981567,0.729974,0.960538,25.1395,"main_cat IN ('Camera & Photo', 'Camera &amp; Photo', 'Cell Phones &amp; Accessories')"
266,0.751008,19,0.729,0.89823,post_filter,False,0.6984,1.0,0.976721,0.729,0.906079,24.9089,"overall IN (1,2,5)"
267,0.859249,20,0.729,0.960168,post_filter,False,0.4156,1.0,0.986147,0.729,0.962766,25.063,overall>=3.0
268,0.073033,0,0.558591,0.662821,post_filter,False,0.671,0.9,0.569331,0.558591,0.653472,25.1576,brand='Tiffen'
269,0.092237,0,0.558591,0.653472,post_filter,False,1.0959,1.0,0.963471,0.558591,0.684472,25.2597,main_cat='Home Audio &amp; Theater' AND overall>=3.0
270,0.774129,19,0.729,0.906079,post_filter,False,0.6417,1.0,0.97861,0.729,0.913332,24.7079,"overall IN (1,3,5)"
271,0.751008,19,0.729,0.913332,post_filter,False,0.6702,1.0,0.977661,0.729,0.919765,24.8867,"overall IN (1,2,5)"
272,0.319094,7,0.597059,0.913267,post_filter,False,0.8839,0.9,0.565198,0.597059,0.87846,24.827,"overall IN (1,2,4)"
273,0.300422,7,0.597059,0.87846,post_filter,False,0.8579,0.6,0.00981,0.597059,0.791595,25.1708,"main_cat IN ('All Electronics', 'Books', 'Sports & Outdoors')"
274,0.658182,18,0.619799,0.808891,post_filter,False,0.9936,1.0,0.966881,0.619799,0.82469,24.87,verified=true AND overall>=3.0
275,0.859249,20,0.729,0.962766,post_filter,False,0.846,1.0,0.971799,0.729,0.963669,24.8066,overall>=3.0
276,0.821657,20,0.729,0.963669,post_filter,False,0.4289,0.8,0.176771,0.729,0.884979,25.0217,"overall IN (1,2,3,5)"
277,0.774129,19,0.729,0.919765,post_filter,False,0.9648,1.0,0.96784,0.729,0.924573,24.9412,"overall IN (1,3,5)"
278,0.160682,1,0.579688,0.70788,post_filter,False,1.1432,0.9,0.560166,0.579688,0.693108,24.8502,"main_cat IN ('Camera & Photo', 'Computers')"
279,0.050727,0,0.558591,0.684472,pre_filter,False,5.3444,1.0,0.821853,0.584917,0.684472,24.9537,"main_cat IN ('Computers', 'Tools & Home Improvement')"
280,0.140751,1,0.579688,0.693108,post_filter,False,0.8899,1.0,0.970338,0.579688,0.720831,24.9819,overall<=2.0
281,0.906777,21,1.0,0.877279,post_filter,True,0.98,1.0,0.967333,1.0,0.886284,24.6626,overall>=2.0
282,0.728433,19,0.729,0.924573,post_filter,False,0.3495,1.0,0.988351,0.729,0.930951,24.9955,"overall IN (2,3,5)"
283,0.774129,19,0.729,0.930951,post_filter,False,0.864,1.0,0.9712,0.729,0.934975,24.9405,"overall IN (1,3,5)"
284,0.859249,20,0.729,0.884979,post_filter,False,0.5172,1.0,0.98276,0.729,0.894757,25.0509,overall>=3.0
285,0.389743,11,0.81,0.985756,post_filter,False,0.6347,1.0,0.978844,0.81,0.985064,25.0111,overall<=4.0
286,0.073033,0,0.584917,0.684472,post_filter,False,1.2622,0.5,0.001562,0.584917,0.616181,25.1247,brand='Tiffen'
287,0.140751,1,0.579688,0.720831,post_filter,False,1.287,0.6,0.009666,0.579688,0.649715,25.3314,overall<=2.0
288,0.092237,0,0.584917,0.616181,post_filter,False,0.8715,1.0,0.970951,0.584917,0.651658,24.7575,main_cat='Home Audio &amp; Theater' AND overall>=3.0
289,0.210713,2,0.754404,0.81589,post_filter,False,0.5884,1.0,0.980386,0.754404,0.83234,24.9569,"main_cat IN ('Camera & Photo', 'Camera &amp; Photo')"
290,0.836128,20,0.729,0.894757,post_filter,False,0.4134,1.0,0.986221,0.729,0.903904,24.6707,"overall IN (2,4,5)"
291,0.751008,19,0.729,0.934975,post_filter,False,0.6658,1.0,0.977808,0.729,0.939259,24.7164,"overall IN (1,2,5)"
292,0.300422,7,0.597059,0.791595,post_filter,False,0.8695,1.0,0.971015,0.597059,0.809537,24.6913,"main_cat IN ('All Electronics', 'Books', 'Sports & Outdoors')"
293,0.300422,7,0.597059,0.809537,pre_filter,False,35.0022,1.0,0.0,0.537353,0.809537,24.8484,"main_cat IN ('All Electronics', 'Books', 'Sports & Outdoors')"
294,0.319094,7,0.537353,0.809537,post_filter,False,0.8504,1.0,0.971653,0.537353,0.825749,24.8381,"overall IN (1,2,4)"
295,0.70348,19,0.729,0.939259,post_filter,False,0.8261,1.0,0.972462,0.729,0.942579,24.8892,"overall IN (1,5)"
296,0.073033,0,0.584917,0.651658,post_filter,False,0.966,0.9,0.563604,0.584917,0.642852,25.1181,brand='Tiffen'
297,0.728433,19,0.729,0.942579,post_filter,False,0.4623,1.0,0.98459,0.729,0.94678,24.8526,"overall IN (2,3,5)"
298,0.140751,1,0.579688,0.649715,post_filter,False,0.6667,1.0,0.977778,0.579688,0.682521,24.9453,overall<=2.0
299,0.774129,19,0.729,0.94678,post_filter,False,0.8501,1.0,0.971662,0.729,0.949268,24.6494,"overall IN (1,3,5)"
300,0.389743,11,0.81,0.985064,post_filter,False,0.7425,1.0,0.97525,0.81,0.984083,25.6163,overall<=4.0
301,0.300422,7,0.537353,0.825749,post_filter,False,0.9283,0.8,0.173785,0.537353,0.760552,25.4596,"main_cat IN ('All Electronics', 'Books', 'Sports & Outdoors')"
302,0.300422,7,0.537353,0.760552,pre_filter,False,49.6276,1.0,0.0,0.483618,0.760552,24.9534,"main_cat IN ('All Electronics', 'Books', 'Sports & Outdoors')"
303,0.389743,11,0.81,0.984083,post_filter,False,0.8133,1.0,0.972889,0.81,0.982964,24.7876,overall<=4.0
304,0.836128,20,0.729,0.903904,pre_filter,False,1.9538,0.0,0.0,0.6561,0.903904,24.6847,"overall IN (2,4,5)"
305,0.092237,0,0.584917,0.642852,pre_filter,False,10.0768,0.7,0.031332,0.529559,0.642852,25.1632,main_cat='Home Audio &amp; Theater' AND overall>=3.0
306,0.70348,19,0.729,0.949268,post_filter,False,0.8215,1.0,0.972615,0.729,0.951603,24.9422,"overall IN (1,5)"
307,0.140751,1,0.579688,0.682521,post_filter,False,0.87,0.4,0.00017,0.579688,0.614286,26.7186,overall<=2.0
308,0.658182,18,0.619799,0.82469,pre_filter,False,28.1207,1.0,0.062642,0.564083,0.82469,25.0967,verified=true AND overall>=3.0
309,0.300422,7,0.483618,0.760552,post_filter,False,0.7514,1.0,0.974953,0.483618,0.781993,24.8403,"main_cat IN ('All Electronics', 'Books', 'Sports & Outdoors')"
310,0.319094,7,0.483618,0.781993,post_filter,False,0.6641,1.0,0.977864,0.483618,0.80158,24.7367,"overall IN (1,2,4)"
311,0.270385,5,0.740411,0.810473,post_filter,False,0.8936,1.0,0.970212,0.740411,0.826447,24.7665,"main_cat IN ('Home Audio & Theater', 'Books', 'Tools & Home Improvement')"
312,0.751008,19,0.729,0.951603,post_filter,False,0.1223,0.0,0.0,0.729,0.856443,24.7347,"overall IN (1,2,5)"
313,0.230635,3,0.729974,0.960538,post_filter,False,0.8743,0.9,0.565384,0.729974,0.921023,24.7986,"main_cat IN ('Camera & Photo', 'Camera &amp; Photo', 'Cell Phones &amp; Accessories')"
314,0.210713,2,0.754404,0.83234,pre_filter,False,28.4481,0.5,8.4e-05,0.678972,0.83234,25.244,"main_cat IN ('Camera & Photo', 'Camera &amp; Photo')"
315,0.12068,1,0.579688,0.614286,post_filter,False,0.986,0.9,0.563217,0.579688,0.609179,24.8472,"main_cat IN ('Camera &amp; Photo', 'Cell Phones &amp; Accessories', 'Tools & Home Improvement')"
316,0.050727,0,0.529559,0.642852,post_filter,False,0.4413,1.0,0.98529,0.529559,0.677096,25.0661,"main_cat IN ('Computers', 'Tools & Home Improvement')"
317,0.821657,20,0.6561,0.903904,post_filter,False,0.9147,1.0,0.969508,0.6561,0.910464,24.7818,"overall IN (1,2,3,5)"
318,0.160682,1,0.579688,0.609179,post_filter,False,0.8395,1.0,0.972015,0.579688,0.645462,24.976,"main_cat IN ('Camera & Photo', 'Computers')"
319,0.610257,18,0.564083,0.82469,post_filter,False,0.7158,1.0,0.976139,0.564083,0.839835,24.8418,overall>=5.0
320,0.658182,18,0.564083,0.839835,post_filter,False,1.0105,1.0,0.966318,0.564083,0.852483,24.7408,verified=true AND overall>=3.0
321,0.319094,7,0.483618,0.80158,post_filter,False,0.5017,1.0,0.983276,0.483618,0.819749,24.8414,"overall IN (1,2,4)"
322,0.952472,21,1.0,0.886284,post_filter,True,0.9261,1.0,0.969129,1.0,0.894569,25.0234,"overall IN (1,3,4,5)"
323,0.680906,18,0.564083,0.852483,pre_filter,False,67.299,1.0,0.0,0.507675,0.852483,24.782,"overall IN (3,5)"
324,0.12068,1,0.579688,0.645462,post_filter,False,1.1829,0.7,0.045318,0.579688,0.585448,25.2009,"main_cat IN ('Camera &amp; Photo', 'Cell Phones &amp; Accessories', 'Tools & Home Improvement')"
325,0.230635,3,0.729974,0.921023,post_filter,False,0.6747,1.0,0.977511,0.729974,0.926672,24.7855,"main_cat IN ('Camera & Photo', 'Camera &amp; Photo', 'Cell Phones &amp; Accessories')"
326,0.836128,20,0.6561,0.910464,pre_filter,False,108.0319,1.0,0.0,0.59049,0.910464,24.6313,"overall IN (2,4,5)"
327,0.230635,3,0.729974,0.926672,post_filter,False,0.7634,1.0,0.974554,0.729974,0.93146,24.9339,"main_cat IN ('Camera & Photo', 'Camera &amp; Photo', 'Cell Phones &amp; Accessories')"
328,0.7886,19,0.729,0.856443,post_filter,False,0.4015,0.4,0.000173,0.729,0.770816,25.2685,overall>=4.0
329,0.389743,11,0.81,0.982964,post_filter,False,0.136,0.2,0.0,0.81,0.884667,25.0102,overall<=4.0
330,0.180604,1,0.579688,0.585448,post_filter,False,0.8757,1.0,0.97081,0.579688,0.623984,25.0125,"main_cat IN ('Camera & Photo', 'Computers', 'Cell Phones &amp; Accessories')"
331,0.728433,19,0.729,0.770816,post_filter,False,0.8306,1.0,0.972313,0.729,0.790966,24.919,"overall IN (2,3,5)"
332,0.248992,4,0.826062,0.985247,pre_filter,False,36.0763,1.0,0.0,0.743455,0.985247,25.0416,"overall IN (3,4)"
333,0.7886,19,0.729,0.790966,post_filter,False,0.7742,1.0,0.974194,0.729,0.809288,24.9127,overall>=4.0
334,0.952472,21,1.0,0.894569,post_filter,True,0.4788,1.0,0.984039,1.0,0.903516,25.8174,"overall IN (1,3,4,5)"
335,0.610257,18,0.507675,0.852483,post_filter,False,0.9613,1.0,0.967957,0.507675,0.86403,24.9318,overall>=5.0
336,0.180604,1,0.579688,0.623984,post_filter,False,0.7523,1.0,0.974924,0.579688,0.659078,24.8398,"main_cat IN ('Camera & Photo', 'Computers', 'Cell Phones &amp; Accessories')"
337,0.12068,1,0.579688,0.659078,pre_filter,False,17.0796,1.0,0.430679,0.564787,0.659078,24.8765,"main_cat IN ('Camera &amp; Photo', 'Cell Phones &amp; Accessories', 'Tools & Home Improvement')"
338,0.140751,1,0.564787,0.659078,pre_filter,False,22.0474,0.8,0.047539,0.513062,0.659078,25.1768,overall<=2.0
339,0.906777,21,1.0,0.903516,post_filter,True,0.8751,1.0,0.970829,1.0,0.910247,25.243,overall>=2.0
340,0.092237,0,0.529559,0.677096,post_filter,False,0.9574,1.0,0.968088,0.529559,0.706195,24.714,main_cat='Home Audio &amp; Theater' AND overall>=3.0
341,0.389743,11,0.81,0.884667,post_filter,False,0.7796,1.0,0.974014,0.81,0.893602,24.9127,overall<=4.0
342,0.160682,1,0.513062,0.659078,pre_filter,False,14.568,1.0,0.514399,0.513196,0.659078,24.8065,"main_cat IN ('Camera & Photo', 'Computers')"
343,0.929351,21,1.0,0.910247,post_filter,True,0.8415,1.0,0.97195,1.0,0.916417,24.9761,"overall IN (1,2,4,5)"
344,0.7886,19,0.729,0.809288,pre_filter,False,106.0877,1.0,0.0,0.6561,0.809288,24.8096,overall>=4.0
345,0.389743,11,0.81,0.893602,post_filter,False,0.8097,1.0,0.973011,0.81,0.901543,24.8307,overall<=4.0
346,0.092237,0,0.529559,0.706195,post_filter,False,0.5393,0.0,0.0,0.529559,0.635576,24.9896,main_cat='Home Audio &amp; Theater' AND overall>=3.0
347,0.859249,20,0.59049,0.910464,post_filter,False,1.033,1.0,0.965567,0.59049,0.915974,24.7037,overall>=3.0
348,0.774129,19,0.6561,0.809288,pre_filter,False,74.9571,1.0,0.0,0.59049,0.809288,24.8794,"overall IN (1,3,5)"
349,0.906777,21,1.0,0.916417,post_filter,True,0.5281,1.0,0.982397,1.0,0.923015,24.804,overall>=2.0
350,0.270385,5,0.740411,0.826447,post_filter,False,0.971,1.0,0.967633,0.740411,0.840566,24.6719,"main_cat IN ('Home Audio & Theater', 'Books', 'Tools & Home Improvement')"
351,0.774129,19,0.59049,0.809288,post_filter,False,0.3898,1.0,0.987006,0.59049,0.82706,25.0617,"overall IN (1,3,5)"
352,0.300422,7,0.483618,0.819749,post_filter,False,0.8488,1.0,0.971708,0.483618,0.834945,25.1081,"main_cat IN ('All Electronics', 'Books', 'Sports & Outdoors')"
353,0.7886,19,0.59049,0.82706,post_filter,False,0.8668,1.0,0.971108,0.59049,0.841465,24.883,overall>=4.0
354,0.092237,0,0.529559,0.635576,pre_filter,False,17.1493,1.0,0.428356,0.519438,0.635576,25.0856,main_cat='Home Audio &amp; Theater' AND overall>=3.0
355,0.680906,18,0.507675,0.86403,post_filter,False,0.9052,1.0,0.969828,0.507675,0.87461,24.6177,"overall IN (3,5)"
356,0.680906,18,0.507675,0.87461,post_filter,False,0.789,1.0,0.973701,0.507675,0.884519,25.0454,"overall IN (3,5)"
357,0.248992,4,0.743455,0.985247,post_filter,False,0.6345,1.0,0.978851,0.743455,0.984607,25.0868,"overall IN (3,4)"
358,0.929351,21,1.0,0.923015,post_filter,True,0.4559,1.0,0.984803,1.0,0.929194,25.1357,"overall IN (1,2,4,5)"
359,0.248992,4,0.743455,0.984607,post_filter,False,0.7955,0.9,0.566915,0.743455,0.942838,24.9256,"overall IN (3,4)"
360,0.906777,21,1.0,0.929194,post_filter,True,0.8725,1.0,0.970917,1.0,0.933366,25.1626,overall>=2.0
361,0.160682,1,0.513196,0.659078,post_filter,False,1.0518,1.0,0.96494,0.513196,0.689664,25.0075,"main_cat IN ('Camera & Photo', 'Computers')"
362,0.7886,19,0.59049,0.841465,post_filter,False,0.8055,1.0,0.97315,0.59049,0.854633,24.7653,overall>=4.0
363,0.7886,19,0.59049,0.854633,post_filter,False,0.78,1.0,0.974,0.59049,0.86657,24.853,overall>=4.0
364,0.952472,21,1.0,0.933366,post_filter,True,0.951,1.0,0.9683,1.0,0.93686,24.8875,"overall IN (1,3,4,5)"
365,0.7886,19,0.59049,0.86657,post_filter,False,0.8784,1.0,0.970719,0.59049,0.876985,24.8395,overall>=4.0
366,0.751008,19,0.59049,0.876985,pre_filter,False,30.0573,1.0,0.0,0.531441,0.876985,24.841,"overall IN (1,2,5)"
367,0.160682,1,0.513196,0.689664,post_filter,False,0.9087,1.0,0.96971,0.513196,0.717669,24.9623,"main_cat IN ('Camera & Photo', 'Computers')"
368,0.859249,20,0.59049,0.915974,post_filter,False,0.8345,1.0,0.972185,0.59049,0.921595,24.819,overall>=3.0
369,0.300422,7,0.483618,0.834945,post_filter,False,0.9175,1.0,0.969418,0.483618,0.848393,24.8633,"main_cat IN ('All Electronics', 'Books', 'Sports & Outdoors')"
370,0.658182,18,0.507675,0.884519,post_filter,False,1.0112,1.0,0.966293,0.507675,0.892697,24.835,verified=true AND overall>=3.0
371,0.210713,2,0.678972,0.83234,post_filter,False,0.9886,1.0,0.967046,0.678972,0.84581,24.8361,"main_cat IN ('Camera & Photo', 'Camera &amp; Photo')"
372,0.12068,1,0.513196,0.717669,post_filter,False,0.8991,1.0,0.970031,0.513196,0.742905,26.0035,"main_cat IN ('Camera &amp; Photo', 'Cell Phones &amp; Accessories', 'Tools & Home Improvement')"
373,0.180604,1,0.513196,0.742905,post_filter,False,0.9466,1.0,0.968446,0.513196,0.765459,39.0271,"main_cat IN ('Camera & Photo', 'Computers', 'Cell Phones &amp; Accessories')"
374,0.859249,20,0.59049,0.921595,post_filter,False,0.8545,1.0,0.971517,0.59049,0.926588,25.6077,overall>=3.0
375,0.140751,1,0.513196,0.765459,post_filter,False,1.2072,0.8,0.172118,0.513196,0.706125,25.3332,overall<=2.0
376,0.210713,2,0.678972,0.84581,post_filter,False,0.8208,0.9,0.566424,0.678972,0.817872,26.1813,"main_cat IN ('Camera & Photo', 'Camera &amp; Photo')"
377,0.859249,20,0.59049,0.926588,post_filter,False,0.8728,1.0,0.970908,0.59049,0.93102,24.7709,overall>=3.0
378,0.610257,18,0.507675,0.892697,post_filter,False,1.0047,1.0,0.966508,0.507675,0.900078,25.3078,overall>=5.0
379,0.050727,0,0.519438,0.635576,post_filter,False,1.1552,1.0,0.961494,0.519438,0.668168,25.498,"main_cat IN ('Computers', 'Tools & Home Improvement')"
380,0.300422,7,0.483618,0.848393,post_filter,False,0.7925,1.0,0.973582,0.483618,0.860911,24.8518,"main_cat IN ('All Electronics', 'Books', 'Sports & Outdoors')"
381,0.680906,18,0.507675,0.900078,post_filter,False,0.2483,0.1,0.0,0.507675,0.81007,25.1742,"overall IN (3,5)"
382,0.70348,19,0.531441,0.876985,post_filter,False,0.9829,1.0,0.967236,0.531441,0.88601,24.8368,"overall IN (1,5)"
383,0.300422,7,0.483618,0.860911,post_filter,False,0.7508,1.0,0.974972,0.483618,0.872318,25.1121,"main_cat IN ('All Electronics', 'Books', 'Sports & Outdoors')"
384,0.389743,11,0.81,0.901543,post_filter,False,0.9433,0.9,0.564046,0.81,0.867793,25.0896,overall<=4.0
385,0.859249,20,0.59049,0.93102,post_filter,False,0.8312,1.0,0.972292,0.59049,0.935147,25.2228,overall>=3.0
386,0.680906,18,0.507675,0.81007,post_filter,False,0.8833,1.0,0.970556,0.507675,0.826119,24.7632,"overall IN (3,5)"
387,0.140751,1,0.513196,0.706125,post_filter,False,1.072,0.7,0.045493,0.513196,0.640062,25.1958,overall<=2.0
388,0.728433,19,0.531441,0.88601,post_filter,False,0.3854,1.0,0.987153,0.531441,0.896124,25.1518,"overall IN (2,3,5)"
389,0.929351,21,1.0,0.93686,post_filter,True,0.6187,1.0,0.979376,1.0,0.941111,24.8543,"overall IN (1,2,4,5)"
390,0.092237,0,0.519438,0.668168,post_filter,False,0.691,0.8,0.175204,0.519438,0.618871,25.1792,main_cat='Home Audio &amp; Theater' AND overall>=3.0
391,0.092237,0,0.519438,0.618871,post_filter,False,0.9744,1.0,0.967519,0.519438,0.653736,24.7005,main_cat='Home Audio &amp; Theater' AND overall>=3.0
392,0.248992,4,0.743455,0.942838,post_filter,False,0.4824,1.0,0.983919,0.743455,0.946946,24.9457,"overall IN (3,4)"
393,0.319094,7,0.483618,0.872318,post_filter,False,0.678,1.0,0.977401,0.483618,0.882826,25.486,"overall IN (1,2,4)"
394,0.7886,19,0.531441,0.896124,post_filter,False,0.9681,1.0,0.967729,0.531441,0.903285,25.0945,overall>=4.0
395,0.821657,20,0.59049,0.935147,post_filter,False,1.0658,1.0,0.964474,0.59049,0.938079,24.76,"overall IN (1,2,3,5)"
396,0.610257,18,0.507675,0.826119,post_filter,False,0.8242,1.0,0.972526,0.507675,0.840759,25.12,overall>=5.0
397,0.658182,18,0.507675,0.840759,post_filter,False,0.9453,1.0,0.968489,0.507675,0.853532,24.7651,verified=true AND overall>=3.0
398,0.339351,8,0.6561,0.928836,post_filter,False,0.7633,1.0,0.974556,0.6561,0.933408,25.1035,"main_cat IN ('Home Audio & Theater', 'Camera &amp; Photo', 'Sports & Outdoors')"
399,0.836128,20,0.59049,0.938079,post_filter,False,0.8144,1.0,0.972854,0.59049,0.941557,24.9225,"overall IN (2,4,5)"
400,0.339351,8,0.6561,0.933408,post_filter,False,0.7585,1.0,0.974715,0.6561,0.937539,24.6865,"main_cat IN ('Home Audio & Theater', 'Camera &amp; Photo', 'Sports & Outdoors')"
401,0.881823,20,0.59049,0.941557,post_filter,False,0.9206,1.0,0.969314,0.59049,0.944333,24.8823,"overall IN (1,4,5)"
402,0.70348,19,0.531441,0.903285,post_filter,False,0.8639,1.0,0.971204,0.531441,0.910077,24.7088,"overall IN (1,5)"
403,0.092237,0,0.519438,0.653736,post_filter,False,0.972,0.9,0.563488,0.519438,0.644711,25.0407,main_cat='Home Audio &amp; Theater' AND overall>=3.0
404,0.140751,1,0.513196,0.640062,post_filter,False,1.3357,0.8,0.17135,0.513196,0.593191,25.3923,overall<=2.0
405,0.270385,5,0.740411,0.840566,post_filter,False,1.0883,1.0,0.963725,0.740411,0.852882,24.8275,"main_cat IN ('Home Audio & Theater', 'Books', 'Tools & Home Improvement')"
406,0.751008,19,0.531441,0.910077,post_filter,False,0.9618,1.0,0.96794,0.531441,0.915863,24.7505,"overall IN (1,2,5)"
407,0.092237,0,0.519438,0.644711,post_filter,False,0.9172,1.0,0.969428,0.519438,0.677183,24.8309,main_cat='Home Audio &amp; Theater' AND overall>=3.0
408,0.389743,11,0.81,0.867793,post_filter,False,0.4788,0.0,0.0,0.81,0.781014,24.9282,overall<=4.0
409,0.389743,11,0.81,0.781014,pre_filter,False,34.089,1.0,0.0,0.729,0.781014,24.8299,overall<=4.0
410,0.774129,19,0.531441,0.915863,post_filter,False,0.9065,1.0,0.969783,0.531441,0.921255,24.7527,"overall IN (1,3,5)"
411,0.658182,18,0.507675,0.853532,post_filter,False,0.6452,1.0,0.978494,0.507675,0.866028,24.9758,verified=true AND overall>=3.0
412,0.300422,7,0.483618,0.882826,post_filter,False,0.8799,1.0,0.970669,0.483618,0.89161,24.842,"main_cat IN ('All Electronics', 'Books', 'Sports & Outdoors')"
413,0.140751,1,0.513196,0.593191,post_filter,False,1.3509,0.8,0.171259,0.513196,0.550997,25.343,overall<=2.0
414,0.929351,21,1.0,0.941111,post_filter,True,1.0417,1.0,0.965276,1.0,0.943528,24.9068,"overall IN (1,2,4,5)"
415,0.881823,20,0.59049,0.944333,post_filter,False,0.5303,1.0,0.982324,0.59049,0.948132,24.7687,"overall IN (1,4,5)"
416,0.836128,20,0.59049,0.948132,post_filter,False,0.7661,1.0,0.974464,0.59049,0.950765,25.1221,"overall IN (2,4,5)"
417,0.680906,18,0.507675,0.866028,post_filter,False,0.6962,1.0,0.976794,0.507675,0.877105,24.9387,"overall IN (3,5)"
418,0.751008,19,0.531441,0.921255,post_filter,False,0.5732,1.0,0.980894,0.531441,0.927219,25.1197,"overall IN (1,2,5)"
419,0.70348,19,0.531441,0.927219,post_filter,False,0.7767,1.0,0.974111,0.531441,0.931908,24.7607,"overall IN (1,5)"
420,0.160682,1,0.513196,0.550997,post_filter,False,0.2256,0.7,0.046824,0.513196,0.50058,24.9481,"main_cat IN ('Camera & Photo', 'Computers')"
421,0.836128,20,0.59049,0.950765,post_filter,False,0.2608,0.6,0.010011,0.59049,0.85669,24.8519,"overall IN (2,4,5)"
422,0.140751,1,0.513196,0.50058,pre_filter,False,22.5109,0.4,4.4e-05,0.461881,0.50058,27.0115,overall<=2.0
423,0.339351,8,0.6561,0.937539,post_filter,False,0.6125,1.0,0.979583,0.6561,0.941743,25.1526,"main_cat IN ('Home Audio & Theater', 'Camera &amp; Photo', 'Sports & Outdoors')"
424,0.658182,18,0.507675,0.877105,post_filter,False,0.9971,1.0,0.966763,0.507675,0.886071,25.0145,verified=true AND overall>=3.0
425,0.952472,21,1.0,0.943528,post_filter,True,0.6875,1.0,0.977083,1.0,0.946883,25.0001,"overall IN (1,3,4,5)"
426,0.906777,21,1.0,0.946883,post_filter,True,1.0331,1.0,0.965563,1.0,0.948751,24.9328,overall>=2.0
427,0.073033,0,0.519438,0.677183,post_filter,False,0.804,1.0,0.9732,0.519438,0.706785,24.7882,brand='Tiffen'
428,0.881823,20,0.59049,0.85669,post_filter,False,0.8786,1.0,0.970712,0.59049,0.868092,24.8968,"overall IN (1,4,5)"
429,0.12068,1,0.461881,0.50058,post_filter,False,1.0269,1.0,0.965771,0.461881,0.547099,24.6125,"main_cat IN ('Camera &amp; Photo', 'Cell Phones &amp; Accessories', 'Tools & Home Improvement')"
430,0.658182,18,0.507675,0.886071,post_filter,False,0.9486,1.0,0.968379,0.507675,0.894302,24.8556,verified=true AND overall>=3.0
431,0.140751,1,0.461881,0.547099,post_filter,False,1.2361,0.8,0.171945,0.461881,0.509584,25.1115,overall<=2.0
432,0.248992,4,0.743455,0.946946,post_filter,False,0.6754,1.0,0.977486,0.743455,0.95,25.0617,"overall IN (3,4)"
433,0.160682,1,0.461881,0.509584,post_filter,False,0.947,1.0,0.968435,0.461881,0.555469,24.8507,"main_cat IN ('Camera & Photo', 'Computers')"
434,0.160682,1,0.461881,0.555469,post_filter,False,0.6651,1.0,0.977829,0.461881,0.597705,25.2486,"main_cat IN ('Camera & Photo', 'Computers')"
435,0.270385,5,0.740411,0.852882,post_filter,False,0.975,1.0,0.967501,0.740411,0.864344,24.7766,"main_cat IN ('Home Audio & Theater', 'Books', 'Tools & Home Improvement')"
436,0.952472,21,1.0,0.948751,post_filter,True,0.7702,1.0,0.974326,1.0,0.951309,24.828,"overall IN (1,3,4,5)"
437,0.7886,19,0.531441,0.931908,post_filter,False,0.3262,1.0,0.989128,0.531441,0.93763,24.9824,overall>=4.0
438,0.210713,2,0.678972,0.817872,post_filter,False,1.0283,0.5,0.001575,0.678972,0.736242,25.4457,"main_cat IN ('Camera & Photo', 'Camera &amp; Photo')"
439,0.300422,7,0.483618,0.89161,post_filter,False,0.3322,0.6667,0.028643,0.483618,0.805314,24.927,"main_cat IN ('All Electronics', 'Books', 'Sports & Outdoors')"
440,0.658182,18,0.507675,0.894302,post_filter,False,0.9468,1.0,0.968439,0.507675,0.901715,25.0797,verified=true AND overall>=3.0
441,0.929351,21,1.0,0.951309,post_filter,True,0.9501,1.0,0.968331,1.0,0.953011,25.0884,"overall IN (1,2,4,5)"
442,0.248992,4,0.743455,0.95,post_filter,False,0.831,1.0,0.9723,0.743455,0.95223,24.939,"overall IN (3,4)"
443,0.906777,21,1.0,0.953011,post_filter,True,0.8013,1.0,0.973289,1.0,0.955039,24.8269,overall>=2.0
444,0.092237,0,0.519438,0.706785,post_filter,False,0.55,1.0,0.981667,0.519438,0.734273,25.2611,main_cat='Home Audio &amp; Theater' AND overall>=3.0
445,0.230635,3,0.729974,0.93146,post_filter,False,0.2889,0.5,0.001615,0.729974,0.838475,25.1204,"main_cat IN ('Camera & Photo', 'Camera &amp; Photo', 'Cell Phones &amp; Accessories')"
446,0.180604,1,0.461881,0.597705,post_filter,False,0.8552,1.0,0.971492,0.461881,0.635084,25.422,"main_cat IN ('Camera & Photo', 'Computers', 'Cell Phones &amp; Accessories')"
447,0.751008,19,0.531441,0.93763,post_filter,False,0.9204,1.0,0.969319,0.531441,0.940799,24.8474,"overall IN (1,2,5)"
448,0.680906,18,0.507675,0.901715,post_filter,False,0.8368,1.0,0.972108,0.507675,0.908755,25.1456,"overall IN (3,5)"
449,0.230635,3,0.729974,0.838475,post_filter,False,0.9345,1.0,0.968849,0.729974,0.851513,25.2305,"main_cat IN ('Camera & Photo', 'Camera &amp; Photo', 'Cell Phones &amp; Accessories')"
450,0.140751,1,0.461881,0.635084,post_filter,False,0.9885,1.0,0.967051,0.461881,0.66828,25.618,overall<=2.0
451,0.751008,19,0.531441,0.940799,post_filter,False,0.7862,1.0,0.973792,0.531441,0.944098,25.5058,"overall IN (1,2,5)"
452,0.248992,4,0.743455,0.95223,pre_filter,False,34.7385,1.0,0.0,0.66911,0.95223,24.9355,"overall IN (3,4)"
453,0.728433,19,0.531441,0.944098,post_filter,False,0.9712,1.0,0.967626,0.531441,0.946451,25.0777,"overall IN (2,3,5)"
454,0.680906,18,0.507675,0.908755,post_filter,False,0.7393,1.0,0.975356,0.507675,0.915415,24.9231,"overall IN (3,5)"
455,0.092237,0,0.519438,0.734273,post_filter,False,1.0397,0.7,0.045544,0.519438,0.6654,25.4025,main_cat='Home Audio &amp; Theater' AND overall>=3.0
456,0.658182,18,0.507675,0.915415,post_filter,False,0.4858,1.0,0.983806,0.507675,0.922254,24.888,verified=true AND overall>=3.0
457,0.751008,19,0.531441,0.946451,post_filter,False,0.8863,1.0,0.970456,0.531441,0.948852,24.7906,"overall IN (1,2,5)"
458,0.160682,1,0.461881,0.66828,post_filter,False,0.7935,0.9,0.566954,0.461881,0.658148,24.867,"main_cat IN ('Camera & Photo', 'Computers')"
459,0.70348,19,0.531441,0.948852,post_filter,False,0.8286,1.0,0.972381,0.531441,0.951205,24.9462,"overall IN (1,5)"
460,0.70348,19,0.531441,0.951205,post_filter,False,0.5967,1.0,0.980111,0.531441,0.954095,24.8465,"overall IN (1,5)"
461,0.140751,1,0.461881,0.658148,post_filter,False,0.7842,1.0,0.973861,0.461881,0.689719,24.772,overall<=2.0
462,0.160682,1,0.461881,0.689719,post_filter,False,0.3489,1.0,0.988369,0.461881,0.719584,24.8573,"main_cat IN ('Camera & Photo', 'Computers')"
463,0.774129,19,0.531441,0.954095,post_filter,False,0.7368,1.0,0.975439,0.531441,0.95623,24.9725,"overall IN (1,3,5)"
464,0.728433,19,0.531441,0.95623,post_filter,False,0.6709,1.0,0.977637,0.531441,0.95837,25.1221,"overall IN (2,3,5)"
465,0.821657,20,0.59049,0.868092,post_filter,False,0.9692,1.0,0.967693,0.59049,0.878052,24.6704,"overall IN (1,2,3,5)"
466,0.929351,21,1.0,0.955039,post_filter,True,0.6056,1.0,0.979814,1.0,0.957516,24.869,"overall IN (1,2,4,5)"
467,0.728433,19,0.531441,0.95837,post_filter,False,0.7188,1.0,0.97604,0.531441,0.960137,24.9225,"overall IN (2,3,5)"
468,0.270385,5,0.740411,0.864344,post_filter,False,0.7683,1.0,0.974389,0.740411,0.875348,24.8309,"main_cat IN ('Home Audio & Theater', 'Books', 'Tools & Home Improvement')"
469,0.881823,20,0.59049,0.878052,post_filter,False,0.2977,0.0,0.0,0.59049,0.790247,24.7405,"overall IN (1,4,5)"
470,0.952472,21,1.0,0.957516,post_filter,True,0.7114,1.0,0.976288,1.0,0.959393,24.8746,"overall IN (1,3,4,5)"
471,0.70348,19,0.531441,0.960137,post_filter,False,0.6087,1.0,0.979708,0.531441,0.962094,24.8297,"overall IN (1,5)"
472,0.073033,0,0.519438,0.6654,post_filter,False,1.4328,0.6,0.009617,0.519438,0.599822,25.0213,brand='Tiffen'
473,0.881823,20,0.59049,0.790247,post_filter,False,0.8553,1.0,0.97149,0.59049,0.808371,24.7188,"overall IN (1,4,5)"
474,0.906777,21,1.0,0.959393,post_filter,True,0.7774,1.0,0.974086,1.0,0.960863,24.8557,overall>=2.0
475,0.050727,0,0.519438,0.599822,pre_filter,False,2.7447,1.0,0.908508,0.558345,0.599822,25.2473,"main_cat IN ('Computers', 'Tools & Home Improvement')"
476,0.092237,0,0.558345,0.599822,pre_filter,False,14.4491,1.0,0.518364,0.554347,0.599822,25.175,main_cat='Home Audio &amp; Theater' AND overall>=3.0
477,0.073033,0,0.554347,0.599822,post_filter,False,1.2298,0.5,0.001564,0.554347,0.539996,25.584,brand='Tiffen'
478,0.751008,19,0.531441,0.962094,post_filter,False,0.79,1.0,0.973665,0.531441,0.963252,24.7034,"overall IN (1,2,5)"
479,0.836128,20,0.59049,0.808371,post_filter,False,0.8309,1.0,0.972304,0.59049,0.824764,24.9224,"overall IN (2,4,5)"
480,0.70348,19,0.531441,0.963252,post_filter,False,0.7945,1.0,0.973515,0.531441,0.964278,24.7325,"overall IN (1,5)"
481,0.230635,3,0.729974,0.851513,post_filter,False,0.4959,0.9,0.57273,0.729974,0.823634,25.0029,"main_cat IN ('Camera & Photo', 'Camera &amp; Photo', 'Cell Phones &amp; Accessories')"
482,0.751008,19,0.531441,0.964278,post_filter,False,0.7632,1.0,0.974561,0.531441,0.965306,24.9009,"overall IN (1,2,5)"
483,0.180604,1,0.461881,0.719584,pre_filter,False,27.7023,0.9,0.044602,0.420153,0.719584,25.0268,"main_cat IN ('Camera & Photo', 'Computers', 'Cell Phones &amp; Accessories')"
484,0.836128,20,0.59049,0.824764,post_filter,False,0.88,1.0,0.970668,0.59049,0.839355,35.2519,"overall IN (2,4,5)"
485,0.70348,19,0.531441,0.965306,post_filter,False,0.9962,1.0,0.966792,0.531441,0.965455,24.8123,"overall IN (1,5)"
486,0.339351,8,0.6561,0.941743,post_filter,False,0.596,1.0,0.980135,0.6561,0.945582,25.0309,"main_cat IN ('Home Audio & Theater', 'Camera &amp; Photo', 'Sports & Outdoors')"
487,0.728433,19,0.531441,0.965455,post_filter,False,0.339,0.9,0.575775,0.531441,0.926487,25.0103,"overall IN (2,3,5)"
488,0.751008,19,0.531441,0.926487,post_filter,False,0.768,1.0,0.9744,0.531441,0.931278,25.1337,"overall IN (1,2,5)"
489,0.050727,0,0.554347,0.539996,pre_filter,False,4.3283,0.9,0.498337,0.548746,0.539996,25.3578,"main_cat IN ('Computers', 'Tools & Home Improvement')"
490,0.610257,18,0.507675,0.922254,post_filter,False,0.8097,1.0,0.973011,0.507675,0.92733,24.9167,overall>=5.0
491,0.929351,21,1.0,0.960863,post_filter,True,0.769,1.0,0.974367,1.0,0.962213,25.1958,"overall IN (1,2,4,5)"
492,0.751008,19,0.531441,0.931278,post_filter,False,0.8429,1.0,0.971903,0.531441,0.935341,24.9478,"overall IN (1,2,5)"
493,0.680906,18,0.507675,0.92733,post_filter,False,0.6632,1.0,0.977893,0.507675,0.932386,24.96,"overall IN (3,5)"
494,0.248992,4,0.66911,0.95223,post_filter,False,0.9038,1.0,0.969872,0.66911,0.953994,24.7847,"overall IN (3,4)"
495,0.751008,19,0.531441,0.935341,post_filter,False,0.5567,1.0,0.981442,0.531441,0.939951,25.1309,"overall IN (1,2,5)"
496,0.248992,4,0.66911,0.953994,post_filter,False,0.8956,1.0,0.970146,0.66911,0.95561,24.9702,"overall IN (3,4)"
497,0.610257,18,0.507675,0.932386,post_filter,False,0.7788,1.0,0.97404,0.507675,0.936551,24.899,overall>=5.0
498,0.210713,2,0.678972,0.736242,post_filter,False,0.7795,1.0,0.974015,0.678972,0.760019,24.983,"main_cat IN ('Camera & Photo', 'Camera &amp; Photo')"
499,0.859249,20,0.59049,0.839355,post_filter,False,0.9517,0.9,0.563883,0.59049,0.811808,24.9964,overall>=3.0
500,0.859249,20,0.59049,0.811808,post_filter,False,0.13,0.0,0.0,0.59049,0.730627,25.0949,overall>=3.0
501,0.774129,19,0.531441,0.939951,post_filter,False,0.7717,1.0,0.974275,0.531441,0.943383,24.7981,"overall IN (1,3,5)"
502,0.319094,7,0.483618,0.805314,post_filter,False,0.3428,1.0,0.988572,0.483618,0.823639,25.3967,"overall IN (1,2,4)"
503,0.248992,4,0.66911,0.95561,post_filter,False,0.81,1.0,0.973,0.66911,0.957349,25.047,"overall IN (3,4)"
504,0.389743,11,0.729,0.781014,post_filter,False,0.9545,1.0,0.968182,0.729,0.799731,25.068,overall<=4.0
505,0.092237,0,0.548746,0.539996,pre_filter,False,15.114,1.0,0.496201,0.543492,0.539996,24.8931,main_cat='Home Audio &amp; Theater' AND overall>=3.0
506,0.7886,19,0.531441,0.943383,post_filter,False,0.5127,1.0,0.98291,0.531441,0.947336,24.9265,overall>=4.0
507,0.073033,0,0.543492,0.539996,post_filter,False,0.5179,0.9,0.572303,0.543492,0.543227,25.0776,brand='Tiffen'
508,0.160682,1,0.420153,0.719584,post_filter,False,0.7955,1.0,0.973482,0.420153,0.744974,25.0703,"main_cat IN ('Camera & Photo', 'Computers')"
509,0.389743,11,0.729,0.799731,pre_filter,False,29.7227,1.0,0.009244,0.657024,0.799731,25.1111,overall<=4.0
510,0.339351,8,0.6561,0.945582,post_filter,False,0.8316,1.0,0.972279,0.6561,0.948252,25.1205,"main_cat IN ('Home Audio & Theater', 'Camera &amp; Photo', 'Sports & Outdoors')"
511,0.610257,18,0.507675,0.936551,post_filter,False,0.7049,1.0,0.976504,0.507675,0.940547,25.1071,overall>=5.0
512,0.389743,11,0.657024,0.799731,post_filter,False,0.6702,1.0,0.977658,0.657024,0.817523,25.2084,overall<=4.0
513,0.180604,1,0.420153,0.744974,post_filter,False,1.0496,0.9,0.561982,0.420153,0.726675,25.0558,"main_cat IN ('Camera & Photo', 'Computers', 'Cell Phones &amp; Accessories')"
514,0.270385,5,0.740411,0.875348,post_filter,False,1.088,0.5,0.001572,0.740411,0.787971,25.4265,"main_cat IN ('Home Audio & Theater', 'Books', 'Tools & Home Improvement')"
515,0.728433,19,0.531441,0.947336,post_filter,False,0.317,0.8,0.17744,0.531441,0.870346,25.0079,"overall IN (2,3,5)"
516,0.140751,1,0.420153,0.726675,post_filter,False,0.8023,1.0,0.973256,0.420153,0.751333,24.8357,overall<=2.0
517,0.270385,5,0.740411,0.787971,pre_filter,False,40.0193,0.5,0.0,0.66637,0.787971,24.9608,"main_cat IN ('Home Audio & Theater', 'Books', 'Tools & Home Improvement')"
518,0.906777,21,1.0,0.962213,post_filter,True,0.8934,1.0,0.970219,1.0,0.963014,24.7376,overall>=2.0
519,0.7886,19,0.531441,0.870346,post_filter,False,0.8237,1.0,0.972544,0.531441,0.880566,25.4013,overall>=4.0
520,0.270385,5,0.66637,0.787971,post_filter,False,0.5287,1.0,0.982376,0.66637,0.807411,25.308,"main_cat IN ('Home Audio & Theater', 'Books', 'Tools & Home Improvement')"
521,0.821657,20,0.59049,0.730627,post_filter,False,0.8615,1.0,0.971283,0.59049,0.754693,24.9507,"overall IN (1,2,3,5)"
522,0.906777,21,1.0,0.963014,post_filter,True,0.7686,1.0,0.974381,1.0,0.96415,24.7233,overall>=2.0
523,0.300422,7,0.483618,0.823639,post_filter,False,0.8035,1.0,0.973217,0.483618,0.838597,25.0913,"main_cat IN ('All Electronics', 'Books', 'Sports & Outdoors')"
524,0.319094,7,0.483618,0.838597,post_filter,False,0.8525,1.0,0.971583,0.483618,0.851896,24.992,"overall IN (1,2,4)"
525,0.140751,1,0.420153,0.751333,post_filter,False,0.7795,1.0,0.974015,0.420153,0.773601,25.1375,overall<=2.0
526,0.836128,20,0.59049,0.754693,post_filter,False,0.901,1.0,0.969967,0.59049,0.77622,25.0248,"overall IN (2,4,5)"
527,0.300422,7,0.483618,0.851896,post_filter,False,0.9896,1.0,0.967013,0.483618,0.863407,25.2358,"main_cat IN ('All Electronics', 'Books', 'Sports & Outdoors')"
528,0.658182,18,0.507675,0.940547,post_filter,False,0.5373,1.0,0.982089,0.507675,0.944701,24.9042,verified=true AND overall>=3.0
529,0.680906,18,0.507675,0.944701,post_filter,False,0.8427,1.0,0.97191,0.507675,0.947422,25.1032,"overall IN (3,5)"
530,0.12068,1,0.420153,0.773601,post_filter,False,0.999,0.9,0.562964,0.420153,0.752537,24.8434,"main_cat IN ('Camera &amp; Photo', 'Cell Phones &amp; Accessories', 'Tools & Home Improvement')"
531,0.270385,5,0.66637,0.807411,post_filter,False,0.4859,1.0,0.983803,0.66637,0.82505,24.938,"main_cat IN ('Home Audio & Theater', 'Books', 'Tools & Home Improvement')"
532,0.210713,2,0.678972,0.760019,post_filter,False,0.8747,1.0,0.970843,0.678972,0.781102,24.905,"main_cat IN ('Camera & Photo', 'Camera &amp; Photo')"
533,0.389743,11,0.657024,0.817523,post_filter,False,0.4838,1.0,0.983872,0.657024,0.834158,24.9135,overall<=4.0
534,0.12068,1,0.420153,0.752537,post_filter,False,1.062,0.6,0.009741,0.420153,0.678258,25.2996,"main_cat IN ('Camera &amp; Photo', 'Cell Phones &amp; Accessories', 'Tools & Home Improvement')"
535,0.230635,3,0.729974,0.823634,post_filter,False,0.9637,0.9,0.563648,0.729974,0.797636,25.0848,"main_cat IN ('Camera & Photo', 'Camera &amp; Photo', 'Cell Phones &amp; Accessories')"
536,0.389743,11,0.657024,0.834158,post_filter,False,0.6923,1.0,0.976924,0.657024,0.848435,25.5407,overall<=4.0
537,0.210713,2,0.678972,0.781102,post_filter,False,0.867,1.0,0.971101,0.678972,0.800102,25.3706,"main_cat IN ('Camera & Photo', 'Camera &amp; Photo')"
538,0.140751,1,0.420153,0.678258,post_filter,False,1.3209,0.7,0.045101,0.420153,0.614942,25.8312,overall<=2.0
539,0.12068,1,0.420153,0.614942,post_filter,False,0.5216,1.0,0.982614,0.420153,0.651709,25.0727,"main_cat IN ('Camera &amp; Photo', 'Cell Phones &amp; Accessories', 'Tools & Home Improvement')"
540,0.073033,0,0.543492,0.543227,pre_filter,False,8.5881,0.0,0.0,0.489143,0.543227,26.1557,brand='Tiffen'
541,0.248992,4,0.66911,0.957349,pre_filter,False,35.5767,1.0,0.0,0.602199,0.957349,25.0165,"overall IN (3,4)"
542,0.319094,7,0.483618,0.863407,post_filter,False,0.851,1.0,0.971635,0.483618,0.87423,25.1971,"overall IN (1,2,4)"
543,0.906777,21,1.0,0.96415,post_filter,True,0.6867,1.0,0.97711,1.0,0.965446,24.8615,overall>=2.0
544,0.728433,19,0.531441,0.880566,pre_filter,False,40.108,0.9,0.0,0.478297,0.880566,24.9834,"overall IN (2,3,5)"
545,0.339351,8,0.6561,0.948252,post_filter,False,1.0318,1.0,0.965606,0.6561,0.949987,24.8573,"main_cat IN ('Home Audio & Theater', 'Camera &amp; Photo', 'Sports & Outdoors')"
546,0.210713,2,0.678972,0.800102,post_filter,False,0.5233,1.0,0.982556,0.678972,0.818347,25.1078,"main_cat IN ('Camera & Photo', 'Camera &amp; Photo')"
547,0.906777,21,1.0,0.965446,post_filter,True,0.9835,1.0,0.967215,1.0,0.965623,24.7675,overall>=2.0
548,0.929351,21,1.0,0.965623,post_filter,True,0.7914,1.0,0.973619,1.0,0.966423,24.9877,"overall IN (1,2,4,5)"
549,0.160682,1,0.420153,0.651709,post_filter,False,0.7445,1.0,0.975185,0.420153,0.684057,25.0473,"main_cat IN ('Camera & Photo', 'Computers')"
550,0.881823,20,0.59049,0.77622,post_filter,False,0.459,1.0,0.984701,0.59049,0.797068,24.8917,"overall IN (1,4,5)"
551,0.270385,5,0.66637,0.82505,post_filter,False,1.1046,1.0,0.963179,0.66637,0.838863,25.0002,"main_cat IN ('Home Audio & Theater', 'Books', 'Tools & Home Improvement')"
552,0.952472,21,1.0,0.966423,post_filter,True,0.6977,1.0,0.976743,1.0,0.967455,25.097,"overall IN (1,3,4,5)"
553,0.70348,19,0.478297,0.880566,pre_filter,False,32.8963,1.0,0.0,0.430467,0.880566,25.0068,"overall IN (1,5)"
554,0.821657,20,0.59049,0.797068,post_filter,False,0.7464,1.0,0.975119,0.59049,0.814873,24.9572,"overall IN (1,2,3,5)"
555,0.270385,5,0.66637,0.838863,post_filter,False,0.3351,0.8,0.177331,0.66637,0.77271,25.0789,"main_cat IN ('Home Audio & Theater', 'Books', 'Tools & Home Improvement')"
556,0.180604,1,0.420153,0.684057,post_filter,False,0.3369,0.8,0.177321,0.420153,0.633383,25.1045,"main_cat IN ('Camera & Photo', 'Computers', 'Cell Phones &amp; Accessories')"
557,0.836128,20,0.59049,0.814873,post_filter,False,0.7542,1.0,0.974861,0.59049,0.830872,24.9471,"overall IN (2,4,5)"
558,0.160682,1,0.420153,0.633383,post_filter,False,0.876,1.0,0.970799,0.420153,0.667125,25.256,"main_cat IN ('Camera & Photo', 'Computers')"
559,0.610257,18,0.507675,0.947422,pre_filter,False,48.9609,1.0,0.0,0.456907,0.947422,25.0828,overall>=5.0
560,0.658182,18,0.456907,0.947422,post_filter,False,0.9495,1.0,0.96835,0.456907,0.949515,25.0709,verified=true AND overall>=3.0
561,0.389743,11,0.657024,0.848435,post_filter,False,0.901,1.0,0.969967,0.657024,0.860588,25.0708,overall<=4.0
562,0.610257,18,0.456907,0.949515,post_filter,False,1.0375,0.9,0.562216,0.456907,0.910785,24.8583,overall>=5.0
563,0.929351,21,1.0,0.967455,post_filter,True,0.8318,1.0,0.972274,1.0,0.967937,24.7794,"overall IN (1,2,4,5)"
564,0.248992,4,0.602199,0.957349,post_filter,False,0.9974,1.0,0.966753,0.602199,0.958289,25.143,"overall IN (3,4)"
565,0.610257,18,0.456907,0.910785,post_filter,False,0.8032,0.8889,0.500556,0.456907,0.869762,26.2777,overall>=5.0
566,0.050727,0,0.489143,0.543227,post_filter,False,0.9464,1.0,0.968453,0.489143,0.585749,26.3201,"main_cat IN ('Computers', 'Tools & Home Improvement')"
567,0.092237,0,0.489143,0.585749,post_filter,False,1.186,1.0,0.960468,0.489143,0.623221,26.3525,main_cat='Home Audio &amp; Theater' AND overall>=3.0
568,0.319094,7,0.483618,0.87423,post_filter,False,0.9152,1.0,0.969494,0.483618,0.883757,25.1818,"overall IN (1,2,4)"
569,0.658182,18,0.456907,0.869762,post_filter,False,1.0422,1.0,0.965261,0.456907,0.879312,24.9793,verified=true AND overall>=3.0
570,0.389743,11,0.657024,0.860588,post_filter,False,0.7375,1.0,0.975415,0.657024,0.872071,25.1128,overall<=4.0
571,0.210713,2,0.678972,0.818347,post_filter,False,0.3139,0.2,0.0,0.678972,0.736512,24.9112,"main_cat IN ('Camera & Photo', 'Camera &amp; Photo')"
572,0.180604,1,0.420153,0.667125,post_filter,False,0.9075,1.0,0.969751,0.420153,0.697387,25.13,"main_cat IN ('Camera & Photo', 'Computers', 'Cell Phones &amp; Accessories')"
573,0.70348,19,0.430467,0.880566,post_filter,False,0.7418,0.9,0.567957,0.430467,0.849305,25.0358,"overall IN (1,5)"
574,0.300422,7,0.483618,0.883757,post_filter,False,0.7828,1.0,0.973906,0.483618,0.892771,25.1003,"main_cat IN ('All Electronics', 'Books', 'Sports & Outdoors')"
575,0.073033,0,0.489143,0.623221,pre_filter,False,2.0733,0.0,0.0,0.440228,0.623221,24.9416,brand='Tiffen'
576,0.073033,0,0.440228,0.623221,post_filter,False,1.1008,1.0,0.963307,0.440228,0.65723,24.9448,brand='Tiffen'
577,0.248992,4,0.602199,0.958289,post_filter,False,0.7828,1.0,0.973906,0.602199,0.959851,24.9093,"overall IN (3,4)"
578,0.610257,18,0.456907,0.879312,post_filter,False,0.86,1.0,0.971335,0.456907,0.888514,24.946,overall>=5.0
579,0.728433,19,0.430467,0.849305,post_filter,False,0.8475,1.0,0.971749,0.430467,0.861549,24.6989,"overall IN (2,3,5)"
580,0.929351,21,1.0,0.967937,post_filter,True,0.7477,1.0,0.975078,1.0,0.968651,24.9332,"overall IN (1,2,4,5)"
581,0.881823,20,0.59049,0.830872,post_filter,False,0.5642,0.9,0.571403,0.59049,0.804925,25.073,"overall IN (1,4,5)"
582,0.751008,19,0.430467,0.861549,post_filter,False,0.8156,1.0,0.972814,0.430467,0.872676,25.0935,"overall IN (1,2,5)"
583,0.774129,19,0.430467,0.872676,post_filter,False,0.6081,1.0,0.979729,0.430467,0.883381,25.0074,"overall IN (1,3,5)"
584,0.610257,18,0.456907,0.888514,post_filter,False,0.351,1.0,0.988301,0.456907,0.898493,24.9695,overall>=5.0
585,0.248992,4,0.602199,0.959851,post_filter,False,0.7633,0.9,0.567539,0.602199,0.920619,25.1441,"overall IN (3,4)"
586,0.680906,18,0.456907,0.898493,post_filter,False,0.8662,1.0,0.971128,0.456907,0.905756,24.9836,"overall IN (3,5)"
587,0.050727,0,0.440228,0.65723,pre_filter,False,9.6995,1.0,0.676685,0.463874,0.65723,25.2997,"main_cat IN ('Computers', 'Tools & Home Improvement')"
588,0.906777,21,1.0,0.968651,post_filter,True,0.2342,0.2,0.0,1.0,0.871786,25.0367,overall>=2.0
589,0.12068,1,0.420153,0.697387,post_filter,False,1.4077,0.8,0.170919,0.420153,0.644741,25.1301,"main_cat IN ('Camera &amp; Photo', 'Cell Phones &amp; Accessories', 'Tools & Home Improvement')"
590,0.339351,8,0.6561,0.949987,post_filter,False,0.9422,1.0,0.968594,0.6561,0.951848,36.2437,"main_cat IN ('Home Audio & Theater', 'Camera &amp; Photo', 'Sports & Outdoors')"
591,0.140751,1,0.420153,0.644741,post_filter,False,0.9209,0.9,0.564481,0.420153,0.636715,25.1539,overall<=2.0
592,0.929351,21,1.0,0.871786,post_filter,True,1.0605,1.0,0.96465,1.0,0.881072,25.0533,"overall IN (1,2,4,5)"
593,0.230635,3,0.729974,0.797636,post_filter,False,0.4397,0.9,0.573821,0.729974,0.775254,25.0448,"main_cat IN ('Camera & Photo', 'Camera &amp; Photo', 'Cell Phones &amp; Accessories')"
594,0.821657,20,0.59049,0.804925,post_filter,False,0.5145,1.0,0.982849,0.59049,0.822717,25.1873,"overall IN (1,2,3,5)"
595,0.300422,7,0.483618,0.892771,post_filter,False,0.875,1.0,0.970835,0.483618,0.900578,24.8908,"main_cat IN ('All Electronics', 'Books', 'Sports & Outdoors')"
596,0.836128,20,0.59049,0.822717,post_filter,False,0.7298,1.0,0.975674,0.59049,0.838013,25.0178,"overall IN (2,4,5)"
597,0.319094,7,0.483618,0.900578,post_filter,False,0.9359,1.0,0.968804,0.483618,0.9074,25.2293,"overall IN (1,2,4)"
598,0.300422,7,0.483618,0.9074,post_filter,False,0.926,1.0,0.969135,0.483618,0.913574,25.211,"main_cat IN ('All Electronics', 'Books', 'Sports & Outdoors')"
599,0.073033,0,0.463874,0.65723,post_filter,False,0.708,1.0,0.976399,0.463874,0.689147,25.3523,brand='Tiffen'
600,0.319094,7,0.483618,0.913574,post_filter,False,0.9079,1.0,0.969737,0.483618,0.91919,24.8109,"overall IN (1,2,4)"
601,0.073033,0,0.463874,0.689147,post_filter,False,0.8199,1.0,0.972669,0.463874,0.717499,25.1102,brand='Tiffen'
602,0.70348,19,0.430467,0.883381,post_filter,False,0.8658,1.0,0.97114,0.430467,0.892157,24.7744,"overall IN (1,5)"
603,0.680906,18,0.456907,0.905756,post_filter,False,0.6994,1.0,0.976686,0.456907,0.912849,24.9526,"overall IN (3,5)"
604,0.180604,1,0.420153,0.636715,post_filter,False,0.8164,1.0,0.972787,0.420153,0.670322,25.0156,"main_cat IN ('Camera & Photo', 'Computers', 'Cell Phones &amp; Accessories')"
605,0.300422,7,0.483618,0.91919,post_filter,False,0.7555,0.9,0.567691,0.483618,0.88404,25.1365,"main_cat IN ('All Electronics', 'Books', 'Sports & Outdoors')"
606,0.680906,18,0.456907,0.912849,post_filter,False,0.8412,1.0,0.971961,0.456907,0.91876,24.8372,"overall IN (3,5)"
607,0.248992,4,0.602199,0.920619,post_filter,False,0.9083,1.0,0.969724,0.602199,0.92553,24.6362,"overall IN (3,4)"
608,0.092237,0,0.463874,0.717499,post_filter,False,0.755,1.0,0.974833,0.463874,0.743232,25.1261,main_cat='Home Audio &amp; Theater' AND overall>=3.0
609,0.319094,7,0.483618,0.88404,post_filter,False,0.5207,0.9,0.572248,0.483618,0.852861,24.9584,"overall IN (1,2,4)"
610,0.658182,18,0.456907,0.91876,post_filter,False,0.824,1.0,0.972535,0.456907,0.924138,25.1775,verified=true AND overall>=3.0
611,0.389743,11,0.657024,0.872071,post_filter,False,0.6143,1.0,0.979522,0.657024,0.882816,24.9875,overall<=4.0
612,0.836128,20,0.59049,0.838013,post_filter,False,0.7215,1.0,0.97595,0.59049,0.851807,25.2336,"overall IN (2,4,5)"
613,0.680906,18,0.456907,0.924138,post_filter,False,0.6788,1.0,0.977374,0.456907,0.929461,24.9864,"overall IN (3,5)"
614,0.230635,3,0.729974,0.775254,post_filter,False,0.9398,1.0,0.968674,0.729974,0.794596,25.1192,"main_cat IN ('Camera & Photo', 'Camera &amp; Photo', 'Cell Phones &amp; Accessories')"
615,0.881823,20,0.59049,0.851807,post_filter,False,0.7947,1.0,0.97351,0.59049,0.863977,25.1032,"overall IN (1,4,5)"
616,0.728433,19,0.430467,0.892157,post_filter,False,0.4503,1.0,0.984989,0.430467,0.90144,25.0742,"overall IN (2,3,5)"
617,0.774129,19,0.430467,0.90144,post_filter,False,0.5359,1.0,0.982136,0.430467,0.90951,25.269,"overall IN (1,3,5)"
618,0.728433,19,0.430467,0.90951,post_filter,False,0.7875,1.0,0.973749,0.430467,0.915934,24.7747,"overall IN (2,3,5)"
619,0.12068,1,0.420153,0.670322,post_filter,False,0.9116,0.9,0.564661,0.420153,0.659756,25.0367,"main_cat IN ('Camera &amp; Photo', 'Cell Phones &amp; Accessories', 'Tools & Home Improvement')"
620,0.140751,1,0.420153,0.659756,post_filter,False,0.747,1.0,0.975099,0.420153,0.69129,24.8287,overall<=2.0
621,0.12068,1,0.420153,0.69129,post_filter,False,0.9764,1.0,0.967454,0.420153,0.718907,24.8444,"main_cat IN ('Camera &amp; Photo', 'Cell Phones &amp; Accessories', 'Tools & Home Improvement')"
622,0.319094,7,0.483618,0.852861,post_filter,False,0.6874,1.0,0.977087,0.483618,0.865284,24.701,"overall IN (1,2,4)"
623,0.300422,7,0.483618,0.865284,post_filter,False,0.8104,1.0,0.972986,0.483618,0.876054,24.9188,"main_cat IN ('All Electronics', 'Books', 'Sports & Outdoors')"
624,0.859249,20,0.59049,0.863977,post_filter,False,0.8605,1.0,0.971315,0.59049,0.874711,24.9364,overall>=3.0
625,0.270385,5,0.66637,0.77271,post_filter,False,0.7221,1.0,0.975931,0.66637,0.793032,25.1352,"main_cat IN ('Home Audio & Theater', 'Books', 'Tools & Home Improvement')"
626,0.680906,18,0.456907,0.929461,post_filter,False,0.2878,0.9,0.576771,0.456907,0.894192,24.8087,"overall IN (3,5)"
627,0.300422,7,0.483618,0.876054,post_filter,False,0.8595,1.0,0.971349,0.483618,0.885583,24.7522,"main_cat IN ('All Electronics', 'Books', 'Sports & Outdoors')"
628,0.836128,20,0.59049,0.874711,post_filter,False,0.7397,1.0,0.975343,0.59049,0.884774,24.9122,"overall IN (2,4,5)"
629,0.140751,1,0.420153,0.718907,post_filter,False,1.3169,0.0,0.0,0.420153,0.647016,28.7873,overall<=2.0
630,0.180604,1,0.420153,0.647016,post_filter,False,0.7961,0.9,0.566903,0.420153,0.639005,24.99,"main_cat IN ('Camera & Photo', 'Computers', 'Cell Phones &amp; Accessories')"
631,0.728433,19,0.430467,0.915934,post_filter,False,0.1147,0.0,0.0,0.430467,0.82434,24.7526,"overall IN (2,3,5)"
632,0.658182,18,0.456907,0.894192,post_filter,False,0.8429,1.0,0.971903,0.456907,0.901963,25.0005,verified=true AND overall>=3.0
633,0.319094,7,0.483618,0.885583,pre_filter,False,5.3493,0.8,0.147358,0.449992,0.885583,24.8383,"overall IN (1,2,4)"
634,0.658182,18,0.456907,0.901963,post_filter,False,0.6766,1.0,0.977447,0.456907,0.909512,25.0935,verified=true AND overall>=3.0
635,0.073033,0,0.463874,0.743232,post_filter,False,0.7462,1.0,0.975128,0.463874,0.766422,24.9067,brand='Tiffen'
636,0.073033,0,0.463874,0.766422,post_filter,False,0.6717,1.0,0.977608,0.463874,0.787541,25.1711,brand='Tiffen'
637,0.073033,0,0.463874,0.787541,pre_filter,False,9.5798,0.8,0.122068,0.429693,0.787541,25.2187,brand='Tiffen'
638,0.140751,1,0.420153,0.639005,post_filter,False,1.204,0.6,0.009694,0.420153,0.576074,26.0555,overall<=2.0
639,0.7886,19,0.430467,0.82434,post_filter,False,0.732,1.0,0.9756,0.430467,0.839466,25.1188,overall>=4.0
640,0.270385,5,0.66637,0.793032,post_filter,False,0.8084,1.0,0.973054,0.66637,0.811034,24.7173,"main_cat IN ('Home Audio & Theater', 'Books', 'Tools & Home Improvement')"
641,0.859249,20,0.59049,0.884774,post_filter,False,0.9515,1.0,0.968283,0.59049,0.893125,24.9123,overall>=3.0
642,0.610257,18,0.456907,0.909512,post_filter,False,0.6927,1.0,0.976908,0.456907,0.916251,25.0512,overall>=5.0
643,0.658182,18,0.456907,0.916251,post_filter,False,0.8495,1.0,0.971683,0.456907,0.921795,24.9568,verified=true AND overall>=3.0
644,0.389743,11,0.657024,0.882816,post_filter,False,0.7564,1.0,0.974786,0.657024,0.892013,25.1547,overall<=4.0
645,0.140751,1,0.420153,0.576074,post_filter,False,0.9343,1.0,0.968856,0.420153,0.615352,24.9327,overall<=2.0
646,0.728433,19,0.430467,0.839466,post_filter,False,0.5888,1.0,0.980374,0.430467,0.853557,25.1581,"overall IN (2,3,5)"
647,0.929351,21,1.0,0.881072,post_filter,True,0.4715,1.0,0.984283,1.0,0.891393,24.8828,"overall IN (1,2,4,5)"
648,0.658182,18,0.456907,0.921795,post_filter,False,1.0504,1.0,0.964986,0.456907,0.926114,24.7586,verified=true AND overall>=3.0
649,0.140751,1,0.420153,0.615352,post_filter,False,1.0078,0.8,0.17331,0.420153,0.571148,24.7434,overall<=2.0
650,0.270385,5,0.66637,0.811034,post_filter,False,0.8497,1.0,0.971676,0.66637,0.827099,24.8291,"main_cat IN ('Home Audio & Theater', 'Books', 'Tools & Home Improvement')"
651,0.952472,21,1.0,0.891393,post_filter,True,0.983,1.0,0.967233,1.0,0.898977,25.085,"overall IN (1,3,4,5)"
652,0.728433,19,0.430467,0.853557,post_filter,False,0.9473,1.0,0.968424,0.430467,0.865044,25.0159,"overall IN (2,3,5)"
653,0.270385,5,0.66637,0.827099,post_filter,False,0.8621,0.8,0.174181,0.66637,0.761807,25.056,"main_cat IN ('Home Audio & Theater', 'Books', 'Tools & Home Improvement')"
654,0.160682,1,0.420153,0.571148,post_filter,False,0.8434,1.0,0.971886,0.420153,0.611221,24.9407,"main_cat IN ('Camera & Photo', 'Computers')"
655,0.319094,7,0.449992,0.885583,post_filter,False,0.7458,1.0,0.975139,0.449992,0.894539,25.1895,"overall IN (1,2,4)"
656,0.728433,19,0.430467,0.865044,post_filter,False,0.4977,1.0,0.983411,0.430467,0.87688,25.0401,"overall IN (2,3,5)"
657,0.821657,20,0.59049,0.893125,post_filter,False,0.3694,0.9,0.575186,0.59049,0.861331,24.9293,"overall IN (1,2,3,5)"
658,0.881823,20,0.59049,0.861331,post_filter,False,0.9536,1.0,0.968212,0.59049,0.872019,24.739,"overall IN (1,4,5)"
659,0.248992,4,0.602199,0.92553,post_filter,False,0.9318,1.0,0.968939,0.602199,0.929871,24.9465,"overall IN (3,4)"
660,0.70348,19,0.430467,0.87688,post_filter,False,0.8437,0.9,0.565978,0.430467,0.84579,24.6857,"overall IN (1,5)"
661,0.270385,5,0.66637,0.761807,post_filter,False,0.8788,1.0,0.970706,0.66637,0.782697,24.8853,"main_cat IN ('Home Audio & Theater', 'Books', 'Tools & Home Improvement')"
662,0.658182,18,0.456907,0.926114,post_filter,False,0.1347,0.0,0.0,0.456907,0.833502,25.0447,verified=true AND overall>=3.0
663,0.881823,20,0.59049,0.872019,post_filter,False,0.7452,1.0,0.97516,0.59049,0.882333,24.9942,"overall IN (1,4,5)"
664,0.658182,18,0.456907,0.833502,post_filter,False,0.8992,1.0,0.970026,0.456907,0.847155,25.0217,verified=true AND overall>=3.0
665,0.680906,18,0.456907,0.847155,post_filter,False,0.6344,0.9,0.570041,0.456907,0.819443,24.9864,"overall IN (3,5)"
666,0.610257,18,0.456907,0.819443,post_filter,False,0.8108,1.0,0.972972,0.456907,0.834796,24.892,overall>=5.0
667,0.7886,19,0.430467,0.84579,post_filter,False,0.616,1.0,0.979465,0.430467,0.859158,24.9993,overall>=4.0
668,0.70348,19,0.430467,0.859158,post_filter,False,1.0881,1.0,0.963729,0.430467,0.869615,25.1099,"overall IN (1,5)"
669,0.248992,4,0.602199,0.929871,post_filter,False,0.4269,0.9,0.57407,0.602199,0.894291,24.8957,"overall IN (3,4)"
670,0.610257,18,0.456907,0.834796,post_filter,False,0.8931,1.0,0.970231,0.456907,0.84834,24.9969,overall>=5.0
671,0.881823,20,0.59049,0.882333,pre_filter,False,47.462,1.0,0.0,0.531441,0.882333,25.1182,"overall IN (1,4,5)"
672,0.050727,0,0.429693,0.787541,post_filter,False,1.367,0.4,0.000167,0.429693,0.708803,25.4321,"main_cat IN ('Computers', 'Tools & Home Improvement')"
673,0.300422,7,0.449992,0.894539,post_filter,False,0.9349,1.0,0.968836,0.449992,0.901969,24.6234,"main_cat IN ('All Electronics', 'Books', 'Sports & Outdoors')"
674,0.270385,5,0.66637,0.782697,post_filter,False,0.7639,0.9,0.567528,0.66637,0.76118,24.928,"main_cat IN ('Home Audio & Theater', 'Books', 'Tools & Home Improvement')"
675,0.774129,19,0.430467,0.869615,post_filter,False,0.7363,1.0,0.975458,0.430467,0.880199,24.8639,"overall IN (1,3,5)"
676,0.12068,1,0.420153,0.611221,post_filter,False,1.0567,1.0,0.964778,0.420153,0.646577,24.9168,"main_cat IN ('Camera &amp; Photo', 'Cell Phones &amp; Accessories', 'Tools & Home Improvement')"
677,0.339351,8,0.6561,0.951848,post_filter,False,0.3603,1.0,0.987989,0.6561,0.955462,24.8614,"main_cat IN ('Home Audio & Theater', 'Camera &amp; Photo', 'Sports & Outdoors')"
678,0.70348,19,0.430467,0.880199,post_filter,False,0.6271,1.0,0.979097,0.430467,0.890089,25.0554,"overall IN (1,5)"
679,0.248992,4,0.602199,0.894291,post_filter,False,0.9207,1.0,0.969308,0.602199,0.901792,24.7519,"overall IN (3,4)"
680,0.859249,20,0.531441,0.882333,post_filter,False,0.8313,0.9,0.566221,0.531441,0.850722,25.0165,overall>=3.0
681,0.929351,21,1.0,0.898977,post_filter,True,0.803,1.0,0.973233,1.0,0.906403,25.0601,"overall IN (1,2,4,5)"
682,0.821657,20,0.531441,0.850722,post_filter,False,0.7489,1.0,0.975036,0.531441,0.863153,24.9891,"overall IN (1,2,3,5)"
683,0.906777,21,1.0,0.906403,post_filter,True,0.8832,1.0,0.97056,1.0,0.912819,24.9195,overall>=2.0
684,0.7886,19,0.430467,0.890089,post_filter,False,0.9706,1.0,0.967646,0.430467,0.897845,24.838,overall>=4.0
685,0.751008,19,0.430467,0.897845,post_filter,False,0.7658,1.0,0.974474,0.430467,0.905508,25.1363,"overall IN (1,2,5)"
686,0.050727,0,0.429693,0.708803,post_filter,False,1.3533,0.9,0.556087,0.429693,0.693532,25.4235,"main_cat IN ('Computers', 'Tools & Home Improvement')"
687,0.728433,19,0.430467,0.905508,post_filter,False,0.9962,1.0,0.966794,0.430467,0.911636,24.7778,"overall IN (2,3,5)"
688,0.610257,18,0.456907,0.84834,post_filter,False,0.6405,1.0,0.978651,0.456907,0.861371,24.7671,overall>=5.0
689,0.230635,3,0.729974,0.794596,post_filter,False,0.9202,1.0,0.969328,0.729974,0.812069,24.8348,"main_cat IN ('Camera & Photo', 'Camera &amp; Photo', 'Cell Phones &amp; Accessories')"
690,0.751008,19,0.430467,0.911636,post_filter,False,0.702,1.0,0.976599,0.430467,0.918133,24.8438,"overall IN (1,2,5)"
691,0.859249,20,0.531441,0.863153,post_filter,False,0.8625,1.0,0.97125,0.531441,0.873963,24.929,overall>=3.0
692,0.836128,20,0.531441,0.873963,post_filter,False,0.6932,1.0,0.976893,0.531441,0.884256,24.8267,"overall IN (2,4,5)"
693,0.70348,19,0.430467,0.918133,post_filter,False,0.8545,1.0,0.971517,0.430467,0.923471,24.7878,"overall IN (1,5)"
694,0.70348,19,0.430467,0.923471,post_filter,False,0.6379,0.9,0.569973,0.430467,0.888121,25.119,"overall IN (1,5)"
695,0.210713,2,0.678972,0.736512,pre_filter,False,24.8291,1.0,0.172364,0.628311,0.736512,25.1444,"main_cat IN ('Camera & Photo', 'Camera &amp; Photo')"
696,0.821657,20,0.531441,0.884256,pre_filter,False,34.0635,1.0,0.0,0.478297,0.884256,25.0998,"overall IN (1,2,3,5)"
697,0.073033,0,0.429693,0.693532,pre_filter,False,9.9738,1.0,0.66754,0.453478,0.693532,25.1603,brand='Tiffen'
698,0.70348,19,0.430467,0.888121,post_filter,False,0.7468,1.0,0.975107,0.430467,0.89682,25.0027,"overall IN (1,5)"
699,0.610257,18,0.456907,0.861371,post_filter,False,0.6781,1.0,0.977397,0.456907,0.872974,24.9687,overall>=5.0
700,0.160682,1,0.420153,0.646577,post_filter,False,0.6104,1.0,0.979654,0.420153,0.679885,31.3506,"main_cat IN ('Camera & Photo', 'Computers')"
701,0.658182,18,0.456907,0.872974,post_filter,False,1.0475,1.0,0.965083,0.456907,0.882185,27.3769,verified=true AND overall>=3.0
702,0.751008,19,0.430467,0.89682,post_filter,False,0.861,1.0,0.971301,0.430467,0.904268,24.8958,"overall IN (1,2,5)"
703,0.821657,20,0.478297,0.884256,post_filter,False,0.6759,1.0,0.977469,0.478297,0.893577,25.0106,"overall IN (1,2,3,5)"
704,0.728433,19,0.430467,0.904268,post_filter,False,0.9201,1.0,0.969331,0.430467,0.910774,25.0295,"overall IN (2,3,5)"
705,0.836128,20,0.478297,0.893577,post_filter,False,0.76,1.0,0.974668,0.478297,0.901686,24.8095,"overall IN (2,4,5)"
706,0.881823,20,0.478297,0.901686,post_filter,False,0.8552,1.0,0.971493,0.478297,0.908667,24.8544,"overall IN (1,4,5)"
707,0.319094,7,0.449992,0.901969,post_filter,False,0.6548,0.9,0.569645,0.449992,0.868736,24.8342,"overall IN (1,2,4)"
708,0.140751,1,0.420153,0.679885,post_filter,False,0.8531,1.0,0.971562,0.420153,0.709053,25.138,overall<=2.0
709,0.881823,20,0.478297,0.908667,post_filter,False,0.7537,1.0,0.974876,0.478297,0.915288,24.7144,"overall IN (1,4,5)"
710,0.774129,19,0.430467,0.910774,post_filter,False,0.5415,1.0,0.981951,0.430467,0.917892,25.036,"overall IN (1,3,5)"
711,0.210713,2,0.628311,0.736512,post_filter,False,0.3289,0.8,0.177368,0.628311,0.680598,24.952,"main_cat IN ('Camera & Photo', 'Camera &amp; Photo')"
712,0.073033,0,0.453478,0.693532,post_filter,False,0.4495,0.8,0.176647,0.453478,0.641843,25.3813,brand='Tiffen'
713,0.70348,19,0.430467,0.917892,post_filter,False,0.611,1.0,0.979632,0.430467,0.924066,25.3569,"overall IN (1,5)"
714,0.7886,19,0.430467,0.924066,post_filter,False,0.7606,0.9,0.567592,0.430467,0.888419,25.023,overall>=4.0
715,0.12068,1,0.420153,0.709053,post_filter,False,1.0952,0.9,0.561097,0.420153,0.694257,25.1094,"main_cat IN ('Camera &amp; Photo', 'Cell Phones &amp; Accessories', 'Tools & Home Improvement')"
716,0.180604,1,0.420153,0.694257,post_filter,False,0.8679,1.0,0.971071,0.420153,0.721938,24.8393,"main_cat IN ('Camera & Photo', 'Computers', 'Cell Phones &amp; Accessories')"
717,0.050727,0,0.453478,0.641843,pre_filter,False,9.5102,1.0,0.682993,0.47643,0.641843,24.8347,"main_cat IN ('Computers', 'Tools & Home Improvement')"
718,0.389743,11,0.657024,0.892013,post_filter,False,0.2165,0.0,0.0,0.657024,0.802812,25.0511,overall<=4.0
719,0.270385,5,0.66637,0.76118,post_filter,False,0.3206,0.1,0.0,0.66637,0.685062,25.2131,"main_cat IN ('Home Audio & Theater', 'Books', 'Tools & Home Improvement')"
720,0.339351,8,0.6561,0.955462,post_filter,False,0.9326,1.0,0.968914,0.6561,0.956807,24.9697,"main_cat IN ('Home Audio & Theater', 'Camera &amp; Photo', 'Sports & Outdoors')"
721,0.140751,1,0.420153,0.721938,post_filter,False,1.313,0.5,0.00156,0.420153,0.649901,25.8867,overall<=2.0
722,0.339351,8,0.6561,0.956807,post_filter,False,0.7733,0.8,0.174712,0.6561,0.878598,25.0625,"main_cat IN ('Home Audio & Theater', 'Camera &amp; Photo', 'Sports & Outdoors')"
723,0.7886,19,0.430467,0.888419,pre_filter,False,85.3877,1.0,0.0,0.38742,0.888419,25.2998,overall>=4.0
724,0.180604,1,0.420153,0.649901,post_filter,False,0.6998,1.0,0.976672,0.420153,0.682578,25.0164,"main_cat IN ('Camera & Photo', 'Computers', 'Cell Phones &amp; Accessories')"
725,0.339351,8,0.6561,0.878598,post_filter,False,0.6618,1.0,0.97794,0.6561,0.888532,25.1486,"main_cat IN ('Home Audio & Theater', 'Camera &amp; Photo', 'Sports & Outdoors')"
726,0.658182,18,0.456907,0.882185,post_filter,False,0.6996,1.0,0.976681,0.456907,0.891634,24.8816,verified=true AND overall>=3.0
727,0.836128,20,0.478297,0.915288,post_filter,False,0.9297,1.0,0.96901,0.478297,0.92066,24.9796,"overall IN (2,4,5)"
728,0.728433,19,0.38742,0.888419,post_filter,False,0.9623,1.0,0.967922,0.38742,0.896369,24.9952,"overall IN (2,3,5)"
729,0.952472,21,1.0,0.912819,post_filter,True,0.7441,1.0,0.975197,1.0,0.919056,24.687,"overall IN (1,3,4,5)"
730,0.610257,18,0.456907,0.891634,post_filter,False,0.3408,1.0,0.988642,0.456907,0.901335,25.0298,overall>=5.0
731,0.906777,21,1.0,0.919056,post_filter,True,0.9267,1.0,0.969108,1.0,0.924062,24.8706,overall>=2.0
732,0.906777,21,1.0,0.924062,post_filter,True,0.8359,1.0,0.972136,1.0,0.928869,24.9983,overall>=2.0
733,0.821657,20,0.478297,0.92066,post_filter,False,0.8625,1.0,0.97125,0.478297,0.925719,25.0025,"overall IN (1,2,3,5)"
734,0.821657,20,0.478297,0.925719,post_filter,False,0.3163,1.0,0.989456,0.478297,0.932093,25.1363,"overall IN (1,2,3,5)"
735,0.073033,0,0.47643,0.641843,post_filter,False,1.1859,0.7,0.045314,0.47643,0.58219,25.3599,brand='Tiffen'
736,0.7886,19,0.38742,0.896369,post_filter,False,0.8199,1.0,0.972669,0.38742,0.903999,24.7903,overall>=4.0
737,0.140751,1,0.420153,0.682578,pre_filter,False,9.6422,0.3,7e-06,0.378138,0.682578,27.5714,overall<=2.0
738,0.658182,18,0.456907,0.901335,post_filter,False,0.7162,1.0,0.976128,0.456907,0.908814,24.8221,verified=true AND overall>=3.0
739,0.180604,1,0.378138,0.682578,post_filter,False,0.4058,1.0,0.986472,0.378138,0.712967,24.8542,"main_cat IN ('Camera & Photo', 'Computers', 'Cell Phones &amp; Accessories')"
740,0.680906,18,0.456907,0.908814,post_filter,False,0.7698,1.0,0.974339,0.456907,0.915367,24.7397,"overall IN (3,5)"
741,0.270385,5,0.66637,0.685062,post_filter,False,0.8591,1.0,0.971363,0.66637,0.713692,24.739,"main_cat IN ('Home Audio & Theater', 'Books', 'Tools & Home Improvement')"
742,0.774129,19,0.38742,0.903999,post_filter,False,0.1249,0.0,0.0,0.38742,0.813599,24.8255,"overall IN (1,3,5)"
743,0.610257,18,0.456907,0.915367,post_filter,False,0.8165,1.0,0.972782,0.456907,0.921108,24.7945,overall>=5.0
744,0.658182,18,0.456907,0.921108,post_filter,False,0.8097,1.0,0.97301,0.456907,0.926298,24.7737,verified=true AND overall>=3.0
745,0.319094,7,0.449992,0.868736,post_filter,False,0.8264,1.0,0.972454,0.449992,0.879108,25.0745,"overall IN (1,2,4)"
746,0.270385,5,0.66637,0.713692,post_filter,False,0.7268,1.0,0.975774,0.66637,0.7399,24.8967,"main_cat IN ('Home Audio & Theater', 'Books', 'Tools & Home Improvement')"
747,0.160682,1,0.378138,0.712967,post_filter,False,0.8047,1.0,0.973178,0.378138,0.738988,24.7058,"main_cat IN ('Camera & Photo', 'Computers')"
748,0.389743,11,0.657024,0.802812,post_filter,False,0.721,1.0,0.975967,0.657024,0.820127,24.9375,overall<=4.0
749,0.952472,21,1.0,0.928869,post_filter,True,0.8926,1.0,0.970247,1.0,0.933007,24.7558,"overall IN (1,3,4,5)"
750,0.680906,18,0.456907,0.926298,post_filter,False,0.7373,1.0,0.975425,0.456907,0.931211,24.9399,"overall IN (3,5)"
751,0.270385,5,0.66637,0.7399,post_filter,False,0.5839,1.0,0.980536,0.66637,0.763964,25.3221,"main_cat IN ('Home Audio & Theater', 'Books', 'Tools & Home Improvement')"
752,0.680906,18,0.456907,0.931211,post_filter,False,0.9,1.0,0.969999,0.456907,0.93509,24.6765,"overall IN (3,5)"
753,0.300422,7,0.449992,0.879108,post_filter,False,0.6675,0.9,0.569399,0.449992,0.848137,24.8586,"main_cat IN ('All Electronics', 'Books', 'Sports & Outdoors')"
754,0.774129,19,0.38742,0.813599,post_filter,False,0.4928,1.0,0.983575,0.38742,0.830597,24.8141,"overall IN (1,3,5)"
755,0.836128,20,0.478297,0.932093,post_filter,False,0.8609,1.0,0.971304,0.478297,0.936014,24.6533,"overall IN (2,4,5)"
756,0.906777,21,1.0,0.933007,post_filter,True,0.6833,1.0,0.977224,1.0,0.937429,24.8056,overall>=2.0
757,0.821657,20,0.478297,0.936014,post_filter,False,0.5835,1.0,0.980549,0.478297,0.940467,24.8058,"overall IN (1,2,3,5)"
758,0.774129,19,0.38742,0.830597,post_filter,False,0.7753,1.0,0.974156,0.38742,0.844953,24.8015,"overall IN (1,3,5)"
759,0.751008,19,0.38742,0.844953,post_filter,False,0.757,1.0,0.974765,0.38742,0.857934,24.7732,"overall IN (1,2,5)"
760,0.859249,20,0.478297,0.940467,post_filter,False,0.3339,0.7778,0.133801,0.478297,0.859801,24.7033,overall>=3.0
761,0.7886,19,0.38742,0.857934,post_filter,False,0.8609,1.0,0.971304,0.38742,0.869271,24.6917,overall>=4.0
762,0.230635,3,0.729974,0.812069,post_filter,False,0.991,0.875,0.424869,0.729974,0.773349,25.1398,"main_cat IN ('Camera & Photo', 'Camera &amp; Photo', 'Cell Phones &amp; Accessories')"
763,0.728433,19,0.38742,0.869271,post_filter,False,0.8443,1.0,0.971856,0.38742,0.879529,24.8623,"overall IN (2,3,5)"
764,0.610257,18,0.456907,0.93509,post_filter,False,0.7965,1.0,0.973449,0.456907,0.938926,24.7219,overall>=5.0
765,0.180604,1,0.378138,0.738988,post_filter,False,0.4217,1.0,0.985944,0.378138,0.763684,24.9087,"main_cat IN ('Camera & Photo', 'Computers', 'Cell Phones &amp; Accessories')"
766,0.210713,2,0.628311,0.680598,pre_filter,False,25.997,1.0,0.133435,0.578824,0.680598,25.0107,"main_cat IN ('Camera & Photo', 'Camera &amp; Photo')"
767,0.230635,3,0.729974,0.773349,post_filter,False,0.651,1.0,0.978301,0.729974,0.793845,24.9824,"main_cat IN ('Camera & Photo', 'Camera &amp; Photo', 'Cell Phones &amp; Accessories')"
768,0.680906,18,0.456907,0.938926,post_filter,False,0.6623,1.0,0.977922,0.456907,0.942825,25.1,"overall IN (3,5)"
769,0.248992,4,0.602199,0.901792,post_filter,False,0.6695,0.9,0.56936,0.602199,0.868549,25.4889,"overall IN (3,4)"
770,0.210713,2,0.578824,0.680598,post_filter,False,0.9697,1.0,0.967678,0.578824,0.709306,25.053,"main_cat IN ('Camera & Photo', 'Camera &amp; Photo')"
771,0.248992,4,0.602199,0.868549,post_filter,False,0.9179,1.0,0.969403,0.602199,0.878635,24.9389,"overall IN (3,4)"
772,0.836128,20,0.478297,0.859801,post_filter,False,0.6732,1.0,0.977561,0.478297,0.871577,25.0494,"overall IN (2,4,5)"
773,0.248992,4,0.602199,0.878635,post_filter,False,0.8732,1.0,0.970893,0.602199,0.88786,24.8651,"overall IN (3,4)"
774,0.7886,19,0.38742,0.879529,post_filter,False,0.7257,1.0,0.975811,0.38742,0.889158,25.1171,overall>=4.0
775,0.180604,1,0.378138,0.763684,post_filter,False,0.9198,1.0,0.969339,0.378138,0.784249,24.8769,"main_cat IN ('Camera & Photo', 'Computers', 'Cell Phones &amp; Accessories')"
776,0.7886,19,0.38742,0.889158,post_filter,False,0.7811,1.0,0.973963,0.38742,0.897638,25.1359,overall>=4.0
777,0.7886,19,0.38742,0.897638,post_filter,False,0.4691,1.0,0.984363,0.38742,0.90631,25.0788,overall>=4.0
778,0.610257,18,0.456907,0.942825,post_filter,False,0.7096,1.0,0.976346,0.456907,0.946177,25.2373,overall>=5.0
779,0.270385,5,0.66637,0.763964,post_filter,False,0.8269,0.9,0.566305,0.66637,0.744198,25.1392,"main_cat IN ('Home Audio & Theater', 'Books', 'Tools & Home Improvement')"
780,0.610257,18,0.456907,0.946177,post_filter,False,0.8276,1.0,0.972412,0.456907,0.948801,25.0518,overall>=5.0
781,0.300422,7,0.449992,0.848137,post_filter,False,0.9056,1.0,0.969814,0.449992,0.860305,24.8344,"main_cat IN ('All Electronics', 'Books', 'Sports & Outdoors')"
782,0.680906,18,0.456907,0.948801,post_filter,False,0.4869,1.0,0.983769,0.456907,0.952298,24.8801,"overall IN (3,5)"
783,0.952472,21,1.0,0.937429,post_filter,True,0.8331,1.0,0.972229,1.0,0.940909,25.2772,"overall IN (1,3,4,5)"
784,0.952472,21,1.0,0.940909,post_filter,True,0.3403,1.0,0.988656,1.0,0.945683,25.0497,"overall IN (1,3,4,5)"
785,0.859249,20,0.478297,0.871577,post_filter,False,0.7705,1.0,0.974318,0.478297,0.881851,25.2388,overall>=3.0
786,0.821657,20,0.478297,0.881851,post_filter,False,0.9142,1.0,0.969525,0.478297,0.890618,24.73,"overall IN (1,2,3,5)"
787,0.230635,3,0.729974,0.793845,pre_filter,False,6.4857,1.0,0.78381,0.735358,0.793845,24.8123,"main_cat IN ('Camera & Photo', 'Camera &amp; Photo', 'Cell Phones &amp; Accessories')"
788,0.248992,4,0.602199,0.88786,post_filter,False,0.76,1.0,0.974667,0.602199,0.896541,25.382,"overall IN (3,4)"
789,0.12068,1,0.378138,0.784249,post_filter,False,0.9193,1.0,0.969356,0.378138,0.80276,25.119,"main_cat IN ('Camera &amp; Photo', 'Cell Phones &amp; Accessories', 'Tools & Home Improvement')"
790,0.70348,19,0.38742,0.90631,post_filter,False,0.5041,1.0,0.983197,0.38742,0.913999,25.3007,"overall IN (1,5)"
791,0.774129,19,0.38742,0.913999,post_filter,False,1.0191,0.9,0.562574,0.38742,0.878857,24.9615,"overall IN (1,3,5)"
792,0.680906,18,0.456907,0.952298,post_filter,False,0.7738,1.0,0.974206,0.456907,0.954489,25.0383,"overall IN (3,5)"
793,0.319094,7,0.449992,0.860305,post_filter,False,0.7225,1.0,0.975915,0.449992,0.871866,24.8532,"overall IN (1,2,4)"
794,0.929351,21,1.0,0.945683,post_filter,True,0.8068,1.0,0.973108,1.0,0.948426,24.9971,"overall IN (1,2,4,5)"
795,0.319094,7,0.449992,0.871866,post_filter,False,0.7523,1.0,0.974924,0.449992,0.882172,25.0452,"overall IN (1,2,4)"
796,0.881823,20,0.478297,0.890618,post_filter,False,0.9239,1.0,0.969204,0.478297,0.898477,25.2321,"overall IN (1,4,5)"
797,0.300422,7,0.449992,0.882172,post_filter,False,0.7091,1.0,0.976364,0.449992,0.891591,25.336,"main_cat IN ('All Electronics', 'Books', 'Sports & Outdoors')"
798,0.836128,20,0.478297,0.898477,post_filter,False,0.5865,1.0,0.980451,0.478297,0.906674,25.5952,"overall IN (2,4,5)"
799,0.859249,20,0.478297,0.906674,post_filter,False,0.645,1.0,0.978499,0.478297,0.913857,25.525,overall>=3.0
800,0.140751,1,0.378138,0.80276,post_filter,False,0.9052,1.0,0.969828,0.378138,0.819467,25.4043,overall<=2.0
801,0.248992,4,0.602199,0.896541,post_filter,False,0.7981,1.0,0.973397,0.602199,0.904227,25.6656,"overall IN (3,4)"
802,0.073033,0,0.47643,0.58219,post_filter,False,0.8572,1.0,0.971426,0.47643,0.621114,25.0108,brand='Tiffen'
803,0.248992,4,0.602199,0.904227,post_filter,False,0.4158,1.0,0.986142,0.602199,0.912418,25.1053,"overall IN (3,4)"
804,0.7886,19,0.38742,0.878857,post_filter,False,1.0043,1.0,0.966522,0.38742,0.887623,25.0993,overall>=4.0
805,0.092237,0,0.47643,0.621114,post_filter,False,1.0802,0.9,0.561388,0.47643,0.615141,24.9614,main_cat='Home Audio &amp; Theater' AND overall>=3.0
806,0.300422,7,0.449992,0.891591,post_filter,False,0.3373,1.0,0.988758,0.449992,0.901308,26.3288,"main_cat IN ('All Electronics', 'Books', 'Sports & Outdoors')"
807,0.952472,21,1.0,0.948426,post_filter,True,1.4233,1.0,0.952557,1.0,0.948839,31.5727,"overall IN (1,3,4,5)"
808,0.389743,11,0.657024,0.820127,post_filter,False,1.0602,1.0,0.964661,0.657024,0.834581,24.9542,overall<=4.0
809,0.751008,19,0.38742,0.887623,post_filter,False,0.8063,1.0,0.973125,0.38742,0.896173,25.0121,"overall IN (1,2,5)"
810,0.230635,3,0.735358,0.793845,post_filter,False,0.9336,0.8,0.173753,0.735358,0.731836,24.9387,"main_cat IN ('Camera & Photo', 'Camera &amp; Photo', 'Cell Phones &amp; Accessories')"
811,0.821657,20,0.478297,0.913857,post_filter,False,0.9517,1.0,0.968276,0.478297,0.919299,25.1501,"overall IN (1,2,3,5)"
812,0.610257,18,0.456907,0.954489,post_filter,False,0.9063,1.0,0.969789,0.456907,0.956019,24.9387,overall>=5.0
813,0.180604,1,0.378138,0.819467,post_filter,False,0.8516,1.0,0.971614,0.378138,0.834681,25.1525,"main_cat IN ('Camera & Photo', 'Computers', 'Cell Phones &amp; Accessories')"
814,0.180604,1,0.378138,0.834681,post_filter,False,0.7636,1.0,0.974547,0.378138,0.848668,24.9796,"main_cat IN ('Camera & Photo', 'Computers', 'Cell Phones &amp; Accessories')"
815,0.881823,20,0.478297,0.919299,post_filter,False,0.6967,1.0,0.976778,0.478297,0.925047,25.1538,"overall IN (1,4,5)"
816,0.680906,18,0.456907,0.956019,post_filter,False,0.8885,1.0,0.970383,0.456907,0.957455,25.1385,"overall IN (3,5)"
817,0.230635,3,0.735358,0.731836,pre_filter,False,5.7482,0.2,0.0,0.661822,0.731836,25.1637,"main_cat IN ('Camera & Photo', 'Camera &amp; Photo', 'Cell Phones &amp; Accessories')"
818,0.952472,21,1.0,0.948839,post_filter,True,0.3945,1.0,0.98685,1.0,0.95264,25.1306,"overall IN (1,3,4,5)"
819,0.680906,18,0.456907,0.957455,post_filter,False,0.7683,1.0,0.974392,0.456907,0.959149,25.0692,"overall IN (3,5)"
820,0.7886,19,0.38742,0.896173,post_filter,False,0.7707,1.0,0.97431,0.38742,0.903987,25.0102,overall>=4.0
821,0.230635,3,0.661822,0.731836,post_filter,False,0.7493,1.0,0.975025,0.661822,0.756154,25.0555,"main_cat IN ('Camera & Photo', 'Camera &amp; Photo', 'Cell Phones &amp; Accessories')"
822,0.140751,1,0.378138,0.848668,post_filter,False,0.8933,1.0,0.970222,0.378138,0.860823,24.9107,overall<=2.0
823,0.12068,1,0.378138,0.860823,post_filter,False,0.5713,1.0,0.980957,0.378138,0.872837,25.1455,"main_cat IN ('Camera &amp; Photo', 'Cell Phones &amp; Accessories', 'Tools & Home Improvement')"
824,0.728433,19,0.38742,0.903987,post_filter,False,0.7955,1.0,0.973482,0.38742,0.910936,25.0266,"overall IN (2,3,5)"
825,0.821657,20,0.478297,0.925047,post_filter,False,0.9442,1.0,0.968525,0.478297,0.929394,24.8793,"overall IN (1,2,3,5)"
826,0.70348,19,0.38742,0.910936,post_filter,False,0.4279,1.0,0.985736,0.38742,0.918416,25.2668,"overall IN (1,5)"
827,0.210713,2,0.578824,0.709306,post_filter,False,0.8005,1.0,0.973318,0.578824,0.735707,25.177,"main_cat IN ('Camera & Photo', 'Camera &amp; Photo')"
828,0.210713,2,0.578824,0.735707,post_filter,False,0.8904,0.9,0.565072,0.578824,0.718644,25.0274,"main_cat IN ('Camera & Photo', 'Camera &amp; Photo')"
829,0.073033,0,0.47643,0.615141,post_filter,False,0.6518,1.0,0.978274,0.47643,0.651454,24.8965,brand='Tiffen'
830,0.774129,19,0.38742,0.918416,post_filter,False,0.6379,1.0,0.978738,0.38742,0.924449,24.9285,"overall IN (1,3,5)"
831,0.929351,21,1.0,0.95264,post_filter,True,0.3111,0.8,0.177475,1.0,0.875124,25.0225,"overall IN (1,2,4,5)"
832,0.658182,18,0.456907,0.959149,post_filter,False,0.6925,1.0,0.976915,0.456907,0.960925,24.9173,verified=true AND overall>=3.0
833,0.210713,2,0.578824,0.718644,pre_filter,False,34.4487,1.0,0.0,0.520941,0.718644,25.02,"main_cat IN ('Camera & Photo', 'Camera &amp; Photo')"
834,0.751008,19,0.38742,0.924449,post_filter,False,0.9751,1.0,0.967496,0.38742,0.928753,25.0923,"overall IN (1,2,5)"
835,0.210713,2,0.520941,0.718644,post_filter,False,0.7062,0.9,0.568647,0.520941,0.703644,25.3794,"main_cat IN ('Camera & Photo', 'Camera &amp; Photo')"
836,0.073033,0,0.47643,0.651454,post_filter,False,0.6243,1.0,0.97919,0.47643,0.684228,25.0719,brand='Tiffen'
837,0.12068,1,0.378138,0.872837,post_filter,False,1.0486,0.8,0.173066,0.378138,0.80286,25.0318,"main_cat IN ('Camera &amp; Photo', 'Cell Phones &amp; Accessories', 'Tools & Home Improvement')"
838,0.339351,8,0.6561,0.888532,post_filter,False,0.9622,1.0,0.967928,0.6561,0.896472,25.0443,"main_cat IN ('Home Audio & Theater', 'Camera &amp; Photo', 'Sports & Outdoors')"
839,0.270385,5,0.66637,0.744198,post_filter,False,0.5915,1.0,0.980285,0.66637,0.767806,25.2278,"main_cat IN ('Home Audio & Theater', 'Books', 'Tools & Home Improvement')"
840,0.7886,19,0.38742,0.928753,post_filter,False,0.6593,1.0,0.978024,0.38742,0.93368,25.2256,overall>=4.0
841,0.610257,18,0.456907,0.960925,post_filter,False,0.5147,1.0,0.982844,0.456907,0.963117,25.1859,overall>=5.0
842,0.12068,1,0.378138,0.80286,post_filter,False,0.9171,1.0,0.969431,0.378138,0.819517,24.9678,"main_cat IN ('Camera &amp; Photo', 'Cell Phones &amp; Accessories', 'Tools & Home Improvement')"
843,0.774129,19,0.38742,0.93368,post_filter,False,0.9685,1.0,0.967718,0.38742,0.937084,25.1823,"overall IN (1,3,5)"
844,0.836128,20,0.478297,0.929394,post_filter,False,0.7467,1.0,0.97511,0.478297,0.933966,25.2693,"overall IN (2,4,5)"
845,0.140751,1,0.378138,0.819517,post_filter,False,1.0409,1.0,0.965303,0.378138,0.834095,25.0354,overall<=2.0
846,0.050727,0,0.47643,0.684228,post_filter,False,0.664,1.0,0.977868,0.47643,0.713592,25.0305,"main_cat IN ('Computers', 'Tools & Home Improvement')"
847,0.680906,18,0.456907,0.963117,post_filter,False,0.8171,1.0,0.972762,0.456907,0.964082,24.987,"overall IN (3,5)"
848,0.952472,21,1.0,0.875124,post_filter,True,0.9901,1.0,0.966996,1.0,0.884311,24.9507,"overall IN (1,3,4,5)"
849,0.160682,1,0.378138,0.834095,post_filter,False,1.1457,0.5,0.001569,0.378138,0.750843,24.9323,"main_cat IN ('Camera & Photo', 'Computers')"
850,0.339351,8,0.6561,0.896472,post_filter,False,0.7068,1.0,0.97644,0.6561,0.904468,25.1239,"main_cat IN ('Home Audio & Theater', 'Camera &amp; Photo', 'Sports & Outdoors')"
851,0.751008,19,0.38742,0.937084,post_filter,False,0.7845,1.0,0.97385,0.38742,0.940761,24.9102,"overall IN (1,2,5)"
852,0.952472,21,1.0,0.884311,post_filter,True,0.737,1.0,0.975432,1.0,0.893423,25.0789,"overall IN (1,3,4,5)"
853,0.929351,21,1.0,0.893423,post_filter,True,0.87,1.0,0.970999,1.0,0.90118,25.1186,"overall IN (1,2,4,5)"
854,0.929351,21,1.0,0.90118,post_filter,True,0.8286,1.0,0.972381,1.0,0.9083,24.9293,"overall IN (1,2,4,5)"
855,0.610257,18,0.456907,0.964082,post_filter,False,0.8851,1.0,0.970496,0.456907,0.964723,24.7442,overall>=5.0
856,0.610257,18,0.456907,0.964723,post_filter,False,0.6792,1.0,0.97736,0.456907,0.965987,24.8799,overall>=5.0
857,0.751008,19,0.38742,0.940761,post_filter,False,0.8748,1.0,0.97084,0.38742,0.943769,24.9502,"overall IN (1,2,5)"
858,0.180604,1,0.378138,0.750843,post_filter,False,0.8039,1.0,0.973204,0.378138,0.773079,25.1595,"main_cat IN ('Camera & Photo', 'Computers', 'Cell Phones &amp; Accessories')"
859,0.836128,20,0.478297,0.933966,post_filter,False,0.6998,1.0,0.976675,0.478297,0.938237,25.1264,"overall IN (2,4,5)"
860,0.248992,4,0.602199,0.912418,post_filter,False,0.7317,1.0,0.975608,0.602199,0.918737,24.9297,"overall IN (3,4)"
861,0.270385,5,0.66637,0.767806,post_filter,False,0.8804,1.0,0.970653,0.66637,0.788091,24.8818,"main_cat IN ('Home Audio & Theater', 'Books', 'Tools & Home Improvement')"
862,0.248992,4,0.602199,0.918737,post_filter,False,0.8563,1.0,0.971456,0.602199,0.924009,25.0255,"overall IN (3,4)"
863,0.751008,19,0.38742,0.943769,post_filter,False,0.9549,1.0,0.968169,0.38742,0.946209,24.9405,"overall IN (1,2,5)"
864,0.073033,0,0.47643,0.713592,post_filter,False,0.9797,0.9,0.563339,0.47643,0.698567,25.2568,brand='Tiffen'
865,0.952472,21,1.0,0.9083,post_filter,True,0.6999,1.0,0.976669,1.0,0.915137,24.999,"overall IN (1,3,4,5)"
866,0.836128,20,0.478297,0.938237,post_filter,False,0.8168,1.0,0.972774,0.478297,0.941691,24.7135,"overall IN (2,4,5)"
867,0.092237,0,0.47643,0.698567,post_filter,False,0.7738,1.0,0.974206,0.47643,0.726131,24.7588,main_cat='Home Audio &amp; Theater' AND overall>=3.0
868,0.751008,19,0.38742,0.946209,post_filter,False,0.4194,0.8,0.176827,0.38742,0.869271,24.7777,"overall IN (1,2,5)"
869,0.70348,19,0.38742,0.869271,post_filter,False,0.6382,1.0,0.978726,0.38742,0.880216,24.8032,"overall IN (1,5)"
870,0.210713,2,0.520941,0.703644,post_filter,False,1.0966,0.9,0.561069,0.520941,0.689387,24.9468,"main_cat IN ('Camera & Photo', 'Camera &amp; Photo')"
871,0.680906,18,0.456907,0.965987,post_filter,False,0.8222,1.0,0.972593,0.456907,0.966647,24.7305,"overall IN (3,5)"
872,0.821657,20,0.478297,0.941691,post_filter,False,0.127,0.0,0.0,0.478297,0.847522,25.0085,"overall IN (1,2,3,5)"
873,0.821657,20,0.478297,0.847522,post_filter,False,0.7033,1.0,0.976558,0.478297,0.860425,25.0099,"overall IN (1,2,3,5)"
874,0.906777,21,1.0,0.915137,post_filter,True,0.7911,1.0,0.973631,1.0,0.920987,25.0145,overall>=2.0
875,0.952472,21,1.0,0.920987,post_filter,True,0.9234,1.0,0.969221,1.0,0.92581,25.0576,"overall IN (1,3,4,5)"
876,0.073033,0,0.47643,0.726131,post_filter,False,0.6944,1.0,0.976853,0.47643,0.751203,24.918,brand='Tiffen'
877,0.952472,21,1.0,0.92581,post_filter,True,0.8833,1.0,0.970556,1.0,0.930285,24.7284,"overall IN (1,3,4,5)"
878,0.952472,21,1.0,0.930285,post_filter,True,0.8221,1.0,0.972596,1.0,0.934516,24.6089,"overall IN (1,3,4,5)"
879,0.160682,1,0.378138,0.773079,post_filter,False,0.8196,0.9,0.566447,0.378138,0.752416,25.106,"main_cat IN ('Camera & Photo', 'Computers')"
880,0.339351,8,0.6561,0.904468,pre_filter,False,33.3419,1.0,0.0,0.59049,0.904468,25.027,"main_cat IN ('Home Audio & Theater', 'Camera &amp; Photo', 'Sports & Outdoors')"
881,0.929351,21,1.0,0.934516,post_filter,True,0.8851,1.0,0.970496,1.0,0.938114,24.882,"overall IN (1,2,4,5)"
882,0.881823,20,0.478297,0.860425,post_filter,False,0.9953,1.0,0.966822,0.478297,0.871065,25.0261,"overall IN (1,4,5)"
883,0.160682,1,0.378138,0.752416,post_filter,False,0.7786,1.0,0.974046,0.378138,0.774579,24.982,"main_cat IN ('Camera & Photo', 'Computers')"
884,0.952472,21,1.0,0.938114,post_filter,True,0.2531,0.0,0.0,1.0,0.844302,24.7736,"overall IN (1,3,4,5)"
885,0.952472,21,1.0,0.844302,post_filter,True,0.8076,1.0,0.973081,1.0,0.85718,24.7016,"overall IN (1,3,4,5)"
886,0.073033,0,0.47643,0.751203,post_filter,False,0.84,1.0,0.972,0.47643,0.773283,25.2774,brand='Tiffen'
887,0.881823,20,0.478297,0.871065,post_filter,False,0.9413,1.0,0.968625,0.478297,0.880821,24.7287,"overall IN (1,4,5)"
888,0.319094,7,0.449992,0.901308,post_filter,False,0.8905,1.0,0.970318,0.449992,0.908209,24.9451,"overall IN (1,2,4)"
889,0.859249,20,0.478297,0.880821,post_filter,False,0.9477,1.0,0.968408,0.478297,0.88958,24.8934,overall>=3.0
890,0.610257,18,0.456907,0.966647,post_filter,False,0.8147,1.0,0.972843,0.456907,0.967267,24.9448,overall>=5.0
891,0.160682,1,0.378138,0.774579,post_filter,False,1.0567,0.9,0.561844,0.378138,0.753305,25.0659,"main_cat IN ('Camera & Photo', 'Computers')"
892,0.952472,21,1.0,0.85718,post_filter,True,0.7555,1.0,0.974815,1.0,0.868944,24.927,"overall IN (1,3,4,5)"
893,0.821657,20,0.478297,0.88958,post_filter,False,0.3383,1.0,0.988724,0.478297,0.899494,24.9147,"overall IN (1,2,3,5)"
894,0.906777,21,1.0,0.868944,post_filter,True,0.8979,1.0,0.970071,1.0,0.879056,25.1711,overall>=2.0
895,0.952472,21,1.0,0.879056,post_filter,True,0.8347,1.0,0.972178,1.0,0.888369,24.9368,"overall IN (1,3,4,5)"
896,0.248992,4,0.602199,0.924009,post_filter,False,0.8953,1.0,0.970156,0.602199,0.928624,25.0087,"overall IN (3,4)"
897,0.929351,21,1.0,0.888369,post_filter,True,0.4172,1.0,0.986094,1.0,0.898141,25.0213,"overall IN (1,2,4,5)"
898,0.073033,0,0.47643,0.773283,post_filter,False,0.4078,1.0,0.986406,0.47643,0.794595,24.8204,brand='Tiffen'
899,0.050727,0,0.47643,0.794595,post_filter,False,0.8858,0.7,0.045785,0.47643,0.719714,25.3968,"main_cat IN ('Computers', 'Tools & Home Improvement')"
900,0.248992,4,0.602199,0.928624,post_filter,False,1.0788,1.0,0.96404,0.602199,0.932165,24.8058,"overall IN (3,4)"
901,0.70348,19,0.38742,0.880216,post_filter,False,0.7497,1.0,0.97501,0.38742,0.889696,25.3477,"overall IN (1,5)"
902,0.728433,19,0.38742,0.889696,post_filter,False,0.8372,1.0,0.972094,0.38742,0.897935,24.9548,"overall IN (2,3,5)"
903,0.12068,1,0.378138,0.753305,post_filter,False,0.3202,0.9,0.576142,0.378138,0.735589,25.0252,"main_cat IN ('Camera &amp; Photo', 'Cell Phones &amp; Accessories', 'Tools & Home Improvement')"
904,0.952472,21,1.0,0.898141,post_filter,True,1.0189,1.0,0.966037,1.0,0.904931,24.8835,"overall IN (1,3,4,5)"
905,0.270385,5,0.66637,0.788091,post_filter,False,0.6776,1.0,0.977412,0.66637,0.807023,25.2552,"main_cat IN ('Home Audio & Theater', 'Books', 'Tools & Home Improvement')"
906,0.248992,4,0.602199,0.932165,post_filter,False,1.0316,1.0,0.965614,0.602199,0.93551,25.0546,"overall IN (3,4)"
907,0.389743,11,0.657024,0.834581,post_filter,False,0.9237,1.0,0.969208,0.657024,0.848043,24.8941,overall<=4.0
908,0.751008,19,0.38742,0.897935,post_filter,False,0.3961,1.0,0.986796,0.38742,0.906821,25.1537,"overall IN (1,2,5)"
909,0.680906,18,0.456907,0.967267,post_filter,False,0.6523,0.9,0.569694,0.456907,0.92751,25.0919,"overall IN (3,5)"
910,0.658182,18,0.456907,0.92751,post_filter,False,0.9617,1.0,0.967944,0.456907,0.931553,25.0555,verified=true AND overall>=3.0
911,0.610257,18,0.456907,0.931553,post_filter,False,0.8009,1.0,0.973304,0.456907,0.935728,24.8542,overall>=5.0
912,0.929351,21,1.0,0.904931,post_filter,True,0.6508,1.0,0.978306,1.0,0.912268,25.054,"overall IN (1,2,4,5)"
913,0.140751,1,0.378138,0.735589,post_filter,False,0.8337,1.0,0.97221,0.378138,0.759251,24.8168,overall<=2.0
914,0.906777,21,1.0,0.912268,post_filter,True,0.7101,1.0,0.976329,1.0,0.918674,25.1102,overall>=2.0
915,0.658182,18,0.456907,0.935728,post_filter,False,0.657,1.0,0.9781,0.456907,0.939965,24.9376,verified=true AND overall>=3.0
916,0.389743,11,0.657024,0.848043,post_filter,False,0.6926,1.0,0.976914,0.657024,0.86093,24.9717,overall<=4.0
917,0.230635,3,0.661822,0.756154,post_filter,False,0.8528,0.1,0.0,0.661822,0.680539,25.0388,"main_cat IN ('Camera & Photo', 'Camera &amp; Photo', 'Cell Phones &amp; Accessories')"
918,0.180604,1,0.378138,0.759251,post_filter,False,0.7908,1.0,0.97364,0.378138,0.78069,24.6871,"main_cat IN ('Camera & Photo', 'Computers', 'Cell Phones &amp; Accessories')"
919,0.859249,20,0.478297,0.899494,post_filter,False,0.9333,1.0,0.968889,0.478297,0.906434,24.7804,overall>=3.0
920,0.12068,1,0.378138,0.78069,post_filter,False,0.8656,1.0,0.971147,0.378138,0.799736,32.4421,"main_cat IN ('Camera &amp; Photo', 'Cell Phones &amp; Accessories', 'Tools & Home Improvement')"
921,0.270385,5,0.66637,0.807023,post_filter,False,0.8932,0.8,0.173995,0.66637,0.74372,24.9645,"main_cat IN ('Home Audio & Theater', 'Books', 'Tools & Home Improvement')"
922,0.160682,1,0.378138,0.799736,post_filter,False,0.8013,1.0,0.97329,0.378138,0.817091,24.772,"main_cat IN ('Camera & Photo', 'Computers')"
923,0.821657,20,0.478297,0.906434,post_filter,False,1.0291,1.0,0.965696,0.478297,0.91236,24.6847,"overall IN (1,2,3,5)"
924,0.389743,11,0.657024,0.86093,post_filter,False,0.9233,1.0,0.969224,0.657024,0.87176,24.7957,overall<=4.0
925,0.751008,19,0.38742,0.906821,post_filter,False,0.8426,1.0,0.971913,0.38742,0.913331,24.6415,"overall IN (1,2,5)"
926,0.230635,3,0.661822,0.680539,post_filter,False,0.8622,0.7,0.045823,0.661822,0.617067,24.8756,"main_cat IN ('Camera & Photo', 'Camera &amp; Photo', 'Cell Phones &amp; Accessories')"
927,0.7886,19,0.38742,0.913331,post_filter,False,1.0207,1.0,0.965975,0.38742,0.918595,24.7116,overall>=4.0
928,0.160682,1,0.378138,0.817091,post_filter,False,0.3273,1.0,0.98909,0.378138,0.834291,24.7933,"main_cat IN ('Camera & Photo', 'Computers')"
929,0.050727,0,0.47643,0.719714,post_filter,False,0.8648,1.0,0.971174,0.47643,0.74486,25.1219,"main_cat IN ('Computers', 'Tools & Home Improvement')"
930,0.821657,20,0.478297,0.91236,post_filter,False,0.7827,1.0,0.973911,0.478297,0.918515,24.7328,"overall IN (1,2,3,5)"
931,0.270385,5,0.66637,0.74372,post_filter,False,0.826,0.9,0.566322,0.66637,0.72598,24.8966,"main_cat IN ('Home Audio & Theater', 'Books', 'Tools & Home Improvement')"
932,0.859249,20,0.478297,0.918515,post_filter,False,0.8505,1.0,0.97165,0.478297,0.923828,24.7286,overall>=3.0
933,0.248992,4,0.602199,0.93551,post_filter,False,0.1392,0.1,0.0,0.602199,0.841959,24.8839,"overall IN (3,4)"
934,0.70348,19,0.38742,0.918595,post_filter,False,0.8699,1.0,0.971004,0.38742,0.923836,24.9275,"overall IN (1,5)"
935,0.774129,19,0.38742,0.923836,post_filter,False,0.7535,1.0,0.974885,0.38742,0.928941,24.8955,"overall IN (1,3,5)"
936,0.836128,20,0.478297,0.923828,post_filter,False,0.7487,1.0,0.975043,0.478297,0.92895,24.871,"overall IN (2,4,5)"
937,0.180604,1,0.378138,0.834291,post_filter,False,0.8014,1.0,0.973287,0.378138,0.848191,25.0915,"main_cat IN ('Camera & Photo', 'Computers', 'Cell Phones &amp; Accessories')"
938,0.160682,1,0.378138,0.848191,post_filter,False,0.5087,0.9,0.572481,0.378138,0.82062,24.8611,"main_cat IN ('Camera & Photo', 'Computers')"
939,0.728433,19,0.38742,0.928941,pre_filter,False,65.6799,1.0,0.0,0.348678,0.928941,25.154,"overall IN (2,3,5)"
940,0.906777,21,1.0,0.918674,post_filter,True,0.8632,1.0,0.971228,1.0,0.92393,24.8133,overall>=2.0
941,0.751008,19,0.348678,0.928941,post_filter,False,0.8893,1.0,0.970356,0.348678,0.933082,24.709,"overall IN (1,2,5)"
942,0.929351,21,1.0,0.92393,post_filter,True,0.8325,1.0,0.97225,1.0,0.928762,24.6573,"overall IN (1,2,4,5)"
943,0.319094,7,0.449992,0.908209,post_filter,False,0.671,0.9,0.56933,0.449992,0.874321,24.9199,"overall IN (1,2,4)"
944,0.881823,20,0.478297,0.92895,post_filter,False,0.8226,1.0,0.972581,0.478297,0.933313,24.9166,"overall IN (1,4,5)"
945,0.339351,8,0.59049,0.904468,post_filter,False,0.4382,0.0,0.0,0.59049,0.814022,25.14,"main_cat IN ('Home Audio & Theater', 'Camera &amp; Photo', 'Sports & Outdoors')"
946,0.658182,18,0.456907,0.939965,post_filter,False,0.9297,1.0,0.96901,0.456907,0.94287,24.8359,verified=true AND overall>=3.0
947,0.270385,5,0.66637,0.72598,post_filter,False,0.4012,0.8,0.176936,0.66637,0.671076,24.8521,"main_cat IN ('Home Audio & Theater', 'Books', 'Tools & Home Improvement')"
948,0.092237,0,0.47643,0.74486,post_filter,False,0.771,1.0,0.9743,0.47643,0.767804,25.2298,main_cat='Home Audio &amp; Theater' AND overall>=3.0
949,0.319094,7,0.449992,0.874321,post_filter,False,0.7116,1.0,0.976281,0.449992,0.884517,24.7861,"overall IN (1,2,4)"
950,0.774129,19,0.348678,0.933082,post_filter,False,0.1099,0.0,0.0,0.348678,0.839774,25.1304,"overall IN (1,3,5)"
951,0.12068,1,0.378138,0.82062,post_filter,False,0.7988,1.0,0.973372,0.378138,0.835895,25.3006,"main_cat IN ('Camera &amp; Photo', 'Cell Phones &amp; Accessories', 'Tools & Home Improvement')"
952,0.160682,1,0.378138,0.835895,post_filter,False,0.9315,1.0,0.96895,0.378138,0.8492,24.9643,"main_cat IN ('Camera & Photo', 'Computers')"
953,0.140751,1,0.378138,0.8492,post_filter,False,0.8698,1.0,0.971007,0.378138,0.861381,24.9751,overall<=2.0
954,0.610257,18,0.456907,0.94287,post_filter,False,0.3944,1.0,0.986854,0.456907,0.947268,25.2023,overall>=5.0
955,0.270385,5,0.66637,0.671076,post_filter,False,1.0128,1.0,0.966242,0.66637,0.700593,25.1345,"main_cat IN ('Home Audio & Theater', 'Books', 'Tools & Home Improvement')"
956,0.952472,21,1.0,0.928762,post_filter,True,0.991,1.0,0.966967,1.0,0.932582,25.0438,"overall IN (1,3,4,5)"
957,0.210713,2,0.520941,0.689387,post_filter,False,0.3516,1.0,0.988281,0.520941,0.719276,25.0796,"main_cat IN ('Camera & Photo', 'Camera &amp; Photo')"
958,0.050727,0,0.47643,0.767804,post_filter,False,1.0387,1.0,0.965378,0.47643,0.787561,25.1972,"main_cat IN ('Computers', 'Tools & Home Improvement')"
959,0.230635,3,0.661822,0.617067,pre_filter,False,33.0784,1.0,0.0,0.59564,0.617067,25.0543,"main_cat IN ('Camera & Photo', 'Camera &amp; Photo', 'Cell Phones &amp; Accessories')"
960,0.319094,7,0.449992,0.884517,post_filter,False,0.8443,1.0,0.971858,0.449992,0.893251,24.6865,"overall IN (1,2,4)"
961,0.210713,2,0.520941,0.719276,post_filter,False,0.6113,1.0,0.979624,0.520941,0.745311,25.3165,"main_cat IN ('Camera & Photo', 'Camera &amp; Photo')"
962,0.389743,11,0.657024,0.87176,post_filter,False,0.8518,1.0,0.971607,0.657024,0.881744,24.9295,overall<=4.0
963,0.836128,20,0.478297,0.933313,post_filter,False,0.8366,1.0,0.972114,0.478297,0.937193,24.93,"overall IN (2,4,5)"
964,0.230635,3,0.59564,0.617067,pre_filter,False,5.7275,0.2,0.0,0.536076,0.617067,25.0872,"main_cat IN ('Camera & Photo', 'Camera &amp; Photo', 'Cell Phones &amp; Accessories')"
965,0.270385,5,0.66637,0.700593,post_filter,False,0.8494,0.9,0.565869,0.66637,0.68712,24.7612,"main_cat IN ('Home Audio & Theater', 'Books', 'Tools & Home Improvement')"
966,0.248992,4,0.602199,0.841959,post_filter,False,0.287,1.0,0.990435,0.602199,0.856807,24.9677,"overall IN (3,4)"
967,0.70348,19,0.348678,0.839774,post_filter,False,0.6643,1.0,0.977857,0.348678,0.853582,24.9543,"overall IN (1,5)"
968,0.821657,20,0.478297,0.937193,post_filter,False,0.7916,1.0,0.973614,0.478297,0.940835,24.8778,"overall IN (1,2,3,5)"
969,0.70348,19,0.348678,0.853582,post_filter,False,0.4522,1.0,0.984926,0.348678,0.866717,25.0771,"overall IN (1,5)"
970,0.050727,0,0.47643,0.787561,post_filter,False,0.9123,1.0,0.969589,0.47643,0.805764,24.973,"main_cat IN ('Computers', 'Tools & Home Improvement')"
971,0.230635,3,0.536076,0.617067,post_filter,False,0.8206,1.0,0.972647,0.536076,0.652625,25.1671,"main_cat IN ('Camera & Photo', 'Camera &amp; Photo', 'Cell Phones &amp; Accessories')"
972,0.751008,19,0.348678,0.866717,post_filter,False,0.9572,1.0,0.968094,0.348678,0.876855,24.8868,"overall IN (1,2,5)"
973,0.300422,7,0.449992,0.893251,post_filter,False,0.3448,0.9,0.575664,0.449992,0.861492,24.9577,"main_cat IN ('All Electronics', 'Books', 'Sports & Outdoors')"
974,0.7886,19,0.348678,0.876855,post_filter,False,0.8365,1.0,0.972118,0.348678,0.886381,24.8725,overall>=4.0
975,0.210713,2,0.520941,0.745311,post_filter,False,1.1733,0.6,0.009704,0.520941,0.67175,25.1015,"main_cat IN ('Camera & Photo', 'Camera &amp; Photo')"
976,0.073033,0,0.47643,0.805764,post_filter,False,0.9525,0.9,0.563868,0.47643,0.781574,25.0984,brand='Tiffen'
977,0.774129,19,0.348678,0.886381,post_filter,False,0.5111,1.0,0.982963,0.348678,0.896039,25.0099,"overall IN (1,3,5)"
978,0.12068,1,0.378138,0.861381,post_filter,False,0.7858,1.0,0.973806,0.378138,0.872624,25.065,"main_cat IN ('Camera &amp; Photo', 'Cell Phones &amp; Accessories', 'Tools & Home Improvement')"
979,0.389743,11,0.657024,0.881744,post_filter,False,0.7855,1.0,0.973818,0.657024,0.890952,24.7003,overall<=4.0
980,0.248992,4,0.602199,0.856807,post_filter,False,0.7222,1.0,0.975926,0.602199,0.868719,24.9004,"overall IN (3,4)"
981,0.160682,1,0.378138,0.872624,post_filter,False,0.9886,1.0,0.967047,0.378138,0.882066,24.9222,"main_cat IN ('Camera & Photo', 'Computers')"
982,0.319094,7,0.449992,0.861492,post_filter,False,0.2397,0.8,0.177902,0.449992,0.793133,25.0933,"overall IN (1,2,4)"
983,0.774129,19,0.348678,0.896039,post_filter,False,0.6994,1.0,0.976686,0.348678,0.904104,25.0629,"overall IN (1,3,5)"
984,0.658182,18,0.456907,0.947268,post_filter,False,0.5335,0.8889,0.50518,0.456907,0.903059,24.8552,verified=true AND overall>=3.0
985,0.952472,21,1.0,0.932582,post_filter,True,0.5713,1.0,0.980957,1.0,0.93742,24.7739,"overall IN (1,3,4,5)"
986,0.929351,21,1.0,0.93742,post_filter,True,0.61,1.0,0.979665,1.0,0.941644,24.7892,"overall IN (1,2,4,5)"
987,0.929351,21,1.0,0.941644,post_filter,True,0.9165,1.0,0.96945,1.0,0.944425,24.6722,"overall IN (1,2,4,5)"
988,0.7886,19,0.348678,0.904104,post_filter,False,0.7953,1.0,0.973492,0.348678,0.911043,24.7695,overall>=4.0
989,0.836128,20,0.478297,0.940835,post_filter,False,0.8529,1.0,0.971571,0.478297,0.943909,24.6293,"overall IN (2,4,5)"
990,0.248992,4,0.602199,0.868719,pre_filter,False,12.3192,0.9,0.343218,0.576301,0.868719,24.9016,"overall IN (3,4)"
991,0.7886,19,0.348678,0.911043,post_filter,False,0.622,1.0,0.979267,0.348678,0.917865,24.8105,overall>=4.0
992,0.12068,1,0.378138,0.882066,post_filter,False,0.9887,1.0,0.967044,0.378138,0.890564,24.8207,"main_cat IN ('Camera &amp; Photo', 'Cell Phones &amp; Accessories', 'Tools & Home Improvement')"
993,0.751008,19,0.348678,0.917865,post_filter,False,0.7706,1.0,0.974313,0.348678,0.92351,24.6628,"overall IN (1,2,5)"
994,0.952472,21,1.0,0.944425,post_filter,True,0.7951,1.0,0.973496,1.0,0.947332,24.8467,"overall IN (1,3,4,5)"
995,0.248992,4,0.576301,0.868719,pre_filter,False,25.3433,1.0,0.155224,0.534193,0.868719,24.7979,"overall IN (3,4)"
996,0.300422,7,0.449992,0.793133,post_filter,False,0.6968,1.0,0.976774,0.449992,0.811497,24.7863,"main_cat IN ('All Electronics', 'Books', 'Sports & Outdoors')"
997,0.728433,19,0.348678,0.92351,post_filter,False,0.7116,1.0,0.976281,0.348678,0.928787,24.8751,"overall IN (2,3,5)"
998,0.210713,2,0.520941,0.67175,post_filter,False,1.1235,0.9,0.560548,0.520941,0.66063,24.9516,"main_cat IN ('Camera & Photo', 'Camera &amp; Photo')"
999,0.210713,2,0.520941,0.66063,post_filter,False,0.8093,1.0,0.973024,0.520941,0.691869,24.6963,"main_cat IN ('Camera & Photo', 'Camera &amp; Photo')"
1000,0.140751,1,0.378138,0.890564,post_filter,False,0.8705,1.0,0.970983,0.378138,0.898606,24.624,overall<=2.0
1001,0.610257,18,0.456907,0.903059,post_filter,False,0.693,1.0,0.976899,0.456907,0.910443,25.3547,overall>=5.0
1002,0.140751,1,0.378138,0.898606,post_filter,False,0.5518,1.0,0.981607,0.378138,0.906906,24.9215,overall<=2.0
1003,0.389743,11,0.657024,0.890952,pre_filter,False,6.0595,0.2,0.0,0.591322,0.890952,24.8044,overall<=4.0
1004,0.821657,20,0.478297,0.943909,post_filter,False,0.8896,1.0,0.970347,0.478297,0.946553,25.1151,"overall IN (1,2,3,5)"
1005,0.728433,19,0.348678,0.928787,post_filter,False,0.8728,1.0,0.970907,0.348678,0.932999,24.7563,"overall IN (2,3,5)"
1006,0.300422,7,0.449992,0.811497,post_filter,False,0.9642,1.0,0.96786,0.449992,0.827133,25.0535,"main_cat IN ('All Electronics', 'Books', 'Sports & Outdoors')"
1007,0.339351,8,0.59049,0.814022,post_filter,False,0.466,0.9,0.573312,0.59049,0.789951,25.0009,"main_cat IN ('Home Audio & Theater', 'Camera &amp; Photo', 'Sports & Outdoors')"
1008,0.7886,19,0.348678,0.932999,post_filter,False,1.023,1.0,0.9659,0.348678,0.936289,24.9008,overall>=4.0
1009,0.680906,18,0.456907,0.910443,post_filter,False,0.8966,1.0,0.970114,0.456907,0.91641,25.1585,"overall IN (3,5)"
1010,0.952472,21,1.0,0.947332,post_filter,True,0.9231,1.0,0.969231,1.0,0.949522,24.8592,"overall IN (1,3,4,5)"
1011,0.610257,18,0.456907,0.91641,post_filter,False,0.932,1.0,0.968935,0.456907,0.921663,24.9597,overall>=5.0
1012,0.836128,20,0.478297,0.946553,post_filter,False,0.848,1.0,0.971732,0.478297,0.94907,24.7425,"overall IN (2,4,5)"
1013,0.680906,18,0.456907,0.921663,post_filter,False,0.9043,1.0,0.969856,0.456907,0.926482,24.8429,"overall IN (3,5)"
1014,0.859249,20,0.478297,0.94907,post_filter,False,0.7101,1.0,0.976329,0.478297,0.951796,24.957,overall>=3.0
1015,0.774129,19,0.348678,0.936289,post_filter,False,0.357,1.0,0.988099,0.348678,0.94147,24.9916,"overall IN (1,3,5)"
1016,0.881823,20,0.478297,0.951796,post_filter,False,0.6292,1.0,0.979026,0.478297,0.954519,24.9753,"overall IN (1,4,5)"
1017,0.180604,1,0.378138,0.906906,post_filter,False,0.4172,1.0,0.986094,0.378138,0.914825,25.0282,"main_cat IN ('Camera & Photo', 'Computers', 'Cell Phones &amp; Accessories')"
1018,0.836128,20,0.478297,0.954519,post_filter,False,0.5455,1.0,0.981815,0.478297,0.957249,25.0963,"overall IN (2,4,5)"
1019,0.210713,2,0.520941,0.691869,pre_filter,False,24.9022,1.0,0.169928,0.48584,0.691869,24.921,"main_cat IN ('Camera & Photo', 'Camera &amp; Photo')"
1020,0.774129,19,0.348678,0.94147,post_filter,False,0.8116,1.0,0.972946,0.348678,0.944617,25.015,"overall IN (1,3,5)"
1021,0.836128,20,0.478297,0.957249,post_filter,False,0.6126,1.0,0.979581,0.478297,0.959482,25.0188,"overall IN (2,4,5)"
1022,0.728433,19,0.348678,0.944617,post_filter,False,0.8052,1.0,0.97316,0.348678,0.947472,24.8026,"overall IN (2,3,5)"
1023,0.906777,21,1.0,0.949522,post_filter,True,0.6767,1.0,0.977444,1.0,0.952314,25.2347,overall>=2.0
1024,0.859249,20,0.478297,0.959482,post_filter,False,0.8732,1.0,0.970894,0.478297,0.960623,24.9469,overall>=3.0
1025,0.092237,0,0.47643,0.781574,post_filter,False,0.1944,0.7,0.046873,0.47643,0.708104,25.0307,main_cat='Home Audio &amp; Theater' AND overall>=3.0
1026,0.658182,18,0.456907,0.926482,post_filter,False,0.6431,1.0,0.978563,0.456907,0.93169,25.0572,verified=true AND overall>=3.0
1027,0.389743,11,0.591322,0.890952,post_filter,False,0.711,1.0,0.976299,0.591322,0.899486,25.1296,overall<=4.0
1028,0.658182,18,0.456907,0.93169,post_filter,False,0.96,1.0,0.967999,0.456907,0.935321,24.9523,verified=true AND overall>=3.0
1029,0.7886,19,0.348678,0.947472,post_filter,False,0.7952,1.0,0.973493,0.348678,0.950074,30.8693,overall>=4.0
1030,0.300422,7,0.449992,0.827133,post_filter,False,1.314,1.0,0.956199,0.449992,0.84004,26.4129,"main_cat IN ('All Electronics', 'Books', 'Sports & Outdoors')"
1031,0.092237,0,0.47643,0.708104,post_filter,False,1.079,0.7,0.045482,0.47643,0.641842,25.3265,main_cat='Home Audio &amp; Theater' AND overall>=3.0
1032,0.952472,21,1.0,0.952314,post_filter,True,0.8041,1.0,0.973196,1.0,0.954402,24.9149,"overall IN (1,3,4,5)"
1033,0.70348,19,0.348678,0.950074,post_filter,False,0.6835,1.0,0.977218,0.348678,0.952788,24.956,"overall IN (1,5)"
1034,0.12068,1,0.378138,0.914825,post_filter,False,0.8545,1.0,0.971518,0.378138,0.920494,25.2111,"main_cat IN ('Camera &amp; Photo', 'Cell Phones &amp; Accessories', 'Tools & Home Improvement')"
1035,0.073033,0,0.47643,0.641842,post_filter,False,0.7177,1.0,0.976078,0.47643,0.675266,25.2759,brand='Tiffen'
1036,0.881823,20,0.478297,0.960623,post_filter,False,0.8585,1.0,0.971382,0.478297,0.961699,24.7874,"overall IN (1,4,5)"
1037,0.680906,18,0.456907,0.935321,post_filter,False,0.4257,0.9,0.574093,0.456907,0.899198,24.8294,"overall IN (3,5)"
1038,0.929351,21,1.0,0.954402,post_filter,True,0.7275,1.0,0.97575,1.0,0.956537,24.8665,"overall IN (1,2,4,5)"
1039,0.658182,18,0.456907,0.899198,pre_filter,False,39.7863,1.0,0.0,0.411216,0.899198,24.8415,verified=true AND overall>=3.0
1040,0.180604,1,0.378138,0.920494,post_filter,False,0.8586,1.0,0.971379,0.378138,0.925583,24.7533,"main_cat IN ('Camera & Photo', 'Computers', 'Cell Phones &amp; Accessories')"
1041,0.70348,19,0.348678,0.952788,post_filter,False,0.6592,1.0,0.978026,0.348678,0.955312,24.726,"overall IN (1,5)"
1042,0.680906,18,0.411216,0.899198,post_filter,False,0.279,0.4,0.000174,0.411216,0.809296,24.7775,"overall IN (3,5)"
1043,0.140751,1,0.378138,0.925583,post_filter,False,0.8515,1.0,0.971618,0.378138,0.930186,24.7732,overall<=2.0
1044,0.160682,1,0.378138,0.930186,post_filter,False,0.7909,1.0,0.973637,0.378138,0.934531,24.8331,"main_cat IN ('Camera & Photo', 'Computers')"
1045,0.270385,5,0.66637,0.68712,post_filter,False,0.7792,1.0,0.974028,0.66637,0.715811,24.6868,"main_cat IN ('Home Audio & Theater', 'Books', 'Tools & Home Improvement')"
1046,0.906777,21,1.0,0.956537,post_filter,True,0.3001,1.0,0.989997,1.0,0.959883,24.888,overall>=2.0
1047,0.658182,18,0.411216,0.809296,post_filter,False,0.1095,0.0,0.0,0.411216,0.728366,24.8535,verified=true AND overall>=3.0
1048,0.389743,11,0.591322,0.899486,post_filter,False,0.884,0.9,0.565197,0.591322,0.866057,25.235,overall<=4.0
1049,0.12068,1,0.378138,0.934531,post_filter,False,0.8384,1.0,0.972053,0.378138,0.938283,24.8928,"main_cat IN ('Camera &amp; Photo', 'Cell Phones &amp; Accessories', 'Tools & Home Improvement')"
1050,0.774129,19,0.348678,0.955312,post_filter,False,0.5191,1.0,0.982697,0.348678,0.958051,24.9697,"overall IN (1,3,5)"
1051,0.180604,1,0.378138,0.938283,post_filter,False,0.8306,1.0,0.972313,0.378138,0.941686,25.0316,"main_cat IN ('Camera & Photo', 'Computers', 'Cell Phones &amp; Accessories')"
1052,0.7886,19,0.348678,0.958051,post_filter,False,0.4287,0.0,0.0,0.348678,0.862246,25.1027,overall>=4.0
1053,0.70348,19,0.348678,0.862246,pre_filter,False,110.8306,1.0,0.0,0.313811,0.862246,24.7549,"overall IN (1,5)"
1054,0.610257,18,0.411216,0.728366,post_filter,False,0.9614,1.0,0.967953,0.411216,0.752325,24.7221,overall>=5.0
1055,0.092237,0,0.47643,0.675266,post_filter,False,0.6181,1.0,0.979396,0.47643,0.705679,24.8882,main_cat='Home Audio &amp; Theater' AND overall>=3.0
1056,0.929351,21,1.0,0.959883,post_filter,True,0.8606,1.0,0.971314,1.0,0.961026,24.7199,"overall IN (1,2,4,5)"
1057,0.658182,18,0.411216,0.752325,post_filter,False,0.7894,1.0,0.973688,0.411216,0.774461,24.8345,verified=true AND overall>=3.0
1058,0.389743,11,0.591322,0.866057,post_filter,False,0.8312,1.0,0.972293,0.591322,0.876681,24.8559,overall<=4.0
1059,0.859249,20,0.478297,0.961699,post_filter,False,0.7755,1.0,0.97415,0.478297,0.962944,25.3212,overall>=3.0
1060,0.073033,0,0.47643,0.705679,post_filter,False,1.0488,0.2,0.0,0.47643,0.635111,26.0454,brand='Tiffen'
1061,0.389743,11,0.591322,0.876681,post_filter,False,1.0216,1.0,0.965947,0.591322,0.885608,25.0293,overall<=4.0
1062,0.140751,1,0.378138,0.941686,post_filter,False,0.7368,1.0,0.975442,0.378138,0.945062,24.7877,overall<=2.0
1063,0.658182,18,0.411216,0.774461,post_filter,False,0.8438,1.0,0.971872,0.411216,0.794202,24.8497,verified=true AND overall>=3.0
1064,0.339351,8,0.59049,0.789951,pre_filter,False,58.5718,1.0,0.0,0.531441,0.789951,25.071,"main_cat IN ('Home Audio & Theater', 'Camera &amp; Photo', 'Sports & Outdoors')"
1065,0.389743,11,0.591322,0.885608,post_filter,False,0.8402,1.0,0.971993,0.591322,0.894246,25.1475,overall<=4.0
1066,0.70348,19,0.313811,0.862246,post_filter,False,0.8921,1.0,0.970264,0.313811,0.873047,24.9737,"overall IN (1,5)"
1067,0.073033,0,0.47643,0.635111,post_filter,False,0.7943,0.6,0.009832,0.47643,0.572583,25.3123,brand='Tiffen'
1068,0.680906,18,0.411216,0.794202,post_filter,False,0.8576,1.0,0.971414,0.411216,0.811923,24.9399,"overall IN (3,5)"
1069,0.389743,11,0.591322,0.894246,post_filter,False,0.4908,1.0,0.98364,0.591322,0.903186,25.0512,overall<=4.0
1070,0.774129,19,0.313811,0.873047,post_filter,False,0.9973,1.0,0.966756,0.313811,0.882418,24.853,"overall IN (1,3,5)"
1071,0.859249,20,0.478297,0.962944,post_filter,False,0.7302,1.0,0.975661,0.478297,0.964216,25.1328,overall>=3.0
1072,0.248992,4,0.534193,0.868719,post_filter,False,0.6212,0.9,0.570299,0.534193,0.838877,24.9543,"overall IN (3,4)"
1073,0.821657,20,0.478297,0.964216,post_filter,False,0.3815,1.0,0.987285,0.478297,0.966523,25.1075,"overall IN (1,2,3,5)"
1074,0.050727,0,0.47643,0.572583,post_filter,False,0.9227,1.0,0.969244,0.47643,0.612249,24.8644,"main_cat IN ('Computers', 'Tools & Home Improvement')"
1075,0.319094,7,0.449992,0.84004,post_filter,False,0.6855,1.0,0.977151,0.449992,0.853751,24.9965,"overall IN (1,2,4)"
1076,0.230635,3,0.536076,0.652625,post_filter,False,0.7319,0.7,0.046028,0.536076,0.591966,25.4617,"main_cat IN ('Camera & Photo', 'Camera &amp; Photo', 'Cell Phones &amp; Accessories')"
1077,0.881823,20,0.478297,0.966523,post_filter,False,0.4309,0.7,0.046501,0.478297,0.874521,24.8281,"overall IN (1,4,5)"
1078,0.050727,0,0.47643,0.612249,post_filter,False,1.2072,0.6,0.009693,0.47643,0.551993,25.5399,"main_cat IN ('Computers', 'Tools & Home Improvement')"
1079,0.821657,20,0.478297,0.874521,post_filter,False,1.0097,1.0,0.966343,0.478297,0.883703,24.962,"overall IN (1,2,3,5)"
1080,0.180604,1,0.378138,0.945062,post_filter,False,0.8557,1.0,0.971478,0.378138,0.947703,25.3087,"main_cat IN ('Camera & Photo', 'Computers', 'Cell Phones &amp; Accessories')"
1081,0.70348,19,0.313811,0.882418,post_filter,False,0.9414,1.0,0.968619,0.313811,0.891038,24.7765,"overall IN (1,5)"
1082,0.092237,0,0.47643,0.551993,post_filter,False,0.876,1.0,0.9708,0.47643,0.593874,24.9896,main_cat='Home Audio &amp; Theater' AND overall>=3.0
1083,0.073033,0,0.47643,0.593874,post_filter,False,1.4168,0.4,0.000167,0.47643,0.534503,26.044,brand='Tiffen'
1084,0.339351,8,0.531441,0.789951,post_filter,False,0.8228,1.0,0.972572,0.531441,0.808213,24.8556,"main_cat IN ('Home Audio & Theater', 'Camera &amp; Photo', 'Sports & Outdoors')"
1085,0.300422,7,0.449992,0.853751,post_filter,False,0.8525,1.0,0.971583,0.449992,0.865534,25.07,"main_cat IN ('All Electronics', 'Books', 'Sports & Outdoors')"
1086,0.7886,19,0.313811,0.891038,post_filter,False,0.323,0.9,0.576086,0.313811,0.859543,24.8661,overall>=4.0
1087,0.092237,0,0.47643,0.534503,post_filter,False,0.3868,1.0,0.987107,0.47643,0.579764,24.806,main_cat='Home Audio &amp; Theater' AND overall>=3.0
1088,0.680906,18,0.411216,0.811923,pre_filter,False,80.0123,0.7,0.0,0.370095,0.811923,25.1332,"overall IN (3,5)"
1089,0.073033,0,0.47643,0.579764,post_filter,False,0.922,1.0,0.969268,0.47643,0.618714,25.1747,brand='Tiffen'
1090,0.952472,21,1.0,0.961026,post_filter,True,0.9173,1.0,0.969425,1.0,0.961866,25.0462,"overall IN (1,3,4,5)"
1091,0.929351,21,1.0,0.961866,post_filter,True,0.9737,1.0,0.967543,1.0,0.962434,25.0692,"overall IN (1,2,4,5)"
1092,0.092237,0,0.47643,0.618714,post_filter,False,0.9102,1.0,0.969661,0.47643,0.653809,24.9732,main_cat='Home Audio &amp; Theater' AND overall>=3.0
1093,0.952472,21,1.0,0.962434,post_filter,True,0.6099,1.0,0.979669,1.0,0.964157,25.095,"overall IN (1,3,4,5)"
1094,0.610257,18,0.370095,0.811923,post_filter,False,0.7593,1.0,0.97469,0.370095,0.8282,24.7578,overall>=5.0
1095,0.073033,0,0.47643,0.653809,post_filter,False,1.1561,0.8,0.172423,0.47643,0.60567,25.1729,brand='Tiffen'
1096,0.248992,4,0.534193,0.838877,post_filter,False,0.9899,1.0,0.967003,0.534193,0.851689,25.0017,"overall IN (3,4)"
1097,0.339351,8,0.531441,0.808213,post_filter,False,0.6046,1.0,0.979846,0.531441,0.825376,25.17,"main_cat IN ('Home Audio & Theater', 'Camera &amp; Photo', 'Sports & Outdoors')"
1098,0.160682,1,0.378138,0.947703,post_filter,False,0.5905,1.0,0.980318,0.378138,0.950965,24.9051,"main_cat IN ('Camera & Photo', 'Computers')"
1099,0.836128,20,0.478297,0.883703,post_filter,False,0.777,1.0,0.9741,0.478297,0.892743,24.7938,"overall IN (2,4,5)"
1100,0.140751,1,0.378138,0.950965,post_filter,False,1.2393,0.0,0.0,0.378138,0.855868,26.1827,overall<=2.0
1101,0.836128,20,0.478297,0.892743,post_filter,False,0.6911,1.0,0.976962,0.478297,0.901165,24.8563,"overall IN (2,4,5)"
1102,0.751008,19,0.313811,0.859543,post_filter,False,0.8237,1.0,0.972543,0.313811,0.870843,25.086,"overall IN (1,2,5)"
1103,0.821657,20,0.478297,0.901165,post_filter,False,0.8689,1.0,0.971037,0.478297,0.908152,24.6372,"overall IN (1,2,3,5)"
1104,0.751008,19,0.313811,0.870843,post_filter,False,0.7403,1.0,0.975325,0.313811,0.881291,24.7428,"overall IN (1,2,5)"
1105,0.339351,8,0.531441,0.825376,post_filter,False,0.7725,1.0,0.974251,0.531441,0.840264,24.7332,"main_cat IN ('Home Audio & Theater', 'Camera &amp; Photo', 'Sports & Outdoors')"
1106,0.300422,7,0.449992,0.865534,post_filter,False,0.5077,1.0,0.983078,0.449992,0.877289,25.1148,"main_cat IN ('All Electronics', 'Books', 'Sports & Outdoors')"
1107,0.929351,21,1.0,0.964157,post_filter,True,1.1048,1.0,0.963175,1.0,0.964059,24.9583,"overall IN (1,2,4,5)"
1108,0.319094,7,0.449992,0.877289,post_filter,False,0.9704,1.0,0.967654,0.449992,0.886325,24.904,"overall IN (1,2,4)"
1109,0.389743,11,0.591322,0.903186,post_filter,False,0.8939,1.0,0.970204,0.591322,0.909887,24.9839,overall<=4.0
1110,0.906777,21,1.0,0.964059,post_filter,True,0.6678,0.9,0.569393,1.0,0.924592,24.8945,overall>=2.0
1111,0.952472,21,1.0,0.924592,post_filter,True,0.9097,1.0,0.969676,1.0,0.929101,24.9465,"overall IN (1,3,4,5)"
1112,0.952472,21,1.0,0.929101,post_filter,True,0.8227,1.0,0.972575,1.0,0.933448,25.0795,"overall IN (1,3,4,5)"
1113,0.319094,7,0.449992,0.886325,post_filter,False,0.6879,1.0,0.977071,0.449992,0.8954,25.1345,"overall IN (1,2,4)"
1114,0.319094,7,0.449992,0.8954,post_filter,False,0.4206,1.0,0.985981,0.449992,0.904458,25.119,"overall IN (1,2,4)"
1115,0.092237,0,0.47643,0.60567,post_filter,False,0.9787,0.8,0.173484,0.47643,0.562452,25.214,main_cat='Home Audio &amp; Theater' AND overall>=3.0
1116,0.774129,19,0.313811,0.881291,post_filter,False,0.4377,1.0,0.985411,0.313811,0.891703,26.3054,"overall IN (1,3,5)"
1117,0.774129,19,0.313811,0.891703,post_filter,False,0.9285,1.0,0.969051,0.313811,0.899438,25.9824,"overall IN (1,3,5)"
1118,0.906777,21,1.0,0.933448,post_filter,True,0.8215,1.0,0.972618,1.0,0.937365,24.9316,overall>=2.0
1119,0.680906,18,0.370095,0.8282,post_filter,False,0.4478,1.0,0.985074,0.370095,0.843887,25.1507,"overall IN (3,5)"
1120,0.140751,1,0.378138,0.855868,post_filter,False,0.7067,0.7,0.046067,0.378138,0.774888,25.3305,overall<=2.0
1121,0.751008,19,0.313811,0.899438,post_filter,False,0.8072,1.0,0.973094,0.313811,0.906804,24.8974,"overall IN (1,2,5)"
1122,0.906777,21,1.0,0.937365,post_filter,True,0.8847,1.0,0.97051,1.0,0.94068,24.8811,overall>=2.0
1123,0.300422,7,0.449992,0.904458,post_filter,False,0.3328,0.9,0.575897,0.449992,0.871602,24.8622,"main_cat IN ('All Electronics', 'Books', 'Sports & Outdoors')"
1124,0.12068,1,0.378138,0.774888,post_filter,False,0.9034,1.0,0.969886,0.378138,0.794388,25.0645,"main_cat IN ('Camera &amp; Photo', 'Cell Phones &amp; Accessories', 'Tools & Home Improvement')"
1125,0.160682,1,0.378138,0.794388,post_filter,False,0.5707,1.0,0.980976,0.378138,0.813047,25.3278,"main_cat IN ('Camera & Photo', 'Computers')"
1126,0.680906,18,0.370095,0.843887,post_filter,False,0.4144,1.0,0.986188,0.370095,0.858117,24.7908,"overall IN (3,5)"
1127,0.319094,7,0.449992,0.871602,post_filter,False,0.4241,1.0,0.985864,0.449992,0.883028,24.9745,"overall IN (1,2,4)"
1128,0.658182,18,0.370095,0.858117,post_filter,False,0.9097,1.0,0.969678,0.370095,0.869273,24.808,verified=true AND overall>=3.0
1129,0.140751,1,0.378138,0.813047,post_filter,False,0.9271,0.9,0.56436,0.378138,0.788178,24.9724,overall<=2.0
1130,0.821657,20,0.478297,0.908152,post_filter,False,0.7665,1.0,0.974451,0.478297,0.914782,24.7273,"overall IN (1,2,3,5)"
1131,0.210713,2,0.48584,0.691869,post_filter,False,0.8458,1.0,0.971808,0.48584,0.719863,25.129,"main_cat IN ('Camera & Photo', 'Camera &amp; Photo')"
1132,0.881823,20,0.478297,0.914782,post_filter,False,0.5083,1.0,0.983058,0.478297,0.921609,25.2671,"overall IN (1,4,5)"
1133,0.050727,0,0.47643,0.562452,post_filter,False,0.2011,0.0,0.0,0.47643,0.506206,32.26,"main_cat IN ('Computers', 'Tools & Home Improvement')"
1134,0.836128,20,0.478297,0.921609,post_filter,False,0.615,1.0,0.979499,0.478297,0.927398,27.5441,"overall IN (2,4,5)"
1135,0.050727,0,0.47643,0.506206,post_filter,False,0.8232,1.0,0.972561,0.47643,0.552842,25.0945,"main_cat IN ('Computers', 'Tools & Home Improvement')"
1136,0.248992,4,0.534193,0.851689,post_filter,False,0.4719,0.0,0.0,0.534193,0.76652,25.492,"overall IN (3,4)"
1137,0.389743,11,0.591322,0.909887,post_filter,False,1.0705,1.0,0.964315,0.591322,0.91533,25.0265,overall<=4.0
1138,0.774129,19,0.313811,0.906804,post_filter,False,0.7797,1.0,0.974011,0.313811,0.913524,24.7483,"overall IN (1,3,5)"
1139,0.821657,20,0.478297,0.927398,post_filter,False,0.8368,1.0,0.972106,0.478297,0.931869,24.9842,"overall IN (1,2,3,5)"
1140,0.680906,18,0.370095,0.869273,post_filter,False,0.9451,0.9,0.56401,0.370095,0.838747,25.1755,"overall IN (3,5)"
1141,0.339351,8,0.531441,0.840264,post_filter,False,0.7631,1.0,0.974564,0.531441,0.853694,25.0002,"main_cat IN ('Home Audio & Theater', 'Camera &amp; Photo', 'Sports & Outdoors')"
1142,0.680906,18,0.370095,0.838747,post_filter,False,0.4887,1.0,0.983711,0.370095,0.853244,24.8367,"overall IN (3,5)"
1143,0.319094,7,0.449992,0.883028,post_filter,False,0.8814,1.0,0.970619,0.449992,0.891787,24.8725,"overall IN (1,2,4)"
1144,0.881823,20,0.478297,0.931869,post_filter,False,0.6941,1.0,0.976862,0.478297,0.936368,25.16,"overall IN (1,4,5)"
1145,0.210713,2,0.48584,0.719863,post_filter,False,1.3668,0.6,0.009639,0.48584,0.648841,25.0676,"main_cat IN ('Camera & Photo', 'Camera &amp; Photo')"
1146,0.210713,2,0.48584,0.648841,post_filter,False,0.6536,1.0,0.978214,0.48584,0.681778,24.8252,"main_cat IN ('Camera & Photo', 'Camera &amp; Photo')"
1147,0.389743,11,0.591322,0.91533,post_filter,False,1.0265,1.0,0.965785,0.591322,0.920376,24.5687,overall<=4.0
1148,0.300422,7,0.449992,0.891787,post_filter,False,0.8608,1.0,0.971307,0.449992,0.899739,24.731,"main_cat IN ('All Electronics', 'Books', 'Sports & Outdoors')"
1149,0.140751,1,0.378138,0.788178,post_filter,False,0.7667,1.0,0.974443,0.378138,0.806805,25.0053,overall<=2.0
1150,0.230635,3,0.536076,0.591966,post_filter,False,0.9155,1.0,0.969485,0.536076,0.629717,25.0673,"main_cat IN ('Camera & Photo', 'Camera &amp; Photo', 'Cell Phones &amp; Accessories')"
1151,0.180604,1,0.378138,0.806805,post_filter,False,0.923,0.9,0.564439,0.378138,0.782568,24.7878,"main_cat IN ('Camera & Photo', 'Computers', 'Cell Phones &amp; Accessories')"
1152,0.952472,21,1.0,0.94068,post_filter,True,0.5015,1.0,0.983282,1.0,0.94494,25.1822,"overall IN (1,3,4,5)"
1153,0.929351,21,1.0,0.94494,post_filter,True,0.789,1.0,0.973699,1.0,0.947816,24.7954,"overall IN (1,2,4,5)"
1154,0.821657,20,0.478297,0.936368,post_filter,False,0.123,0.0,0.0,0.478297,0.842732,24.8937,"overall IN (1,2,3,5)"
1155,0.836128,20,0.478297,0.842732,post_filter,False,0.966,1.0,0.9678,0.478297,0.855238,25.1579,"overall IN (2,4,5)"
1156,0.12068,1,0.378138,0.782568,post_filter,False,0.4373,1.0,0.985424,0.378138,0.802854,25.0855,"main_cat IN ('Camera &amp; Photo', 'Cell Phones &amp; Accessories', 'Tools & Home Improvement')"
1157,0.073033,0,0.47643,0.552842,pre_filter,False,14.9935,0.8,0.089706,0.437757,0.552842,25.285,brand='Tiffen'
1158,0.859249,20,0.478297,0.855238,post_filter,False,0.3765,1.0,0.987451,0.478297,0.86846,25.0855,overall>=3.0
1159,0.774129,19,0.313811,0.913524,post_filter,False,0.8105,1.0,0.972983,0.313811,0.91947,25.1283,"overall IN (1,3,5)"
1160,0.339351,8,0.531441,0.853694,post_filter,False,0.7722,1.0,0.974261,0.531441,0.86575,25.061,"main_cat IN ('Home Audio & Theater', 'Camera &amp; Photo', 'Sports & Outdoors')"
1161,0.728433,19,0.313811,0.91947,post_filter,False,0.896,1.0,0.970133,0.313811,0.924537,25.0307,"overall IN (2,3,5)"
1162,0.836128,20,0.478297,0.86846,post_filter,False,0.9077,1.0,0.969743,0.478297,0.878588,24.9156,"overall IN (2,4,5)"
1163,0.952472,21,1.0,0.947816,post_filter,True,0.7313,1.0,0.975622,1.0,0.950596,25.0285,"overall IN (1,3,4,5)"
1164,0.929351,21,1.0,0.950596,post_filter,True,0.5431,1.0,0.981896,1.0,0.953726,25.0336,"overall IN (1,2,4,5)"
1165,0.929351,21,1.0,0.953726,post_filter,True,0.7345,1.0,0.975518,1.0,0.955906,25.0312,"overall IN (1,2,4,5)"
1166,0.050727,0,0.437757,0.552842,post_filter,False,0.8208,1.0,0.97264,0.437757,0.594822,24.999,"main_cat IN ('Computers', 'Tools & Home Improvement')"
1167,0.210713,2,0.48584,0.681778,post_filter,False,0.8353,0.9,0.566142,0.48584,0.670214,25.1619,"main_cat IN ('Camera & Photo', 'Camera &amp; Photo')"
1168,0.180604,1,0.378138,0.802854,post_filter,False,0.7889,1.0,0.973704,0.378138,0.819939,25.022,"main_cat IN ('Camera & Photo', 'Computers', 'Cell Phones &amp; Accessories')"
1169,0.092237,0,0.437757,0.594822,post_filter,False,0.51,0.7,0.046377,0.437757,0.539977,25.1861,main_cat='Home Audio &amp; Theater' AND overall>=3.0
1170,0.12068,1,0.378138,0.819939,post_filter,False,0.4171,1.0,0.986096,0.378138,0.836554,25.2158,"main_cat IN ('Camera &amp; Photo', 'Cell Phones &amp; Accessories', 'Tools & Home Improvement')"
1171,0.728433,19,0.313811,0.924537,post_filter,False,0.763,1.0,0.974565,0.313811,0.929539,24.9313,"overall IN (2,3,5)"
1172,0.073033,0,0.437757,0.539977,post_filter,False,1.0076,0.9,0.562797,0.437757,0.542259,25.1689,brand='Tiffen'
1173,0.389743,11,0.591322,0.920376,post_filter,False,0.9558,1.0,0.96814,0.591322,0.925152,24.9402,overall<=4.0
1174,0.728433,19,0.313811,0.929539,post_filter,False,0.3601,0.8,0.177182,0.313811,0.854304,25.0155,"overall IN (2,3,5)"
1175,0.774129,19,0.313811,0.854304,post_filter,False,0.6961,0.8889,0.502392,0.313811,0.819113,24.8826,"overall IN (1,3,5)"
1176,0.7886,19,0.313811,0.819113,post_filter,False,0.5467,1.0,0.981778,0.313811,0.835379,25.064,overall>=4.0
1177,0.906777,21,1.0,0.955906,post_filter,True,1.0184,1.0,0.966053,1.0,0.95692,24.9778,overall>=2.0
1178,0.073033,0,0.437757,0.542259,post_filter,False,0.9914,1.0,0.966953,0.437757,0.584729,25.1502,brand='Tiffen'
1179,0.210713,2,0.48584,0.670214,post_filter,False,1.0717,1.0,0.964278,0.48584,0.699621,25.0765,"main_cat IN ('Camera & Photo', 'Camera &amp; Photo')"
1180,0.821657,20,0.478297,0.878588,post_filter,False,0.6456,1.0,0.978481,0.478297,0.888577,24.9285,"overall IN (1,2,3,5)"
1181,0.073033,0,0.437757,0.584729,post_filter,False,0.8201,1.0,0.972664,0.437757,0.623522,25.0473,brand='Tiffen'
1182,0.319094,7,0.449992,0.899739,post_filter,False,0.8494,1.0,0.971687,0.449992,0.906934,25.2231,"overall IN (1,2,4)"
1183,0.389743,11,0.591322,0.925152,post_filter,False,0.4659,0.9,0.573312,0.591322,0.889968,25.2042,overall<=4.0
1184,0.210713,2,0.48584,0.699621,post_filter,False,0.8778,1.0,0.970739,0.48584,0.726733,24.858,"main_cat IN ('Camera & Photo', 'Camera &amp; Photo')"
1185,0.680906,18,0.370095,0.853244,post_filter,False,0.8977,0.9,0.56493,0.370095,0.824412,25.02,"overall IN (3,5)"
1186,0.180604,1,0.378138,0.836554,post_filter,False,0.623,1.0,0.979233,0.378138,0.850822,25.1953,"main_cat IN ('Camera & Photo', 'Computers', 'Cell Phones &amp; Accessories')"
1187,0.836128,20,0.478297,0.888577,post_filter,False,0.8693,1.0,0.971024,0.478297,0.896822,24.9458,"overall IN (2,4,5)"
1188,0.906777,21,1.0,0.95692,post_filter,True,0.8757,1.0,0.970811,1.0,0.958309,25.0837,overall>=2.0
1189,0.836128,20,0.478297,0.896822,post_filter,False,0.7923,1.0,0.973592,0.478297,0.904499,24.6602,"overall IN (2,4,5)"
1190,0.073033,0,0.437757,0.623522,post_filter,False,1.3107,0.4,0.000167,0.437757,0.561187,25.3653,brand='Tiffen'
1191,0.140751,1,0.378138,0.850822,post_filter,False,0.6742,0.2,0.0,0.378138,0.76574,27.1673,overall<=2.0
1192,0.658182,18,0.370095,0.824412,post_filter,False,0.9469,1.0,0.968437,0.370095,0.838815,24.8718,verified=true AND overall>=3.0
1193,0.248992,4,0.534193,0.76652,post_filter,False,1.0068,1.0,0.966442,0.534193,0.786512,25.1572,"overall IN (3,4)"
1194,0.210713,2,0.48584,0.726733,post_filter,False,1.021,0.6,0.009755,0.48584,0.655035,25.1664,"main_cat IN ('Camera & Photo', 'Camera &amp; Photo')"
1195,0.881823,20,0.478297,0.904499,post_filter,False,1.0184,1.0,0.966054,0.478297,0.910654,24.8779,"overall IN (1,4,5)"
1196,0.952472,21,1.0,0.958309,post_filter,True,0.413,1.0,0.986235,1.0,0.961102,25.0024,"overall IN (1,3,4,5)"
1197,0.821657,20,0.478297,0.910654,post_filter,False,0.7989,1.0,0.973371,0.478297,0.916926,25.1763,"overall IN (1,2,3,5)"
1198,0.70348,19,0.313811,0.835379,post_filter,False,0.8868,1.0,0.97044,0.313811,0.848885,24.9436,"overall IN (1,5)"
1199,0.270385,5,0.66637,0.715811,post_filter,False,1.0067,1.0,0.966444,0.66637,0.740874,24.8683,"main_cat IN ('Home Audio & Theater', 'Books', 'Tools & Home Improvement')"
1200,0.70348,19,0.313811,0.848885,post_filter,False,0.7282,1.0,0.975728,0.313811,0.861569,24.8562,"overall IN (1,5)"
1201,0.728433,19,0.313811,0.861569,post_filter,False,0.7904,1.0,0.973654,0.313811,0.872778,25.0072,"overall IN (2,3,5)"
1202,0.836128,20,0.478297,0.916926,post_filter,False,0.5326,1.0,0.982246,0.478297,0.923458,25.2758,"overall IN (2,4,5)"
1203,0.774129,19,0.313811,0.872778,post_filter,False,0.8249,1.0,0.972503,0.313811,0.88275,24.9926,"overall IN (1,3,5)"
1204,0.881823,20,0.478297,0.923458,post_filter,False,0.7852,1.0,0.973828,0.478297,0.928495,25.2444,"overall IN (1,4,5)"
1205,0.270385,5,0.66637,0.740874,post_filter,False,0.7496,0.9,0.567805,0.66637,0.723567,24.8277,"main_cat IN ('Home Audio & Theater', 'Books', 'Tools & Home Improvement')"
1206,0.210713,2,0.48584,0.655035,post_filter,False,0.8981,0.9,0.564923,0.48584,0.646024,25.1678,"main_cat IN ('Camera & Photo', 'Camera &amp; Photo')"
1207,0.248992,4,0.534193,0.786512,post_filter,False,0.7295,1.0,0.975683,0.534193,0.80543,24.9975,"overall IN (3,4)"
1208,0.929351,21,1.0,0.961102,post_filter,True,0.8794,1.0,0.970687,1.0,0.96206,24.913,"overall IN (1,2,4,5)"
1209,0.140751,1,0.378138,0.76574,post_filter,False,0.8308,1.0,0.972307,0.378138,0.786397,24.7299,overall<=2.0
1210,0.774129,19,0.313811,0.88275,post_filter,False,0.8023,1.0,0.973257,0.313811,0.891801,24.9978,"overall IN (1,3,5)"
1211,0.658182,18,0.370095,0.838815,post_filter,False,0.8412,0.9,0.566027,0.370095,0.811536,25.086,verified=true AND overall>=3.0
1212,0.210713,2,0.48584,0.646024,post_filter,False,0.8282,1.0,0.972393,0.48584,0.678661,25.1504,"main_cat IN ('Camera & Photo', 'Camera &amp; Photo')"
1213,0.339351,8,0.531441,0.86575,post_filter,False,0.7423,0.8,0.174897,0.531441,0.796665,24.9059,"main_cat IN ('Home Audio & Theater', 'Camera &amp; Photo', 'Sports & Outdoors')"
1214,0.248992,4,0.534193,0.80543,post_filter,False,0.9353,1.0,0.968822,0.534193,0.821769,24.9318,"overall IN (3,4)"
1215,0.230635,3,0.536076,0.629717,post_filter,False,0.7717,1.0,0.974276,0.536076,0.664173,25.1104,"main_cat IN ('Camera & Photo', 'Camera &amp; Photo', 'Cell Phones &amp; Accessories')"
1216,0.073033,0,0.437757,0.561187,post_filter,False,1.0743,0.7,0.045489,0.437757,0.509617,24.9735,brand='Tiffen'
1217,0.680906,18,0.370095,0.811536,post_filter,False,0.3394,0.9,0.575768,0.370095,0.787959,25.037,"overall IN (3,5)"
1218,0.70348,19,0.313811,0.891801,post_filter,False,0.5072,1.0,0.983094,0.313811,0.90093,24.854,"overall IN (1,5)"
1219,0.929351,21,1.0,0.96206,post_filter,True,0.5283,1.0,0.982389,1.0,0.964093,24.8598,"overall IN (1,2,4,5)"
1220,0.821657,20,0.478297,0.928495,post_filter,False,0.8017,1.0,0.973278,0.478297,0.932973,24.9927,"overall IN (1,2,3,5)"
1221,0.952472,21,1.0,0.964093,post_filter,True,0.8482,1.0,0.971728,1.0,0.964857,24.809,"overall IN (1,3,4,5)"
1222,0.160682,1,0.378138,0.786397,post_filter,False,0.8211,1.0,0.972631,0.378138,0.80502,25.1445,"main_cat IN ('Camera & Photo', 'Computers')"
1223,0.751008,19,0.313811,0.90093,post_filter,False,0.8162,1.0,0.972794,0.313811,0.908117,25.0299,"overall IN (1,2,5)"
1224,0.774129,19,0.313811,0.908117,post_filter,False,0.3641,1.0,0.987864,0.313811,0.916092,25.0887,"overall IN (1,3,5)"
1225,0.339351,8,0.531441,0.796665,pre_filter,False,13.8508,1.0,0.538306,0.532127,0.796665,25.1823,"main_cat IN ('Home Audio & Theater', 'Camera &amp; Photo', 'Sports & Outdoors')"
1226,0.680906,18,0.370095,0.787959,post_filter,False,0.5368,1.0,0.982106,0.370095,0.807374,25.1199,"overall IN (3,5)"
1227,0.610257,18,0.370095,0.807374,post_filter,False,0.8427,1.0,0.971911,0.370095,0.823827,24.7838,overall>=5.0
1228,0.073033,0,0.437757,0.509617,post_filter,False,1.06,0.4,0.000169,0.437757,0.458672,24.9262,brand='Tiffen'
1229,0.300422,7,0.449992,0.906934,post_filter,False,0.9779,1.0,0.967403,0.449992,0.912981,24.7148,"main_cat IN ('All Electronics', 'Books', 'Sports & Outdoors')"
1230,0.751008,19,0.313811,0.916092,post_filter,False,0.6378,1.0,0.978742,0.313811,0.922357,24.9337,"overall IN (1,2,5)"
1231,0.774129,19,0.313811,0.922357,post_filter,False,0.8646,1.0,0.971179,0.313811,0.927239,24.6754,"overall IN (1,3,5)"
1232,0.319094,7,0.449992,0.912981,post_filter,False,0.2225,0.9,0.578038,0.449992,0.879487,25.143,"overall IN (1,2,4)"
1233,0.859249,20,0.478297,0.932973,post_filter,False,0.9523,1.0,0.968256,0.478297,0.936502,24.706,overall>=3.0
1234,0.658182,18,0.370095,0.823827,post_filter,False,0.6271,0.9,0.570183,0.370095,0.798463,24.8485,verified=true AND overall>=3.0
1235,0.270385,5,0.66637,0.723567,post_filter,False,0.5676,1.0,0.981079,0.66637,0.749319,24.9045,"main_cat IN ('Home Audio & Theater', 'Books', 'Tools & Home Improvement')"
1236,0.7886,19,0.313811,0.927239,post_filter,False,0.8109,1.0,0.972969,0.313811,0.931812,24.8502,overall>=4.0
1237,0.339351,8,0.532127,0.796665,post_filter,False,0.8112,1.0,0.972961,0.532127,0.814295,24.8925,"main_cat IN ('Home Audio & Theater', 'Camera &amp; Photo', 'Sports & Outdoors')"
1238,0.339351,8,0.532127,0.814295,post_filter,False,0.6094,1.0,0.979687,0.532127,0.830834,25.1436,"main_cat IN ('Home Audio & Theater', 'Camera &amp; Photo', 'Sports & Outdoors')"
1239,0.140751,1,0.378138,0.80502,post_filter,False,0.449,1.0,0.985032,0.378138,0.823021,25.137,overall<=2.0
1240,0.248992,4,0.534193,0.821769,post_filter,False,0.6715,1.0,0.977618,0.534193,0.837354,24.9703,"overall IN (3,4)"
1241,0.319094,7,0.449992,0.879487,post_filter,False,0.4154,0.8889,0.507205,0.449992,0.842258,25.2069,"overall IN (1,2,4)"
1242,0.160682,1,0.378138,0.823021,post_filter,False,0.9328,1.0,0.968907,0.378138,0.83761,24.6869,"main_cat IN ('Camera & Photo', 'Computers')"
1243,0.836128,20,0.478297,0.936502,post_filter,False,0.7465,1.0,0.975117,0.478297,0.940363,24.993,"overall IN (2,4,5)"
1244,0.680906,18,0.370095,0.798463,post_filter,False,0.303,1.0,0.989899,0.370095,0.817607,24.7671,"overall IN (3,5)"
1245,0.610257,18,0.370095,0.817607,post_filter,False,0.8567,1.0,0.971444,0.370095,0.83299,25.0478,overall>=5.0
1246,0.210713,2,0.48584,0.678661,post_filter,False,1.0726,1.0,0.964246,0.48584,0.707219,24.8815,"main_cat IN ('Camera & Photo', 'Camera &amp; Photo')"
1247,0.906777,21,1.0,0.964857,post_filter,True,0.9198,1.0,0.96934,1.0,0.965305,27.0876,overall>=2.0
1248,0.210713,2,0.48584,0.707219,post_filter,False,1.76,0.9,0.548193,0.48584,0.691316,30.3417,"main_cat IN ('Camera & Photo', 'Camera &amp; Photo')"
1249,0.248992,4,0.534193,0.837354,post_filter,False,0.5765,1.0,0.980783,0.534193,0.851697,24.897,"overall IN (3,4)"
1250,0.906777,21,1.0,0.965305,post_filter,True,0.9897,1.0,0.967011,1.0,0.965476,25.0735,overall>=2.0
1251,0.7886,19,0.313811,0.931812,post_filter,False,0.886,1.0,0.970467,0.313811,0.935677,25.1973,overall>=4.0
1252,0.140751,1,0.378138,0.83761,pre_filter,False,16.5246,1.0,0.449179,0.385242,0.83761,25.053,overall<=2.0
1253,0.859249,20,0.478297,0.940363,post_filter,False,0.9645,1.0,0.96785,0.478297,0.943112,24.9003,overall>=3.0
1254,0.389743,11,0.591322,0.889968,post_filter,False,0.7579,1.0,0.974737,0.591322,0.898445,25.0788,overall<=4.0
1255,0.952472,21,1.0,0.965476,post_filter,True,1.0579,1.0,0.964736,1.0,0.965402,25.0553,"overall IN (1,3,4,5)"
1256,0.073033,0,0.437757,0.458672,pre_filter,False,2.4099,0.1,0.0,0.393982,0.458672,25.0397,brand='Tiffen'
1257,0.680906,18,0.370095,0.83299,pre_filter,False,79.3768,1.0,0.0,0.333085,0.83299,24.8748,"overall IN (3,5)"
1258,0.339351,8,0.532127,0.830834,post_filter,False,0.4739,1.0,0.984204,0.532127,0.846171,24.9325,"main_cat IN ('Home Audio & Theater', 'Camera &amp; Photo', 'Sports & Outdoors')"
1259,0.339351,8,0.532127,0.846171,post_filter,False,0.6176,1.0,0.979413,0.532127,0.859495,24.9996,"main_cat IN ('Home Audio & Theater', 'Camera &amp; Photo', 'Sports & Outdoors')"
1260,0.680906,18,0.333085,0.83299,post_filter,False,0.8331,1.0,0.972231,0.333085,0.846914,25.0303,"overall IN (3,5)"
1261,0.658182,18,0.333085,0.846914,post_filter,False,0.3745,1.0,0.987517,0.333085,0.860975,25.2788,verified=true AND overall>=3.0
1262,0.140751,1,0.385242,0.83761,post_filter,False,1.3533,0.2,0.0,0.385242,0.753849,26.6875,overall<=2.0
1263,0.319094,7,0.449992,0.842258,post_filter,False,0.7568,1.0,0.974772,0.449992,0.85551,24.8354,"overall IN (1,2,4)"
1264,0.210713,2,0.48584,0.691316,post_filter,False,0.7715,1.0,0.974285,0.48584,0.719613,25.2054,"main_cat IN ('Camera & Photo', 'Camera &amp; Photo')"
1265,0.230635,3,0.536076,0.664173,post_filter,False,0.7674,0.9,0.56746,0.536076,0.654502,24.908,"main_cat IN ('Camera & Photo', 'Camera &amp; Photo', 'Cell Phones &amp; Accessories')"
1266,0.180604,1,0.385242,0.753849,post_filter,False,1.0257,1.0,0.96581,0.385242,0.775045,24.7502,"main_cat IN ('Camera & Photo', 'Computers', 'Cell Phones &amp; Accessories')"
1267,0.270385,5,0.66637,0.749319,pre_filter,False,34.4813,1.0,0.0,0.599733,0.749319,24.7134,"main_cat IN ('Home Audio & Theater', 'Books', 'Tools & Home Improvement')"
1268,0.751008,19,0.313811,0.935677,post_filter,False,0.8175,1.0,0.97275,0.313811,0.939385,24.7251,"overall IN (1,2,5)"
1269,0.092237,0,0.393982,0.458672,post_filter,False,0.9091,1.0,0.969697,0.393982,0.509775,24.8878,main_cat='Home Audio &amp; Theater' AND overall>=3.0
1270,0.952472,21,1.0,0.965402,post_filter,True,0.7377,1.0,0.975411,1.0,0.966403,24.9482,"overall IN (1,3,4,5)"
1271,0.389743,11,0.591322,0.898445,post_filter,False,1.0138,1.0,0.966206,0.591322,0.905221,25.015,overall<=4.0
1272,0.906777,21,1.0,0.966403,post_filter,True,0.9781,1.0,0.967396,1.0,0.966502,24.969,overall>=2.0
1273,0.300422,7,0.449992,0.85551,post_filter,False,0.4655,0.0,0.0,0.449992,0.769959,24.8901,"main_cat IN ('All Electronics', 'Books', 'Sports & Outdoors')"
1274,0.092237,0,0.393982,0.509775,post_filter,False,0.7707,0.9,0.567395,0.393982,0.515537,25.1718,main_cat='Home Audio &amp; Theater' AND overall>=3.0
1275,0.680906,18,0.333085,0.860975,pre_filter,False,51.027,1.0,0.0,0.299777,0.860975,25.1957,"overall IN (3,5)"
1276,0.821657,20,0.478297,0.943112,post_filter,False,0.9561,0.9,0.563797,0.478297,0.90518,24.8766,"overall IN (1,2,3,5)"
1277,0.881823,20,0.478297,0.90518,post_filter,False,0.6564,1.0,0.978121,0.478297,0.912474,25.0488,"overall IN (1,4,5)"
1278,0.180604,1,0.385242,0.775045,post_filter,False,0.8086,1.0,0.973047,0.385242,0.794845,24.7586,"main_cat IN ('Camera & Photo', 'Computers', 'Cell Phones &amp; Accessories')"
1279,0.073033,0,0.393982,0.515537,post_filter,False,0.641,0.8,0.175503,0.393982,0.481533,25.0041,brand='Tiffen'
1280,0.230635,3,0.536076,0.654502,post_filter,False,1.0781,0.9,0.561429,0.536076,0.645195,24.9517,"main_cat IN ('Camera & Photo', 'Camera &amp; Photo', 'Cell Phones &amp; Accessories')"
1281,0.319094,7,0.449992,0.769959,post_filter,False,0.7303,0.9,0.56818,0.449992,0.749781,25.2158,"overall IN (1,2,4)"
1282,0.774129,19,0.313811,0.939385,post_filter,False,0.8362,1.0,0.972126,0.313811,0.942659,25.128,"overall IN (1,3,5)"
1283,0.728433,19,0.313811,0.942659,post_filter,False,0.707,1.0,0.976433,0.313811,0.946036,25.0167,"overall IN (2,3,5)"
1284,0.728433,19,0.313811,0.946036,post_filter,False,0.8372,1.0,0.972094,0.313811,0.948642,25.033,"overall IN (2,3,5)"
1285,0.073033,0,0.393982,0.481533,post_filter,False,0.4814,0.9,0.573011,0.393982,0.490681,25.06,brand='Tiffen'
1286,0.906777,21,1.0,0.966502,post_filter,True,0.4181,1.0,0.986063,1.0,0.968458,25.0298,overall>=2.0
1287,0.092237,0,0.393982,0.490681,post_filter,False,0.958,1.0,0.968065,0.393982,0.538419,24.9451,main_cat='Home Audio &amp; Theater' AND overall>=3.0
1288,0.180604,1,0.385242,0.794845,post_filter,False,1.0543,1.0,0.964856,0.385242,0.811846,25.085,"main_cat IN ('Camera & Photo', 'Computers', 'Cell Phones &amp; Accessories')"
1289,0.859249,20,0.478297,0.912474,pre_filter,False,67.0585,1.0,0.0,0.430467,0.912474,24.9317,overall>=3.0
1290,0.836128,20,0.430467,0.912474,post_filter,False,0.8634,1.0,0.971219,0.430467,0.918349,25.1953,"overall IN (2,4,5)"
1291,0.70348,19,0.313811,0.948642,post_filter,False,0.7754,0.9,0.567305,0.313811,0.910508,25.0555,"overall IN (1,5)"
1292,0.821657,20,0.430467,0.918349,post_filter,False,0.6923,1.0,0.976922,0.430467,0.924206,25.2986,"overall IN (1,2,3,5)"
1293,0.774129,19,0.313811,0.910508,post_filter,False,0.8915,1.0,0.970282,0.313811,0.916486,25.2257,"overall IN (1,3,5)"
1294,0.680906,18,0.299777,0.860975,post_filter,False,0.8944,1.0,0.970188,0.299777,0.871896,24.9836,"overall IN (3,5)"
1295,0.180604,1,0.385242,0.811846,post_filter,False,0.5874,1.0,0.980419,0.385242,0.828704,25.3193,"main_cat IN ('Camera & Photo', 'Computers', 'Cell Phones &amp; Accessories')"
1296,0.610257,18,0.299777,0.871896,pre_filter,False,1.9929,0.0,0.0,0.269799,0.871896,25.1397,overall>=5.0
1297,0.180604,1,0.385242,0.828704,post_filter,False,0.8505,1.0,0.971649,0.385242,0.842998,25.0282,"main_cat IN ('Camera & Photo', 'Computers', 'Cell Phones &amp; Accessories')"
1298,0.906777,21,1.0,0.968458,post_filter,True,0.7962,1.0,0.97346,1.0,0.968958,24.8688,overall>=2.0
1299,0.952472,21,1.0,0.968958,post_filter,True,0.8349,1.0,0.972171,1.0,0.969279,25.3703,"overall IN (1,3,4,5)"
1300,0.270385,5,0.599733,0.749319,post_filter,False,0.9876,1.0,0.967079,0.599733,0.771095,25.1939,"main_cat IN ('Home Audio & Theater', 'Books', 'Tools & Home Improvement')"
1301,0.248992,4,0.534193,0.851697,post_filter,False,1.0248,1.0,0.965839,0.534193,0.863111,24.9362,"overall IN (3,4)"
1302,0.952472,21,1.0,0.969279,post_filter,True,0.8614,1.0,0.971286,1.0,0.96948,25.1655,"overall IN (1,3,4,5)"
1303,0.050727,0,0.393982,0.538419,pre_filter,False,2.8734,1.0,0.904221,0.445005,0.538419,24.9968,"main_cat IN ('Computers', 'Tools & Home Improvement')"
1304,0.180604,1,0.385242,0.842998,post_filter,False,0.987,1.0,0.967101,0.385242,0.855408,24.862,"main_cat IN ('Camera & Photo', 'Computers', 'Cell Phones &amp; Accessories')"
1305,0.952472,21,1.0,0.96948,post_filter,True,0.7263,1.0,0.975792,1.0,0.970111,24.9633,"overall IN (1,3,4,5)"
1306,0.180604,1,0.385242,0.855408,post_filter,False,1.2095,1.0,0.959682,0.385242,0.865836,25.1723,"main_cat IN ('Camera & Photo', 'Computers', 'Cell Phones &amp; Accessories')"
1307,0.821657,20,0.430467,0.924206,post_filter,False,0.975,1.0,0.967499,0.430467,0.928535,25.1178,"overall IN (1,2,3,5)"
1308,0.12068,1,0.385242,0.865836,post_filter,False,1.0293,0.9,0.562375,0.385242,0.83549,25.0922,"main_cat IN ('Camera &amp; Photo', 'Cell Phones &amp; Accessories', 'Tools & Home Improvement')"
1309,0.821657,20,0.430467,0.928535,post_filter,False,0.7674,1.0,0.974421,0.430467,0.933124,25.1846,"overall IN (1,2,3,5)"
1310,0.836128,20,0.430467,0.933124,post_filter,False,0.9047,1.0,0.969844,0.430467,0.936796,24.7871,"overall IN (2,4,5)"
1311,0.610257,18,0.269799,0.871896,post_filter,False,0.9831,1.0,0.967229,0.269799,0.881429,24.76,overall>=5.0
1312,0.952472,21,1.0,0.970111,post_filter,True,0.8411,1.0,0.971963,1.0,0.970296,24.7755,"overall IN (1,3,4,5)"
1313,0.210713,2,0.48584,0.719613,post_filter,False,0.717,0.9,0.568439,0.48584,0.704496,25.0923,"main_cat IN ('Camera & Photo', 'Camera &amp; Photo')"
1314,0.7886,19,0.313811,0.916486,post_filter,False,0.7528,1.0,0.974906,0.313811,0.922328,25.2251,overall>=4.0
1315,0.728433,19,0.313811,0.922328,post_filter,False,0.6079,1.0,0.979736,0.313811,0.928069,25.0917,"overall IN (2,3,5)"
1316,0.7886,19,0.313811,0.928069,post_filter,False,0.4779,0.0,0.0,0.313811,0.835262,24.8941,overall>=4.0
1317,0.180604,1,0.385242,0.83549,post_filter,False,0.9897,1.0,0.967008,0.385242,0.848642,25.0024,"main_cat IN ('Camera & Photo', 'Computers', 'Cell Phones &amp; Accessories')"
1318,0.319094,7,0.449992,0.749781,post_filter,False,0.8718,1.0,0.97094,0.449992,0.771897,25.0746,"overall IN (1,2,4)"
1319,0.952472,21,1.0,0.970296,post_filter,True,0.4356,0.8889,0.506858,1.0,0.923953,24.9311,"overall IN (1,3,4,5)"
1320,0.210713,2,0.48584,0.704496,post_filter,False,0.9901,1.0,0.966996,0.48584,0.730746,25.0977,"main_cat IN ('Camera & Photo', 'Camera &amp; Photo')"
1321,0.680906,18,0.269799,0.881429,post_filter,False,0.6048,1.0,0.979842,0.269799,0.89127,24.9535,"overall IN (3,5)"
1322,0.270385,5,0.599733,0.771095,post_filter,False,0.8714,0.7,0.045808,0.599733,0.698566,24.8062,"main_cat IN ('Home Audio & Theater', 'Books', 'Tools & Home Improvement')"
1323,0.836128,20,0.430467,0.936796,post_filter,False,0.7566,1.0,0.974779,0.430467,0.940594,24.8143,"overall IN (2,4,5)"
1324,0.248992,4,0.534193,0.863111,post_filter,False,1.0338,1.0,0.96554,0.534193,0.873354,25.1172,"overall IN (3,4)"
1325,0.319094,7,0.449992,0.771897,pre_filter,False,24.4415,0.9,0.107901,0.415783,0.771897,24.9595,"overall IN (1,2,4)"
1326,0.389743,11,0.591322,0.905221,post_filter,False,0.622,1.0,0.979265,0.591322,0.912626,25.215,overall<=4.0
1327,0.680906,18,0.269799,0.89127,post_filter,False,0.7151,0.9,0.568475,0.269799,0.858991,24.7839,"overall IN (3,5)"
1328,0.751008,19,0.313811,0.835262,post_filter,False,0.8642,1.0,0.971194,0.313811,0.848855,24.7285,"overall IN (1,2,5)"
1329,0.300422,7,0.415783,0.771897,post_filter,False,0.5333,1.0,0.982224,0.415783,0.79293,24.7833,"main_cat IN ('All Electronics', 'Books', 'Sports & Outdoors')"
1330,0.248992,4,0.534193,0.873354,post_filter,False,0.7012,1.0,0.976626,0.534193,0.883681,24.8057,"overall IN (3,4)"
1331,0.230635,3,0.536076,0.645195,post_filter,False,1.0321,1.0,0.965597,0.536076,0.677235,24.78,"main_cat IN ('Camera & Photo', 'Camera &amp; Photo', 'Cell Phones &amp; Accessories')"
1332,0.300422,7,0.415783,0.79293,post_filter,False,0.7292,1.0,0.975693,0.415783,0.811206,24.9255,"main_cat IN ('All Electronics', 'Books', 'Sports & Outdoors')"
1333,0.658182,18,0.269799,0.858991,post_filter,False,0.8865,1.0,0.97045,0.269799,0.870137,24.6745,verified=true AND overall>=3.0
1334,0.929351,21,1.0,0.923953,post_filter,True,0.7891,1.0,0.973696,1.0,0.928927,24.8768,"overall IN (1,2,4,5)"
1335,0.610257,18,0.269799,0.870137,post_filter,False,0.9374,0.9,0.56416,0.269799,0.839539,24.8075,overall>=5.0
1336,0.389743,11,0.591322,0.912626,post_filter,False,0.9787,1.0,0.967376,0.591322,0.918101,24.9177,overall<=4.0
1337,0.12068,1,0.385242,0.848642,post_filter,False,1.0521,0.7,0.045524,0.385242,0.76833,25.0568,"main_cat IN ('Camera &amp; Photo', 'Cell Phones &amp; Accessories', 'Tools & Home Improvement')"
1338,0.859249,20,0.430467,0.940594,post_filter,False,0.7129,1.0,0.976236,0.430467,0.944159,24.7951,overall>=3.0
1339,0.821657,20,0.430467,0.944159,post_filter,False,0.2823,0.2,0.0,0.430467,0.849743,24.9145,"overall IN (1,2,3,5)"
1340,0.610257,18,0.269799,0.839539,post_filter,False,0.5529,1.0,0.981569,0.269799,0.853742,24.8456,overall>=5.0
1341,0.836128,20,0.430467,0.849743,post_filter,False,0.4499,1.0,0.985003,0.430467,0.863269,24.817,"overall IN (2,4,5)"
1342,0.881823,20,0.430467,0.863269,post_filter,False,0.7795,1.0,0.974018,0.430467,0.874344,24.777,"overall IN (1,4,5)"
1343,0.270385,5,0.599733,0.698566,post_filter,False,0.841,0.9,0.566031,0.599733,0.685313,25.1613,"main_cat IN ('Home Audio & Theater', 'Books', 'Tools & Home Improvement')"
1344,0.952472,21,1.0,0.928927,post_filter,True,0.8158,1.0,0.972806,1.0,0.933315,24.7852,"overall IN (1,3,4,5)"
1345,0.180604,1,0.385242,0.76833,post_filter,False,0.9209,1.0,0.969303,0.385242,0.788427,24.9413,"main_cat IN ('Camera & Photo', 'Computers', 'Cell Phones &amp; Accessories')"
1346,0.300422,7,0.415783,0.811206,post_filter,False,1.0008,0.9,0.562929,0.415783,0.786378,25.0493,"main_cat IN ('All Electronics', 'Books', 'Sports & Outdoors')"
1347,0.270385,5,0.599733,0.685313,post_filter,False,1.0345,1.0,0.965515,0.599733,0.713333,25.0135,"main_cat IN ('Home Audio & Theater', 'Books', 'Tools & Home Improvement')"
1348,0.339351,8,0.532127,0.859495,post_filter,False,0.814,1.0,0.972868,0.532127,0.870832,24.8652,"main_cat IN ('Home Audio & Theater', 'Camera &amp; Photo', 'Sports & Outdoors')"
1349,0.073033,0,0.445005,0.538419,post_filter,False,0.9233,1.0,0.969222,0.445005,0.5815,25.0745,brand='Tiffen'
1350,0.70348,19,0.313811,0.848855,post_filter,False,0.5727,1.0,0.980908,0.313811,0.86206,24.9792,"overall IN (1,5)"
1351,0.906777,21,1.0,0.933315,post_filter,True,0.8076,1.0,0.973079,1.0,0.937291,28.4981,overall>=2.0
1352,0.210713,2,0.48584,0.730746,pre_filter,False,2.569,0.0,0.0,0.437256,0.730746,28.0526,"main_cat IN ('Camera & Photo', 'Camera &amp; Photo')"
1353,0.821657,20,0.430467,0.874344,post_filter,False,0.8553,1.0,0.97149,0.430467,0.884058,24.9401,"overall IN (1,2,3,5)"
1354,0.140751,1,0.385242,0.788427,post_filter,False,0.6635,0.0,0.0,0.385242,0.709584,26.7536,overall<=2.0
1355,0.050727,0,0.445005,0.5815,post_filter,False,0.883,1.0,0.970567,0.445005,0.620406,25.0286,"main_cat IN ('Computers', 'Tools & Home Improvement')"
1356,0.230635,3,0.536076,0.677235,post_filter,False,0.8424,1.0,0.971919,0.536076,0.706703,25.121,"main_cat IN ('Camera & Photo', 'Camera &amp; Photo', 'Cell Phones &amp; Accessories')"
1357,0.680906,18,0.269799,0.853742,post_filter,False,0.9473,1.0,0.968425,0.269799,0.86521,24.9619,"overall IN (3,5)"
1358,0.952472,21,1.0,0.937291,post_filter,True,0.9758,1.0,0.967474,1.0,0.940309,24.9318,"overall IN (1,3,4,5)"
1359,0.70348,19,0.313811,0.86206,post_filter,False,1.077,1.0,0.9641,0.313811,0.872264,24.7522,"overall IN (1,5)"
1360,0.70348,19,0.313811,0.872264,post_filter,False,0.7095,1.0,0.97635,0.313811,0.882673,24.8973,"overall IN (1,5)"
1361,0.821657,20,0.430467,0.884058,post_filter,False,0.9994,1.0,0.966686,0.430467,0.892321,24.711,"overall IN (1,2,3,5)"
1362,0.339351,8,0.532127,0.870832,post_filter,False,0.8924,1.0,0.970253,0.532127,0.880774,24.9207,"main_cat IN ('Home Audio & Theater', 'Camera &amp; Photo', 'Sports & Outdoors')"
1363,0.248992,4,0.534193,0.883681,post_filter,False,0.792,1.0,0.9736,0.534193,0.892673,25.1178,"overall IN (3,4)"
1364,0.140751,1,0.385242,0.709584,post_filter,False,0.7184,0.9,0.568412,0.385242,0.695467,25.1907,overall<=2.0
1365,0.180604,1,0.385242,0.695467,post_filter,False,0.831,1.0,0.972299,0.385242,0.72315,25.0847,"main_cat IN ('Camera & Photo', 'Computers', 'Cell Phones &amp; Accessories')"
1366,0.270385,5,0.599733,0.713333,post_filter,False,0.4786,0.0,0.0,0.599733,0.642,25.0428,"main_cat IN ('Home Audio & Theater', 'Books', 'Tools & Home Improvement')"
1367,0.210713,2,0.437256,0.730746,pre_filter,False,11.3908,0.6,0.006264,0.394157,0.730746,25.0475,"main_cat IN ('Camera & Photo', 'Camera &amp; Photo')"
1368,0.319094,7,0.415783,0.786378,post_filter,False,0.6566,1.0,0.978113,0.415783,0.805552,25.281,"overall IN (1,2,4)"
1369,0.70348,19,0.313811,0.882673,post_filter,False,0.694,1.0,0.976868,0.313811,0.892092,24.8255,"overall IN (1,5)"
1370,0.881823,20,0.430467,0.892321,post_filter,False,0.7437,1.0,0.97521,0.430467,0.90061,24.9563,"overall IN (1,4,5)"
1371,0.210713,2,0.394157,0.730746,post_filter,False,0.2725,0.6,0.010007,0.394157,0.658672,25.1777,"main_cat IN ('Camera & Photo', 'Camera &amp; Photo')"
1372,0.610257,18,0.269799,0.86521,post_filter,False,0.756,1.0,0.9748,0.269799,0.876169,24.8799,overall>=5.0
1373,0.680906,18,0.269799,0.876169,post_filter,False,0.7811,0.8,0.174665,0.269799,0.806019,25.2561,"overall IN (3,5)"
1374,0.751008,19,0.313811,0.892092,post_filter,False,0.8052,1.0,0.973161,0.313811,0.900199,25.1503,"overall IN (1,2,5)"
1375,0.774129,19,0.313811,0.900199,post_filter,False,0.776,1.0,0.974133,0.313811,0.907593,25.2428,"overall IN (1,3,5)"
1376,0.270385,5,0.599733,0.642,post_filter,False,0.8764,1.0,0.970786,0.599733,0.674878,24.9731,"main_cat IN ('Home Audio & Theater', 'Books', 'Tools & Home Improvement')"
1377,0.230635,3,0.536076,0.706703,post_filter,False,0.8836,1.0,0.970546,0.536076,0.733088,24.9448,"main_cat IN ('Camera & Photo', 'Camera &amp; Photo', 'Cell Phones &amp; Accessories')"
1378,0.836128,20,0.430467,0.90061,post_filter,False,0.8732,1.0,0.970894,0.430467,0.907638,25.019,"overall IN (2,4,5)"
1379,0.881823,20,0.430467,0.907638,post_filter,False,0.732,1.0,0.9756,0.430467,0.914435,25.1705,"overall IN (1,4,5)"
1380,0.610257,18,0.269799,0.806019,post_filter,False,0.425,1.0,0.985832,0.269799,0.824,25.1106,overall>=5.0
1381,0.821657,20,0.430467,0.914435,post_filter,False,0.8092,1.0,0.973025,0.430467,0.920294,25.111,"overall IN (1,2,3,5)"
1382,0.751008,19,0.313811,0.907593,post_filter,False,0.4091,1.0,0.986363,0.313811,0.91547,24.825,"overall IN (1,2,5)"
1383,0.821657,20,0.430467,0.920294,post_filter,False,0.812,1.0,0.972932,0.430467,0.925557,25.0655,"overall IN (1,2,3,5)"
1384,0.610257,18,0.269799,0.824,post_filter,False,0.8361,1.0,0.972129,0.269799,0.838813,24.7691,overall>=5.0
1385,0.389743,11,0.591322,0.918101,post_filter,False,0.7315,1.0,0.975617,0.591322,0.923852,24.794,overall<=4.0
1386,0.160682,1,0.385242,0.72315,post_filter,False,0.5292,1.0,0.98236,0.385242,0.749071,25.0764,"main_cat IN ('Camera & Photo', 'Computers')"
1387,0.821657,20,0.430467,0.925557,post_filter,False,0.7902,1.0,0.973658,0.430467,0.930368,24.8722,"overall IN (1,2,3,5)"
1388,0.859249,20,0.430467,0.930368,post_filter,False,0.7523,1.0,0.974922,0.430467,0.934823,24.8914,overall>=3.0
1389,0.300422,7,0.415783,0.805552,post_filter,False,0.7921,1.0,0.973596,0.415783,0.822356,24.9978,"main_cat IN ('All Electronics', 'Books', 'Sports & Outdoors')"
1390,0.160682,1,0.385242,0.749071,post_filter,False,0.4879,0.9,0.572885,0.385242,0.731453,25.1808,"main_cat IN ('Camera & Photo', 'Computers')"
1391,0.140751,1,0.385242,0.731453,post_filter,False,0.788,0.2,0.0,0.385242,0.658307,27.1454,overall<=2.0
1392,0.821657,20,0.430467,0.934823,post_filter,False,0.978,1.0,0.9674,0.430467,0.938081,24.8093,"overall IN (1,2,3,5)"
1393,0.680906,18,0.269799,0.838813,post_filter,False,0.7088,1.0,0.976375,0.269799,0.852569,24.8635,"overall IN (3,5)"
1394,0.610257,18,0.269799,0.852569,post_filter,False,0.9256,1.0,0.969146,0.269799,0.864227,24.7171,overall>=5.0
1395,0.160682,1,0.385242,0.658307,post_filter,False,0.857,1.0,0.971432,0.385242,0.68962,24.741,"main_cat IN ('Camera & Photo', 'Computers')"
1396,0.952472,21,1.0,0.940309,post_filter,True,0.7725,1.0,0.97425,1.0,0.943703,24.8103,"overall IN (1,3,4,5)"
1397,0.929351,21,1.0,0.943703,post_filter,True,0.8387,1.0,0.972043,1.0,0.946537,25.005,"overall IN (1,2,4,5)"
1398,0.680906,18,0.269799,0.864227,post_filter,False,0.9415,1.0,0.968617,0.269799,0.874666,24.7325,"overall IN (3,5)"
1399,0.751008,19,0.313811,0.91547,post_filter,False,0.9469,0.9,0.563976,0.313811,0.88032,24.7702,"overall IN (1,2,5)"
1400,0.073033,0,0.445005,0.620406,post_filter,False,0.945,0.8,0.173685,0.445005,0.575734,25.3206,brand='Tiffen'
1401,0.658182,18,0.269799,0.874666,post_filter,False,0.5207,0.8,0.176222,0.269799,0.804822,25.3111,verified=true AND overall>=3.0
1402,0.073033,0,0.445005,0.575734,post_filter,False,1.0678,0.8,0.172951,0.445005,0.535456,25.0383,brand='Tiffen'
1403,0.881823,20,0.430467,0.938081,post_filter,False,0.8435,1.0,0.971883,0.430467,0.941461,24.9778,"overall IN (1,4,5)"
1404,0.906777,21,1.0,0.946537,post_filter,True,0.9135,0.9,0.564625,1.0,0.908346,25.0455,overall>=2.0
1405,0.092237,0,0.445005,0.535456,pre_filter,False,1.7753,0.8,0.168722,0.417377,0.535456,25.1315,main_cat='Home Audio &amp; Theater' AND overall>=3.0
1406,0.881823,20,0.430467,0.941461,post_filter,False,0.9493,1.0,0.968358,0.430467,0.944151,25.0308,"overall IN (1,4,5)"
1407,0.774129,19,0.313811,0.88032,post_filter,False,0.4212,1.0,0.98596,0.313811,0.890884,24.8892,"overall IN (1,3,5)"
1408,0.073033,0,0.417377,0.535456,post_filter,False,1.0648,0.2,0.0,0.417377,0.48191,25.3098,brand='Tiffen'
1409,0.836128,20,0.430467,0.944151,post_filter,False,0.7414,1.0,0.975287,0.430467,0.947264,24.995,"overall IN (2,4,5)"
1410,0.050727,0,0.417377,0.48191,post_filter,False,0.9389,0.9,0.564131,0.417377,0.490132,25.086,"main_cat IN ('Computers', 'Tools & Home Improvement')"
1411,0.339351,8,0.532127,0.880774,pre_filter,False,45.0515,1.0,0.0,0.478915,0.880774,24.8906,"main_cat IN ('Home Audio & Theater', 'Camera &amp; Photo', 'Sports & Outdoors')"
1412,0.140751,1,0.385242,0.68962,post_filter,False,1.1759,0.3,9e-06,0.385242,0.620659,26.7062,overall<=2.0
1413,0.881823,20,0.430467,0.947264,post_filter,False,0.9167,0.9,0.564561,0.430467,0.908994,25.2024,"overall IN (1,4,5)"
1414,0.751008,19,0.313811,0.890884,post_filter,False,0.8351,1.0,0.972164,0.313811,0.899012,25.1062,"overall IN (1,2,5)"
1415,0.210713,2,0.394157,0.658672,post_filter,False,0.9551,1.0,0.968163,0.394157,0.689621,25.2741,"main_cat IN ('Camera & Photo', 'Camera &amp; Photo')"
1416,0.092237,0,0.417377,0.490132,post_filter,False,1.0912,1.0,0.963625,0.417377,0.537482,25.2685,main_cat='Home Audio &amp; Theater' AND overall>=3.0
1417,0.7886,19,0.313811,0.899012,pre_filter,False,92.1823,1.0,0.0,0.28243,0.899012,25.0645,overall>=4.0
1418,0.140751,1,0.385242,0.620659,post_filter,False,0.8303,1.0,0.972322,0.385242,0.655825,25.0885,overall<=2.0
1419,0.050727,0,0.417377,0.537482,post_filter,False,0.8343,1.0,0.97219,0.417377,0.580953,25.0442,"main_cat IN ('Computers', 'Tools & Home Improvement')"
1420,0.180604,1,0.385242,0.655825,post_filter,False,0.4508,1.0,0.984974,0.385242,0.68874,25.2507,"main_cat IN ('Camera & Photo', 'Computers', 'Cell Phones &amp; Accessories')"
1421,0.658182,18,0.269799,0.804822,post_filter,False,0.8684,1.0,0.971053,0.269799,0.821445,25.021,verified=true AND overall>=3.0
1422,0.389743,11,0.591322,0.923852,post_filter,False,0.784,1.0,0.973865,0.591322,0.928854,25.1297,overall<=4.0
1423,0.300422,7,0.415783,0.822356,post_filter,False,0.7997,1.0,0.973343,0.415783,0.837455,25.2853,"main_cat IN ('All Electronics', 'Books', 'Sports & Outdoors')"
1424,0.073033,0,0.417377,0.580953,post_filter,False,0.4995,0.0,0.0,0.417377,0.522857,24.8223,brand='Tiffen'
1425,0.728433,19,0.28243,0.899012,post_filter,False,0.7901,1.0,0.973664,0.28243,0.906477,25.201,"overall IN (2,3,5)"
1426,0.751008,19,0.28243,0.906477,post_filter,False,0.8127,1.0,0.97291,0.28243,0.913121,24.9577,"overall IN (1,2,5)"
1427,0.774129,19,0.28243,0.913121,post_filter,False,0.8329,1.0,0.972236,0.28243,0.919032,24.9897,"overall IN (1,3,5)"
1428,0.952472,21,1.0,0.908346,post_filter,True,0.8933,1.0,0.970224,1.0,0.914534,24.9273,"overall IN (1,3,4,5)"
1429,0.728433,19,0.28243,0.919032,post_filter,False,0.903,1.0,0.969899,0.28243,0.924119,24.7817,"overall IN (2,3,5)"
1430,0.952472,21,1.0,0.914534,post_filter,True,0.7824,1.0,0.973921,1.0,0.920473,24.7941,"overall IN (1,3,4,5)"
1431,0.610257,18,0.269799,0.821445,post_filter,False,0.8542,1.0,0.971525,0.269799,0.836453,24.8998,overall>=5.0
1432,0.774129,19,0.28243,0.924119,post_filter,False,0.7306,1.0,0.975647,0.28243,0.929272,24.975,"overall IN (1,3,5)"
1433,0.610257,18,0.269799,0.836453,post_filter,False,1.1912,0.6,0.009698,0.269799,0.753777,25.5296,overall>=5.0
1434,0.050727,0,0.417377,0.522857,post_filter,False,1.2236,0.1,0.0,0.417377,0.470572,26.2499,"main_cat IN ('Computers', 'Tools & Home Improvement')"
1435,0.050727,0,0.417377,0.470572,pre_filter,False,3.7225,1.0,0.875915,0.463231,0.470572,24.9945,"main_cat IN ('Computers', 'Tools & Home Improvement')"
1436,0.680906,18,0.269799,0.753777,post_filter,False,0.5412,1.0,0.981961,0.269799,0.776596,25.0148,"overall IN (3,5)"
1437,0.680906,18,0.269799,0.776596,post_filter,False,1.0532,1.0,0.964894,0.269799,0.795426,25.0198,"overall IN (3,5)"
1438,0.339351,8,0.478915,0.880774,post_filter,False,0.797,1.0,0.973432,0.478915,0.89004,24.7209,"main_cat IN ('Home Audio & Theater', 'Camera &amp; Photo', 'Sports & Outdoors')"
1439,0.050727,0,0.463231,0.470572,post_filter,False,0.9055,1.0,0.969817,0.463231,0.520496,24.9718,"main_cat IN ('Computers', 'Tools & Home Improvement')"
1440,0.050727,0,0.463231,0.520496,post_filter,False,0.8734,0.7,0.045805,0.463231,0.473027,24.8133,"main_cat IN ('Computers', 'Tools & Home Improvement')"
1441,0.658182,18,0.269799,0.795426,post_filter,False,0.1773,0.6,0.010039,0.269799,0.716887,24.7911,verified=true AND overall>=3.0
1442,0.821657,20,0.430467,0.908994,post_filter,False,0.7981,1.0,0.973397,0.430467,0.915434,24.7388,"overall IN (1,2,3,5)"
1443,0.230635,3,0.536076,0.733088,post_filter,False,0.8693,0.9,0.565481,0.536076,0.716327,24.813,"main_cat IN ('Camera & Photo', 'Camera &amp; Photo', 'Cell Phones &amp; Accessories')"
1444,0.680906,18,0.269799,0.716887,post_filter,False,0.8242,1.0,0.972526,0.269799,0.742451,24.7802,"overall IN (3,5)"
1445,0.248992,4,0.534193,0.892673,post_filter,False,0.7413,1.0,0.975292,0.534193,0.900935,24.9696,"overall IN (3,4)"
1446,0.050727,0,0.463231,0.473027,post_filter,False,0.9876,1.0,0.967079,0.463231,0.522432,24.7897,"main_cat IN ('Computers', 'Tools & Home Improvement')"
1447,0.658182,18,0.269799,0.742451,post_filter,False,0.6625,1.0,0.977917,0.269799,0.765997,24.811,verified=true AND overall>=3.0
1448,0.881823,20,0.430467,0.915434,post_filter,False,0.8757,1.0,0.97081,0.430467,0.920972,24.753,"overall IN (1,4,5)"
1449,0.7886,19,0.28243,0.929272,post_filter,False,0.8018,1.0,0.973272,0.28243,0.933672,24.9056,overall>=4.0
1450,0.774129,19,0.28243,0.933672,post_filter,False,0.7252,1.0,0.975826,0.28243,0.937887,24.9991,"overall IN (1,3,5)"
1451,0.339351,8,0.478915,0.89004,post_filter,False,0.8131,1.0,0.972897,0.478915,0.898326,24.8298,"main_cat IN ('Home Audio & Theater', 'Camera &amp; Photo', 'Sports & Outdoors')"
1452,0.859249,20,0.430467,0.920972,post_filter,False,0.9437,1.0,0.968544,0.430467,0.925729,25.0055,overall>=3.0
1453,0.952472,21,1.0,0.920473,post_filter,True,0.8866,1.0,0.970446,1.0,0.92547,24.9665,"overall IN (1,3,4,5)"
1454,0.160682,1,0.385242,0.68874,post_filter,False,0.7149,1.0,0.976169,0.385242,0.717483,24.8572,"main_cat IN ('Camera & Photo', 'Computers')"
1455,0.12068,1,0.385242,0.717483,post_filter,False,0.9532,0.9,0.563853,0.385242,0.70212,25.0298,"main_cat IN ('Camera &amp; Photo', 'Cell Phones &amp; Accessories', 'Tools & Home Improvement')"
1456,0.952472,21,1.0,0.92547,post_filter,True,0.9583,1.0,0.968056,1.0,0.929728,25.1161,"overall IN (1,3,4,5)"
1457,0.12068,1,0.385242,0.70212,post_filter,False,0.6027,1.0,0.979911,0.385242,0.729899,24.9236,"main_cat IN ('Camera &amp; Photo', 'Cell Phones &amp; Accessories', 'Tools & Home Improvement')"
1458,0.658182,18,0.269799,0.765997,post_filter,False,0.5913,1.0,0.980289,0.269799,0.787427,24.9482,verified=true AND overall>=3.0
1459,0.140751,1,0.385242,0.729899,post_filter,False,0.7515,0.1,0.0,0.385242,0.656909,26.9861,overall<=2.0
1460,0.210713,2,0.394157,0.689621,post_filter,False,0.7279,1.0,0.975737,0.394157,0.718233,24.8767,"main_cat IN ('Camera & Photo', 'Camera &amp; Photo')"
1461,0.180604,1,0.385242,0.656909,post_filter,False,0.7799,0.8,0.174672,0.385242,0.608685,28.593,"main_cat IN ('Camera & Photo', 'Computers', 'Cell Phones &amp; Accessories')"
1462,0.728433,19,0.28243,0.937887,post_filter,False,1.4107,1.0,0.952976,0.28243,0.939396,29.8765,"overall IN (2,3,5)"
1463,0.658182,18,0.269799,0.787427,post_filter,False,0.849,1.0,0.971699,0.269799,0.805854,24.8869,verified=true AND overall>=3.0
1464,0.230635,3,0.536076,0.716327,post_filter,False,0.1383,0.0,0.0,0.536076,0.644694,24.9324,"main_cat IN ('Camera & Photo', 'Camera &amp; Photo', 'Cell Phones &amp; Accessories')"
1465,0.881823,20,0.430467,0.925729,post_filter,False,0.3673,1.0,0.987757,0.430467,0.931932,24.8782,"overall IN (1,4,5)"
1466,0.300422,7,0.415783,0.837455,pre_filter,False,31.1077,1.0,0.0,0.374205,0.837455,25.1679,"main_cat IN ('All Electronics', 'Books', 'Sports & Outdoors')"
1467,0.230635,3,0.536076,0.644694,post_filter,False,0.9089,0.9,0.564714,0.536076,0.636696,25.034,"main_cat IN ('Camera & Photo', 'Camera &amp; Photo', 'Cell Phones &amp; Accessories')"
1468,0.859249,20,0.430467,0.931932,post_filter,False,0.8755,1.0,0.970815,0.430467,0.93582,25.1298,overall>=3.0
1469,0.319094,7,0.374205,0.837455,post_filter,False,0.938,1.0,0.968733,0.374205,0.850583,25.1151,"overall IN (1,2,4)"
1470,0.092237,0,0.463231,0.522432,post_filter,False,0.9452,0.9,0.564009,0.463231,0.52659,25.3273,main_cat='Home Audio &amp; Theater' AND overall>=3.0
1471,0.300422,7,0.374205,0.850583,post_filter,False,0.4764,0.0,0.0,0.374205,0.765524,25.221,"main_cat IN ('All Electronics', 'Books', 'Sports & Outdoors')"
1472,0.319094,7,0.374205,0.765524,post_filter,False,1.0713,1.0,0.96429,0.374205,0.785401,24.9516,"overall IN (1,2,4)"
1473,0.389743,11,0.591322,0.928854,post_filter,False,0.8958,0.9,0.564968,0.591322,0.892465,25.2193,overall<=4.0
1474,0.70348,19,0.28243,0.939396,post_filter,False,0.436,1.0,0.985465,0.28243,0.944003,25.1761,"overall IN (1,5)"
1475,0.210713,2,0.394157,0.718233,post_filter,False,0.9428,1.0,0.968574,0.394157,0.743267,25.1628,"main_cat IN ('Camera & Photo', 'Camera &amp; Photo')"
1476,0.7886,19,0.28243,0.944003,post_filter,False,0.9674,1.0,0.967753,0.28243,0.946378,25.101,overall>=4.0
1477,0.210713,2,0.394157,0.743267,post_filter,False,0.448,0.9,0.573661,0.394157,0.726306,25.1634,"main_cat IN ('Camera & Photo', 'Camera &amp; Photo')"
1478,0.248992,4,0.534193,0.900935,post_filter,False,0.8161,1.0,0.972797,0.534193,0.908121,25.1808,"overall IN (3,4)"
1479,0.774129,19,0.28243,0.946378,post_filter,False,0.9512,1.0,0.968292,0.28243,0.948569,25.1134,"overall IN (1,3,5)"
1480,0.881823,20,0.430467,0.93582,post_filter,False,0.338,1.0,0.988733,0.430467,0.941112,25.2147,"overall IN (1,4,5)"
1481,0.906777,21,1.0,0.929728,post_filter,True,0.4302,0.0,0.0,1.0,0.836756,25.0901,overall>=2.0
1482,0.092237,0,0.463231,0.52659,post_filter,False,1.0588,1.0,0.964707,0.463231,0.570402,24.9828,main_cat='Home Audio &amp; Theater' AND overall>=3.0
1483,0.751008,19,0.28243,0.948569,post_filter,False,0.8448,1.0,0.97184,0.28243,0.950896,24.9273,"overall IN (1,2,5)"
1484,0.906777,21,1.0,0.836756,post_filter,True,0.9531,1.0,0.968229,1.0,0.849903,25.185,overall>=2.0
1485,0.751008,19,0.28243,0.950896,post_filter,False,0.8843,1.0,0.970524,0.28243,0.952859,24.6861,"overall IN (1,2,5)"
1486,0.836128,20,0.430467,0.941112,post_filter,False,0.8282,1.0,0.972394,0.430467,0.94424,24.9452,"overall IN (2,4,5)"
1487,0.073033,0,0.463231,0.570402,post_filter,False,1.3701,0.5,0.001557,0.463231,0.513517,25.4939,brand='Tiffen'
1488,0.092237,0,0.463231,0.513517,post_filter,False,0.6953,0.5,0.001593,0.463231,0.462325,25.15,main_cat='Home Audio &amp; Theater' AND overall>=3.0
1489,0.319094,7,0.374205,0.785401,post_filter,False,0.8333,1.0,0.972225,0.374205,0.804083,25.0781,"overall IN (1,2,4)"
1490,0.319094,7,0.374205,0.804083,post_filter,False,0.8485,1.0,0.971717,0.374205,0.820847,25.1133,"overall IN (1,2,4)"
1491,0.319094,7,0.374205,0.820847,post_filter,False,0.6033,0.8,0.175728,0.374205,0.756335,25.0525,"overall IN (1,2,4)"
1492,0.680906,18,0.269799,0.805854,post_filter,False,0.6934,1.0,0.976888,0.269799,0.822957,25.1212,"overall IN (3,5)"
1493,0.610257,18,0.269799,0.822957,post_filter,False,0.9857,1.0,0.967143,0.269799,0.837376,24.9723,overall>=5.0
1494,0.073033,0,0.463231,0.462325,pre_filter,False,2.4822,1.0,0.91726,0.508634,0.462325,25.3167,brand='Tiffen'
1495,0.751008,19,0.28243,0.952859,post_filter,False,0.8121,1.0,0.972931,0.28243,0.954866,25.0773,"overall IN (1,2,5)"
1496,0.050727,0,0.508634,0.462325,pre_filter,False,8.5871,1.0,0.713763,0.529147,0.462325,25.2723,"main_cat IN ('Computers', 'Tools & Home Improvement')"
1497,0.7886,19,0.28243,0.954866,post_filter,False,0.9418,1.0,0.968608,0.28243,0.956241,24.9988,overall>=4.0
1498,0.160682,1,0.385242,0.608685,post_filter,False,0.5689,1.0,0.981038,0.385242,0.645921,24.9993,"main_cat IN ('Camera & Photo', 'Computers')"
1499,0.092237,0,0.529147,0.462325,pre_filter,False,10.0702,0.8,0.119137,0.488146,0.462325,25.2115,main_cat='Home Audio &amp; Theater' AND overall>=3.0
1500,0.610257,18,0.269799,0.837376,post_filter,False,0.7133,1.0,0.976222,0.269799,0.85126,24.8861,overall>=5.0
1501,0.906777,21,1.0,0.849903,post_filter,True,0.8642,1.0,0.971194,1.0,0.862032,24.8991,overall>=2.0
1502,0.339351,8,0.478915,0.898326,post_filter,False,0.8622,1.0,0.97126,0.478915,0.905619,24.9704,"main_cat IN ('Home Audio & Theater', 'Camera &amp; Photo', 'Sports & Outdoors')"
1503,0.751008,19,0.28243,0.956241,post_filter,False,0.3378,0.9,0.575799,0.28243,0.918196,25.2404,"overall IN (1,2,5)"
1504,0.859249,20,0.430467,0.94424,post_filter,False,0.3597,0.0,0.0,0.430467,0.849816,25.1102,overall>=3.0
1505,0.270385,5,0.599733,0.674878,post_filter,False,0.3497,0.6,0.009981,0.599733,0.608388,25.1984,"main_cat IN ('Home Audio & Theater', 'Books', 'Tools & Home Improvement')"
1506,0.70348,19,0.28243,0.918196,post_filter,False,0.5116,1.0,0.982947,0.28243,0.924671,25.0542,"overall IN (1,5)"
1507,0.906777,21,1.0,0.862032,post_filter,True,0.9612,1.0,0.96796,1.0,0.872625,25.0575,overall>=2.0
1508,0.12068,1,0.385242,0.645921,post_filter,False,0.3963,1.0,0.986789,0.385242,0.680007,25.2104,"main_cat IN ('Camera &amp; Photo', 'Cell Phones &amp; Accessories', 'Tools & Home Improvement')"
1509,0.929351,21,1.0,0.872625,post_filter,True,0.7012,1.0,0.976628,1.0,0.883025,25.145,"overall IN (1,2,4,5)"
1510,0.658182,18,0.269799,0.85126,post_filter,False,0.8565,1.0,0.97145,0.269799,0.863279,25.0812,verified=true AND overall>=3.0
1511,0.952472,21,1.0,0.883025,post_filter,True,0.7915,1.0,0.973617,1.0,0.892084,24.8994,"overall IN (1,3,4,5)"
1512,0.073033,0,0.488146,0.462325,post_filter,False,0.8055,0.3,1e-05,0.488146,0.416093,25.5267,brand='Tiffen'
1513,0.210713,2,0.394157,0.726306,post_filter,False,0.9609,1.0,0.967971,0.394157,0.750473,25.0422,"main_cat IN ('Camera & Photo', 'Camera &amp; Photo')"
1514,0.180604,1,0.385242,0.680007,post_filter,False,0.3595,1.0,0.988015,0.385242,0.710808,25.1918,"main_cat IN ('Camera & Photo', 'Computers', 'Cell Phones &amp; Accessories')"
1515,0.929351,21,1.0,0.892084,post_filter,True,0.1118,0.0,0.0,1.0,0.802876,25.0672,"overall IN (1,2,4,5)"
1516,0.906777,21,1.0,0.802876,post_filter,True,0.8507,1.0,0.971643,1.0,0.819753,25.0627,overall>=2.0
1517,0.7886,19,0.28243,0.924671,post_filter,False,0.729,1.0,0.9757,0.28243,0.929774,25.1058,overall>=4.0
1518,0.929351,21,1.0,0.819753,post_filter,True,0.6577,1.0,0.978075,1.0,0.835585,25.2125,"overall IN (1,2,4,5)"
1519,0.70348,19,0.28243,0.929774,post_filter,False,0.8691,1.0,0.971029,0.28243,0.9339,25.1665,"overall IN (1,5)"
1520,0.610257,18,0.269799,0.863279,pre_filter,False,74.2336,1.0,0.0,0.242819,0.863279,25.0622,overall>=5.0
1521,0.230635,3,0.536076,0.636696,post_filter,False,0.4146,1.0,0.986181,0.536076,0.671645,24.9811,"main_cat IN ('Camera & Photo', 'Camera &amp; Photo', 'Cell Phones &amp; Accessories')"
1522,0.073033,0,0.488146,0.416093,pre_filter,False,13.291,1.0,0.556967,0.495028,0.416093,25.084,brand='Tiffen'
1523,0.952472,21,1.0,0.835585,post_filter,True,0.8389,0.9,0.566072,1.0,0.808634,25.103,"overall IN (1,3,4,5)"
1524,0.092237,0,0.495028,0.416093,pre_filter,False,12.2523,0.2,0.0,0.445525,0.416093,25.2856,main_cat='Home Audio &amp; Theater' AND overall>=3.0
1525,0.774129,19,0.28243,0.9339,post_filter,False,0.3331,0.0,0.0,0.28243,0.84051,25.0177,"overall IN (1,3,5)"
1526,0.952472,21,1.0,0.808634,post_filter,True,0.2793,0.0,0.0,1.0,0.72777,25.1347,"overall IN (1,3,4,5)"
1527,0.230635,3,0.536076,0.671645,post_filter,False,0.7902,1.0,0.973661,0.536076,0.701846,25.0539,"main_cat IN ('Camera & Photo', 'Camera &amp; Photo', 'Cell Phones &amp; Accessories')"
1528,0.929351,21,1.0,0.72777,post_filter,True,0.8805,1.0,0.970651,1.0,0.752058,24.8149,"overall IN (1,2,4,5)"
1529,0.680906,18,0.242819,0.863279,post_filter,False,0.2905,1.0,0.990318,0.242819,0.875983,25.0034,"overall IN (3,5)"
1530,0.70348,19,0.28243,0.84051,post_filter,False,0.9887,1.0,0.967044,0.28243,0.853163,24.9262,"overall IN (1,5)"
1531,0.774129,19,0.28243,0.853163,post_filter,False,0.7012,1.0,0.976625,0.28243,0.865509,25.0662,"overall IN (1,3,5)"
1532,0.073033,0,0.445525,0.416093,post_filter,False,1.1356,0.9,0.560313,0.445525,0.430515,24.998,brand='Tiffen'
1533,0.160682,1,0.385242,0.710808,post_filter,False,0.9718,0.9,0.563492,0.385242,0.696077,25.0361,"main_cat IN ('Camera & Photo', 'Computers')"
1534,0.952472,21,1.0,0.752058,post_filter,True,0.8321,1.0,0.972262,1.0,0.774079,25.106,"overall IN (1,3,4,5)"
1535,0.906777,21,1.0,0.774079,post_filter,True,0.6965,1.0,0.976783,1.0,0.794349,25.2332,overall>=2.0
1536,0.270385,5,0.599733,0.608388,pre_filter,False,13.8687,1.0,0.53771,0.593531,0.608388,24.9281,"main_cat IN ('Home Audio & Theater', 'Books', 'Tools & Home Improvement')"
1537,0.050727,0,0.445525,0.430515,pre_filter,False,4.8983,0.8,0.150054,0.415978,0.430515,24.9819,"main_cat IN ('Computers', 'Tools & Home Improvement')"
1538,0.180604,1,0.385242,0.696077,post_filter,False,1.0156,0.6,0.009757,0.385242,0.627445,25.1388,"main_cat IN ('Camera & Photo', 'Computers', 'Cell Phones &amp; Accessories')"
1539,0.70348,19,0.28243,0.865509,post_filter,False,0.8993,1.0,0.970022,0.28243,0.875961,24.9122,"overall IN (1,5)"
1540,0.140751,1,0.385242,0.627445,post_filter,False,0.9749,1.0,0.967503,0.385242,0.661451,25.0336,overall<=2.0
1541,0.836128,20,0.430467,0.849816,post_filter,False,0.6622,1.0,0.977925,0.430467,0.862627,25.1905,"overall IN (2,4,5)"
1542,0.881823,20,0.430467,0.862627,post_filter,False,0.9188,1.0,0.969375,0.430467,0.873302,25.0254,"overall IN (1,4,5)"
1543,0.7886,19,0.28243,0.875961,post_filter,False,0.8331,1.0,0.972229,0.28243,0.885588,24.9619,overall>=4.0
1544,0.881823,20,0.430467,0.873302,post_filter,False,0.7974,1.0,0.973419,0.430467,0.883313,25.0966,"overall IN (1,4,5)"
1545,0.319094,7,0.374205,0.756335,post_filter,False,0.6555,1.0,0.978151,0.374205,0.778516,25.3151,"overall IN (1,2,4)"
1546,0.952472,21,1.0,0.794349,post_filter,True,0.8505,1.0,0.971649,1.0,0.812079,24.9813,"overall IN (1,3,4,5)"
1547,0.092237,0,0.415978,0.430515,post_filter,False,0.9621,1.0,0.967931,0.415978,0.484257,24.9736,main_cat='Home Audio &amp; Theater' AND overall>=3.0
1548,0.248992,4,0.534193,0.908121,post_filter,False,0.2748,1.0,0.99084,0.534193,0.916393,25.012,"overall IN (3,4)"
1549,0.160682,1,0.385242,0.661451,post_filter,False,0.8577,1.0,0.97141,0.385242,0.692446,25.0786,"main_cat IN ('Camera & Photo', 'Computers')"
1550,0.70348,19,0.28243,0.885588,post_filter,False,0.7016,1.0,0.976614,0.28243,0.89469,24.9531,"overall IN (1,5)"
1551,0.210713,2,0.394157,0.750473,post_filter,False,0.9835,1.0,0.967217,0.394157,0.772147,25.5858,"main_cat IN ('Camera & Photo', 'Camera &amp; Photo')"
1552,0.70348,19,0.28243,0.89469,post_filter,False,0.9759,1.0,0.967469,0.28243,0.901968,24.6643,"overall IN (1,5)"
1553,0.881823,20,0.430467,0.883313,post_filter,False,0.8215,1.0,0.972617,0.430467,0.892244,24.8713,"overall IN (1,4,5)"
1554,0.906777,21,1.0,0.812079,post_filter,True,0.7631,1.0,0.974564,1.0,0.828328,25.1699,overall>=2.0
1555,0.319094,7,0.374205,0.778516,post_filter,False,0.7678,1.0,0.974406,0.374205,0.798105,24.9628,"overall IN (1,2,4)"
1556,0.774129,19,0.28243,0.901968,post_filter,False,0.4795,1.0,0.984015,0.28243,0.910173,25.1977,"overall IN (1,3,5)"
1557,0.929351,21,1.0,0.828328,post_filter,True,0.5376,1.0,0.982081,1.0,0.843703,24.9593,"overall IN (1,2,4,5)"
1558,0.680906,18,0.242819,0.875983,post_filter,False,0.9058,1.0,0.969807,0.242819,0.885366,24.9966,"overall IN (3,5)"
1559,0.270385,5,0.593531,0.608388,post_filter,False,0.8572,1.0,0.971428,0.593531,0.644692,24.926,"main_cat IN ('Home Audio & Theater', 'Books', 'Tools & Home Improvement')"
1560,0.319094,7,0.374205,0.798105,post_filter,False,0.2198,0.0,0.0,0.374205,0.718295,25.2142,"overall IN (1,2,4)"
1561,0.836128,20,0.430467,0.892244,post_filter,False,0.1205,0.0,0.0,0.430467,0.803019,25.0218,"overall IN (2,4,5)"
1562,0.821657,20,0.430467,0.803019,post_filter,False,0.9277,1.0,0.969076,0.430467,0.819625,25.0631,"overall IN (1,2,3,5)"
1563,0.140751,1,0.385242,0.692446,post_filter,False,0.9478,1.0,0.968406,0.385242,0.720042,24.9427,overall<=2.0
1564,0.859249,20,0.430467,0.819625,post_filter,False,0.8201,1.0,0.972664,0.430467,0.834929,25.0934,overall>=3.0
1565,0.7886,19,0.28243,0.910173,post_filter,False,0.7069,1.0,0.976438,0.28243,0.916799,25.1793,overall>=4.0
1566,0.821657,20,0.430467,0.834929,post_filter,False,0.8196,1.0,0.972679,0.430467,0.848704,24.9674,"overall IN (1,2,3,5)"
1567,0.092237,0,0.415978,0.484257,post_filter,False,1.061,1.0,0.964633,0.415978,0.532294,25.028,main_cat='Home Audio &amp; Theater' AND overall>=3.0
1568,0.658182,18,0.242819,0.885366,post_filter,False,0.5158,1.0,0.982808,0.242819,0.89511,24.9803,verified=true AND overall>=3.0
1569,0.821657,20,0.430467,0.848704,post_filter,False,0.6262,1.0,0.979128,0.430467,0.861746,25.1436,"overall IN (1,2,3,5)"
1570,0.300422,7,0.374205,0.718295,post_filter,False,0.8886,1.0,0.970381,0.374205,0.743503,25.053,"main_cat IN ('All Electronics', 'Books', 'Sports & Outdoors')"
1571,0.073033,0,0.415978,0.532294,post_filter,False,1.0085,0.8,0.173306,0.415978,0.496395,31.9737,brand='Tiffen'
1572,0.12068,1,0.385242,0.720042,post_filter,False,0.9465,1.0,0.968449,0.385242,0.744883,27.3827,"main_cat IN ('Camera &amp; Photo', 'Cell Phones &amp; Accessories', 'Tools & Home Improvement')"
1573,0.339351,8,0.478915,0.905619,post_filter,False,0.7514,1.0,0.974953,0.478915,0.912553,24.9454,"main_cat IN ('Home Audio & Theater', 'Camera &amp; Photo', 'Sports & Outdoors')"
1574,0.210713,2,0.394157,0.772147,post_filter,False,1.0993,0.6,0.009729,0.394157,0.695905,25.1461,"main_cat IN ('Camera & Photo', 'Camera &amp; Photo')"
1575,0.881823,20,0.430467,0.861746,post_filter,False,1.1066,1.0,0.963114,0.430467,0.871883,24.9718,"overall IN (1,4,5)"
1576,0.092237,0,0.415978,0.496395,pre_filter,False,14.2813,1.0,0.523956,0.426776,0.496395,25.209,main_cat='Home Audio &amp; Theater' AND overall>=3.0
1577,0.270385,5,0.593531,0.644692,post_filter,False,0.7892,1.0,0.973694,0.593531,0.677593,25.2764,"main_cat IN ('Home Audio & Theater', 'Books', 'Tools & Home Improvement')"
1578,0.728433,19,0.28243,0.916799,post_filter,False,0.7685,1.0,0.974382,0.28243,0.922558,24.9986,"overall IN (2,3,5)"
1579,0.836128,20,0.430467,0.871883,post_filter,False,0.8536,1.0,0.971546,0.430467,0.881849,24.9662,"overall IN (2,4,5)"
1580,0.728433,19,0.28243,0.922558,post_filter,False,0.8691,1.0,0.971029,0.28243,0.927405,24.9266,"overall IN (2,3,5)"
1581,0.728433,19,0.28243,0.927405,post_filter,False,0.1249,0.0,0.0,0.28243,0.834664,25.1151,"overall IN (2,3,5)"
1582,0.319094,7,0.374205,0.743503,post_filter,False,0.8687,1.0,0.971044,0.374205,0.766258,24.9221,"overall IN (1,2,4)"
1583,0.836128,20,0.430467,0.881849,post_filter,False,0.5846,1.0,0.980512,0.430467,0.891716,25.1066,"overall IN (2,4,5)"
1584,0.270385,5,0.593531,0.677593,pre_filter,False,33.3801,1.0,0.0,0.534178,0.677593,25.0931,"main_cat IN ('Home Audio & Theater', 'Books', 'Tools & Home Improvement')"
1585,0.050727,0,0.426776,0.496395,post_filter,False,1.1261,0.8,0.172603,0.426776,0.464016,25.3773,"main_cat IN ('Computers', 'Tools & Home Improvement')"
1586,0.751008,19,0.28243,0.834664,post_filter,False,0.2916,0.7,0.04672,0.28243,0.75587,25.0444,"overall IN (1,2,5)"
1587,0.230635,3,0.536076,0.701846,pre_filter,False,22.7853,1.0,0.24049,0.506517,0.701846,25.1358,"main_cat IN ('Camera & Photo', 'Camera &amp; Photo', 'Cell Phones &amp; Accessories')"
1588,0.859249,20,0.430467,0.891716,post_filter,False,0.967,1.0,0.967767,0.430467,0.899321,25.1383,overall>=3.0
1589,0.389743,11,0.591322,0.892465,post_filter,False,0.9561,1.0,0.968131,0.591322,0.900032,25.1095,overall<=4.0
1590,0.610257,18,0.242819,0.89511,post_filter,False,0.5438,1.0,0.981875,0.242819,0.903786,25.1004,overall>=5.0
1591,0.210713,2,0.394157,0.695905,post_filter,False,0.9357,1.0,0.96881,0.394157,0.723196,25.0585,"main_cat IN ('Camera & Photo', 'Camera &amp; Photo')"
1592,0.300422,7,0.374205,0.766258,post_filter,False,0.6155,1.0,0.979483,0.374205,0.78758,24.9393,"main_cat IN ('All Electronics', 'Books', 'Sports & Outdoors')"
1593,0.680906,18,0.242819,0.903786,post_filter,False,0.7735,1.0,0.974218,0.242819,0.91083,25.1199,"overall IN (3,5)"
1594,0.319094,7,0.374205,0.78758,post_filter,False,1.0043,1.0,0.966524,0.374205,0.805474,24.797,"overall IN (1,2,4)"
1595,0.339351,8,0.478915,0.912553,post_filter,False,0.2466,0.0,0.0,0.478915,0.821297,25.0131,"main_cat IN ('Home Audio & Theater', 'Camera &amp; Photo', 'Sports & Outdoors')"
1596,0.160682,1,0.385242,0.744883,post_filter,False,0.6999,1.0,0.976669,0.385242,0.768062,25.1244,"main_cat IN ('Camera & Photo', 'Computers')"
1597,0.774129,19,0.28243,0.75587,post_filter,False,0.541,0.9,0.571855,0.28243,0.737468,25.1669,"overall IN (1,3,5)"
1598,0.70348,19,0.28243,0.737468,post_filter,False,0.549,1.0,0.9817,0.28243,0.761891,25.0556,"overall IN (1,5)"
1599,0.774129,19,0.28243,0.761891,post_filter,False,0.6921,1.0,0.976931,0.28243,0.783395,25.134,"overall IN (1,3,5)"
1600,0.319094,7,0.374205,0.805474,post_filter,False,0.8276,1.0,0.972412,0.374205,0.822168,24.9096,"overall IN (1,2,4)"
1601,0.092237,0,0.426776,0.464016,post_filter,False,1.01,1.0,0.966332,0.426776,0.514248,24.8351,main_cat='Home Audio &amp; Theater' AND overall>=3.0
1602,0.836128,20,0.430467,0.899321,post_filter,False,0.8545,1.0,0.971518,0.430467,0.906541,25.5132,"overall IN (2,4,5)"
1603,0.728433,19,0.28243,0.783395,post_filter,False,0.6342,0.9,0.570045,0.28243,0.76206,25.0363,"overall IN (2,3,5)"
1604,0.248992,4,0.534193,0.916393,post_filter,False,0.8381,1.0,0.972064,0.534193,0.92196,24.8892,"overall IN (3,4)"
1605,0.859249,20,0.430467,0.906541,post_filter,False,0.8618,1.0,0.971272,0.430467,0.913014,25.0893,overall>=3.0
1606,0.210713,2,0.394157,0.723196,post_filter,False,0.6383,0.5,0.001596,0.394157,0.651036,25.3102,"main_cat IN ('Camera & Photo', 'Camera &amp; Photo')"
1607,0.7886,19,0.28243,0.76206,post_filter,False,0.2202,0.0,0.0,0.28243,0.685854,24.9149,overall>=4.0
1608,0.092237,0,0.426776,0.514248,post_filter,False,1.0884,0.6,0.009733,0.426776,0.463796,25.5292,main_cat='Home Audio &amp; Theater' AND overall>=3.0
1609,0.092237,0,0.426776,0.463796,pre_filter,False,17.273,1.0,0.424233,0.426521,0.463796,25.0149,main_cat='Home Audio &amp; Theater' AND overall>=3.0
1610,0.230635,3,0.506517,0.701846,post_filter,False,1.1152,1.0,0.962828,0.506517,0.727944,24.821,"main_cat IN ('Camera & Photo', 'Camera &amp; Photo', 'Cell Phones &amp; Accessories')"
1611,0.140751,1,0.385242,0.768062,post_filter,False,1.1589,0.9,0.559861,0.385242,0.747242,25.17,overall<=2.0
1612,0.319094,7,0.374205,0.822168,post_filter,False,0.4668,0.0,0.0,0.374205,0.739951,24.9483,"overall IN (1,2,4)"
1613,0.7886,19,0.28243,0.685854,post_filter,False,0.8444,1.0,0.971854,0.28243,0.714454,24.9906,overall>=4.0
1614,0.859249,20,0.430467,0.913014,post_filter,False,0.4151,0.0,0.0,0.430467,0.821712,24.9102,overall>=3.0
1615,0.751008,19,0.28243,0.714454,post_filter,False,0.9895,1.0,0.967015,0.28243,0.73971,24.9836,"overall IN (1,2,5)"
1616,0.140751,1,0.385242,0.747242,post_filter,False,1.2588,0.4,0.000168,0.385242,0.672534,25.7195,overall<=2.0
1617,0.821657,20,0.430467,0.821712,post_filter,False,0.8533,1.0,0.971557,0.430467,0.836697,24.8268,"overall IN (1,2,3,5)"
1618,0.319094,7,0.374205,0.739951,post_filter,False,0.8863,1.0,0.970456,0.374205,0.763002,24.8622,"overall IN (1,2,4)"
1619,0.270385,5,0.534178,0.677593,post_filter,False,0.8351,1.0,0.972162,0.534178,0.70705,24.8329,"main_cat IN ('Home Audio & Theater', 'Books', 'Tools & Home Improvement')"
1620,0.300422,7,0.374205,0.763002,post_filter,False,0.9997,1.0,0.966676,0.374205,0.783369,24.8643,"main_cat IN ('All Electronics', 'Books', 'Sports & Outdoors')"
1621,0.12068,1,0.385242,0.672534,pre_filter,False,12.1002,1.0,0.596658,0.406384,0.672534,25.037,"main_cat IN ('Camera &amp; Photo', 'Cell Phones &amp; Accessories', 'Tools & Home Improvement')"
1622,0.092237,0,0.426521,0.463796,post_filter,False,0.8108,1.0,0.972975,0.426521,0.514714,25.3805,main_cat='Home Audio &amp; Theater' AND overall>=3.0
1623,0.050727,0,0.426521,0.514714,post_filter,False,1.2229,0.8,0.172024,0.426521,0.480445,25.3301,"main_cat IN ('Computers', 'Tools & Home Improvement')"
1624,0.248992,4,0.534193,0.92196,post_filter,False,0.8239,1.0,0.972537,0.534193,0.927018,24.9407,"overall IN (3,4)"
1625,0.389743,11,0.591322,0.900032,post_filter,False,1.0669,1.0,0.964436,0.591322,0.906472,24.6922,overall<=4.0
1626,0.300422,7,0.374205,0.783369,post_filter,False,0.2385,1.0,0.992051,0.374205,0.804238,24.922,"main_cat IN ('All Electronics', 'Books', 'Sports & Outdoors')"
1627,0.836128,20,0.430467,0.836697,post_filter,False,0.8236,1.0,0.972546,0.430467,0.850282,24.8373,"overall IN (2,4,5)"
1628,0.230635,3,0.506517,0.727944,post_filter,False,0.8972,1.0,0.970094,0.506517,0.752159,24.8346,"main_cat IN ('Camera & Photo', 'Camera &amp; Photo', 'Cell Phones &amp; Accessories')"
1629,0.12068,1,0.406384,0.672534,post_filter,False,0.8223,1.0,0.97259,0.406384,0.70254,25.246,"main_cat IN ('Camera &amp; Photo', 'Cell Phones &amp; Accessories', 'Tools & Home Improvement')"
1630,0.140751,1,0.406384,0.70254,post_filter,False,1.1133,0.4,0.000169,0.406384,0.632303,26.5688,overall<=2.0
1631,0.092237,0,0.426521,0.480445,post_filter,False,0.809,0.9,0.566653,0.426521,0.489066,24.9711,main_cat='Home Audio &amp; Theater' AND overall>=3.0
1632,0.160682,1,0.406384,0.632303,post_filter,False,0.9357,1.0,0.968811,0.406384,0.665954,24.775,"main_cat IN ('Camera & Photo', 'Computers')"
1633,0.339351,8,0.478915,0.821297,post_filter,False,1.0079,1.0,0.966403,0.478915,0.835808,24.8517,"main_cat IN ('Home Audio & Theater', 'Camera &amp; Photo', 'Sports & Outdoors')"
1634,0.389743,11,0.591322,0.906472,post_filter,False,0.9473,1.0,0.968424,0.591322,0.912667,24.721,overall<=4.0
1635,0.680906,18,0.242819,0.91083,post_filter,False,0.751,1.0,0.974968,0.242819,0.917243,24.9899,"overall IN (3,5)"
1636,0.680906,18,0.242819,0.917243,post_filter,False,0.7833,1.0,0.973889,0.242819,0.922908,24.7312,"overall IN (3,5)"
1637,0.658182,18,0.242819,0.922908,post_filter,False,0.3672,0.8,0.17714,0.242819,0.848331,24.9774,verified=true AND overall>=3.0
1638,0.339351,8,0.478915,0.835808,post_filter,False,0.8235,1.0,0.972551,0.478915,0.849482,24.7529,"main_cat IN ('Home Audio & Theater', 'Camera &amp; Photo', 'Sports & Outdoors')"
1639,0.12068,1,0.406384,0.665954,post_filter,False,0.8871,1.0,0.970429,0.406384,0.696401,25.1707,"main_cat IN ('Camera &amp; Photo', 'Cell Phones &amp; Accessories', 'Tools & Home Improvement')"
1640,0.050727,0,0.426521,0.489066,post_filter,False,0.8973,1.0,0.970089,0.426521,0.537168,25.0337,"main_cat IN ('Computers', 'Tools & Home Improvement')"
1641,0.092237,0,0.426521,0.537168,post_filter,False,0.9981,1.0,0.966729,0.426521,0.580124,25.1216,main_cat='Home Audio &amp; Theater' AND overall>=3.0
1642,0.300422,7,0.374205,0.804238,post_filter,False,0.7407,1.0,0.97531,0.374205,0.821345,25.1056,"main_cat IN ('All Electronics', 'Books', 'Sports & Outdoors')"
1643,0.680906,18,0.242819,0.848331,post_filter,False,0.8973,1.0,0.970089,0.242819,0.860507,24.9042,"overall IN (3,5)"
1644,0.092237,0,0.426521,0.580124,post_filter,False,1.1064,0.9,0.56088,0.426521,0.5782,25.2345,main_cat='Home Audio &amp; Theater' AND overall>=3.0
1645,0.728433,19,0.28243,0.73971,post_filter,False,0.687,1.0,0.977101,0.28243,0.763449,25.1617,"overall IN (2,3,5)"
1646,0.728433,19,0.28243,0.763449,post_filter,False,0.6577,1.0,0.978076,0.28243,0.784912,25.029,"overall IN (2,3,5)"
1647,0.859249,20,0.430467,0.850282,post_filter,False,0.7586,1.0,0.974714,0.430467,0.862725,24.7662,overall>=3.0
1648,0.270385,5,0.534178,0.70705,pre_filter,False,47.6486,0.9,0.0,0.48076,0.70705,25.0117,"main_cat IN ('Home Audio & Theater', 'Books', 'Tools & Home Improvement')"
1649,0.906777,21,1.0,0.843703,post_filter,True,0.6279,1.0,0.979071,1.0,0.85724,25.1365,overall>=2.0
1650,0.319094,7,0.374205,0.821345,post_filter,False,0.7588,1.0,0.974707,0.374205,0.836681,25.0738,"overall IN (1,2,4)"
1651,0.050727,0,0.426521,0.5782,post_filter,False,1.1337,0.8,0.172558,0.426521,0.537636,25.3227,"main_cat IN ('Computers', 'Tools & Home Improvement')"
1652,0.248992,4,0.534193,0.927018,post_filter,False,0.9889,0.9,0.56316,0.534193,0.890632,25.1746,"overall IN (3,4)"
1653,0.339351,8,0.478915,0.849482,pre_filter,False,49.3276,1.0,0.0,0.431023,0.849482,24.758,"main_cat IN ('Home Audio & Theater', 'Camera &amp; Photo', 'Sports & Outdoors')"
1654,0.319094,7,0.374205,0.836681,post_filter,False,0.5198,1.0,0.982672,0.374205,0.85128,24.9046,"overall IN (1,2,4)"
1655,0.836128,20,0.430467,0.862725,post_filter,False,0.7735,1.0,0.974218,0.430467,0.873874,24.8675,"overall IN (2,4,5)"
1656,0.092237,0,0.426521,0.537636,post_filter,False,0.786,1.0,0.9738,0.426521,0.581252,25.0964,main_cat='Home Audio &amp; Theater' AND overall>=3.0
1657,0.821657,20,0.430467,0.873874,post_filter,False,0.8467,1.0,0.971775,0.430467,0.883664,25.0521,"overall IN (1,2,3,5)"
1658,0.929351,21,1.0,0.85724,post_filter,True,0.8273,1.0,0.972425,1.0,0.868758,24.922,"overall IN (1,2,4,5)"
1659,0.680906,18,0.242819,0.860507,post_filter,False,0.904,1.0,0.969868,0.242819,0.871443,25.1883,"overall IN (3,5)"
1660,0.929351,21,1.0,0.868758,post_filter,True,0.7615,1.0,0.974618,1.0,0.879344,24.911,"overall IN (1,2,4,5)"
1661,0.210713,2,0.394157,0.651036,post_filter,False,0.9021,1.0,0.969929,0.394157,0.682925,24.9057,"main_cat IN ('Camera & Photo', 'Camera &amp; Photo')"
1662,0.70348,19,0.28243,0.784912,post_filter,False,0.9262,1.0,0.969126,0.28243,0.803334,24.8063,"overall IN (1,5)"
1663,0.658182,18,0.242819,0.871443,post_filter,False,0.9319,1.0,0.968938,0.242819,0.881192,25.0422,verified=true AND overall>=3.0
1664,0.160682,1,0.406384,0.696401,post_filter,False,0.668,1.0,0.977733,0.406384,0.724534,24.9201,"main_cat IN ('Camera & Photo', 'Computers')"
1665,0.774129,19,0.28243,0.803334,post_filter,False,0.7871,1.0,0.973762,0.28243,0.820376,25.2015,"overall IN (1,3,5)"
1666,0.319094,7,0.374205,0.85128,post_filter,False,0.5021,1.0,0.983262,0.374205,0.864478,25.351,"overall IN (1,2,4)"
1667,0.160682,1,0.406384,0.724534,post_filter,False,1.3925,0.6,0.00963,0.406384,0.653044,25.0959,"main_cat IN ('Camera & Photo', 'Computers')"
1668,0.140751,1,0.406384,0.653044,post_filter,False,1.3042,0.0,0.0,0.406384,0.587739,27.5874,overall<=2.0
1669,0.230635,3,0.506517,0.752159,post_filter,False,0.7767,1.0,0.974108,0.506517,0.774354,24.9292,"main_cat IN ('Camera & Photo', 'Camera &amp; Photo', 'Cell Phones &amp; Accessories')"
1670,0.248992,4,0.534193,0.890632,post_filter,False,0.8212,1.0,0.972625,0.534193,0.898831,25.3387,"overall IN (3,4)"
1671,0.230635,3,0.506517,0.774354,post_filter,False,0.9682,0.9,0.563561,0.506517,0.753275,24.8198,"main_cat IN ('Camera & Photo', 'Camera &amp; Photo', 'Cell Phones &amp; Accessories')"
1672,0.610257,18,0.242819,0.881192,post_filter,False,0.7699,1.0,0.974336,0.242819,0.890507,24.8293,overall>=5.0
1673,0.140751,1,0.406384,0.587739,post_filter,False,0.8862,0.1,0.0,0.406384,0.528966,26.9502,overall<=2.0
1674,0.092237,0,0.426521,0.581252,post_filter,False,0.921,1.0,0.969299,0.426521,0.620057,24.8681,main_cat='Home Audio &amp; Theater' AND overall>=3.0
1675,0.160682,1,0.406384,0.528966,post_filter,False,0.567,1.0,0.981101,0.406384,0.574179,25.0906,"main_cat IN ('Camera & Photo', 'Computers')"
1676,0.339351,8,0.431023,0.849482,post_filter,False,0.7873,1.0,0.973757,0.431023,0.86191,24.9139,"main_cat IN ('Home Audio & Theater', 'Camera &amp; Photo', 'Sports & Outdoors')"
1677,0.230635,3,0.506517,0.753275,post_filter,False,0.9455,1.0,0.968482,0.506517,0.774796,24.9944,"main_cat IN ('Camera & Photo', 'Camera &amp; Photo', 'Cell Phones &amp; Accessories')"
1678,0.339351,8,0.431023,0.86191,post_filter,False,0.7496,0.8,0.174854,0.431023,0.793204,25.2532,"main_cat IN ('Home Audio & Theater', 'Camera &amp; Photo', 'Sports & Outdoors')"
1679,0.248992,4,0.534193,0.898831,post_filter,False,0.8645,1.0,0.971185,0.534193,0.906067,24.9619,"overall IN (3,4)"
1680,0.610257,18,0.242819,0.890507,post_filter,False,0.8866,1.0,0.970447,0.242819,0.898501,28.5634,overall>=5.0
1681,0.859249,20,0.430467,0.883664,post_filter,False,1.4113,1.0,0.952957,0.430467,0.890594,30.9347,overall>=3.0
1682,0.092237,0,0.426521,0.620057,post_filter,False,0.6193,1.0,0.979356,0.426521,0.655987,24.9678,main_cat='Home Audio &amp; Theater' AND overall>=3.0
1683,0.300422,7,0.374205,0.864478,post_filter,False,0.8469,1.0,0.971771,0.374205,0.875208,24.9486,"main_cat IN ('All Electronics', 'Books', 'Sports & Outdoors')"
1684,0.230635,3,0.506517,0.774796,post_filter,False,0.9575,1.0,0.968082,0.506517,0.794124,24.9178,"main_cat IN ('Camera & Photo', 'Camera &amp; Photo', 'Cell Phones &amp; Accessories')"
1685,0.210713,2,0.394157,0.682925,post_filter,False,0.7657,1.0,0.974478,0.394157,0.71208,25.0016,"main_cat IN ('Camera & Photo', 'Camera &amp; Photo')"
1686,0.821657,20,0.430467,0.890594,post_filter,False,1.0461,1.0,0.965131,0.430467,0.898047,24.8413,"overall IN (1,2,3,5)"
1687,0.751008,19,0.28243,0.820376,post_filter,False,0.9198,1.0,0.96934,0.28243,0.835273,24.8223,"overall IN (1,2,5)"
1688,0.610257,18,0.242819,0.898501,post_filter,False,0.7691,1.0,0.974364,0.242819,0.906087,24.7941,overall>=5.0
1689,0.728433,19,0.28243,0.835273,post_filter,False,0.7691,1.0,0.974364,0.28243,0.849182,24.7576,"overall IN (2,3,5)"
1690,0.728433,19,0.28243,0.849182,post_filter,False,0.9936,1.0,0.966881,0.28243,0.860952,24.8451,"overall IN (2,3,5)"
1691,0.180604,1,0.406384,0.574179,post_filter,False,0.9255,0.9,0.564391,0.406384,0.5732,25.0242,"main_cat IN ('Camera & Photo', 'Computers', 'Cell Phones &amp; Accessories')"
1692,0.389743,11,0.591322,0.912667,post_filter,False,0.6856,1.0,0.977147,0.591322,0.919115,25.0715,overall<=4.0
1693,0.12068,1,0.406384,0.5732,post_filter,False,0.8993,1.0,0.970025,0.406384,0.612883,24.9155,"main_cat IN ('Camera &amp; Photo', 'Cell Phones &amp; Accessories', 'Tools & Home Improvement')"
1694,0.140751,1,0.406384,0.612883,post_filter,False,1.2702,0.8,0.171742,0.406384,0.568769,25.2791,overall<=2.0
1695,0.248992,4,0.534193,0.906067,post_filter,False,0.7217,1.0,0.975942,0.534193,0.913054,25.1862,"overall IN (3,4)"
1696,0.050727,0,0.426521,0.655987,pre_filter,False,5.5754,1.0,0.814153,0.465285,0.655987,24.8338,"main_cat IN ('Computers', 'Tools & Home Improvement')"
1697,0.319094,7,0.374205,0.875208,post_filter,False,0.8601,1.0,0.971329,0.374205,0.88482,24.8698,"overall IN (1,2,4)"
1698,0.270385,5,0.48076,0.70705,pre_filter,False,14.4256,0.5,0.000847,0.432769,0.70705,25.1166,"main_cat IN ('Home Audio & Theater', 'Books', 'Tools & Home Improvement')"
1699,0.881823,20,0.430467,0.898047,post_filter,False,0.6713,1.0,0.977622,0.430467,0.906005,25.1712,"overall IN (1,4,5)"
1700,0.728433,19,0.28243,0.860952,post_filter,False,1.0733,1.0,0.964222,0.28243,0.871279,24.8243,"overall IN (2,3,5)"
1701,0.319094,7,0.374205,0.88482,post_filter,False,0.8743,1.0,0.970857,0.374205,0.893423,25.0851,"overall IN (1,2,4)"
1702,0.859249,20,0.430467,0.906005,post_filter,False,0.8894,0.9,0.565092,0.430467,0.871914,25.2147,overall>=3.0
1703,0.906777,21,1.0,0.879344,post_filter,True,0.9374,1.0,0.968753,1.0,0.888285,24.829,overall>=2.0
1704,0.270385,5,0.432769,0.70705,post_filter,False,0.7398,1.0,0.97534,0.432769,0.733879,25.2366,"main_cat IN ('Home Audio & Theater', 'Books', 'Tools & Home Improvement')"
1705,0.389743,11,0.591322,0.919115,post_filter,False,0.6055,1.0,0.979817,0.591322,0.925185,25.1089,overall<=4.0
1706,0.270385,5,0.432769,0.733879,post_filter,False,0.9829,1.0,0.967237,0.432769,0.757215,24.9023,"main_cat IN ('Home Audio & Theater', 'Books', 'Tools & Home Improvement')"
1707,0.339351,8,0.431023,0.793204,post_filter,False,0.8244,1.0,0.972521,0.431023,0.811136,25.0838,"main_cat IN ('Home Audio & Theater', 'Camera &amp; Photo', 'Sports & Outdoors')"
1708,0.881823,20,0.430467,0.871914,pre_filter,False,79.182,1.0,0.0,0.38742,0.871914,25.3087,"overall IN (1,4,5)"
1709,0.881823,20,0.38742,0.871914,post_filter,False,1.029,1.0,0.965701,0.38742,0.881292,24.7917,"overall IN (1,4,5)"
1710,0.906777,21,1.0,0.888285,post_filter,True,0.6144,1.0,0.979521,1.0,0.897409,25.0338,overall>=2.0
1711,0.751008,19,0.28243,0.871279,post_filter,False,0.2569,1.0,0.991436,0.28243,0.883295,25.1429,"overall IN (1,2,5)"
1712,0.728433,19,0.28243,0.883295,post_filter,False,0.9863,1.0,0.967125,0.28243,0.891678,25.0693,"overall IN (2,3,5)"
1713,0.140751,1,0.406384,0.568769,post_filter,False,1.08,0.8,0.172878,0.406384,0.52918,24.8303,overall<=2.0
1714,0.248992,4,0.534193,0.913054,post_filter,False,0.7187,1.0,0.976042,0.534193,0.919353,25.035,"overall IN (3,4)"
1715,0.270385,5,0.432769,0.757215,post_filter,False,0.8237,1.0,0.972543,0.432769,0.778747,24.8799,"main_cat IN ('Home Audio & Theater', 'Books', 'Tools & Home Improvement')"
1716,0.728433,19,0.28243,0.891678,post_filter,False,0.8508,1.0,0.97164,0.28243,0.899674,25.108,"overall IN (2,3,5)"
1717,0.7886,19,0.28243,0.899674,post_filter,False,0.8294,1.0,0.972353,0.28243,0.906942,25.3214,overall>=4.0
1718,0.180604,1,0.406384,0.52918,post_filter,False,0.9146,1.0,0.969514,0.406384,0.573213,25.1402,"main_cat IN ('Camera & Photo', 'Computers', 'Cell Phones &amp; Accessories')"
1719,0.610257,18,0.242819,0.906087,post_filter,False,0.8797,1.0,0.970676,0.242819,0.912546,25.0834,overall>=5.0
1720,0.270385,5,0.432769,0.778747,post_filter,False,0.8811,0.7,0.045793,0.432769,0.705452,25.1283,"main_cat IN ('Home Audio & Theater', 'Books', 'Tools & Home Improvement')"
1721,0.160682,1,0.406384,0.573213,post_filter,False,0.881,0.7,0.045793,0.406384,0.520471,25.2113,"main_cat IN ('Camera & Photo', 'Computers')"
1722,0.319094,7,0.374205,0.893423,post_filter,False,0.562,1.0,0.981268,0.374205,0.902208,25.253,"overall IN (1,2,4)"
1723,0.270385,5,0.432769,0.705452,pre_filter,False,38.2763,1.0,0.0,0.389492,0.705452,24.9464,"main_cat IN ('Home Audio & Theater', 'Books', 'Tools & Home Improvement')"
1724,0.248992,4,0.534193,0.919353,post_filter,False,0.8814,1.0,0.970619,0.534193,0.92448,24.9702,"overall IN (3,4)"
1725,0.821657,20,0.38742,0.881292,post_filter,False,0.5525,1.0,0.981583,0.38742,0.891321,24.8587,"overall IN (1,2,3,5)"
1726,0.7886,19,0.28243,0.906942,post_filter,False,0.511,1.0,0.982965,0.28243,0.914544,25.1119,overall>=4.0
1727,0.751008,19,0.28243,0.914544,post_filter,False,0.9043,1.0,0.969856,0.28243,0.920075,25.0413,"overall IN (1,2,5)"
1728,0.610257,18,0.242819,0.912546,post_filter,False,0.568,1.0,0.981065,0.242819,0.919398,25.2719,overall>=5.0
1729,0.70348,19,0.28243,0.920075,post_filter,False,0.8888,1.0,0.970374,0.28243,0.925105,24.9783,"overall IN (1,5)"
1730,0.859249,20,0.38742,0.891321,post_filter,False,0.952,1.0,0.968267,0.38742,0.899016,24.9717,overall>=3.0
1731,0.210713,2,0.394157,0.71208,post_filter,False,1.0034,1.0,0.966553,0.394157,0.737528,25.176,"main_cat IN ('Camera & Photo', 'Camera &amp; Photo')"
1732,0.270385,5,0.389492,0.705452,post_filter,False,0.9441,1.0,0.968531,0.389492,0.73176,24.8193,"main_cat IN ('Home Audio & Theater', 'Books', 'Tools & Home Improvement')"
1733,0.319094,7,0.374205,0.902208,post_filter,False,0.7605,1.0,0.974649,0.374205,0.909452,24.8362,"overall IN (1,2,4)"
1734,0.230635,3,0.506517,0.794124,post_filter,False,0.9869,0.9,0.5632,0.506517,0.771032,24.9342,"main_cat IN ('Camera & Photo', 'Camera &amp; Photo', 'Cell Phones &amp; Accessories')"
1735,0.881823,20,0.38742,0.899016,post_filter,False,0.5335,1.0,0.982218,0.38742,0.907336,24.8045,"overall IN (1,4,5)"
1736,0.859249,20,0.38742,0.907336,post_filter,False,0.8825,1.0,0.970585,0.38742,0.913661,24.72,overall>=3.0
1737,0.319094,7,0.374205,0.909452,post_filter,False,0.5708,1.0,0.980974,0.374205,0.916604,24.8623,"overall IN (1,2,4)"
1738,0.300422,7,0.374205,0.916604,post_filter,False,0.9008,1.0,0.969974,0.374205,0.921941,25.0915,"main_cat IN ('All Electronics', 'Books', 'Sports & Outdoors')"
1739,0.12068,1,0.406384,0.520471,post_filter,False,0.7093,1.0,0.976357,0.406384,0.56606,25.1812,"main_cat IN ('Camera &amp; Photo', 'Cell Phones &amp; Accessories', 'Tools & Home Improvement')"
1740,0.952472,21,1.0,0.897409,post_filter,True,0.8375,1.0,0.972085,1.0,0.904876,25.187,"overall IN (1,3,4,5)"
1741,0.70348,19,0.28243,0.925105,post_filter,False,0.8208,1.0,0.972639,0.28243,0.929858,25.0601,"overall IN (1,5)"
1742,0.180604,1,0.406384,0.56606,post_filter,False,0.9879,1.0,0.967069,0.406384,0.606161,25.04,"main_cat IN ('Camera & Photo', 'Computers', 'Cell Phones &amp; Accessories')"
1743,0.70348,19,0.28243,0.929858,post_filter,False,0.7028,1.0,0.976574,0.28243,0.93453,24.9839,"overall IN (1,5)"
1744,0.680906,18,0.242819,0.919398,post_filter,False,0.8528,1.0,0.971574,0.242819,0.924616,24.9874,"overall IN (3,5)"
1745,0.160682,1,0.406384,0.606161,post_filter,False,0.928,1.0,0.969067,0.406384,0.642451,24.706,"main_cat IN ('Camera & Photo', 'Computers')"
1746,0.774129,19,0.28243,0.93453,post_filter,False,0.6596,1.0,0.978014,0.28243,0.938878,24.9023,"overall IN (1,3,5)"
1747,0.836128,20,0.38742,0.913661,post_filter,False,0.6954,1.0,0.976821,0.38742,0.919977,25.0468,"overall IN (2,4,5)"
1748,0.680906,18,0.242819,0.924616,post_filter,False,0.559,1.0,0.981367,0.242819,0.930291,24.8921,"overall IN (3,5)"
1749,0.050727,0,0.465285,0.655987,post_filter,False,0.3491,1.0,0.988362,0.465285,0.689224,24.8538,"main_cat IN ('Computers', 'Tools & Home Improvement')"
1750,0.821657,20,0.38742,0.919977,post_filter,False,0.967,1.0,0.967765,0.38742,0.924756,24.8049,"overall IN (1,2,3,5)"
1751,0.389743,11,0.591322,0.925185,post_filter,False,0.9036,1.0,0.969881,0.591322,0.929655,25.102,overall<=4.0
1752,0.7886,19,0.28243,0.938878,post_filter,False,0.8897,1.0,0.970343,0.28243,0.942025,25.1,overall>=4.0
1753,0.180604,1,0.406384,0.642451,post_filter,False,0.6102,1.0,0.979661,0.406384,0.676172,24.962,"main_cat IN ('Camera & Photo', 'Computers', 'Cell Phones &amp; Accessories')"
1754,0.389743,11,0.591322,0.929655,post_filter,False,0.8931,1.0,0.970229,0.591322,0.933712,24.7611,overall<=4.0
1755,0.859249,20,0.38742,0.924756,pre_filter,False,54.3724,1.0,0.0,0.348678,0.924756,25.0835,overall>=3.0
1756,0.248992,4,0.534193,0.92448,post_filter,False,0.7643,1.0,0.974522,0.534193,0.929484,24.8614,"overall IN (3,4)"
1757,0.881823,20,0.348678,0.924756,post_filter,False,0.6808,0.9,0.569141,0.348678,0.889194,25.075,"overall IN (1,4,5)"
1758,0.7886,19,0.28243,0.942025,post_filter,False,0.777,1.0,0.974099,0.28243,0.945232,24.9319,overall>=4.0
1759,0.092237,0,0.465285,0.689224,post_filter,False,0.675,0.7,0.046117,0.465285,0.624914,25.399,main_cat='Home Audio &amp; Theater' AND overall>=3.0
1760,0.881823,20,0.348678,0.889194,post_filter,False,0.8057,1.0,0.973143,0.348678,0.897589,25.1544,"overall IN (1,4,5)"
1761,0.906777,21,1.0,0.904876,post_filter,True,0.728,1.0,0.975733,1.0,0.911962,25.0513,overall>=2.0
1762,0.859249,20,0.348678,0.897589,post_filter,False,0.6227,1.0,0.979244,0.348678,0.905755,24.9985,overall>=3.0
1763,0.859249,20,0.348678,0.905755,post_filter,False,0.9194,1.0,0.969353,0.348678,0.912115,24.754,overall>=3.0
1764,0.339351,8,0.431023,0.811136,post_filter,False,0.8118,1.0,0.97294,0.431023,0.827316,25.0891,"main_cat IN ('Home Audio & Theater', 'Camera &amp; Photo', 'Sports & Outdoors')"
1765,0.774129,19,0.28243,0.945232,post_filter,False,0.3615,1.0,0.987949,0.28243,0.949504,25.0807,"overall IN (1,3,5)"
1766,0.610257,18,0.242819,0.930291,post_filter,False,0.7801,1.0,0.973996,0.242819,0.934661,24.9878,overall>=5.0
1767,0.140751,1,0.406384,0.676172,post_filter,False,1.1802,0.6,0.009702,0.406384,0.609525,25.3134,overall<=2.0
1768,0.751008,19,0.28243,0.949504,post_filter,False,0.6728,1.0,0.977572,0.28243,0.952311,24.9733,"overall IN (1,2,5)"
1769,0.248992,4,0.534193,0.929484,post_filter,False,0.9805,1.0,0.967318,0.534193,0.933267,24.8753,"overall IN (3,4)"
1770,0.210713,2,0.394157,0.737528,post_filter,False,0.8595,1.0,0.97135,0.394157,0.76091,24.9025,"main_cat IN ('Camera & Photo', 'Camera &amp; Photo')"
1771,0.230635,3,0.506517,0.771032,post_filter,False,0.8439,1.0,0.971871,0.506517,0.791116,25.2558,"main_cat IN ('Camera & Photo', 'Camera &amp; Photo', 'Cell Phones &amp; Accessories')"
1772,0.774129,19,0.28243,0.952311,post_filter,False,0.9083,1.0,0.969722,0.28243,0.954052,25.1126,"overall IN (1,3,5)"
1773,0.140751,1,0.406384,0.609525,post_filter,False,1.205,0.6,0.009693,0.406384,0.549542,25.8723,overall<=2.0
1774,0.7886,19,0.28243,0.954052,post_filter,False,0.569,1.0,0.981035,0.28243,0.95675,25.2895,overall>=4.0
1775,0.339351,8,0.431023,0.827316,post_filter,False,0.9263,1.0,0.969124,0.431023,0.841497,24.9211,"main_cat IN ('Home Audio & Theater', 'Camera &amp; Photo', 'Sports & Outdoors')"
1776,0.859249,20,0.348678,0.912115,post_filter,False,0.8698,1.0,0.971008,0.348678,0.918004,25.0717,overall>=3.0
1777,0.319094,7,0.374205,0.921941,post_filter,False,0.8989,1.0,0.970036,0.374205,0.926751,24.903,"overall IN (1,2,4)"
1778,0.092237,0,0.465285,0.624914,post_filter,False,0.4172,0.7,0.046522,0.465285,0.567074,24.994,main_cat='Home Audio &amp; Theater' AND overall>=3.0
1779,0.389743,11,0.591322,0.933712,post_filter,False,0.5831,0.4,0.000172,0.591322,0.840358,25.1346,overall<=4.0
1780,0.728433,19,0.28243,0.95675,post_filter,False,0.9823,1.0,0.967257,0.28243,0.957801,25.2156,"overall IN (2,3,5)"
1781,0.610257,18,0.242819,0.934661,post_filter,False,0.9483,1.0,0.968392,0.242819,0.938034,24.9047,overall>=5.0
1782,0.70348,19,0.28243,0.957801,post_filter,False,0.3422,0.9,0.575715,0.28243,0.919592,25.0677,"overall IN (1,5)"
1783,0.319094,7,0.374205,0.926751,post_filter,False,0.8334,1.0,0.972219,0.374205,0.931297,24.9723,"overall IN (1,2,4)"
1784,0.680906,18,0.242819,0.938034,post_filter,False,0.7782,1.0,0.974058,0.242819,0.941637,25.2216,"overall IN (3,5)"
1785,0.658182,18,0.242819,0.941637,post_filter,False,0.5475,1.0,0.981751,0.242819,0.945648,25.009,verified=true AND overall>=3.0
1786,0.952472,21,1.0,0.911962,post_filter,True,0.5734,1.0,0.980886,1.0,0.918854,24.9315,"overall IN (1,3,4,5)"
1787,0.952472,21,1.0,0.918854,post_filter,True,0.8215,1.0,0.972615,1.0,0.92423,25.1003,"overall IN (1,3,4,5)"
1788,0.906777,21,1.0,0.92423,post_filter,True,0.8179,1.0,0.972736,1.0,0.929081,25.118,overall>=2.0
1789,0.7886,19,0.28243,0.919592,post_filter,False,0.4244,1.0,0.985853,0.28243,0.926218,35.2997,overall>=4.0
1790,0.339351,8,0.431023,0.841497,post_filter,False,0.8766,1.0,0.970781,0.431023,0.854425,25.0756,"main_cat IN ('Home Audio & Theater', 'Camera &amp; Photo', 'Sports & Outdoors')"
1791,0.680906,18,0.242819,0.945648,post_filter,False,0.8654,1.0,0.971153,0.242819,0.948199,25.0112,"overall IN (3,5)"
1792,0.073033,0,0.465285,0.567074,pre_filter,False,8.7035,0.9,0.413404,0.460097,0.567074,25.2718,brand='Tiffen'
1793,0.859249,20,0.348678,0.918004,post_filter,False,0.9877,1.0,0.967078,0.348678,0.922911,24.653,overall>=3.0
1794,0.300422,7,0.374205,0.931297,post_filter,False,0.7263,1.0,0.975792,0.374205,0.935747,24.9451,"main_cat IN ('All Electronics', 'Books', 'Sports & Outdoors')"
1795,0.7886,19,0.28243,0.926218,post_filter,False,0.377,1.0,0.987433,0.28243,0.93234,24.9885,overall>=4.0
1796,0.929351,21,1.0,0.929081,post_filter,True,0.4298,0.9,0.574014,1.0,0.893574,24.824,"overall IN (1,2,4,5)"
1797,0.859249,20,0.348678,0.922911,post_filter,False,0.8043,1.0,0.973189,0.348678,0.927939,24.7202,overall>=3.0
1798,0.680906,18,0.242819,0.948199,post_filter,False,0.8722,1.0,0.970926,0.242819,0.950471,24.8635,"overall IN (3,5)"
1799,0.728433,19,0.28243,0.93234,post_filter,False,0.7544,1.0,0.974853,0.28243,0.936591,25.066,"overall IN (2,3,5)"
1800,0.751008,19,0.28243,0.936591,post_filter,False,0.9004,1.0,0.969986,0.28243,0.939931,24.9686,"overall IN (1,2,5)"
1801,0.952472,21,1.0,0.893574,post_filter,True,0.8388,1.0,0.97204,1.0,0.901421,24.9248,"overall IN (1,3,4,5)"
1802,0.092237,0,0.460097,0.567074,post_filter,False,0.5333,0.9,0.572004,0.460097,0.567567,25.0172,main_cat='Home Audio &amp; Theater' AND overall>=3.0
1803,0.12068,1,0.406384,0.549542,post_filter,False,0.4287,1.0,0.985711,0.406384,0.593159,24.9997,"main_cat IN ('Camera &amp; Photo', 'Cell Phones &amp; Accessories', 'Tools & Home Improvement')"
1804,0.836128,20,0.348678,0.927939,post_filter,False,0.6894,1.0,0.977021,0.348678,0.932847,24.8333,"overall IN (2,4,5)"
1805,0.210713,2,0.394157,0.76091,post_filter,False,0.9683,1.0,0.967724,0.394157,0.781591,25.1173,"main_cat IN ('Camera & Photo', 'Camera &amp; Photo')"
1806,0.774129,19,0.28243,0.939931,post_filter,False,0.5246,1.0,0.982514,0.28243,0.944189,25.162,"overall IN (1,3,5)"
1807,0.774129,19,0.28243,0.944189,post_filter,False,0.8677,1.0,0.971078,0.28243,0.946878,24.9718,"overall IN (1,3,5)"
1808,0.300422,7,0.374205,0.935747,post_filter,False,0.8266,1.0,0.972446,0.374205,0.939417,24.9942,"main_cat IN ('All Electronics', 'Books', 'Sports & Outdoors')"
1809,0.160682,1,0.406384,0.593159,post_filter,False,0.7918,1.0,0.973608,0.406384,0.631204,25.2364,"main_cat IN ('Camera & Photo', 'Computers')"
1810,0.751008,19,0.28243,0.946878,post_filter,False,0.8028,1.0,0.973239,0.28243,0.949514,24.9837,"overall IN (1,2,5)"
1811,0.728433,19,0.28243,0.949514,post_filter,False,0.7998,1.0,0.97334,0.28243,0.951897,24.9038,"overall IN (2,3,5)"
1812,0.073033,0,0.460097,0.567567,post_filter,False,1.2301,0.6,0.009685,0.460097,0.511779,25.4445,brand='Tiffen'
1813,0.70348,19,0.28243,0.951897,post_filter,False,0.8635,1.0,0.971218,0.28243,0.953829,24.828,"overall IN (1,5)"
1814,0.751008,19,0.28243,0.953829,post_filter,False,0.3932,1.0,0.986892,0.28243,0.957135,24.9524,"overall IN (1,2,5)"
1815,0.774129,19,0.28243,0.957135,post_filter,False,0.8273,1.0,0.972424,0.28243,0.958664,24.6284,"overall IN (1,3,5)"
1816,0.751008,19,0.28243,0.958664,post_filter,False,0.5802,1.0,0.980661,0.28243,0.960864,25.0776,"overall IN (1,2,5)"
1817,0.319094,7,0.374205,0.939417,post_filter,False,0.6991,1.0,0.976696,0.374205,0.943145,25.028,"overall IN (1,2,4)"
1818,0.836128,20,0.348678,0.932847,post_filter,False,0.9521,0.9,0.563875,0.348678,0.89595,25.168,"overall IN (2,4,5)"
1819,0.270385,5,0.389492,0.73176,post_filter,False,0.9076,1.0,0.969746,0.389492,0.755558,25.1984,"main_cat IN ('Home Audio & Theater', 'Books', 'Tools & Home Improvement')"
1820,0.859249,20,0.348678,0.89595,post_filter,False,0.6733,1.0,0.977556,0.348678,0.904111,25.0995,overall>=3.0
1821,0.339351,8,0.431023,0.854425,post_filter,False,0.7416,1.0,0.975279,0.431023,0.866511,25.085,"main_cat IN ('Home Audio & Theater', 'Camera &amp; Photo', 'Sports & Outdoors')"
1822,0.12068,1,0.406384,0.631204,post_filter,False,0.8746,1.0,0.970847,0.406384,0.665168,25.0694,"main_cat IN ('Camera &amp; Photo', 'Cell Phones &amp; Accessories', 'Tools & Home Improvement')"
1823,0.050727,0,0.460097,0.511779,post_filter,False,1.3134,0.5,0.00156,0.460097,0.460757,25.4931,"main_cat IN ('Computers', 'Tools & Home Improvement')"
1824,0.12068,1,0.406384,0.665168,post_filter,False,1.0102,1.0,0.966328,0.406384,0.695284,24.7597,"main_cat IN ('Camera &amp; Photo', 'Cell Phones &amp; Accessories', 'Tools & Home Improvement')"
1825,0.230635,3,0.506517,0.791116,post_filter,False,0.8304,0.9,0.566237,0.506517,0.768628,25.1658,"main_cat IN ('Camera & Photo', 'Camera &amp; Photo', 'Cell Phones &amp; Accessories')"
1826,0.210713,2,0.394157,0.781591,post_filter,False,1.0386,1.0,0.965379,0.394157,0.79997,25.0669,"main_cat IN ('Camera & Photo', 'Camera &amp; Photo')"
1827,0.658182,18,0.242819,0.950471,post_filter,False,0.4018,1.0,0.986606,0.242819,0.954085,25.1975,verified=true AND overall>=3.0
1828,0.821657,20,0.348678,0.904111,post_filter,False,1.0897,1.0,0.963675,0.348678,0.910067,24.7555,"overall IN (1,2,3,5)"
1829,0.658182,18,0.242819,0.954085,post_filter,False,0.4381,1.0,0.985397,0.242819,0.957216,25.0297,verified=true AND overall>=3.0
1830,0.680906,18,0.242819,0.957216,post_filter,False,0.9956,1.0,0.966814,0.242819,0.958176,24.8225,"overall IN (3,5)"
1831,0.70348,19,0.28243,0.960864,post_filter,False,0.9171,1.0,0.969429,0.28243,0.96172,25.0453,"overall IN (1,5)"
1832,0.7886,19,0.28243,0.96172,post_filter,False,1.0618,1.0,0.964607,0.28243,0.962009,24.9031,overall>=4.0
1833,0.70348,19,0.28243,0.962009,post_filter,False,1.0496,1.0,0.965014,0.28243,0.962309,24.8828,"overall IN (1,5)"
1834,0.210713,2,0.394157,0.79997,post_filter,False,0.8354,1.0,0.972153,0.394157,0.817188,24.983,"main_cat IN ('Camera & Photo', 'Camera &amp; Photo')"
1835,0.389743,11,0.591322,0.840358,post_filter,False,0.564,1.0,0.981199,0.591322,0.854442,24.968,overall<=4.0
1836,0.300422,7,0.374205,0.943145,pre_filter,False,52.5564,1.0,0.0,0.336784,0.943145,25.0191,"main_cat IN ('All Electronics', 'Books', 'Sports & Outdoors')"
1837,0.319094,7,0.336784,0.943145,post_filter,False,0.1493,0.1,0.0,0.336784,0.84883,24.8723,"overall IN (1,2,4)"
1838,0.389743,11,0.591322,0.854442,post_filter,False,0.8482,1.0,0.971728,0.591322,0.866171,25.052,overall<=4.0
1839,0.836128,20,0.348678,0.910067,post_filter,False,1.0235,1.0,0.965882,0.348678,0.915649,24.8224,"overall IN (2,4,5)"
1840,0.774129,19,0.28243,0.962309,pre_filter,False,37.0502,1.0,0.0,0.254187,0.962309,24.956,"overall IN (1,3,5)"
1841,0.70348,19,0.254187,0.962309,post_filter,False,0.57,1.0,0.981001,0.254187,0.964179,25.2428,"overall IN (1,5)"
1842,0.7886,19,0.254187,0.964179,post_filter,False,0.7171,0.9,0.568437,0.254187,0.924604,25.1751,overall>=4.0
1843,0.658182,18,0.242819,0.958176,pre_filter,False,90.2114,1.0,0.0,0.218537,0.958176,25.0707,verified=true AND overall>=3.0
1844,0.140751,1,0.406384,0.695284,post_filter,False,1.2015,0.0,0.0,0.406384,0.625756,28.5109,overall<=2.0
1845,0.300422,7,0.336784,0.84883,post_filter,False,0.7337,1.0,0.975543,0.336784,0.861502,25.1719,"main_cat IN ('All Electronics', 'Books', 'Sports & Outdoors')"
1846,0.050727,0,0.460097,0.460757,post_filter,False,0.6214,1.0,0.979286,0.460097,0.51261,25.14,"main_cat IN ('Computers', 'Tools & Home Improvement')"
1847,0.610257,18,0.218537,0.958176,post_filter,False,0.7501,0.9,0.567796,0.218537,0.919138,25.4323,overall>=5.0
1848,0.12068,1,0.406384,0.625756,pre_filter,False,6.3395,1.0,0.788682,0.444614,0.625756,25.2655,"main_cat IN ('Camera &amp; Photo', 'Cell Phones &amp; Accessories', 'Tools & Home Improvement')"
1849,0.248992,4,0.534193,0.933267,post_filter,False,0.7927,1.0,0.973575,0.534193,0.937298,24.8548,"overall IN (3,4)"
1850,0.339351,8,0.431023,0.866511,post_filter,False,1.0569,1.0,0.964771,0.431023,0.876337,24.8205,"main_cat IN ('Home Audio & Theater', 'Camera &amp; Photo', 'Sports & Outdoors')"
1851,0.952472,21,1.0,0.901421,post_filter,True,0.6762,0.9,0.56923,1.0,0.868202,24.7773,"overall IN (1,3,4,5)"
1852,0.092237,0,0.460097,0.51261,post_filter,False,0.8344,1.0,0.972186,0.460097,0.558568,25.4428,main_cat='Home Audio &amp; Theater' AND overall>=3.0
1853,0.12068,1,0.444614,0.625756,post_filter,False,0.6263,0.8,0.175591,0.444614,0.580739,25.1468,"main_cat IN ('Camera &amp; Photo', 'Cell Phones &amp; Accessories', 'Tools & Home Improvement')"
1854,0.881823,20,0.348678,0.915649,post_filter,False,0.9122,1.0,0.969592,0.348678,0.921043,25.029,"overall IN (1,4,5)"
1855,0.821657,20,0.348678,0.921043,post_filter,False,0.7118,1.0,0.976272,0.348678,0.926566,25.0776,"overall IN (1,2,3,5)"
1856,0.140751,1,0.444614,0.580739,post_filter,False,1.2418,0.8,0.171911,0.444614,0.539856,25.3614,overall<=2.0
1857,0.300422,7,0.336784,0.861502,post_filter,False,1.0347,1.0,0.96551,0.336784,0.871902,24.7742,"main_cat IN ('All Electronics', 'Books', 'Sports & Outdoors')"
1858,0.248992,4,0.534193,0.937298,post_filter,False,0.8832,1.0,0.970561,0.534193,0.940624,24.6946,"overall IN (3,4)"
1859,0.270385,5,0.389492,0.755558,post_filter,False,0.8754,1.0,0.970819,0.389492,0.777085,24.9397,"main_cat IN ('Home Audio & Theater', 'Books', 'Tools & Home Improvement')"
1860,0.389743,11,0.591322,0.866171,post_filter,False,0.4459,0.9,0.573701,0.591322,0.836924,24.9763,overall<=4.0
1861,0.859249,20,0.348678,0.926566,post_filter,False,0.8627,1.0,0.971244,0.348678,0.931034,25.0884,overall>=3.0
1862,0.180604,1,0.444614,0.539856,pre_filter,False,23.5939,1.0,0.213538,0.421506,0.539856,25.0251,"main_cat IN ('Camera & Photo', 'Computers', 'Cell Phones &amp; Accessories')"
1863,0.658182,18,0.218537,0.919138,post_filter,False,0.382,1.0,0.987267,0.218537,0.925951,24.8319,verified=true AND overall>=3.0
1864,0.610257,18,0.218537,0.925951,post_filter,False,0.5193,1.0,0.98269,0.218537,0.931625,24.9554,overall>=5.0
1865,0.300422,7,0.336784,0.871902,post_filter,False,0.8585,1.0,0.971382,0.336784,0.88185,24.72,"main_cat IN ('All Electronics', 'Books', 'Sports & Outdoors')"
1866,0.610257,18,0.218537,0.931625,post_filter,False,0.452,1.0,0.984932,0.218537,0.936955,24.871,overall>=5.0
1867,0.12068,1,0.421506,0.539856,post_filter,False,0.8657,0.7,0.045817,0.421506,0.490452,24.7937,"main_cat IN ('Camera &amp; Photo', 'Cell Phones &amp; Accessories', 'Tools & Home Improvement')"
1868,0.389743,11,0.591322,0.836924,post_filter,False,0.8417,1.0,0.971943,0.591322,0.850426,24.764,overall<=4.0
1869,0.821657,20,0.348678,0.931034,post_filter,False,0.1132,0.0,0.0,0.348678,0.83793,24.772,"overall IN (1,2,3,5)"
1870,0.7886,19,0.254187,0.924604,post_filter,False,0.727,1.0,0.975768,0.254187,0.929721,25.2145,overall>=4.0
1871,0.389743,11,0.591322,0.850426,post_filter,False,0.982,0.9,0.563294,0.591322,0.821713,25.4767,overall<=4.0
1872,0.270385,5,0.389492,0.777085,post_filter,False,0.9816,1.0,0.967281,0.389492,0.796104,24.867,"main_cat IN ('Home Audio & Theater', 'Books', 'Tools & Home Improvement')"
1873,0.092237,0,0.460097,0.558568,post_filter,False,1.0272,1.0,0.965761,0.460097,0.599287,24.936,main_cat='Home Audio &amp; Theater' AND overall>=3.0
1874,0.248992,4,0.534193,0.940624,post_filter,False,0.4623,1.0,0.984589,0.534193,0.945021,25.0828,"overall IN (3,4)"
1875,0.073033,0,0.460097,0.599287,post_filter,False,0.8574,0.9,0.565713,0.460097,0.59593,25.0429,brand='Tiffen'
1876,0.859249,20,0.348678,0.83793,post_filter,False,0.4645,1.0,0.984515,0.348678,0.852589,25.0892,overall>=3.0
1877,0.7886,19,0.254187,0.929721,post_filter,False,0.922,1.0,0.969268,0.254187,0.933675,25.1677,overall>=4.0
1878,0.12068,1,0.421506,0.490452,post_filter,False,1.192,0.8,0.172209,0.421506,0.458628,24.8422,"main_cat IN ('Camera &amp; Photo', 'Cell Phones &amp; Accessories', 'Tools & Home Improvement')"
1879,0.050727,0,0.460097,0.59593,pre_filter,False,2.7825,0.8,0.162701,0.430357,0.59593,24.9727,"main_cat IN ('Computers', 'Tools & Home Improvement')"
1880,0.906777,21,1.0,0.868202,post_filter,True,0.781,0.9,0.567197,1.0,0.838101,25.1738,overall>=2.0
1881,0.270385,5,0.389492,0.796104,post_filter,False,0.6414,1.0,0.978619,0.389492,0.814356,25.135,"main_cat IN ('Home Audio & Theater', 'Books', 'Tools & Home Improvement')"
1882,0.751008,19,0.254187,0.933675,post_filter,False,0.647,1.0,0.978433,0.254187,0.938151,25.1577,"overall IN (1,2,5)"
1883,0.12068,1,0.421506,0.458628,post_filter,False,1.0805,0.9,0.561382,0.421506,0.468904,25.2037,"main_cat IN ('Camera &amp; Photo', 'Cell Phones &amp; Accessories', 'Tools & Home Improvement')"
1884,0.774129,19,0.254187,0.938151,post_filter,False,0.8969,1.0,0.970104,0.254187,0.941347,25.106,"overall IN (1,3,5)"
1885,0.859249,20,0.348678,0.852589,post_filter,False,0.921,1.0,0.969301,0.348678,0.86426,24.942,overall>=3.0
1886,0.160682,1,0.421506,0.468904,post_filter,False,0.8665,1.0,0.971115,0.421506,0.519125,25.4823,"main_cat IN ('Camera & Photo', 'Computers')"
1887,0.952472,21,1.0,0.838101,post_filter,True,0.8417,1.0,0.971944,1.0,0.851486,25.7067,"overall IN (1,3,4,5)"
1888,0.821657,20,0.348678,0.86426,post_filter,False,0.607,1.0,0.979765,0.348678,0.875811,25.6008,"overall IN (1,2,3,5)"
1889,0.210713,2,0.394157,0.817188,post_filter,False,0.5013,0.9,0.572625,0.394157,0.792732,25.7092,"main_cat IN ('Camera & Photo', 'Camera &amp; Photo')"
1890,0.658182,18,0.218537,0.936955,post_filter,False,0.9127,1.0,0.969576,0.218537,0.940218,25.3886,verified=true AND overall>=3.0
1891,0.160682,1,0.421506,0.519125,pre_filter,False,27.1531,0.7,0.004477,0.379803,0.519125,25.3158,"main_cat IN ('Camera & Photo', 'Computers')"
1892,0.680906,18,0.218537,0.940218,post_filter,False,0.8522,0.6,0.009812,0.218537,0.847177,25.1531,"overall IN (3,5)"
1893,0.160682,1,0.379803,0.519125,post_filter,False,0.8181,1.0,0.972729,0.379803,0.564485,24.8949,"main_cat IN ('Camera & Photo', 'Computers')"
1894,0.270385,5,0.389492,0.814356,post_filter,False,0.7962,1.0,0.97346,0.389492,0.830266,36.2152,"main_cat IN ('Home Audio & Theater', 'Books', 'Tools & Home Improvement')"
1895,0.680906,18,0.218537,0.847177,post_filter,False,0.8509,1.0,0.971636,0.218537,0.859623,25.0624,"overall IN (3,5)"
1896,0.339351,8,0.431023,0.876337,post_filter,False,0.7288,1.0,0.975707,0.431023,0.886274,25.0523,"main_cat IN ('Home Audio & Theater', 'Camera &amp; Photo', 'Sports & Outdoors')"
1897,0.389743,11,0.591322,0.821713,post_filter,False,0.7438,1.0,0.975206,0.591322,0.837062,25.2961,overall<=4.0
1898,0.210713,2,0.394157,0.792732,post_filter,False,1.0057,0.9,0.562835,0.394157,0.769742,25.0491,"main_cat IN ('Camera & Photo', 'Camera &amp; Photo')"
1899,0.859249,20,0.348678,0.875811,post_filter,False,0.774,1.0,0.974199,0.348678,0.885649,24.8698,overall>=3.0
1900,0.319094,7,0.336784,0.88185,post_filter,False,1.0445,1.0,0.965182,0.336784,0.890183,24.7674,"overall IN (1,2,4)"
1901,0.751008,19,0.254187,0.941347,post_filter,False,0.6387,1.0,0.978711,0.254187,0.945083,25.0234,"overall IN (1,2,5)"
1902,0.160682,1,0.379803,0.564485,post_filter,False,0.7563,1.0,0.974789,0.379803,0.605516,24.9378,"main_cat IN ('Camera & Photo', 'Computers')"
1903,0.160682,1,0.379803,0.605516,pre_filter,False,21.022,1.0,0.299267,0.37175,0.605516,24.9858,"main_cat IN ('Camera & Photo', 'Computers')"
1904,0.751008,19,0.254187,0.945083,post_filter,False,0.9396,1.0,0.968681,0.254187,0.947443,24.9841,"overall IN (1,2,5)"
1905,0.774129,19,0.254187,0.947443,post_filter,False,0.8378,1.0,0.972072,0.254187,0.949906,24.8136,"overall IN (1,3,5)"
1906,0.339351,8,0.431023,0.886274,post_filter,False,0.8073,1.0,0.97309,0.431023,0.894955,24.9758,"main_cat IN ('Home Audio & Theater', 'Camera &amp; Photo', 'Sports & Outdoors')"
1907,0.319094,7,0.336784,0.890183,post_filter,False,0.721,1.0,0.975965,0.336784,0.898762,25.2615,"overall IN (1,2,4)"
1908,0.050727,0,0.430357,0.59593,post_filter,False,1.1933,0.8,0.172201,0.430357,0.553557,25.2881,"main_cat IN ('Computers', 'Tools & Home Improvement')"
1909,0.821657,20,0.348678,0.885649,post_filter,False,0.8777,1.0,0.970743,0.348678,0.894159,24.9792,"overall IN (1,2,3,5)"
1910,0.728433,19,0.254187,0.949906,post_filter,False,0.9402,1.0,0.96866,0.254187,0.951781,25.1195,"overall IN (2,3,5)"
1911,0.929351,21,1.0,0.851486,post_filter,True,0.5189,1.0,0.982703,1.0,0.864607,24.938,"overall IN (1,2,4,5)"
1912,0.180604,1,0.37175,0.605516,post_filter,False,0.8344,0.9,0.56616,0.37175,0.60158,25.1183,"main_cat IN ('Camera & Photo', 'Computers', 'Cell Phones &amp; Accessories')"
1913,0.389743,11,0.591322,0.837062,post_filter,False,0.6991,1.0,0.976697,0.591322,0.851025,24.7953,overall<=4.0
1914,0.70348,19,0.254187,0.951781,post_filter,False,0.583,1.0,0.980568,0.254187,0.95466,24.7352,"overall IN (1,5)"
1915,0.339351,8,0.431023,0.894955,post_filter,False,0.8006,1.0,0.973312,0.431023,0.902791,24.9759,"main_cat IN ('Home Audio & Theater', 'Camera &amp; Photo', 'Sports & Outdoors')"
1916,0.319094,7,0.336784,0.898762,post_filter,False,1.0365,1.0,0.965451,0.336784,0.905431,24.7079,"overall IN (1,2,4)"
1917,0.050727,0,0.430357,0.553557,post_filter,False,0.3661,0.8,0.177146,0.430357,0.515916,24.8722,"main_cat IN ('Computers', 'Tools & Home Improvement')"
1918,0.7886,19,0.254187,0.95466,post_filter,False,0.7453,1.0,0.975157,0.254187,0.95671,24.7844,overall>=4.0
1919,0.180604,1,0.37175,0.60158,post_filter,False,0.8419,1.0,0.971938,0.37175,0.638616,24.9067,"main_cat IN ('Camera & Photo', 'Computers', 'Cell Phones &amp; Accessories')"
1920,0.180604,1,0.37175,0.638616,post_filter,False,0.8293,1.0,0.972358,0.37175,0.67199,25.194,"main_cat IN ('Camera & Photo', 'Computers', 'Cell Phones &amp; Accessories')"
1921,0.230635,3,0.506517,0.768628,post_filter,False,0.7208,1.0,0.975974,0.506517,0.789362,25.0713,"main_cat IN ('Camera & Photo', 'Camera &amp; Photo', 'Cell Phones &amp; Accessories')"
1922,0.836128,20,0.348678,0.894159,post_filter,False,0.5562,1.0,0.981458,0.348678,0.902889,24.9248,"overall IN (2,4,5)"
1923,0.7886,19,0.254187,0.95671,post_filter,False,0.683,1.0,0.977235,0.254187,0.958762,24.9775,overall>=4.0
1924,0.859249,20,0.348678,0.902889,post_filter,False,0.7414,1.0,0.975286,0.348678,0.910128,25.2442,overall>=3.0
1925,0.859249,20,0.348678,0.910128,post_filter,False,0.8488,1.0,0.971708,0.348678,0.916286,24.8757,overall>=3.0
1926,0.092237,0,0.430357,0.515916,post_filter,False,0.781,1.0,0.973968,0.430357,0.561721,25.1405,main_cat='Home Audio &amp; Theater' AND overall>=3.0
1927,0.70348,19,0.254187,0.958762,post_filter,False,0.8729,1.0,0.970903,0.254187,0.959976,24.9606,"overall IN (1,5)"
1928,0.12068,1,0.37175,0.67199,post_filter,False,0.5746,1.0,0.980847,0.37175,0.702876,25.1832,"main_cat IN ('Camera &amp; Photo', 'Cell Phones &amp; Accessories', 'Tools & Home Improvement')"
1929,0.859249,20,0.348678,0.916286,post_filter,False,0.8144,1.0,0.972854,0.348678,0.921943,25.0365,overall>=3.0
1930,0.906777,21,1.0,0.864607,post_filter,True,0.9703,1.0,0.967657,1.0,0.874912,24.9451,overall>=2.0
1931,0.680906,18,0.218537,0.859623,post_filter,False,0.8557,1.0,0.971476,0.218537,0.870808,24.7287,"overall IN (3,5)"
1932,0.160682,1,0.37175,0.702876,post_filter,False,0.8543,1.0,0.971524,0.37175,0.72974,25.0531,"main_cat IN ('Camera & Photo', 'Computers')"
1933,0.300422,7,0.336784,0.905431,post_filter,False,0.789,1.0,0.973701,0.336784,0.912258,25.4606,"main_cat IN ('All Electronics', 'Books', 'Sports & Outdoors')"
1934,0.270385,5,0.389492,0.830266,post_filter,False,0.9829,1.0,0.967236,0.389492,0.843963,25.0412,"main_cat IN ('Home Audio & Theater', 'Books', 'Tools & Home Improvement')"
1935,0.180604,1,0.37175,0.72974,post_filter,False,0.8377,1.0,0.972075,0.37175,0.753974,25.1056,"main_cat IN ('Camera & Photo', 'Computers', 'Cell Phones &amp; Accessories')"
1936,0.389743,11,0.591322,0.851025,post_filter,False,0.8553,1.0,0.97149,0.591322,0.863072,24.9024,overall<=4.0
1937,0.12068,1,0.37175,0.753974,post_filter,False,0.5806,1.0,0.980646,0.37175,0.776641,25.2426,"main_cat IN ('Camera &amp; Photo', 'Cell Phones &amp; Accessories', 'Tools & Home Improvement')"
1938,0.230635,3,0.506517,0.789362,post_filter,False,0.8872,1.0,0.970426,0.506517,0.807469,25.0703,"main_cat IN ('Camera & Photo', 'Camera &amp; Photo', 'Cell Phones &amp; Accessories')"
1939,0.774129,19,0.254187,0.959976,post_filter,False,0.8292,1.0,0.972361,0.254187,0.961215,25.116,"overall IN (1,3,5)"
1940,0.906777,21,1.0,0.874912,post_filter,True,0.6877,1.0,0.977076,1.0,0.885129,25.0565,overall>=2.0
1941,0.610257,18,0.218537,0.870808,post_filter,False,0.8661,1.0,0.971131,0.218537,0.88084,24.9395,overall>=5.0
1942,0.658182,18,0.218537,0.88084,post_filter,False,0.9552,1.0,0.968161,0.218537,0.889573,25.0365,verified=true AND overall>=3.0
1943,0.751008,19,0.254187,0.961215,post_filter,False,0.8523,1.0,0.971589,0.254187,0.962252,24.6724,"overall IN (1,2,5)"
1944,0.270385,5,0.389492,0.843963,post_filter,False,0.8675,1.0,0.971085,0.389492,0.856675,24.9278,"main_cat IN ('Home Audio & Theater', 'Books', 'Tools & Home Improvement')"
1945,0.728433,19,0.254187,0.962252,post_filter,False,0.7249,1.0,0.975838,0.254187,0.963611,24.8031,"overall IN (2,3,5)"
1946,0.319094,7,0.336784,0.912258,post_filter,False,0.5944,1.0,0.980186,0.336784,0.919051,25.2763,"overall IN (1,2,4)"
1947,0.728433,19,0.254187,0.963611,post_filter,False,0.9239,1.0,0.969203,0.254187,0.96417,24.8938,"overall IN (2,3,5)"
1948,0.319094,7,0.336784,0.919051,post_filter,False,0.8594,1.0,0.971353,0.336784,0.924281,25.0863,"overall IN (1,2,4)"
1949,0.70348,19,0.254187,0.96417,post_filter,False,0.8478,1.0,0.97174,0.254187,0.964927,25.176,"overall IN (1,5)"
1950,0.12068,1,0.37175,0.776641,post_filter,False,0.4297,1.0,0.985675,0.37175,0.797545,25.2323,"main_cat IN ('Camera &amp; Photo', 'Cell Phones &amp; Accessories', 'Tools & Home Improvement')"
1951,0.300422,7,0.336784,0.924281,post_filter,False,0.9231,1.0,0.969229,0.336784,0.928776,25.18,"main_cat IN ('All Electronics', 'Books', 'Sports & Outdoors')"
1952,0.300422,7,0.336784,0.928776,post_filter,False,0.6373,1.0,0.978756,0.336784,0.933774,25.3108,"main_cat IN ('All Electronics', 'Books', 'Sports & Outdoors')"
1953,0.906777,21,1.0,0.885129,post_filter,True,0.3812,0.9,0.574958,1.0,0.854112,25.0902,overall>=2.0
1954,0.389743,11,0.591322,0.863072,post_filter,False,0.9115,1.0,0.969617,0.591322,0.873726,24.8809,overall<=4.0
1955,0.728433,19,0.254187,0.964927,post_filter,False,0.8433,1.0,0.97189,0.254187,0.965623,25.1358,"overall IN (2,3,5)"
1956,0.160682,1,0.37175,0.797545,post_filter,False,1.335,0.6,0.00965,0.37175,0.718755,25.3688,"main_cat IN ('Camera & Photo', 'Computers')"
1957,0.881823,20,0.348678,0.921943,post_filter,False,0.3048,0.7,0.046699,0.348678,0.834419,24.8426,"overall IN (1,4,5)"
1958,0.774129,19,0.254187,0.965623,post_filter,False,0.7571,1.0,0.974762,0.254187,0.966537,24.7842,"overall IN (1,3,5)"
1959,0.7886,19,0.254187,0.966537,post_filter,False,0.8326,1.0,0.972247,0.254187,0.967108,25.1018,overall>=4.0
1960,0.859249,20,0.348678,0.834419,post_filter,False,0.7208,1.0,0.975974,0.348678,0.848574,25.1233,overall>=3.0
1961,0.248992,4,0.534193,0.945021,post_filter,False,0.8714,1.0,0.970954,0.534193,0.947614,24.9625,"overall IN (3,4)"
1962,0.952472,21,1.0,0.854112,post_filter,True,0.7303,1.0,0.975656,1.0,0.866266,24.995,"overall IN (1,3,4,5)"
1963,0.728433,19,0.254187,0.967108,post_filter,False,0.6955,1.0,0.976815,0.254187,0.968079,24.8676,"overall IN (2,3,5)"
1964,0.70348,19,0.254187,0.968079,post_filter,False,0.2545,0.0,0.0,0.254187,0.871271,24.8824,"overall IN (1,5)"
1965,0.092237,0,0.430357,0.561721,post_filter,False,0.8482,1.0,0.971728,0.430357,0.602722,24.9577,main_cat='Home Audio &amp; Theater' AND overall>=3.0
1966,0.774129,19,0.254187,0.871271,post_filter,False,0.8118,1.0,0.972939,0.254187,0.881438,25.1105,"overall IN (1,3,5)"
1967,0.140751,1,0.37175,0.718755,post_filter,False,0.9026,1.0,0.969914,0.37175,0.743871,24.8353,overall<=2.0
1968,0.270385,5,0.389492,0.856675,post_filter,False,0.7341,1.0,0.975529,0.389492,0.868561,24.9657,"main_cat IN ('Home Audio & Theater', 'Books', 'Tools & Home Improvement')"
1969,0.12068,1,0.37175,0.743871,post_filter,False,1.0681,1.0,0.964396,0.37175,0.765923,24.948,"main_cat IN ('Camera &amp; Photo', 'Cell Phones &amp; Accessories', 'Tools & Home Improvement')"
1970,0.210713,2,0.394157,0.769742,post_filter,False,1.124,0.7,0.045411,0.394157,0.697309,25.0401,"main_cat IN ('Camera & Photo', 'Camera &amp; Photo')"
1971,0.248992,4,0.534193,0.947614,post_filter,False,0.8918,1.0,0.970274,0.534193,0.94988,24.9775,"overall IN (3,4)"
1972,0.12068,1,0.37175,0.765923,post_filter,False,1.1016,0.9,0.560973,0.37175,0.745428,25.0443,"main_cat IN ('Camera &amp; Photo', 'Cell Phones &amp; Accessories', 'Tools & Home Improvement')"
1973,0.160682,1,0.37175,0.745428,post_filter,False,0.9709,0.8,0.173531,0.37175,0.688239,25.1825,"main_cat IN ('Camera & Photo', 'Computers')"
1974,0.300422,7,0.336784,0.933774,post_filter,False,0.9253,1.0,0.969157,0.336784,0.937312,24.965,"main_cat IN ('All Electronics', 'Books', 'Sports & Outdoors')"
1975,0.7886,19,0.254187,0.881438,post_filter,False,0.9168,1.0,0.969439,0.254187,0.890238,25.0301,overall>=4.0
1976,0.140751,1,0.37175,0.688239,post_filter,False,1.0729,0.7,0.045491,0.37175,0.623964,25.3909,overall<=2.0
1977,0.658182,18,0.218537,0.889573,post_filter,False,0.8531,1.0,0.971564,0.218537,0.897772,24.8628,verified=true AND overall>=3.0
1978,0.319094,7,0.336784,0.937312,post_filter,False,0.8171,1.0,0.972763,0.336784,0.940857,24.7814,"overall IN (1,2,4)"
1979,0.339351,8,0.431023,0.902791,post_filter,False,0.7281,1.0,0.975729,0.431023,0.910085,25.1218,"main_cat IN ('Home Audio & Theater', 'Camera &amp; Photo', 'Sports & Outdoors')"
1980,0.728433,19,0.254187,0.890238,post_filter,False,0.9184,1.0,0.969388,0.254187,0.898153,25.1046,"overall IN (2,3,5)"
1981,0.140751,1,0.37175,0.623964,post_filter,False,1.3285,0.1,0.0,0.37175,0.561567,26.6943,overall<=2.0
1982,0.70348,19,0.254187,0.898153,post_filter,False,0.7774,1.0,0.974087,0.254187,0.905746,24.99,"overall IN (1,5)"
1983,0.319094,7,0.336784,0.940857,post_filter,False,0.9038,1.0,0.969875,0.336784,0.943759,25.0309,"overall IN (1,2,4)"
1984,0.339351,8,0.431023,0.910085,post_filter,False,0.7516,1.0,0.974946,0.431023,0.916571,24.8432,"main_cat IN ('Home Audio & Theater', 'Camera &amp; Photo', 'Sports & Outdoors')"
1985,0.160682,1,0.37175,0.561567,post_filter,False,0.8713,1.0,0.970958,0.37175,0.602507,24.7998,"main_cat IN ('Camera & Photo', 'Computers')"
1986,0.610257,18,0.218537,0.897772,post_filter,False,0.7983,1.0,0.973389,0.218537,0.905333,24.946,overall>=5.0
1987,0.751008,19,0.254187,0.905746,post_filter,False,0.659,1.0,0.978032,0.254187,0.912975,24.9221,"overall IN (1,2,5)"
1988,0.680906,18,0.218537,0.905333,post_filter,False,0.9325,1.0,0.968917,0.218537,0.911692,24.6614,"overall IN (3,5)"
1989,0.7886,19,0.254187,0.912975,post_filter,False,0.7428,1.0,0.975242,0.254187,0.919202,25.0667,overall>=4.0
1990,0.952472,21,1.0,0.866266,post_filter,True,0.8089,1.0,0.973036,1.0,0.876943,24.8494,"overall IN (1,3,4,5)"
1991,0.751008,19,0.254187,0.919202,post_filter,False,0.861,1.0,0.971299,0.254187,0.924411,25.0653,"overall IN (1,2,5)"
1992,0.952472,21,1.0,0.876943,post_filter,True,0.3798,1.0,0.987342,1.0,0.887983,25.0564,"overall IN (1,3,4,5)"
1993,0.160682,1,0.37175,0.602507,pre_filter,False,8.1056,1.0,0.729813,0.407556,0.602507,24.9918,"main_cat IN ('Camera & Photo', 'Computers')"
1994,0.680906,18,0.218537,0.911692,post_filter,False,0.7086,1.0,0.976379,0.218537,0.91816,25.1787,"overall IN (3,5)"
1995,0.160682,1,0.407556,0.602507,post_filter,False,0.8436,0.9,0.56598,0.407556,0.598854,24.8785,"main_cat IN ('Camera & Photo', 'Computers')"
1996,0.610257,18,0.218537,0.91816,post_filter,False,0.9944,1.0,0.966853,0.218537,0.92303,25.0967,overall>=5.0
1997,0.248992,4,0.534193,0.94988,post_filter,False,0.7191,1.0,0.976031,0.534193,0.952495,24.9962,"overall IN (3,4)"
1998,0.140751,1,0.407556,0.598854,post_filter,False,0.6912,1.0,0.976961,0.407556,0.636665,25.2055,overall<=2.0
1999,0.160682,1,0.407556,0.636665,post_filter,False,0.86,1.0,0.971333,0.407556,0.670132,25.3298,"main_cat IN ('Camera & Photo', 'Computers')"
2000,0.270385,5,0.389492,0.868561,post_filter,False,1.0787,0.9,0.561418,0.389492,0.837846,24.907,"main_cat IN ('Home Audio & Theater', 'Books', 'Tools & Home Improvement')"
