episode,selectivity,bucket_id,q_pre_before,q_post_before,chosen_strategy,was_guardrail,latency_ms,recall,reward,q_pre_after,q_post_after,gt_latency_ms,filter_name
1,0.859249,20,1.0,1.0,pre_filter,False,48.1614,1.0,0.0,0.9,1.0,24.372,overall>=3.0
2,0.728433,19,1.0,1.0,pre_filter,False,42.1502,1.0,0.0,0.9,1.0,25.0674,"overall IN (2,3,5)"
3,0.140751,1,1.0,1.0,pre_filter,False,12.6949,1.0,0.576837,0.957684,1.0,27.1183,overall<=2.0
4,0.906777,21,1.0,1.0,post_filter,True,0.8159,1.0,0.972804,1.0,0.99728,24.7945,overall>=2.0
5,0.230635,3,1.0,1.0,pre_filter,False,66.6217,1.0,0.0,0.9,1.0,26.5017,"main_cat IN ('Camera & Photo', 'Camera &amp; Photo', 'Cell Phones &amp; Accessories')"
6,0.073033,0,1.0,1.0,pre_filter,False,4.3662,1.0,0.854461,0.985446,1.0,26.5999,brand='Tiffen'
7,0.751008,19,0.9,1.0,post_filter,False,0.9336,1.0,0.968879,0.9,0.996888,25.1929,"overall IN (1,2,5)"
8,0.610257,18,1.0,1.0,pre_filter,False,38.3835,1.0,0.0,0.9,1.0,24.8534,overall>=5.0
9,0.906777,21,1.0,0.99728,post_filter,True,1.0031,1.0,0.966563,1.0,0.994209,25.0352,overall>=2.0
10,0.300422,7,1.0,1.0,post_filter,False,1.0255,1.0,0.965818,1.0,0.996582,24.7083,"main_cat IN ('All Electronics', 'Books', 'Sports & Outdoors')"
11,0.680906,18,0.9,1.0,post_filter,False,10.0171,1.0,0.666097,0.9,0.96661,25.8229,"overall IN (3,5)"
12,0.952472,21,1.0,0.994209,post_filter,True,2.2657,1.0,0.924478,1.0,0.987236,24.4067,"overall IN (1,3,4,5)"
13,0.12068,1,0.957684,1.0,pre_filter,False,7.0457,1.0,0.765142,0.93843,1.0,24.8376,"main_cat IN ('Camera &amp; Photo', 'Cell Phones &amp; Accessories', 'Tools & Home Improvement')"
14,0.7886,19,0.9,0.996888,post_filter,False,2.629,1.0,0.912365,0.9,0.988436,25.9142,overall>=4.0
15,0.906777,21,1.0,0.987236,post_filter,True,2.3802,1.0,0.920661,1.0,0.980578,25.0647,overall>=2.0
16,0.658182,18,0.9,0.96661,post_filter,False,1.4292,1.0,0.95236,0.9,0.965185,24.4232,verified=true AND overall>=3.0
17,0.906777,21,1.0,0.980578,post_filter,True,2.4659,1.0,0.917803,1.0,0.974301,25.0467,overall>=2.0
18,0.12068,1,0.93843,1.0,post_filter,False,2.2,1.0,0.926667,0.93843,0.992667,25.0674,"main_cat IN ('Camera &amp; Photo', 'Cell Phones &amp; Accessories', 'Tools & Home Improvement')"
19,0.248992,4,1.0,1.0,pre_filter,False,70.8891,1.0,0.0,0.9,1.0,24.888,"overall IN (3,4)"
20,0.092237,0,0.985446,1.0,pre_filter,False,5.5922,1.0,0.813592,0.968261,1.0,24.937,main_cat='Home Audio &amp; Theater' AND overall>=3.0
21,0.836128,20,0.9,1.0,post_filter,False,1.784,1.0,0.940535,0.9,0.994053,25.1925,"overall IN (2,4,5)"
22,0.160682,1,0.93843,0.992667,post_filter,False,1.5435,0.9,0.552394,0.93843,0.948639,24.6926,"main_cat IN ('Camera & Photo', 'Computers')"
23,0.230635,3,0.9,1.0,post_filter,False,1.4792,1.0,0.950694,0.9,0.995069,25.1577,"main_cat IN ('Camera & Photo', 'Camera &amp; Photo', 'Cell Phones &amp; Accessories')"
24,0.389743,11,1.0,1.0,post_filter,False,1.9691,1.0,0.934364,1.0,0.993436,24.3432,overall<=4.0
25,0.929351,21,1.0,0.974301,post_filter,True,1.9586,1.0,0.934714,1.0,0.970342,24.988,"overall IN (1,2,4,5)"
26,0.658182,18,0.9,0.965185,post_filter,False,0.8711,0.6,0.009806,0.9,0.869647,24.5824,verified=true AND overall>=3.0
27,0.140751,1,0.93843,0.948639,post_filter,False,1.921,0.8,0.167851,0.93843,0.870561,25.0378,overall<=2.0
28,0.881823,20,0.9,0.994053,post_filter,False,1.4492,1.0,0.951693,0.9,0.989817,24.6673,"overall IN (1,4,5)"
29,0.339351,8,1.0,1.0,pre_filter,False,91.4589,1.0,0.0,0.9,1.0,24.6565,"main_cat IN ('Home Audio & Theater', 'Camera &amp; Photo', 'Sports & Outdoors')"
30,0.092237,0,0.968261,1.0,post_filter,False,3.385,1.0,0.887167,0.968261,0.988717,24.5445,main_cat='Home Audio &amp; Theater' AND overall>=3.0
31,0.952472,21,1.0,0.970342,post_filter,True,1.2596,0.0,0.0,1.0,0.873308,24.9697,"overall IN (1,3,4,5)"
32,0.210713,2,1.0,1.0,post_filter,False,1.9152,0.7,0.044167,1.0,0.904417,25.0165,"main_cat IN ('Camera & Photo', 'Camera &amp; Photo')"
33,0.881823,20,0.9,0.989817,post_filter,False,1.9132,1.0,0.936228,0.9,0.984458,24.8556,"overall IN (1,4,5)"
34,0.389743,11,1.0,0.993436,pre_filter,False,121.837,1.0,0.0,0.9,0.993436,25.4081,overall<=4.0
35,0.929351,21,1.0,0.873308,post_filter,True,2.2432,1.0,0.925226,1.0,0.8785,24.6888,"overall IN (1,2,4,5)"
36,0.300422,7,1.0,0.996582,pre_filter,False,17.7281,1.0,0.409064,0.940906,0.996582,24.529,"main_cat IN ('All Electronics', 'Books', 'Sports & Outdoors')"
37,0.952472,21,1.0,0.8785,post_filter,True,2.0881,1.0,0.930396,1.0,0.883689,24.8839,"overall IN (1,3,4,5)"
38,0.050727,0,0.968261,0.988717,post_filter,False,2.0458,1.0,0.931808,0.968261,0.983026,26.6254,"main_cat IN ('Computers', 'Tools & Home Improvement')"
39,0.339351,8,0.9,1.0,post_filter,False,2.5633,1.0,0.914557,0.9,0.991456,25.7383,"main_cat IN ('Home Audio & Theater', 'Camera &amp; Photo', 'Sports & Outdoors')"
40,0.073033,0,0.968261,0.983026,post_filter,False,1.9235,1.0,0.935883,0.968261,0.978312,25.601,brand='Tiffen'
41,0.319094,7,0.940906,0.996582,post_filter,False,2.1808,0.9,0.540024,0.940906,0.950926,24.875,"overall IN (1,2,4)"
42,0.658182,18,0.9,0.869647,pre_filter,False,40.3262,1.0,0.0,0.81,0.869647,25.5578,verified=true AND overall>=3.0
43,0.300422,7,0.940906,0.950926,post_filter,False,2.1131,1.0,0.929564,0.940906,0.94879,25.1919,"main_cat IN ('All Electronics', 'Books', 'Sports & Outdoors')"
44,0.210713,2,1.0,0.904417,pre_filter,False,13.5436,1.0,0.548547,0.954855,0.904417,25.6183,"main_cat IN ('Camera & Photo', 'Camera &amp; Photo')"
45,0.319094,7,0.940906,0.94879,pre_filter,False,24.689,1.0,0.177032,0.864519,0.94879,24.9606,"overall IN (1,2,4)"
46,0.092237,0,0.968261,0.978312,post_filter,False,2.0981,1.0,0.930064,0.968261,0.973487,25.2026,main_cat='Home Audio &amp; Theater' AND overall>=3.0
47,0.300422,7,0.864519,0.94879,pre_filter,False,17.3963,1.0,0.420124,0.820079,0.94879,24.9485,"main_cat IN ('All Electronics', 'Books', 'Sports & Outdoors')"
48,0.210713,2,0.954855,0.904417,pre_filter,False,11.6755,0.0,0.0,0.859369,0.904417,25.0229,"main_cat IN ('Camera & Photo', 'Camera &amp; Photo')"
49,0.050727,0,0.968261,0.973487,pre_filter,False,10.1612,1.0,0.661294,0.937564,0.973487,27.8306,"main_cat IN ('Computers', 'Tools & Home Improvement')"
50,0.270385,5,1.0,1.0,post_filter,False,8.4174,1.0,0.719419,1.0,0.971942,26.3591,"main_cat IN ('Home Audio & Theater', 'Books', 'Tools & Home Improvement')"
51,0.952472,21,1.0,0.883689,post_filter,True,3.5723,0.9,0.513012,1.0,0.846621,33.931,"overall IN (1,3,4,5)"
52,0.12068,1,0.93843,0.870561,pre_filter,False,9.3713,1.0,0.687622,0.913349,0.870561,37.2654,"main_cat IN ('Camera &amp; Photo', 'Cell Phones &amp; Accessories', 'Tools & Home Improvement')"
53,0.881823,20,0.9,0.984458,pre_filter,False,482.1098,1.0,0.0,0.81,0.984458,132.9325,"overall IN (1,4,5)"
54,0.7886,19,0.9,0.988436,pre_filter,False,348.164,1.0,0.0,0.81,0.988436,104.3159,overall>=4.0
55,0.751008,19,0.81,0.988436,post_filter,False,8.6609,1.0,0.711303,0.81,0.960722,27.9322,"overall IN (1,2,5)"
56,0.270385,5,1.0,0.971942,pre_filter,False,20.4112,1.0,0.319628,0.931963,0.971942,29.4269,"main_cat IN ('Home Audio & Theater', 'Books', 'Tools & Home Improvement')"
57,0.859249,20,0.81,0.984458,post_filter,False,6.2226,1.0,0.792581,0.81,0.965271,28.4598,overall>=3.0
58,0.140751,1,0.913349,0.870561,pre_filter,False,22.9407,1.0,0.23531,0.845545,0.870561,37.7185,overall<=2.0
59,0.140751,1,0.845545,0.870561,post_filter,False,7.3972,1.0,0.753428,0.845545,0.858847,25.1209,overall<=2.0
60,0.073033,0,0.937564,0.973487,post_filter,False,6.6297,0.7,0.036753,0.937564,0.879813,25.2827,brand='Tiffen'
61,0.248992,4,0.9,1.0,post_filter,False,4.6619,1.0,0.844603,0.9,0.98446,25.0335,"overall IN (3,4)"
62,0.952472,21,1.0,0.846621,post_filter,True,4.5253,1.0,0.849157,1.0,0.846875,25.1981,"overall IN (1,3,4,5)"
63,0.881823,20,0.81,0.965271,post_filter,False,4.3976,1.0,0.853413,0.81,0.954085,24.9843,"overall IN (1,4,5)"
64,0.610257,18,0.81,0.869647,pre_filter,False,37.9289,1.0,0.0,0.729,0.869647,24.7792,overall>=5.0
65,0.7886,19,0.81,0.960722,post_filter,False,2.4233,1.0,0.919225,0.81,0.956573,25.034,overall>=4.0
66,0.881823,20,0.81,0.954085,post_filter,False,3.9763,1.0,0.867457,0.81,0.945422,25.1391,"overall IN (1,4,5)"
67,0.140751,1,0.845545,0.858847,post_filter,False,3.1316,0.2,0.0,0.845545,0.772963,28.188,overall<=2.0
68,0.836128,20,0.81,0.945422,post_filter,False,3.1549,1.0,0.894836,0.81,0.940363,24.9758,"overall IN (2,4,5)"
69,0.7886,19,0.81,0.956573,post_filter,False,3.4712,0.9,0.514975,0.81,0.912413,25.287,overall>=4.0
70,0.610257,18,0.729,0.869647,post_filter,False,2.7992,1.0,0.906693,0.729,0.873351,25.1328,overall>=5.0
71,0.389743,11,0.9,0.993436,post_filter,False,3.3477,1.0,0.88841,0.9,0.982934,25.2176,overall<=4.0
72,0.728433,19,0.81,0.912413,post_filter,False,2.2088,1.0,0.926372,0.81,0.913809,24.7886,"overall IN (2,3,5)"
73,0.050727,0,0.937564,0.879813,pre_filter,False,10.9535,1.0,0.634883,0.907296,0.879813,24.9828,"main_cat IN ('Computers', 'Tools & Home Improvement')"
74,0.929351,21,1.0,0.846875,post_filter,True,2.9107,1.0,0.902978,1.0,0.852485,24.9894,"overall IN (1,2,4,5)"
75,0.092237,0,0.907296,0.879813,pre_filter,False,5.73,1.0,0.809,0.897466,0.879813,24.481,main_cat='Home Audio &amp; Theater' AND overall>=3.0
76,0.050727,0,0.897466,0.879813,pre_filter,False,2.7976,1.0,0.906747,0.898394,0.879813,24.8483,"main_cat IN ('Computers', 'Tools & Home Improvement')"
77,0.230635,3,0.9,0.995069,pre_filter,False,24.5701,1.0,0.180997,0.8281,0.995069,24.7756,"main_cat IN ('Camera & Photo', 'Camera &amp; Photo', 'Cell Phones &amp; Accessories')"
78,0.180604,1,0.845545,0.772963,pre_filter,False,10.1309,1.0,0.662303,0.827221,0.772963,24.6207,"main_cat IN ('Camera & Photo', 'Computers', 'Cell Phones &amp; Accessories')"
79,0.881823,20,0.81,0.940363,pre_filter,False,116.3952,1.0,0.0,0.729,0.940363,24.7905,"overall IN (1,4,5)"
80,0.140751,1,0.827221,0.772963,pre_filter,False,11.7419,1.0,0.608604,0.805359,0.772963,24.6955,overall<=2.0
81,0.680906,18,0.729,0.873351,post_filter,False,0.8769,1.0,0.970771,0.729,0.883093,24.7951,"overall IN (3,5)"
82,0.821657,20,0.729,0.940363,post_filter,False,3.2078,1.0,0.893074,0.729,0.935634,24.8718,"overall IN (1,2,3,5)"
83,0.728433,19,0.81,0.913809,post_filter,False,2.4087,1.0,0.91971,0.81,0.914399,24.9101,"overall IN (2,3,5)"
84,0.658182,18,0.729,0.883093,post_filter,False,2.2547,1.0,0.924844,0.729,0.887268,24.8743,verified=true AND overall>=3.0
85,0.339351,8,0.9,0.991456,post_filter,False,0.967,0.0,0.0,0.9,0.89231,25.4036,"main_cat IN ('Home Audio & Theater', 'Camera &amp; Photo', 'Sports & Outdoors')"
86,0.12068,1,0.805359,0.772963,pre_filter,False,7.1186,1.0,0.762712,0.801094,0.772963,25.0744,"main_cat IN ('Camera &amp; Photo', 'Cell Phones &amp; Accessories', 'Tools & Home Improvement')"
87,0.836128,20,0.729,0.935634,post_filter,False,1.3105,1.0,0.956318,0.729,0.937703,25.143,"overall IN (2,4,5)"
88,0.248992,4,0.9,0.98446,pre_filter,False,43.4401,1.0,0.0,0.81,0.98446,25.1027,"overall IN (3,4)"
89,0.210713,2,0.859369,0.904417,post_filter,False,2.0923,1.0,0.930257,0.859369,0.907001,24.8197,"main_cat IN ('Camera & Photo', 'Camera &amp; Photo')"
90,0.248992,4,0.81,0.98446,post_filter,False,1.691,1.0,0.943635,0.81,0.980378,24.8128,"overall IN (3,4)"
91,0.12068,1,0.801094,0.772963,pre_filter,False,6.9929,1.0,0.766903,0.797675,0.772963,25.2038,"main_cat IN ('Camera &amp; Photo', 'Cell Phones &amp; Accessories', 'Tools & Home Improvement')"
92,0.073033,0,0.898394,0.879813,pre_filter,False,3.8424,1.0,0.871919,0.895747,0.879813,24.9418,brand='Tiffen'
93,0.210713,2,0.859369,0.907001,post_filter,False,1.9167,0.7,0.044164,0.859369,0.820717,24.637,"main_cat IN ('Camera & Photo', 'Camera &amp; Photo')"
94,0.339351,8,0.9,0.89231,pre_filter,False,30.5002,1.0,0.0,0.81,0.89231,24.7592,"main_cat IN ('Home Audio & Theater', 'Camera &amp; Photo', 'Sports & Outdoors')"
95,0.751008,19,0.81,0.914399,post_filter,False,1.6954,1.0,0.943487,0.81,0.917308,24.8838,"overall IN (1,2,5)"
96,0.859249,20,0.729,0.937703,post_filter,False,2.364,1.0,0.921199,0.729,0.936052,25.4167,overall>=3.0
97,0.728433,19,0.81,0.917308,post_filter,False,9.3366,1.0,0.688781,0.81,0.894455,25.925,"overall IN (2,3,5)"
98,0.389743,11,0.9,0.982934,pre_filter,False,109.2951,1.0,0.0,0.81,0.982934,25.0544,overall<=4.0
99,0.092237,0,0.895747,0.879813,pre_filter,False,5.5584,1.0,0.814721,0.887644,0.879813,24.9444,main_cat='Home Audio &amp; Theater' AND overall>=3.0
100,0.12068,1,0.797675,0.772963,pre_filter,False,6.9159,1.0,0.769471,0.794855,0.772963,25.0137,"main_cat IN ('Camera &amp; Photo', 'Cell Phones &amp; Accessories', 'Tools & Home Improvement')"
101,0.881823,20,0.729,0.936052,post_filter,False,1.9285,1.0,0.935718,0.729,0.936019,25.109,"overall IN (1,4,5)"
102,0.929351,21,1.0,0.852485,post_filter,True,1.6608,0.9,0.550118,1.0,0.822249,25.3928,"overall IN (1,2,4,5)"
103,0.610257,18,0.729,0.887268,post_filter,False,1.6776,1.0,0.944081,0.729,0.89295,26.2131,overall>=5.0
104,0.728433,19,0.81,0.894455,pre_filter,False,43.4775,1.0,0.0,0.729,0.894455,24.7555,"overall IN (2,3,5)"
105,0.680906,18,0.729,0.89295,post_filter,False,1.5295,0.9,0.552666,0.729,0.858921,24.9286,"overall IN (3,5)"
106,0.050727,0,0.887644,0.879813,pre_filter,False,2.7656,1.0,0.907812,0.889661,0.879813,25.2636,"main_cat IN ('Computers', 'Tools & Home Improvement')"
107,0.751008,19,0.729,0.894455,post_filter,False,1.2201,1.0,0.959331,0.729,0.900943,25.9882,"overall IN (1,2,5)"
108,0.658182,18,0.729,0.858921,post_filter,False,1.5778,1.0,0.947407,0.729,0.86777,24.5672,verified=true AND overall>=3.0
109,0.70348,19,0.729,0.900943,post_filter,False,1.2865,1.0,0.957118,0.729,0.90656,24.8909,"overall IN (1,5)"
110,0.210713,2,0.859369,0.820717,pre_filter,False,11.3593,1.0,0.621356,0.835568,0.820717,24.8973,"main_cat IN ('Camera & Photo', 'Camera &amp; Photo')"
111,0.7886,19,0.729,0.90656,post_filter,False,1.1208,1.0,0.962639,0.729,0.912168,25.0735,overall>=4.0
112,0.140751,1,0.794855,0.772963,post_filter,False,1.568,1.0,0.947732,0.794855,0.790439,25.0403,overall<=2.0
113,0.248992,4,0.81,0.980378,post_filter,False,1.6338,1.0,0.945539,0.81,0.976894,24.8884,"overall IN (3,4)"
114,0.339351,8,0.81,0.89231,post_filter,False,1.3832,1.0,0.953892,0.81,0.898468,25.2407,"main_cat IN ('Home Audio & Theater', 'Camera &amp; Photo', 'Sports & Outdoors')"
115,0.050727,0,0.889661,0.879813,pre_filter,False,2.7664,1.0,0.907787,0.891474,0.879813,24.9238,"main_cat IN ('Computers', 'Tools & Home Improvement')"
116,0.728433,19,0.729,0.912168,post_filter,False,1.1578,1.0,0.961407,0.729,0.917092,24.78,"overall IN (2,3,5)"
117,0.300422,7,0.820079,0.94879,post_filter,False,1.2766,1.0,0.957447,0.820079,0.949656,24.8035,"main_cat IN ('All Electronics', 'Books', 'Sports & Outdoors')"
118,0.210713,2,0.835568,0.820717,pre_filter,False,11.5036,1.0,0.616547,0.813666,0.820717,24.8872,"main_cat IN ('Camera & Photo', 'Camera &amp; Photo')"
119,0.70348,19,0.729,0.917092,post_filter,False,1.2078,1.0,0.95974,0.729,0.921357,24.9108,"overall IN (1,5)"
120,0.339351,8,0.81,0.898468,post_filter,False,1.1867,1.0,0.960444,0.81,0.904666,24.8745,"main_cat IN ('Home Audio & Theater', 'Camera &amp; Photo', 'Sports & Outdoors')"
121,0.160682,1,0.794855,0.790439,pre_filter,False,9.0801,1.0,0.697331,0.785102,0.790439,24.9271,"main_cat IN ('Camera & Photo', 'Computers')"
122,0.774129,19,0.729,0.921357,post_filter,False,1.1198,1.0,0.962672,0.729,0.925488,24.8438,"overall IN (1,3,5)"
123,0.774129,19,0.729,0.925488,post_filter,False,1.2365,1.0,0.958782,0.729,0.928818,24.8998,"overall IN (1,3,5)"
124,0.092237,0,0.891474,0.879813,pre_filter,False,5.4322,1.0,0.818928,0.884219,0.879813,24.9591,main_cat='Home Audio &amp; Theater' AND overall>=3.0
125,0.658182,18,0.729,0.86777,post_filter,False,1.1169,1.0,0.962769,0.729,0.87727,25.142,verified=true AND overall>=3.0
126,0.300422,7,0.820079,0.949656,post_filter,False,1.0345,1.0,0.965517,0.820079,0.951242,25.0789,"main_cat IN ('All Electronics', 'Books', 'Sports & Outdoors')"
127,0.092237,0,0.884219,0.879813,pre_filter,False,5.6061,1.0,0.813131,0.87711,0.879813,25.1067,main_cat='Home Audio &amp; Theater' AND overall>=3.0
128,0.658182,18,0.729,0.87727,post_filter,False,0.9887,1.0,0.967043,0.729,0.886247,24.8509,verified=true AND overall>=3.0
129,0.680906,18,0.729,0.886247,post_filter,False,1.1513,1.0,0.961625,0.729,0.893785,24.8695,"overall IN (3,5)"
130,0.658182,18,0.729,0.893785,post_filter,False,0.95,1.0,0.968333,0.729,0.90124,24.85,verified=true AND overall>=3.0
131,0.859249,20,0.729,0.936019,post_filter,False,1.0948,1.0,0.963506,0.729,0.938768,24.807,overall>=3.0
132,0.658182,18,0.729,0.90124,post_filter,False,1.229,1.0,0.959035,0.729,0.907019,24.9091,verified=true AND overall>=3.0
133,0.680906,18,0.729,0.907019,post_filter,False,1.0014,1.0,0.966621,0.729,0.912979,24.9671,"overall IN (3,5)"
134,0.050727,0,0.87711,0.879813,post_filter,False,0.5882,1.0,0.980392,0.87711,0.889871,24.9616,"main_cat IN ('Computers', 'Tools & Home Improvement')"
135,0.319094,7,0.820079,0.951242,post_filter,False,1.0188,1.0,0.966039,0.820079,0.952721,24.9504,"overall IN (1,2,4)"
136,0.906777,21,1.0,0.822249,post_filter,True,0.9288,1.0,0.969042,1.0,0.836928,24.7273,overall>=2.0
137,0.610257,18,0.729,0.912979,post_filter,False,0.8973,1.0,0.970089,0.729,0.91869,24.7918,overall>=5.0
138,0.073033,0,0.87711,0.889871,post_filter,False,1.3222,0.8,0.171431,0.87711,0.818027,25.01,brand='Tiffen'
139,0.751008,19,0.729,0.928818,post_filter,False,0.6446,0.9,0.569844,0.729,0.89292,24.9321,"overall IN (1,2,5)"
140,0.319094,7,0.820079,0.952721,post_filter,False,0.9785,1.0,0.967385,0.820079,0.954188,24.8499,"overall IN (1,2,4)"
141,0.300422,7,0.820079,0.954188,post_filter,False,0.571,1.0,0.980965,0.820079,0.956865,25.0686,"main_cat IN ('All Electronics', 'Books', 'Sports & Outdoors')"
142,0.230635,3,0.8281,0.995069,post_filter,False,1.1773,0.9,0.559504,0.8281,0.951513,25.2285,"main_cat IN ('Camera & Photo', 'Camera &amp; Photo', 'Cell Phones &amp; Accessories')"
143,0.821657,20,0.729,0.938768,post_filter,False,0.8823,1.0,0.97059,0.729,0.94195,24.7987,"overall IN (1,2,3,5)"
144,0.050727,0,0.87711,0.818027,pre_filter,False,2.8095,1.0,0.906351,0.880034,0.818027,24.9975,"main_cat IN ('Computers', 'Tools & Home Improvement')"
145,0.300422,7,0.820079,0.956865,post_filter,False,1.0307,1.0,0.965643,0.820079,0.957743,24.8957,"main_cat IN ('All Electronics', 'Books', 'Sports & Outdoors')"
146,0.859249,20,0.729,0.94195,post_filter,False,0.8352,1.0,0.972158,0.729,0.944971,24.7508,overall>=3.0
147,0.092237,0,0.880034,0.818027,pre_filter,False,5.5588,1.0,0.814707,0.873502,0.818027,24.9979,main_cat='Home Audio &amp; Theater' AND overall>=3.0
148,0.300422,7,0.820079,0.957743,post_filter,False,0.948,1.0,0.968401,0.820079,0.958809,24.9448,"main_cat IN ('All Electronics', 'Books', 'Sports & Outdoors')"
149,0.210713,2,0.813666,0.820717,pre_filter,False,11.3768,1.0,0.620772,0.794376,0.820717,24.8841,"main_cat IN ('Camera & Photo', 'Camera &amp; Photo')"
150,0.821657,20,0.729,0.944971,post_filter,False,1.0296,1.0,0.965679,0.729,0.947042,24.8175,"overall IN (1,2,3,5)"
151,0.774129,19,0.729,0.89292,pre_filter,False,43.4171,1.0,0.0,0.6561,0.89292,24.4932,"overall IN (1,3,5)"
152,0.751008,19,0.6561,0.89292,post_filter,False,1.1275,1.0,0.962415,0.6561,0.89987,24.584,"overall IN (1,2,5)"
153,0.12068,1,0.785102,0.790439,post_filter,False,1.0353,0.5,0.001575,0.785102,0.711553,24.9091,"main_cat IN ('Camera &amp; Photo', 'Cell Phones &amp; Accessories', 'Tools & Home Improvement')"
154,0.836128,20,0.729,0.947042,post_filter,False,0.6936,1.0,0.976879,0.729,0.950025,24.7871,"overall IN (2,4,5)"
155,0.70348,19,0.6561,0.89987,post_filter,False,0.9465,1.0,0.96845,0.6561,0.906728,24.6243,"overall IN (1,5)"
156,0.821657,20,0.729,0.950025,post_filter,False,0.9783,1.0,0.967389,0.729,0.951762,24.712,"overall IN (1,2,3,5)"
157,0.836128,20,0.729,0.951762,post_filter,False,0.8707,1.0,0.970976,0.729,0.953683,24.7135,"overall IN (2,4,5)"
158,0.270385,5,0.931963,0.971942,post_filter,False,0.9314,1.0,0.968953,0.931963,0.971643,24.8714,"main_cat IN ('Home Audio & Theater', 'Books', 'Tools & Home Improvement')"
159,0.140751,1,0.785102,0.711553,post_filter,False,0.9331,1.0,0.968896,0.785102,0.737287,24.6027,overall<=2.0
160,0.073033,0,0.873502,0.818027,pre_filter,False,3.8932,1.0,0.870228,0.873174,0.818027,25.4668,brand='Tiffen'
161,0.300422,7,0.820079,0.958809,pre_filter,False,21.4818,1.0,0.283939,0.766465,0.958809,24.5391,"main_cat IN ('All Electronics', 'Books', 'Sports & Outdoors')"
162,0.680906,18,0.729,0.91869,post_filter,False,0.7175,1.0,0.976085,0.729,0.92443,24.6503,"overall IN (3,5)"
163,0.270385,5,0.931963,0.971643,pre_filter,False,14.9601,1.0,0.501331,0.8889,0.971643,24.5597,"main_cat IN ('Home Audio & Theater', 'Books', 'Tools & Home Improvement')"
164,0.881823,20,0.729,0.953683,post_filter,False,0.7905,1.0,0.97365,0.729,0.95568,24.6324,"overall IN (1,4,5)"
165,0.751008,19,0.6561,0.906728,post_filter,False,0.8645,1.0,0.971185,0.6561,0.913173,24.4735,"overall IN (1,2,5)"
166,0.160682,1,0.785102,0.737287,post_filter,False,0.9223,1.0,0.969258,0.785102,0.760484,24.6554,"main_cat IN ('Camera & Photo', 'Computers')"
167,0.881823,20,0.729,0.95568,post_filter,False,0.9241,1.0,0.969196,0.729,0.957031,24.4309,"overall IN (1,4,5)"
168,0.836128,20,0.729,0.957031,post_filter,False,0.8374,1.0,0.972087,0.729,0.958537,24.5621,"overall IN (2,4,5)"
169,0.774129,19,0.6561,0.913173,post_filter,False,0.67,1.0,0.977667,0.6561,0.919623,24.6747,"overall IN (1,3,5)"
170,0.389743,11,0.81,0.982934,post_filter,False,0.9327,1.0,0.96891,0.81,0.981531,24.7021,overall<=4.0
171,0.7886,19,0.6561,0.919623,post_filter,False,0.9892,0.9,0.563155,0.6561,0.883976,24.7962,overall>=4.0
172,0.610257,18,0.729,0.92443,post_filter,False,0.936,1.0,0.9688,0.729,0.928867,24.798,overall>=5.0
173,0.751008,19,0.6561,0.883976,post_filter,False,0.5247,0.0,0.0,0.6561,0.795578,24.824,"overall IN (1,2,5)"
174,0.160682,1,0.785102,0.760484,post_filter,False,1.1698,0.3,9e-06,0.785102,0.684437,25.3542,"main_cat IN ('Camera & Photo', 'Computers')"
175,0.859249,20,0.729,0.958537,post_filter,False,0.9234,1.0,0.969219,0.729,0.959605,24.7983,overall>=3.0
176,0.140751,1,0.785102,0.684437,pre_filter,False,11.8325,1.0,0.605583,0.76715,0.684437,26.6435,overall<=2.0
177,0.092237,0,0.873174,0.818027,pre_filter,False,5.4455,1.0,0.818485,0.867705,0.818027,24.9415,main_cat='Home Audio &amp; Theater' AND overall>=3.0
178,0.7886,19,0.6561,0.795578,pre_filter,False,43.0849,1.0,0.0,0.59049,0.795578,24.7,overall>=4.0
179,0.836128,20,0.729,0.959605,post_filter,False,0.807,1.0,0.9731,0.729,0.960955,24.7905,"overall IN (2,4,5)"
180,0.389743,11,0.81,0.981531,pre_filter,False,27.6776,1.0,0.077414,0.736741,0.981531,24.9431,overall<=4.0
181,0.073033,0,0.867705,0.818027,pre_filter,False,3.9015,1.0,0.869951,0.86793,0.818027,25.649,brand='Tiffen'
182,0.248992,4,0.81,0.976894,post_filter,False,0.894,1.0,0.970199,0.81,0.976224,25.0308,"overall IN (3,4)"
183,0.180604,1,0.76715,0.684437,post_filter,False,0.8265,0.9,0.566314,0.76715,0.672625,25.0642,"main_cat IN ('Camera & Photo', 'Computers', 'Cell Phones &amp; Accessories')"
184,0.073033,0,0.86793,0.818027,pre_filter,False,3.9207,1.0,0.86931,0.868068,0.818027,25.4938,brand='Tiffen'
185,0.859249,20,0.729,0.960955,post_filter,False,0.8827,1.0,0.970578,0.729,0.961917,24.9983,overall>=3.0
186,0.180604,1,0.76715,0.672625,pre_filter,False,10.1549,1.0,0.661503,0.756586,0.672625,24.7764,"main_cat IN ('Camera & Photo', 'Computers', 'Cell Phones &amp; Accessories')"
187,0.929351,21,1.0,0.836928,post_filter,True,0.6712,1.0,0.977626,1.0,0.850998,24.863,"overall IN (1,2,4,5)"
188,0.073033,0,0.868068,0.818027,post_filter,False,1.0176,0.9,0.562603,0.868068,0.792485,24.9324,brand='Tiffen'
189,0.270385,5,0.8889,0.971643,post_filter,False,0.8048,1.0,0.973174,0.8889,0.971796,25.0404,"main_cat IN ('Home Audio & Theater', 'Books', 'Tools & Home Improvement')"
190,0.952472,21,1.0,0.850998,post_filter,True,0.6499,1.0,0.978336,1.0,0.863732,24.7609,"overall IN (1,3,4,5)"
191,0.248992,4,0.81,0.976224,post_filter,False,0.842,1.0,0.971933,0.81,0.975795,25.0931,"overall IN (3,4)"
192,0.658182,18,0.729,0.928867,post_filter,False,0.7671,1.0,0.974429,0.729,0.933423,25.0316,verified=true AND overall>=3.0
193,0.319094,7,0.766465,0.958809,post_filter,False,0.8053,1.0,0.973157,0.766465,0.960244,25.0105,"overall IN (1,2,4)"
194,0.881823,20,0.729,0.961917,post_filter,False,0.7297,0.9,0.568192,0.729,0.922545,24.7427,"overall IN (1,4,5)"
195,0.680906,18,0.729,0.933423,post_filter,False,0.8828,1.0,0.970572,0.729,0.937138,24.712,"overall IN (3,5)"
196,0.610257,18,0.729,0.937138,pre_filter,False,37.476,1.0,0.0,0.6561,0.937138,24.6457,overall>=5.0
197,0.230635,3,0.8281,0.951513,post_filter,False,0.351,1.0,0.988299,0.8281,0.955191,24.8145,"main_cat IN ('Camera & Photo', 'Camera &amp; Photo', 'Cell Phones &amp; Accessories')"
198,0.073033,0,0.868068,0.792485,pre_filter,False,3.8861,1.0,0.870464,0.868308,0.792485,24.7315,brand='Tiffen'
199,0.836128,20,0.729,0.922545,post_filter,False,0.6875,1.0,0.977085,0.729,0.927999,24.787,"overall IN (2,4,5)"
200,0.751008,19,0.59049,0.795578,post_filter,False,0.8682,1.0,0.971061,0.59049,0.813127,24.4612,"overall IN (1,2,5)"
201,0.180604,1,0.756586,0.672625,post_filter,False,0.8794,1.0,0.970687,0.756586,0.702431,24.7507,"main_cat IN ('Camera & Photo', 'Computers', 'Cell Phones &amp; Accessories')"
202,0.248992,4,0.81,0.975795,post_filter,False,0.5994,1.0,0.980021,0.81,0.976218,24.7175,"overall IN (3,4)"
203,0.300422,7,0.766465,0.960244,post_filter,False,0.7465,1.0,0.975115,0.766465,0.961731,24.4789,"main_cat IN ('All Electronics', 'Books', 'Sports & Outdoors')"
204,0.906777,21,1.0,0.863732,post_filter,True,0.7098,1.0,0.976339,1.0,0.874992,24.59,overall>=2.0
205,0.836128,20,0.729,0.927999,post_filter,False,0.8465,1.0,0.971785,0.729,0.932377,24.8721,"overall IN (2,4,5)"
206,0.073033,0,0.868308,0.792485,post_filter,False,0.3364,0.9,0.575826,0.868308,0.770819,24.6801,brand='Tiffen'
207,0.906777,21,1.0,0.874992,post_filter,True,0.9831,1.0,0.967231,1.0,0.884216,25.5471,overall>=2.0
208,0.751008,19,0.59049,0.813127,post_filter,False,0.7498,0.9,0.567803,0.59049,0.788594,25.1375,"overall IN (1,2,5)"
209,0.270385,5,0.8889,0.971796,post_filter,False,0.5981,1.0,0.980064,0.8889,0.972623,25.1376,"main_cat IN ('Home Audio & Theater', 'Books', 'Tools & Home Improvement')"
210,0.230635,3,0.8281,0.955191,post_filter,False,0.8267,1.0,0.972444,0.8281,0.956917,24.9725,"main_cat IN ('Camera & Photo', 'Camera &amp; Photo', 'Cell Phones &amp; Accessories')"
211,0.12068,1,0.756586,0.702431,post_filter,False,0.9645,0.9,0.563633,0.756586,0.688551,26.2605,"main_cat IN ('Camera &amp; Photo', 'Cell Phones &amp; Accessories', 'Tools & Home Improvement')"
212,0.859249,20,0.729,0.932377,post_filter,False,0.9421,1.0,0.968596,0.729,0.935999,28.8219,overall>=3.0
213,0.300422,7,0.766465,0.961731,post_filter,False,0.9921,1.0,0.966931,0.766465,0.962251,25.4845,"main_cat IN ('All Electronics', 'Books', 'Sports & Outdoors')"
214,0.339351,8,0.81,0.904666,pre_filter,False,19.7976,1.0,0.340081,0.763008,0.904666,25.2735,"main_cat IN ('Home Audio & Theater', 'Camera &amp; Photo', 'Sports & Outdoors')"
215,0.929351,21,1.0,0.884216,post_filter,True,0.6539,0.9,0.569664,1.0,0.852761,25.1063,"overall IN (1,2,4,5)"
216,0.319094,7,0.766465,0.962251,post_filter,False,0.7016,0.9,0.568738,0.766465,0.9229,24.8464,"overall IN (1,2,4)"
217,0.821657,20,0.729,0.935999,post_filter,False,0.6459,1.0,0.978469,0.729,0.940246,24.901,"overall IN (1,2,3,5)"
218,0.389743,11,0.736741,0.981531,post_filter,False,0.6538,1.0,0.978206,0.736741,0.981199,25.4472,overall<=4.0
219,0.929351,21,1.0,0.852761,post_filter,True,0.9067,0.9,0.564757,1.0,0.82396,25.4268,"overall IN (1,2,4,5)"
220,0.319094,7,0.766465,0.9229,post_filter,False,0.7374,1.0,0.975421,0.766465,0.928152,25.4733,"overall IN (1,2,4)"
221,0.270385,5,0.8889,0.972623,post_filter,False,0.7238,1.0,0.975875,0.8889,0.972948,25.7966,"main_cat IN ('Home Audio & Theater', 'Books', 'Tools & Home Improvement')"
222,0.160682,1,0.756586,0.688551,pre_filter,False,9.3362,1.0,0.688793,0.749806,0.688551,25.1826,"main_cat IN ('Camera & Photo', 'Computers')"
223,0.610257,18,0.6561,0.937138,post_filter,False,0.7435,1.0,0.975218,0.6561,0.940946,24.8917,overall>=5.0
224,0.7886,19,0.59049,0.788594,post_filter,False,0.8118,1.0,0.97294,0.59049,0.807029,25.864,overall>=4.0
225,0.610257,18,0.6561,0.940946,post_filter,False,0.8806,1.0,0.970647,0.6561,0.943916,25.393,overall>=5.0
226,0.300422,7,0.766465,0.928152,post_filter,False,0.9563,1.0,0.968125,0.766465,0.932149,24.7563,"main_cat IN ('All Electronics', 'Books', 'Sports & Outdoors')"
227,0.952472,21,1.0,0.82396,post_filter,True,0.7166,1.0,0.976114,1.0,0.839176,24.798,"overall IN (1,3,4,5)"
228,0.859249,20,0.729,0.940246,post_filter,False,0.731,1.0,0.975632,0.729,0.943785,24.9139,overall>=3.0
229,0.658182,18,0.6561,0.943916,post_filter,False,0.5753,1.0,0.980822,0.6561,0.947607,25.0175,verified=true AND overall>=3.0
230,0.230635,3,0.8281,0.956917,post_filter,False,0.1707,0.0,0.0,0.8281,0.861225,24.8922,"main_cat IN ('Camera & Photo', 'Camera &amp; Photo', 'Cell Phones &amp; Accessories')"
231,0.859249,20,0.729,0.943785,post_filter,False,0.3364,1.0,0.988786,0.729,0.948285,24.9088,overall>=3.0
232,0.092237,0,0.868308,0.770819,pre_filter,False,5.4826,1.0,0.817246,0.863201,0.770819,25.052,main_cat='Home Audio &amp; Theater' AND overall>=3.0
233,0.821657,20,0.729,0.948285,post_filter,False,0.6886,1.0,0.977046,0.729,0.951161,25.0724,"overall IN (1,2,3,5)"
234,0.339351,8,0.763008,0.904666,post_filter,False,0.4364,1.0,0.985454,0.763008,0.912745,42.1344,"main_cat IN ('Home Audio & Theater', 'Camera &amp; Photo', 'Sports & Outdoors')"
235,0.092237,0,0.863201,0.770819,post_filter,False,1.4812,1.0,0.950626,0.863201,0.7888,28.2093,main_cat='Home Audio &amp; Theater' AND overall>=3.0
236,0.339351,8,0.763008,0.912745,post_filter,False,0.9747,1.0,0.967508,0.763008,0.918221,24.9431,"main_cat IN ('Home Audio & Theater', 'Camera &amp; Photo', 'Sports & Outdoors')"
237,0.728433,19,0.59049,0.807029,post_filter,False,0.7943,1.0,0.973524,0.59049,0.823678,24.7738,"overall IN (2,3,5)"
238,0.881823,20,0.729,0.951161,post_filter,False,0.7269,1.0,0.975769,0.729,0.953622,24.6022,"overall IN (1,4,5)"
239,0.160682,1,0.749806,0.688551,pre_filter,False,8.9498,0.7,0.033104,0.678136,0.688551,24.6075,"main_cat IN ('Camera & Photo', 'Computers')"
240,0.680906,18,0.6561,0.947607,post_filter,False,0.3461,0.4,0.000173,0.6561,0.852863,24.5796,"overall IN (3,5)"
241,0.248992,4,0.81,0.976218,pre_filter,False,20.0683,1.0,0.331058,0.762106,0.976218,24.6311,"overall IN (3,4)"
242,0.270385,5,0.8889,0.972948,post_filter,False,0.4015,0.9,0.574562,0.8889,0.933109,24.6409,"main_cat IN ('Home Audio & Theater', 'Books', 'Tools & Home Improvement')"
243,0.12068,1,0.678136,0.688551,post_filter,False,0.7567,1.0,0.974778,0.678136,0.717174,24.6532,"main_cat IN ('Camera &amp; Photo', 'Cell Phones &amp; Accessories', 'Tools & Home Improvement')"
244,0.092237,0,0.863201,0.7888,pre_filter,False,5.4835,1.0,0.817217,0.858603,0.7888,24.6662,main_cat='Home Audio &amp; Theater' AND overall>=3.0
245,0.270385,5,0.8889,0.933109,post_filter,False,0.3457,0.8,0.177268,0.8889,0.857525,24.5518,"main_cat IN ('Home Audio & Theater', 'Books', 'Tools & Home Improvement')"
246,0.774129,19,0.59049,0.823678,post_filter,False,0.8854,1.0,0.970486,0.59049,0.838359,24.5272,"overall IN (1,3,5)"
247,0.248992,4,0.762106,0.976218,pre_filter,False,19.8919,1.0,0.336938,0.719589,0.976218,24.6097,"overall IN (3,4)"
248,0.248992,4,0.719589,0.976218,post_filter,False,0.5992,1.0,0.980028,0.719589,0.976599,24.729,"overall IN (3,4)"
249,0.389743,11,0.736741,0.981199,pre_filter,False,27.0655,1.0,0.097815,0.672849,0.981199,24.4929,overall<=4.0
250,0.728433,19,0.59049,0.838359,post_filter,False,0.7731,1.0,0.974231,0.59049,0.851946,24.5843,"overall IN (2,3,5)"
251,0.7886,19,0.59049,0.851946,post_filter,False,0.911,1.0,0.969633,0.59049,0.863715,24.5279,overall>=4.0
252,0.339351,8,0.763008,0.918221,post_filter,False,0.737,1.0,0.975432,0.763008,0.923942,24.5333,"main_cat IN ('Home Audio & Theater', 'Camera &amp; Photo', 'Sports & Outdoors')"
253,0.160682,1,0.678136,0.717174,post_filter,False,0.696,1.0,0.976799,0.678136,0.743136,24.8825,"main_cat IN ('Camera & Photo', 'Computers')"
254,0.7886,19,0.59049,0.863715,post_filter,False,0.7608,1.0,0.974639,0.59049,0.874807,24.6002,overall>=4.0
255,0.389743,11,0.672849,0.981199,post_filter,False,0.698,1.0,0.976733,0.672849,0.980752,24.5547,overall<=4.0
256,0.300422,7,0.766465,0.932149,post_filter,False,0.7725,0.9,0.56736,0.766465,0.89567,24.8257,"main_cat IN ('All Electronics', 'Books', 'Sports & Outdoors')"
257,0.389743,11,0.672849,0.980752,post_filter,False,0.7462,1.0,0.975125,0.672849,0.980189,24.7241,overall<=4.0
258,0.073033,0,0.858603,0.7888,pre_filter,False,3.9507,1.0,0.86831,0.859574,0.7888,24.7133,brand='Tiffen'
259,0.821657,20,0.729,0.953622,post_filter,False,0.8656,1.0,0.971146,0.729,0.955374,24.6292,"overall IN (1,2,3,5)"
260,0.906777,21,1.0,0.839176,post_filter,True,0.7213,1.0,0.975956,1.0,0.852854,24.7005,overall>=2.0
261,0.952472,21,1.0,0.852854,post_filter,True,0.8125,1.0,0.972917,1.0,0.86486,24.6131,"overall IN (1,3,4,5)"
262,0.300422,7,0.766465,0.89567,post_filter,False,0.4983,1.0,0.983392,0.766465,0.904442,24.6053,"main_cat IN ('All Electronics', 'Books', 'Sports & Outdoors')"
263,0.728433,19,0.59049,0.874807,post_filter,False,0.8692,1.0,0.971025,0.59049,0.884429,24.548,"overall IN (2,3,5)"
264,0.339351,8,0.763008,0.923942,post_filter,False,0.8412,1.0,0.971961,0.763008,0.928744,24.5247,"main_cat IN ('Home Audio & Theater', 'Camera &amp; Photo', 'Sports & Outdoors')"
265,0.230635,3,0.8281,0.861225,post_filter,False,0.509,1.0,0.983033,0.8281,0.873406,24.6536,"main_cat IN ('Camera & Photo', 'Camera &amp; Photo', 'Cell Phones &amp; Accessories')"
266,0.751008,19,0.59049,0.884429,post_filter,False,0.676,1.0,0.977465,0.59049,0.893733,24.6723,"overall IN (1,2,5)"
267,0.859249,20,0.729,0.955374,post_filter,False,0.3985,1.0,0.986717,0.729,0.958508,24.5615,overall>=3.0
268,0.073033,0,0.859574,0.7888,post_filter,False,0.6262,0.9,0.570202,0.859574,0.76694,24.7089,brand='Tiffen'
269,0.092237,0,0.859574,0.76694,pre_filter,False,5.4465,1.0,0.818451,0.855461,0.76694,24.6278,main_cat='Home Audio &amp; Theater' AND overall>=3.0
270,0.774129,19,0.59049,0.893733,post_filter,False,0.5751,1.0,0.980831,0.59049,0.902443,24.6191,"overall IN (1,3,5)"
271,0.751008,19,0.59049,0.902443,post_filter,False,0.6312,1.0,0.978961,0.59049,0.910094,24.5969,"overall IN (1,2,5)"
272,0.319094,7,0.766465,0.904442,post_filter,False,0.8195,0.9,0.566449,0.766465,0.870643,24.6488,"overall IN (1,2,4)"
273,0.300422,7,0.766465,0.870643,post_filter,False,0.807,0.6,0.009827,0.766465,0.784561,24.8146,"main_cat IN ('All Electronics', 'Books', 'Sports & Outdoors')"
274,0.658182,18,0.6561,0.852863,post_filter,False,0.9027,1.0,0.969911,0.6561,0.864568,24.4942,verified=true AND overall>=3.0
275,0.859249,20,0.729,0.958508,post_filter,False,0.767,1.0,0.974432,0.729,0.960101,24.4243,overall>=3.0
276,0.821657,20,0.729,0.960101,post_filter,False,0.4126,0.8,0.176868,0.729,0.881778,24.5572,"overall IN (1,2,3,5)"
277,0.774129,19,0.59049,0.910094,post_filter,False,0.8835,1.0,0.970549,0.59049,0.91614,24.5221,"overall IN (1,3,5)"
278,0.160682,1,0.678136,0.743136,pre_filter,False,9.0798,1.0,0.697339,0.680056,0.743136,24.6112,"main_cat IN ('Camera & Photo', 'Computers')"
279,0.050727,0,0.855461,0.76694,pre_filter,False,2.789,1.0,0.907032,0.860618,0.76694,24.7341,"main_cat IN ('Computers', 'Tools & Home Improvement')"
280,0.140751,1,0.680056,0.743136,post_filter,False,0.833,1.0,0.972233,0.680056,0.766046,24.5154,overall<=2.0
281,0.906777,21,1.0,0.86486,post_filter,True,0.8875,1.0,0.970418,1.0,0.875416,25.0871,overall>=2.0
282,0.728433,19,0.59049,0.91614,post_filter,False,0.3487,1.0,0.988376,0.59049,0.923363,25.0352,"overall IN (2,3,5)"
283,0.774129,19,0.59049,0.923363,post_filter,False,0.7973,1.0,0.973425,0.59049,0.92837,25.1746,"overall IN (1,3,5)"
284,0.859249,20,0.729,0.881778,post_filter,False,0.5661,1.0,0.981131,0.729,0.891713,25.9668,overall>=3.0
285,0.389743,11,0.672849,0.980189,post_filter,False,0.6058,1.0,0.979808,0.672849,0.980151,24.6644,overall<=4.0
286,0.073033,0,0.860618,0.76694,pre_filter,False,3.904,1.0,0.869868,0.861543,0.76694,25.0943,brand='Tiffen'
287,0.140751,1,0.680056,0.766046,post_filter,False,1.1897,0.6,0.009698,0.680056,0.690411,25.0388,overall<=2.0
288,0.092237,0,0.861543,0.76694,pre_filter,False,5.5215,1.0,0.815951,0.856984,0.76694,24.7164,main_cat='Home Audio &amp; Theater' AND overall>=3.0
289,0.210713,2,0.794376,0.820717,pre_filter,False,11.3997,1.0,0.62001,0.77694,0.820717,24.612,"main_cat IN ('Camera & Photo', 'Camera &amp; Photo')"
290,0.836128,20,0.729,0.891713,post_filter,False,0.4236,1.0,0.985881,0.729,0.90113,24.4872,"overall IN (2,4,5)"
291,0.751008,19,0.59049,0.92837,post_filter,False,0.6413,1.0,0.978622,0.59049,0.933395,24.5744,"overall IN (1,2,5)"
292,0.300422,7,0.766465,0.784561,post_filter,False,0.8818,1.0,0.970607,0.766465,0.803166,24.6156,"main_cat IN ('All Electronics', 'Books', 'Sports & Outdoors')"
293,0.300422,7,0.766465,0.803166,pre_filter,False,16.7092,1.0,0.443028,0.734122,0.803166,24.8633,"main_cat IN ('All Electronics', 'Books', 'Sports & Outdoors')"
294,0.319094,7,0.734122,0.803166,post_filter,False,0.8632,1.0,0.971228,0.734122,0.819972,25.6657,"overall IN (1,2,4)"
295,0.70348,19,0.59049,0.933395,post_filter,False,0.826,1.0,0.972468,0.59049,0.937302,24.6245,"overall IN (1,5)"
296,0.073033,0,0.856984,0.76694,pre_filter,False,3.9247,1.0,0.869176,0.858203,0.76694,24.8012,brand='Tiffen'
297,0.728433,19,0.59049,0.937302,post_filter,False,0.4295,1.0,0.985683,0.59049,0.94214,24.6974,"overall IN (2,3,5)"
298,0.140751,1,0.680056,0.690411,pre_filter,False,11.8662,1.0,0.604458,0.672497,0.690411,24.784,overall<=2.0
299,0.774129,19,0.59049,0.94214,post_filter,False,0.8487,1.0,0.97171,0.59049,0.945097,24.6335,"overall IN (1,3,5)"
300,0.389743,11,0.672849,0.980151,post_filter,False,0.7279,1.0,0.975736,0.672849,0.97971,24.7369,overall<=4.0
301,0.300422,7,0.734122,0.819972,post_filter,False,0.8374,0.8,0.174329,0.734122,0.755408,25.4073,"main_cat IN ('All Electronics', 'Books', 'Sports & Outdoors')"
302,0.300422,7,0.734122,0.755408,post_filter,False,0.9724,1.0,0.967588,0.734122,0.776626,24.7902,"main_cat IN ('All Electronics', 'Books', 'Sports & Outdoors')"
303,0.389743,11,0.672849,0.97971,post_filter,False,0.8732,1.0,0.970893,0.672849,0.978828,24.8464,overall<=4.0
304,0.836128,20,0.729,0.90113,post_filter,False,0.1122,0.0,0.0,0.729,0.811017,24.8027,"overall IN (2,4,5)"
305,0.092237,0,0.858203,0.76694,pre_filter,False,5.606,1.0,0.813133,0.853696,0.76694,25.1238,main_cat='Home Audio &amp; Theater' AND overall>=3.0
306,0.70348,19,0.59049,0.945097,post_filter,False,0.85,1.0,0.971665,0.59049,0.947754,24.6247,"overall IN (1,5)"
307,0.140751,1,0.672497,0.690411,post_filter,False,0.8816,0.4,0.00017,0.672497,0.621387,26.9048,overall<=2.0
308,0.658182,18,0.6561,0.864568,post_filter,False,0.5362,1.0,0.982126,0.6561,0.876324,25.0775,verified=true AND overall>=3.0
309,0.300422,7,0.734122,0.776626,post_filter,False,0.7823,1.0,0.973924,0.734122,0.796356,25.4216,"main_cat IN ('All Electronics', 'Books', 'Sports & Outdoors')"
310,0.319094,7,0.734122,0.796356,post_filter,False,0.6568,1.0,0.978106,0.734122,0.814531,25.1939,"overall IN (1,2,4)"
311,0.270385,5,0.8889,0.857525,post_filter,False,0.8406,1.0,0.971979,0.8889,0.868971,24.8407,"main_cat IN ('Home Audio & Theater', 'Books', 'Tools & Home Improvement')"
312,0.751008,19,0.59049,0.947754,post_filter,False,0.142,0.0,0.0,0.59049,0.852979,25.144,"overall IN (1,2,5)"
313,0.230635,3,0.8281,0.873406,post_filter,False,0.809,0.9,0.566652,0.8281,0.842731,25.0098,"main_cat IN ('Camera & Photo', 'Camera &amp; Photo', 'Cell Phones &amp; Accessories')"
314,0.210713,2,0.77694,0.820717,post_filter,False,1.1277,0.4,0.000169,0.77694,0.738662,26.2465,"main_cat IN ('Camera & Photo', 'Camera &amp; Photo')"
315,0.12068,1,0.672497,0.621387,post_filter,False,0.9206,0.9,0.564486,0.672497,0.615697,24.8987,"main_cat IN ('Camera &amp; Photo', 'Cell Phones &amp; Accessories', 'Tools & Home Improvement')"
316,0.050727,0,0.853696,0.76694,pre_filter,False,2.8754,1.0,0.904154,0.858742,0.76694,25.0074,"main_cat IN ('Computers', 'Tools & Home Improvement')"
317,0.821657,20,0.729,0.811017,post_filter,False,0.8058,1.0,0.97314,0.729,0.827229,24.882,"overall IN (1,2,3,5)"
318,0.160682,1,0.672497,0.615697,post_filter,False,0.7536,1.0,0.974879,0.672497,0.651615,24.755,"main_cat IN ('Camera & Photo', 'Computers')"
319,0.610257,18,0.6561,0.876324,post_filter,False,0.647,1.0,0.978432,0.6561,0.886535,24.9375,overall>=5.0
320,0.658182,18,0.6561,0.886535,post_filter,False,0.9261,1.0,0.969131,0.6561,0.894794,24.8675,verified=true AND overall>=3.0
321,0.319094,7,0.734122,0.814531,post_filter,False,0.4946,1.0,0.983512,0.734122,0.831429,24.9084,"overall IN (1,2,4)"
322,0.952472,21,1.0,0.875416,post_filter,True,0.9308,1.0,0.968974,1.0,0.884772,24.955,"overall IN (1,3,4,5)"
323,0.680906,18,0.6561,0.894794,post_filter,False,0.7827,1.0,0.973908,0.6561,0.902706,25.2831,"overall IN (3,5)"
324,0.12068,1,0.672497,0.651615,pre_filter,False,6.8856,1.0,0.770479,0.682295,0.651615,25.165,"main_cat IN ('Camera &amp; Photo', 'Cell Phones &amp; Accessories', 'Tools & Home Improvement')"
325,0.230635,3,0.8281,0.842731,pre_filter,False,12.3778,1.0,0.587406,0.80403,0.842731,24.9288,"main_cat IN ('Camera & Photo', 'Camera &amp; Photo', 'Cell Phones &amp; Accessories')"
326,0.836128,20,0.729,0.827229,pre_filter,False,46.8515,1.0,0.0,0.6561,0.827229,24.6473,"overall IN (2,4,5)"
327,0.230635,3,0.80403,0.842731,post_filter,False,0.6998,1.0,0.976674,0.80403,0.856125,24.7563,"main_cat IN ('Camera & Photo', 'Camera &amp; Photo', 'Cell Phones &amp; Accessories')"
328,0.7886,19,0.59049,0.852979,post_filter,False,0.397,0.4,0.000173,0.59049,0.767698,24.9146,overall>=4.0
329,0.389743,11,0.672849,0.978828,post_filter,False,0.1311,0.2,0.0,0.672849,0.880945,24.7444,overall<=4.0
330,0.180604,1,0.682295,0.651615,pre_filter,False,9.8832,1.0,0.67056,0.681121,0.651615,24.8055,"main_cat IN ('Camera & Photo', 'Computers', 'Cell Phones &amp; Accessories')"
331,0.728433,19,0.59049,0.767698,post_filter,False,0.6731,1.0,0.977563,0.59049,0.788685,24.8398,"overall IN (2,3,5)"
332,0.248992,4,0.719589,0.976599,post_filter,False,0.8862,1.0,0.970461,0.719589,0.975985,24.7158,"overall IN (3,4)"
333,0.7886,19,0.59049,0.788685,post_filter,False,0.7433,1.0,0.975224,0.59049,0.807338,24.7579,overall>=4.0
334,0.952472,21,1.0,0.884772,post_filter,True,0.4305,1.0,0.98565,1.0,0.894859,26.0167,"overall IN (1,3,4,5)"
335,0.610257,18,0.6561,0.902706,post_filter,False,1.0286,1.0,0.965714,0.6561,0.909007,26.0883,overall>=5.0
336,0.180604,1,0.681121,0.651615,post_filter,False,0.8886,1.0,0.970379,0.681121,0.683492,25.8013,"main_cat IN ('Camera & Photo', 'Computers', 'Cell Phones &amp; Accessories')"
337,0.12068,1,0.681121,0.683492,post_filter,False,0.8581,1.0,0.971396,0.681121,0.712282,25.8438,"main_cat IN ('Camera &amp; Photo', 'Cell Phones &amp; Accessories', 'Tools & Home Improvement')"
338,0.140751,1,0.681121,0.712282,post_filter,False,0.9517,0.8,0.173646,0.681121,0.658418,29.4132,overall<=2.0
339,0.906777,21,1.0,0.894859,post_filter,True,0.8815,1.0,0.970615,1.0,0.902435,24.829,overall>=2.0
340,0.092237,0,0.858742,0.76694,pre_filter,False,5.6411,1.0,0.811962,0.854064,0.76694,27.4867,main_cat='Home Audio &amp; Theater' AND overall>=3.0
341,0.389743,11,0.672849,0.880945,post_filter,False,1.0764,1.0,0.964119,0.672849,0.889263,27.3227,overall<=4.0
342,0.160682,1,0.681121,0.658418,pre_filter,False,9.3361,1.0,0.688796,0.681889,0.658418,25.9045,"main_cat IN ('Camera & Photo', 'Computers')"
343,0.929351,21,1.0,0.902435,post_filter,True,0.8775,1.0,0.970749,1.0,0.909266,26.9463,"overall IN (1,2,4,5)"
344,0.7886,19,0.59049,0.807338,post_filter,False,0.9591,1.0,0.968029,0.59049,0.823407,27.3238,overall>=4.0
345,0.389743,11,0.672849,0.889263,post_filter,False,0.942,1.0,0.968601,0.672849,0.897197,27.0708,overall<=4.0
346,0.092237,0,0.854064,0.76694,pre_filter,False,5.5912,0.9,0.473821,0.81604,0.76694,26.3145,main_cat='Home Audio &amp; Theater' AND overall>=3.0
347,0.859249,20,0.6561,0.827229,post_filter,False,1.049,1.0,0.965032,0.6561,0.841009,26.1491,overall>=3.0
348,0.774129,19,0.59049,0.823407,post_filter,False,0.8497,1.0,0.971678,0.59049,0.838235,25.1173,"overall IN (1,3,5)"
349,0.906777,21,1.0,0.909266,post_filter,True,0.5622,1.0,0.981258,1.0,0.916466,26.2147,overall>=2.0
350,0.270385,5,0.8889,0.868971,pre_filter,False,16.7258,1.0,0.442472,0.844257,0.868971,24.786,"main_cat IN ('Home Audio & Theater', 'Books', 'Tools & Home Improvement')"
351,0.774129,19,0.59049,0.838235,post_filter,False,0.3517,1.0,0.988276,0.59049,0.853239,26.5901,"overall IN (1,3,5)"
352,0.300422,7,0.734122,0.831429,post_filter,False,0.8216,1.0,0.972614,0.734122,0.845547,32.628,"main_cat IN ('All Electronics', 'Books', 'Sports & Outdoors')"
353,0.7886,19,0.59049,0.853239,post_filter,False,0.8645,1.0,0.971182,0.59049,0.865033,25.7155,overall>=4.0
354,0.092237,0,0.81604,0.76694,pre_filter,False,6.1185,1.0,0.796051,0.814041,0.76694,25.7186,main_cat='Home Audio &amp; Theater' AND overall>=3.0
355,0.680906,18,0.6561,0.909007,pre_filter,False,43.6105,1.0,0.0,0.59049,0.909007,26.162,"overall IN (3,5)"
356,0.680906,18,0.59049,0.909007,post_filter,False,0.7441,1.0,0.975196,0.59049,0.915625,28.3379,"overall IN (3,5)"
357,0.248992,4,0.719589,0.975985,pre_filter,False,25.1269,1.0,0.162437,0.663874,0.975985,27.0378,"overall IN (3,4)"
358,0.929351,21,1.0,0.916466,post_filter,True,0.4913,1.0,0.983622,1.0,0.923181,25.6518,"overall IN (1,2,4,5)"
359,0.248992,4,0.663874,0.975985,post_filter,False,0.7934,0.9,0.566955,0.663874,0.935082,25.1959,"overall IN (3,4)"
360,0.906777,21,1.0,0.923181,post_filter,True,0.9616,1.0,0.967946,1.0,0.927658,26.068,overall>=2.0
361,0.160682,1,0.681889,0.658418,pre_filter,False,9.8627,1.0,0.671244,0.680824,0.658418,26.0989,"main_cat IN ('Camera & Photo', 'Computers')"
362,0.7886,19,0.59049,0.865033,post_filter,False,0.8735,1.0,0.970882,0.59049,0.875618,25.6122,overall>=4.0
363,0.7886,19,0.59049,0.875618,post_filter,False,0.8596,1.0,0.971346,0.59049,0.885191,25.746,overall>=4.0
364,0.952472,21,1.0,0.927658,post_filter,True,0.9285,1.0,0.969049,1.0,0.931797,25.6378,"overall IN (1,3,4,5)"
365,0.7886,19,0.59049,0.885191,post_filter,False,0.8905,1.0,0.970318,0.59049,0.893703,25.381,overall>=4.0
366,0.751008,19,0.59049,0.893703,post_filter,False,0.5558,1.0,0.981474,0.59049,0.90248,25.3,"overall IN (1,2,5)"
367,0.160682,1,0.680824,0.658418,pre_filter,False,9.9822,1.0,0.667261,0.679468,0.658418,25.4785,"main_cat IN ('Camera & Photo', 'Computers')"
368,0.859249,20,0.6561,0.841009,post_filter,False,0.8447,1.0,0.971844,0.6561,0.854093,25.7606,overall>=3.0
369,0.300422,7,0.734122,0.845547,post_filter,False,0.9038,1.0,0.969874,0.734122,0.85798,25.6312,"main_cat IN ('All Electronics', 'Books', 'Sports & Outdoors')"
370,0.658182,18,0.59049,0.915625,post_filter,False,0.9352,1.0,0.968828,0.59049,0.920946,25.5362,verified=true AND overall>=3.0
371,0.210713,2,0.77694,0.738662,pre_filter,False,11.6152,1.0,0.612826,0.760528,0.738662,25.1287,"main_cat IN ('Camera & Photo', 'Camera &amp; Photo')"
372,0.12068,1,0.679468,0.658418,post_filter,False,0.893,1.0,0.970235,0.679468,0.6896,25.306,"main_cat IN ('Camera &amp; Photo', 'Cell Phones &amp; Accessories', 'Tools & Home Improvement')"
373,0.180604,1,0.679468,0.6896,post_filter,False,0.8895,1.0,0.97035,0.679468,0.717675,25.0733,"main_cat IN ('Camera & Photo', 'Computers', 'Cell Phones &amp; Accessories')"
374,0.859249,20,0.6561,0.854093,post_filter,False,0.7939,1.0,0.973536,0.6561,0.866037,25.4578,overall>=3.0
375,0.140751,1,0.679468,0.717675,pre_filter,False,12.2671,1.0,0.591097,0.670631,0.717675,25.2194,overall<=2.0
376,0.210713,2,0.760528,0.738662,pre_filter,False,12.0172,1.0,0.599426,0.744418,0.738662,25.384,"main_cat IN ('Camera & Photo', 'Camera &amp; Photo')"
377,0.859249,20,0.6561,0.866037,post_filter,False,0.773,1.0,0.974233,0.6561,0.876857,25.4221,overall>=3.0
378,0.610257,18,0.59049,0.920946,post_filter,False,0.9569,1.0,0.968104,0.59049,0.925662,25.4761,overall>=5.0
379,0.050727,0,0.814041,0.76694,post_filter,False,1.1525,1.0,0.961583,0.814041,0.786404,25.3316,"main_cat IN ('Computers', 'Tools & Home Improvement')"
380,0.300422,7,0.734122,0.85798,post_filter,False,0.779,1.0,0.974032,0.734122,0.869585,25.4405,"main_cat IN ('All Electronics', 'Books', 'Sports & Outdoors')"
381,0.680906,18,0.59049,0.925662,post_filter,False,0.2385,0.1,0.0,0.59049,0.833095,24.943,"overall IN (3,5)"
382,0.70348,19,0.59049,0.90248,post_filter,False,0.9853,1.0,0.967157,0.59049,0.908948,24.838,"overall IN (1,5)"
383,0.300422,7,0.734122,0.869585,post_filter,False,0.6922,1.0,0.976926,0.734122,0.880319,24.9571,"main_cat IN ('All Electronics', 'Books', 'Sports & Outdoors')"
384,0.389743,11,0.672849,0.897197,post_filter,False,0.9407,0.9,0.564096,0.672849,0.863887,24.9081,overall<=4.0
385,0.859249,20,0.6561,0.876857,post_filter,False,0.7906,1.0,0.973646,0.6561,0.886536,25.1683,overall>=3.0
386,0.680906,18,0.59049,0.833095,post_filter,False,0.8526,1.0,0.971579,0.59049,0.846944,25.5222,"overall IN (3,5)"
387,0.140751,1,0.670631,0.717675,post_filter,False,1.1075,0.7,0.045437,0.670631,0.650451,25.1283,overall<=2.0
388,0.728433,19,0.59049,0.908948,post_filter,False,0.3527,1.0,0.988243,0.59049,0.916878,24.9315,"overall IN (2,3,5)"
389,0.929351,21,1.0,0.931797,post_filter,True,0.6364,1.0,0.978786,1.0,0.936496,24.9675,"overall IN (1,2,4,5)"
390,0.092237,0,0.814041,0.786404,post_filter,False,0.7077,0.8,0.175104,0.814041,0.725274,25.1804,main_cat='Home Audio &amp; Theater' AND overall>=3.0
391,0.092237,0,0.814041,0.725274,pre_filter,False,5.7327,1.0,0.80891,0.813528,0.725274,24.8033,main_cat='Home Audio &amp; Theater' AND overall>=3.0
392,0.248992,4,0.663874,0.935082,post_filter,False,0.4952,1.0,0.983494,0.663874,0.939923,25.0296,"overall IN (3,4)"
393,0.319094,7,0.734122,0.880319,post_filter,False,0.6662,1.0,0.977793,0.734122,0.890067,24.7961,"overall IN (1,2,4)"
394,0.7886,19,0.59049,0.916878,post_filter,False,0.8586,1.0,0.971381,0.59049,0.922328,24.7902,overall>=4.0
395,0.821657,20,0.6561,0.886536,pre_filter,False,45.4966,1.0,0.0,0.59049,0.886536,24.8152,"overall IN (1,2,3,5)"
396,0.610257,18,0.59049,0.846944,post_filter,False,0.8286,1.0,0.972381,0.59049,0.859487,25.0161,overall>=5.0
397,0.658182,18,0.59049,0.859487,post_filter,False,0.905,1.0,0.969832,0.59049,0.870522,24.8947,verified=true AND overall>=3.0
398,0.339351,8,0.763008,0.928744,post_filter,False,0.8564,1.0,0.971454,0.763008,0.933015,25.2821,"main_cat IN ('Home Audio & Theater', 'Camera &amp; Photo', 'Sports & Outdoors')"
399,0.836128,20,0.59049,0.886536,post_filter,False,0.8042,1.0,0.973194,0.59049,0.895202,25.0773,"overall IN (2,4,5)"
400,0.339351,8,0.763008,0.933015,post_filter,False,0.7017,1.0,0.976611,0.763008,0.937375,25.0675,"main_cat IN ('Home Audio & Theater', 'Camera &amp; Photo', 'Sports & Outdoors')"
401,0.881823,20,0.59049,0.895202,pre_filter,False,66.2838,1.0,0.0,0.531441,0.895202,25.1632,"overall IN (1,4,5)"
402,0.70348,19,0.59049,0.922328,post_filter,False,0.8085,1.0,0.973049,0.59049,0.9274,26.2481,"overall IN (1,5)"
403,0.092237,0,0.813528,0.725274,pre_filter,False,6.4366,1.0,0.785446,0.81072,0.725274,31.8929,main_cat='Home Audio &amp; Theater' AND overall>=3.0
404,0.140751,1,0.670631,0.650451,pre_filter,False,14.1028,1.0,0.529907,0.656559,0.650451,29.9192,overall<=2.0
405,0.270385,5,0.844257,0.868971,pre_filter,False,18.6061,1.0,0.379797,0.797811,0.868971,42.5597,"main_cat IN ('Home Audio & Theater', 'Books', 'Tools & Home Improvement')"
406,0.751008,19,0.59049,0.9274,post_filter,False,0.9729,1.0,0.967571,0.59049,0.931417,25.7705,"overall IN (1,2,5)"
407,0.092237,0,0.81072,0.725274,pre_filter,False,5.7202,1.0,0.809325,0.81058,0.725274,26.0768,main_cat='Home Audio &amp; Theater' AND overall>=3.0
408,0.389743,11,0.672849,0.863887,post_filter,False,0.5418,0.0,0.0,0.672849,0.777498,26.3043,overall<=4.0
409,0.389743,11,0.672849,0.777498,pre_filter,False,28.4536,1.0,0.051546,0.610718,0.777498,25.6093,overall<=4.0
410,0.774129,19,0.59049,0.931417,post_filter,False,0.8487,1.0,0.97171,0.59049,0.935446,25.8256,"overall IN (1,3,5)"
411,0.658182,18,0.59049,0.870522,post_filter,False,0.72,1.0,0.976,0.59049,0.88107,26.1381,verified=true AND overall>=3.0
412,0.300422,7,0.734122,0.890067,post_filter,False,0.9277,1.0,0.969076,0.734122,0.897968,26.0966,"main_cat IN ('All Electronics', 'Books', 'Sports & Outdoors')"
413,0.140751,1,0.656559,0.650451,pre_filter,False,12.2169,1.0,0.592771,0.65018,0.650451,25.9807,overall<=2.0
414,0.929351,21,1.0,0.936496,post_filter,True,0.9689,1.0,0.967704,1.0,0.939617,25.3782,"overall IN (1,2,4,5)"
415,0.881823,20,0.531441,0.895202,post_filter,False,0.5354,1.0,0.982154,0.531441,0.903897,25.9255,"overall IN (1,4,5)"
416,0.836128,20,0.531441,0.903897,post_filter,False,0.8274,1.0,0.972419,0.531441,0.910749,26.0066,"overall IN (2,4,5)"
417,0.680906,18,0.59049,0.88107,pre_filter,False,42.0554,1.0,0.0,0.531441,0.88107,26.137,"overall IN (3,5)"
418,0.751008,19,0.59049,0.935446,post_filter,False,0.6483,1.0,0.97839,0.59049,0.939741,25.981,"overall IN (1,2,5)"
419,0.70348,19,0.59049,0.939741,post_filter,False,0.8388,1.0,0.972039,0.59049,0.942971,25.2575,"overall IN (1,5)"
420,0.160682,1,0.65018,0.650451,post_filter,False,0.2479,0.7,0.046789,0.65018,0.590085,25.4455,"main_cat IN ('Camera & Photo', 'Computers')"
421,0.836128,20,0.531441,0.910749,post_filter,False,0.2632,0.6,0.01001,0.531441,0.820675,24.9588,"overall IN (2,4,5)"
422,0.140751,1,0.65018,0.590085,post_filter,False,1.3278,0.2,0.0,0.65018,0.531076,27.2835,overall<=2.0
423,0.339351,8,0.763008,0.937375,post_filter,False,0.6117,1.0,0.979608,0.763008,0.941598,25.0126,"main_cat IN ('Home Audio & Theater', 'Camera &amp; Photo', 'Sports & Outdoors')"
424,0.658182,18,0.531441,0.88107,post_filter,False,0.9021,1.0,0.969929,0.531441,0.889956,25.6267,verified=true AND overall>=3.0
425,0.952472,21,1.0,0.939617,post_filter,True,0.6989,1.0,0.976704,1.0,0.943325,25.076,"overall IN (1,3,4,5)"
426,0.906777,21,1.0,0.943325,post_filter,True,1.0259,1.0,0.965803,1.0,0.945573,24.8255,overall>=2.0
427,0.073033,0,0.81058,0.725274,pre_filter,False,3.8951,1.0,0.870162,0.816538,0.725274,25.3496,brand='Tiffen'
428,0.881823,20,0.531441,0.820675,pre_filter,False,48.0942,1.0,0.0,0.478297,0.820675,24.9686,"overall IN (1,4,5)"
429,0.12068,1,0.65018,0.531076,pre_filter,False,7.209,1.0,0.759699,0.661132,0.531076,25.1762,"main_cat IN ('Camera &amp; Photo', 'Cell Phones &amp; Accessories', 'Tools & Home Improvement')"
430,0.658182,18,0.531441,0.889956,post_filter,False,1.0483,1.0,0.965057,0.531441,0.897466,25.2381,verified=true AND overall>=3.0
431,0.140751,1,0.661132,0.531076,pre_filter,False,11.8841,1.0,0.603864,0.655405,0.531076,25.5959,overall<=2.0
432,0.248992,4,0.663874,0.939923,post_filter,False,0.6772,1.0,0.977425,0.663874,0.943673,25.7175,"overall IN (3,4)"
433,0.160682,1,0.655405,0.531076,pre_filter,False,9.2535,1.0,0.691549,0.659019,0.531076,25.3691,"main_cat IN ('Camera & Photo', 'Computers')"
434,0.160682,1,0.659019,0.531076,pre_filter,False,9.3392,1.0,0.688694,0.661987,0.531076,25.9228,"main_cat IN ('Camera & Photo', 'Computers')"
435,0.270385,5,0.797811,0.868971,post_filter,False,1.0017,1.0,0.966611,0.797811,0.878735,25.5908,"main_cat IN ('Home Audio & Theater', 'Books', 'Tools & Home Improvement')"
436,0.952472,21,1.0,0.945573,post_filter,True,0.7336,1.0,0.975547,1.0,0.94857,25.4882,"overall IN (1,3,4,5)"
437,0.7886,19,0.59049,0.942971,post_filter,False,0.3663,1.0,0.987792,0.59049,0.947453,25.2851,overall>=4.0
438,0.210713,2,0.744418,0.738662,pre_filter,False,11.8063,1.0,0.606458,0.730622,0.738662,25.7612,"main_cat IN ('Camera & Photo', 'Camera &amp; Photo')"
439,0.300422,7,0.734122,0.897968,post_filter,False,0.3061,0.6667,0.028668,0.734122,0.811038,25.2104,"main_cat IN ('All Electronics', 'Books', 'Sports & Outdoors')"
440,0.658182,18,0.531441,0.897466,post_filter,False,0.922,1.0,0.969265,0.531441,0.904646,25.3013,verified=true AND overall>=3.0
441,0.929351,21,1.0,0.94857,post_filter,True,0.954,1.0,0.968201,1.0,0.950534,24.9095,"overall IN (1,2,4,5)"
442,0.248992,4,0.663874,0.943673,post_filter,False,0.7763,1.0,0.974122,0.663874,0.946718,24.9864,"overall IN (3,4)"
443,0.906777,21,1.0,0.950534,post_filter,True,0.9073,1.0,0.969758,1.0,0.952456,24.9909,overall>=2.0
444,0.092237,0,0.816538,0.725274,pre_filter,False,5.5524,1.0,0.814921,0.816377,0.725274,25.3365,main_cat='Home Audio &amp; Theater' AND overall>=3.0
445,0.230635,3,0.80403,0.856125,post_filter,False,0.3096,0.5,0.001614,0.80403,0.770674,25.2727,"main_cat IN ('Camera & Photo', 'Camera &amp; Photo', 'Cell Phones &amp; Accessories')"
446,0.180604,1,0.661987,0.531076,pre_filter,False,10.3001,1.0,0.656662,0.661454,0.531076,25.1225,"main_cat IN ('Camera & Photo', 'Computers', 'Cell Phones &amp; Accessories')"
447,0.751008,19,0.59049,0.947453,post_filter,False,0.951,1.0,0.968299,0.59049,0.949537,25.1063,"overall IN (1,2,5)"
448,0.680906,18,0.531441,0.904646,post_filter,False,0.8575,1.0,0.971417,0.531441,0.911323,25.2024,"overall IN (3,5)"
449,0.230635,3,0.80403,0.770674,post_filter,False,0.9467,1.0,0.968443,0.80403,0.790451,24.8816,"main_cat IN ('Camera & Photo', 'Camera &amp; Photo', 'Cell Phones &amp; Accessories')"
450,0.140751,1,0.661454,0.531076,pre_filter,False,11.9009,1.0,0.603303,0.655639,0.531076,25.8351,overall<=2.0
451,0.751008,19,0.59049,0.949537,post_filter,False,0.8767,1.0,0.970775,0.59049,0.951661,25.0801,"overall IN (1,2,5)"
452,0.248992,4,0.663874,0.946718,post_filter,False,0.8505,1.0,0.971651,0.663874,0.949212,25.3055,"overall IN (3,4)"
453,0.728433,19,0.59049,0.951661,post_filter,False,0.9761,1.0,0.967462,0.59049,0.953241,25.2301,"overall IN (2,3,5)"
454,0.680906,18,0.531441,0.911323,post_filter,False,0.7515,1.0,0.974951,0.531441,0.917686,25.4808,"overall IN (3,5)"
455,0.092237,0,0.816377,0.725274,post_filter,False,0.9775,0.7,0.045641,0.816377,0.657311,25.3088,main_cat='Home Audio &amp; Theater' AND overall>=3.0
456,0.658182,18,0.531441,0.917686,post_filter,False,0.525,1.0,0.982499,0.531441,0.924167,25.2297,verified=true AND overall>=3.0
457,0.751008,19,0.59049,0.953241,post_filter,False,0.9225,1.0,0.969251,0.59049,0.954842,24.7869,"overall IN (1,2,5)"
458,0.160682,1,0.655639,0.531076,pre_filter,False,9.2039,1.0,0.693203,0.659396,0.531076,25.4307,"main_cat IN ('Camera & Photo', 'Computers')"
459,0.70348,19,0.59049,0.954842,post_filter,False,0.8792,1.0,0.970693,0.59049,0.956427,25.0877,"overall IN (1,5)"
460,0.70348,19,0.59049,0.956427,post_filter,False,0.6049,1.0,0.979838,0.59049,0.958768,25.0061,"overall IN (1,5)"
461,0.140751,1,0.659396,0.531076,pre_filter,False,11.9333,1.0,0.602224,0.653678,0.531076,25.2281,overall<=2.0
462,0.160682,1,0.653678,0.531076,pre_filter,False,9.1115,1.0,0.696283,0.657939,0.531076,25.3093,"main_cat IN ('Camera & Photo', 'Computers')"
463,0.774129,19,0.59049,0.958768,post_filter,False,0.7755,1.0,0.974149,0.59049,0.960306,25.0636,"overall IN (1,3,5)"
464,0.728433,19,0.59049,0.960306,post_filter,False,0.615,1.0,0.979499,0.59049,0.962226,25.3323,"overall IN (2,3,5)"
465,0.821657,20,0.478297,0.820675,post_filter,False,0.929,1.0,0.969032,0.478297,0.835511,25.1363,"overall IN (1,2,3,5)"
466,0.929351,21,1.0,0.952456,post_filter,True,0.5966,1.0,0.980113,1.0,0.955222,25.4443,"overall IN (1,2,4,5)"
467,0.728433,19,0.59049,0.962226,post_filter,False,0.82,1.0,0.972665,0.59049,0.96327,26.008,"overall IN (2,3,5)"
468,0.270385,5,0.797811,0.878735,post_filter,False,0.8146,1.0,0.972847,0.797811,0.888146,25.5421,"main_cat IN ('Home Audio & Theater', 'Books', 'Tools & Home Improvement')"
469,0.881823,20,0.478297,0.835511,post_filter,False,0.315,0.0,0.0,0.478297,0.75196,24.9691,"overall IN (1,4,5)"
470,0.952472,21,1.0,0.955222,post_filter,True,0.6425,1.0,0.978583,1.0,0.957558,25.5374,"overall IN (1,3,4,5)"
471,0.70348,19,0.59049,0.96327,post_filter,False,0.696,1.0,0.976801,0.59049,0.964623,25.3608,"overall IN (1,5)"
472,0.073033,0,0.816377,0.657311,post_filter,False,1.5112,0.6,0.00959,0.816377,0.592539,25.8267,brand='Tiffen'
473,0.881823,20,0.478297,0.75196,post_filter,False,1.0008,1.0,0.966639,0.478297,0.773428,25.7794,"overall IN (1,4,5)"
474,0.906777,21,1.0,0.957558,post_filter,True,0.864,1.0,0.971201,1.0,0.958922,25.1168,overall>=2.0
475,0.050727,0,0.816377,0.592539,pre_filter,False,3.0023,1.0,0.899925,0.824732,0.592539,25.2325,"main_cat IN ('Computers', 'Tools & Home Improvement')"
476,0.092237,0,0.824732,0.592539,pre_filter,False,5.4588,1.0,0.818042,0.824063,0.592539,25.4639,main_cat='Home Audio &amp; Theater' AND overall>=3.0
477,0.073033,0,0.824063,0.592539,pre_filter,False,4.106,1.0,0.863135,0.82797,0.592539,26.2363,brand='Tiffen'
478,0.751008,19,0.59049,0.964623,post_filter,False,0.745,1.0,0.975168,0.59049,0.965677,25.1213,"overall IN (1,2,5)"
479,0.836128,20,0.478297,0.773428,pre_filter,False,46.145,1.0,0.0,0.430467,0.773428,25.0482,"overall IN (2,4,5)"
480,0.70348,19,0.59049,0.965677,post_filter,False,0.8178,1.0,0.97274,0.59049,0.966384,24.7621,"overall IN (1,5)"
481,0.230635,3,0.80403,0.790451,post_filter,False,0.4752,0.9,0.573133,0.80403,0.768719,25.2502,"main_cat IN ('Camera & Photo', 'Camera &amp; Photo', 'Cell Phones &amp; Accessories')"
482,0.751008,19,0.59049,0.966384,pre_filter,False,42.6384,1.0,0.0,0.531441,0.966384,25.1639,"overall IN (1,2,5)"
483,0.180604,1,0.657939,0.531076,pre_filter,False,10.7061,1.0,0.643129,0.656458,0.531076,25.6317,"main_cat IN ('Camera & Photo', 'Computers', 'Cell Phones &amp; Accessories')"
484,0.836128,20,0.430467,0.773428,post_filter,False,0.9163,1.0,0.969457,0.430467,0.793031,26.0922,"overall IN (2,4,5)"
485,0.70348,19,0.531441,0.966384,post_filter,False,1.0441,1.0,0.965197,0.531441,0.966265,25.6511,"overall IN (1,5)"
486,0.339351,8,0.763008,0.941598,post_filter,False,0.6291,1.0,0.979031,0.763008,0.945341,25.2634,"main_cat IN ('Home Audio & Theater', 'Camera &amp; Photo', 'Sports & Outdoors')"
487,0.728433,19,0.531441,0.966265,post_filter,False,0.3264,0.9,0.576021,0.531441,0.927241,25.6139,"overall IN (2,3,5)"
488,0.751008,19,0.531441,0.927241,post_filter,False,0.6953,1.0,0.976825,0.531441,0.932199,25.1306,"overall IN (1,2,5)"
489,0.050727,0,0.82797,0.592539,pre_filter,False,2.873,1.0,0.904233,0.835596,0.592539,25.2204,"main_cat IN ('Computers', 'Tools & Home Improvement')"
490,0.610257,18,0.531441,0.924167,post_filter,False,0.813,1.0,0.972901,0.531441,0.92904,24.7188,overall>=5.0
491,0.929351,21,1.0,0.958922,post_filter,True,0.712,1.0,0.976267,1.0,0.960657,25.4476,"overall IN (1,2,4,5)"
492,0.751008,19,0.531441,0.932199,post_filter,False,0.8598,1.0,0.971342,0.531441,0.936113,25.7071,"overall IN (1,2,5)"
493,0.680906,18,0.531441,0.92904,post_filter,False,0.6824,1.0,0.977254,0.531441,0.933862,25.2973,"overall IN (3,5)"
494,0.248992,4,0.663874,0.949212,post_filter,False,0.9119,1.0,0.969604,0.663874,0.951251,25.2261,"overall IN (3,4)"
495,0.751008,19,0.531441,0.936113,post_filter,False,0.5595,1.0,0.98135,0.531441,0.940637,25.1799,"overall IN (1,2,5)"
496,0.248992,4,0.663874,0.951251,post_filter,False,0.9728,1.0,0.967572,0.663874,0.952883,25.5754,"overall IN (3,4)"
497,0.610257,18,0.531441,0.933862,post_filter,False,0.8658,1.0,0.971139,0.531441,0.93759,25.3979,overall>=5.0
498,0.210713,2,0.730622,0.738662,pre_filter,False,11.7532,1.0,0.608228,0.718383,0.738662,25.1412,"main_cat IN ('Camera & Photo', 'Camera &amp; Photo')"
499,0.859249,20,0.430467,0.793031,post_filter,False,0.8078,0.9,0.566675,0.430467,0.770395,25.0527,overall>=3.0
500,0.859249,20,0.430467,0.770395,post_filter,False,0.1349,0.0,0.0,0.430467,0.693356,24.9799,overall>=3.0
501,0.774129,19,0.531441,0.940637,post_filter,False,0.7236,1.0,0.975879,0.531441,0.944161,29.0489,"overall IN (1,3,5)"
502,0.319094,7,0.734122,0.811038,pre_filter,False,28.4259,1.0,0.052469,0.665956,0.811038,25.2079,"overall IN (1,2,4)"
503,0.248992,4,0.663874,0.952883,post_filter,False,0.775,1.0,0.974167,0.663874,0.955011,25.4576,"overall IN (3,4)"
504,0.389743,11,0.610718,0.777498,post_filter,False,0.9108,1.0,0.969642,0.610718,0.796712,25.2622,overall<=4.0
505,0.092237,0,0.835596,0.592539,pre_filter,False,5.4817,1.0,0.817275,0.833764,0.592539,25.0701,main_cat='Home Audio &amp; Theater' AND overall>=3.0
506,0.7886,19,0.531441,0.944161,post_filter,False,0.495,1.0,0.983499,0.531441,0.948095,25.3019,overall>=4.0
507,0.073033,0,0.833764,0.592539,pre_filter,False,4.0578,1.0,0.86474,0.836862,0.592539,25.5144,brand='Tiffen'
508,0.160682,1,0.656458,0.531076,post_filter,False,0.8731,1.0,0.970896,0.656458,0.575058,25.8081,"main_cat IN ('Camera & Photo', 'Computers')"
509,0.389743,11,0.610718,0.796712,post_filter,False,0.6352,1.0,0.978828,0.610718,0.814924,25.7523,overall<=4.0
510,0.339351,8,0.763008,0.945341,post_filter,False,0.9201,1.0,0.969329,0.763008,0.94774,25.9331,"main_cat IN ('Home Audio & Theater', 'Camera &amp; Photo', 'Sports & Outdoors')"
511,0.610257,18,0.531441,0.93759,post_filter,False,0.7235,1.0,0.975882,0.531441,0.941419,25.2345,overall>=5.0
512,0.389743,11,0.610718,0.814924,post_filter,False,0.7317,1.0,0.97561,0.610718,0.830992,25.0884,overall<=4.0
513,0.180604,1,0.656458,0.575058,post_filter,False,0.9887,0.9,0.563163,0.656458,0.573869,24.9644,"main_cat IN ('Camera & Photo', 'Computers', 'Cell Phones &amp; Accessories')"
514,0.270385,5,0.797811,0.888146,post_filter,False,1.0742,0.5,0.001573,0.797811,0.799489,25.3985,"main_cat IN ('Home Audio & Theater', 'Books', 'Tools & Home Improvement')"
515,0.728433,19,0.531441,0.948095,post_filter,False,0.3421,0.8,0.17729,0.531441,0.871014,25.3774,"overall IN (2,3,5)"
516,0.140751,1,0.656458,0.573869,post_filter,False,0.8808,1.0,0.970639,0.656458,0.613546,24.9569,overall<=2.0
517,0.270385,5,0.797811,0.799489,post_filter,False,1.0247,0.5,0.001575,0.797811,0.719697,25.353,"main_cat IN ('Home Audio & Theater', 'Books', 'Tools & Home Improvement')"
518,0.906777,21,1.0,0.960657,post_filter,True,0.9239,1.0,0.969204,1.0,0.961511,24.9822,overall>=2.0
519,0.7886,19,0.531441,0.871014,post_filter,False,0.9963,1.0,0.96679,0.531441,0.880592,25.3157,overall>=4.0
520,0.270385,5,0.797811,0.719697,pre_filter,False,15.3971,1.0,0.486764,0.766706,0.719697,25.2159,"main_cat IN ('Home Audio & Theater', 'Books', 'Tools & Home Improvement')"
521,0.821657,20,0.430467,0.693356,post_filter,False,0.871,1.0,0.970968,0.430467,0.721117,25.0012,"overall IN (1,2,3,5)"
522,0.906777,21,1.0,0.961511,post_filter,True,0.754,1.0,0.974868,1.0,0.962847,25.0983,overall>=2.0
523,0.300422,7,0.665956,0.811038,post_filter,False,0.8924,1.0,0.970253,0.665956,0.826959,25.2891,"main_cat IN ('All Electronics', 'Books', 'Sports & Outdoors')"
524,0.319094,7,0.665956,0.826959,post_filter,False,0.792,1.0,0.9736,0.665956,0.841623,25.2835,"overall IN (1,2,4)"
525,0.140751,1,0.656458,0.613546,pre_filter,False,12.3079,1.0,0.589738,0.649786,0.613546,25.5948,overall<=2.0
526,0.836128,20,0.430467,0.721117,post_filter,False,0.9738,1.0,0.967539,0.430467,0.745759,25.2803,"overall IN (2,4,5)"
527,0.300422,7,0.665956,0.841623,post_filter,False,1.0027,1.0,0.966578,0.665956,0.854119,25.3207,"main_cat IN ('All Electronics', 'Books', 'Sports & Outdoors')"
528,0.658182,18,0.531441,0.941419,post_filter,False,0.5323,1.0,0.982257,0.531441,0.945503,25.2407,verified=true AND overall>=3.0
529,0.680906,18,0.531441,0.945503,post_filter,False,0.8904,1.0,0.970319,0.531441,0.947984,25.4778,"overall IN (3,5)"
530,0.12068,1,0.649786,0.613546,post_filter,False,1.0928,0.9,0.561143,0.649786,0.608306,25.0538,"main_cat IN ('Camera &amp; Photo', 'Cell Phones &amp; Accessories', 'Tools & Home Improvement')"
531,0.270385,5,0.766706,0.719697,post_filter,False,0.4606,1.0,0.984646,0.766706,0.746192,25.0693,"main_cat IN ('Home Audio & Theater', 'Books', 'Tools & Home Improvement')"
532,0.210713,2,0.718383,0.738662,post_filter,False,0.8895,1.0,0.97035,0.718383,0.761831,25.0607,"main_cat IN ('Camera & Photo', 'Camera &amp; Photo')"
533,0.389743,11,0.610718,0.830992,post_filter,False,0.4685,1.0,0.984383,0.610718,0.846331,25.0303,overall<=4.0
534,0.12068,1,0.649786,0.608306,pre_filter,False,7.3626,1.0,0.754581,0.660265,0.608306,25.4771,"main_cat IN ('Camera &amp; Photo', 'Cell Phones &amp; Accessories', 'Tools & Home Improvement')"
535,0.230635,3,0.80403,0.768719,pre_filter,False,12.799,1.0,0.573365,0.780964,0.768719,25.1412,"main_cat IN ('Camera & Photo', 'Camera &amp; Photo', 'Cell Phones &amp; Accessories')"
536,0.389743,11,0.610718,0.846331,pre_filter,False,28.0547,1.0,0.064843,0.556131,0.846331,25.388,overall<=4.0
537,0.210713,2,0.718383,0.761831,post_filter,False,0.8092,1.0,0.973028,0.718383,0.782951,25.5022,"main_cat IN ('Camera & Photo', 'Camera &amp; Photo')"
538,0.140751,1,0.660265,0.608306,post_filter,False,1.2937,0.7,0.045144,0.660265,0.551989,25.7548,overall<=2.0
539,0.12068,1,0.660265,0.551989,pre_filter,False,7.2527,1.0,0.758242,0.670063,0.551989,25.4813,"main_cat IN ('Camera &amp; Photo', 'Cell Phones &amp; Accessories', 'Tools & Home Improvement')"
540,0.073033,0,0.836862,0.592539,pre_filter,False,4.087,1.0,0.863767,0.839552,0.592539,26.4745,brand='Tiffen'
541,0.248992,4,0.663874,0.955011,post_filter,False,0.8695,1.0,0.971017,0.663874,0.956612,25.2221,"overall IN (3,4)"
542,0.319094,7,0.665956,0.854119,post_filter,False,0.9093,1.0,0.96969,0.665956,0.865676,25.3688,"overall IN (1,2,4)"
543,0.906777,21,1.0,0.962847,post_filter,True,0.7392,1.0,0.975358,1.0,0.964098,24.9397,overall>=2.0
544,0.728433,19,0.531441,0.880592,post_filter,False,0.5834,0.9,0.571032,0.531441,0.849636,25.3471,"overall IN (2,3,5)"
545,0.339351,8,0.763008,0.94774,post_filter,False,1.0526,1.0,0.964914,0.763008,0.949457,25.0046,"main_cat IN ('Home Audio & Theater', 'Camera &amp; Photo', 'Sports & Outdoors')"
546,0.210713,2,0.718383,0.782951,pre_filter,False,12.0032,1.0,0.599894,0.706534,0.782951,25.4728,"main_cat IN ('Camera & Photo', 'Camera &amp; Photo')"
547,0.906777,21,1.0,0.964098,post_filter,True,0.997,1.0,0.966765,1.0,0.964365,25.1152,overall>=2.0
548,0.929351,21,1.0,0.964365,post_filter,True,0.7904,1.0,0.973653,1.0,0.965294,25.2233,"overall IN (1,2,4,5)"
549,0.160682,1,0.670063,0.551989,pre_filter,False,9.2963,1.0,0.690125,0.672069,0.551989,25.5908,"main_cat IN ('Camera & Photo', 'Computers')"
550,0.881823,20,0.430467,0.745759,post_filter,False,0.4564,1.0,0.984787,0.430467,0.769662,25.323,"overall IN (1,4,5)"
551,0.270385,5,0.766706,0.746192,pre_filter,False,15.5988,1.0,0.48004,0.73804,0.746192,25.573,"main_cat IN ('Home Audio & Theater', 'Books', 'Tools & Home Improvement')"
552,0.952472,21,1.0,0.965294,post_filter,True,0.691,1.0,0.976965,1.0,0.966461,25.4684,"overall IN (1,3,4,5)"
553,0.70348,19,0.531441,0.849636,post_filter,False,0.5619,1.0,0.981269,0.531441,0.862799,25.4441,"overall IN (1,5)"
554,0.821657,20,0.430467,0.769662,post_filter,False,0.7069,1.0,0.976438,0.430467,0.790339,25.6133,"overall IN (1,2,3,5)"
555,0.270385,5,0.73804,0.746192,post_filter,False,0.3571,0.8,0.1772,0.73804,0.689293,25.459,"main_cat IN ('Home Audio & Theater', 'Books', 'Tools & Home Improvement')"
556,0.180604,1,0.672069,0.551989,pre_filter,False,10.4476,0.8,0.116881,0.61655,0.551989,25.1035,"main_cat IN ('Camera & Photo', 'Computers', 'Cell Phones &amp; Accessories')"
557,0.836128,20,0.430467,0.790339,post_filter,False,0.7597,1.0,0.974678,0.430467,0.808773,25.2547,"overall IN (2,4,5)"
558,0.160682,1,0.61655,0.551989,pre_filter,False,9.3394,1.0,0.688686,0.623764,0.551989,25.3616,"main_cat IN ('Camera & Photo', 'Computers')"
559,0.610257,18,0.531441,0.947984,post_filter,False,0.6939,1.0,0.976871,0.531441,0.950873,25.3456,overall>=5.0
560,0.658182,18,0.531441,0.950873,post_filter,False,0.9823,1.0,0.967257,0.531441,0.952511,25.0478,verified=true AND overall>=3.0
561,0.389743,11,0.556131,0.846331,post_filter,False,0.893,1.0,0.970235,0.556131,0.858722,25.4303,overall<=4.0
562,0.610257,18,0.531441,0.952511,post_filter,False,1.0488,0.9,0.561998,0.531441,0.91346,25.4353,overall>=5.0
563,0.929351,21,1.0,0.966461,post_filter,True,0.7869,1.0,0.973771,1.0,0.967192,25.8041,"overall IN (1,2,4,5)"
564,0.248992,4,0.663874,0.956612,post_filter,False,0.9593,1.0,0.968022,0.663874,0.957753,26.2397,"overall IN (3,4)"
565,0.610257,18,0.531441,0.91346,post_filter,False,0.8317,0.8889,0.500068,0.531441,0.872121,25.7564,overall>=5.0
566,0.050727,0,0.839552,0.592539,pre_filter,False,2.9799,1.0,0.900669,0.845664,0.592539,25.6329,"main_cat IN ('Computers', 'Tools & Home Improvement')"
567,0.092237,0,0.845664,0.592539,pre_filter,False,5.7064,1.0,0.809786,0.842076,0.592539,25.4874,main_cat='Home Audio &amp; Theater' AND overall>=3.0
568,0.319094,7,0.665956,0.865676,post_filter,False,0.8601,1.0,0.971329,0.665956,0.876241,25.3868,"overall IN (1,2,4)"
569,0.658182,18,0.531441,0.872121,post_filter,False,0.939,1.0,0.968701,0.531441,0.881779,24.8652,verified=true AND overall>=3.0
570,0.389743,11,0.556131,0.858722,post_filter,False,0.6889,1.0,0.977036,0.556131,0.870553,25.7115,overall<=4.0
571,0.210713,2,0.706534,0.782951,post_filter,False,0.3686,0.2,0.0,0.706534,0.704656,28.3551,"main_cat IN ('Camera & Photo', 'Camera &amp; Photo')"
572,0.180604,1,0.623764,0.551989,pre_filter,False,10.8615,1.0,0.637949,0.625182,0.551989,25.3425,"main_cat IN ('Camera & Photo', 'Computers', 'Cell Phones &amp; Accessories')"
573,0.70348,19,0.531441,0.862799,post_filter,False,0.761,0.9,0.567585,0.531441,0.833278,25.7328,"overall IN (1,5)"
574,0.300422,7,0.665956,0.876241,post_filter,False,0.8412,1.0,0.97196,0.665956,0.885813,25.9111,"main_cat IN ('All Electronics', 'Books', 'Sports & Outdoors')"
575,0.073033,0,0.842076,0.592539,pre_filter,False,4.6841,1.0,0.843864,0.842255,0.592539,25.8605,brand='Tiffen'
576,0.073033,0,0.842255,0.592539,pre_filter,False,4.1085,1.0,0.86305,0.844334,0.592539,25.9719,brand='Tiffen'
577,0.248992,4,0.663874,0.957753,post_filter,False,0.8423,1.0,0.971924,0.663874,0.95917,35.7273,"overall IN (3,4)"
578,0.610257,18,0.531441,0.881779,post_filter,False,0.9372,1.0,0.96876,0.531441,0.890477,25.7549,overall>=5.0
579,0.728433,19,0.531441,0.833278,post_filter,False,0.874,1.0,0.970868,0.531441,0.847037,25.9625,"overall IN (2,3,5)"
580,0.929351,21,1.0,0.967192,post_filter,True,0.8783,1.0,0.970724,1.0,0.967545,25.676,"overall IN (1,2,4,5)"
581,0.881823,20,0.430467,0.808773,post_filter,False,0.5804,0.9,0.57109,0.430467,0.785005,25.3421,"overall IN (1,4,5)"
582,0.751008,19,0.531441,0.847037,post_filter,False,0.8722,1.0,0.970928,0.531441,0.859426,25.6134,"overall IN (1,2,5)"
583,0.774129,19,0.531441,0.859426,post_filter,False,0.641,1.0,0.978633,0.531441,0.871347,25.4545,"overall IN (1,3,5)"
584,0.610257,18,0.531441,0.890477,post_filter,False,0.3545,1.0,0.988185,0.531441,0.900248,25.1954,overall>=5.0
585,0.248992,4,0.663874,0.95917,post_filter,False,0.7371,0.9,0.568048,0.663874,0.920058,25.5819,"overall IN (3,4)"
586,0.680906,18,0.531441,0.900248,post_filter,False,0.8941,1.0,0.970196,0.531441,0.907243,25.2883,"overall IN (3,5)"
587,0.050727,0,0.844334,0.592539,pre_filter,False,2.8797,1.0,0.904008,0.850302,0.592539,25.5501,"main_cat IN ('Computers', 'Tools & Home Improvement')"
588,0.906777,21,1.0,0.967545,post_filter,True,0.2373,0.2,0.0,1.0,0.870791,25.6648,overall>=2.0
589,0.12068,1,0.625182,0.551989,pre_filter,False,7.1615,1.0,0.761283,0.638792,0.551989,25.5034,"main_cat IN ('Camera &amp; Photo', 'Cell Phones &amp; Accessories', 'Tools & Home Improvement')"
590,0.339351,8,0.763008,0.949457,post_filter,False,0.9224,1.0,0.969254,0.763008,0.951437,25.3109,"main_cat IN ('Home Audio & Theater', 'Camera &amp; Photo', 'Sports & Outdoors')"
591,0.140751,1,0.638792,0.551989,pre_filter,False,12.2855,1.0,0.590485,0.633962,0.551989,25.2853,overall<=2.0
592,0.929351,21,1.0,0.870791,post_filter,True,0.9861,1.0,0.967131,1.0,0.880425,24.9783,"overall IN (1,2,4,5)"
593,0.230635,3,0.780964,0.768719,pre_filter,False,13.0493,1.0,0.565025,0.75937,0.768719,25.46,"main_cat IN ('Camera & Photo', 'Camera &amp; Photo', 'Cell Phones &amp; Accessories')"
594,0.821657,20,0.430467,0.785005,post_filter,False,0.541,1.0,0.981965,0.430467,0.804701,25.8878,"overall IN (1,2,3,5)"
595,0.300422,7,0.665956,0.885813,post_filter,False,0.867,1.0,0.9711,0.665956,0.894342,25.3763,"main_cat IN ('All Electronics', 'Books', 'Sports & Outdoors')"
596,0.836128,20,0.430467,0.804701,post_filter,False,0.7342,1.0,0.975528,0.430467,0.821784,25.1508,"overall IN (2,4,5)"
597,0.319094,7,0.665956,0.894342,post_filter,False,0.8502,1.0,0.971661,0.665956,0.902074,25.1892,"overall IN (1,2,4)"
598,0.300422,7,0.665956,0.902074,post_filter,False,0.9215,1.0,0.969285,0.665956,0.908795,25.3778,"main_cat IN ('All Electronics', 'Books', 'Sports & Outdoors')"
599,0.073033,0,0.850302,0.592539,pre_filter,False,4.2086,1.0,0.859714,0.851243,0.592539,25.4735,brand='Tiffen'
600,0.319094,7,0.665956,0.908795,post_filter,False,0.9298,1.0,0.969006,0.665956,0.914816,25.4117,"overall IN (1,2,4)"
601,0.073033,0,0.851243,0.592539,pre_filter,False,4.0385,1.0,0.865385,0.852657,0.592539,25.442,brand='Tiffen'
602,0.70348,19,0.531441,0.871347,post_filter,False,0.8548,1.0,0.971506,0.531441,0.881363,25.1934,"overall IN (1,5)"
603,0.680906,18,0.531441,0.907243,post_filter,False,0.7216,1.0,0.975946,0.531441,0.914113,25.2924,"overall IN (3,5)"
604,0.180604,1,0.633962,0.551989,pre_filter,False,10.3758,1.0,0.65414,0.63598,0.551989,25.252,"main_cat IN ('Camera & Photo', 'Computers', 'Cell Phones &amp; Accessories')"
605,0.300422,7,0.665956,0.914816,post_filter,False,0.7835,0.9,0.567147,0.665956,0.880049,25.2427,"main_cat IN ('All Electronics', 'Books', 'Sports & Outdoors')"
606,0.680906,18,0.531441,0.914113,post_filter,False,0.8437,1.0,0.971876,0.531441,0.919889,25.3687,"overall IN (3,5)"
607,0.248992,4,0.663874,0.920058,pre_filter,False,20.7824,1.0,0.307253,0.628212,0.920058,25.6008,"overall IN (3,4)"
608,0.092237,0,0.852657,0.592539,pre_filter,False,5.6309,1.0,0.812303,0.848622,0.592539,25.0513,main_cat='Home Audio &amp; Theater' AND overall>=3.0
609,0.319094,7,0.665956,0.880049,post_filter,False,0.5433,0.9,0.57181,0.665956,0.849225,25.0482,"overall IN (1,2,4)"
610,0.658182,18,0.531441,0.919889,post_filter,False,0.784,1.0,0.973868,0.531441,0.925287,24.9976,verified=true AND overall>=3.0
611,0.389743,11,0.556131,0.870553,post_filter,False,0.6048,1.0,0.97984,0.556131,0.881482,25.036,overall<=4.0
612,0.836128,20,0.430467,0.821784,post_filter,False,0.7066,1.0,0.976447,0.430467,0.83725,25.3505,"overall IN (2,4,5)"
613,0.680906,18,0.531441,0.925287,post_filter,False,0.7751,1.0,0.974164,0.531441,0.930175,25.7357,"overall IN (3,5)"
614,0.230635,3,0.75937,0.768719,pre_filter,False,12.8223,1.0,0.57259,0.740692,0.768719,25.3692,"main_cat IN ('Camera & Photo', 'Camera &amp; Photo', 'Cell Phones &amp; Accessories')"
615,0.881823,20,0.430467,0.83725,post_filter,False,0.7914,1.0,0.973621,0.430467,0.850887,25.1712,"overall IN (1,4,5)"
616,0.728433,19,0.531441,0.881363,post_filter,False,0.4688,1.0,0.984372,0.531441,0.891664,25.2382,"overall IN (2,3,5)"
617,0.774129,19,0.531441,0.891664,post_filter,False,0.5318,1.0,0.982274,0.531441,0.900725,25.1591,"overall IN (1,3,5)"
618,0.728433,19,0.531441,0.900725,post_filter,False,0.7141,1.0,0.976197,0.531441,0.908272,24.9954,"overall IN (2,3,5)"
619,0.12068,1,0.63598,0.551989,pre_filter,False,7.0605,1.0,0.76465,0.648847,0.551989,25.2912,"main_cat IN ('Camera &amp; Photo', 'Cell Phones &amp; Accessories', 'Tools & Home Improvement')"
620,0.140751,1,0.648847,0.551989,pre_filter,False,12.4381,1.0,0.585396,0.642502,0.551989,25.8029,overall<=2.0
621,0.12068,1,0.642502,0.551989,pre_filter,False,7.1556,1.0,0.761479,0.654399,0.551989,25.8792,"main_cat IN ('Camera &amp; Photo', 'Cell Phones &amp; Accessories', 'Tools & Home Improvement')"
622,0.319094,7,0.665956,0.849225,post_filter,False,0.79,1.0,0.973668,0.665956,0.861669,25.6775,"overall IN (1,2,4)"
623,0.300422,7,0.665956,0.861669,pre_filter,False,17.9788,1.0,0.400707,0.639431,0.861669,26.1088,"main_cat IN ('All Electronics', 'Books', 'Sports & Outdoors')"
624,0.859249,20,0.430467,0.850887,post_filter,False,1.0113,1.0,0.966289,0.430467,0.862427,36.2079,overall>=3.0
625,0.270385,5,0.73804,0.689293,post_filter,False,0.8217,1.0,0.972608,0.73804,0.717624,25.9233,"main_cat IN ('Home Audio & Theater', 'Books', 'Tools & Home Improvement')"
626,0.680906,18,0.531441,0.930175,post_filter,False,0.2842,0.9,0.57684,0.531441,0.894841,26.1347,"overall IN (3,5)"
627,0.300422,7,0.639431,0.861669,post_filter,False,0.9205,1.0,0.969318,0.639431,0.872434,26.0509,"main_cat IN ('All Electronics', 'Books', 'Sports & Outdoors')"
628,0.836128,20,0.430467,0.862427,post_filter,False,0.774,1.0,0.9742,0.430467,0.873605,26.3252,"overall IN (2,4,5)"
629,0.140751,1,0.654399,0.551989,post_filter,False,1.4189,0.0,0.0,0.654399,0.496791,29.8175,overall<=2.0
630,0.180604,1,0.654399,0.496791,pre_filter,False,11.05,1.0,0.631665,0.652126,0.496791,26.0409,"main_cat IN ('Camera & Photo', 'Computers', 'Cell Phones &amp; Accessories')"
631,0.728433,19,0.531441,0.908272,post_filter,False,0.1369,0.0,0.0,0.531441,0.817445,25.9614,"overall IN (2,3,5)"
632,0.658182,18,0.531441,0.894841,post_filter,False,0.9268,1.0,0.969108,0.531441,0.902268,26.5812,verified=true AND overall>=3.0
633,0.319094,7,0.639431,0.872434,post_filter,False,0.279,0.8,0.177666,0.639431,0.802957,26.1333,"overall IN (1,2,4)"
634,0.658182,18,0.531441,0.902268,post_filter,False,0.7283,1.0,0.975725,0.531441,0.909614,26.6015,verified=true AND overall>=3.0
635,0.073033,0,0.848622,0.592539,pre_filter,False,4.2013,1.0,0.859956,0.849755,0.592539,26.0867,brand='Tiffen'
636,0.073033,0,0.849755,0.592539,pre_filter,False,4.3068,1.0,0.85644,0.850424,0.592539,26.3768,brand='Tiffen'
637,0.073033,0,0.850424,0.592539,pre_filter,False,4.1456,1.0,0.861812,0.851563,0.592539,26.0737,brand='Tiffen'
638,0.140751,1,0.652126,0.496791,pre_filter,False,12.3967,1.0,0.586776,0.645591,0.496791,27.238,overall<=2.0
639,0.7886,19,0.531441,0.817445,post_filter,False,0.8475,1.0,0.97175,0.531441,0.832875,26.0369,overall>=4.0
640,0.270385,5,0.73804,0.717624,pre_filter,False,16.0901,1.0,0.463664,0.710602,0.717624,26.3033,"main_cat IN ('Home Audio & Theater', 'Books', 'Tools & Home Improvement')"
641,0.859249,20,0.430467,0.873605,post_filter,False,1.0564,1.0,0.964788,0.430467,0.882723,26.0149,overall>=3.0
642,0.610257,18,0.531441,0.909614,post_filter,False,0.7847,1.0,0.973842,0.531441,0.916036,26.1804,overall>=5.0
643,0.658182,18,0.531441,0.916036,post_filter,False,0.9645,1.0,0.967851,0.531441,0.921218,27.007,verified=true AND overall>=3.0
644,0.389743,11,0.556131,0.881482,post_filter,False,0.897,1.0,0.970101,0.556131,0.890344,27.2145,overall<=4.0
645,0.140751,1,0.645591,0.496791,pre_filter,False,12.5453,1.0,0.581822,0.639214,0.496791,25.9481,overall<=2.0
646,0.728433,19,0.531441,0.832875,post_filter,False,0.6317,1.0,0.978944,0.531441,0.847482,25.8368,"overall IN (2,3,5)"
647,0.929351,21,1.0,0.880425,post_filter,True,0.4282,1.0,0.985725,1.0,0.890955,26.0015,"overall IN (1,2,4,5)"
648,0.658182,18,0.531441,0.921218,post_filter,False,1.1699,1.0,0.961004,0.531441,0.925197,25.8433,verified=true AND overall>=3.0
649,0.140751,1,0.639214,0.496791,pre_filter,False,12.4767,1.0,0.584111,0.633704,0.496791,25.7947,overall<=2.0
650,0.270385,5,0.710602,0.717624,pre_filter,False,16.1723,1.0,0.460924,0.685634,0.717624,28.1195,"main_cat IN ('Home Audio & Theater', 'Books', 'Tools & Home Improvement')"
651,0.952472,21,1.0,0.890955,post_filter,True,1.0937,1.0,0.963544,1.0,0.898214,27.1898,"overall IN (1,3,4,5)"
652,0.728433,19,0.531441,0.847482,post_filter,False,1.0371,1.0,0.965431,0.531441,0.859277,30.0441,"overall IN (2,3,5)"
653,0.270385,5,0.685634,0.717624,post_filter,False,0.9243,0.8,0.173809,0.685634,0.663243,27.4845,"main_cat IN ('Home Audio & Theater', 'Books', 'Tools & Home Improvement')"
654,0.160682,1,0.633704,0.496791,post_filter,False,0.9768,1.0,0.967442,0.633704,0.543856,28.7293,"main_cat IN ('Camera & Photo', 'Computers')"
655,0.319094,7,0.639431,0.802957,post_filter,False,1.0768,1.0,0.964107,0.639431,0.819072,31.9472,"overall IN (1,2,4)"
656,0.728433,19,0.531441,0.859277,post_filter,False,0.8346,1.0,0.972181,0.531441,0.870567,31.3791,"overall IN (2,3,5)"
657,0.821657,20,0.430467,0.882723,post_filter,False,0.4703,0.9,0.573227,0.430467,0.851773,26.6501,"overall IN (1,2,3,5)"
658,0.881823,20,0.430467,0.851773,post_filter,False,1.3544,1.0,0.954854,0.430467,0.862081,26.0609,"overall IN (1,4,5)"
659,0.248992,4,0.628212,0.920058,post_filter,False,1.0989,1.0,0.963369,0.628212,0.924389,26.3896,"overall IN (3,4)"
660,0.70348,19,0.531441,0.870567,post_filter,False,1.0295,0.9,0.562372,0.531441,0.839748,26.2457,"overall IN (1,5)"
661,0.270385,5,0.685634,0.663243,pre_filter,False,21.9538,1.0,0.268207,0.643891,0.663243,26.1138,"main_cat IN ('Home Audio & Theater', 'Books', 'Tools & Home Improvement')"
662,0.658182,18,0.531441,0.925197,post_filter,False,0.1826,0.0,0.0,0.531441,0.832677,26.4857,verified=true AND overall>=3.0
663,0.881823,20,0.430467,0.862081,post_filter,False,3.7159,1.0,0.876137,0.430467,0.863487,26.9122,"overall IN (1,4,5)"
664,0.658182,18,0.531441,0.832677,post_filter,False,1.0927,1.0,0.963576,0.531441,0.845767,26.2368,verified=true AND overall>=3.0
665,0.680906,18,0.531441,0.845767,post_filter,False,0.7747,0.9,0.567317,0.531441,0.817922,26.1731,"overall IN (3,5)"
666,0.610257,18,0.531441,0.817922,post_filter,False,1.1201,1.0,0.962662,0.531441,0.832396,26.1615,overall>=5.0
667,0.7886,19,0.531441,0.839748,post_filter,False,0.864,1.0,0.971201,0.531441,0.852893,26.8558,overall>=4.0
668,0.70348,19,0.531441,0.852893,post_filter,False,1.3009,1.0,0.956637,0.531441,0.863268,26.2923,"overall IN (1,5)"
669,0.248992,4,0.628212,0.924389,post_filter,False,0.5694,0.9,0.571303,0.628212,0.88908,26.5157,"overall IN (3,4)"
670,0.610257,18,0.531441,0.832396,post_filter,False,1.0196,1.0,0.966013,0.531441,0.845758,26.0953,overall>=5.0
671,0.881823,20,0.430467,0.863487,post_filter,False,0.8387,1.0,0.972044,0.430467,0.874343,26.4861,"overall IN (1,4,5)"
672,0.050727,0,0.851563,0.592539,pre_filter,False,4.519,1.0,0.849367,0.851343,0.592539,26.8231,"main_cat IN ('Computers', 'Tools & Home Improvement')"
673,0.300422,7,0.639431,0.819072,post_filter,False,1.0655,1.0,0.964482,0.639431,0.833613,26.3194,"main_cat IN ('All Electronics', 'Books', 'Sports & Outdoors')"
674,0.270385,5,0.643891,0.663243,post_filter,False,0.9465,0.9,0.563983,0.643891,0.653317,26.6994,"main_cat IN ('Home Audio & Theater', 'Books', 'Tools & Home Improvement')"
675,0.774129,19,0.531441,0.863268,post_filter,False,0.9275,1.0,0.969082,0.531441,0.873849,26.0497,"overall IN (1,3,5)"
676,0.12068,1,0.633704,0.543856,post_filter,False,1.2404,1.0,0.958654,0.633704,0.585335,26.2479,"main_cat IN ('Camera &amp; Photo', 'Cell Phones &amp; Accessories', 'Tools & Home Improvement')"
677,0.339351,8,0.763008,0.951437,post_filter,False,0.408,1.0,0.986401,0.763008,0.954934,26.4097,"main_cat IN ('Home Audio & Theater', 'Camera &amp; Photo', 'Sports & Outdoors')"
678,0.70348,19,0.531441,0.873849,post_filter,False,0.7635,1.0,0.97455,0.531441,0.883919,26.4525,"overall IN (1,5)"
679,0.248992,4,0.628212,0.88908,post_filter,False,1.104,1.0,0.963199,0.628212,0.896492,26.4537,"overall IN (3,4)"
680,0.859249,20,0.430467,0.874343,post_filter,False,0.972,0.9,0.563487,0.430467,0.843257,26.7765,overall>=3.0
681,0.929351,21,1.0,0.898214,post_filter,True,0.9873,1.0,0.967089,1.0,0.905101,34.0099,"overall IN (1,2,4,5)"
682,0.821657,20,0.430467,0.843257,post_filter,False,1.9712,1.0,0.934294,0.430467,0.852361,31.0759,"overall IN (1,2,3,5)"
683,0.906777,21,1.0,0.905101,post_filter,True,1.0836,1.0,0.963879,1.0,0.910979,26.11,overall>=2.0
684,0.7886,19,0.531441,0.883919,post_filter,False,1.1297,1.0,0.962343,0.531441,0.891762,25.8193,overall>=4.0
685,0.751008,19,0.531441,0.891762,post_filter,False,0.8827,1.0,0.970575,0.531441,0.899643,25.9227,"overall IN (1,2,5)"
686,0.050727,0,0.851343,0.592539,pre_filter,False,3.3044,1.0,0.889854,0.855194,0.592539,26.808,"main_cat IN ('Computers', 'Tools & Home Improvement')"
687,0.728433,19,0.531441,0.899643,pre_filter,False,104.414,1.0,0.0,0.478297,0.899643,34.4062,"overall IN (2,3,5)"
688,0.610257,18,0.531441,0.845758,post_filter,False,0.7582,1.0,0.974726,0.531441,0.858655,26.4732,overall>=5.0
689,0.230635,3,0.740692,0.768719,pre_filter,False,52.7285,1.0,0.0,0.666623,0.768719,39.2844,"main_cat IN ('Camera & Photo', 'Camera &amp; Photo', 'Cell Phones &amp; Accessories')"
690,0.751008,19,0.478297,0.899643,post_filter,False,0.8573,1.0,0.971425,0.478297,0.906821,26.3291,"overall IN (1,2,5)"
691,0.859249,20,0.430467,0.852361,post_filter,False,1.0333,1.0,0.965557,0.430467,0.863681,37.8443,overall>=3.0
692,0.836128,20,0.430467,0.863681,post_filter,False,0.8158,1.0,0.972807,0.430467,0.874593,26.2248,"overall IN (2,4,5)"
693,0.70348,19,0.478297,0.906821,post_filter,False,0.896,1.0,0.970135,0.478297,0.913152,26.2454,"overall IN (1,5)"
694,0.70348,19,0.478297,0.913152,post_filter,False,0.6352,0.9,0.570027,0.478297,0.87884,26.4493,"overall IN (1,5)"
695,0.210713,2,0.706534,0.704656,post_filter,False,1.2747,1.0,0.957508,0.706534,0.729941,26.7804,"main_cat IN ('Camera & Photo', 'Camera &amp; Photo')"
696,0.821657,20,0.430467,0.874593,pre_filter,False,50.6711,1.0,0.0,0.38742,0.874593,26.6951,"overall IN (1,2,3,5)"
697,0.073033,0,0.855194,0.592539,pre_filter,False,5.0211,1.0,0.832629,0.852938,0.592539,27.0623,brand='Tiffen'
698,0.70348,19,0.478297,0.87884,post_filter,False,1.6043,1.0,0.946522,0.478297,0.885608,26.4414,"overall IN (1,5)"
699,0.610257,18,0.531441,0.858655,post_filter,False,1.676,1.0,0.944132,0.531441,0.867202,25.9868,overall>=5.0
700,0.160682,1,0.633704,0.585335,pre_filter,False,9.8223,1.0,0.672592,0.637593,0.585335,25.789,"main_cat IN ('Camera & Photo', 'Computers')"
701,0.658182,18,0.531441,0.867202,post_filter,False,1.6213,1.0,0.945957,0.531441,0.875078,25.9468,verified=true AND overall>=3.0
702,0.751008,19,0.478297,0.885608,post_filter,False,1.6967,1.0,0.943444,0.478297,0.891392,26.5063,"overall IN (1,2,5)"
703,0.821657,20,0.38742,0.874593,post_filter,False,1.1877,1.0,0.960411,0.38742,0.883175,27.4315,"overall IN (1,2,3,5)"
704,0.728433,19,0.478297,0.891392,post_filter,False,1.6589,1.0,0.944703,0.478297,0.896723,30.2705,"overall IN (2,3,5)"
705,0.836128,20,0.38742,0.883175,post_filter,False,1.6285,1.0,0.945715,0.38742,0.889429,28.2757,"overall IN (2,4,5)"
706,0.881823,20,0.38742,0.889429,post_filter,False,1.5979,1.0,0.946736,0.38742,0.89516,26.1266,"overall IN (1,4,5)"
707,0.319094,7,0.639431,0.833613,post_filter,False,1.0572,0.9,0.561834,0.639431,0.806435,26.0098,"overall IN (1,2,4)"
708,0.140751,1,0.637593,0.585335,pre_filter,False,12.8015,1.0,0.573285,0.631162,0.585335,26.191,overall<=2.0
709,0.881823,20,0.38742,0.89516,post_filter,False,1.1428,1.0,0.961908,0.38742,0.901835,25.9145,"overall IN (1,4,5)"
710,0.774129,19,0.478297,0.896723,post_filter,False,0.6357,1.0,0.978808,0.478297,0.904931,26.2,"overall IN (1,3,5)"
711,0.210713,2,0.706534,0.729941,post_filter,False,0.5093,0.8,0.17629,0.706534,0.674576,26.2775,"main_cat IN ('Camera & Photo', 'Camera &amp; Photo')"
712,0.073033,0,0.852938,0.592539,pre_filter,False,4.1412,0.9,0.501968,0.817841,0.592539,26.1062,brand='Tiffen'
713,0.70348,19,0.478297,0.904931,post_filter,False,0.9912,1.0,0.96696,0.478297,0.911134,26.1178,"overall IN (1,5)"
714,0.7886,19,0.478297,0.911134,post_filter,False,1.163,0.9,0.559781,0.478297,0.875999,26.1803,overall>=4.0
715,0.12068,1,0.631162,0.585335,pre_filter,False,7.4731,1.0,0.750896,0.643135,0.585335,26.1541,"main_cat IN ('Camera &amp; Photo', 'Cell Phones &amp; Accessories', 'Tools & Home Improvement')"
716,0.180604,1,0.643135,0.585335,pre_filter,False,11.0187,1.0,0.632711,0.642093,0.585335,26.1484,"main_cat IN ('Camera & Photo', 'Computers', 'Cell Phones &amp; Accessories')"
717,0.050727,0,0.817841,0.592539,pre_filter,False,5.3892,1.0,0.82036,0.818093,0.592539,26.2612,"main_cat IN ('Computers', 'Tools & Home Improvement')"
718,0.389743,11,0.556131,0.890344,post_filter,False,0.3153,0.0,0.0,0.556131,0.80131,26.3747,overall<=4.0
719,0.270385,5,0.643891,0.653317,pre_filter,False,16.6505,0.0,0.0,0.579502,0.653317,26.1918,"main_cat IN ('Home Audio & Theater', 'Books', 'Tools & Home Improvement')"
720,0.339351,8,0.763008,0.954934,post_filter,False,1.3727,1.0,0.954244,0.763008,0.954865,26.5183,"main_cat IN ('Home Audio & Theater', 'Camera &amp; Photo', 'Sports & Outdoors')"
721,0.140751,1,0.642093,0.585335,pre_filter,False,12.5912,1.0,0.580294,0.635913,0.585335,27.3022,overall<=2.0
722,0.339351,8,0.763008,0.954865,post_filter,False,1.1223,0.8,0.172626,0.763008,0.876641,26.7595,"main_cat IN ('Home Audio & Theater', 'Camera &amp; Photo', 'Sports & Outdoors')"
723,0.7886,19,0.478297,0.875999,post_filter,False,1.327,1.0,0.955768,0.478297,0.883976,25.9232,overall>=4.0
724,0.180604,1,0.635913,0.585335,pre_filter,False,10.7857,1.0,0.640476,0.636369,0.585335,26.1328,"main_cat IN ('Camera & Photo', 'Computers', 'Cell Phones &amp; Accessories')"
725,0.339351,8,0.763008,0.876641,pre_filter,False,21.6427,1.0,0.278576,0.714565,0.876641,26.0427,"main_cat IN ('Home Audio & Theater', 'Camera &amp; Photo', 'Sports & Outdoors')"
726,0.658182,18,0.531441,0.875078,post_filter,False,0.9214,1.0,0.969287,0.531441,0.884499,26.1486,verified=true AND overall>=3.0
727,0.836128,20,0.38742,0.901835,post_filter,False,1.3894,1.0,0.953687,0.38742,0.90702,26.455,"overall IN (2,4,5)"
728,0.728433,19,0.478297,0.883976,pre_filter,False,44.8634,1.0,0.0,0.430467,0.883976,26.0972,"overall IN (2,3,5)"
729,0.952472,21,1.0,0.910979,post_filter,True,1.1117,1.0,0.962942,1.0,0.916175,26.4542,"overall IN (1,3,4,5)"
730,0.610257,18,0.531441,0.884499,post_filter,False,0.4902,1.0,0.98366,0.531441,0.894415,26.2732,overall>=5.0
731,0.906777,21,1.0,0.916175,post_filter,True,1.2125,1.0,0.959582,1.0,0.920516,26.0567,overall>=2.0
732,0.906777,21,1.0,0.920516,post_filter,True,1.1177,1.0,0.962744,1.0,0.924739,26.0007,overall>=2.0
733,0.821657,20,0.38742,0.90702,post_filter,False,1.2115,1.0,0.959618,0.38742,0.91228,26.3716,"overall IN (1,2,3,5)"
734,0.821657,20,0.38742,0.91228,post_filter,False,0.4593,1.0,0.984689,0.38742,0.919521,26.3597,"overall IN (1,2,3,5)"
735,0.073033,0,0.818093,0.592539,pre_filter,False,4.581,1.0,0.847301,0.821013,0.592539,27.6343,brand='Tiffen'
736,0.7886,19,0.430467,0.883976,post_filter,False,1.13,1.0,0.962335,0.430467,0.891812,26.1018,overall>=4.0
737,0.140751,1,0.636369,0.585335,pre_filter,False,13.035,1.0,0.5655,0.629282,0.585335,30.0215,overall<=2.0
738,0.658182,18,0.531441,0.894415,post_filter,False,1.0338,1.0,0.965542,0.531441,0.901527,26.341,verified=true AND overall>=3.0
739,0.180604,1,0.629282,0.585335,pre_filter,False,10.9258,1.0,0.635807,0.629935,0.585335,26.1602,"main_cat IN ('Camera & Photo', 'Computers', 'Cell Phones &amp; Accessories')"
740,0.680906,18,0.531441,0.901527,post_filter,False,1.0029,1.0,0.966571,0.531441,0.908032,26.1415,"overall IN (3,5)"
741,0.270385,5,0.579502,0.653317,post_filter,False,1.1614,1.0,0.961287,0.579502,0.684114,26.0861,"main_cat IN ('Home Audio & Theater', 'Books', 'Tools & Home Improvement')"
742,0.774129,19,0.430467,0.891812,post_filter,False,0.1762,0.0,0.0,0.430467,0.802631,26.3578,"overall IN (1,3,5)"
743,0.610257,18,0.531441,0.908032,post_filter,False,0.9563,1.0,0.968124,0.531441,0.914041,25.9992,overall>=5.0
744,0.658182,18,0.531441,0.914041,post_filter,False,1.0624,1.0,0.964586,0.531441,0.919096,26.2201,verified=true AND overall>=3.0
745,0.319094,7,0.639431,0.806435,post_filter,False,1.0229,1.0,0.965904,0.639431,0.822382,26.3015,"overall IN (1,2,4)"
746,0.270385,5,0.579502,0.684114,post_filter,False,0.8385,1.0,0.972051,0.579502,0.712908,26.4271,"main_cat IN ('Home Audio & Theater', 'Books', 'Tools & Home Improvement')"
747,0.160682,1,0.629935,0.585335,post_filter,False,0.9259,1.0,0.969137,0.629935,0.623716,26.0968,"main_cat IN ('Camera & Photo', 'Computers')"
748,0.389743,11,0.556131,0.80131,post_filter,False,0.9462,1.0,0.96846,0.556131,0.818025,26.3835,overall<=4.0
749,0.952472,21,1.0,0.924739,post_filter,True,1.016,1.0,0.966135,1.0,0.928878,26.1043,"overall IN (1,3,4,5)"
750,0.680906,18,0.531441,0.919096,post_filter,False,0.8735,1.0,0.970885,0.531441,0.924274,26.6295,"overall IN (3,5)"
751,0.270385,5,0.579502,0.712908,post_filter,False,0.6933,1.0,0.97689,0.579502,0.739306,26.2427,"main_cat IN ('Home Audio & Theater', 'Books', 'Tools & Home Improvement')"
752,0.680906,18,0.531441,0.924274,post_filter,False,1.068,1.0,0.964401,0.531441,0.928287,26.8208,"overall IN (3,5)"
753,0.300422,7,0.639431,0.822382,post_filter,False,0.9002,0.9,0.564882,0.639431,0.796632,26.9155,"main_cat IN ('All Electronics', 'Books', 'Sports & Outdoors')"
754,0.774129,19,0.430467,0.802631,post_filter,False,0.678,1.0,0.977399,0.430467,0.820107,26.589,"overall IN (1,3,5)"
755,0.836128,20,0.38742,0.919521,post_filter,False,1.1343,1.0,0.96219,0.38742,0.923788,26.4502,"overall IN (2,4,5)"
756,0.906777,21,1.0,0.928878,post_filter,True,0.8218,1.0,0.972606,1.0,0.933251,26.6634,overall>=2.0
757,0.821657,20,0.38742,0.923788,post_filter,False,0.7621,1.0,0.974597,0.38742,0.928869,26.4239,"overall IN (1,2,3,5)"
758,0.774129,19,0.430467,0.820107,post_filter,False,0.9029,1.0,0.969903,0.430467,0.835087,26.5928,"overall IN (1,3,5)"
759,0.751008,19,0.430467,0.835087,pre_filter,False,47.1472,1.0,0.0,0.38742,0.835087,26.2897,"overall IN (1,2,5)"
760,0.859249,20,0.38742,0.928869,post_filter,False,0.416,0.7778,0.13343,0.38742,0.849325,26.9192,overall>=3.0
761,0.7886,19,0.38742,0.835087,post_filter,False,1.0848,1.0,0.96384,0.38742,0.847962,26.8893,overall>=4.0
762,0.230635,3,0.666623,0.768719,post_filter,False,1.1497,0.875,0.422546,0.666623,0.734102,26.64,"main_cat IN ('Camera & Photo', 'Camera &amp; Photo', 'Cell Phones &amp; Accessories')"
763,0.728433,19,0.38742,0.847962,post_filter,False,1.2396,1.0,0.958681,0.38742,0.859034,26.7635,"overall IN (2,3,5)"
764,0.610257,18,0.531441,0.928287,post_filter,False,0.9177,1.0,0.969408,0.531441,0.932399,26.4866,overall>=5.0
765,0.180604,1,0.629935,0.623716,pre_filter,False,11.0585,1.0,0.631382,0.63008,0.623716,26.5002,"main_cat IN ('Camera & Photo', 'Computers', 'Cell Phones &amp; Accessories')"
766,0.210713,2,0.706534,0.674576,post_filter,False,0.9428,0.9,0.564055,0.706534,0.663524,26.2856,"main_cat IN ('Camera & Photo', 'Camera &amp; Photo')"
767,0.230635,3,0.666623,0.734102,post_filter,False,0.711,1.0,0.976299,0.666623,0.758321,26.2728,"main_cat IN ('Camera & Photo', 'Camera &amp; Photo', 'Cell Phones &amp; Accessories')"
768,0.680906,18,0.531441,0.932399,post_filter,False,0.9718,1.0,0.967606,0.531441,0.93592,26.6387,"overall IN (3,5)"
769,0.248992,4,0.628212,0.896492,post_filter,False,0.735,0.9,0.56809,0.628212,0.863652,26.2413,"overall IN (3,4)"
770,0.210713,2,0.706534,0.663524,post_filter,False,1.091,1.0,0.963632,0.706534,0.693535,25.7238,"main_cat IN ('Camera & Photo', 'Camera &amp; Photo')"
771,0.248992,4,0.628212,0.863652,post_filter,False,1.014,1.0,0.966201,0.628212,0.873907,26.5072,"overall IN (3,4)"
772,0.836128,20,0.38742,0.849325,post_filter,False,0.6845,1.0,0.977185,0.38742,0.862111,25.2422,"overall IN (2,4,5)"
773,0.248992,4,0.628212,0.873907,post_filter,False,0.8585,1.0,0.971383,0.628212,0.883655,25.2719,"overall IN (3,4)"
774,0.7886,19,0.38742,0.859034,post_filter,False,0.7875,1.0,0.973749,0.38742,0.870506,25.4841,overall>=4.0
775,0.180604,1,0.63008,0.623716,pre_filter,False,10.661,1.0,0.644633,0.631535,0.623716,26.615,"main_cat IN ('Camera & Photo', 'Computers', 'Cell Phones &amp; Accessories')"
776,0.7886,19,0.38742,0.870506,post_filter,False,0.8291,1.0,0.972364,0.38742,0.880691,25.2195,overall>=4.0
777,0.7886,19,0.38742,0.880691,post_filter,False,0.6049,1.0,0.979838,0.38742,0.890606,25.8048,overall>=4.0
778,0.610257,18,0.531441,0.93592,post_filter,False,0.7431,1.0,0.975231,0.531441,0.939851,25.5814,overall>=5.0
779,0.270385,5,0.579502,0.739306,post_filter,False,1.0424,0.9,0.562121,0.579502,0.721588,27.2974,"main_cat IN ('Home Audio & Theater', 'Books', 'Tools & Home Improvement')"
780,0.610257,18,0.531441,0.939851,post_filter,False,0.993,1.0,0.966899,0.531441,0.942556,26.8625,overall>=5.0
781,0.300422,7,0.639431,0.796632,post_filter,False,0.9916,1.0,0.966947,0.639431,0.813664,26.7189,"main_cat IN ('All Electronics', 'Books', 'Sports & Outdoors')"
782,0.680906,18,0.531441,0.942556,post_filter,False,0.5683,1.0,0.981058,0.531441,0.946406,26.0661,"overall IN (3,5)"
783,0.952472,21,1.0,0.933251,post_filter,True,0.9502,1.0,0.968326,1.0,0.936759,27.3381,"overall IN (1,3,4,5)"
784,0.952472,21,1.0,0.936759,post_filter,True,0.3905,1.0,0.986983,1.0,0.941781,28.4989,"overall IN (1,3,4,5)"
785,0.859249,20,0.38742,0.862111,post_filter,False,0.8148,1.0,0.972839,0.38742,0.873184,25.8368,overall>=3.0
786,0.821657,20,0.38742,0.873184,post_filter,False,1.0838,1.0,0.963874,0.38742,0.882253,27.0806,"overall IN (1,2,3,5)"
787,0.230635,3,0.666623,0.758321,post_filter,False,0.3759,1.0,0.987469,0.666623,0.781236,26.6229,"main_cat IN ('Camera & Photo', 'Camera &amp; Photo', 'Cell Phones &amp; Accessories')"
788,0.248992,4,0.628212,0.883655,post_filter,False,1.0642,1.0,0.964525,0.628212,0.891742,28.812,"overall IN (3,4)"
789,0.12068,1,0.631535,0.623716,post_filter,False,1.1258,1.0,0.962475,0.631535,0.657592,29.2482,"main_cat IN ('Camera &amp; Photo', 'Cell Phones &amp; Accessories', 'Tools & Home Improvement')"
790,0.70348,19,0.38742,0.890606,post_filter,False,0.6914,1.0,0.976953,0.38742,0.899241,26.9117,"overall IN (1,5)"
791,0.774129,19,0.38742,0.899241,post_filter,False,1.3345,0.9,0.556451,0.38742,0.864962,26.6635,"overall IN (1,3,5)"
792,0.680906,18,0.531441,0.946406,post_filter,False,1.0055,1.0,0.966482,0.531441,0.948414,25.7589,"overall IN (3,5)"
793,0.319094,7,0.639431,0.813664,post_filter,False,0.9728,1.0,0.967574,0.639431,0.829055,25.9654,"overall IN (1,2,4)"
794,0.929351,21,1.0,0.941781,post_filter,True,0.9443,1.0,0.968522,1.0,0.944455,26.2663,"overall IN (1,2,4,5)"
795,0.319094,7,0.639431,0.829055,post_filter,False,1.0622,1.0,0.964594,0.639431,0.842609,25.3889,"overall IN (1,2,4)"
796,0.881823,20,0.38742,0.882253,post_filter,False,1.0492,1.0,0.965028,0.38742,0.89053,26.8167,"overall IN (1,4,5)"
797,0.300422,7,0.639431,0.842609,post_filter,False,0.8182,1.0,0.972725,0.639431,0.85562,26.4313,"main_cat IN ('All Electronics', 'Books', 'Sports & Outdoors')"
798,0.836128,20,0.38742,0.89053,post_filter,False,0.7684,1.0,0.974386,0.38742,0.898916,25.62,"overall IN (2,4,5)"
799,0.859249,20,0.38742,0.898916,post_filter,False,0.7123,1.0,0.976258,0.38742,0.90665,26.5413,overall>=3.0
800,0.140751,1,0.631535,0.657592,post_filter,False,1.0243,1.0,0.965856,0.631535,0.688418,25.748,overall<=2.0
801,0.248992,4,0.628212,0.891742,post_filter,False,1.056,1.0,0.964801,0.628212,0.899048,26.0197,"overall IN (3,4)"
802,0.073033,0,0.821013,0.592539,pre_filter,False,4.0033,1.0,0.866558,0.825568,0.592539,26.4287,brand='Tiffen'
803,0.248992,4,0.628212,0.899048,post_filter,False,0.4133,1.0,0.986224,0.628212,0.907765,25.5423,"overall IN (3,4)"
804,0.7886,19,0.38742,0.864962,post_filter,False,1.0765,1.0,0.964118,0.38742,0.874877,25.2073,overall>=4.0
805,0.092237,0,0.825568,0.592539,pre_filter,False,6.0778,1.0,0.797407,0.822752,0.592539,26.3388,main_cat='Home Audio &amp; Theater' AND overall>=3.0
806,0.300422,7,0.639431,0.85562,post_filter,False,0.4476,1.0,0.985079,0.639431,0.868566,26.0866,"main_cat IN ('All Electronics', 'Books', 'Sports & Outdoors')"
807,0.952472,21,1.0,0.944455,post_filter,True,1.0043,1.0,0.966524,1.0,0.946662,28.5748,"overall IN (1,3,4,5)"
808,0.389743,11,0.556131,0.818025,post_filter,False,1.3979,1.0,0.953404,0.556131,0.831562,24.9655,overall<=4.0
809,0.751008,19,0.38742,0.874877,post_filter,False,0.8576,1.0,0.971414,0.38742,0.884531,25.1712,"overall IN (1,2,5)"
810,0.230635,3,0.666623,0.781236,post_filter,False,1.0527,0.8,0.173042,0.666623,0.720417,55.0699,"main_cat IN ('Camera & Photo', 'Camera &amp; Photo', 'Cell Phones &amp; Accessories')"
811,0.821657,20,0.38742,0.90665,post_filter,False,1.228,1.0,0.959067,0.38742,0.911892,28.0853,"overall IN (1,2,3,5)"
812,0.610257,18,0.531441,0.948414,post_filter,False,1.219,1.0,0.959367,0.531441,0.949509,27.5376,overall>=5.0
813,0.180604,1,0.631535,0.688418,pre_filter,False,20.4992,1.0,0.316693,0.600051,0.688418,201.6863,"main_cat IN ('Camera & Photo', 'Computers', 'Cell Phones &amp; Accessories')"
814,0.180604,1,0.600051,0.688418,post_filter,False,3.3525,1.0,0.888249,0.600051,0.708401,25.3351,"main_cat IN ('Camera & Photo', 'Computers', 'Cell Phones &amp; Accessories')"
815,0.881823,20,0.38742,0.911892,post_filter,False,3.9228,1.0,0.869239,0.38742,0.907626,25.1468,"overall IN (1,4,5)"
816,0.680906,18,0.531441,0.949509,post_filter,False,5.795,1.0,0.806833,0.531441,0.935241,25.3275,"overall IN (3,5)"
817,0.230635,3,0.666623,0.720417,post_filter,False,0.9328,0.0,0.0,0.666623,0.648375,25.8092,"main_cat IN ('Camera & Photo', 'Camera &amp; Photo', 'Cell Phones &amp; Accessories')"
818,0.952472,21,1.0,0.946662,post_filter,True,1.307,1.0,0.956435,1.0,0.947639,25.5769,"overall IN (1,3,4,5)"
819,0.680906,18,0.531441,0.935241,post_filter,False,4.6588,1.0,0.844708,0.531441,0.926188,25.2624,"overall IN (3,5)"
820,0.7886,19,0.38742,0.884531,post_filter,False,3.2666,1.0,0.891113,0.38742,0.885189,25.5994,overall>=4.0
821,0.230635,3,0.666623,0.648375,pre_filter,False,31.0978,1.0,0.0,0.59996,0.648375,28.1352,"main_cat IN ('Camera & Photo', 'Camera &amp; Photo', 'Cell Phones &amp; Accessories')"
822,0.140751,1,0.600051,0.708401,post_filter,False,4.9238,1.0,0.835874,0.600051,0.721148,25.2115,overall<=2.0
823,0.12068,1,0.600051,0.721148,post_filter,False,1.9214,1.0,0.935953,0.600051,0.742629,28.4329,"main_cat IN ('Camera &amp; Photo', 'Cell Phones &amp; Accessories', 'Tools & Home Improvement')"
824,0.728433,19,0.38742,0.885189,post_filter,False,138.2971,1.0,0.0,0.38742,0.79667,29.4577,"overall IN (2,3,5)"
825,0.821657,20,0.38742,0.907626,post_filter,False,3.8682,1.0,0.871061,0.38742,0.90397,26.5043,"overall IN (1,2,3,5)"
826,0.70348,19,0.38742,0.79667,post_filter,False,3.2226,1.0,0.892579,0.38742,0.806261,26.7903,"overall IN (1,5)"
827,0.210713,2,0.706534,0.693535,pre_filter,False,14.1686,1.0,0.527714,0.688652,0.693535,27.3437,"main_cat IN ('Camera & Photo', 'Camera &amp; Photo')"
828,0.210713,2,0.688652,0.693535,pre_filter,False,13.371,1.0,0.554301,0.675217,0.693535,26.6561,"main_cat IN ('Camera & Photo', 'Camera &amp; Photo')"
829,0.073033,0,0.822752,0.592539,pre_filter,False,9.0066,1.0,0.699779,0.810455,0.592539,30.3062,brand='Tiffen'
830,0.774129,19,0.38742,0.806261,post_filter,False,10.9291,1.0,0.635697,0.38742,0.789205,32.4622,"overall IN (1,3,5)"
831,0.929351,21,1.0,0.947639,post_filter,True,2.4834,0.8,0.164489,1.0,0.869324,29.986,"overall IN (1,2,4,5)"
832,0.658182,18,0.531441,0.926188,pre_filter,False,203.5485,1.0,0.0,0.478297,0.926188,26.5192,verified=true AND overall>=3.0
833,0.210713,2,0.675217,0.693535,pre_filter,False,23.5967,1.0,0.213442,0.629039,0.693535,26.3033,"main_cat IN ('Camera & Photo', 'Camera &amp; Photo')"
834,0.751008,19,0.38742,0.789205,pre_filter,False,69.8032,1.0,0.0,0.348678,0.789205,39.635,"overall IN (1,2,5)"
835,0.210713,2,0.629039,0.693535,post_filter,False,9.814,0.9,0.391848,0.629039,0.663366,88.0184,"main_cat IN ('Camera & Photo', 'Camera &amp; Photo')"
836,0.073033,0,0.810455,0.592539,post_filter,False,11.9465,1.0,0.601783,0.810455,0.593463,45.1665,brand='Tiffen'
837,0.12068,1,0.600051,0.742629,post_filter,False,5.2065,0.8,0.148211,0.600051,0.683187,28.2872,"main_cat IN ('Camera &amp; Photo', 'Cell Phones &amp; Accessories', 'Tools & Home Improvement')"
838,0.339351,8,0.714565,0.876641,post_filter,False,4.3992,1.0,0.853361,0.714565,0.874313,27.9564,"main_cat IN ('Home Audio & Theater', 'Camera &amp; Photo', 'Sports & Outdoors')"
839,0.270385,5,0.579502,0.721588,post_filter,False,2.514,1.0,0.916199,0.579502,0.741049,26.8546,"main_cat IN ('Home Audio & Theater', 'Books', 'Tools & Home Improvement')"
840,0.7886,19,0.348678,0.789205,post_filter,False,2.4546,1.0,0.918179,0.348678,0.802102,27.1776,overall>=4.0
841,0.610257,18,0.478297,0.926188,post_filter,False,2.2582,1.0,0.924728,0.478297,0.926042,26.7096,overall>=5.0
842,0.12068,1,0.600051,0.683187,post_filter,False,3.6833,1.0,0.877224,0.600051,0.702591,25.9102,"main_cat IN ('Camera &amp; Photo', 'Cell Phones &amp; Accessories', 'Tools & Home Improvement')"
843,0.774129,19,0.348678,0.802102,post_filter,False,3.4995,1.0,0.883349,0.348678,0.810227,25.9465,"overall IN (1,3,5)"
844,0.836128,20,0.38742,0.90397,post_filter,False,2.7168,1.0,0.90944,0.38742,0.904517,26.7467,"overall IN (2,4,5)"
845,0.140751,1,0.600051,0.702591,post_filter,False,3.352,1.0,0.888265,0.600051,0.721158,26.8085,overall<=2.0
846,0.050727,0,0.810455,0.593463,pre_filter,False,7.5776,1.0,0.747412,0.80415,0.593463,26.6004,"main_cat IN ('Computers', 'Tools & Home Improvement')"
847,0.680906,18,0.478297,0.926042,post_filter,False,2.4373,1.0,0.918756,0.478297,0.925313,25.772,"overall IN (3,5)"
848,0.952472,21,1.0,0.869324,post_filter,True,2.4656,1.0,0.917813,1.0,0.874173,25.5007,"overall IN (1,3,4,5)"
849,0.160682,1,0.600051,0.721158,post_filter,False,2.3845,0.5,0.001501,0.600051,0.649192,25.9262,"main_cat IN ('Camera & Photo', 'Computers')"
850,0.339351,8,0.714565,0.874313,post_filter,False,1.6359,1.0,0.945471,0.714565,0.881429,25.9719,"main_cat IN ('Home Audio & Theater', 'Camera &amp; Photo', 'Sports & Outdoors')"
851,0.751008,19,0.348678,0.810227,post_filter,False,2.1257,1.0,0.929143,0.348678,0.822118,26.1748,"overall IN (1,2,5)"
852,0.952472,21,1.0,0.874173,post_filter,True,1.761,1.0,0.9413,1.0,0.880886,26.5344,"overall IN (1,3,4,5)"
853,0.929351,21,1.0,0.880886,post_filter,True,1.5615,1.0,0.947951,1.0,0.887592,25.357,"overall IN (1,2,4,5)"
854,0.929351,21,1.0,0.887592,post_filter,True,2.3302,1.0,0.922328,1.0,0.891066,25.453,"overall IN (1,2,4,5)"
855,0.610257,18,0.478297,0.925313,post_filter,False,1.8767,1.0,0.937443,0.478297,0.926526,26.2562,overall>=5.0
856,0.610257,18,0.478297,0.926526,post_filter,False,1.7058,1.0,0.943139,0.478297,0.928188,25.8731,overall>=5.0
857,0.751008,19,0.348678,0.822118,post_filter,False,1.7024,1.0,0.943253,0.348678,0.834232,25.3347,"overall IN (1,2,5)"
858,0.180604,1,0.600051,0.649192,post_filter,False,1.7745,1.0,0.94085,0.600051,0.678358,26.8327,"main_cat IN ('Camera & Photo', 'Computers', 'Cell Phones &amp; Accessories')"
859,0.836128,20,0.38742,0.904517,post_filter,False,2.1109,1.0,0.929638,0.38742,0.907029,27.861,"overall IN (2,4,5)"
860,0.248992,4,0.628212,0.907765,post_filter,False,1.2605,1.0,0.957982,0.628212,0.912787,26.3954,"overall IN (3,4)"
861,0.270385,5,0.579502,0.741049,pre_filter,False,69.8271,1.0,0.0,0.521552,0.741049,30.0316,"main_cat IN ('Home Audio & Theater', 'Books', 'Tools & Home Improvement')"
862,0.248992,4,0.628212,0.912787,pre_filter,False,70.5426,1.0,0.0,0.565391,0.912787,33.0247,"overall IN (3,4)"
863,0.751008,19,0.348678,0.834232,post_filter,False,1.6502,1.0,0.944994,0.348678,0.845308,25.1143,"overall IN (1,2,5)"
864,0.073033,0,0.80415,0.593463,pre_filter,False,4.6523,1.0,0.844922,0.808228,0.593463,26.4195,brand='Tiffen'
865,0.952472,21,1.0,0.891066,post_filter,True,1.4332,1.0,0.952228,1.0,0.897182,24.8693,"overall IN (1,3,4,5)"
866,0.836128,20,0.38742,0.907029,post_filter,False,1.4349,1.0,0.952169,0.38742,0.911543,24.6714,"overall IN (2,4,5)"
867,0.092237,0,0.808228,0.593463,pre_filter,False,9.206,1.0,0.693132,0.796718,0.593463,25.9681,main_cat='Home Audio &amp; Theater' AND overall>=3.0
868,0.751008,19,0.348678,0.845308,post_filter,False,0.8887,0.8,0.174022,0.348678,0.77818,25.1904,"overall IN (1,2,5)"
869,0.70348,19,0.348678,0.77818,post_filter,False,1.0855,1.0,0.963817,0.348678,0.796743,24.8209,"overall IN (1,5)"
870,0.210713,2,0.629039,0.663366,post_filter,False,1.5839,0.9,0.551611,0.629039,0.65219,25.283,"main_cat IN ('Camera & Photo', 'Camera &amp; Photo')"
871,0.680906,18,0.478297,0.928188,post_filter,False,1.2453,1.0,0.958489,0.478297,0.931218,26.4573,"overall IN (3,5)"
872,0.821657,20,0.38742,0.911543,post_filter,False,0.3466,0.0,0.0,0.38742,0.820389,24.9023,"overall IN (1,2,3,5)"
873,0.821657,20,0.38742,0.820389,post_filter,False,0.955,1.0,0.968167,0.38742,0.835166,24.9344,"overall IN (1,2,3,5)"
874,0.906777,21,1.0,0.897182,post_filter,True,0.9552,1.0,0.968161,1.0,0.90428,24.8382,overall>=2.0
875,0.952472,21,1.0,0.90428,post_filter,True,1.1283,1.0,0.962392,1.0,0.910091,24.8702,"overall IN (1,3,4,5)"
876,0.073033,0,0.796718,0.593463,pre_filter,False,3.9145,1.0,0.869515,0.803998,0.593463,25.0421,brand='Tiffen'
877,0.952472,21,1.0,0.910091,post_filter,True,1.0981,1.0,0.963396,1.0,0.915422,24.8088,"overall IN (1,3,4,5)"
878,0.952472,21,1.0,0.915422,post_filter,True,1.046,1.0,0.965132,1.0,0.920393,24.9295,"overall IN (1,3,4,5)"
879,0.160682,1,0.600051,0.678358,post_filter,False,1.2964,0.9,0.557191,0.600051,0.666241,24.9254,"main_cat IN ('Camera & Photo', 'Computers')"
880,0.339351,8,0.714565,0.881429,post_filter,False,1.0861,1.0,0.963796,0.714565,0.889665,25.0168,"main_cat IN ('Home Audio & Theater', 'Camera &amp; Photo', 'Sports & Outdoors')"
881,0.929351,21,1.0,0.920393,post_filter,True,1.289,1.0,0.957033,1.0,0.924057,24.9062,"overall IN (1,2,4,5)"
882,0.881823,20,0.38742,0.835166,post_filter,False,1.2978,1.0,0.95674,0.38742,0.847324,25.0177,"overall IN (1,4,5)"
883,0.160682,1,0.600051,0.666241,post_filter,False,1.0755,1.0,0.96415,0.600051,0.696032,24.8769,"main_cat IN ('Camera & Photo', 'Computers')"
884,0.952472,21,1.0,0.924057,post_filter,True,0.4836,0.0,0.0,1.0,0.831651,24.9733,"overall IN (1,3,4,5)"
885,0.952472,21,1.0,0.831651,post_filter,True,1.0779,1.0,0.964071,1.0,0.844893,26.7718,"overall IN (1,3,4,5)"
886,0.073033,0,0.803998,0.593463,pre_filter,False,4.3366,1.0,0.855447,0.809143,0.593463,26.5946,brand='Tiffen'
887,0.881823,20,0.38742,0.847324,post_filter,False,1.1125,1.0,0.962915,0.38742,0.858883,24.9506,"overall IN (1,4,5)"
888,0.319094,7,0.639431,0.868566,post_filter,False,1.0652,1.0,0.964492,0.639431,0.878159,25.6849,"overall IN (1,2,4)"
889,0.859249,20,0.38742,0.858883,post_filter,False,1.0883,1.0,0.963724,0.38742,0.869367,25.0333,overall>=3.0
890,0.610257,18,0.478297,0.931218,post_filter,False,1.1143,1.0,0.962857,0.478297,0.934382,25.3195,overall>=5.0
891,0.160682,1,0.600051,0.696032,pre_filter,False,11.1266,1.0,0.629114,0.602957,0.696032,25.1367,"main_cat IN ('Camera & Photo', 'Computers')"
892,0.952472,21,1.0,0.844893,post_filter,True,1.051,1.0,0.964967,1.0,0.8569,25.4279,"overall IN (1,3,4,5)"
893,0.821657,20,0.38742,0.869367,post_filter,False,0.5589,1.0,0.981371,0.38742,0.880567,25.0845,"overall IN (1,2,3,5)"
894,0.906777,21,1.0,0.8569,post_filter,True,1.4516,1.0,0.951614,1.0,0.866372,26.4817,overall>=2.0
895,0.952472,21,1.0,0.866372,post_filter,True,1.1314,1.0,0.962286,1.0,0.875963,26.6757,"overall IN (1,3,4,5)"
896,0.248992,4,0.565391,0.912787,post_filter,False,1.4442,1.0,0.951861,0.565391,0.916694,26.3199,"overall IN (3,4)"
897,0.929351,21,1.0,0.875963,post_filter,True,0.7125,1.0,0.976249,1.0,0.885992,27.8725,"overall IN (1,2,4,5)"
898,0.073033,0,0.809143,0.593463,pre_filter,False,4.7505,1.0,0.841649,0.812393,0.593463,28.1617,brand='Tiffen'
899,0.050727,0,0.812393,0.593463,pre_filter,False,3.1245,1.0,0.895851,0.820739,0.593463,26.7865,"main_cat IN ('Computers', 'Tools & Home Improvement')"
900,0.248992,4,0.565391,0.916694,post_filter,False,1.263,1.0,0.957899,0.565391,0.920815,25.24,"overall IN (3,4)"
901,0.70348,19,0.348678,0.796743,post_filter,False,1.0887,1.0,0.96371,0.348678,0.81344,25.701,"overall IN (1,5)"
902,0.728433,19,0.348678,0.81344,post_filter,False,1.1024,1.0,0.963254,0.348678,0.828421,26.0796,"overall IN (2,3,5)"
903,0.12068,1,0.602957,0.696032,pre_filter,False,11.5323,0.9,0.358492,0.578511,0.696032,25.6455,"main_cat IN ('Camera &amp; Photo', 'Cell Phones &amp; Accessories', 'Tools & Home Improvement')"
904,0.952472,21,1.0,0.885992,post_filter,True,1.1213,1.0,0.962622,1.0,0.893655,25.2132,"overall IN (1,3,4,5)"
905,0.270385,5,0.521552,0.741049,post_filter,False,0.9975,1.0,0.966751,0.521552,0.763619,25.2803,"main_cat IN ('Home Audio & Theater', 'Books', 'Tools & Home Improvement')"
906,0.248992,4,0.565391,0.920815,post_filter,False,1.3089,1.0,0.956369,0.565391,0.92437,25.4638,"overall IN (3,4)"
907,0.389743,11,0.556131,0.831562,post_filter,False,1.0456,1.0,0.965146,0.556131,0.844921,25.1716,overall<=4.0
908,0.751008,19,0.348678,0.828421,post_filter,False,0.6398,1.0,0.978672,0.348678,0.843446,25.9324,"overall IN (1,2,5)"
909,0.680906,18,0.478297,0.934382,post_filter,False,0.9752,0.9,0.563427,0.478297,0.897286,25.5777,"overall IN (3,5)"
910,0.658182,18,0.478297,0.897286,post_filter,False,1.1528,1.0,0.961572,0.478297,0.903715,25.7354,verified=true AND overall>=3.0
911,0.610257,18,0.478297,0.903715,pre_filter,False,69.0109,1.0,0.0,0.430467,0.903715,27.5545,overall>=5.0
912,0.929351,21,1.0,0.893655,post_filter,True,1.1467,1.0,0.961778,1.0,0.900467,26.3815,"overall IN (1,2,4,5)"
913,0.140751,1,0.578511,0.696032,post_filter,False,1.2539,1.0,0.958203,0.578511,0.722249,25.6413,overall<=2.0
914,0.906777,21,1.0,0.900467,post_filter,True,0.989,1.0,0.967032,1.0,0.907124,26.101,overall>=2.0
915,0.658182,18,0.430467,0.903715,post_filter,False,0.8531,1.0,0.971562,0.430467,0.9105,25.467,verified=true AND overall>=3.0
916,0.389743,11,0.556131,0.844921,post_filter,False,1.058,1.0,0.964732,0.556131,0.856902,25.7424,overall<=4.0
917,0.230635,3,0.59996,0.648375,post_filter,False,1.1454,0.1,0.0,0.59996,0.583538,25.928,"main_cat IN ('Camera & Photo', 'Camera &amp; Photo', 'Cell Phones &amp; Accessories')"
918,0.180604,1,0.578511,0.722249,post_filter,False,1.0152,1.0,0.96616,0.578511,0.74664,25.3977,"main_cat IN ('Camera & Photo', 'Computers', 'Cell Phones &amp; Accessories')"
919,0.859249,20,0.38742,0.880567,post_filter,False,1.1893,1.0,0.960357,0.38742,0.888546,26.3944,overall>=3.0
920,0.12068,1,0.578511,0.74664,post_filter,False,1.1558,1.0,0.961474,0.578511,0.768124,25.8528,"main_cat IN ('Camera &amp; Photo', 'Cell Phones &amp; Accessories', 'Tools & Home Improvement')"
921,0.270385,5,0.521552,0.763619,post_filter,False,1.0212,0.8,0.17323,0.521552,0.70458,25.992,"main_cat IN ('Home Audio & Theater', 'Books', 'Tools & Home Improvement')"
922,0.160682,1,0.578511,0.768124,post_filter,False,0.9531,1.0,0.968229,0.578511,0.788134,26.4025,"main_cat IN ('Camera & Photo', 'Computers')"
923,0.821657,20,0.38742,0.888546,post_filter,False,1.1999,1.0,0.960003,0.38742,0.895692,26.3144,"overall IN (1,2,3,5)"
924,0.389743,11,0.556131,0.856902,post_filter,False,1.2869,1.0,0.957104,0.556131,0.866922,25.8972,overall<=4.0
925,0.751008,19,0.348678,0.843446,post_filter,False,1.0858,1.0,0.963807,0.348678,0.855482,26.023,"overall IN (1,2,5)"
926,0.230635,3,0.59996,0.583538,pre_filter,False,19.8749,1.0,0.337504,0.573715,0.583538,26.8966,"main_cat IN ('Camera & Photo', 'Camera &amp; Photo', 'Cell Phones &amp; Accessories')"
927,0.7886,19,0.348678,0.855482,post_filter,False,1.1326,1.0,0.962246,0.348678,0.866159,25.2581,overall>=4.0
928,0.160682,1,0.578511,0.788134,post_filter,False,0.4809,1.0,0.983971,0.578511,0.807718,26.2749,"main_cat IN ('Camera & Photo', 'Computers')"
929,0.050727,0,0.820739,0.593463,pre_filter,False,2.8602,1.0,0.904661,0.829131,0.593463,25.6941,"main_cat IN ('Computers', 'Tools & Home Improvement')"
930,0.821657,20,0.38742,0.895692,post_filter,False,1.0981,1.0,0.963396,0.38742,0.902462,25.4963,"overall IN (1,2,3,5)"
931,0.270385,5,0.521552,0.70458,post_filter,False,1.1715,0.9,0.559616,0.521552,0.690084,25.674,"main_cat IN ('Home Audio & Theater', 'Books', 'Tools & Home Improvement')"
932,0.859249,20,0.38742,0.902462,post_filter,False,0.9661,1.0,0.967797,0.38742,0.908996,25.2255,overall>=3.0
933,0.248992,4,0.565391,0.92437,post_filter,False,0.2216,0.1,0.0,0.565391,0.831933,25.5875,"overall IN (3,4)"
934,0.70348,19,0.348678,0.866159,post_filter,False,1.0907,1.0,0.963644,0.348678,0.875907,25.585,"overall IN (1,5)"
935,0.774129,19,0.348678,0.875907,post_filter,False,0.9986,1.0,0.966714,0.348678,0.884988,25.9559,"overall IN (1,3,5)"
936,0.836128,20,0.38742,0.908996,post_filter,False,0.9344,1.0,0.968853,0.38742,0.914982,26.0954,"overall IN (2,4,5)"
937,0.180604,1,0.578511,0.807718,post_filter,False,1.0769,1.0,0.964104,0.578511,0.823357,25.5852,"main_cat IN ('Camera & Photo', 'Computers', 'Cell Phones &amp; Accessories')"
938,0.160682,1,0.578511,0.823357,post_filter,False,0.7433,0.9,0.567927,0.578511,0.797814,25.9752,"main_cat IN ('Camera & Photo', 'Computers')"
939,0.728433,19,0.348678,0.884988,post_filter,False,0.9109,1.0,0.969638,0.348678,0.893453,25.2725,"overall IN (2,3,5)"
940,0.906777,21,1.0,0.907124,post_filter,True,1.0617,1.0,0.96461,1.0,0.912872,25.463,overall>=2.0
941,0.751008,19,0.348678,0.893453,post_filter,False,0.9855,1.0,0.96715,0.348678,0.900823,24.9234,"overall IN (1,2,5)"
942,0.929351,21,1.0,0.912872,post_filter,True,0.8979,1.0,0.970069,1.0,0.918592,25.7445,"overall IN (1,2,4,5)"
943,0.319094,7,0.639431,0.878159,post_filter,False,0.9216,0.9,0.564466,0.639431,0.84679,25.743,"overall IN (1,2,4)"
944,0.881823,20,0.38742,0.914982,post_filter,False,1.499,1.0,0.950032,0.38742,0.918487,25.5779,"overall IN (1,4,5)"
945,0.339351,8,0.714565,0.889665,post_filter,False,0.4869,0.0,0.0,0.714565,0.800699,26.1658,"main_cat IN ('Home Audio & Theater', 'Camera &amp; Photo', 'Sports & Outdoors')"
946,0.658182,18,0.430467,0.9105,post_filter,False,0.9965,1.0,0.966785,0.430467,0.916128,27.0636,verified=true AND overall>=3.0
947,0.270385,5,0.521552,0.690084,pre_filter,False,16.877,1.0,0.437435,0.51314,0.690084,26.6009,"main_cat IN ('Home Audio & Theater', 'Books', 'Tools & Home Improvement')"
948,0.092237,0,0.829131,0.593463,pre_filter,False,6.0506,1.0,0.798312,0.826049,0.593463,26.2532,main_cat='Home Audio &amp; Theater' AND overall>=3.0
949,0.319094,7,0.639431,0.84679,pre_filter,False,32.3865,1.0,0.0,0.575488,0.84679,26.1735,"overall IN (1,2,4)"
950,0.774129,19,0.348678,0.900823,post_filter,False,0.1648,0.0,0.0,0.348678,0.81074,62.4125,"overall IN (1,3,5)"
951,0.12068,1,0.578511,0.797814,post_filter,False,1.9774,1.0,0.934086,0.578511,0.811441,51.4185,"main_cat IN ('Camera &amp; Photo', 'Cell Phones &amp; Accessories', 'Tools & Home Improvement')"
952,0.160682,1,0.578511,0.811441,post_filter,False,1.2852,1.0,0.957161,0.578511,0.826013,42.1253,"main_cat IN ('Camera & Photo', 'Computers')"
953,0.140751,1,0.578511,0.826013,pre_filter,False,17.4538,1.0,0.418208,0.56248,0.826013,27.748,overall<=2.0
954,0.610257,18,0.430467,0.916128,post_filter,False,0.5963,1.0,0.980122,0.430467,0.922527,28.1085,overall>=5.0
955,0.270385,5,0.51314,0.690084,post_filter,False,1.0731,1.0,0.964231,0.51314,0.717498,27.1367,"main_cat IN ('Home Audio & Theater', 'Books', 'Tools & Home Improvement')"
956,0.952472,21,1.0,0.918592,post_filter,True,1.1265,1.0,0.962449,1.0,0.922978,26.7492,"overall IN (1,3,4,5)"
957,0.210713,2,0.629039,0.65219,post_filter,False,0.5035,1.0,0.983217,0.629039,0.685293,26.6498,"main_cat IN ('Camera & Photo', 'Camera &amp; Photo')"
958,0.050727,0,0.826049,0.593463,pre_filter,False,5.1595,1.0,0.828017,0.826246,0.593463,32.3661,"main_cat IN ('Computers', 'Tools & Home Improvement')"
959,0.230635,3,0.573715,0.583538,post_filter,False,1.0454,1.0,0.965153,0.573715,0.621699,26.7812,"main_cat IN ('Camera & Photo', 'Camera &amp; Photo', 'Cell Phones &amp; Accessories')"
960,0.319094,7,0.575488,0.84679,post_filter,False,1.0019,1.0,0.966603,0.575488,0.858771,26.4662,"overall IN (1,2,4)"
961,0.210713,2,0.629039,0.685293,post_filter,False,0.9346,1.0,0.968846,0.629039,0.713648,49.9722,"main_cat IN ('Camera & Photo', 'Camera &amp; Photo')"
962,0.389743,11,0.556131,0.866922,post_filter,False,1.7185,1.0,0.942717,0.556131,0.874502,34.3983,overall<=4.0
963,0.836128,20,0.38742,0.918487,post_filter,False,1.3792,1.0,0.954028,0.38742,0.922041,26.1492,"overall IN (2,4,5)"
964,0.230635,3,0.573715,0.621699,pre_filter,False,14.314,0.0,0.0,0.516343,0.621699,25.9863,"main_cat IN ('Camera & Photo', 'Camera &amp; Photo', 'Cell Phones &amp; Accessories')"
965,0.270385,5,0.51314,0.717498,post_filter,False,0.9784,0.9,0.563364,0.51314,0.702085,25.5224,"main_cat IN ('Home Audio & Theater', 'Books', 'Tools & Home Improvement')"
966,0.248992,4,0.565391,0.831933,post_filter,False,0.361,1.0,0.987967,0.565391,0.847537,25.3507,"overall IN (3,4)"
967,0.70348,19,0.348678,0.81074,post_filter,False,0.811,1.0,0.972967,0.348678,0.826963,25.6043,"overall IN (1,5)"
968,0.821657,20,0.38742,0.922041,post_filter,False,0.9735,1.0,0.967549,0.38742,0.926592,25.2178,"overall IN (1,2,3,5)"
969,0.70348,19,0.348678,0.826963,post_filter,False,0.5362,1.0,0.982126,0.348678,0.842479,25.8593,"overall IN (1,5)"
970,0.050727,0,0.826246,0.593463,pre_filter,False,3.0203,1.0,0.899325,0.833554,0.593463,25.6133,"main_cat IN ('Computers', 'Tools & Home Improvement')"
971,0.230635,3,0.516343,0.621699,post_filter,False,0.924,1.0,0.969201,0.516343,0.656449,25.3622,"main_cat IN ('Camera & Photo', 'Camera &amp; Photo', 'Cell Phones &amp; Accessories')"
972,0.751008,19,0.348678,0.842479,post_filter,False,0.9849,1.0,0.967169,0.348678,0.854948,25.171,"overall IN (1,2,5)"
973,0.300422,7,0.575488,0.858771,post_filter,False,0.4168,0.9,0.574266,0.575488,0.83032,25.161,"main_cat IN ('All Electronics', 'Books', 'Sports & Outdoors')"
974,0.7886,19,0.348678,0.854948,post_filter,False,0.8923,1.0,0.970257,0.348678,0.866479,25.1233,overall>=4.0
975,0.210713,2,0.629039,0.713648,post_filter,False,1.295,0.6,0.009663,0.629039,0.64325,25.3723,"main_cat IN ('Camera & Photo', 'Camera &amp; Photo')"
976,0.073033,0,0.833554,0.593463,pre_filter,False,4.0395,0.9,0.503943,0.800593,0.593463,25.5733,brand='Tiffen'
977,0.774129,19,0.348678,0.866479,post_filter,False,0.5889,1.0,0.980371,0.348678,0.877868,25.3887,"overall IN (1,3,5)"
978,0.12068,1,0.56248,0.826013,post_filter,False,0.8378,1.0,0.972072,0.56248,0.840619,25.1787,"main_cat IN ('Camera &amp; Photo', 'Cell Phones &amp; Accessories', 'Tools & Home Improvement')"
979,0.389743,11,0.556131,0.874502,post_filter,False,0.8578,1.0,0.971408,0.556131,0.884192,25.3802,overall<=4.0
980,0.248992,4,0.565391,0.847537,post_filter,False,1.0714,1.0,0.964288,0.565391,0.859212,25.3155,"overall IN (3,4)"
981,0.160682,1,0.56248,0.840619,pre_filter,False,9.2312,1.0,0.692294,0.575462,0.840619,25.1285,"main_cat IN ('Camera & Photo', 'Computers')"
982,0.319094,7,0.575488,0.83032,post_filter,False,0.3195,0.8,0.177425,0.575488,0.765031,26.5198,"overall IN (1,2,4)"
983,0.774129,19,0.348678,0.877868,post_filter,False,1.2661,1.0,0.957796,0.348678,0.885861,28.7617,"overall IN (1,3,5)"
984,0.658182,18,0.430467,0.922527,post_filter,False,0.7685,0.8889,0.50115,0.430467,0.88039,25.3012,verified=true AND overall>=3.0
985,0.952472,21,1.0,0.922978,post_filter,True,0.6934,1.0,0.976887,1.0,0.928369,24.9794,"overall IN (1,3,4,5)"
986,0.929351,21,1.0,0.928369,post_filter,True,0.7531,1.0,0.974897,1.0,0.933021,25.0237,"overall IN (1,2,4,5)"
987,0.929351,21,1.0,0.933021,post_filter,True,1.123,1.0,0.962567,1.0,0.935976,24.9823,"overall IN (1,2,4,5)"
988,0.7886,19,0.348678,0.885861,post_filter,False,0.991,1.0,0.966968,0.348678,0.893972,25.14,overall>=4.0
989,0.836128,20,0.38742,0.926592,post_filter,False,1.0574,1.0,0.964754,0.38742,0.930408,24.867,"overall IN (2,4,5)"
990,0.248992,4,0.565391,0.859212,post_filter,False,0.6269,0.9,0.570188,0.565391,0.830309,25.3063,"overall IN (3,4)"
991,0.7886,19,0.348678,0.893972,post_filter,False,0.7783,1.0,0.974057,0.348678,0.90198,25.1972,overall>=4.0
992,0.12068,1,0.575462,0.840619,post_filter,False,1.2166,1.0,0.959447,0.575462,0.852502,25.3591,"main_cat IN ('Camera &amp; Photo', 'Cell Phones &amp; Accessories', 'Tools & Home Improvement')"
993,0.751008,19,0.348678,0.90198,post_filter,False,0.8808,1.0,0.97064,0.348678,0.908846,25.052,"overall IN (1,2,5)"
994,0.952472,21,1.0,0.935976,post_filter,True,1.0785,1.0,0.964049,1.0,0.938783,25.2703,"overall IN (1,3,4,5)"
995,0.248992,4,0.565391,0.830309,post_filter,False,0.824,1.0,0.972533,0.565391,0.844532,25.3532,"overall IN (3,4)"
996,0.300422,7,0.575488,0.765031,post_filter,False,0.7746,1.0,0.974179,0.575488,0.785946,25.1279,"main_cat IN ('All Electronics', 'Books', 'Sports & Outdoors')"
997,0.728433,19,0.348678,0.908846,post_filter,False,0.8138,1.0,0.972872,0.348678,0.915249,25.6785,"overall IN (2,3,5)"
998,0.210713,2,0.629039,0.64325,post_filter,False,1.4156,0.9,0.554877,0.629039,0.634412,26.5632,"main_cat IN ('Camera & Photo', 'Camera &amp; Photo')"
999,0.210713,2,0.629039,0.634412,post_filter,False,0.863,1.0,0.971232,0.629039,0.668094,25.42,"main_cat IN ('Camera & Photo', 'Camera &amp; Photo')"
1000,0.140751,1,0.575462,0.852502,post_filter,False,0.9541,1.0,0.968196,0.575462,0.864071,26.2627,overall<=2.0
1001,0.610257,18,0.430467,0.88039,post_filter,False,0.8841,1.0,0.970529,0.430467,0.889404,26.501,overall>=5.0
1002,0.140751,1,0.575462,0.864071,post_filter,False,0.6803,1.0,0.977324,0.575462,0.875396,25.2768,overall<=2.0
1003,0.389743,11,0.556131,0.884192,post_filter,False,0.3842,0.2,0.0,0.556131,0.795773,25.0486,overall<=4.0
1004,0.821657,20,0.38742,0.930408,post_filter,False,0.9739,1.0,0.967536,0.38742,0.934121,24.8675,"overall IN (1,2,3,5)"
1005,0.728433,19,0.348678,0.915249,post_filter,False,0.8237,1.0,0.972542,0.348678,0.920978,24.9009,"overall IN (2,3,5)"
1006,0.300422,7,0.575488,0.785946,post_filter,False,0.9392,1.0,0.968692,0.575488,0.80422,24.7438,"main_cat IN ('All Electronics', 'Books', 'Sports & Outdoors')"
1007,0.339351,8,0.714565,0.800699,post_filter,False,0.4926,0.9,0.572794,0.714565,0.777908,24.9517,"main_cat IN ('Home Audio & Theater', 'Camera &amp; Photo', 'Sports & Outdoors')"
1008,0.7886,19,0.348678,0.920978,post_filter,False,0.9812,1.0,0.967293,0.348678,0.92561,24.717,overall>=4.0
1009,0.680906,18,0.430467,0.889404,post_filter,False,0.977,1.0,0.967432,0.430467,0.897207,24.96,"overall IN (3,5)"
1010,0.952472,21,1.0,0.938783,post_filter,True,0.8888,1.0,0.970375,1.0,0.941942,24.7426,"overall IN (1,3,4,5)"
1011,0.610257,18,0.430467,0.897207,post_filter,False,0.9139,1.0,0.969536,0.430467,0.904439,24.9615,overall>=5.0
1012,0.836128,20,0.38742,0.934121,post_filter,False,0.8184,1.0,0.972721,0.38742,0.937981,24.8989,"overall IN (2,4,5)"
1013,0.680906,18,0.430467,0.904439,post_filter,False,0.8943,1.0,0.970189,0.430467,0.911014,24.8937,"overall IN (3,5)"
1014,0.859249,20,0.38742,0.937981,post_filter,False,0.7775,1.0,0.974082,0.38742,0.941591,24.9299,overall>=3.0
1015,0.774129,19,0.348678,0.92561,post_filter,False,0.4107,1.0,0.98631,0.348678,0.93168,24.9225,"overall IN (1,3,5)"
1016,0.881823,20,0.38742,0.941591,post_filter,False,0.6381,1.0,0.978731,0.38742,0.945305,24.9962,"overall IN (1,4,5)"
1017,0.180604,1,0.575462,0.875396,post_filter,False,0.5072,1.0,0.983094,0.575462,0.886166,24.9239,"main_cat IN ('Camera & Photo', 'Computers', 'Cell Phones &amp; Accessories')"
1018,0.836128,20,0.38742,0.945305,post_filter,False,0.516,1.0,0.982799,0.38742,0.949054,24.844,"overall IN (2,4,5)"
1019,0.210713,2,0.629039,0.668094,post_filter,False,0.7561,1.0,0.974797,0.629039,0.698765,24.7455,"main_cat IN ('Camera & Photo', 'Camera &amp; Photo')"
1020,0.774129,19,0.348678,0.93168,post_filter,False,0.7787,1.0,0.974042,0.348678,0.935916,24.8145,"overall IN (1,3,5)"
1021,0.836128,20,0.38742,0.949054,post_filter,False,0.657,1.0,0.9781,0.38742,0.951959,24.8138,"overall IN (2,4,5)"
1022,0.728433,19,0.348678,0.935916,post_filter,False,0.7729,1.0,0.974238,0.348678,0.939748,24.575,"overall IN (2,3,5)"
1023,0.906777,21,1.0,0.941942,post_filter,True,0.8001,1.0,0.973331,1.0,0.945081,24.7315,overall>=2.0
1024,0.859249,20,0.38742,0.951959,post_filter,False,0.8159,1.0,0.972804,0.38742,0.954043,24.6466,overall>=3.0
1025,0.092237,0,0.800593,0.593463,pre_filter,False,5.5653,1.0,0.814492,0.801983,0.593463,24.8015,main_cat='Home Audio &amp; Theater' AND overall>=3.0
1026,0.658182,18,0.430467,0.911014,post_filter,False,0.6236,1.0,0.979214,0.430467,0.917834,24.7643,verified=true AND overall>=3.0
1027,0.389743,11,0.556131,0.795773,post_filter,False,0.7418,1.0,0.975274,0.556131,0.813723,25.0255,overall<=4.0
1028,0.658182,18,0.430467,0.917834,post_filter,False,0.9237,1.0,0.969211,0.430467,0.922972,24.8816,verified=true AND overall>=3.0
1029,0.7886,19,0.348678,0.939748,post_filter,False,0.7828,1.0,0.973907,0.348678,0.943164,24.9111,overall>=4.0
1030,0.300422,7,0.575488,0.80422,post_filter,False,0.9073,1.0,0.969758,0.575488,0.820774,24.7954,"main_cat IN ('All Electronics', 'Books', 'Sports & Outdoors')"
1031,0.092237,0,0.801983,0.593463,pre_filter,False,5.6062,1.0,0.813128,0.803097,0.593463,24.9684,main_cat='Home Audio &amp; Theater' AND overall>=3.0
1032,0.952472,21,1.0,0.945081,post_filter,True,0.8082,1.0,0.973061,1.0,0.947879,25.0169,"overall IN (1,3,4,5)"
1033,0.70348,19,0.348678,0.943164,post_filter,False,0.6749,1.0,0.977503,0.348678,0.946598,25.1041,"overall IN (1,5)"
1034,0.12068,1,0.575462,0.886166,post_filter,False,0.9017,1.0,0.969943,0.575462,0.894544,25.3577,"main_cat IN ('Camera &amp; Photo', 'Cell Phones &amp; Accessories', 'Tools & Home Improvement')"
1035,0.073033,0,0.803097,0.593463,pre_filter,False,3.8686,1.0,0.871047,0.809892,0.593463,25.0606,brand='Tiffen'
1036,0.881823,20,0.38742,0.954043,post_filter,False,0.8246,1.0,0.972514,0.38742,0.95589,24.9578,"overall IN (1,4,5)"
1037,0.680906,18,0.430467,0.922972,post_filter,False,0.4447,0.9,0.573723,0.430467,0.888047,24.932,"overall IN (3,5)"
1038,0.929351,21,1.0,0.947879,post_filter,True,0.7975,1.0,0.973418,1.0,0.950433,24.8733,"overall IN (1,2,4,5)"
1039,0.658182,18,0.430467,0.888047,post_filter,False,0.6738,1.0,0.977539,0.430467,0.896996,25.0016,verified=true AND overall>=3.0
1040,0.180604,1,0.575462,0.894544,post_filter,False,0.7933,1.0,0.973557,0.575462,0.902445,24.6725,"main_cat IN ('Camera & Photo', 'Computers', 'Cell Phones &amp; Accessories')"
1041,0.70348,19,0.348678,0.946598,pre_filter,False,49.3798,1.0,0.0,0.313811,0.946598,24.9021,"overall IN (1,5)"
1042,0.680906,18,0.430467,0.896996,post_filter,False,0.3107,0.4,0.000173,0.430467,0.807314,24.6905,"overall IN (3,5)"
1043,0.140751,1,0.575462,0.902445,post_filter,False,0.828,1.0,0.972401,0.575462,0.909441,24.9352,overall<=2.0
1044,0.160682,1,0.575462,0.909441,post_filter,False,0.8107,1.0,0.972976,0.575462,0.915794,24.884,"main_cat IN ('Camera & Photo', 'Computers')"
1045,0.270385,5,0.51314,0.702085,post_filter,False,0.882,1.0,0.9706,0.51314,0.728936,24.8925,"main_cat IN ('Home Audio & Theater', 'Books', 'Tools & Home Improvement')"
1046,0.906777,21,1.0,0.950433,post_filter,True,0.3573,1.0,0.98809,1.0,0.954199,24.955,overall>=2.0
1047,0.658182,18,0.430467,0.807314,post_filter,False,0.129,0.0,0.0,0.430467,0.726583,25.1103,verified=true AND overall>=3.0
1048,0.389743,11,0.556131,0.813723,post_filter,False,0.972,0.9,0.563488,0.556131,0.7887,25.0418,overall<=4.0
1049,0.12068,1,0.575462,0.915794,post_filter,False,0.8407,1.0,0.971975,0.575462,0.921412,25.0538,"main_cat IN ('Camera &amp; Photo', 'Cell Phones &amp; Accessories', 'Tools & Home Improvement')"
1050,0.774129,19,0.313811,0.946598,post_filter,False,0.5651,1.0,0.981164,0.313811,0.950054,24.8433,"overall IN (1,3,5)"
1051,0.180604,1,0.575462,0.921412,post_filter,False,0.928,1.0,0.969065,0.575462,0.926178,24.8988,"main_cat IN ('Camera & Photo', 'Computers', 'Cell Phones &amp; Accessories')"
1052,0.7886,19,0.313811,0.950054,post_filter,False,0.4526,0.0,0.0,0.313811,0.855049,25.3883,overall>=4.0
1053,0.70348,19,0.313811,0.855049,post_filter,False,1.2382,1.0,0.958726,0.313811,0.865417,24.8525,"overall IN (1,5)"
1054,0.610257,18,0.430467,0.726583,post_filter,False,1.0478,1.0,0.965072,0.430467,0.750432,24.9141,overall>=5.0
1055,0.092237,0,0.809892,0.593463,pre_filter,False,5.4817,1.0,0.817276,0.810631,0.593463,24.8628,main_cat='Home Audio &amp; Theater' AND overall>=3.0
1056,0.929351,21,1.0,0.954199,post_filter,True,0.8624,1.0,0.971253,1.0,0.955904,24.5793,"overall IN (1,2,4,5)"
1057,0.658182,18,0.430467,0.750432,post_filter,False,0.8714,1.0,0.970954,0.430467,0.772484,24.7211,verified=true AND overall>=3.0
1058,0.389743,11,0.556131,0.7887,pre_filter,False,91.3701,1.0,0.0,0.500518,0.7887,24.8045,overall<=4.0
1059,0.859249,20,0.38742,0.95589,post_filter,False,0.9946,1.0,0.966847,0.38742,0.956986,24.6808,overall>=3.0
1060,0.073033,0,0.810631,0.593463,pre_filter,False,3.9545,1.0,0.868183,0.816386,0.593463,27.8632,brand='Tiffen'
1061,0.389743,11,0.500518,0.7887,post_filter,False,1.6879,1.0,0.943738,0.500518,0.804203,26.3352,overall<=4.0
1062,0.140751,1,0.575462,0.926178,post_filter,False,1.1189,1.0,0.962703,0.575462,0.92983,25.7978,overall<=2.0
1063,0.658182,18,0.430467,0.772484,post_filter,False,1.5856,1.0,0.947147,0.430467,0.78995,25.3825,verified=true AND overall>=3.0
1064,0.339351,8,0.714565,0.777908,post_filter,False,1.5387,1.0,0.94871,0.714565,0.794988,25.0009,"main_cat IN ('Home Audio & Theater', 'Camera &amp; Photo', 'Sports & Outdoors')"
1065,0.389743,11,0.500518,0.804203,post_filter,False,1.2534,1.0,0.958221,0.500518,0.819605,24.972,overall<=4.0
1066,0.70348,19,0.313811,0.865417,post_filter,False,1.261,1.0,0.957967,0.313811,0.874672,25.1827,"overall IN (1,5)"
1067,0.073033,0,0.816386,0.593463,pre_filter,False,4.0841,1.0,0.863863,0.821134,0.593463,25.719,brand='Tiffen'
1068,0.680906,18,0.430467,0.78995,post_filter,False,1.2112,1.0,0.959628,0.430467,0.806918,25.2173,"overall IN (3,5)"
1069,0.389743,11,0.500518,0.819605,post_filter,False,0.6013,1.0,0.979957,0.500518,0.83564,25.8551,overall<=4.0
1070,0.774129,19,0.313811,0.874672,post_filter,False,1.3731,1.0,0.954231,0.313811,0.882628,25.6692,"overall IN (1,3,5)"
1071,0.859249,20,0.38742,0.956986,post_filter,False,0.9418,1.0,0.968606,0.38742,0.958148,25.2904,overall>=3.0
1072,0.248992,4,0.565391,0.844532,post_filter,False,0.8177,0.9,0.566483,0.565391,0.816727,25.1898,"overall IN (3,4)"
1073,0.821657,20,0.38742,0.958148,post_filter,False,0.4708,1.0,0.984307,0.38742,0.960764,25.2792,"overall IN (1,2,3,5)"
1074,0.050727,0,0.821134,0.593463,pre_filter,False,2.7847,1.0,0.907176,0.829738,0.593463,25.3407,"main_cat IN ('Computers', 'Tools & Home Improvement')"
1075,0.319094,7,0.575488,0.820774,post_filter,False,0.8991,1.0,0.970029,0.575488,0.8357,24.9871,"overall IN (1,2,4)"
1076,0.230635,3,0.516343,0.656449,post_filter,False,0.8159,0.7,0.045895,0.516343,0.595394,25.7189,"main_cat IN ('Camera & Photo', 'Camera &amp; Photo', 'Cell Phones &amp; Accessories')"
1077,0.881823,20,0.38742,0.960764,post_filter,False,0.5035,0.7,0.046387,0.38742,0.869326,25.0633,"overall IN (1,4,5)"
1078,0.050727,0,0.829738,0.593463,pre_filter,False,2.8883,1.0,0.903725,0.837137,0.593463,25.6346,"main_cat IN ('Computers', 'Tools & Home Improvement')"
1079,0.821657,20,0.38742,0.869326,pre_filter,False,62.0856,1.0,0.0,0.348678,0.869326,24.9048,"overall IN (1,2,3,5)"
1080,0.180604,1,0.575462,0.92983,post_filter,False,1.1517,1.0,0.961611,0.575462,0.933008,29.1841,"main_cat IN ('Camera & Photo', 'Computers', 'Cell Phones &amp; Accessories')"
1081,0.70348,19,0.313811,0.882628,post_filter,False,1.9647,1.0,0.934511,0.313811,0.887816,32.7616,"overall IN (1,5)"
1082,0.092237,0,0.837137,0.593463,pre_filter,False,10.3529,1.0,0.654904,0.818913,0.593463,26.1472,main_cat='Home Audio &amp; Theater' AND overall>=3.0
1083,0.073033,0,0.818913,0.593463,pre_filter,False,4.1112,1.0,0.86296,0.823318,0.593463,26.1557,brand='Tiffen'
1084,0.339351,8,0.714565,0.794988,post_filter,False,0.9939,1.0,0.966869,0.714565,0.812177,26.0599,"main_cat IN ('Home Audio & Theater', 'Camera &amp; Photo', 'Sports & Outdoors')"
1085,0.300422,7,0.575488,0.8357,post_filter,False,1.2336,1.0,0.958879,0.575488,0.848018,25.7079,"main_cat IN ('All Electronics', 'Books', 'Sports & Outdoors')"
1086,0.7886,19,0.313811,0.887816,post_filter,False,0.5689,0.9,0.571313,0.313811,0.856166,25.0192,overall>=4.0
1087,0.092237,0,0.823318,0.593463,pre_filter,False,5.5479,1.0,0.815069,0.822493,0.593463,25.1533,main_cat='Home Audio &amp; Theater' AND overall>=3.0
1088,0.680906,18,0.430467,0.806918,post_filter,False,1.0374,0.7,0.045547,0.430467,0.730781,24.9513,"overall IN (3,5)"
1089,0.073033,0,0.822493,0.593463,pre_filter,False,4.0927,1.0,0.863576,0.826601,0.593463,25.2697,brand='Tiffen'
1090,0.952472,21,1.0,0.955904,post_filter,True,1.1883,1.0,0.960392,1.0,0.956353,25.4342,"overall IN (1,3,4,5)"
1091,0.929351,21,1.0,0.956353,post_filter,True,1.0887,1.0,0.96371,1.0,0.957089,36.7353,"overall IN (1,2,4,5)"
1092,0.092237,0,0.826601,0.593463,post_filter,False,1.2385,1.0,0.958718,0.826601,0.629989,26.7542,main_cat='Home Audio &amp; Theater' AND overall>=3.0
1093,0.952472,21,1.0,0.957089,post_filter,True,0.8473,1.0,0.971757,1.0,0.958555,25.5534,"overall IN (1,3,4,5)"
1094,0.610257,18,0.430467,0.730781,post_filter,False,0.9798,1.0,0.96734,0.430467,0.754437,25.4966,overall>=5.0
1095,0.073033,0,0.826601,0.629989,pre_filter,False,4.1413,1.0,0.861956,0.830137,0.629989,26.7236,brand='Tiffen'
1096,0.248992,4,0.565391,0.816727,post_filter,False,1.1389,1.0,0.962038,0.565391,0.831258,25.7501,"overall IN (3,4)"
1097,0.339351,8,0.714565,0.812177,post_filter,False,0.8978,1.0,0.970075,0.714565,0.827966,25.2094,"main_cat IN ('Home Audio & Theater', 'Camera &amp; Photo', 'Sports & Outdoors')"
1098,0.160682,1,0.575462,0.933008,post_filter,False,0.6691,1.0,0.977696,0.575462,0.937477,25.2157,"main_cat IN ('Camera & Photo', 'Computers')"
1099,0.836128,20,0.348678,0.869326,post_filter,False,0.9906,1.0,0.966979,0.348678,0.879091,25.4061,"overall IN (2,4,5)"
1100,0.140751,1,0.575462,0.937477,post_filter,False,1.3372,0.0,0.0,0.575462,0.843729,26.5076,overall<=2.0
1101,0.836128,20,0.348678,0.879091,post_filter,False,0.769,1.0,0.974368,0.348678,0.888619,25.0861,"overall IN (2,4,5)"
1102,0.751008,19,0.313811,0.856166,post_filter,False,0.9444,1.0,0.968519,0.313811,0.867401,25.5666,"overall IN (1,2,5)"
1103,0.821657,20,0.348678,0.888619,post_filter,False,0.9621,1.0,0.967931,0.348678,0.89655,26.844,"overall IN (1,2,3,5)"
1104,0.751008,19,0.313811,0.867401,post_filter,False,0.9834,1.0,0.967219,0.313811,0.877383,26.6371,"overall IN (1,2,5)"
1105,0.339351,8,0.714565,0.827966,post_filter,False,0.9751,1.0,0.967496,0.714565,0.841919,25.555,"main_cat IN ('Home Audio & Theater', 'Camera &amp; Photo', 'Sports & Outdoors')"
1106,0.300422,7,0.575488,0.848018,post_filter,False,0.5943,1.0,0.980189,0.575488,0.861235,25.5992,"main_cat IN ('All Electronics', 'Books', 'Sports & Outdoors')"
1107,0.929351,21,1.0,0.958555,post_filter,True,1.1748,1.0,0.96084,1.0,0.958784,26.3953,"overall IN (1,2,4,5)"
1108,0.319094,7,0.575488,0.861235,post_filter,False,1.16,1.0,0.961332,0.575488,0.871244,27.7321,"overall IN (1,2,4)"
1109,0.389743,11,0.500518,0.83564,post_filter,False,1.1046,1.0,0.963179,0.500518,0.848394,25.518,overall<=4.0
1110,0.906777,21,1.0,0.958784,post_filter,True,0.7404,0.9,0.567985,1.0,0.919704,28.9453,overall>=2.0
1111,0.952472,21,1.0,0.919704,post_filter,True,1.015,1.0,0.966167,1.0,0.92435,25.6967,"overall IN (1,3,4,5)"
1112,0.952472,21,1.0,0.92435,post_filter,True,0.9514,1.0,0.968288,1.0,0.928744,26.052,"overall IN (1,3,4,5)"
1113,0.319094,7,0.575488,0.871244,post_filter,False,0.8621,1.0,0.971264,0.575488,0.881246,27.45,"overall IN (1,2,4)"
1114,0.319094,7,0.575488,0.881246,post_filter,False,0.5073,1.0,0.983089,0.575488,0.891431,25.3671,"overall IN (1,2,4)"
1115,0.092237,0,0.830137,0.629989,pre_filter,False,5.6165,1.0,0.812782,0.828401,0.629989,25.1041,main_cat='Home Audio &amp; Theater' AND overall>=3.0
1116,0.774129,19,0.313811,0.877383,post_filter,False,0.4875,1.0,0.98375,0.313811,0.88802,24.9683,"overall IN (1,3,5)"
1117,0.774129,19,0.313811,0.88802,post_filter,False,0.9126,1.0,0.969579,0.313811,0.896176,25.1148,"overall IN (1,3,5)"
1118,0.906777,21,1.0,0.928744,post_filter,True,0.7968,1.0,0.97344,1.0,0.933214,24.8318,overall>=2.0
1119,0.680906,18,0.430467,0.754437,post_filter,False,0.4959,1.0,0.983469,0.430467,0.77734,25.1838,"overall IN (3,5)"
1120,0.140751,1,0.575462,0.843729,post_filter,False,0.7615,0.7,0.045981,0.575462,0.763954,25.2462,overall<=2.0
1121,0.751008,19,0.313811,0.896176,post_filter,False,0.8687,1.0,0.971042,0.313811,0.903662,25.1036,"overall IN (1,2,5)"
1122,0.906777,21,1.0,0.933214,post_filter,True,0.9375,1.0,0.96875,1.0,0.936767,24.8722,overall>=2.0
1123,0.300422,7,0.575488,0.891431,post_filter,False,0.3814,0.9,0.574953,0.575488,0.859783,24.995,"main_cat IN ('All Electronics', 'Books', 'Sports & Outdoors')"
1124,0.12068,1,0.575462,0.763954,post_filter,False,1.0181,1.0,0.966062,0.575462,0.784165,25.5439,"main_cat IN ('Camera &amp; Photo', 'Cell Phones &amp; Accessories', 'Tools & Home Improvement')"
1125,0.160682,1,0.575462,0.784165,post_filter,False,0.6903,1.0,0.976989,0.575462,0.803448,25.2157,"main_cat IN ('Camera & Photo', 'Computers')"
1126,0.680906,18,0.430467,0.77734,post_filter,False,0.4409,1.0,0.985304,0.430467,0.798136,25.1105,"overall IN (3,5)"
1127,0.319094,7,0.575488,0.859783,post_filter,False,0.4764,1.0,0.984119,0.575488,0.872217,24.8238,"overall IN (1,2,4)"
1128,0.658182,18,0.430467,0.798136,post_filter,False,0.95,1.0,0.968332,0.430467,0.815156,25.025,verified=true AND overall>=3.0
1129,0.140751,1,0.575462,0.803448,pre_filter,False,16.0837,1.0,0.463876,0.564303,0.803448,29.1965,overall<=2.0
1130,0.821657,20,0.348678,0.89655,post_filter,False,1.3054,1.0,0.956486,0.348678,0.902544,27.0994,"overall IN (1,2,3,5)"
1131,0.210713,2,0.629039,0.698765,post_filter,False,1.1486,1.0,0.961713,0.629039,0.725059,33.3497,"main_cat IN ('Camera & Photo', 'Camera &amp; Photo')"
1132,0.881823,20,0.348678,0.902544,post_filter,False,0.614,1.0,0.979535,0.348678,0.910243,27.8568,"overall IN (1,4,5)"
1133,0.050727,0,0.828401,0.629989,pre_filter,False,3.2863,1.0,0.890457,0.834607,0.629989,28.1332,"main_cat IN ('Computers', 'Tools & Home Improvement')"
1134,0.836128,20,0.348678,0.910243,post_filter,False,0.9888,1.0,0.967039,0.348678,0.915923,36.2501,"overall IN (2,4,5)"
1135,0.050727,0,0.834607,0.629989,pre_filter,False,3.7893,1.0,0.873689,0.838515,0.629989,33.4504,"main_cat IN ('Computers', 'Tools & Home Improvement')"
1136,0.248992,4,0.565391,0.831258,post_filter,False,0.781,0.0,0.0,0.565391,0.748132,32.938,"overall IN (3,4)"
1137,0.389743,11,0.500518,0.848394,post_filter,False,1.6997,1.0,0.943344,0.500518,0.857889,31.858,overall<=4.0
1138,0.774129,19,0.313811,0.903662,post_filter,False,1.3385,1.0,0.955383,0.313811,0.908834,32.511,"overall IN (1,3,5)"
1139,0.821657,20,0.348678,0.915923,post_filter,False,1.311,1.0,0.956299,0.348678,0.91996,30.091,"overall IN (1,2,3,5)"
1140,0.680906,18,0.430467,0.815156,post_filter,False,1.1594,0.9,0.559851,0.430467,0.789626,28.9385,"overall IN (3,5)"
1141,0.339351,8,0.714565,0.841919,post_filter,False,0.9105,1.0,0.969649,0.714565,0.854692,32.96,"main_cat IN ('Home Audio & Theater', 'Camera &amp; Photo', 'Sports & Outdoors')"
1142,0.680906,18,0.430467,0.789626,post_filter,False,0.6545,1.0,0.978182,0.430467,0.808481,31.1572,"overall IN (3,5)"
1143,0.319094,7,0.575488,0.872217,post_filter,False,1.2067,1.0,0.959775,0.575488,0.880972,31.5674,"overall IN (1,2,4)"
1144,0.881823,20,0.348678,0.91996,post_filter,False,1.0575,1.0,0.964751,0.348678,0.924439,27.6224,"overall IN (1,4,5)"
1145,0.210713,2,0.629039,0.725059,post_filter,False,1.7528,0.6,0.009509,0.629039,0.653504,28.5475,"main_cat IN ('Camera & Photo', 'Camera &amp; Photo')"
1146,0.210713,2,0.629039,0.653504,post_filter,False,0.8728,1.0,0.970907,0.629039,0.685245,28.4624,"main_cat IN ('Camera & Photo', 'Camera &amp; Photo')"
1147,0.389743,11,0.500518,0.857889,post_filter,False,1.1815,1.0,0.960617,0.500518,0.868162,26.588,overall<=4.0
1148,0.300422,7,0.575488,0.880972,post_filter,False,1.5565,1.0,0.948117,0.575488,0.887687,34.7855,"main_cat IN ('All Electronics', 'Books', 'Sports & Outdoors')"
1149,0.140751,1,0.564303,0.803448,post_filter,False,0.8605,1.0,0.971317,0.564303,0.820235,29.2697,overall<=2.0
1150,0.230635,3,0.516343,0.595394,post_filter,False,1.9749,1.0,0.934169,0.516343,0.629271,28.0317,"main_cat IN ('Camera & Photo', 'Camera &amp; Photo', 'Cell Phones &amp; Accessories')"
1151,0.180604,1,0.564303,0.820235,post_filter,False,1.4913,0.9,0.553409,0.564303,0.793552,41.2664,"main_cat IN ('Camera & Photo', 'Computers', 'Cell Phones &amp; Accessories')"
1152,0.952472,21,1.0,0.936767,post_filter,True,0.8728,1.0,0.970906,1.0,0.940181,29.4261,"overall IN (1,3,4,5)"
1153,0.929351,21,1.0,0.940181,post_filter,True,1.4964,1.0,0.950119,1.0,0.941175,27.5049,"overall IN (1,2,4,5)"
1154,0.821657,20,0.348678,0.924439,post_filter,False,0.2302,0.0,0.0,0.348678,0.831995,26.6838,"overall IN (1,2,3,5)"
1155,0.836128,20,0.348678,0.831995,post_filter,False,1.5715,1.0,0.947617,0.348678,0.843557,27.411,"overall IN (2,4,5)"
1156,0.12068,1,0.564303,0.793552,post_filter,False,0.7765,1.0,0.974117,0.564303,0.811608,27.454,"main_cat IN ('Camera &amp; Photo', 'Cell Phones &amp; Accessories', 'Tools & Home Improvement')"
1157,0.073033,0,0.838515,0.629989,pre_filter,False,4.8086,1.0,0.839714,0.838635,0.629989,45.2957,brand='Tiffen'
1158,0.859249,20,0.348678,0.843557,post_filter,False,0.8957,1.0,0.970143,0.348678,0.856216,28.1498,overall>=3.0
1159,0.774129,19,0.313811,0.908834,post_filter,False,2.3815,1.0,0.920615,0.313811,0.910012,31.0835,"overall IN (1,3,5)"
1160,0.339351,8,0.714565,0.854692,post_filter,False,1.4709,1.0,0.950969,0.714565,0.86432,32.8056,"main_cat IN ('Home Audio & Theater', 'Camera &amp; Photo', 'Sports & Outdoors')"
1161,0.728433,19,0.313811,0.910012,post_filter,False,2.1372,1.0,0.92876,0.313811,0.911887,46.614,"overall IN (2,3,5)"
1162,0.836128,20,0.348678,0.856216,post_filter,False,1.31,1.0,0.956332,0.348678,0.866228,30.8208,"overall IN (2,4,5)"
1163,0.952472,21,1.0,0.941175,post_filter,True,1.1224,1.0,0.962586,1.0,0.943316,33.4058,"overall IN (1,3,4,5)"
1164,0.929351,21,1.0,0.943316,post_filter,True,0.9533,1.0,0.968224,1.0,0.945807,33.7978,"overall IN (1,2,4,5)"
1165,0.929351,21,1.0,0.945807,post_filter,True,1.729,1.0,0.942368,1.0,0.945463,37.3624,"overall IN (1,2,4,5)"
1166,0.050727,0,0.838635,0.629989,pre_filter,False,5.5883,1.0,0.813724,0.836144,0.629989,31.486,"main_cat IN ('Computers', 'Tools & Home Improvement')"
1167,0.210713,2,0.629039,0.685245,post_filter,False,1.7734,0.9,0.547932,0.629039,0.671513,26.9326,"main_cat IN ('Camera & Photo', 'Camera &amp; Photo')"
1168,0.180604,1,0.564303,0.811608,post_filter,False,1.0913,1.0,0.963622,0.564303,0.82681,26.2164,"main_cat IN ('Camera & Photo', 'Computers', 'Cell Phones &amp; Accessories')"
1169,0.092237,0,0.836144,0.629989,pre_filter,False,7.3082,1.0,0.756392,0.828169,0.629989,31.316,main_cat='Home Audio &amp; Theater' AND overall>=3.0
1170,0.12068,1,0.564303,0.82681,pre_filter,False,8.1407,1.0,0.728643,0.580737,0.82681,30.0082,"main_cat IN ('Camera &amp; Photo', 'Cell Phones &amp; Accessories', 'Tools & Home Improvement')"
1171,0.728433,19,0.313811,0.911887,post_filter,False,1.6003,1.0,0.946656,0.313811,0.915364,28.1706,"overall IN (2,3,5)"
1172,0.073033,0,0.828169,0.629989,pre_filter,False,4.5566,0.9,0.493904,0.794742,0.629989,28.1705,brand='Tiffen'
1173,0.389743,11,0.500518,0.868162,post_filter,False,1.2207,1.0,0.95931,0.500518,0.877277,31.9347,overall<=4.0
1174,0.728433,19,0.313811,0.915364,post_filter,False,0.8055,0.8,0.17452,0.313811,0.84128,28.2291,"overall IN (2,3,5)"
1175,0.774129,19,0.313811,0.84128,post_filter,False,0.9204,0.8889,0.498546,0.313811,0.807006,27.7327,"overall IN (1,3,5)"
1176,0.7886,19,0.313811,0.807006,post_filter,False,0.9225,1.0,0.96925,0.313811,0.823231,26.1652,overall>=4.0
1177,0.906777,21,1.0,0.945463,post_filter,True,1.2345,1.0,0.958849,1.0,0.946801,26.0707,overall>=2.0
1178,0.073033,0,0.794742,0.629989,post_filter,False,1.2438,1.0,0.958539,0.794742,0.662844,25.9106,brand='Tiffen'
1179,0.210713,2,0.629039,0.671513,post_filter,False,1.1961,1.0,0.960129,0.629039,0.700375,25.3607,"main_cat IN ('Camera & Photo', 'Camera &amp; Photo')"
1180,0.821657,20,0.348678,0.866228,post_filter,False,0.8765,1.0,0.970785,0.348678,0.876683,28.0746,"overall IN (1,2,3,5)"
1181,0.073033,0,0.794742,0.662844,pre_filter,False,4.3241,1.0,0.855864,0.800854,0.662844,28.158,brand='Tiffen'
1182,0.319094,7,0.575488,0.887687,post_filter,False,1.0443,1.0,0.96519,0.575488,0.895437,26.582,"overall IN (1,2,4)"
1183,0.389743,11,0.500518,0.877277,post_filter,False,0.6688,0.9,0.569374,0.500518,0.846487,25.426,overall<=4.0
1184,0.210713,2,0.629039,0.700375,pre_filter,False,26.7211,1.0,0.109296,0.577065,0.700375,25.1999,"main_cat IN ('Camera & Photo', 'Camera &amp; Photo')"
1185,0.680906,18,0.430467,0.808481,post_filter,False,1.0696,0.9,0.561594,0.430467,0.783792,25.8269,"overall IN (3,5)"
1186,0.180604,1,0.580737,0.82681,post_filter,False,0.8077,1.0,0.973078,0.580737,0.841437,25.9709,"main_cat IN ('Camera & Photo', 'Computers', 'Cell Phones &amp; Accessories')"
1187,0.836128,20,0.348678,0.876683,post_filter,False,1.0389,1.0,0.965369,0.348678,0.885552,25.9401,"overall IN (2,4,5)"
1188,0.906777,21,1.0,0.946801,post_filter,True,0.9875,1.0,0.967082,1.0,0.94883,25.7712,overall>=2.0
1189,0.836128,20,0.348678,0.885552,post_filter,False,0.9984,1.0,0.966721,0.348678,0.893669,25.2109,"overall IN (2,4,5)"
1190,0.073033,0,0.800854,0.662844,pre_filter,False,4.013,1.0,0.866232,0.807392,0.662844,26.5507,brand='Tiffen'
1191,0.140751,1,0.580737,0.841437,post_filter,False,0.8577,0.2,0.0,0.580737,0.757293,29.1007,overall<=2.0
1192,0.658182,18,0.430467,0.783792,post_filter,False,1.0608,1.0,0.96464,0.430467,0.801877,25.8115,verified=true AND overall>=3.0
1193,0.248992,4,0.565391,0.748132,post_filter,False,1.1688,1.0,0.96104,0.565391,0.769423,26.1072,"overall IN (3,4)"
1194,0.210713,2,0.577065,0.700375,post_filter,False,1.2155,0.6,0.00969,0.577065,0.631306,26.2908,"main_cat IN ('Camera & Photo', 'Camera &amp; Photo')"
1195,0.881823,20,0.348678,0.893669,post_filter,False,1.1192,1.0,0.962693,0.348678,0.900571,25.8239,"overall IN (1,4,5)"
1196,0.952472,21,1.0,0.94883,post_filter,True,0.5002,1.0,0.983328,1.0,0.952279,26.8471,"overall IN (1,3,4,5)"
1197,0.821657,20,0.348678,0.900571,post_filter,False,0.8845,1.0,0.970515,0.348678,0.907566,27.7008,"overall IN (1,2,3,5)"
1198,0.70348,19,0.313811,0.823231,post_filter,False,1.1606,1.0,0.961314,0.313811,0.837039,28.8856,"overall IN (1,5)"
1199,0.270385,5,0.51314,0.728936,post_filter,False,1.5673,1.0,0.947757,0.51314,0.750818,26.4183,"main_cat IN ('Home Audio & Theater', 'Books', 'Tools & Home Improvement')"
1200,0.70348,19,0.313811,0.837039,post_filter,False,1.1343,1.0,0.962192,0.313811,0.849554,27.458,"overall IN (1,5)"
1201,0.728433,19,0.313811,0.849554,pre_filter,False,116.8162,1.0,0.0,0.28243,0.849554,26.5624,"overall IN (2,3,5)"
1202,0.836128,20,0.348678,0.907566,pre_filter,False,52.9392,1.0,0.0,0.313811,0.907566,25.423,"overall IN (2,4,5)"
1203,0.774129,19,0.28243,0.849554,post_filter,False,0.9262,1.0,0.969126,0.28243,0.861511,26.1345,"overall IN (1,3,5)"
1204,0.881823,20,0.313811,0.907566,post_filter,False,0.8817,1.0,0.97061,0.313811,0.91387,25.6044,"overall IN (1,4,5)"
1205,0.270385,5,0.51314,0.750818,post_filter,False,0.8954,0.9,0.564975,0.51314,0.732234,25.5507,"main_cat IN ('Home Audio & Theater', 'Books', 'Tools & Home Improvement')"
1206,0.210713,2,0.577065,0.631306,post_filter,False,1.0638,0.9,0.561706,0.577065,0.624346,25.8006,"main_cat IN ('Camera & Photo', 'Camera &amp; Photo')"
1207,0.248992,4,0.565391,0.769423,pre_filter,False,31.0384,1.0,0.0,0.508852,0.769423,25.302,"overall IN (3,4)"
1208,0.929351,21,1.0,0.952279,post_filter,True,0.9844,1.0,0.967186,1.0,0.95377,25.2784,"overall IN (1,2,4,5)"
1209,0.140751,1,0.580737,0.757293,pre_filter,False,13.5081,1.0,0.549731,0.577637,0.757293,25.4923,overall<=2.0
1210,0.774129,19,0.28243,0.861511,post_filter,False,0.8898,1.0,0.970339,0.28243,0.872394,26.0491,"overall IN (1,3,5)"
1211,0.658182,18,0.430467,0.801877,post_filter,False,0.9304,0.9,0.564296,0.430467,0.778119,25.5505,verified=true AND overall>=3.0
1212,0.210713,2,0.577065,0.624346,post_filter,False,1.027,1.0,0.965768,0.577065,0.658489,26.1882,"main_cat IN ('Camera & Photo', 'Camera &amp; Photo')"
1213,0.339351,8,0.714565,0.86432,post_filter,False,0.8697,0.8,0.174136,0.714565,0.795302,26.9081,"main_cat IN ('Home Audio & Theater', 'Camera &amp; Photo', 'Sports & Outdoors')"
1214,0.248992,4,0.508852,0.769423,post_filter,False,1.1237,1.0,0.962544,0.508852,0.788735,26.1093,"overall IN (3,4)"
1215,0.230635,3,0.516343,0.629271,post_filter,False,0.8972,1.0,0.970094,0.516343,0.663354,24.8117,"main_cat IN ('Camera & Photo', 'Camera &amp; Photo', 'Cell Phones &amp; Accessories')"
1216,0.073033,0,0.807392,0.662844,pre_filter,False,3.8989,1.0,0.870036,0.813657,0.662844,24.8911,brand='Tiffen'
1217,0.680906,18,0.430467,0.778119,post_filter,False,0.3868,0.9,0.574849,0.430467,0.757792,24.862,"overall IN (3,5)"
1218,0.70348,19,0.28243,0.872394,post_filter,False,0.5935,1.0,0.980217,0.28243,0.883176,25.1907,"overall IN (1,5)"
1219,0.929351,21,1.0,0.95377,post_filter,True,0.5922,1.0,0.980261,1.0,0.956419,25.0741,"overall IN (1,2,4,5)"
1220,0.821657,20,0.313811,0.91387,post_filter,False,0.7926,1.0,0.973581,0.313811,0.919841,24.9232,"overall IN (1,2,3,5)"
1221,0.952472,21,1.0,0.956419,post_filter,True,0.7963,1.0,0.973457,1.0,0.958123,24.6755,"overall IN (1,3,4,5)"
1222,0.160682,1,0.577637,0.757293,post_filter,False,0.931,1.0,0.968968,0.577637,0.77846,24.7942,"main_cat IN ('Camera & Photo', 'Computers')"
1223,0.751008,19,0.28243,0.883176,post_filter,False,0.8731,1.0,0.970896,0.28243,0.891948,24.9466,"overall IN (1,2,5)"
1224,0.774129,19,0.28243,0.891948,post_filter,False,0.3801,1.0,0.987331,0.28243,0.901487,24.971,"overall IN (1,3,5)"
1225,0.339351,8,0.714565,0.795302,post_filter,False,0.7749,1.0,0.974171,0.714565,0.813188,25.7805,"main_cat IN ('Home Audio & Theater', 'Camera &amp; Photo', 'Sports & Outdoors')"
1226,0.680906,18,0.430467,0.757792,post_filter,False,0.5894,1.0,0.980354,0.430467,0.780048,26.8613,"overall IN (3,5)"
1227,0.610257,18,0.430467,0.780048,post_filter,False,1.2103,1.0,0.959656,0.430467,0.798009,26.4067,overall>=5.0
1228,0.073033,0,0.813657,0.662844,pre_filter,False,4.5529,1.0,0.848238,0.817115,0.662844,26.0889,brand='Tiffen'
1229,0.300422,7,0.575488,0.895437,post_filter,False,1.6832,1.0,0.943892,0.575488,0.900283,27.6119,"main_cat IN ('All Electronics', 'Books', 'Sports & Outdoors')"
1230,0.751008,19,0.28243,0.901487,post_filter,False,0.9163,1.0,0.969457,0.28243,0.908284,28.2449,"overall IN (1,2,5)"
1231,0.774129,19,0.28243,0.908284,post_filter,False,1.0126,1.0,0.966246,0.28243,0.91408,27.6524,"overall IN (1,3,5)"
1232,0.319094,7,0.575488,0.900283,post_filter,False,0.405,0.9,0.574494,0.575488,0.867704,26.0912,"overall IN (1,2,4)"
1233,0.859249,20,0.313811,0.919841,post_filter,False,0.9947,1.0,0.966844,0.313811,0.924541,25.2086,overall>=3.0
1234,0.658182,18,0.430467,0.798009,post_filter,False,0.7094,0.9,0.568586,0.430467,0.775067,25.3547,verified=true AND overall>=3.0
1235,0.270385,5,0.51314,0.732234,post_filter,False,0.6737,1.0,0.977544,0.51314,0.756765,25.1579,"main_cat IN ('Home Audio & Theater', 'Books', 'Tools & Home Improvement')"
1236,0.7886,19,0.28243,0.91408,post_filter,False,0.8094,1.0,0.973019,0.28243,0.919974,28.4306,overall>=4.0
1237,0.339351,8,0.714565,0.813188,post_filter,False,0.9096,1.0,0.969679,0.714565,0.828838,25.1895,"main_cat IN ('Home Audio & Theater', 'Camera &amp; Photo', 'Sports & Outdoors')"
1238,0.339351,8,0.714565,0.828838,post_filter,False,0.7442,1.0,0.975193,0.714565,0.843473,25.4331,"main_cat IN ('Home Audio & Theater', 'Camera &amp; Photo', 'Sports & Outdoors')"
1239,0.140751,1,0.577637,0.77846,post_filter,False,0.4901,1.0,0.983664,0.577637,0.798981,25.2335,overall<=2.0
1240,0.248992,4,0.508852,0.788735,post_filter,False,0.636,1.0,0.9788,0.508852,0.807742,25.4163,"overall IN (3,4)"
1241,0.319094,7,0.575488,0.867704,post_filter,False,0.4665,0.8889,0.506329,0.575488,0.831566,25.3745,"overall IN (1,2,4)"
1242,0.160682,1,0.577637,0.798981,post_filter,False,0.8743,1.0,0.970857,0.577637,0.816168,28.1855,"main_cat IN ('Camera & Photo', 'Computers')"
1243,0.836128,20,0.313811,0.924541,post_filter,False,0.8929,1.0,0.970237,0.313811,0.929111,25.7507,"overall IN (2,4,5)"
1244,0.680906,18,0.430467,0.775067,post_filter,False,0.372,1.0,0.987601,0.430467,0.79632,25.5305,"overall IN (3,5)"
1245,0.610257,18,0.430467,0.79632,post_filter,False,1.1111,1.0,0.962964,0.430467,0.812985,24.9624,overall>=5.0
1246,0.210713,2,0.577065,0.658489,post_filter,False,1.1075,1.0,0.963082,0.577065,0.688948,25.7701,"main_cat IN ('Camera & Photo', 'Camera &amp; Photo')"
1247,0.906777,21,1.0,0.958123,post_filter,True,0.9862,1.0,0.967128,1.0,0.959023,25.1348,overall>=2.0
1248,0.210713,2,0.577065,0.688948,post_filter,False,0.9179,0.9,0.564539,0.577065,0.676507,25.5085,"main_cat IN ('Camera & Photo', 'Camera &amp; Photo')"
1249,0.248992,4,0.508852,0.807742,post_filter,False,0.6178,1.0,0.979407,0.508852,0.824908,25.3077,"overall IN (3,4)"
1250,0.906777,21,1.0,0.959023,post_filter,True,1.0074,1.0,0.966421,1.0,0.959763,29.3657,overall>=2.0
1251,0.7886,19,0.28243,0.919974,post_filter,False,1.1639,1.0,0.961203,0.28243,0.924097,30.3084,overall>=4.0
1252,0.140751,1,0.577637,0.816168,post_filter,False,0.8653,1.0,0.971158,0.577637,0.831667,30.3409,overall<=2.0
1253,0.859249,20,0.313811,0.929111,post_filter,False,1.6111,1.0,0.946297,0.313811,0.93083,35.402,overall>=3.0
1254,0.389743,11,0.500518,0.846487,post_filter,False,0.907,1.0,0.969765,0.500518,0.858814,26.0802,overall<=4.0
1255,0.952472,21,1.0,0.959763,post_filter,True,1.1277,1.0,0.962408,1.0,0.960028,28.2947,"overall IN (1,3,4,5)"
1256,0.073033,0,0.817115,0.662844,pre_filter,False,4.2787,0.9,0.499299,0.785333,0.662844,25.5358,brand='Tiffen'
1257,0.680906,18,0.430467,0.812985,post_filter,False,0.8767,1.0,0.970778,0.430467,0.828764,25.1042,"overall IN (3,5)"
1258,0.339351,8,0.714565,0.843473,post_filter,False,0.5581,1.0,0.981397,0.714565,0.857266,25.3616,"main_cat IN ('Home Audio & Theater', 'Camera &amp; Photo', 'Sports & Outdoors')"
1259,0.339351,8,0.714565,0.857266,pre_filter,False,38.3712,1.0,0.0,0.643108,0.857266,25.4588,"main_cat IN ('Home Audio & Theater', 'Camera &amp; Photo', 'Sports & Outdoors')"
1260,0.680906,18,0.430467,0.828764,post_filter,False,0.9563,1.0,0.968124,0.430467,0.8427,24.7989,"overall IN (3,5)"
1261,0.658182,18,0.430467,0.8427,post_filter,False,0.375,1.0,0.987499,0.430467,0.85718,25.4258,verified=true AND overall>=3.0
1262,0.140751,1,0.577637,0.831667,post_filter,False,1.424,0.2,0.0,0.577637,0.748501,26.8655,overall<=2.0
1263,0.319094,7,0.575488,0.831566,post_filter,False,0.7157,1.0,0.976143,0.575488,0.846024,25.7394,"overall IN (1,2,4)"
1264,0.210713,2,0.577065,0.676507,pre_filter,False,12.9902,1.0,0.566994,0.576058,0.676507,25.4021,"main_cat IN ('Camera & Photo', 'Camera &amp; Photo')"
1265,0.230635,3,0.516343,0.663354,post_filter,False,0.8405,0.9,0.56604,0.516343,0.653622,25.1857,"main_cat IN ('Camera & Photo', 'Camera &amp; Photo', 'Cell Phones &amp; Accessories')"
1266,0.180604,1,0.577637,0.748501,post_filter,False,1.0202,1.0,0.965993,0.577637,0.77025,25.2938,"main_cat IN ('Camera & Photo', 'Computers', 'Cell Phones &amp; Accessories')"
1267,0.270385,5,0.51314,0.756765,post_filter,False,0.7579,1.0,0.974737,0.51314,0.778562,25.0363,"main_cat IN ('Home Audio & Theater', 'Books', 'Tools & Home Improvement')"
1268,0.751008,19,0.28243,0.924097,post_filter,False,0.856,1.0,0.971468,0.28243,0.928834,25.0972,"overall IN (1,2,5)"
1269,0.092237,0,0.785333,0.662844,pre_filter,False,5.7993,1.0,0.806689,0.787469,0.662844,25.2701,main_cat='Home Audio &amp; Theater' AND overall>=3.0
1270,0.952472,21,1.0,0.960028,post_filter,True,0.7832,1.0,0.973893,1.0,0.961414,25.2682,"overall IN (1,3,4,5)"
1271,0.389743,11,0.500518,0.858814,post_filter,False,0.9775,1.0,0.967415,0.500518,0.869674,25.0253,overall<=4.0
1272,0.906777,21,1.0,0.961414,post_filter,True,1.0099,1.0,0.966337,1.0,0.961907,25.1726,overall>=2.0
1273,0.300422,7,0.575488,0.846024,post_filter,False,0.4913,0.0,0.0,0.575488,0.761422,25.5914,"main_cat IN ('All Electronics', 'Books', 'Sports & Outdoors')"
1274,0.092237,0,0.787469,0.662844,pre_filter,False,5.4945,1.0,0.81685,0.790407,0.662844,25.6505,main_cat='Home Audio &amp; Theater' AND overall>=3.0
1275,0.680906,18,0.430467,0.85718,post_filter,False,0.6788,1.0,0.977374,0.430467,0.869199,25.4467,"overall IN (3,5)"
1276,0.821657,20,0.313811,0.93083,post_filter,False,0.9695,0.9,0.563537,0.313811,0.8941,25.1818,"overall IN (1,2,3,5)"
1277,0.881823,20,0.313811,0.8941,post_filter,False,0.7017,1.0,0.976611,0.313811,0.902351,25.0135,"overall IN (1,4,5)"
1278,0.180604,1,0.577637,0.77025,post_filter,False,0.8206,1.0,0.972646,0.577637,0.79049,26.1189,"main_cat IN ('Camera & Photo', 'Computers', 'Cell Phones &amp; Accessories')"
1279,0.073033,0,0.790407,0.662844,pre_filter,False,4.0165,0.8,0.155325,0.726899,0.662844,25.5084,brand='Tiffen'
1280,0.230635,3,0.516343,0.653622,post_filter,False,1.0549,0.9,0.56188,0.516343,0.644448,25.0711,"main_cat IN ('Camera & Photo', 'Camera &amp; Photo', 'Cell Phones &amp; Accessories')"
1281,0.319094,7,0.575488,0.761422,post_filter,False,0.873,0.9,0.565409,0.575488,0.74182,25.3985,"overall IN (1,2,4)"
1282,0.774129,19,0.28243,0.928834,post_filter,False,0.8525,1.0,0.971582,0.28243,0.933109,25.1581,"overall IN (1,3,5)"
1283,0.728433,19,0.28243,0.933109,post_filter,False,0.7322,1.0,0.975594,0.28243,0.937357,25.2177,"overall IN (2,3,5)"
1284,0.728433,19,0.28243,0.937357,post_filter,False,0.8312,1.0,0.972294,0.28243,0.940851,25.2308,"overall IN (2,3,5)"
1285,0.073033,0,0.726899,0.662844,pre_filter,False,3.8571,1.0,0.871431,0.741352,0.662844,24.9926,brand='Tiffen'
1286,0.906777,21,1.0,0.961907,post_filter,True,0.4759,1.0,0.984136,1.0,0.964129,24.9789,overall>=2.0
1287,0.092237,0,0.741352,0.662844,pre_filter,False,5.6066,1.0,0.813113,0.748528,0.662844,25.0738,main_cat='Home Audio &amp; Theater' AND overall>=3.0
1288,0.180604,1,0.577637,0.79049,post_filter,False,1.0003,1.0,0.966657,0.577637,0.808106,24.994,"main_cat IN ('Camera & Photo', 'Computers', 'Cell Phones &amp; Accessories')"
1289,0.859249,20,0.313811,0.902351,post_filter,False,0.7302,1.0,0.97566,0.313811,0.909682,25.0198,overall>=3.0
1290,0.836128,20,0.313811,0.909682,post_filter,False,0.8117,1.0,0.972944,0.313811,0.916008,24.9812,"overall IN (2,4,5)"
1291,0.70348,19,0.28243,0.940851,post_filter,False,0.7806,0.9,0.567204,0.28243,0.903486,25.9451,"overall IN (1,5)"
1292,0.821657,20,0.313811,0.916008,post_filter,False,0.7605,1.0,0.974651,0.313811,0.921873,25.1944,"overall IN (1,2,3,5)"
1293,0.774129,19,0.28243,0.903486,post_filter,False,0.9067,1.0,0.969776,0.28243,0.910115,25.5868,"overall IN (1,3,5)"
1294,0.680906,18,0.430467,0.869199,post_filter,False,0.9128,1.0,0.969574,0.430467,0.879237,25.4891,"overall IN (3,5)"
1295,0.180604,1,0.577637,0.808106,post_filter,False,0.67,1.0,0.977668,0.577637,0.825062,27.5492,"main_cat IN ('Camera & Photo', 'Computers', 'Cell Phones &amp; Accessories')"
1296,0.610257,18,0.430467,0.879237,post_filter,False,0.1642,0.0,0.0,0.430467,0.791313,26.3734,overall>=5.0
1297,0.180604,1,0.577637,0.825062,post_filter,False,0.9297,1.0,0.969008,0.577637,0.839457,26.1207,"main_cat IN ('Camera & Photo', 'Computers', 'Cell Phones &amp; Accessories')"
1298,0.906777,21,1.0,0.964129,post_filter,True,0.8368,1.0,0.972107,1.0,0.964927,26.4296,overall>=2.0
1299,0.952472,21,1.0,0.964927,post_filter,True,0.9653,1.0,0.967822,1.0,0.965217,25.699,"overall IN (1,3,4,5)"
1300,0.270385,5,0.51314,0.778562,pre_filter,False,16.0863,1.0,0.46379,0.508205,0.778562,26.371,"main_cat IN ('Home Audio & Theater', 'Books', 'Tools & Home Improvement')"
1301,0.248992,4,0.508852,0.824908,post_filter,False,1.0671,1.0,0.964429,0.508852,0.83886,26.2733,"overall IN (3,4)"
1302,0.952472,21,1.0,0.965217,post_filter,True,0.8872,1.0,0.970426,1.0,0.965738,25.359,"overall IN (1,3,4,5)"
1303,0.050727,0,0.748528,0.662844,pre_filter,False,3.1182,1.0,0.896058,0.763281,0.662844,26.0914,"main_cat IN ('Computers', 'Tools & Home Improvement')"
1304,0.180604,1,0.577637,0.839457,post_filter,False,1.0102,1.0,0.966328,0.577637,0.852144,27.4176,"main_cat IN ('Camera & Photo', 'Computers', 'Cell Phones &amp; Accessories')"
1305,0.952472,21,1.0,0.965738,post_filter,True,0.7331,1.0,0.975562,1.0,0.96672,25.289,"overall IN (1,3,4,5)"
1306,0.180604,1,0.577637,0.852144,post_filter,False,1.1684,1.0,0.961053,0.577637,0.863035,26.34,"main_cat IN ('Camera & Photo', 'Computers', 'Cell Phones &amp; Accessories')"
1307,0.821657,20,0.313811,0.921873,post_filter,False,1.003,1.0,0.966565,0.313811,0.926342,25.7822,"overall IN (1,2,3,5)"
1308,0.12068,1,0.577637,0.863035,post_filter,False,1.0937,0.9,0.561127,0.577637,0.832844,25.2573,"main_cat IN ('Camera &amp; Photo', 'Cell Phones &amp; Accessories', 'Tools & Home Improvement')"
1309,0.821657,20,0.313811,0.926342,post_filter,False,0.812,1.0,0.972935,0.313811,0.931001,26.2625,"overall IN (1,2,3,5)"
1310,0.836128,20,0.313811,0.931001,post_filter,False,0.9429,1.0,0.968571,0.313811,0.934758,25.1757,"overall IN (2,4,5)"
1311,0.610257,18,0.430467,0.791313,post_filter,False,0.9454,1.0,0.968486,0.430467,0.80903,25.7607,overall>=5.0
1312,0.952472,21,1.0,0.96672,post_filter,True,0.858,1.0,0.971401,1.0,0.967188,25.7627,"overall IN (1,3,4,5)"
1313,0.210713,2,0.576058,0.676507,post_filter,False,0.7571,0.9,0.56766,0.576058,0.665622,25.202,"main_cat IN ('Camera & Photo', 'Camera &amp; Photo')"
1314,0.7886,19,0.28243,0.910115,post_filter,False,0.7136,1.0,0.976214,0.28243,0.916725,25.4631,overall>=4.0
1315,0.728433,19,0.28243,0.916725,post_filter,False,0.5758,1.0,0.980808,0.28243,0.923133,25.3414,"overall IN (2,3,5)"
1316,0.7886,19,0.28243,0.923133,post_filter,False,0.4354,0.0,0.0,0.28243,0.83082,25.5792,overall>=4.0
1317,0.180604,1,0.577637,0.832844,post_filter,False,0.9323,1.0,0.968924,0.577637,0.846452,25.1762,"main_cat IN ('Camera & Photo', 'Computers', 'Cell Phones &amp; Accessories')"
1318,0.319094,7,0.575488,0.74182,post_filter,False,0.8461,1.0,0.971796,0.575488,0.764818,25.8086,"overall IN (1,2,4)"
1319,0.952472,21,1.0,0.967188,post_filter,True,0.4328,0.8889,0.506906,1.0,0.92116,25.6914,"overall IN (1,3,4,5)"
1320,0.210713,2,0.576058,0.665622,post_filter,False,1.0059,1.0,0.966471,0.576058,0.695707,25.4268,"main_cat IN ('Camera & Photo', 'Camera &amp; Photo')"
1321,0.680906,18,0.430467,0.80903,post_filter,False,0.5727,1.0,0.980908,0.430467,0.826218,26.071,"overall IN (3,5)"
1322,0.270385,5,0.508205,0.778562,post_filter,False,1.0916,0.7,0.045462,0.508205,0.705252,26.0413,"main_cat IN ('Home Audio & Theater', 'Books', 'Tools & Home Improvement')"
1323,0.836128,20,0.313811,0.934758,post_filter,False,1.0086,1.0,0.966381,0.313811,0.93792,26.1278,"overall IN (2,4,5)"
1324,0.248992,4,0.508852,0.83886,post_filter,False,1.0733,1.0,0.964225,0.508852,0.851397,25.8579,"overall IN (3,4)"
1325,0.319094,7,0.575488,0.764818,post_filter,False,0.6244,0.9,0.570236,0.575488,0.74536,25.0759,"overall IN (1,2,4)"
1326,0.389743,11,0.500518,0.869674,post_filter,False,0.6425,1.0,0.978583,0.500518,0.880565,26.0568,overall<=4.0
1327,0.680906,18,0.430467,0.826218,post_filter,False,0.704,0.9,0.568691,0.430467,0.800465,25.0838,"overall IN (3,5)"
1328,0.751008,19,0.28243,0.83082,post_filter,False,0.9149,1.0,0.969503,0.28243,0.844688,25.4894,"overall IN (1,2,5)"
1329,0.300422,7,0.575488,0.74536,post_filter,False,0.5938,1.0,0.980208,0.575488,0.768845,25.9286,"main_cat IN ('All Electronics', 'Books', 'Sports & Outdoors')"
1330,0.248992,4,0.508852,0.851397,post_filter,False,0.7731,1.0,0.974231,0.508852,0.86368,26.7385,"overall IN (3,4)"
1331,0.230635,3,0.516343,0.644448,post_filter,False,1.07,1.0,0.964335,0.516343,0.676437,26.04,"main_cat IN ('Camera & Photo', 'Camera &amp; Photo', 'Cell Phones &amp; Accessories')"
1332,0.300422,7,0.575488,0.768845,post_filter,False,0.7658,1.0,0.974475,0.575488,0.789408,25.3443,"main_cat IN ('All Electronics', 'Books', 'Sports & Outdoors')"
1333,0.658182,18,0.430467,0.800465,post_filter,False,1.0192,1.0,0.966028,0.430467,0.817022,25.4979,verified=true AND overall>=3.0
1334,0.929351,21,1.0,0.92116,post_filter,True,0.8031,1.0,0.973229,1.0,0.926367,25.3865,"overall IN (1,2,4,5)"
1335,0.610257,18,0.430467,0.817022,post_filter,False,0.9988,0.9,0.562968,0.430467,0.791616,25.2043,overall>=5.0
1336,0.389743,11,0.500518,0.880565,post_filter,False,0.9751,1.0,0.967496,0.500518,0.889258,26.1597,overall<=4.0
1337,0.12068,1,0.577637,0.846452,pre_filter,False,6.9631,1.0,0.767896,0.596662,0.846452,25.5493,"main_cat IN ('Camera &amp; Photo', 'Cell Phones &amp; Accessories', 'Tools & Home Improvement')"
1338,0.859249,20,0.313811,0.93792,post_filter,False,0.7567,1.0,0.974775,0.313811,0.941606,25.5357,overall>=3.0
1339,0.821657,20,0.313811,0.941606,post_filter,False,0.3219,0.2,0.0,0.313811,0.847445,25.3511,"overall IN (1,2,3,5)"
1340,0.610257,18,0.430467,0.791616,post_filter,False,0.5892,1.0,0.98036,0.430467,0.810491,25.0655,overall>=5.0
1341,0.836128,20,0.313811,0.847445,post_filter,False,0.4136,1.0,0.986213,0.313811,0.861322,24.8203,"overall IN (2,4,5)"
1342,0.881823,20,0.313811,0.861322,post_filter,False,0.7296,1.0,0.975679,0.313811,0.872758,24.9742,"overall IN (1,4,5)"
1343,0.270385,5,0.508205,0.705252,post_filter,False,0.8413,0.9,0.566026,0.508205,0.69133,28.6327,"main_cat IN ('Home Audio & Theater', 'Books', 'Tools & Home Improvement')"
1344,0.952472,21,1.0,0.926367,post_filter,True,0.9305,1.0,0.968983,1.0,0.930629,26.1133,"overall IN (1,3,4,5)"
1345,0.180604,1,0.596662,0.846452,post_filter,False,0.9597,1.0,0.96801,0.596662,0.858608,25.5666,"main_cat IN ('Camera & Photo', 'Computers', 'Cell Phones &amp; Accessories')"
1346,0.300422,7,0.575488,0.789408,post_filter,False,1.0708,0.9,0.56157,0.575488,0.766624,24.8254,"main_cat IN ('All Electronics', 'Books', 'Sports & Outdoors')"
1347,0.270385,5,0.508205,0.69133,post_filter,False,0.972,1.0,0.967601,0.508205,0.718957,25.0408,"main_cat IN ('Home Audio & Theater', 'Books', 'Tools & Home Improvement')"
1348,0.339351,8,0.643108,0.857266,pre_filter,False,20.0607,1.0,0.33131,0.611929,0.857266,25.2059,"main_cat IN ('Home Audio & Theater', 'Camera &amp; Photo', 'Sports & Outdoors')"
1349,0.073033,0,0.763281,0.662844,pre_filter,False,4.1456,1.0,0.861814,0.773134,0.662844,25.8095,brand='Tiffen'
1350,0.70348,19,0.28243,0.844688,post_filter,False,0.5904,1.0,0.980321,0.28243,0.858252,31.2302,"overall IN (1,5)"
1351,0.906777,21,1.0,0.930629,post_filter,True,1.2823,1.0,0.957257,1.0,0.933291,28.0678,overall>=2.0
1352,0.210713,2,0.576058,0.695707,post_filter,False,0.1458,0.0,0.0,0.576058,0.626136,26.0326,"main_cat IN ('Camera & Photo', 'Camera &amp; Photo')"
1353,0.821657,20,0.313811,0.872758,post_filter,False,0.8558,1.0,0.971472,0.313811,0.882629,26.2121,"overall IN (1,2,3,5)"
1354,0.140751,1,0.596662,0.858608,post_filter,False,0.7026,0.0,0.0,0.596662,0.772747,29.2109,overall<=2.0
1355,0.050727,0,0.773134,0.662844,pre_filter,False,2.9049,1.0,0.903171,0.786138,0.662844,25.6484,"main_cat IN ('Computers', 'Tools & Home Improvement')"
1356,0.230635,3,0.516343,0.676437,pre_filter,False,14.7355,1.0,0.508815,0.515591,0.676437,25.9953,"main_cat IN ('Camera & Photo', 'Camera &amp; Photo', 'Cell Phones &amp; Accessories')"
1357,0.680906,18,0.430467,0.810491,post_filter,False,0.9203,1.0,0.969322,0.430467,0.826374,27.6109,"overall IN (3,5)"
1358,0.952472,21,1.0,0.933291,post_filter,True,0.9559,1.0,0.968136,1.0,0.936776,25.5603,"overall IN (1,3,4,5)"
1359,0.70348,19,0.28243,0.858252,post_filter,False,1.1584,1.0,0.961386,0.28243,0.868565,26.6602,"overall IN (1,5)"
1360,0.70348,19,0.28243,0.868565,post_filter,False,0.7901,1.0,0.973664,0.28243,0.879075,25.8272,"overall IN (1,5)"
1361,0.821657,20,0.313811,0.882629,post_filter,False,1.1476,1.0,0.961747,0.313811,0.890541,25.4518,"overall IN (1,2,3,5)"
1362,0.339351,8,0.611929,0.857266,post_filter,False,0.9253,1.0,0.969158,0.611929,0.868455,26.2966,"main_cat IN ('Home Audio & Theater', 'Camera &amp; Photo', 'Sports & Outdoors')"
1363,0.248992,4,0.508852,0.86368,pre_filter,False,21.4966,1.0,0.283446,0.486311,0.86368,27.2806,"overall IN (3,4)"
1364,0.140751,1,0.596662,0.772747,post_filter,False,0.8159,0.9,0.566519,0.596662,0.752124,25.7095,overall<=2.0
1365,0.180604,1,0.596662,0.752124,pre_filter,False,12.1548,1.0,0.594842,0.59648,0.752124,27.176,"main_cat IN ('Camera & Photo', 'Computers', 'Cell Phones &amp; Accessories')"
1366,0.270385,5,0.508205,0.718957,post_filter,False,0.4762,0.0,0.0,0.508205,0.647061,25.8423,"main_cat IN ('Home Audio & Theater', 'Books', 'Tools & Home Improvement')"
1367,0.210713,2,0.576058,0.626136,post_filter,False,0.5445,0.6,0.009916,0.576058,0.564514,30.0694,"main_cat IN ('Camera & Photo', 'Camera &amp; Photo')"
1368,0.319094,7,0.575488,0.766624,post_filter,False,0.673,1.0,0.977567,0.575488,0.787718,27.7957,"overall IN (1,2,4)"
1369,0.70348,19,0.28243,0.879075,post_filter,False,0.725,1.0,0.975833,0.28243,0.888751,26.0225,"overall IN (1,5)"
1370,0.881823,20,0.313811,0.890541,post_filter,False,0.8194,1.0,0.972688,0.313811,0.898756,26.3147,"overall IN (1,4,5)"
1371,0.210713,2,0.576058,0.564514,pre_filter,False,12.175,0.7,0.028032,0.521255,0.564514,25.5847,"main_cat IN ('Camera & Photo', 'Camera &amp; Photo')"
1372,0.610257,18,0.430467,0.826374,post_filter,False,0.8178,1.0,0.972739,0.430467,0.84101,26.8658,overall>=5.0
1373,0.680906,18,0.430467,0.84101,pre_filter,False,55.9402,1.0,0.0,0.38742,0.84101,27.2939,"overall IN (3,5)"
1374,0.751008,19,0.28243,0.888751,post_filter,False,0.9266,1.0,0.969114,0.28243,0.896787,27.5066,"overall IN (1,2,5)"
1375,0.774129,19,0.28243,0.896787,post_filter,False,1.1233,1.0,0.962556,0.28243,0.903364,26.8755,"overall IN (1,3,5)"
1376,0.270385,5,0.508205,0.647061,post_filter,False,0.9713,1.0,0.967625,0.508205,0.679118,26.8762,"main_cat IN ('Home Audio & Theater', 'Books', 'Tools & Home Improvement')"
1377,0.230635,3,0.515591,0.676437,post_filter,False,0.9784,1.0,0.967386,0.515591,0.705532,27.6448,"main_cat IN ('Camera & Photo', 'Camera &amp; Photo', 'Cell Phones &amp; Accessories')"
1378,0.836128,20,0.313811,0.898756,post_filter,False,1.3788,1.0,0.954039,0.313811,0.904284,26.5656,"overall IN (2,4,5)"
1379,0.881823,20,0.313811,0.904284,post_filter,False,0.7781,1.0,0.974064,0.313811,0.911262,27.4005,"overall IN (1,4,5)"
1380,0.610257,18,0.38742,0.84101,post_filter,False,0.4739,1.0,0.984203,0.38742,0.85533,27.7769,overall>=5.0
1381,0.821657,20,0.313811,0.911262,post_filter,False,1.2943,1.0,0.956856,0.313811,0.915821,28.0852,"overall IN (1,2,3,5)"
1382,0.751008,19,0.28243,0.903364,post_filter,False,0.65,1.0,0.978332,0.28243,0.910861,25.7761,"overall IN (1,2,5)"
1383,0.821657,20,0.313811,0.915821,post_filter,False,0.8822,1.0,0.970593,0.313811,0.921299,25.6401,"overall IN (1,2,3,5)"
1384,0.610257,18,0.38742,0.85533,post_filter,False,0.8449,1.0,0.971836,0.38742,0.86698,25.6601,overall>=5.0
1385,0.389743,11,0.500518,0.889258,post_filter,False,0.7655,1.0,0.974483,0.500518,0.897781,25.4474,overall<=4.0
1386,0.160682,1,0.59648,0.752124,post_filter,False,0.5708,1.0,0.980974,0.59648,0.775009,28.13,"main_cat IN ('Camera & Photo', 'Computers')"
1387,0.821657,20,0.313811,0.921299,post_filter,False,0.8702,1.0,0.970992,0.313811,0.926268,28.1529,"overall IN (1,2,3,5)"
1388,0.859249,20,0.313811,0.926268,post_filter,False,0.8096,1.0,0.973013,0.313811,0.930942,25.8816,overall>=3.0
1389,0.300422,7,0.575488,0.787718,post_filter,False,0.8927,1.0,0.970244,0.575488,0.805971,29.4262,"main_cat IN ('All Electronics', 'Books', 'Sports & Outdoors')"
1390,0.160682,1,0.59648,0.775009,post_filter,False,0.5352,0.9,0.571967,0.59648,0.754705,28.1361,"main_cat IN ('Camera & Photo', 'Computers')"
1391,0.140751,1,0.59648,0.754705,post_filter,False,0.9245,0.2,0.0,0.59648,0.679235,29.0382,overall<=2.0
1392,0.821657,20,0.313811,0.930942,post_filter,False,1.2178,1.0,0.959406,0.313811,0.933789,25.5069,"overall IN (1,2,3,5)"
1393,0.680906,18,0.38742,0.86698,post_filter,False,0.789,1.0,0.9737,0.38742,0.877652,26.9284,"overall IN (3,5)"
1394,0.610257,18,0.38742,0.877652,post_filter,False,1.0477,1.0,0.965078,0.38742,0.886395,26.1787,overall>=5.0
1395,0.160682,1,0.59648,0.679235,post_filter,False,1.1249,1.0,0.962504,0.59648,0.707561,25.8769,"main_cat IN ('Camera & Photo', 'Computers')"
1396,0.952472,21,1.0,0.936776,post_filter,True,0.8533,1.0,0.971556,1.0,0.940254,26.393,"overall IN (1,3,4,5)"
1397,0.929351,21,1.0,0.940254,post_filter,True,0.8753,1.0,0.970824,1.0,0.943311,27.6548,"overall IN (1,2,4,5)"
1398,0.680906,18,0.38742,0.886395,post_filter,False,1.227,1.0,0.959101,0.38742,0.893665,25.7247,"overall IN (3,5)"
1399,0.751008,19,0.28243,0.910861,post_filter,False,0.9784,0.9,0.563365,0.28243,0.876111,25.5965,"overall IN (1,2,5)"
1400,0.073033,0,0.786138,0.662844,pre_filter,False,4.6078,1.0,0.846407,0.792165,0.662844,26.0517,brand='Tiffen'
1401,0.658182,18,0.38742,0.893665,post_filter,False,0.5579,0.8,0.175999,0.38742,0.821899,25.6385,verified=true AND overall>=3.0
1402,0.073033,0,0.792165,0.662844,pre_filter,False,3.9087,1.0,0.86971,0.799919,0.662844,25.5551,brand='Tiffen'
1403,0.881823,20,0.313811,0.933789,post_filter,False,0.8243,1.0,0.972525,0.313811,0.937662,25.4109,"overall IN (1,4,5)"
1404,0.906777,21,1.0,0.943311,post_filter,True,0.9238,0.9,0.564424,1.0,0.905422,25.888,overall>=2.0
1405,0.092237,0,0.799919,0.662844,pre_filter,False,5.5114,0.2,0.0,0.719927,0.662844,25.479,main_cat='Home Audio &amp; Theater' AND overall>=3.0
1406,0.881823,20,0.313811,0.937662,post_filter,False,1.0501,1.0,0.964997,0.313811,0.940396,25.056,"overall IN (1,4,5)"
1407,0.774129,19,0.28243,0.876111,post_filter,False,0.4285,1.0,0.985717,0.28243,0.887072,25.4013,"overall IN (1,3,5)"
1408,0.073033,0,0.719927,0.662844,pre_filter,False,3.9341,1.0,0.868862,0.734821,0.662844,25.3123,brand='Tiffen'
1409,0.836128,20,0.313811,0.940396,post_filter,False,0.7717,1.0,0.974275,0.313811,0.943784,25.0263,"overall IN (2,4,5)"
1410,0.050727,0,0.734821,0.662844,post_filter,False,0.8832,0.9,0.565211,0.734821,0.65308,24.9897,"main_cat IN ('Computers', 'Tools & Home Improvement')"
1411,0.339351,8,0.611929,0.868455,post_filter,False,0.8128,1.0,0.972907,0.611929,0.8789,24.8491,"main_cat IN ('Home Audio & Theater', 'Camera &amp; Photo', 'Sports & Outdoors')"
1412,0.140751,1,0.59648,0.707561,post_filter,False,1.1331,0.3,9e-06,0.59648,0.636806,26.6609,overall<=2.0
1413,0.881823,20,0.313811,0.943784,post_filter,False,0.8448,0.9,0.565958,0.313811,0.906001,24.9788,"overall IN (1,4,5)"
1414,0.751008,19,0.28243,0.887072,post_filter,False,0.7762,1.0,0.974128,0.28243,0.895777,24.6655,"overall IN (1,2,5)"
1415,0.210713,2,0.521255,0.564514,post_filter,False,0.9325,1.0,0.968918,0.521255,0.604955,25.2303,"main_cat IN ('Camera & Photo', 'Camera &amp; Photo')"
1416,0.092237,0,0.734821,0.65308,post_filter,False,1.0045,1.0,0.966518,0.734821,0.684424,25.0275,main_cat='Home Audio &amp; Theater' AND overall>=3.0
1417,0.7886,19,0.28243,0.895777,post_filter,False,0.884,1.0,0.970535,0.28243,0.903253,25.3477,overall>=4.0
1418,0.140751,1,0.59648,0.636806,post_filter,False,0.8252,1.0,0.972493,0.59648,0.670375,25.552,overall<=2.0
1419,0.050727,0,0.734821,0.684424,pre_filter,False,2.9662,1.0,0.901126,0.751451,0.684424,27.1937,"main_cat IN ('Computers', 'Tools & Home Improvement')"
1420,0.180604,1,0.59648,0.670375,post_filter,False,0.472,1.0,0.984265,0.59648,0.701764,26.1845,"main_cat IN ('Camera & Photo', 'Computers', 'Cell Phones &amp; Accessories')"
1421,0.658182,18,0.38742,0.821899,post_filter,False,0.8542,1.0,0.971525,0.38742,0.836861,26.2345,verified=true AND overall>=3.0
1422,0.389743,11,0.500518,0.897781,post_filter,False,0.8941,1.0,0.970197,0.500518,0.905023,27.3183,overall<=4.0
1423,0.300422,7,0.575488,0.805971,post_filter,False,0.8908,1.0,0.970307,0.575488,0.822404,26.6783,"main_cat IN ('All Electronics', 'Books', 'Sports & Outdoors')"
1424,0.073033,0,0.751451,0.684424,post_filter,False,0.4981,0.0,0.0,0.751451,0.615982,25.2506,brand='Tiffen'
1425,0.728433,19,0.28243,0.903253,post_filter,False,0.8558,1.0,0.971472,0.28243,0.910075,26.6479,"overall IN (2,3,5)"
1426,0.751008,19,0.28243,0.910075,post_filter,False,0.8661,1.0,0.971129,0.28243,0.91618,25.7567,"overall IN (1,2,5)"
1427,0.774129,19,0.28243,0.91618,post_filter,False,0.9583,1.0,0.968057,0.28243,0.921368,27.2765,"overall IN (1,3,5)"
1428,0.952472,21,1.0,0.905422,post_filter,True,0.9178,1.0,0.969406,1.0,0.911821,26.2105,"overall IN (1,3,4,5)"
1429,0.728433,19,0.28243,0.921368,post_filter,False,0.9313,1.0,0.968957,0.28243,0.926127,25.1152,"overall IN (2,3,5)"
1430,0.952472,21,1.0,0.911821,post_filter,True,0.8593,1.0,0.971356,1.0,0.917774,24.8117,"overall IN (1,3,4,5)"
1431,0.610257,18,0.38742,0.836861,post_filter,False,0.8693,1.0,0.971022,0.38742,0.850277,24.9752,overall>=5.0
1432,0.774129,19,0.28243,0.926127,post_filter,False,0.6765,1.0,0.977449,0.28243,0.931259,24.9455,"overall IN (1,3,5)"
1433,0.610257,18,0.38742,0.850277,post_filter,False,1.2288,0.6,0.009685,0.38742,0.766218,25.4436,overall>=5.0
1434,0.050727,0,0.751451,0.615982,post_filter,False,1.1133,0.1,0.0,0.751451,0.554384,25.91,"main_cat IN ('Computers', 'Tools & Home Improvement')"
1435,0.050727,0,0.751451,0.554384,pre_filter,False,2.834,1.0,0.905535,0.76686,0.554384,25.0077,"main_cat IN ('Computers', 'Tools & Home Improvement')"
1436,0.680906,18,0.38742,0.766218,post_filter,False,0.5651,1.0,0.981164,0.38742,0.787713,24.7987,"overall IN (3,5)"
1437,0.680906,18,0.38742,0.787713,post_filter,False,1.0728,1.0,0.964242,0.38742,0.805366,24.843,"overall IN (3,5)"
1438,0.339351,8,0.611929,0.8789,post_filter,False,0.7329,1.0,0.975571,0.611929,0.888567,24.8573,"main_cat IN ('Home Audio & Theater', 'Camera &amp; Photo', 'Sports & Outdoors')"
1439,0.050727,0,0.76686,0.554384,pre_filter,False,2.9106,1.0,0.902981,0.780472,0.554384,24.8796,"main_cat IN ('Computers', 'Tools & Home Improvement')"
1440,0.050727,0,0.780472,0.554384,pre_filter,False,2.8675,1.0,0.904415,0.792866,0.554384,24.8041,"main_cat IN ('Computers', 'Tools & Home Improvement')"
1441,0.658182,18,0.38742,0.805366,post_filter,False,0.1859,0.6,0.010036,0.38742,0.725833,24.6286,verified=true AND overall>=3.0
1442,0.821657,20,0.313811,0.906001,post_filter,False,0.7646,1.0,0.974514,0.313811,0.912852,24.7903,"overall IN (1,2,3,5)"
1443,0.230635,3,0.515591,0.705532,post_filter,False,0.8476,0.9,0.565903,0.515591,0.691569,24.8917,"main_cat IN ('Camera & Photo', 'Camera &amp; Photo', 'Cell Phones &amp; Accessories')"
1444,0.680906,18,0.38742,0.725833,post_filter,False,0.8366,1.0,0.972112,0.38742,0.750461,24.7645,"overall IN (3,5)"
1445,0.248992,4,0.486311,0.86368,post_filter,False,0.763,1.0,0.974565,0.486311,0.874769,25.577,"overall IN (3,4)"
1446,0.050727,0,0.792866,0.554384,pre_filter,False,2.9916,1.0,0.900281,0.803608,0.554384,25.031,"main_cat IN ('Computers', 'Tools & Home Improvement')"
1447,0.658182,18,0.38742,0.750461,post_filter,False,0.627,1.0,0.979101,0.38742,0.773325,25.3857,verified=true AND overall>=3.0
1448,0.881823,20,0.313811,0.912852,post_filter,False,0.8092,1.0,0.973028,0.313811,0.91887,25.0829,"overall IN (1,4,5)"
1449,0.7886,19,0.28243,0.931259,post_filter,False,0.8374,1.0,0.972087,0.28243,0.935342,25.937,overall>=4.0
1450,0.774129,19,0.28243,0.935342,post_filter,False,0.7158,1.0,0.976139,0.28243,0.939422,25.4783,"overall IN (1,3,5)"
1451,0.339351,8,0.611929,0.888567,post_filter,False,0.868,1.0,0.971068,0.611929,0.896817,25.4986,"main_cat IN ('Home Audio & Theater', 'Camera &amp; Photo', 'Sports & Outdoors')"
1452,0.859249,20,0.313811,0.91887,post_filter,False,0.8775,1.0,0.970751,0.313811,0.924058,25.9596,overall>=3.0
1453,0.952472,21,1.0,0.917774,post_filter,True,0.9315,1.0,0.96895,1.0,0.922892,25.541,"overall IN (1,3,4,5)"
1454,0.160682,1,0.59648,0.701764,post_filter,False,0.7098,1.0,0.976339,0.59648,0.729221,27.3794,"main_cat IN ('Camera & Photo', 'Computers')"
1455,0.12068,1,0.59648,0.729221,post_filter,False,1.032,0.9,0.562323,0.59648,0.712532,26.3163,"main_cat IN ('Camera &amp; Photo', 'Cell Phones &amp; Accessories', 'Tools & Home Improvement')"
1456,0.952472,21,1.0,0.922892,post_filter,True,1.0134,1.0,0.966221,1.0,0.927225,25.3574,"overall IN (1,3,4,5)"
1457,0.12068,1,0.59648,0.712532,post_filter,False,0.693,1.0,0.976899,0.59648,0.738968,26.6592,"main_cat IN ('Camera &amp; Photo', 'Cell Phones &amp; Accessories', 'Tools & Home Improvement')"
1458,0.658182,18,0.38742,0.773325,post_filter,False,0.661,1.0,0.977967,0.38742,0.793789,26.4171,verified=true AND overall>=3.0
1459,0.140751,1,0.59648,0.738968,post_filter,False,0.7804,0.1,0.0,0.59648,0.665071,27.4415,overall<=2.0
1460,0.210713,2,0.521255,0.604955,post_filter,False,0.7458,1.0,0.975139,0.521255,0.641973,25.9035,"main_cat IN ('Camera & Photo', 'Camera &amp; Photo')"
1461,0.180604,1,0.59648,0.665071,pre_filter,False,10.354,1.0,0.654868,0.602319,0.665071,26.0074,"main_cat IN ('Camera & Photo', 'Computers', 'Cell Phones &amp; Accessories')"
1462,0.728433,19,0.28243,0.939422,post_filter,False,0.7324,1.0,0.975586,0.28243,0.943038,25.5328,"overall IN (2,3,5)"
1463,0.658182,18,0.38742,0.793789,post_filter,False,0.7873,1.0,0.973756,0.38742,0.811786,25.0755,verified=true AND overall>=3.0
1464,0.230635,3,0.515591,0.691569,pre_filter,False,13.7154,0.0,0.0,0.464032,0.691569,27.6264,"main_cat IN ('Camera & Photo', 'Camera &amp; Photo', 'Cell Phones &amp; Accessories')"
1465,0.881823,20,0.313811,0.924058,post_filter,False,0.3828,1.0,0.98724,0.313811,0.930376,27.1303,"overall IN (1,4,5)"
1466,0.300422,7,0.575488,0.822404,post_filter,False,0.6885,1.0,0.97705,0.575488,0.837869,24.864,"main_cat IN ('All Electronics', 'Books', 'Sports & Outdoors')"
1467,0.230635,3,0.464032,0.691569,post_filter,False,0.8237,0.9,0.566368,0.464032,0.679049,24.7139,"main_cat IN ('Camera & Photo', 'Camera &amp; Photo', 'Cell Phones &amp; Accessories')"
1468,0.859249,20,0.313811,0.930376,post_filter,False,0.7998,1.0,0.973339,0.313811,0.934673,24.6429,overall>=3.0
1469,0.319094,7,0.575488,0.837869,post_filter,False,0.912,1.0,0.969599,0.575488,0.851042,24.8708,"overall IN (1,2,4)"
1470,0.092237,0,0.803608,0.554384,pre_filter,False,5.8268,1.0,0.805774,0.803824,0.554384,24.9707,main_cat='Home Audio &amp; Theater' AND overall>=3.0
1471,0.300422,7,0.575488,0.851042,post_filter,False,0.4135,0.0,0.0,0.575488,0.765938,25.5394,"main_cat IN ('All Electronics', 'Books', 'Sports & Outdoors')"
1472,0.319094,7,0.575488,0.765938,post_filter,False,0.9923,1.0,0.966924,0.575488,0.786036,25.592,"overall IN (1,2,4)"
1473,0.389743,11,0.500518,0.905023,post_filter,False,0.9558,0.9,0.563803,0.500518,0.870901,26.3474,overall<=4.0
1474,0.70348,19,0.28243,0.943038,post_filter,False,0.451,1.0,0.984968,0.28243,0.947231,26.2248,"overall IN (1,5)"
1475,0.210713,2,0.521255,0.641973,pre_filter,False,12.6534,1.0,0.578221,0.526952,0.641973,25.7401,"main_cat IN ('Camera & Photo', 'Camera &amp; Photo')"
1476,0.7886,19,0.28243,0.947231,post_filter,False,0.9861,1.0,0.967129,0.28243,0.949221,25.9878,overall>=4.0
1477,0.210713,2,0.526952,0.641973,post_filter,False,0.4301,0.9,0.574007,0.526952,0.635177,25.5653,"main_cat IN ('Camera & Photo', 'Camera &amp; Photo')"
1478,0.248992,4,0.486311,0.874769,post_filter,False,0.8345,1.0,0.972183,0.486311,0.88451,26.0025,"overall IN (3,4)"
1479,0.774129,19,0.28243,0.949221,post_filter,False,1.0058,1.0,0.966472,0.28243,0.950946,25.6845,"overall IN (1,3,5)"
1480,0.881823,20,0.313811,0.934673,post_filter,False,0.3492,1.0,0.98836,0.313811,0.940041,26.4103,"overall IN (1,4,5)"
1481,0.906777,21,1.0,0.927225,post_filter,True,0.4512,0.0,0.0,1.0,0.834502,24.835,overall>=2.0
1482,0.092237,0,0.803824,0.554384,pre_filter,False,7.3381,1.0,0.755397,0.798982,0.554384,24.7198,main_cat='Home Audio &amp; Theater' AND overall>=3.0
1483,0.751008,19,0.28243,0.950946,post_filter,False,0.8337,1.0,0.972211,0.28243,0.953073,24.7037,"overall IN (1,2,5)"
1484,0.906777,21,1.0,0.834502,post_filter,True,0.9233,1.0,0.969224,1.0,0.847974,24.8318,overall>=2.0
1485,0.751008,19,0.28243,0.953073,post_filter,False,0.8675,1.0,0.971082,0.28243,0.954873,24.6062,"overall IN (1,2,5)"
1486,0.836128,20,0.313811,0.940041,post_filter,False,0.8346,1.0,0.972179,0.313811,0.943255,24.8543,"overall IN (2,4,5)"
1487,0.073033,0,0.798982,0.554384,pre_filter,False,3.8757,1.0,0.870811,0.806164,0.554384,25.3264,brand='Tiffen'
1488,0.092237,0,0.806164,0.554384,post_filter,False,0.5591,0.5,0.001601,0.806164,0.499105,24.898,main_cat='Home Audio &amp; Theater' AND overall>=3.0
1489,0.319094,7,0.575488,0.786036,post_filter,False,0.7264,1.0,0.975788,0.575488,0.805011,24.5957,"overall IN (1,2,4)"
1490,0.319094,7,0.575488,0.805011,post_filter,False,0.7683,1.0,0.97439,0.575488,0.821949,24.7075,"overall IN (1,2,4)"
1491,0.319094,7,0.575488,0.821949,pre_filter,False,31.3302,1.0,0.0,0.517939,0.821949,24.6885,"overall IN (1,2,4)"
1492,0.680906,18,0.38742,0.811786,post_filter,False,0.628,1.0,0.979068,0.38742,0.828514,24.652,"overall IN (3,5)"
1493,0.610257,18,0.38742,0.828514,post_filter,False,0.8854,1.0,0.970488,0.38742,0.842711,24.7042,overall>=5.0
1494,0.073033,0,0.806164,0.499105,pre_filter,False,3.8659,1.0,0.871137,0.812662,0.499105,24.771,brand='Tiffen'
1495,0.751008,19,0.28243,0.954873,post_filter,False,0.6971,1.0,0.976763,0.28243,0.957062,24.7351,"overall IN (1,2,5)"
1496,0.050727,0,0.812662,0.499105,pre_filter,False,3.067,1.0,0.897765,0.821172,0.499105,25.0335,"main_cat IN ('Computers', 'Tools & Home Improvement')"
1497,0.7886,19,0.28243,0.957062,post_filter,False,0.8225,1.0,0.972582,0.28243,0.958614,24.6412,overall>=4.0
1498,0.160682,1,0.602319,0.665071,post_filter,False,0.5788,1.0,0.980706,0.602319,0.696635,25.1457,"main_cat IN ('Camera & Photo', 'Computers')"
1499,0.092237,0,0.821172,0.499105,pre_filter,False,6.0551,1.0,0.798162,0.818871,0.499105,25.4158,main_cat='Home Audio &amp; Theater' AND overall>=3.0
1500,0.610257,18,0.38742,0.842711,post_filter,False,0.712,1.0,0.976265,0.38742,0.856067,25.8872,overall>=5.0
1501,0.906777,21,1.0,0.847974,post_filter,True,0.8959,1.0,0.970137,1.0,0.860191,26.5353,overall>=2.0
1502,0.339351,8,0.611929,0.896817,pre_filter,False,20.8035,1.0,0.30655,0.581391,0.896817,25.8865,"main_cat IN ('Home Audio & Theater', 'Camera &amp; Photo', 'Sports & Outdoors')"
1503,0.751008,19,0.28243,0.958614,post_filter,False,0.4236,0.9,0.574133,0.28243,0.920166,25.7565,"overall IN (1,2,5)"
1504,0.859249,20,0.313811,0.943255,post_filter,False,0.3873,0.0,0.0,0.313811,0.84893,25.9218,overall>=3.0
1505,0.270385,5,0.508205,0.679118,post_filter,False,0.3954,0.6,0.009966,0.508205,0.612202,25.7728,"main_cat IN ('Home Audio & Theater', 'Books', 'Tools & Home Improvement')"
1506,0.70348,19,0.28243,0.920166,post_filter,False,0.5352,1.0,0.98216,0.28243,0.926366,25.548,"overall IN (1,5)"
1507,0.906777,21,1.0,0.860191,post_filter,True,0.8734,1.0,0.970886,1.0,0.87126,25.2292,overall>=2.0
1508,0.12068,1,0.602319,0.696635,post_filter,False,0.3999,1.0,0.986671,0.602319,0.725638,25.1285,"main_cat IN ('Camera &amp; Photo', 'Cell Phones &amp; Accessories', 'Tools & Home Improvement')"
1509,0.929351,21,1.0,0.87126,post_filter,True,0.6976,1.0,0.976746,1.0,0.881809,25.2579,"overall IN (1,2,4,5)"
1510,0.658182,18,0.38742,0.856067,post_filter,False,0.889,1.0,0.970368,0.38742,0.867497,25.0696,verified=true AND overall>=3.0
1511,0.952472,21,1.0,0.881809,post_filter,True,0.782,1.0,0.973933,1.0,0.891021,24.8229,"overall IN (1,3,4,5)"
1512,0.073033,0,0.818871,0.499105,pre_filter,False,3.9133,1.0,0.869556,0.82394,0.499105,25.2606,brand='Tiffen'
1513,0.210713,2,0.526952,0.635177,post_filter,False,0.917,1.0,0.969435,0.526952,0.668602,25.1005,"main_cat IN ('Camera & Photo', 'Camera &amp; Photo')"
1514,0.180604,1,0.602319,0.725638,post_filter,False,0.3298,1.0,0.989007,0.602319,0.751975,24.8682,"main_cat IN ('Camera & Photo', 'Computers', 'Cell Phones &amp; Accessories')"
1515,0.929351,21,1.0,0.891021,post_filter,True,0.1208,0.0,0.0,1.0,0.801919,24.9657,"overall IN (1,2,4,5)"
1516,0.906777,21,1.0,0.801919,post_filter,True,0.7999,1.0,0.973337,1.0,0.819061,24.9288,overall>=2.0
1517,0.7886,19,0.28243,0.926366,post_filter,False,0.7243,1.0,0.975857,0.28243,0.931315,24.7462,overall>=4.0
1518,0.929351,21,1.0,0.819061,post_filter,True,0.6719,1.0,0.977604,1.0,0.834915,24.691,"overall IN (1,2,4,5)"
1519,0.70348,19,0.28243,0.931315,post_filter,False,0.7923,1.0,0.973592,0.28243,0.935542,24.7788,"overall IN (1,5)"
1520,0.610257,18,0.38742,0.867497,post_filter,False,0.81,1.0,0.973,0.38742,0.878047,24.728,overall>=5.0
1521,0.230635,3,0.464032,0.679049,post_filter,False,0.4178,1.0,0.986074,0.464032,0.709751,24.6283,"main_cat IN ('Camera & Photo', 'Camera &amp; Photo', 'Cell Phones &amp; Accessories')"
1522,0.073033,0,0.82394,0.499105,pre_filter,False,3.9051,1.0,0.869829,0.828529,0.499105,24.6991,brand='Tiffen'
1523,0.952472,21,1.0,0.834915,post_filter,True,0.8164,0.9,0.566508,1.0,0.808075,24.7027,"overall IN (1,3,4,5)"
1524,0.092237,0,0.828529,0.499105,pre_filter,False,5.4957,1.0,0.816808,0.827357,0.499105,24.8793,main_cat='Home Audio &amp; Theater' AND overall>=3.0
1525,0.774129,19,0.28243,0.935542,post_filter,False,0.3018,0.0,0.0,0.28243,0.841988,24.633,"overall IN (1,3,5)"
1526,0.952472,21,1.0,0.808075,post_filter,True,0.2792,0.0,0.0,1.0,0.727267,24.7464,"overall IN (1,3,4,5)"
1527,0.230635,3,0.464032,0.709751,post_filter,False,0.7765,1.0,0.974117,0.464032,0.736188,25.4283,"main_cat IN ('Camera & Photo', 'Camera &amp; Photo', 'Cell Phones &amp; Accessories')"
1528,0.929351,21,1.0,0.727267,post_filter,True,0.82,1.0,0.972667,1.0,0.751807,25.6841,"overall IN (1,2,4,5)"
1529,0.680906,18,0.38742,0.878047,post_filter,False,0.2935,1.0,0.990218,0.38742,0.889264,25.5478,"overall IN (3,5)"
1530,0.70348,19,0.28243,0.841988,post_filter,False,0.9256,1.0,0.969146,0.28243,0.854704,25.026,"overall IN (1,5)"
1531,0.774129,19,0.28243,0.854704,post_filter,False,0.6815,1.0,0.977283,0.28243,0.866962,26.6446,"overall IN (1,3,5)"
1532,0.073033,0,0.827357,0.499105,pre_filter,False,3.9714,1.0,0.867619,0.831383,0.499105,26.5343,brand='Tiffen'
1533,0.160682,1,0.602319,0.751975,post_filter,False,1.0093,0.9,0.562765,0.602319,0.733054,26.0259,"main_cat IN ('Camera & Photo', 'Computers')"
1534,0.952472,21,1.0,0.751807,post_filter,True,0.9343,1.0,0.968856,1.0,0.773512,25.6857,"overall IN (1,3,4,5)"
1535,0.906777,21,1.0,0.773512,post_filter,True,0.729,1.0,0.975699,1.0,0.793731,25.9977,overall>=2.0
1536,0.270385,5,0.508205,0.612202,post_filter,False,0.4958,1.0,0.983474,0.508205,0.649329,24.9835,"main_cat IN ('Home Audio & Theater', 'Books', 'Tools & Home Improvement')"
1537,0.050727,0,0.831383,0.499105,pre_filter,False,2.937,1.0,0.9021,0.838455,0.499105,25.5915,"main_cat IN ('Computers', 'Tools & Home Improvement')"
1538,0.180604,1,0.602319,0.733054,post_filter,False,0.9938,0.6,0.009764,0.602319,0.660725,26.2156,"main_cat IN ('Camera & Photo', 'Computers', 'Cell Phones &amp; Accessories')"
1539,0.70348,19,0.28243,0.866962,post_filter,False,1.0487,1.0,0.965043,0.28243,0.87677,25.278,"overall IN (1,5)"
1540,0.140751,1,0.602319,0.660725,pre_filter,False,13.8232,1.0,0.539228,0.59601,0.660725,25.6419,overall<=2.0
1541,0.836128,20,0.313811,0.84893,post_filter,False,0.7349,1.0,0.975504,0.313811,0.861587,25.3794,"overall IN (2,4,5)"
1542,0.881823,20,0.313811,0.861587,post_filter,False,0.8849,1.0,0.970504,0.313811,0.872479,25.4477,"overall IN (1,4,5)"
1543,0.7886,19,0.28243,0.87677,post_filter,False,0.8403,1.0,0.97199,0.28243,0.886292,24.9849,overall>=4.0
1544,0.881823,20,0.313811,0.872479,post_filter,False,0.8423,1.0,0.971924,0.313811,0.882423,31.9144,"overall IN (1,4,5)"
1545,0.319094,7,0.517939,0.821949,post_filter,False,0.7931,1.0,0.973564,0.517939,0.837111,26.5638,"overall IN (1,2,4)"
1546,0.952472,21,1.0,0.793731,post_filter,True,0.7894,1.0,0.973688,1.0,0.811726,25.775,"overall IN (1,3,4,5)"
1547,0.092237,0,0.838455,0.499105,pre_filter,False,5.8463,1.0,0.805124,0.835121,0.499105,25.3313,main_cat='Home Audio &amp; Theater' AND overall>=3.0
1548,0.248992,4,0.486311,0.88451,post_filter,False,0.2553,1.0,0.991492,0.486311,0.895208,25.6002,"overall IN (3,4)"
1549,0.160682,1,0.59601,0.660725,pre_filter,False,9.7593,1.0,0.674692,0.603878,0.660725,25.9662,"main_cat IN ('Camera & Photo', 'Computers')"
1550,0.70348,19,0.28243,0.886292,post_filter,False,0.8823,1.0,0.970589,0.28243,0.894722,28.1863,"overall IN (1,5)"
1551,0.210713,2,0.526952,0.668602,post_filter,False,0.999,1.0,0.966699,0.526952,0.698412,32.2128,"main_cat IN ('Camera & Photo', 'Camera &amp; Photo')"
1552,0.70348,19,0.28243,0.894722,post_filter,False,1.0005,1.0,0.966649,0.28243,0.901914,25.1555,"overall IN (1,5)"
1553,0.881823,20,0.313811,0.882423,post_filter,False,0.8479,1.0,0.971738,0.313811,0.891355,26.5748,"overall IN (1,4,5)"
1554,0.906777,21,1.0,0.811726,post_filter,True,0.8098,1.0,0.973006,1.0,0.827854,25.9376,overall>=2.0
1555,0.319094,7,0.517939,0.837111,post_filter,False,0.7044,1.0,0.976521,0.517939,0.851052,26.2257,"overall IN (1,2,4)"
1556,0.774129,19,0.28243,0.901914,post_filter,False,0.4977,1.0,0.983411,0.28243,0.910064,26.3862,"overall IN (1,3,5)"
1557,0.929351,21,1.0,0.827854,post_filter,True,0.5863,1.0,0.980457,1.0,0.843114,26.4032,"overall IN (1,2,4,5)"
1558,0.680906,18,0.38742,0.889264,post_filter,False,1.1259,1.0,0.962471,0.38742,0.896585,26.2738,"overall IN (3,5)"
1559,0.270385,5,0.508205,0.649329,post_filter,False,0.8713,1.0,0.970957,0.508205,0.681492,27.1284,"main_cat IN ('Home Audio & Theater', 'Books', 'Tools & Home Improvement')"
1560,0.319094,7,0.517939,0.851052,post_filter,False,0.2634,0.0,0.0,0.517939,0.765947,26.2164,"overall IN (1,2,4)"
1561,0.836128,20,0.313811,0.891355,post_filter,False,0.1392,0.0,0.0,0.313811,0.802219,26.4102,"overall IN (2,4,5)"
1562,0.821657,20,0.313811,0.802219,post_filter,False,1.1148,1.0,0.96284,0.313811,0.818281,26.2137,"overall IN (1,2,3,5)"
1563,0.140751,1,0.603878,0.660725,pre_filter,False,12.5862,1.0,0.580461,0.601536,0.660725,26.9575,overall<=2.0
1564,0.859249,20,0.313811,0.818281,post_filter,False,0.9281,1.0,0.969062,0.313811,0.833359,27.2311,overall>=3.0
1565,0.7886,19,0.28243,0.910064,post_filter,False,0.7399,1.0,0.975336,0.28243,0.916591,25.2231,overall>=4.0
1566,0.821657,20,0.313811,0.833359,post_filter,False,0.8794,1.0,0.970686,0.313811,0.847092,25.8811,"overall IN (1,2,3,5)"
1567,0.092237,0,0.835121,0.499105,pre_filter,False,6.1428,1.0,0.79524,0.831133,0.499105,26.1241,main_cat='Home Audio &amp; Theater' AND overall>=3.0
1568,0.658182,18,0.38742,0.896585,post_filter,False,0.5613,1.0,0.98129,0.38742,0.905055,24.9474,verified=true AND overall>=3.0
1569,0.821657,20,0.313811,0.847092,post_filter,False,0.639,1.0,0.978699,0.313811,0.860253,26.1578,"overall IN (1,2,3,5)"
1570,0.300422,7,0.517939,0.765947,post_filter,False,0.9173,1.0,0.969422,0.517939,0.786294,26.578,"main_cat IN ('All Electronics', 'Books', 'Sports & Outdoors')"
1571,0.073033,0,0.831133,0.499105,pre_filter,False,7.6099,1.0,0.746338,0.822654,0.499105,26.2264,brand='Tiffen'
1572,0.12068,1,0.601536,0.660725,post_filter,False,0.7303,1.0,0.975657,0.601536,0.692218,25.3412,"main_cat IN ('Camera &amp; Photo', 'Cell Phones &amp; Accessories', 'Tools & Home Improvement')"
1573,0.339351,8,0.581391,0.896817,post_filter,False,0.8071,1.0,0.973097,0.581391,0.904445,25.9962,"main_cat IN ('Home Audio & Theater', 'Camera &amp; Photo', 'Sports & Outdoors')"
1574,0.210713,2,0.526952,0.698412,post_filter,False,1.1031,0.6,0.009728,0.526952,0.629544,25.7151,"main_cat IN ('Camera & Photo', 'Camera &amp; Photo')"
1575,0.881823,20,0.313811,0.860253,post_filter,False,1.0446,1.0,0.965179,0.313811,0.870745,24.9757,"overall IN (1,4,5)"
1576,0.092237,0,0.822654,0.499105,pre_filter,False,5.5882,1.0,0.813726,0.821761,0.499105,25.2807,main_cat='Home Audio &amp; Theater' AND overall>=3.0
1577,0.270385,5,0.508205,0.681492,post_filter,False,0.725,1.0,0.975833,0.508205,0.710926,25.3416,"main_cat IN ('Home Audio & Theater', 'Books', 'Tools & Home Improvement')"
1578,0.728433,19,0.28243,0.916591,post_filter,False,0.7662,1.0,0.97446,0.28243,0.922378,25.219,"overall IN (2,3,5)"
1579,0.836128,20,0.313811,0.870745,post_filter,False,0.8692,1.0,0.971026,0.313811,0.880773,25.1876,"overall IN (2,4,5)"
1580,0.728433,19,0.28243,0.922378,post_filter,False,0.8621,1.0,0.971262,0.28243,0.927267,24.9216,"overall IN (2,3,5)"
1581,0.728433,19,0.28243,0.927267,post_filter,False,0.12,0.0,0.0,0.28243,0.83454,24.9906,"overall IN (2,3,5)"
1582,0.319094,7,0.517939,0.786294,post_filter,False,0.8755,1.0,0.970818,0.517939,0.804747,25.0382,"overall IN (1,2,4)"
1583,0.836128,20,0.313811,0.880773,post_filter,False,0.5758,1.0,0.980807,0.313811,0.890777,24.9814,"overall IN (2,4,5)"
1584,0.270385,5,0.508205,0.710926,pre_filter,False,16.0801,1.0,0.463996,0.503784,0.710926,24.8678,"main_cat IN ('Home Audio & Theater', 'Books', 'Tools & Home Improvement')"
1585,0.050727,0,0.821761,0.499105,pre_filter,False,2.8577,1.0,0.904743,0.830059,0.499105,25.2915,"main_cat IN ('Computers', 'Tools & Home Improvement')"
1586,0.751008,19,0.28243,0.83454,post_filter,False,0.2657,0.7,0.046761,0.28243,0.755762,24.966,"overall IN (1,2,5)"
1587,0.230635,3,0.464032,0.736188,post_filter,False,0.676,1.0,0.977467,0.464032,0.760316,25.1209,"main_cat IN ('Camera & Photo', 'Camera &amp; Photo', 'Cell Phones &amp; Accessories')"
1588,0.859249,20,0.313811,0.890777,post_filter,False,0.8673,1.0,0.97109,0.313811,0.898808,24.8485,overall>=3.0
1589,0.389743,11,0.500518,0.870901,post_filter,False,0.8587,1.0,0.971375,0.500518,0.880948,24.8273,overall<=4.0
1590,0.610257,18,0.38742,0.905055,post_filter,False,0.5416,1.0,0.981947,0.38742,0.912745,25.373,overall>=5.0
1591,0.210713,2,0.526952,0.629544,post_filter,False,0.9256,1.0,0.969146,0.526952,0.663504,24.6982,"main_cat IN ('Camera & Photo', 'Camera &amp; Photo')"
1592,0.300422,7,0.517939,0.804747,post_filter,False,0.5977,1.0,0.980078,0.517939,0.82228,24.8144,"main_cat IN ('All Electronics', 'Books', 'Sports & Outdoors')"
1593,0.680906,18,0.38742,0.912745,post_filter,False,0.7684,1.0,0.974387,0.38742,0.918909,24.652,"overall IN (3,5)"
1594,0.319094,7,0.517939,0.82228,post_filter,False,0.898,1.0,0.970068,0.517939,0.837058,24.6683,"overall IN (1,2,4)"
1595,0.339351,8,0.581391,0.904445,post_filter,False,0.2567,0.0,0.0,0.581391,0.814001,24.7323,"main_cat IN ('Home Audio & Theater', 'Camera &amp; Photo', 'Sports & Outdoors')"
1596,0.160682,1,0.601536,0.692218,post_filter,False,0.6482,1.0,0.978394,0.601536,0.720836,24.7792,"main_cat IN ('Camera & Photo', 'Computers')"
1597,0.774129,19,0.28243,0.755762,post_filter,False,0.4833,0.9,0.572975,0.28243,0.737483,24.73,"overall IN (1,3,5)"
1598,0.70348,19,0.28243,0.737483,post_filter,False,0.5088,1.0,0.983039,0.28243,0.762039,24.76,"overall IN (1,5)"
1599,0.774129,19,0.28243,0.762039,post_filter,False,0.636,1.0,0.978799,0.28243,0.783715,24.8161,"overall IN (1,3,5)"
1600,0.319094,7,0.517939,0.837058,post_filter,False,0.807,1.0,0.973101,0.517939,0.850663,24.6173,"overall IN (1,2,4)"
1601,0.092237,0,0.830059,0.499105,pre_filter,False,5.7705,1.0,0.807651,0.827818,0.499105,24.9138,main_cat='Home Audio &amp; Theater' AND overall>=3.0
1602,0.836128,20,0.313811,0.898808,post_filter,False,0.7737,1.0,0.974211,0.313811,0.906348,24.8182,"overall IN (2,4,5)"
1603,0.728433,19,0.28243,0.783715,post_filter,False,0.5771,0.9,0.571154,0.28243,0.762459,25.3535,"overall IN (2,3,5)"
1604,0.248992,4,0.486311,0.895208,post_filter,False,0.7687,1.0,0.974375,0.486311,0.903125,24.9293,"overall IN (3,4)"
1605,0.859249,20,0.313811,0.906348,post_filter,False,0.7763,1.0,0.974122,0.313811,0.913126,24.875,overall>=3.0
1606,0.210713,2,0.526952,0.663504,post_filter,False,0.6067,0.5,0.001598,0.526952,0.597313,25.2057,"main_cat IN ('Camera & Photo', 'Camera &amp; Photo')"
1607,0.7886,19,0.28243,0.762459,post_filter,False,0.2113,0.0,0.0,0.28243,0.686213,24.6999,overall>=4.0
1608,0.092237,0,0.827818,0.499105,pre_filter,False,5.5408,1.0,0.815306,0.826567,0.499105,25.2832,main_cat='Home Audio &amp; Theater' AND overall>=3.0
1609,0.092237,0,0.826567,0.499105,pre_filter,False,5.6755,1.0,0.810818,0.824992,0.499105,25.1829,main_cat='Home Audio &amp; Theater' AND overall>=3.0
1610,0.230635,3,0.464032,0.760316,post_filter,False,0.9464,1.0,0.968453,0.464032,0.781129,24.9228,"main_cat IN ('Camera & Photo', 'Camera &amp; Photo', 'Cell Phones &amp; Accessories')"
1611,0.140751,1,0.601536,0.720836,post_filter,False,1.0635,0.9,0.561712,0.601536,0.704924,25.0928,overall<=2.0
1612,0.319094,7,0.517939,0.850663,post_filter,False,0.4778,0.0,0.0,0.517939,0.765597,24.967,"overall IN (1,2,4)"
1613,0.7886,19,0.28243,0.686213,post_filter,False,0.768,1.0,0.974399,0.28243,0.715031,24.6595,overall>=4.0
1614,0.859249,20,0.313811,0.913126,post_filter,False,0.384,0.0,0.0,0.313811,0.821813,24.6928,overall>=3.0
1615,0.751008,19,0.28243,0.715031,post_filter,False,0.9278,1.0,0.969074,0.28243,0.740436,24.871,"overall IN (1,2,5)"
1616,0.140751,1,0.601536,0.704924,post_filter,False,1.2464,0.4,0.000168,0.601536,0.634448,25.6771,overall<=2.0
1617,0.821657,20,0.313811,0.821813,post_filter,False,0.9357,1.0,0.968811,0.313811,0.836513,24.6375,"overall IN (1,2,3,5)"
1618,0.319094,7,0.517939,0.765597,post_filter,False,0.8688,1.0,0.97104,0.517939,0.786141,24.5921,"overall IN (1,2,4)"
1619,0.270385,5,0.503784,0.710926,post_filter,False,0.7951,1.0,0.973496,0.503784,0.737183,24.8211,"main_cat IN ('Home Audio & Theater', 'Books', 'Tools & Home Improvement')"
1620,0.300422,7,0.517939,0.786141,post_filter,False,0.9415,1.0,0.968615,0.517939,0.804388,24.583,"main_cat IN ('All Electronics', 'Books', 'Sports & Outdoors')"
1621,0.12068,1,0.601536,0.634448,post_filter,False,0.6313,1.0,0.978958,0.601536,0.668899,24.5837,"main_cat IN ('Camera &amp; Photo', 'Cell Phones &amp; Accessories', 'Tools & Home Improvement')"
1622,0.092237,0,0.824992,0.499105,pre_filter,False,5.9087,1.0,0.803043,0.822797,0.499105,24.8235,main_cat='Home Audio &amp; Theater' AND overall>=3.0
1623,0.050727,0,0.822797,0.499105,pre_filter,False,2.8131,1.0,0.906231,0.831141,0.499105,24.958,"main_cat IN ('Computers', 'Tools & Home Improvement')"
1624,0.248992,4,0.486311,0.903125,post_filter,False,0.724,1.0,0.975868,0.486311,0.910399,24.8019,"overall IN (3,4)"
1625,0.389743,11,0.500518,0.880948,post_filter,False,0.9516,1.0,0.968281,0.500518,0.889681,24.7036,overall<=4.0
1626,0.300422,7,0.517939,0.804388,post_filter,False,0.2577,1.0,0.991408,0.517939,0.82309,24.6848,"main_cat IN ('All Electronics', 'Books', 'Sports & Outdoors')"
1627,0.836128,20,0.313811,0.836513,post_filter,False,0.7635,1.0,0.974551,0.313811,0.850317,24.7772,"overall IN (2,4,5)"
1628,0.230635,3,0.464032,0.781129,post_filter,False,0.8848,1.0,0.970506,0.464032,0.800067,24.7275,"main_cat IN ('Camera & Photo', 'Camera &amp; Photo', 'Cell Phones &amp; Accessories')"
1629,0.12068,1,0.601536,0.668899,post_filter,False,0.7732,1.0,0.974226,0.601536,0.699432,26.4905,"main_cat IN ('Camera &amp; Photo', 'Cell Phones &amp; Accessories', 'Tools & Home Improvement')"
1630,0.140751,1,0.601536,0.699432,post_filter,False,1.2427,0.4,0.000168,0.601536,0.629505,27.7636,overall<=2.0
1631,0.092237,0,0.831141,0.499105,pre_filter,False,5.5204,1.0,0.815986,0.829625,0.499105,25.6073,main_cat='Home Audio &amp; Theater' AND overall>=3.0
1632,0.160682,1,0.601536,0.629505,post_filter,False,0.9662,1.0,0.967793,0.601536,0.663334,25.6101,"main_cat IN ('Camera & Photo', 'Computers')"
1633,0.339351,8,0.581391,0.814001,post_filter,False,1.1548,1.0,0.961508,0.581391,0.828751,26.2675,"main_cat IN ('Home Audio & Theater', 'Camera &amp; Photo', 'Sports & Outdoors')"
1634,0.389743,11,0.500518,0.889681,post_filter,False,0.9568,1.0,0.968106,0.500518,0.897524,25.0796,overall<=4.0
1635,0.680906,18,0.38742,0.918909,post_filter,False,0.7798,1.0,0.974008,0.38742,0.924419,25.3938,"overall IN (3,5)"
1636,0.680906,18,0.38742,0.924419,post_filter,False,0.7735,1.0,0.974218,0.38742,0.929399,25.7568,"overall IN (3,5)"
1637,0.658182,18,0.38742,0.929399,post_filter,False,0.5012,0.8,0.176338,0.38742,0.854093,25.8271,verified=true AND overall>=3.0
1638,0.339351,8,0.581391,0.828751,post_filter,False,0.9132,1.0,0.969561,0.581391,0.842832,25.9703,"main_cat IN ('Home Audio & Theater', 'Camera &amp; Photo', 'Sports & Outdoors')"
1639,0.12068,1,0.601536,0.663334,post_filter,False,0.838,1.0,0.972065,0.601536,0.694207,25.1185,"main_cat IN ('Camera &amp; Photo', 'Cell Phones &amp; Accessories', 'Tools & Home Improvement')"
1640,0.050727,0,0.829625,0.499105,pre_filter,False,2.9209,1.0,0.902637,0.836926,0.499105,26.1952,"main_cat IN ('Computers', 'Tools & Home Improvement')"
1641,0.092237,0,0.836926,0.499105,post_filter,False,1.1038,1.0,0.963206,0.836926,0.545515,26.061,main_cat='Home Audio &amp; Theater' AND overall>=3.0
1642,0.300422,7,0.517939,0.82309,post_filter,False,0.8145,1.0,0.972851,0.517939,0.838066,25.1413,"main_cat IN ('All Electronics', 'Books', 'Sports & Outdoors')"
1643,0.680906,18,0.38742,0.854093,post_filter,False,0.8045,1.0,0.973185,0.38742,0.866002,25.9002,"overall IN (3,5)"
1644,0.092237,0,0.836926,0.545515,pre_filter,False,5.5617,1.0,0.814611,0.834695,0.545515,25.6083,main_cat='Home Audio &amp; Theater' AND overall>=3.0
1645,0.728433,19,0.28243,0.740436,post_filter,False,0.7034,1.0,0.976554,0.28243,0.764047,25.3677,"overall IN (2,3,5)"
1646,0.728433,19,0.28243,0.764047,post_filter,False,0.7525,1.0,0.974915,0.28243,0.785134,27.8304,"overall IN (2,3,5)"
1647,0.859249,20,0.313811,0.850317,post_filter,False,1.1265,1.0,0.96245,0.313811,0.86153,31.551,overall>=3.0
1648,0.270385,5,0.503784,0.737183,post_filter,False,1.1338,0.9,0.560347,0.503784,0.7195,30.396,"main_cat IN ('Home Audio & Theater', 'Books', 'Tools & Home Improvement')"
1649,0.906777,21,1.0,0.843114,post_filter,True,0.6875,1.0,0.977085,1.0,0.856511,32.3964,overall>=2.0
1650,0.319094,7,0.517939,0.838066,post_filter,False,0.9182,1.0,0.969393,0.517939,0.851199,31.7397,"overall IN (1,2,4)"
1651,0.050727,0,0.834695,0.545515,pre_filter,False,3.1848,1.0,0.89384,0.840609,0.545515,26.2669,"main_cat IN ('Computers', 'Tools & Home Improvement')"
1652,0.248992,4,0.486311,0.910399,post_filter,False,1.0185,0.9,0.562586,0.486311,0.875618,26.1306,"overall IN (3,4)"
1653,0.339351,8,0.581391,0.842832,post_filter,False,1.1181,1.0,0.962731,0.581391,0.854822,26.1544,"main_cat IN ('Home Audio & Theater', 'Camera &amp; Photo', 'Sports & Outdoors')"
1654,0.319094,7,0.517939,0.851199,post_filter,False,0.5982,1.0,0.980061,0.517939,0.864085,27.7643,"overall IN (1,2,4)"
1655,0.836128,20,0.313811,0.86153,post_filter,False,0.7994,1.0,0.973353,0.313811,0.872712,24.779,"overall IN (2,4,5)"
1656,0.092237,0,0.840609,0.545515,pre_filter,False,5.8609,1.0,0.804636,0.837012,0.545515,24.9053,main_cat='Home Audio &amp; Theater' AND overall>=3.0
1657,0.821657,20,0.313811,0.872712,post_filter,False,0.9726,1.0,0.967581,0.313811,0.882199,24.79,"overall IN (1,2,3,5)"
1658,0.929351,21,1.0,0.856511,post_filter,True,0.8438,1.0,0.971875,1.0,0.868048,24.5756,"overall IN (1,2,4,5)"
1659,0.680906,18,0.38742,0.866002,post_filter,False,0.9245,1.0,0.969182,0.38742,0.87632,24.8069,"overall IN (3,5)"
1660,0.929351,21,1.0,0.868048,post_filter,True,0.7818,1.0,0.973939,1.0,0.878637,24.7702,"overall IN (1,2,4,5)"
1661,0.210713,2,0.526952,0.597313,post_filter,False,0.8395,1.0,0.972018,0.526952,0.634784,24.6845,"main_cat IN ('Camera & Photo', 'Camera &amp; Photo')"
1662,0.70348,19,0.28243,0.785134,post_filter,False,0.9054,1.0,0.969821,0.28243,0.803603,24.5216,"overall IN (1,5)"
1663,0.658182,18,0.38742,0.87632,post_filter,False,0.8991,1.0,0.970031,0.38742,0.885691,24.756,verified=true AND overall>=3.0
1664,0.160682,1,0.601536,0.694207,post_filter,False,0.7083,1.0,0.97639,0.601536,0.722426,24.7019,"main_cat IN ('Camera & Photo', 'Computers')"
1665,0.774129,19,0.28243,0.803603,post_filter,False,0.8297,1.0,0.972344,0.28243,0.820477,24.68,"overall IN (1,3,5)"
1666,0.319094,7,0.517939,0.864085,post_filter,False,0.482,1.0,0.983935,0.517939,0.87607,24.9382,"overall IN (1,2,4)"
1667,0.160682,1,0.601536,0.722426,post_filter,False,1.3507,0.6,0.009644,0.601536,0.651147,25.073,"main_cat IN ('Camera & Photo', 'Computers')"
1668,0.140751,1,0.601536,0.651147,post_filter,False,1.2409,0.0,0.0,0.601536,0.586033,27.0243,overall<=2.0
1669,0.230635,3,0.464032,0.800067,post_filter,False,0.7675,1.0,0.974415,0.464032,0.817502,24.6225,"main_cat IN ('Camera & Photo', 'Camera &amp; Photo', 'Cell Phones &amp; Accessories')"
1670,0.248992,4,0.486311,0.875618,post_filter,False,0.8767,1.0,0.970776,0.486311,0.885134,24.9227,"overall IN (3,4)"
1671,0.230635,3,0.464032,0.817502,post_filter,False,0.9173,0.9,0.56455,0.464032,0.792207,24.8983,"main_cat IN ('Camera & Photo', 'Camera &amp; Photo', 'Cell Phones &amp; Accessories')"
1672,0.610257,18,0.38742,0.885691,post_filter,False,0.8506,1.0,0.971646,0.38742,0.894286,24.7973,overall>=5.0
1673,0.140751,1,0.601536,0.586033,pre_filter,False,13.7103,1.0,0.542989,0.595682,0.586033,26.6971,overall<=2.0
1674,0.092237,0,0.837012,0.545515,pre_filter,False,5.6234,1.0,0.812553,0.834566,0.545515,25.0598,main_cat='Home Audio &amp; Theater' AND overall>=3.0
1675,0.160682,1,0.595682,0.586033,post_filter,False,0.6134,1.0,0.979553,0.595682,0.625385,25.1968,"main_cat IN ('Camera & Photo', 'Computers')"
1676,0.339351,8,0.581391,0.854822,post_filter,False,0.788,1.0,0.973735,0.581391,0.866713,24.8163,"main_cat IN ('Home Audio & Theater', 'Camera &amp; Photo', 'Sports & Outdoors')"
1677,0.230635,3,0.464032,0.792207,post_filter,False,0.9964,1.0,0.966787,0.464032,0.809665,24.8273,"main_cat IN ('Camera & Photo', 'Camera &amp; Photo', 'Cell Phones &amp; Accessories')"
1678,0.339351,8,0.581391,0.866713,post_filter,False,0.7309,0.8,0.174965,0.581391,0.797539,24.9663,"main_cat IN ('Home Audio & Theater', 'Camera &amp; Photo', 'Sports & Outdoors')"
1679,0.248992,4,0.486311,0.885134,post_filter,False,0.8859,1.0,0.970471,0.486311,0.893667,24.805,"overall IN (3,4)"
1680,0.610257,18,0.38742,0.894286,post_filter,False,0.8772,1.0,0.970761,0.38742,0.901934,24.8293,overall>=5.0
1681,0.859249,20,0.313811,0.882199,post_filter,False,0.923,1.0,0.969235,0.313811,0.890903,24.8096,overall>=3.0
1682,0.092237,0,0.834566,0.545515,pre_filter,False,5.4898,1.0,0.817006,0.83281,0.545515,24.9602,main_cat='Home Audio &amp; Theater' AND overall>=3.0
1683,0.300422,7,0.517939,0.87607,post_filter,False,0.9388,1.0,0.968707,0.517939,0.885334,25.6085,"main_cat IN ('All Electronics', 'Books', 'Sports & Outdoors')"
1684,0.230635,3,0.464032,0.809665,post_filter,False,1.0198,1.0,0.966007,0.464032,0.825299,24.7143,"main_cat IN ('Camera & Photo', 'Camera &amp; Photo', 'Cell Phones &amp; Accessories')"
1685,0.210713,2,0.526952,0.634784,post_filter,False,0.7362,1.0,0.97546,0.526952,0.668851,24.7147,"main_cat IN ('Camera & Photo', 'Camera &amp; Photo')"
1686,0.821657,20,0.313811,0.890903,post_filter,False,0.9636,1.0,0.967881,0.313811,0.898601,24.6956,"overall IN (1,2,3,5)"
1687,0.751008,19,0.28243,0.820477,post_filter,False,0.8846,1.0,0.970514,0.28243,0.835481,24.6549,"overall IN (1,2,5)"
1688,0.610257,18,0.38742,0.901934,post_filter,False,0.7303,1.0,0.975656,0.38742,0.909306,24.6874,overall>=5.0
1689,0.728433,19,0.28243,0.835481,post_filter,False,0.7842,1.0,0.973861,0.28243,0.849319,24.538,"overall IN (2,3,5)"
1690,0.728433,19,0.28243,0.849319,post_filter,False,0.9389,1.0,0.968704,0.28243,0.861257,24.5396,"overall IN (2,3,5)"
1691,0.180604,1,0.595682,0.625385,post_filter,False,0.9093,0.9,0.564706,0.595682,0.619317,24.6087,"main_cat IN ('Camera & Photo', 'Computers', 'Cell Phones &amp; Accessories')"
1692,0.389743,11,0.500518,0.897524,post_filter,False,0.6812,1.0,0.977292,0.500518,0.9055,24.8511,overall<=4.0
1693,0.12068,1,0.595682,0.619317,post_filter,False,0.9425,1.0,0.968583,0.595682,0.654243,27.0798,"main_cat IN ('Camera &amp; Photo', 'Cell Phones &amp; Accessories', 'Tools & Home Improvement')"
1694,0.140751,1,0.595682,0.654243,post_filter,False,1.2953,0.8,0.171591,0.595682,0.605978,24.9415,overall<=2.0
1695,0.248992,4,0.486311,0.893667,post_filter,False,0.7318,1.0,0.975606,0.486311,0.901861,24.6728,"overall IN (3,4)"
1696,0.050727,0,0.83281,0.545515,pre_filter,False,2.816,1.0,0.906133,0.840142,0.545515,25.0773,"main_cat IN ('Computers', 'Tools & Home Improvement')"
1697,0.319094,7,0.517939,0.885334,post_filter,False,0.9481,1.0,0.968397,0.517939,0.89364,24.663,"overall IN (1,2,4)"
1698,0.270385,5,0.503784,0.7195,post_filter,False,0.5285,0.5,0.001602,0.503784,0.64771,25.0588,"main_cat IN ('Home Audio & Theater', 'Books', 'Tools & Home Improvement')"
1699,0.881823,20,0.313811,0.898601,post_filter,False,0.755,1.0,0.974832,0.313811,0.906224,26.275,"overall IN (1,4,5)"
1700,0.728433,19,0.28243,0.861257,post_filter,False,1.0943,1.0,0.963525,0.28243,0.871484,26.9408,"overall IN (2,3,5)"
1701,0.319094,7,0.517939,0.89364,post_filter,False,0.9342,1.0,0.96886,0.517939,0.901162,27.2048,"overall IN (1,2,4)"
1702,0.859249,20,0.313811,0.906224,post_filter,False,1.0076,0.9,0.562798,0.313811,0.871881,37.1775,overall>=3.0
1703,0.906777,21,1.0,0.878637,post_filter,True,0.9192,1.0,0.969361,1.0,0.887709,29.2042,overall>=2.0
1704,0.270385,5,0.503784,0.64771,post_filter,False,0.846,1.0,0.971801,0.503784,0.680119,27.0056,"main_cat IN ('Home Audio & Theater', 'Books', 'Tools & Home Improvement')"
1705,0.389743,11,0.500518,0.9055,post_filter,False,0.6982,1.0,0.976726,0.500518,0.912623,26.4505,overall<=4.0
1706,0.270385,5,0.503784,0.680119,post_filter,False,0.9577,1.0,0.968076,0.503784,0.708915,25.5944,"main_cat IN ('Home Audio & Theater', 'Books', 'Tools & Home Improvement')"
1707,0.339351,8,0.581391,0.797539,pre_filter,False,20.3193,1.0,0.32269,0.555521,0.797539,25.14,"main_cat IN ('Home Audio & Theater', 'Camera &amp; Photo', 'Sports & Outdoors')"
1708,0.881823,20,0.313811,0.871881,post_filter,False,0.876,1.0,0.970801,0.313811,0.881773,25.2207,"overall IN (1,4,5)"
1709,0.881823,20,0.313811,0.881773,post_filter,False,0.971,1.0,0.967635,0.313811,0.890359,24.7048,"overall IN (1,4,5)"
1710,0.906777,21,1.0,0.887709,post_filter,True,0.6285,1.0,0.979049,1.0,0.896843,24.8154,overall>=2.0
1711,0.751008,19,0.28243,0.871484,post_filter,False,0.2609,1.0,0.991304,0.28243,0.883466,24.7447,"overall IN (1,2,5)"
1712,0.728433,19,0.28243,0.883466,post_filter,False,0.8953,1.0,0.970158,0.28243,0.892135,24.6788,"overall IN (2,3,5)"
1713,0.140751,1,0.595682,0.605978,post_filter,False,1.0354,0.8,0.173145,0.595682,0.562695,24.763,overall<=2.0
1714,0.248992,4,0.486311,0.901861,post_filter,False,0.7292,1.0,0.975694,0.486311,0.909245,25.3966,"overall IN (3,4)"
1715,0.270385,5,0.503784,0.708915,post_filter,False,0.8588,1.0,0.971372,0.503784,0.735161,25.2905,"main_cat IN ('Home Audio & Theater', 'Books', 'Tools & Home Improvement')"
1716,0.728433,19,0.28243,0.892135,post_filter,False,0.9508,1.0,0.968308,0.28243,0.899753,24.7301,"overall IN (2,3,5)"
1717,0.7886,19,0.28243,0.899753,post_filter,False,0.8281,1.0,0.972397,0.28243,0.907017,25.0993,overall>=4.0
1718,0.180604,1,0.595682,0.562695,pre_filter,False,11.3431,1.0,0.621896,0.598303,0.562695,25.1018,"main_cat IN ('Camera & Photo', 'Computers', 'Cell Phones &amp; Accessories')"
1719,0.610257,18,0.38742,0.909306,post_filter,False,0.8098,1.0,0.973007,0.38742,0.915676,24.7944,overall>=5.0
1720,0.270385,5,0.503784,0.735161,post_filter,False,0.818,0.7,0.045892,0.503784,0.666234,25.0409,"main_cat IN ('Home Audio & Theater', 'Books', 'Tools & Home Improvement')"
1721,0.160682,1,0.598303,0.562695,post_filter,False,0.8216,0.7,0.045886,0.598303,0.511014,24.9585,"main_cat IN ('Camera & Photo', 'Computers')"
1722,0.319094,7,0.517939,0.901162,post_filter,False,0.6031,1.0,0.979896,0.517939,0.909036,24.9768,"overall IN (1,2,4)"
1723,0.270385,5,0.503784,0.666234,post_filter,False,0.8403,1.0,0.971989,0.503784,0.696809,25.0635,"main_cat IN ('Home Audio & Theater', 'Books', 'Tools & Home Improvement')"
1724,0.248992,4,0.486311,0.909245,post_filter,False,0.8975,1.0,0.970085,0.486311,0.915329,25.0199,"overall IN (3,4)"
1725,0.821657,20,0.313811,0.890359,post_filter,False,0.5541,1.0,0.981529,0.313811,0.899476,24.8993,"overall IN (1,2,3,5)"
1726,0.7886,19,0.28243,0.907017,post_filter,False,0.457,1.0,0.984767,0.28243,0.914792,24.9722,overall>=4.0
1727,0.751008,19,0.28243,0.914792,post_filter,False,0.8507,1.0,0.971642,0.28243,0.920477,24.8566,"overall IN (1,2,5)"
1728,0.610257,18,0.38742,0.915676,post_filter,False,0.5441,1.0,0.981863,0.38742,0.922295,24.9797,overall>=5.0
1729,0.70348,19,0.28243,0.920477,post_filter,False,0.8991,1.0,0.970031,0.28243,0.925432,24.8605,"overall IN (1,5)"
1730,0.859249,20,0.313811,0.899476,post_filter,False,0.9705,1.0,0.967651,0.313811,0.906294,24.9236,overall>=3.0
1731,0.210713,2,0.526952,0.668851,post_filter,False,0.9876,1.0,0.967079,0.526952,0.698674,24.9856,"main_cat IN ('Camera & Photo', 'Camera &amp; Photo')"
1732,0.270385,5,0.503784,0.696809,post_filter,False,0.8824,1.0,0.970588,0.503784,0.724187,24.8028,"main_cat IN ('Home Audio & Theater', 'Books', 'Tools & Home Improvement')"
1733,0.319094,7,0.517939,0.909036,post_filter,False,0.7688,1.0,0.974372,0.517939,0.915569,24.9342,"overall IN (1,2,4)"
1734,0.230635,3,0.464032,0.825299,post_filter,False,0.9105,0.9,0.564683,0.464032,0.799237,25.0203,"main_cat IN ('Camera & Photo', 'Camera &amp; Photo', 'Cell Phones &amp; Accessories')"
1735,0.881823,20,0.313811,0.906294,post_filter,False,0.5403,1.0,0.98199,0.313811,0.913863,24.9036,"overall IN (1,4,5)"
1736,0.859249,20,0.313811,0.913863,post_filter,False,0.8921,1.0,0.970264,0.313811,0.919503,24.8614,overall>=3.0
1737,0.319094,7,0.517939,0.915569,post_filter,False,0.5968,1.0,0.980106,0.517939,0.922023,24.8685,"overall IN (1,2,4)"
1738,0.300422,7,0.517939,0.922023,post_filter,False,0.8144,1.0,0.972853,0.517939,0.927106,25.025,"main_cat IN ('All Electronics', 'Books', 'Sports & Outdoors')"
1739,0.12068,1,0.598303,0.511014,pre_filter,False,6.8579,1.0,0.771403,0.615613,0.511014,25.1182,"main_cat IN ('Camera &amp; Photo', 'Cell Phones &amp; Accessories', 'Tools & Home Improvement')"
1740,0.952472,21,1.0,0.896843,post_filter,True,0.7669,1.0,0.974436,1.0,0.904603,25.1433,"overall IN (1,3,4,5)"
1741,0.70348,19,0.28243,0.925432,post_filter,False,0.7992,1.0,0.97336,0.28243,0.930225,25.2695,"overall IN (1,5)"
1742,0.180604,1,0.615613,0.511014,pre_filter,False,10.7776,1.0,0.640746,0.618126,0.511014,25.5188,"main_cat IN ('Camera & Photo', 'Computers', 'Cell Phones &amp; Accessories')"
1743,0.70348,19,0.28243,0.930225,post_filter,False,0.7226,1.0,0.975914,0.28243,0.934794,25.5882,"overall IN (1,5)"
1744,0.680906,18,0.38742,0.922295,post_filter,False,0.8876,1.0,0.970412,0.38742,0.927107,25.6692,"overall IN (3,5)"
1745,0.160682,1,0.618126,0.511014,pre_filter,False,10.0005,1.0,0.666651,0.622979,0.511014,26.2908,"main_cat IN ('Camera & Photo', 'Computers')"
1746,0.774129,19,0.28243,0.934794,post_filter,False,0.8375,1.0,0.972082,0.28243,0.938523,25.8359,"overall IN (1,3,5)"
1747,0.836128,20,0.313811,0.919503,post_filter,False,0.7183,1.0,0.976056,0.313811,0.925159,27.374,"overall IN (2,4,5)"
1748,0.680906,18,0.38742,0.927107,post_filter,False,0.6075,1.0,0.979749,0.38742,0.932371,25.6063,"overall IN (3,5)"
1749,0.050727,0,0.840142,0.545515,pre_filter,False,5.9924,1.0,0.800254,0.836154,0.545515,25.3054,"main_cat IN ('Computers', 'Tools & Home Improvement')"
1750,0.821657,20,0.313811,0.925159,post_filter,False,1.0892,1.0,0.963693,0.313811,0.929012,25.7031,"overall IN (1,2,3,5)"
1751,0.389743,11,0.500518,0.912623,post_filter,False,0.9123,1.0,0.96959,0.500518,0.91832,26.2932,overall<=4.0
1752,0.7886,19,0.28243,0.938523,post_filter,False,0.7797,1.0,0.97401,0.28243,0.942071,25.0597,overall>=4.0
1753,0.180604,1,0.622979,0.511014,pre_filter,False,10.3322,1.0,0.655592,0.62624,0.511014,25.2075,"main_cat IN ('Camera & Photo', 'Computers', 'Cell Phones &amp; Accessories')"
1754,0.389743,11,0.500518,0.91832,post_filter,False,0.9273,1.0,0.969092,0.500518,0.923397,25.0945,overall<=4.0
1755,0.859249,20,0.313811,0.929012,post_filter,False,0.6797,1.0,0.977343,0.313811,0.933845,25.2805,overall>=3.0
1756,0.248992,4,0.486311,0.915329,post_filter,False,0.7034,1.0,0.976554,0.486311,0.921451,25.199,"overall IN (3,4)"
1757,0.881823,20,0.313811,0.933845,post_filter,False,0.7095,0.9,0.568584,0.313811,0.897319,25.0809,"overall IN (1,4,5)"
1758,0.7886,19,0.28243,0.942071,post_filter,False,0.7714,1.0,0.974288,0.28243,0.945293,24.9295,overall>=4.0
1759,0.092237,0,0.836154,0.545515,pre_filter,False,5.6571,1.0,0.811429,0.833681,0.545515,24.9589,main_cat='Home Audio &amp; Theater' AND overall>=3.0
1760,0.881823,20,0.313811,0.897319,post_filter,False,0.7188,1.0,0.976042,0.313811,0.905191,24.6028,"overall IN (1,4,5)"
1761,0.906777,21,1.0,0.904603,post_filter,True,0.6779,1.0,0.977404,1.0,0.911883,24.7386,overall>=2.0
1762,0.859249,20,0.313811,0.905191,post_filter,False,0.587,1.0,0.980433,0.313811,0.912716,24.6335,overall>=3.0
1763,0.859249,20,0.313811,0.912716,post_filter,False,0.8393,1.0,0.972025,0.313811,0.918646,24.5025,overall>=3.0
1764,0.339351,8,0.555521,0.797539,post_filter,False,0.7985,1.0,0.973382,0.555521,0.815123,24.7119,"main_cat IN ('Home Audio & Theater', 'Camera &amp; Photo', 'Sports & Outdoors')"
1765,0.774129,19,0.28243,0.945293,post_filter,False,0.3546,1.0,0.988179,0.28243,0.949582,24.6142,"overall IN (1,3,5)"
1766,0.610257,18,0.38742,0.932371,post_filter,False,0.7635,1.0,0.974551,0.38742,0.936589,24.6685,overall>=5.0
1767,0.140751,1,0.62624,0.511014,pre_filter,False,12.0453,1.0,0.598492,0.623465,0.511014,24.9041,overall<=2.0
1768,0.751008,19,0.28243,0.949582,post_filter,False,0.583,1.0,0.980567,0.28243,0.95268,24.7469,"overall IN (1,2,5)"
1769,0.248992,4,0.486311,0.921451,post_filter,False,0.862,1.0,0.971267,0.486311,0.926433,24.6454,"overall IN (3,4)"
1770,0.210713,2,0.526952,0.698674,post_filter,False,0.7743,1.0,0.97419,0.526952,0.726226,24.6907,"main_cat IN ('Camera & Photo', 'Camera &amp; Photo')"
1771,0.230635,3,0.464032,0.799237,post_filter,False,0.783,1.0,0.973901,0.464032,0.816704,24.9218,"main_cat IN ('Camera & Photo', 'Camera &amp; Photo', 'Cell Phones &amp; Accessories')"
1772,0.774129,19,0.28243,0.95268,post_filter,False,0.7984,1.0,0.973386,0.28243,0.954751,24.7303,"overall IN (1,3,5)"
1773,0.140751,1,0.623465,0.511014,pre_filter,False,11.8748,1.0,0.604174,0.621536,0.511014,25.4805,overall<=2.0
1774,0.7886,19,0.28243,0.954751,post_filter,False,0.633,1.0,0.9789,0.28243,0.957166,28.7242,overall>=4.0
1775,0.339351,8,0.555521,0.815123,post_filter,False,1.043,1.0,0.965235,0.555521,0.830134,24.7861,"main_cat IN ('Home Audio & Theater', 'Camera &amp; Photo', 'Sports & Outdoors')"
1776,0.859249,20,0.313811,0.918646,post_filter,False,0.8404,1.0,0.971987,0.313811,0.923981,24.747,overall>=3.0
1777,0.319094,7,0.517939,0.927106,post_filter,False,0.9163,1.0,0.969457,0.517939,0.931341,24.8214,"overall IN (1,2,4)"
1778,0.092237,0,0.833681,0.545515,pre_filter,False,5.5423,0.7,0.038463,0.754159,0.545515,24.682,main_cat='Home Audio &amp; Theater' AND overall>=3.0
1779,0.389743,11,0.500518,0.923397,post_filter,False,0.5889,0.4,0.000172,0.500518,0.831074,24.9705,overall<=4.0
1780,0.728433,19,0.28243,0.957166,post_filter,False,1.0626,1.0,0.964581,0.28243,0.957907,24.7857,"overall IN (2,3,5)"
1781,0.610257,18,0.38742,0.936589,post_filter,False,0.9311,1.0,0.968962,0.38742,0.939826,24.6959,overall>=5.0
1782,0.70348,19,0.28243,0.957907,post_filter,False,0.347,0.9,0.575622,0.28243,0.919679,24.66,"overall IN (1,5)"
1783,0.319094,7,0.517939,0.931341,post_filter,False,0.823,1.0,0.972568,0.517939,0.935464,24.8918,"overall IN (1,2,4)"
1784,0.680906,18,0.38742,0.939826,post_filter,False,0.8012,1.0,0.973294,0.38742,0.943173,24.8019,"overall IN (3,5)"
1785,0.658182,18,0.38742,0.943173,post_filter,False,0.5155,1.0,0.982818,0.38742,0.947138,24.9464,verified=true AND overall>=3.0
1786,0.952472,21,1.0,0.911883,post_filter,True,0.5876,1.0,0.980414,1.0,0.918736,24.8756,"overall IN (1,3,4,5)"
1787,0.952472,21,1.0,0.918736,post_filter,True,0.7579,1.0,0.974736,1.0,0.924336,24.9058,"overall IN (1,3,4,5)"
1788,0.906777,21,1.0,0.924336,post_filter,True,0.7944,1.0,0.973519,1.0,0.929254,24.7292,overall>=2.0
1789,0.7886,19,0.28243,0.919679,post_filter,False,0.4066,1.0,0.986446,0.28243,0.926355,24.6625,overall>=4.0
1790,0.339351,8,0.555521,0.830134,post_filter,False,0.8009,1.0,0.973304,0.555521,0.844451,24.5938,"main_cat IN ('Home Audio & Theater', 'Camera &amp; Photo', 'Sports & Outdoors')"
1791,0.680906,18,0.38742,0.947138,post_filter,False,0.9542,1.0,0.968192,0.38742,0.949243,24.7401,"overall IN (3,5)"
1792,0.073033,0,0.754159,0.545515,pre_filter,False,3.8653,1.0,0.871157,0.765859,0.545515,25.0953,brand='Tiffen'
1793,0.859249,20,0.313811,0.923981,post_filter,False,1.004,1.0,0.966535,0.313811,0.928236,24.5312,overall>=3.0
1794,0.300422,7,0.517939,0.935464,post_filter,False,0.7379,1.0,0.975404,0.517939,0.939458,24.7392,"main_cat IN ('All Electronics', 'Books', 'Sports & Outdoors')"
1795,0.7886,19,0.28243,0.926355,post_filter,False,0.3683,1.0,0.987725,0.28243,0.932492,24.6409,overall>=4.0
1796,0.929351,21,1.0,0.929254,post_filter,True,0.4107,0.9,0.574383,1.0,0.893767,24.6495,"overall IN (1,2,4,5)"
1797,0.859249,20,0.313811,0.928236,post_filter,False,0.8969,1.0,0.970103,0.313811,0.932423,24.6014,overall>=3.0
1798,0.680906,18,0.38742,0.949243,post_filter,False,1.0795,1.0,0.964017,0.38742,0.95072,24.6902,"overall IN (3,5)"
1799,0.728433,19,0.28243,0.932492,post_filter,False,0.8844,1.0,0.970521,0.28243,0.936295,24.722,"overall IN (2,3,5)"
1800,0.751008,19,0.28243,0.936295,post_filter,False,0.9465,1.0,0.968449,0.28243,0.939511,24.6325,"overall IN (1,2,5)"
1801,0.952472,21,1.0,0.893767,post_filter,True,0.8092,1.0,0.973026,1.0,0.901693,24.5462,"overall IN (1,3,4,5)"
1802,0.092237,0,0.765859,0.545515,pre_filter,False,5.5441,1.0,0.815197,0.770793,0.545515,25.0727,main_cat='Home Audio &amp; Theater' AND overall>=3.0
1803,0.12068,1,0.621536,0.511014,post_filter,False,0.4563,1.0,0.984792,0.621536,0.558392,26.0122,"main_cat IN ('Camera &amp; Photo', 'Cell Phones &amp; Accessories', 'Tools & Home Improvement')"
1804,0.836128,20,0.313811,0.932423,post_filter,False,0.8286,1.0,0.972379,0.313811,0.936418,25.5311,"overall IN (2,4,5)"
1805,0.210713,2,0.526952,0.726226,post_filter,False,1.1096,1.0,0.963013,0.526952,0.749904,25.6703,"main_cat IN ('Camera & Photo', 'Camera &amp; Photo')"
1806,0.774129,19,0.28243,0.939511,post_filter,False,0.5753,1.0,0.980825,0.28243,0.943642,30.6503,"overall IN (1,3,5)"
1807,0.774129,19,0.28243,0.943642,post_filter,False,1.3717,1.0,0.954278,0.28243,0.944706,26.0796,"overall IN (1,3,5)"
1808,0.300422,7,0.517939,0.939458,post_filter,False,1.2609,1.0,0.957969,0.517939,0.941309,27.7752,"main_cat IN ('All Electronics', 'Books', 'Sports & Outdoors')"
1809,0.160682,1,0.621536,0.558392,post_filter,False,0.9582,1.0,0.96806,0.621536,0.599359,27.6614,"main_cat IN ('Camera & Photo', 'Computers')"
1810,0.751008,19,0.28243,0.944706,post_filter,False,0.9003,1.0,0.96999,0.28243,0.947234,25.7488,"overall IN (1,2,5)"
1811,0.728433,19,0.28243,0.947234,post_filter,False,1.0043,1.0,0.966524,0.28243,0.949163,25.9757,"overall IN (2,3,5)"
1812,0.073033,0,0.770793,0.545515,pre_filter,False,4.3708,1.0,0.854307,0.779144,0.545515,27.8378,brand='Tiffen'
1813,0.70348,19,0.28243,0.949163,post_filter,False,1.0738,1.0,0.964207,0.28243,0.950667,32.6111,"overall IN (1,5)"
1814,0.751008,19,0.28243,0.950667,post_filter,False,0.5004,1.0,0.983319,0.28243,0.953933,27.0743,"overall IN (1,2,5)"
1815,0.774129,19,0.28243,0.953933,post_filter,False,0.9622,1.0,0.967928,0.28243,0.955332,26.1365,"overall IN (1,3,5)"
1816,0.751008,19,0.28243,0.955332,post_filter,False,0.7204,1.0,0.975986,0.28243,0.957397,26.0278,"overall IN (1,2,5)"
1817,0.319094,7,0.517939,0.941309,post_filter,False,0.7853,1.0,0.973822,0.517939,0.94456,26.3457,"overall IN (1,2,4)"
1818,0.836128,20,0.313811,0.936418,post_filter,False,0.9814,0.9,0.563306,0.313811,0.899107,25.2101,"overall IN (2,4,5)"
1819,0.270385,5,0.503784,0.724187,pre_filter,False,16.2158,1.0,0.459474,0.499353,0.724187,26.8631,"main_cat IN ('Home Audio & Theater', 'Books', 'Tools & Home Improvement')"
1820,0.859249,20,0.313811,0.899107,post_filter,False,0.7246,1.0,0.975846,0.313811,0.906781,26.7988,overall>=3.0
1821,0.339351,8,0.555521,0.844451,post_filter,False,0.9369,1.0,0.968771,0.555521,0.856883,25.7141,"main_cat IN ('Home Audio & Theater', 'Camera &amp; Photo', 'Sports & Outdoors')"
1822,0.12068,1,0.621536,0.599359,pre_filter,False,9.3975,1.0,0.686749,0.628057,0.599359,30.2132,"main_cat IN ('Camera &amp; Photo', 'Cell Phones &amp; Accessories', 'Tools & Home Improvement')"
1823,0.050727,0,0.779144,0.545515,pre_filter,False,3.5988,1.0,0.88004,0.789234,0.545515,29.4165,"main_cat IN ('Computers', 'Tools & Home Improvement')"
1824,0.12068,1,0.628057,0.599359,post_filter,False,1.2075,1.0,0.959749,0.628057,0.635398,26.9735,"main_cat IN ('Camera &amp; Photo', 'Cell Phones &amp; Accessories', 'Tools & Home Improvement')"
1825,0.230635,3,0.464032,0.816704,post_filter,False,0.9296,0.9,0.564311,0.464032,0.791464,26.3238,"main_cat IN ('Camera & Photo', 'Camera &amp; Photo', 'Cell Phones &amp; Accessories')"
1826,0.210713,2,0.526952,0.749904,post_filter,False,1.0985,1.0,0.963382,0.526952,0.771252,26.1635,"main_cat IN ('Camera & Photo', 'Camera &amp; Photo')"
1827,0.658182,18,0.38742,0.95072,post_filter,False,0.4318,1.0,0.985606,0.38742,0.954209,27.3182,verified=true AND overall>=3.0
1828,0.821657,20,0.313811,0.906781,post_filter,False,1.2054,1.0,0.959821,0.313811,0.912085,26.9509,"overall IN (1,2,3,5)"
1829,0.658182,18,0.38742,0.954209,post_filter,False,0.4856,1.0,0.983812,0.38742,0.957169,28.1462,verified=true AND overall>=3.0
1830,0.680906,18,0.38742,0.957169,post_filter,False,1.119,1.0,0.962701,0.38742,0.957722,25.2827,"overall IN (3,5)"
1831,0.70348,19,0.28243,0.957397,post_filter,False,1.139,1.0,0.962032,0.28243,0.957861,26.2503,"overall IN (1,5)"
1832,0.7886,19,0.28243,0.957861,post_filter,False,1.1433,1.0,0.96189,0.28243,0.958264,25.6907,overall>=4.0
1833,0.70348,19,0.28243,0.958264,post_filter,False,1.1245,1.0,0.962517,0.28243,0.958689,26.677,"overall IN (1,5)"
1834,0.210713,2,0.526952,0.771252,post_filter,False,0.8901,1.0,0.970331,0.526952,0.79116,26.0564,"main_cat IN ('Camera & Photo', 'Camera &amp; Photo')"
1835,0.389743,11,0.500518,0.831074,post_filter,False,0.6799,1.0,0.977336,0.500518,0.845701,25.7084,overall<=4.0
1836,0.300422,7,0.517939,0.94456,post_filter,False,1.0482,1.0,0.965061,0.517939,0.94661,25.651,"main_cat IN ('All Electronics', 'Books', 'Sports & Outdoors')"
1837,0.319094,7,0.517939,0.94661,post_filter,False,0.169,0.1,0.0,0.517939,0.851949,25.6116,"overall IN (1,2,4)"
1838,0.389743,11,0.500518,0.845701,post_filter,False,1.0243,1.0,0.965856,0.500518,0.857716,26.0742,overall<=4.0
1839,0.836128,20,0.313811,0.912085,post_filter,False,0.9761,1.0,0.967462,0.313811,0.917623,25.9727,"overall IN (2,4,5)"
1840,0.774129,19,0.28243,0.958689,post_filter,False,0.6836,1.0,0.977214,0.28243,0.960542,25.4088,"overall IN (1,3,5)"
1841,0.70348,19,0.28243,0.960542,post_filter,False,0.6745,1.0,0.977515,0.28243,0.962239,26.8569,"overall IN (1,5)"
1842,0.7886,19,0.28243,0.962239,post_filter,False,1.0474,0.9,0.562024,0.28243,0.922218,26.07,overall>=4.0
1843,0.658182,18,0.38742,0.957722,post_filter,False,1.3859,1.0,0.953804,0.38742,0.957331,26.5214,verified=true AND overall>=3.0
1844,0.140751,1,0.628057,0.635398,post_filter,False,1.4414,0.0,0.0,0.628057,0.571858,30.9141,overall<=2.0
1845,0.300422,7,0.517939,0.851949,post_filter,False,0.9302,1.0,0.968994,0.517939,0.863654,26.2847,"main_cat IN ('All Electronics', 'Books', 'Sports & Outdoors')"
1846,0.050727,0,0.789234,0.545515,pre_filter,False,2.8965,1.0,0.903449,0.800655,0.545515,25.9838,"main_cat IN ('Computers', 'Tools & Home Improvement')"
1847,0.610257,18,0.38742,0.957331,pre_filter,False,42.4476,1.0,0.0,0.348678,0.957331,26.0736,overall>=5.0
1848,0.12068,1,0.628057,0.571858,pre_filter,False,7.0481,1.0,0.765064,0.641758,0.571858,25.9367,"main_cat IN ('Camera &amp; Photo', 'Cell Phones &amp; Accessories', 'Tools & Home Improvement')"
1849,0.248992,4,0.486311,0.926433,post_filter,False,1.0748,1.0,0.964172,0.486311,0.930207,25.0027,"overall IN (3,4)"
1850,0.339351,8,0.555521,0.856883,post_filter,False,1.293,1.0,0.9569,0.555521,0.866885,24.735,"main_cat IN ('Home Audio & Theater', 'Camera &amp; Photo', 'Sports & Outdoors')"
1851,0.952472,21,1.0,0.901693,post_filter,True,0.7953,0.9,0.566918,1.0,0.868216,24.6965,"overall IN (1,3,4,5)"
1852,0.092237,0,0.800655,0.545515,pre_filter,False,5.8075,1.0,0.806415,0.801231,0.545515,24.8594,main_cat='Home Audio &amp; Theater' AND overall>=3.0
1853,0.12068,1,0.641758,0.571858,pre_filter,False,7.0222,1.0,0.765928,0.654175,0.571858,24.9046,"main_cat IN ('Camera &amp; Photo', 'Cell Phones &amp; Accessories', 'Tools & Home Improvement')"
1854,0.881823,20,0.313811,0.917623,post_filter,False,0.943,1.0,0.968565,0.313811,0.922717,24.9467,"overall IN (1,4,5)"
1855,0.821657,20,0.313811,0.922717,pre_filter,False,52.2967,1.0,0.0,0.28243,0.922717,25.0435,"overall IN (1,2,3,5)"
1856,0.140751,1,0.654175,0.571858,pre_filter,False,13.3742,1.0,0.554193,0.644177,0.571858,27.0664,overall<=2.0
1857,0.300422,7,0.517939,0.863654,post_filter,False,1.5116,1.0,0.949614,0.517939,0.87225,26.2378,"main_cat IN ('All Electronics', 'Books', 'Sports & Outdoors')"
1858,0.248992,4,0.486311,0.930207,post_filter,False,1.2404,1.0,0.958653,0.486311,0.933051,25.8233,"overall IN (3,4)"
1859,0.270385,5,0.499353,0.724187,post_filter,False,1.138,1.0,0.962065,0.499353,0.747975,26.5199,"main_cat IN ('Home Audio & Theater', 'Books', 'Tools & Home Improvement')"
1860,0.389743,11,0.500518,0.857716,post_filter,False,0.7204,0.9,0.568373,0.500518,0.828782,25.774,overall<=4.0
1861,0.859249,20,0.28243,0.922717,post_filter,False,1.0174,1.0,0.966087,0.28243,0.927054,27.1051,overall>=3.0
1862,0.180604,1,0.644177,0.571858,pre_filter,False,10.531,1.0,0.648965,0.644656,0.571858,26.3513,"main_cat IN ('Camera & Photo', 'Computers', 'Cell Phones &amp; Accessories')"
1863,0.658182,18,0.348678,0.957331,post_filter,False,0.4725,1.0,0.984251,0.348678,0.960023,26.4512,verified=true AND overall>=3.0
1864,0.610257,18,0.348678,0.960023,post_filter,False,0.7333,1.0,0.975557,0.348678,0.961576,26.2349,overall>=5.0
1865,0.300422,7,0.517939,0.87225,post_filter,False,1.1727,1.0,0.96091,0.517939,0.881116,25.7987,"main_cat IN ('All Electronics', 'Books', 'Sports & Outdoors')"
1866,0.610257,18,0.348678,0.961576,post_filter,False,0.57,1.0,0.980999,0.348678,0.963518,26.2682,overall>=5.0
1867,0.12068,1,0.644656,0.571858,post_filter,False,1.1608,0.7,0.045353,0.644656,0.519207,25.2112,"main_cat IN ('Camera &amp; Photo', 'Cell Phones &amp; Accessories', 'Tools & Home Improvement')"
1868,0.389743,11,0.500518,0.828782,post_filter,False,1.0771,1.0,0.964097,0.500518,0.842313,25.6731,overall<=4.0
1869,0.821657,20,0.28243,0.927054,post_filter,False,0.13,0.0,0.0,0.28243,0.834349,25.4433,"overall IN (1,2,3,5)"
1870,0.7886,19,0.28243,0.922218,post_filter,False,0.9131,1.0,0.969564,0.28243,0.926952,26.1444,overall>=4.0
1871,0.389743,11,0.500518,0.842313,post_filter,False,1.1111,0.9,0.560788,0.500518,0.814161,26.1183,overall<=4.0
1872,0.270385,5,0.499353,0.747975,post_filter,False,1.1058,1.0,0.963142,0.499353,0.769492,25.4217,"main_cat IN ('Home Audio & Theater', 'Books', 'Tools & Home Improvement')"
1873,0.092237,0,0.801231,0.545515,pre_filter,False,6.0053,1.0,0.799824,0.801091,0.545515,25.3282,main_cat='Home Audio &amp; Theater' AND overall>=3.0
1874,0.248992,4,0.486311,0.933051,post_filter,False,0.5064,1.0,0.983119,0.486311,0.938058,26.0697,"overall IN (3,4)"
1875,0.073033,0,0.801091,0.545515,pre_filter,False,4.0703,1.0,0.864325,0.807414,0.545515,25.2765,brand='Tiffen'
1876,0.859249,20,0.28243,0.834349,post_filter,False,0.538,1.0,0.982068,0.28243,0.849121,25.5339,overall>=3.0
1877,0.7886,19,0.28243,0.926952,post_filter,False,1.0989,1.0,0.963371,0.28243,0.930594,25.7195,overall>=4.0
1878,0.12068,1,0.644656,0.519207,pre_filter,False,8.5495,1.0,0.715017,0.651692,0.519207,27.9674,"main_cat IN ('Camera &amp; Photo', 'Cell Phones &amp; Accessories', 'Tools & Home Improvement')"
1879,0.050727,0,0.807414,0.545515,pre_filter,False,3.3792,1.0,0.887358,0.815408,0.545515,28.1857,"main_cat IN ('Computers', 'Tools & Home Improvement')"
1880,0.906777,21,1.0,0.868216,post_filter,True,1.6411,0.9,0.550499,1.0,0.836444,25.734,overall>=2.0
1881,0.270385,5,0.499353,0.769492,post_filter,False,0.9952,1.0,0.966828,0.499353,0.789225,25.657,"main_cat IN ('Home Audio & Theater', 'Books', 'Tools & Home Improvement')"
1882,0.751008,19,0.28243,0.930594,post_filter,False,1.057,1.0,0.964765,0.28243,0.934011,25.5105,"overall IN (1,2,5)"
1883,0.12068,1,0.651692,0.519207,pre_filter,False,10.9201,1.0,0.635996,0.650122,0.519207,25.7945,"main_cat IN ('Camera &amp; Photo', 'Cell Phones &amp; Accessories', 'Tools & Home Improvement')"
1884,0.774129,19,0.28243,0.934011,post_filter,False,1.4358,1.0,0.952139,0.28243,0.935824,25.5253,"overall IN (1,3,5)"
1885,0.859249,20,0.28243,0.849121,post_filter,False,1.5198,1.0,0.94934,0.28243,0.859143,25.4205,overall>=3.0
1886,0.160682,1,0.650122,0.519207,pre_filter,False,12.3422,1.0,0.588592,0.643969,0.519207,25.3573,"main_cat IN ('Camera & Photo', 'Computers')"
1887,0.952472,21,1.0,0.836444,post_filter,True,1.3671,1.0,0.954429,1.0,0.848242,25.6761,"overall IN (1,3,4,5)"
1888,0.821657,20,0.28243,0.859143,post_filter,False,0.7603,1.0,0.974657,0.28243,0.870694,25.152,"overall IN (1,2,3,5)"
1889,0.210713,2,0.526952,0.79116,post_filter,False,0.8595,0.9,0.565671,0.526952,0.768611,27.6807,"main_cat IN ('Camera & Photo', 'Camera &amp; Photo')"
1890,0.658182,18,0.348678,0.963518,post_filter,False,1.3061,1.0,0.956464,0.348678,0.962813,26.7411,verified=true AND overall>=3.0
1891,0.160682,1,0.643969,0.519207,post_filter,False,1.5923,0.7,0.044675,0.643969,0.471754,26.0425,"main_cat IN ('Camera & Photo', 'Computers')"
1892,0.680906,18,0.348678,0.962813,post_filter,False,1.1273,0.6,0.009719,0.348678,0.867504,26.6665,"overall IN (3,5)"
1893,0.160682,1,0.643969,0.471754,pre_filter,False,9.7692,1.0,0.674361,0.647008,0.471754,24.9995,"main_cat IN ('Camera & Photo', 'Computers')"
1894,0.270385,5,0.499353,0.789225,post_filter,False,1.126,1.0,0.962467,0.499353,0.806549,25.0885,"main_cat IN ('Home Audio & Theater', 'Books', 'Tools & Home Improvement')"
1895,0.680906,18,0.348678,0.867504,post_filter,False,0.9361,1.0,0.968797,0.348678,0.877633,24.847,"overall IN (3,5)"
1896,0.339351,8,0.555521,0.866885,post_filter,False,0.9505,1.0,0.968317,0.555521,0.877028,27.8429,"main_cat IN ('Home Audio & Theater', 'Camera &amp; Photo', 'Sports & Outdoors')"
1897,0.389743,11,0.500518,0.814161,post_filter,False,1.0374,1.0,0.965421,0.500518,0.829287,29.7612,overall<=4.0
1898,0.210713,2,0.526952,0.768611,post_filter,False,1.3214,0.9,0.556705,0.526952,0.747421,86.6193,"main_cat IN ('Camera & Photo', 'Camera &amp; Photo')"
1899,0.859249,20,0.28243,0.870694,post_filter,False,4.4967,1.0,0.850111,0.28243,0.868636,27.6993,overall>=3.0
1900,0.319094,7,0.517939,0.881116,post_filter,False,2.277,1.0,0.924101,0.517939,0.885414,25.8236,"overall IN (1,2,4)"
1901,0.751008,19,0.28243,0.935824,post_filter,False,1.153,1.0,0.961567,0.28243,0.938398,25.8544,"overall IN (1,2,5)"
1902,0.160682,1,0.647008,0.471754,pre_filter,False,16.5071,1.0,0.449764,0.627284,0.471754,28.7111,"main_cat IN ('Camera & Photo', 'Computers')"
1903,0.160682,1,0.627284,0.471754,pre_filter,False,12.6691,1.0,0.577696,0.622325,0.471754,32.4545,"main_cat IN ('Camera & Photo', 'Computers')"
1904,0.751008,19,0.28243,0.938398,post_filter,False,8.6611,1.0,0.711296,0.28243,0.915688,26.3085,"overall IN (1,2,5)"
1905,0.774129,19,0.28243,0.915688,post_filter,False,2.6467,1.0,0.911776,0.28243,0.915297,26.5838,"overall IN (1,3,5)"
1906,0.339351,8,0.555521,0.877028,post_filter,False,2.5229,1.0,0.915903,0.555521,0.880915,25.6431,"main_cat IN ('Home Audio & Theater', 'Camera &amp; Photo', 'Sports & Outdoors')"
1907,0.319094,7,0.517939,0.885414,post_filter,False,1.9539,1.0,0.934871,0.517939,0.89036,25.3918,"overall IN (1,2,4)"
1908,0.050727,0,0.815408,0.545515,pre_filter,False,3.7746,1.0,0.874179,0.821286,0.545515,26.3668,"main_cat IN ('Computers', 'Tools & Home Improvement')"
1909,0.821657,20,0.28243,0.868636,post_filter,False,2.5322,1.0,0.915592,0.28243,0.873331,25.7058,"overall IN (1,2,3,5)"
1910,0.728433,19,0.28243,0.915297,post_filter,False,2.263,1.0,0.924568,0.28243,0.916224,25.3321,"overall IN (2,3,5)"
1911,0.929351,21,1.0,0.848242,post_filter,True,2.0103,1.0,0.93299,1.0,0.856717,29.8739,"overall IN (1,2,4,5)"
1912,0.180604,1,0.622325,0.471754,post_filter,False,28.9158,0.9,0.021047,0.622325,0.426683,29.4382,"main_cat IN ('Camera & Photo', 'Computers', 'Cell Phones &amp; Accessories')"
1913,0.389743,11,0.500518,0.829287,post_filter,False,36.4254,1.0,0.0,0.500518,0.746358,34.8634,overall<=4.0
1914,0.70348,19,0.28243,0.916224,post_filter,False,8.5172,1.0,0.716092,0.28243,0.896211,31.1276,"overall IN (1,5)"
1915,0.339351,8,0.555521,0.880915,post_filter,False,10.935,1.0,0.635501,0.555521,0.856374,29.8847,"main_cat IN ('Home Audio & Theater', 'Camera &amp; Photo', 'Sports & Outdoors')"
1916,0.319094,7,0.517939,0.89036,post_filter,False,3.3507,1.0,0.888311,0.517939,0.890155,27.689,"overall IN (1,2,4)"
1917,0.050727,0,0.821286,0.545515,pre_filter,False,13.5318,1.0,0.54894,0.794051,0.545515,29.2641,"main_cat IN ('Computers', 'Tools & Home Improvement')"
1918,0.7886,19,0.28243,0.896211,post_filter,False,3.9235,1.0,0.869215,0.28243,0.893511,25.8746,overall>=4.0
1919,0.180604,1,0.622325,0.426683,pre_filter,False,14.425,1.0,0.519167,0.612009,0.426683,27.3284,"main_cat IN ('Camera & Photo', 'Computers', 'Cell Phones &amp; Accessories')"
1920,0.180604,1,0.612009,0.426683,pre_filter,False,10.3941,1.0,0.653531,0.616161,0.426683,28.0459,"main_cat IN ('Camera & Photo', 'Computers', 'Cell Phones &amp; Accessories')"
1921,0.230635,3,0.464032,0.791464,post_filter,False,7.6299,1.0,0.745669,0.464032,0.786885,26.3022,"main_cat IN ('Camera & Photo', 'Camera &amp; Photo', 'Cell Phones &amp; Accessories')"
1922,0.836128,20,0.28243,0.873331,post_filter,False,2.4111,1.0,0.919631,0.28243,0.877961,26.5753,"overall IN (2,4,5)"
1923,0.7886,19,0.28243,0.893511,post_filter,False,3.392,1.0,0.886933,0.28243,0.892853,28.7621,overall>=4.0
1924,0.859249,20,0.28243,0.877961,post_filter,False,3.5758,1.0,0.880807,0.28243,0.878246,29.0368,overall>=3.0
1925,0.859249,20,0.28243,0.878246,post_filter,False,2.4836,1.0,0.917212,0.28243,0.882142,25.7378,overall>=3.0
1926,0.092237,0,0.794051,0.545515,pre_filter,False,12.9609,1.0,0.567969,0.771443,0.545515,102.6643,main_cat='Home Audio &amp; Theater' AND overall>=3.0
1927,0.70348,19,0.28243,0.892853,post_filter,False,25.9657,1.0,0.134475,0.28243,0.817016,45.2368,"overall IN (1,5)"
1928,0.12068,1,0.616161,0.426683,post_filter,False,6.4266,1.0,0.785779,0.616161,0.462593,31.4898,"main_cat IN ('Camera &amp; Photo', 'Cell Phones &amp; Accessories', 'Tools & Home Improvement')"
1929,0.859249,20,0.28243,0.882142,post_filter,False,4.4154,1.0,0.852819,0.28243,0.87921,26.9576,overall>=3.0
1930,0.906777,21,1.0,0.856717,post_filter,True,2.254,1.0,0.924865,1.0,0.863532,25.936,overall>=2.0
1931,0.680906,18,0.348678,0.877633,post_filter,False,2.0103,1.0,0.932989,0.348678,0.883169,26.5292,"overall IN (3,5)"
1932,0.160682,1,0.616161,0.462593,pre_filter,False,14.2953,1.0,0.523492,0.606894,0.462593,26.4133,"main_cat IN ('Camera & Photo', 'Computers')"
1933,0.300422,7,0.517939,0.890155,post_filter,False,2.8763,1.0,0.904125,0.517939,0.891552,26.8879,"main_cat IN ('All Electronics', 'Books', 'Sports & Outdoors')"
1934,0.270385,5,0.499353,0.806549,post_filter,False,2.7108,1.0,0.909639,0.499353,0.816858,26.9988,"main_cat IN ('Home Audio & Theater', 'Books', 'Tools & Home Improvement')"
1935,0.180604,1,0.606894,0.462593,pre_filter,False,11.7778,1.0,0.607407,0.606946,0.462593,25.8314,"main_cat IN ('Camera & Photo', 'Computers', 'Cell Phones &amp; Accessories')"
1936,0.389743,11,0.500518,0.746358,post_filter,False,1.5083,1.0,0.949724,0.500518,0.766695,25.973,overall<=4.0
1937,0.12068,1,0.606946,0.462593,pre_filter,False,12.0707,1.0,0.597644,0.606016,0.462593,25.7473,"main_cat IN ('Camera &amp; Photo', 'Cell Phones &amp; Accessories', 'Tools & Home Improvement')"
1938,0.230635,3,0.464032,0.786885,post_filter,False,1.49,1.0,0.950335,0.464032,0.80323,25.5507,"main_cat IN ('Camera & Photo', 'Camera &amp; Photo', 'Cell Phones &amp; Accessories')"
1939,0.774129,19,0.28243,0.817016,post_filter,False,1.4606,1.0,0.951314,0.28243,0.830445,25.6409,"overall IN (1,3,5)"
1940,0.906777,21,1.0,0.863532,post_filter,True,2.1662,1.0,0.927794,1.0,0.869958,25.5115,overall>=2.0
1941,0.610257,18,0.348678,0.883169,post_filter,False,1.7762,1.0,0.940793,0.348678,0.888931,25.4119,overall>=5.0
1942,0.658182,18,0.348678,0.888931,post_filter,False,1.7427,1.0,0.941908,0.348678,0.894229,25.3864,verified=true AND overall>=3.0
1943,0.751008,19,0.28243,0.830445,post_filter,False,1.122,1.0,0.962601,0.28243,0.843661,25.3518,"overall IN (1,2,5)"
1944,0.270385,5,0.499353,0.816858,post_filter,False,1.6973,1.0,0.943424,0.499353,0.829515,25.3469,"main_cat IN ('Home Audio & Theater', 'Books', 'Tools & Home Improvement')"
1945,0.728433,19,0.28243,0.843661,post_filter,False,1.3648,1.0,0.954507,0.28243,0.854746,25.1555,"overall IN (2,3,5)"
1946,0.319094,7,0.517939,0.891552,post_filter,False,1.8278,1.0,0.939072,0.517939,0.896304,25.2558,"overall IN (1,2,4)"
1947,0.728433,19,0.28243,0.854746,post_filter,False,1.706,1.0,0.943135,0.28243,0.863584,25.3477,"overall IN (2,3,5)"
1948,0.319094,7,0.517939,0.896304,post_filter,False,1.4055,1.0,0.953151,0.517939,0.901989,25.0247,"overall IN (1,2,4)"
1949,0.70348,19,0.28243,0.863584,post_filter,False,1.5972,1.0,0.946761,0.28243,0.871902,25.1112,"overall IN (1,5)"
1950,0.12068,1,0.606016,0.462593,post_filter,False,1.3272,1.0,0.95576,0.606016,0.51191,25.1112,"main_cat IN ('Camera &amp; Photo', 'Cell Phones &amp; Accessories', 'Tools & Home Improvement')"
1951,0.300422,7,0.517939,0.901989,post_filter,False,1.776,1.0,0.940799,0.517939,0.90587,25.119,"main_cat IN ('All Electronics', 'Books', 'Sports & Outdoors')"
1952,0.300422,7,0.517939,0.90587,post_filter,False,1.2545,1.0,0.958185,0.517939,0.911101,32.2857,"main_cat IN ('All Electronics', 'Books', 'Sports & Outdoors')"
1953,0.906777,21,1.0,0.869958,post_filter,True,1.6299,0.9,0.550718,1.0,0.838034,25.8163,overall>=2.0
1954,0.389743,11,0.500518,0.766695,post_filter,False,1.3485,1.0,0.955049,0.500518,0.78553,25.0594,overall<=4.0
1955,0.728433,19,0.28243,0.871902,post_filter,False,1.2698,1.0,0.957674,0.28243,0.880479,25.3279,"overall IN (2,3,5)"
1956,0.160682,1,0.606016,0.51191,pre_filter,False,9.3166,1.0,0.689446,0.614359,0.51191,26.4276,"main_cat IN ('Camera & Photo', 'Computers')"
1957,0.881823,20,0.28243,0.87921,post_filter,False,0.7964,0.7,0.045926,0.28243,0.795882,25.2261,"overall IN (1,4,5)"
1958,0.774129,19,0.28243,0.880479,post_filter,False,1.182,1.0,0.9606,0.28243,0.888491,24.9494,"overall IN (1,3,5)"
1959,0.7886,19,0.28243,0.888491,post_filter,False,1.3047,1.0,0.95651,0.28243,0.895293,25.0573,overall>=4.0
1960,0.859249,20,0.28243,0.795882,post_filter,False,1.2953,1.0,0.956824,0.28243,0.811976,25.3288,overall>=3.0
1961,0.248992,4,0.486311,0.938058,post_filter,False,1.3607,1.0,0.954644,0.486311,0.939717,25.3643,"overall IN (3,4)"
1962,0.952472,21,1.0,0.838034,post_filter,True,1.3453,1.0,0.955156,1.0,0.849746,25.4873,"overall IN (1,3,4,5)"
1963,0.728433,19,0.28243,0.895293,post_filter,False,0.9987,1.0,0.966711,0.28243,0.902435,25.3824,"overall IN (2,3,5)"
1964,0.70348,19,0.28243,0.902435,post_filter,False,0.67,0.0,0.0,0.28243,0.812191,25.4788,"overall IN (1,5)"
1965,0.092237,0,0.771443,0.545515,pre_filter,False,14.7929,1.0,0.506904,0.744989,0.545515,25.4007,main_cat='Home Audio &amp; Theater' AND overall>=3.0
1966,0.774129,19,0.28243,0.812191,post_filter,False,1.2817,1.0,0.957276,0.28243,0.8267,25.6293,"overall IN (1,3,5)"
1967,0.140751,1,0.614359,0.51191,pre_filter,False,25.6093,1.0,0.146356,0.567558,0.51191,25.6483,overall<=2.0
1968,0.270385,5,0.499353,0.829515,post_filter,False,1.2788,1.0,0.957375,0.499353,0.842301,25.3998,"main_cat IN ('Home Audio & Theater', 'Books', 'Tools & Home Improvement')"
1969,0.12068,1,0.567558,0.51191,pre_filter,False,7.1524,1.0,0.761587,0.586961,0.51191,25.3585,"main_cat IN ('Camera &amp; Photo', 'Cell Phones &amp; Accessories', 'Tools & Home Improvement')"
1970,0.210713,2,0.526952,0.747421,post_filter,False,1.4795,0.7,0.044852,0.526952,0.677164,25.7675,"main_cat IN ('Camera & Photo', 'Camera &amp; Photo')"
1971,0.248992,4,0.486311,0.939717,post_filter,False,1.0924,1.0,0.963586,0.486311,0.942104,25.0542,"overall IN (3,4)"
1972,0.12068,1,0.586961,0.51191,pre_filter,False,7.0919,1.0,0.763603,0.604625,0.51191,25.3867,"main_cat IN ('Camera &amp; Photo', 'Cell Phones &amp; Accessories', 'Tools & Home Improvement')"
1973,0.160682,1,0.604625,0.51191,pre_filter,False,9.2745,1.0,0.69085,0.613248,0.51191,25.666,"main_cat IN ('Camera & Photo', 'Computers')"
1974,0.300422,7,0.517939,0.911101,post_filter,False,1.2851,1.0,0.957163,0.517939,0.915707,25.1159,"main_cat IN ('All Electronics', 'Books', 'Sports & Outdoors')"
1975,0.7886,19,0.28243,0.8267,post_filter,False,1.2215,1.0,0.959285,0.28243,0.839958,25.27,overall>=4.0
1976,0.140751,1,0.613248,0.51191,pre_filter,False,11.9429,1.0,0.601903,0.612113,0.51191,26.7879,overall<=2.0
1977,0.658182,18,0.348678,0.894229,post_filter,False,1.0637,1.0,0.964542,0.348678,0.90126,25.3852,verified=true AND overall>=3.0
1978,0.319094,7,0.517939,0.915707,post_filter,False,0.9883,1.0,0.967056,0.517939,0.920842,25.0596,"overall IN (1,2,4)"
1979,0.339351,8,0.555521,0.856374,post_filter,False,1.2618,1.0,0.95794,0.555521,0.866531,25.4997,"main_cat IN ('Home Audio & Theater', 'Camera &amp; Photo', 'Sports & Outdoors')"
1980,0.728433,19,0.28243,0.839958,post_filter,False,1.0479,1.0,0.965071,0.28243,0.85247,25.1028,"overall IN (2,3,5)"
1981,0.140751,1,0.612113,0.51191,pre_filter,False,12.2548,1.0,0.591508,0.610053,0.51191,28.1089,overall<=2.0
1982,0.70348,19,0.28243,0.85247,post_filter,False,1.0266,1.0,0.965779,0.28243,0.863801,25.5318,"overall IN (1,5)"
1983,0.319094,7,0.517939,0.920842,post_filter,False,1.0373,1.0,0.965422,0.517939,0.9253,25.4811,"overall IN (1,2,4)"
1984,0.339351,8,0.555521,0.866531,pre_filter,False,75.6018,1.0,0.0,0.499969,0.866531,25.1631,"main_cat IN ('Home Audio & Theater', 'Camera &amp; Photo', 'Sports & Outdoors')"
1985,0.160682,1,0.610053,0.51191,pre_filter,False,9.2445,1.0,0.691851,0.618233,0.51191,25.0336,"main_cat IN ('Camera & Photo', 'Computers')"
1986,0.610257,18,0.348678,0.90126,post_filter,False,0.8717,1.0,0.970942,0.348678,0.908228,24.9282,overall>=5.0
1987,0.751008,19,0.28243,0.863801,pre_filter,False,137.4162,1.0,0.0,0.254187,0.863801,32.9044,"overall IN (1,2,5)"
1988,0.680906,18,0.348678,0.908228,post_filter,False,1.1614,1.0,0.961286,0.348678,0.913534,25.0296,"overall IN (3,5)"
1989,0.7886,19,0.254187,0.863801,post_filter,False,1.0257,1.0,0.965811,0.254187,0.874002,24.9855,overall>=4.0
1990,0.952472,21,1.0,0.849746,post_filter,True,1.1541,1.0,0.961531,1.0,0.860925,25.1854,"overall IN (1,3,4,5)"
1991,0.751008,19,0.254187,0.874002,post_filter,False,0.9551,1.0,0.968162,0.254187,0.883418,25.024,"overall IN (1,2,5)"
1992,0.952472,21,1.0,0.860925,post_filter,True,0.6632,1.0,0.977892,1.0,0.872621,25.1233,"overall IN (1,3,4,5)"
1993,0.160682,1,0.618233,0.51191,pre_filter,False,9.8522,1.0,0.671594,0.623569,0.51191,25.408,"main_cat IN ('Camera & Photo', 'Computers')"
1994,0.680906,18,0.348678,0.913534,post_filter,False,0.7655,1.0,0.974482,0.348678,0.919629,25.0133,"overall IN (3,5)"
1995,0.160682,1,0.623569,0.51191,pre_filter,False,9.3911,1.0,0.686964,0.629908,0.51191,25.0166,"main_cat IN ('Camera & Photo', 'Computers')"
1996,0.610257,18,0.348678,0.919629,post_filter,False,1.2717,1.0,0.95761,0.348678,0.923427,25.0368,overall>=5.0
1997,0.248992,4,0.486311,0.942104,post_filter,False,0.9057,1.0,0.96981,0.486311,0.944874,25.312,"overall IN (3,4)"
1998,0.140751,1,0.629908,0.51191,post_filter,False,0.8975,1.0,0.970082,0.629908,0.557727,24.9241,overall<=2.0
1999,0.160682,1,0.629908,0.557727,pre_filter,False,9.214,1.0,0.692868,0.636204,0.557727,25.0309,"main_cat IN ('Camera & Photo', 'Computers')"
2000,0.270385,5,0.499353,0.842301,post_filter,False,1.1764,0.9,0.55952,0.499353,0.814023,25.1974,"main_cat IN ('Home Audio & Theater', 'Books', 'Tools & Home Improvement')"
