episode,selectivity,bucket_id,q_pre_before,q_post_before,chosen_strategy,was_guardrail,latency_ms,recall,reward,q_pre_after,q_post_after,gt_latency_ms,filter_name
1,0.859249,20,1.0,1.0,pre_filter,False,65.4153,1.0,0.0,0.9,1.0,25.0508,overall>=3.0
2,0.728433,19,1.0,1.0,pre_filter,False,84.6785,1.0,0.0,0.9,1.0,25.243,"overall IN (2,3,5)"
3,0.140751,1,1.0,1.0,post_filter,False,1.3575,0.3,9e-06,1.0,0.900001,26.9135,overall<=2.0
4,0.906777,21,1.0,1.0,post_filter,True,0.8154,1.0,0.972821,1.0,0.997282,25.1512,overall>=2.0
5,0.230635,3,1.0,1.0,pre_filter,False,39.705,1.0,0.0,0.9,1.0,25.5045,"main_cat IN ('Camera & Photo', 'Camera &amp; Photo', 'Cell Phones &amp; Accessories')"
6,0.073033,0,1.0,1.0,pre_filter,False,11.4908,0.5,0.001006,0.900101,1.0,25.9575,brand='Tiffen'
7,0.751008,19,0.9,1.0,post_filter,False,0.9482,1.0,0.968394,0.9,0.996839,24.9868,"overall IN (1,2,5)"
8,0.610257,18,1.0,1.0,pre_filter,False,59.9371,1.0,0.0,0.9,1.0,24.9552,overall>=5.0
9,0.906777,21,1.0,0.997282,post_filter,True,0.9072,1.0,0.969758,1.0,0.99453,24.7808,overall>=2.0
10,0.300422,7,1.0,1.0,pre_filter,False,53.1843,1.0,0.0,0.9,1.0,24.7625,"main_cat IN ('All Electronics', 'Books', 'Sports & Outdoors')"
11,0.680906,18,0.9,1.0,pre_filter,False,78.9292,1.0,0.0,0.81,1.0,25.0438,"overall IN (3,5)"
12,0.952472,21,1.0,0.99453,post_filter,True,0.8187,1.0,0.97271,1.0,0.992348,25.0384,"overall IN (1,3,4,5)"
13,0.12068,1,1.0,0.900001,pre_filter,False,15.7755,0.9,0.276124,0.927612,0.900001,25.2667,"main_cat IN ('Camera &amp; Photo', 'Cell Phones &amp; Accessories', 'Tools & Home Improvement')"
14,0.7886,19,0.9,0.996839,post_filter,False,0.7198,1.0,0.976007,0.9,0.994756,25.1581,overall>=4.0
15,0.906777,21,1.0,0.992348,post_filter,True,0.5543,1.0,0.981522,1.0,0.991265,25.182,overall>=2.0
16,0.658182,18,0.81,1.0,post_filter,False,0.4946,1.0,0.983514,0.81,0.998351,25.4198,verified=true AND overall>=3.0
17,0.906777,21,1.0,0.991265,post_filter,True,0.9559,1.0,0.968136,1.0,0.988952,25.3311,overall>=2.0
18,0.12068,1,0.927612,0.900001,pre_filter,False,13.6215,1.0,0.545951,0.889446,0.900001,25.0665,"main_cat IN ('Camera &amp; Photo', 'Cell Phones &amp; Accessories', 'Tools & Home Improvement')"
19,0.248992,4,1.0,1.0,pre_filter,False,34.325,1.0,0.0,0.9,1.0,25.0255,"overall IN (3,4)"
20,0.092237,0,0.900101,1.0,post_filter,False,1.0719,1.0,0.964271,0.900101,0.996427,25.0607,main_cat='Home Audio &amp; Theater' AND overall>=3.0
21,0.836128,20,0.9,1.0,pre_filter,False,41.437,1.0,0.0,0.81,1.0,25.0809,"overall IN (2,4,5)"
22,0.160682,1,0.889446,0.900001,pre_filter,False,19.1614,0.9,0.210397,0.821541,0.900001,25.1556,"main_cat IN ('Camera & Photo', 'Computers')"
23,0.230635,3,0.9,1.0,post_filter,False,0.7534,1.0,0.974888,0.9,0.997489,24.856,"main_cat IN ('Camera & Photo', 'Camera &amp; Photo', 'Cell Phones &amp; Accessories')"
24,0.389743,11,1.0,1.0,pre_filter,False,40.5446,1.0,0.0,0.9,1.0,24.96,overall<=4.0
25,0.929351,21,1.0,0.988952,post_filter,True,0.8867,1.0,0.970443,1.0,0.987101,25.0674,"overall IN (1,2,4,5)"
26,0.658182,18,0.81,0.998351,post_filter,False,0.3126,0.6,0.009994,0.81,0.899516,25.1659,verified=true AND overall>=3.0
27,0.140751,1,0.821541,0.900001,post_filter,False,1.09,0.8,0.172819,0.821541,0.827283,25.2513,overall<=2.0
28,0.881823,20,0.81,1.0,post_filter,False,0.8466,1.0,0.971779,0.81,0.997178,25.1605,"overall IN (1,4,5)"
29,0.339351,8,1.0,1.0,pre_filter,False,45.3107,1.0,0.0,0.9,1.0,25.3247,"main_cat IN ('Home Audio & Theater', 'Camera &amp; Photo', 'Sports & Outdoors')"
30,0.092237,0,0.900101,0.996427,post_filter,False,0.6288,1.0,0.979039,0.900101,0.994688,24.9685,main_cat='Home Audio &amp; Theater' AND overall>=3.0
31,0.952472,21,1.0,0.987101,post_filter,True,0.445,0.0,0.0,1.0,0.888391,24.9358,"overall IN (1,3,4,5)"
32,0.210713,2,1.0,1.0,pre_filter,False,32.685,0.7,0.0,0.9,1.0,25.2279,"main_cat IN ('Camera & Photo', 'Camera &amp; Photo')"
33,0.881823,20,0.81,0.997178,post_filter,False,0.6687,1.0,0.977711,0.81,0.995231,25.1371,"overall IN (1,4,5)"
34,0.389743,11,0.9,1.0,post_filter,False,0.5235,1.0,0.98255,0.9,0.998255,25.3246,overall<=4.0
35,0.929351,21,1.0,0.888391,post_filter,True,0.8309,1.0,0.972303,1.0,0.896782,25.1638,"overall IN (1,2,4,5)"
36,0.300422,7,0.9,1.0,post_filter,False,0.894,1.0,0.970201,0.9,0.99702,24.988,"main_cat IN ('All Electronics', 'Books', 'Sports & Outdoors')"
37,0.952472,21,1.0,0.896782,post_filter,True,0.69,1.0,0.976999,1.0,0.904804,25.0036,"overall IN (1,3,4,5)"
38,0.050727,0,0.900101,0.994688,post_filter,False,0.7281,1.0,0.975729,0.900101,0.992792,25.4759,"main_cat IN ('Computers', 'Tools & Home Improvement')"
39,0.339351,8,0.9,1.0,post_filter,False,1.0116,1.0,0.966279,0.9,0.996628,24.856,"main_cat IN ('Home Audio & Theater', 'Camera &amp; Photo', 'Sports & Outdoors')"
40,0.073033,0,0.900101,0.992792,post_filter,False,0.6123,1.0,0.979592,0.900101,0.991472,25.1685,brand='Tiffen'
41,0.319094,7,0.9,0.99702,post_filter,False,1.0775,0.9,0.56144,0.9,0.953462,25.0007,"overall IN (1,2,4)"
42,0.658182,18,0.81,0.899516,post_filter,False,0.6551,1.0,0.978162,0.81,0.90738,25.2218,verified=true AND overall>=3.0
43,0.300422,7,0.9,0.953462,post_filter,False,0.841,1.0,0.971968,0.9,0.955313,24.9831,"main_cat IN ('All Electronics', 'Books', 'Sports & Outdoors')"
44,0.210713,2,0.9,1.0,post_filter,False,0.482,0.9,0.573,0.9,0.9573,25.2174,"main_cat IN ('Camera & Photo', 'Camera &amp; Photo')"
45,0.319094,7,0.9,0.955313,post_filter,False,0.6195,1.0,0.979351,0.9,0.957717,25.1876,"overall IN (1,2,4)"
46,0.092237,0,0.900101,0.991472,post_filter,False,0.8879,1.0,0.970403,0.900101,0.989365,25.2045,main_cat='Home Audio &amp; Theater' AND overall>=3.0
47,0.300422,7,0.9,0.957717,pre_filter,False,38.8431,1.0,0.0,0.81,0.957717,24.9153,"main_cat IN ('All Electronics', 'Books', 'Sports & Outdoors')"
48,0.210713,2,0.9,0.9573,post_filter,False,0.2908,0.0,0.0,0.9,0.86157,24.8106,"main_cat IN ('Camera & Photo', 'Camera &amp; Photo')"
49,0.050727,0,0.900101,0.989365,post_filter,False,0.966,1.0,0.967801,0.900101,0.987209,25.0183,"main_cat IN ('Computers', 'Tools & Home Improvement')"
50,0.270385,5,1.0,1.0,pre_filter,False,14.9878,1.0,0.500406,0.950041,1.0,24.8955,"main_cat IN ('Home Audio & Theater', 'Books', 'Tools & Home Improvement')"
51,0.952472,21,1.0,0.904804,post_filter,True,0.7217,0.9,0.568346,1.0,0.871158,25.1266,"overall IN (1,3,4,5)"
52,0.12068,1,0.821541,0.827283,pre_filter,False,22.1902,1.0,0.260326,0.76542,0.827283,25.4665,"main_cat IN ('Camera &amp; Photo', 'Cell Phones &amp; Accessories', 'Tools & Home Improvement')"
53,0.881823,20,0.81,0.995231,post_filter,False,0.7463,1.0,0.975124,0.81,0.99322,24.9884,"overall IN (1,4,5)"
54,0.7886,19,0.9,0.994756,post_filter,False,0.8394,1.0,0.972021,0.9,0.992483,25.0572,overall>=4.0
55,0.751008,19,0.9,0.992483,post_filter,False,0.8959,1.0,0.970136,0.9,0.990248,25.1181,"overall IN (1,2,5)"
56,0.270385,5,0.950041,1.0,post_filter,False,0.742,0.6,0.009849,0.950041,0.900985,25.0593,"main_cat IN ('Home Audio & Theater', 'Books', 'Tools & Home Improvement')"
57,0.859249,20,0.81,0.99322,post_filter,False,0.7809,1.0,0.973971,0.81,0.991296,24.9323,overall>=3.0
58,0.140751,1,0.76542,0.827283,post_filter,False,1.2588,0.0,0.0,0.76542,0.744554,27.3085,overall<=2.0
59,0.140751,1,0.76542,0.744554,pre_filter,False,21.0647,1.0,0.297843,0.718662,0.744554,24.8913,overall<=2.0
60,0.073033,0,0.900101,0.987209,post_filter,False,1.2456,0.7,0.04522,0.900101,0.89301,24.9869,brand='Tiffen'
61,0.248992,4,0.9,1.0,post_filter,False,0.9581,1.0,0.968064,0.9,0.996806,24.7752,"overall IN (3,4)"
62,0.952472,21,1.0,0.871158,post_filter,True,0.7829,1.0,0.973903,1.0,0.881433,24.924,"overall IN (1,3,4,5)"
63,0.881823,20,0.81,0.991296,post_filter,False,0.8827,1.0,0.970576,0.81,0.989224,24.8657,"overall IN (1,4,5)"
64,0.610257,18,0.81,0.90738,post_filter,False,0.8958,1.0,0.97014,0.81,0.913656,27.6771,overall>=5.0
65,0.7886,19,0.9,0.990248,post_filter,False,0.6641,1.0,0.977863,0.9,0.989009,32.1168,overall>=4.0
66,0.881823,20,0.81,0.989224,post_filter,False,0.7479,1.0,0.975071,0.81,0.987808,24.8931,"overall IN (1,4,5)"
67,0.140751,1,0.718662,0.744554,post_filter,False,0.8834,0.2,0.0,0.718662,0.670099,27.6447,overall<=2.0
68,0.836128,20,0.81,0.987808,post_filter,False,0.9045,1.0,0.969851,0.81,0.986013,25.0065,"overall IN (2,4,5)"
69,0.7886,19,0.9,0.989009,post_filter,False,0.7083,0.9,0.568607,0.9,0.946969,24.9237,overall>=4.0
70,0.610257,18,0.81,0.913656,post_filter,False,0.9768,1.0,0.96744,0.81,0.919035,25.0626,overall>=5.0
71,0.389743,11,0.9,0.998255,post_filter,False,0.9294,1.0,0.969021,0.9,0.995332,24.877,overall<=4.0
72,0.728433,19,0.9,0.946969,post_filter,False,0.6086,1.0,0.979713,0.9,0.950244,25.0001,"overall IN (2,3,5)"
73,0.050727,0,0.900101,0.89301,pre_filter,False,8.8815,1.0,0.703951,0.880486,0.89301,25.0023,"main_cat IN ('Computers', 'Tools & Home Improvement')"
74,0.929351,21,1.0,0.881433,post_filter,True,0.7994,1.0,0.973353,1.0,0.890625,25.4186,"overall IN (1,2,4,5)"
75,0.092237,0,0.880486,0.89301,post_filter,False,0.5657,0.0,0.0,0.880486,0.803709,29.8091,main_cat='Home Audio &amp; Theater' AND overall>=3.0
76,0.050727,0,0.880486,0.803709,pre_filter,False,8.7115,1.0,0.709617,0.863399,0.803709,28.1059,"main_cat IN ('Computers', 'Tools & Home Improvement')"
77,0.230635,3,0.9,0.997489,post_filter,False,1.0811,1.0,0.963962,0.9,0.994136,25.1014,"main_cat IN ('Camera & Photo', 'Camera &amp; Photo', 'Cell Phones &amp; Accessories')"
78,0.180604,1,0.718662,0.670099,pre_filter,False,25.1776,1.0,0.160746,0.662871,0.670099,24.9617,"main_cat IN ('Camera & Photo', 'Computers', 'Cell Phones &amp; Accessories')"
79,0.881823,20,0.81,0.986013,post_filter,False,0.7515,1.0,0.97495,0.81,0.984906,25.1843,"overall IN (1,4,5)"
80,0.140751,1,0.662871,0.670099,post_filter,False,0.8641,1.0,0.971196,0.662871,0.700209,25.0186,overall<=2.0
81,0.680906,18,0.81,0.919035,post_filter,False,0.3516,1.0,0.988279,0.81,0.925959,25.3313,"overall IN (3,5)"
82,0.821657,20,0.81,0.984906,post_filter,False,1.0398,1.0,0.965339,0.81,0.98295,24.9936,"overall IN (1,2,3,5)"
83,0.728433,19,0.9,0.950244,post_filter,False,0.8703,1.0,0.970989,0.9,0.952318,25.4005,"overall IN (2,3,5)"
84,0.658182,18,0.81,0.925959,post_filter,False,0.8985,1.0,0.970049,0.81,0.930368,24.9358,verified=true AND overall>=3.0
85,0.339351,8,0.9,0.996628,post_filter,False,0.3074,0.0,0.0,0.9,0.896965,24.9893,"main_cat IN ('Home Audio & Theater', 'Camera &amp; Photo', 'Sports & Outdoors')"
86,0.12068,1,0.662871,0.700209,post_filter,False,0.9154,1.0,0.969486,0.662871,0.727136,25.268,"main_cat IN ('Camera &amp; Photo', 'Cell Phones &amp; Accessories', 'Tools & Home Improvement')"
87,0.836128,20,0.81,0.98295,post_filter,False,0.3728,1.0,0.987572,0.81,0.983412,25.0558,"overall IN (2,4,5)"
88,0.248992,4,0.9,0.996806,post_filter,False,0.3753,1.0,0.987492,0.9,0.995875,25.233,"overall IN (3,4)"
89,0.210713,2,0.9,0.86157,pre_filter,False,31.5992,1.0,0.0,0.81,0.86157,24.7931,"main_cat IN ('Camera & Photo', 'Camera &amp; Photo')"
90,0.248992,4,0.9,0.995875,post_filter,False,0.759,1.0,0.9747,0.9,0.993757,25.0634,"overall IN (3,4)"
91,0.12068,1,0.662871,0.727136,post_filter,False,1.2172,0.8,0.172058,0.662871,0.671629,25.4008,"main_cat IN ('Camera &amp; Photo', 'Cell Phones &amp; Accessories', 'Tools & Home Improvement')"
92,0.073033,0,0.863399,0.803709,pre_filter,False,13.5479,0.6,0.005538,0.777613,0.803709,25.3572,brand='Tiffen'
93,0.210713,2,0.81,0.86157,post_filter,False,1.1343,0.7,0.045395,0.81,0.779952,25.0768,"main_cat IN ('Camera & Photo', 'Camera &amp; Photo')"
94,0.339351,8,0.9,0.896965,post_filter,False,0.8865,1.0,0.97045,0.9,0.904314,25.0795,"main_cat IN ('Home Audio & Theater', 'Camera &amp; Photo', 'Sports & Outdoors')"
95,0.751008,19,0.9,0.952318,post_filter,False,0.8897,1.0,0.970343,0.9,0.954121,24.8803,"overall IN (1,2,5)"
96,0.859249,20,0.81,0.983412,post_filter,False,0.957,1.0,0.968099,0.81,0.981881,24.9744,overall>=3.0
97,0.728433,19,0.9,0.954121,post_filter,False,0.9617,1.0,0.967942,0.9,0.955503,25.1042,"overall IN (2,3,5)"
98,0.389743,11,0.9,0.995332,post_filter,False,0.883,1.0,0.970565,0.9,0.992855,25.0443,overall<=4.0
99,0.092237,0,0.777613,0.803709,post_filter,False,0.952,1.0,0.968268,0.777613,0.820165,24.7687,main_cat='Home Audio &amp; Theater' AND overall>=3.0
100,0.12068,1,0.662871,0.671629,post_filter,False,0.8462,1.0,0.971792,0.662871,0.701645,24.8978,"main_cat IN ('Camera &amp; Photo', 'Cell Phones &amp; Accessories', 'Tools & Home Improvement')"
101,0.881823,20,0.81,0.981881,post_filter,False,0.965,1.0,0.967832,0.81,0.980476,24.7708,"overall IN (1,4,5)"
102,0.929351,21,1.0,0.890625,post_filter,True,0.4919,0.9,0.572808,1.0,0.858843,25.1137,"overall IN (1,2,4,5)"
103,0.610257,18,0.81,0.930368,pre_filter,False,35.9124,1.0,0.0,0.729,0.930368,25.131,overall>=5.0
104,0.728433,19,0.9,0.955503,post_filter,False,0.6782,1.0,0.977394,0.9,0.957692,25.0091,"overall IN (2,3,5)"
105,0.680906,18,0.729,0.930368,post_filter,False,0.6428,0.9,0.569879,0.729,0.894319,25.8164,"overall IN (3,5)"
106,0.050727,0,0.777613,0.820165,post_filter,False,1.1752,0.1,0.0,0.777613,0.738148,25.5135,"main_cat IN ('Computers', 'Tools & Home Improvement')"
107,0.751008,19,0.9,0.957692,post_filter,False,0.771,1.0,0.974301,0.9,0.959353,24.8176,"overall IN (1,2,5)"
108,0.658182,18,0.729,0.894319,post_filter,False,1.0529,1.0,0.964904,0.729,0.901378,25.0717,verified=true AND overall>=3.0
109,0.70348,19,0.9,0.959353,pre_filter,False,47.09,1.0,0.0,0.81,0.959353,25.2797,"overall IN (1,5)"
110,0.210713,2,0.81,0.779952,pre_filter,False,22.7048,1.0,0.243174,0.753317,0.779952,25.0427,"main_cat IN ('Camera & Photo', 'Camera &amp; Photo')"
111,0.7886,19,0.81,0.959353,pre_filter,False,27.744,1.0,0.075201,0.73652,0.959353,25.1616,overall>=4.0
112,0.140751,1,0.662871,0.701645,post_filter,False,1.105,1.0,0.963167,0.662871,0.727797,25.8409,overall<=2.0
113,0.248992,4,0.9,0.993757,post_filter,False,0.9532,1.0,0.968226,0.9,0.991204,24.9621,"overall IN (3,4)"
114,0.339351,8,0.9,0.904314,post_filter,False,0.6502,1.0,0.978328,0.9,0.911715,24.9998,"main_cat IN ('Home Audio & Theater', 'Camera &amp; Photo', 'Sports & Outdoors')"
115,0.050727,0,0.777613,0.738148,pre_filter,False,10.1336,1.0,0.662212,0.766073,0.738148,24.969,"main_cat IN ('Computers', 'Tools & Home Improvement')"
116,0.728433,19,0.73652,0.959353,post_filter,False,0.5758,1.0,0.980806,0.73652,0.961498,24.8696,"overall IN (2,3,5)"
117,0.300422,7,0.81,0.957717,post_filter,False,0.6565,1.0,0.978117,0.81,0.959757,24.7652,"main_cat IN ('All Electronics', 'Books', 'Sports & Outdoors')"
118,0.210713,2,0.753317,0.779952,post_filter,False,1.1061,1.0,0.963131,0.753317,0.79827,24.8423,"main_cat IN ('Camera & Photo', 'Camera &amp; Photo')"
119,0.70348,19,0.73652,0.961498,pre_filter,False,54.4521,1.0,0.0,0.662868,0.961498,25.1955,"overall IN (1,5)"
120,0.339351,8,0.9,0.911715,post_filter,False,0.7999,1.0,0.973337,0.9,0.917877,25.0808,"main_cat IN ('Home Audio & Theater', 'Camera &amp; Photo', 'Sports & Outdoors')"
121,0.160682,1,0.662871,0.727797,post_filter,False,0.9666,1.0,0.967779,0.662871,0.751795,25.1157,"main_cat IN ('Camera & Photo', 'Computers')"
122,0.774129,19,0.662868,0.961498,pre_filter,False,100.6555,1.0,0.0,0.596581,0.961498,24.9973,"overall IN (1,3,5)"
123,0.774129,19,0.596581,0.961498,post_filter,False,0.8552,1.0,0.971493,0.596581,0.962498,24.9332,"overall IN (1,3,5)"
124,0.092237,0,0.766073,0.738148,post_filter,False,0.874,1.0,0.970867,0.766073,0.76142,25.093,main_cat='Home Audio &amp; Theater' AND overall>=3.0
125,0.658182,18,0.729,0.901378,post_filter,False,0.5531,1.0,0.981563,0.729,0.909396,26.6206,verified=true AND overall>=3.0
126,0.300422,7,0.81,0.959757,post_filter,False,1.2353,1.0,0.958822,0.81,0.959663,33.6933,"main_cat IN ('All Electronics', 'Books', 'Sports & Outdoors')"
127,0.092237,0,0.766073,0.76142,pre_filter,False,10.2443,1.0,0.658524,0.755318,0.76142,25.0923,main_cat='Home Audio &amp; Theater' AND overall>=3.0
128,0.658182,18,0.729,0.909396,post_filter,False,0.8832,1.0,0.97056,0.729,0.915513,24.8002,verified=true AND overall>=3.0
129,0.680906,18,0.729,0.915513,pre_filter,False,94.344,1.0,0.0,0.6561,0.915513,25.0091,"overall IN (3,5)"
130,0.658182,18,0.6561,0.915513,post_filter,False,0.587,1.0,0.980435,0.6561,0.922005,25.0935,verified=true AND overall>=3.0
131,0.859249,20,0.81,0.980476,post_filter,False,0.7967,1.0,0.973443,0.81,0.979772,25.0843,overall>=3.0
132,0.658182,18,0.6561,0.922005,post_filter,False,0.7466,1.0,0.975114,0.6561,0.927316,25.1788,verified=true AND overall>=3.0
133,0.680906,18,0.6561,0.927316,post_filter,False,0.7683,1.0,0.974392,0.6561,0.932023,25.0688,"overall IN (3,5)"
134,0.050727,0,0.755318,0.76142,post_filter,False,0.4282,1.0,0.985728,0.755318,0.783851,25.0651,"main_cat IN ('Computers', 'Tools & Home Improvement')"
135,0.319094,7,0.81,0.959663,post_filter,False,0.7068,1.0,0.97644,0.81,0.961341,25.0465,"overall IN (1,2,4)"
136,0.906777,21,1.0,0.858843,post_filter,True,0.7678,1.0,0.974406,1.0,0.870399,25.0877,overall>=2.0
137,0.610257,18,0.6561,0.932023,post_filter,False,0.8703,1.0,0.97099,0.6561,0.93592,25.1085,overall>=5.0
138,0.073033,0,0.755318,0.783851,post_filter,False,1.205,0.8,0.172131,0.755318,0.722679,25.5025,brand='Tiffen'
139,0.751008,19,0.596581,0.962498,post_filter,False,0.3898,0.9,0.574789,0.596581,0.923727,24.93,"overall IN (1,2,5)"
140,0.319094,7,0.81,0.961341,post_filter,False,0.9071,1.0,0.969764,0.81,0.962183,24.8896,"overall IN (1,2,4)"
141,0.300422,7,0.81,0.962183,post_filter,False,0.4306,1.0,0.985646,0.81,0.964529,25.968,"main_cat IN ('All Electronics', 'Books', 'Sports & Outdoors')"
142,0.230635,3,0.9,0.994136,post_filter,False,1.1616,0.9,0.559808,0.9,0.950703,25.5157,"main_cat IN ('Camera & Photo', 'Camera &amp; Photo', 'Cell Phones &amp; Accessories')"
143,0.821657,20,0.81,0.979772,post_filter,False,0.7819,1.0,0.973936,0.81,0.979189,25.0599,"overall IN (1,2,3,5)"
144,0.050727,0,0.755318,0.722679,post_filter,False,0.635,0.9,0.570029,0.755318,0.707414,25.1189,"main_cat IN ('Computers', 'Tools & Home Improvement')"
145,0.300422,7,0.81,0.964529,post_filter,False,0.9723,1.0,0.967589,0.81,0.964835,24.8648,"main_cat IN ('All Electronics', 'Books', 'Sports & Outdoors')"
146,0.859249,20,0.81,0.979189,post_filter,False,0.7837,1.0,0.973876,0.81,0.978658,24.651,overall>=3.0
147,0.092237,0,0.755318,0.707414,pre_filter,False,6.6968,1.0,0.776775,0.757464,0.707414,24.9619,main_cat='Home Audio &amp; Theater' AND overall>=3.0
148,0.300422,7,0.81,0.964835,post_filter,False,0.9477,1.0,0.96841,0.81,0.965193,25.0841,"main_cat IN ('All Electronics', 'Books', 'Sports & Outdoors')"
149,0.210713,2,0.753317,0.79827,post_filter,False,0.6419,1.0,0.978604,0.753317,0.816304,25.052,"main_cat IN ('Camera & Photo', 'Camera &amp; Photo')"
150,0.821657,20,0.81,0.978658,post_filter,False,0.9686,1.0,0.967713,0.81,0.977563,24.8931,"overall IN (1,2,3,5)"
151,0.774129,19,0.596581,0.923727,post_filter,False,0.8364,1.0,0.972119,0.596581,0.928566,24.9336,"overall IN (1,3,5)"
152,0.751008,19,0.596581,0.928566,post_filter,False,0.9413,1.0,0.968622,0.596581,0.932572,25.108,"overall IN (1,2,5)"
153,0.12068,1,0.662871,0.751795,post_filter,False,1.0348,0.5,0.001575,0.662871,0.676773,25.0156,"main_cat IN ('Camera &amp; Photo', 'Cell Phones &amp; Accessories', 'Tools & Home Improvement')"
154,0.836128,20,0.81,0.977563,post_filter,False,0.6216,1.0,0.979279,0.81,0.977735,25.0042,"overall IN (2,4,5)"
155,0.70348,19,0.596581,0.932572,post_filter,False,0.8561,1.0,0.971463,0.596581,0.936461,25.0308,"overall IN (1,5)"
156,0.821657,20,0.81,0.977735,post_filter,False,0.7714,1.0,0.974288,0.81,0.97739,24.9682,"overall IN (1,2,3,5)"
157,0.836128,20,0.81,0.97739,post_filter,False,0.657,1.0,0.9781,0.81,0.977461,24.9307,"overall IN (2,4,5)"
158,0.270385,5,0.950041,0.900985,pre_filter,False,30.0632,1.0,0.0,0.855037,0.900985,25.166,"main_cat IN ('Home Audio & Theater', 'Books', 'Tools & Home Improvement')"
159,0.140751,1,0.662871,0.676773,post_filter,False,0.9076,1.0,0.969747,0.662871,0.706071,24.8778,overall<=2.0
160,0.073033,0,0.757464,0.707414,pre_filter,False,14.3616,0.4,9.1e-05,0.681726,0.707414,25.9779,brand='Tiffen'
161,0.300422,7,0.81,0.965193,post_filter,False,0.9,0.9,0.564887,0.81,0.925162,25.0315,"main_cat IN ('All Electronics', 'Books', 'Sports & Outdoors')"
162,0.680906,18,0.6561,0.93592,post_filter,False,0.5306,1.0,0.982314,0.6561,0.940559,24.9771,"overall IN (3,5)"
163,0.270385,5,0.855037,0.900985,post_filter,False,0.8177,1.0,0.972742,0.855037,0.908161,24.7545,"main_cat IN ('Home Audio & Theater', 'Books', 'Tools & Home Improvement')"
164,0.881823,20,0.81,0.977461,post_filter,False,0.685,1.0,0.977168,0.81,0.977432,24.8337,"overall IN (1,4,5)"
165,0.751008,19,0.596581,0.936461,post_filter,False,0.8263,1.0,0.972456,0.596581,0.94006,24.8408,"overall IN (1,2,5)"
166,0.160682,1,0.662871,0.706071,post_filter,False,0.7796,1.0,0.974012,0.662871,0.732865,24.9855,"main_cat IN ('Camera & Photo', 'Computers')"
167,0.881823,20,0.81,0.977432,post_filter,False,0.9506,1.0,0.968314,0.81,0.97652,25.016,"overall IN (1,4,5)"
168,0.836128,20,0.81,0.97652,post_filter,False,0.762,1.0,0.974599,0.81,0.976328,24.994,"overall IN (2,4,5)"
169,0.774129,19,0.596581,0.94006,post_filter,False,0.5197,1.0,0.982676,0.596581,0.944322,25.1166,"overall IN (1,3,5)"
170,0.389743,11,0.9,0.992855,post_filter,False,0.8485,1.0,0.971717,0.9,0.990741,24.936,overall<=4.0
171,0.7886,19,0.596581,0.944322,post_filter,False,0.9493,0.9,0.563928,0.596581,0.906282,24.9436,overall>=4.0
172,0.610257,18,0.6561,0.940559,post_filter,False,0.9939,1.0,0.966871,0.6561,0.94319,24.8842,overall>=5.0
173,0.751008,19,0.596581,0.906282,post_filter,False,0.4409,0.0,0.0,0.596581,0.815654,25.3141,"overall IN (1,2,5)"
174,0.160682,1,0.662871,0.732865,post_filter,False,1.2636,0.3,9e-06,0.662871,0.659579,25.5133,"main_cat IN ('Camera & Photo', 'Computers')"
175,0.859249,20,0.81,0.976328,post_filter,False,0.9013,1.0,0.969956,0.81,0.975691,25.5756,overall>=3.0
176,0.140751,1,0.662871,0.659579,pre_filter,False,25.241,0.4,2.8e-05,0.596586,0.659579,26.9483,overall<=2.0
177,0.092237,0,0.681726,0.707414,pre_filter,False,6.9397,1.0,0.768676,0.690421,0.707414,24.9721,main_cat='Home Audio &amp; Theater' AND overall>=3.0
178,0.7886,19,0.596581,0.815654,post_filter,False,0.937,1.0,0.968767,0.596581,0.830965,24.8372,overall>=4.0
179,0.836128,20,0.81,0.975691,post_filter,False,0.8062,1.0,0.973128,0.81,0.975434,24.7326,"overall IN (2,4,5)"
180,0.389743,11,0.9,0.990741,post_filter,False,0.787,1.0,0.973765,0.9,0.989044,24.7461,overall<=4.0
181,0.073033,0,0.690421,0.707414,post_filter,False,1.0222,0.0,0.0,0.690421,0.636673,25.5536,brand='Tiffen'
182,0.248992,4,0.9,0.991204,post_filter,False,0.8949,1.0,0.970171,0.9,0.989101,24.8557,"overall IN (3,4)"
183,0.180604,1,0.596586,0.659579,post_filter,False,0.873,0.9,0.56541,0.596586,0.650162,25.4105,"main_cat IN ('Camera & Photo', 'Computers', 'Cell Phones &amp; Accessories')"
184,0.073033,0,0.690421,0.636673,pre_filter,False,10.4028,0.5,0.001065,0.621486,0.636673,25.7167,brand='Tiffen'
185,0.859249,20,0.81,0.975434,post_filter,False,0.8352,1.0,0.97216,0.81,0.975107,24.982,overall>=3.0
186,0.180604,1,0.596586,0.650162,post_filter,False,0.8145,1.0,0.97285,0.596586,0.682431,25.0857,"main_cat IN ('Camera & Photo', 'Computers', 'Cell Phones &amp; Accessories')"
187,0.929351,21,1.0,0.870399,post_filter,True,0.6265,1.0,0.979118,1.0,0.881271,24.895,"overall IN (1,2,4,5)"
188,0.073033,0,0.621486,0.636673,post_filter,False,1.0617,0.9,0.561747,0.621486,0.62918,24.971,brand='Tiffen'
189,0.270385,5,0.855037,0.908161,post_filter,False,0.7188,1.0,0.976039,0.855037,0.914948,25.1215,"main_cat IN ('Home Audio & Theater', 'Books', 'Tools & Home Improvement')"
190,0.952472,21,1.0,0.881271,post_filter,True,0.5991,1.0,0.980031,1.0,0.891147,25.027,"overall IN (1,3,4,5)"
191,0.248992,4,0.9,0.989101,post_filter,False,0.8739,1.0,0.970869,0.9,0.987278,25.1041,"overall IN (3,4)"
192,0.658182,18,0.6561,0.94319,post_filter,False,0.7292,1.0,0.975692,0.6561,0.946441,25.4658,verified=true AND overall>=3.0
193,0.319094,7,0.81,0.925162,post_filter,False,0.8498,1.0,0.971672,0.81,0.929813,24.9585,"overall IN (1,2,4)"
194,0.881823,20,0.81,0.975107,post_filter,False,0.6348,0.9,0.570034,0.81,0.9346,24.9742,"overall IN (1,4,5)"
195,0.680906,18,0.6561,0.946441,post_filter,False,0.7728,1.0,0.974242,0.6561,0.949221,25.5645,"overall IN (3,5)"
196,0.610257,18,0.6561,0.949221,post_filter,False,0.3497,0.8,0.177244,0.6561,0.872023,25.1687,overall>=5.0
197,0.230635,3,0.9,0.950703,pre_filter,False,4.3582,1.0,0.854728,0.895473,0.950703,25.2295,"main_cat IN ('Camera & Photo', 'Camera &amp; Photo', 'Cell Phones &amp; Accessories')"
198,0.073033,0,0.621486,0.62918,post_filter,False,0.6186,0.9,0.570348,0.621486,0.623297,25.0495,brand='Tiffen'
199,0.836128,20,0.81,0.9346,post_filter,False,0.6872,1.0,0.977093,0.81,0.938849,24.8704,"overall IN (2,4,5)"
200,0.751008,19,0.596581,0.830965,post_filter,False,0.8155,1.0,0.972818,0.596581,0.845151,24.8065,"overall IN (1,2,5)"
201,0.180604,1,0.596586,0.682431,post_filter,False,0.876,1.0,0.970799,0.596586,0.711268,25.005,"main_cat IN ('Camera & Photo', 'Computers', 'Cell Phones &amp; Accessories')"
202,0.248992,4,0.9,0.987278,post_filter,False,0.5482,1.0,0.981726,0.9,0.986723,25.1348,"overall IN (3,4)"
203,0.300422,7,0.81,0.929813,post_filter,False,0.8313,1.0,0.972289,0.81,0.934061,24.8432,"main_cat IN ('All Electronics', 'Books', 'Sports & Outdoors')"
204,0.906777,21,1.0,0.891147,post_filter,True,0.6979,1.0,0.976738,1.0,0.899706,25.0153,overall>=2.0
205,0.836128,20,0.81,0.938849,post_filter,False,0.8931,1.0,0.970229,0.81,0.941987,25.2107,"overall IN (2,4,5)"
206,0.073033,0,0.621486,0.623297,post_filter,False,0.298,0.9,0.576573,0.621486,0.618624,25.2737,brand='Tiffen'
207,0.906777,21,1.0,0.899706,post_filter,True,0.9162,1.0,0.969458,1.0,0.906681,24.8692,overall>=2.0
208,0.751008,19,0.596581,0.845151,post_filter,False,0.7299,0.9,0.568188,0.596581,0.817454,24.8237,"overall IN (1,2,5)"
209,0.270385,5,0.855037,0.914948,post_filter,False,0.5061,1.0,0.983129,0.855037,0.921766,24.9688,"main_cat IN ('Home Audio & Theater', 'Books', 'Tools & Home Improvement')"
210,0.230635,3,0.895473,0.950703,post_filter,False,0.8253,1.0,0.972489,0.895473,0.952882,24.7388,"main_cat IN ('Camera & Photo', 'Camera &amp; Photo', 'Cell Phones &amp; Accessories')"
211,0.12068,1,0.596586,0.711268,pre_filter,False,19.219,0.9,0.20928,0.557856,0.711268,25.4978,"main_cat IN ('Camera &amp; Photo', 'Cell Phones &amp; Accessories', 'Tools & Home Improvement')"
212,0.859249,20,0.81,0.941987,post_filter,False,0.6476,1.0,0.978414,0.81,0.94563,25.1938,overall>=3.0
213,0.300422,7,0.81,0.934061,post_filter,False,0.9476,1.0,0.968414,0.81,0.937496,25.0048,"main_cat IN ('All Electronics', 'Books', 'Sports & Outdoors')"
214,0.339351,8,0.9,0.917877,post_filter,False,0.9017,1.0,0.969943,0.9,0.923084,25.0847,"main_cat IN ('Home Audio & Theater', 'Camera &amp; Photo', 'Sports & Outdoors')"
215,0.929351,21,1.0,0.906681,post_filter,True,0.6194,0.9,0.570333,1.0,0.873046,25.1222,"overall IN (1,2,4,5)"
216,0.319094,7,0.81,0.937496,post_filter,False,0.7395,0.9,0.568002,0.81,0.900547,24.8018,"overall IN (1,2,4)"
217,0.821657,20,0.81,0.94563,post_filter,False,0.69,1.0,0.977001,0.81,0.948767,25.023,"overall IN (1,2,3,5)"
218,0.389743,11,0.9,0.989044,post_filter,False,0.6395,1.0,0.978683,0.9,0.988008,25.3138,overall<=4.0
219,0.929351,21,1.0,0.873046,post_filter,True,0.9404,0.9,0.564101,1.0,0.842152,24.7393,"overall IN (1,2,4,5)"
220,0.319094,7,0.81,0.900547,post_filter,False,0.7061,1.0,0.976464,0.81,0.908138,24.846,"overall IN (1,2,4)"
221,0.270385,5,0.855037,0.921766,pre_filter,False,28.0562,1.0,0.064792,0.776012,0.921766,25.037,"main_cat IN ('Home Audio & Theater', 'Books', 'Tools & Home Improvement')"
222,0.160682,1,0.557856,0.711268,post_filter,False,0.8825,1.0,0.970585,0.557856,0.7372,24.842,"main_cat IN ('Camera & Photo', 'Computers')"
223,0.610257,18,0.6561,0.872023,post_filter,False,0.7482,1.0,0.97506,0.6561,0.882327,24.9337,overall>=5.0
224,0.7886,19,0.596581,0.817454,post_filter,False,0.7458,1.0,0.97514,0.596581,0.833223,33.1971,overall>=4.0
225,0.610257,18,0.6561,0.882327,post_filter,False,0.9155,1.0,0.969485,0.6561,0.891043,24.9864,overall>=5.0
226,0.300422,7,0.81,0.908138,post_filter,False,1.0155,1.0,0.966151,0.81,0.91394,24.8304,"main_cat IN ('All Electronics', 'Books', 'Sports & Outdoors')"
227,0.952472,21,1.0,0.842152,post_filter,True,0.7535,1.0,0.974883,1.0,0.855425,24.8655,"overall IN (1,3,4,5)"
228,0.859249,20,0.81,0.948767,post_filter,False,0.6967,1.0,0.976778,0.81,0.951568,24.879,overall>=3.0
229,0.658182,18,0.6561,0.891043,post_filter,False,0.5049,1.0,0.983169,0.6561,0.900255,24.9009,verified=true AND overall>=3.0
230,0.230635,3,0.895473,0.952882,post_filter,False,0.1416,0.0,0.0,0.895473,0.857594,24.8749,"main_cat IN ('Camera & Photo', 'Camera &amp; Photo', 'Cell Phones &amp; Accessories')"
231,0.859249,20,0.81,0.951568,post_filter,False,0.3237,1.0,0.989211,0.81,0.955332,24.9365,overall>=3.0
232,0.092237,0,0.621486,0.618624,pre_filter,False,5.1404,0.2,0.0,0.559337,0.618624,25.1331,main_cat='Home Audio &amp; Theater' AND overall>=3.0
233,0.821657,20,0.81,0.955332,post_filter,False,0.7292,1.0,0.975692,0.81,0.957368,25.1448,"overall IN (1,2,3,5)"
234,0.339351,8,0.9,0.923084,post_filter,False,0.3932,1.0,0.986894,0.9,0.929465,25.0684,"main_cat IN ('Home Audio & Theater', 'Camera &amp; Photo', 'Sports & Outdoors')"
235,0.092237,0,0.559337,0.618624,post_filter,False,0.7353,1.0,0.975489,0.559337,0.654311,24.834,main_cat='Home Audio &amp; Theater' AND overall>=3.0
236,0.339351,8,0.9,0.929465,post_filter,False,0.8773,1.0,0.970757,0.9,0.933594,25.3481,"main_cat IN ('Home Audio & Theater', 'Camera &amp; Photo', 'Sports & Outdoors')"
237,0.728433,19,0.596581,0.833223,post_filter,False,0.9459,1.0,0.968471,0.596581,0.846748,28.5211,"overall IN (2,3,5)"
238,0.881823,20,0.81,0.957368,post_filter,False,0.7287,1.0,0.97571,0.81,0.959202,25.1848,"overall IN (1,4,5)"
239,0.160682,1,0.557856,0.7372,pre_filter,False,3.6316,0.7,0.041467,0.506217,0.7372,25.3516,"main_cat IN ('Camera & Photo', 'Computers')"
240,0.680906,18,0.6561,0.900255,post_filter,False,0.3375,0.4,0.000173,0.6561,0.810247,25.3076,"overall IN (3,5)"
241,0.248992,4,0.9,0.986723,post_filter,False,0.5283,1.0,0.98239,0.9,0.986289,25.1852,"overall IN (3,4)"
242,0.270385,5,0.776012,0.921766,post_filter,False,0.3699,0.9,0.575177,0.776012,0.887108,25.3428,"main_cat IN ('Home Audio & Theater', 'Books', 'Tools & Home Improvement')"
243,0.12068,1,0.506217,0.7372,post_filter,False,0.823,1.0,0.972567,0.506217,0.760736,25.1638,"main_cat IN ('Camera &amp; Photo', 'Cell Phones &amp; Accessories', 'Tools & Home Improvement')"
244,0.092237,0,0.559337,0.654311,post_filter,False,1.0314,1.0,0.965619,0.559337,0.685442,25.1831,main_cat='Home Audio &amp; Theater' AND overall>=3.0
245,0.270385,5,0.776012,0.887108,post_filter,False,0.3007,0.8,0.177537,0.776012,0.81615,25.2565,"main_cat IN ('Home Audio & Theater', 'Books', 'Tools & Home Improvement')"
246,0.774129,19,0.596581,0.846748,post_filter,False,0.979,1.0,0.967365,0.596581,0.85881,24.8207,"overall IN (1,3,5)"
247,0.248992,4,0.9,0.986289,post_filter,False,0.9167,1.0,0.969444,0.9,0.984605,24.892,"overall IN (3,4)"
248,0.248992,4,0.9,0.984605,post_filter,False,0.5889,1.0,0.980369,0.9,0.984181,24.944,"overall IN (3,4)"
249,0.389743,11,0.9,0.988008,pre_filter,False,38.6189,1.0,0.0,0.81,0.988008,25.2735,overall<=4.0
250,0.728433,19,0.596581,0.85881,post_filter,False,0.8053,1.0,0.973157,0.596581,0.870244,25.1385,"overall IN (2,3,5)"
251,0.7886,19,0.596581,0.870244,post_filter,False,0.8399,1.0,0.972004,0.596581,0.88042,25.4996,overall>=4.0
252,0.339351,8,0.9,0.933594,post_filter,False,0.7533,1.0,0.974892,0.9,0.937724,25.0865,"main_cat IN ('Home Audio & Theater', 'Camera &amp; Photo', 'Sports & Outdoors')"
253,0.160682,1,0.506217,0.760736,post_filter,False,0.6618,1.0,0.977942,0.506217,0.782457,25.1012,"main_cat IN ('Camera & Photo', 'Computers')"
254,0.7886,19,0.596581,0.88042,post_filter,False,0.8513,1.0,0.971624,0.596581,0.889541,24.9251,overall>=4.0
255,0.389743,11,0.81,0.988008,post_filter,False,0.7129,1.0,0.976237,0.81,0.986831,24.9905,overall<=4.0
256,0.300422,7,0.81,0.91394,post_filter,False,0.839,0.9,0.566069,0.81,0.879153,25.1331,"main_cat IN ('All Electronics', 'Books', 'Sports & Outdoors')"
257,0.389743,11,0.81,0.986831,post_filter,False,0.8191,1.0,0.972697,0.81,0.985417,24.9819,overall<=4.0
258,0.073033,0,0.559337,0.685442,pre_filter,False,12.5518,1.0,0.581606,0.561564,0.685442,24.818,brand='Tiffen'
259,0.821657,20,0.81,0.959202,post_filter,False,0.8127,1.0,0.97291,0.81,0.960573,24.8975,"overall IN (1,2,3,5)"
260,0.906777,21,1.0,0.855425,post_filter,True,0.7963,1.0,0.973456,1.0,0.867228,25.0205,overall>=2.0
261,0.952472,21,1.0,0.867228,post_filter,True,0.7963,1.0,0.973456,1.0,0.877851,24.7763,"overall IN (1,3,4,5)"
262,0.300422,7,0.81,0.879153,post_filter,False,0.4664,1.0,0.984454,0.81,0.889683,25.2568,"main_cat IN ('All Electronics', 'Books', 'Sports & Outdoors')"
263,0.728433,19,0.596581,0.889541,post_filter,False,0.9852,1.0,0.96716,0.596581,0.897303,24.9442,"overall IN (2,3,5)"
264,0.339351,8,0.9,0.937724,post_filter,False,0.9229,1.0,0.969238,0.9,0.940875,25.0727,"main_cat IN ('Home Audio & Theater', 'Camera &amp; Photo', 'Sports & Outdoors')"
265,0.230635,3,0.895473,0.857594,post_filter,False,0.5514,1.0,0.981621,0.895473,0.869996,25.1608,"main_cat IN ('Camera & Photo', 'Camera &amp; Photo', 'Cell Phones &amp; Accessories')"
266,0.751008,19,0.596581,0.897303,post_filter,False,0.6458,1.0,0.978474,0.596581,0.90542,25.1621,"overall IN (1,2,5)"
267,0.859249,20,0.81,0.960573,post_filter,False,0.4118,1.0,0.986272,0.81,0.963143,25.214,overall>=3.0
268,0.073033,0,0.561564,0.685442,post_filter,False,0.625,0.9,0.570223,0.561564,0.67392,25.1556,brand='Tiffen'
269,0.092237,0,0.561564,0.67392,pre_filter,False,18.4792,1.0,0.384025,0.54381,0.67392,25.0754,main_cat='Home Audio &amp; Theater' AND overall>=3.0
270,0.774129,19,0.596581,0.90542,post_filter,False,0.6289,1.0,0.979036,0.596581,0.912781,25.1159,"overall IN (1,3,5)"
271,0.751008,19,0.596581,0.912781,post_filter,False,0.6512,1.0,0.978293,0.596581,0.919332,25.1628,"overall IN (1,2,5)"
272,0.319094,7,0.81,0.889683,post_filter,False,0.8273,0.9,0.566297,0.81,0.857344,25.1052,"overall IN (1,2,4)"
273,0.300422,7,0.81,0.857344,post_filter,False,0.799,0.6,0.00983,0.81,0.772593,25.1662,"main_cat IN ('All Electronics', 'Books', 'Sports & Outdoors')"
274,0.658182,18,0.6561,0.810247,post_filter,False,1.0126,1.0,0.966247,0.6561,0.825847,24.8669,verified=true AND overall>=3.0
275,0.859249,20,0.81,0.963143,post_filter,False,0.8547,1.0,0.97151,0.81,0.96398,24.9391,overall>=3.0
276,0.821657,20,0.81,0.96398,post_filter,False,0.3969,0.8,0.176962,0.81,0.885278,25.138,"overall IN (1,2,3,5)"
277,0.774129,19,0.596581,0.919332,post_filter,False,0.9735,1.0,0.967549,0.596581,0.924154,25.0509,"overall IN (1,3,5)"
278,0.160682,1,0.506217,0.782457,post_filter,False,1.0836,0.9,0.561322,0.506217,0.760343,25.093,"main_cat IN ('Camera & Photo', 'Computers')"
279,0.050727,0,0.54381,0.67392,post_filter,False,0.8638,1.0,0.971208,0.54381,0.703649,25.37,"main_cat IN ('Computers', 'Tools & Home Improvement')"
280,0.140751,1,0.506217,0.760343,post_filter,False,0.9092,1.0,0.969693,0.506217,0.781278,24.9961,overall<=2.0
281,0.906777,21,1.0,0.877851,post_filter,True,0.9465,1.0,0.96845,1.0,0.886911,24.7141,overall>=2.0
282,0.728433,19,0.596581,0.924154,post_filter,False,0.342,1.0,0.988599,0.596581,0.930599,24.8967,"overall IN (2,3,5)"
283,0.774129,19,0.596581,0.930599,post_filter,False,0.7867,1.0,0.973775,0.596581,0.934916,24.6796,"overall IN (1,3,5)"
284,0.859249,20,0.81,0.885278,post_filter,False,0.5183,1.0,0.982722,0.81,0.895022,24.9943,overall>=3.0
285,0.389743,11,0.81,0.985417,post_filter,False,0.6224,1.0,0.979253,0.81,0.984801,24.9296,overall<=4.0
286,0.073033,0,0.54381,0.703649,post_filter,False,1.2514,0.5,0.001563,0.54381,0.63344,25.3691,brand='Tiffen'
287,0.140751,1,0.506217,0.781278,post_filter,False,1.2729,0.6,0.00967,0.506217,0.704118,25.1133,overall<=2.0
288,0.092237,0,0.54381,0.63344,post_filter,False,0.8827,1.0,0.970576,0.54381,0.667154,24.9815,main_cat='Home Audio &amp; Theater' AND overall>=3.0
289,0.210713,2,0.753317,0.816304,post_filter,False,0.6038,1.0,0.979872,0.753317,0.832661,25.1915,"main_cat IN ('Camera & Photo', 'Camera &amp; Photo')"
290,0.836128,20,0.81,0.895022,pre_filter,False,19.5888,0.8889,0.178491,0.746849,0.895022,24.7657,"overall IN (2,4,5)"
291,0.751008,19,0.596581,0.934916,post_filter,False,0.6674,1.0,0.977753,0.596581,0.9392,24.817,"overall IN (1,2,5)"
292,0.300422,7,0.81,0.772593,pre_filter,False,46.1579,1.0,0.0,0.729,0.772593,24.9748,"main_cat IN ('All Electronics', 'Books', 'Sports & Outdoors')"
293,0.300422,7,0.729,0.772593,post_filter,False,0.8531,1.0,0.971564,0.729,0.79249,25.0226,"main_cat IN ('All Electronics', 'Books', 'Sports & Outdoors')"
294,0.319094,7,0.729,0.79249,post_filter,False,0.8407,1.0,0.971978,0.729,0.810439,25.0704,"overall IN (1,2,4)"
295,0.70348,19,0.596581,0.9392,post_filter,False,0.8268,1.0,0.972439,0.596581,0.942524,25.0672,"overall IN (1,5)"
296,0.073033,0,0.54381,0.667154,post_filter,False,0.9374,0.9,0.56416,0.54381,0.656854,24.9446,brand='Tiffen'
297,0.728433,19,0.596581,0.942524,post_filter,False,0.4268,1.0,0.985775,0.596581,0.946849,25.073,"overall IN (2,3,5)"
298,0.140751,1,0.506217,0.704118,post_filter,False,0.676,1.0,0.977468,0.506217,0.731453,24.9901,overall<=2.0
299,0.774129,19,0.596581,0.946849,post_filter,False,0.919,1.0,0.969365,0.596581,0.9491,25.1442,"overall IN (1,3,5)"
300,0.389743,11,0.81,0.984801,post_filter,False,0.7572,1.0,0.97476,0.81,0.983797,25.2245,overall<=4.0
301,0.300422,7,0.729,0.810439,post_filter,False,0.994,0.8,0.173392,0.729,0.746734,25.1777,"main_cat IN ('All Electronics', 'Books', 'Sports & Outdoors')"
302,0.300422,7,0.729,0.746734,post_filter,False,1.0072,1.0,0.966425,0.729,0.768703,24.9709,"main_cat IN ('All Electronics', 'Books', 'Sports & Outdoors')"
303,0.389743,11,0.81,0.983797,post_filter,False,0.8759,1.0,0.970804,0.81,0.982497,24.9987,overall<=4.0
304,0.836128,20,0.746849,0.895022,post_filter,False,0.1175,0.0,0.0,0.746849,0.80552,25.0399,"overall IN (2,4,5)"
305,0.092237,0,0.54381,0.656854,post_filter,False,0.7369,0.7,0.04602,0.54381,0.595771,25.114,main_cat='Home Audio &amp; Theater' AND overall>=3.0
306,0.70348,19,0.596581,0.9491,post_filter,False,0.7993,1.0,0.973358,0.596581,0.951526,25.032,"overall IN (1,5)"
307,0.140751,1,0.506217,0.731453,post_filter,False,0.8942,0.4,0.00017,0.506217,0.658324,26.7803,overall<=2.0
308,0.658182,18,0.6561,0.825847,post_filter,False,0.5728,1.0,0.980908,0.6561,0.841353,25.0579,verified=true AND overall>=3.0
309,0.300422,7,0.729,0.768703,post_filter,False,0.7372,1.0,0.975426,0.729,0.789375,24.9524,"main_cat IN ('All Electronics', 'Books', 'Sports & Outdoors')"
310,0.319094,7,0.729,0.789375,post_filter,False,0.6872,1.0,0.977094,0.729,0.808147,25.1845,"overall IN (1,2,4)"
311,0.270385,5,0.776012,0.81615,post_filter,False,1.0025,1.0,0.966583,0.776012,0.831194,25.1393,"main_cat IN ('Home Audio & Theater', 'Books', 'Tools & Home Improvement')"
312,0.751008,19,0.596581,0.951526,post_filter,False,0.1302,0.0,0.0,0.596581,0.856374,25.0477,"overall IN (1,2,5)"
313,0.230635,3,0.895473,0.869996,pre_filter,False,30.9893,1.0,0.0,0.805925,0.869996,25.0069,"main_cat IN ('Camera & Photo', 'Camera &amp; Photo', 'Cell Phones &amp; Accessories')"
314,0.210713,2,0.753317,0.832661,post_filter,False,1.1118,0.4,0.000169,0.753317,0.749411,25.2722,"main_cat IN ('Camera & Photo', 'Camera &amp; Photo')"
315,0.12068,1,0.506217,0.658324,post_filter,False,0.9067,0.9,0.564756,0.506217,0.648967,24.848,"main_cat IN ('Camera &amp; Photo', 'Cell Phones &amp; Accessories', 'Tools & Home Improvement')"
316,0.050727,0,0.54381,0.595771,pre_filter,False,2.611,1.0,0.912967,0.580726,0.595771,24.9898,"main_cat IN ('Computers', 'Tools & Home Improvement')"
317,0.821657,20,0.746849,0.80552,post_filter,False,0.8702,1.0,0.970992,0.746849,0.822067,25.0847,"overall IN (1,2,3,5)"
318,0.160682,1,0.506217,0.648967,post_filter,False,0.8339,1.0,0.972203,0.506217,0.681291,25.2125,"main_cat IN ('Camera & Photo', 'Computers')"
319,0.610257,18,0.6561,0.841353,post_filter,False,0.7136,1.0,0.976214,0.6561,0.854839,24.7912,overall>=5.0
320,0.658182,18,0.6561,0.854839,post_filter,False,0.9555,1.0,0.968151,0.6561,0.86617,25.0657,verified=true AND overall>=3.0
321,0.319094,7,0.729,0.808147,post_filter,False,0.5126,1.0,0.982914,0.729,0.825624,25.1439,"overall IN (1,2,4)"
322,0.952472,21,1.0,0.886911,post_filter,True,0.8688,1.0,0.971042,1.0,0.895324,25.0799,"overall IN (1,3,4,5)"
323,0.680906,18,0.6561,0.86617,post_filter,False,0.794,1.0,0.973535,0.6561,0.876907,36.3671,"overall IN (3,5)"
324,0.12068,1,0.506217,0.681291,post_filter,False,2.158,0.7,0.043785,0.506217,0.61754,25.9173,"main_cat IN ('Camera &amp; Photo', 'Cell Phones &amp; Accessories', 'Tools & Home Improvement')"
325,0.230635,3,0.805925,0.869996,post_filter,False,0.6698,1.0,0.977672,0.805925,0.880764,25.3023,"main_cat IN ('Camera & Photo', 'Camera &amp; Photo', 'Cell Phones &amp; Accessories')"
326,0.836128,20,0.746849,0.822067,post_filter,False,1.085,1.0,0.963833,0.746849,0.836244,25.3301,"overall IN (2,4,5)"
327,0.230635,3,0.805925,0.880764,post_filter,False,0.7705,1.0,0.974315,0.805925,0.890119,25.374,"main_cat IN ('Camera & Photo', 'Camera &amp; Photo', 'Cell Phones &amp; Accessories')"
328,0.7886,19,0.596581,0.856374,post_filter,False,0.4202,0.4,0.000173,0.596581,0.770754,25.6518,overall>=4.0
329,0.389743,11,0.81,0.982497,post_filter,False,0.1381,0.2,0.0,0.81,0.884248,25.0417,overall<=4.0
330,0.180604,1,0.506217,0.61754,post_filter,False,0.875,1.0,0.970833,0.506217,0.65287,25.4781,"main_cat IN ('Camera & Photo', 'Computers', 'Cell Phones &amp; Accessories')"
331,0.728433,19,0.596581,0.770754,post_filter,False,0.746,1.0,0.975132,0.596581,0.791191,25.7894,"overall IN (2,3,5)"
332,0.248992,4,0.9,0.984181,post_filter,False,1.0651,1.0,0.964496,0.9,0.982213,25.7517,"overall IN (3,4)"
333,0.7886,19,0.596581,0.791191,post_filter,False,0.8273,1.0,0.972424,0.596581,0.809315,25.4543,overall>=4.0
334,0.952472,21,1.0,0.895324,post_filter,True,0.4657,1.0,0.984475,1.0,0.904239,25.0093,"overall IN (1,3,4,5)"
335,0.610257,18,0.6561,0.876907,post_filter,False,0.9645,1.0,0.967849,0.6561,0.886001,24.8179,overall>=5.0
336,0.180604,1,0.506217,0.65287,post_filter,False,0.8011,1.0,0.973296,0.506217,0.684912,25.0423,"main_cat IN ('Camera & Photo', 'Computers', 'Cell Phones &amp; Accessories')"
337,0.12068,1,0.506217,0.684912,post_filter,False,0.7977,1.0,0.973411,0.506217,0.713762,25.0777,"main_cat IN ('Camera &amp; Photo', 'Cell Phones &amp; Accessories', 'Tools & Home Improvement')"
338,0.140751,1,0.506217,0.713762,post_filter,False,1.0051,0.8,0.173326,0.506217,0.659719,25.1655,overall<=2.0
339,0.906777,21,1.0,0.904239,post_filter,True,0.7952,1.0,0.973494,1.0,0.911165,25.1715,overall>=2.0
340,0.092237,0,0.580726,0.595771,post_filter,False,0.9688,1.0,0.967708,0.580726,0.632965,25.469,main_cat='Home Audio &amp; Theater' AND overall>=3.0
341,0.389743,11,0.81,0.884248,post_filter,False,0.8657,1.0,0.971144,0.81,0.892937,25.4384,overall<=4.0
342,0.160682,1,0.506217,0.659719,post_filter,False,0.667,1.0,0.977768,0.506217,0.691524,25.0006,"main_cat IN ('Camera & Photo', 'Computers')"
343,0.929351,21,1.0,0.911165,post_filter,True,0.8538,1.0,0.971539,1.0,0.917202,25.0039,"overall IN (1,2,4,5)"
344,0.7886,19,0.596581,0.809315,post_filter,False,0.8136,1.0,0.972879,0.596581,0.825671,25.0375,overall>=4.0
345,0.389743,11,0.81,0.892937,post_filter,False,0.8342,1.0,0.972193,0.81,0.900863,25.2759,overall<=4.0
346,0.092237,0,0.580726,0.632965,post_filter,False,0.5407,0.0,0.0,0.580726,0.569668,25.0407,main_cat='Home Audio &amp; Theater' AND overall>=3.0
347,0.859249,20,0.746849,0.836244,post_filter,False,1.0595,1.0,0.964683,0.746849,0.849088,24.8032,overall>=3.0
348,0.774129,19,0.596581,0.825671,post_filter,False,0.8385,1.0,0.972049,0.596581,0.840309,24.7865,"overall IN (1,3,5)"
349,0.906777,21,1.0,0.917202,post_filter,True,0.5233,1.0,0.982558,1.0,0.923738,24.9634,overall>=2.0
350,0.270385,5,0.776012,0.831194,post_filter,False,0.8897,1.0,0.970343,0.776012,0.845109,24.7452,"main_cat IN ('Home Audio & Theater', 'Books', 'Tools & Home Improvement')"
351,0.774129,19,0.596581,0.840309,post_filter,False,0.3357,1.0,0.988811,0.596581,0.855159,25.0664,"overall IN (1,3,5)"
352,0.300422,7,0.729,0.825624,post_filter,False,0.8804,1.0,0.970653,0.729,0.840127,24.8866,"main_cat IN ('All Electronics', 'Books', 'Sports & Outdoors')"
353,0.7886,19,0.596581,0.855159,post_filter,False,0.7623,1.0,0.974589,0.596581,0.867102,24.9167,overall>=4.0
354,0.092237,0,0.580726,0.569668,pre_filter,False,17.1827,1.0,0.427244,0.565378,0.569668,25.0937,main_cat='Home Audio &amp; Theater' AND overall>=3.0
355,0.680906,18,0.6561,0.886001,post_filter,False,0.8441,1.0,0.971863,0.6561,0.894587,24.9857,"overall IN (3,5)"
356,0.680906,18,0.6561,0.894587,post_filter,False,0.7945,1.0,0.973515,0.6561,0.90248,24.9751,"overall IN (3,5)"
357,0.248992,4,0.9,0.982213,post_filter,False,0.6776,1.0,0.977414,0.9,0.981733,25.407,"overall IN (3,4)"
358,0.929351,21,1.0,0.923738,post_filter,True,0.4497,1.0,0.985008,1.0,0.929865,25.3204,"overall IN (1,2,4,5)"
359,0.248992,4,0.9,0.981733,post_filter,False,0.8545,0.9,0.565768,0.9,0.940136,24.7748,"overall IN (3,4)"
360,0.906777,21,1.0,0.929865,post_filter,True,0.8871,1.0,0.970431,1.0,0.933921,24.8555,overall>=2.0
361,0.160682,1,0.506217,0.691524,post_filter,False,0.9852,1.0,0.967158,0.506217,0.719087,25.0274,"main_cat IN ('Camera & Photo', 'Computers')"
362,0.7886,19,0.596581,0.867102,post_filter,False,0.8526,1.0,0.971581,0.596581,0.87755,24.7862,overall>=4.0
363,0.7886,19,0.596581,0.87755,post_filter,False,0.7689,1.0,0.974369,0.596581,0.887232,24.7593,overall>=4.0
364,0.952472,21,1.0,0.933921,post_filter,True,0.8288,1.0,0.972372,1.0,0.937766,24.8129,"overall IN (1,3,4,5)"
365,0.7886,19,0.596581,0.887232,post_filter,False,0.7968,1.0,0.973439,0.596581,0.895853,24.8875,overall>=4.0
366,0.751008,19,0.596581,0.895853,post_filter,False,0.446,1.0,0.985135,0.596581,0.904781,24.9625,"overall IN (1,2,5)"
367,0.160682,1,0.506217,0.719087,post_filter,False,0.969,1.0,0.967699,0.506217,0.743948,24.9793,"main_cat IN ('Camera & Photo', 'Computers')"
368,0.859249,20,0.746849,0.849088,post_filter,False,0.8483,1.0,0.971722,0.746849,0.861351,24.8337,overall>=3.0
369,0.300422,7,0.729,0.840127,pre_filter,False,44.2238,1.0,0.0,0.6561,0.840127,25.1417,"main_cat IN ('All Electronics', 'Books', 'Sports & Outdoors')"
370,0.658182,18,0.6561,0.90248,post_filter,False,1.0377,1.0,0.965408,0.6561,0.908773,24.8014,verified=true AND overall>=3.0
371,0.210713,2,0.753317,0.749411,pre_filter,False,36.5541,1.0,0.0,0.677986,0.749411,25.3187,"main_cat IN ('Camera & Photo', 'Camera &amp; Photo')"
372,0.12068,1,0.506217,0.743948,post_filter,False,0.8277,1.0,0.97241,0.506217,0.766794,25.5195,"main_cat IN ('Camera &amp; Photo', 'Cell Phones &amp; Accessories', 'Tools & Home Improvement')"
373,0.180604,1,0.506217,0.766794,post_filter,False,0.9252,1.0,0.96916,0.506217,0.787031,25.0135,"main_cat IN ('Camera & Photo', 'Computers', 'Cell Phones &amp; Accessories')"
374,0.859249,20,0.746849,0.861351,post_filter,False,0.8394,1.0,0.972019,0.746849,0.872418,24.8342,overall>=3.0
375,0.140751,1,0.506217,0.787031,post_filter,False,1.1997,0.8,0.172163,0.506217,0.725544,25.2138,overall<=2.0
376,0.210713,2,0.677986,0.749411,pre_filter,False,26.392,0.9,0.070038,0.617191,0.749411,25.0307,"main_cat IN ('Camera & Photo', 'Camera &amp; Photo')"
377,0.859249,20,0.746849,0.872418,post_filter,False,0.7132,1.0,0.976225,0.746849,0.882799,24.9979,overall>=3.0
378,0.610257,18,0.6561,0.908773,post_filter,False,0.8969,1.0,0.970104,0.6561,0.914906,25.0204,overall>=5.0
379,0.050727,0,0.565378,0.569668,post_filter,False,1.144,1.0,0.961868,0.565378,0.608888,25.1714,"main_cat IN ('Computers', 'Tools & Home Improvement')"
380,0.300422,7,0.6561,0.840127,post_filter,False,0.8148,1.0,0.972842,0.6561,0.853398,24.7063,"main_cat IN ('All Electronics', 'Books', 'Sports & Outdoors')"
381,0.680906,18,0.6561,0.914906,post_filter,False,0.2395,0.1,0.0,0.6561,0.823415,24.8434,"overall IN (3,5)"
382,0.70348,19,0.596581,0.904781,post_filter,False,0.9,1.0,0.970001,0.596581,0.911303,24.6579,"overall IN (1,5)"
383,0.300422,7,0.6561,0.853398,post_filter,False,0.6809,1.0,0.977304,0.6561,0.865789,25.1808,"main_cat IN ('All Electronics', 'Books', 'Sports & Outdoors')"
384,0.389743,11,0.81,0.900863,post_filter,False,1.028,0.9,0.5624,0.81,0.867017,24.5932,overall<=4.0
385,0.859249,20,0.746849,0.882799,post_filter,False,0.7721,1.0,0.974264,0.746849,0.891945,24.8017,overall>=3.0
386,0.680906,18,0.6561,0.823415,post_filter,False,0.8105,1.0,0.972985,0.6561,0.838372,24.7693,"overall IN (3,5)"
387,0.140751,1,0.506217,0.725544,post_filter,False,1.025,0.7,0.045567,0.506217,0.657546,25.1056,overall<=2.0
388,0.728433,19,0.596581,0.911303,post_filter,False,0.3772,1.0,0.987428,0.596581,0.918915,25.0747,"overall IN (2,3,5)"
389,0.929351,21,1.0,0.937766,post_filter,True,0.6538,1.0,0.978207,1.0,0.94181,24.9572,"overall IN (1,2,4,5)"
390,0.092237,0,0.565378,0.608888,post_filter,False,0.7272,0.8,0.174988,0.565378,0.565498,25.1447,main_cat='Home Audio &amp; Theater' AND overall>=3.0
391,0.092237,0,0.565378,0.565498,post_filter,False,1.112,1.0,0.962933,0.565378,0.605242,24.7742,main_cat='Home Audio &amp; Theater' AND overall>=3.0
392,0.248992,4,0.9,0.940136,pre_filter,False,14.7984,1.0,0.506721,0.860672,0.940136,24.9444,"overall IN (3,4)"
393,0.319094,7,0.6561,0.865789,post_filter,False,0.7184,1.0,0.976053,0.6561,0.876815,25.0988,"overall IN (1,2,4)"
394,0.7886,19,0.596581,0.918915,post_filter,False,0.8736,1.0,0.970879,0.596581,0.924112,25.0809,overall>=4.0
395,0.821657,20,0.746849,0.891945,post_filter,False,1.104,1.0,0.9632,0.746849,0.899071,25.1318,"overall IN (1,2,3,5)"
396,0.610257,18,0.6561,0.838372,post_filter,False,0.8345,1.0,0.972185,0.6561,0.851754,25.2566,overall>=5.0
397,0.658182,18,0.6561,0.851754,post_filter,False,0.9516,1.0,0.968279,0.6561,0.863406,24.7763,verified=true AND overall>=3.0
398,0.339351,8,0.9,0.940875,post_filter,False,0.8352,1.0,0.972161,0.9,0.944004,25.024,"main_cat IN ('Home Audio & Theater', 'Camera &amp; Photo', 'Sports & Outdoors')"
399,0.836128,20,0.746849,0.899071,post_filter,False,0.8727,1.0,0.97091,0.746849,0.906255,24.8058,"overall IN (2,4,5)"
400,0.339351,8,0.9,0.944004,post_filter,False,0.7394,1.0,0.975353,0.9,0.947139,24.7703,"main_cat IN ('Home Audio & Theater', 'Camera &amp; Photo', 'Sports & Outdoors')"
401,0.881823,20,0.746849,0.906255,post_filter,False,0.8481,1.0,0.971729,0.746849,0.912802,24.8478,"overall IN (1,4,5)"
402,0.70348,19,0.596581,0.924112,post_filter,False,0.7892,1.0,0.973694,0.596581,0.92907,25.0411,"overall IN (1,5)"
403,0.092237,0,0.565378,0.605242,post_filter,False,1.0695,0.9,0.561596,0.565378,0.600877,25.0202,main_cat='Home Audio &amp; Theater' AND overall>=3.0
404,0.140751,1,0.506217,0.657546,post_filter,False,1.4581,0.8,0.170618,0.506217,0.608853,25.1275,overall<=2.0
405,0.270385,5,0.776012,0.845109,post_filter,False,1.0444,1.0,0.965186,0.776012,0.857116,25.0554,"main_cat IN ('Home Audio & Theater', 'Books', 'Tools & Home Improvement')"
406,0.751008,19,0.596581,0.92907,post_filter,False,0.8886,1.0,0.970379,0.596581,0.933201,24.8976,"overall IN (1,2,5)"
407,0.092237,0,0.565378,0.600877,post_filter,False,0.8437,1.0,0.971878,0.565378,0.637977,25.0276,main_cat='Home Audio &amp; Theater' AND overall>=3.0
408,0.389743,11,0.81,0.867017,post_filter,False,0.4914,0.0,0.0,0.81,0.780315,24.9739,overall<=4.0
409,0.389743,11,0.81,0.780315,post_filter,False,0.771,1.0,0.974299,0.81,0.799713,24.8891,overall<=4.0
410,0.774129,19,0.596581,0.933201,post_filter,False,0.9077,1.0,0.969742,0.596581,0.936855,25.0779,"overall IN (1,3,5)"
411,0.658182,18,0.6561,0.863406,post_filter,False,0.6075,1.0,0.97975,0.6561,0.875041,25.1903,verified=true AND overall>=3.0
412,0.300422,7,0.6561,0.876815,post_filter,False,0.8497,1.0,0.971675,0.6561,0.886301,25.3914,"main_cat IN ('All Electronics', 'Books', 'Sports & Outdoors')"
413,0.140751,1,0.506217,0.608853,post_filter,False,1.3988,0.8,0.170973,0.506217,0.565065,36.2148,overall<=2.0
414,0.929351,21,1.0,0.94181,post_filter,True,1.0253,1.0,0.965825,1.0,0.944212,24.8145,"overall IN (1,2,4,5)"
415,0.881823,20,0.746849,0.912802,post_filter,False,0.5237,1.0,0.982543,0.746849,0.919776,24.8796,"overall IN (1,4,5)"
416,0.836128,20,0.746849,0.919776,post_filter,False,0.7002,1.0,0.976661,0.746849,0.925465,25.0851,"overall IN (2,4,5)"
417,0.680906,18,0.6561,0.875041,post_filter,False,0.6816,1.0,0.977281,0.6561,0.885265,24.8587,"overall IN (3,5)"
418,0.751008,19,0.596581,0.936855,post_filter,False,0.5716,1.0,0.980946,0.596581,0.941264,24.9935,"overall IN (1,2,5)"
419,0.70348,19,0.596581,0.941264,post_filter,False,0.841,1.0,0.971968,0.596581,0.944334,24.7431,"overall IN (1,5)"
420,0.160682,1,0.506217,0.565065,post_filter,False,0.2256,0.7,0.046824,0.506217,0.513241,25.2363,"main_cat IN ('Camera & Photo', 'Computers')"
421,0.836128,20,0.746849,0.925465,post_filter,False,0.2545,0.6,0.010013,0.746849,0.83392,25.0938,"overall IN (2,4,5)"
422,0.140751,1,0.506217,0.513241,pre_filter,False,22.6368,0.4,4.3e-05,0.4556,0.513241,26.8671,overall<=2.0
423,0.339351,8,0.9,0.947139,post_filter,False,0.5665,1.0,0.981115,0.9,0.950536,24.9665,"main_cat IN ('Home Audio & Theater', 'Camera &amp; Photo', 'Sports & Outdoors')"
424,0.658182,18,0.6561,0.885265,post_filter,False,0.9988,1.0,0.966706,0.6561,0.893409,24.8197,verified=true AND overall>=3.0
425,0.952472,21,1.0,0.944212,post_filter,True,0.6731,1.0,0.977564,1.0,0.947547,25.0059,"overall IN (1,3,4,5)"
426,0.906777,21,1.0,0.947547,post_filter,True,1.0349,1.0,0.965503,1.0,0.949343,25.0705,overall>=2.0
427,0.073033,0,0.565378,0.637977,post_filter,False,0.8729,1.0,0.970904,0.565378,0.67127,25.2142,brand='Tiffen'
428,0.881823,20,0.746849,0.83392,post_filter,False,0.8636,1.0,0.971214,0.746849,0.847649,25.2112,"overall IN (1,4,5)"
429,0.12068,1,0.4556,0.513241,post_filter,False,1.0338,1.0,0.965539,0.4556,0.558471,25.4014,"main_cat IN ('Camera &amp; Photo', 'Cell Phones &amp; Accessories', 'Tools & Home Improvement')"
430,0.658182,18,0.6561,0.893409,post_filter,False,1.0321,1.0,0.965597,0.6561,0.900627,25.2402,verified=true AND overall>=3.0
431,0.140751,1,0.4556,0.558471,post_filter,False,1.2283,0.8,0.171992,0.4556,0.519823,25.2665,overall<=2.0
432,0.248992,4,0.860672,0.940136,post_filter,False,0.6792,1.0,0.97736,0.860672,0.943859,25.0347,"overall IN (3,4)"
433,0.160682,1,0.4556,0.519823,post_filter,False,1.0233,1.0,0.965889,0.4556,0.56443,25.1467,"main_cat IN ('Camera & Photo', 'Computers')"
434,0.160682,1,0.4556,0.56443,post_filter,False,0.6968,1.0,0.976775,0.4556,0.605664,25.2068,"main_cat IN ('Camera & Photo', 'Computers')"
435,0.270385,5,0.776012,0.857116,post_filter,False,0.8906,1.0,0.970314,0.776012,0.868436,25.0101,"main_cat IN ('Home Audio & Theater', 'Books', 'Tools & Home Improvement')"
436,0.952472,21,1.0,0.949343,post_filter,True,0.6692,1.0,0.977694,1.0,0.952178,25.1772,"overall IN (1,3,4,5)"
437,0.7886,19,0.596581,0.944334,post_filter,False,0.3595,1.0,0.988017,0.596581,0.948703,25.0075,overall>=4.0
438,0.210713,2,0.617191,0.749411,post_filter,False,1.117,0.5,0.00157,0.617191,0.674627,25.692,"main_cat IN ('Camera & Photo', 'Camera &amp; Photo')"
439,0.300422,7,0.6561,0.886301,post_filter,False,0.3277,0.6667,0.028647,0.6561,0.800536,25.1591,"main_cat IN ('All Electronics', 'Books', 'Sports & Outdoors')"
440,0.658182,18,0.6561,0.900627,post_filter,False,0.8619,1.0,0.971269,0.6561,0.907692,25.0773,verified=true AND overall>=3.0
441,0.929351,21,1.0,0.952178,post_filter,True,0.8661,1.0,0.971131,1.0,0.954073,25.0555,"overall IN (1,2,4,5)"
442,0.248992,4,0.860672,0.943859,post_filter,False,0.7603,1.0,0.974656,0.860672,0.946938,25.0201,"overall IN (3,4)"
443,0.906777,21,1.0,0.954073,post_filter,True,0.7827,1.0,0.97391,1.0,0.956057,24.8125,overall>=2.0
444,0.092237,0,0.565378,0.67127,post_filter,False,0.562,1.0,0.981267,0.565378,0.70227,25.0015,main_cat='Home Audio &amp; Theater' AND overall>=3.0
445,0.230635,3,0.805925,0.890119,post_filter,False,0.2855,0.5,0.001616,0.805925,0.801269,24.9724,"main_cat IN ('Camera & Photo', 'Camera &amp; Photo', 'Cell Phones &amp; Accessories')"
446,0.180604,1,0.4556,0.605664,post_filter,False,0.8332,1.0,0.972228,0.4556,0.642321,25.13,"main_cat IN ('Camera & Photo', 'Computers', 'Cell Phones &amp; Accessories')"
447,0.751008,19,0.596581,0.948703,post_filter,False,0.8975,1.0,0.970085,0.596581,0.950841,24.7129,"overall IN (1,2,5)"
448,0.680906,18,0.6561,0.907692,post_filter,False,0.8,1.0,0.973335,0.6561,0.914256,25.2127,"overall IN (3,5)"
449,0.230635,3,0.805925,0.801269,post_filter,False,0.9389,1.0,0.968704,0.805925,0.818012,24.7308,"main_cat IN ('Camera & Photo', 'Camera &amp; Photo', 'Cell Phones &amp; Accessories')"
450,0.140751,1,0.4556,0.642321,post_filter,False,0.9273,1.0,0.969089,0.4556,0.674997,25.272,overall<=2.0
451,0.751008,19,0.596581,0.950841,post_filter,False,0.8701,1.0,0.970996,0.596581,0.952856,25.0328,"overall IN (1,2,5)"
452,0.248992,4,0.860672,0.946938,post_filter,False,0.9202,1.0,0.969328,0.860672,0.949177,25.3145,"overall IN (3,4)"
453,0.728433,19,0.596581,0.952856,post_filter,False,0.985,1.0,0.967165,0.596581,0.954287,25.1107,"overall IN (2,3,5)"
454,0.680906,18,0.6561,0.914256,post_filter,False,0.7833,1.0,0.97389,0.6561,0.920219,25.267,"overall IN (3,5)"
455,0.092237,0,0.565378,0.70227,post_filter,False,1.0602,0.7,0.045511,0.565378,0.636594,25.392,main_cat='Home Audio &amp; Theater' AND overall>=3.0
456,0.658182,18,0.6561,0.920219,post_filter,False,0.48,1.0,0.984,0.6561,0.926597,25.2007,verified=true AND overall>=3.0
457,0.751008,19,0.596581,0.954287,pre_filter,False,79.4465,1.0,0.0,0.536923,0.954287,25.0467,"overall IN (1,2,5)"
458,0.160682,1,0.4556,0.674997,post_filter,False,0.8065,0.9,0.566701,0.4556,0.664168,25.215,"main_cat IN ('Camera & Photo', 'Computers')"
459,0.70348,19,0.536923,0.954287,post_filter,False,0.777,1.0,0.9741,0.536923,0.956269,25.1762,"overall IN (1,5)"
460,0.70348,19,0.536923,0.956269,post_filter,False,0.6103,1.0,0.979656,0.536923,0.958607,25.0835,"overall IN (1,5)"
461,0.140751,1,0.4556,0.664168,post_filter,False,0.8695,1.0,0.971018,0.4556,0.694853,24.894,overall<=2.0
462,0.160682,1,0.4556,0.694853,post_filter,False,0.3695,1.0,0.987685,0.4556,0.724136,24.8092,"main_cat IN ('Camera & Photo', 'Computers')"
463,0.774129,19,0.536923,0.958607,post_filter,False,0.756,1.0,0.974801,0.536923,0.960227,24.8794,"overall IN (1,3,5)"
464,0.728433,19,0.536923,0.960227,post_filter,False,0.6522,1.0,0.978261,0.536923,0.96203,24.9558,"overall IN (2,3,5)"
465,0.821657,20,0.746849,0.847649,post_filter,False,0.9175,1.0,0.969418,0.746849,0.859826,24.8915,"overall IN (1,2,3,5)"
466,0.929351,21,1.0,0.956057,post_filter,True,0.6314,1.0,0.978953,1.0,0.958346,25.0656,"overall IN (1,2,4,5)"
467,0.728433,19,0.536923,0.96203,post_filter,False,0.722,1.0,0.975932,0.536923,0.96342,25.0275,"overall IN (2,3,5)"
468,0.270385,5,0.776012,0.868436,post_filter,False,0.7747,1.0,0.974178,0.776012,0.87901,24.8278,"main_cat IN ('Home Audio & Theater', 'Books', 'Tools & Home Improvement')"
469,0.881823,20,0.746849,0.859826,post_filter,False,0.2879,0.0,0.0,0.746849,0.773843,24.8641,"overall IN (1,4,5)"
470,0.952472,21,1.0,0.958346,post_filter,True,0.6594,1.0,0.978019,1.0,0.960314,24.9118,"overall IN (1,3,4,5)"
471,0.70348,19,0.536923,0.96342,post_filter,False,0.5977,1.0,0.980076,0.536923,0.965086,24.9198,"overall IN (1,5)"
472,0.073033,0,0.565378,0.636594,post_filter,False,1.4477,0.6,0.009612,0.565378,0.573896,25.1422,brand='Tiffen'
473,0.881823,20,0.746849,0.773843,pre_filter,False,106.1919,1.0,0.0,0.672164,0.773843,24.8183,"overall IN (1,4,5)"
474,0.906777,21,1.0,0.960314,post_filter,True,0.7878,1.0,0.97374,1.0,0.961656,24.7481,overall>=2.0
475,0.050727,0,0.565378,0.573896,pre_filter,False,2.7719,1.0,0.907603,0.5996,0.573896,25.0335,"main_cat IN ('Computers', 'Tools & Home Improvement')"
476,0.092237,0,0.5996,0.573896,pre_filter,False,14.5149,1.0,0.516171,0.591257,0.573896,25.1165,main_cat='Home Audio &amp; Theater' AND overall>=3.0
477,0.073033,0,0.591257,0.573896,pre_filter,False,11.8382,0.5,0.000987,0.53223,0.573896,25.446,brand='Tiffen'
478,0.751008,19,0.536923,0.965086,post_filter,False,0.799,1.0,0.973365,0.536923,0.965914,25.0746,"overall IN (1,2,5)"
479,0.836128,20,0.672164,0.773843,post_filter,False,0.7629,1.0,0.974569,0.672164,0.793916,25.0992,"overall IN (2,4,5)"
480,0.70348,19,0.536923,0.965914,post_filter,False,0.7424,1.0,0.975253,0.536923,0.966848,24.9322,"overall IN (1,5)"
481,0.230635,3,0.805925,0.818012,post_filter,False,0.4887,0.9,0.572869,0.805925,0.793498,25.0475,"main_cat IN ('Camera & Photo', 'Camera &amp; Photo', 'Cell Phones &amp; Accessories')"
482,0.751008,19,0.536923,0.966848,post_filter,False,0.7715,1.0,0.974283,0.536923,0.967591,24.8945,"overall IN (1,2,5)"
483,0.180604,1,0.4556,0.724136,post_filter,False,1.1045,0.9,0.560916,0.4556,0.707814,25.2842,"main_cat IN ('Camera & Photo', 'Computers', 'Cell Phones &amp; Accessories')"
484,0.836128,20,0.672164,0.793916,post_filter,False,0.9724,1.0,0.967587,0.672164,0.811283,24.9917,"overall IN (2,4,5)"
485,0.70348,19,0.536923,0.967591,post_filter,False,0.9943,1.0,0.966858,0.536923,0.967518,25.1208,"overall IN (1,5)"
486,0.339351,8,0.9,0.950536,post_filter,False,0.6007,1.0,0.979976,0.9,0.95348,24.9187,"main_cat IN ('Home Audio & Theater', 'Camera &amp; Photo', 'Sports & Outdoors')"
487,0.728433,19,0.536923,0.967518,post_filter,False,0.3322,0.9,0.575908,0.536923,0.928357,24.8754,"overall IN (2,3,5)"
488,0.751008,19,0.536923,0.928357,post_filter,False,0.753,1.0,0.974901,0.536923,0.933011,24.8539,"overall IN (1,2,5)"
489,0.050727,0,0.53223,0.573896,post_filter,False,0.6194,0.9,0.570333,0.53223,0.573539,25.056,"main_cat IN ('Computers', 'Tools & Home Improvement')"
490,0.610257,18,0.6561,0.926597,post_filter,False,0.7406,1.0,0.975314,0.6561,0.931469,24.7329,overall>=5.0
491,0.929351,21,1.0,0.961656,post_filter,True,0.6995,1.0,0.976685,1.0,0.963159,25.3656,"overall IN (1,2,4,5)"
492,0.751008,19,0.536923,0.933011,post_filter,False,0.8409,1.0,0.971969,0.536923,0.936907,24.7816,"overall IN (1,2,5)"
493,0.680906,18,0.6561,0.931469,post_filter,False,0.6545,1.0,0.978182,0.6561,0.93614,25.0623,"overall IN (3,5)"
494,0.248992,4,0.860672,0.949177,post_filter,False,1.0257,1.0,0.965811,0.860672,0.950841,28.4983,"overall IN (3,4)"
495,0.751008,19,0.536923,0.936907,post_filter,False,0.6155,1.0,0.979482,0.536923,0.941165,25.4129,"overall IN (1,2,5)"
496,0.248992,4,0.860672,0.950841,pre_filter,False,38.5113,1.0,0.0,0.774605,0.950841,24.9019,"overall IN (3,4)"
497,0.610257,18,0.6561,0.93614,post_filter,False,0.8544,1.0,0.971521,0.6561,0.939678,25.0781,overall>=5.0
498,0.210713,2,0.617191,0.674627,post_filter,False,0.7361,1.0,0.975464,0.617191,0.704711,25.0736,"main_cat IN ('Camera & Photo', 'Camera &amp; Photo')"
499,0.859249,20,0.672164,0.811283,post_filter,False,0.8149,0.9,0.566538,0.672164,0.786809,25.1089,overall>=3.0
500,0.859249,20,0.672164,0.786809,post_filter,False,0.1287,0.0,0.0,0.672164,0.708128,25.0417,overall>=3.0
501,0.774129,19,0.536923,0.941165,post_filter,False,0.7762,1.0,0.974126,0.536923,0.944461,26.7583,"overall IN (1,3,5)"
502,0.319094,7,0.6561,0.800536,post_filter,False,0.6238,1.0,0.979207,0.6561,0.818403,33.3123,"overall IN (1,2,4)"
503,0.248992,4,0.774605,0.950841,post_filter,False,0.7886,1.0,0.973714,0.774605,0.953128,24.9878,"overall IN (3,4)"
504,0.389743,11,0.81,0.799713,post_filter,False,0.9066,1.0,0.969781,0.81,0.81672,24.7839,overall<=4.0
505,0.092237,0,0.53223,0.573539,post_filter,False,0.8679,1.0,0.971069,0.53223,0.613292,24.8943,main_cat='Home Audio &amp; Theater' AND overall>=3.0
506,0.7886,19,0.536923,0.944461,post_filter,False,0.5237,1.0,0.982543,0.536923,0.948269,25.0955,overall>=4.0
507,0.073033,0,0.53223,0.613292,post_filter,False,0.52,0.9,0.572262,0.53223,0.609189,25.2122,brand='Tiffen'
508,0.160682,1,0.4556,0.707814,post_filter,False,0.7934,1.0,0.973553,0.4556,0.734388,25.1891,"main_cat IN ('Camera & Photo', 'Computers')"
509,0.389743,11,0.81,0.81672,post_filter,False,0.5709,1.0,0.980969,0.81,0.833145,25.0477,overall<=4.0
510,0.339351,8,0.9,0.95348,post_filter,False,0.886,1.0,0.970467,0.9,0.955179,25.1265,"main_cat IN ('Home Audio & Theater', 'Camera &amp; Photo', 'Sports & Outdoors')"
511,0.610257,18,0.6561,0.939678,post_filter,False,0.7117,1.0,0.976278,0.6561,0.943338,25.0695,overall>=5.0
512,0.389743,11,0.81,0.833145,post_filter,False,0.7263,1.0,0.975789,0.81,0.847409,25.3972,overall<=4.0
513,0.180604,1,0.4556,0.734388,post_filter,False,1.0441,0.9,0.562088,0.4556,0.717158,25.0321,"main_cat IN ('Camera & Photo', 'Computers', 'Cell Phones &amp; Accessories')"
514,0.270385,5,0.776012,0.87901,post_filter,False,1.09,0.5,0.001572,0.776012,0.791266,25.5047,"main_cat IN ('Home Audio & Theater', 'Books', 'Tools & Home Improvement')"
515,0.728433,19,0.536923,0.948269,post_filter,False,0.335,0.8,0.177332,0.536923,0.871175,25.0785,"overall IN (2,3,5)"
516,0.140751,1,0.4556,0.717158,post_filter,False,0.8833,1.0,0.970556,0.4556,0.742498,25.0238,overall<=2.0
517,0.270385,5,0.776012,0.791266,post_filter,False,1.058,0.5,0.001574,0.776012,0.712297,25.0495,"main_cat IN ('Home Audio & Theater', 'Books', 'Tools & Home Improvement')"
518,0.906777,21,1.0,0.963159,post_filter,True,0.9014,1.0,0.969953,1.0,0.963839,24.8684,overall>=2.0
519,0.7886,19,0.536923,0.871175,post_filter,False,0.8368,1.0,0.972107,0.536923,0.881269,24.9197,overall>=4.0
520,0.270385,5,0.776012,0.712297,pre_filter,False,16.4671,1.0,0.451096,0.74352,0.712297,24.9195,"main_cat IN ('Home Audio & Theater', 'Books', 'Tools & Home Improvement')"
521,0.821657,20,0.672164,0.708128,post_filter,False,0.8629,1.0,0.971237,0.672164,0.734439,25.0127,"overall IN (1,2,3,5)"
522,0.906777,21,1.0,0.963839,post_filter,True,0.8103,1.0,0.97299,1.0,0.964754,24.7053,overall>=2.0
523,0.300422,7,0.6561,0.818403,post_filter,False,0.812,1.0,0.972935,0.6561,0.833856,25.2699,"main_cat IN ('All Electronics', 'Books', 'Sports & Outdoors')"
524,0.319094,7,0.6561,0.833856,post_filter,False,0.801,1.0,0.9733,0.6561,0.847801,25.1395,"overall IN (1,2,4)"
525,0.140751,1,0.4556,0.742498,post_filter,False,0.713,1.0,0.976233,0.4556,0.765871,25.1664,overall<=2.0
526,0.836128,20,0.672164,0.734439,post_filter,False,0.8962,1.0,0.970126,0.672164,0.758007,24.8285,"overall IN (2,4,5)"
527,0.300422,7,0.6561,0.847801,pre_filter,False,46.062,1.0,0.0,0.59049,0.847801,25.0613,"main_cat IN ('All Electronics', 'Books', 'Sports & Outdoors')"
528,0.658182,18,0.6561,0.943338,post_filter,False,0.5818,1.0,0.980608,0.6561,0.947065,25.0124,verified=true AND overall>=3.0
529,0.680906,18,0.6561,0.947065,post_filter,False,0.7887,1.0,0.973711,0.6561,0.94973,25.2101,"overall IN (3,5)"
530,0.12068,1,0.4556,0.765871,post_filter,False,1.0717,0.9,0.561554,0.4556,0.745439,25.2533,"main_cat IN ('Camera &amp; Photo', 'Cell Phones &amp; Accessories', 'Tools & Home Improvement')"
531,0.270385,5,0.74352,0.712297,pre_filter,False,12.7399,1.0,0.575336,0.726702,0.712297,25.3243,"main_cat IN ('Home Audio & Theater', 'Books', 'Tools & Home Improvement')"
532,0.210713,2,0.617191,0.704711,post_filter,False,0.9213,1.0,0.969292,0.617191,0.731169,25.1745,"main_cat IN ('Camera & Photo', 'Camera &amp; Photo')"
533,0.389743,11,0.81,0.847409,post_filter,False,0.4917,1.0,0.98361,0.81,0.861029,25.025,overall<=4.0
534,0.12068,1,0.4556,0.745439,post_filter,False,1.0519,0.6,0.009745,0.4556,0.67187,25.1943,"main_cat IN ('Camera &amp; Photo', 'Cell Phones &amp; Accessories', 'Tools & Home Improvement')"
535,0.230635,3,0.805925,0.793498,pre_filter,False,39.9453,0.9,0.0,0.725333,0.793498,24.8437,"main_cat IN ('Camera & Photo', 'Camera &amp; Photo', 'Cell Phones &amp; Accessories')"
536,0.389743,11,0.81,0.861029,post_filter,False,0.6694,1.0,0.977687,0.81,0.872695,24.9915,overall<=4.0
537,0.210713,2,0.617191,0.731169,post_filter,False,0.8582,1.0,0.971394,0.617191,0.755192,25.1814,"main_cat IN ('Camera & Photo', 'Camera &amp; Photo')"
538,0.140751,1,0.4556,0.67187,post_filter,False,1.2939,0.7,0.045144,0.4556,0.609197,25.6619,overall<=2.0
539,0.12068,1,0.4556,0.609197,post_filter,False,0.4905,1.0,0.983651,0.4556,0.646643,25.1905,"main_cat IN ('Camera &amp; Photo', 'Cell Phones &amp; Accessories', 'Tools & Home Improvement')"
540,0.073033,0,0.53223,0.609189,post_filter,False,1.0432,0.0,0.0,0.53223,0.54827,26.442,brand='Tiffen'
541,0.248992,4,0.774605,0.953128,post_filter,False,0.8543,1.0,0.971522,0.774605,0.954968,25.1413,"overall IN (3,4)"
542,0.319094,7,0.59049,0.847801,post_filter,False,0.8479,1.0,0.971737,0.59049,0.860194,24.9033,"overall IN (1,2,4)"
543,0.906777,21,1.0,0.964754,post_filter,True,0.7264,1.0,0.975786,1.0,0.965857,24.7983,overall>=2.0
544,0.728433,19,0.536923,0.881269,post_filter,False,0.5473,0.9,0.571733,0.536923,0.850315,24.9863,"overall IN (2,3,5)"
545,0.339351,8,0.9,0.955179,post_filter,False,0.9458,1.0,0.968475,0.9,0.956509,24.8203,"main_cat IN ('Home Audio & Theater', 'Camera &amp; Photo', 'Sports & Outdoors')"
546,0.210713,2,0.617191,0.755192,post_filter,False,0.5201,1.0,0.982664,0.617191,0.777939,24.944,"main_cat IN ('Camera & Photo', 'Camera &amp; Photo')"
547,0.906777,21,1.0,0.965857,post_filter,True,0.8861,1.0,0.970463,1.0,0.966318,24.9252,overall>=2.0
548,0.929351,21,1.0,0.966318,post_filter,True,0.79,1.0,0.973668,1.0,0.967053,25.2601,"overall IN (1,2,4,5)"
549,0.160682,1,0.4556,0.646643,post_filter,False,0.7202,1.0,0.975993,0.4556,0.679578,25.0741,"main_cat IN ('Camera & Photo', 'Computers')"
550,0.881823,20,0.672164,0.758007,post_filter,False,0.4457,1.0,0.985143,0.672164,0.780721,24.9907,"overall IN (1,4,5)"
551,0.270385,5,0.726702,0.712297,pre_filter,False,50.3127,1.0,0.0,0.654032,0.712297,24.8952,"main_cat IN ('Home Audio & Theater', 'Books', 'Tools & Home Improvement')"
552,0.952472,21,1.0,0.967053,post_filter,True,0.6371,1.0,0.978764,1.0,0.968224,25.0025,"overall IN (1,3,4,5)"
553,0.70348,19,0.536923,0.850315,post_filter,False,0.4973,1.0,0.983422,0.536923,0.863626,24.8439,"overall IN (1,5)"
554,0.821657,20,0.672164,0.780721,pre_filter,False,66.8346,1.0,0.0,0.604948,0.780721,25.2918,"overall IN (1,2,3,5)"
555,0.270385,5,0.654032,0.712297,post_filter,False,0.3503,0.8,0.17724,0.654032,0.658791,24.8317,"main_cat IN ('Home Audio & Theater', 'Books', 'Tools & Home Improvement')"
556,0.180604,1,0.4556,0.679578,post_filter,False,0.3095,0.8,0.177484,0.4556,0.629368,25.0024,"main_cat IN ('Camera & Photo', 'Computers', 'Cell Phones &amp; Accessories')"
557,0.836128,20,0.604948,0.780721,post_filter,False,0.8236,1.0,0.972547,0.604948,0.799904,25.2088,"overall IN (2,4,5)"
558,0.160682,1,0.4556,0.629368,post_filter,False,0.8715,1.0,0.97095,0.4556,0.663527,25.2323,"main_cat IN ('Camera & Photo', 'Computers')"
559,0.610257,18,0.6561,0.94973,post_filter,False,0.6908,1.0,0.976975,0.6561,0.952454,25.0845,overall>=5.0
560,0.658182,18,0.6561,0.952454,post_filter,False,0.9287,1.0,0.969044,0.6561,0.954113,24.9079,verified=true AND overall>=3.0
561,0.389743,11,0.81,0.872695,post_filter,False,0.8793,1.0,0.97069,0.81,0.882495,25.1417,overall<=4.0
562,0.610257,18,0.6561,0.954113,post_filter,False,0.9896,0.9,0.563146,0.6561,0.915017,24.8813,overall>=5.0
563,0.929351,21,1.0,0.968224,post_filter,True,0.8475,1.0,0.97175,1.0,0.968576,25.3387,"overall IN (1,2,4,5)"
564,0.248992,4,0.774605,0.954968,post_filter,False,0.9432,1.0,0.968558,0.774605,0.956327,24.7772,"overall IN (3,4)"
565,0.610257,18,0.6561,0.915017,post_filter,False,0.7856,0.8889,0.500857,0.6561,0.873601,25.1873,overall>=5.0
566,0.050727,0,0.53223,0.54827,post_filter,False,0.9361,1.0,0.968796,0.53223,0.590323,24.797,"main_cat IN ('Computers', 'Tools & Home Improvement')"
567,0.092237,0,0.53223,0.590323,post_filter,False,1.0831,1.0,0.963897,0.53223,0.62768,25.0407,main_cat='Home Audio &amp; Theater' AND overall>=3.0
568,0.319094,7,0.59049,0.860194,pre_filter,False,47.3748,1.0,0.0,0.531441,0.860194,25.0187,"overall IN (1,2,4)"
569,0.658182,18,0.6561,0.873601,post_filter,False,0.9508,1.0,0.968307,0.6561,0.883071,24.844,verified=true AND overall>=3.0
570,0.389743,11,0.81,0.882495,post_filter,False,0.7423,1.0,0.975256,0.81,0.891771,24.9218,overall<=4.0
571,0.210713,2,0.617191,0.777939,post_filter,False,0.2975,0.2,0.0,0.617191,0.700145,24.9295,"main_cat IN ('Camera & Photo', 'Camera &amp; Photo')"
572,0.180604,1,0.4556,0.663527,post_filter,False,0.8186,1.0,0.972714,0.4556,0.694445,24.9605,"main_cat IN ('Camera & Photo', 'Computers', 'Cell Phones &amp; Accessories')"
573,0.70348,19,0.536923,0.863626,post_filter,False,0.797,0.9,0.566885,0.536923,0.833952,24.983,"overall IN (1,5)"
574,0.300422,7,0.531441,0.860194,post_filter,False,0.8031,1.0,0.973229,0.531441,0.871498,24.9793,"main_cat IN ('All Electronics', 'Books', 'Sports & Outdoors')"
575,0.073033,0,0.53223,0.62768,post_filter,False,0.5006,0.0,0.0,0.53223,0.564912,25.1338,brand='Tiffen'
576,0.073033,0,0.53223,0.564912,post_filter,False,1.136,1.0,0.962133,0.53223,0.604634,25.4991,brand='Tiffen'
577,0.248992,4,0.774605,0.956327,post_filter,False,0.7856,1.0,0.973814,0.774605,0.958075,24.9419,"overall IN (3,4)"
578,0.610257,18,0.6561,0.883071,post_filter,False,0.8735,1.0,0.970885,0.6561,0.891853,25.119,overall>=5.0
579,0.728433,19,0.536923,0.833952,post_filter,False,0.8657,1.0,0.971143,0.536923,0.847671,25.0695,"overall IN (2,3,5)"
580,0.929351,21,1.0,0.968576,post_filter,True,0.8237,1.0,0.972543,1.0,0.968973,25.2078,"overall IN (1,2,4,5)"
581,0.881823,20,0.604948,0.799904,post_filter,False,0.537,0.9,0.571933,0.604948,0.777107,24.9229,"overall IN (1,4,5)"
582,0.751008,19,0.536923,0.847671,post_filter,False,0.8843,1.0,0.970525,0.536923,0.859956,24.9567,"overall IN (1,2,5)"
583,0.774129,19,0.536923,0.859956,post_filter,False,0.5839,1.0,0.980536,0.536923,0.872014,24.7459,"overall IN (1,3,5)"
584,0.610257,18,0.6561,0.891853,post_filter,False,0.3341,1.0,0.988864,0.6561,0.901554,24.842,overall>=5.0
585,0.248992,4,0.774605,0.958075,post_filter,False,0.6925,0.9,0.568913,0.774605,0.919159,24.8938,"overall IN (3,4)"
586,0.680906,18,0.6561,0.901554,post_filter,False,0.8712,1.0,0.970961,0.6561,0.908495,24.8139,"overall IN (3,5)"
587,0.050727,0,0.53223,0.604634,pre_filter,False,9.7176,1.0,0.676081,0.546615,0.604634,25.176,"main_cat IN ('Computers', 'Tools & Home Improvement')"
588,0.906777,21,1.0,0.968973,post_filter,True,0.2498,0.2,0.0,1.0,0.872076,24.8704,overall>=2.0
589,0.12068,1,0.4556,0.694445,post_filter,False,1.4247,0.8,0.170818,0.4556,0.642083,25.207,"main_cat IN ('Camera &amp; Photo', 'Cell Phones &amp; Accessories', 'Tools & Home Improvement')"
590,0.339351,8,0.9,0.956509,post_filter,False,0.9323,1.0,0.968924,0.9,0.95775,24.7842,"main_cat IN ('Home Audio & Theater', 'Camera &amp; Photo', 'Sports & Outdoors')"
591,0.140751,1,0.4556,0.642083,post_filter,False,0.8525,0.9,0.565809,0.4556,0.634455,25.0562,overall<=2.0
592,0.929351,21,1.0,0.872076,post_filter,True,1.0487,1.0,0.965042,1.0,0.881372,24.9133,"overall IN (1,2,4,5)"
593,0.230635,3,0.725333,0.793498,pre_filter,False,9.5445,0.9,0.397081,0.692508,0.793498,24.883,"main_cat IN ('Camera & Photo', 'Camera &amp; Photo', 'Cell Phones &amp; Accessories')"
594,0.821657,20,0.604948,0.777107,post_filter,False,0.5118,1.0,0.982942,0.604948,0.79769,25.0151,"overall IN (1,2,3,5)"
595,0.300422,7,0.531441,0.871498,post_filter,False,0.79,1.0,0.973665,0.531441,0.881714,24.8166,"main_cat IN ('All Electronics', 'Books', 'Sports & Outdoors')"
596,0.836128,20,0.604948,0.79769,post_filter,False,0.7311,1.0,0.975629,0.604948,0.815484,24.9466,"overall IN (2,4,5)"
597,0.319094,7,0.531441,0.881714,post_filter,False,0.9807,1.0,0.96731,0.531441,0.890274,24.8638,"overall IN (1,2,4)"
598,0.300422,7,0.531441,0.890274,post_filter,False,0.9645,1.0,0.96785,0.531441,0.898032,25.0723,"main_cat IN ('All Electronics', 'Books', 'Sports & Outdoors')"
599,0.073033,0,0.546615,0.604634,post_filter,False,0.697,1.0,0.976768,0.546615,0.641848,25.0141,brand='Tiffen'
600,0.319094,7,0.531441,0.898032,post_filter,False,0.8829,1.0,0.970571,0.531441,0.905286,24.8612,"overall IN (1,2,4)"
601,0.073033,0,0.546615,0.641848,post_filter,False,0.7625,1.0,0.974585,0.546615,0.675121,25.105,brand='Tiffen'
602,0.70348,19,0.536923,0.872014,post_filter,False,0.8528,1.0,0.971575,0.536923,0.88197,25.4268,"overall IN (1,5)"
603,0.680906,18,0.6561,0.908495,post_filter,False,0.6979,1.0,0.976736,0.6561,0.915319,24.7116,"overall IN (3,5)"
604,0.180604,1,0.4556,0.634455,post_filter,False,0.8828,1.0,0.970575,0.4556,0.668067,24.9124,"main_cat IN ('Camera & Photo', 'Computers', 'Cell Phones &amp; Accessories')"
605,0.300422,7,0.531441,0.905286,post_filter,False,0.7829,0.9,0.567159,0.531441,0.871473,24.9314,"main_cat IN ('All Electronics', 'Books', 'Sports & Outdoors')"
606,0.680906,18,0.6561,0.915319,post_filter,False,0.8602,1.0,0.971325,0.6561,0.920919,36.4909,"overall IN (3,5)"
607,0.248992,4,0.774605,0.919159,post_filter,False,0.9088,1.0,0.969706,0.774605,0.924214,25.2371,"overall IN (3,4)"
608,0.092237,0,0.546615,0.675121,post_filter,False,0.8078,1.0,0.973072,0.546615,0.704917,25.3506,main_cat='Home Audio &amp; Theater' AND overall>=3.0
609,0.319094,7,0.531441,0.871473,post_filter,False,0.5411,0.9,0.571852,0.531441,0.841511,25.2264,"overall IN (1,2,4)"
610,0.658182,18,0.6561,0.920919,post_filter,False,0.8342,1.0,0.972194,0.6561,0.926047,25.7947,verified=true AND overall>=3.0
611,0.389743,11,0.81,0.891771,post_filter,False,0.6328,1.0,0.978906,0.81,0.900484,25.4667,overall<=4.0
612,0.836128,20,0.604948,0.815484,post_filter,False,0.7911,1.0,0.973631,0.604948,0.831299,25.3228,"overall IN (2,4,5)"
613,0.680906,18,0.6561,0.926047,post_filter,False,0.7651,1.0,0.974496,0.6561,0.930892,25.6446,"overall IN (3,5)"
614,0.230635,3,0.692508,0.793498,post_filter,False,0.9566,1.0,0.968114,0.692508,0.81096,25.25,"main_cat IN ('Camera & Photo', 'Camera &amp; Photo', 'Cell Phones &amp; Accessories')"
615,0.881823,20,0.604948,0.831299,post_filter,False,0.8312,1.0,0.972293,0.604948,0.845398,25.5061,"overall IN (1,4,5)"
616,0.728433,19,0.536923,0.88197,post_filter,False,0.4899,1.0,0.983671,0.536923,0.89214,25.3698,"overall IN (2,3,5)"
617,0.774129,19,0.536923,0.89214,post_filter,False,0.5298,1.0,0.982339,0.536923,0.90116,25.6444,"overall IN (1,3,5)"
618,0.728433,19,0.536923,0.90116,post_filter,False,0.7888,1.0,0.973706,0.536923,0.908415,25.6251,"overall IN (2,3,5)"
619,0.12068,1,0.4556,0.668067,post_filter,False,0.9709,0.9,0.56351,0.4556,0.657612,25.2902,"main_cat IN ('Camera &amp; Photo', 'Cell Phones &amp; Accessories', 'Tools & Home Improvement')"
620,0.140751,1,0.4556,0.657612,post_filter,False,0.7507,1.0,0.974978,0.4556,0.689348,24.9699,overall<=2.0
621,0.12068,1,0.4556,0.689348,post_filter,False,0.9167,1.0,0.969444,0.4556,0.717358,25.0611,"main_cat IN ('Camera &amp; Photo', 'Cell Phones &amp; Accessories', 'Tools & Home Improvement')"
622,0.319094,7,0.531441,0.841511,post_filter,False,0.7517,1.0,0.974942,0.531441,0.854854,25.059,"overall IN (1,2,4)"
623,0.300422,7,0.531441,0.854854,post_filter,False,0.769,1.0,0.974367,0.531441,0.866805,25.1098,"main_cat IN ('All Electronics', 'Books', 'Sports & Outdoors')"
624,0.859249,20,0.604948,0.845398,post_filter,False,0.7902,1.0,0.973661,0.604948,0.858224,24.9445,overall>=3.0
625,0.270385,5,0.654032,0.658791,post_filter,False,0.7379,1.0,0.975404,0.654032,0.690453,25.1063,"main_cat IN ('Home Audio & Theater', 'Books', 'Tools & Home Improvement')"
626,0.680906,18,0.6561,0.930892,post_filter,False,0.2803,0.9,0.576916,0.6561,0.895494,25.003,"overall IN (3,5)"
627,0.300422,7,0.531441,0.866805,post_filter,False,0.8746,1.0,0.970847,0.531441,0.877209,25.3243,"main_cat IN ('All Electronics', 'Books', 'Sports & Outdoors')"
628,0.836128,20,0.604948,0.858224,post_filter,False,0.8578,1.0,0.971407,0.604948,0.869543,25.0408,"overall IN (2,4,5)"
629,0.140751,1,0.4556,0.717358,post_filter,False,1.2818,0.0,0.0,0.4556,0.645622,28.9675,overall<=2.0
630,0.180604,1,0.4556,0.645622,post_filter,False,0.8089,0.9,0.566655,0.4556,0.637725,25.4381,"main_cat IN ('Camera & Photo', 'Computers', 'Cell Phones &amp; Accessories')"
631,0.728433,19,0.536923,0.908415,post_filter,False,0.154,0.0,0.0,0.536923,0.817573,31.1302,"overall IN (2,3,5)"
632,0.658182,18,0.6561,0.895494,post_filter,False,0.8915,1.0,0.970285,0.6561,0.902973,26.2304,verified=true AND overall>=3.0
633,0.319094,7,0.531441,0.877209,post_filter,False,0.283,0.8,0.177643,0.531441,0.807253,25.2856,"overall IN (1,2,4)"
634,0.658182,18,0.6561,0.902973,post_filter,False,0.6839,1.0,0.977204,0.6561,0.910396,24.9247,verified=true AND overall>=3.0
635,0.073033,0,0.546615,0.704917,post_filter,False,0.7471,1.0,0.975096,0.546615,0.731934,25.0725,brand='Tiffen'
636,0.073033,0,0.546615,0.731934,post_filter,False,0.6788,1.0,0.977374,0.546615,0.756478,25.0404,brand='Tiffen'
637,0.073033,0,0.546615,0.756478,post_filter,False,0.8668,0.8,0.174153,0.546615,0.698246,25.2846,brand='Tiffen'
638,0.140751,1,0.4556,0.637725,post_filter,False,1.2219,0.6,0.009688,0.4556,0.574922,25.7775,overall<=2.0
639,0.7886,19,0.536923,0.817573,post_filter,False,0.7362,1.0,0.97546,0.536923,0.833362,25.1965,overall>=4.0
640,0.270385,5,0.654032,0.690453,post_filter,False,0.8698,1.0,0.971006,0.654032,0.718508,24.9787,"main_cat IN ('Home Audio & Theater', 'Books', 'Tools & Home Improvement')"
641,0.859249,20,0.604948,0.869543,post_filter,False,0.9816,1.0,0.967281,0.604948,0.879316,24.758,overall>=3.0
642,0.610257,18,0.6561,0.910396,post_filter,False,0.7525,1.0,0.974918,0.6561,0.916849,25.217,overall>=5.0
643,0.658182,18,0.6561,0.916849,post_filter,False,0.9596,1.0,0.968014,0.6561,0.921965,25.0014,verified=true AND overall>=3.0
644,0.389743,11,0.81,0.900484,post_filter,False,0.7693,1.0,0.974357,0.81,0.907872,25.2046,overall<=4.0
645,0.140751,1,0.4556,0.574922,post_filter,False,0.9898,1.0,0.967007,0.4556,0.61413,24.8029,overall<=2.0
646,0.728433,19,0.536923,0.833362,post_filter,False,0.5406,1.0,0.981979,0.536923,0.848224,25.053,"overall IN (2,3,5)"
647,0.929351,21,1.0,0.881372,post_filter,True,0.4398,1.0,0.98534,1.0,0.891769,25.3124,"overall IN (1,2,4,5)"
648,0.658182,18,0.6561,0.921965,post_filter,False,1.0515,1.0,0.964951,0.6561,0.926264,24.8991,verified=true AND overall>=3.0
649,0.140751,1,0.4556,0.61413,pre_filter,False,27.3277,0.8,0.015974,0.411637,0.61413,24.899,overall<=2.0
650,0.270385,5,0.654032,0.718508,pre_filter,False,40.303,1.0,0.0,0.588629,0.718508,24.7898,"main_cat IN ('Home Audio & Theater', 'Books', 'Tools & Home Improvement')"
651,0.952472,21,1.0,0.891769,post_filter,True,0.9874,1.0,0.967087,1.0,0.899301,25.2081,"overall IN (1,3,4,5)"
652,0.728433,19,0.536923,0.848224,post_filter,False,0.965,1.0,0.967833,0.536923,0.860185,25.193,"overall IN (2,3,5)"
653,0.270385,5,0.588629,0.718508,post_filter,False,0.8795,0.8,0.174077,0.588629,0.664065,25.1561,"main_cat IN ('Home Audio & Theater', 'Books', 'Tools & Home Improvement')"
654,0.160682,1,0.411637,0.61413,post_filter,False,0.7726,1.0,0.974247,0.411637,0.650142,24.882,"main_cat IN ('Camera & Photo', 'Computers')"
655,0.319094,7,0.531441,0.807253,post_filter,False,0.7897,1.0,0.973678,0.531441,0.823895,25.1474,"overall IN (1,2,4)"
656,0.728433,19,0.536923,0.860185,post_filter,False,0.5387,1.0,0.982043,0.536923,0.87237,24.9046,"overall IN (2,3,5)"
657,0.821657,20,0.604948,0.879316,post_filter,False,0.342,0.9,0.575717,0.604948,0.848957,24.9614,"overall IN (1,2,3,5)"
658,0.881823,20,0.604948,0.848957,post_filter,False,0.9364,1.0,0.968788,0.604948,0.86094,24.8187,"overall IN (1,4,5)"
659,0.248992,4,0.774605,0.924214,post_filter,False,0.9292,1.0,0.969025,0.774605,0.928695,25.1276,"overall IN (3,4)"
660,0.70348,19,0.536923,0.87237,post_filter,False,0.8121,0.9,0.566593,0.536923,0.841793,25.0456,"overall IN (1,5)"
661,0.270385,5,0.588629,0.664065,post_filter,False,0.8687,1.0,0.971042,0.588629,0.694763,24.8666,"main_cat IN ('Home Audio & Theater', 'Books', 'Tools & Home Improvement')"
662,0.658182,18,0.6561,0.926264,post_filter,False,0.1276,0.0,0.0,0.6561,0.833637,25.7237,verified=true AND overall>=3.0
663,0.881823,20,0.604948,0.86094,post_filter,False,1.2335,1.0,0.958885,0.604948,0.870734,33.6059,"overall IN (1,4,5)"
664,0.658182,18,0.6561,0.833637,post_filter,False,0.9557,1.0,0.968144,0.6561,0.847088,25.9307,verified=true AND overall>=3.0
665,0.680906,18,0.6561,0.847088,post_filter,False,0.6404,0.9,0.569926,0.6561,0.819372,25.7874,"overall IN (3,5)"
666,0.610257,18,0.6561,0.819372,post_filter,False,0.8227,1.0,0.972575,0.6561,0.834692,25.1269,overall>=5.0
667,0.7886,19,0.536923,0.841793,post_filter,False,0.6404,1.0,0.978654,0.536923,0.855479,25.158,overall>=4.0
668,0.70348,19,0.536923,0.855479,post_filter,False,1.077,1.0,0.964099,0.536923,0.866341,25.2087,"overall IN (1,5)"
669,0.248992,4,0.774605,0.928695,post_filter,False,0.4222,0.9,0.574161,0.774605,0.893241,25.1329,"overall IN (3,4)"
670,0.610257,18,0.6561,0.834692,post_filter,False,0.8275,1.0,0.972415,0.6561,0.848464,25.1132,overall>=5.0
671,0.881823,20,0.604948,0.870734,post_filter,False,0.702,1.0,0.976599,0.604948,0.881321,25.037,"overall IN (1,4,5)"
672,0.050727,0,0.546615,0.698246,post_filter,False,1.361,0.4,0.000167,0.546615,0.628438,25.7647,"main_cat IN ('Computers', 'Tools & Home Improvement')"
673,0.300422,7,0.531441,0.823895,post_filter,False,0.8868,1.0,0.97044,0.531441,0.83855,25.1928,"main_cat IN ('All Electronics', 'Books', 'Sports & Outdoors')"
674,0.270385,5,0.588629,0.694763,post_filter,False,0.8226,0.9,0.566388,0.588629,0.681925,25.0764,"main_cat IN ('Home Audio & Theater', 'Books', 'Tools & Home Improvement')"
675,0.774129,19,0.536923,0.866341,post_filter,False,0.7995,1.0,0.97335,0.536923,0.877042,25.3472,"overall IN (1,3,5)"
676,0.12068,1,0.411637,0.650142,post_filter,False,1.0669,1.0,0.964438,0.411637,0.681571,24.9347,"main_cat IN ('Camera &amp; Photo', 'Cell Phones &amp; Accessories', 'Tools & Home Improvement')"
677,0.339351,8,0.9,0.95775,post_filter,False,0.3245,1.0,0.989183,0.9,0.960893,25.2184,"main_cat IN ('Home Audio & Theater', 'Camera &amp; Photo', 'Sports & Outdoors')"
678,0.70348,19,0.536923,0.877042,post_filter,False,0.6357,1.0,0.97881,0.536923,0.887218,24.9844,"overall IN (1,5)"
679,0.248992,4,0.774605,0.893241,post_filter,False,0.8533,1.0,0.971556,0.774605,0.901073,25.1314,"overall IN (3,4)"
680,0.859249,20,0.604948,0.881321,post_filter,False,0.8584,0.9,0.565693,0.604948,0.849758,25.1393,overall>=3.0
681,0.929351,21,1.0,0.899301,post_filter,True,0.7442,1.0,0.975194,1.0,0.90689,25.0901,"overall IN (1,2,4,5)"
682,0.821657,20,0.604948,0.849758,post_filter,False,0.7514,1.0,0.974953,0.604948,0.862277,25.1387,"overall IN (1,2,3,5)"
683,0.906777,21,1.0,0.90689,post_filter,True,0.9376,1.0,0.968746,1.0,0.913076,24.7424,overall>=2.0
684,0.7886,19,0.536923,0.887218,post_filter,False,0.9708,1.0,0.967639,0.536923,0.895261,25.1669,overall>=4.0
685,0.751008,19,0.536923,0.895261,post_filter,False,0.7791,1.0,0.974029,0.536923,0.903137,25.0842,"overall IN (1,2,5)"
686,0.050727,0,0.546615,0.628438,post_filter,False,1.3685,0.9,0.555791,0.546615,0.621173,25.6867,"main_cat IN ('Computers', 'Tools & Home Improvement')"
687,0.728433,19,0.536923,0.903137,post_filter,False,1.0048,1.0,0.966507,0.536923,0.909474,25.2748,"overall IN (2,3,5)"
688,0.610257,18,0.6561,0.848464,post_filter,False,0.6575,1.0,0.978082,0.6561,0.861426,25.1299,overall>=5.0
689,0.230635,3,0.692508,0.81096,post_filter,False,1.0123,1.0,0.966256,0.692508,0.826489,25.305,"main_cat IN ('Camera & Photo', 'Camera &amp; Photo', 'Cell Phones &amp; Accessories')"
690,0.751008,19,0.536923,0.909474,post_filter,False,0.8067,1.0,0.973111,0.536923,0.915838,24.9227,"overall IN (1,2,5)"
691,0.859249,20,0.604948,0.862277,post_filter,False,0.9417,1.0,0.96861,0.604948,0.872911,24.9732,overall>=3.0
692,0.836128,20,0.604948,0.872911,post_filter,False,0.7551,1.0,0.974831,0.604948,0.883103,24.818,"overall IN (2,4,5)"
693,0.70348,19,0.536923,0.915838,post_filter,False,0.7737,1.0,0.97421,0.536923,0.921675,24.9831,"overall IN (1,5)"
694,0.70348,19,0.536923,0.921675,post_filter,False,0.6189,0.9,0.570342,0.536923,0.886542,25.1581,"overall IN (1,5)"
695,0.210713,2,0.617191,0.700145,post_filter,False,0.7662,1.0,0.974461,0.617191,0.727577,25.1896,"main_cat IN ('Camera & Photo', 'Camera &amp; Photo')"
696,0.821657,20,0.604948,0.883103,post_filter,False,0.566,1.0,0.981132,0.604948,0.892906,25.07,"overall IN (1,2,3,5)"
697,0.073033,0,0.546615,0.621173,post_filter,False,0.8929,1.0,0.970238,0.546615,0.65608,25.2543,brand='Tiffen'
698,0.70348,19,0.536923,0.886542,post_filter,False,0.7719,1.0,0.974271,0.536923,0.895315,25.1192,"overall IN (1,5)"
699,0.610257,18,0.6561,0.861426,post_filter,False,0.7091,1.0,0.976363,0.6561,0.87292,25.0621,overall>=5.0
700,0.160682,1,0.411637,0.681571,post_filter,False,0.625,1.0,0.979165,0.411637,0.711331,25.168,"main_cat IN ('Camera & Photo', 'Computers')"
701,0.658182,18,0.6561,0.87292,post_filter,False,0.8888,1.0,0.970374,0.6561,0.882665,24.905,verified=true AND overall>=3.0
702,0.751008,19,0.536923,0.895315,post_filter,False,0.837,1.0,0.972099,0.536923,0.902993,25.4334,"overall IN (1,2,5)"
703,0.821657,20,0.604948,0.892906,post_filter,False,0.6748,1.0,0.977508,0.604948,0.901366,24.8857,"overall IN (1,2,3,5)"
704,0.728433,19,0.536923,0.902993,post_filter,False,0.8475,1.0,0.971749,0.536923,0.909869,24.8502,"overall IN (2,3,5)"
705,0.836128,20,0.604948,0.901366,post_filter,False,0.7387,1.0,0.975378,0.604948,0.908767,24.7377,"overall IN (2,4,5)"
706,0.881823,20,0.604948,0.908767,post_filter,False,0.7934,1.0,0.973553,0.604948,0.915246,24.9041,"overall IN (1,4,5)"
707,0.319094,7,0.531441,0.83855,post_filter,False,0.6505,0.9,0.56973,0.531441,0.811668,24.9777,"overall IN (1,2,4)"
708,0.140751,1,0.411637,0.711331,post_filter,False,0.7853,1.0,0.973824,0.411637,0.73758,25.0023,overall<=2.0
709,0.881823,20,0.604948,0.915246,post_filter,False,0.6886,1.0,0.977046,0.604948,0.921426,24.8881,"overall IN (1,4,5)"
710,0.774129,19,0.536923,0.909869,post_filter,False,0.5117,1.0,0.982943,0.536923,0.917176,24.8292,"overall IN (1,3,5)"
711,0.210713,2,0.617191,0.727577,post_filter,False,0.3496,0.8,0.177245,0.617191,0.672543,24.9746,"main_cat IN ('Camera & Photo', 'Camera &amp; Photo')"
712,0.073033,0,0.546615,0.65608,post_filter,False,0.4734,0.8,0.176504,0.546615,0.608122,25.3297,brand='Tiffen'
713,0.70348,19,0.536923,0.917176,post_filter,False,0.6748,1.0,0.977507,0.536923,0.923209,25.2264,"overall IN (1,5)"
714,0.7886,19,0.536923,0.923209,post_filter,False,0.7518,0.9,0.567763,0.536923,0.887665,25.0281,overall>=4.0
715,0.12068,1,0.411637,0.73758,post_filter,False,0.9846,0.9,0.563243,0.411637,0.720146,25.1289,"main_cat IN ('Camera &amp; Photo', 'Cell Phones &amp; Accessories', 'Tools & Home Improvement')"
716,0.180604,1,0.411637,0.720146,post_filter,False,0.853,1.0,0.971567,0.411637,0.745288,25.3618,"main_cat IN ('Camera & Photo', 'Computers', 'Cell Phones &amp; Accessories')"
717,0.050727,0,0.546615,0.608122,post_filter,False,0.9155,1.0,0.969483,0.546615,0.644258,24.9712,"main_cat IN ('Computers', 'Tools & Home Improvement')"
718,0.389743,11,0.81,0.907872,post_filter,False,0.2215,0.0,0.0,0.81,0.817084,25.2173,overall<=4.0
719,0.270385,5,0.588629,0.681925,post_filter,False,0.3072,0.1,0.0,0.588629,0.613733,25.188,"main_cat IN ('Home Audio & Theater', 'Books', 'Tools & Home Improvement')"
720,0.339351,8,0.9,0.960893,post_filter,False,0.8665,1.0,0.971118,0.9,0.961916,25.2177,"main_cat IN ('Home Audio & Theater', 'Camera &amp; Photo', 'Sports & Outdoors')"
721,0.140751,1,0.411637,0.745288,post_filter,False,1.3603,0.5,0.001557,0.411637,0.670915,25.4087,overall<=2.0
722,0.339351,8,0.9,0.961916,post_filter,False,0.7487,0.8,0.174859,0.9,0.88321,24.9885,"main_cat IN ('Home Audio & Theater', 'Camera &amp; Photo', 'Sports & Outdoors')"
723,0.7886,19,0.536923,0.887665,post_filter,False,0.9137,1.0,0.969544,0.536923,0.895853,25.0114,overall>=4.0
724,0.180604,1,0.411637,0.670915,post_filter,False,0.7367,1.0,0.975444,0.411637,0.701368,25.0767,"main_cat IN ('Camera & Photo', 'Computers', 'Cell Phones &amp; Accessories')"
725,0.339351,8,0.9,0.88321,pre_filter,False,32.9965,1.0,0.0,0.81,0.88321,24.9769,"main_cat IN ('Home Audio & Theater', 'Camera &amp; Photo', 'Sports & Outdoors')"
726,0.658182,18,0.6561,0.882665,post_filter,False,0.6476,1.0,0.978414,0.6561,0.89224,25.2432,verified=true AND overall>=3.0
727,0.836128,20,0.604948,0.921426,post_filter,False,0.9475,1.0,0.968415,0.604948,0.926125,24.7994,"overall IN (2,4,5)"
728,0.728433,19,0.536923,0.895853,post_filter,False,0.8763,1.0,0.970789,0.536923,0.903346,25.0757,"overall IN (2,3,5)"
729,0.952472,21,1.0,0.913076,post_filter,True,0.794,1.0,0.973535,1.0,0.919122,25.0022,"overall IN (1,3,4,5)"
730,0.610257,18,0.6561,0.89224,post_filter,False,0.368,1.0,0.987735,0.6561,0.90179,24.8764,overall>=5.0
731,0.906777,21,1.0,0.919122,post_filter,True,0.8715,1.0,0.97095,1.0,0.924305,24.9205,overall>=2.0
732,0.906777,21,1.0,0.924305,post_filter,True,0.8988,1.0,0.970039,1.0,0.928878,24.8747,overall>=2.0
733,0.821657,20,0.604948,0.926125,post_filter,False,0.9298,1.0,0.969007,0.604948,0.930413,25.2852,"overall IN (1,2,3,5)"
734,0.821657,20,0.604948,0.930413,post_filter,False,0.3224,1.0,0.989254,0.604948,0.936297,24.8906,"overall IN (1,2,3,5)"
735,0.073033,0,0.546615,0.644258,post_filter,False,1.247,0.7,0.045218,0.546615,0.584354,25.6441,brand='Tiffen'
736,0.7886,19,0.536923,0.903346,post_filter,False,0.8948,1.0,0.970175,0.536923,0.910029,24.6779,overall>=4.0
737,0.140751,1,0.411637,0.701368,post_filter,False,0.8132,0.2,0.0,0.411637,0.631231,27.3468,overall<=2.0
738,0.658182,18,0.6561,0.90179,post_filter,False,0.7419,1.0,0.975271,0.6561,0.909138,25.2515,verified=true AND overall>=3.0
739,0.180604,1,0.411637,0.631231,post_filter,False,0.4418,1.0,0.985275,0.411637,0.666636,25.164,"main_cat IN ('Camera & Photo', 'Computers', 'Cell Phones &amp; Accessories')"
740,0.680906,18,0.6561,0.909138,post_filter,False,0.7734,1.0,0.974221,0.6561,0.915646,24.9833,"overall IN (3,5)"
741,0.270385,5,0.588629,0.613733,post_filter,False,0.8636,1.0,0.971214,0.588629,0.649481,25.1851,"main_cat IN ('Home Audio & Theater', 'Books', 'Tools & Home Improvement')"
742,0.774129,19,0.536923,0.910029,post_filter,False,0.1358,0.0,0.0,0.536923,0.819026,25.107,"overall IN (1,3,5)"
743,0.610257,18,0.6561,0.915646,post_filter,False,0.8163,1.0,0.97279,0.6561,0.92136,25.0295,overall>=5.0
744,0.658182,18,0.6561,0.92136,post_filter,False,0.8272,1.0,0.972428,0.6561,0.926467,25.1851,verified=true AND overall>=3.0
745,0.319094,7,0.531441,0.811668,post_filter,False,0.9372,1.0,0.968758,0.531441,0.827377,25.2052,"overall IN (1,2,4)"
746,0.270385,5,0.588629,0.649481,pre_filter,False,27.3375,1.0,0.088751,0.538641,0.649481,25.0658,"main_cat IN ('Home Audio & Theater', 'Books', 'Tools & Home Improvement')"
747,0.160682,1,0.411637,0.666636,post_filter,False,0.7568,1.0,0.974774,0.411637,0.69745,25.0057,"main_cat IN ('Camera & Photo', 'Computers')"
748,0.389743,11,0.81,0.817084,pre_filter,False,31.465,1.0,0.0,0.729,0.817084,25.2487,overall<=4.0
749,0.952472,21,1.0,0.928878,post_filter,True,0.8265,1.0,0.972449,1.0,0.933235,24.859,"overall IN (1,3,4,5)"
750,0.680906,18,0.6561,0.926467,post_filter,False,0.7423,1.0,0.975256,0.6561,0.931346,24.9672,"overall IN (3,5)"
751,0.270385,5,0.538641,0.649481,post_filter,False,0.5698,1.0,0.981006,0.538641,0.682633,24.9929,"main_cat IN ('Home Audio & Theater', 'Books', 'Tools & Home Improvement')"
752,0.680906,18,0.6561,0.931346,post_filter,False,0.8364,1.0,0.972121,0.6561,0.935423,25.1983,"overall IN (3,5)"
753,0.300422,7,0.531441,0.827377,post_filter,False,0.7356,0.9,0.568077,0.531441,0.801447,24.9461,"main_cat IN ('All Electronics', 'Books', 'Sports & Outdoors')"
754,0.774129,19,0.536923,0.819026,post_filter,False,0.4934,1.0,0.983553,0.536923,0.835479,25.228,"overall IN (1,3,5)"
755,0.836128,20,0.604948,0.936297,post_filter,False,0.9572,1.0,0.968093,0.604948,0.939477,25.0056,"overall IN (2,4,5)"
756,0.906777,21,1.0,0.933235,post_filter,True,0.6677,1.0,0.977744,1.0,0.937686,25.1749,overall>=2.0
757,0.821657,20,0.604948,0.939477,post_filter,False,0.6579,1.0,0.978069,0.604948,0.943336,25.0872,"overall IN (1,2,3,5)"
758,0.774129,19,0.536923,0.835479,post_filter,False,0.7979,1.0,0.973404,0.536923,0.849271,25.1156,"overall IN (1,3,5)"
759,0.751008,19,0.536923,0.849271,post_filter,False,0.7745,1.0,0.974185,0.536923,0.861763,25.0822,"overall IN (1,2,5)"
760,0.859249,20,0.604948,0.943336,post_filter,False,0.3467,0.7778,0.133743,0.604948,0.862377,24.9305,overall>=3.0
761,0.7886,19,0.536923,0.861763,post_filter,False,0.9343,1.0,0.968857,0.536923,0.872472,24.8111,overall>=4.0
762,0.230635,3,0.692508,0.826489,post_filter,False,0.916,0.875,0.425969,0.692508,0.786437,24.8848,"main_cat IN ('Camera & Photo', 'Camera &amp; Photo', 'Cell Phones &amp; Accessories')"
763,0.728433,19,0.536923,0.872472,post_filter,False,0.7963,1.0,0.973456,0.536923,0.88257,35.6194,"overall IN (2,3,5)"
764,0.610257,18,0.6561,0.935423,post_filter,False,0.8368,1.0,0.972107,0.6561,0.939092,25.0242,overall>=5.0
765,0.180604,1,0.411637,0.69745,post_filter,False,0.447,1.0,0.985101,0.411637,0.726215,25.1115,"main_cat IN ('Camera & Photo', 'Computers', 'Cell Phones &amp; Accessories')"
766,0.210713,2,0.617191,0.672543,post_filter,False,0.8175,0.9,0.566487,0.617191,0.661938,24.9546,"main_cat IN ('Camera & Photo', 'Camera &amp; Photo')"
767,0.230635,3,0.692508,0.786437,post_filter,False,0.597,1.0,0.980099,0.692508,0.805803,24.9714,"main_cat IN ('Camera & Photo', 'Camera &amp; Photo', 'Cell Phones &amp; Accessories')"
768,0.680906,18,0.6561,0.939092,post_filter,False,0.5906,1.0,0.980314,0.6561,0.943214,24.9687,"overall IN (3,5)"
769,0.248992,4,0.774605,0.901073,post_filter,False,0.6301,0.9,0.570126,0.774605,0.867978,25.3086,"overall IN (3,4)"
770,0.210713,2,0.617191,0.661938,post_filter,False,1.0508,1.0,0.964972,0.617191,0.692241,24.9374,"main_cat IN ('Camera & Photo', 'Camera &amp; Photo')"
771,0.248992,4,0.774605,0.867978,post_filter,False,0.9735,1.0,0.967549,0.774605,0.877935,25.1775,"overall IN (3,4)"
772,0.836128,20,0.604948,0.862377,post_filter,False,0.616,1.0,0.979465,0.604948,0.874085,25.095,"overall IN (2,4,5)"
773,0.248992,4,0.774605,0.877935,post_filter,False,0.8399,1.0,0.972003,0.774605,0.887342,25.1938,"overall IN (3,4)"
774,0.7886,19,0.536923,0.88257,post_filter,False,0.6789,1.0,0.977369,0.536923,0.89205,25.2278,overall>=4.0
775,0.180604,1,0.411637,0.726215,post_filter,False,0.9114,1.0,0.969621,0.411637,0.750555,24.9246,"main_cat IN ('Camera & Photo', 'Computers', 'Cell Phones &amp; Accessories')"
776,0.7886,19,0.536923,0.89205,post_filter,False,0.7932,1.0,0.973558,0.536923,0.900201,24.8506,overall>=4.0
777,0.7886,19,0.536923,0.900201,post_filter,False,0.4339,1.0,0.985537,0.536923,0.908735,24.9412,overall>=4.0
778,0.610257,18,0.6561,0.943214,post_filter,False,0.6318,1.0,0.978939,0.6561,0.946787,25.0113,overall>=5.0
779,0.270385,5,0.538641,0.682633,post_filter,False,0.8172,0.9,0.566492,0.538641,0.671019,25.0012,"main_cat IN ('Home Audio & Theater', 'Books', 'Tools & Home Improvement')"
780,0.610257,18,0.6561,0.946787,post_filter,False,0.8925,1.0,0.970249,0.6561,0.949133,25.1092,overall>=5.0
781,0.300422,7,0.531441,0.801447,post_filter,False,0.9175,1.0,0.969417,0.531441,0.818244,25.0895,"main_cat IN ('All Electronics', 'Books', 'Sports & Outdoors')"
782,0.680906,18,0.6561,0.949133,post_filter,False,0.4776,1.0,0.984081,0.6561,0.952628,25.1727,"overall IN (3,5)"
783,0.952472,21,1.0,0.937686,post_filter,True,0.8463,1.0,0.97179,1.0,0.941096,24.9803,"overall IN (1,3,4,5)"
784,0.952472,21,1.0,0.941096,post_filter,True,0.2958,1.0,0.990139,1.0,0.946001,25.1756,"overall IN (1,3,4,5)"
785,0.859249,20,0.604948,0.874085,post_filter,False,0.7939,1.0,0.973537,0.604948,0.884031,25.4873,overall>=3.0
786,0.821657,20,0.604948,0.884031,post_filter,False,0.8757,1.0,0.970808,0.604948,0.892708,24.8856,"overall IN (1,2,3,5)"
787,0.230635,3,0.692508,0.805803,post_filter,False,0.3574,1.0,0.988087,0.692508,0.824032,25.0909,"main_cat IN ('Camera & Photo', 'Camera &amp; Photo', 'Cell Phones &amp; Accessories')"
788,0.248992,4,0.774605,0.887342,post_filter,False,0.736,1.0,0.975468,0.774605,0.896155,25.0593,"overall IN (3,4)"
789,0.12068,1,0.411637,0.750555,post_filter,False,0.8487,1.0,0.97171,0.411637,0.772671,25.1315,"main_cat IN ('Camera &amp; Photo', 'Cell Phones &amp; Accessories', 'Tools & Home Improvement')"
790,0.70348,19,0.536923,0.908735,post_filter,False,0.5103,1.0,0.982989,0.536923,0.91616,25.3832,"overall IN (1,5)"
791,0.774129,19,0.536923,0.91616,post_filter,False,1.021,0.9,0.562537,0.536923,0.880798,25.0867,"overall IN (1,3,5)"
792,0.680906,18,0.6561,0.952628,post_filter,False,0.7722,1.0,0.97426,0.6561,0.954791,25.1546,"overall IN (3,5)"
793,0.319094,7,0.531441,0.818244,post_filter,False,0.7519,1.0,0.974936,0.531441,0.833913,25.3491,"overall IN (1,2,4)"
794,0.929351,21,1.0,0.946001,post_filter,True,0.8492,1.0,0.971694,1.0,0.94857,24.9888,"overall IN (1,2,4,5)"
795,0.319094,7,0.531441,0.833913,post_filter,False,0.7842,1.0,0.973861,0.531441,0.847908,24.8935,"overall IN (1,2,4)"
796,0.881823,20,0.604948,0.892708,post_filter,False,0.8844,1.0,0.970521,0.604948,0.90049,25.3573,"overall IN (1,4,5)"
797,0.300422,7,0.531441,0.847908,post_filter,False,0.658,1.0,0.978068,0.531441,0.860924,25.1653,"main_cat IN ('All Electronics', 'Books', 'Sports & Outdoors')"
798,0.836128,20,0.604948,0.90049,post_filter,False,0.5749,1.0,0.980838,0.604948,0.908524,25.4374,"overall IN (2,4,5)"
799,0.859249,20,0.604948,0.908524,post_filter,False,0.683,1.0,0.977233,0.604948,0.915395,25.3472,overall>=3.0
800,0.140751,1,0.411637,0.772671,post_filter,False,0.907,1.0,0.969767,0.411637,0.79238,25.5655,overall<=2.0
801,0.248992,4,0.774605,0.896155,post_filter,False,0.8562,1.0,0.97146,0.774605,0.903685,25.2995,"overall IN (3,4)"
802,0.073033,0,0.546615,0.584354,post_filter,False,0.8556,1.0,0.971481,0.546615,0.623067,25.3186,brand='Tiffen'
803,0.248992,4,0.774605,0.903685,post_filter,False,0.3838,1.0,0.987206,0.774605,0.912037,25.4335,"overall IN (3,4)"
804,0.7886,19,0.536923,0.880798,post_filter,False,0.9891,1.0,0.967031,0.536923,0.889421,25.5177,overall>=4.0
805,0.092237,0,0.546615,0.623067,post_filter,False,1.1885,0.9,0.559285,0.546615,0.616689,25.3919,main_cat='Home Audio &amp; Theater' AND overall>=3.0
806,0.300422,7,0.531441,0.860924,post_filter,False,0.3623,1.0,0.987922,0.531441,0.873624,25.2667,"main_cat IN ('All Electronics', 'Books', 'Sports & Outdoors')"
807,0.952472,21,1.0,0.94857,post_filter,True,0.8825,1.0,0.970583,1.0,0.950771,25.2596,"overall IN (1,3,4,5)"
808,0.389743,11,0.729,0.817084,post_filter,False,1.0753,1.0,0.964156,0.729,0.831792,24.9514,overall<=4.0
809,0.751008,19,0.536923,0.889421,post_filter,False,0.8186,1.0,0.972714,0.536923,0.89775,24.8821,"overall IN (1,2,5)"
810,0.230635,3,0.692508,0.824032,post_filter,False,1.0071,0.8,0.173314,0.692508,0.75896,25.4461,"main_cat IN ('Camera & Photo', 'Camera &amp; Photo', 'Cell Phones &amp; Accessories')"
811,0.821657,20,0.604948,0.915395,post_filter,False,0.9349,1.0,0.968836,0.604948,0.920739,25.0172,"overall IN (1,2,3,5)"
812,0.610257,18,0.6561,0.954791,post_filter,False,0.8359,1.0,0.972136,0.6561,0.956525,24.869,overall>=5.0
813,0.180604,1,0.411637,0.79238,post_filter,False,0.9043,1.0,0.969857,0.411637,0.810128,24.9544,"main_cat IN ('Camera & Photo', 'Computers', 'Cell Phones &amp; Accessories')"
814,0.180604,1,0.411637,0.810128,post_filter,False,0.7071,1.0,0.976429,0.411637,0.826758,25.1911,"main_cat IN ('Camera & Photo', 'Computers', 'Cell Phones &amp; Accessories')"
815,0.881823,20,0.604948,0.920739,post_filter,False,0.7865,1.0,0.973785,0.604948,0.926044,25.3059,"overall IN (1,4,5)"
816,0.680906,18,0.6561,0.956525,post_filter,False,1.035,1.0,0.9655,0.6561,0.957423,24.93,"overall IN (3,5)"
817,0.230635,3,0.692508,0.75896,post_filter,False,0.4378,0.0,0.0,0.692508,0.683064,25.2102,"main_cat IN ('Camera & Photo', 'Camera &amp; Photo', 'Cell Phones &amp; Accessories')"
818,0.952472,21,1.0,0.950771,post_filter,True,0.4283,1.0,0.985722,1.0,0.954266,25.5415,"overall IN (1,3,4,5)"
819,0.680906,18,0.6561,0.957423,post_filter,False,0.8608,1.0,0.971306,0.6561,0.958811,25.3722,"overall IN (3,5)"
820,0.7886,19,0.536923,0.89775,post_filter,False,0.847,1.0,0.971767,0.536923,0.905152,25.2809,overall>=4.0
821,0.230635,3,0.692508,0.683064,pre_filter,False,24.0941,1.0,0.196862,0.642943,0.683064,25.1677,"main_cat IN ('Camera & Photo', 'Camera &amp; Photo', 'Cell Phones &amp; Accessories')"
822,0.140751,1,0.411637,0.826758,post_filter,False,0.9804,1.0,0.967321,0.411637,0.840814,24.9022,overall<=2.0
823,0.12068,1,0.411637,0.840814,post_filter,False,0.6152,1.0,0.979493,0.411637,0.854682,25.2908,"main_cat IN ('Camera &amp; Photo', 'Cell Phones &amp; Accessories', 'Tools & Home Improvement')"
824,0.728433,19,0.536923,0.905152,post_filter,False,0.8378,1.0,0.972075,0.536923,0.911844,24.9956,"overall IN (2,3,5)"
825,0.821657,20,0.604948,0.926044,post_filter,False,1.0371,1.0,0.965431,0.604948,0.929983,25.0428,"overall IN (1,2,3,5)"
826,0.70348,19,0.536923,0.911844,post_filter,False,0.4575,1.0,0.98475,0.536923,0.919135,25.3363,"overall IN (1,5)"
827,0.210713,2,0.617191,0.692241,post_filter,False,0.8235,1.0,0.97255,0.617191,0.720272,25.3047,"main_cat IN ('Camera & Photo', 'Camera &amp; Photo')"
828,0.210713,2,0.617191,0.720272,post_filter,False,0.9076,0.9,0.564739,0.617191,0.704719,25.4715,"main_cat IN ('Camera & Photo', 'Camera &amp; Photo')"
829,0.073033,0,0.546615,0.616689,post_filter,False,0.6572,1.0,0.978094,0.546615,0.652829,25.1761,brand='Tiffen'
830,0.774129,19,0.536923,0.919135,post_filter,False,0.6419,1.0,0.978604,0.536923,0.925082,25.7827,"overall IN (1,3,5)"
831,0.929351,21,1.0,0.954266,post_filter,True,0.3251,0.8,0.177391,1.0,0.876579,25.0873,"overall IN (1,2,4,5)"
832,0.658182,18,0.6561,0.958811,post_filter,False,0.6882,1.0,0.977061,0.6561,0.960636,25.2605,verified=true AND overall>=3.0
833,0.210713,2,0.617191,0.704719,post_filter,False,0.9185,1.0,0.969385,0.617191,0.731185,25.1749,"main_cat IN ('Camera & Photo', 'Camera &amp; Photo')"
834,0.751008,19,0.536923,0.925082,post_filter,False,0.9347,1.0,0.968844,0.536923,0.929458,24.8735,"overall IN (1,2,5)"
835,0.210713,2,0.617191,0.731185,post_filter,False,0.7333,0.9,0.568122,0.617191,0.714879,25.2345,"main_cat IN ('Camera & Photo', 'Camera &amp; Photo')"
836,0.073033,0,0.546615,0.652829,post_filter,False,0.6165,1.0,0.979449,0.546615,0.685491,25.1988,brand='Tiffen'
837,0.12068,1,0.411637,0.854682,post_filter,False,1.014,0.8,0.173273,0.411637,0.786541,25.5117,"main_cat IN ('Camera &amp; Photo', 'Cell Phones &amp; Accessories', 'Tools & Home Improvement')"
838,0.339351,8,0.81,0.88321,post_filter,False,0.9788,1.0,0.967372,0.81,0.891626,25.1243,"main_cat IN ('Home Audio & Theater', 'Camera &amp; Photo', 'Sports & Outdoors')"
839,0.270385,5,0.538641,0.671019,post_filter,False,0.6482,1.0,0.978392,0.538641,0.701756,25.385,"main_cat IN ('Home Audio & Theater', 'Books', 'Tools & Home Improvement')"
840,0.7886,19,0.536923,0.929458,post_filter,False,0.6155,1.0,0.979482,0.536923,0.93446,25.2976,overall>=4.0
841,0.610257,18,0.6561,0.960636,post_filter,False,0.5467,1.0,0.981778,0.6561,0.96275,25.3137,overall>=5.0
842,0.12068,1,0.411637,0.786541,post_filter,False,1.0462,1.0,0.965128,0.411637,0.8044,25.3319,"main_cat IN ('Camera &amp; Photo', 'Cell Phones &amp; Accessories', 'Tools & Home Improvement')"
843,0.774129,19,0.536923,0.93446,post_filter,False,1.1075,1.0,0.963082,0.536923,0.937323,25.0218,"overall IN (1,3,5)"
844,0.836128,20,0.604948,0.929983,post_filter,False,0.7977,1.0,0.973408,0.604948,0.934325,25.2119,"overall IN (2,4,5)"
845,0.140751,1,0.411637,0.8044,post_filter,False,1.017,1.0,0.966099,0.411637,0.82057,25.546,overall<=2.0
846,0.050727,0,0.546615,0.685491,post_filter,False,0.673,1.0,0.977565,0.546615,0.714699,25.3426,"main_cat IN ('Computers', 'Tools & Home Improvement')"
847,0.680906,18,0.6561,0.96275,post_filter,False,0.7502,1.0,0.974994,0.6561,0.963975,25.1286,"overall IN (3,5)"
848,0.952472,21,1.0,0.876579,post_filter,True,1.0181,1.0,0.966062,1.0,0.885527,25.3889,"overall IN (1,3,4,5)"
849,0.160682,1,0.411637,0.82057,post_filter,False,1.2705,0.5,0.001562,0.411637,0.738669,25.212,"main_cat IN ('Camera & Photo', 'Computers')"
850,0.339351,8,0.81,0.891626,post_filter,False,0.7202,1.0,0.975993,0.81,0.900063,25.1176,"main_cat IN ('Home Audio & Theater', 'Camera &amp; Photo', 'Sports & Outdoors')"
851,0.751008,19,0.536923,0.937323,post_filter,False,0.7991,1.0,0.973362,0.536923,0.940927,25.367,"overall IN (1,2,5)"
852,0.952472,21,1.0,0.885527,post_filter,True,0.8089,1.0,0.973038,1.0,0.894278,25.2215,"overall IN (1,3,4,5)"
853,0.929351,21,1.0,0.894278,post_filter,True,0.8601,1.0,0.971331,1.0,0.901984,25.0704,"overall IN (1,2,4,5)"
854,0.929351,21,1.0,0.901984,post_filter,True,0.8067,1.0,0.973111,1.0,0.909096,25.1464,"overall IN (1,2,4,5)"
855,0.610257,18,0.6561,0.963975,post_filter,False,1.0186,1.0,0.966046,0.6561,0.964182,25.0175,overall>=5.0
856,0.610257,18,0.6561,0.964182,post_filter,False,0.7696,1.0,0.974347,0.6561,0.965198,25.5312,overall>=5.0
857,0.751008,19,0.536923,0.940927,post_filter,False,0.8919,1.0,0.970269,0.536923,0.943861,25.3826,"overall IN (1,2,5)"
858,0.180604,1,0.411637,0.738669,post_filter,False,0.7986,1.0,0.973379,0.411637,0.76214,25.09,"main_cat IN ('Camera & Photo', 'Computers', 'Cell Phones &amp; Accessories')"
859,0.836128,20,0.604948,0.934325,post_filter,False,0.7022,1.0,0.976593,0.604948,0.938552,25.1481,"overall IN (2,4,5)"
860,0.248992,4,0.774605,0.912037,post_filter,False,0.795,1.0,0.973499,0.774605,0.918183,25.1918,"overall IN (3,4)"
861,0.270385,5,0.538641,0.701756,post_filter,False,0.9621,1.0,0.967929,0.538641,0.728374,25.283,"main_cat IN ('Home Audio & Theater', 'Books', 'Tools & Home Improvement')"
862,0.248992,4,0.774605,0.918183,post_filter,False,0.8567,1.0,0.971444,0.774605,0.923509,25.1074,"overall IN (3,4)"
863,0.751008,19,0.536923,0.943861,post_filter,False,1.0683,1.0,0.96439,0.536923,0.945914,25.0522,"overall IN (1,2,5)"
864,0.073033,0,0.546615,0.714699,post_filter,False,1.053,0.9,0.561915,0.546615,0.69942,25.5088,brand='Tiffen'
865,0.952472,21,1.0,0.909096,post_filter,True,0.7798,1.0,0.974008,1.0,0.915587,25.1693,"overall IN (1,3,4,5)"
866,0.836128,20,0.604948,0.938552,post_filter,False,0.91,1.0,0.969668,0.604948,0.941664,25.1088,"overall IN (2,4,5)"
867,0.092237,0,0.546615,0.69942,post_filter,False,0.7975,1.0,0.973418,0.546615,0.72682,25.2006,main_cat='Home Audio &amp; Theater' AND overall>=3.0
868,0.751008,19,0.536923,0.945914,post_filter,False,0.4523,0.8,0.176631,0.536923,0.868986,24.9851,"overall IN (1,2,5)"
869,0.70348,19,0.536923,0.868986,post_filter,False,0.7109,1.0,0.976303,0.536923,0.879717,25.0756,"overall IN (1,5)"
870,0.210713,2,0.617191,0.714879,post_filter,False,1.1679,0.9,0.559685,0.617191,0.69936,25.341,"main_cat IN ('Camera & Photo', 'Camera &amp; Photo')"
871,0.680906,18,0.6561,0.965198,post_filter,False,0.9302,1.0,0.968992,0.6561,0.965578,25.277,"overall IN (3,5)"
872,0.821657,20,0.604948,0.941664,post_filter,False,0.1206,0.0,0.0,0.604948,0.847497,25.1217,"overall IN (1,2,3,5)"
873,0.821657,20,0.604948,0.847497,post_filter,False,0.6753,1.0,0.97749,0.604948,0.860497,27.045,"overall IN (1,2,3,5)"
874,0.906777,21,1.0,0.915587,post_filter,True,1.6987,1.0,0.943378,1.0,0.918367,32.6623,overall>=2.0
875,0.952472,21,1.0,0.918367,post_filter,True,0.9893,1.0,0.967024,1.0,0.923232,24.7433,"overall IN (1,3,4,5)"
876,0.073033,0,0.546615,0.72682,post_filter,False,0.7295,1.0,0.975683,0.546615,0.751706,25.0593,brand='Tiffen'
877,0.952472,21,1.0,0.923232,post_filter,True,0.899,1.0,0.970032,1.0,0.927912,24.8625,"overall IN (1,3,4,5)"
878,0.952472,21,1.0,0.927912,post_filter,True,0.7966,1.0,0.973447,1.0,0.932466,24.73,"overall IN (1,3,4,5)"
879,0.160682,1,0.411637,0.76214,post_filter,False,0.8167,0.9,0.566502,0.411637,0.742576,25.0105,"main_cat IN ('Camera & Photo', 'Computers')"
880,0.339351,8,0.81,0.900063,post_filter,False,0.6834,1.0,0.977221,0.81,0.907779,24.9535,"main_cat IN ('Home Audio & Theater', 'Camera &amp; Photo', 'Sports & Outdoors')"
881,0.929351,21,1.0,0.932466,post_filter,True,0.8881,1.0,0.970397,1.0,0.936259,24.9932,"overall IN (1,2,4,5)"
882,0.881823,20,0.604948,0.860497,pre_filter,False,102.5927,1.0,0.0,0.544453,0.860497,25.1017,"overall IN (1,4,5)"
883,0.160682,1,0.411637,0.742576,post_filter,False,0.8428,1.0,0.971907,0.411637,0.765509,25.1244,"main_cat IN ('Camera & Photo', 'Computers')"
884,0.952472,21,1.0,0.936259,post_filter,True,0.2603,0.0,0.0,1.0,0.842633,25.0441,"overall IN (1,3,4,5)"
885,0.952472,21,1.0,0.842633,post_filter,True,0.806,1.0,0.973132,1.0,0.855683,25.0161,"overall IN (1,3,4,5)"
886,0.073033,0,0.546615,0.751706,pre_filter,False,9.8948,1.0,0.670172,0.558971,0.751706,25.1525,brand='Tiffen'
887,0.881823,20,0.544453,0.860497,post_filter,False,0.8859,1.0,0.970469,0.544453,0.871494,24.7947,"overall IN (1,4,5)"
888,0.319094,7,0.531441,0.873624,post_filter,False,0.8673,1.0,0.97109,0.531441,0.88337,24.7753,"overall IN (1,2,4)"
889,0.859249,20,0.544453,0.871494,post_filter,False,0.9468,1.0,0.968439,0.544453,0.881188,24.9669,overall>=3.0
890,0.610257,18,0.6561,0.965578,post_filter,False,0.7449,1.0,0.975171,0.6561,0.966537,24.9765,overall>=5.0
891,0.160682,1,0.411637,0.765509,post_filter,False,0.9771,0.9,0.56339,0.411637,0.745297,25.12,"main_cat IN ('Camera & Photo', 'Computers')"
892,0.952472,21,1.0,0.855683,post_filter,True,0.675,1.0,0.9775,1.0,0.867865,24.9504,"overall IN (1,3,4,5)"
893,0.821657,20,0.544453,0.881188,post_filter,False,0.3286,1.0,0.989047,0.544453,0.891974,24.9356,"overall IN (1,2,3,5)"
894,0.906777,21,1.0,0.867865,post_filter,True,0.8302,1.0,0.972328,1.0,0.878311,24.8489,overall>=2.0
895,0.952472,21,1.0,0.878311,post_filter,True,0.755,1.0,0.974833,1.0,0.887963,24.8427,"overall IN (1,3,4,5)"
896,0.248992,4,0.774605,0.923509,post_filter,False,0.9044,1.0,0.969854,0.774605,0.928144,24.874,"overall IN (3,4)"
897,0.929351,21,1.0,0.887963,post_filter,True,0.4071,1.0,0.986431,1.0,0.89781,24.8975,"overall IN (1,2,4,5)"
898,0.073033,0,0.558971,0.751706,pre_filter,False,2.775,1.0,0.907499,0.593824,0.751706,24.9862,brand='Tiffen'
899,0.050727,0,0.593824,0.751706,post_filter,False,0.8699,0.7,0.045811,0.593824,0.681117,25.5714,"main_cat IN ('Computers', 'Tools & Home Improvement')"
900,0.248992,4,0.774605,0.928144,post_filter,False,1.0035,1.0,0.966549,0.774605,0.931984,25.026,"overall IN (3,4)"
901,0.70348,19,0.536923,0.879717,post_filter,False,0.7365,1.0,0.975451,0.536923,0.889291,24.7641,"overall IN (1,5)"
902,0.728433,19,0.536923,0.889291,post_filter,False,0.7303,1.0,0.975656,0.536923,0.897927,25.1783,"overall IN (2,3,5)"
903,0.12068,1,0.411637,0.745297,post_filter,False,0.3329,0.9,0.575894,0.411637,0.728357,25.3111,"main_cat IN ('Camera &amp; Photo', 'Cell Phones &amp; Accessories', 'Tools & Home Improvement')"
904,0.952472,21,1.0,0.89781,post_filter,True,0.9532,1.0,0.968226,1.0,0.904852,24.9903,"overall IN (1,3,4,5)"
905,0.270385,5,0.538641,0.728374,post_filter,False,0.7812,1.0,0.97396,0.538641,0.752932,25.2443,"main_cat IN ('Home Audio & Theater', 'Books', 'Tools & Home Improvement')"
906,0.248992,4,0.774605,0.931984,post_filter,False,0.9446,1.0,0.968512,0.774605,0.935637,25.0301,"overall IN (3,4)"
907,0.389743,11,0.729,0.831792,post_filter,False,0.9087,1.0,0.96971,0.729,0.845583,25.0866,overall<=4.0
908,0.751008,19,0.536923,0.897927,post_filter,False,0.3782,1.0,0.987393,0.536923,0.906874,24.8872,"overall IN (1,2,5)"
909,0.680906,18,0.6561,0.966537,post_filter,False,0.6471,0.9,0.569795,0.6561,0.926863,25.3298,"overall IN (3,5)"
910,0.658182,18,0.6561,0.926863,post_filter,False,0.9676,1.0,0.967747,0.6561,0.930951,24.9001,verified=true AND overall>=3.0
911,0.610257,18,0.6561,0.930951,post_filter,False,0.7322,1.0,0.975592,0.6561,0.935415,25.0326,overall>=5.0
912,0.929351,21,1.0,0.904852,post_filter,True,0.6261,1.0,0.979131,1.0,0.912279,25.387,"overall IN (1,2,4,5)"
913,0.140751,1,0.411637,0.728357,post_filter,False,0.8953,1.0,0.970156,0.411637,0.752537,24.7675,overall<=2.0
914,0.906777,21,1.0,0.912279,post_filter,True,0.6767,1.0,0.977444,1.0,0.918796,25.2866,overall>=2.0
915,0.658182,18,0.6561,0.935415,post_filter,False,0.6167,1.0,0.979443,0.6561,0.939818,25.2334,verified=true AND overall>=3.0
916,0.389743,11,0.729,0.845583,pre_filter,False,40.0892,1.0,0.0,0.6561,0.845583,25.5288,overall<=4.0
917,0.230635,3,0.642943,0.683064,pre_filter,False,8.8403,0.1,0.0,0.578649,0.683064,25.6439,"main_cat IN ('Camera & Photo', 'Camera &amp; Photo', 'Cell Phones &amp; Accessories')"
918,0.180604,1,0.411637,0.752537,post_filter,False,0.7472,1.0,0.975094,0.411637,0.774793,25.5422,"main_cat IN ('Camera & Photo', 'Computers', 'Cell Phones &amp; Accessories')"
919,0.859249,20,0.544453,0.891974,post_filter,False,1.0364,1.0,0.965454,0.544453,0.899322,25.3593,overall>=3.0
920,0.12068,1,0.411637,0.774793,post_filter,False,0.8895,1.0,0.97035,0.411637,0.794348,25.698,"main_cat IN ('Camera &amp; Photo', 'Cell Phones &amp; Accessories', 'Tools & Home Improvement')"
921,0.270385,5,0.538641,0.752932,post_filter,False,0.8318,0.8,0.174362,0.538641,0.695075,25.4044,"main_cat IN ('Home Audio & Theater', 'Books', 'Tools & Home Improvement')"
922,0.160682,1,0.411637,0.794348,post_filter,False,0.9041,1.0,0.969864,0.411637,0.8119,24.7377,"main_cat IN ('Camera & Photo', 'Computers')"
923,0.821657,20,0.544453,0.899322,post_filter,False,0.9893,1.0,0.967024,0.544453,0.906092,25.1411,"overall IN (1,2,3,5)"
924,0.389743,11,0.6561,0.845583,post_filter,False,0.9598,1.0,0.968006,0.6561,0.857826,25.0051,overall<=4.0
925,0.751008,19,0.536923,0.906874,post_filter,False,0.8473,1.0,0.971756,0.536923,0.913362,25.1961,"overall IN (1,2,5)"
926,0.230635,3,0.578649,0.683064,post_filter,False,0.9454,0.7,0.045692,0.578649,0.619327,24.888,"main_cat IN ('Camera & Photo', 'Camera &amp; Photo', 'Cell Phones &amp; Accessories')"
927,0.7886,19,0.536923,0.913362,post_filter,False,1.011,1.0,0.966299,0.536923,0.918656,24.918,overall>=4.0
928,0.160682,1,0.411637,0.8119,post_filter,False,0.3345,1.0,0.98885,0.411637,0.829595,24.9104,"main_cat IN ('Camera & Photo', 'Computers')"
929,0.050727,0,0.593824,0.681117,pre_filter,False,7.7516,1.0,0.741613,0.608603,0.681117,25.0187,"main_cat IN ('Computers', 'Tools & Home Improvement')"
930,0.821657,20,0.544453,0.906092,post_filter,False,0.8402,1.0,0.971994,0.544453,0.912683,24.9787,"overall IN (1,2,3,5)"
931,0.270385,5,0.538641,0.695075,post_filter,False,0.8872,0.9,0.565134,0.538641,0.682081,24.9762,"main_cat IN ('Home Audio & Theater', 'Books', 'Tools & Home Improvement')"
932,0.859249,20,0.544453,0.912683,post_filter,False,0.7715,1.0,0.974283,0.544453,0.918843,24.8265,overall>=3.0
933,0.248992,4,0.774605,0.935637,post_filter,False,0.1418,0.1,0.0,0.774605,0.842073,25.1833,"overall IN (3,4)"
934,0.70348,19,0.536923,0.918656,post_filter,False,0.9891,1.0,0.967031,0.536923,0.923493,25.0628,"overall IN (1,5)"
935,0.774129,19,0.536923,0.923493,post_filter,False,0.769,1.0,0.974367,0.536923,0.92858,25.012,"overall IN (1,3,5)"
936,0.836128,20,0.544453,0.918843,post_filter,False,0.8338,1.0,0.972207,0.544453,0.924179,24.8686,"overall IN (2,4,5)"
937,0.180604,1,0.411637,0.829595,post_filter,False,0.8767,1.0,0.970776,0.411637,0.843713,25.0075,"main_cat IN ('Camera & Photo', 'Computers', 'Cell Phones &amp; Accessories')"
938,0.160682,1,0.411637,0.843713,post_filter,False,0.5274,0.9,0.572119,0.411637,0.816554,24.9483,"main_cat IN ('Camera & Photo', 'Computers')"
939,0.728433,19,0.536923,0.92858,post_filter,False,0.8238,1.0,0.972542,0.536923,0.932977,24.8937,"overall IN (2,3,5)"
940,0.906777,21,1.0,0.918796,post_filter,True,0.8528,1.0,0.971574,1.0,0.924074,24.8142,overall>=2.0
941,0.751008,19,0.536923,0.932977,post_filter,False,0.9081,1.0,0.969731,0.536923,0.936652,24.8141,"overall IN (1,2,5)"
942,0.929351,21,1.0,0.924074,post_filter,True,0.9127,1.0,0.969576,1.0,0.928624,25.0438,"overall IN (1,2,4,5)"
943,0.319094,7,0.531441,0.88337,post_filter,False,0.6504,0.9,0.569732,0.531441,0.852006,25.3641,"overall IN (1,2,4)"
944,0.881823,20,0.544453,0.924179,post_filter,False,0.8353,1.0,0.972157,0.544453,0.928977,24.9944,"overall IN (1,4,5)"
945,0.339351,8,0.81,0.907779,post_filter,False,0.4489,0.0,0.0,0.81,0.817001,24.9859,"main_cat IN ('Home Audio & Theater', 'Camera &amp; Photo', 'Sports & Outdoors')"
946,0.658182,18,0.6561,0.939818,post_filter,False,0.9227,1.0,0.969244,0.6561,0.942761,25.0284,verified=true AND overall>=3.0
947,0.270385,5,0.538641,0.682081,post_filter,False,0.4,0.8,0.176944,0.538641,0.631567,24.8645,"main_cat IN ('Home Audio & Theater', 'Books', 'Tools & Home Improvement')"
948,0.092237,0,0.608603,0.681117,post_filter,False,0.7715,1.0,0.974285,0.608603,0.710434,25.0345,main_cat='Home Audio &amp; Theater' AND overall>=3.0
949,0.319094,7,0.531441,0.852006,post_filter,False,0.6555,1.0,0.97815,0.531441,0.864621,24.8541,"overall IN (1,2,4)"
950,0.774129,19,0.536923,0.936652,post_filter,False,0.1086,0.0,0.0,0.536923,0.842987,24.8577,"overall IN (1,3,5)"
951,0.12068,1,0.411637,0.816554,post_filter,False,0.7395,1.0,0.97535,0.411637,0.832433,25.1167,"main_cat IN ('Camera &amp; Photo', 'Cell Phones &amp; Accessories', 'Tools & Home Improvement')"
952,0.160682,1,0.411637,0.832433,post_filter,False,0.9218,1.0,0.969272,0.411637,0.846117,25.0447,"main_cat IN ('Camera & Photo', 'Computers')"
953,0.140751,1,0.411637,0.846117,post_filter,False,0.8821,1.0,0.970597,0.411637,0.858565,24.7918,overall<=2.0
954,0.610257,18,0.6561,0.942761,post_filter,False,0.4354,1.0,0.985488,0.6561,0.947033,24.8568,overall>=5.0
955,0.270385,5,0.538641,0.631567,post_filter,False,0.9134,1.0,0.969554,0.538641,0.665366,25.1109,"main_cat IN ('Home Audio & Theater', 'Books', 'Tools & Home Improvement')"
956,0.952472,21,1.0,0.928624,post_filter,True,0.9265,1.0,0.969118,1.0,0.932673,25.0653,"overall IN (1,3,4,5)"
957,0.210713,2,0.617191,0.69936,post_filter,False,0.3315,1.0,0.988949,0.617191,0.728319,25.1694,"main_cat IN ('Camera & Photo', 'Camera &amp; Photo')"
958,0.050727,0,0.608603,0.710434,post_filter,False,1.0583,1.0,0.964722,0.608603,0.735862,25.2423,"main_cat IN ('Computers', 'Tools & Home Improvement')"
959,0.230635,3,0.578649,0.619327,post_filter,False,0.848,1.0,0.971733,0.578649,0.654567,25.0312,"main_cat IN ('Camera & Photo', 'Camera &amp; Photo', 'Cell Phones &amp; Accessories')"
960,0.319094,7,0.531441,0.864621,post_filter,False,0.8413,1.0,0.971957,0.531441,0.875354,24.7465,"overall IN (1,2,4)"
961,0.210713,2,0.617191,0.728319,post_filter,False,0.596,1.0,0.980133,0.617191,0.7535,25.0915,"main_cat IN ('Camera & Photo', 'Camera &amp; Photo')"
962,0.389743,11,0.6561,0.857826,post_filter,False,0.8329,1.0,0.972236,0.6561,0.869267,24.796,overall<=4.0
963,0.836128,20,0.544453,0.928977,post_filter,False,0.8258,1.0,0.972474,0.544453,0.933327,25.1899,"overall IN (2,4,5)"
964,0.230635,3,0.578649,0.654567,post_filter,False,0.428,0.0,0.0,0.578649,0.589111,25.1135,"main_cat IN ('Camera & Photo', 'Camera &amp; Photo', 'Cell Phones &amp; Accessories')"
965,0.270385,5,0.538641,0.665366,post_filter,False,0.9016,0.9,0.564855,0.538641,0.655315,24.8487,"main_cat IN ('Home Audio & Theater', 'Books', 'Tools & Home Improvement')"
966,0.248992,4,0.774605,0.842073,post_filter,False,0.2738,1.0,0.990874,0.774605,0.856953,25.2801,"overall IN (3,4)"
967,0.70348,19,0.536923,0.842987,post_filter,False,0.6795,1.0,0.97735,0.536923,0.856423,25.0824,"overall IN (1,5)"
968,0.821657,20,0.544453,0.933327,post_filter,False,0.8592,1.0,0.971358,0.544453,0.93713,25.071,"overall IN (1,2,3,5)"
969,0.70348,19,0.536923,0.856423,post_filter,False,0.4279,1.0,0.985738,0.536923,0.869355,24.8853,"overall IN (1,5)"
970,0.050727,0,0.608603,0.735862,post_filter,False,0.9252,1.0,0.96916,0.608603,0.759192,25.0143,"main_cat IN ('Computers', 'Tools & Home Improvement')"
971,0.230635,3,0.578649,0.589111,post_filter,False,0.7347,1.0,0.975511,0.578649,0.627751,25.0755,"main_cat IN ('Camera & Photo', 'Camera &amp; Photo', 'Cell Phones &amp; Accessories')"
972,0.751008,19,0.536923,0.869355,post_filter,False,0.8752,1.0,0.970825,0.536923,0.879502,25.0877,"overall IN (1,2,5)"
973,0.300422,7,0.531441,0.875354,post_filter,False,0.3407,0.9,0.575743,0.531441,0.845393,25.0976,"main_cat IN ('All Electronics', 'Books', 'Sports & Outdoors')"
974,0.7886,19,0.536923,0.879502,post_filter,False,0.7837,1.0,0.973876,0.536923,0.888939,25.1815,overall>=4.0
975,0.210713,2,0.617191,0.7535,post_filter,False,1.2036,0.6,0.009694,0.617191,0.679119,25.6438,"main_cat IN ('Camera & Photo', 'Camera &amp; Photo')"
976,0.073033,0,0.608603,0.759192,post_filter,False,1.038,0.9,0.562208,0.608603,0.739494,25.0825,brand='Tiffen'
977,0.774129,19,0.536923,0.888939,post_filter,False,0.5142,1.0,0.982858,0.536923,0.898331,25.2912,"overall IN (1,3,5)"
978,0.12068,1,0.411637,0.858565,post_filter,False,0.8359,1.0,0.972138,0.411637,0.869922,24.916,"main_cat IN ('Camera &amp; Photo', 'Cell Phones &amp; Accessories', 'Tools & Home Improvement')"
979,0.389743,11,0.6561,0.869267,post_filter,False,0.863,1.0,0.971233,0.6561,0.879463,24.8846,overall<=4.0
980,0.248992,4,0.774605,0.856953,post_filter,False,0.7227,1.0,0.97591,0.774605,0.868849,25.0098,"overall IN (3,4)"
981,0.160682,1,0.411637,0.869922,post_filter,False,0.9155,1.0,0.969482,0.411637,0.879878,25.017,"main_cat IN ('Camera & Photo', 'Computers')"
982,0.319094,7,0.531441,0.845393,post_filter,False,0.2434,0.8,0.17788,0.531441,0.778642,24.898,"overall IN (1,2,4)"
983,0.774129,19,0.536923,0.898331,post_filter,False,0.678,1.0,0.9774,0.536923,0.906238,25.3326,"overall IN (1,3,5)"
984,0.658182,18,0.6561,0.947033,post_filter,False,0.5658,0.8889,0.504627,0.6561,0.902793,25.1538,verified=true AND overall>=3.0
985,0.952472,21,1.0,0.932673,post_filter,True,0.6511,1.0,0.978296,1.0,0.937236,36.418,"overall IN (1,3,4,5)"
986,0.929351,21,1.0,0.937236,post_filter,True,0.6095,1.0,0.979682,1.0,0.94148,25.0347,"overall IN (1,2,4,5)"
987,0.929351,21,1.0,0.94148,post_filter,True,0.9347,1.0,0.968843,1.0,0.944217,24.8588,"overall IN (1,2,4,5)"
988,0.7886,19,0.536923,0.906238,post_filter,False,0.8712,1.0,0.97096,0.536923,0.91271,24.7831,overall>=4.0
989,0.836128,20,0.544453,0.93713,post_filter,False,0.787,1.0,0.973765,0.544453,0.940793,25.0308,"overall IN (2,4,5)"
990,0.248992,4,0.774605,0.868849,post_filter,False,0.4973,0.9,0.572704,0.774605,0.839235,25.3877,"overall IN (3,4)"
991,0.7886,19,0.536923,0.91271,post_filter,False,0.6706,1.0,0.977646,0.536923,0.919204,24.9534,overall>=4.0
992,0.12068,1,0.411637,0.879878,post_filter,False,1.0631,1.0,0.964564,0.411637,0.888347,25.0718,"main_cat IN ('Camera &amp; Photo', 'Cell Phones &amp; Accessories', 'Tools & Home Improvement')"
993,0.751008,19,0.536923,0.919204,post_filter,False,0.8391,1.0,0.972031,0.536923,0.924486,24.8638,"overall IN (1,2,5)"
994,0.952472,21,1.0,0.944217,post_filter,True,0.8574,1.0,0.971419,1.0,0.946937,24.947,"overall IN (1,3,4,5)"
995,0.248992,4,0.774605,0.839235,post_filter,False,0.6916,1.0,0.976946,0.774605,0.853006,24.9377,"overall IN (3,4)"
996,0.300422,7,0.531441,0.778642,post_filter,False,0.7073,1.0,0.976425,0.531441,0.79842,24.9364,"main_cat IN ('All Electronics', 'Books', 'Sports & Outdoors')"
997,0.728433,19,0.536923,0.924486,post_filter,False,0.7058,1.0,0.976475,0.536923,0.929685,24.8592,"overall IN (2,3,5)"
998,0.210713,2,0.617191,0.679119,post_filter,False,1.1385,0.9,0.560255,0.617191,0.667233,25.0811,"main_cat IN ('Camera & Photo', 'Camera &amp; Photo')"
999,0.210713,2,0.617191,0.667233,post_filter,False,0.7448,1.0,0.975172,0.617191,0.698027,24.8303,"main_cat IN ('Camera & Photo', 'Camera &amp; Photo')"
1000,0.140751,1,0.411637,0.888347,post_filter,False,0.8551,1.0,0.971497,0.411637,0.896662,25.0574,overall<=2.0
1001,0.610257,18,0.6561,0.902793,post_filter,False,0.752,1.0,0.974935,0.6561,0.910007,24.9193,overall>=5.0
1002,0.140751,1,0.411637,0.896662,post_filter,False,0.5453,1.0,0.981824,0.411637,0.905178,24.8752,overall<=2.0
1003,0.389743,11,0.6561,0.879463,post_filter,False,0.327,0.2,0.0,0.6561,0.791517,24.9354,overall<=4.0
1004,0.821657,20,0.544453,0.940793,post_filter,False,0.9685,1.0,0.967718,0.544453,0.943486,24.6724,"overall IN (1,2,3,5)"
1005,0.728433,19,0.536923,0.929685,post_filter,False,0.8066,1.0,0.973112,0.536923,0.934028,24.7967,"overall IN (2,3,5)"
1006,0.300422,7,0.531441,0.79842,post_filter,False,0.8959,1.0,0.970137,0.531441,0.815592,24.742,"main_cat IN ('All Electronics', 'Books', 'Sports & Outdoors')"
1007,0.339351,8,0.81,0.817001,pre_filter,False,14.1353,0.9,0.307963,0.759796,0.817001,25.3076,"main_cat IN ('Home Audio & Theater', 'Camera &amp; Photo', 'Sports & Outdoors')"
1008,0.7886,19,0.536923,0.934028,post_filter,False,0.9073,1.0,0.969756,0.536923,0.937601,24.7673,overall>=4.0
1009,0.680906,18,0.6561,0.910007,post_filter,False,0.9135,1.0,0.96955,0.6561,0.915961,24.8836,"overall IN (3,5)"
1010,0.952472,21,1.0,0.946937,post_filter,True,0.8406,1.0,0.971979,1.0,0.949441,24.989,"overall IN (1,3,4,5)"
1011,0.610257,18,0.6561,0.915961,post_filter,False,0.9366,1.0,0.968779,0.6561,0.921243,25.1277,overall>=5.0
1012,0.836128,20,0.544453,0.943486,post_filter,False,0.7812,1.0,0.97396,0.544453,0.946533,25.006,"overall IN (2,4,5)"
1013,0.680906,18,0.6561,0.921243,post_filter,False,0.8403,1.0,0.971989,0.6561,0.926318,25.1028,"overall IN (3,5)"
1014,0.859249,20,0.544453,0.946533,post_filter,False,0.7009,1.0,0.976637,0.544453,0.949544,24.9012,overall>=3.0
1015,0.774129,19,0.536923,0.937601,post_filter,False,0.3551,1.0,0.988163,0.536923,0.942657,25.1781,"overall IN (1,3,5)"
1016,0.881823,20,0.544453,0.949544,post_filter,False,0.5971,1.0,0.980097,0.544453,0.952599,25.3004,"overall IN (1,4,5)"
1017,0.180604,1,0.411637,0.905178,post_filter,False,0.4451,1.0,0.985162,0.411637,0.913177,24.9273,"main_cat IN ('Camera & Photo', 'Computers', 'Cell Phones &amp; Accessories')"
1018,0.836128,20,0.544453,0.952599,post_filter,False,0.4965,1.0,0.983449,0.544453,0.955684,25.0265,"overall IN (2,4,5)"
1019,0.210713,2,0.617191,0.698027,pre_filter,False,24.7963,1.0,0.173457,0.572817,0.698027,25.3495,"main_cat IN ('Camera & Photo', 'Camera &amp; Photo')"
1020,0.774129,19,0.536923,0.942657,post_filter,False,0.7803,1.0,0.973989,0.536923,0.94579,24.955,"overall IN (1,3,5)"
1021,0.836128,20,0.544453,0.955684,post_filter,False,0.5985,1.0,0.980051,0.544453,0.958121,25.1063,"overall IN (2,4,5)"
1022,0.728433,19,0.536923,0.94579,post_filter,False,0.7927,1.0,0.973575,0.536923,0.948569,24.8305,"overall IN (2,3,5)"
1023,0.906777,21,1.0,0.949441,post_filter,True,0.6788,1.0,0.977372,1.0,0.952234,25.0738,overall>=2.0
1024,0.859249,20,0.544453,0.958121,post_filter,False,0.8588,1.0,0.971374,0.544453,0.959446,24.8401,overall>=3.0
1025,0.092237,0,0.608603,0.739494,post_filter,False,0.196,0.7,0.04687,0.608603,0.670231,25.2909,main_cat='Home Audio &amp; Theater' AND overall>=3.0
1026,0.658182,18,0.6561,0.926318,post_filter,False,0.5937,1.0,0.980211,0.6561,0.931707,25.2917,verified=true AND overall>=3.0
1027,0.389743,11,0.6561,0.791517,post_filter,False,0.7077,1.0,0.97641,0.6561,0.810006,25.2055,overall<=4.0
1028,0.658182,18,0.6561,0.931707,post_filter,False,0.9111,1.0,0.969631,0.6561,0.935499,25.1649,verified=true AND overall>=3.0
1029,0.7886,19,0.536923,0.948569,post_filter,False,0.7875,1.0,0.97375,0.536923,0.951087,24.864,overall>=4.0
1030,0.300422,7,0.531441,0.815592,post_filter,False,0.9542,1.0,0.968194,0.531441,0.830852,25.1447,"main_cat IN ('All Electronics', 'Books', 'Sports & Outdoors')"
1031,0.092237,0,0.608603,0.670231,post_filter,False,1.1551,0.7,0.045362,0.608603,0.607744,25.1913,main_cat='Home Audio &amp; Theater' AND overall>=3.0
1032,0.952472,21,1.0,0.952234,post_filter,True,0.7924,1.0,0.973588,1.0,0.95437,24.8758,"overall IN (1,3,4,5)"
1033,0.70348,19,0.536923,0.951087,post_filter,False,0.6857,1.0,0.977142,0.536923,0.953692,25.2593,"overall IN (1,5)"
1034,0.12068,1,0.411637,0.913177,post_filter,False,0.8613,1.0,0.971292,0.411637,0.918988,25.6663,"main_cat IN ('Camera &amp; Photo', 'Cell Phones &amp; Accessories', 'Tools & Home Improvement')"
1035,0.073033,0,0.608603,0.607744,pre_filter,False,7.0558,1.0,0.764808,0.624223,0.607744,25.3797,brand='Tiffen'
1036,0.881823,20,0.544453,0.959446,post_filter,False,0.8758,1.0,0.970806,0.544453,0.960582,25.1048,"overall IN (1,4,5)"
1037,0.680906,18,0.6561,0.935499,post_filter,False,0.441,0.9,0.573796,0.6561,0.899329,25.0901,"overall IN (3,5)"
1038,0.929351,21,1.0,0.95437,post_filter,True,0.749,1.0,0.975033,1.0,0.956436,25.2126,"overall IN (1,2,4,5)"
1039,0.658182,18,0.6561,0.899329,post_filter,False,0.6472,1.0,0.978428,0.6561,0.907239,24.8906,verified=true AND overall>=3.0
1040,0.180604,1,0.411637,0.918988,post_filter,False,0.8037,1.0,0.97321,0.411637,0.92441,25.1268,"main_cat IN ('Camera & Photo', 'Computers', 'Cell Phones &amp; Accessories')"
1041,0.70348,19,0.536923,0.953692,post_filter,False,0.7252,1.0,0.975826,0.536923,0.955906,24.8923,"overall IN (1,5)"
1042,0.680906,18,0.6561,0.907239,post_filter,False,0.2873,0.4,0.000173,0.6561,0.816532,24.9486,"overall IN (3,5)"
1043,0.140751,1,0.411637,0.92441,post_filter,False,0.8034,1.0,0.973219,0.411637,0.929291,24.8747,overall<=2.0
1044,0.160682,1,0.411637,0.929291,post_filter,False,0.8612,1.0,0.971293,0.411637,0.933491,25.0052,"main_cat IN ('Camera & Photo', 'Computers')"
1045,0.270385,5,0.538641,0.655315,pre_filter,False,34.1497,1.0,0.0,0.484777,0.655315,25.038,"main_cat IN ('Home Audio & Theater', 'Books', 'Tools & Home Improvement')"
1046,0.906777,21,1.0,0.956436,post_filter,True,0.31,1.0,0.989667,1.0,0.959759,25.0512,overall>=2.0
1047,0.658182,18,0.6561,0.816532,post_filter,False,0.1143,0.0,0.0,0.6561,0.734879,24.8057,verified=true AND overall>=3.0
1048,0.389743,11,0.6561,0.810006,post_filter,False,0.8991,0.9,0.564904,0.6561,0.785496,25.3829,overall<=4.0
1049,0.12068,1,0.411637,0.933491,post_filter,False,0.7983,1.0,0.97339,0.411637,0.937481,25.189,"main_cat IN ('Camera &amp; Photo', 'Cell Phones &amp; Accessories', 'Tools & Home Improvement')"
1050,0.774129,19,0.536923,0.955906,post_filter,False,0.5624,1.0,0.981254,0.536923,0.95844,24.782,"overall IN (1,3,5)"
1051,0.180604,1,0.411637,0.937481,post_filter,False,0.9252,1.0,0.969161,0.411637,0.940649,24.8803,"main_cat IN ('Camera & Photo', 'Computers', 'Cell Phones &amp; Accessories')"
1052,0.7886,19,0.536923,0.95844,post_filter,False,0.4476,0.0,0.0,0.536923,0.862596,25.18,overall>=4.0
1053,0.70348,19,0.536923,0.862596,post_filter,False,1.1459,1.0,0.961804,0.536923,0.872517,24.861,"overall IN (1,5)"
1054,0.610257,18,0.6561,0.734879,post_filter,False,0.9534,1.0,0.968221,0.6561,0.758213,24.7817,overall>=5.0
1055,0.092237,0,0.624223,0.607744,pre_filter,False,7.6452,1.0,0.745161,0.636317,0.607744,24.8489,main_cat='Home Audio &amp; Theater' AND overall>=3.0
1056,0.929351,21,1.0,0.959759,post_filter,True,0.8037,1.0,0.97321,1.0,0.961104,25.0545,"overall IN (1,2,4,5)"
1057,0.658182,18,0.6561,0.758213,post_filter,False,0.8372,1.0,0.972094,0.6561,0.779601,24.7553,verified=true AND overall>=3.0
1058,0.389743,11,0.6561,0.785496,post_filter,False,0.887,1.0,0.970433,0.6561,0.80399,24.9121,overall<=4.0
1059,0.859249,20,0.544453,0.960582,post_filter,False,0.7271,1.0,0.975764,0.544453,0.9621,24.8397,overall>=3.0
1060,0.073033,0,0.636317,0.607744,pre_filter,False,9.1446,0.3,7e-06,0.572686,0.607744,26.0295,brand='Tiffen'
1061,0.389743,11,0.6561,0.80399,post_filter,False,1.0349,1.0,0.965503,0.6561,0.820141,24.6554,overall<=4.0
1062,0.140751,1,0.411637,0.940649,post_filter,False,0.7457,1.0,0.975143,0.411637,0.944099,24.8447,overall<=2.0
1063,0.658182,18,0.6561,0.779601,post_filter,False,0.8666,1.0,0.971114,0.6561,0.798753,24.7174,verified=true AND overall>=3.0
1064,0.339351,8,0.759796,0.817001,post_filter,False,0.9844,1.0,0.967186,0.759796,0.832019,24.8782,"main_cat IN ('Home Audio & Theater', 'Camera &amp; Photo', 'Sports & Outdoors')"
1065,0.389743,11,0.6561,0.820141,post_filter,False,0.7375,1.0,0.975418,0.6561,0.835669,24.9064,overall<=4.0
1066,0.70348,19,0.536923,0.872517,post_filter,False,0.9158,1.0,0.969472,0.536923,0.882213,25.0438,"overall IN (1,5)"
1067,0.073033,0,0.572686,0.607744,post_filter,False,0.7387,0.6,0.00985,0.572686,0.547955,25.1694,brand='Tiffen'
1068,0.680906,18,0.6561,0.798753,post_filter,False,0.8535,1.0,0.97155,0.6561,0.816032,25.1782,"overall IN (3,5)"
1069,0.389743,11,0.6561,0.835669,post_filter,False,0.4866,1.0,0.983779,0.6561,0.85048,25.3031,overall<=4.0
1070,0.774129,19,0.536923,0.882213,post_filter,False,0.9143,1.0,0.969524,0.536923,0.890944,25.0377,"overall IN (1,3,5)"
1071,0.859249,20,0.544453,0.9621,post_filter,False,0.6881,1.0,0.977064,0.544453,0.963596,25.1317,overall>=3.0
1072,0.248992,4,0.774605,0.853006,post_filter,False,0.6503,0.9,0.569733,0.774605,0.824678,24.9455,"overall IN (3,4)"
1073,0.821657,20,0.544453,0.963596,post_filter,False,0.3769,1.0,0.987438,0.544453,0.965981,25.0097,"overall IN (1,2,3,5)"
1074,0.050727,0,0.572686,0.547955,pre_filter,False,7.9099,1.0,0.736337,0.589051,0.547955,24.9851,"main_cat IN ('Computers', 'Tools & Home Improvement')"
1075,0.319094,7,0.531441,0.830852,post_filter,False,0.7508,1.0,0.974972,0.531441,0.845264,25.0125,"overall IN (1,2,4)"
1076,0.230635,3,0.578649,0.627751,post_filter,False,0.719,0.7,0.046048,0.578649,0.56958,25.3878,"main_cat IN ('Camera & Photo', 'Camera &amp; Photo', 'Cell Phones &amp; Accessories')"
1077,0.881823,20,0.544453,0.965981,post_filter,False,0.3992,0.7,0.046551,0.544453,0.874038,24.9092,"overall IN (1,4,5)"
1078,0.050727,0,0.589051,0.547955,pre_filter,False,7.3045,0.6,0.00764,0.53091,0.547955,25.169,"main_cat IN ('Computers', 'Tools & Home Improvement')"
1079,0.821657,20,0.544453,0.874038,post_filter,False,0.9178,1.0,0.969406,0.544453,0.883574,24.8029,"overall IN (1,2,3,5)"
1080,0.180604,1,0.411637,0.944099,post_filter,False,0.8469,1.0,0.971771,0.411637,0.946866,25.1266,"main_cat IN ('Camera & Photo', 'Computers', 'Cell Phones &amp; Accessories')"
1081,0.70348,19,0.536923,0.890944,post_filter,False,0.9984,1.0,0.966721,0.536923,0.898522,25.0142,"overall IN (1,5)"
1082,0.092237,0,0.53091,0.547955,post_filter,False,0.8935,1.0,0.970217,0.53091,0.590181,24.9936,main_cat='Home Audio &amp; Theater' AND overall>=3.0
1083,0.073033,0,0.53091,0.590181,pre_filter,False,14.103,0.4,9.3e-05,0.477828,0.590181,25.8373,brand='Tiffen'
1084,0.339351,8,0.759796,0.832019,post_filter,False,0.7988,1.0,0.973375,0.759796,0.846155,24.7908,"main_cat IN ('Home Audio & Theater', 'Camera &amp; Photo', 'Sports & Outdoors')"
1085,0.300422,7,0.531441,0.845264,post_filter,False,0.8284,1.0,0.972388,0.531441,0.857977,25.0283,"main_cat IN ('All Electronics', 'Books', 'Sports & Outdoors')"
1086,0.7886,19,0.536923,0.898522,post_filter,False,0.3117,0.9,0.576306,0.536923,0.8663,25.1307,overall>=4.0
1087,0.092237,0,0.477828,0.590181,post_filter,False,0.3908,1.0,0.986974,0.477828,0.62986,25.0734,main_cat='Home Audio &amp; Theater' AND overall>=3.0
1088,0.680906,18,0.6561,0.816032,post_filter,False,0.8275,0.7,0.045877,0.6561,0.739017,25.1001,"overall IN (3,5)"
1089,0.073033,0,0.477828,0.62986,post_filter,False,0.8995,1.0,0.970017,0.477828,0.663876,24.9383,brand='Tiffen'
1090,0.952472,21,1.0,0.961104,post_filter,True,0.9429,1.0,0.968569,1.0,0.961851,25.2465,"overall IN (1,3,4,5)"
1091,0.929351,21,1.0,0.961851,post_filter,True,0.979,1.0,0.967368,1.0,0.962402,24.9548,"overall IN (1,2,4,5)"
1092,0.092237,0,0.477828,0.663876,post_filter,False,0.9838,1.0,0.967206,0.477828,0.694209,25.1926,main_cat='Home Audio &amp; Theater' AND overall>=3.0
1093,0.952472,21,1.0,0.962402,post_filter,True,0.6599,1.0,0.978003,1.0,0.963962,25.2163,"overall IN (1,3,4,5)"
1094,0.610257,18,0.6561,0.739017,post_filter,False,0.84,1.0,0.972001,0.6561,0.762315,30.146,overall>=5.0
1095,0.073033,0,0.477828,0.694209,post_filter,False,1.3091,0.8,0.171509,0.477828,0.641939,26.794,brand='Tiffen'
1096,0.248992,4,0.774605,0.824678,post_filter,False,0.9787,1.0,0.967378,0.774605,0.838948,24.9301,"overall IN (3,4)"
1097,0.339351,8,0.759796,0.846155,post_filter,False,0.6579,1.0,0.978071,0.759796,0.859347,25.2464,"main_cat IN ('Home Audio & Theater', 'Camera &amp; Photo', 'Sports & Outdoors')"
1098,0.160682,1,0.411637,0.946866,post_filter,False,0.6311,1.0,0.978964,0.411637,0.950076,25.019,"main_cat IN ('Camera & Photo', 'Computers')"
1099,0.836128,20,0.544453,0.883574,post_filter,False,0.846,1.0,0.971799,0.544453,0.892397,24.7565,"overall IN (2,4,5)"
1100,0.140751,1,0.411637,0.950076,post_filter,False,1.1954,0.0,0.0,0.411637,0.855068,26.374,overall<=2.0
1101,0.836128,20,0.544453,0.892397,post_filter,False,0.7008,1.0,0.97664,0.544453,0.900821,25.0162,"overall IN (2,4,5)"
1102,0.751008,19,0.536923,0.8663,post_filter,False,0.8368,1.0,0.972106,0.536923,0.87688,25.5247,"overall IN (1,2,5)"
1103,0.821657,20,0.544453,0.900821,post_filter,False,0.8586,1.0,0.971381,0.544453,0.907877,25.0142,"overall IN (1,2,3,5)"
1104,0.751008,19,0.536923,0.87688,post_filter,False,0.7664,1.0,0.974454,0.536923,0.886638,24.9689,"overall IN (1,2,5)"
1105,0.339351,8,0.759796,0.859347,pre_filter,False,44.7605,1.0,0.0,0.683817,0.859347,25.1679,"main_cat IN ('Home Audio & Theater', 'Camera &amp; Photo', 'Sports & Outdoors')"
1106,0.300422,7,0.531441,0.857977,post_filter,False,0.51,1.0,0.983001,0.531441,0.870479,25.1563,"main_cat IN ('All Electronics', 'Books', 'Sports & Outdoors')"
1107,0.929351,21,1.0,0.963962,post_filter,True,1.0139,1.0,0.966204,1.0,0.964187,25.0349,"overall IN (1,2,4,5)"
1108,0.319094,7,0.531441,0.870479,post_filter,False,1.0445,1.0,0.965182,0.531441,0.879949,25.0552,"overall IN (1,2,4)"
1109,0.389743,11,0.6561,0.85048,post_filter,False,0.8963,1.0,0.970125,0.6561,0.862444,24.742,overall<=4.0
1110,0.906777,21,1.0,0.964187,post_filter,True,0.617,0.9,0.57038,1.0,0.924806,25.1428,overall>=2.0
1111,0.952472,21,1.0,0.924806,post_filter,True,0.8835,1.0,0.970549,1.0,0.92938,25.0807,"overall IN (1,3,4,5)"
1112,0.952472,21,1.0,0.92938,post_filter,True,0.8893,1.0,0.970357,1.0,0.933478,24.8625,"overall IN (1,3,4,5)"
1113,0.319094,7,0.531441,0.879949,post_filter,False,0.697,1.0,0.976768,0.531441,0.889631,25.0445,"overall IN (1,2,4)"
1114,0.319094,7,0.531441,0.889631,post_filter,False,0.4187,1.0,0.986043,0.531441,0.899272,25.068,"overall IN (1,2,4)"
1115,0.092237,0,0.477828,0.641939,post_filter,False,1.0833,0.8,0.172859,0.477828,0.595031,25.3109,main_cat='Home Audio &amp; Theater' AND overall>=3.0
1116,0.774129,19,0.536923,0.886638,post_filter,False,0.4265,1.0,0.985785,0.536923,0.896553,25.1335,"overall IN (1,3,5)"
1117,0.774129,19,0.536923,0.896553,post_filter,False,0.8955,1.0,0.97015,0.536923,0.903912,25.0688,"overall IN (1,3,5)"
1118,0.906777,21,1.0,0.933478,post_filter,True,0.8144,1.0,0.972853,1.0,0.937415,24.9071,overall>=2.0
1119,0.680906,18,0.6561,0.762315,post_filter,False,0.418,1.0,0.986065,0.6561,0.78469,25.1541,"overall IN (3,5)"
1120,0.140751,1,0.411637,0.855068,post_filter,False,0.6897,0.7,0.046094,0.411637,0.774171,25.4223,overall<=2.0
1121,0.751008,19,0.536923,0.903912,post_filter,False,0.8137,1.0,0.972876,0.536923,0.910809,24.8795,"overall IN (1,2,5)"
1122,0.906777,21,1.0,0.937415,post_filter,True,0.9715,1.0,0.967615,1.0,0.940435,24.877,overall>=2.0
1123,0.300422,7,0.531441,0.899272,post_filter,False,0.3404,0.9,0.575749,0.531441,0.86692,25.1577,"main_cat IN ('All Electronics', 'Books', 'Sports & Outdoors')"
1124,0.12068,1,0.411637,0.774171,post_filter,False,0.9102,1.0,0.969661,0.411637,0.79372,25.2673,"main_cat IN ('Camera &amp; Photo', 'Cell Phones &amp; Accessories', 'Tools & Home Improvement')"
1125,0.160682,1,0.411637,0.79372,post_filter,False,0.5861,1.0,0.980464,0.411637,0.812394,25.1095,"main_cat IN ('Camera & Photo', 'Computers')"
1126,0.680906,18,0.6561,0.78469,post_filter,False,0.4067,1.0,0.986443,0.6561,0.804866,25.1382,"overall IN (3,5)"
1127,0.319094,7,0.531441,0.86692,post_filter,False,0.4113,1.0,0.986292,0.531441,0.878857,25.3035,"overall IN (1,2,4)"
1128,0.658182,18,0.6561,0.804866,post_filter,False,0.8977,1.0,0.970078,0.6561,0.821387,25.0695,verified=true AND overall>=3.0
1129,0.140751,1,0.411637,0.812394,post_filter,False,0.8603,0.9,0.565656,0.411637,0.78772,25.1353,overall<=2.0
1130,0.821657,20,0.544453,0.907877,post_filter,False,0.7083,1.0,0.97639,0.544453,0.914728,25.2106,"overall IN (1,2,3,5)"
1131,0.210713,2,0.572817,0.698027,post_filter,False,0.9237,1.0,0.96921,0.572817,0.725145,25.0738,"main_cat IN ('Camera & Photo', 'Camera &amp; Photo')"
1132,0.881823,20,0.544453,0.914728,post_filter,False,0.5106,1.0,0.982981,0.544453,0.921554,25.1355,"overall IN (1,4,5)"
1133,0.050727,0,0.477828,0.595031,post_filter,False,0.2042,0.0,0.0,0.477828,0.535528,24.9928,"main_cat IN ('Computers', 'Tools & Home Improvement')"
1134,0.836128,20,0.544453,0.921554,post_filter,False,0.5173,1.0,0.982756,0.544453,0.927674,25.1407,"overall IN (2,4,5)"
1135,0.050727,0,0.477828,0.535528,post_filter,False,0.8063,1.0,0.973122,0.477828,0.579287,25.2389,"main_cat IN ('Computers', 'Tools & Home Improvement')"
1136,0.248992,4,0.774605,0.838948,post_filter,False,0.4662,0.0,0.0,0.774605,0.755054,25.2198,"overall IN (3,4)"
1137,0.389743,11,0.6561,0.862444,post_filter,False,1.0524,1.0,0.964921,0.6561,0.872692,25.0173,overall<=4.0
1138,0.774129,19,0.536923,0.910809,post_filter,False,0.781,1.0,0.973968,0.536923,0.917125,25.0625,"overall IN (1,3,5)"
1139,0.821657,20,0.544453,0.927674,post_filter,False,0.8017,1.0,0.973276,0.544453,0.932234,25.0775,"overall IN (1,2,3,5)"
1140,0.680906,18,0.6561,0.821387,post_filter,False,0.882,0.9,0.565235,0.6561,0.795772,25.2679,"overall IN (3,5)"
1141,0.339351,8,0.683817,0.859347,post_filter,False,0.8544,1.0,0.971519,0.683817,0.870564,24.8163,"main_cat IN ('Home Audio & Theater', 'Camera &amp; Photo', 'Sports & Outdoors')"
1142,0.680906,18,0.6561,0.795772,pre_filter,False,22.9712,1.0,0.234292,0.613919,0.795772,25.0633,"overall IN (3,5)"
1143,0.319094,7,0.531441,0.878857,post_filter,False,0.977,1.0,0.967432,0.531441,0.887715,25.1623,"overall IN (1,2,4)"
1144,0.881823,20,0.544453,0.932234,post_filter,False,0.7164,1.0,0.976121,0.544453,0.936623,24.7625,"overall IN (1,4,5)"
1145,0.210713,2,0.572817,0.725145,post_filter,False,1.4101,0.6,0.009624,0.572817,0.653593,25.3777,"main_cat IN ('Camera & Photo', 'Camera &amp; Photo')"
1146,0.210713,2,0.572817,0.653593,post_filter,False,0.7152,1.0,0.97616,0.572817,0.68585,24.7755,"main_cat IN ('Camera & Photo', 'Camera &amp; Photo')"
1147,0.389743,11,0.6561,0.872692,post_filter,False,0.9444,1.0,0.968521,0.6561,0.882275,25.163,overall<=4.0
1148,0.300422,7,0.531441,0.887715,post_filter,False,0.9425,1.0,0.968582,0.531441,0.895801,24.8958,"main_cat IN ('All Electronics', 'Books', 'Sports & Outdoors')"
1149,0.140751,1,0.411637,0.78772,post_filter,False,0.7415,1.0,0.975283,0.411637,0.806477,25.1262,overall<=2.0
1150,0.230635,3,0.578649,0.56958,pre_filter,False,37.8059,1.0,0.0,0.520784,0.56958,25.0894,"main_cat IN ('Camera & Photo', 'Camera &amp; Photo', 'Cell Phones &amp; Accessories')"
1151,0.180604,1,0.411637,0.806477,post_filter,False,0.9413,0.9,0.564085,0.411637,0.782237,25.0593,"main_cat IN ('Camera & Photo', 'Computers', 'Cell Phones &amp; Accessories')"
1152,0.952472,21,1.0,0.940435,post_filter,True,0.5135,1.0,0.982882,1.0,0.94468,25.3061,"overall IN (1,3,4,5)"
1153,0.929351,21,1.0,0.94468,post_filter,True,0.7809,1.0,0.973969,1.0,0.947609,25.0996,"overall IN (1,2,4,5)"
1154,0.821657,20,0.544453,0.936623,post_filter,False,0.1176,0.0,0.0,0.544453,0.84296,25.0843,"overall IN (1,2,3,5)"
1155,0.836128,20,0.544453,0.84296,post_filter,False,0.9633,1.0,0.96789,0.544453,0.855453,24.9279,"overall IN (2,4,5)"
1156,0.12068,1,0.411637,0.782237,post_filter,False,0.4654,1.0,0.984486,0.411637,0.802462,25.1296,"main_cat IN ('Camera &amp; Photo', 'Cell Phones &amp; Accessories', 'Tools & Home Improvement')"
1157,0.073033,0,0.477828,0.579287,post_filter,False,1.3292,0.8,0.171389,0.477828,0.538497,25.3891,brand='Tiffen'
1158,0.859249,20,0.544453,0.855453,post_filter,False,0.3714,1.0,0.987621,0.544453,0.86867,25.0685,overall>=3.0
1159,0.774129,19,0.536923,0.917125,post_filter,False,0.8818,1.0,0.970608,0.536923,0.922473,24.9748,"overall IN (1,3,5)"
1160,0.339351,8,0.683817,0.870564,post_filter,False,0.8386,1.0,0.972047,0.683817,0.880712,25.0694,"main_cat IN ('Home Audio & Theater', 'Camera &amp; Photo', 'Sports & Outdoors')"
1161,0.728433,19,0.536923,0.922473,post_filter,False,0.9922,1.0,0.966926,0.536923,0.926918,25.185,"overall IN (2,3,5)"
1162,0.836128,20,0.544453,0.86867,post_filter,False,0.8579,1.0,0.971403,0.544453,0.878943,24.8436,"overall IN (2,4,5)"
1163,0.952472,21,1.0,0.947609,post_filter,True,0.7818,1.0,0.973939,1.0,0.950242,25.3032,"overall IN (1,3,4,5)"
1164,0.929351,21,1.0,0.950242,post_filter,True,0.5572,1.0,0.981428,1.0,0.95336,25.1156,"overall IN (1,2,4,5)"
1165,0.929351,21,1.0,0.95336,post_filter,True,0.6856,1.0,0.977147,1.0,0.955739,24.9386,"overall IN (1,2,4,5)"
1166,0.050727,0,0.477828,0.538497,post_filter,False,0.8119,1.0,0.972936,0.477828,0.581941,25.2808,"main_cat IN ('Computers', 'Tools & Home Improvement')"
1167,0.210713,2,0.572817,0.68585,post_filter,False,0.9722,0.9,0.563485,0.572817,0.673613,25.1418,"main_cat IN ('Camera & Photo', 'Camera &amp; Photo')"
1168,0.180604,1,0.411637,0.802462,post_filter,False,0.817,1.0,0.972768,0.411637,0.819493,25.0187,"main_cat IN ('Camera & Photo', 'Computers', 'Cell Phones &amp; Accessories')"
1169,0.092237,0,0.477828,0.581941,post_filter,False,0.5353,0.7,0.046337,0.477828,0.528381,25.306,main_cat='Home Audio &amp; Theater' AND overall>=3.0
1170,0.12068,1,0.411637,0.819493,post_filter,False,0.4373,1.0,0.985422,0.411637,0.836086,25.206,"main_cat IN ('Camera &amp; Photo', 'Cell Phones &amp; Accessories', 'Tools & Home Improvement')"
1171,0.728433,19,0.536923,0.926918,post_filter,False,0.767,1.0,0.974433,0.536923,0.93167,25.197,"overall IN (2,3,5)"
1172,0.073033,0,0.477828,0.528381,pre_filter,False,10.7558,0.9,0.373566,0.467402,0.528381,25.223,brand='Tiffen'
1173,0.389743,11,0.6561,0.882275,post_filter,False,0.8575,1.0,0.971418,0.6561,0.891189,24.8368,overall<=4.0
1174,0.728433,19,0.536923,0.93167,post_filter,False,0.3754,0.8,0.17709,0.536923,0.856212,25.2067,"overall IN (2,3,5)"
1175,0.774129,19,0.536923,0.856212,post_filter,False,0.6708,0.8889,0.502826,0.536923,0.820873,25.1395,"overall IN (1,3,5)"
1176,0.7886,19,0.536923,0.820873,post_filter,False,0.5656,1.0,0.981147,0.536923,0.836901,25.3187,overall>=4.0
1177,0.906777,21,1.0,0.955739,post_filter,True,0.9135,1.0,0.969551,1.0,0.95712,24.8839,overall>=2.0
1178,0.073033,0,0.467402,0.528381,post_filter,False,0.9475,1.0,0.968415,0.467402,0.572384,25.2492,brand='Tiffen'
1179,0.210713,2,0.572817,0.673613,post_filter,False,1.0097,1.0,0.966342,0.572817,0.702886,24.8366,"main_cat IN ('Camera & Photo', 'Camera &amp; Photo')"
1180,0.821657,20,0.544453,0.878943,post_filter,False,0.6432,1.0,0.978561,0.544453,0.888905,25.2033,"overall IN (1,2,3,5)"
1181,0.073033,0,0.467402,0.572384,post_filter,False,0.7609,1.0,0.974638,0.467402,0.61261,24.9194,brand='Tiffen'
1182,0.319094,7,0.531441,0.895801,post_filter,False,0.783,1.0,0.973899,0.531441,0.903611,25.0267,"overall IN (1,2,4)"
1183,0.389743,11,0.6561,0.891189,post_filter,False,0.4471,0.9,0.573677,0.6561,0.859438,25.1934,overall<=4.0
1184,0.210713,2,0.572817,0.702886,post_filter,False,0.9208,1.0,0.969307,0.572817,0.729528,24.9696,"main_cat IN ('Camera & Photo', 'Camera &amp; Photo')"
1185,0.680906,18,0.613919,0.795772,pre_filter,False,72.9172,0.9,0.0,0.552527,0.795772,24.8865,"overall IN (3,5)"
1186,0.180604,1,0.411637,0.836086,post_filter,False,0.6276,1.0,0.979081,0.411637,0.850385,25.1662,"main_cat IN ('Camera & Photo', 'Computers', 'Cell Phones &amp; Accessories')"
1187,0.836128,20,0.544453,0.888905,post_filter,False,0.9194,1.0,0.969353,0.544453,0.89695,24.9583,"overall IN (2,4,5)"
1188,0.906777,21,1.0,0.95712,post_filter,True,0.8136,1.0,0.972881,1.0,0.958696,25.0403,overall>=2.0
1189,0.836128,20,0.544453,0.89695,post_filter,False,0.7271,1.0,0.975764,0.544453,0.904831,24.937,"overall IN (2,4,5)"
1190,0.073033,0,0.467402,0.61261,post_filter,False,1.2478,0.4,0.000168,0.467402,0.551365,25.5745,brand='Tiffen'
1191,0.140751,1,0.411637,0.850385,post_filter,False,0.7029,0.2,0.0,0.411637,0.765347,26.8712,overall<=2.0
1192,0.658182,18,0.552527,0.795772,post_filter,False,0.9299,1.0,0.969004,0.552527,0.813095,24.9875,verified=true AND overall>=3.0
1193,0.248992,4,0.774605,0.755054,pre_filter,False,47.0941,1.0,0.0,0.697144,0.755054,24.8401,"overall IN (3,4)"
1194,0.210713,2,0.572817,0.729528,post_filter,False,1.0654,0.6,0.00974,0.572817,0.657549,25.0785,"main_cat IN ('Camera & Photo', 'Camera &amp; Photo')"
1195,0.881823,20,0.544453,0.904831,pre_filter,False,105.2897,1.0,0.0,0.490008,0.904831,36.011,"overall IN (1,4,5)"
1196,0.952472,21,1.0,0.958696,post_filter,True,0.4419,1.0,0.985269,1.0,0.961354,25.2423,"overall IN (1,3,4,5)"
1197,0.821657,20,0.490008,0.904831,post_filter,False,0.7963,1.0,0.973456,0.490008,0.911694,24.864,"overall IN (1,2,3,5)"
1198,0.70348,19,0.536923,0.836901,post_filter,False,0.8745,1.0,0.97085,0.536923,0.850296,24.728,"overall IN (1,5)"
1199,0.270385,5,0.484777,0.655315,post_filter,False,0.9487,1.0,0.968375,0.484777,0.686621,25.0333,"main_cat IN ('Home Audio & Theater', 'Books', 'Tools & Home Improvement')"
1200,0.70348,19,0.536923,0.850296,post_filter,False,0.7488,1.0,0.975039,0.536923,0.86277,25.1348,"overall IN (1,5)"
1201,0.728433,19,0.536923,0.86277,post_filter,False,0.8105,1.0,0.972983,0.536923,0.873791,25.1549,"overall IN (2,3,5)"
1202,0.836128,20,0.490008,0.911694,post_filter,False,0.5237,1.0,0.982543,0.490008,0.918779,25.3066,"overall IN (2,4,5)"
1203,0.774129,19,0.536923,0.873791,post_filter,False,0.7883,1.0,0.973722,0.536923,0.883784,25.3588,"overall IN (1,3,5)"
1204,0.881823,20,0.490008,0.918779,post_filter,False,0.7063,1.0,0.976456,0.490008,0.924546,25.2038,"overall IN (1,4,5)"
1205,0.270385,5,0.484777,0.686621,post_filter,False,0.7001,0.9,0.568766,0.484777,0.674835,25.2023,"main_cat IN ('Home Audio & Theater', 'Books', 'Tools & Home Improvement')"
1206,0.210713,2,0.572817,0.657549,post_filter,False,0.965,0.9,0.563623,0.572817,0.648157,25.0505,"main_cat IN ('Camera & Photo', 'Camera &amp; Photo')"
1207,0.248992,4,0.697144,0.755054,post_filter,False,0.6642,1.0,0.977861,0.697144,0.777334,25.0663,"overall IN (3,4)"
1208,0.929351,21,1.0,0.961354,post_filter,True,0.8375,1.0,0.972085,1.0,0.962427,25.2876,"overall IN (1,2,4,5)"
1209,0.140751,1,0.411637,0.765347,post_filter,False,0.8507,1.0,0.971643,0.411637,0.785976,24.9929,overall<=2.0
1210,0.774129,19,0.536923,0.883784,post_filter,False,0.819,1.0,0.9727,0.536923,0.892676,24.9787,"overall IN (1,3,5)"
1211,0.658182,18,0.552527,0.813095,post_filter,False,0.8405,0.9,0.566042,0.552527,0.78839,25.0418,verified=true AND overall>=3.0
1212,0.210713,2,0.572817,0.648157,post_filter,False,0.8492,1.0,0.971693,0.572817,0.68051,25.1296,"main_cat IN ('Camera & Photo', 'Camera &amp; Photo')"
1213,0.339351,8,0.683817,0.880712,post_filter,False,0.6742,0.8,0.175304,0.683817,0.810171,24.9342,"main_cat IN ('Home Audio & Theater', 'Camera &amp; Photo', 'Sports & Outdoors')"
1214,0.248992,4,0.697144,0.777334,post_filter,False,0.9322,1.0,0.968925,0.697144,0.796493,24.9703,"overall IN (3,4)"
1215,0.230635,3,0.520784,0.56958,post_filter,False,0.7694,1.0,0.974354,0.520784,0.610058,25.1116,"main_cat IN ('Camera & Photo', 'Camera &amp; Photo', 'Cell Phones &amp; Accessories')"
1216,0.073033,0,0.467402,0.551365,post_filter,False,1.132,0.7,0.045398,0.467402,0.500769,25.061,brand='Tiffen'
1217,0.680906,18,0.552527,0.78839,post_filter,False,0.378,0.9,0.57502,0.552527,0.767053,25.1851,"overall IN (3,5)"
1218,0.70348,19,0.536923,0.892676,post_filter,False,0.517,1.0,0.982768,0.536923,0.901685,25.0555,"overall IN (1,5)"
1219,0.929351,21,1.0,0.962427,post_filter,True,0.5246,1.0,0.982512,1.0,0.964435,25.1441,"overall IN (1,2,4,5)"
1220,0.821657,20,0.490008,0.924546,post_filter,False,0.7405,1.0,0.975315,0.490008,0.929623,25.1118,"overall IN (1,2,3,5)"
1221,0.952472,21,1.0,0.964435,post_filter,True,0.85,1.0,0.971667,1.0,0.965159,25.077,"overall IN (1,3,4,5)"
1222,0.160682,1,0.411637,0.785976,post_filter,False,0.827,1.0,0.972435,0.411637,0.804622,25.0178,"main_cat IN ('Camera & Photo', 'Computers')"
1223,0.751008,19,0.536923,0.901685,post_filter,False,0.8776,1.0,0.970746,0.536923,0.908591,25.0468,"overall IN (1,2,5)"
1224,0.774129,19,0.536923,0.908591,post_filter,False,0.365,1.0,0.987835,0.536923,0.916516,24.8088,"overall IN (1,3,5)"
1225,0.339351,8,0.683817,0.810171,post_filter,False,0.4062,1.0,0.986461,0.683817,0.8278,24.9992,"main_cat IN ('Home Audio & Theater', 'Camera &amp; Photo', 'Sports & Outdoors')"
1226,0.680906,18,0.552527,0.767053,post_filter,False,0.5328,1.0,0.98224,0.552527,0.788571,24.8895,"overall IN (3,5)"
1227,0.610257,18,0.552527,0.788571,post_filter,False,0.8903,1.0,0.970325,0.552527,0.806747,24.7933,overall>=5.0
1228,0.073033,0,0.467402,0.500769,pre_filter,False,13.285,0.4,9.8e-05,0.420672,0.500769,25.1819,brand='Tiffen'
1229,0.300422,7,0.531441,0.903611,post_filter,False,0.9045,1.0,0.969851,0.531441,0.910235,25.06,"main_cat IN ('All Electronics', 'Books', 'Sports & Outdoors')"
1230,0.751008,19,0.536923,0.916516,post_filter,False,0.5987,1.0,0.980044,0.536923,0.922868,25.1802,"overall IN (1,2,5)"
1231,0.774129,19,0.536923,0.922868,post_filter,False,0.8607,1.0,0.971308,0.536923,0.927712,25.0305,"overall IN (1,3,5)"
1232,0.319094,7,0.531441,0.910235,post_filter,False,0.2356,0.9,0.577784,0.531441,0.87699,25.0107,"overall IN (1,2,4)"
1233,0.859249,20,0.490008,0.929623,post_filter,False,0.9355,1.0,0.968817,0.490008,0.933543,24.724,overall>=3.0
1234,0.658182,18,0.552527,0.806747,post_filter,False,0.6454,0.9,0.569828,0.552527,0.783055,25.0192,verified=true AND overall>=3.0
1235,0.270385,5,0.484777,0.674835,post_filter,False,0.566,1.0,0.981135,0.484777,0.705465,25.1008,"main_cat IN ('Home Audio & Theater', 'Books', 'Tools & Home Improvement')"
1236,0.7886,19,0.536923,0.927712,post_filter,False,0.84,1.0,0.972,0.536923,0.932141,25.5003,overall>=4.0
1237,0.339351,8,0.683817,0.8278,post_filter,False,0.8939,1.0,0.970203,0.683817,0.842041,25.9187,"main_cat IN ('Home Audio & Theater', 'Camera &amp; Photo', 'Sports & Outdoors')"
1238,0.339351,8,0.683817,0.842041,post_filter,False,0.6898,1.0,0.977008,0.683817,0.855537,25.0968,"main_cat IN ('Home Audio & Theater', 'Camera &amp; Photo', 'Sports & Outdoors')"
1239,0.140751,1,0.411637,0.804622,post_filter,False,0.4603,1.0,0.984656,0.411637,0.822626,25.2714,overall<=2.0
1240,0.248992,4,0.697144,0.796493,post_filter,False,0.5523,1.0,0.98159,0.697144,0.815003,25.0617,"overall IN (3,4)"
1241,0.319094,7,0.531441,0.87699,post_filter,False,0.4085,0.8889,0.507323,0.531441,0.840023,25.1149,"overall IN (1,2,4)"
1242,0.160682,1,0.411637,0.822626,post_filter,False,0.8727,1.0,0.970911,0.411637,0.837454,24.854,"main_cat IN ('Camera & Photo', 'Computers')"
1243,0.836128,20,0.490008,0.933543,post_filter,False,0.8215,1.0,0.972615,0.490008,0.93745,25.1586,"overall IN (2,4,5)"
1244,0.680906,18,0.552527,0.783055,post_filter,False,0.3008,1.0,0.989972,0.552527,0.803747,25.1025,"overall IN (3,5)"
1245,0.610257,18,0.552527,0.803747,post_filter,False,0.864,1.0,0.971201,0.552527,0.820492,25.0584,overall>=5.0
1246,0.210713,2,0.572817,0.68051,post_filter,False,0.9889,1.0,0.967036,0.572817,0.709163,25.0694,"main_cat IN ('Camera & Photo', 'Camera &amp; Photo')"
1247,0.906777,21,1.0,0.965159,post_filter,True,0.85,1.0,0.971667,1.0,0.965809,24.8745,overall>=2.0
1248,0.210713,2,0.572817,0.709163,post_filter,False,0.9224,0.9,0.564451,0.572817,0.694692,25.143,"main_cat IN ('Camera & Photo', 'Camera &amp; Photo')"
1249,0.248992,4,0.697144,0.815003,post_filter,False,0.529,1.0,0.982367,0.697144,0.831739,25.0327,"overall IN (3,4)"
1250,0.906777,21,1.0,0.965809,post_filter,True,0.9986,1.0,0.966712,1.0,0.9659,25.1541,overall>=2.0
1251,0.7886,19,0.536923,0.932141,post_filter,False,0.9542,1.0,0.968192,0.536923,0.935746,24.9383,overall>=4.0
1252,0.140751,1,0.411637,0.837454,post_filter,False,0.7882,1.0,0.973728,0.411637,0.851081,25.6304,overall<=2.0
1253,0.859249,20,0.490008,0.93745,post_filter,False,0.9252,1.0,0.969161,0.490008,0.940621,24.834,overall>=3.0
1254,0.389743,11,0.6561,0.859438,post_filter,False,0.7535,1.0,0.974882,0.6561,0.870982,25.4151,overall<=4.0
1255,0.952472,21,1.0,0.9659,post_filter,True,1.0814,1.0,0.963953,1.0,0.965705,25.0966,"overall IN (1,3,4,5)"
1256,0.073033,0,0.420672,0.500769,post_filter,False,0.5195,0.1,0.0,0.420672,0.450692,25.1577,brand='Tiffen'
1257,0.680906,18,0.552527,0.820492,post_filter,False,0.8095,1.0,0.973018,0.552527,0.835745,24.8315,"overall IN (3,5)"
1258,0.339351,8,0.683817,0.855537,post_filter,False,0.481,1.0,0.983965,0.683817,0.86838,25.1763,"main_cat IN ('Home Audio & Theater', 'Camera &amp; Photo', 'Sports & Outdoors')"
1259,0.339351,8,0.683817,0.86838,post_filter,False,0.6658,1.0,0.977807,0.683817,0.879323,25.3929,"main_cat IN ('Home Audio & Theater', 'Camera &amp; Photo', 'Sports & Outdoors')"
1260,0.680906,18,0.552527,0.835745,post_filter,False,0.915,1.0,0.969501,0.552527,0.84912,24.7515,"overall IN (3,5)"
1261,0.658182,18,0.552527,0.84912,post_filter,False,0.3531,1.0,0.988231,0.552527,0.863031,25.126,verified=true AND overall>=3.0
1262,0.140751,1,0.411637,0.851081,post_filter,False,1.3634,0.2,0.0,0.411637,0.765973,26.7538,overall<=2.0
1263,0.319094,7,0.531441,0.840023,post_filter,False,0.7494,1.0,0.975019,0.531441,0.853523,24.943,"overall IN (1,2,4)"
1264,0.210713,2,0.572817,0.694692,post_filter,False,0.8183,1.0,0.972724,0.572817,0.722495,24.9383,"main_cat IN ('Camera & Photo', 'Camera &amp; Photo')"
1265,0.230635,3,0.520784,0.610058,pre_filter,False,27.6054,0.9,0.046484,0.473354,0.610058,25.4011,"main_cat IN ('Camera & Photo', 'Camera &amp; Photo', 'Cell Phones &amp; Accessories')"
1266,0.180604,1,0.411637,0.765973,post_filter,False,1.0707,1.0,0.964311,0.411637,0.785807,24.7885,"main_cat IN ('Camera & Photo', 'Computers', 'Cell Phones &amp; Accessories')"
1267,0.270385,5,0.484777,0.705465,post_filter,False,0.8146,1.0,0.972847,0.484777,0.732204,25.1869,"main_cat IN ('Home Audio & Theater', 'Books', 'Tools & Home Improvement')"
1268,0.751008,19,0.536923,0.935746,post_filter,False,0.8975,1.0,0.970085,0.536923,0.93918,25.0385,"overall IN (1,2,5)"
1269,0.092237,0,0.420672,0.450692,post_filter,False,0.857,1.0,0.971433,0.420672,0.502766,25.1684,main_cat='Home Audio &amp; Theater' AND overall>=3.0
1270,0.952472,21,1.0,0.965705,post_filter,True,0.8055,1.0,0.973151,1.0,0.96645,25.0225,"overall IN (1,3,4,5)"
1271,0.389743,11,0.6561,0.870982,post_filter,False,1.0093,1.0,0.966357,0.6561,0.88052,25.0716,overall<=4.0
1272,0.906777,21,1.0,0.96645,post_filter,True,1.0962,1.0,0.963461,1.0,0.966151,25.1508,overall>=2.0
1273,0.300422,7,0.531441,0.853523,post_filter,False,0.4556,0.0,0.0,0.531441,0.768171,25.1723,"main_cat IN ('All Electronics', 'Books', 'Sports & Outdoors')"
1274,0.092237,0,0.420672,0.502766,post_filter,False,0.7223,0.9,0.568336,0.420672,0.509323,25.2085,main_cat='Home Audio &amp; Theater' AND overall>=3.0
1275,0.680906,18,0.552527,0.863031,post_filter,False,0.6294,1.0,0.979019,0.552527,0.87463,24.9285,"overall IN (3,5)"
1276,0.821657,20,0.490008,0.940621,post_filter,False,0.9537,0.9,0.563843,0.490008,0.902943,24.9272,"overall IN (1,2,3,5)"
1277,0.881823,20,0.490008,0.902943,post_filter,False,0.7229,1.0,0.975904,0.490008,0.910239,25.0942,"overall IN (1,4,5)"
1278,0.180604,1,0.411637,0.785807,post_filter,False,0.8225,1.0,0.972582,0.411637,0.804485,25.1252,"main_cat IN ('Camera & Photo', 'Computers', 'Cell Phones &amp; Accessories')"
1279,0.073033,0,0.420672,0.509323,post_filter,False,0.626,0.8,0.175592,0.420672,0.47595,25.3146,brand='Tiffen'
1280,0.230635,3,0.473354,0.610058,post_filter,False,0.9908,0.9,0.563124,0.473354,0.605364,24.9642,"main_cat IN ('Camera & Photo', 'Camera &amp; Photo', 'Cell Phones &amp; Accessories')"
1281,0.319094,7,0.531441,0.768171,post_filter,False,0.8042,0.9,0.566746,0.531441,0.748028,24.9626,"overall IN (1,2,4)"
1282,0.774129,19,0.536923,0.93918,post_filter,False,0.8816,1.0,0.970613,0.536923,0.942323,24.9798,"overall IN (1,3,5)"
1283,0.728433,19,0.536923,0.942323,post_filter,False,0.7541,1.0,0.974864,0.536923,0.945577,25.0679,"overall IN (2,3,5)"
1284,0.728433,19,0.536923,0.945577,post_filter,False,0.8942,1.0,0.970193,0.536923,0.948039,24.866,"overall IN (2,3,5)"
1285,0.073033,0,0.420672,0.47595,post_filter,False,0.509,0.9,0.572476,0.420672,0.485603,24.9293,brand='Tiffen'
1286,0.906777,21,1.0,0.966151,post_filter,True,0.4363,1.0,0.985457,1.0,0.968081,24.739,overall>=2.0
1287,0.092237,0,0.420672,0.485603,post_filter,False,1.0282,1.0,0.965728,0.420672,0.533615,25.0209,main_cat='Home Audio &amp; Theater' AND overall>=3.0
1288,0.180604,1,0.411637,0.804485,post_filter,False,1.0591,1.0,0.964697,0.411637,0.820506,25.0916,"main_cat IN ('Camera & Photo', 'Computers', 'Cell Phones &amp; Accessories')"
1289,0.859249,20,0.490008,0.910239,post_filter,False,0.8032,1.0,0.973228,0.490008,0.916538,25.2664,overall>=3.0
1290,0.836128,20,0.490008,0.916538,post_filter,False,0.8253,1.0,0.972489,0.490008,0.922133,25.0752,"overall IN (2,4,5)"
1291,0.70348,19,0.536923,0.948039,post_filter,False,0.717,0.9,0.568438,0.536923,0.910079,25.1623,"overall IN (1,5)"
1292,0.821657,20,0.490008,0.922133,post_filter,False,0.6822,1.0,0.97726,0.490008,0.927646,24.971,"overall IN (1,2,3,5)"
1293,0.774129,19,0.536923,0.910079,post_filter,False,0.9165,1.0,0.969449,0.536923,0.916016,24.8414,"overall IN (1,3,5)"
1294,0.680906,18,0.552527,0.87463,post_filter,False,0.8889,1.0,0.970369,0.552527,0.884204,24.8243,"overall IN (3,5)"
1295,0.180604,1,0.411637,0.820506,post_filter,False,0.5791,1.0,0.980697,0.411637,0.836525,25.2486,"main_cat IN ('Camera & Photo', 'Computers', 'Cell Phones &amp; Accessories')"
1296,0.610257,18,0.552527,0.884204,post_filter,False,0.1217,0.0,0.0,0.552527,0.795784,24.9479,overall>=5.0
1297,0.180604,1,0.411637,0.836525,post_filter,False,0.8482,1.0,0.971725,0.411637,0.850045,24.9841,"main_cat IN ('Camera & Photo', 'Computers', 'Cell Phones &amp; Accessories')"
1298,0.906777,21,1.0,0.968081,post_filter,True,0.808,1.0,0.973068,1.0,0.96858,25.1382,overall>=2.0
1299,0.952472,21,1.0,0.96858,post_filter,True,0.8431,1.0,0.971897,1.0,0.968912,25.181,"overall IN (1,3,4,5)"
1300,0.270385,5,0.484777,0.732204,post_filter,False,0.9726,1.0,0.967579,0.484777,0.755741,25.1118,"main_cat IN ('Home Audio & Theater', 'Books', 'Tools & Home Improvement')"
1301,0.248992,4,0.697144,0.831739,post_filter,False,0.9663,1.0,0.96779,0.697144,0.845345,32.4892,"overall IN (3,4)"
1302,0.952472,21,1.0,0.968912,post_filter,True,0.8998,1.0,0.970008,1.0,0.969021,25.1635,"overall IN (1,3,4,5)"
1303,0.050727,0,0.420672,0.533615,post_filter,False,0.5426,1.0,0.981914,0.420672,0.578445,24.9706,"main_cat IN ('Computers', 'Tools & Home Improvement')"
1304,0.180604,1,0.411637,0.850045,post_filter,False,0.938,1.0,0.968735,0.411637,0.861914,25.0867,"main_cat IN ('Camera & Photo', 'Computers', 'Cell Phones &amp; Accessories')"
1305,0.952472,21,1.0,0.969021,post_filter,True,0.6627,1.0,0.977908,1.0,0.96991,25.0318,"overall IN (1,3,4,5)"
1306,0.180604,1,0.411637,0.861914,post_filter,False,1.0358,1.0,0.965474,0.411637,0.87227,25.2452,"main_cat IN ('Camera & Photo', 'Computers', 'Cell Phones &amp; Accessories')"
1307,0.821657,20,0.490008,0.927646,post_filter,False,0.9467,1.0,0.968443,0.490008,0.931726,24.9021,"overall IN (1,2,3,5)"
1308,0.12068,1,0.411637,0.87227,post_filter,False,1.0983,0.9,0.561037,0.411637,0.841147,24.9905,"main_cat IN ('Camera &amp; Photo', 'Cell Phones &amp; Accessories', 'Tools & Home Improvement')"
1309,0.821657,20,0.490008,0.931726,post_filter,False,0.7494,1.0,0.975021,0.490008,0.936055,24.7332,"overall IN (1,2,3,5)"
1310,0.836128,20,0.490008,0.936055,post_filter,False,0.83,1.0,0.972332,0.490008,0.939683,24.9863,"overall IN (2,4,5)"
1311,0.610257,18,0.552527,0.795784,post_filter,False,0.924,1.0,0.9692,0.552527,0.813125,25.0871,overall>=5.0
1312,0.952472,21,1.0,0.96991,post_filter,True,0.8232,1.0,0.972561,1.0,0.970175,25.1038,"overall IN (1,3,4,5)"
1313,0.210713,2,0.572817,0.722495,post_filter,False,0.7913,0.9,0.566995,0.572817,0.706945,24.9623,"main_cat IN ('Camera & Photo', 'Camera &amp; Photo')"
1314,0.7886,19,0.536923,0.916016,post_filter,False,0.679,1.0,0.977367,0.536923,0.922151,24.9588,overall>=4.0
1315,0.728433,19,0.536923,0.922151,post_filter,False,0.531,1.0,0.9823,0.536923,0.928166,25.115,"overall IN (2,3,5)"
1316,0.7886,19,0.536923,0.928166,post_filter,False,0.4468,0.0,0.0,0.536923,0.835349,24.8445,overall>=4.0
1317,0.180604,1,0.411637,0.841147,post_filter,False,0.9087,1.0,0.96971,0.411637,0.854003,25.063,"main_cat IN ('Camera & Photo', 'Computers', 'Cell Phones &amp; Accessories')"
1318,0.319094,7,0.531441,0.748028,post_filter,False,0.8794,1.0,0.970686,0.531441,0.770294,24.8859,"overall IN (1,2,4)"
1319,0.952472,21,1.0,0.970175,post_filter,True,0.431,0.8889,0.506936,1.0,0.923851,24.9725,"overall IN (1,3,4,5)"
1320,0.210713,2,0.572817,0.706945,post_filter,False,0.9127,1.0,0.969578,0.572817,0.733208,24.9654,"main_cat IN ('Camera & Photo', 'Camera &amp; Photo')"
1321,0.680906,18,0.552527,0.813125,pre_filter,False,42.2062,1.0,0.0,0.497275,0.813125,24.9005,"overall IN (3,5)"
1322,0.270385,5,0.484777,0.755741,post_filter,False,0.9642,0.7,0.045662,0.484777,0.684733,25.1956,"main_cat IN ('Home Audio & Theater', 'Books', 'Tools & Home Improvement')"
1323,0.836128,20,0.490008,0.939683,post_filter,False,0.7744,1.0,0.974188,0.490008,0.943133,25.3551,"overall IN (2,4,5)"
1324,0.248992,4,0.697144,0.845345,post_filter,False,1.0644,1.0,0.964521,0.697144,0.857262,25.0426,"overall IN (3,4)"
1325,0.319094,7,0.531441,0.770294,post_filter,False,0.5614,0.9,0.571459,0.531441,0.75041,25.2355,"overall IN (1,2,4)"
1326,0.389743,11,0.6561,0.88052,post_filter,False,0.6421,1.0,0.978597,0.6561,0.890328,25.2763,overall<=4.0
1327,0.680906,18,0.497275,0.813125,post_filter,False,0.6678,0.9,0.569393,0.497275,0.788752,25.2152,"overall IN (3,5)"
1328,0.751008,19,0.536923,0.835349,post_filter,False,0.9073,1.0,0.969757,0.536923,0.84879,25.0328,"overall IN (1,2,5)"
1329,0.300422,7,0.531441,0.75041,post_filter,False,0.5365,1.0,0.982118,0.531441,0.773581,25.251,"main_cat IN ('All Electronics', 'Books', 'Sports & Outdoors')"
1330,0.248992,4,0.697144,0.857262,post_filter,False,0.6957,1.0,0.97681,0.697144,0.869217,24.9925,"overall IN (3,4)"
1331,0.230635,3,0.473354,0.605364,post_filter,False,1.0362,1.0,0.96546,0.473354,0.641374,25.2519,"main_cat IN ('Camera & Photo', 'Camera &amp; Photo', 'Cell Phones &amp; Accessories')"
1332,0.300422,7,0.531441,0.773581,post_filter,False,0.7044,1.0,0.976519,0.531441,0.793875,25.1427,"main_cat IN ('All Electronics', 'Books', 'Sports & Outdoors')"
1333,0.658182,18,0.497275,0.788752,post_filter,False,0.908,1.0,0.969735,0.497275,0.80685,24.898,verified=true AND overall>=3.0
1334,0.929351,21,1.0,0.923851,post_filter,True,0.8567,1.0,0.971444,1.0,0.928611,25.2512,"overall IN (1,2,4,5)"
1335,0.610257,18,0.497275,0.80685,post_filter,False,0.953,0.9,0.563856,0.497275,0.782551,25.093,overall>=5.0
1336,0.389743,11,0.6561,0.890328,post_filter,False,1.001,1.0,0.966632,0.6561,0.897958,25.0447,overall<=4.0
1337,0.12068,1,0.411637,0.854003,post_filter,False,1.0585,0.7,0.045514,0.411637,0.773154,25.2691,"main_cat IN ('Camera &amp; Photo', 'Cell Phones &amp; Accessories', 'Tools & Home Improvement')"
1338,0.859249,20,0.490008,0.943133,post_filter,False,0.7137,1.0,0.97621,0.490008,0.946441,25.1427,overall>=3.0
1339,0.821657,20,0.490008,0.946441,post_filter,False,0.3051,0.2,0.0,0.490008,0.851797,25.2112,"overall IN (1,2,3,5)"
1340,0.610257,18,0.497275,0.782551,post_filter,False,0.5432,1.0,0.981894,0.497275,0.802485,25.2375,overall>=5.0
1341,0.836128,20,0.490008,0.851797,post_filter,False,0.4421,1.0,0.985264,0.490008,0.865144,25.1481,"overall IN (2,4,5)"
1342,0.881823,20,0.490008,0.865144,post_filter,False,0.78,1.0,0.974001,0.490008,0.876029,24.8825,"overall IN (1,4,5)"
1343,0.270385,5,0.484777,0.684733,post_filter,False,0.8363,0.9,0.566122,0.484777,0.672872,25.1111,"main_cat IN ('Home Audio & Theater', 'Books', 'Tools & Home Improvement')"
1344,0.952472,21,1.0,0.928611,post_filter,True,0.8902,1.0,0.970326,1.0,0.932782,24.9332,"overall IN (1,3,4,5)"
1345,0.180604,1,0.411637,0.773154,post_filter,False,0.8655,1.0,0.971151,0.411637,0.792954,25.283,"main_cat IN ('Camera & Photo', 'Computers', 'Cell Phones &amp; Accessories')"
1346,0.300422,7,0.531441,0.793875,post_filter,False,0.9398,0.9,0.564114,0.531441,0.770899,25.06,"main_cat IN ('All Electronics', 'Books', 'Sports & Outdoors')"
1347,0.270385,5,0.484777,0.672872,post_filter,False,0.9475,1.0,0.968417,0.484777,0.702427,25.3253,"main_cat IN ('Home Audio & Theater', 'Books', 'Tools & Home Improvement')"
1348,0.339351,8,0.683817,0.879323,post_filter,False,0.8217,1.0,0.972608,0.683817,0.888651,25.0197,"main_cat IN ('Home Audio & Theater', 'Camera &amp; Photo', 'Sports & Outdoors')"
1349,0.073033,0,0.420672,0.578445,post_filter,False,0.9978,1.0,0.96674,0.420672,0.617274,24.9226,brand='Tiffen'
1350,0.70348,19,0.536923,0.84879,post_filter,False,0.5531,1.0,0.981563,0.536923,0.862067,25.0997,"overall IN (1,5)"
1351,0.906777,21,1.0,0.932782,post_filter,True,0.8851,1.0,0.970496,1.0,0.936554,25.1845,overall>=2.0
1352,0.210713,2,0.572817,0.733208,post_filter,False,0.1412,0.0,0.0,0.572817,0.659887,25.1814,"main_cat IN ('Camera & Photo', 'Camera &amp; Photo')"
1353,0.821657,20,0.490008,0.876029,post_filter,False,0.7752,1.0,0.97416,0.490008,0.885842,25.1511,"overall IN (1,2,3,5)"
1354,0.140751,1,0.411637,0.792954,post_filter,False,0.684,0.0,0.0,0.411637,0.713658,27.1311,overall<=2.0
1355,0.050727,0,0.420672,0.617274,post_filter,False,0.9243,1.0,0.969189,0.420672,0.652466,24.9756,"main_cat IN ('Computers', 'Tools & Home Improvement')"
1356,0.230635,3,0.473354,0.641374,post_filter,False,0.8174,1.0,0.972754,0.473354,0.674512,24.7853,"main_cat IN ('Camera & Photo', 'Camera &amp; Photo', 'Cell Phones &amp; Accessories')"
1357,0.680906,18,0.497275,0.802485,post_filter,False,0.926,1.0,0.969132,0.497275,0.81915,25.1044,"overall IN (3,5)"
1358,0.952472,21,1.0,0.936554,post_filter,True,0.8655,1.0,0.971151,1.0,0.940013,24.9747,"overall IN (1,3,4,5)"
1359,0.70348,19,0.536923,0.862067,post_filter,False,0.9948,1.0,0.96684,0.536923,0.872545,25.0875,"overall IN (1,5)"
1360,0.70348,19,0.536923,0.872545,post_filter,False,0.7025,1.0,0.976582,0.536923,0.882948,25.0692,"overall IN (1,5)"
1361,0.821657,20,0.490008,0.885842,post_filter,False,0.9025,1.0,0.969915,0.490008,0.89425,24.9992,"overall IN (1,2,3,5)"
1362,0.339351,8,0.683817,0.888651,post_filter,False,0.8128,1.0,0.972907,0.683817,0.897077,25.0758,"main_cat IN ('Home Audio & Theater', 'Camera &amp; Photo', 'Sports & Outdoors')"
1363,0.248992,4,0.697144,0.869217,post_filter,False,0.7324,1.0,0.975586,0.697144,0.879854,25.2903,"overall IN (3,4)"
1364,0.140751,1,0.411637,0.713658,post_filter,False,0.7226,0.9,0.568329,0.411637,0.699125,25.5724,overall<=2.0
1365,0.180604,1,0.411637,0.699125,post_filter,False,0.7653,1.0,0.974492,0.411637,0.726662,25.0475,"main_cat IN ('Camera & Photo', 'Computers', 'Cell Phones &amp; Accessories')"
1366,0.270385,5,0.484777,0.702427,post_filter,False,0.4335,0.0,0.0,0.484777,0.632184,25.2487,"main_cat IN ('Home Audio & Theater', 'Books', 'Tools & Home Improvement')"
1367,0.210713,2,0.572817,0.659887,post_filter,False,0.5101,0.6,0.009927,0.572817,0.594891,25.0072,"main_cat IN ('Camera & Photo', 'Camera &amp; Photo')"
1368,0.319094,7,0.531441,0.770899,post_filter,False,0.656,1.0,0.978132,0.531441,0.791622,24.9883,"overall IN (1,2,4)"
1369,0.70348,19,0.536923,0.882948,post_filter,False,0.6932,1.0,0.976893,0.536923,0.892343,25.0393,"overall IN (1,5)"
1370,0.881823,20,0.490008,0.89425,post_filter,False,0.684,1.0,0.977199,0.490008,0.902545,25.1464,"overall IN (1,4,5)"
1371,0.210713,2,0.572817,0.594891,post_filter,False,0.2693,0.6,0.010008,0.572817,0.536403,25.0812,"main_cat IN ('Camera & Photo', 'Camera &amp; Photo')"
1372,0.610257,18,0.497275,0.81915,post_filter,False,0.6882,1.0,0.977061,0.497275,0.834941,25.3506,overall>=5.0
1373,0.680906,18,0.497275,0.834941,post_filter,False,0.8227,0.8,0.174416,0.497275,0.768889,24.8571,"overall IN (3,5)"
1374,0.751008,19,0.536923,0.892343,post_filter,False,0.8379,1.0,0.972071,0.536923,0.900316,24.779,"overall IN (1,2,5)"
1375,0.774129,19,0.536923,0.900316,post_filter,False,0.7763,1.0,0.974124,0.536923,0.907696,25.0616,"overall IN (1,3,5)"
1376,0.270385,5,0.484777,0.632184,post_filter,False,0.8793,1.0,0.970689,0.484777,0.666034,24.8828,"main_cat IN ('Home Audio & Theater', 'Books', 'Tools & Home Improvement')"
1377,0.230635,3,0.473354,0.674512,post_filter,False,0.8279,1.0,0.972403,0.473354,0.704301,24.9196,"main_cat IN ('Camera & Photo', 'Camera &amp; Photo', 'Cell Phones &amp; Accessories')"
1378,0.836128,20,0.490008,0.902545,post_filter,False,0.7928,1.0,0.973574,0.490008,0.909647,24.966,"overall IN (2,4,5)"
1379,0.881823,20,0.490008,0.909647,post_filter,False,0.7243,1.0,0.975856,0.490008,0.916268,25.235,"overall IN (1,4,5)"
1380,0.610257,18,0.497275,0.768889,post_filter,False,0.4118,1.0,0.986272,0.497275,0.790627,24.9529,overall>=5.0
1381,0.821657,20,0.490008,0.916268,post_filter,False,0.8826,1.0,0.970581,0.490008,0.9217,25.0414,"overall IN (1,2,3,5)"
1382,0.751008,19,0.536923,0.907696,post_filter,False,0.4152,1.0,0.986158,0.536923,0.915543,25.0175,"overall IN (1,2,5)"
1383,0.821657,20,0.490008,0.9217,post_filter,False,0.8912,1.0,0.970292,0.490008,0.926559,24.9712,"overall IN (1,2,3,5)"
1384,0.610257,18,0.497275,0.790627,post_filter,False,0.8994,1.0,0.970021,0.497275,0.808566,24.8043,overall>=5.0
1385,0.389743,11,0.6561,0.897958,post_filter,False,0.7183,1.0,0.976056,0.6561,0.905768,25.317,overall<=4.0
1386,0.160682,1,0.411637,0.726662,post_filter,False,0.5731,1.0,0.980896,0.411637,0.752085,25.1865,"main_cat IN ('Camera & Photo', 'Computers')"
1387,0.821657,20,0.490008,0.926559,post_filter,False,0.8173,1.0,0.972756,0.490008,0.931178,25.0373,"overall IN (1,2,3,5)"
1388,0.859249,20,0.490008,0.931178,pre_filter,False,52.3225,1.0,0.0,0.441007,0.931178,25.2695,overall>=3.0
1389,0.300422,7,0.531441,0.791622,post_filter,False,0.79,1.0,0.973667,0.531441,0.809827,25.0627,"main_cat IN ('All Electronics', 'Books', 'Sports & Outdoors')"
1390,0.160682,1,0.411637,0.752085,post_filter,False,0.4685,0.9,0.573261,0.411637,0.734203,25.226,"main_cat IN ('Camera & Photo', 'Computers')"
1391,0.140751,1,0.411637,0.734203,post_filter,False,0.8288,0.2,0.0,0.411637,0.660783,27.3101,overall<=2.0
1392,0.821657,20,0.441007,0.931178,post_filter,False,0.9983,1.0,0.966722,0.441007,0.934733,24.8489,"overall IN (1,2,3,5)"
1393,0.680906,18,0.497275,0.808566,post_filter,False,0.7546,1.0,0.974846,0.497275,0.825194,25.2308,"overall IN (3,5)"
1394,0.610257,18,0.497275,0.825194,post_filter,False,1.0083,1.0,0.96639,0.497275,0.839314,24.7126,overall>=5.0
1395,0.160682,1,0.411637,0.660783,post_filter,False,0.8286,1.0,0.972379,0.411637,0.691942,24.9191,"main_cat IN ('Camera & Photo', 'Computers')"
1396,0.952472,21,1.0,0.940013,post_filter,True,0.834,1.0,0.972201,1.0,0.943232,24.7949,"overall IN (1,3,4,5)"
1397,0.929351,21,1.0,0.943232,post_filter,True,0.8268,1.0,0.972439,1.0,0.946153,25.3661,"overall IN (1,2,4,5)"
1398,0.680906,18,0.497275,0.839314,post_filter,False,0.8963,1.0,0.970122,0.497275,0.852395,24.8249,"overall IN (3,5)"
1399,0.751008,19,0.536923,0.915543,post_filter,False,0.9099,0.9,0.564693,0.536923,0.880458,24.8103,"overall IN (1,2,5)"
1400,0.073033,0,0.420672,0.652466,post_filter,False,0.9096,0.8,0.173897,0.420672,0.604609,25.238,brand='Tiffen'
1401,0.658182,18,0.497275,0.852395,post_filter,False,0.5304,0.8,0.176164,0.497275,0.784772,24.9368,verified=true AND overall>=3.0
1402,0.073033,0,0.420672,0.604609,post_filter,False,1.0645,0.8,0.172971,0.420672,0.561445,25.1705,brand='Tiffen'
1403,0.881823,20,0.441007,0.934733,post_filter,False,0.7788,1.0,0.97404,0.441007,0.938664,24.9894,"overall IN (1,4,5)"
1404,0.906777,21,1.0,0.946153,post_filter,True,0.8213,0.9,0.566414,1.0,0.908179,25.1015,overall>=2.0
1405,0.092237,0,0.420672,0.561445,post_filter,False,0.3367,0.2,0.0,0.420672,0.505301,24.9685,main_cat='Home Audio &amp; Theater' AND overall>=3.0
1406,0.881823,20,0.441007,0.938664,post_filter,False,1.0057,1.0,0.966478,0.441007,0.941445,24.9431,"overall IN (1,4,5)"
1407,0.774129,19,0.536923,0.880458,post_filter,False,0.4381,1.0,0.985396,0.536923,0.890951,32.1799,"overall IN (1,3,5)"
1408,0.073033,0,0.420672,0.505301,post_filter,False,1.093,0.2,0.0,0.420672,0.454771,25.6328,brand='Tiffen'
1409,0.836128,20,0.441007,0.941445,post_filter,False,0.7689,1.0,0.974371,0.441007,0.944738,25.1666,"overall IN (2,4,5)"
1410,0.050727,0,0.420672,0.454771,post_filter,False,0.9647,0.9,0.563631,0.420672,0.465657,25.1056,"main_cat IN ('Computers', 'Tools & Home Improvement')"
1411,0.339351,8,0.683817,0.897077,post_filter,False,0.9051,1.0,0.969831,0.683817,0.904352,24.7692,"main_cat IN ('Home Audio & Theater', 'Camera &amp; Photo', 'Sports & Outdoors')"
1412,0.140751,1,0.411637,0.691942,post_filter,False,1.1345,0.3,9e-06,0.411637,0.622749,26.644,overall<=2.0
1413,0.881823,20,0.441007,0.944738,post_filter,False,0.8582,0.9,0.565697,0.441007,0.906834,24.7642,"overall IN (1,4,5)"
1414,0.751008,19,0.536923,0.890951,post_filter,False,0.762,1.0,0.974599,0.536923,0.899316,24.8329,"overall IN (1,2,5)"
1415,0.210713,2,0.572817,0.536403,pre_filter,False,37.4879,1.0,0.0,0.515536,0.536403,24.9551,"main_cat IN ('Camera & Photo', 'Camera &amp; Photo')"
1416,0.092237,0,0.420672,0.465657,post_filter,False,1.0835,1.0,0.963885,0.420672,0.515479,25.0809,main_cat='Home Audio &amp; Theater' AND overall>=3.0
1417,0.7886,19,0.536923,0.899316,post_filter,False,0.9568,1.0,0.968106,0.536923,0.906195,24.8545,overall>=4.0
1418,0.140751,1,0.411637,0.622749,post_filter,False,0.8116,1.0,0.972946,0.411637,0.657769,24.8378,overall<=2.0
1419,0.050727,0,0.420672,0.515479,pre_filter,False,8.1035,1.0,0.729883,0.451593,0.515479,25.0826,"main_cat IN ('Computers', 'Tools & Home Improvement')"
1420,0.180604,1,0.411637,0.657769,post_filter,False,0.434,1.0,0.985533,0.411637,0.690545,25.3006,"main_cat IN ('Camera & Photo', 'Computers', 'Cell Phones &amp; Accessories')"
1421,0.658182,18,0.497275,0.784772,post_filter,False,0.8057,1.0,0.973143,0.497275,0.803609,24.8558,verified=true AND overall>=3.0
1422,0.389743,11,0.6561,0.905768,post_filter,False,0.8383,1.0,0.972056,0.6561,0.912397,25.1957,overall<=4.0
1423,0.300422,7,0.531441,0.809827,post_filter,False,0.7415,1.0,0.975283,0.531441,0.826372,25.185,"main_cat IN ('All Electronics', 'Books', 'Sports & Outdoors')"
1424,0.073033,0,0.451593,0.515479,post_filter,False,0.4737,0.0,0.0,0.451593,0.463932,25.2169,brand='Tiffen'
1425,0.728433,19,0.536923,0.906195,post_filter,False,0.8363,1.0,0.972125,0.536923,0.912788,24.968,"overall IN (2,3,5)"
1426,0.751008,19,0.536923,0.912788,post_filter,False,0.8579,1.0,0.971403,0.536923,0.91865,24.7367,"overall IN (1,2,5)"
1427,0.774129,19,0.536923,0.91865,post_filter,False,0.8826,1.0,0.970579,0.536923,0.923843,25.1737,"overall IN (1,3,5)"
1428,0.952472,21,1.0,0.908179,post_filter,True,0.9041,1.0,0.969864,1.0,0.914347,25.1357,"overall IN (1,3,4,5)"
1429,0.728433,19,0.536923,0.923843,post_filter,False,0.8391,1.0,0.972031,0.536923,0.928661,25.0512,"overall IN (2,3,5)"
1430,0.952472,21,1.0,0.914347,post_filter,True,0.8458,1.0,0.971806,1.0,0.920093,24.9138,"overall IN (1,3,4,5)"
1431,0.610257,18,0.497275,0.803609,post_filter,False,0.9303,1.0,0.96899,0.497275,0.820147,24.9066,overall>=5.0
1432,0.774129,19,0.536923,0.928661,post_filter,False,0.6698,1.0,0.977675,0.536923,0.933563,25.2138,"overall IN (1,3,5)"
1433,0.610257,18,0.497275,0.820147,post_filter,False,1.3316,0.6,0.009651,0.497275,0.739097,25.2513,overall>=5.0
1434,0.050727,0,0.451593,0.463932,post_filter,False,1.1422,0.1,0.0,0.451593,0.417538,26.2793,"main_cat IN ('Computers', 'Tools & Home Improvement')"
1435,0.050727,0,0.451593,0.417538,pre_filter,False,3.7197,1.0,0.876008,0.494034,0.417538,25.2025,"main_cat IN ('Computers', 'Tools & Home Improvement')"
1436,0.680906,18,0.497275,0.739097,post_filter,False,0.5408,1.0,0.981974,0.497275,0.763385,25.0336,"overall IN (3,5)"
1437,0.680906,18,0.497275,0.763385,post_filter,False,1.0594,1.0,0.964686,0.497275,0.783515,24.9394,"overall IN (3,5)"
1438,0.339351,8,0.683817,0.904352,post_filter,False,0.8655,1.0,0.971149,0.683817,0.911032,24.9507,"main_cat IN ('Home Audio & Theater', 'Camera &amp; Photo', 'Sports & Outdoors')"
1439,0.050727,0,0.494034,0.417538,pre_filter,False,7.198,1.0,0.760067,0.520638,0.417538,25.1589,"main_cat IN ('Computers', 'Tools & Home Improvement')"
1440,0.050727,0,0.520638,0.417538,pre_filter,False,8.8259,0.7,0.033299,0.471904,0.417538,24.8561,"main_cat IN ('Computers', 'Tools & Home Improvement')"
1441,0.658182,18,0.497275,0.783515,post_filter,False,0.1963,0.6,0.010033,0.497275,0.706167,25.0134,verified=true AND overall>=3.0
1442,0.821657,20,0.441007,0.906834,post_filter,False,0.8215,1.0,0.972618,0.441007,0.913412,24.9014,"overall IN (1,2,3,5)"
1443,0.230635,3,0.473354,0.704301,post_filter,False,0.935,0.9,0.564207,0.473354,0.690292,25.0754,"main_cat IN ('Camera & Photo', 'Camera &amp; Photo', 'Cell Phones &amp; Accessories')"
1444,0.680906,18,0.497275,0.706167,post_filter,False,0.8842,1.0,0.970526,0.497275,0.732603,25.0528,"overall IN (3,5)"
1445,0.248992,4,0.697144,0.879854,post_filter,False,0.827,1.0,0.972435,0.697144,0.889112,25.2642,"overall IN (3,4)"
1446,0.050727,0,0.471904,0.417538,pre_filter,False,10.0147,1.0,0.666176,0.491331,0.417538,25.0643,"main_cat IN ('Computers', 'Tools & Home Improvement')"
1447,0.658182,18,0.497275,0.732603,post_filter,False,0.6237,1.0,0.97921,0.497275,0.757263,25.2133,verified=true AND overall>=3.0
1448,0.881823,20,0.441007,0.913412,post_filter,False,0.8225,1.0,0.972583,0.441007,0.919329,25.1393,"overall IN (1,4,5)"
1449,0.7886,19,0.536923,0.933563,post_filter,False,0.8981,1.0,0.970064,0.536923,0.937213,25.333,overall>=4.0
1450,0.774129,19,0.536923,0.937213,post_filter,False,0.7941,1.0,0.973529,0.536923,0.940844,25.1031,"overall IN (1,3,5)"
1451,0.339351,8,0.683817,0.911032,post_filter,False,0.8879,1.0,0.970403,0.683817,0.916969,25.1979,"main_cat IN ('Home Audio & Theater', 'Camera &amp; Photo', 'Sports & Outdoors')"
1452,0.859249,20,0.441007,0.919329,post_filter,False,0.9279,1.0,0.969071,0.441007,0.924303,24.8939,overall>=3.0
1453,0.952472,21,1.0,0.920093,post_filter,True,0.8933,1.0,0.970224,1.0,0.925106,25.1288,"overall IN (1,3,4,5)"
1454,0.160682,1,0.411637,0.690545,post_filter,False,0.7554,1.0,0.974821,0.411637,0.718973,25.1946,"main_cat IN ('Camera & Photo', 'Computers')"
1455,0.12068,1,0.411637,0.718973,post_filter,False,1.0301,0.9,0.56236,0.411637,0.703312,25.0877,"main_cat IN ('Camera &amp; Photo', 'Cell Phones &amp; Accessories', 'Tools & Home Improvement')"
1456,0.952472,21,1.0,0.925106,post_filter,True,0.8962,1.0,0.970126,1.0,0.929608,24.9949,"overall IN (1,3,4,5)"
1457,0.12068,1,0.411637,0.703312,post_filter,False,0.7035,1.0,0.97655,0.411637,0.730635,25.0097,"main_cat IN ('Camera &amp; Photo', 'Cell Phones &amp; Accessories', 'Tools & Home Improvement')"
1458,0.658182,18,0.497275,0.757263,post_filter,False,0.6826,1.0,0.977246,0.497275,0.779262,25.2356,verified=true AND overall>=3.0
1459,0.140751,1,0.411637,0.730635,post_filter,False,0.7418,0.1,0.0,0.411637,0.657572,27.2266,overall<=2.0
1460,0.210713,2,0.515536,0.536403,post_filter,False,0.7205,1.0,0.975982,0.515536,0.580361,24.9325,"main_cat IN ('Camera & Photo', 'Camera &amp; Photo')"
1461,0.180604,1,0.411637,0.657572,post_filter,False,0.7786,0.8,0.17468,0.411637,0.609283,24.9559,"main_cat IN ('Camera & Photo', 'Computers', 'Cell Phones &amp; Accessories')"
1462,0.728433,19,0.536923,0.940844,post_filter,False,0.7117,1.0,0.976275,0.536923,0.944388,24.8502,"overall IN (2,3,5)"
1463,0.658182,18,0.497275,0.779262,post_filter,False,0.8003,1.0,0.973324,0.497275,0.798668,25.0613,verified=true AND overall>=3.0
1464,0.230635,3,0.473354,0.690292,post_filter,False,0.1322,0.0,0.0,0.473354,0.621262,24.9955,"main_cat IN ('Camera & Photo', 'Camera &amp; Photo', 'Cell Phones &amp; Accessories')"
1465,0.881823,20,0.441007,0.924303,post_filter,False,0.3962,1.0,0.986794,0.441007,0.930552,25.1921,"overall IN (1,4,5)"
1466,0.300422,7,0.531441,0.826372,post_filter,False,0.7527,1.0,0.97491,0.531441,0.841226,24.8675,"main_cat IN ('All Electronics', 'Books', 'Sports & Outdoors')"
1467,0.230635,3,0.473354,0.621262,post_filter,False,0.8317,0.9,0.566212,0.473354,0.615757,25.0597,"main_cat IN ('Camera & Photo', 'Camera &amp; Photo', 'Cell Phones &amp; Accessories')"
1468,0.859249,20,0.441007,0.930552,post_filter,False,0.8214,1.0,0.972619,0.441007,0.934759,24.7465,overall>=3.0
1469,0.319094,7,0.531441,0.841226,post_filter,False,0.9005,1.0,0.969983,0.531441,0.854102,25.0085,"overall IN (1,2,4)"
1470,0.092237,0,0.491331,0.417538,pre_filter,False,12.1417,0.9,0.346664,0.476864,0.417538,25.1787,main_cat='Home Audio &amp; Theater' AND overall>=3.0
1471,0.300422,7,0.531441,0.854102,post_filter,False,0.4514,0.0,0.0,0.531441,0.768692,24.9594,"main_cat IN ('All Electronics', 'Books', 'Sports & Outdoors')"
1472,0.319094,7,0.531441,0.768692,post_filter,False,1.0361,1.0,0.965464,0.531441,0.788369,24.7203,"overall IN (1,2,4)"
1473,0.389743,11,0.6561,0.912397,post_filter,False,0.8365,0.9,0.566119,0.6561,0.877769,25.0085,overall<=4.0
1474,0.70348,19,0.536923,0.944388,post_filter,False,0.4098,1.0,0.986339,0.536923,0.948583,24.847,"overall IN (1,5)"
1475,0.210713,2,0.515536,0.580361,post_filter,False,0.8588,1.0,0.971372,0.515536,0.619462,25.0664,"main_cat IN ('Camera & Photo', 'Camera &amp; Photo')"
1476,0.7886,19,0.536923,0.948583,post_filter,False,0.8826,1.0,0.970579,0.536923,0.950782,24.8684,overall>=4.0
1477,0.210713,2,0.515536,0.619462,post_filter,False,0.4207,0.9,0.574191,0.515536,0.614935,25.2447,"main_cat IN ('Camera & Photo', 'Camera &amp; Photo')"
1478,0.248992,4,0.697144,0.889112,post_filter,False,0.7606,1.0,0.974647,0.697144,0.897665,25.1058,"overall IN (3,4)"
1479,0.774129,19,0.536923,0.950782,post_filter,False,0.9106,1.0,0.969647,0.536923,0.952669,25.1286,"overall IN (1,3,5)"
1480,0.881823,20,0.441007,0.934759,post_filter,False,0.3046,1.0,0.989846,0.441007,0.940268,25.104,"overall IN (1,4,5)"
1481,0.906777,21,1.0,0.929608,post_filter,True,0.4332,0.0,0.0,1.0,0.836647,25.1648,overall>=2.0
1482,0.092237,0,0.476864,0.417538,pre_filter,False,17.3182,1.0,0.422728,0.471451,0.417538,25.163,main_cat='Home Audio &amp; Theater' AND overall>=3.0
1483,0.751008,19,0.536923,0.952669,post_filter,False,0.877,1.0,0.970768,0.536923,0.954479,25.0215,"overall IN (1,2,5)"
1484,0.906777,21,1.0,0.836647,post_filter,True,0.9071,1.0,0.969764,1.0,0.849959,25.0491,overall>=2.0
1485,0.751008,19,0.536923,0.954479,post_filter,False,0.8815,1.0,0.970618,0.536923,0.956093,24.95,"overall IN (1,2,5)"
1486,0.836128,20,0.441007,0.940268,post_filter,False,0.8337,1.0,0.972211,0.441007,0.943462,25.0963,"overall IN (2,4,5)"
1487,0.073033,0,0.471451,0.417538,pre_filter,False,13.1802,0.7,0.026451,0.426951,0.417538,25.5364,brand='Tiffen'
1488,0.092237,0,0.426951,0.417538,pre_filter,False,5.3841,0.5,0.001338,0.384389,0.417538,25.1137,main_cat='Home Audio &amp; Theater' AND overall>=3.0
1489,0.319094,7,0.531441,0.788369,post_filter,False,0.7837,1.0,0.973876,0.531441,0.80692,25.1927,"overall IN (1,2,4)"
1490,0.319094,7,0.531441,0.80692,post_filter,False,0.7829,1.0,0.973903,0.531441,0.823618,25.1882,"overall IN (1,2,4)"
1491,0.319094,7,0.531441,0.823618,post_filter,False,0.571,0.8,0.175921,0.531441,0.758848,25.1442,"overall IN (1,2,4)"
1492,0.680906,18,0.497275,0.798668,post_filter,False,0.6955,1.0,0.976818,0.497275,0.816483,24.9992,"overall IN (3,5)"
1493,0.610257,18,0.497275,0.816483,post_filter,False,0.9768,1.0,0.96744,0.497275,0.831579,25.2983,overall>=5.0
1494,0.073033,0,0.384389,0.417538,post_filter,False,0.3769,1.0,0.987437,0.384389,0.474528,25.0773,brand='Tiffen'
1495,0.751008,19,0.536923,0.956093,post_filter,False,0.779,1.0,0.974035,0.536923,0.957887,25.2935,"overall IN (1,2,5)"
1496,0.050727,0,0.384389,0.474528,post_filter,False,1.1013,1.0,0.963289,0.384389,0.523404,25.1472,"main_cat IN ('Computers', 'Tools & Home Improvement')"
1497,0.7886,19,0.536923,0.957887,post_filter,False,0.8485,1.0,0.971718,0.536923,0.95927,25.1528,overall>=4.0
1498,0.160682,1,0.411637,0.609283,post_filter,False,0.5935,1.0,0.980215,0.411637,0.646376,25.4346,"main_cat IN ('Camera & Photo', 'Computers')"
1499,0.092237,0,0.384389,0.523404,post_filter,False,1.1774,0.8,0.172296,0.384389,0.488294,25.5793,main_cat='Home Audio &amp; Theater' AND overall>=3.0
1500,0.610257,18,0.497275,0.831579,post_filter,False,0.8039,1.0,0.973203,0.497275,0.845741,25.0256,overall>=5.0
1501,0.906777,21,1.0,0.849959,post_filter,True,0.9367,1.0,0.968778,1.0,0.861841,24.7592,overall>=2.0
1502,0.339351,8,0.683817,0.916969,post_filter,False,0.8659,1.0,0.971137,0.683817,0.922386,25.1576,"main_cat IN ('Home Audio & Theater', 'Camera &amp; Photo', 'Sports & Outdoors')"
1503,0.751008,19,0.536923,0.95927,post_filter,False,0.3703,0.9,0.575169,0.536923,0.92086,25.1366,"overall IN (1,2,5)"
1504,0.859249,20,0.441007,0.943462,post_filter,False,0.3783,0.0,0.0,0.441007,0.849116,25.0194,overall>=3.0
1505,0.270385,5,0.484777,0.666034,post_filter,False,0.3669,0.6,0.009975,0.484777,0.600429,24.9328,"main_cat IN ('Home Audio & Theater', 'Books', 'Tools & Home Improvement')"
1506,0.70348,19,0.536923,0.92086,post_filter,False,0.5491,1.0,0.981696,0.536923,0.926944,25.2935,"overall IN (1,5)"
1507,0.906777,21,1.0,0.861841,post_filter,True,0.8858,1.0,0.970472,1.0,0.872704,25.1533,overall>=2.0
1508,0.12068,1,0.411637,0.646376,post_filter,False,0.4063,1.0,0.986456,0.411637,0.680384,25.2661,"main_cat IN ('Camera &amp; Photo', 'Cell Phones &amp; Accessories', 'Tools & Home Improvement')"
1509,0.929351,21,1.0,0.872704,post_filter,True,0.7765,1.0,0.974118,1.0,0.882845,25.3179,"overall IN (1,2,4,5)"
1510,0.658182,18,0.497275,0.845741,post_filter,False,0.9182,1.0,0.969393,0.497275,0.858106,24.9723,verified=true AND overall>=3.0
1511,0.952472,21,1.0,0.882845,post_filter,True,0.8726,1.0,0.970913,1.0,0.891652,24.9805,"overall IN (1,3,4,5)"
1512,0.073033,0,0.384389,0.488294,post_filter,False,0.8459,0.3,1e-05,0.384389,0.439465,25.2203,brand='Tiffen'
1513,0.210713,2,0.515536,0.614935,post_filter,False,0.9991,1.0,0.966696,0.515536,0.650111,25.0451,"main_cat IN ('Camera & Photo', 'Camera &amp; Photo')"
1514,0.180604,1,0.411637,0.680384,post_filter,False,0.3598,1.0,0.988006,0.411637,0.711146,25.0059,"main_cat IN ('Camera & Photo', 'Computers', 'Cell Phones &amp; Accessories')"
1515,0.929351,21,1.0,0.891652,post_filter,True,0.1238,0.0,0.0,1.0,0.802487,25.0131,"overall IN (1,2,4,5)"
1516,0.906777,21,1.0,0.802487,post_filter,True,0.8868,1.0,0.97044,1.0,0.819282,35.4242,overall>=2.0
1517,0.7886,19,0.536923,0.926944,post_filter,False,0.8172,1.0,0.972761,0.536923,0.931525,25.1593,overall>=4.0
1518,0.929351,21,1.0,0.819282,post_filter,True,0.7326,1.0,0.975579,1.0,0.834912,25.038,"overall IN (1,2,4,5)"
1519,0.70348,19,0.536923,0.931525,post_filter,False,0.7966,1.0,0.973447,0.536923,0.935717,25.1789,"overall IN (1,5)"
1520,0.610257,18,0.497275,0.858106,post_filter,False,0.8992,1.0,0.970026,0.497275,0.869298,24.9735,overall>=5.0
1521,0.230635,3,0.473354,0.615757,post_filter,False,0.4372,1.0,0.985426,0.473354,0.652724,25.2069,"main_cat IN ('Camera & Photo', 'Camera &amp; Photo', 'Cell Phones &amp; Accessories')"
1522,0.073033,0,0.384389,0.439465,pre_filter,False,13.2732,1.0,0.55756,0.401706,0.439465,24.889,brand='Tiffen'
1523,0.952472,21,1.0,0.834912,post_filter,True,0.8192,0.9,0.566454,1.0,0.808066,24.9245,"overall IN (1,3,4,5)"
1524,0.092237,0,0.401706,0.439465,post_filter,False,1.1455,0.2,0.0,0.401706,0.395519,25.1202,main_cat='Home Audio &amp; Theater' AND overall>=3.0
1525,0.774129,19,0.536923,0.935717,post_filter,False,0.328,0.0,0.0,0.536923,0.842146,24.9081,"overall IN (1,3,5)"
1526,0.952472,21,1.0,0.808066,post_filter,True,0.2984,0.0,0.0,1.0,0.72726,25.0675,"overall IN (1,3,4,5)"
1527,0.230635,3,0.473354,0.652724,post_filter,False,0.7469,1.0,0.975104,0.473354,0.684962,25.2435,"main_cat IN ('Camera & Photo', 'Camera &amp; Photo', 'Cell Phones &amp; Accessories')"
1528,0.929351,21,1.0,0.72726,post_filter,True,0.7868,1.0,0.973774,1.0,0.751911,24.8847,"overall IN (1,2,4,5)"
1529,0.680906,18,0.497275,0.869298,post_filter,False,0.288,1.0,0.9904,0.497275,0.881408,24.8032,"overall IN (3,5)"
1530,0.70348,19,0.536923,0.842146,post_filter,False,0.983,1.0,0.967232,0.536923,0.854654,24.8657,"overall IN (1,5)"
1531,0.774129,19,0.536923,0.854654,post_filter,False,0.6924,1.0,0.976921,0.536923,0.866881,24.7656,"overall IN (1,3,5)"
1532,0.073033,0,0.401706,0.395519,pre_filter,False,15.5042,0.9,0.281392,0.389675,0.395519,24.969,brand='Tiffen'
1533,0.160682,1,0.411637,0.711146,post_filter,False,0.8868,0.9,0.565142,0.411637,0.696546,24.8276,"main_cat IN ('Camera & Photo', 'Computers')"
1534,0.952472,21,1.0,0.751911,post_filter,True,0.7794,1.0,0.974021,1.0,0.774122,25.2224,"overall IN (1,3,4,5)"
1535,0.906777,21,1.0,0.774122,post_filter,True,0.7149,1.0,0.976171,1.0,0.794327,24.8353,overall>=2.0
1536,0.270385,5,0.484777,0.600429,post_filter,False,0.4496,1.0,0.985013,0.484777,0.638887,24.9893,"main_cat IN ('Home Audio & Theater', 'Books', 'Tools & Home Improvement')"
1537,0.050727,0,0.389675,0.395519,pre_filter,False,4.862,0.8,0.15027,0.365735,0.395519,24.9121,"main_cat IN ('Computers', 'Tools & Home Improvement')"
1538,0.180604,1,0.411637,0.696546,post_filter,False,0.971,0.6,0.009772,0.411637,0.627868,24.9166,"main_cat IN ('Camera & Photo', 'Computers', 'Cell Phones &amp; Accessories')"
1539,0.70348,19,0.536923,0.866881,post_filter,False,0.9108,1.0,0.96964,0.536923,0.877157,25.0475,"overall IN (1,5)"
1540,0.140751,1,0.411637,0.627868,post_filter,False,0.989,1.0,0.967035,0.411637,0.661785,24.9345,overall<=2.0
1541,0.836128,20,0.441007,0.849116,post_filter,False,0.6726,1.0,0.977579,0.441007,0.861962,25.1919,"overall IN (2,4,5)"
1542,0.881823,20,0.441007,0.861962,post_filter,False,0.8372,1.0,0.972094,0.441007,0.872975,24.852,"overall IN (1,4,5)"
1543,0.7886,19,0.536923,0.877157,post_filter,False,0.8855,1.0,0.970482,0.536923,0.886489,24.7798,overall>=4.0
1544,0.881823,20,0.441007,0.872975,post_filter,False,0.7917,1.0,0.973611,0.441007,0.883039,25.0259,"overall IN (1,4,5)"
1545,0.319094,7,0.531441,0.758848,post_filter,False,0.6493,1.0,0.978357,0.531441,0.780799,25.2012,"overall IN (1,2,4)"
1546,0.952472,21,1.0,0.794327,post_filter,True,0.7783,1.0,0.974056,1.0,0.8123,25.1064,"overall IN (1,3,4,5)"
1547,0.092237,0,0.365735,0.395519,post_filter,False,0.8671,1.0,0.971096,0.365735,0.453076,25.1466,main_cat='Home Audio &amp; Theater' AND overall>=3.0
1548,0.248992,4,0.697144,0.897665,post_filter,False,0.2562,1.0,0.991461,0.697144,0.907045,25.051,"overall IN (3,4)"
1549,0.160682,1,0.411637,0.661785,post_filter,False,0.843,1.0,0.971899,0.411637,0.692796,25.0919,"main_cat IN ('Camera & Photo', 'Computers')"
1550,0.70348,19,0.536923,0.886489,post_filter,False,0.6991,1.0,0.976697,0.536923,0.89551,25.1513,"overall IN (1,5)"
1551,0.210713,2,0.515536,0.650111,post_filter,False,0.9879,1.0,0.967069,0.515536,0.681807,25.1669,"main_cat IN ('Camera & Photo', 'Camera &amp; Photo')"
1552,0.70348,19,0.536923,0.89551,post_filter,False,0.9897,1.0,0.96701,0.536923,0.90266,25.1356,"overall IN (1,5)"
1553,0.881823,20,0.441007,0.883039,post_filter,False,0.8327,1.0,0.972243,0.441007,0.891959,25.072,"overall IN (1,4,5)"
1554,0.906777,21,1.0,0.8123,post_filter,True,0.7511,1.0,0.974963,1.0,0.828566,25.2865,overall>=2.0
1555,0.319094,7,0.531441,0.780799,post_filter,False,0.7569,1.0,0.974771,0.531441,0.800196,25.0023,"overall IN (1,2,4)"
1556,0.774129,19,0.536923,0.90266,post_filter,False,0.4605,1.0,0.984651,0.536923,0.910859,25.1894,"overall IN (1,3,5)"
1557,0.929351,21,1.0,0.828566,post_filter,True,0.5757,1.0,0.980808,1.0,0.84379,25.2188,"overall IN (1,2,4,5)"
1558,0.680906,18,0.497275,0.881408,post_filter,False,0.9846,1.0,0.967179,0.497275,0.889986,24.8313,"overall IN (3,5)"
1559,0.270385,5,0.484777,0.638887,post_filter,False,0.8726,1.0,0.970914,0.484777,0.67209,25.1175,"main_cat IN ('Home Audio & Theater', 'Books', 'Tools & Home Improvement')"
1560,0.319094,7,0.531441,0.800196,pre_filter,False,1.4342,0.0,0.0,0.478297,0.800196,25.316,"overall IN (1,2,4)"
1561,0.836128,20,0.441007,0.891959,post_filter,False,0.1226,0.0,0.0,0.441007,0.802763,25.2958,"overall IN (2,4,5)"
1562,0.821657,20,0.441007,0.802763,post_filter,False,0.9399,1.0,0.968669,0.441007,0.819354,25.1247,"overall IN (1,2,3,5)"
1563,0.140751,1,0.411637,0.692796,post_filter,False,0.9551,1.0,0.968164,0.411637,0.720333,25.1503,overall<=2.0
1564,0.859249,20,0.441007,0.819354,post_filter,False,0.8291,1.0,0.972364,0.441007,0.834655,25.1838,overall>=3.0
1565,0.7886,19,0.536923,0.910859,post_filter,False,0.6419,1.0,0.978604,0.536923,0.917634,25.1931,overall>=4.0
1566,0.821657,20,0.441007,0.834655,post_filter,False,0.855,1.0,0.971499,0.441007,0.848339,25.0491,"overall IN (1,2,3,5)"
1567,0.092237,0,0.365735,0.453076,post_filter,False,1.1403,1.0,0.96199,0.365735,0.503968,24.9535,main_cat='Home Audio &amp; Theater' AND overall>=3.0
1568,0.658182,18,0.497275,0.889986,post_filter,False,0.5275,1.0,0.982415,0.497275,0.899229,25.2204,verified=true AND overall>=3.0
1569,0.821657,20,0.441007,0.848339,post_filter,False,0.6828,1.0,0.97724,0.441007,0.861229,25.0733,"overall IN (1,2,3,5)"
1570,0.300422,7,0.478297,0.800196,post_filter,False,0.8957,1.0,0.970143,0.478297,0.817191,25.0707,"main_cat IN ('All Electronics', 'Books', 'Sports & Outdoors')"
1571,0.073033,0,0.365735,0.503968,post_filter,False,0.9384,0.8,0.173725,0.365735,0.470943,25.2445,brand='Tiffen'
1572,0.12068,1,0.411637,0.720333,post_filter,False,0.7163,1.0,0.976122,0.411637,0.745912,25.3004,"main_cat IN ('Camera &amp; Photo', 'Cell Phones &amp; Accessories', 'Tools & Home Improvement')"
1573,0.339351,8,0.683817,0.922386,post_filter,False,0.7179,1.0,0.976071,0.683817,0.927754,25.1725,"main_cat IN ('Home Audio & Theater', 'Camera &amp; Photo', 'Sports & Outdoors')"
1574,0.210713,2,0.515536,0.681807,post_filter,False,1.147,0.6,0.009713,0.515536,0.614597,25.3991,"main_cat IN ('Camera & Photo', 'Camera &amp; Photo')"
1575,0.881823,20,0.441007,0.861229,post_filter,False,1.103,1.0,0.963235,0.441007,0.87143,25.1271,"overall IN (1,4,5)"
1576,0.092237,0,0.365735,0.470943,pre_filter,False,14.3738,1.0,0.520874,0.381248,0.470943,25.1695,main_cat='Home Audio &amp; Theater' AND overall>=3.0
1577,0.270385,5,0.484777,0.67209,post_filter,False,0.7902,1.0,0.97366,0.484777,0.702247,25.4108,"main_cat IN ('Home Audio & Theater', 'Books', 'Tools & Home Improvement')"
1578,0.728433,19,0.536923,0.917634,post_filter,False,0.8176,1.0,0.972747,0.536923,0.923145,24.9322,"overall IN (2,3,5)"
1579,0.836128,20,0.441007,0.87143,post_filter,False,0.9257,1.0,0.969143,0.441007,0.881201,24.8649,"overall IN (2,4,5)"
1580,0.728433,19,0.536923,0.923145,post_filter,False,0.9444,1.0,0.968519,0.536923,0.927683,24.8985,"overall IN (2,3,5)"
1581,0.728433,19,0.536923,0.927683,post_filter,False,0.1197,0.0,0.0,0.536923,0.834914,25.1346,"overall IN (2,3,5)"
1582,0.319094,7,0.478297,0.817191,post_filter,False,0.8769,1.0,0.970769,0.478297,0.832549,24.9772,"overall IN (1,2,4)"
1583,0.836128,20,0.441007,0.881201,post_filter,False,0.5844,1.0,0.980519,0.441007,0.891133,25.1607,"overall IN (2,4,5)"
1584,0.270385,5,0.484777,0.702247,post_filter,False,0.7374,1.0,0.975419,0.484777,0.729564,24.8552,"main_cat IN ('Home Audio & Theater', 'Books', 'Tools & Home Improvement')"
1585,0.050727,0,0.381248,0.470943,post_filter,False,1.0453,0.8,0.173086,0.381248,0.441158,25.1708,"main_cat IN ('Computers', 'Tools & Home Improvement')"
1586,0.751008,19,0.536923,0.834914,post_filter,False,0.2995,0.7,0.046708,0.536923,0.756094,25.2337,"overall IN (1,2,5)"
1587,0.230635,3,0.473354,0.684962,post_filter,False,0.6925,1.0,0.976917,0.473354,0.714158,25.1217,"main_cat IN ('Camera & Photo', 'Camera &amp; Photo', 'Cell Phones &amp; Accessories')"
1588,0.859249,20,0.441007,0.891133,post_filter,False,0.9209,1.0,0.969304,0.441007,0.89895,24.8402,overall>=3.0
1589,0.389743,11,0.6561,0.877769,post_filter,False,0.8709,1.0,0.970971,0.6561,0.887089,24.969,overall<=4.0
1590,0.610257,18,0.497275,0.899229,post_filter,False,0.5773,1.0,0.980757,0.497275,0.907381,25.2067,overall>=5.0
1591,0.210713,2,0.515536,0.614597,post_filter,False,0.8553,1.0,0.97149,0.515536,0.650287,24.9795,"main_cat IN ('Camera & Photo', 'Camera &amp; Photo')"
1592,0.300422,7,0.478297,0.832549,post_filter,False,0.5596,1.0,0.981346,0.478297,0.847429,25.2782,"main_cat IN ('All Electronics', 'Books', 'Sports & Outdoors')"
1593,0.680906,18,0.497275,0.907381,post_filter,False,0.7719,1.0,0.974271,0.497275,0.91407,24.8551,"overall IN (3,5)"
1594,0.319094,7,0.478297,0.847429,post_filter,False,0.9766,1.0,0.967447,0.478297,0.85943,24.9524,"overall IN (1,2,4)"
1595,0.339351,8,0.683817,0.927754,post_filter,False,0.2538,0.0,0.0,0.683817,0.834979,25.0802,"main_cat IN ('Home Audio & Theater', 'Camera &amp; Photo', 'Sports & Outdoors')"
1596,0.160682,1,0.411637,0.745912,post_filter,False,0.6715,1.0,0.977615,0.411637,0.769082,24.8435,"main_cat IN ('Camera & Photo', 'Computers')"
1597,0.774129,19,0.536923,0.756094,post_filter,False,0.5422,0.9,0.571831,0.536923,0.737667,25.302,"overall IN (1,3,5)"
1598,0.70348,19,0.536923,0.737667,post_filter,False,0.5515,1.0,0.981618,0.536923,0.762062,25.2018,"overall IN (1,5)"
1599,0.774129,19,0.536923,0.762062,pre_filter,False,55.8745,1.0,0.0,0.483231,0.762062,25.0274,"overall IN (1,3,5)"
1600,0.319094,7,0.478297,0.85943,post_filter,False,0.7657,1.0,0.974476,0.478297,0.870935,24.8931,"overall IN (1,2,4)"
1601,0.092237,0,0.381248,0.441158,post_filter,False,0.9199,1.0,0.969336,0.381248,0.493976,25.1179,main_cat='Home Audio &amp; Theater' AND overall>=3.0
1602,0.836128,20,0.441007,0.89895,post_filter,False,0.7898,1.0,0.973672,0.441007,0.906422,25.0213,"overall IN (2,4,5)"
1603,0.728433,19,0.483231,0.762062,post_filter,False,0.6257,0.9,0.57021,0.483231,0.742877,25.1006,"overall IN (2,3,5)"
1604,0.248992,4,0.697144,0.907045,post_filter,False,0.7853,1.0,0.973825,0.697144,0.913723,24.8641,"overall IN (3,4)"
1605,0.859249,20,0.441007,0.906422,post_filter,False,0.7757,1.0,0.974143,0.441007,0.913194,24.8336,overall>=3.0
1606,0.210713,2,0.515536,0.650287,post_filter,False,0.6023,0.5,0.001598,0.515536,0.585418,25.199,"main_cat IN ('Camera & Photo', 'Camera &amp; Photo')"
1607,0.7886,19,0.483231,0.742877,post_filter,False,0.2013,0.0,0.0,0.483231,0.668589,24.8765,overall>=4.0
1608,0.092237,0,0.381248,0.493976,post_filter,False,1.0156,0.6,0.009757,0.381248,0.445554,25.477,main_cat='Home Audio &amp; Theater' AND overall>=3.0
1609,0.092237,0,0.381248,0.445554,post_filter,False,1.0261,1.0,0.965797,0.381248,0.497578,25.038,main_cat='Home Audio &amp; Theater' AND overall>=3.0
1610,0.230635,3,0.473354,0.714158,post_filter,False,0.9932,1.0,0.966893,0.473354,0.739431,25.0184,"main_cat IN ('Camera & Photo', 'Camera &amp; Photo', 'Cell Phones &amp; Accessories')"
1611,0.140751,1,0.411637,0.769082,post_filter,False,1.1351,0.9,0.560323,0.411637,0.748206,25.309,overall<=2.0
1612,0.319094,7,0.478297,0.870935,post_filter,False,0.4887,0.0,0.0,0.478297,0.783841,25.1196,"overall IN (1,2,4)"
1613,0.7886,19,0.483231,0.668589,post_filter,False,0.8411,1.0,0.971962,0.483231,0.698927,25.0417,overall>=4.0
1614,0.859249,20,0.441007,0.913194,post_filter,False,0.4183,0.0,0.0,0.441007,0.821875,25.1489,overall>=3.0
1615,0.751008,19,0.483231,0.698927,post_filter,False,1.0091,1.0,0.966362,0.483231,0.72567,25.3024,"overall IN (1,2,5)"
1616,0.140751,1,0.411637,0.748206,post_filter,False,1.2773,0.4,0.000168,0.411637,0.673402,26.0348,overall<=2.0
1617,0.821657,20,0.441007,0.821875,post_filter,False,0.8768,1.0,0.970774,0.441007,0.836765,25.0131,"overall IN (1,2,3,5)"
1618,0.319094,7,0.478297,0.783841,post_filter,False,0.9857,1.0,0.967142,0.478297,0.802171,25.0479,"overall IN (1,2,4)"
1619,0.270385,5,0.484777,0.729564,post_filter,False,0.8839,1.0,0.970537,0.484777,0.753661,25.0598,"main_cat IN ('Home Audio & Theater', 'Books', 'Tools & Home Improvement')"
1620,0.300422,7,0.478297,0.802171,post_filter,False,1.047,1.0,0.965101,0.478297,0.818464,25.1344,"main_cat IN ('All Electronics', 'Books', 'Sports & Outdoors')"
1621,0.12068,1,0.411637,0.673402,post_filter,False,0.6962,1.0,0.976793,0.411637,0.703742,24.7218,"main_cat IN ('Camera &amp; Photo', 'Cell Phones &amp; Accessories', 'Tools & Home Improvement')"
1622,0.092237,0,0.381248,0.497578,post_filter,False,0.8081,1.0,0.973064,0.381248,0.545127,25.3749,main_cat='Home Audio &amp; Theater' AND overall>=3.0
1623,0.050727,0,0.381248,0.545127,post_filter,False,1.3048,0.8,0.171534,0.381248,0.507767,25.3752,"main_cat IN ('Computers', 'Tools & Home Improvement')"
1624,0.248992,4,0.697144,0.913723,post_filter,False,0.8033,1.0,0.973222,0.697144,0.919673,25.2705,"overall IN (3,4)"
1625,0.389743,11,0.6561,0.887089,post_filter,False,1.0827,1.0,0.963911,0.6561,0.894771,25.0348,overall<=4.0
1626,0.300422,7,0.478297,0.818464,post_filter,False,0.2674,1.0,0.991087,0.478297,0.835727,31.251,"main_cat IN ('All Electronics', 'Books', 'Sports & Outdoors')"
1627,0.836128,20,0.441007,0.836765,post_filter,False,1.458,1.0,0.951399,0.441007,0.848228,25.1131,"overall IN (2,4,5)"
1628,0.230635,3,0.473354,0.739431,post_filter,False,0.9146,1.0,0.969514,0.473354,0.76244,24.9322,"main_cat IN ('Camera & Photo', 'Camera &amp; Photo', 'Cell Phones &amp; Accessories')"
1629,0.12068,1,0.411637,0.703742,post_filter,False,0.8223,1.0,0.972592,0.411637,0.730627,24.9247,"main_cat IN ('Camera &amp; Photo', 'Cell Phones &amp; Accessories', 'Tools & Home Improvement')"
1630,0.140751,1,0.411637,0.730627,post_filter,False,1.0897,0.4,0.000169,0.411637,0.657581,26.5121,overall<=2.0
1631,0.092237,0,0.381248,0.507767,post_filter,False,0.7374,0.9,0.568042,0.381248,0.513795,24.9958,main_cat='Home Audio &amp; Theater' AND overall>=3.0
1632,0.160682,1,0.411637,0.657581,post_filter,False,0.9032,1.0,0.969894,0.411637,0.688812,25.2086,"main_cat IN ('Camera & Photo', 'Computers')"
1633,0.339351,8,0.683817,0.834979,pre_filter,False,63.0065,1.0,0.0,0.615435,0.834979,24.8749,"main_cat IN ('Home Audio & Theater', 'Camera &amp; Photo', 'Sports & Outdoors')"
1634,0.389743,11,0.6561,0.894771,post_filter,False,0.8743,1.0,0.970857,0.6561,0.90238,24.9071,overall<=4.0
1635,0.680906,18,0.497275,0.91407,post_filter,False,0.7636,1.0,0.974547,0.497275,0.920118,24.9058,"overall IN (3,5)"
1636,0.680906,18,0.497275,0.920118,post_filter,False,0.7695,1.0,0.97435,0.497275,0.925541,24.8969,"overall IN (3,5)"
1637,0.658182,18,0.497275,0.925541,post_filter,False,0.4005,0.8,0.17694,0.497275,0.850681,24.9228,verified=true AND overall>=3.0
1638,0.339351,8,0.615435,0.834979,post_filter,False,0.82,1.0,0.972668,0.615435,0.848748,24.8957,"main_cat IN ('Home Audio & Theater', 'Camera &amp; Photo', 'Sports & Outdoors')"
1639,0.12068,1,0.411637,0.688812,post_filter,False,0.8172,1.0,0.972761,0.411637,0.717207,25.0177,"main_cat IN ('Camera &amp; Photo', 'Cell Phones &amp; Accessories', 'Tools & Home Improvement')"
1640,0.050727,0,0.381248,0.513795,post_filter,False,0.9298,1.0,0.969007,0.381248,0.559316,24.8039,"main_cat IN ('Computers', 'Tools & Home Improvement')"
1641,0.092237,0,0.381248,0.559316,post_filter,False,1.0888,1.0,0.963706,0.381248,0.599755,24.8645,main_cat='Home Audio &amp; Theater' AND overall>=3.0
1642,0.300422,7,0.478297,0.835727,post_filter,False,0.8028,1.0,0.973242,0.478297,0.849478,24.7683,"main_cat IN ('All Electronics', 'Books', 'Sports & Outdoors')"
1643,0.680906,18,0.497275,0.850681,post_filter,False,0.8012,1.0,0.973292,0.497275,0.862942,24.8586,"overall IN (3,5)"
1644,0.092237,0,0.381248,0.599755,post_filter,False,0.9986,0.9,0.562971,0.381248,0.596077,25.0441,main_cat='Home Audio &amp; Theater' AND overall>=3.0
1645,0.728433,19,0.483231,0.72567,post_filter,False,0.7227,1.0,0.975911,0.483231,0.750694,25.1873,"overall IN (2,3,5)"
1646,0.728433,19,0.483231,0.750694,post_filter,False,0.7332,1.0,0.97556,0.483231,0.773181,25.0207,"overall IN (2,3,5)"
1647,0.859249,20,0.441007,0.848228,post_filter,False,0.7972,1.0,0.973426,0.441007,0.860748,24.916,overall>=3.0
1648,0.270385,5,0.484777,0.753661,post_filter,False,1.022,0.9,0.562517,0.484777,0.734547,24.7691,"main_cat IN ('Home Audio & Theater', 'Books', 'Tools & Home Improvement')"
1649,0.906777,21,1.0,0.84379,post_filter,True,0.5735,1.0,0.980885,1.0,0.8575,24.9915,overall>=2.0
1650,0.319094,7,0.478297,0.849478,post_filter,False,0.7588,1.0,0.974708,0.478297,0.862001,24.92,"overall IN (1,2,4)"
1651,0.050727,0,0.381248,0.596077,post_filter,False,1.2027,0.8,0.172145,0.381248,0.553683,24.9922,"main_cat IN ('Computers', 'Tools & Home Improvement')"
1652,0.248992,4,0.697144,0.919673,post_filter,False,1.0003,0.9,0.562939,0.697144,0.884,25.4204,"overall IN (3,4)"
1653,0.339351,8,0.615435,0.848748,post_filter,False,0.8888,1.0,0.970375,0.615435,0.860911,24.8768,"main_cat IN ('Home Audio & Theater', 'Camera &amp; Photo', 'Sports & Outdoors')"
1654,0.319094,7,0.478297,0.862001,post_filter,False,0.5439,1.0,0.981871,0.478297,0.873988,25.1261,"overall IN (1,2,4)"
1655,0.836128,20,0.441007,0.860748,post_filter,False,0.7182,1.0,0.97606,0.441007,0.872279,25.035,"overall IN (2,4,5)"
1656,0.092237,0,0.381248,0.553683,post_filter,False,0.7315,1.0,0.975615,0.381248,0.595877,25.1582,main_cat='Home Audio &amp; Theater' AND overall>=3.0
1657,0.821657,20,0.441007,0.872279,post_filter,False,0.9132,1.0,0.969558,0.441007,0.882007,24.9544,"overall IN (1,2,3,5)"
1658,0.929351,21,1.0,0.8575,post_filter,True,0.809,1.0,0.973033,1.0,0.869053,25.0214,"overall IN (1,2,4,5)"
1659,0.680906,18,0.497275,0.862942,post_filter,False,0.886,1.0,0.970467,0.497275,0.873695,25.0113,"overall IN (3,5)"
1660,0.929351,21,1.0,0.869053,post_filter,True,0.7475,1.0,0.975083,1.0,0.879656,24.6925,"overall IN (1,2,4,5)"
1661,0.210713,2,0.515536,0.585418,post_filter,False,0.8373,1.0,0.972089,0.515536,0.624085,24.7602,"main_cat IN ('Camera & Photo', 'Camera &amp; Photo')"
1662,0.70348,19,0.483231,0.773181,post_filter,False,0.8385,1.0,0.972051,0.483231,0.793068,24.669,"overall IN (1,5)"
1663,0.658182,18,0.497275,0.873695,post_filter,False,0.844,1.0,0.971868,0.497275,0.883512,24.8983,verified=true AND overall>=3.0
1664,0.160682,1,0.411637,0.717207,post_filter,False,0.6213,1.0,0.979289,0.411637,0.743415,24.8804,"main_cat IN ('Camera & Photo', 'Computers')"
1665,0.774129,19,0.483231,0.793068,post_filter,False,0.7825,1.0,0.973917,0.483231,0.811153,24.8497,"overall IN (1,3,5)"
1666,0.319094,7,0.478297,0.873988,post_filter,False,0.464,1.0,0.984532,0.478297,0.885043,24.8778,"overall IN (1,2,4)"
1667,0.160682,1,0.411637,0.743415,post_filter,False,1.2825,0.6,0.009667,0.411637,0.67004,25.6103,"main_cat IN ('Camera & Photo', 'Computers')"
1668,0.140751,1,0.411637,0.67004,post_filter,False,1.3164,0.0,0.0,0.411637,0.603036,27.3818,overall<=2.0
1669,0.230635,3,0.473354,0.76244,post_filter,False,0.8573,1.0,0.971425,0.473354,0.783338,24.9861,"main_cat IN ('Camera & Photo', 'Camera &amp; Photo', 'Cell Phones &amp; Accessories')"
1670,0.248992,4,0.697144,0.884,post_filter,False,0.8631,1.0,0.971229,0.697144,0.892723,25.4829,"overall IN (3,4)"
1671,0.230635,3,0.473354,0.783338,post_filter,False,0.9525,0.9,0.563867,0.473354,0.761391,24.844,"main_cat IN ('Camera & Photo', 'Camera &amp; Photo', 'Cell Phones &amp; Accessories')"
1672,0.610257,18,0.497275,0.883512,post_filter,False,0.8377,1.0,0.972076,0.497275,0.892368,25.1234,overall>=5.0
1673,0.140751,1,0.411637,0.603036,post_filter,False,0.9237,0.1,0.0,0.411637,0.542733,27.2887,overall<=2.0
1674,0.092237,0,0.381248,0.595877,post_filter,False,0.9147,1.0,0.969508,0.381248,0.63324,25.0117,main_cat='Home Audio &amp; Theater' AND overall>=3.0
1675,0.160682,1,0.411637,0.542733,post_filter,False,0.5953,1.0,0.980158,0.411637,0.586475,25.0924,"main_cat IN ('Camera & Photo', 'Computers')"
1676,0.339351,8,0.615435,0.860911,post_filter,False,0.792,1.0,0.973599,0.615435,0.872179,24.9337,"main_cat IN ('Home Audio & Theater', 'Camera &amp; Photo', 'Sports & Outdoors')"
1677,0.230635,3,0.473354,0.761391,post_filter,False,0.9451,1.0,0.968497,0.473354,0.782102,24.9665,"main_cat IN ('Camera & Photo', 'Camera &amp; Photo', 'Cell Phones &amp; Accessories')"
1678,0.339351,8,0.615435,0.872179,post_filter,False,0.7845,0.8,0.174645,0.615435,0.802426,25.0115,"main_cat IN ('Home Audio & Theater', 'Camera &amp; Photo', 'Sports & Outdoors')"
1679,0.248992,4,0.697144,0.892723,post_filter,False,0.888,1.0,0.9704,0.697144,0.90049,25.0317,"overall IN (3,4)"
1680,0.610257,18,0.497275,0.892368,post_filter,False,0.9487,1.0,0.968376,0.497275,0.899969,25.0449,overall>=5.0
1681,0.859249,20,0.441007,0.882007,post_filter,False,0.9034,1.0,0.969886,0.441007,0.890795,25.3451,overall>=3.0
1682,0.092237,0,0.381248,0.63324,post_filter,False,0.6137,1.0,0.979542,0.381248,0.66787,25.4368,main_cat='Home Audio &amp; Theater' AND overall>=3.0
1683,0.300422,7,0.478297,0.885043,post_filter,False,0.9309,1.0,0.968971,0.478297,0.893435,24.8475,"main_cat IN ('All Electronics', 'Books', 'Sports & Outdoors')"
1684,0.230635,3,0.473354,0.782102,post_filter,False,1.0968,1.0,0.963439,0.473354,0.800235,24.9737,"main_cat IN ('Camera & Photo', 'Camera &amp; Photo', 'Cell Phones &amp; Accessories')"
1685,0.210713,2,0.515536,0.624085,post_filter,False,0.7185,1.0,0.976051,0.515536,0.659282,24.8005,"main_cat IN ('Camera & Photo', 'Camera &amp; Photo')"
1686,0.821657,20,0.441007,0.890795,post_filter,False,0.9206,1.0,0.969312,0.441007,0.898647,25.0499,"overall IN (1,2,3,5)"
1687,0.751008,19,0.483231,0.811153,post_filter,False,0.9268,1.0,0.969108,0.483231,0.826948,24.955,"overall IN (1,2,5)"
1688,0.610257,18,0.497275,0.899969,post_filter,False,0.7634,1.0,0.974554,0.497275,0.907428,25.0924,overall>=5.0
1689,0.728433,19,0.483231,0.826948,post_filter,False,0.8315,1.0,0.972282,0.483231,0.841482,24.8495,"overall IN (2,3,5)"
1690,0.728433,19,0.483231,0.841482,post_filter,False,0.9842,1.0,0.967193,0.483231,0.854053,25.0969,"overall IN (2,3,5)"
1691,0.180604,1,0.411637,0.586475,post_filter,False,0.9512,0.9,0.563891,0.411637,0.584217,25.0524,"main_cat IN ('Camera & Photo', 'Computers', 'Cell Phones &amp; Accessories')"
1692,0.389743,11,0.6561,0.90238,post_filter,False,0.6348,1.0,0.978839,0.6561,0.910026,25.0784,overall<=4.0
1693,0.12068,1,0.411637,0.584217,pre_filter,False,17.0714,1.0,0.430953,0.413569,0.584217,25.0745,"main_cat IN ('Camera &amp; Photo', 'Cell Phones &amp; Accessories', 'Tools & Home Improvement')"
1694,0.140751,1,0.413569,0.584217,post_filter,False,1.3697,0.8,0.171147,0.413569,0.54291,25.1925,overall<=2.0
1695,0.248992,4,0.697144,0.90049,post_filter,False,0.684,1.0,0.9772,0.697144,0.908161,25.0823,"overall IN (3,4)"
1696,0.050727,0,0.381248,0.66787,pre_filter,False,5.5675,1.0,0.814415,0.424565,0.66787,24.9815,"main_cat IN ('Computers', 'Tools & Home Improvement')"
1697,0.319094,7,0.478297,0.893435,post_filter,False,0.872,1.0,0.970935,0.478297,0.901185,24.7971,"overall IN (1,2,4)"
1698,0.270385,5,0.484777,0.734547,post_filter,False,0.4505,0.5,0.001607,0.484777,0.661253,24.9253,"main_cat IN ('Home Audio & Theater', 'Books', 'Tools & Home Improvement')"
1699,0.881823,20,0.441007,0.898647,post_filter,False,0.6595,1.0,0.978018,0.441007,0.906584,24.9864,"overall IN (1,4,5)"
1700,0.728433,19,0.483231,0.854053,post_filter,False,1.0365,1.0,0.96545,0.483231,0.865193,24.8518,"overall IN (2,3,5)"
1701,0.319094,7,0.478297,0.901185,post_filter,False,0.8666,1.0,0.971112,0.478297,0.908178,24.8398,"overall IN (1,2,4)"
1702,0.859249,20,0.441007,0.906584,post_filter,False,0.8657,0.9,0.565552,0.441007,0.872481,24.9377,overall>=3.0
1703,0.906777,21,1.0,0.879656,post_filter,True,0.8494,1.0,0.971687,1.0,0.888859,25.0317,overall>=2.0
1704,0.270385,5,0.484777,0.661253,post_filter,False,0.6905,1.0,0.976985,0.484777,0.692826,25.3218,"main_cat IN ('Home Audio & Theater', 'Books', 'Tools & Home Improvement')"
1705,0.389743,11,0.6561,0.910026,post_filter,False,0.566,1.0,0.981135,0.6561,0.917137,25.2569,overall<=4.0
1706,0.270385,5,0.484777,0.692826,post_filter,False,0.8987,1.0,0.970044,0.484777,0.720548,24.9309,"main_cat IN ('Home Audio & Theater', 'Books', 'Tools & Home Improvement')"
1707,0.339351,8,0.615435,0.802426,post_filter,False,0.8202,1.0,0.972661,0.615435,0.819449,25.2075,"main_cat IN ('Home Audio & Theater', 'Camera &amp; Photo', 'Sports & Outdoors')"
1708,0.881823,20,0.441007,0.872481,post_filter,False,0.8322,1.0,0.97226,0.441007,0.882459,25.0555,"overall IN (1,4,5)"
1709,0.881823,20,0.441007,0.882459,post_filter,False,1.031,1.0,0.965632,0.441007,0.890776,25.0481,"overall IN (1,4,5)"
1710,0.906777,21,1.0,0.888859,post_filter,True,0.6073,1.0,0.979758,1.0,0.897949,25.1712,overall>=2.0
1711,0.751008,19,0.483231,0.865193,post_filter,False,0.25,1.0,0.991667,0.483231,0.87784,25.1437,"overall IN (1,2,5)"
1712,0.728433,19,0.483231,0.87784,post_filter,False,0.9693,1.0,0.96769,0.483231,0.886825,24.7441,"overall IN (2,3,5)"
1713,0.140751,1,0.413569,0.54291,post_filter,False,0.987,0.8,0.173434,0.413569,0.505962,25.1315,overall<=2.0
1714,0.248992,4,0.697144,0.908161,post_filter,False,0.6811,1.0,0.977297,0.697144,0.915075,25.0225,"overall IN (3,4)"
1715,0.270385,5,0.484777,0.720548,post_filter,False,0.8459,1.0,0.971804,0.484777,0.745673,24.9327,"main_cat IN ('Home Audio & Theater', 'Books', 'Tools & Home Improvement')"
1716,0.728433,19,0.483231,0.886825,post_filter,False,0.8464,1.0,0.971787,0.483231,0.895321,24.8135,"overall IN (2,3,5)"
1717,0.7886,19,0.483231,0.895321,post_filter,False,0.7439,1.0,0.975203,0.483231,0.903309,24.8763,overall>=4.0
1718,0.180604,1,0.413569,0.505962,post_filter,False,0.8196,1.0,0.972681,0.413569,0.552634,24.9177,"main_cat IN ('Camera & Photo', 'Computers', 'Cell Phones &amp; Accessories')"
1719,0.610257,18,0.497275,0.907428,post_filter,False,0.8013,1.0,0.97329,0.497275,0.914014,25.1781,overall>=5.0
1720,0.270385,5,0.484777,0.745673,post_filter,False,0.8626,0.7,0.045822,0.484777,0.675688,25.2093,"main_cat IN ('Home Audio & Theater', 'Books', 'Tools & Home Improvement')"
1721,0.160682,1,0.413569,0.552634,post_filter,False,0.8276,0.7,0.045877,0.413569,0.501958,25.0765,"main_cat IN ('Camera & Photo', 'Computers')"
1722,0.319094,7,0.478297,0.908178,post_filter,False,0.545,1.0,0.981833,0.478297,0.915544,25.1627,"overall IN (1,2,4)"
1723,0.270385,5,0.484777,0.675688,post_filter,False,0.8903,1.0,0.970322,0.484777,0.705152,25.015,"main_cat IN ('Home Audio & Theater', 'Books', 'Tools & Home Improvement')"
1724,0.248992,4,0.697144,0.915075,post_filter,False,0.9427,1.0,0.968576,0.697144,0.920425,25.0274,"overall IN (3,4)"
1725,0.821657,20,0.441007,0.890776,post_filter,False,0.5402,1.0,0.981994,0.441007,0.899898,25.1329,"overall IN (1,2,3,5)"
1726,0.7886,19,0.483231,0.903309,post_filter,False,0.461,1.0,0.984633,0.483231,0.911442,25.1458,overall>=4.0
1727,0.751008,19,0.483231,0.911442,post_filter,False,0.841,1.0,0.971967,0.483231,0.917494,25.1556,"overall IN (1,2,5)"
1728,0.610257,18,0.497275,0.914014,post_filter,False,0.5773,1.0,0.980756,0.497275,0.920688,25.2836,overall>=5.0
1729,0.70348,19,0.483231,0.917494,post_filter,False,0.959,1.0,0.968033,0.483231,0.922548,25.1281,"overall IN (1,5)"
1730,0.859249,20,0.441007,0.899898,post_filter,False,1.0189,1.0,0.966037,0.441007,0.906512,24.8763,overall>=3.0
1731,0.210713,2,0.515536,0.659282,post_filter,False,0.9786,1.0,0.967381,0.515536,0.690092,25.1049,"main_cat IN ('Camera & Photo', 'Camera &amp; Photo')"
1732,0.270385,5,0.484777,0.705152,post_filter,False,0.98,1.0,0.967333,0.484777,0.73137,24.9238,"main_cat IN ('Home Audio & Theater', 'Books', 'Tools & Home Improvement')"
1733,0.319094,7,0.478297,0.915544,post_filter,False,0.8875,1.0,0.970415,0.478297,0.921031,24.8988,"overall IN (1,2,4)"
1734,0.230635,3,0.473354,0.800235,post_filter,False,1.0122,0.9,0.562709,0.473354,0.776483,24.9914,"main_cat IN ('Camera & Photo', 'Camera &amp; Photo', 'Cell Phones &amp; Accessories')"
1735,0.881823,20,0.441007,0.906512,post_filter,False,0.5387,1.0,0.982042,0.441007,0.914065,24.9748,"overall IN (1,4,5)"
1736,0.859249,20,0.441007,0.914065,post_filter,False,0.9754,1.0,0.967486,0.441007,0.919407,25.1314,overall>=3.0
1737,0.319094,7,0.478297,0.921031,post_filter,False,0.6328,1.0,0.978906,0.478297,0.926818,31.7568,"overall IN (1,2,4)"
1738,0.300422,7,0.478297,0.926818,post_filter,False,0.9197,1.0,0.969344,0.478297,0.931071,24.9677,"main_cat IN ('All Electronics', 'Books', 'Sports & Outdoors')"
1739,0.12068,1,0.413569,0.501958,post_filter,False,0.751,1.0,0.974968,0.413569,0.549259,25.1145,"main_cat IN ('Camera &amp; Photo', 'Cell Phones &amp; Accessories', 'Tools & Home Improvement')"
1740,0.952472,21,1.0,0.897949,post_filter,True,0.7729,1.0,0.974236,1.0,0.905578,25.1884,"overall IN (1,3,4,5)"
1741,0.70348,19,0.483231,0.922548,post_filter,False,0.8624,1.0,0.971254,0.483231,0.927419,25.2431,"overall IN (1,5)"
1742,0.180604,1,0.413569,0.549259,post_filter,False,0.9752,1.0,0.967494,0.413569,0.591083,24.8858,"main_cat IN ('Camera & Photo', 'Computers', 'Cell Phones &amp; Accessories')"
1743,0.70348,19,0.483231,0.927419,post_filter,False,0.7015,1.0,0.976618,0.483231,0.932339,25.1502,"overall IN (1,5)"
1744,0.680906,18,0.497275,0.920688,post_filter,False,0.9503,1.0,0.968322,0.497275,0.925452,25.1133,"overall IN (3,5)"
1745,0.160682,1,0.413569,0.591083,post_filter,False,0.868,1.0,0.971068,0.413569,0.629081,24.9407,"main_cat IN ('Camera & Photo', 'Computers')"
1746,0.774129,19,0.483231,0.932339,post_filter,False,0.6798,1.0,0.977339,0.483231,0.936839,29.8457,"overall IN (1,3,5)"
1747,0.836128,20,0.441007,0.919407,post_filter,False,0.7163,1.0,0.976122,0.441007,0.925078,25.4067,"overall IN (2,4,5)"
1748,0.680906,18,0.497275,0.925452,post_filter,False,0.5633,1.0,0.981222,0.497275,0.931029,25.0345,"overall IN (3,5)"
1749,0.050727,0,0.424565,0.66787,post_filter,False,0.3766,1.0,0.987447,0.424565,0.699828,25.302,"main_cat IN ('Computers', 'Tools & Home Improvement')"
1750,0.821657,20,0.441007,0.925078,post_filter,False,0.973,1.0,0.967565,0.441007,0.929327,25.0845,"overall IN (1,2,3,5)"
1751,0.389743,11,0.6561,0.917137,post_filter,False,0.8905,1.0,0.970317,0.6561,0.922455,25.5691,overall<=4.0
1752,0.7886,19,0.483231,0.936839,post_filter,False,0.8188,1.0,0.972707,0.483231,0.940426,24.9939,overall>=4.0
1753,0.180604,1,0.413569,0.629081,post_filter,False,0.6284,1.0,0.979053,0.413569,0.664079,25.1573,"main_cat IN ('Camera & Photo', 'Computers', 'Cell Phones &amp; Accessories')"
1754,0.389743,11,0.6561,0.922455,post_filter,False,0.9645,1.0,0.96785,0.6561,0.926994,24.9472,overall<=4.0
1755,0.859249,20,0.441007,0.929327,post_filter,False,0.6399,1.0,0.978671,0.441007,0.934262,25.2073,overall>=3.0
1756,0.248992,4,0.697144,0.920425,post_filter,False,0.7774,1.0,0.974087,0.697144,0.925791,24.9436,"overall IN (3,4)"
1757,0.881823,20,0.441007,0.934262,post_filter,False,0.7475,0.9,0.567847,0.441007,0.89762,24.8193,"overall IN (1,4,5)"
1758,0.7886,19,0.483231,0.940426,post_filter,False,0.7803,1.0,0.973989,0.483231,0.943782,24.9679,overall>=4.0
1759,0.092237,0,0.424565,0.699828,post_filter,False,0.6707,0.7,0.046124,0.424565,0.634457,25.2961,main_cat='Home Audio &amp; Theater' AND overall>=3.0
1760,0.881823,20,0.441007,0.89762,post_filter,False,0.7313,1.0,0.975625,0.441007,0.905421,24.9255,"overall IN (1,4,5)"
1761,0.906777,21,1.0,0.905578,post_filter,True,0.6717,1.0,0.977608,1.0,0.912781,24.9236,overall>=2.0
1762,0.859249,20,0.441007,0.905421,post_filter,False,0.5765,1.0,0.980782,0.441007,0.912957,24.9753,overall>=3.0
1763,0.859249,20,0.441007,0.912957,post_filter,False,0.9193,1.0,0.969358,0.441007,0.918597,24.7071,overall>=3.0
1764,0.339351,8,0.615435,0.819449,post_filter,False,0.8023,1.0,0.973256,0.615435,0.83483,25.0632,"main_cat IN ('Home Audio & Theater', 'Camera &amp; Photo', 'Sports & Outdoors')"
1765,0.774129,19,0.483231,0.943782,post_filter,False,0.3631,1.0,0.987897,0.483231,0.948193,25.0597,"overall IN (1,3,5)"
1766,0.610257,18,0.497275,0.931029,post_filter,False,0.7816,1.0,0.973946,0.497275,0.93532,25.1257,overall>=5.0
1767,0.140751,1,0.413569,0.664079,post_filter,False,1.1125,0.6,0.009724,0.413569,0.598643,25.4558,overall<=2.0
1768,0.751008,19,0.483231,0.948193,post_filter,False,0.5857,1.0,0.980478,0.483231,0.951422,25.135,"overall IN (1,2,5)"
1769,0.248992,4,0.697144,0.925791,post_filter,False,0.9584,1.0,0.968053,0.697144,0.930017,24.9908,"overall IN (3,4)"
1770,0.210713,2,0.515536,0.690092,post_filter,False,0.8389,1.0,0.972038,0.515536,0.718286,24.9261,"main_cat IN ('Camera & Photo', 'Camera &amp; Photo')"
1771,0.230635,3,0.473354,0.776483,post_filter,False,0.7631,1.0,0.974564,0.473354,0.796291,24.995,"main_cat IN ('Camera & Photo', 'Camera &amp; Photo', 'Cell Phones &amp; Accessories')"
1772,0.774129,19,0.483231,0.951422,post_filter,False,0.8211,1.0,0.972629,0.483231,0.953543,24.8751,"overall IN (1,3,5)"
1773,0.140751,1,0.413569,0.598643,post_filter,False,1.1427,0.6,0.009714,0.413569,0.53975,25.4779,overall<=2.0
1774,0.7886,19,0.483231,0.953543,post_filter,False,0.5681,1.0,0.981062,0.483231,0.956295,25.2377,overall>=4.0
1775,0.339351,8,0.615435,0.83483,post_filter,False,0.9242,1.0,0.969194,0.615435,0.848266,25.006,"main_cat IN ('Home Audio & Theater', 'Camera &amp; Photo', 'Sports & Outdoors')"
1776,0.859249,20,0.441007,0.918597,post_filter,False,0.8688,1.0,0.971039,0.441007,0.923841,25.1808,overall>=3.0
1777,0.319094,7,0.478297,0.931071,post_filter,False,0.9395,1.0,0.968685,0.478297,0.934832,24.893,"overall IN (1,2,4)"
1778,0.092237,0,0.424565,0.634457,post_filter,False,0.3938,0.7,0.046559,0.424565,0.575668,25.0018,main_cat='Home Audio &amp; Theater' AND overall>=3.0
1779,0.389743,11,0.6561,0.926994,post_filter,False,0.5804,0.4,0.000172,0.6561,0.834312,24.9355,overall<=4.0
1780,0.728433,19,0.483231,0.956295,post_filter,False,0.9711,1.0,0.967631,0.483231,0.957428,24.7876,"overall IN (2,3,5)"
1781,0.610257,18,0.497275,0.93532,post_filter,False,0.8748,1.0,0.970842,0.497275,0.938872,24.8492,overall>=5.0
1782,0.70348,19,0.483231,0.957428,post_filter,False,0.344,0.9,0.575678,0.483231,0.919253,25.1948,"overall IN (1,5)"
1783,0.319094,7,0.478297,0.934832,post_filter,False,0.7659,1.0,0.974469,0.478297,0.938796,25.0785,"overall IN (1,2,4)"
1784,0.680906,18,0.497275,0.938872,post_filter,False,0.7804,1.0,0.973987,0.497275,0.942384,25.1519,"overall IN (3,5)"
1785,0.658182,18,0.497275,0.942384,post_filter,False,0.5495,1.0,0.981682,0.497275,0.946314,25.1481,verified=true AND overall>=3.0
1786,0.952472,21,1.0,0.912781,post_filter,True,0.6387,1.0,0.978711,1.0,0.919374,24.9122,"overall IN (1,3,4,5)"
1787,0.952472,21,1.0,0.919374,post_filter,True,0.7517,1.0,0.974944,1.0,0.924931,24.991,"overall IN (1,3,4,5)"
1788,0.906777,21,1.0,0.924931,post_filter,True,0.8016,1.0,0.973279,1.0,0.929766,25.0433,overall>=2.0
1789,0.7886,19,0.483231,0.919253,post_filter,False,0.4176,1.0,0.986079,0.483231,0.925936,25.1713,overall>=4.0
1790,0.339351,8,0.615435,0.848266,post_filter,False,0.8525,1.0,0.971582,0.615435,0.860598,24.9603,"main_cat IN ('Home Audio & Theater', 'Camera &amp; Photo', 'Sports & Outdoors')"
1791,0.680906,18,0.497275,0.946314,post_filter,False,0.9402,1.0,0.96866,0.497275,0.948548,24.9885,"overall IN (3,5)"
1792,0.073033,0,0.424565,0.575668,post_filter,False,1.152,0.9,0.559995,0.424565,0.5741,25.3714,brand='Tiffen'
1793,0.859249,20,0.441007,0.923841,post_filter,False,0.9878,1.0,0.967075,0.441007,0.928164,25.2118,overall>=3.0
1794,0.300422,7,0.478297,0.938796,post_filter,False,0.7294,1.0,0.975686,0.478297,0.942485,25.116,"main_cat IN ('All Electronics', 'Books', 'Sports & Outdoors')"
1795,0.7886,19,0.483231,0.925936,post_filter,False,0.4152,1.0,0.98616,0.483231,0.931958,25.1112,overall>=4.0
1796,0.929351,21,1.0,0.929766,post_filter,True,0.4292,0.9,0.574026,1.0,0.894192,25.371,"overall IN (1,2,4,5)"
1797,0.859249,20,0.441007,0.928164,post_filter,False,0.8653,1.0,0.971156,0.441007,0.932464,24.8984,overall>=3.0
1798,0.680906,18,0.497275,0.948548,post_filter,False,0.9585,1.0,0.96805,0.497275,0.950499,25.0172,"overall IN (3,5)"
1799,0.728433,19,0.483231,0.931958,post_filter,False,0.845,1.0,0.971835,0.483231,0.935946,25.0721,"overall IN (2,3,5)"
1800,0.751008,19,0.483231,0.935946,post_filter,False,0.8979,1.0,0.970069,0.483231,0.939358,24.892,"overall IN (1,2,5)"
1801,0.952472,21,1.0,0.894192,post_filter,True,0.7863,1.0,0.97379,1.0,0.902152,24.8618,"overall IN (1,3,4,5)"
1802,0.092237,0,0.424565,0.5741,post_filter,False,0.5108,0.9,0.57244,0.424565,0.573934,25.1304,main_cat='Home Audio &amp; Theater' AND overall>=3.0
1803,0.12068,1,0.413569,0.53975,post_filter,False,0.4608,1.0,0.984642,0.413569,0.584239,25.1582,"main_cat IN ('Camera &amp; Photo', 'Cell Phones &amp; Accessories', 'Tools & Home Improvement')"
1804,0.836128,20,0.441007,0.932464,post_filter,False,0.8022,1.0,0.973261,0.441007,0.936543,24.8685,"overall IN (2,4,5)"
1805,0.210713,2,0.515536,0.718286,post_filter,False,1.064,1.0,0.964535,0.515536,0.742911,25.206,"main_cat IN ('Camera & Photo', 'Camera &amp; Photo')"
1806,0.774129,19,0.483231,0.939358,post_filter,False,0.5391,1.0,0.982029,0.483231,0.943625,24.9406,"overall IN (1,3,5)"
1807,0.774129,19,0.483231,0.943625,post_filter,False,0.8328,1.0,0.97224,0.483231,0.946487,25.0016,"overall IN (1,3,5)"
1808,0.300422,7,0.478297,0.942485,post_filter,False,0.9074,1.0,0.969753,0.478297,0.945212,25.0127,"main_cat IN ('All Electronics', 'Books', 'Sports & Outdoors')"
1809,0.160682,1,0.413569,0.584239,post_filter,False,0.7968,1.0,0.973439,0.413569,0.623159,25.0844,"main_cat IN ('Camera & Photo', 'Computers')"
1810,0.751008,19,0.483231,0.946487,post_filter,False,0.8618,1.0,0.971272,0.483231,0.948965,25.1008,"overall IN (1,2,5)"
1811,0.728433,19,0.483231,0.948965,post_filter,False,0.804,1.0,0.973201,0.483231,0.951389,25.071,"overall IN (2,3,5)"
1812,0.073033,0,0.424565,0.573934,post_filter,False,1.3096,0.6,0.009658,0.424565,0.517507,25.8224,brand='Tiffen'
1813,0.70348,19,0.483231,0.951389,post_filter,False,0.9262,1.0,0.969128,0.483231,0.953163,24.7766,"overall IN (1,5)"
1814,0.751008,19,0.483231,0.953163,post_filter,False,0.4169,1.0,0.986104,0.483231,0.956457,25.3165,"overall IN (1,2,5)"
1815,0.774129,19,0.483231,0.956457,post_filter,False,0.9026,1.0,0.969914,0.483231,0.957803,24.8302,"overall IN (1,3,5)"
1816,0.751008,19,0.483231,0.957803,post_filter,False,0.6036,1.0,0.979879,0.483231,0.96001,25.2116,"overall IN (1,2,5)"
1817,0.319094,7,0.478297,0.945212,post_filter,False,0.6938,1.0,0.976872,0.478297,0.948378,25.0145,"overall IN (1,2,4)"
1818,0.836128,20,0.441007,0.936543,post_filter,False,0.9387,0.9,0.564135,0.441007,0.899303,24.9084,"overall IN (2,4,5)"
1819,0.270385,5,0.484777,0.73137,post_filter,False,0.8767,1.0,0.970776,0.484777,0.755311,25.1561,"main_cat IN ('Home Audio & Theater', 'Books', 'Tools & Home Improvement')"
1820,0.859249,20,0.441007,0.899303,post_filter,False,0.6278,1.0,0.979074,0.441007,0.90728,25.2278,overall>=3.0
1821,0.339351,8,0.615435,0.860598,post_filter,False,0.7018,1.0,0.976607,0.615435,0.872199,25.1337,"main_cat IN ('Home Audio & Theater', 'Camera &amp; Photo', 'Sports & Outdoors')"
1822,0.12068,1,0.413569,0.623159,post_filter,False,0.8572,1.0,0.971426,0.413569,0.657986,24.793,"main_cat IN ('Camera &amp; Photo', 'Cell Phones &amp; Accessories', 'Tools & Home Improvement')"
1823,0.050727,0,0.424565,0.517507,post_filter,False,1.2659,0.5,0.001562,0.424565,0.465912,25.435,"main_cat IN ('Computers', 'Tools & Home Improvement')"
1824,0.12068,1,0.413569,0.657986,post_filter,False,1.0599,1.0,0.964669,0.413569,0.688654,24.9249,"main_cat IN ('Camera &amp; Photo', 'Cell Phones &amp; Accessories', 'Tools & Home Improvement')"
1825,0.230635,3,0.473354,0.796291,post_filter,False,0.8294,0.9,0.566257,0.473354,0.773287,25.1488,"main_cat IN ('Camera & Photo', 'Camera &amp; Photo', 'Cell Phones &amp; Accessories')"
1826,0.210713,2,0.515536,0.742911,post_filter,False,1.0281,1.0,0.965729,0.515536,0.765193,24.9835,"main_cat IN ('Camera & Photo', 'Camera &amp; Photo')"
1827,0.658182,18,0.497275,0.950499,post_filter,False,0.3971,1.0,0.986764,0.497275,0.954125,25.3092,verified=true AND overall>=3.0
1828,0.821657,20,0.441007,0.90728,post_filter,False,0.9996,1.0,0.966679,0.441007,0.91322,25.1896,"overall IN (1,2,3,5)"
1829,0.658182,18,0.497275,0.954125,post_filter,False,0.4183,1.0,0.986056,0.497275,0.957318,25.2298,verified=true AND overall>=3.0
1830,0.680906,18,0.497275,0.957318,post_filter,False,0.9885,1.0,0.967049,0.497275,0.958291,24.8664,"overall IN (3,5)"
1831,0.70348,19,0.483231,0.96001,post_filter,False,1.0266,1.0,0.965781,0.483231,0.960587,24.9035,"overall IN (1,5)"
1832,0.7886,19,0.483231,0.960587,post_filter,False,0.9565,1.0,0.968115,0.483231,0.96134,24.848,overall>=4.0
1833,0.70348,19,0.483231,0.96134,post_filter,False,1.055,1.0,0.964833,0.483231,0.961689,25.0342,"overall IN (1,5)"
1834,0.210713,2,0.515536,0.765193,post_filter,False,0.8017,1.0,0.973276,0.515536,0.786001,25.1618,"main_cat IN ('Camera & Photo', 'Camera &amp; Photo')"
1835,0.389743,11,0.6561,0.834312,post_filter,False,0.5601,1.0,0.981329,0.6561,0.849014,25.5,overall<=4.0
1836,0.300422,7,0.478297,0.948378,post_filter,False,0.9185,1.0,0.969383,0.478297,0.950478,25.0511,"main_cat IN ('All Electronics', 'Books', 'Sports & Outdoors')"
1837,0.319094,7,0.478297,0.950478,post_filter,False,0.1487,0.1,0.0,0.478297,0.855431,25.1752,"overall IN (1,2,4)"
1838,0.389743,11,0.6561,0.849014,post_filter,False,0.8864,1.0,0.970453,0.6561,0.861158,25.1098,overall<=4.0
1839,0.836128,20,0.441007,0.91322,post_filter,False,0.9579,1.0,0.968069,0.441007,0.918705,25.1659,"overall IN (2,4,5)"
1840,0.774129,19,0.483231,0.961689,post_filter,False,0.576,1.0,0.9808,0.483231,0.9636,25.0623,"overall IN (1,3,5)"
1841,0.70348,19,0.483231,0.9636,post_filter,False,0.5729,1.0,0.980904,0.483231,0.965331,25.0788,"overall IN (1,5)"
1842,0.7886,19,0.483231,0.965331,post_filter,False,0.7399,0.9,0.567994,0.483231,0.925597,25.0569,overall>=4.0
1843,0.658182,18,0.497275,0.958291,post_filter,False,1.0625,1.0,0.964583,0.497275,0.95892,25.1726,verified=true AND overall>=3.0
1844,0.140751,1,0.413569,0.688654,post_filter,False,1.1911,0.0,0.0,0.413569,0.619789,28.5496,overall<=2.0
1845,0.300422,7,0.478297,0.855431,post_filter,False,0.7425,1.0,0.97525,0.478297,0.867412,25.0409,"main_cat IN ('All Electronics', 'Books', 'Sports & Outdoors')"
1846,0.050727,0,0.424565,0.465912,post_filter,False,0.5585,1.0,0.981383,0.424565,0.517459,25.2956,"main_cat IN ('Computers', 'Tools & Home Improvement')"
1847,0.610257,18,0.497275,0.95892,post_filter,False,0.735,0.9,0.56809,0.497275,0.919837,25.5207,overall>=5.0
1848,0.12068,1,0.413569,0.619789,post_filter,False,0.4772,1.0,0.984092,0.413569,0.656219,25.2844,"main_cat IN ('Camera &amp; Photo', 'Cell Phones &amp; Accessories', 'Tools & Home Improvement')"
1849,0.248992,4,0.697144,0.930017,post_filter,False,0.7895,1.0,0.973682,0.697144,0.934384,25.0597,"overall IN (3,4)"
1850,0.339351,8,0.615435,0.872199,post_filter,False,0.9809,1.0,0.967304,0.615435,0.881709,25.0738,"main_cat IN ('Home Audio & Theater', 'Camera &amp; Photo', 'Sports & Outdoors')"
1851,0.952472,21,1.0,0.902152,post_filter,True,0.7512,0.9,0.567774,1.0,0.868714,36.0244,"overall IN (1,3,4,5)"
1852,0.092237,0,0.424565,0.517459,post_filter,False,0.8787,1.0,0.970711,0.424565,0.562785,25.1455,main_cat='Home Audio &amp; Theater' AND overall>=3.0
1853,0.12068,1,0.413569,0.656219,post_filter,False,0.5886,0.8,0.175816,0.413569,0.608179,25.1295,"main_cat IN ('Camera &amp; Photo', 'Cell Phones &amp; Accessories', 'Tools & Home Improvement')"
1854,0.881823,20,0.441007,0.918705,post_filter,False,0.9043,1.0,0.969856,0.441007,0.92382,25.0375,"overall IN (1,4,5)"
1855,0.821657,20,0.441007,0.92382,post_filter,False,0.7596,1.0,0.974681,0.441007,0.928906,25.712,"overall IN (1,2,3,5)"
1856,0.140751,1,0.413569,0.608179,post_filter,False,1.3625,0.8,0.17119,0.413569,0.56448,26.1225,overall<=2.0
1857,0.300422,7,0.478297,0.867412,post_filter,False,1.0128,1.0,0.966242,0.478297,0.877295,25.2605,"main_cat IN ('All Electronics', 'Books', 'Sports & Outdoors')"
1858,0.248992,4,0.697144,0.934384,post_filter,False,0.9313,1.0,0.968957,0.697144,0.937841,24.8712,"overall IN (3,4)"
1859,0.270385,5,0.484777,0.755311,post_filter,False,0.8703,1.0,0.97099,0.484777,0.776879,25.0516,"main_cat IN ('Home Audio & Theater', 'Books', 'Tools & Home Improvement')"
1860,0.389743,11,0.6561,0.861158,post_filter,False,0.4829,0.9,0.572983,0.6561,0.83234,25.115,overall<=4.0
1861,0.859249,20,0.441007,0.928906,post_filter,False,0.8537,1.0,0.971544,0.441007,0.93317,25.2088,overall>=3.0
1862,0.180604,1,0.413569,0.56448,post_filter,False,0.924,1.0,0.969199,0.413569,0.604952,25.0223,"main_cat IN ('Camera & Photo', 'Computers', 'Cell Phones &amp; Accessories')"
1863,0.658182,18,0.497275,0.919837,post_filter,False,0.4031,1.0,0.986562,0.497275,0.92651,25.1674,verified=true AND overall>=3.0
1864,0.610257,18,0.497275,0.92651,post_filter,False,0.5553,1.0,0.981492,0.497275,0.932008,25.394,overall>=5.0
1865,0.300422,7,0.478297,0.877295,post_filter,False,0.8776,1.0,0.970746,0.478297,0.88664,24.894,"main_cat IN ('All Electronics', 'Books', 'Sports & Outdoors')"
1866,0.610257,18,0.497275,0.932008,post_filter,False,0.4885,1.0,0.983717,0.497275,0.937179,25.0843,overall>=5.0
1867,0.12068,1,0.413569,0.604952,post_filter,False,0.9538,0.7,0.045679,0.413569,0.549024,24.8733,"main_cat IN ('Camera &amp; Photo', 'Cell Phones &amp; Accessories', 'Tools & Home Improvement')"
1868,0.389743,11,0.6561,0.83234,post_filter,False,0.9241,1.0,0.969196,0.6561,0.846026,25.1922,overall<=4.0
1869,0.821657,20,0.441007,0.93317,post_filter,False,0.1237,0.0,0.0,0.441007,0.839853,24.8443,"overall IN (1,2,3,5)"
1870,0.7886,19,0.483231,0.925597,post_filter,False,0.7555,1.0,0.974817,0.483231,0.930519,25.2865,overall>=4.0
1871,0.389743,11,0.6561,0.846026,post_filter,False,0.9513,0.9,0.563891,0.6561,0.817812,25.1847,overall<=4.0
1872,0.270385,5,0.484777,0.776879,post_filter,False,0.9799,1.0,0.967336,0.484777,0.795924,25.1993,"main_cat IN ('Home Audio & Theater', 'Books', 'Tools & Home Improvement')"
1873,0.092237,0,0.424565,0.562785,post_filter,False,1.0049,1.0,0.966503,0.424565,0.603156,25.1807,main_cat='Home Audio &amp; Theater' AND overall>=3.0
1874,0.248992,4,0.697144,0.937841,post_filter,False,0.4291,1.0,0.985696,0.697144,0.942627,25.1188,"overall IN (3,4)"
1875,0.073033,0,0.424565,0.603156,post_filter,False,0.7818,0.9,0.567181,0.424565,0.599559,25.1571,brand='Tiffen'
1876,0.859249,20,0.441007,0.839853,post_filter,False,0.4683,1.0,0.984389,0.441007,0.854306,24.9052,overall>=3.0
1877,0.7886,19,0.483231,0.930519,post_filter,False,0.9192,1.0,0.969358,0.483231,0.934403,24.9988,overall>=4.0
1878,0.12068,1,0.413569,0.549024,post_filter,False,1.1758,0.8,0.172306,0.413569,0.511353,24.8412,"main_cat IN ('Camera &amp; Photo', 'Cell Phones &amp; Accessories', 'Tools & Home Improvement')"
1879,0.050727,0,0.424565,0.599559,post_filter,False,0.4638,0.8,0.176562,0.424565,0.557259,25.3174,"main_cat IN ('Computers', 'Tools & Home Improvement')"
1880,0.906777,21,1.0,0.868714,post_filter,True,0.7485,0.9,0.567828,1.0,0.838625,25.1428,overall>=2.0
1881,0.270385,5,0.484777,0.795924,post_filter,False,0.6385,1.0,0.978718,0.484777,0.814204,25.2903,"main_cat IN ('Home Audio & Theater', 'Books', 'Tools & Home Improvement')"
1882,0.751008,19,0.483231,0.934403,post_filter,False,0.6816,1.0,0.977281,0.483231,0.938691,24.989,"overall IN (1,2,5)"
1883,0.12068,1,0.413569,0.511353,post_filter,False,1.0854,0.9,0.561287,0.413569,0.516346,24.8741,"main_cat IN ('Camera &amp; Photo', 'Cell Phones &amp; Accessories', 'Tools & Home Improvement')"
1884,0.774129,19,0.483231,0.938691,post_filter,False,0.8115,1.0,0.972949,0.483231,0.942117,24.9337,"overall IN (1,3,5)"
1885,0.859249,20,0.441007,0.854306,post_filter,False,0.8624,1.0,0.971254,0.441007,0.866001,24.662,overall>=3.0
1886,0.160682,1,0.413569,0.516346,post_filter,False,0.8438,1.0,0.971872,0.413569,0.561899,24.9584,"main_cat IN ('Camera & Photo', 'Computers')"
1887,0.952472,21,1.0,0.838625,post_filter,True,0.8719,1.0,0.970936,1.0,0.851856,24.8975,"overall IN (1,3,4,5)"
1888,0.821657,20,0.441007,0.866001,post_filter,False,0.5891,1.0,0.980363,0.441007,0.877437,25.0373,"overall IN (1,2,3,5)"
1889,0.210713,2,0.515536,0.786001,post_filter,False,0.494,0.9,0.572767,0.515536,0.764678,24.9066,"main_cat IN ('Camera & Photo', 'Camera &amp; Photo')"
1890,0.658182,18,0.497275,0.937179,post_filter,False,0.8317,1.0,0.972275,0.497275,0.940688,24.8447,verified=true AND overall>=3.0
1891,0.160682,1,0.413569,0.561899,post_filter,False,1.0275,0.7,0.045563,0.413569,0.510265,25.2548,"main_cat IN ('Camera & Photo', 'Computers')"
1892,0.680906,18,0.497275,0.940688,post_filter,False,0.8294,0.6,0.00982,0.497275,0.847602,24.9853,"overall IN (3,5)"
1893,0.160682,1,0.413569,0.510265,post_filter,False,0.7898,1.0,0.973674,0.413569,0.556606,24.8711,"main_cat IN ('Camera & Photo', 'Computers')"
1894,0.270385,5,0.484777,0.814204,post_filter,False,0.81,1.0,0.972999,0.484777,0.830083,24.8589,"main_cat IN ('Home Audio & Theater', 'Books', 'Tools & Home Improvement')"
1895,0.680906,18,0.497275,0.847602,post_filter,False,0.7423,1.0,0.975257,0.497275,0.860367,25.1522,"overall IN (3,5)"
1896,0.339351,8,0.615435,0.881709,post_filter,False,0.787,1.0,0.973768,0.615435,0.890915,25.0735,"main_cat IN ('Home Audio & Theater', 'Camera &amp; Photo', 'Sports & Outdoors')"
1897,0.389743,11,0.6561,0.817812,post_filter,False,0.7848,1.0,0.973839,0.6561,0.833415,25.3229,overall<=4.0
1898,0.210713,2,0.515536,0.764678,post_filter,False,0.9694,0.9,0.563538,0.515536,0.744564,25.1567,"main_cat IN ('Camera & Photo', 'Camera &amp; Photo')"
1899,0.859249,20,0.441007,0.877437,post_filter,False,0.6876,1.0,0.977081,0.441007,0.887402,25.1251,overall>=3.0
1900,0.319094,7,0.478297,0.88664,post_filter,False,1.0329,1.0,0.965569,0.478297,0.894533,25.0462,"overall IN (1,2,4)"
1901,0.751008,19,0.483231,0.942117,post_filter,False,0.5929,1.0,0.980236,0.483231,0.945929,25.3885,"overall IN (1,2,5)"
1902,0.160682,1,0.413569,0.556606,post_filter,False,0.7233,1.0,0.975889,0.413569,0.598534,24.9383,"main_cat IN ('Camera & Photo', 'Computers')"
1903,0.160682,1,0.413569,0.598534,post_filter,False,0.8309,1.0,0.972303,0.413569,0.635911,25.1423,"main_cat IN ('Camera & Photo', 'Computers')"
1904,0.751008,19,0.483231,0.945929,post_filter,False,0.9535,1.0,0.968215,0.483231,0.948157,25.0612,"overall IN (1,2,5)"
1905,0.774129,19,0.483231,0.948157,post_filter,False,0.78,1.0,0.974001,0.483231,0.950742,25.163,"overall IN (1,3,5)"
1906,0.339351,8,0.615435,0.890915,post_filter,False,0.8025,1.0,0.973251,0.615435,0.899149,25.0901,"main_cat IN ('Home Audio & Theater', 'Camera &amp; Photo', 'Sports & Outdoors')"
1907,0.319094,7,0.478297,0.894533,post_filter,False,0.695,1.0,0.976832,0.478297,0.902763,24.8608,"overall IN (1,2,4)"
1908,0.050727,0,0.424565,0.557259,post_filter,False,1.2659,0.8,0.171767,0.424565,0.51871,25.2494,"main_cat IN ('Computers', 'Tools & Home Improvement')"
1909,0.821657,20,0.441007,0.887402,post_filter,False,0.965,1.0,0.967835,0.441007,0.895445,24.9573,"overall IN (1,2,3,5)"
1910,0.728433,19,0.483231,0.950742,post_filter,False,0.8719,1.0,0.970938,0.483231,0.952761,25.1193,"overall IN (2,3,5)"
1911,0.929351,21,1.0,0.851856,post_filter,True,0.5211,1.0,0.982629,1.0,0.864934,25.152,"overall IN (1,2,4,5)"
1912,0.180604,1,0.413569,0.635911,post_filter,False,0.931,0.9,0.564284,0.413569,0.628748,25.1354,"main_cat IN ('Camera & Photo', 'Computers', 'Cell Phones &amp; Accessories')"
1913,0.389743,11,0.6561,0.833415,post_filter,False,0.7633,1.0,0.974557,0.6561,0.847529,25.1939,overall<=4.0
1914,0.70348,19,0.483231,0.952761,post_filter,False,0.611,1.0,0.979635,0.483231,0.955449,24.916,"overall IN (1,5)"
1915,0.339351,8,0.615435,0.899149,post_filter,False,0.7336,1.0,0.975547,0.615435,0.906789,25.0724,"main_cat IN ('Home Audio & Theater', 'Camera &amp; Photo', 'Sports & Outdoors')"
1916,0.319094,7,0.478297,0.902763,post_filter,False,1.0452,1.0,0.965158,0.478297,0.909003,24.7205,"overall IN (1,2,4)"
1917,0.050727,0,0.424565,0.51871,post_filter,False,0.3777,0.8,0.177077,0.424565,0.484547,25.0745,"main_cat IN ('Computers', 'Tools & Home Improvement')"
1918,0.7886,19,0.483231,0.955449,post_filter,False,0.8311,1.0,0.972297,0.483231,0.957133,24.9475,overall>=4.0
1919,0.180604,1,0.413569,0.628748,post_filter,False,0.9023,1.0,0.969925,0.413569,0.662866,25.1887,"main_cat IN ('Camera & Photo', 'Computers', 'Cell Phones &amp; Accessories')"
1920,0.180604,1,0.413569,0.662866,post_filter,False,0.7865,1.0,0.973785,0.413569,0.693958,25.204,"main_cat IN ('Camera & Photo', 'Computers', 'Cell Phones &amp; Accessories')"
1921,0.230635,3,0.473354,0.773287,post_filter,False,0.7334,1.0,0.975553,0.473354,0.793514,24.9888,"main_cat IN ('Camera & Photo', 'Camera &amp; Photo', 'Cell Phones &amp; Accessories')"
1922,0.836128,20,0.441007,0.895445,post_filter,False,0.5681,1.0,0.981064,0.441007,0.904007,25.2703,"overall IN (2,4,5)"
1923,0.7886,19,0.483231,0.957133,post_filter,False,0.6866,1.0,0.977114,0.483231,0.959131,24.8661,overall>=4.0
1924,0.859249,20,0.441007,0.904007,post_filter,False,0.7268,1.0,0.975772,0.441007,0.911183,25.0609,overall>=3.0
1925,0.859249,20,0.441007,0.911183,post_filter,False,0.8236,1.0,0.972546,0.441007,0.91732,24.9728,overall>=3.0
1926,0.092237,0,0.424565,0.484547,post_filter,False,0.8458,1.0,0.971807,0.424565,0.533273,25.3808,main_cat='Home Audio &amp; Theater' AND overall>=3.0
1927,0.70348,19,0.483231,0.959131,post_filter,False,0.8768,1.0,0.970772,0.483231,0.960296,25.1711,"overall IN (1,5)"
1928,0.12068,1,0.413569,0.693958,post_filter,False,0.6143,1.0,0.979525,0.413569,0.722515,25.3184,"main_cat IN ('Camera &amp; Photo', 'Cell Phones &amp; Accessories', 'Tools & Home Improvement')"
1929,0.859249,20,0.441007,0.91732,post_filter,False,0.8917,1.0,0.970278,0.441007,0.922615,25.1891,overall>=3.0
1930,0.906777,21,1.0,0.864934,post_filter,True,1.0068,1.0,0.966439,1.0,0.875084,24.9268,overall>=2.0
1931,0.680906,18,0.497275,0.860367,post_filter,False,0.8757,1.0,0.97081,0.497275,0.871411,24.9795,"overall IN (3,5)"
1932,0.160682,1,0.413569,0.722515,post_filter,False,0.8731,1.0,0.970897,0.413569,0.747353,25.0446,"main_cat IN ('Camera & Photo', 'Computers')"
1933,0.300422,7,0.478297,0.909003,post_filter,False,0.8051,1.0,0.973162,0.478297,0.915419,25.1565,"main_cat IN ('All Electronics', 'Books', 'Sports & Outdoors')"
1934,0.270385,5,0.484777,0.830083,post_filter,False,0.9051,1.0,0.969831,0.484777,0.844058,24.9967,"main_cat IN ('Home Audio & Theater', 'Books', 'Tools & Home Improvement')"
1935,0.180604,1,0.413569,0.747353,post_filter,False,0.8176,1.0,0.972747,0.413569,0.769892,25.4191,"main_cat IN ('Camera & Photo', 'Computers', 'Cell Phones &amp; Accessories')"
1936,0.389743,11,0.6561,0.847529,post_filter,False,0.804,1.0,0.973201,0.6561,0.860096,25.0445,overall<=4.0
1937,0.12068,1,0.413569,0.769892,post_filter,False,0.5886,1.0,0.980381,0.413569,0.790941,25.1043,"main_cat IN ('Camera &amp; Photo', 'Cell Phones &amp; Accessories', 'Tools & Home Improvement')"
1938,0.230635,3,0.473354,0.793514,post_filter,False,0.893,1.0,0.970233,0.473354,0.811186,24.9871,"main_cat IN ('Camera & Photo', 'Camera &amp; Photo', 'Cell Phones &amp; Accessories')"
1939,0.774129,19,0.483231,0.960296,post_filter,False,0.8493,1.0,0.97169,0.483231,0.961435,24.973,"overall IN (1,3,5)"
1940,0.906777,21,1.0,0.875084,post_filter,True,0.7165,1.0,0.976115,1.0,0.885187,25.3081,overall>=2.0
1941,0.610257,18,0.497275,0.871411,post_filter,False,0.9494,1.0,0.968353,0.497275,0.881106,24.863,overall>=5.0
1942,0.658182,18,0.497275,0.881106,post_filter,False,0.8816,1.0,0.970613,0.497275,0.890056,24.9384,verified=true AND overall>=3.0
1943,0.751008,19,0.483231,0.961435,post_filter,False,0.7966,1.0,0.973446,0.483231,0.962636,25.1298,"overall IN (1,2,5)"
1944,0.270385,5,0.484777,0.844058,post_filter,False,0.9228,1.0,0.96924,0.484777,0.856576,25.0838,"main_cat IN ('Home Audio & Theater', 'Books', 'Tools & Home Improvement')"
1945,0.728433,19,0.483231,0.962636,post_filter,False,0.6746,1.0,0.977514,0.483231,0.964124,25.0705,"overall IN (2,3,5)"
1946,0.319094,7,0.478297,0.915419,post_filter,False,0.5398,1.0,0.982006,0.478297,0.922077,25.2033,"overall IN (1,2,4)"
1947,0.728433,19,0.483231,0.964124,post_filter,False,0.9557,1.0,0.968142,0.483231,0.964526,25.0054,"overall IN (2,3,5)"
1948,0.319094,7,0.478297,0.922077,post_filter,False,0.8973,1.0,0.970089,0.478297,0.926879,25.0228,"overall IN (1,2,4)"
1949,0.70348,19,0.483231,0.964526,post_filter,False,0.7912,1.0,0.973625,0.483231,0.965436,25.421,"overall IN (1,5)"
1950,0.12068,1,0.413569,0.790941,post_filter,False,0.4179,1.0,0.986071,0.413569,0.810454,25.7611,"main_cat IN ('Camera &amp; Photo', 'Cell Phones &amp; Accessories', 'Tools & Home Improvement')"
1951,0.300422,7,0.478297,0.926879,post_filter,False,0.9404,1.0,0.968654,0.478297,0.931056,25.9899,"main_cat IN ('All Electronics', 'Books', 'Sports & Outdoors')"
1952,0.300422,7,0.478297,0.931056,post_filter,False,0.5999,1.0,0.980003,0.478297,0.935951,25.6324,"main_cat IN ('All Electronics', 'Books', 'Sports & Outdoors')"
1953,0.906777,21,1.0,0.885187,post_filter,True,0.3723,0.9,0.575131,1.0,0.854182,25.1695,overall>=2.0
1954,0.389743,11,0.6561,0.860096,post_filter,False,0.9116,1.0,0.969613,0.6561,0.871048,24.9456,overall<=4.0
1955,0.728433,19,0.483231,0.965436,post_filter,False,0.8534,1.0,0.971553,0.483231,0.966047,24.8656,"overall IN (2,3,5)"
1956,0.160682,1,0.413569,0.810454,post_filter,False,1.3991,0.6,0.009628,0.413569,0.730372,25.2905,"main_cat IN ('Camera & Photo', 'Computers')"
1957,0.881823,20,0.441007,0.922615,post_filter,False,0.2875,0.7,0.046726,0.441007,0.835026,24.8378,"overall IN (1,4,5)"
1958,0.774129,19,0.483231,0.966047,post_filter,False,0.8233,1.0,0.972557,0.483231,0.966698,25.1276,"overall IN (1,3,5)"
1959,0.7886,19,0.483231,0.966698,post_filter,False,0.8481,1.0,0.971729,0.483231,0.967201,24.8806,overall>=4.0
1960,0.859249,20,0.441007,0.835026,post_filter,False,0.7521,1.0,0.974929,0.441007,0.849017,25.2201,overall>=3.0
1961,0.248992,4,0.697144,0.942627,post_filter,False,0.894,1.0,0.970199,0.697144,0.945384,33.7771,"overall IN (3,4)"
1962,0.952472,21,1.0,0.854182,post_filter,True,0.7715,1.0,0.974283,1.0,0.866192,25.0476,"overall IN (1,3,4,5)"
1963,0.728433,19,0.483231,0.967201,post_filter,False,0.7198,1.0,0.976008,0.483231,0.968082,24.9817,"overall IN (2,3,5)"
1964,0.70348,19,0.483231,0.968082,post_filter,False,0.2745,0.0,0.0,0.483231,0.871274,25.0015,"overall IN (1,5)"
1965,0.092237,0,0.424565,0.533273,pre_filter,False,14.7543,1.0,0.508192,0.432928,0.533273,24.959,main_cat='Home Audio &amp; Theater' AND overall>=3.0
1966,0.774129,19,0.483231,0.871274,post_filter,False,0.8228,1.0,0.972572,0.483231,0.881404,24.931,"overall IN (1,3,5)"
1967,0.140751,1,0.413569,0.730372,post_filter,False,0.8558,1.0,0.971474,0.413569,0.754482,24.8008,overall<=2.0
1968,0.270385,5,0.484777,0.856576,post_filter,False,0.7577,1.0,0.974743,0.484777,0.868393,24.9446,"main_cat IN ('Home Audio & Theater', 'Books', 'Tools & Home Improvement')"
1969,0.12068,1,0.413569,0.754482,post_filter,False,1.0158,1.0,0.966139,0.413569,0.775647,24.9641,"main_cat IN ('Camera &amp; Photo', 'Cell Phones &amp; Accessories', 'Tools & Home Improvement')"
1970,0.210713,2,0.515536,0.744564,post_filter,False,1.1253,0.7,0.045409,0.515536,0.674648,25.3248,"main_cat IN ('Camera & Photo', 'Camera &amp; Photo')"
1971,0.248992,4,0.697144,0.945384,post_filter,False,0.8197,1.0,0.972676,0.697144,0.948113,25.0733,"overall IN (3,4)"
1972,0.12068,1,0.413569,0.775647,post_filter,False,1.0368,0.9,0.562231,0.413569,0.754306,25.0217,"main_cat IN ('Camera &amp; Photo', 'Cell Phones &amp; Accessories', 'Tools & Home Improvement')"
1973,0.160682,1,0.413569,0.754306,post_filter,False,0.9439,0.8,0.173692,0.413569,0.696244,24.945,"main_cat IN ('Camera & Photo', 'Computers')"
1974,0.300422,7,0.478297,0.935951,post_filter,False,0.9398,1.0,0.968675,0.478297,0.939223,25.0484,"main_cat IN ('All Electronics', 'Books', 'Sports & Outdoors')"
1975,0.7886,19,0.483231,0.881404,post_filter,False,1.0135,1.0,0.966218,0.483231,0.889885,25.0581,overall>=4.0
1976,0.140751,1,0.413569,0.696244,post_filter,False,1.0738,0.7,0.04549,0.413569,0.631169,25.2721,overall<=2.0
1977,0.658182,18,0.497275,0.890056,post_filter,False,0.8572,1.0,0.971426,0.497275,0.898193,25.2133,verified=true AND overall>=3.0
1978,0.319094,7,0.478297,0.939223,post_filter,False,0.9096,1.0,0.969679,0.478297,0.942269,25.0155,"overall IN (1,2,4)"
1979,0.339351,8,0.615435,0.906789,post_filter,False,0.8084,1.0,0.973054,0.615435,0.913415,25.003,"main_cat IN ('Home Audio & Theater', 'Camera &amp; Photo', 'Sports & Outdoors')"
1980,0.728433,19,0.483231,0.889885,post_filter,False,0.9135,1.0,0.969549,0.483231,0.897851,24.9039,"overall IN (2,3,5)"
1981,0.140751,1,0.413569,0.631169,post_filter,False,1.2732,0.1,0.0,0.413569,0.568052,26.6664,overall<=2.0
1982,0.70348,19,0.483231,0.897851,post_filter,False,0.7896,1.0,0.973681,0.483231,0.905434,25.4385,"overall IN (1,5)"
1983,0.319094,7,0.478297,0.942269,post_filter,False,0.9204,1.0,0.969319,0.478297,0.944974,24.7086,"overall IN (1,2,4)"
1984,0.339351,8,0.615435,0.913415,post_filter,False,0.7622,1.0,0.974593,0.615435,0.919533,24.9395,"main_cat IN ('Home Audio & Theater', 'Camera &amp; Photo', 'Sports & Outdoors')"
1985,0.160682,1,0.413569,0.568052,post_filter,False,0.937,1.0,0.968768,0.413569,0.608124,24.9716,"main_cat IN ('Camera & Photo', 'Computers')"
1986,0.610257,18,0.497275,0.898193,post_filter,False,0.8066,1.0,0.973112,0.497275,0.905685,24.9257,overall>=5.0
1987,0.751008,19,0.483231,0.905434,post_filter,False,0.6151,1.0,0.979497,0.483231,0.912841,25.125,"overall IN (1,2,5)"
1988,0.680906,18,0.497275,0.905685,post_filter,False,0.9835,1.0,0.967217,0.497275,0.911838,25.2309,"overall IN (3,5)"
1989,0.7886,19,0.483231,0.912841,post_filter,False,0.7645,1.0,0.974518,0.483231,0.919008,25.6975,overall>=4.0
1990,0.952472,21,1.0,0.866192,post_filter,True,0.8915,1.0,0.970282,1.0,0.876601,25.0911,"overall IN (1,3,4,5)"
1991,0.751008,19,0.483231,0.919008,post_filter,False,0.837,1.0,0.972101,0.483231,0.924318,25.3032,"overall IN (1,2,5)"
1992,0.952472,21,1.0,0.876601,post_filter,True,0.3773,1.0,0.987424,1.0,0.887683,25.212,"overall IN (1,3,4,5)"
1993,0.160682,1,0.413569,0.608124,post_filter,False,0.4496,1.0,0.985012,0.413569,0.645813,25.0761,"main_cat IN ('Camera & Photo', 'Computers')"
1994,0.680906,18,0.497275,0.911838,post_filter,False,0.6672,1.0,0.977761,0.497275,0.918431,25.0401,"overall IN (3,5)"
1995,0.160682,1,0.413569,0.645813,post_filter,False,0.9107,0.9,0.564679,0.413569,0.637699,24.9731,"main_cat IN ('Camera & Photo', 'Computers')"
1996,0.610257,18,0.497275,0.918431,post_filter,False,1.021,1.0,0.965967,0.497275,0.923184,24.8285,overall>=5.0
1997,0.248992,4,0.697144,0.948113,post_filter,False,0.7077,1.0,0.976411,0.697144,0.950943,25.1954,"overall IN (3,4)"
1998,0.140751,1,0.413569,0.637699,post_filter,False,0.7617,1.0,0.97461,0.413569,0.67139,25.0261,overall<=2.0
1999,0.160682,1,0.413569,0.67139,post_filter,False,0.9185,1.0,0.969385,0.413569,0.70119,25.2313,"main_cat IN ('Camera & Photo', 'Computers')"
2000,0.270385,5,0.484777,0.868393,post_filter,False,1.1229,0.9,0.56056,0.484777,0.837609,24.9939,"main_cat IN ('Home Audio & Theater', 'Books', 'Tools & Home Improvement')"
